donor	stratum	population	family	fold	cohort	cram
HG00096	EUR	GBR	HG00096	0	Gourraud2014	https://s3.amazonaws.com/1000genomes/1000G_2504_high_coverage/data/ERR3240114/HG00096.final.cram
HG00100	EUR	GBR	HG00100	0	Gourraud2014	https://s3.amazonaws.com/1000genomes/1000G_2504_high_coverage/data/ERR3240117/HG00100.final.cram
HG00101	EUR	GBR	HG00101	0	Gourraud2014	https://s3.amazonaws.com/1000genomes/1000G_2504_high_coverage/data/ERR3240118/HG00101.final.cram
HG00102	EUR	GBR	HG00102	0	Gourraud2014	https://s3.amazonaws.com/1000genomes/1000G_2504_high_coverage/data/ERR3240119/HG00102.final.cram
HG00103	EUR	GBR	HG00103	0	Gourraud2014	https://s3.amazonaws.com/1000genomes/1000G_2504_high_coverage/data/ERR3240120/HG00103.final.cram
HG00105	EUR	GBR	HG00105	0	Gourraud2014	https://s3.amazonaws.com/1000genomes/1000G_2504_high_coverage/data/ERR3240121/HG00105.final.cram
HG00106	EUR	GBR	HG00106	0	Gourraud2014	https://s3.amazonaws.com/1000genomes/1000G_2504_high_coverage/data/ERR3240122/HG00106.final.cram
HG00107	EUR	GBR	HG00107	0	Gourraud2014	https://s3.amazonaws.com/1000genomes/1000G_2504_high_coverage/data/ERR3240123/HG00107.final.cram
HG00108	EUR	GBR	HG00108	0	Gourraud2014	https://s3.amazonaws.com/1000genomes/1000G_2504_high_coverage/data/ERR3240124/HG00108.final.cram
HG00109	EUR	GBR	HG00109	0	Gourraud2014	https://s3.amazonaws.com/1000genomes/1000G_2504_high_coverage/data/ERR3240125/HG00109.final.cram
HG00110	EUR	GBR	HG00110	0	Gourraud2014	https://s3.amazonaws.com/1000genomes/1000G_2504_high_coverage/data/ERR3240126/HG00110.final.cram
HG00111	EUR	GBR	HG00111	0	Gourraud2014	https://s3.amazonaws.com/1000genomes/1000G_2504_high_coverage/data/ERR3240127/HG00111.final.cram
HG00112	EUR	GBR	HG00112	0	Gourraud2014	https://s3.amazonaws.com/1000genomes/1000G_2504_high_coverage/data/ERR3240128/HG00112.final.cram
HG00113	EUR	GBR	HG00113	0	Gourraud2014	https://s3.amazonaws.com/1000genomes/1000G_2504_high_coverage/data/ERR3240129/HG00113.final.cram
HG00114	EUR	GBR	HG00114	0	Gourraud2014	https://s3.amazonaws.com/1000genomes/1000G_2504_high_coverage/data/ERR3240130/HG00114.final.cram
HG00115	EUR	GBR	HG00115	0	Gourraud2014	https://s3.amazonaws.com/1000genomes/1000G_2504_high_coverage/data/ERR3240131/HG00115.final.cram
HG00116	EUR	GBR	HG00116	0	Gourraud2014	https://s3.amazonaws.com/1000genomes/1000G_2504_high_coverage/data/ERR3240132/HG00116.final.cram
HG00117	EUR	GBR	HG00117	0	Gourraud2014	https://s3.amazonaws.com/1000genomes/1000G_2504_high_coverage/data/ERR3240133/HG00117.final.cram
HG00118	EUR	GBR	HG00118	0	Gourraud2014	https://s3.amazonaws.com/1000genomes/1000G_2504_high_coverage/data/ERR3240193/HG00118.final.cram
HG00119	EUR	GBR	HG00119	0	Gourraud2014	https://s3.amazonaws.com/1000genomes/1000G_2504_high_coverage/data/ERR3240194/HG00119.final.cram
HG00120	EUR	GBR	HG00120	0	Gourraud2014	https://s3.amazonaws.com/1000genomes/1000G_2504_high_coverage/data/ERR3240134/HG00120.final.cram
HG00121	EUR	GBR	HG00121	0	Gourraud2014	https://s3.amazonaws.com/1000genomes/1000G_2504_high_coverage/data/ERR3240195/HG00121.final.cram
HG00122	EUR	GBR	HG00122	0	Gourraud2014	https://s3.amazonaws.com/1000genomes/1000G_2504_high_coverage/data/ERR3240196/HG00122.final.cram
HG00123	EUR	GBR	HG00123	0	Gourraud2014	https://s3.amazonaws.com/1000genomes/1000G_2504_high_coverage/data/ERR3240197/HG00123.final.cram
HG00125	EUR	GBR	HG00125	0	Gourraud2014	https://s3.amazonaws.com/1000genomes/1000G_2504_high_coverage/data/ERR3240198/HG00125.final.cram
HG00127	EUR	GBR	HG00127	0	Gourraud2014	https://s3.amazonaws.com/1000genomes/1000G_2504_high_coverage/data/ERR3240135/HG00127.final.cram
HG00129	EUR	GBR	HG00129	0	Gourraud2014	https://s3.amazonaws.com/1000genomes/1000G_2504_high_coverage/data/ERR3240137/HG00129.final.cram
HG00130	EUR	GBR	HG00130	0	Gourraud2014	https://s3.amazonaws.com/1000genomes/1000G_2504_high_coverage/data/ERR3240138/HG00130.final.cram
HG00131	EUR	GBR	HG00131	0	Gourraud2014	https://s3.amazonaws.com/1000genomes/1000G_2504_high_coverage/data/ERR3240139/HG00131.final.cram
HG00132	EUR	GBR	HG00132	0	Gourraud2014	https://s3.amazonaws.com/1000genomes/1000G_2504_high_coverage/data/ERR3240140/HG00132.final.cram
HG00136	EUR	GBR	HG00136	0	Gourraud2014	https://s3.amazonaws.com/1000genomes/1000G_2504_high_coverage/data/ERR3240142/HG00136.final.cram
HG00137	EUR	GBR	HG00137	0	Gourraud2014	https://s3.amazonaws.com/1000genomes/1000G_2504_high_coverage/data/ERR3240143/HG00137.final.cram
HG00138	EUR	GBR	HG00138	0	Gourraud2014	https://s3.amazonaws.com/1000genomes/1000G_2504_high_coverage/data/ERR3240144/HG00138.final.cram
HG00139	EUR	GBR	HG00139	0	Gourraud2014	https://s3.amazonaws.com/1000genomes/1000G_2504_high_coverage/data/ERR3240145/HG00139.final.cram
HG00141	EUR	GBR	HG00141	0	Gourraud2014	https://s3.amazonaws.com/1000genomes/1000G_2504_high_coverage/data/ERR3240147/HG00141.final.cram
HG00142	EUR	GBR	HG00142	0	Gourraud2014	https://s3.amazonaws.com/1000genomes/1000G_2504_high_coverage/data/ERR3240148/HG00142.final.cram
HG00143	EUR	GBR	HG00143	0	Gourraud2014	https://s3.amazonaws.com/1000genomes/1000G_2504_high_coverage/data/ERR3240149/HG00143.final.cram
HG00145	EUR	GBR	HG00145	0	Gourraud2014	https://s3.amazonaws.com/1000genomes/1000G_2504_high_coverage/data/ERR3240150/HG00145.final.cram
HG00148	EUR	GBR	HG00148	0	Gourraud2014	https://s3.amazonaws.com/1000genomes/1000G_2504_high_coverage/data/ERR3240152/HG00148.final.cram
HG00149	EUR	GBR	HG00149	0	Gourraud2014	https://s3.amazonaws.com/1000genomes/1000G_2504_high_coverage/data/ERR3240153/HG00149.final.cram
HG00150	EUR	GBR	HG00150	0	Gourraud2014	https://s3.amazonaws.com/1000genomes/1000G_2504_high_coverage/data/ERR3240154/HG00150.final.cram
HG00151	EUR	GBR	HG00151	0	Gourraud2014	https://s3.amazonaws.com/1000genomes/1000G_2504_high_coverage/data/ERR3240155/HG00151.final.cram
HG00154	EUR	GBR	HG00154	0	Gourraud2014	https://s3.amazonaws.com/1000genomes/1000G_2504_high_coverage/data/ERR3241779/HG00154.final.cram
HG00155	EUR	GBR	GBR001	0	Gourraud2014	https://s3.amazonaws.com/1000genomes/1000G_2504_high_coverage/data/ERR3240156/HG00155.final.cram
HG00157	EUR	GBR	HG00157	0	Gourraud2014	https://s3.amazonaws.com/1000genomes/1000G_2504_high_coverage/data/ERR3240157/HG00157.final.cram
HG00158	EUR	GBR	GBR003	0	Gourraud2014	https://s3.amazonaws.com/1000genomes/1000G_2504_high_coverage/data/ERR3240158/HG00158.final.cram
HG00159	EUR	GBR	HG00159	0	Gourraud2014	https://s3.amazonaws.com/1000genomes/1000G_2504_high_coverage/data/ERR3240200/HG00159.final.cram
HG00160	EUR	GBR	HG00160	0	Gourraud2014	https://s3.amazonaws.com/1000genomes/1000G_2504_high_coverage/data/ERR3240159/HG00160.final.cram
HG00171	EUR	FIN	HG00171	0	Gourraud2014	https://s3.amazonaws.com/1000genomes/1000G_2504_high_coverage/data/ERR3240160/HG00171.final.cram
HG00173	EUR	FIN	HG00173	0	Gourraud2014	https://s3.amazonaws.com/1000genomes/1000G_2504_high_coverage/data/ERR3240161/HG00173.final.cram
HG00174	EUR	FIN	HG00174	0	Gourraud2014	https://s3.amazonaws.com/1000genomes/1000G_2504_high_coverage/data/ERR3240162/HG00174.final.cram
HG00176	EUR	FIN	HG00176	0	Gourraud2014	https://s3.amazonaws.com/1000genomes/1000G_2504_high_coverage/data/ERR3240163/HG00176.final.cram
HG00177	EUR	FIN	HG00177	0	Gourraud2014	https://s3.amazonaws.com/1000genomes/1000G_2504_high_coverage/data/ERR3240164/HG00177.final.cram
HG00178	EUR	FIN	HG00178	0	Gourraud2014	https://s3.amazonaws.com/1000genomes/1000G_2504_high_coverage/data/ERR3240165/HG00178.final.cram
HG00179	EUR	FIN	HG00179	0	Gourraud2014	https://s3.amazonaws.com/1000genomes/1000G_2504_high_coverage/data/ERR3240166/HG00179.final.cram
HG00180	EUR	FIN	HG00180	0	Gourraud2014	https://s3.amazonaws.com/1000genomes/1000G_2504_high_coverage/data/ERR3240167/HG00180.final.cram
HG00181	EUR	FIN	HG00181	0	Gourraud2014	https://s3.amazonaws.com/1000genomes/1000G_2504_high_coverage/data/ERR3240168/HG00181.final.cram
HG00182	EUR	FIN	HG00182	0	Gourraud2014	https://s3.amazonaws.com/1000genomes/1000G_2504_high_coverage/data/ERR3240169/HG00182.final.cram
HG00183	EUR	FIN	HG00183	0	Gourraud2014	https://s3.amazonaws.com/1000genomes/1000G_2504_high_coverage/data/ERR3240170/HG00183.final.cram
HG00185	EUR	FIN	HG00185	0	Gourraud2014	https://s3.amazonaws.com/1000genomes/1000G_2504_high_coverage/data/ERR3240171/HG00185.final.cram
HG00186	EUR	FIN	HG00186	0	Gourraud2014	https://s3.amazonaws.com/1000genomes/1000G_2504_high_coverage/data/ERR3240172/HG00186.final.cram
HG00187	EUR	FIN	HG00187	0	Gourraud2014	https://s3.amazonaws.com/1000genomes/1000G_2504_high_coverage/data/ERR3240173/HG00187.final.cram
HG00188	EUR	FIN	HG00188	0	Gourraud2014	https://s3.amazonaws.com/1000genomes/1000G_2504_high_coverage/data/ERR3240174/HG00188.final.cram
HG00189	EUR	FIN	HG00189	0	Gourraud2014	https://s3.amazonaws.com/1000genomes/1000G_2504_high_coverage/data/ERR3240175/HG00189.final.cram
HG00190	EUR	FIN	HG00190	0	Gourraud2014	https://s3.amazonaws.com/1000genomes/1000G_2504_high_coverage/data/ERR3240176/HG00190.final.cram
HG00231	EUR	GBR	HG00231	0	Gourraud2014	https://s3.amazonaws.com/1000genomes/1000G_2504_high_coverage/data/ERR3240201/HG00231.final.cram
HG00233	EUR	GBR	HG00233	0	Gourraud2014	https://s3.amazonaws.com/1000genomes/1000G_2504_high_coverage/data/ERR3240177/HG00233.final.cram
HG00234	EUR	GBR	HG00234	0	Gourraud2014	https://s3.amazonaws.com/1000genomes/1000G_2504_high_coverage/data/ERR3240178/HG00234.final.cram
HG00236	EUR	GBR	HG00236	0	Gourraud2014	https://s3.amazonaws.com/1000genomes/1000G_2504_high_coverage/data/ERR3240203/HG00236.final.cram
HG00237	EUR	GBR	HG00237	0	Gourraud2014	https://s3.amazonaws.com/1000genomes/1000G_2504_high_coverage/data/ERR3240204/HG00237.final.cram
HG00238	EUR	GBR	HG00238	0	Gourraud2014	https://s3.amazonaws.com/1000genomes/1000G_2504_high_coverage/data/ERR3240180/HG00238.final.cram
HG00239	EUR	GBR	HG00239	0	Gourraud2014	https://s3.amazonaws.com/1000genomes/1000G_2504_high_coverage/data/ERR3240205/HG00239.final.cram
HG00240	EUR	GBR	HG00240	0	Gourraud2014	https://s3.amazonaws.com/1000genomes/1000G_2504_high_coverage/data/ERR3240181/HG00240.final.cram
HG00242	EUR	GBR	HG00242	0	Gourraud2014	https://s3.amazonaws.com/1000genomes/1000G_2504_high_coverage/data/ERR3240206/HG00242.final.cram
HG00243	EUR	GBR	HG00243	0	Gourraud2014	https://s3.amazonaws.com/1000genomes/1000G_2504_high_coverage/data/ERR3240207/HG00243.final.cram
HG00244	EUR	GBR	HG00244	0	Gourraud2014	https://s3.amazonaws.com/1000genomes/1000G_2504_high_coverage/data/ERR3240208/HG00244.final.cram
HG00245	EUR	GBR	HG00245	0	Gourraud2014	https://s3.amazonaws.com/1000genomes/1000G_2504_high_coverage/data/ERR3240209/HG00245.final.cram
HG00246	EUR	GBR	HG00246	0	Gourraud2014	https://s3.amazonaws.com/1000genomes/1000G_2504_high_coverage/data/ERR3241780/HG00246.final.cram
HG00250	EUR	GBR	HG00250	0	Gourraud2014	https://s3.amazonaws.com/1000genomes/1000G_2504_high_coverage/data/ERR3241781/HG00250.final.cram
HG00251	EUR	GBR	HG00251	0	Gourraud2014	https://s3.amazonaws.com/1000genomes/1000G_2504_high_coverage/data/ERR3241782/HG00251.final.cram
HG00252	EUR	GBR	HG00252	0	Gourraud2014	https://s3.amazonaws.com/1000genomes/1000G_2504_high_coverage/data/ERR3240210/HG00252.final.cram
HG00254	EUR	GBR	HG00254	0	Gourraud2014	https://s3.amazonaws.com/1000genomes/1000G_2504_high_coverage/data/ERR3240212/HG00254.final.cram
HG00255	EUR	GBR	HG00255	0	Gourraud2014	https://s3.amazonaws.com/1000genomes/1000G_2504_high_coverage/data/ERR3240182/HG00255.final.cram
HG00256	EUR	GBR	HG00256	0	Gourraud2014	https://s3.amazonaws.com/1000genomes/1000G_2504_high_coverage/data/ERR3240213/HG00256.final.cram
HG00257	EUR	GBR	HG00257	0	Gourraud2014	https://s3.amazonaws.com/1000genomes/1000G_2504_high_coverage/data/ERR3240214/HG00257.final.cram
HG00258	EUR	GBR	HG00258	0	Gourraud2014	https://s3.amazonaws.com/1000genomes/1000G_2504_high_coverage/data/ERR3240215/HG00258.final.cram
HG00259	EUR	GBR	HG00259	0	Gourraud2014	https://s3.amazonaws.com/1000genomes/1000G_2504_high_coverage/data/ERR3240216/HG00259.final.cram
HG00260	EUR	GBR	HG00260	0	Gourraud2014	https://s3.amazonaws.com/1000genomes/1000G_2504_high_coverage/data/ERR3240217/HG00260.final.cram
HG00261	EUR	GBR	HG00261	0	Gourraud2014	https://s3.amazonaws.com/1000genomes/1000G_2504_high_coverage/data/ERR3240218/HG00261.final.cram
HG00262	EUR	GBR	HG00262	0	Gourraud2014	https://s3.amazonaws.com/1000genomes/1000G_2504_high_coverage/data/ERR3240219/HG00262.final.cram
HG00263	EUR	GBR	HG00263	0	Gourraud2014	https://s3.amazonaws.com/1000genomes/1000G_2504_high_coverage/data/ERR3240220/HG00263.final.cram
HG00264	EUR	GBR	HG00264	0	Gourraud2014	https://s3.amazonaws.com/1000genomes/1000G_2504_high_coverage/data/ERR3240221/HG00264.final.cram
HG00265	EUR	GBR	HG00265	0	Gourraud2014	https://s3.amazonaws.com/1000genomes/1000G_2504_high_coverage/data/ERR3240222/HG00265.final.cram
HG00266	EUR	FIN	HG00266	0	Gourraud2014	https://s3.amazonaws.com/1000genomes/1000G_2504_high_coverage/data/ERR3240223/HG00266.final.cram
HG00267	EUR	FIN	HG00267	0	Gourraud2014	https://s3.amazonaws.com/1000genomes/1000G_2504_high_coverage/data/ERR3240224/HG00267.final.cram
HG00268	EUR	FIN	HG00268	0	Gourraud2014	https://s3.amazonaws.com/1000genomes/1000G_2504_high_coverage/data/ERR3240225/HG00268.final.cram
HG00269	EUR	FIN	HG00269	0	Gourraud2014	https://s3.amazonaws.com/1000genomes/1000G_2504_high_coverage/data/ERR3240226/HG00269.final.cram
HG00271	EUR	FIN	HG00271	0	Gourraud2014	https://s3.amazonaws.com/1000genomes/1000G_2504_high_coverage/data/ERR3240227/HG00271.final.cram
HG00273	EUR	FIN	HG00273	0	Gourraud2014	https://s3.amazonaws.com/1000genomes/1000G_2504_high_coverage/data/ERR3240229/HG00273.final.cram
HG00274	EUR	FIN	HG00274	0	Gourraud2014	https://s3.amazonaws.com/1000genomes/1000G_2504_high_coverage/data/ERR3241783/HG00274.final.cram
HG00275	EUR	FIN	HG00275	0	Gourraud2014	https://s3.amazonaws.com/1000genomes/1000G_2504_high_coverage/data/ERR3241784/HG00275.final.cram
HG00276	EUR	FIN	HG00276	0	Gourraud2014	https://s3.amazonaws.com/1000genomes/1000G_2504_high_coverage/data/ERR3241785/HG00276.final.cram
HG00277	EUR	FIN	HG00277	0	Gourraud2014	https://s3.amazonaws.com/1000genomes/1000G_2504_high_coverage/data/ERR3241786/HG00277.final.cram
HG00278	EUR	FIN	HG00278	0	Gourraud2014	https://s3.amazonaws.com/1000genomes/1000G_2504_high_coverage/data/ERR3241787/HG00278.final.cram
HG00281	EUR	FIN	HG00281	0	Gourraud2014	https://s3.amazonaws.com/1000genomes/1000G_2504_high_coverage/data/ERR3241789/HG00281.final.cram
HG00282	EUR	FIN	HG00282	0	Gourraud2014	https://s3.amazonaws.com/1000genomes/1000G_2504_high_coverage/data/ERR3241790/HG00282.final.cram
HG00284	EUR	FIN	HG00284	0	Gourraud2014	https://s3.amazonaws.com/1000genomes/1000G_2504_high_coverage/data/ERR3241791/HG00284.final.cram
HG00285	EUR	FIN	HG00285	0	Gourraud2014	https://s3.amazonaws.com/1000genomes/1000G_2504_high_coverage/data/ERR3241792/HG00285.final.cram
HG00306	EUR	FIN	HG00306	0	Gourraud2014	https://s3.amazonaws.com/1000genomes/1000G_2504_high_coverage/data/ERR3240230/HG00306.final.cram
HG00308	EUR	FIN	HG00308	0	Gourraud2014	https://s3.amazonaws.com/1000genomes/1000G_2504_high_coverage/data/ERR3240231/HG00308.final.cram
HG00309	EUR	FIN	HG00309	0	Gourraud2014	https://s3.amazonaws.com/1000genomes/1000G_2504_high_coverage/data/ERR3240232/HG00309.final.cram
HG00310	EUR	FIN	HG00310	0	Gourraud2014	https://s3.amazonaws.com/1000genomes/1000G_2504_high_coverage/data/ERR3241793/HG00310.final.cram
HG00311	EUR	FIN	HG00311	0	Gourraud2014	https://s3.amazonaws.com/1000genomes/1000G_2504_high_coverage/data/ERR3240233/HG00311.final.cram
HG00313	EUR	FIN	HG00313	0	Gourraud2014	https://s3.amazonaws.com/1000genomes/1000G_2504_high_coverage/data/ERR3240234/HG00313.final.cram
HG00315	EUR	FIN	HG00315	0	Gourraud2014	https://s3.amazonaws.com/1000genomes/1000G_2504_high_coverage/data/ERR3240235/HG00315.final.cram
HG00318	EUR	FIN	HG00318	0	Gourraud2014	https://s3.amazonaws.com/1000genomes/1000G_2504_high_coverage/data/ERR3240236/HG00318.final.cram
HG00319	EUR	FIN	HG00319	0	Gourraud2014	https://s3.amazonaws.com/1000genomes/1000G_2504_high_coverage/data/ERR3240237/HG00319.final.cram
HG00324	EUR	FIN	HG00324	0	Gourraud2014	https://s3.amazonaws.com/1000genomes/1000G_2504_high_coverage/data/ERR3241794/HG00324.final.cram
HG00325	EUR	FIN	HG00325	0	Gourraud2014	https://s3.amazonaws.com/1000genomes/1000G_2504_high_coverage/data/ERR3241795/HG00325.final.cram
HG00326	EUR	FIN	HG00326	0	Gourraud2014	https://s3.amazonaws.com/1000genomes/1000G_2504_high_coverage/data/ERR3241796/HG00326.final.cram
HG00327	EUR	FIN	HG00327	0	Gourraud2014	https://s3.amazonaws.com/1000genomes/1000G_2504_high_coverage/data/ERR3240241/HG00327.final.cram
HG00328	EUR	FIN	HG00328	0	Gourraud2014	https://s3.amazonaws.com/1000genomes/1000G_2504_high_coverage/data/ERR3240242/HG00328.final.cram
HG00330	EUR	FIN	HG00330	0	Gourraud2014	https://s3.amazonaws.com/1000genomes/1000G_2504_high_coverage/data/ERR3241798/HG00330.final.cram
HG00331	EUR	FIN	HG00331	0	Gourraud2014	https://s3.amazonaws.com/1000genomes/1000G_2504_high_coverage/data/ERR3241799/HG00331.final.cram
HG00332	EUR	FIN	HG00332	0	Gourraud2014	https://s3.amazonaws.com/1000genomes/1000G_2504_high_coverage/data/ERR3241800/HG00332.final.cram
HG00334	EUR	FIN	HG00334	0	Gourraud2014	https://s3.amazonaws.com/1000genomes/1000G_2504_high_coverage/data/ERR3241801/HG00334.final.cram
HG00335	EUR	FIN	HG00335	0	Gourraud2014	https://s3.amazonaws.com/1000genomes/1000G_2504_high_coverage/data/ERR3240243/HG00335.final.cram
HG00336	EUR	FIN	HG00336	0	Gourraud2014	https://s3.amazonaws.com/1000genomes/1000G_2504_high_coverage/data/ERR3240244/HG00336.final.cram
HG00337	EUR	FIN	HG00337	0	Gourraud2014	https://s3.amazonaws.com/1000genomes/1000G_2504_high_coverage/data/ERR3240245/HG00337.final.cram
HG00338	EUR	FIN	HG00338	0	Gourraud2014	https://s3.amazonaws.com/1000genomes/1000G_2504_high_coverage/data/ERR3240246/HG00338.final.cram
HG00339	EUR	FIN	HG00339	0	Gourraud2014	https://s3.amazonaws.com/1000genomes/1000G_2504_high_coverage/data/ERR3240247/HG00339.final.cram
HG00341	EUR	FIN	HG00341	0	Gourraud2014	https://s3.amazonaws.com/1000genomes/1000G_2504_high_coverage/data/ERR3241802/HG00341.final.cram
HG00342	EUR	FIN	HG00342	0	Gourraud2014	https://s3.amazonaws.com/1000genomes/1000G_2504_high_coverage/data/ERR3240248/HG00342.final.cram
HG00343	EUR	FIN	HG00343	0	Gourraud2014	https://s3.amazonaws.com/1000genomes/1000G_2504_high_coverage/data/ERR3240249/HG00343.final.cram
HG00345	EUR	FIN	HG00345	0	Gourraud2014	https://s3.amazonaws.com/1000genomes/1000G_2504_high_coverage/data/ERR3240251/HG00345.final.cram
HG00346	EUR	FIN	HG00346	0	Gourraud2014	https://s3.amazonaws.com/1000genomes/1000G_2504_high_coverage/data/ERR3240252/HG00346.final.cram
HG00349	EUR	FIN	HG00349	0	Gourraud2014	https://s3.amazonaws.com/1000genomes/1000G_2504_high_coverage/data/ERR3240253/HG00349.final.cram
HG00351	EUR	FIN	HG00351	0	Gourraud2014	https://s3.amazonaws.com/1000genomes/1000G_2504_high_coverage/data/ERR3240255/HG00351.final.cram
HG00353	EUR	FIN	HG00353	0	Gourraud2014	https://s3.amazonaws.com/1000genomes/1000G_2504_high_coverage/data/ERR3240256/HG00353.final.cram
HG00355	EUR	FIN	HG00355	0	Gourraud2014	https://s3.amazonaws.com/1000genomes/1000G_2504_high_coverage/data/ERR3240257/HG00355.final.cram
HG00356	EUR	FIN	HG00356	0	Gourraud2014	https://s3.amazonaws.com/1000genomes/1000G_2504_high_coverage/data/ERR3240258/HG00356.final.cram
HG00357	EUR	FIN	HG00357	0	Gourraud2014	https://s3.amazonaws.com/1000genomes/1000G_2504_high_coverage/data/ERR3240259/HG00357.final.cram
HG00358	EUR	FIN	HG00358	0	Gourraud2014	https://s3.amazonaws.com/1000genomes/1000G_2504_high_coverage/data/ERR3240260/HG00358.final.cram
HG00360	EUR	FIN	HG00360	0	Gourraud2014	https://s3.amazonaws.com/1000genomes/1000G_2504_high_coverage/data/ERR3240261/HG00360.final.cram
HG00361	EUR	FIN	HG00361	0	Gourraud2014	https://s3.amazonaws.com/1000genomes/1000G_2504_high_coverage/data/ERR3240262/HG00361.final.cram
HG00362	EUR	FIN	HG00362	0	Gourraud2014	https://s3.amazonaws.com/1000genomes/1000G_2504_high_coverage/data/ERR3240263/HG00362.final.cram
HG00364	EUR	FIN	HG00364	0	Gourraud2014	https://s3.amazonaws.com/1000genomes/1000G_2504_high_coverage/data/ERR3240264/HG00364.final.cram
HG00365	EUR	FIN	HG00365	0	Gourraud2014	https://s3.amazonaws.com/1000genomes/1000G_2504_high_coverage/data/ERR3240265/HG00365.final.cram
HG00366	EUR	FIN	HG00366	0	Gourraud2014	https://s3.amazonaws.com/1000genomes/1000G_2504_high_coverage/data/ERR3240266/HG00366.final.cram
HG00367	EUR	FIN	HG00367	0	Gourraud2014	https://s3.amazonaws.com/1000genomes/1000G_2504_high_coverage/data/ERR3240267/HG00367.final.cram
HG00368	EUR	FIN	HG00368	0	Gourraud2014	https://s3.amazonaws.com/1000genomes/1000G_2504_high_coverage/data/ERR3240268/HG00368.final.cram
HG00369	EUR	FIN	HG00369	0	Gourraud2014	https://s3.amazonaws.com/1000genomes/1000G_2504_high_coverage/data/ERR3240269/HG00369.final.cram
HG00371	EUR	FIN	HG00371	0	Gourraud2014	https://s3.amazonaws.com/1000genomes/1000G_2504_high_coverage/data/ERR3240270/HG00371.final.cram
HG00372	EUR	FIN	HG00372	0	Gourraud2014	https://s3.amazonaws.com/1000genomes/1000G_2504_high_coverage/data/ERR3240271/HG00372.final.cram
HG00373	EUR	FIN	HG00373	0	Gourraud2014	https://s3.amazonaws.com/1000genomes/1000G_2504_high_coverage/data/ERR3240272/HG00373.final.cram
HG00375	EUR	FIN	HG00375	0	Gourraud2014	https://s3.amazonaws.com/1000genomes/1000G_2504_high_coverage/data/ERR3240273/HG00375.final.cram
HG00376	EUR	FIN	HG00376	0	Gourraud2014	https://s3.amazonaws.com/1000genomes/1000G_2504_high_coverage/data/ERR3240274/HG00376.final.cram
HG00378	EUR	FIN	HG00378	0	Gourraud2014	https://s3.amazonaws.com/1000genomes/1000G_2504_high_coverage/data/ERR3241659/HG00378.final.cram
HG00379	EUR	FIN	HG00379	0	Gourraud2014	https://s3.amazonaws.com/1000genomes/1000G_2504_high_coverage/data/ERR3241660/HG00379.final.cram
HG00380	EUR	FIN	HG00380	0	Gourraud2014	https://s3.amazonaws.com/1000genomes/1000G_2504_high_coverage/data/ERR3241661/HG00380.final.cram
HG00381	EUR	FIN	HG00381	0	Gourraud2014	https://s3.amazonaws.com/1000genomes/1000G_2504_high_coverage/data/ERR3241662/HG00381.final.cram
HG00382	EUR	FIN	HG00382	0	Gourraud2014	https://s3.amazonaws.com/1000genomes/1000G_2504_high_coverage/data/ERR3241663/HG00382.final.cram
HG00383	EUR	FIN	HG00383	0	Gourraud2014	https://s3.amazonaws.com/1000genomes/1000G_2504_high_coverage/data/ERR3241803/HG00383.final.cram
HG00384	EUR	FIN	HG00384	0	Gourraud2014	https://s3.amazonaws.com/1000genomes/1000G_2504_high_coverage/data/ERR3241664/HG00384.final.cram
HG00403	EAS	CHS	SH001	0	Gourraud2014	https://s3.amazonaws.com/1000genomes/1000G_2504_high_coverage/data/ERR3241665/HG00403.final.cram
HG00404	EAS	CHS	SH001	0	Gourraud2014	https://s3.amazonaws.com/1000genomes/1000G_2504_high_coverage/data/ERR3241666/HG00404.final.cram
HG00418	EAS	CHS	SH006	0	Gourraud2014	https://s3.amazonaws.com/1000genomes/1000G_2504_high_coverage/additional_698_related/data/ERR3988763/HG00418.final.cram
HG00419	EAS	CHS	SH006	0	Gourraud2014	https://s3.amazonaws.com/1000genomes/1000G_2504_high_coverage/data/ERR3241669/HG00419.final.cram
HG00427	EAS	CHS	SH009	0	Gourraud2014	https://s3.amazonaws.com/1000genomes/1000G_2504_high_coverage/additional_698_related/data/ERR3988766/HG00427.final.cram
HG00428	EAS	CHS	SH009	0	Gourraud2014	https://s3.amazonaws.com/1000genomes/1000G_2504_high_coverage/data/ERR3241672/HG00428.final.cram
HG00442	EAS	CHS	SH014	0	Gourraud2014	https://s3.amazonaws.com/1000genomes/1000G_2504_high_coverage/data/ERR3240183/HG00442.final.cram
HG00443	EAS	CHS	SH014	0	Gourraud2014	https://s3.amazonaws.com/1000genomes/1000G_2504_high_coverage/data/ERR3240184/HG00443.final.cram
HG00445	EAS	CHS	SH015	0	Gourraud2014	https://s3.amazonaws.com/1000genomes/1000G_2504_high_coverage/data/ERR3240185/HG00445.final.cram
HG00446	EAS	CHS	SH015	0	Gourraud2014	https://s3.amazonaws.com/1000genomes/1000G_2504_high_coverage/data/ERR3240186/HG00446.final.cram
HG00448	EAS	CHS	SH016	0	Gourraud2014	https://s3.amazonaws.com/1000genomes/1000G_2504_high_coverage/data/ERR3240187/HG00448.final.cram
HG00449	EAS	CHS	SH016	0	Gourraud2014	https://s3.amazonaws.com/1000genomes/1000G_2504_high_coverage/data/ERR3240188/HG00449.final.cram
HG00451	EAS	CHS	SH017	0	Gourraud2014	https://s3.amazonaws.com/1000genomes/1000G_2504_high_coverage/data/ERR3240189/HG00451.final.cram
HG00452	EAS	CHS	SH017	0	Gourraud2014	https://s3.amazonaws.com/1000genomes/1000G_2504_high_coverage/data/ERR3240190/HG00452.final.cram
HG00457	EAS	CHS	SH019	0	Gourraud2014	https://s3.amazonaws.com/1000genomes/1000G_2504_high_coverage/data/ERR3241675/HG00457.final.cram
HG00458	EAS	CHS	SH019	0	Gourraud2014	https://s3.amazonaws.com/1000genomes/1000G_2504_high_coverage/data/ERR3241676/HG00458.final.cram
HG00463	EAS	CHS	SH021	0	Gourraud2014	https://s3.amazonaws.com/1000genomes/1000G_2504_high_coverage/data/ERR3240191/HG00463.final.cram
HG00464	EAS	CHS	SH021	0	Gourraud2014	https://s3.amazonaws.com/1000genomes/1000G_2504_high_coverage/data/ERR3240192/HG00464.final.cram
HG00472	EAS	CHS	SH024	0	Gourraud2014	https://s3.amazonaws.com/1000genomes/1000G_2504_high_coverage/data/ERR3241677/HG00472.final.cram
HG00473	EAS	CHS	SH024	0	Gourraud2014	https://s3.amazonaws.com/1000genomes/1000G_2504_high_coverage/data/ERR3241678/HG00473.final.cram
HG00475	EAS	CHS	SH025	0	Gourraud2014	https://s3.amazonaws.com/1000genomes/1000G_2504_high_coverage/data/ERR3241679/HG00475.final.cram
HG00476	EAS	CHS	SH025	0	Gourraud2014	https://s3.amazonaws.com/1000genomes/1000G_2504_high_coverage/data/ERR3241680/HG00476.final.cram
HG00478	EAS	CHS	SH026	0	Gourraud2014	https://s3.amazonaws.com/1000genomes/1000G_2504_high_coverage/data/ERR3241681/HG00478.final.cram
HG00479	EAS	CHS	SH026	0	Gourraud2014	https://s3.amazonaws.com/1000genomes/1000G_2504_high_coverage/data/ERR3241682/HG00479.final.cram
HG00500	EAS	CHS	SH028	0	Gourraud2014	https://s3.amazonaws.com/1000genomes/1000G_2504_high_coverage/data/ERR3241683/HG00500.final.cram
HG00501	EAS	CHS	SH028	0	Gourraud2014	https://s3.amazonaws.com/1000genomes/1000G_2504_high_coverage/additional_698_related/data/ERR3988778/HG00501.final.cram
HG00512	EAS	CHS	SH032	0	Gourraud2014	https://s3.amazonaws.com/1000genomes/1000G_2504_high_coverage/additional_698_related/data/ERR3988780/HG00512.final.cram
HG00513	EAS	CHS	SH032	0	Gourraud2014	https://s3.amazonaws.com/1000genomes/1000G_2504_high_coverage/data/ERR3241684/HG00513.final.cram
HG00524	EAS	CHS	SH036	0	Gourraud2014	https://s3.amazonaws.com/1000genomes/1000G_2504_high_coverage/data/ERR3241685/HG00524.final.cram
HG00525	EAS	CHS	SH036	0	Gourraud2014	https://s3.amazonaws.com/1000genomes/1000G_2504_high_coverage/data/ERR3241686/HG00525.final.cram
HG00530	EAS	CHS	SH038	0	Gourraud2014	https://s3.amazonaws.com/1000genomes/1000G_2504_high_coverage/data/ERR3241687/HG00530.final.cram
HG00531	EAS	CHS	SH038	0	Gourraud2014	https://s3.amazonaws.com/1000genomes/1000G_2504_high_coverage/data/ERR3241688/HG00531.final.cram
HG00533	EAS	CHS	SH039	0	Gourraud2014	https://s3.amazonaws.com/1000genomes/1000G_2504_high_coverage/data/ERR3241689/HG00533.final.cram
HG00534	EAS	CHS	SH039	0	Gourraud2014	https://s3.amazonaws.com/1000genomes/1000G_2504_high_coverage/data/ERR3241690/HG00534.final.cram
HG00536	EAS	CHS	SH040	0	Gourraud2014	https://s3.amazonaws.com/1000genomes/1000G_2504_high_coverage/data/ERR3241691/HG00536.final.cram
HG00537	EAS	CHS	SH040	0	Gourraud2014	https://s3.amazonaws.com/1000genomes/1000G_2504_high_coverage/data/ERR3241692/HG00537.final.cram
HG00551	AMR	PUR	PR01	0	Gourraud2014	https://s3.amazonaws.com/1000genomes/1000G_2504_high_coverage/data/ERR3241804/HG00551.final.cram
HG00553	AMR	PUR	PR02	0	Gourraud2014	https://s3.amazonaws.com/1000genomes/1000G_2504_high_coverage/data/ERR3241695/HG00553.final.cram
HG00554	AMR	PUR	PR02	0	Gourraud2014	https://s3.amazonaws.com/1000genomes/1000G_2504_high_coverage/data/ERR3241696/HG00554.final.cram
HG00559	EAS	CHS	SH046	0	Gourraud2014	https://s3.amazonaws.com/1000genomes/1000G_2504_high_coverage/data/ERR3241699/HG00559.final.cram
HG00560	EAS	CHS	SH046	0	Gourraud2014	https://s3.amazonaws.com/1000genomes/1000G_2504_high_coverage/data/ERR3241700/HG00560.final.cram
HG00565	EAS	CHS	SH048	0	Gourraud2014	https://s3.amazonaws.com/1000genomes/1000G_2504_high_coverage/data/ERR3241701/HG00565.final.cram
HG00566	EAS	CHS	SH048	0	Gourraud2014	https://s3.amazonaws.com/1000genomes/1000G_2504_high_coverage/data/ERR3241702/HG00566.final.cram
HG00577	EAS	CHS	SH052	0	Gourraud2014	https://s3.amazonaws.com/1000genomes/1000G_2504_high_coverage/additional_698_related/data/ERR3988792/HG00577.final.cram
HG00578	EAS	CHS	SH052	0	Gourraud2014	https://s3.amazonaws.com/1000genomes/1000G_2504_high_coverage/additional_698_related/data/ERR3988793/HG00578.final.cram
HG00580	EAS	CHS	SH053	0	Gourraud2014	https://s3.amazonaws.com/1000genomes/1000G_2504_high_coverage/data/ERR3241703/HG00580.final.cram
HG00581	EAS	CHS	SH053	0	Gourraud2014	https://s3.amazonaws.com/1000genomes/1000G_2504_high_coverage/data/ERR3241704/HG00581.final.cram
HG00583	EAS	CHS	SH054	0	Gourraud2014	https://s3.amazonaws.com/1000genomes/1000G_2504_high_coverage/data/ERR3241705/HG00583.final.cram
HG00584	EAS	CHS	SH054	0	Gourraud2014	https://s3.amazonaws.com/1000genomes/1000G_2504_high_coverage/data/ERR3241706/HG00584.final.cram
HG00589	EAS	CHS	SH056	0	Gourraud2014	https://s3.amazonaws.com/1000genomes/1000G_2504_high_coverage/data/ERR3241707/HG00589.final.cram
HG00590	EAS	CHS	SH056	0	Gourraud2014	https://s3.amazonaws.com/1000genomes/1000G_2504_high_coverage/data/ERR3241708/HG00590.final.cram
HG00592	EAS	CHS	SH057	0	Gourraud2014	https://s3.amazonaws.com/1000genomes/1000G_2504_high_coverage/data/ERR3241709/HG00592.final.cram
HG00593	EAS	CHS	SH057	0	Gourraud2014	https://s3.amazonaws.com/1000genomes/1000G_2504_high_coverage/data/ERR3241710/HG00593.final.cram
HG00610	EAS	CHS	SH063	0	Gourraud2014	https://s3.amazonaws.com/1000genomes/1000G_2504_high_coverage/data/ERR3241715/HG00610.final.cram
HG00611	EAS	CHS	SH063	0	Gourraud2014	https://s3.amazonaws.com/1000genomes/1000G_2504_high_coverage/data/ERR3241716/HG00611.final.cram
HG00613	EAS	CHS	SH064	0	Gourraud2014	https://s3.amazonaws.com/1000genomes/1000G_2504_high_coverage/data/ERR3241717/HG00613.final.cram
HG00614	EAS	CHS	SH064	0	Gourraud2014	https://s3.amazonaws.com/1000genomes/1000G_2504_high_coverage/data/ERR3241718/HG00614.final.cram
HG00625	EAS	CHS	SH068	0	Gourraud2014	https://s3.amazonaws.com/1000genomes/1000G_2504_high_coverage/data/ERR3241721/HG00625.final.cram
HG00626	EAS	CHS	SH068	0	Gourraud2014	https://s3.amazonaws.com/1000genomes/1000G_2504_high_coverage/data/ERR3241722/HG00626.final.cram
HG00628	EAS	CHS	SH069	0	Gourraud2014	https://s3.amazonaws.com/1000genomes/1000G_2504_high_coverage/data/ERR3241723/HG00628.final.cram
HG00629	EAS	CHS	SH069	0	Gourraud2014	https://s3.amazonaws.com/1000genomes/1000G_2504_high_coverage/data/ERR3241724/HG00629.final.cram
HG00634	EAS	CHS	SH071	0	Gourraud2014	https://s3.amazonaws.com/1000genomes/1000G_2504_high_coverage/data/ERR3241725/HG00634.final.cram
HG00635	EAS	CHS	SH071	0	Gourraud2014	https://s3.amazonaws.com/1000genomes/1000G_2504_high_coverage/additional_698_related/data/ERR3988806/HG00635.final.cram
HG00650	EAS	CHS	SH072	0	Gourraud2014	https://s3.amazonaws.com/1000genomes/1000G_2504_high_coverage/data/ERR3241730/HG00650.final.cram
HG00651	EAS	CHS	SH072	0	Gourraud2014	https://s3.amazonaws.com/1000genomes/1000G_2504_high_coverage/data/ERR3241731/HG00651.final.cram
HG00653	EAS	CHS	SH073	0	Gourraud2014	https://s3.amazonaws.com/1000genomes/1000G_2504_high_coverage/data/ERR3241732/HG00653.final.cram
HG00654	EAS	CHS	SH073	0	Gourraud2014	https://s3.amazonaws.com/1000genomes/1000G_2504_high_coverage/data/ERR3241733/HG00654.final.cram
HG00662	EAS	CHS	SH076	0	Gourraud2014	https://s3.amazonaws.com/1000genomes/1000G_2504_high_coverage/data/ERR3241736/HG00662.final.cram
HG00663	EAS	CHS	SH076	0	Gourraud2014	https://s3.amazonaws.com/1000genomes/1000G_2504_high_coverage/data/ERR3241737/HG00663.final.cram
HG00683	EAS	CHS	SH083	0	Gourraud2014	https://s3.amazonaws.com/1000genomes/1000G_2504_high_coverage/data/ERR3241740/HG00683.final.cram
HG00684	EAS	CHS	SH083	0	Gourraud2014	https://s3.amazonaws.com/1000genomes/1000G_2504_high_coverage/data/ERR3241741/HG00684.final.cram
HG00689	EAS	CHS	SH085	0	Gourraud2014	https://s3.amazonaws.com/1000genomes/1000G_2504_high_coverage/data/ERR3241742/HG00689.final.cram
HG00690	EAS	CHS	SH085	0	Gourraud2014	https://s3.amazonaws.com/1000genomes/1000G_2504_high_coverage/data/ERR3241743/HG00690.final.cram
HG00692	EAS	CHS	SH086	0	Gourraud2014	https://s3.amazonaws.com/1000genomes/1000G_2504_high_coverage/data/ERR3241744/HG00692.final.cram
HG00693	EAS	CHS	SH086	0	Gourraud2014	https://s3.amazonaws.com/1000genomes/1000G_2504_high_coverage/data/ERR3241745/HG00693.final.cram
HG00698	EAS	CHS	SH088	0	Gourraud2014	https://s3.amazonaws.com/1000genomes/1000G_2504_high_coverage/data/ERR3241746/HG00698.final.cram
HG00699	EAS	CHS	SH088	0	Gourraud2014	https://s3.amazonaws.com/1000genomes/1000G_2504_high_coverage/data/ERR3241747/HG00699.final.cram
HG00701	EAS	CHS	SH089	0	Gourraud2014	https://s3.amazonaws.com/1000genomes/1000G_2504_high_coverage/data/ERR3241748/HG00701.final.cram
HG00702	EAS	CHS	SH089	0	Gourraud2014	https://s3.amazonaws.com/1000genomes/1000G_2504_high_coverage/additional_698_related/data/ERR3988819/HG00702.final.cram
HG00707	EAS	CHS	SH091	0	Gourraud2014	https://s3.amazonaws.com/1000genomes/1000G_2504_high_coverage/data/ERR3241751/HG00707.final.cram
HG00708	EAS	CHS	SH091	0	Gourraud2014	https://s3.amazonaws.com/1000genomes/1000G_2504_high_coverage/data/ERR3241752/HG00708.final.cram
HG01048	AMR	PUR	PR08	0	Gourraud2014	https://s3.amazonaws.com/1000genomes/1000G_2504_high_coverage/data/ERR3241761/HG01048.final.cram
HG01049	AMR	PUR	PR08	0	Gourraud2014	https://s3.amazonaws.com/1000genomes/1000G_2504_high_coverage/data/ERR3241762/HG01049.final.cram
HG01051	AMR	PUR	PR11	0	Gourraud2014	https://s3.amazonaws.com/1000genomes/1000G_2504_high_coverage/data/ERR3241805/HG01051.final.cram
HG01052	AMR	PUR	PR11	0	Gourraud2014	https://s3.amazonaws.com/1000genomes/1000G_2504_high_coverage/data/ERR3241806/HG01052.final.cram
HG01054	AMR	PUR	PR12	0	Gourraud2014	https://s3.amazonaws.com/1000genomes/1000G_2504_high_coverage/data/ERR3241763/HG01054.final.cram
HG01055	AMR	PUR	PR12	0	Gourraud2014	https://s3.amazonaws.com/1000genomes/1000G_2504_high_coverage/data/ERR3241764/HG01055.final.cram
HG01060	AMR	PUR	PR14	0	Gourraud2014	https://s3.amazonaws.com/1000genomes/1000G_2504_high_coverage/data/ERR3241807/HG01060.final.cram
HG01061	AMR	PUR	PR14	0	Gourraud2014	https://s3.amazonaws.com/1000genomes/1000G_2504_high_coverage/data/ERR3241808/HG01061.final.cram
HG01066	AMR	PUR	PR16	0	Gourraud2014	https://s3.amazonaws.com/1000genomes/1000G_2504_high_coverage/data/ERR3241765/HG01066.final.cram
HG01067	AMR	PUR	PR16	0	Gourraud2014	https://s3.amazonaws.com/1000genomes/1000G_2504_high_coverage/data/ERR3241766/HG01067.final.cram
HG01075	AMR	PUR	PR01	0	Gourraud2014	https://s3.amazonaws.com/1000genomes/1000G_2504_high_coverage/data/ERR3241813/HG01075.final.cram
HG01082	AMR	PUR	PR28	0	Gourraud2014	https://s3.amazonaws.com/1000genomes/1000G_2504_high_coverage/data/ERR3241814/HG01082.final.cram
HG01083	AMR	PUR	PR28	0	Gourraud2014	https://s3.amazonaws.com/1000genomes/1000G_2504_high_coverage/data/ERR3241815/HG01083.final.cram
HG01085	AMR	PUR	PR26	0	Gourraud2014	https://s3.amazonaws.com/1000genomes/1000G_2504_high_coverage/data/ERR3241816/HG01085.final.cram
HG01086	AMR	PUR	PR26	0	Gourraud2014	https://s3.amazonaws.com/1000genomes/1000G_2504_high_coverage/data/ERR3241817/HG01086.final.cram
HG01094	AMR	PUR	PR29	0	Gourraud2014	https://s3.amazonaws.com/1000genomes/1000G_2504_high_coverage/data/ERR3241818/HG01094.final.cram
HG01095	AMR	PUR	PR29	0	Gourraud2014	https://s3.amazonaws.com/1000genomes/1000G_2504_high_coverage/data/ERR3241819/HG01095.final.cram
HG01101	AMR	PUR	PR19	0	Gourraud2014	https://s3.amazonaws.com/1000genomes/1000G_2504_high_coverage/data/ERR3241820/HG01101.final.cram
HG01102	AMR	PUR	PR19	0	Gourraud2014	https://s3.amazonaws.com/1000genomes/1000G_2504_high_coverage/data/ERR3241821/HG01102.final.cram
HG01110	AMR	PUR	PR34	0	Gourraud2014	https://s3.amazonaws.com/1000genomes/1000G_2504_high_coverage/data/ERR3241826/HG01110.final.cram
HG01111	AMR	PUR	PR34	0	Gourraud2014	https://s3.amazonaws.com/1000genomes/1000G_2504_high_coverage/data/ERR3241827/HG01111.final.cram
HG01112	AMR	CLM	CLM03	0	Gourraud2014	https://s3.amazonaws.com/1000genomes/1000G_2504_high_coverage/data/ERR3241828/HG01112.final.cram
HG01113	AMR	CLM	CLM03	0	Gourraud2014	https://s3.amazonaws.com/1000genomes/1000G_2504_high_coverage/data/ERR3241829/HG01113.final.cram
HG01124	AMR	CLM	CLM04	0	Gourraud2014	https://s3.amazonaws.com/1000genomes/1000G_2504_high_coverage/data/ERR3241830/HG01124.final.cram
HG01125	AMR	CLM	CLM04	0	Gourraud2014	https://s3.amazonaws.com/1000genomes/1000G_2504_high_coverage/data/ERR3241831/HG01125.final.cram
HG01133	AMR	CLM	CLM07	0	Gourraud2014	https://s3.amazonaws.com/1000genomes/1000G_2504_high_coverage/data/ERR3241832/HG01133.final.cram
HG01134	AMR	CLM	CLM07	0	Gourraud2014	https://s3.amazonaws.com/1000genomes/1000G_2504_high_coverage/data/ERR3241833/HG01134.final.cram
HG01136	AMR	CLM	CLM08	0	Gourraud2014	https://s3.amazonaws.com/1000genomes/1000G_2504_high_coverage/data/ERR3241834/HG01136.final.cram
HG01137	AMR	CLM	CLM08	0	Gourraud2014	https://s3.amazonaws.com/1000genomes/1000G_2504_high_coverage/data/ERR3241835/HG01137.final.cram
HG01139	AMR	CLM	CLM09	0	Gourraud2014	https://s3.amazonaws.com/1000genomes/1000G_2504_high_coverage/data/ERR3241836/HG01139.final.cram
HG01140	AMR	CLM	CLM09	0	Gourraud2014	https://s3.amazonaws.com/1000genomes/1000G_2504_high_coverage/data/ERR3241837/HG01140.final.cram
HG01170	AMR	PUR	PR24	0	Gourraud2014	https://s3.amazonaws.com/1000genomes/1000G_2504_high_coverage/data/ERR3241842/HG01170.final.cram
HG01171	AMR	PUR	PR24	0	Gourraud2014	https://s3.amazonaws.com/1000genomes/1000G_2504_high_coverage/data/ERR3241843/HG01171.final.cram
HG01176	AMR	PUR	PR42	0	Gourraud2014	https://s3.amazonaws.com/1000genomes/1000G_2504_high_coverage/data/ERR3241846/HG01176.final.cram
HG01177	AMR	PUR	PR42	0	Gourraud2014	https://s3.amazonaws.com/1000genomes/1000G_2504_high_coverage/data/ERR3241847/HG01177.final.cram
HG01182	AMR	PUR	PR44	0	Gourraud2014	https://s3.amazonaws.com/1000genomes/1000G_2504_high_coverage/data/ERR3241848/HG01182.final.cram
HG01183	AMR	PUR	PR44	0	Gourraud2014	https://s3.amazonaws.com/1000genomes/1000G_2504_high_coverage/data/ERR3241849/HG01183.final.cram
HG01187	AMR	PUR	PR38	0	Gourraud2014	https://s3.amazonaws.com/1000genomes/1000G_2504_high_coverage/data/ERR3241850/HG01187.final.cram
HG01188	AMR	PUR	PR38	0	Gourraud2014	https://s3.amazonaws.com/1000genomes/1000G_2504_high_coverage/data/ERR3241851/HG01188.final.cram
HG01197	AMR	PUR	PR46	0	Gourraud2014	https://s3.amazonaws.com/1000genomes/1000G_2504_high_coverage/data/ERR3241854/HG01197.final.cram
HG01198	AMR	PUR	PR46	0	Gourraud2014	https://s3.amazonaws.com/1000genomes/1000G_2504_high_coverage/data/ERR3241855/HG01198.final.cram
HG01204	AMR	PUR	PR49	0	Gourraud2014	https://s3.amazonaws.com/1000genomes/1000G_2504_high_coverage/data/ERR3241856/HG01204.final.cram
HG01205	AMR	PUR	PR49	0	Gourraud2014	https://s3.amazonaws.com/1000genomes/1000G_2504_high_coverage/data/ERR3241857/HG01205.final.cram
HG01247	AMR	PUR	PR32	0	Gourraud2014	https://s3.amazonaws.com/1000genomes/1000G_2504_high_coverage/data/ERR3241860/HG01247.final.cram
HG01248	AMR	PUR	PR32	0	Gourraud2014	https://s3.amazonaws.com/1000genomes/1000G_2504_high_coverage/data/ERR3241861/HG01248.final.cram
HG01271	AMR	CLM	CLM21	0	Gourraud2014	https://s3.amazonaws.com/1000genomes/1000G_2504_high_coverage/data/ERR3241870/HG01271.final.cram
HG01272	AMR	CLM	CLM21	0	Gourraud2014	https://s3.amazonaws.com/1000genomes/1000G_2504_high_coverage/data/ERR3241871/HG01272.final.cram
HG01274	AMR	CLM	CLM22	0	Gourraud2014	https://s3.amazonaws.com/1000genomes/1000G_2504_high_coverage/additional_698_related/data/ERR3988865/HG01274.final.cram
HG01275	AMR	CLM	CLM22	0	Gourraud2014	https://s3.amazonaws.com/1000genomes/1000G_2504_high_coverage/data/ERR3241872/HG01275.final.cram
HG01277	AMR	CLM	CLM23	0	Gourraud2014	https://s3.amazonaws.com/1000genomes/1000G_2504_high_coverage/data/ERR3241873/HG01277.final.cram
HG01278	AMR	CLM	CLM23	0	Gourraud2014	https://s3.amazonaws.com/1000genomes/1000G_2504_high_coverage/additional_698_related/data/ERR3988867/HG01278.final.cram
HG01334	EUR	GBR	HG01334	0	Gourraud2014	https://s3.amazonaws.com/1000genomes/1000G_2504_high_coverage/data/ERR3241874/HG01334.final.cram
HG01341	AMR	CLM	CLM26	0	Gourraud2014	https://s3.amazonaws.com/1000genomes/1000G_2504_high_coverage/data/ERR3241884/HG01341.final.cram
HG01342	AMR	CLM	CLM26	0	Gourraud2014	https://s3.amazonaws.com/1000genomes/1000G_2504_high_coverage/data/ERR3241885/HG01342.final.cram
HG01347	AMR	CLM	CLM28	0	Gourraud2014	https://s3.amazonaws.com/1000genomes/1000G_2504_high_coverage/additional_698_related/data/ERR3988871/HG01347.final.cram
HG01348	AMR	CLM	CLM28	0	Gourraud2014	https://s3.amazonaws.com/1000genomes/1000G_2504_high_coverage/data/ERR3241877/HG01348.final.cram
HG01350	AMR	CLM	CLM29	0	Gourraud2014	https://s3.amazonaws.com/1000genomes/1000G_2504_high_coverage/data/ERR3241886/HG01350.final.cram
HG01351	AMR	CLM	CLM29	0	Gourraud2014	https://s3.amazonaws.com/1000genomes/1000G_2504_high_coverage/data/ERR3241887/HG01351.final.cram
HG01353	AMR	CLM	CLM30	0	Gourraud2014	https://s3.amazonaws.com/1000genomes/1000G_2504_high_coverage/data/ERR3241888/HG01353.final.cram
HG01354	AMR	CLM	CLM30	0	Gourraud2014	https://s3.amazonaws.com/1000genomes/1000G_2504_high_coverage/data/ERR3241889/HG01354.final.cram
HG01365	AMR	CLM	CLM34	0	Gourraud2014	https://s3.amazonaws.com/1000genomes/1000G_2504_high_coverage/data/ERR3241892/HG01365.final.cram
HG01366	AMR	CLM	CLM34	0	Gourraud2014	https://s3.amazonaws.com/1000genomes/1000G_2504_high_coverage/data/ERR3241893/HG01366.final.cram
HG01374	AMR	CLM	CLM37	0	Gourraud2014	https://s3.amazonaws.com/1000genomes/1000G_2504_high_coverage/data/ERR3241894/HG01374.final.cram
HG01375	AMR	CLM	CLM37	0	Gourraud2014	https://s3.amazonaws.com/1000genomes/1000G_2504_high_coverage/data/ERR3241895/HG01375.final.cram
HG01377	AMR	CLM	CLM38	0	Gourraud2014	https://s3.amazonaws.com/1000genomes/1000G_2504_high_coverage/data/ERR3241880/HG01377.final.cram
HG01378	AMR	CLM	CLM38	0	Gourraud2014	https://s3.amazonaws.com/1000genomes/1000G_2504_high_coverage/data/ERR3241881/HG01378.final.cram
HG01383	AMR	CLM	CLM40	0	Gourraud2014	https://s3.amazonaws.com/1000genomes/1000G_2504_high_coverage/data/ERR3241882/HG01383.final.cram
HG01384	AMR	CLM	CLM40	0	Gourraud2014	https://s3.amazonaws.com/1000genomes/1000G_2504_high_coverage/data/ERR3241883/HG01384.final.cram
HG01389	AMR	CLM	CLM42	0	Gourraud2014	https://s3.amazonaws.com/1000genomes/1000G_2504_high_coverage/data/ERR3241896/HG01389.final.cram
HG01390	AMR	CLM	CLM42	0	Gourraud2014	https://s3.amazonaws.com/1000genomes/1000G_2504_high_coverage/data/ERR3241897/HG01390.final.cram
HG01437	AMR	CLM	CLM45	0	Gourraud2014	https://s3.amazonaws.com/1000genomes/1000G_2504_high_coverage/data/ERR3241898/HG01437.final.cram
HG01438	AMR	CLM	CLM45	0	Gourraud2014	https://s3.amazonaws.com/1000genomes/1000G_2504_high_coverage/data/ERR3241899/HG01438.final.cram
HG01440	AMR	CLM	CLM46a	0	Gourraud2014	https://s3.amazonaws.com/1000genomes/1000G_2504_high_coverage/data/ERR3241900/HG01440.final.cram
HG01441	AMR	CLM	CLM46	0	Gourraud2014	https://s3.amazonaws.com/1000genomes/1000G_2504_high_coverage/data/ERR3241901/HG01441.final.cram
HG01455	AMR	CLM	CLM51	0	Gourraud2014	https://s3.amazonaws.com/1000genomes/1000G_2504_high_coverage/data/ERR3241902/HG01455.final.cram
HG01456	AMR	CLM	CLM51	0	Gourraud2014	https://s3.amazonaws.com/1000genomes/1000G_2504_high_coverage/data/ERR3241903/HG01456.final.cram
HG01461	AMR	CLM	CLM53	0	Gourraud2014	https://s3.amazonaws.com/1000genomes/1000G_2504_high_coverage/data/ERR3241904/HG01461.final.cram
HG01462	AMR	CLM	CLM53	0	Gourraud2014	https://s3.amazonaws.com/1000genomes/1000G_2504_high_coverage/data/ERR3241905/HG01462.final.cram
HG01464	AMR	CLM	CLM54	0	Gourraud2014	https://s3.amazonaws.com/1000genomes/1000G_2504_high_coverage/data/ERR3241906/HG01464.final.cram
HG01465	AMR	CLM	CLM54	0	Gourraud2014	https://s3.amazonaws.com/1000genomes/1000G_2504_high_coverage/data/ERR3241907/HG01465.final.cram
HG01488	AMR	CLM	CLM62	0	Gourraud2014	https://s3.amazonaws.com/1000genomes/1000G_2504_high_coverage/data/ERR3241908/HG01488.final.cram
HG01489	AMR	CLM	CLM62	0	Gourraud2014	https://s3.amazonaws.com/1000genomes/1000G_2504_high_coverage/data/ERR3241909/HG01489.final.cram
HG01491	AMR	CLM	CLM63	0	Gourraud2014	https://s3.amazonaws.com/1000genomes/1000G_2504_high_coverage/data/ERR3241910/HG01491.final.cram
HG01492	AMR	CLM	CLM63	0	Gourraud2014	https://s3.amazonaws.com/1000genomes/1000G_2504_high_coverage/data/ERR3241911/HG01492.final.cram
HG01497	AMR	CLM	CLM65	0	Gourraud2014	https://s3.amazonaws.com/1000genomes/1000G_2504_high_coverage/data/ERR3241914/HG01497.final.cram
HG01498	AMR	CLM	CLM65	0	Gourraud2014	https://s3.amazonaws.com/1000genomes/1000G_2504_high_coverage/data/ERR3241915/HG01498.final.cram
HG01550	AMR	CLM	CLM66	0	Gourraud2014	https://s3.amazonaws.com/1000genomes/1000G_2504_high_coverage/data/ERR3241940/HG01550.final.cram
HG01551	AMR	CLM	CLM66	0	Gourraud2014	https://s3.amazonaws.com/1000genomes/1000G_2504_high_coverage/data/ERR3241941/HG01551.final.cram
NA06985	EUR	CEU	1341	0	Gourraud2014	https://s3.amazonaws.com/1000genomes/1000G_2504_high_coverage/data/ERR3239276/NA06985.final.cram
NA06986	EUR	CEU	13291	0	Gourraud2014	https://s3.amazonaws.com/1000genomes/1000G_2504_high_coverage/data/ERR3239277/NA06986.final.cram
NA06991	EUR	CEU	1341	0	Gourraud2014	https://s3.amazonaws.com/1000genomes/1000G_2504_high_coverage/additional_698_related/data/ERR3989263/NA06991.final.cram
NA06993	EUR	CEU	1341	0	Gourraud2014	https://s3.amazonaws.com/1000genomes/1000G_2504_high_coverage/additional_698_related/data/ERR3989264/NA06993.final.cram
NA06994	EUR	CEU	1340	0	Gourraud2014	https://s3.amazonaws.com/1000genomes/1000G_2504_high_coverage/data/ERR3239278/NA06994.final.cram
NA06995	EUR	CEU	13291	0	Gourraud2014	https://s3.amazonaws.com/1000genomes/1000G_2504_high_coverage/additional_698_related/data/ERR3989265/NA06995.final.cram
NA06997	EUR	CEU	13291	0	Gourraud2014	https://s3.amazonaws.com/1000genomes/1000G_2504_high_coverage/additional_698_related/data/ERR3989266/NA06997.final.cram
NA07000	EUR	CEU	1340	0	Gourraud2014	https://s3.amazonaws.com/1000genomes/1000G_2504_high_coverage/data/ERR3239279/NA07000.final.cram
NA07014	EUR	CEU	13292	0	Gourraud2014	https://s3.amazonaws.com/1000genomes/1000G_2504_high_coverage/additional_698_related/data/ERR3989267/NA07014.final.cram
NA07019	EUR	CEU	1340	0	Gourraud2014	https://s3.amazonaws.com/1000genomes/1000G_2504_high_coverage/additional_698_related/data/ERR3989268/NA07019.final.cram
NA07022	EUR	CEU	1340	0	Gourraud2014	https://s3.amazonaws.com/1000genomes/1000G_2504_high_coverage/additional_698_related/data/ERR3989269/NA07022.final.cram
NA07029	EUR	CEU	1340	0	Gourraud2014	https://s3.amazonaws.com/1000genomes/1000G_2504_high_coverage/additional_698_related/data/ERR3989270/NA07029.final.cram
NA07031	EUR	CEU	13292	0	Gourraud2014	https://s3.amazonaws.com/1000genomes/1000G_2504_high_coverage/additional_698_related/data/ERR3989271/NA07031.final.cram
NA07034	EUR	CEU	1341	0	Gourraud2014	https://s3.amazonaws.com/1000genomes/1000G_2504_high_coverage/additional_698_related/data/ERR3989272/NA07034.final.cram
NA07037	EUR	CEU	13291	0	Gourraud2014	https://s3.amazonaws.com/1000genomes/1000G_2504_high_coverage/data/ERR3239280/NA07037.final.cram
NA07045	EUR	CEU	13291	0	Gourraud2014	https://s3.amazonaws.com/1000genomes/1000G_2504_high_coverage/additional_698_related/data/ERR3989273/NA07045.final.cram
NA07048	EUR	CEU	1341	0	Gourraud2014	https://s3.amazonaws.com/1000genomes/1000G_2504_high_coverage/data/ERR3239642/NA07048.final.cram
NA07051	EUR	CEU	13292	0	Gourraud2014	https://s3.amazonaws.com/1000genomes/1000G_2504_high_coverage/data/ERR3239281/NA07051.final.cram
NA07055	EUR	CEU	1341	0	Gourraud2014	https://s3.amazonaws.com/1000genomes/1000G_2504_high_coverage/additional_698_related/data/ERR3989274/NA07055.final.cram
NA07056	EUR	CEU	1340	0	Gourraud2014	https://s3.amazonaws.com/1000genomes/1000G_2504_high_coverage/data/ERR3239456/NA07056.final.cram
NA07345	EUR	CEU	1345	0	Gourraud2014	https://s3.amazonaws.com/1000genomes/1000G_2504_high_coverage/additional_698_related/data/ERR3989275/NA07345.final.cram
NA07346	EUR	CEU	1345	0	Gourraud2014	https://s3.amazonaws.com/1000genomes/1000G_2504_high_coverage/additional_698_related/data/ERR3989276/NA07346.final.cram
NA07347	EUR	CEU	1345	0	Gourraud2014	https://s3.amazonaws.com/1000genomes/1000G_2504_high_coverage/data/ERR3239282/NA07347.final.cram
NA07348	EUR	CEU	1345	0	Gourraud2014	https://s3.amazonaws.com/1000genomes/1000G_2504_high_coverage/additional_698_related/data/ERR3989277/NA07348.final.cram
NA07349	EUR	CEU	1345	0	Gourraud2014	https://s3.amazonaws.com/1000genomes/1000G_2504_high_coverage/additional_698_related/data/ERR3989278/NA07349.final.cram
NA07357	EUR	CEU	1345	0	Gourraud2014	https://s3.amazonaws.com/1000genomes/1000G_2504_high_coverage/data/ERR3239283/NA07357.final.cram
NA07435	EUR	CEU	13291	0	Gourraud2014	https://s3.amazonaws.com/1000genomes/1000G_2504_high_coverage/additional_698_related/data/ERR3989279/NA07435.final.cram
NA10830	EUR	CEU	1408	0	Gourraud2014	https://s3.amazonaws.com/1000genomes/1000G_2504_high_coverage/additional_698_related/data/ERR3989280/NA10830.final.cram
NA10831	EUR	CEU	1408	0	Gourraud2014	https://s3.amazonaws.com/1000genomes/1000G_2504_high_coverage/additional_698_related/data/ERR3989281/NA10831.final.cram
NA10835	EUR	CEU	1416	0	Gourraud2014	https://s3.amazonaws.com/1000genomes/1000G_2504_high_coverage/additional_698_related/data/ERR3989282/NA10835.final.cram
NA10836	EUR	CEU	1418	0	Gourraud2014	https://s3.amazonaws.com/1000genomes/1000G_2504_high_coverage/additional_698_related/data/ERR3989283/NA10836.final.cram
NA10837	EUR	CEU	1418	0	Gourraud2014	https://s3.amazonaws.com/1000genomes/1000G_2504_high_coverage/additional_698_related/data/ERR3989284/NA10837.final.cram
NA10838	EUR	CEU	1420	0	Gourraud2014	https://s3.amazonaws.com/1000genomes/1000G_2504_high_coverage/additional_698_related/data/ERR3989285/NA10838.final.cram
NA10839	EUR	CEU	1420	0	Gourraud2014	https://s3.amazonaws.com/1000genomes/1000G_2504_high_coverage/additional_698_related/data/ERR3989286/NA10839.final.cram
NA10840	EUR	CEU	1421	0	Gourraud2014	https://s3.amazonaws.com/1000genomes/1000G_2504_high_coverage/additional_698_related/data/ERR3989287/NA10840.final.cram
NA10842	EUR	CEU	1423	0	Gourraud2014	https://s3.amazonaws.com/1000genomes/1000G_2504_high_coverage/additional_698_related/data/ERR3989288/NA10842.final.cram
NA10843	EUR	CEU	1423	0	Gourraud2014	https://s3.amazonaws.com/1000genomes/1000G_2504_high_coverage/additional_698_related/data/ERR3989289/NA10843.final.cram
NA10845	EUR	CEU	1424	0	Gourraud2014	https://s3.amazonaws.com/1000genomes/1000G_2504_high_coverage/additional_698_related/data/ERR3989290/NA10845.final.cram
NA10846	EUR	CEU	1334	0	Gourraud2014	https://s3.amazonaws.com/1000genomes/1000G_2504_high_coverage/additional_698_related/data/ERR3989291/NA10846.final.cram
NA10847	EUR	CEU	1334	0	Gourraud2014	https://s3.amazonaws.com/1000genomes/1000G_2504_high_coverage/data/ERR3239284/NA10847.final.cram
NA10851	EUR	CEU	1344	0	Gourraud2014	https://s3.amazonaws.com/1000genomes/1000G_2504_high_coverage/data/ERR3239285/NA10851.final.cram
NA10852	EUR	CEU	1346	0	Gourraud2014	https://s3.amazonaws.com/1000genomes/1000G_2504_high_coverage/additional_698_related/data/ERR3989292/NA10852.final.cram
NA10854	EUR	CEU	1349	0	Gourraud2014	https://s3.amazonaws.com/1000genomes/1000G_2504_high_coverage/additional_698_related/data/ERR3989293/NA10854.final.cram
NA10855	EUR	CEU	1350	0	Gourraud2014	https://s3.amazonaws.com/1000genomes/1000G_2504_high_coverage/additional_698_related/data/ERR3989294/NA10855.final.cram
NA10856	EUR	CEU	1350	0	Gourraud2014	https://s3.amazonaws.com/1000genomes/1000G_2504_high_coverage/additional_698_related/data/ERR3989295/NA10856.final.cram
NA10857	EUR	CEU	1346	0	Gourraud2014	https://s3.amazonaws.com/1000genomes/1000G_2504_high_coverage/additional_698_related/data/ERR3989296/NA10857.final.cram
NA10859	EUR	CEU	1347	0	Gourraud2014	https://s3.amazonaws.com/1000genomes/1000G_2504_high_coverage/additional_698_related/data/ERR3989297/NA10859.final.cram
NA10860	EUR	CEU	1362	0	Gourraud2014	https://s3.amazonaws.com/1000genomes/1000G_2504_high_coverage/additional_698_related/data/ERR3989298/NA10860.final.cram
NA10861	EUR	CEU	1362	0	Gourraud2014	https://s3.amazonaws.com/1000genomes/1000G_2504_high_coverage/additional_698_related/data/ERR3989299/NA10861.final.cram
NA10863	EUR	CEU	1375	0	Gourraud2014	https://s3.amazonaws.com/1000genomes/1000G_2504_high_coverage/additional_698_related/data/ERR3989300/NA10863.final.cram
NA10864	EUR	CEU	1377	0	Gourraud2014	https://s3.amazonaws.com/1000genomes/1000G_2504_high_coverage/additional_698_related/data/ERR3989301/NA10864.final.cram
NA10865	EUR	CEU	1377	0	Gourraud2014	https://s3.amazonaws.com/1000genomes/1000G_2504_high_coverage/additional_698_related/data/ERR3989302/NA10865.final.cram
NA11829	EUR	CEU	1350	0	Gourraud2014	https://s3.amazonaws.com/1000genomes/1000G_2504_high_coverage/data/ERR3239286/NA11829.final.cram
NA11830	EUR	CEU	1350	0	Gourraud2014	https://s3.amazonaws.com/1000genomes/1000G_2504_high_coverage/data/ERR3239287/NA11830.final.cram
NA11831	EUR	CEU	1350	0	Gourraud2014	https://s3.amazonaws.com/1000genomes/1000G_2504_high_coverage/data/ERR3239288/NA11831.final.cram
NA11832	EUR	CEU	1350	0	Gourraud2014	https://s3.amazonaws.com/1000genomes/1000G_2504_high_coverage/data/ERR3239289/NA11832.final.cram
NA11839	EUR	CEU	1349	0	Gourraud2014	https://s3.amazonaws.com/1000genomes/1000G_2504_high_coverage/additional_698_related/data/ERR3989303/NA11839.final.cram
NA11840	EUR	CEU	1349	0	Gourraud2014	https://s3.amazonaws.com/1000genomes/1000G_2504_high_coverage/data/ERR3239290/NA11840.final.cram
NA11843	EUR	CEU	1349	0	Gourraud2014	https://s3.amazonaws.com/1000genomes/1000G_2504_high_coverage/data/ERR3239460/NA11843.final.cram
NA11881	EUR	CEU	1347	0	Gourraud2014	https://s3.amazonaws.com/1000genomes/1000G_2504_high_coverage/data/ERR3239291/NA11881.final.cram
NA11882	EUR	CEU	1347	0	Gourraud2014	https://s3.amazonaws.com/1000genomes/1000G_2504_high_coverage/additional_698_related/data/ERR3989304/NA11882.final.cram
NA11891	EUR	CEU	1377	0	Gourraud2014	https://s3.amazonaws.com/1000genomes/1000G_2504_high_coverage/additional_698_related/data/ERR3989305/NA11891.final.cram
NA11892	EUR	CEU	1377	0	Gourraud2014	https://s3.amazonaws.com/1000genomes/1000G_2504_high_coverage/data/ERR3239461/NA11892.final.cram
NA11893	EUR	CEU	1377	0	Gourraud2014	https://s3.amazonaws.com/1000genomes/1000G_2504_high_coverage/data/ERR3239462/NA11893.final.cram
NA11894	EUR	CEU	1377	0	Gourraud2014	https://s3.amazonaws.com/1000genomes/1000G_2504_high_coverage/data/ERR3239292/NA11894.final.cram
NA11917	EUR	CEU	1423	0	Gourraud2014	https://s3.amazonaws.com/1000genomes/1000G_2504_high_coverage/additional_698_related/data/ERR3989306/NA11917.final.cram
NA11918	EUR	CEU	1423	0	Gourraud2014	https://s3.amazonaws.com/1000genomes/1000G_2504_high_coverage/data/ERR3239293/NA11918.final.cram
NA11919	EUR	CEU	1423	0	Gourraud2014	https://s3.amazonaws.com/1000genomes/1000G_2504_high_coverage/data/ERR3239294/NA11919.final.cram
NA11920	EUR	CEU	1423	0	Gourraud2014	https://s3.amazonaws.com/1000genomes/1000G_2504_high_coverage/data/ERR3239295/NA11920.final.cram
NA11930	EUR	CEU	1424	0	Gourraud2014	https://s3.amazonaws.com/1000genomes/1000G_2504_high_coverage/data/ERR3239463/NA11930.final.cram
NA11931	EUR	CEU	1424	0	Gourraud2014	https://s3.amazonaws.com/1000genomes/1000G_2504_high_coverage/data/ERR3239296/NA11931.final.cram
NA11992	EUR	CEU	1362	0	Gourraud2014	https://s3.amazonaws.com/1000genomes/1000G_2504_high_coverage/data/ERR3239297/NA11992.final.cram
NA11993	EUR	CEU	1362	0	Gourraud2014	https://s3.amazonaws.com/1000genomes/1000G_2504_high_coverage/additional_698_related/data/ERR3989307/NA11993.final.cram
NA11994	EUR	CEU	1362	0	Gourraud2014	https://s3.amazonaws.com/1000genomes/1000G_2504_high_coverage/data/ERR3239298/NA11994.final.cram
NA11995	EUR	CEU	1362	0	Gourraud2014	https://s3.amazonaws.com/1000genomes/1000G_2504_high_coverage/data/ERR3239299/NA11995.final.cram
NA12003	EUR	CEU	1420	0	Gourraud2014	https://s3.amazonaws.com/1000genomes/1000G_2504_high_coverage/data/ERR3239300/NA12003.final.cram
NA12004	EUR	CEU	1420	0	Gourraud2014	https://s3.amazonaws.com/1000genomes/1000G_2504_high_coverage/data/ERR3239301/NA12004.final.cram
NA12005	EUR	CEU	1420	0	Gourraud2014	https://s3.amazonaws.com/1000genomes/1000G_2504_high_coverage/data/ERR3239302/NA12005.final.cram
NA12006	EUR	CEU	1420	0	Gourraud2014	https://s3.amazonaws.com/1000genomes/1000G_2504_high_coverage/data/ERR3239303/NA12006.final.cram
NA12043	EUR	CEU	1346	0	Gourraud2014	https://s3.amazonaws.com/1000genomes/1000G_2504_high_coverage/data/ERR3239304/NA12043.final.cram
NA12044	EUR	CEU	1346	0	Gourraud2014	https://s3.amazonaws.com/1000genomes/1000G_2504_high_coverage/data/ERR3239305/NA12044.final.cram
NA12045	EUR	CEU	1346	0	Gourraud2014	https://s3.amazonaws.com/1000genomes/1000G_2504_high_coverage/data/ERR3239306/NA12045.final.cram
NA12046	EUR	CEU	1346	0	Gourraud2014	https://s3.amazonaws.com/1000genomes/1000G_2504_high_coverage/data/ERR3239645/NA12046.final.cram
NA12056	EUR	CEU	1344	0	Gourraud2014	https://s3.amazonaws.com/1000genomes/1000G_2504_high_coverage/additional_698_related/data/ERR3989308/NA12056.final.cram
NA12057	EUR	CEU	1344	0	Gourraud2014	https://s3.amazonaws.com/1000genomes/1000G_2504_high_coverage/additional_698_related/data/ERR3989309/NA12057.final.cram
NA12058	EUR	CEU	1344	0	Gourraud2014	https://s3.amazonaws.com/1000genomes/1000G_2504_high_coverage/data/ERR3239464/NA12058.final.cram
NA12144	EUR	CEU	1334	0	Gourraud2014	https://s3.amazonaws.com/1000genomes/1000G_2504_high_coverage/data/ERR3239307/NA12144.final.cram
NA12145	EUR	CEU	1334	0	Gourraud2014	https://s3.amazonaws.com/1000genomes/1000G_2504_high_coverage/additional_698_related/data/ERR3989310/NA12145.final.cram
NA12146	EUR	CEU	1334	0	Gourraud2014	https://s3.amazonaws.com/1000genomes/1000G_2504_high_coverage/additional_698_related/data/ERR3989311/NA12146.final.cram
NA12154	EUR	CEU	1408	0	Gourraud2014	https://s3.amazonaws.com/1000genomes/1000G_2504_high_coverage/data/ERR3239308/NA12154.final.cram
NA12155	EUR	CEU	1408	0	Gourraud2014	https://s3.amazonaws.com/1000genomes/1000G_2504_high_coverage/data/ERR3239309/NA12155.final.cram
NA12156	EUR	CEU	1408	0	Gourraud2014	https://s3.amazonaws.com/1000genomes/1000G_2504_high_coverage/data/ERR3239310/NA12156.final.cram
NA12234	EUR	CEU	1375	0	Gourraud2014	https://s3.amazonaws.com/1000genomes/1000G_2504_high_coverage/data/ERR3239311/NA12234.final.cram
NA12236	EUR	CEU	1408	0	Gourraud2014	https://s3.amazonaws.com/1000genomes/1000G_2504_high_coverage/additional_698_related/data/ERR3989312/NA12236.final.cram
NA12239	EUR	CEU	1334	0	Gourraud2014	https://s3.amazonaws.com/1000genomes/1000G_2504_high_coverage/additional_698_related/data/ERR3989313/NA12239.final.cram
NA12248	EUR	CEU	1416	0	Gourraud2014	https://s3.amazonaws.com/1000genomes/1000G_2504_high_coverage/additional_698_related/data/ERR3989314/NA12248.final.cram
NA12249	EUR	CEU	1416	0	Gourraud2014	https://s3.amazonaws.com/1000genomes/1000G_2504_high_coverage/data/ERR3239312/NA12249.final.cram
NA12264	EUR	CEU	1375	0	Gourraud2014	https://s3.amazonaws.com/1000genomes/1000G_2504_high_coverage/additional_698_related/data/ERR3989315/NA12264.final.cram
NA12272	EUR	CEU	1418	0	Gourraud2014	https://s3.amazonaws.com/1000genomes/1000G_2504_high_coverage/data/ERR3239465/NA12272.final.cram
NA12273	EUR	CEU	1418	0	Gourraud2014	https://s3.amazonaws.com/1000genomes/1000G_2504_high_coverage/data/ERR3239466/NA12273.final.cram
NA12274	EUR	CEU	1418	0	Gourraud2014	https://s3.amazonaws.com/1000genomes/1000G_2504_high_coverage/additional_698_related/data/ERR3989316/NA12274.final.cram
NA12275	EUR	CEU	1418	0	Gourraud2014	https://s3.amazonaws.com/1000genomes/1000G_2504_high_coverage/data/ERR3239467/NA12275.final.cram
NA12282	EUR	CEU	1421a	0	Gourraud2014	https://s3.amazonaws.com/1000genomes/1000G_2504_high_coverage/data/ERR3239468/NA12282.final.cram
NA12283	EUR	CEU	1421a	0	Gourraud2014	https://s3.amazonaws.com/1000genomes/1000G_2504_high_coverage/data/ERR3239469/NA12283.final.cram
NA12286	EUR	CEU	1421	0	Gourraud2014	https://s3.amazonaws.com/1000genomes/1000G_2504_high_coverage/data/ERR3239470/NA12286.final.cram
NA12287	EUR	CEU	1421	0	Gourraud2014	https://s3.amazonaws.com/1000genomes/1000G_2504_high_coverage/data/ERR3239313/NA12287.final.cram
NA18500	AFR	YRI	Y004	0	Gourraud2014	https://s3.amazonaws.com/1000genomes/1000G_2504_high_coverage/additional_698_related/data/ERR3989347/NA18500.final.cram
NA18501	AFR	YRI	Y004	0	Gourraud2014	https://s3.amazonaws.com/1000genomes/1000G_2504_high_coverage/data/ERR3239339/NA18501.final.cram
NA18502	AFR	YRI	Y004	0	Gourraud2014	https://s3.amazonaws.com/1000genomes/1000G_2504_high_coverage/data/ERR3239340/NA18502.final.cram
NA18515	AFR	YRI	Y013	0	Gourraud2014	https://s3.amazonaws.com/1000genomes/1000G_2504_high_coverage/additional_698_related/data/ERR3989350/NA18515.final.cram
NA18516	AFR	YRI	Y013	0	Gourraud2014	https://s3.amazonaws.com/1000genomes/1000G_2504_high_coverage/data/ERR3239347/NA18516.final.cram
NA18517	AFR	YRI	Y013	0	Gourraud2014	https://s3.amazonaws.com/1000genomes/1000G_2504_high_coverage/data/ERR3239348/NA18517.final.cram
NA18526	EAS	CHB	NA18526	0	Gourraud2014	https://s3.amazonaws.com/1000genomes/1000G_2504_high_coverage/data/ERR3239353/NA18526.final.cram
NA18530	EAS	CHB	NA18530	0	Gourraud2014	https://s3.amazonaws.com/1000genomes/1000G_2504_high_coverage/data/ERR3239492/NA18530.final.cram
NA18532	EAS	CHB	NA18532	0	Gourraud2014	https://s3.amazonaws.com/1000genomes/1000G_2504_high_coverage/data/ERR3239354/NA18532.final.cram
NA18534	EAS	CHB	NA18534	0	Gourraud2014	https://s3.amazonaws.com/1000genomes/1000G_2504_high_coverage/data/ERR3239493/NA18534.final.cram
NA18536	EAS	CHB	NA18536	0	Gourraud2014	https://s3.amazonaws.com/1000genomes/1000G_2504_high_coverage/data/ERR3239494/NA18536.final.cram
NA18537	EAS	CHB	NA18537	0	Gourraud2014	https://s3.amazonaws.com/1000genomes/1000G_2504_high_coverage/data/ERR3239355/NA18537.final.cram
NA18542	EAS	CHB	NA18542	0	Gourraud2014	https://s3.amazonaws.com/1000genomes/1000G_2504_high_coverage/data/ERR3239356/NA18542.final.cram
NA18543	EAS	CHB	NA18543	0	Gourraud2014	https://s3.amazonaws.com/1000genomes/1000G_2504_high_coverage/data/ERR3239495/NA18543.final.cram
NA18544	EAS	CHB	NA18544	0	Gourraud2014	https://s3.amazonaws.com/1000genomes/1000G_2504_high_coverage/data/ERR3239496/NA18544.final.cram
NA18545	EAS	CHB	NA18545	0	Gourraud2014	https://s3.amazonaws.com/1000genomes/1000G_2504_high_coverage/data/ERR3239357/NA18545.final.cram
NA18546	EAS	CHB	NA18546	0	Gourraud2014	https://s3.amazonaws.com/1000genomes/1000G_2504_high_coverage/data/ERR3239497/NA18546.final.cram
NA18547	EAS	CHB	NA18547	0	Gourraud2014	https://s3.amazonaws.com/1000genomes/1000G_2504_high_coverage/data/ERR3239358/NA18547.final.cram
NA18548	EAS	CHB	NA18548	0	Gourraud2014	https://s3.amazonaws.com/1000genomes/1000G_2504_high_coverage/data/ERR3239498/NA18548.final.cram
NA18549	EAS	CHB	NA18549	0	Gourraud2014	https://s3.amazonaws.com/1000genomes/1000G_2504_high_coverage/data/ERR3239499/NA18549.final.cram
NA18550	EAS	CHB	NA18550	0	Gourraud2014	https://s3.amazonaws.com/1000genomes/1000G_2504_high_coverage/data/ERR3239359/NA18550.final.cram
NA18552	EAS	CHB	NA18552	0	Gourraud2014	https://s3.amazonaws.com/1000genomes/1000G_2504_high_coverage/data/ERR3239360/NA18552.final.cram
NA18555	EAS	CHB	NA18555	0	Gourraud2014	https://s3.amazonaws.com/1000genomes/1000G_2504_high_coverage/data/ERR3239361/NA18555.final.cram
NA18557	EAS	CHB	NA18557	0	Gourraud2014	https://s3.amazonaws.com/1000genomes/1000G_2504_high_coverage/data/ERR3239500/NA18557.final.cram
NA18558	EAS	CHB	NA18558	0	Gourraud2014	https://s3.amazonaws.com/1000genomes/1000G_2504_high_coverage/data/ERR3239362/NA18558.final.cram
NA18559	EAS	CHB	NA18559	0	Gourraud2014	https://s3.amazonaws.com/1000genomes/1000G_2504_high_coverage/data/ERR3239501/NA18559.final.cram
NA18561	EAS	CHB	NA18561	0	Gourraud2014	https://s3.amazonaws.com/1000genomes/1000G_2504_high_coverage/data/ERR3239363/NA18561.final.cram
NA18562	EAS	CHB	NA18562	0	Gourraud2014	https://s3.amazonaws.com/1000genomes/1000G_2504_high_coverage/data/ERR3239364/NA18562.final.cram
NA18563	EAS	CHB	NA18563	0	Gourraud2014	https://s3.amazonaws.com/1000genomes/1000G_2504_high_coverage/data/ERR3239365/NA18563.final.cram
NA18564	EAS	CHB	NA18564	0	Gourraud2014	https://s3.amazonaws.com/1000genomes/1000G_2504_high_coverage/data/ERR3239366/NA18564.final.cram
NA18566	EAS	CHB	NA18566	0	Gourraud2014	https://s3.amazonaws.com/1000genomes/1000G_2504_high_coverage/data/ERR3239367/NA18566.final.cram
NA18571	EAS	CHB	NA18571	0	Gourraud2014	https://s3.amazonaws.com/1000genomes/1000G_2504_high_coverage/data/ERR3239369/NA18571.final.cram
NA18572	EAS	CHB	NA18572	0	Gourraud2014	https://s3.amazonaws.com/1000genomes/1000G_2504_high_coverage/data/ERR3239370/NA18572.final.cram
NA18573	EAS	CHB	NA18573	0	Gourraud2014	https://s3.amazonaws.com/1000genomes/1000G_2504_high_coverage/data/ERR3239371/NA18573.final.cram
NA18577	EAS	CHB	NA18577	0	Gourraud2014	https://s3.amazonaws.com/1000genomes/1000G_2504_high_coverage/data/ERR3239372/NA18577.final.cram
NA18579	EAS	CHB	NA18579	0	Gourraud2014	https://s3.amazonaws.com/1000genomes/1000G_2504_high_coverage/data/ERR3239373/NA18579.final.cram
NA18582	EAS	CHB	NA18582	0	Gourraud2014	https://s3.amazonaws.com/1000genomes/1000G_2504_high_coverage/data/ERR3239374/NA18582.final.cram
NA18592	EAS	CHB	NA18592	0	Gourraud2014	https://s3.amazonaws.com/1000genomes/1000G_2504_high_coverage/data/ERR3239375/NA18592.final.cram
NA18593	EAS	CHB	NA18593	0	Gourraud2014	https://s3.amazonaws.com/1000genomes/1000G_2504_high_coverage/data/ERR3239376/NA18593.final.cram
NA18595	EAS	CHB	NA18595	0	Gourraud2014	https://s3.amazonaws.com/1000genomes/1000G_2504_high_coverage/data/ERR3239502/NA18595.final.cram
NA18596	EAS	CHB	NA18596	0	Gourraud2014	https://s3.amazonaws.com/1000genomes/1000G_2504_high_coverage/data/ERR3239503/NA18596.final.cram
NA18597	EAS	CHB	NA18597	0	Gourraud2014	https://s3.amazonaws.com/1000genomes/1000G_2504_high_coverage/data/ERR3239504/NA18597.final.cram
NA18599	EAS	CHB	NA18599	0	Gourraud2014	https://s3.amazonaws.com/1000genomes/1000G_2504_high_coverage/data/ERR3239505/NA18599.final.cram
NA18602	EAS	CHB	NA18602	0	Gourraud2014	https://s3.amazonaws.com/1000genomes/1000G_2504_high_coverage/data/ERR3239506/NA18602.final.cram
NA18603	EAS	CHB	NA18603	0	Gourraud2014	https://s3.amazonaws.com/1000genomes/1000G_2504_high_coverage/data/ERR3239377/NA18603.final.cram
NA18605	EAS	CHB	NA18605	0	Gourraud2014	https://s3.amazonaws.com/1000genomes/1000G_2504_high_coverage/data/ERR3239378/NA18605.final.cram
NA18606	EAS	CHB	NA18606	0	Gourraud2014	https://s3.amazonaws.com/1000genomes/1000G_2504_high_coverage/data/ERR3239507/NA18606.final.cram
NA18609	EAS	CHB	NA18609	0	Gourraud2014	https://s3.amazonaws.com/1000genomes/1000G_2504_high_coverage/data/ERR3239380/NA18609.final.cram
NA18610	EAS	CHB	NA18610	0	Gourraud2014	https://s3.amazonaws.com/1000genomes/1000G_2504_high_coverage/data/ERR3239508/NA18610.final.cram
NA18611	EAS	CHB	NA18611	0	Gourraud2014	https://s3.amazonaws.com/1000genomes/1000G_2504_high_coverage/data/ERR3239509/NA18611.final.cram
NA18612	EAS	CHB	NA18612	0	Gourraud2014	https://s3.amazonaws.com/1000genomes/1000G_2504_high_coverage/data/ERR3239510/NA18612.final.cram
NA18613	EAS	CHB	NA18613	0	Gourraud2014	https://s3.amazonaws.com/1000genomes/1000G_2504_high_coverage/data/ERR3239511/NA18613.final.cram
NA18614	EAS	CHB	NA18614	0	Gourraud2014	https://s3.amazonaws.com/1000genomes/1000G_2504_high_coverage/data/ERR3239457/NA18614.final.cram
NA18615	EAS	CHB	NA18615	0	Gourraud2014	https://s3.amazonaws.com/1000genomes/1000G_2504_high_coverage/data/ERR3239512/NA18615.final.cram
NA18616	EAS	CHB	NA18616	0	Gourraud2014	https://s3.amazonaws.com/1000genomes/1000G_2504_high_coverage/data/ERR3239513/NA18616.final.cram
NA18617	EAS	CHB	NA18617	0	Gourraud2014	https://s3.amazonaws.com/1000genomes/1000G_2504_high_coverage/data/ERR3239514/NA18617.final.cram
NA18618	EAS	CHB	NA18618	0	Gourraud2014	https://s3.amazonaws.com/1000genomes/1000G_2504_high_coverage/data/ERR3239515/NA18618.final.cram
NA18619	EAS	CHB	NA18619	0	Gourraud2014	https://s3.amazonaws.com/1000genomes/1000G_2504_high_coverage/data/ERR3239516/NA18619.final.cram
NA18621	EAS	CHB	NA18621	0	Gourraud2014	https://s3.amazonaws.com/1000genomes/1000G_2504_high_coverage/data/ERR3239518/NA18621.final.cram
NA18622	EAS	CHB	NA18622	0	Gourraud2014	https://s3.amazonaws.com/1000genomes/1000G_2504_high_coverage/data/ERR3239519/NA18622.final.cram
NA18623	EAS	CHB	NA18623	0	Gourraud2014	https://s3.amazonaws.com/1000genomes/1000G_2504_high_coverage/data/ERR3239520/NA18623.final.cram
NA18624	EAS	CHB	NA18624	0	Gourraud2014	https://s3.amazonaws.com/1000genomes/1000G_2504_high_coverage/data/ERR3239521/NA18624.final.cram
NA18625	EAS	CHB	NA18625	0	Gourraud2014	https://s3.amazonaws.com/1000genomes/1000G_2504_high_coverage/data/ERR3239522/NA18625.final.cram
NA18626	EAS	CHB	NA18626	0	Gourraud2014	https://s3.amazonaws.com/1000genomes/1000G_2504_high_coverage/data/ERR3239523/NA18626.final.cram
NA18627	EAS	CHB	NA18627	0	Gourraud2014	https://s3.amazonaws.com/1000genomes/1000G_2504_high_coverage/data/ERR3239524/NA18627.final.cram
NA18628	EAS	CHB	NA18628	0	Gourraud2014	https://s3.amazonaws.com/1000genomes/1000G_2504_high_coverage/data/ERR3239525/NA18628.final.cram
NA18630	EAS	CHB	NA18630	0	Gourraud2014	https://s3.amazonaws.com/1000genomes/1000G_2504_high_coverage/data/ERR3239526/NA18630.final.cram
NA18631	EAS	CHB	NA18631	0	Gourraud2014	https://s3.amazonaws.com/1000genomes/1000G_2504_high_coverage/data/ERR3239527/NA18631.final.cram
NA18632	EAS	CHB	NA18632	0	Gourraud2014	https://s3.amazonaws.com/1000genomes/1000G_2504_high_coverage/data/ERR3239528/NA18632.final.cram
NA18633	EAS	CHB	NA18633	0	Gourraud2014	https://s3.amazonaws.com/1000genomes/1000G_2504_high_coverage/data/ERR3239529/NA18633.final.cram
NA18634	EAS	CHB	NA18634	0	Gourraud2014	https://s3.amazonaws.com/1000genomes/1000G_2504_high_coverage/data/ERR3239530/NA18634.final.cram
NA18635	EAS	CHB	NA18635	0	Gourraud2014	https://s3.amazonaws.com/1000genomes/1000G_2504_high_coverage/data/ERR3239531/NA18635.final.cram
NA18636	EAS	CHB	NA18636	0	Gourraud2014	https://s3.amazonaws.com/1000genomes/1000G_2504_high_coverage/data/ERR3239532/NA18636.final.cram
NA18637	EAS	CHB	NA18637	0	Gourraud2014	https://s3.amazonaws.com/1000genomes/1000G_2504_high_coverage/data/ERR3239533/NA18637.final.cram
NA18638	EAS	CHB	NA18638	0	Gourraud2014	https://s3.amazonaws.com/1000genomes/1000G_2504_high_coverage/data/ERR3239381/NA18638.final.cram
NA18639	EAS	CHB	NA18639	0	Gourraud2014	https://s3.amazonaws.com/1000genomes/1000G_2504_high_coverage/data/ERR3239534/NA18639.final.cram
NA18640	EAS	CHB	NA18640	0	Gourraud2014	https://s3.amazonaws.com/1000genomes/1000G_2504_high_coverage/data/ERR3239535/NA18640.final.cram
NA18641	EAS	CHB	NA18641	0	Gourraud2014	https://s3.amazonaws.com/1000genomes/1000G_2504_high_coverage/data/ERR3239536/NA18641.final.cram
NA18642	EAS	CHB	NA18642	0	Gourraud2014	https://s3.amazonaws.com/1000genomes/1000G_2504_high_coverage/data/ERR3239537/NA18642.final.cram
NA18643	EAS	CHB	NA18643	0	Gourraud2014	https://s3.amazonaws.com/1000genomes/1000G_2504_high_coverage/data/ERR3239538/NA18643.final.cram
NA18645	EAS	CHB	NA18645	0	Gourraud2014	https://s3.amazonaws.com/1000genomes/1000G_2504_high_coverage/data/ERR3239539/NA18645.final.cram
NA18647	EAS	CHB	NA18647	0	Gourraud2014	https://s3.amazonaws.com/1000genomes/1000G_2504_high_coverage/data/ERR3239540/NA18647.final.cram
NA18740	EAS	CHB	NA18740	0	Gourraud2014	https://s3.amazonaws.com/1000genomes/1000G_2504_high_coverage/data/ERR3239541/NA18740.final.cram
NA18745	EAS	CHB	NA18745	0	Gourraud2014	https://s3.amazonaws.com/1000genomes/1000G_2504_high_coverage/data/ERR3239542/NA18745.final.cram
NA18748	EAS	CHB	NA18748	0	Gourraud2014	https://s3.amazonaws.com/1000genomes/1000G_2504_high_coverage/data/ERR3239544/NA18748.final.cram
NA18749	EAS	CHB	NA18749	0	Gourraud2014	https://s3.amazonaws.com/1000genomes/1000G_2504_high_coverage/data/ERR3239545/NA18749.final.cram
NA18757	EAS	CHB	NA18757	0	Gourraud2014	https://s3.amazonaws.com/1000genomes/1000G_2504_high_coverage/data/ERR3239546/NA18757.final.cram
NA18852	AFR	YRI	Y018	0	Gourraud2014	https://s3.amazonaws.com/1000genomes/1000G_2504_high_coverage/additional_698_related/data/ERR3989353/NA18852.final.cram
NA18853	AFR	YRI	Y018	0	Gourraud2014	https://s3.amazonaws.com/1000genomes/1000G_2504_high_coverage/data/ERR3239382/NA18853.final.cram
NA18854	AFR	YRI	Y018	0	Gourraud2014	https://s3.amazonaws.com/1000genomes/1000G_2504_high_coverage/additional_698_related/data/ERR3989354/NA18854.final.cram
NA18855	AFR	YRI	Y023	0	Gourraud2014	https://s3.amazonaws.com/1000genomes/1000G_2504_high_coverage/additional_698_related/data/ERR3989355/NA18855.final.cram
NA18856	AFR	YRI	Y023	0	Gourraud2014	https://s3.amazonaws.com/1000genomes/1000G_2504_high_coverage/data/ERR3239383/NA18856.final.cram
NA18857	AFR	YRI	Y023	0	Gourraud2014	https://s3.amazonaws.com/1000genomes/1000G_2504_high_coverage/additional_698_related/data/ERR3989356/NA18857.final.cram
NA18858	AFR	YRI	Y012	0	Gourraud2014	https://s3.amazonaws.com/1000genomes/1000G_2504_high_coverage/data/ERR3239384/NA18858.final.cram
NA18859	AFR	YRI	Y012	0	Gourraud2014	https://s3.amazonaws.com/1000genomes/1000G_2504_high_coverage/additional_698_related/data/ERR3989357/NA18859.final.cram
NA18860	AFR	YRI	Y012	0	Gourraud2014	https://s3.amazonaws.com/1000genomes/1000G_2504_high_coverage/additional_698_related/data/ERR3989358/NA18860.final.cram
NA18861	AFR	YRI	Y024	0	Gourraud2014	https://s3.amazonaws.com/1000genomes/1000G_2504_high_coverage/data/ERR3239385/NA18861.final.cram
NA18862	AFR	YRI	Y024	0	Gourraud2014	https://s3.amazonaws.com/1000genomes/1000G_2504_high_coverage/additional_698_related/data/ERR3989359/NA18862.final.cram
NA18863	AFR	YRI	Y024	0	Gourraud2014	https://s3.amazonaws.com/1000genomes/1000G_2504_high_coverage/additional_698_related/data/ERR3989360/NA18863.final.cram
NA18870	AFR	YRI	Y017	0	Gourraud2014	https://s3.amazonaws.com/1000genomes/1000G_2504_high_coverage/data/ERR3239386/NA18870.final.cram
NA18871	AFR	YRI	Y017	0	Gourraud2014	https://s3.amazonaws.com/1000genomes/1000G_2504_high_coverage/data/ERR3239387/NA18871.final.cram
NA18872	AFR	YRI	Y017	0	Gourraud2014	https://s3.amazonaws.com/1000genomes/1000G_2504_high_coverage/additional_698_related/data/ERR3989362/NA18872.final.cram
NA18912	AFR	YRI	Y028	0	Gourraud2014	https://s3.amazonaws.com/1000genomes/1000G_2504_high_coverage/data/ERR3239390/NA18912.final.cram
NA18913	AFR	YRI	Y028	0	Gourraud2014	https://s3.amazonaws.com/1000genomes/1000G_2504_high_coverage/additional_698_related/data/ERR3989366/NA18913.final.cram
NA18914	AFR	YRI	Y028	0	Gourraud2014	https://s3.amazonaws.com/1000genomes/1000G_2504_high_coverage/additional_698_related/data/ERR3989367/NA18914.final.cram
NA18939	EAS	JPT	NA18939	0	Gourraud2014	https://s3.amazonaws.com/1000genomes/1000G_2504_high_coverage/data/ERR3239557/NA18939.final.cram
NA18941	EAS	JPT	NA18941	0	Gourraud2014	https://s3.amazonaws.com/1000genomes/1000G_2504_high_coverage/data/ERR3239558/NA18941.final.cram
NA18942	EAS	JPT	NA18942	0	Gourraud2014	https://s3.amazonaws.com/1000genomes/1000G_2504_high_coverage/data/ERR3239393/NA18942.final.cram
NA18946	EAS	JPT	NA18946	0	Gourraud2014	https://s3.amazonaws.com/1000genomes/1000G_2504_high_coverage/data/ERR3239559/NA18946.final.cram
NA18947	EAS	JPT	NA18947	0	Gourraud2014	https://s3.amazonaws.com/1000genomes/1000G_2504_high_coverage/data/ERR3239397/NA18947.final.cram
NA18949	EAS	JPT	NA18949	0	Gourraud2014	https://s3.amazonaws.com/1000genomes/1000G_2504_high_coverage/data/ERR3239399/NA18949.final.cram
NA18951	EAS	JPT	NA18951	0	Gourraud2014	https://s3.amazonaws.com/1000genomes/1000G_2504_high_coverage/data/ERR3239400/NA18951.final.cram
NA18953	EAS	JPT	NA18953	0	Gourraud2014	https://s3.amazonaws.com/1000genomes/1000G_2504_high_coverage/data/ERR3239402/NA18953.final.cram
NA18954	EAS	JPT	NA18954	0	Gourraud2014	https://s3.amazonaws.com/1000genomes/1000G_2504_high_coverage/data/ERR3239560/NA18954.final.cram
NA18956	EAS	JPT	NA18956	0	Gourraud2014	https://s3.amazonaws.com/1000genomes/1000G_2504_high_coverage/data/ERR3239403/NA18956.final.cram
NA18957	EAS	JPT	NA18957	0	Gourraud2014	https://s3.amazonaws.com/1000genomes/1000G_2504_high_coverage/data/ERR3239561/NA18957.final.cram
NA18961	EAS	JPT	NA18961	0	Gourraud2014	https://s3.amazonaws.com/1000genomes/1000G_2504_high_coverage/data/ERR3239406/NA18961.final.cram
NA18962	EAS	JPT	NA18962	0	Gourraud2014	https://s3.amazonaws.com/1000genomes/1000G_2504_high_coverage/data/ERR3239562/NA18962.final.cram
NA18963	EAS	JPT	NA18963	0	Gourraud2014	https://s3.amazonaws.com/1000genomes/1000G_2504_high_coverage/data/ERR3239563/NA18963.final.cram
NA18964	EAS	JPT	NA18964	0	Gourraud2014	https://s3.amazonaws.com/1000genomes/1000G_2504_high_coverage/data/ERR3239407/NA18964.final.cram
NA18965	EAS	JPT	NA18965	0	Gourraud2014	https://s3.amazonaws.com/1000genomes/1000G_2504_high_coverage/data/ERR3239408/NA18965.final.cram
NA18966	EAS	JPT	NA18966	0	Gourraud2014	https://s3.amazonaws.com/1000genomes/1000G_2504_high_coverage/data/ERR3239564/NA18966.final.cram
NA18968	EAS	JPT	NA18968	0	Gourraud2014	https://s3.amazonaws.com/1000genomes/1000G_2504_high_coverage/data/ERR3239410/NA18968.final.cram
NA18969	EAS	JPT	NA18969	0	Gourraud2014	https://s3.amazonaws.com/1000genomes/1000G_2504_high_coverage/data/ERR3239411/NA18969.final.cram
NA18972	EAS	JPT	NA18972	0	Gourraud2014	https://s3.amazonaws.com/1000genomes/1000G_2504_high_coverage/data/ERR3239414/NA18972.final.cram
NA18973	EAS	JPT	NA18973	0	Gourraud2014	https://s3.amazonaws.com/1000genomes/1000G_2504_high_coverage/data/ERR3239415/NA18973.final.cram
NA18975	EAS	JPT	NA18975	0	Gourraud2014	https://s3.amazonaws.com/1000genomes/1000G_2504_high_coverage/data/ERR3239417/NA18975.final.cram
NA18977	EAS	JPT	NA18977	0	Gourraud2014	https://s3.amazonaws.com/1000genomes/1000G_2504_high_coverage/data/ERR3239565/NA18977.final.cram
NA18978	EAS	JPT	NA18978	0	Gourraud2014	https://s3.amazonaws.com/1000genomes/1000G_2504_high_coverage/data/ERR3239566/NA18978.final.cram
NA18979	EAS	JPT	NA18979	0	Gourraud2014	https://s3.amazonaws.com/1000genomes/1000G_2504_high_coverage/data/ERR3239567/NA18979.final.cram
NA18980	EAS	JPT	NA18980	0	Gourraud2014	https://s3.amazonaws.com/1000genomes/1000G_2504_high_coverage/data/ERR3239419/NA18980.final.cram
NA18981	EAS	JPT	NA18981	0	Gourraud2014	https://s3.amazonaws.com/1000genomes/1000G_2504_high_coverage/data/ERR3239420/NA18981.final.cram
NA18987	EAS	JPT	NA18987	0	Gourraud2014	https://s3.amazonaws.com/1000genomes/1000G_2504_high_coverage/data/ERR3239568/NA18987.final.cram
NA18991	EAS	JPT	NA18991	0	Gourraud2014	https://s3.amazonaws.com/1000genomes/1000G_2504_high_coverage/data/ERR3239570/NA18991.final.cram
NA18992	EAS	JPT	NA18992	0	Gourraud2014	https://s3.amazonaws.com/1000genomes/1000G_2504_high_coverage/data/ERR3239571/NA18992.final.cram
NA18993	EAS	JPT	NA18993	0	Gourraud2014	https://s3.amazonaws.com/1000genomes/1000G_2504_high_coverage/data/ERR3239572/NA18993.final.cram
NA18994	EAS	JPT	NA18994	0	Gourraud2014	https://s3.amazonaws.com/1000genomes/1000G_2504_high_coverage/data/ERR3239573/NA18994.final.cram
NA18995	EAS	JPT	NA18995	0	Gourraud2014	https://s3.amazonaws.com/1000genomes/1000G_2504_high_coverage/data/ERR3239574/NA18995.final.cram
NA18997	EAS	JPT	NA18997	0	Gourraud2014	https://s3.amazonaws.com/1000genomes/1000G_2504_high_coverage/data/ERR3239575/NA18997.final.cram
NA18998	EAS	JPT	NA18998	0	Gourraud2014	https://s3.amazonaws.com/1000genomes/1000G_2504_high_coverage/data/ERR3239576/NA18998.final.cram
NA18999	EAS	JPT	NA18999	0	Gourraud2014	https://s3.amazonaws.com/1000genomes/1000G_2504_high_coverage/data/ERR3239577/NA18999.final.cram
NA19000	EAS	JPT	NA19000	0	Gourraud2014	https://s3.amazonaws.com/1000genomes/1000G_2504_high_coverage/data/ERR3239578/NA19000.final.cram
NA19001	EAS	JPT	NA19001	0	Gourraud2014	https://s3.amazonaws.com/1000genomes/1000G_2504_high_coverage/data/ERR3239579/NA19001.final.cram
NA19002	EAS	JPT	NA19002	0	Gourraud2014	https://s3.amazonaws.com/1000genomes/1000G_2504_high_coverage/data/ERR3239580/NA19002.final.cram
NA19003	EAS	JPT	NA19003	0	Gourraud2014	https://s3.amazonaws.com/1000genomes/1000G_2504_high_coverage/data/ERR3239581/NA19003.final.cram
NA19005	EAS	JPT	NA19005	0	Gourraud2014	https://s3.amazonaws.com/1000genomes/1000G_2504_high_coverage/data/ERR3239421/NA19005.final.cram
NA19009	EAS	JPT	NA19009	0	Gourraud2014	https://s3.amazonaws.com/1000genomes/1000G_2504_high_coverage/data/ERR3239583/NA19009.final.cram
NA19010	EAS	JPT	NA19010	0	Gourraud2014	https://s3.amazonaws.com/1000genomes/1000G_2504_high_coverage/data/ERR3239584/NA19010.final.cram
NA19012	EAS	JPT	NA19012	0	Gourraud2014	https://s3.amazonaws.com/1000genomes/1000G_2504_high_coverage/data/ERR3239585/NA19012.final.cram
NA19027	AFR	LWK	NA19027	0	Gourraud2014	https://s3.amazonaws.com/1000genomes/1000G_2504_high_coverage/data/ERR3239690/NA19027.final.cram
NA19028	AFR	LWK	NA19028	0	Gourraud2014	https://s3.amazonaws.com/1000genomes/1000G_2504_high_coverage/data/ERR3239691/NA19028.final.cram
NA19031	AFR	LWK	NA19031	0	Gourraud2014	https://s3.amazonaws.com/1000genomes/1000G_2504_high_coverage/data/ERR3239693/NA19031.final.cram
NA19035	AFR	LWK	NA19035	0	Gourraud2014	https://s3.amazonaws.com/1000genomes/1000G_2504_high_coverage/data/ERR3239694/NA19035.final.cram
NA19038	AFR	LWK	NA19038	0	Gourraud2014	https://s3.amazonaws.com/1000genomes/1000G_2504_high_coverage/data/ERR3239697/NA19038.final.cram
NA19041	AFR	LWK	NA19041	0	Gourraud2014	https://s3.amazonaws.com/1000genomes/1000G_2504_high_coverage/data/ERR3239698/NA19041.final.cram
NA19054	EAS	JPT	NA19054	0	Gourraud2014	https://s3.amazonaws.com/1000genomes/1000G_2504_high_coverage/data/ERR3239586/NA19054.final.cram
NA19055	EAS	JPT	NA19055	0	Gourraud2014	https://s3.amazonaws.com/1000genomes/1000G_2504_high_coverage/data/ERR3239587/NA19055.final.cram
NA19056	EAS	JPT	NA19056	0	Gourraud2014	https://s3.amazonaws.com/1000genomes/1000G_2504_high_coverage/data/ERR3239588/NA19056.final.cram
NA19057	EAS	JPT	NA19057	0	Gourraud2014	https://s3.amazonaws.com/1000genomes/1000G_2504_high_coverage/data/ERR3239589/NA19057.final.cram
NA19058	EAS	JPT	NA19058	0	Gourraud2014	https://s3.amazonaws.com/1000genomes/1000G_2504_high_coverage/data/ERR3239590/NA19058.final.cram
NA19059	EAS	JPT	NA19059	0	Gourraud2014	https://s3.amazonaws.com/1000genomes/1000G_2504_high_coverage/data/ERR3239591/NA19059.final.cram
NA19060	EAS	JPT	NA19060	0	Gourraud2014	https://s3.amazonaws.com/1000genomes/1000G_2504_high_coverage/data/ERR3239592/NA19060.final.cram
NA19062	EAS	JPT	NA19062	0	Gourraud2014	https://s3.amazonaws.com/1000genomes/1000G_2504_high_coverage/data/ERR3239593/NA19062.final.cram
NA19063	EAS	JPT	NA19063	0	Gourraud2014	https://s3.amazonaws.com/1000genomes/1000G_2504_high_coverage/data/ERR3239594/NA19063.final.cram
NA19064	EAS	JPT	NA19064	0	Gourraud2014	https://s3.amazonaws.com/1000genomes/1000G_2504_high_coverage/data/ERR3239595/NA19064.final.cram
NA19065	EAS	JPT	NA19065	0	Gourraud2014	https://s3.amazonaws.com/1000genomes/1000G_2504_high_coverage/data/ERR3239596/NA19065.final.cram
NA19067	EAS	JPT	NA19067	0	Gourraud2014	https://s3.amazonaws.com/1000genomes/1000G_2504_high_coverage/data/ERR3239598/NA19067.final.cram
NA19068	EAS	JPT	NA19068	0	Gourraud2014	https://s3.amazonaws.com/1000genomes/1000G_2504_high_coverage/data/ERR3239599/NA19068.final.cram
NA19070	EAS	JPT	NA19070	0	Gourraud2014	https://s3.amazonaws.com/1000genomes/1000G_2504_high_coverage/data/ERR3239600/NA19070.final.cram
NA19072	EAS	JPT	NA19072	0	Gourraud2014	https://s3.amazonaws.com/1000genomes/1000G_2504_high_coverage/data/ERR3239601/NA19072.final.cram
NA19074	EAS	JPT	NA19074	0	Gourraud2014	https://s3.amazonaws.com/1000genomes/1000G_2504_high_coverage/data/ERR3239602/NA19074.final.cram
NA19075	EAS	JPT	NA19075	0	Gourraud2014	https://s3.amazonaws.com/1000genomes/1000G_2504_high_coverage/data/ERR3239603/NA19075.final.cram
NA19076	EAS	JPT	NA19076	0	Gourraud2014	https://s3.amazonaws.com/1000genomes/1000G_2504_high_coverage/data/ERR3239604/NA19076.final.cram
NA19077	EAS	JPT	NA19077	0	Gourraud2014	https://s3.amazonaws.com/1000genomes/1000G_2504_high_coverage/data/ERR3239605/NA19077.final.cram
NA19078	EAS	JPT	NA19078	0	Gourraud2014	https://s3.amazonaws.com/1000genomes/1000G_2504_high_coverage/data/ERR3239606/NA19078.final.cram
NA19080	EAS	JPT	NA19080	0	Gourraud2014	https://s3.amazonaws.com/1000genomes/1000G_2504_high_coverage/data/ERR3239608/NA19080.final.cram
NA19081	EAS	JPT	NA19081	0	Gourraud2014	https://s3.amazonaws.com/1000genomes/1000G_2504_high_coverage/data/ERR3239609/NA19081.final.cram
NA19082	EAS	JPT	NA19082	0	Gourraud2014	https://s3.amazonaws.com/1000genomes/1000G_2504_high_coverage/data/ERR3239610/NA19082.final.cram
NA19083	EAS	JPT	NA19083	0	Gourraud2014	https://s3.amazonaws.com/1000genomes/1000G_2504_high_coverage/data/ERR3239611/NA19083.final.cram
NA19084	EAS	JPT	NA19084	0	Gourraud2014	https://s3.amazonaws.com/1000genomes/1000G_2504_high_coverage/data/ERR3239612/NA19084.final.cram
NA19085	EAS	JPT	NA19085	0	Gourraud2014	https://s3.amazonaws.com/1000genomes/1000G_2504_high_coverage/data/ERR3239613/NA19085.final.cram
NA19086	EAS	JPT	NA19086	0	Gourraud2014	https://s3.amazonaws.com/1000genomes/1000G_2504_high_coverage/data/ERR3239614/NA19086.final.cram
NA19092	AFR	YRI	Y040	0	Gourraud2014	https://s3.amazonaws.com/1000genomes/1000G_2504_high_coverage/data/ERR3239617/NA19092.final.cram
NA19093	AFR	YRI	Y040	0	Gourraud2014	https://s3.amazonaws.com/1000genomes/1000G_2504_high_coverage/data/ERR3239422/NA19093.final.cram
NA19094	AFR	YRI	Y040	0	Gourraud2014	https://s3.amazonaws.com/1000genomes/1000G_2504_high_coverage/additional_698_related/data/ERR3989371/NA19094.final.cram
NA19098	AFR	YRI	Y105	0	Gourraud2014	https://s3.amazonaws.com/1000genomes/1000G_2504_high_coverage/data/ERR3239423/NA19098.final.cram
NA19099	AFR	YRI	Y105	0	Gourraud2014	https://s3.amazonaws.com/1000genomes/1000G_2504_high_coverage/data/ERR3239424/NA19099.final.cram
NA19100	AFR	YRI	Y105	0	Gourraud2014	https://s3.amazonaws.com/1000genomes/1000G_2504_high_coverage/additional_698_related/data/ERR3989373/NA19100.final.cram
NA19101	AFR	YRI	Y042	0	Gourraud2014	https://s3.amazonaws.com/1000genomes/1000G_2504_high_coverage/additional_698_related/data/ERR3989374/NA19101.final.cram
NA19102	AFR	YRI	Y042	0	Gourraud2014	https://s3.amazonaws.com/1000genomes/1000G_2504_high_coverage/data/ERR3239425/NA19102.final.cram
NA19103	AFR	YRI	Y042	0	Gourraud2014	https://s3.amazonaws.com/1000genomes/1000G_2504_high_coverage/additional_698_related/data/ERR3989375/NA19103.final.cram
NA19116	AFR	YRI	Y060	0	Gourraud2014	https://s3.amazonaws.com/1000genomes/1000G_2504_high_coverage/data/ERR3239428/NA19116.final.cram
NA19119	AFR	YRI	Y060	0	Gourraud2014	https://s3.amazonaws.com/1000genomes/1000G_2504_high_coverage/data/ERR3239429/NA19119.final.cram
NA19120	AFR	YRI	Y060	0	Gourraud2014	https://s3.amazonaws.com/1000genomes/1000G_2504_high_coverage/additional_698_related/data/ERR3989378/NA19120.final.cram
NA19127	AFR	YRI	Y077	0	Gourraud2014	https://s3.amazonaws.com/1000genomes/1000G_2504_high_coverage/additional_698_related/data/ERR3989381/NA19127.final.cram
NA19128	AFR	YRI	Y077	0	Gourraud2014	https://s3.amazonaws.com/1000genomes/1000G_2504_high_coverage/additional_698_related/data/ERR3989382/NA19128.final.cram
NA19129	AFR	YRI	Y077	0	Gourraud2014	https://s3.amazonaws.com/1000genomes/1000G_2504_high_coverage/data/ERR3239430/NA19129.final.cram
NA19130	AFR	YRI	Y101	0	Gourraud2014	https://s3.amazonaws.com/1000genomes/1000G_2504_high_coverage/data/ERR3239625/NA19130.final.cram
NA19131	AFR	YRI	Y101	0	Gourraud2014	https://s3.amazonaws.com/1000genomes/1000G_2504_high_coverage/data/ERR3239431/NA19131.final.cram
NA19132	AFR	YRI	Y101	0	Gourraud2014	https://s3.amazonaws.com/1000genomes/1000G_2504_high_coverage/additional_698_related/data/ERR3989383/NA19132.final.cram
NA19137	AFR	YRI	Y043	0	Gourraud2014	https://s3.amazonaws.com/1000genomes/1000G_2504_high_coverage/data/ERR3239432/NA19137.final.cram
NA19138	AFR	YRI	Y043	0	Gourraud2014	https://s3.amazonaws.com/1000genomes/1000G_2504_high_coverage/data/ERR3239433/NA19138.final.cram
NA19139	AFR	YRI	Y043	0	Gourraud2014	https://s3.amazonaws.com/1000genomes/1000G_2504_high_coverage/additional_698_related/data/ERR3989384/NA19139.final.cram
NA19140	AFR	YRI	Y071	0	Gourraud2014	https://s3.amazonaws.com/1000genomes/1000G_2504_high_coverage/additional_698_related/data/ERR3989385/NA19140.final.cram
NA19141	AFR	YRI	Y071	0	Gourraud2014	https://s3.amazonaws.com/1000genomes/1000G_2504_high_coverage/data/ERR3239434/NA19141.final.cram
NA19142	AFR	YRI	Y071	0	Gourraud2014	https://s3.amazonaws.com/1000genomes/1000G_2504_high_coverage/additional_698_related/data/ERR3989386/NA19142.final.cram
NA19143	AFR	YRI	Y074	0	Gourraud2014	https://s3.amazonaws.com/1000genomes/1000G_2504_high_coverage/data/ERR3239435/NA19143.final.cram
NA19144	AFR	YRI	Y074	0	Gourraud2014	https://s3.amazonaws.com/1000genomes/1000G_2504_high_coverage/data/ERR3239436/NA19144.final.cram
NA19145	AFR	YRI	Y074	0	Gourraud2014	https://s3.amazonaws.com/1000genomes/1000G_2504_high_coverage/additional_698_related/data/ERR3989387/NA19145.final.cram
NA19152	AFR	YRI	Y072	0	Gourraud2014	https://s3.amazonaws.com/1000genomes/1000G_2504_high_coverage/data/ERR3239438/NA19152.final.cram
NA19153	AFR	YRI	Y072	0	Gourraud2014	https://s3.amazonaws.com/1000genomes/1000G_2504_high_coverage/data/ERR3239439/NA19153.final.cram
NA19154	AFR	YRI	Y072	0	Gourraud2014	https://s3.amazonaws.com/1000genomes/1000G_2504_high_coverage/additional_698_related/data/ERR3989391/NA19154.final.cram
NA19171	AFR	YRI	Y047	0	Gourraud2014	https://s3.amazonaws.com/1000genomes/1000G_2504_high_coverage/data/ERR3239442/NA19171.final.cram
NA19172	AFR	YRI	Y047	0	Gourraud2014	https://s3.amazonaws.com/1000genomes/1000G_2504_high_coverage/data/ERR3239443/NA19172.final.cram
NA19173	AFR	YRI	Y047	0	Gourraud2014	https://s3.amazonaws.com/1000genomes/1000G_2504_high_coverage/additional_698_related/data/ERR3989393/NA19173.final.cram
NA19200	AFR	YRI	Y045	0	Gourraud2014	https://s3.amazonaws.com/1000genomes/1000G_2504_high_coverage/data/ERR3239445/NA19200.final.cram
NA19201	AFR	YRI	Y045	0	Gourraud2014	https://s3.amazonaws.com/1000genomes/1000G_2504_high_coverage/data/ERR3239446/NA19201.final.cram
NA19202	AFR	YRI	Y045	0	Gourraud2014	https://s3.amazonaws.com/1000genomes/1000G_2504_high_coverage/additional_698_related/data/ERR3989400/NA19202.final.cram
NA19203	AFR	YRI	Y048	0	Gourraud2014	https://s3.amazonaws.com/1000genomes/1000G_2504_high_coverage/additional_698_related/data/ERR3989401/NA19203.final.cram
NA19204	AFR	YRI	Y048	0	Gourraud2014	https://s3.amazonaws.com/1000genomes/1000G_2504_high_coverage/data/ERR3239447/NA19204.final.cram
NA19205	AFR	YRI	Y048	0	Gourraud2014	https://s3.amazonaws.com/1000genomes/1000G_2504_high_coverage/additional_698_related/data/ERR3989402/NA19205.final.cram
NA19206	AFR	YRI	Y051	0	Gourraud2014	https://s3.amazonaws.com/1000genomes/1000G_2504_high_coverage/data/ERR3239448/NA19206.final.cram
NA19207	AFR	YRI	Y051	0	Gourraud2014	https://s3.amazonaws.com/1000genomes/1000G_2504_high_coverage/data/ERR3239449/NA19207.final.cram
NA19208	AFR	YRI	Y051	0	Gourraud2014	https://s3.amazonaws.com/1000genomes/1000G_2504_high_coverage/additional_698_related/data/ERR3989403/NA19208.final.cram
NA19209	AFR	YRI	Y050	0	Gourraud2014	https://s3.amazonaws.com/1000genomes/1000G_2504_high_coverage/data/ERR3239450/NA19209.final.cram
NA19210	AFR	YRI	Y050	0	Gourraud2014	https://s3.amazonaws.com/1000genomes/1000G_2504_high_coverage/data/ERR3239451/NA19210.final.cram
NA19211	AFR	YRI	Y050	0	Gourraud2014	https://s3.amazonaws.com/1000genomes/1000G_2504_high_coverage/additional_698_related/data/ERR3989404/NA19211.final.cram
NA19221	AFR	YRI	Y058	0	Gourraud2014	https://s3.amazonaws.com/1000genomes/1000G_2504_high_coverage/additional_698_related/data/ERR3989406/NA19221.final.cram
NA19222	AFR	YRI	Y058	0	Gourraud2014	https://s3.amazonaws.com/1000genomes/1000G_2504_high_coverage/data/ERR3239892/NA19222.final.cram
NA19223	AFR	YRI	Y058	0	Gourraud2014	https://s3.amazonaws.com/1000genomes/1000G_2504_high_coverage/data/ERR3239636/NA19223.final.cram
NA19307	AFR	LWK	NA19307	0	Gourraud2014	https://s3.amazonaws.com/1000genomes/1000G_2504_high_coverage/data/ERR3239704/NA19307.final.cram
NA19308	AFR	LWK	NA19308	0	Gourraud2014	https://s3.amazonaws.com/1000genomes/1000G_2504_high_coverage/data/ERR3239705/NA19308.final.cram
NA19309	AFR	LWK	NA19309	0	Gourraud2014	https://s3.amazonaws.com/1000genomes/1000G_2504_high_coverage/data/ERR3239706/NA19309.final.cram
NA19310	AFR	LWK	NA19310	0	Gourraud2014	https://s3.amazonaws.com/1000genomes/1000G_2504_high_coverage/data/ERR3239707/NA19310.final.cram
NA19314	AFR	LWK	NA19314	0	Gourraud2014	https://s3.amazonaws.com/1000genomes/1000G_2504_high_coverage/data/ERR3239709/NA19314.final.cram
NA19315	AFR	LWK	NA19315	0	Gourraud2014	https://s3.amazonaws.com/1000genomes/1000G_2504_high_coverage/data/ERR3239710/NA19315.final.cram
NA19316	AFR	LWK	NA19316	0	Gourraud2014	https://s3.amazonaws.com/1000genomes/1000G_2504_high_coverage/data/ERR3239711/NA19316.final.cram
NA19317	AFR	LWK	NA19317	0	Gourraud2014	https://s3.amazonaws.com/1000genomes/1000G_2504_high_coverage/data/ERR3239712/NA19317.final.cram
NA19318	AFR	LWK	NA19318	0	Gourraud2014	https://s3.amazonaws.com/1000genomes/1000G_2504_high_coverage/data/ERR3239713/NA19318.final.cram
NA19319	AFR	LWK	NA19319	0	Gourraud2014	https://s3.amazonaws.com/1000genomes/1000G_2504_high_coverage/data/ERR3239714/NA19319.final.cram
NA19321	AFR	LWK	NA19321	0	Gourraud2014	https://s3.amazonaws.com/1000genomes/1000G_2504_high_coverage/data/ERR3239716/NA19321.final.cram
NA19324	AFR	LWK	NA19324	0	Gourraud2014	https://s3.amazonaws.com/1000genomes/1000G_2504_high_coverage/data/ERR3239718/NA19324.final.cram
NA19327	AFR	LWK	NA19327	0	Gourraud2014	https://s3.amazonaws.com/1000genomes/1000G_2504_high_coverage/data/ERR3239719/NA19327.final.cram
NA19328	AFR	LWK	NA19328	0	Gourraud2014	https://s3.amazonaws.com/1000genomes/1000G_2504_high_coverage/data/ERR3239720/NA19328.final.cram
NA19332	AFR	LWK	NA19332	0	Gourraud2014	https://s3.amazonaws.com/1000genomes/1000G_2504_high_coverage/data/ERR3239722/NA19332.final.cram
NA19334	AFR	LWK	NA19334	0	Gourraud2014	https://s3.amazonaws.com/1000genomes/1000G_2504_high_coverage/data/ERR3239723/NA19334.final.cram
NA19346	AFR	LWK	NA19346	0	Gourraud2014	https://s3.amazonaws.com/1000genomes/1000G_2504_high_coverage/data/ERR3239725/NA19346.final.cram
NA19347	AFR	LWK	NA19347	0	Gourraud2014	https://s3.amazonaws.com/1000genomes/1000G_2504_high_coverage/data/ERR3239726/NA19347.final.cram
NA19350	AFR	LWK	NA19350	0	Gourraud2014	https://s3.amazonaws.com/1000genomes/1000G_2504_high_coverage/data/ERR3239727/NA19350.final.cram
NA19360	AFR	LWK	NA19360	0	Gourraud2014	https://s3.amazonaws.com/1000genomes/1000G_2504_high_coverage/data/ERR3239730/NA19360.final.cram
NA19372	AFR	LWK	NA19372	0	Gourraud2014	https://s3.amazonaws.com/1000genomes/1000G_2504_high_coverage/data/ERR3239731/NA19372.final.cram
NA19374	AFR	LWK	NA19374	0	Gourraud2014	https://s3.amazonaws.com/1000genomes/1000G_2504_high_coverage/data/ERR3239732/NA19374.final.cram
NA19375	AFR	LWK	NA19375	0	Gourraud2014	https://s3.amazonaws.com/1000genomes/1000G_2504_high_coverage/data/ERR3239733/NA19375.final.cram
NA19376	AFR	LWK	NA19376	0	Gourraud2014	https://s3.amazonaws.com/1000genomes/1000G_2504_high_coverage/data/ERR3239734/NA19376.final.cram
NA19377	AFR	LWK	NA19377	0	Gourraud2014	https://s3.amazonaws.com/1000genomes/1000G_2504_high_coverage/data/ERR3239735/NA19377.final.cram
NA19379	AFR	LWK	NA19379	0	Gourraud2014	https://s3.amazonaws.com/1000genomes/1000G_2504_high_coverage/data/ERR3239737/NA19379.final.cram
NA19380	AFR	LWK	NA19380	0	Gourraud2014	https://s3.amazonaws.com/1000genomes/1000G_2504_high_coverage/data/ERR3239738/NA19380.final.cram
NA19383	AFR	LWK	NA19383	0	Gourraud2014	https://s3.amazonaws.com/1000genomes/1000G_2504_high_coverage/data/ERR3239739/NA19383.final.cram
NA19384	AFR	LWK	NA19384	0	Gourraud2014	https://s3.amazonaws.com/1000genomes/1000G_2504_high_coverage/data/ERR3239740/NA19384.final.cram
NA19385	AFR	LWK	NA19385	0	Gourraud2014	https://s3.amazonaws.com/1000genomes/1000G_2504_high_coverage/data/ERR3239741/NA19385.final.cram
NA19390	AFR	LWK	NA19390	0	Gourraud2014	https://s3.amazonaws.com/1000genomes/1000G_2504_high_coverage/data/ERR3239742/NA19390.final.cram
NA19393	AFR	LWK	NA19393	0	Gourraud2014	https://s3.amazonaws.com/1000genomes/1000G_2504_high_coverage/data/ERR3239744/NA19393.final.cram
NA19394	AFR	LWK	NA19394	0	Gourraud2014	https://s3.amazonaws.com/1000genomes/1000G_2504_high_coverage/data/ERR3239745/NA19394.final.cram
NA19397	AFR	LWK	NA19397	0	Gourraud2014	https://s3.amazonaws.com/1000genomes/1000G_2504_high_coverage/data/ERR3239747/NA19397.final.cram
NA19399	AFR	LWK	NA19399	0	Gourraud2014	https://s3.amazonaws.com/1000genomes/1000G_2504_high_coverage/data/ERR3239748/NA19399.final.cram
NA19403	AFR	LWK	NA19403	0	Gourraud2014	https://s3.amazonaws.com/1000genomes/1000G_2504_high_coverage/data/ERR3239750/NA19403.final.cram
NA19404	AFR	LWK	NA19404	0	Gourraud2014	https://s3.amazonaws.com/1000genomes/1000G_2504_high_coverage/data/ERR3239751/NA19404.final.cram
NA19428	AFR	LWK	NA19428	0	Gourraud2014	https://s3.amazonaws.com/1000genomes/1000G_2504_high_coverage/data/ERR3239752/NA19428.final.cram
NA19429	AFR	LWK	NA19429	0	Gourraud2014	https://s3.amazonaws.com/1000genomes/1000G_2504_high_coverage/data/ERR3239753/NA19429.final.cram
NA19430	AFR	LWK	NA19430	0	Gourraud2014	https://s3.amazonaws.com/1000genomes/1000G_2504_high_coverage/data/ERR3239754/NA19430.final.cram
NA19431	AFR	LWK	NA19431	0	Gourraud2014	https://s3.amazonaws.com/1000genomes/1000G_2504_high_coverage/data/ERR3239755/NA19431.final.cram
NA19434	AFR	LWK	LWK003	0	Gourraud2014	https://s3.amazonaws.com/1000genomes/1000G_2504_high_coverage/data/ERR3239756/NA19434.final.cram
NA19435	AFR	LWK	NA19435	0	Gourraud2014	https://s3.amazonaws.com/1000genomes/1000G_2504_high_coverage/data/ERR3239757/NA19435.final.cram
NA19436	AFR	LWK	NA19436	0	Gourraud2014	https://s3.amazonaws.com/1000genomes/1000G_2504_high_coverage/data/ERR3239758/NA19436.final.cram
NA19437	AFR	LWK	NA19437	0	Gourraud2014	https://s3.amazonaws.com/1000genomes/1000G_2504_high_coverage/data/ERR3239759/NA19437.final.cram
NA19438	AFR	LWK	NA19438	0	Gourraud2014	https://s3.amazonaws.com/1000genomes/1000G_2504_high_coverage/data/ERR3239760/NA19438.final.cram
NA19439	AFR	LWK	NA19439	0	Gourraud2014	https://s3.amazonaws.com/1000genomes/1000G_2504_high_coverage/data/ERR3239761/NA19439.final.cram
NA19440	AFR	LWK	NA19440	0	Gourraud2014	https://s3.amazonaws.com/1000genomes/1000G_2504_high_coverage/data/ERR3239762/NA19440.final.cram
NA19445	AFR	LWK	LWK004	0	Gourraud2014	https://s3.amazonaws.com/1000genomes/1000G_2504_high_coverage/data/ERR3239764/NA19445.final.cram
NA19446	AFR	LWK	NA19446	0	Gourraud2014	https://s3.amazonaws.com/1000genomes/1000G_2504_high_coverage/data/ERR3239765/NA19446.final.cram
NA19448	AFR	LWK	NA19448	0	Gourraud2014	https://s3.amazonaws.com/1000genomes/1000G_2504_high_coverage/data/ERR3239766/NA19448.final.cram
NA19449	AFR	LWK	NA19449	0	Gourraud2014	https://s3.amazonaws.com/1000genomes/1000G_2504_high_coverage/data/ERR3239767/NA19449.final.cram
NA19451	AFR	LWK	NA19451	0	Gourraud2014	https://s3.amazonaws.com/1000genomes/1000G_2504_high_coverage/data/ERR3239768/NA19451.final.cram
NA19452	AFR	LWK	NA19452	0	Gourraud2014	https://s3.amazonaws.com/1000genomes/1000G_2504_high_coverage/data/ERR3239769/NA19452.final.cram
NA19455	AFR	LWK	NA19455	0	Gourraud2014	https://s3.amazonaws.com/1000genomes/1000G_2504_high_coverage/data/ERR3239771/NA19455.final.cram
NA19456	AFR	LWK	NA19456	0	Gourraud2014	https://s3.amazonaws.com/1000genomes/1000G_2504_high_coverage/data/ERR3239772/NA19456.final.cram
NA19457	AFR	LWK	NA19457	0	Gourraud2014	https://s3.amazonaws.com/1000genomes/1000G_2504_high_coverage/data/ERR3239773/NA19457.final.cram
NA19462	AFR	LWK	NA19462	0	Gourraud2014	https://s3.amazonaws.com/1000genomes/1000G_2504_high_coverage/data/ERR3239775/NA19462.final.cram
NA19463	AFR	LWK	NA19463	0	Gourraud2014	https://s3.amazonaws.com/1000genomes/1000G_2504_high_coverage/data/ERR3239776/NA19463.final.cram
NA19466	AFR	LWK	NA19466	0	Gourraud2014	https://s3.amazonaws.com/1000genomes/1000G_2504_high_coverage/data/ERR3239777/NA19466.final.cram
NA19467	AFR	LWK	NA19467	0	Gourraud2014	https://s3.amazonaws.com/1000genomes/1000G_2504_high_coverage/data/ERR3239778/NA19467.final.cram
NA19471	AFR	LWK	NA19471	0	Gourraud2014	https://s3.amazonaws.com/1000genomes/1000G_2504_high_coverage/data/ERR3239780/NA19471.final.cram
NA19472	AFR	LWK	NA19472	0	Gourraud2014	https://s3.amazonaws.com/1000genomes/1000G_2504_high_coverage/data/ERR3239781/NA19472.final.cram
NA19473	AFR	LWK	NA19473	0	Gourraud2014	https://s3.amazonaws.com/1000genomes/1000G_2504_high_coverage/data/ERR3239782/NA19473.final.cram
NA19474	AFR	LWK	NA19474	0	Gourraud2014	https://s3.amazonaws.com/1000genomes/1000G_2504_high_coverage/data/ERR3239783/NA19474.final.cram
NA19625	AFR	ASW	2357	0	Gourraud2014	https://s3.amazonaws.com/1000genomes/1000G_2504_high_coverage/data/ERR3239893/NA19625.final.cram
NA19648	AMR	MXL	m001	0	Gourraud2014	https://s3.amazonaws.com/1000genomes/1000G_2504_high_coverage/data/ERR3239894/NA19648.final.cram
NA19649	AMR	MXL	m001	0	Gourraud2014	https://s3.amazonaws.com/1000genomes/1000G_2504_high_coverage/data/ERR3239895/NA19649.final.cram
NA19650	AMR	MXL	m001	0	Gourraud2014	https://s3.amazonaws.com/1000genomes/1000G_2504_high_coverage/additional_698_related/data/ERR3989413/NA19650.final.cram
NA19651	AMR	MXL	m005	0	Gourraud2014	https://s3.amazonaws.com/1000genomes/1000G_2504_high_coverage/data/ERR3239896/NA19651.final.cram
NA19652	AMR	MXL	m005	0	Gourraud2014	https://s3.amazonaws.com/1000genomes/1000G_2504_high_coverage/data/ERR3239897/NA19652.final.cram
NA19653	AMR	MXL	m005	0	Gourraud2014	https://s3.amazonaws.com/1000genomes/1000G_2504_high_coverage/additional_698_related/data/ERR3989414/NA19653.final.cram
NA19654	AMR	MXL	m006	0	Gourraud2014	https://s3.amazonaws.com/1000genomes/1000G_2504_high_coverage/data/ERR3239898/NA19654.final.cram
NA19655	AMR	MXL	m006	0	Gourraud2014	https://s3.amazonaws.com/1000genomes/1000G_2504_high_coverage/data/ERR3239899/NA19655.final.cram
NA19656	AMR	MXL	m006	0	Gourraud2014	https://s3.amazonaws.com/1000genomes/1000G_2504_high_coverage/additional_698_related/data/ERR3989415/NA19656.final.cram
NA19657	AMR	MXL	m007	0	Gourraud2014	https://s3.amazonaws.com/1000genomes/1000G_2504_high_coverage/data/ERR3239900/NA19657.final.cram
NA19658	AMR	MXL	m007	0	Gourraud2014	https://s3.amazonaws.com/1000genomes/1000G_2504_high_coverage/data/ERR3239901/NA19658.final.cram
NA19659	AMR	MXL	m007	0	Gourraud2014	https://s3.amazonaws.com/1000genomes/1000G_2504_high_coverage/additional_698_related/data/ERR3989416/NA19659.final.cram
NA19660	AMR	MXL	m008	0	Gourraud2014	https://s3.amazonaws.com/1000genomes/1000G_2504_high_coverage/additional_698_related/data/ERR3989417/NA19660.final.cram
NA19661	AMR	MXL	m008	0	Gourraud2014	https://s3.amazonaws.com/1000genomes/1000G_2504_high_coverage/data/ERR3239902/NA19661.final.cram
NA19662	AMR	MXL	m008	0	Gourraud2014	https://s3.amazonaws.com/1000genomes/1000G_2504_high_coverage/additional_698_related/data/ERR3989418/NA19662.final.cram
NA19663	AMR	MXL	m012	0	Gourraud2014	https://s3.amazonaws.com/1000genomes/1000G_2504_high_coverage/data/ERR3239903/NA19663.final.cram
NA19664	AMR	MXL	m012	0	Gourraud2014	https://s3.amazonaws.com/1000genomes/1000G_2504_high_coverage/data/ERR3239904/NA19664.final.cram
NA19665	AMR	MXL	m012	0	Gourraud2014	https://s3.amazonaws.com/1000genomes/1000G_2504_high_coverage/additional_698_related/data/ERR3989419/NA19665.final.cram
NA19669	AMR	MXL	m002	0	Gourraud2014	https://s3.amazonaws.com/1000genomes/1000G_2504_high_coverage/data/ERR3239905/NA19669.final.cram
NA19670	AMR	MXL	m002	0	Gourraud2014	https://s3.amazonaws.com/1000genomes/1000G_2504_high_coverage/data/ERR3239906/NA19670.final.cram
NA19671	AMR	MXL	m002	0	Gourraud2014	https://s3.amazonaws.com/1000genomes/1000G_2504_high_coverage/additional_698_related/data/ERR3989420/NA19671.final.cram
NA19675	AMR	MXL	m004	0	Gourraud2014	https://s3.amazonaws.com/1000genomes/1000G_2504_high_coverage/additional_698_related/data/ERR3989421/NA19675.final.cram
NA19676	AMR	MXL	m004	0	Gourraud2014	https://s3.amazonaws.com/1000genomes/1000G_2504_high_coverage/data/ERR3239907/NA19676.final.cram
NA19677	AMR	MXL	m004	0	Gourraud2014	https://s3.amazonaws.com/1000genomes/1000G_2504_high_coverage/additional_698_related/data/ERR3989422/NA19677.final.cram
NA19678	AMR	MXL	m009	0	Gourraud2014	https://s3.amazonaws.com/1000genomes/1000G_2504_high_coverage/data/ERR3239908/NA19678.final.cram
NA19679	AMR	MXL	m009	0	Gourraud2014	https://s3.amazonaws.com/1000genomes/1000G_2504_high_coverage/data/ERR3239909/NA19679.final.cram
NA19680	AMR	MXL	m009	0	Gourraud2014	https://s3.amazonaws.com/1000genomes/1000G_2504_high_coverage/additional_698_related/data/ERR3989423/NA19680.final.cram
NA19684	AMR	MXL	m011	0	Gourraud2014	https://s3.amazonaws.com/1000genomes/1000G_2504_high_coverage/data/ERR3239912/NA19684.final.cram
NA19685	AMR	MXL	m011	0	Gourraud2014	https://s3.amazonaws.com/1000genomes/1000G_2504_high_coverage/additional_698_related/data/ERR3989425/NA19685.final.cram
NA19686	AMR	MXL	m011	0	Gourraud2014	https://s3.amazonaws.com/1000genomes/1000G_2504_high_coverage/additional_698_related/data/ERR3989426/NA19686.final.cram
NA19703	AFR	ASW	2368	0	Gourraud2014	https://s3.amazonaws.com/1000genomes/1000G_2504_high_coverage/data/ERR3239915/NA19703.final.cram
NA19704	AFR	ASW	2368	0	Gourraud2014	https://s3.amazonaws.com/1000genomes/1000G_2504_high_coverage/data/ERR3239916/NA19704.final.cram
NA19705	AFR	ASW	2368	0	Gourraud2014	https://s3.amazonaws.com/1000genomes/1000G_2504_high_coverage/additional_698_related/data/ERR3989428/NA19705.final.cram
NA19707	AFR	ASW	2369	0	Gourraud2014	https://s3.amazonaws.com/1000genomes/1000G_2504_high_coverage/data/ERR3239917/NA19707.final.cram
NA19711	AFR	ASW	2371	0	Gourraud2014	https://s3.amazonaws.com/1000genomes/1000G_2504_high_coverage/data/ERR3239918/NA19711.final.cram
NA19712	AFR	ASW	2371	0	Gourraud2014	https://s3.amazonaws.com/1000genomes/1000G_2504_high_coverage/data/ERR3239919/NA19712.final.cram
NA19713	AFR	ASW	2436	0	Gourraud2014	https://s3.amazonaws.com/1000genomes/1000G_2504_high_coverage/data/ERR3239920/NA19713.final.cram
NA19716	AMR	MXL	m014	0	Gourraud2014	https://s3.amazonaws.com/1000genomes/1000G_2504_high_coverage/data/ERR3239921/NA19716.final.cram
NA19717	AMR	MXL	m014	0	Gourraud2014	https://s3.amazonaws.com/1000genomes/1000G_2504_high_coverage/data/ERR3239922/NA19717.final.cram
NA19718	AMR	MXL	m014	0	Gourraud2014	https://s3.amazonaws.com/1000genomes/1000G_2504_high_coverage/additional_698_related/data/ERR3989429/NA19718.final.cram
NA19719	AMR	MXL	m015	0	Gourraud2014	https://s3.amazonaws.com/1000genomes/1000G_2504_high_coverage/data/ERR3239923/NA19719.final.cram
NA19720	AMR	MXL	m015	0	Gourraud2014	https://s3.amazonaws.com/1000genomes/1000G_2504_high_coverage/data/ERR3239924/NA19720.final.cram
NA19721	AMR	MXL	m015	0	Gourraud2014	https://s3.amazonaws.com/1000genomes/1000G_2504_high_coverage/additional_698_related/data/ERR3989430/NA19721.final.cram
NA19722	AMR	MXL	m016	0	Gourraud2014	https://s3.amazonaws.com/1000genomes/1000G_2504_high_coverage/data/ERR3239925/NA19722.final.cram
NA19723	AMR	MXL	m016	0	Gourraud2014	https://s3.amazonaws.com/1000genomes/1000G_2504_high_coverage/data/ERR3239926/NA19723.final.cram
NA19724	AMR	MXL	m016	0	Gourraud2014	https://s3.amazonaws.com/1000genomes/1000G_2504_high_coverage/additional_698_related/data/ERR3989431/NA19724.final.cram
NA19725	AMR	MXL	m017	0	Gourraud2014	https://s3.amazonaws.com/1000genomes/1000G_2504_high_coverage/data/ERR3239927/NA19725.final.cram
NA19726	AMR	MXL	m017	0	Gourraud2014	https://s3.amazonaws.com/1000genomes/1000G_2504_high_coverage/data/ERR3239928/NA19726.final.cram
NA19727	AMR	MXL	m017	0	Gourraud2014	https://s3.amazonaws.com/1000genomes/1000G_2504_high_coverage/additional_698_related/data/ERR3989432/NA19727.final.cram
NA19728	AMR	MXL	m018	0	Gourraud2014	https://s3.amazonaws.com/1000genomes/1000G_2504_high_coverage/data/ERR3239929/NA19728.final.cram
NA19729	AMR	MXL	m018	0	Gourraud2014	https://s3.amazonaws.com/1000genomes/1000G_2504_high_coverage/data/ERR3239930/NA19729.final.cram
NA19730	AMR	MXL	m018	0	Gourraud2014	https://s3.amazonaws.com/1000genomes/1000G_2504_high_coverage/additional_698_related/data/ERR3989433/NA19730.final.cram
NA19731	AMR	MXL	m019	0	Gourraud2014	https://s3.amazonaws.com/1000genomes/1000G_2504_high_coverage/data/ERR3239931/NA19731.final.cram
NA19732	AMR	MXL	m019	0	Gourraud2014	https://s3.amazonaws.com/1000genomes/1000G_2504_high_coverage/data/ERR3239932/NA19732.final.cram
NA19733	AMR	MXL	m019	0	Gourraud2014	https://s3.amazonaws.com/1000genomes/1000G_2504_high_coverage/additional_698_related/data/ERR3989434/NA19733.final.cram
NA19746	AMR	MXL	m023	0	Gourraud2014	https://s3.amazonaws.com/1000genomes/1000G_2504_high_coverage/data/ERR3239933/NA19746.final.cram
NA19747	AMR	MXL	m023	0	Gourraud2014	https://s3.amazonaws.com/1000genomes/1000G_2504_high_coverage/data/ERR3239934/NA19747.final.cram
NA19748	AMR	MXL	m023	0	Gourraud2014	https://s3.amazonaws.com/1000genomes/1000G_2504_high_coverage/additional_698_related/data/ERR3989435/NA19748.final.cram
NA19749	AMR	MXL	m024	0	Gourraud2014	https://s3.amazonaws.com/1000genomes/1000G_2504_high_coverage/data/ERR3239935/NA19749.final.cram
NA19750	AMR	MXL	m024	0	Gourraud2014	https://s3.amazonaws.com/1000genomes/1000G_2504_high_coverage/data/ERR3239936/NA19750.final.cram
NA19751	AMR	MXL	m024	0	Gourraud2014	https://s3.amazonaws.com/1000genomes/1000G_2504_high_coverage/additional_698_related/data/ERR3989436/NA19751.final.cram
NA19755	AMR	MXL	m026	0	Gourraud2014	https://s3.amazonaws.com/1000genomes/1000G_2504_high_coverage/data/ERR3239937/NA19755.final.cram
NA19756	AMR	MXL	m026	0	Gourraud2014	https://s3.amazonaws.com/1000genomes/1000G_2504_high_coverage/data/ERR3239938/NA19756.final.cram
NA19757	AMR	MXL	m026	0	Gourraud2014	https://s3.amazonaws.com/1000genomes/1000G_2504_high_coverage/additional_698_related/data/ERR3989437/NA19757.final.cram
NA19758	AMR	MXL	m027	0	Gourraud2014	https://s3.amazonaws.com/1000genomes/1000G_2504_high_coverage/data/ERR3239939/NA19758.final.cram
NA19759	AMR	MXL	m027	0	Gourraud2014	https://s3.amazonaws.com/1000genomes/1000G_2504_high_coverage/data/ERR3239940/NA19759.final.cram
NA19760	AMR	MXL	m027	0	Gourraud2014	https://s3.amazonaws.com/1000genomes/1000G_2504_high_coverage/additional_698_related/data/ERR3989438/NA19760.final.cram
NA19761	AMR	MXL	m028	0	Gourraud2014	https://s3.amazonaws.com/1000genomes/1000G_2504_high_coverage/data/ERR3239941/NA19761.final.cram
NA19762	AMR	MXL	m028	0	Gourraud2014	https://s3.amazonaws.com/1000genomes/1000G_2504_high_coverage/data/ERR3239942/NA19762.final.cram
NA19763	AMR	MXL	m028	0	Gourraud2014	https://s3.amazonaws.com/1000genomes/1000G_2504_high_coverage/additional_698_related/data/ERR3989439/NA19763.final.cram
NA19770	AMR	MXL	m031	0	Gourraud2014	https://s3.amazonaws.com/1000genomes/1000G_2504_high_coverage/data/ERR3239943/NA19770.final.cram
NA19771	AMR	MXL	m031	0	Gourraud2014	https://s3.amazonaws.com/1000genomes/1000G_2504_high_coverage/data/ERR3239944/NA19771.final.cram
NA19772	AMR	MXL	m031	0	Gourraud2014	https://s3.amazonaws.com/1000genomes/1000G_2504_high_coverage/additional_698_related/data/ERR3989440/NA19772.final.cram
NA19773	AMR	MXL	m033	0	Gourraud2014	https://s3.amazonaws.com/1000genomes/1000G_2504_high_coverage/data/ERR3239945/NA19773.final.cram
NA19774	AMR	MXL	m033	0	Gourraud2014	https://s3.amazonaws.com/1000genomes/1000G_2504_high_coverage/data/ERR3239946/NA19774.final.cram
NA19775	AMR	MXL	m033	0	Gourraud2014	https://s3.amazonaws.com/1000genomes/1000G_2504_high_coverage/additional_698_related/data/ERR3989441/NA19775.final.cram
NA19780	AMR	MXL	m035	0	Gourraud2014	https://s3.amazonaws.com/1000genomes/1000G_2504_high_coverage/data/ERR3239950/NA19780.final.cram
NA19781	AMR	MXL	m035	0	Gourraud2014	https://s3.amazonaws.com/1000genomes/1000G_2504_high_coverage/additional_698_related/data/ERR3989443/NA19781.final.cram
NA19782	AMR	MXL	m036	0	Gourraud2014	https://s3.amazonaws.com/1000genomes/1000G_2504_high_coverage/data/ERR3239951/NA19782.final.cram
NA19783	AMR	MXL	m036	0	Gourraud2014	https://s3.amazonaws.com/1000genomes/1000G_2504_high_coverage/data/ERR3239952/NA19783.final.cram
NA19784	AMR	MXL	m036	0	Gourraud2014	https://s3.amazonaws.com/1000genomes/1000G_2504_high_coverage/additional_698_related/data/ERR3989444/NA19784.final.cram
NA19785	AMR	MXL	m032	0	Gourraud2014	https://s3.amazonaws.com/1000genomes/1000G_2504_high_coverage/data/ERR3239953/NA19785.final.cram
NA19786	AMR	MXL	m032	0	Gourraud2014	https://s3.amazonaws.com/1000genomes/1000G_2504_high_coverage/data/ERR3239954/NA19786.final.cram
NA19787	AMR	MXL	m032	0	Gourraud2014	https://s3.amazonaws.com/1000genomes/1000G_2504_high_coverage/additional_698_related/data/ERR3989445/NA19787.final.cram
NA19788	AMR	MXL	m037	0	Gourraud2014	https://s3.amazonaws.com/1000genomes/1000G_2504_high_coverage/data/ERR3239955/NA19788.final.cram
NA19789	AMR	MXL	m037	0	Gourraud2014	https://s3.amazonaws.com/1000genomes/1000G_2504_high_coverage/data/ERR3239956/NA19789.final.cram
NA19790	AMR	MXL	m037	0	Gourraud2014	https://s3.amazonaws.com/1000genomes/1000G_2504_high_coverage/additional_698_related/data/ERR3989446/NA19790.final.cram
NA19794	AMR	MXL	m039	0	Gourraud2014	https://s3.amazonaws.com/1000genomes/1000G_2504_high_coverage/data/ERR3239957/NA19794.final.cram
NA19795	AMR	MXL	m039	0	Gourraud2014	https://s3.amazonaws.com/1000genomes/1000G_2504_high_coverage/data/ERR3239958/NA19795.final.cram
NA19796	AMR	MXL	m039	0	Gourraud2014	https://s3.amazonaws.com/1000genomes/1000G_2504_high_coverage/additional_698_related/data/ERR3989447/NA19796.final.cram
NA19818	AFR	ASW	2418	0	Gourraud2014	https://s3.amazonaws.com/1000genomes/1000G_2504_high_coverage/data/ERR3239959/NA19818.final.cram
NA19819	AFR	ASW	2418	0	Gourraud2014	https://s3.amazonaws.com/1000genomes/1000G_2504_high_coverage/data/ERR3239960/NA19819.final.cram
NA19828	AFR	ASW	2418	0	Gourraud2014	https://s3.amazonaws.com/1000genomes/1000G_2504_high_coverage/additional_698_related/data/ERR3989448/NA19828.final.cram
NA19900	AFR	ASW	2425	0	Gourraud2014	https://s3.amazonaws.com/1000genomes/1000G_2504_high_coverage/data/ERR3239963/NA19900.final.cram
NA19901	AFR	ASW	2425	0	Gourraud2014	https://s3.amazonaws.com/1000genomes/1000G_2504_high_coverage/data/ERR3239964/NA19901.final.cram
NA19902	AFR	ASW	2425	0	Gourraud2014	https://s3.amazonaws.com/1000genomes/1000G_2504_high_coverage/additional_698_related/data/ERR3989450/NA19902.final.cram
NA19904	AFR	ASW	2426	0	Gourraud2014	https://s3.amazonaws.com/1000genomes/1000G_2504_high_coverage/data/ERR3239965/NA19904.final.cram
NA19914	AFR	ASW	2430	0	Gourraud2014	https://s3.amazonaws.com/1000genomes/1000G_2504_high_coverage/data/ERR3239968/NA19914.final.cram
NA19916	AFR	ASW	2431	0	Gourraud2014	https://s3.amazonaws.com/1000genomes/1000G_2504_high_coverage/data/ERR3239969/NA19916.final.cram
NA19917	AFR	ASW	2431	0	Gourraud2014	https://s3.amazonaws.com/1000genomes/1000G_2504_high_coverage/data/ERR3239970/NA19917.final.cram
NA19918	AFR	ASW	2431	0	Gourraud2014	https://s3.amazonaws.com/1000genomes/1000G_2504_high_coverage/additional_698_related/data/ERR3989451/NA19918.final.cram
NA19982	AFR	ASW	2436	0	Gourraud2014	https://s3.amazonaws.com/1000genomes/1000G_2504_high_coverage/data/ERR3239973/NA19982.final.cram
NA19983	AFR	ASW	2436	0	Gourraud2014	https://s3.amazonaws.com/1000genomes/1000G_2504_high_coverage/additional_698_related/data/ERR3989454/NA19983.final.cram
NA20126	AFR	ASW	2446	0	Gourraud2014	https://s3.amazonaws.com/1000genomes/1000G_2504_high_coverage/data/ERR3239974/NA20126.final.cram
NA20127	AFR	ASW	2446	0	Gourraud2014	https://s3.amazonaws.com/1000genomes/1000G_2504_high_coverage/data/ERR3239975/NA20127.final.cram
NA20128	AFR	ASW	2446	0	Gourraud2014	https://s3.amazonaws.com/1000genomes/1000G_2504_high_coverage/additional_698_related/data/ERR3989455/NA20128.final.cram
NA20276	AFR	ASW	2466	0	Gourraud2014	https://s3.amazonaws.com/1000genomes/1000G_2504_high_coverage/data/ERR3239976/NA20276.final.cram
NA20278	AFR	ASW	2467	0	Gourraud2014	https://s3.amazonaws.com/1000genomes/1000G_2504_high_coverage/data/ERR3239977/NA20278.final.cram
NA20279	AFR	ASW	2467	0	Gourraud2014	https://s3.amazonaws.com/1000genomes/1000G_2504_high_coverage/additional_698_related/data/ERR3989457/NA20279.final.cram
NA20281	AFR	ASW	2469a	0	Gourraud2014	https://s3.amazonaws.com/1000genomes/1000G_2504_high_coverage/data/ERR3239978/NA20281.final.cram
NA20287	AFR	ASW	2470	0	Gourraud2014	https://s3.amazonaws.com/1000genomes/1000G_2504_high_coverage/data/ERR3239980/NA20287.final.cram
NA20289	AFR	ASW	2471	0	Gourraud2014	https://s3.amazonaws.com/1000genomes/1000G_2504_high_coverage/data/ERR3239981/NA20289.final.cram
NA20291	AFR	ASW	2472	0	Gourraud2014	https://s3.amazonaws.com/1000genomes/1000G_2504_high_coverage/data/ERR3239982/NA20291.final.cram
NA20294	AFR	ASW	2474	0	Gourraud2014	https://s3.amazonaws.com/1000genomes/1000G_2504_high_coverage/data/ERR3239983/NA20294.final.cram
NA20296	AFR	ASW	2475	0	Gourraud2014	https://s3.amazonaws.com/1000genomes/1000G_2504_high_coverage/data/ERR3239984/NA20296.final.cram
NA20299	AFR	ASW	2476	0	Gourraud2014	https://s3.amazonaws.com/1000genomes/1000G_2504_high_coverage/data/ERR3239985/NA20299.final.cram
NA20314	AFR	ASW	2479	0	Gourraud2014	https://s3.amazonaws.com/1000genomes/1000G_2504_high_coverage/data/ERR3239986/NA20314.final.cram
NA20317	AFR	ASW	2480	0	Gourraud2014	https://s3.amazonaws.com/1000genomes/1000G_2504_high_coverage/data/ERR3239987/NA20317.final.cram
NA20332	AFR	ASW	2483	0	Gourraud2014	https://s3.amazonaws.com/1000genomes/1000G_2504_high_coverage/data/ERR3239988/NA20332.final.cram
NA20334	AFR	ASW	2484	0	Gourraud2014	https://s3.amazonaws.com/1000genomes/1000G_2504_high_coverage/data/ERR3239989/NA20334.final.cram
NA20340	AFR	ASW	2487	0	Gourraud2014	https://s3.amazonaws.com/1000genomes/1000G_2504_high_coverage/data/ERR3239990/NA20340.final.cram
NA20342	AFR	ASW	2488	0	Gourraud2014	https://s3.amazonaws.com/1000genomes/1000G_2504_high_coverage/data/ERR3239991/NA20342.final.cram
NA20348	AFR	ASW	2491	0	Gourraud2014	https://s3.amazonaws.com/1000genomes/1000G_2504_high_coverage/data/ERR3239993/NA20348.final.cram
NA20356	AFR	ASW	2494	0	Gourraud2014	https://s3.amazonaws.com/1000genomes/1000G_2504_high_coverage/data/ERR3239994/NA20356.final.cram
NA20357	AFR	ASW	2494	0	Gourraud2014	https://s3.amazonaws.com/1000genomes/1000G_2504_high_coverage/data/ERR3239995/NA20357.final.cram
NA20358	AFR	ASW	2494	0	Gourraud2014	https://s3.amazonaws.com/1000genomes/1000G_2504_high_coverage/additional_698_related/data/ERR3989458/NA20358.final.cram
NA20359	AFR	ASW	2495	0	Gourraud2014	https://s3.amazonaws.com/1000genomes/1000G_2504_high_coverage/data/ERR3239996/NA20359.final.cram
NA20502	EUR	TSI	NA20502	0	Gourraud2014	https://s3.amazonaws.com/1000genomes/1000G_2504_high_coverage/data/ERR3239785/NA20502.final.cram
NA20504	EUR	TSI	NA20504	0	Gourraud2014	https://s3.amazonaws.com/1000genomes/1000G_2504_high_coverage/data/ERR3239787/NA20504.final.cram
NA20505	EUR	TSI	NA20505	0	Gourraud2014	https://s3.amazonaws.com/1000genomes/1000G_2504_high_coverage/data/ERR3239788/NA20505.final.cram
NA20506	EUR	TSI	NA20506	0	Gourraud2014	https://s3.amazonaws.com/1000genomes/1000G_2504_high_coverage/data/ERR3239789/NA20506.final.cram
NA20508	EUR	TSI	NA20508	0	Gourraud2014	https://s3.amazonaws.com/1000genomes/1000G_2504_high_coverage/data/ERR3239791/NA20508.final.cram
NA20509	EUR	TSI	NA20509	0	Gourraud2014	https://s3.amazonaws.com/1000genomes/1000G_2504_high_coverage/data/ERR3239792/NA20509.final.cram
NA20510	EUR	TSI	NA20510	0	Gourraud2014	https://s3.amazonaws.com/1000genomes/1000G_2504_high_coverage/data/ERR3239793/NA20510.final.cram
NA20512	EUR	TSI	NA20512	0	Gourraud2014	https://s3.amazonaws.com/1000genomes/1000G_2504_high_coverage/data/ERR3239795/NA20512.final.cram
NA20515	EUR	TSI	NA20515	0	Gourraud2014	https://s3.amazonaws.com/1000genomes/1000G_2504_high_coverage/data/ERR3239798/NA20515.final.cram
NA20516	EUR	TSI	NA20516	0	Gourraud2014	https://s3.amazonaws.com/1000genomes/1000G_2504_high_coverage/data/ERR3239799/NA20516.final.cram
NA20517	EUR	TSI	NA20517	0	Gourraud2014	https://s3.amazonaws.com/1000genomes/1000G_2504_high_coverage/data/ERR3239800/NA20517.final.cram
NA20518	EUR	TSI	NA20518	0	Gourraud2014	https://s3.amazonaws.com/1000genomes/1000G_2504_high_coverage/data/ERR3239801/NA20518.final.cram
NA20519	EUR	TSI	NA20519	0	Gourraud2014	https://s3.amazonaws.com/1000genomes/1000G_2504_high_coverage/data/ERR3239802/NA20519.final.cram
NA20520	EUR	TSI	NA20520	0	Gourraud2014	https://s3.amazonaws.com/1000genomes/1000G_2504_high_coverage/data/ERR3239803/NA20520.final.cram
NA20521	EUR	TSI	NA20521	0	Gourraud2014	https://s3.amazonaws.com/1000genomes/1000G_2504_high_coverage/data/ERR3239804/NA20521.final.cram
NA20522	EUR	TSI	NA20522	0	Gourraud2014	https://s3.amazonaws.com/1000genomes/1000G_2504_high_coverage/data/ERR3239805/NA20522.final.cram
NA20524	EUR	TSI	NA20524	0	Gourraud2014	https://s3.amazonaws.com/1000genomes/1000G_2504_high_coverage/data/ERR3239806/NA20524.final.cram
NA20525	EUR	TSI	NA20525	0	Gourraud2014	https://s3.amazonaws.com/1000genomes/1000G_2504_high_coverage/data/ERR3239807/NA20525.final.cram
NA20527	EUR	TSI	NA20527	0	Gourraud2014	https://s3.amazonaws.com/1000genomes/1000G_2504_high_coverage/data/ERR3239808/NA20527.final.cram
NA20528	EUR	TSI	NA20528	0	Gourraud2014	https://s3.amazonaws.com/1000genomes/1000G_2504_high_coverage/data/ERR3239809/NA20528.final.cram
NA20529	EUR	TSI	NA20529	0	Gourraud2014	https://s3.amazonaws.com/1000genomes/1000G_2504_high_coverage/data/ERR3239810/NA20529.final.cram
NA20530	EUR	TSI	NA20530	0	Gourraud2014	https://s3.amazonaws.com/1000genomes/1000G_2504_high_coverage/data/ERR3239811/NA20530.final.cram
NA20531	EUR	TSI	NA20531	0	Gourraud2014	https://s3.amazonaws.com/1000genomes/1000G_2504_high_coverage/data/ERR3239812/NA20531.final.cram
NA20534	EUR	TSI	NA20534	0	Gourraud2014	https://s3.amazonaws.com/1000genomes/1000G_2504_high_coverage/data/ERR3239815/NA20534.final.cram
NA20535	EUR	TSI	NA20535	0	Gourraud2014	https://s3.amazonaws.com/1000genomes/1000G_2504_high_coverage/data/ERR3239816/NA20535.final.cram
NA20538	EUR	TSI	NA20538	0	Gourraud2014	https://s3.amazonaws.com/1000genomes/1000G_2504_high_coverage/data/ERR3239818/NA20538.final.cram
NA20539	EUR	TSI	NA20539	0	Gourraud2014	https://s3.amazonaws.com/1000genomes/1000G_2504_high_coverage/data/ERR3239819/NA20539.final.cram
NA20540	EUR	TSI	NA20540	0	Gourraud2014	https://s3.amazonaws.com/1000genomes/1000G_2504_high_coverage/data/ERR3239820/NA20540.final.cram
NA20541	EUR	TSI	NA20541	0	Gourraud2014	https://s3.amazonaws.com/1000genomes/1000G_2504_high_coverage/data/ERR3239821/NA20541.final.cram
NA20542	EUR	TSI	NA20542	0	Gourraud2014	https://s3.amazonaws.com/1000genomes/1000G_2504_high_coverage/data/ERR3239822/NA20542.final.cram
NA20543	EUR	TSI	NA20543	0	Gourraud2014	https://s3.amazonaws.com/1000genomes/1000G_2504_high_coverage/data/ERR3239823/NA20543.final.cram
NA20544	EUR	TSI	NA20544	0	Gourraud2014	https://s3.amazonaws.com/1000genomes/1000G_2504_high_coverage/data/ERR3239824/NA20544.final.cram
NA20581	EUR	TSI	NA20581	0	Gourraud2014	https://s3.amazonaws.com/1000genomes/1000G_2504_high_coverage/data/ERR3239825/NA20581.final.cram
NA20582	EUR	TSI	NA20582	0	Gourraud2014	https://s3.amazonaws.com/1000genomes/1000G_2504_high_coverage/data/ERR3239826/NA20582.final.cram
NA20585	EUR	TSI	NA20585	0	Gourraud2014	https://s3.amazonaws.com/1000genomes/1000G_2504_high_coverage/data/ERR3239827/NA20585.final.cram
NA20586	EUR	TSI	NA20586	0	Gourraud2014	https://s3.amazonaws.com/1000genomes/1000G_2504_high_coverage/data/ERR3239828/NA20586.final.cram
NA20588	EUR	TSI	NA20588	0	Gourraud2014	https://s3.amazonaws.com/1000genomes/1000G_2504_high_coverage/data/ERR3239830/NA20588.final.cram
NA20589	EUR	TSI	NA20589	0	Gourraud2014	https://s3.amazonaws.com/1000genomes/1000G_2504_high_coverage/data/ERR3239831/NA20589.final.cram
NA20753	EUR	TSI	NA20753	0	Gourraud2014	https://s3.amazonaws.com/1000genomes/1000G_2504_high_coverage/data/ERR3239833/NA20753.final.cram
NA20754	EUR	TSI	NA20754	0	Gourraud2014	https://s3.amazonaws.com/1000genomes/1000G_2504_high_coverage/data/ERR3239834/NA20754.final.cram
NA20755	EUR	TSI	NA20755	0	Gourraud2014	https://s3.amazonaws.com/1000genomes/1000G_2504_high_coverage/data/ERR3239835/NA20755.final.cram
NA20756	EUR	TSI	NA20756	0	Gourraud2014	https://s3.amazonaws.com/1000genomes/1000G_2504_high_coverage/data/ERR3239836/NA20756.final.cram
NA20757	EUR	TSI	NA20757	0	Gourraud2014	https://s3.amazonaws.com/1000genomes/1000G_2504_high_coverage/data/ERR3239837/NA20757.final.cram
NA20758	EUR	TSI	NA20758	0	Gourraud2014	https://s3.amazonaws.com/1000genomes/1000G_2504_high_coverage/data/ERR3239838/NA20758.final.cram
NA20759	EUR	TSI	NA20759	0	Gourraud2014	https://s3.amazonaws.com/1000genomes/1000G_2504_high_coverage/data/ERR3239839/NA20759.final.cram
NA20760	EUR	TSI	NA20760	0	Gourraud2014	https://s3.amazonaws.com/1000genomes/1000G_2504_high_coverage/data/ERR3239840/NA20760.final.cram
NA20761	EUR	TSI	NA20761	0	Gourraud2014	https://s3.amazonaws.com/1000genomes/1000G_2504_high_coverage/data/ERR3239841/NA20761.final.cram
NA20765	EUR	TSI	NA20765	0	Gourraud2014	https://s3.amazonaws.com/1000genomes/1000G_2504_high_coverage/data/ERR3239845/NA20765.final.cram
NA20766	EUR	TSI	NA20766	0	Gourraud2014	https://s3.amazonaws.com/1000genomes/1000G_2504_high_coverage/data/ERR3239846/NA20766.final.cram
NA20768	EUR	TSI	NA20768	0	Gourraud2014	https://s3.amazonaws.com/1000genomes/1000G_2504_high_coverage/data/ERR3239848/NA20768.final.cram
NA20769	EUR	TSI	NA20769	0	Gourraud2014	https://s3.amazonaws.com/1000genomes/1000G_2504_high_coverage/data/ERR3239849/NA20769.final.cram
NA20770	EUR	TSI	NA20770	0	Gourraud2014	https://s3.amazonaws.com/1000genomes/1000G_2504_high_coverage/data/ERR3239850/NA20770.final.cram
NA20771	EUR	TSI	NA20771	0	Gourraud2014	https://s3.amazonaws.com/1000genomes/1000G_2504_high_coverage/data/ERR3239851/NA20771.final.cram
NA20772	EUR	TSI	NA20772	0	Gourraud2014	https://s3.amazonaws.com/1000genomes/1000G_2504_high_coverage/data/ERR3239852/NA20772.final.cram
NA20773	EUR	TSI	NA20773	0	Gourraud2014	https://s3.amazonaws.com/1000genomes/1000G_2504_high_coverage/data/ERR3239853/NA20773.final.cram
NA20774	EUR	TSI	NA20774	0	Gourraud2014	https://s3.amazonaws.com/1000genomes/1000G_2504_high_coverage/data/ERR3239854/NA20774.final.cram
NA20775	EUR	TSI	NA20775	0	Gourraud2014	https://s3.amazonaws.com/1000genomes/1000G_2504_high_coverage/data/ERR3239855/NA20775.final.cram
NA20778	EUR	TSI	NA20778	0	Gourraud2014	https://s3.amazonaws.com/1000genomes/1000G_2504_high_coverage/data/ERR3239856/NA20778.final.cram
NA20783	EUR	TSI	NA20783	0	Gourraud2014	https://s3.amazonaws.com/1000genomes/1000G_2504_high_coverage/data/ERR3239857/NA20783.final.cram
NA20785	EUR	TSI	NA20785	0	Gourraud2014	https://s3.amazonaws.com/1000genomes/1000G_2504_high_coverage/data/ERR3239858/NA20785.final.cram
NA20786	EUR	TSI	NA20786	0	Gourraud2014	https://s3.amazonaws.com/1000genomes/1000G_2504_high_coverage/data/ERR3239859/NA20786.final.cram
NA20787	EUR	TSI	NA20787	0	Gourraud2014	https://s3.amazonaws.com/1000genomes/1000G_2504_high_coverage/data/ERR3239860/NA20787.final.cram
NA20790	EUR	TSI	NA20790	0	Gourraud2014	https://s3.amazonaws.com/1000genomes/1000G_2504_high_coverage/data/ERR3239861/NA20790.final.cram
NA20792	EUR	TSI	NA20792	0	Gourraud2014	https://s3.amazonaws.com/1000genomes/1000G_2504_high_coverage/data/ERR3239862/NA20792.final.cram
NA20795	EUR	TSI	NA20795	0	Gourraud2014	https://s3.amazonaws.com/1000genomes/1000G_2504_high_coverage/data/ERR3239863/NA20795.final.cram
NA20796	EUR	TSI	NA20796	0	Gourraud2014	https://s3.amazonaws.com/1000genomes/1000G_2504_high_coverage/data/ERR3239864/NA20796.final.cram
NA20797	EUR	TSI	NA20797	0	Gourraud2014	https://s3.amazonaws.com/1000genomes/1000G_2504_high_coverage/data/ERR3239865/NA20797.final.cram
NA20798	EUR	TSI	NA20798	0	Gourraud2014	https://s3.amazonaws.com/1000genomes/1000G_2504_high_coverage/data/ERR3239866/NA20798.final.cram
NA20800	EUR	TSI	NA20800	0	Gourraud2014	https://s3.amazonaws.com/1000genomes/1000G_2504_high_coverage/data/ERR3239868/NA20800.final.cram
NA20801	EUR	TSI	NA20801	0	Gourraud2014	https://s3.amazonaws.com/1000genomes/1000G_2504_high_coverage/data/ERR3239869/NA20801.final.cram
NA20802	EUR	TSI	NA20802	0	Gourraud2014	https://s3.amazonaws.com/1000genomes/1000G_2504_high_coverage/data/ERR3239870/NA20802.final.cram
NA20803	EUR	TSI	NA20803	0	Gourraud2014	https://s3.amazonaws.com/1000genomes/1000G_2504_high_coverage/data/ERR3239871/NA20803.final.cram
NA20804	EUR	TSI	NA20804	0	Gourraud2014	https://s3.amazonaws.com/1000genomes/1000G_2504_high_coverage/data/ERR3239872/NA20804.final.cram
NA20807	EUR	TSI	NA20807	0	Gourraud2014	https://s3.amazonaws.com/1000genomes/1000G_2504_high_coverage/data/ERR3239875/NA20807.final.cram
NA20808	EUR	TSI	NA20808	0	Gourraud2014	https://s3.amazonaws.com/1000genomes/1000G_2504_high_coverage/data/ERR3239876/NA20808.final.cram
NA20810	EUR	TSI	NA20810	0	Gourraud2014	https://s3.amazonaws.com/1000genomes/1000G_2504_high_coverage/data/ERR3239878/NA20810.final.cram
NA20811	EUR	TSI	NA20811	0	Gourraud2014	https://s3.amazonaws.com/1000genomes/1000G_2504_high_coverage/data/ERR3239879/NA20811.final.cram
NA20812	EUR	TSI	NA20812	0	Gourraud2014	https://s3.amazonaws.com/1000genomes/1000G_2504_high_coverage/data/ERR3239880/NA20812.final.cram
NA20813	EUR	TSI	NA20813	0	Gourraud2014	https://s3.amazonaws.com/1000genomes/1000G_2504_high_coverage/data/ERR3239881/NA20813.final.cram
NA20815	EUR	TSI	NA20815	0	Gourraud2014	https://s3.amazonaws.com/1000genomes/1000G_2504_high_coverage/data/ERR3239883/NA20815.final.cram
NA20818	EUR	TSI	NA20818	0	Gourraud2014	https://s3.amazonaws.com/1000genomes/1000G_2504_high_coverage/data/ERR3239884/NA20818.final.cram
NA20819	EUR	TSI	NA20819	0	Gourraud2014	https://s3.amazonaws.com/1000genomes/1000G_2504_high_coverage/data/ERR3239885/NA20819.final.cram
NA20826	EUR	TSI	NA20826	0	Gourraud2014	https://s3.amazonaws.com/1000genomes/1000G_2504_high_coverage/data/ERR3239888/NA20826.final.cram
NA20828	EUR	TSI	NA20828	0	Gourraud2014	https://s3.amazonaws.com/1000genomes/1000G_2504_high_coverage/data/ERR3239890/NA20828.final.cram
