donor	stratum	family	method	gene	fields	state	eligible	called	correct	allele_matches
HG00658	EAS	HG00656	T1K	A	2	complete	1	1	1	2
HG00658	EAS	HG00656	T1K	A	4	complete	1	1	1	2
HG00658	EAS	HG00656	T1K	B	2	complete	1	1	1	2
HG00658	EAS	HG00656	T1K	B	4	complete	1	1	0	1
HG00658	EAS	HG00656	T1K	C	2	complete	1	1	1	2
HG00658	EAS	HG00656	T1K	C	4	complete	1	1	0	1
HG00658	EAS	HG00656	T1K	DPA1	2	complete	1	1	1	2
HG00658	EAS	HG00656	T1K	DPA1	4	complete	0	0	0	0
HG00658	EAS	HG00656	T1K	DPB1	2	complete	1	1	1	2
HG00658	EAS	HG00656	T1K	DPB1	4	complete	0	0	0	0
HG00658	EAS	HG00656	T1K	DQA1	2	complete	1	1	1	2
HG00658	EAS	HG00656	T1K	DQA1	4	complete	1	1	0	1
HG00658	EAS	HG00656	T1K	DQB1	2	complete	1	1	1	2
HG00658	EAS	HG00656	T1K	DQB1	4	complete	1	1	1	2
HG00658	EAS	HG00656	T1K	DRB1	2	complete	1	1	1	2
HG00658	EAS	HG00656	T1K	DRB1	4	complete	0	0	0	0
HG00658	EAS	HG00656	hprc	A	2	complete	1	1	1	2
HG00658	EAS	HG00656	hprc	A	4	complete	1	1	1	2
HG00658	EAS	HG00656	hprc	B	2	complete	1	1	1	2
HG00658	EAS	HG00656	hprc	B	4	complete	1	0	0	0
HG00658	EAS	HG00656	hprc	C	2	complete	1	1	1	2
HG00658	EAS	HG00656	hprc	C	4	complete	1	1	0	1
HG00658	EAS	HG00656	hprc	DPA1	2	complete	1	1	1	2
HG00658	EAS	HG00656	hprc	DPA1	4	complete	0	0	0	0
HG00658	EAS	HG00656	hprc	DPB1	2	complete	1	1	1	2
HG00658	EAS	HG00656	hprc	DPB1	4	complete	0	0	0	0
HG00658	EAS	HG00656	hprc	DQA1	2	complete	1	1	1	2
HG00658	EAS	HG00656	hprc	DQA1	4	complete	1	1	1	2
HG00658	EAS	HG00656	hprc	DQB1	2	complete	1	1	1	2
HG00658	EAS	HG00656	hprc	DQB1	4	complete	1	1	1	2
HG00658	EAS	HG00656	hprc	DRB1	2	complete	1	1	0	1
HG00658	EAS	HG00656	hprc	DRB1	4	complete	0	0	0	0
HG00658	EAS	HG00656	hprc_asian	A	2	complete	1	1	1	2
HG00658	EAS	HG00656	hprc_asian	A	4	complete	1	1	1	2
HG00658	EAS	HG00656	hprc_asian	B	2	complete	1	1	1	2
HG00658	EAS	HG00656	hprc_asian	B	4	complete	1	1	0	1
HG00658	EAS	HG00656	hprc_asian	C	2	complete	1	1	1	2
HG00658	EAS	HG00656	hprc_asian	C	4	complete	1	1	1	2
HG00658	EAS	HG00656	hprc_asian	DPA1	2	complete	1	1	1	2
HG00658	EAS	HG00656	hprc_asian	DPA1	4	complete	0	0	0	0
HG00658	EAS	HG00656	hprc_asian	DPB1	2	complete	1	1	1	2
HG00658	EAS	HG00656	hprc_asian	DPB1	4	complete	0	0	0	0
HG00658	EAS	HG00656	hprc_asian	DQA1	2	complete	1	1	1	2
HG00658	EAS	HG00656	hprc_asian	DQA1	4	complete	1	1	1	2
HG00658	EAS	HG00656	hprc_asian	DQB1	2	complete	1	1	1	2
HG00658	EAS	HG00656	hprc_asian	DQB1	4	complete	1	1	1	2
HG00658	EAS	HG00656	hprc_asian	DRB1	2	complete	1	1	1	2
HG00658	EAS	HG00656	hprc_asian	DRB1	4	complete	0	0	0	0
HG00658	EAS	HG00656	ipd_genome	A	2	complete	1	1	1	2
HG00658	EAS	HG00656	ipd_genome	A	4	complete	1	1	1	2
HG00658	EAS	HG00656	ipd_genome	B	2	complete	1	1	1	2
HG00658	EAS	HG00656	ipd_genome	B	4	complete	1	1	1	2
HG00658	EAS	HG00656	ipd_genome	C	2	complete	1	1	1	2
HG00658	EAS	HG00656	ipd_genome	C	4	complete	1	1	1	2
HG00658	EAS	HG00656	ipd_genome	DPA1	2	complete	1	1	1	2
HG00658	EAS	HG00656	ipd_genome	DPA1	4	complete	0	0	0	0
HG00658	EAS	HG00656	ipd_genome	DPB1	2	complete	1	1	1	2
HG00658	EAS	HG00656	ipd_genome	DPB1	4	complete	0	0	0	0
HG00658	EAS	HG00656	ipd_genome	DQA1	2	complete	1	1	1	2
HG00658	EAS	HG00656	ipd_genome	DQA1	4	complete	1	1	1	2
HG00658	EAS	HG00656	ipd_genome	DQB1	2	complete	1	1	1	2
HG00658	EAS	HG00656	ipd_genome	DQB1	4	complete	1	1	1	2
HG00658	EAS	HG00656	ipd_genome	DRB1	2	complete	1	1	1	2
HG00658	EAS	HG00656	ipd_genome	DRB1	4	complete	0	0	0	0
HG00658	EAS	HG00656	genome_hprc	A	2	complete	1	1	1	2
HG00658	EAS	HG00656	genome_hprc	A	4	complete	1	1	1	2
HG00658	EAS	HG00656	genome_hprc	B	2	complete	1	1	1	2
HG00658	EAS	HG00656	genome_hprc	B	4	complete	1	0	0	0
HG00658	EAS	HG00656	genome_hprc	C	2	complete	1	1	1	2
HG00658	EAS	HG00656	genome_hprc	C	4	complete	1	1	0	1
HG00658	EAS	HG00656	genome_hprc	DPA1	2	complete	1	1	1	2
HG00658	EAS	HG00656	genome_hprc	DPA1	4	complete	0	0	0	0
HG00658	EAS	HG00656	genome_hprc	DPB1	2	complete	1	1	1	2
HG00658	EAS	HG00656	genome_hprc	DPB1	4	complete	0	0	0	0
HG00658	EAS	HG00656	genome_hprc	DQA1	2	complete	1	1	1	2
HG00658	EAS	HG00656	genome_hprc	DQA1	4	complete	1	1	1	2
HG00658	EAS	HG00656	genome_hprc	DQB1	2	complete	1	1	1	2
HG00658	EAS	HG00656	genome_hprc	DQB1	4	complete	1	1	1	2
HG00658	EAS	HG00656	genome_hprc	DRB1	2	complete	1	1	0	1
HG00658	EAS	HG00656	genome_hprc	DRB1	4	complete	0	0	0	0
HG00658	EAS	HG00656	genome_hprc_asian	A	2	complete	1	1	1	2
HG00658	EAS	HG00656	genome_hprc_asian	A	4	complete	1	1	1	2
HG00658	EAS	HG00656	genome_hprc_asian	B	2	complete	1	1	1	2
HG00658	EAS	HG00656	genome_hprc_asian	B	4	complete	1	1	0	1
HG00658	EAS	HG00656	genome_hprc_asian	C	2	complete	1	1	1	2
HG00658	EAS	HG00656	genome_hprc_asian	C	4	complete	1	1	1	2
HG00658	EAS	HG00656	genome_hprc_asian	DPA1	2	complete	1	1	1	2
HG00658	EAS	HG00656	genome_hprc_asian	DPA1	4	complete	0	0	0	0
HG00658	EAS	HG00656	genome_hprc_asian	DPB1	2	complete	1	1	1	2
HG00658	EAS	HG00656	genome_hprc_asian	DPB1	4	complete	0	0	0	0
HG00658	EAS	HG00656	genome_hprc_asian	DQA1	2	complete	1	1	1	2
HG00658	EAS	HG00656	genome_hprc_asian	DQA1	4	complete	1	1	1	2
HG00658	EAS	HG00656	genome_hprc_asian	DQB1	2	complete	1	1	1	2
HG00658	EAS	HG00656	genome_hprc_asian	DQB1	4	complete	1	1	1	2
HG00658	EAS	HG00656	genome_hprc_asian	DRB1	2	complete	1	1	1	2
HG00658	EAS	HG00656	genome_hprc_asian	DRB1	4	complete	0	0	0	0
HG02132	EAS	HG02132	T1K	A	2	complete	1	1	1	2
HG02132	EAS	HG02132	T1K	A	4	complete	1	1	1	2
HG02132	EAS	HG02132	T1K	B	2	complete	1	1	1	2
HG02132	EAS	HG02132	T1K	B	4	complete	1	1	0	1
HG02132	EAS	HG02132	T1K	C	2	complete	1	1	1	2
HG02132	EAS	HG02132	T1K	C	4	complete	1	1	0	1
HG02132	EAS	HG02132	T1K	DPA1	2	complete	1	1	1	2
HG02132	EAS	HG02132	T1K	DPA1	4	complete	0	0	0	0
HG02132	EAS	HG02132	T1K	DPB1	2	complete	1	1	1	2
HG02132	EAS	HG02132	T1K	DPB1	4	complete	1	1	0	0
HG02132	EAS	HG02132	T1K	DQA1	2	complete	1	1	1	2
HG02132	EAS	HG02132	T1K	DQA1	4	complete	1	1	0	1
HG02132	EAS	HG02132	T1K	DQB1	2	complete	1	1	1	2
HG02132	EAS	HG02132	T1K	DQB1	4	complete	1	1	0	0
HG02132	EAS	HG02132	T1K	DRB1	2	complete	1	1	1	2
HG02132	EAS	HG02132	T1K	DRB1	4	complete	0	0	0	0
HG02132	EAS	HG02132	hprc	A	2	complete	1	1	0	1
HG02132	EAS	HG02132	hprc	A	4	complete	1	1	0	1
HG02132	EAS	HG02132	hprc	B	2	complete	1	1	0	0
HG02132	EAS	HG02132	hprc	B	4	complete	1	1	0	0
HG02132	EAS	HG02132	hprc	C	2	complete	1	1	1	2
HG02132	EAS	HG02132	hprc	C	4	complete	1	1	1	2
HG02132	EAS	HG02132	hprc	DPA1	2	complete	1	1	1	2
HG02132	EAS	HG02132	hprc	DPA1	4	complete	0	0	0	0
HG02132	EAS	HG02132	hprc	DPB1	2	complete	1	1	1	2
HG02132	EAS	HG02132	hprc	DPB1	4	complete	1	1	0	1
HG02132	EAS	HG02132	hprc	DQA1	2	complete	1	1	1	2
HG02132	EAS	HG02132	hprc	DQA1	4	complete	1	1	1	2
HG02132	EAS	HG02132	hprc	DQB1	2	complete	1	1	1	2
HG02132	EAS	HG02132	hprc	DQB1	4	complete	1	1	0	1
HG02132	EAS	HG02132	hprc	DRB1	2	complete	1	1	1	2
HG02132	EAS	HG02132	hprc	DRB1	4	complete	0	0	0	0
HG02132	EAS	HG02132	hprc_asian	A	2	complete	1	1	1	2
HG02132	EAS	HG02132	hprc_asian	A	4	complete	1	1	1	2
HG02132	EAS	HG02132	hprc_asian	B	2	complete	1	1	0	1
HG02132	EAS	HG02132	hprc_asian	B	4	complete	1	1	0	1
HG02132	EAS	HG02132	hprc_asian	C	2	complete	1	1	1	2
HG02132	EAS	HG02132	hprc_asian	C	4	complete	1	1	1	2
HG02132	EAS	HG02132	hprc_asian	DPA1	2	complete	1	1	1	2
HG02132	EAS	HG02132	hprc_asian	DPA1	4	complete	0	0	0	0
HG02132	EAS	HG02132	hprc_asian	DPB1	2	complete	1	1	1	2
HG02132	EAS	HG02132	hprc_asian	DPB1	4	complete	1	1	1	2
HG02132	EAS	HG02132	hprc_asian	DQA1	2	complete	1	1	1	2
HG02132	EAS	HG02132	hprc_asian	DQA1	4	complete	1	1	1	2
HG02132	EAS	HG02132	hprc_asian	DQB1	2	complete	1	1	1	2
HG02132	EAS	HG02132	hprc_asian	DQB1	4	complete	1	1	1	2
HG02132	EAS	HG02132	hprc_asian	DRB1	2	complete	1	1	1	2
HG02132	EAS	HG02132	hprc_asian	DRB1	4	complete	0	0	0	0
HG02132	EAS	HG02132	ipd_genome	A	2	complete	1	1	1	2
HG02132	EAS	HG02132	ipd_genome	A	4	complete	1	1	1	2
HG02132	EAS	HG02132	ipd_genome	B	2	complete	1	1	1	2
HG02132	EAS	HG02132	ipd_genome	B	4	complete	1	1	0	1
HG02132	EAS	HG02132	ipd_genome	C	2	complete	1	1	1	2
HG02132	EAS	HG02132	ipd_genome	C	4	complete	1	1	1	2
HG02132	EAS	HG02132	ipd_genome	DPA1	2	complete	1	1	1	2
HG02132	EAS	HG02132	ipd_genome	DPA1	4	complete	0	0	0	0
HG02132	EAS	HG02132	ipd_genome	DPB1	2	complete	1	1	1	2
HG02132	EAS	HG02132	ipd_genome	DPB1	4	complete	1	1	1	2
HG02132	EAS	HG02132	ipd_genome	DQA1	2	complete	1	1	1	2
HG02132	EAS	HG02132	ipd_genome	DQA1	4	complete	1	1	1	2
HG02132	EAS	HG02132	ipd_genome	DQB1	2	complete	1	1	1	2
HG02132	EAS	HG02132	ipd_genome	DQB1	4	complete	1	1	1	2
HG02132	EAS	HG02132	ipd_genome	DRB1	2	complete	1	1	1	2
HG02132	EAS	HG02132	ipd_genome	DRB1	4	complete	0	0	0	0
HG02132	EAS	HG02132	genome_hprc	A	2	complete	1	1	0	1
HG02132	EAS	HG02132	genome_hprc	A	4	complete	1	1	0	1
HG02132	EAS	HG02132	genome_hprc	B	2	complete	1	1	0	0
HG02132	EAS	HG02132	genome_hprc	B	4	complete	1	1	0	0
HG02132	EAS	HG02132	genome_hprc	C	2	complete	1	1	1	2
HG02132	EAS	HG02132	genome_hprc	C	4	complete	1	1	1	2
HG02132	EAS	HG02132	genome_hprc	DPA1	2	complete	1	1	1	2
HG02132	EAS	HG02132	genome_hprc	DPA1	4	complete	0	0	0	0
HG02132	EAS	HG02132	genome_hprc	DPB1	2	complete	1	1	1	2
HG02132	EAS	HG02132	genome_hprc	DPB1	4	complete	1	1	0	1
HG02132	EAS	HG02132	genome_hprc	DQA1	2	complete	1	1	1	2
HG02132	EAS	HG02132	genome_hprc	DQA1	4	complete	1	1	1	2
HG02132	EAS	HG02132	genome_hprc	DQB1	2	complete	1	1	1	2
HG02132	EAS	HG02132	genome_hprc	DQB1	4	complete	1	1	0	1
HG02132	EAS	HG02132	genome_hprc	DRB1	2	complete	1	1	1	2
HG02132	EAS	HG02132	genome_hprc	DRB1	4	complete	0	0	0	0
HG02132	EAS	HG02132	genome_hprc_asian	A	2	complete	1	1	1	2
HG02132	EAS	HG02132	genome_hprc_asian	A	4	complete	1	1	1	2
HG02132	EAS	HG02132	genome_hprc_asian	B	2	complete	1	1	0	1
HG02132	EAS	HG02132	genome_hprc_asian	B	4	complete	1	1	0	1
HG02132	EAS	HG02132	genome_hprc_asian	C	2	complete	1	1	1	2
HG02132	EAS	HG02132	genome_hprc_asian	C	4	complete	1	1	1	2
HG02132	EAS	HG02132	genome_hprc_asian	DPA1	2	complete	1	1	1	2
HG02132	EAS	HG02132	genome_hprc_asian	DPA1	4	complete	0	0	0	0
HG02132	EAS	HG02132	genome_hprc_asian	DPB1	2	complete	1	1	1	2
HG02132	EAS	HG02132	genome_hprc_asian	DPB1	4	complete	1	1	1	2
HG02132	EAS	HG02132	genome_hprc_asian	DQA1	2	complete	1	1	1	2
HG02132	EAS	HG02132	genome_hprc_asian	DQA1	4	complete	1	1	1	2
HG02132	EAS	HG02132	genome_hprc_asian	DQB1	2	complete	1	1	1	2
HG02132	EAS	HG02132	genome_hprc_asian	DQB1	4	complete	1	1	1	2
HG02132	EAS	HG02132	genome_hprc_asian	DRB1	2	complete	1	1	1	2
HG02132	EAS	HG02132	genome_hprc_asian	DRB1	4	complete	0	0	0	0
HG02178	EAS	HG02178	T1K	A	2	complete	1	1	1	2
HG02178	EAS	HG02178	T1K	A	4	complete	1	1	1	2
HG02178	EAS	HG02178	T1K	B	2	complete	1	1	0	1
HG02178	EAS	HG02178	T1K	B	4	complete	1	0	0	1
HG02178	EAS	HG02178	T1K	C	2	complete	1	1	1	2
HG02178	EAS	HG02178	T1K	C	4	complete	1	1	1	2
HG02178	EAS	HG02178	T1K	DPA1	2	complete	1	1	1	2
HG02178	EAS	HG02178	T1K	DPA1	4	complete	0	0	0	0
HG02178	EAS	HG02178	T1K	DPB1	2	complete	1	1	1	2
HG02178	EAS	HG02178	T1K	DPB1	4	complete	1	1	0	0
HG02178	EAS	HG02178	T1K	DQA1	2	complete	1	1	1	2
HG02178	EAS	HG02178	T1K	DQA1	4	complete	1	1	0	1
HG02178	EAS	HG02178	T1K	DQB1	2	complete	1	1	1	2
HG02178	EAS	HG02178	T1K	DQB1	4	complete	1	1	1	2
HG02178	EAS	HG02178	T1K	DRB1	2	complete	1	1	1	2
HG02178	EAS	HG02178	T1K	DRB1	4	complete	0	0	0	0
HG02178	EAS	HG02178	hprc	A	2	complete	1	1	1	2
HG02178	EAS	HG02178	hprc	A	4	complete	1	1	0	1
HG02178	EAS	HG02178	hprc	B	2	complete	1	1	1	2
HG02178	EAS	HG02178	hprc	B	4	complete	1	0	0	1
HG02178	EAS	HG02178	hprc	C	2	complete	1	1	1	2
HG02178	EAS	HG02178	hprc	C	4	complete	1	1	1	2
HG02178	EAS	HG02178	hprc	DPA1	2	complete	1	1	1	2
HG02178	EAS	HG02178	hprc	DPA1	4	complete	0	0	0	0
HG02178	EAS	HG02178	hprc	DPB1	2	complete	1	1	1	2
HG02178	EAS	HG02178	hprc	DPB1	4	complete	1	1	0	0
HG02178	EAS	HG02178	hprc	DQA1	2	complete	1	1	1	2
HG02178	EAS	HG02178	hprc	DQA1	4	complete	1	1	0	1
HG02178	EAS	HG02178	hprc	DQB1	2	complete	1	1	1	2
HG02178	EAS	HG02178	hprc	DQB1	4	complete	1	1	0	1
HG02178	EAS	HG02178	hprc	DRB1	2	complete	1	1	0	1
HG02178	EAS	HG02178	hprc	DRB1	4	complete	0	0	0	0
HG02178	EAS	HG02178	hprc_asian	A	2	complete	1	1	1	2
HG02178	EAS	HG02178	hprc_asian	A	4	complete	1	1	1	2
HG02178	EAS	HG02178	hprc_asian	B	2	complete	1	1	1	2
HG02178	EAS	HG02178	hprc_asian	B	4	complete	1	1	1	2
HG02178	EAS	HG02178	hprc_asian	C	2	complete	1	1	1	2
HG02178	EAS	HG02178	hprc_asian	C	4	complete	1	1	1	2
HG02178	EAS	HG02178	hprc_asian	DPA1	2	complete	1	1	1	2
HG02178	EAS	HG02178	hprc_asian	DPA1	4	complete	0	0	0	0
HG02178	EAS	HG02178	hprc_asian	DPB1	2	complete	1	1	1	2
HG02178	EAS	HG02178	hprc_asian	DPB1	4	complete	1	1	0	1
HG02178	EAS	HG02178	hprc_asian	DQA1	2	complete	1	1	1	2
HG02178	EAS	HG02178	hprc_asian	DQA1	4	complete	1	1	1	2
HG02178	EAS	HG02178	hprc_asian	DQB1	2	complete	1	1	1	2
HG02178	EAS	HG02178	hprc_asian	DQB1	4	complete	1	1	1	2
HG02178	EAS	HG02178	hprc_asian	DRB1	2	complete	1	1	1	2
HG02178	EAS	HG02178	hprc_asian	DRB1	4	complete	0	0	0	0
HG02178	EAS	HG02178	ipd_genome	A	2	complete	1	1	1	2
HG02178	EAS	HG02178	ipd_genome	A	4	complete	1	1	1	2
HG02178	EAS	HG02178	ipd_genome	B	2	complete	1	1	0	1
HG02178	EAS	HG02178	ipd_genome	B	4	complete	1	0	0	1
HG02178	EAS	HG02178	ipd_genome	C	2	complete	1	1	1	2
HG02178	EAS	HG02178	ipd_genome	C	4	complete	1	1	1	2
HG02178	EAS	HG02178	ipd_genome	DPA1	2	complete	1	1	1	2
HG02178	EAS	HG02178	ipd_genome	DPA1	4	complete	0	0	0	0
HG02178	EAS	HG02178	ipd_genome	DPB1	2	complete	1	1	1	2
HG02178	EAS	HG02178	ipd_genome	DPB1	4	complete	1	1	1	2
HG02178	EAS	HG02178	ipd_genome	DQA1	2	complete	1	1	1	2
HG02178	EAS	HG02178	ipd_genome	DQA1	4	complete	1	1	1	2
HG02178	EAS	HG02178	ipd_genome	DQB1	2	complete	1	1	1	2
HG02178	EAS	HG02178	ipd_genome	DQB1	4	complete	1	1	1	2
HG02178	EAS	HG02178	ipd_genome	DRB1	2	complete	1	1	1	2
HG02178	EAS	HG02178	ipd_genome	DRB1	4	complete	0	0	0	0
HG02178	EAS	HG02178	genome_hprc	A	2	complete	1	1	1	2
HG02178	EAS	HG02178	genome_hprc	A	4	complete	1	1	0	1
HG02178	EAS	HG02178	genome_hprc	B	2	complete	1	1	1	2
HG02178	EAS	HG02178	genome_hprc	B	4	complete	1	0	0	1
HG02178	EAS	HG02178	genome_hprc	C	2	complete	1	1	1	2
HG02178	EAS	HG02178	genome_hprc	C	4	complete	1	1	1	2
HG02178	EAS	HG02178	genome_hprc	DPA1	2	complete	1	1	1	2
HG02178	EAS	HG02178	genome_hprc	DPA1	4	complete	0	0	0	0
HG02178	EAS	HG02178	genome_hprc	DPB1	2	complete	1	1	1	2
HG02178	EAS	HG02178	genome_hprc	DPB1	4	complete	1	1	0	0
HG02178	EAS	HG02178	genome_hprc	DQA1	2	complete	1	1	1	2
HG02178	EAS	HG02178	genome_hprc	DQA1	4	complete	1	1	1	2
HG02178	EAS	HG02178	genome_hprc	DQB1	2	complete	1	1	1	2
HG02178	EAS	HG02178	genome_hprc	DQB1	4	complete	1	1	0	1
HG02178	EAS	HG02178	genome_hprc	DRB1	2	complete	1	1	1	2
HG02178	EAS	HG02178	genome_hprc	DRB1	4	complete	0	0	0	0
HG02178	EAS	HG02178	genome_hprc_asian	A	2	complete	1	1	1	2
HG02178	EAS	HG02178	genome_hprc_asian	A	4	complete	1	1	1	2
HG02178	EAS	HG02178	genome_hprc_asian	B	2	complete	1	1	1	2
HG02178	EAS	HG02178	genome_hprc_asian	B	4	complete	1	1	1	2
HG02178	EAS	HG02178	genome_hprc_asian	C	2	complete	1	1	1	2
HG02178	EAS	HG02178	genome_hprc_asian	C	4	complete	1	1	1	2
HG02178	EAS	HG02178	genome_hprc_asian	DPA1	2	complete	1	1	1	2
HG02178	EAS	HG02178	genome_hprc_asian	DPA1	4	complete	0	0	0	0
HG02178	EAS	HG02178	genome_hprc_asian	DPB1	2	complete	1	1	1	2
HG02178	EAS	HG02178	genome_hprc_asian	DPB1	4	complete	1	1	0	1
HG02178	EAS	HG02178	genome_hprc_asian	DQA1	2	complete	1	1	1	2
HG02178	EAS	HG02178	genome_hprc_asian	DQA1	4	complete	1	1	1	2
HG02178	EAS	HG02178	genome_hprc_asian	DQB1	2	complete	1	1	1	2
HG02178	EAS	HG02178	genome_hprc_asian	DQB1	4	complete	1	1	1	2
HG02178	EAS	HG02178	genome_hprc_asian	DRB1	2	complete	1	1	1	2
HG02178	EAS	HG02178	genome_hprc_asian	DRB1	4	complete	0	0	0	0
HG03831	SAS	HG03829	T1K	A	2	complete	1	1	1	2
HG03831	SAS	HG03829	T1K	A	4	complete	1	1	1	2
HG03831	SAS	HG03829	T1K	B	2	complete	1	1	1	2
HG03831	SAS	HG03829	T1K	B	4	complete	1	1	0	1
HG03831	SAS	HG03829	T1K	C	2	complete	1	1	1	2
HG03831	SAS	HG03829	T1K	C	4	complete	1	1	0	1
HG03831	SAS	HG03829	T1K	DPA1	2	complete	1	1	1	2
HG03831	SAS	HG03829	T1K	DPA1	4	complete	0	0	0	0
HG03831	SAS	HG03829	T1K	DPB1	2	complete	1	1	1	2
HG03831	SAS	HG03829	T1K	DPB1	4	complete	1	1	0	1
HG03831	SAS	HG03829	T1K	DQA1	2	complete	1	1	1	2
HG03831	SAS	HG03829	T1K	DQA1	4	complete	1	1	0	1
HG03831	SAS	HG03829	T1K	DQB1	2	complete	1	1	1	2
HG03831	SAS	HG03829	T1K	DQB1	4	complete	1	1	1	2
HG03831	SAS	HG03829	T1K	DRB1	2	complete	1	1	1	2
HG03831	SAS	HG03829	T1K	DRB1	4	complete	0	0	0	0
HG03831	SAS	HG03829	hprc	A	2	complete	1	1	1	2
HG03831	SAS	HG03829	hprc	A	4	complete	1	1	1	2
HG03831	SAS	HG03829	hprc	B	2	complete	1	1	0	1
HG03831	SAS	HG03829	hprc	B	4	complete	1	0	0	0
HG03831	SAS	HG03829	hprc	C	2	complete	1	1	0	1
HG03831	SAS	HG03829	hprc	C	4	complete	1	1	0	1
HG03831	SAS	HG03829	hprc	DPA1	2	complete	1	1	1	2
HG03831	SAS	HG03829	hprc	DPA1	4	complete	0	0	0	0
HG03831	SAS	HG03829	hprc	DPB1	2	complete	1	1	0	1
HG03831	SAS	HG03829	hprc	DPB1	4	complete	1	1	0	1
HG03831	SAS	HG03829	hprc	DQA1	2	complete	1	1	1	2
HG03831	SAS	HG03829	hprc	DQA1	4	complete	1	1	0	0
HG03831	SAS	HG03829	hprc	DQB1	2	complete	1	1	1	2
HG03831	SAS	HG03829	hprc	DQB1	4	complete	1	1	1	2
HG03831	SAS	HG03829	hprc	DRB1	2	complete	1	1	0	1
HG03831	SAS	HG03829	hprc	DRB1	4	complete	0	0	0	0
HG03831	SAS	HG03829	hprc_asian	A	2	complete	1	1	1	2
HG03831	SAS	HG03829	hprc_asian	A	4	complete	1	1	1	2
HG03831	SAS	HG03829	hprc_asian	B	2	complete	1	1	0	1
HG03831	SAS	HG03829	hprc_asian	B	4	complete	1	1	0	1
HG03831	SAS	HG03829	hprc_asian	C	2	complete	1	1	1	2
HG03831	SAS	HG03829	hprc_asian	C	4	complete	1	1	1	2
HG03831	SAS	HG03829	hprc_asian	DPA1	2	complete	1	1	1	2
HG03831	SAS	HG03829	hprc_asian	DPA1	4	complete	0	0	0	0
HG03831	SAS	HG03829	hprc_asian	DPB1	2	complete	1	1	1	2
HG03831	SAS	HG03829	hprc_asian	DPB1	4	complete	1	1	1	2
HG03831	SAS	HG03829	hprc_asian	DQA1	2	complete	1	1	1	2
HG03831	SAS	HG03829	hprc_asian	DQA1	4	complete	1	1	1	2
HG03831	SAS	HG03829	hprc_asian	DQB1	2	complete	1	1	1	2
HG03831	SAS	HG03829	hprc_asian	DQB1	4	complete	1	1	1	2
HG03831	SAS	HG03829	hprc_asian	DRB1	2	complete	1	1	0	1
HG03831	SAS	HG03829	hprc_asian	DRB1	4	complete	0	0	0	0
HG03831	SAS	HG03829	ipd_genome	A	2	complete	1	1	1	2
HG03831	SAS	HG03829	ipd_genome	A	4	complete	1	1	1	2
HG03831	SAS	HG03829	ipd_genome	B	2	complete	1	1	1	2
HG03831	SAS	HG03829	ipd_genome	B	4	complete	1	1	1	2
HG03831	SAS	HG03829	ipd_genome	C	2	complete	1	1	1	2
HG03831	SAS	HG03829	ipd_genome	C	4	complete	1	1	1	2
HG03831	SAS	HG03829	ipd_genome	DPA1	2	complete	1	1	1	2
HG03831	SAS	HG03829	ipd_genome	DPA1	4	complete	0	0	0	0
HG03831	SAS	HG03829	ipd_genome	DPB1	2	complete	1	1	1	2
HG03831	SAS	HG03829	ipd_genome	DPB1	4	complete	1	1	1	2
HG03831	SAS	HG03829	ipd_genome	DQA1	2	complete	1	1	1	2
HG03831	SAS	HG03829	ipd_genome	DQA1	4	complete	1	1	1	2
HG03831	SAS	HG03829	ipd_genome	DQB1	2	complete	1	1	1	2
HG03831	SAS	HG03829	ipd_genome	DQB1	4	complete	1	1	1	2
HG03831	SAS	HG03829	ipd_genome	DRB1	2	complete	1	1	0	1
HG03831	SAS	HG03829	ipd_genome	DRB1	4	complete	0	0	0	0
HG03831	SAS	HG03829	genome_hprc	A	2	complete	1	1	1	2
HG03831	SAS	HG03829	genome_hprc	A	4	complete	1	1	1	2
HG03831	SAS	HG03829	genome_hprc	B	2	complete	1	1	0	1
HG03831	SAS	HG03829	genome_hprc	B	4	complete	1	1	0	1
HG03831	SAS	HG03829	genome_hprc	C	2	complete	1	1	0	1
HG03831	SAS	HG03829	genome_hprc	C	4	complete	1	1	0	1
HG03831	SAS	HG03829	genome_hprc	DPA1	2	complete	1	1	1	2
HG03831	SAS	HG03829	genome_hprc	DPA1	4	complete	0	0	0	0
HG03831	SAS	HG03829	genome_hprc	DPB1	2	complete	1	1	1	2
HG03831	SAS	HG03829	genome_hprc	DPB1	4	complete	1	1	1	2
HG03831	SAS	HG03829	genome_hprc	DQA1	2	complete	1	1	1	2
HG03831	SAS	HG03829	genome_hprc	DQA1	4	complete	1	1	0	1
HG03831	SAS	HG03829	genome_hprc	DQB1	2	complete	1	1	1	2
HG03831	SAS	HG03829	genome_hprc	DQB1	4	complete	1	1	1	2
HG03831	SAS	HG03829	genome_hprc	DRB1	2	complete	1	1	0	1
HG03831	SAS	HG03829	genome_hprc	DRB1	4	complete	0	0	0	0
HG03831	SAS	HG03829	genome_hprc_asian	A	2	complete	1	1	1	2
HG03831	SAS	HG03829	genome_hprc_asian	A	4	complete	1	1	1	2
HG03831	SAS	HG03829	genome_hprc_asian	B	2	complete	1	1	0	1
HG03831	SAS	HG03829	genome_hprc_asian	B	4	complete	1	1	0	1
HG03831	SAS	HG03829	genome_hprc_asian	C	2	complete	1	1	1	2
HG03831	SAS	HG03829	genome_hprc_asian	C	4	complete	1	1	1	2
HG03831	SAS	HG03829	genome_hprc_asian	DPA1	2	complete	1	1	1	2
HG03831	SAS	HG03829	genome_hprc_asian	DPA1	4	complete	0	0	0	0
HG03831	SAS	HG03829	genome_hprc_asian	DPB1	2	complete	1	1	1	2
HG03831	SAS	HG03829	genome_hprc_asian	DPB1	4	complete	1	1	1	2
HG03831	SAS	HG03829	genome_hprc_asian	DQA1	2	complete	1	1	1	2
HG03831	SAS	HG03829	genome_hprc_asian	DQA1	4	complete	1	1	1	2
HG03831	SAS	HG03829	genome_hprc_asian	DQB1	2	complete	1	1	1	2
HG03831	SAS	HG03829	genome_hprc_asian	DQB1	4	complete	1	1	1	2
HG03831	SAS	HG03829	genome_hprc_asian	DRB1	2	complete	1	1	0	1
HG03831	SAS	HG03829	genome_hprc_asian	DRB1	4	complete	0	0	0	0
HG03874	SAS	HG03874	T1K	A	2	complete	1	1	1	2
HG03874	SAS	HG03874	T1K	A	4	complete	1	1	1	2
HG03874	SAS	HG03874	T1K	B	2	complete	1	1	1	2
HG03874	SAS	HG03874	T1K	B	4	complete	1	1	1	2
HG03874	SAS	HG03874	T1K	C	2	complete	1	1	1	2
HG03874	SAS	HG03874	T1K	C	4	complete	1	1	0	1
HG03874	SAS	HG03874	T1K	DPA1	2	complete	1	1	1	2
HG03874	SAS	HG03874	T1K	DPA1	4	complete	0	0	0	0
HG03874	SAS	HG03874	T1K	DPB1	2	complete	1	1	1	2
HG03874	SAS	HG03874	T1K	DPB1	4	complete	1	1	1	2
HG03874	SAS	HG03874	T1K	DQA1	2	complete	1	1	1	2
HG03874	SAS	HG03874	T1K	DQA1	4	complete	0	0	0	0
HG03874	SAS	HG03874	T1K	DQB1	2	complete	1	1	1	2
HG03874	SAS	HG03874	T1K	DQB1	4	complete	1	1	0	1
HG03874	SAS	HG03874	T1K	DRB1	2	complete	1	1	1	2
HG03874	SAS	HG03874	T1K	DRB1	4	complete	0	0	0	0
HG03874	SAS	HG03874	hprc	A	2	complete	1	1	1	2
HG03874	SAS	HG03874	hprc	A	4	complete	1	1	1	2
HG03874	SAS	HG03874	hprc	B	2	complete	1	1	0	1
HG03874	SAS	HG03874	hprc	B	4	complete	1	1	0	1
HG03874	SAS	HG03874	hprc	C	2	complete	1	1	1	2
HG03874	SAS	HG03874	hprc	C	4	complete	1	1	1	2
HG03874	SAS	HG03874	hprc	DPA1	2	complete	1	1	1	2
HG03874	SAS	HG03874	hprc	DPA1	4	complete	0	0	0	0
HG03874	SAS	HG03874	hprc	DPB1	2	complete	1	1	0	0
HG03874	SAS	HG03874	hprc	DPB1	4	complete	1	1	0	0
HG03874	SAS	HG03874	hprc	DQA1	2	complete	1	1	0	1
HG03874	SAS	HG03874	hprc	DQA1	4	complete	0	0	0	0
HG03874	SAS	HG03874	hprc	DQB1	2	complete	1	1	1	2
HG03874	SAS	HG03874	hprc	DQB1	4	complete	1	1	0	1
HG03874	SAS	HG03874	hprc	DRB1	2	complete	1	1	1	2
HG03874	SAS	HG03874	hprc	DRB1	4	complete	0	0	0	0
HG03874	SAS	HG03874	hprc_asian	A	2	complete	1	1	1	2
HG03874	SAS	HG03874	hprc_asian	A	4	complete	1	1	1	2
HG03874	SAS	HG03874	hprc_asian	B	2	complete	1	1	1	2
HG03874	SAS	HG03874	hprc_asian	B	4	complete	1	1	1	2
HG03874	SAS	HG03874	hprc_asian	C	2	complete	1	1	1	2
HG03874	SAS	HG03874	hprc_asian	C	4	complete	1	1	1	2
HG03874	SAS	HG03874	hprc_asian	DPA1	2	complete	1	1	1	2
HG03874	SAS	HG03874	hprc_asian	DPA1	4	complete	0	0	0	0
HG03874	SAS	HG03874	hprc_asian	DPB1	2	complete	1	1	1	2
HG03874	SAS	HG03874	hprc_asian	DPB1	4	complete	1	1	0	1
HG03874	SAS	HG03874	hprc_asian	DQA1	2	complete	1	1	0	1
HG03874	SAS	HG03874	hprc_asian	DQA1	4	complete	0	0	0	0
HG03874	SAS	HG03874	hprc_asian	DQB1	2	complete	1	1	1	2
HG03874	SAS	HG03874	hprc_asian	DQB1	4	complete	1	1	1	2
HG03874	SAS	HG03874	hprc_asian	DRB1	2	complete	1	1	1	2
HG03874	SAS	HG03874	hprc_asian	DRB1	4	complete	0	0	0	0
HG03874	SAS	HG03874	ipd_genome	A	2	complete	1	1	1	2
HG03874	SAS	HG03874	ipd_genome	A	4	complete	1	1	1	2
HG03874	SAS	HG03874	ipd_genome	B	2	complete	1	1	1	2
HG03874	SAS	HG03874	ipd_genome	B	4	complete	1	1	1	2
HG03874	SAS	HG03874	ipd_genome	C	2	complete	1	1	1	2
HG03874	SAS	HG03874	ipd_genome	C	4	complete	1	1	1	2
HG03874	SAS	HG03874	ipd_genome	DPA1	2	complete	1	1	1	2
HG03874	SAS	HG03874	ipd_genome	DPA1	4	complete	0	0	0	0
HG03874	SAS	HG03874	ipd_genome	DPB1	2	complete	1	1	1	2
HG03874	SAS	HG03874	ipd_genome	DPB1	4	complete	1	1	1	2
HG03874	SAS	HG03874	ipd_genome	DQA1	2	complete	1	1	1	2
HG03874	SAS	HG03874	ipd_genome	DQA1	4	complete	0	0	0	0
HG03874	SAS	HG03874	ipd_genome	DQB1	2	complete	1	1	1	2
HG03874	SAS	HG03874	ipd_genome	DQB1	4	complete	1	1	1	2
HG03874	SAS	HG03874	ipd_genome	DRB1	2	complete	1	1	1	2
HG03874	SAS	HG03874	ipd_genome	DRB1	4	complete	0	0	0	0
HG03874	SAS	HG03874	genome_hprc	A	2	complete	1	1	1	2
HG03874	SAS	HG03874	genome_hprc	A	4	complete	1	1	1	2
HG03874	SAS	HG03874	genome_hprc	B	2	complete	1	1	0	1
HG03874	SAS	HG03874	genome_hprc	B	4	complete	1	1	0	1
HG03874	SAS	HG03874	genome_hprc	C	2	complete	1	1	1	2
HG03874	SAS	HG03874	genome_hprc	C	4	complete	1	1	1	2
HG03874	SAS	HG03874	genome_hprc	DPA1	2	complete	1	1	1	2
HG03874	SAS	HG03874	genome_hprc	DPA1	4	complete	0	0	0	0
HG03874	SAS	HG03874	genome_hprc	DPB1	2	complete	1	1	0	1
HG03874	SAS	HG03874	genome_hprc	DPB1	4	complete	1	1	0	1
HG03874	SAS	HG03874	genome_hprc	DQA1	2	complete	1	1	0	1
HG03874	SAS	HG03874	genome_hprc	DQA1	4	complete	0	0	0	0
HG03874	SAS	HG03874	genome_hprc	DQB1	2	complete	1	1	1	2
HG03874	SAS	HG03874	genome_hprc	DQB1	4	complete	1	1	0	1
HG03874	SAS	HG03874	genome_hprc	DRB1	2	complete	1	1	1	2
HG03874	SAS	HG03874	genome_hprc	DRB1	4	complete	0	0	0	0
HG03874	SAS	HG03874	genome_hprc_asian	A	2	complete	1	1	1	2
HG03874	SAS	HG03874	genome_hprc_asian	A	4	complete	1	1	1	2
HG03874	SAS	HG03874	genome_hprc_asian	B	2	complete	1	1	1	2
HG03874	SAS	HG03874	genome_hprc_asian	B	4	complete	1	1	1	2
HG03874	SAS	HG03874	genome_hprc_asian	C	2	complete	1	1	1	2
HG03874	SAS	HG03874	genome_hprc_asian	C	4	complete	1	1	1	2
HG03874	SAS	HG03874	genome_hprc_asian	DPA1	2	complete	1	1	1	2
HG03874	SAS	HG03874	genome_hprc_asian	DPA1	4	complete	0	0	0	0
HG03874	SAS	HG03874	genome_hprc_asian	DPB1	2	complete	1	1	1	2
HG03874	SAS	HG03874	genome_hprc_asian	DPB1	4	complete	1	1	0	1
HG03874	SAS	HG03874	genome_hprc_asian	DQA1	2	complete	1	1	0	1
HG03874	SAS	HG03874	genome_hprc_asian	DQA1	4	complete	0	0	0	0
HG03874	SAS	HG03874	genome_hprc_asian	DQB1	2	complete	1	1	1	2
HG03874	SAS	HG03874	genome_hprc_asian	DQB1	4	complete	1	1	1	2
HG03874	SAS	HG03874	genome_hprc_asian	DRB1	2	complete	1	1	1	2
HG03874	SAS	HG03874	genome_hprc_asian	DRB1	4	complete	0	0	0	0
HG04199	SAS	HG04099	T1K	A	2	complete	1	1	1	2
HG04199	SAS	HG04099	T1K	A	4	complete	1	1	1	2
HG04199	SAS	HG04099	T1K	B	2	complete	1	1	1	2
HG04199	SAS	HG04099	T1K	B	4	complete	0	0	0	0
HG04199	SAS	HG04099	T1K	C	2	complete	1	1	1	2
HG04199	SAS	HG04099	T1K	C	4	complete	1	1	0	1
HG04199	SAS	HG04099	T1K	DPA1	2	complete	1	1	1	2
HG04199	SAS	HG04099	T1K	DPA1	4	complete	0	0	0	0
HG04199	SAS	HG04099	T1K	DPB1	2	complete	1	1	1	2
HG04199	SAS	HG04099	T1K	DPB1	4	complete	1	1	0	0
HG04199	SAS	HG04099	T1K	DQA1	2	complete	1	1	1	2
HG04199	SAS	HG04099	T1K	DQA1	4	complete	1	1	1	2
HG04199	SAS	HG04099	T1K	DQB1	2	complete	1	1	1	2
HG04199	SAS	HG04099	T1K	DQB1	4	complete	1	1	0	1
HG04199	SAS	HG04099	T1K	DRB1	2	complete	1	1	1	2
HG04199	SAS	HG04099	T1K	DRB1	4	complete	0	0	0	0
HG04199	SAS	HG04099	hprc	A	2	complete	1	1	1	2
HG04199	SAS	HG04099	hprc	A	4	complete	1	1	1	2
HG04199	SAS	HG04099	hprc	B	2	complete	1	1	0	1
HG04199	SAS	HG04099	hprc	B	4	complete	0	0	0	0
HG04199	SAS	HG04099	hprc	C	2	complete	1	1	0	1
HG04199	SAS	HG04099	hprc	C	4	complete	1	1	0	1
HG04199	SAS	HG04099	hprc	DPA1	2	complete	1	1	1	2
HG04199	SAS	HG04099	hprc	DPA1	4	complete	0	0	0	0
HG04199	SAS	HG04099	hprc	DPB1	2	complete	1	1	0	1
HG04199	SAS	HG04099	hprc	DPB1	4	complete	1	1	0	0
HG04199	SAS	HG04099	hprc	DQA1	2	complete	1	1	1	2
HG04199	SAS	HG04099	hprc	DQA1	4	complete	1	1	1	2
HG04199	SAS	HG04099	hprc	DQB1	2	complete	1	1	1	2
HG04199	SAS	HG04099	hprc	DQB1	4	complete	1	1	1	2
HG04199	SAS	HG04099	hprc	DRB1	2	complete	1	1	1	2
HG04199	SAS	HG04099	hprc	DRB1	4	complete	0	0	0	0
HG04199	SAS	HG04099	hprc_asian	A	2	complete	1	1	1	2
HG04199	SAS	HG04099	hprc_asian	A	4	complete	1	1	1	2
HG04199	SAS	HG04099	hprc_asian	B	2	complete	1	1	1	2
HG04199	SAS	HG04099	hprc_asian	B	4	complete	0	0	0	0
HG04199	SAS	HG04099	hprc_asian	C	2	complete	1	1	1	2
HG04199	SAS	HG04099	hprc_asian	C	4	complete	1	1	1	2
HG04199	SAS	HG04099	hprc_asian	DPA1	2	complete	1	1	1	2
HG04199	SAS	HG04099	hprc_asian	DPA1	4	complete	0	0	0	0
HG04199	SAS	HG04099	hprc_asian	DPB1	2	complete	1	1	1	2
HG04199	SAS	HG04099	hprc_asian	DPB1	4	complete	1	1	0	0
HG04199	SAS	HG04099	hprc_asian	DQA1	2	complete	1	1	1	2
HG04199	SAS	HG04099	hprc_asian	DQA1	4	complete	1	1	1	2
HG04199	SAS	HG04099	hprc_asian	DQB1	2	complete	1	1	1	2
HG04199	SAS	HG04099	hprc_asian	DQB1	4	complete	1	1	1	2
HG04199	SAS	HG04099	hprc_asian	DRB1	2	complete	1	1	1	2
HG04199	SAS	HG04099	hprc_asian	DRB1	4	complete	0	0	0	0
HG04199	SAS	HG04099	ipd_genome	A	2	complete	1	1	1	2
HG04199	SAS	HG04099	ipd_genome	A	4	complete	1	1	1	2
HG04199	SAS	HG04099	ipd_genome	B	2	complete	1	1	1	2
HG04199	SAS	HG04099	ipd_genome	B	4	complete	0	0	0	0
HG04199	SAS	HG04099	ipd_genome	C	2	complete	1	1	1	2
HG04199	SAS	HG04099	ipd_genome	C	4	complete	1	1	1	2
HG04199	SAS	HG04099	ipd_genome	DPA1	2	complete	1	1	1	2
HG04199	SAS	HG04099	ipd_genome	DPA1	4	complete	0	0	0	0
HG04199	SAS	HG04099	ipd_genome	DPB1	2	complete	1	1	1	2
HG04199	SAS	HG04099	ipd_genome	DPB1	4	complete	1	1	1	2
HG04199	SAS	HG04099	ipd_genome	DQA1	2	complete	1	1	1	2
HG04199	SAS	HG04099	ipd_genome	DQA1	4	complete	1	1	1	2
HG04199	SAS	HG04099	ipd_genome	DQB1	2	complete	1	1	1	2
HG04199	SAS	HG04099	ipd_genome	DQB1	4	complete	1	1	1	2
HG04199	SAS	HG04099	ipd_genome	DRB1	2	complete	1	1	1	2
HG04199	SAS	HG04099	ipd_genome	DRB1	4	complete	0	0	0	0
HG04199	SAS	HG04099	genome_hprc	A	2	complete	1	1	1	2
HG04199	SAS	HG04099	genome_hprc	A	4	complete	1	1	1	2
HG04199	SAS	HG04099	genome_hprc	B	2	complete	1	1	0	1
HG04199	SAS	HG04099	genome_hprc	B	4	complete	0	0	0	0
HG04199	SAS	HG04099	genome_hprc	C	2	complete	1	1	0	1
HG04199	SAS	HG04099	genome_hprc	C	4	complete	1	1	0	1
HG04199	SAS	HG04099	genome_hprc	DPA1	2	complete	1	1	1	2
HG04199	SAS	HG04099	genome_hprc	DPA1	4	complete	0	0	0	0
HG04199	SAS	HG04099	genome_hprc	DPB1	2	complete	1	1	1	2
HG04199	SAS	HG04099	genome_hprc	DPB1	4	complete	1	1	0	1
HG04199	SAS	HG04099	genome_hprc	DQA1	2	complete	1	1	1	2
HG04199	SAS	HG04099	genome_hprc	DQA1	4	complete	1	1	1	2
HG04199	SAS	HG04099	genome_hprc	DQB1	2	complete	1	1	1	2
HG04199	SAS	HG04099	genome_hprc	DQB1	4	complete	1	1	1	2
HG04199	SAS	HG04099	genome_hprc	DRB1	2	complete	1	1	1	2
HG04199	SAS	HG04099	genome_hprc	DRB1	4	complete	0	0	0	0
HG04199	SAS	HG04099	genome_hprc_asian	A	2	complete	1	1	1	2
HG04199	SAS	HG04099	genome_hprc_asian	A	4	complete	1	1	1	2
HG04199	SAS	HG04099	genome_hprc_asian	B	2	complete	1	1	1	2
HG04199	SAS	HG04099	genome_hprc_asian	B	4	complete	0	0	0	0
HG04199	SAS	HG04099	genome_hprc_asian	C	2	complete	1	1	1	2
HG04199	SAS	HG04099	genome_hprc_asian	C	4	complete	1	1	1	2
HG04199	SAS	HG04099	genome_hprc_asian	DPA1	2	complete	1	1	1	2
HG04199	SAS	HG04099	genome_hprc_asian	DPA1	4	complete	0	0	0	0
HG04199	SAS	HG04099	genome_hprc_asian	DPB1	2	complete	1	1	1	2
HG04199	SAS	HG04099	genome_hprc_asian	DPB1	4	complete	1	1	0	0
HG04199	SAS	HG04099	genome_hprc_asian	DQA1	2	complete	1	1	1	2
HG04199	SAS	HG04099	genome_hprc_asian	DQA1	4	complete	1	1	1	2
HG04199	SAS	HG04099	genome_hprc_asian	DQB1	2	complete	1	1	1	2
HG04199	SAS	HG04099	genome_hprc_asian	DQB1	4	complete	1	1	1	2
HG04199	SAS	HG04099	genome_hprc_asian	DRB1	2	complete	1	1	1	2
HG04199	SAS	HG04099	genome_hprc_asian	DRB1	4	complete	0	0	0	0
NA18608	EAS	NA18608	T1K	A	2	complete	1	1	1	2
NA18608	EAS	NA18608	T1K	A	4	complete	1	1	1	2
NA18608	EAS	NA18608	T1K	B	2	complete	1	1	0	1
NA18608	EAS	NA18608	T1K	B	4	complete	1	1	0	0
NA18608	EAS	NA18608	T1K	C	2	complete	1	1	1	2
NA18608	EAS	NA18608	T1K	C	4	complete	1	1	1	2
NA18608	EAS	NA18608	T1K	DPA1	2	complete	1	1	1	2
NA18608	EAS	NA18608	T1K	DPA1	4	complete	0	0	0	0
NA18608	EAS	NA18608	T1K	DPB1	2	complete	1	1	1	2
NA18608	EAS	NA18608	T1K	DPB1	4	complete	1	1	0	0
NA18608	EAS	NA18608	T1K	DQA1	2	complete	1	1	1	2
NA18608	EAS	NA18608	T1K	DQA1	4	complete	1	1	0	0
NA18608	EAS	NA18608	T1K	DQB1	2	complete	1	1	1	2
NA18608	EAS	NA18608	T1K	DQB1	4	complete	0	0	0	0
NA18608	EAS	NA18608	T1K	DRB1	2	complete	1	1	1	2
NA18608	EAS	NA18608	T1K	DRB1	4	complete	0	0	0	0
NA18608	EAS	NA18608	hprc	A	2	complete	1	1	1	2
NA18608	EAS	NA18608	hprc	A	4	complete	1	1	1	2
NA18608	EAS	NA18608	hprc	B	2	complete	1	1	1	2
NA18608	EAS	NA18608	hprc	B	4	complete	1	1	0	0
NA18608	EAS	NA18608	hprc	C	2	complete	1	1	1	2
NA18608	EAS	NA18608	hprc	C	4	complete	1	1	1	2
NA18608	EAS	NA18608	hprc	DPA1	2	complete	1	1	1	2
NA18608	EAS	NA18608	hprc	DPA1	4	complete	0	0	0	0
NA18608	EAS	NA18608	hprc	DPB1	2	complete	1	1	1	2
NA18608	EAS	NA18608	hprc	DPB1	4	complete	1	1	1	2
NA18608	EAS	NA18608	hprc	DQA1	2	complete	1	1	1	2
NA18608	EAS	NA18608	hprc	DQA1	4	complete	1	1	0	0
NA18608	EAS	NA18608	hprc	DQB1	2	complete	1	1	1	2
NA18608	EAS	NA18608	hprc	DQB1	4	complete	0	0	0	0
NA18608	EAS	NA18608	hprc	DRB1	2	complete	1	1	0	1
NA18608	EAS	NA18608	hprc	DRB1	4	complete	0	0	0	0
NA18608	EAS	NA18608	hprc_asian	A	2	complete	1	1	1	2
NA18608	EAS	NA18608	hprc_asian	A	4	complete	1	1	1	2
NA18608	EAS	NA18608	hprc_asian	B	2	complete	1	1	1	2
NA18608	EAS	NA18608	hprc_asian	B	4	complete	1	1	0	0
NA18608	EAS	NA18608	hprc_asian	C	2	complete	1	1	1	2
NA18608	EAS	NA18608	hprc_asian	C	4	complete	1	1	1	2
NA18608	EAS	NA18608	hprc_asian	DPA1	2	complete	1	1	1	2
NA18608	EAS	NA18608	hprc_asian	DPA1	4	complete	0	0	0	0
NA18608	EAS	NA18608	hprc_asian	DPB1	2	complete	1	1	1	2
NA18608	EAS	NA18608	hprc_asian	DPB1	4	complete	1	1	1	2
NA18608	EAS	NA18608	hprc_asian	DQA1	2	complete	1	1	1	2
NA18608	EAS	NA18608	hprc_asian	DQA1	4	complete	1	1	0	0
NA18608	EAS	NA18608	hprc_asian	DQB1	2	complete	1	1	1	2
NA18608	EAS	NA18608	hprc_asian	DQB1	4	complete	0	0	0	0
NA18608	EAS	NA18608	hprc_asian	DRB1	2	complete	1	1	0	1
NA18608	EAS	NA18608	hprc_asian	DRB1	4	complete	0	0	0	0
NA18608	EAS	NA18608	ipd_genome	A	2	complete	1	1	1	2
NA18608	EAS	NA18608	ipd_genome	A	4	complete	1	1	1	2
NA18608	EAS	NA18608	ipd_genome	B	2	complete	1	1	1	2
NA18608	EAS	NA18608	ipd_genome	B	4	complete	1	1	1	2
NA18608	EAS	NA18608	ipd_genome	C	2	complete	1	1	1	2
NA18608	EAS	NA18608	ipd_genome	C	4	complete	1	1	1	2
NA18608	EAS	NA18608	ipd_genome	DPA1	2	complete	1	1	1	2
NA18608	EAS	NA18608	ipd_genome	DPA1	4	complete	0	0	0	0
NA18608	EAS	NA18608	ipd_genome	DPB1	2	complete	1	1	1	2
NA18608	EAS	NA18608	ipd_genome	DPB1	4	complete	1	1	1	2
NA18608	EAS	NA18608	ipd_genome	DQA1	2	complete	1	1	1	2
NA18608	EAS	NA18608	ipd_genome	DQA1	4	complete	1	1	0	1
NA18608	EAS	NA18608	ipd_genome	DQB1	2	complete	1	1	1	2
NA18608	EAS	NA18608	ipd_genome	DQB1	4	complete	0	0	0	0
NA18608	EAS	NA18608	ipd_genome	DRB1	2	complete	1	1	1	2
NA18608	EAS	NA18608	ipd_genome	DRB1	4	complete	0	0	0	0
NA18608	EAS	NA18608	genome_hprc	A	2	complete	1	1	1	2
NA18608	EAS	NA18608	genome_hprc	A	4	complete	1	1	1	2
NA18608	EAS	NA18608	genome_hprc	B	2	complete	1	1	1	2
NA18608	EAS	NA18608	genome_hprc	B	4	complete	1	1	0	0
NA18608	EAS	NA18608	genome_hprc	C	2	complete	1	1	1	2
NA18608	EAS	NA18608	genome_hprc	C	4	complete	1	1	1	2
NA18608	EAS	NA18608	genome_hprc	DPA1	2	complete	1	1	1	2
NA18608	EAS	NA18608	genome_hprc	DPA1	4	complete	0	0	0	0
NA18608	EAS	NA18608	genome_hprc	DPB1	2	complete	1	1	1	2
NA18608	EAS	NA18608	genome_hprc	DPB1	4	complete	1	1	1	2
NA18608	EAS	NA18608	genome_hprc	DQA1	2	complete	1	1	1	2
NA18608	EAS	NA18608	genome_hprc	DQA1	4	complete	1	1	0	1
NA18608	EAS	NA18608	genome_hprc	DQB1	2	complete	1	1	1	2
NA18608	EAS	NA18608	genome_hprc	DQB1	4	complete	0	0	0	0
NA18608	EAS	NA18608	genome_hprc	DRB1	2	complete	1	1	1	2
NA18608	EAS	NA18608	genome_hprc	DRB1	4	complete	0	0	0	0
NA18608	EAS	NA18608	genome_hprc_asian	A	2	complete	1	1	1	2
NA18608	EAS	NA18608	genome_hprc_asian	A	4	complete	1	1	1	2
NA18608	EAS	NA18608	genome_hprc_asian	B	2	complete	1	1	1	2
NA18608	EAS	NA18608	genome_hprc_asian	B	4	complete	1	1	0	0
NA18608	EAS	NA18608	genome_hprc_asian	C	2	complete	1	1	1	2
NA18608	EAS	NA18608	genome_hprc_asian	C	4	complete	1	1	1	2
NA18608	EAS	NA18608	genome_hprc_asian	DPA1	2	complete	1	1	1	2
NA18608	EAS	NA18608	genome_hprc_asian	DPA1	4	complete	0	0	0	0
NA18608	EAS	NA18608	genome_hprc_asian	DPB1	2	complete	1	1	1	2
NA18608	EAS	NA18608	genome_hprc_asian	DPB1	4	complete	1	1	1	2
NA18608	EAS	NA18608	genome_hprc_asian	DQA1	2	complete	1	1	1	2
NA18608	EAS	NA18608	genome_hprc_asian	DQA1	4	complete	1	1	0	1
NA18608	EAS	NA18608	genome_hprc_asian	DQB1	2	complete	1	1	1	2
NA18608	EAS	NA18608	genome_hprc_asian	DQB1	4	complete	0	0	0	0
NA18608	EAS	NA18608	genome_hprc_asian	DRB1	2	complete	1	1	0	1
NA18608	EAS	NA18608	genome_hprc_asian	DRB1	4	complete	0	0	0	0
NA20905	SAS	NA20905	T1K	A	2	complete	1	1	1	2
NA20905	SAS	NA20905	T1K	A	4	complete	1	1	1	2
NA20905	SAS	NA20905	T1K	B	2	complete	1	1	1	2
NA20905	SAS	NA20905	T1K	B	4	complete	0	0	0	0
NA20905	SAS	NA20905	T1K	C	2	complete	1	1	1	2
NA20905	SAS	NA20905	T1K	C	4	complete	1	1	0	0
NA20905	SAS	NA20905	T1K	DPA1	2	complete	1	1	1	2
NA20905	SAS	NA20905	T1K	DPA1	4	complete	0	0	0	0
NA20905	SAS	NA20905	T1K	DPB1	2	complete	1	1	1	2
NA20905	SAS	NA20905	T1K	DPB1	4	complete	1	1	0	1
NA20905	SAS	NA20905	T1K	DQA1	2	complete	1	1	1	2
NA20905	SAS	NA20905	T1K	DQA1	4	complete	1	1	0	1
NA20905	SAS	NA20905	T1K	DQB1	2	complete	1	1	1	2
NA20905	SAS	NA20905	T1K	DQB1	4	complete	1	1	0	1
NA20905	SAS	NA20905	T1K	DRB1	2	complete	1	1	1	2
NA20905	SAS	NA20905	T1K	DRB1	4	complete	0	0	0	0
NA20905	SAS	NA20905	hprc	A	2	complete	1	1	1	2
NA20905	SAS	NA20905	hprc	A	4	complete	1	1	0	1
NA20905	SAS	NA20905	hprc	B	2	complete	1	1	0	1
NA20905	SAS	NA20905	hprc	B	4	complete	0	0	0	0
NA20905	SAS	NA20905	hprc	C	2	complete	1	1	1	2
NA20905	SAS	NA20905	hprc	C	4	complete	1	1	1	2
NA20905	SAS	NA20905	hprc	DPA1	2	complete	1	1	0	1
NA20905	SAS	NA20905	hprc	DPA1	4	complete	0	0	0	0
NA20905	SAS	NA20905	hprc	DPB1	2	complete	1	1	0	1
NA20905	SAS	NA20905	hprc	DPB1	4	complete	1	0	0	0
NA20905	SAS	NA20905	hprc	DQA1	2	complete	1	1	1	2
NA20905	SAS	NA20905	hprc	DQA1	4	complete	1	1	0	1
NA20905	SAS	NA20905	hprc	DQB1	2	complete	1	1	1	2
NA20905	SAS	NA20905	hprc	DQB1	4	complete	1	1	0	1
NA20905	SAS	NA20905	hprc	DRB1	2	complete	1	1	0	1
NA20905	SAS	NA20905	hprc	DRB1	4	complete	0	0	0	0
NA20905	SAS	NA20905	hprc_asian	A	2	complete	1	1	1	2
NA20905	SAS	NA20905	hprc_asian	A	4	complete	1	1	0	1
NA20905	SAS	NA20905	hprc_asian	B	2	complete	1	1	1	2
NA20905	SAS	NA20905	hprc_asian	B	4	complete	0	0	0	0
NA20905	SAS	NA20905	hprc_asian	C	2	complete	1	1	1	2
NA20905	SAS	NA20905	hprc_asian	C	4	complete	1	1	1	2
NA20905	SAS	NA20905	hprc_asian	DPA1	2	complete	1	1	1	2
NA20905	SAS	NA20905	hprc_asian	DPA1	4	complete	0	0	0	0
NA20905	SAS	NA20905	hprc_asian	DPB1	2	complete	1	1	1	2
NA20905	SAS	NA20905	hprc_asian	DPB1	4	complete	1	1	1	2
NA20905	SAS	NA20905	hprc_asian	DQA1	2	complete	1	1	1	2
NA20905	SAS	NA20905	hprc_asian	DQA1	4	complete	1	1	1	2
NA20905	SAS	NA20905	hprc_asian	DQB1	2	complete	1	1	1	2
NA20905	SAS	NA20905	hprc_asian	DQB1	4	complete	1	1	0	1
NA20905	SAS	NA20905	hprc_asian	DRB1	2	complete	1	1	1	2
NA20905	SAS	NA20905	hprc_asian	DRB1	4	complete	0	0	0	0
NA20905	SAS	NA20905	ipd_genome	A	2	complete	1	1	1	2
NA20905	SAS	NA20905	ipd_genome	A	4	complete	1	1	0	1
NA20905	SAS	NA20905	ipd_genome	B	2	complete	1	1	1	2
NA20905	SAS	NA20905	ipd_genome	B	4	complete	0	0	0	0
NA20905	SAS	NA20905	ipd_genome	C	2	complete	1	1	1	2
NA20905	SAS	NA20905	ipd_genome	C	4	complete	1	1	1	2
NA20905	SAS	NA20905	ipd_genome	DPA1	2	complete	1	1	1	2
NA20905	SAS	NA20905	ipd_genome	DPA1	4	complete	0	0	0	0
NA20905	SAS	NA20905	ipd_genome	DPB1	2	complete	1	1	1	2
NA20905	SAS	NA20905	ipd_genome	DPB1	4	complete	1	1	1	2
NA20905	SAS	NA20905	ipd_genome	DQA1	2	complete	1	1	1	2
NA20905	SAS	NA20905	ipd_genome	DQA1	4	complete	1	1	1	2
NA20905	SAS	NA20905	ipd_genome	DQB1	2	complete	1	1	1	2
NA20905	SAS	NA20905	ipd_genome	DQB1	4	complete	1	1	1	2
NA20905	SAS	NA20905	ipd_genome	DRB1	2	complete	1	1	1	2
NA20905	SAS	NA20905	ipd_genome	DRB1	4	complete	0	0	0	0
NA20905	SAS	NA20905	genome_hprc	A	2	complete	1	1	1	2
NA20905	SAS	NA20905	genome_hprc	A	4	complete	1	1	0	1
NA20905	SAS	NA20905	genome_hprc	B	2	complete	1	1	0	1
NA20905	SAS	NA20905	genome_hprc	B	4	complete	0	0	0	0
NA20905	SAS	NA20905	genome_hprc	C	2	complete	1	1	1	2
NA20905	SAS	NA20905	genome_hprc	C	4	complete	1	1	1	2
NA20905	SAS	NA20905	genome_hprc	DPA1	2	complete	1	1	1	2
NA20905	SAS	NA20905	genome_hprc	DPA1	4	complete	0	0	0	0
NA20905	SAS	NA20905	genome_hprc	DPB1	2	complete	1	1	1	2
NA20905	SAS	NA20905	genome_hprc	DPB1	4	complete	1	1	0	1
NA20905	SAS	NA20905	genome_hprc	DQA1	2	complete	1	1	1	2
NA20905	SAS	NA20905	genome_hprc	DQA1	4	complete	1	1	0	1
NA20905	SAS	NA20905	genome_hprc	DQB1	2	complete	1	1	1	2
NA20905	SAS	NA20905	genome_hprc	DQB1	4	complete	1	1	0	1
NA20905	SAS	NA20905	genome_hprc	DRB1	2	complete	1	1	0	1
NA20905	SAS	NA20905	genome_hprc	DRB1	4	complete	0	0	0	0
NA20905	SAS	NA20905	genome_hprc_asian	A	2	complete	1	1	1	2
NA20905	SAS	NA20905	genome_hprc_asian	A	4	complete	1	1	0	1
NA20905	SAS	NA20905	genome_hprc_asian	B	2	complete	1	1	1	2
NA20905	SAS	NA20905	genome_hprc_asian	B	4	complete	0	0	0	0
NA20905	SAS	NA20905	genome_hprc_asian	C	2	complete	1	1	1	2
NA20905	SAS	NA20905	genome_hprc_asian	C	4	complete	1	1	1	2
NA20905	SAS	NA20905	genome_hprc_asian	DPA1	2	complete	1	1	1	2
NA20905	SAS	NA20905	genome_hprc_asian	DPA1	4	complete	0	0	0	0
NA20905	SAS	NA20905	genome_hprc_asian	DPB1	2	complete	1	1	1	2
NA20905	SAS	NA20905	genome_hprc_asian	DPB1	4	complete	1	1	1	2
NA20905	SAS	NA20905	genome_hprc_asian	DQA1	2	complete	1	1	1	2
NA20905	SAS	NA20905	genome_hprc_asian	DQA1	4	complete	1	1	1	2
NA20905	SAS	NA20905	genome_hprc_asian	DQB1	2	complete	1	1	1	2
NA20905	SAS	NA20905	genome_hprc_asian	DQB1	4	complete	1	1	0	1
NA20905	SAS	NA20905	genome_hprc_asian	DRB1	2	complete	1	1	1	2
NA20905	SAS	NA20905	genome_hprc_asian	DRB1	4	complete	0	0	0	0
HG02027	EAS	HG02027	T1K	A	2	complete	1	1	1	2
HG02027	EAS	HG02027	T1K	A	4	complete	1	1	1	2
HG02027	EAS	HG02027	T1K	B	2	complete	1	1	1	2
HG02027	EAS	HG02027	T1K	B	4	complete	0	0	0	0
HG02027	EAS	HG02027	T1K	C	2	complete	1	1	1	2
HG02027	EAS	HG02027	T1K	C	4	complete	1	1	1	2
HG02027	EAS	HG02027	T1K	DPA1	2	complete	1	1	1	2
HG02027	EAS	HG02027	T1K	DPA1	4	complete	0	0	0	0
HG02027	EAS	HG02027	T1K	DPB1	2	complete	1	1	1	2
HG02027	EAS	HG02027	T1K	DPB1	4	complete	0	0	0	0
HG02027	EAS	HG02027	T1K	DQA1	2	complete	1	1	1	2
HG02027	EAS	HG02027	T1K	DQA1	4	complete	1	1	0	0
HG02027	EAS	HG02027	T1K	DQB1	2	complete	1	1	1	2
HG02027	EAS	HG02027	T1K	DQB1	4	complete	1	1	0	0
HG02027	EAS	HG02027	T1K	DRB1	2	complete	1	1	1	2
HG02027	EAS	HG02027	T1K	DRB1	4	complete	0	0	0	0
HG02027	EAS	HG02027	hprc	A	2	complete	1	1	1	2
HG02027	EAS	HG02027	hprc	A	4	complete	1	1	1	2
HG02027	EAS	HG02027	hprc	B	2	complete	1	1	1	2
HG02027	EAS	HG02027	hprc	B	4	complete	0	0	0	0
HG02027	EAS	HG02027	hprc	C	2	complete	1	1	0	1
HG02027	EAS	HG02027	hprc	C	4	complete	1	1	0	1
HG02027	EAS	HG02027	hprc	DPA1	2	complete	1	1	1	2
HG02027	EAS	HG02027	hprc	DPA1	4	complete	0	0	0	0
HG02027	EAS	HG02027	hprc	DPB1	2	complete	1	1	0	1
HG02027	EAS	HG02027	hprc	DPB1	4	complete	0	0	0	0
HG02027	EAS	HG02027	hprc	DQA1	2	complete	1	1	1	2
HG02027	EAS	HG02027	hprc	DQA1	4	complete	1	1	1	2
HG02027	EAS	HG02027	hprc	DQB1	2	complete	1	1	1	2
HG02027	EAS	HG02027	hprc	DQB1	4	complete	1	1	0	0
HG02027	EAS	HG02027	hprc	DRB1	2	complete	1	1	1	2
HG02027	EAS	HG02027	hprc	DRB1	4	complete	0	0	0	0
HG02027	EAS	HG02027	hprc_asian	A	2	complete	1	1	1	2
HG02027	EAS	HG02027	hprc_asian	A	4	complete	1	1	1	2
HG02027	EAS	HG02027	hprc_asian	B	2	complete	1	1	1	2
HG02027	EAS	HG02027	hprc_asian	B	4	complete	0	0	0	0
HG02027	EAS	HG02027	hprc_asian	C	2	complete	1	1	1	2
HG02027	EAS	HG02027	hprc_asian	C	4	complete	1	1	1	2
HG02027	EAS	HG02027	hprc_asian	DPA1	2	complete	1	1	1	2
HG02027	EAS	HG02027	hprc_asian	DPA1	4	complete	0	0	0	0
HG02027	EAS	HG02027	hprc_asian	DPB1	2	complete	1	1	1	2
HG02027	EAS	HG02027	hprc_asian	DPB1	4	complete	0	0	0	0
HG02027	EAS	HG02027	hprc_asian	DQA1	2	complete	1	1	1	2
HG02027	EAS	HG02027	hprc_asian	DQA1	4	complete	1	1	1	2
HG02027	EAS	HG02027	hprc_asian	DQB1	2	complete	1	1	1	2
HG02027	EAS	HG02027	hprc_asian	DQB1	4	complete	1	1	1	2
HG02027	EAS	HG02027	hprc_asian	DRB1	2	complete	1	1	1	2
HG02027	EAS	HG02027	hprc_asian	DRB1	4	complete	0	0	0	0
HG02027	EAS	HG02027	ipd_genome	A	2	complete	1	1	1	2
HG02027	EAS	HG02027	ipd_genome	A	4	complete	1	1	1	2
HG02027	EAS	HG02027	ipd_genome	B	2	complete	1	1	1	2
HG02027	EAS	HG02027	ipd_genome	B	4	complete	0	0	0	0
HG02027	EAS	HG02027	ipd_genome	C	2	complete	1	1	1	2
HG02027	EAS	HG02027	ipd_genome	C	4	complete	1	1	1	2
HG02027	EAS	HG02027	ipd_genome	DPA1	2	complete	1	1	1	2
HG02027	EAS	HG02027	ipd_genome	DPA1	4	complete	0	0	0	0
HG02027	EAS	HG02027	ipd_genome	DPB1	2	complete	1	1	1	2
HG02027	EAS	HG02027	ipd_genome	DPB1	4	complete	0	0	0	0
HG02027	EAS	HG02027	ipd_genome	DQA1	2	complete	1	1	1	2
HG02027	EAS	HG02027	ipd_genome	DQA1	4	complete	1	1	0	1
HG02027	EAS	HG02027	ipd_genome	DQB1	2	complete	1	1	1	2
HG02027	EAS	HG02027	ipd_genome	DQB1	4	complete	1	1	1	2
HG02027	EAS	HG02027	ipd_genome	DRB1	2	complete	1	1	1	2
HG02027	EAS	HG02027	ipd_genome	DRB1	4	complete	0	0	0	0
HG02027	EAS	HG02027	genome_hprc	A	2	complete	1	1	1	2
HG02027	EAS	HG02027	genome_hprc	A	4	complete	1	1	1	2
HG02027	EAS	HG02027	genome_hprc	B	2	complete	1	1	1	2
HG02027	EAS	HG02027	genome_hprc	B	4	complete	0	0	0	0
HG02027	EAS	HG02027	genome_hprc	C	2	complete	1	1	1	2
HG02027	EAS	HG02027	genome_hprc	C	4	complete	1	1	1	2
HG02027	EAS	HG02027	genome_hprc	DPA1	2	complete	1	1	1	2
HG02027	EAS	HG02027	genome_hprc	DPA1	4	complete	0	0	0	0
HG02027	EAS	HG02027	genome_hprc	DPB1	2	complete	1	1	1	2
HG02027	EAS	HG02027	genome_hprc	DPB1	4	complete	0	0	0	0
HG02027	EAS	HG02027	genome_hprc	DQA1	2	complete	1	1	1	2
HG02027	EAS	HG02027	genome_hprc	DQA1	4	complete	1	1	1	2
HG02027	EAS	HG02027	genome_hprc	DQB1	2	complete	1	1	1	2
HG02027	EAS	HG02027	genome_hprc	DQB1	4	complete	1	1	0	1
HG02027	EAS	HG02027	genome_hprc	DRB1	2	complete	1	1	1	2
HG02027	EAS	HG02027	genome_hprc	DRB1	4	complete	0	0	0	0
HG02027	EAS	HG02027	genome_hprc_asian	A	2	complete	1	1	0	1
HG02027	EAS	HG02027	genome_hprc_asian	A	4	complete	1	1	0	1
HG02027	EAS	HG02027	genome_hprc_asian	B	2	complete	1	1	1	2
HG02027	EAS	HG02027	genome_hprc_asian	B	4	complete	0	0	0	0
HG02027	EAS	HG02027	genome_hprc_asian	C	2	complete	1	1	1	2
HG02027	EAS	HG02027	genome_hprc_asian	C	4	complete	1	1	1	2
HG02027	EAS	HG02027	genome_hprc_asian	DPA1	2	complete	1	1	1	2
HG02027	EAS	HG02027	genome_hprc_asian	DPA1	4	complete	0	0	0	0
HG02027	EAS	HG02027	genome_hprc_asian	DPB1	2	complete	1	1	1	2
HG02027	EAS	HG02027	genome_hprc_asian	DPB1	4	complete	0	0	0	0
HG02027	EAS	HG02027	genome_hprc_asian	DQA1	2	complete	1	1	1	2
HG02027	EAS	HG02027	genome_hprc_asian	DQA1	4	complete	1	1	1	2
HG02027	EAS	HG02027	genome_hprc_asian	DQB1	2	complete	1	1	1	2
HG02027	EAS	HG02027	genome_hprc_asian	DQB1	4	complete	1	1	1	2
HG02027	EAS	HG02027	genome_hprc_asian	DRB1	2	complete	1	1	1	2
HG02027	EAS	HG02027	genome_hprc_asian	DRB1	4	complete	0	0	0	0
HG02391	EAS	HG02391	T1K	A	2	complete	1	1	1	2
HG02391	EAS	HG02391	T1K	A	4	complete	1	1	1	2
HG02391	EAS	HG02391	T1K	B	2	complete	1	1	1	2
HG02391	EAS	HG02391	T1K	B	4	complete	1	1	0	1
HG02391	EAS	HG02391	T1K	C	2	complete	1	1	1	2
HG02391	EAS	HG02391	T1K	C	4	complete	1	1	0	1
HG02391	EAS	HG02391	T1K	DPA1	2	complete	1	1	1	2
HG02391	EAS	HG02391	T1K	DPA1	4	complete	0	0	0	0
HG02391	EAS	HG02391	T1K	DPB1	2	complete	1	1	1	2
HG02391	EAS	HG02391	T1K	DPB1	4	complete	1	1	0	1
HG02391	EAS	HG02391	T1K	DQA1	2	complete	1	1	1	2
HG02391	EAS	HG02391	T1K	DQA1	4	complete	0	0	0	0
HG02391	EAS	HG02391	T1K	DQB1	2	complete	1	1	1	2
HG02391	EAS	HG02391	T1K	DQB1	4	complete	1	1	1	2
HG02391	EAS	HG02391	T1K	DRB1	2	complete	1	1	1	2
HG02391	EAS	HG02391	T1K	DRB1	4	complete	1	1	0	1
HG02391	EAS	HG02391	hprc	A	2	complete	1	1	1	2
HG02391	EAS	HG02391	hprc	A	4	complete	1	1	1	2
HG02391	EAS	HG02391	hprc	B	2	complete	1	1	1	2
HG02391	EAS	HG02391	hprc	B	4	complete	1	1	0	1
HG02391	EAS	HG02391	hprc	C	2	complete	1	1	1	2
HG02391	EAS	HG02391	hprc	C	4	complete	1	1	1	2
HG02391	EAS	HG02391	hprc	DPA1	2	complete	1	1	1	2
HG02391	EAS	HG02391	hprc	DPA1	4	complete	0	0	0	0
HG02391	EAS	HG02391	hprc	DPB1	2	complete	1	1	1	2
HG02391	EAS	HG02391	hprc	DPB1	4	complete	1	1	0	1
HG02391	EAS	HG02391	hprc	DQA1	2	complete	1	1	1	2
HG02391	EAS	HG02391	hprc	DQA1	4	complete	0	0	0	0
HG02391	EAS	HG02391	hprc	DQB1	2	complete	1	1	1	2
HG02391	EAS	HG02391	hprc	DQB1	4	complete	1	1	1	2
HG02391	EAS	HG02391	hprc	DRB1	2	complete	1	1	1	2
HG02391	EAS	HG02391	hprc	DRB1	4	complete	1	0	0	1
HG02391	EAS	HG02391	hprc_asian	A	2	complete	1	1	1	2
HG02391	EAS	HG02391	hprc_asian	A	4	complete	1	1	1	2
HG02391	EAS	HG02391	hprc_asian	B	2	complete	1	1	1	2
HG02391	EAS	HG02391	hprc_asian	B	4	complete	1	1	1	2
HG02391	EAS	HG02391	hprc_asian	C	2	complete	1	1	1	2
HG02391	EAS	HG02391	hprc_asian	C	4	complete	1	1	1	2
HG02391	EAS	HG02391	hprc_asian	DPA1	2	complete	1	1	1	2
HG02391	EAS	HG02391	hprc_asian	DPA1	4	complete	0	0	0	0
HG02391	EAS	HG02391	hprc_asian	DPB1	2	complete	1	1	1	2
HG02391	EAS	HG02391	hprc_asian	DPB1	4	complete	1	1	1	2
HG02391	EAS	HG02391	hprc_asian	DQA1	2	complete	1	1	1	2
HG02391	EAS	HG02391	hprc_asian	DQA1	4	complete	0	0	0	0
HG02391	EAS	HG02391	hprc_asian	DQB1	2	complete	1	1	1	2
HG02391	EAS	HG02391	hprc_asian	DQB1	4	complete	1	1	1	2
HG02391	EAS	HG02391	hprc_asian	DRB1	2	complete	1	1	1	2
HG02391	EAS	HG02391	hprc_asian	DRB1	4	complete	1	1	0	0
HG02391	EAS	HG02391	ipd_genome	A	2	complete	1	1	1	2
HG02391	EAS	HG02391	ipd_genome	A	4	complete	1	1	1	2
HG02391	EAS	HG02391	ipd_genome	B	2	complete	1	1	1	2
HG02391	EAS	HG02391	ipd_genome	B	4	complete	1	1	1	2
HG02391	EAS	HG02391	ipd_genome	C	2	complete	1	1	1	2
HG02391	EAS	HG02391	ipd_genome	C	4	complete	1	1	1	2
HG02391	EAS	HG02391	ipd_genome	DPA1	2	complete	1	1	1	2
HG02391	EAS	HG02391	ipd_genome	DPA1	4	complete	0	0	0	0
HG02391	EAS	HG02391	ipd_genome	DPB1	2	complete	1	1	1	2
HG02391	EAS	HG02391	ipd_genome	DPB1	4	complete	1	1	1	2
HG02391	EAS	HG02391	ipd_genome	DQA1	2	complete	1	1	1	2
HG02391	EAS	HG02391	ipd_genome	DQA1	4	complete	0	0	0	0
HG02391	EAS	HG02391	ipd_genome	DQB1	2	complete	1	1	1	2
HG02391	EAS	HG02391	ipd_genome	DQB1	4	complete	1	1	1	2
HG02391	EAS	HG02391	ipd_genome	DRB1	2	complete	1	1	1	2
HG02391	EAS	HG02391	ipd_genome	DRB1	4	complete	1	1	0	1
HG02391	EAS	HG02391	genome_hprc	A	2	complete	1	1	1	2
HG02391	EAS	HG02391	genome_hprc	A	4	complete	1	1	1	2
HG02391	EAS	HG02391	genome_hprc	B	2	complete	1	1	1	2
HG02391	EAS	HG02391	genome_hprc	B	4	complete	1	1	1	2
HG02391	EAS	HG02391	genome_hprc	C	2	complete	1	1	1	2
HG02391	EAS	HG02391	genome_hprc	C	4	complete	1	1	1	2
HG02391	EAS	HG02391	genome_hprc	DPA1	2	complete	1	1	1	2
HG02391	EAS	HG02391	genome_hprc	DPA1	4	complete	0	0	0	0
HG02391	EAS	HG02391	genome_hprc	DPB1	2	complete	1	1	1	2
HG02391	EAS	HG02391	genome_hprc	DPB1	4	complete	1	1	1	2
HG02391	EAS	HG02391	genome_hprc	DQA1	2	complete	1	1	1	2
HG02391	EAS	HG02391	genome_hprc	DQA1	4	complete	0	0	0	0
HG02391	EAS	HG02391	genome_hprc	DQB1	2	complete	1	1	1	2
HG02391	EAS	HG02391	genome_hprc	DQB1	4	complete	1	1	1	2
HG02391	EAS	HG02391	genome_hprc	DRB1	2	complete	1	1	1	2
HG02391	EAS	HG02391	genome_hprc	DRB1	4	complete	1	0	0	1
HG02391	EAS	HG02391	genome_hprc_asian	A	2	complete	1	1	1	2
HG02391	EAS	HG02391	genome_hprc_asian	A	4	complete	1	1	1	2
HG02391	EAS	HG02391	genome_hprc_asian	B	2	complete	1	1	1	2
HG02391	EAS	HG02391	genome_hprc_asian	B	4	complete	1	1	1	2
HG02391	EAS	HG02391	genome_hprc_asian	C	2	complete	1	1	1	2
HG02391	EAS	HG02391	genome_hprc_asian	C	4	complete	1	1	1	2
HG02391	EAS	HG02391	genome_hprc_asian	DPA1	2	complete	1	1	1	2
HG02391	EAS	HG02391	genome_hprc_asian	DPA1	4	complete	0	0	0	0
HG02391	EAS	HG02391	genome_hprc_asian	DPB1	2	complete	1	1	1	2
HG02391	EAS	HG02391	genome_hprc_asian	DPB1	4	complete	1	1	1	2
HG02391	EAS	HG02391	genome_hprc_asian	DQA1	2	complete	1	1	1	2
HG02391	EAS	HG02391	genome_hprc_asian	DQA1	4	complete	0	0	0	0
HG02391	EAS	HG02391	genome_hprc_asian	DQB1	2	complete	1	1	1	2
HG02391	EAS	HG02391	genome_hprc_asian	DQB1	4	complete	1	1	1	2
HG02391	EAS	HG02391	genome_hprc_asian	DRB1	2	complete	1	1	1	2
HG02391	EAS	HG02391	genome_hprc_asian	DRB1	4	complete	1	1	0	0
HG02602	SAS	HG02600	T1K	A	2	complete	1	1	1	2
HG02602	SAS	HG02600	T1K	A	4	complete	1	1	1	2
HG02602	SAS	HG02600	T1K	B	2	complete	1	1	1	2
HG02602	SAS	HG02600	T1K	B	4	complete	1	1	0	1
HG02602	SAS	HG02600	T1K	C	2	complete	1	1	1	2
HG02602	SAS	HG02600	T1K	C	4	complete	1	1	0	0
HG02602	SAS	HG02600	T1K	DPA1	2	complete	1	1	1	2
HG02602	SAS	HG02600	T1K	DPA1	4	complete	0	0	0	0
HG02602	SAS	HG02600	T1K	DPB1	2	complete	1	1	1	2
HG02602	SAS	HG02600	T1K	DPB1	4	complete	1	1	0	1
HG02602	SAS	HG02600	T1K	DQA1	2	complete	1	1	1	2
HG02602	SAS	HG02600	T1K	DQA1	4	complete	0	0	0	0
HG02602	SAS	HG02600	T1K	DQB1	2	complete	1	1	1	2
HG02602	SAS	HG02600	T1K	DQB1	4	complete	1	1	1	2
HG02602	SAS	HG02600	T1K	DRB1	2	complete	1	1	1	2
HG02602	SAS	HG02600	T1K	DRB1	4	complete	0	0	0	0
HG02602	SAS	HG02600	hprc	A	2	complete	1	1	0	1
HG02602	SAS	HG02600	hprc	A	4	complete	1	1	0	1
HG02602	SAS	HG02600	hprc	B	2	complete	1	1	1	2
HG02602	SAS	HG02600	hprc	B	4	complete	1	1	1	2
HG02602	SAS	HG02600	hprc	C	2	complete	1	1	1	2
HG02602	SAS	HG02600	hprc	C	4	complete	1	1	0	1
HG02602	SAS	HG02600	hprc	DPA1	2	complete	1	1	1	2
HG02602	SAS	HG02600	hprc	DPA1	4	complete	0	0	0	0
HG02602	SAS	HG02600	hprc	DPB1	2	complete	1	1	1	2
HG02602	SAS	HG02600	hprc	DPB1	4	complete	1	1	0	0
HG02602	SAS	HG02600	hprc	DQA1	2	complete	1	1	1	2
HG02602	SAS	HG02600	hprc	DQA1	4	complete	0	0	0	0
HG02602	SAS	HG02600	hprc	DQB1	2	complete	1	1	1	2
HG02602	SAS	HG02600	hprc	DQB1	4	complete	1	1	0	1
HG02602	SAS	HG02600	hprc	DRB1	2	complete	1	1	0	1
HG02602	SAS	HG02600	hprc	DRB1	4	complete	0	0	0	0
HG02602	SAS	HG02600	hprc_asian	A	2	complete	1	1	1	2
HG02602	SAS	HG02600	hprc_asian	A	4	complete	1	1	1	2
HG02602	SAS	HG02600	hprc_asian	B	2	complete	1	1	1	2
HG02602	SAS	HG02600	hprc_asian	B	4	complete	1	1	1	2
HG02602	SAS	HG02600	hprc_asian	C	2	complete	1	1	1	2
HG02602	SAS	HG02600	hprc_asian	C	4	complete	1	1	0	1
HG02602	SAS	HG02600	hprc_asian	DPA1	2	complete	1	1	1	2
HG02602	SAS	HG02600	hprc_asian	DPA1	4	complete	0	0	0	0
HG02602	SAS	HG02600	hprc_asian	DPB1	2	complete	1	1	0	1
HG02602	SAS	HG02600	hprc_asian	DPB1	4	complete	1	1	0	1
HG02602	SAS	HG02600	hprc_asian	DQA1	2	complete	1	1	1	2
HG02602	SAS	HG02600	hprc_asian	DQA1	4	complete	0	0	0	0
HG02602	SAS	HG02600	hprc_asian	DQB1	2	complete	1	1	1	2
HG02602	SAS	HG02600	hprc_asian	DQB1	4	complete	1	1	1	2
HG02602	SAS	HG02600	hprc_asian	DRB1	2	complete	1	1	1	2
HG02602	SAS	HG02600	hprc_asian	DRB1	4	complete	0	0	0	0
HG02602	SAS	HG02600	ipd_genome	A	2	complete	1	1	1	2
HG02602	SAS	HG02600	ipd_genome	A	4	complete	1	1	1	2
HG02602	SAS	HG02600	ipd_genome	B	2	complete	1	1	1	2
HG02602	SAS	HG02600	ipd_genome	B	4	complete	1	1	1	2
HG02602	SAS	HG02600	ipd_genome	C	2	complete	1	1	1	2
HG02602	SAS	HG02600	ipd_genome	C	4	complete	1	1	0	1
HG02602	SAS	HG02600	ipd_genome	DPA1	2	complete	1	1	1	2
HG02602	SAS	HG02600	ipd_genome	DPA1	4	complete	0	0	0	0
HG02602	SAS	HG02600	ipd_genome	DPB1	2	complete	1	1	1	2
HG02602	SAS	HG02600	ipd_genome	DPB1	4	complete	1	1	1	2
HG02602	SAS	HG02600	ipd_genome	DQA1	2	complete	1	1	1	2
HG02602	SAS	HG02600	ipd_genome	DQA1	4	complete	0	0	0	0
HG02602	SAS	HG02600	ipd_genome	DQB1	2	complete	1	1	1	2
HG02602	SAS	HG02600	ipd_genome	DQB1	4	complete	1	1	1	2
HG02602	SAS	HG02600	ipd_genome	DRB1	2	complete	1	1	1	2
HG02602	SAS	HG02600	ipd_genome	DRB1	4	complete	0	0	0	0
HG02602	SAS	HG02600	genome_hprc	A	2	complete	1	1	0	1
HG02602	SAS	HG02600	genome_hprc	A	4	complete	1	1	0	1
HG02602	SAS	HG02600	genome_hprc	B	2	complete	1	1	1	2
HG02602	SAS	HG02600	genome_hprc	B	4	complete	1	1	1	2
HG02602	SAS	HG02600	genome_hprc	C	2	complete	1	1	1	2
HG02602	SAS	HG02600	genome_hprc	C	4	complete	1	1	0	1
HG02602	SAS	HG02600	genome_hprc	DPA1	2	complete	1	1	1	2
HG02602	SAS	HG02600	genome_hprc	DPA1	4	complete	0	0	0	0
HG02602	SAS	HG02600	genome_hprc	DPB1	2	complete	1	1	1	2
HG02602	SAS	HG02600	genome_hprc	DPB1	4	complete	1	1	0	1
HG02602	SAS	HG02600	genome_hprc	DQA1	2	complete	1	1	1	2
HG02602	SAS	HG02600	genome_hprc	DQA1	4	complete	0	0	0	0
HG02602	SAS	HG02600	genome_hprc	DQB1	2	complete	1	1	1	2
HG02602	SAS	HG02600	genome_hprc	DQB1	4	complete	1	1	0	1
HG02602	SAS	HG02600	genome_hprc	DRB1	2	complete	1	1	0	1
HG02602	SAS	HG02600	genome_hprc	DRB1	4	complete	0	0	0	0
HG02602	SAS	HG02600	genome_hprc_asian	A	2	complete	1	1	1	2
HG02602	SAS	HG02600	genome_hprc_asian	A	4	complete	1	1	1	2
HG02602	SAS	HG02600	genome_hprc_asian	B	2	complete	1	1	1	2
HG02602	SAS	HG02600	genome_hprc_asian	B	4	complete	1	1	1	2
HG02602	SAS	HG02600	genome_hprc_asian	C	2	complete	1	1	1	2
HG02602	SAS	HG02600	genome_hprc_asian	C	4	complete	1	1	0	1
HG02602	SAS	HG02600	genome_hprc_asian	DPA1	2	complete	1	1	1	2
HG02602	SAS	HG02600	genome_hprc_asian	DPA1	4	complete	0	0	0	0
HG02602	SAS	HG02600	genome_hprc_asian	DPB1	2	complete	1	1	1	2
HG02602	SAS	HG02600	genome_hprc_asian	DPB1	4	complete	1	1	1	2
HG02602	SAS	HG02600	genome_hprc_asian	DQA1	2	complete	1	1	1	2
HG02602	SAS	HG02600	genome_hprc_asian	DQA1	4	complete	0	0	0	0
HG02602	SAS	HG02600	genome_hprc_asian	DQB1	2	complete	1	1	1	2
HG02602	SAS	HG02600	genome_hprc_asian	DQB1	4	complete	1	1	1	2
HG02602	SAS	HG02600	genome_hprc_asian	DRB1	2	complete	1	1	1	2
HG02602	SAS	HG02600	genome_hprc_asian	DRB1	4	complete	0	0	0	0
HG04115	SAS	HG03894	T1K	A	2	complete	1	1	1	2
HG04115	SAS	HG03894	T1K	A	4	complete	1	1	1	2
HG04115	SAS	HG03894	T1K	B	2	complete	1	1	1	2
HG04115	SAS	HG03894	T1K	B	4	complete	0	0	0	0
HG04115	SAS	HG03894	T1K	C	2	complete	1	1	1	2
HG04115	SAS	HG03894	T1K	C	4	complete	1	1	1	2
HG04115	SAS	HG03894	T1K	DPA1	2	complete	1	1	1	2
HG04115	SAS	HG03894	T1K	DPA1	4	complete	0	0	0	0
HG04115	SAS	HG03894	T1K	DPB1	2	complete	1	1	1	2
HG04115	SAS	HG03894	T1K	DPB1	4	complete	1	1	0	1
HG04115	SAS	HG03894	T1K	DQA1	2	complete	1	1	1	2
HG04115	SAS	HG03894	T1K	DQA1	4	complete	1	1	1	2
HG04115	SAS	HG03894	T1K	DQB1	2	complete	1	1	1	2
HG04115	SAS	HG03894	T1K	DQB1	4	complete	1	1	0	1
HG04115	SAS	HG03894	T1K	DRB1	2	complete	1	1	1	2
HG04115	SAS	HG03894	T1K	DRB1	4	complete	0	0	0	0
HG04115	SAS	HG03894	hprc	A	2	complete	1	1	0	1
HG04115	SAS	HG03894	hprc	A	4	complete	1	1	0	1
HG04115	SAS	HG03894	hprc	B	2	complete	1	1	0	1
HG04115	SAS	HG03894	hprc	B	4	complete	0	0	0	0
HG04115	SAS	HG03894	hprc	C	2	complete	1	1	1	2
HG04115	SAS	HG03894	hprc	C	4	complete	1	1	1	2
HG04115	SAS	HG03894	hprc	DPA1	2	complete	1	1	1	2
HG04115	SAS	HG03894	hprc	DPA1	4	complete	0	0	0	0
HG04115	SAS	HG03894	hprc	DPB1	2	complete	1	1	0	1
HG04115	SAS	HG03894	hprc	DPB1	4	complete	1	1	0	0
HG04115	SAS	HG03894	hprc	DQA1	2	complete	1	1	1	2
HG04115	SAS	HG03894	hprc	DQA1	4	complete	1	1	1	2
HG04115	SAS	HG03894	hprc	DQB1	2	complete	1	1	1	2
HG04115	SAS	HG03894	hprc	DQB1	4	complete	1	1	0	1
HG04115	SAS	HG03894	hprc	DRB1	2	complete	1	1	1	2
HG04115	SAS	HG03894	hprc	DRB1	4	complete	0	0	0	0
HG04115	SAS	HG03894	hprc_asian	A	2	complete	1	1	0	1
HG04115	SAS	HG03894	hprc_asian	A	4	complete	1	1	0	1
HG04115	SAS	HG03894	hprc_asian	B	2	complete	1	1	1	2
HG04115	SAS	HG03894	hprc_asian	B	4	complete	0	0	0	0
HG04115	SAS	HG03894	hprc_asian	C	2	complete	1	1	1	2
HG04115	SAS	HG03894	hprc_asian	C	4	complete	1	1	1	2
HG04115	SAS	HG03894	hprc_asian	DPA1	2	complete	1	1	1	2
HG04115	SAS	HG03894	hprc_asian	DPA1	4	complete	0	0	0	0
HG04115	SAS	HG03894	hprc_asian	DPB1	2	complete	1	1	1	2
HG04115	SAS	HG03894	hprc_asian	DPB1	4	complete	1	1	1	2
HG04115	SAS	HG03894	hprc_asian	DQA1	2	complete	1	1	1	2
HG04115	SAS	HG03894	hprc_asian	DQA1	4	complete	1	1	1	2
HG04115	SAS	HG03894	hprc_asian	DQB1	2	complete	1	1	1	2
HG04115	SAS	HG03894	hprc_asian	DQB1	4	complete	1	1	1	2
HG04115	SAS	HG03894	hprc_asian	DRB1	2	complete	1	1	1	2
HG04115	SAS	HG03894	hprc_asian	DRB1	4	complete	0	0	0	0
HG04115	SAS	HG03894	ipd_genome	A	2	complete	1	1	1	2
HG04115	SAS	HG03894	ipd_genome	A	4	complete	1	1	1	2
HG04115	SAS	HG03894	ipd_genome	B	2	complete	1	1	1	2
HG04115	SAS	HG03894	ipd_genome	B	4	complete	0	0	0	0
HG04115	SAS	HG03894	ipd_genome	C	2	complete	1	1	1	2
HG04115	SAS	HG03894	ipd_genome	C	4	complete	1	1	1	2
HG04115	SAS	HG03894	ipd_genome	DPA1	2	complete	1	1	1	2
HG04115	SAS	HG03894	ipd_genome	DPA1	4	complete	0	0	0	0
HG04115	SAS	HG03894	ipd_genome	DPB1	2	complete	1	1	1	2
HG04115	SAS	HG03894	ipd_genome	DPB1	4	complete	1	1	1	2
HG04115	SAS	HG03894	ipd_genome	DQA1	2	complete	1	1	1	2
HG04115	SAS	HG03894	ipd_genome	DQA1	4	complete	1	1	1	2
HG04115	SAS	HG03894	ipd_genome	DQB1	2	complete	1	1	1	2
HG04115	SAS	HG03894	ipd_genome	DQB1	4	complete	1	1	1	2
HG04115	SAS	HG03894	ipd_genome	DRB1	2	complete	1	1	1	2
HG04115	SAS	HG03894	ipd_genome	DRB1	4	complete	0	0	0	0
HG04115	SAS	HG03894	genome_hprc	A	2	complete	1	1	0	1
HG04115	SAS	HG03894	genome_hprc	A	4	complete	1	1	0	1
HG04115	SAS	HG03894	genome_hprc	B	2	complete	1	1	0	1
HG04115	SAS	HG03894	genome_hprc	B	4	complete	0	0	0	0
HG04115	SAS	HG03894	genome_hprc	C	2	complete	1	1	1	2
HG04115	SAS	HG03894	genome_hprc	C	4	complete	1	1	1	2
HG04115	SAS	HG03894	genome_hprc	DPA1	2	complete	1	1	1	2
HG04115	SAS	HG03894	genome_hprc	DPA1	4	complete	0	0	0	0
HG04115	SAS	HG03894	genome_hprc	DPB1	2	complete	1	1	1	2
HG04115	SAS	HG03894	genome_hprc	DPB1	4	complete	1	1	0	1
HG04115	SAS	HG03894	genome_hprc	DQA1	2	complete	1	1	1	2
HG04115	SAS	HG03894	genome_hprc	DQA1	4	complete	1	1	1	2
HG04115	SAS	HG03894	genome_hprc	DQB1	2	complete	1	1	1	2
HG04115	SAS	HG03894	genome_hprc	DQB1	4	complete	1	1	0	1
HG04115	SAS	HG03894	genome_hprc	DRB1	2	complete	1	1	1	2
HG04115	SAS	HG03894	genome_hprc	DRB1	4	complete	0	0	0	0
HG04115	SAS	HG03894	genome_hprc_asian	A	2	complete	1	1	0	1
HG04115	SAS	HG03894	genome_hprc_asian	A	4	complete	1	1	0	1
HG04115	SAS	HG03894	genome_hprc_asian	B	2	complete	1	1	1	2
HG04115	SAS	HG03894	genome_hprc_asian	B	4	complete	0	0	0	0
HG04115	SAS	HG03894	genome_hprc_asian	C	2	complete	1	1	1	2
HG04115	SAS	HG03894	genome_hprc_asian	C	4	complete	1	1	1	2
HG04115	SAS	HG03894	genome_hprc_asian	DPA1	2	complete	1	1	1	2
HG04115	SAS	HG03894	genome_hprc_asian	DPA1	4	complete	0	0	0	0
HG04115	SAS	HG03894	genome_hprc_asian	DPB1	2	complete	1	1	1	2
HG04115	SAS	HG03894	genome_hprc_asian	DPB1	4	complete	1	1	1	2
HG04115	SAS	HG03894	genome_hprc_asian	DQA1	2	complete	1	1	1	2
HG04115	SAS	HG03894	genome_hprc_asian	DQA1	4	complete	1	1	1	2
HG04115	SAS	HG03894	genome_hprc_asian	DQB1	2	complete	1	1	1	2
HG04115	SAS	HG03894	genome_hprc_asian	DQB1	4	complete	1	1	1	2
HG04115	SAS	HG03894	genome_hprc_asian	DRB1	2	complete	1	1	1	2
HG04115	SAS	HG03894	genome_hprc_asian	DRB1	4	complete	0	0	0	0
HG04187	SAS	HG04185	T1K	A	2	complete	1	1	1	2
HG04187	SAS	HG04185	T1K	A	4	complete	1	1	1	2
HG04187	SAS	HG04185	T1K	B	2	complete	1	1	1	2
HG04187	SAS	HG04185	T1K	B	4	complete	1	1	0	0
HG04187	SAS	HG04185	T1K	C	2	complete	1	1	0	1
HG04187	SAS	HG04185	T1K	C	4	complete	1	0	0	1
HG04187	SAS	HG04185	T1K	DPA1	2	complete	1	1	1	2
HG04187	SAS	HG04185	T1K	DPA1	4	complete	0	0	0	0
HG04187	SAS	HG04185	T1K	DPB1	2	complete	1	1	1	2
HG04187	SAS	HG04185	T1K	DPB1	4	complete	1	1	1	2
HG04187	SAS	HG04185	T1K	DQA1	2	complete	1	1	1	2
HG04187	SAS	HG04185	T1K	DQA1	4	complete	0	0	0	0
HG04187	SAS	HG04185	T1K	DQB1	2	complete	1	1	1	2
HG04187	SAS	HG04185	T1K	DQB1	4	complete	0	0	0	0
HG04187	SAS	HG04185	T1K	DRB1	2	complete	1	1	1	2
HG04187	SAS	HG04185	T1K	DRB1	4	complete	0	0	0	0
HG04187	SAS	HG04185	hprc	A	2	complete	1	1	1	2
HG04187	SAS	HG04185	hprc	A	4	complete	1	1	1	2
HG04187	SAS	HG04185	hprc	B	2	complete	1	1	0	1
HG04187	SAS	HG04185	hprc	B	4	complete	1	1	0	0
HG04187	SAS	HG04185	hprc	C	2	complete	1	1	1	2
HG04187	SAS	HG04185	hprc	C	4	complete	1	1	0	1
HG04187	SAS	HG04185	hprc	DPA1	2	complete	1	1	1	2
HG04187	SAS	HG04185	hprc	DPA1	4	complete	0	0	0	0
HG04187	SAS	HG04185	hprc	DPB1	2	complete	1	1	0	0
HG04187	SAS	HG04185	hprc	DPB1	4	complete	1	1	0	0
HG04187	SAS	HG04185	hprc	DQA1	2	complete	1	1	0	1
HG04187	SAS	HG04185	hprc	DQA1	4	complete	0	0	0	0
HG04187	SAS	HG04185	hprc	DQB1	2	complete	1	1	0	1
HG04187	SAS	HG04185	hprc	DQB1	4	complete	0	0	0	0
HG04187	SAS	HG04185	hprc	DRB1	2	complete	1	1	1	2
HG04187	SAS	HG04185	hprc	DRB1	4	complete	0	0	0	0
HG04187	SAS	HG04185	hprc_asian	A	2	complete	1	1	1	2
HG04187	SAS	HG04185	hprc_asian	A	4	complete	1	1	1	2
HG04187	SAS	HG04185	hprc_asian	B	2	complete	1	1	1	2
HG04187	SAS	HG04185	hprc_asian	B	4	complete	1	1	0	0
HG04187	SAS	HG04185	hprc_asian	C	2	complete	1	1	1	2
HG04187	SAS	HG04185	hprc_asian	C	4	complete	1	1	0	1
HG04187	SAS	HG04185	hprc_asian	DPA1	2	complete	1	1	1	2
HG04187	SAS	HG04185	hprc_asian	DPA1	4	complete	0	0	0	0
HG04187	SAS	HG04185	hprc_asian	DPB1	2	complete	1	1	1	2
HG04187	SAS	HG04185	hprc_asian	DPB1	4	complete	1	1	1	2
HG04187	SAS	HG04185	hprc_asian	DQA1	2	complete	1	1	0	1
HG04187	SAS	HG04185	hprc_asian	DQA1	4	complete	0	0	0	0
HG04187	SAS	HG04185	hprc_asian	DQB1	2	complete	1	1	0	1
HG04187	SAS	HG04185	hprc_asian	DQB1	4	complete	0	0	0	0
HG04187	SAS	HG04185	hprc_asian	DRB1	2	complete	1	1	1	2
HG04187	SAS	HG04185	hprc_asian	DRB1	4	complete	0	0	0	0
HG04187	SAS	HG04185	ipd_genome	A	2	complete	1	1	1	2
HG04187	SAS	HG04185	ipd_genome	A	4	complete	1	1	1	2
HG04187	SAS	HG04185	ipd_genome	B	2	complete	1	1	1	2
HG04187	SAS	HG04185	ipd_genome	B	4	complete	1	1	1	2
HG04187	SAS	HG04185	ipd_genome	C	2	complete	1	1	1	2
HG04187	SAS	HG04185	ipd_genome	C	4	complete	1	1	1	2
HG04187	SAS	HG04185	ipd_genome	DPA1	2	complete	1	1	1	2
HG04187	SAS	HG04185	ipd_genome	DPA1	4	complete	0	0	0	0
HG04187	SAS	HG04185	ipd_genome	DPB1	2	complete	1	1	1	2
HG04187	SAS	HG04185	ipd_genome	DPB1	4	complete	1	1	1	2
HG04187	SAS	HG04185	ipd_genome	DQA1	2	complete	1	1	1	2
HG04187	SAS	HG04185	ipd_genome	DQA1	4	complete	0	0	0	0
HG04187	SAS	HG04185	ipd_genome	DQB1	2	complete	1	1	1	2
HG04187	SAS	HG04185	ipd_genome	DQB1	4	complete	0	0	0	0
HG04187	SAS	HG04185	ipd_genome	DRB1	2	complete	1	1	1	2
HG04187	SAS	HG04185	ipd_genome	DRB1	4	complete	0	0	0	0
HG04187	SAS	HG04185	genome_hprc	A	2	complete	1	1	1	2
HG04187	SAS	HG04185	genome_hprc	A	4	complete	1	1	1	2
HG04187	SAS	HG04185	genome_hprc	B	2	complete	1	1	0	1
HG04187	SAS	HG04185	genome_hprc	B	4	complete	1	1	0	0
HG04187	SAS	HG04185	genome_hprc	C	2	complete	1	1	1	2
HG04187	SAS	HG04185	genome_hprc	C	4	complete	1	1	0	1
HG04187	SAS	HG04185	genome_hprc	DPA1	2	complete	1	1	1	2
HG04187	SAS	HG04185	genome_hprc	DPA1	4	complete	0	0	0	0
HG04187	SAS	HG04185	genome_hprc	DPB1	2	complete	1	1	0	1
HG04187	SAS	HG04185	genome_hprc	DPB1	4	complete	1	1	0	1
HG04187	SAS	HG04185	genome_hprc	DQA1	2	complete	1	1	0	1
HG04187	SAS	HG04185	genome_hprc	DQA1	4	complete	0	0	0	0
HG04187	SAS	HG04185	genome_hprc	DQB1	2	complete	1	1	0	1
HG04187	SAS	HG04185	genome_hprc	DQB1	4	complete	0	0	0	0
HG04187	SAS	HG04185	genome_hprc	DRB1	2	complete	1	1	1	2
HG04187	SAS	HG04185	genome_hprc	DRB1	4	complete	0	0	0	0
HG04187	SAS	HG04185	genome_hprc_asian	A	2	complete	1	1	1	2
HG04187	SAS	HG04185	genome_hprc_asian	A	4	complete	1	1	1	2
HG04187	SAS	HG04185	genome_hprc_asian	B	2	complete	1	1	1	2
HG04187	SAS	HG04185	genome_hprc_asian	B	4	complete	1	1	0	0
HG04187	SAS	HG04185	genome_hprc_asian	C	2	complete	1	1	1	2
HG04187	SAS	HG04185	genome_hprc_asian	C	4	complete	1	1	0	1
HG04187	SAS	HG04185	genome_hprc_asian	DPA1	2	complete	1	1	1	2
HG04187	SAS	HG04185	genome_hprc_asian	DPA1	4	complete	0	0	0	0
HG04187	SAS	HG04185	genome_hprc_asian	DPB1	2	complete	1	1	1	2
HG04187	SAS	HG04185	genome_hprc_asian	DPB1	4	complete	1	1	1	2
HG04187	SAS	HG04185	genome_hprc_asian	DQA1	2	complete	1	1	0	1
HG04187	SAS	HG04185	genome_hprc_asian	DQA1	4	complete	0	0	0	0
HG04187	SAS	HG04185	genome_hprc_asian	DQB1	2	complete	1	1	0	1
HG04187	SAS	HG04185	genome_hprc_asian	DQB1	4	complete	0	0	0	0
HG04187	SAS	HG04185	genome_hprc_asian	DRB1	2	complete	1	1	1	2
HG04187	SAS	HG04185	genome_hprc_asian	DRB1	4	complete	0	0	0	0
NA18570	EAS	NA18570	T1K	A	2	complete	1	1	1	2
NA18570	EAS	NA18570	T1K	A	4	complete	1	1	0	1
NA18570	EAS	NA18570	T1K	B	2	complete	1	1	0	1
NA18570	EAS	NA18570	T1K	B	4	complete	1	0	0	1
NA18570	EAS	NA18570	T1K	C	2	complete	1	1	1	2
NA18570	EAS	NA18570	T1K	C	4	complete	1	1	1	2
NA18570	EAS	NA18570	T1K	DPA1	2	complete	1	1	1	2
NA18570	EAS	NA18570	T1K	DPA1	4	complete	0	0	0	0
NA18570	EAS	NA18570	T1K	DPB1	2	complete	1	1	1	2
NA18570	EAS	NA18570	T1K	DPB1	4	complete	0	0	0	0
NA18570	EAS	NA18570	T1K	DQA1	2	complete	1	1	0	1
NA18570	EAS	NA18570	T1K	DQA1	4	complete	1	1	0	1
NA18570	EAS	NA18570	T1K	DQB1	2	complete	1	1	1	2
NA18570	EAS	NA18570	T1K	DQB1	4	complete	1	1	0	1
NA18570	EAS	NA18570	T1K	DRB1	2	complete	1	1	1	2
NA18570	EAS	NA18570	T1K	DRB1	4	complete	0	0	0	0
NA18570	EAS	NA18570	hprc	A	2	complete	1	1	1	2
NA18570	EAS	NA18570	hprc	A	4	complete	1	1	1	2
NA18570	EAS	NA18570	hprc	B	2	complete	1	1	1	2
NA18570	EAS	NA18570	hprc	B	4	complete	1	1	1	2
NA18570	EAS	NA18570	hprc	C	2	complete	1	1	1	2
NA18570	EAS	NA18570	hprc	C	4	complete	1	1	1	2
NA18570	EAS	NA18570	hprc	DPA1	2	complete	1	1	1	2
NA18570	EAS	NA18570	hprc	DPA1	4	complete	0	0	0	0
NA18570	EAS	NA18570	hprc	DPB1	2	complete	1	1	0	1
NA18570	EAS	NA18570	hprc	DPB1	4	complete	0	0	0	0
NA18570	EAS	NA18570	hprc	DQA1	2	complete	1	1	1	2
NA18570	EAS	NA18570	hprc	DQA1	4	complete	1	1	0	1
NA18570	EAS	NA18570	hprc	DQB1	2	complete	1	1	1	2
NA18570	EAS	NA18570	hprc	DQB1	4	complete	1	1	1	2
NA18570	EAS	NA18570	hprc	DRB1	2	complete	1	1	1	2
NA18570	EAS	NA18570	hprc	DRB1	4	complete	0	0	0	0
NA18570	EAS	NA18570	hprc_asian	A	2	complete	1	1	1	2
NA18570	EAS	NA18570	hprc_asian	A	4	complete	1	1	1	2
NA18570	EAS	NA18570	hprc_asian	B	2	complete	1	1	1	2
NA18570	EAS	NA18570	hprc_asian	B	4	complete	1	1	1	2
NA18570	EAS	NA18570	hprc_asian	C	2	complete	1	1	1	2
NA18570	EAS	NA18570	hprc_asian	C	4	complete	1	1	1	2
NA18570	EAS	NA18570	hprc_asian	DPA1	2	complete	1	1	1	2
NA18570	EAS	NA18570	hprc_asian	DPA1	4	complete	0	0	0	0
NA18570	EAS	NA18570	hprc_asian	DPB1	2	complete	1	1	1	2
NA18570	EAS	NA18570	hprc_asian	DPB1	4	complete	0	0	0	0
NA18570	EAS	NA18570	hprc_asian	DQA1	2	complete	1	1	1	2
NA18570	EAS	NA18570	hprc_asian	DQA1	4	complete	1	0	0	1
NA18570	EAS	NA18570	hprc_asian	DQB1	2	complete	1	1	1	2
NA18570	EAS	NA18570	hprc_asian	DQB1	4	complete	1	1	1	2
NA18570	EAS	NA18570	hprc_asian	DRB1	2	complete	1	1	1	2
NA18570	EAS	NA18570	hprc_asian	DRB1	4	complete	0	0	0	0
NA18570	EAS	NA18570	ipd_genome	A	2	complete	1	1	1	2
NA18570	EAS	NA18570	ipd_genome	A	4	complete	1	1	1	2
NA18570	EAS	NA18570	ipd_genome	B	2	complete	1	1	1	2
NA18570	EAS	NA18570	ipd_genome	B	4	complete	1	1	1	2
NA18570	EAS	NA18570	ipd_genome	C	2	complete	1	1	1	2
NA18570	EAS	NA18570	ipd_genome	C	4	complete	1	1	1	2
NA18570	EAS	NA18570	ipd_genome	DPA1	2	complete	1	1	1	2
NA18570	EAS	NA18570	ipd_genome	DPA1	4	complete	0	0	0	0
NA18570	EAS	NA18570	ipd_genome	DPB1	2	complete	1	1	1	2
NA18570	EAS	NA18570	ipd_genome	DPB1	4	complete	0	0	0	0
NA18570	EAS	NA18570	ipd_genome	DQA1	2	complete	1	1	1	2
NA18570	EAS	NA18570	ipd_genome	DQA1	4	complete	1	1	0	1
NA18570	EAS	NA18570	ipd_genome	DQB1	2	complete	1	1	1	2
NA18570	EAS	NA18570	ipd_genome	DQB1	4	complete	1	1	1	2
NA18570	EAS	NA18570	ipd_genome	DRB1	2	complete	1	1	0	1
NA18570	EAS	NA18570	ipd_genome	DRB1	4	complete	0	0	0	0
NA18570	EAS	NA18570	genome_hprc	A	2	complete	1	1	1	2
NA18570	EAS	NA18570	genome_hprc	A	4	complete	1	1	1	2
NA18570	EAS	NA18570	genome_hprc	B	2	complete	1	1	1	2
NA18570	EAS	NA18570	genome_hprc	B	4	complete	1	1	1	2
NA18570	EAS	NA18570	genome_hprc	C	2	complete	1	1	1	2
NA18570	EAS	NA18570	genome_hprc	C	4	complete	1	1	1	2
NA18570	EAS	NA18570	genome_hprc	DPA1	2	complete	1	1	1	2
NA18570	EAS	NA18570	genome_hprc	DPA1	4	complete	0	0	0	0
NA18570	EAS	NA18570	genome_hprc	DPB1	2	complete	1	1	1	2
NA18570	EAS	NA18570	genome_hprc	DPB1	4	complete	0	0	0	0
NA18570	EAS	NA18570	genome_hprc	DQA1	2	complete	1	1	1	2
NA18570	EAS	NA18570	genome_hprc	DQA1	4	complete	1	1	0	1
NA18570	EAS	NA18570	genome_hprc	DQB1	2	complete	1	1	1	2
NA18570	EAS	NA18570	genome_hprc	DQB1	4	complete	1	1	1	2
NA18570	EAS	NA18570	genome_hprc	DRB1	2	complete	1	1	1	2
NA18570	EAS	NA18570	genome_hprc	DRB1	4	complete	0	0	0	0
NA18570	EAS	NA18570	genome_hprc_asian	A	2	complete	1	1	1	2
NA18570	EAS	NA18570	genome_hprc_asian	A	4	complete	1	1	1	2
NA18570	EAS	NA18570	genome_hprc_asian	B	2	complete	1	1	1	2
NA18570	EAS	NA18570	genome_hprc_asian	B	4	complete	1	1	1	2
NA18570	EAS	NA18570	genome_hprc_asian	C	2	complete	1	1	1	2
NA18570	EAS	NA18570	genome_hprc_asian	C	4	complete	1	1	1	2
NA18570	EAS	NA18570	genome_hprc_asian	DPA1	2	complete	1	1	1	2
NA18570	EAS	NA18570	genome_hprc_asian	DPA1	4	complete	0	0	0	0
NA18570	EAS	NA18570	genome_hprc_asian	DPB1	2	complete	1	1	1	2
NA18570	EAS	NA18570	genome_hprc_asian	DPB1	4	complete	0	0	0	0
NA18570	EAS	NA18570	genome_hprc_asian	DQA1	2	complete	1	1	1	2
NA18570	EAS	NA18570	genome_hprc_asian	DQA1	4	complete	1	0	0	1
NA18570	EAS	NA18570	genome_hprc_asian	DQB1	2	complete	1	1	1	2
NA18570	EAS	NA18570	genome_hprc_asian	DQB1	4	complete	1	1	1	2
NA18570	EAS	NA18570	genome_hprc_asian	DRB1	2	complete	1	1	0	1
NA18570	EAS	NA18570	genome_hprc_asian	DRB1	4	complete	0	0	0	0
NA18940	EAS	NA18940	T1K	A	2	complete	1	1	1	2
NA18940	EAS	NA18940	T1K	A	4	complete	1	1	1	2
NA18940	EAS	NA18940	T1K	B	2	complete	1	1	1	2
NA18940	EAS	NA18940	T1K	B	4	complete	1	1	0	1
NA18940	EAS	NA18940	T1K	C	2	complete	1	1	1	2
NA18940	EAS	NA18940	T1K	C	4	complete	0	0	0	0
NA18940	EAS	NA18940	T1K	DPA1	2	complete	1	1	1	2
NA18940	EAS	NA18940	T1K	DPA1	4	complete	1	1	0	0
NA18940	EAS	NA18940	T1K	DPB1	2	complete	1	1	1	2
NA18940	EAS	NA18940	T1K	DPB1	4	complete	0	0	0	0
NA18940	EAS	NA18940	T1K	DQA1	2	complete	1	1	1	2
NA18940	EAS	NA18940	T1K	DQA1	4	complete	1	1	0	1
NA18940	EAS	NA18940	T1K	DQB1	2	complete	1	1	1	2
NA18940	EAS	NA18940	T1K	DQB1	4	complete	1	1	1	2
NA18940	EAS	NA18940	T1K	DRB1	2	complete	1	1	1	2
NA18940	EAS	NA18940	T1K	DRB1	4	complete	0	0	0	0
NA18940	EAS	NA18940	hprc	A	2	complete	1	1	1	2
NA18940	EAS	NA18940	hprc	A	4	complete	1	1	1	2
NA18940	EAS	NA18940	hprc	B	2	complete	1	1	1	2
NA18940	EAS	NA18940	hprc	B	4	complete	1	0	0	1
NA18940	EAS	NA18940	hprc	C	2	complete	1	1	0	0
NA18940	EAS	NA18940	hprc	C	4	complete	0	0	0	0
NA18940	EAS	NA18940	hprc	DPA1	2	complete	1	1	1	2
NA18940	EAS	NA18940	hprc	DPA1	4	complete	1	1	1	2
NA18940	EAS	NA18940	hprc	DPB1	2	complete	1	1	1	2
NA18940	EAS	NA18940	hprc	DPB1	4	complete	0	0	0	0
NA18940	EAS	NA18940	hprc	DQA1	2	complete	1	1	1	2
NA18940	EAS	NA18940	hprc	DQA1	4	complete	1	1	0	0
NA18940	EAS	NA18940	hprc	DQB1	2	complete	1	1	1	2
NA18940	EAS	NA18940	hprc	DQB1	4	complete	1	1	0	1
NA18940	EAS	NA18940	hprc	DRB1	2	complete	1	1	0	1
NA18940	EAS	NA18940	hprc	DRB1	4	complete	0	0	0	0
NA18940	EAS	NA18940	hprc_asian	A	2	complete	1	1	1	2
NA18940	EAS	NA18940	hprc_asian	A	4	complete	1	1	1	2
NA18940	EAS	NA18940	hprc_asian	B	2	complete	1	1	1	2
NA18940	EAS	NA18940	hprc_asian	B	4	complete	1	1	1	2
NA18940	EAS	NA18940	hprc_asian	C	2	complete	1	1	1	2
NA18940	EAS	NA18940	hprc_asian	C	4	complete	0	0	0	0
NA18940	EAS	NA18940	hprc_asian	DPA1	2	complete	1	1	1	2
NA18940	EAS	NA18940	hprc_asian	DPA1	4	complete	1	1	1	2
NA18940	EAS	NA18940	hprc_asian	DPB1	2	complete	1	1	1	2
NA18940	EAS	NA18940	hprc_asian	DPB1	4	complete	0	0	0	0
NA18940	EAS	NA18940	hprc_asian	DQA1	2	complete	1	1	1	2
NA18940	EAS	NA18940	hprc_asian	DQA1	4	complete	1	1	1	2
NA18940	EAS	NA18940	hprc_asian	DQB1	2	complete	1	1	1	2
NA18940	EAS	NA18940	hprc_asian	DQB1	4	complete	1	0	0	1
NA18940	EAS	NA18940	hprc_asian	DRB1	2	complete	1	1	1	2
NA18940	EAS	NA18940	hprc_asian	DRB1	4	complete	0	0	0	0
NA18940	EAS	NA18940	ipd_genome	A	2	complete	1	1	1	2
NA18940	EAS	NA18940	ipd_genome	A	4	complete	1	1	1	2
NA18940	EAS	NA18940	ipd_genome	B	2	complete	1	1	1	2
NA18940	EAS	NA18940	ipd_genome	B	4	complete	1	1	1	2
NA18940	EAS	NA18940	ipd_genome	C	2	complete	1	1	1	2
NA18940	EAS	NA18940	ipd_genome	C	4	complete	0	0	0	0
NA18940	EAS	NA18940	ipd_genome	DPA1	2	complete	1	1	1	2
NA18940	EAS	NA18940	ipd_genome	DPA1	4	complete	1	1	1	2
NA18940	EAS	NA18940	ipd_genome	DPB1	2	complete	1	1	1	2
NA18940	EAS	NA18940	ipd_genome	DPB1	4	complete	0	0	0	0
NA18940	EAS	NA18940	ipd_genome	DQA1	2	complete	1	1	1	2
NA18940	EAS	NA18940	ipd_genome	DQA1	4	complete	1	1	1	2
NA18940	EAS	NA18940	ipd_genome	DQB1	2	complete	1	1	1	2
NA18940	EAS	NA18940	ipd_genome	DQB1	4	complete	1	1	1	2
NA18940	EAS	NA18940	ipd_genome	DRB1	2	complete	1	1	1	2
NA18940	EAS	NA18940	ipd_genome	DRB1	4	complete	0	0	0	0
NA18940	EAS	NA18940	genome_hprc	A	2	complete	1	1	1	2
NA18940	EAS	NA18940	genome_hprc	A	4	complete	1	1	1	2
NA18940	EAS	NA18940	genome_hprc	B	2	complete	1	1	1	2
NA18940	EAS	NA18940	genome_hprc	B	4	complete	1	0	0	1
NA18940	EAS	NA18940	genome_hprc	C	2	complete	1	1	0	1
NA18940	EAS	NA18940	genome_hprc	C	4	complete	0	0	0	0
NA18940	EAS	NA18940	genome_hprc	DPA1	2	complete	1	1	1	2
NA18940	EAS	NA18940	genome_hprc	DPA1	4	complete	1	1	1	2
NA18940	EAS	NA18940	genome_hprc	DPB1	2	complete	1	1	1	2
NA18940	EAS	NA18940	genome_hprc	DPB1	4	complete	0	0	0	0
NA18940	EAS	NA18940	genome_hprc	DQA1	2	complete	1	1	1	2
NA18940	EAS	NA18940	genome_hprc	DQA1	4	complete	1	1	0	0
NA18940	EAS	NA18940	genome_hprc	DQB1	2	complete	1	1	1	2
NA18940	EAS	NA18940	genome_hprc	DQB1	4	complete	1	1	0	1
NA18940	EAS	NA18940	genome_hprc	DRB1	2	complete	1	1	1	2
NA18940	EAS	NA18940	genome_hprc	DRB1	4	complete	0	0	0	0
NA18940	EAS	NA18940	genome_hprc_asian	A	2	complete	1	1	1	2
NA18940	EAS	NA18940	genome_hprc_asian	A	4	complete	1	1	1	2
NA18940	EAS	NA18940	genome_hprc_asian	B	2	complete	1	1	1	2
NA18940	EAS	NA18940	genome_hprc_asian	B	4	complete	1	1	1	2
NA18940	EAS	NA18940	genome_hprc_asian	C	2	complete	1	1	1	2
NA18940	EAS	NA18940	genome_hprc_asian	C	4	complete	0	0	0	0
NA18940	EAS	NA18940	genome_hprc_asian	DPA1	2	complete	1	1	1	2
NA18940	EAS	NA18940	genome_hprc_asian	DPA1	4	complete	1	1	1	2
NA18940	EAS	NA18940	genome_hprc_asian	DPB1	2	complete	1	1	1	2
NA18940	EAS	NA18940	genome_hprc_asian	DPB1	4	complete	0	0	0	0
NA18940	EAS	NA18940	genome_hprc_asian	DQA1	2	complete	1	1	1	2
NA18940	EAS	NA18940	genome_hprc_asian	DQA1	4	complete	1	1	1	2
NA18940	EAS	NA18940	genome_hprc_asian	DQB1	2	complete	1	1	1	2
NA18940	EAS	NA18940	genome_hprc_asian	DQB1	4	complete	1	0	0	1
NA18940	EAS	NA18940	genome_hprc_asian	DRB1	2	complete	1	1	1	2
NA18940	EAS	NA18940	genome_hprc_asian	DRB1	4	complete	0	0	0	0
NA21144	SAS	NA21144	T1K	A	2	complete	1	1	1	2
NA21144	SAS	NA21144	T1K	A	4	complete	1	1	1	2
NA21144	SAS	NA21144	T1K	B	2	complete	1	1	0	1
NA21144	SAS	NA21144	T1K	B	4	complete	0	0	0	0
NA21144	SAS	NA21144	T1K	C	2	complete	1	1	1	2
NA21144	SAS	NA21144	T1K	C	4	complete	1	1	0	0
NA21144	SAS	NA21144	T1K	DPA1	2	complete	1	1	1	2
NA21144	SAS	NA21144	T1K	DPA1	4	complete	0	0	0	0
NA21144	SAS	NA21144	T1K	DPB1	2	complete	1	1	1	2
NA21144	SAS	NA21144	T1K	DPB1	4	complete	1	1	1	2
NA21144	SAS	NA21144	T1K	DQA1	2	complete	1	1	1	2
NA21144	SAS	NA21144	T1K	DQA1	4	complete	0	0	0	0
NA21144	SAS	NA21144	T1K	DQB1	2	complete	1	1	1	2
NA21144	SAS	NA21144	T1K	DQB1	4	complete	1	1	1	2
NA21144	SAS	NA21144	T1K	DRB1	2	complete	1	1	1	2
NA21144	SAS	NA21144	T1K	DRB1	4	complete	1	1	0	1
NA21144	SAS	NA21144	hprc	A	2	complete	1	1	1	2
NA21144	SAS	NA21144	hprc	A	4	complete	1	1	1	2
NA21144	SAS	NA21144	hprc	B	2	complete	1	1	0	0
NA21144	SAS	NA21144	hprc	B	4	complete	0	0	0	0
NA21144	SAS	NA21144	hprc	C	2	complete	1	1	0	1
NA21144	SAS	NA21144	hprc	C	4	complete	1	1	0	1
NA21144	SAS	NA21144	hprc	DPA1	2	complete	1	1	1	2
NA21144	SAS	NA21144	hprc	DPA1	4	complete	0	0	0	0
NA21144	SAS	NA21144	hprc	DPB1	2	complete	1	1	0	1
NA21144	SAS	NA21144	hprc	DPB1	4	complete	1	1	0	0
NA21144	SAS	NA21144	hprc	DQA1	2	complete	1	1	1	2
NA21144	SAS	NA21144	hprc	DQA1	4	complete	0	0	0	0
NA21144	SAS	NA21144	hprc	DQB1	2	complete	1	1	1	2
NA21144	SAS	NA21144	hprc	DQB1	4	complete	1	1	0	1
NA21144	SAS	NA21144	hprc	DRB1	2	complete	1	1	1	2
NA21144	SAS	NA21144	hprc	DRB1	4	complete	1	0	0	1
NA21144	SAS	NA21144	hprc_asian	A	2	complete	1	1	1	2
NA21144	SAS	NA21144	hprc_asian	A	4	complete	1	1	1	2
NA21144	SAS	NA21144	hprc_asian	B	2	complete	1	1	1	2
NA21144	SAS	NA21144	hprc_asian	B	4	complete	0	0	0	0
NA21144	SAS	NA21144	hprc_asian	C	2	complete	1	1	1	2
NA21144	SAS	NA21144	hprc_asian	C	4	complete	1	1	1	2
NA21144	SAS	NA21144	hprc_asian	DPA1	2	complete	1	1	1	2
NA21144	SAS	NA21144	hprc_asian	DPA1	4	complete	0	0	0	0
NA21144	SAS	NA21144	hprc_asian	DPB1	2	complete	1	1	1	2
NA21144	SAS	NA21144	hprc_asian	DPB1	4	complete	1	1	0	1
NA21144	SAS	NA21144	hprc_asian	DQA1	2	complete	1	1	1	2
NA21144	SAS	NA21144	hprc_asian	DQA1	4	complete	0	0	0	0
NA21144	SAS	NA21144	hprc_asian	DQB1	2	complete	1	1	1	2
NA21144	SAS	NA21144	hprc_asian	DQB1	4	complete	1	1	1	2
NA21144	SAS	NA21144	hprc_asian	DRB1	2	complete	1	1	1	2
NA21144	SAS	NA21144	hprc_asian	DRB1	4	complete	1	1	1	2
NA21144	SAS	NA21144	ipd_genome	A	2	complete	1	1	1	2
NA21144	SAS	NA21144	ipd_genome	A	4	complete	1	1	1	2
NA21144	SAS	NA21144	ipd_genome	B	2	complete	1	1	1	2
NA21144	SAS	NA21144	ipd_genome	B	4	complete	0	0	0	0
NA21144	SAS	NA21144	ipd_genome	C	2	complete	1	1	1	2
NA21144	SAS	NA21144	ipd_genome	C	4	complete	1	1	1	2
NA21144	SAS	NA21144	ipd_genome	DPA1	2	complete	1	1	1	2
NA21144	SAS	NA21144	ipd_genome	DPA1	4	complete	0	0	0	0
NA21144	SAS	NA21144	ipd_genome	DPB1	2	complete	1	1	1	2
NA21144	SAS	NA21144	ipd_genome	DPB1	4	complete	1	1	0	1
NA21144	SAS	NA21144	ipd_genome	DQA1	2	complete	1	1	1	2
NA21144	SAS	NA21144	ipd_genome	DQA1	4	complete	0	0	0	0
NA21144	SAS	NA21144	ipd_genome	DQB1	2	complete	1	1	1	2
NA21144	SAS	NA21144	ipd_genome	DQB1	4	complete	1	1	1	2
NA21144	SAS	NA21144	ipd_genome	DRB1	2	complete	1	1	1	2
NA21144	SAS	NA21144	ipd_genome	DRB1	4	complete	1	1	1	2
NA21144	SAS	NA21144	genome_hprc	A	2	complete	1	1	1	2
NA21144	SAS	NA21144	genome_hprc	A	4	complete	1	1	1	2
NA21144	SAS	NA21144	genome_hprc	B	2	complete	1	1	0	0
NA21144	SAS	NA21144	genome_hprc	B	4	complete	0	0	0	0
NA21144	SAS	NA21144	genome_hprc	C	2	complete	1	1	0	1
NA21144	SAS	NA21144	genome_hprc	C	4	complete	1	1	0	1
NA21144	SAS	NA21144	genome_hprc	DPA1	2	complete	1	1	1	2
NA21144	SAS	NA21144	genome_hprc	DPA1	4	complete	0	0	0	0
NA21144	SAS	NA21144	genome_hprc	DPB1	2	complete	1	1	0	1
NA21144	SAS	NA21144	genome_hprc	DPB1	4	complete	1	1	0	1
NA21144	SAS	NA21144	genome_hprc	DQA1	2	complete	1	1	1	2
NA21144	SAS	NA21144	genome_hprc	DQA1	4	complete	0	0	0	0
NA21144	SAS	NA21144	genome_hprc	DQB1	2	complete	1	1	1	2
NA21144	SAS	NA21144	genome_hprc	DQB1	4	complete	1	1	0	1
NA21144	SAS	NA21144	genome_hprc	DRB1	2	complete	1	1	1	2
NA21144	SAS	NA21144	genome_hprc	DRB1	4	complete	1	0	0	1
NA21144	SAS	NA21144	genome_hprc_asian	A	2	complete	1	1	1	2
NA21144	SAS	NA21144	genome_hprc_asian	A	4	complete	1	1	1	2
NA21144	SAS	NA21144	genome_hprc_asian	B	2	complete	1	1	1	2
NA21144	SAS	NA21144	genome_hprc_asian	B	4	complete	0	0	0	0
NA21144	SAS	NA21144	genome_hprc_asian	C	2	complete	1	1	1	2
NA21144	SAS	NA21144	genome_hprc_asian	C	4	complete	1	1	1	2
NA21144	SAS	NA21144	genome_hprc_asian	DPA1	2	complete	1	1	1	2
NA21144	SAS	NA21144	genome_hprc_asian	DPA1	4	complete	0	0	0	0
NA21144	SAS	NA21144	genome_hprc_asian	DPB1	2	complete	1	1	1	2
NA21144	SAS	NA21144	genome_hprc_asian	DPB1	4	complete	1	1	1	2
NA21144	SAS	NA21144	genome_hprc_asian	DQA1	2	complete	1	1	1	2
NA21144	SAS	NA21144	genome_hprc_asian	DQA1	4	complete	0	0	0	0
NA21144	SAS	NA21144	genome_hprc_asian	DQB1	2	complete	1	1	1	2
NA21144	SAS	NA21144	genome_hprc_asian	DQB1	4	complete	1	1	1	2
NA21144	SAS	NA21144	genome_hprc_asian	DRB1	2	complete	1	1	1	2
NA21144	SAS	NA21144	genome_hprc_asian	DRB1	4	complete	1	1	1	2
HG00558	EAS	HG00556	T1K	A	2	complete	1	1	1	2
HG00558	EAS	HG00556	T1K	A	4	complete	1	1	1	2
HG00558	EAS	HG00556	T1K	B	2	complete	1	1	1	2
HG00558	EAS	HG00556	T1K	B	4	complete	1	1	0	1
HG00558	EAS	HG00556	T1K	C	2	complete	1	1	1	2
HG00558	EAS	HG00556	T1K	C	4	complete	1	1	0	0
HG00558	EAS	HG00556	T1K	DPA1	2	complete	1	1	1	2
HG00558	EAS	HG00556	T1K	DPA1	4	complete	0	0	0	0
HG00558	EAS	HG00556	T1K	DPB1	2	complete	1	1	1	2
HG00558	EAS	HG00556	T1K	DPB1	4	complete	1	1	1	2
HG00558	EAS	HG00556	T1K	DQA1	2	complete	1	1	1	2
HG00558	EAS	HG00556	T1K	DQA1	4	complete	1	1	0	1
HG00558	EAS	HG00556	T1K	DQB1	2	complete	1	1	1	2
HG00558	EAS	HG00556	T1K	DQB1	4	complete	1	1	0	1
HG00558	EAS	HG00556	T1K	DRB1	2	complete	1	1	1	2
HG00558	EAS	HG00556	T1K	DRB1	4	complete	0	0	0	0
HG00558	EAS	HG00556	hprc	A	2	complete	1	1	1	2
HG00558	EAS	HG00556	hprc	A	4	complete	1	1	1	2
HG00558	EAS	HG00556	hprc	B	2	complete	1	1	1	2
HG00558	EAS	HG00556	hprc	B	4	complete	1	1	1	2
HG00558	EAS	HG00556	hprc	C	2	complete	1	1	1	2
HG00558	EAS	HG00556	hprc	C	4	complete	1	1	0	1
HG00558	EAS	HG00556	hprc	DPA1	2	complete	1	1	1	2
HG00558	EAS	HG00556	hprc	DPA1	4	complete	0	0	0	0
HG00558	EAS	HG00556	hprc	DPB1	2	complete	1	1	1	2
HG00558	EAS	HG00556	hprc	DPB1	4	complete	1	1	0	1
HG00558	EAS	HG00556	hprc	DQA1	2	complete	1	1	1	2
HG00558	EAS	HG00556	hprc	DQA1	4	complete	1	1	1	2
HG00558	EAS	HG00556	hprc	DQB1	2	complete	1	1	1	2
HG00558	EAS	HG00556	hprc	DQB1	4	complete	1	1	1	2
HG00558	EAS	HG00556	hprc	DRB1	2	complete	1	1	1	2
HG00558	EAS	HG00556	hprc	DRB1	4	complete	0	0	0	0
HG00558	EAS	HG00556	hprc_asian	A	2	complete	1	1	1	2
HG00558	EAS	HG00556	hprc_asian	A	4	complete	1	1	1	2
HG00558	EAS	HG00556	hprc_asian	B	2	complete	1	1	1	2
HG00558	EAS	HG00556	hprc_asian	B	4	complete	1	1	1	2
HG00558	EAS	HG00556	hprc_asian	C	2	complete	1	1	1	2
HG00558	EAS	HG00556	hprc_asian	C	4	complete	1	1	1	2
HG00558	EAS	HG00556	hprc_asian	DPA1	2	complete	1	1	0	1
HG00558	EAS	HG00556	hprc_asian	DPA1	4	complete	0	0	0	0
HG00558	EAS	HG00556	hprc_asian	DPB1	2	complete	1	1	1	2
HG00558	EAS	HG00556	hprc_asian	DPB1	4	complete	1	1	0	1
HG00558	EAS	HG00556	hprc_asian	DQA1	2	complete	1	1	1	2
HG00558	EAS	HG00556	hprc_asian	DQA1	4	complete	1	1	1	2
HG00558	EAS	HG00556	hprc_asian	DQB1	2	complete	1	1	1	2
HG00558	EAS	HG00556	hprc_asian	DQB1	4	complete	1	1	1	2
HG00558	EAS	HG00556	hprc_asian	DRB1	2	complete	1	1	1	2
HG00558	EAS	HG00556	hprc_asian	DRB1	4	complete	0	0	0	0
HG00558	EAS	HG00556	ipd_genome	A	2	complete	1	1	1	2
HG00558	EAS	HG00556	ipd_genome	A	4	complete	1	1	1	2
HG00558	EAS	HG00556	ipd_genome	B	2	complete	1	1	1	2
HG00558	EAS	HG00556	ipd_genome	B	4	complete	1	1	1	2
HG00558	EAS	HG00556	ipd_genome	C	2	complete	1	1	1	2
HG00558	EAS	HG00556	ipd_genome	C	4	complete	1	1	1	2
HG00558	EAS	HG00556	ipd_genome	DPA1	2	complete	1	1	1	2
HG00558	EAS	HG00556	ipd_genome	DPA1	4	complete	0	0	0	0
HG00558	EAS	HG00556	ipd_genome	DPB1	2	complete	1	1	1	2
HG00558	EAS	HG00556	ipd_genome	DPB1	4	complete	1	1	1	2
HG00558	EAS	HG00556	ipd_genome	DQA1	2	complete	1	1	1	2
HG00558	EAS	HG00556	ipd_genome	DQA1	4	complete	1	1	1	2
HG00558	EAS	HG00556	ipd_genome	DQB1	2	complete	1	1	1	2
HG00558	EAS	HG00556	ipd_genome	DQB1	4	complete	1	1	1	2
HG00558	EAS	HG00556	ipd_genome	DRB1	2	complete	1	1	1	2
HG00558	EAS	HG00556	ipd_genome	DRB1	4	complete	0	0	0	0
HG00558	EAS	HG00556	genome_hprc	A	2	complete	1	1	1	2
HG00558	EAS	HG00556	genome_hprc	A	4	complete	1	1	1	2
HG00558	EAS	HG00556	genome_hprc	B	2	complete	1	1	1	2
HG00558	EAS	HG00556	genome_hprc	B	4	complete	1	1	1	2
HG00558	EAS	HG00556	genome_hprc	C	2	complete	1	1	1	2
HG00558	EAS	HG00556	genome_hprc	C	4	complete	1	1	0	1
HG00558	EAS	HG00556	genome_hprc	DPA1	2	complete	1	1	1	2
HG00558	EAS	HG00556	genome_hprc	DPA1	4	complete	0	0	0	0
HG00558	EAS	HG00556	genome_hprc	DPB1	2	complete	1	1	1	2
HG00558	EAS	HG00556	genome_hprc	DPB1	4	complete	1	1	1	2
HG00558	EAS	HG00556	genome_hprc	DQA1	2	complete	1	1	1	2
HG00558	EAS	HG00556	genome_hprc	DQA1	4	complete	1	1	1	2
HG00558	EAS	HG00556	genome_hprc	DQB1	2	complete	1	1	1	2
HG00558	EAS	HG00556	genome_hprc	DQB1	4	complete	1	1	1	2
HG00558	EAS	HG00556	genome_hprc	DRB1	2	complete	1	1	1	2
HG00558	EAS	HG00556	genome_hprc	DRB1	4	complete	0	0	0	0
HG00558	EAS	HG00556	genome_hprc_asian	A	2	complete	1	1	1	2
HG00558	EAS	HG00556	genome_hprc_asian	A	4	complete	1	1	1	2
HG00558	EAS	HG00556	genome_hprc_asian	B	2	complete	1	1	1	2
HG00558	EAS	HG00556	genome_hprc_asian	B	4	complete	1	1	1	2
HG00558	EAS	HG00556	genome_hprc_asian	C	2	complete	1	1	1	2
HG00558	EAS	HG00556	genome_hprc_asian	C	4	complete	1	1	1	2
HG00558	EAS	HG00556	genome_hprc_asian	DPA1	2	complete	1	1	1	2
HG00558	EAS	HG00556	genome_hprc_asian	DPA1	4	complete	0	0	0	0
HG00558	EAS	HG00556	genome_hprc_asian	DPB1	2	complete	1	1	1	2
HG00558	EAS	HG00556	genome_hprc_asian	DPB1	4	complete	1	1	0	1
HG00558	EAS	HG00556	genome_hprc_asian	DQA1	2	complete	1	1	1	2
HG00558	EAS	HG00556	genome_hprc_asian	DQA1	4	complete	1	1	1	2
HG00558	EAS	HG00556	genome_hprc_asian	DQB1	2	complete	1	1	1	2
HG00558	EAS	HG00556	genome_hprc_asian	DQB1	4	complete	1	1	1	2
HG00558	EAS	HG00556	genome_hprc_asian	DRB1	2	complete	1	1	1	2
HG00558	EAS	HG00556	genome_hprc_asian	DRB1	4	complete	0	0	0	0
HG02165	EAS	HG02165	T1K	A	2	complete	1	1	1	2
HG02165	EAS	HG02165	T1K	A	4	complete	1	1	1	2
HG02165	EAS	HG02165	T1K	B	2	complete	1	1	1	2
HG02165	EAS	HG02165	T1K	B	4	complete	1	1	1	2
HG02165	EAS	HG02165	T1K	C	2	complete	1	1	1	2
HG02165	EAS	HG02165	T1K	C	4	complete	0	0	0	0
HG02165	EAS	HG02165	T1K	DPA1	2	complete	1	1	1	2
HG02165	EAS	HG02165	T1K	DPA1	4	complete	0	0	0	0
HG02165	EAS	HG02165	T1K	DPB1	2	complete	1	1	1	2
HG02165	EAS	HG02165	T1K	DPB1	4	complete	1	1	0	1
HG02165	EAS	HG02165	T1K	DQA1	2	complete	1	1	1	2
HG02165	EAS	HG02165	T1K	DQA1	4	complete	1	1	1	2
HG02165	EAS	HG02165	T1K	DQB1	2	complete	1	1	1	2
HG02165	EAS	HG02165	T1K	DQB1	4	complete	1	1	1	2
HG02165	EAS	HG02165	T1K	DRB1	2	complete	1	1	1	2
HG02165	EAS	HG02165	T1K	DRB1	4	complete	1	1	0	0
HG02165	EAS	HG02165	hprc	A	2	complete	1	1	0	1
HG02165	EAS	HG02165	hprc	A	4	complete	1	1	0	1
HG02165	EAS	HG02165	hprc	B	2	complete	1	1	0	1
HG02165	EAS	HG02165	hprc	B	4	complete	1	1	0	1
HG02165	EAS	HG02165	hprc	C	2	complete	1	1	0	1
HG02165	EAS	HG02165	hprc	C	4	complete	0	0	0	0
HG02165	EAS	HG02165	hprc	DPA1	2	complete	1	1	1	2
HG02165	EAS	HG02165	hprc	DPA1	4	complete	0	0	0	0
HG02165	EAS	HG02165	hprc	DPB1	2	complete	1	1	1	2
HG02165	EAS	HG02165	hprc	DPB1	4	complete	1	1	0	0
HG02165	EAS	HG02165	hprc	DQA1	2	complete	1	1	1	2
HG02165	EAS	HG02165	hprc	DQA1	4	complete	1	1	1	2
HG02165	EAS	HG02165	hprc	DQB1	2	complete	1	1	1	2
HG02165	EAS	HG02165	hprc	DQB1	4	complete	1	1	1	2
HG02165	EAS	HG02165	hprc	DRB1	2	complete	1	1	0	1
HG02165	EAS	HG02165	hprc	DRB1	4	complete	1	0	0	0
HG02165	EAS	HG02165	hprc_asian	A	2	complete	1	1	1	2
HG02165	EAS	HG02165	hprc_asian	A	4	complete	1	1	1	2
HG02165	EAS	HG02165	hprc_asian	B	2	complete	1	1	1	2
HG02165	EAS	HG02165	hprc_asian	B	4	complete	1	1	1	2
HG02165	EAS	HG02165	hprc_asian	C	2	complete	1	1	1	2
HG02165	EAS	HG02165	hprc_asian	C	4	complete	0	0	0	0
HG02165	EAS	HG02165	hprc_asian	DPA1	2	complete	1	1	1	2
HG02165	EAS	HG02165	hprc_asian	DPA1	4	complete	0	0	0	0
HG02165	EAS	HG02165	hprc_asian	DPB1	2	complete	1	1	1	2
HG02165	EAS	HG02165	hprc_asian	DPB1	4	complete	1	1	0	1
HG02165	EAS	HG02165	hprc_asian	DQA1	2	complete	1	1	1	2
HG02165	EAS	HG02165	hprc_asian	DQA1	4	complete	1	1	1	2
HG02165	EAS	HG02165	hprc_asian	DQB1	2	complete	1	1	1	2
HG02165	EAS	HG02165	hprc_asian	DQB1	4	complete	1	1	1	2
HG02165	EAS	HG02165	hprc_asian	DRB1	2	complete	1	1	1	2
HG02165	EAS	HG02165	hprc_asian	DRB1	4	complete	1	0	0	1
HG02165	EAS	HG02165	ipd_genome	A	2	complete	1	1	1	2
HG02165	EAS	HG02165	ipd_genome	A	4	complete	1	1	1	2
HG02165	EAS	HG02165	ipd_genome	B	2	complete	1	1	1	2
HG02165	EAS	HG02165	ipd_genome	B	4	complete	1	1	1	2
HG02165	EAS	HG02165	ipd_genome	C	2	complete	1	1	1	2
HG02165	EAS	HG02165	ipd_genome	C	4	complete	0	0	0	0
HG02165	EAS	HG02165	ipd_genome	DPA1	2	complete	1	1	1	2
HG02165	EAS	HG02165	ipd_genome	DPA1	4	complete	0	0	0	0
HG02165	EAS	HG02165	ipd_genome	DPB1	2	complete	1	1	1	2
HG02165	EAS	HG02165	ipd_genome	DPB1	4	complete	1	1	1	2
HG02165	EAS	HG02165	ipd_genome	DQA1	2	complete	1	1	1	2
HG02165	EAS	HG02165	ipd_genome	DQA1	4	complete	1	1	1	2
HG02165	EAS	HG02165	ipd_genome	DQB1	2	complete	1	1	1	2
HG02165	EAS	HG02165	ipd_genome	DQB1	4	complete	1	1	1	2
HG02165	EAS	HG02165	ipd_genome	DRB1	2	complete	1	1	0	1
HG02165	EAS	HG02165	ipd_genome	DRB1	4	complete	1	1	0	0
HG02165	EAS	HG02165	genome_hprc	A	2	complete	1	1	0	1
HG02165	EAS	HG02165	genome_hprc	A	4	complete	1	1	0	1
HG02165	EAS	HG02165	genome_hprc	B	2	complete	1	1	1	2
HG02165	EAS	HG02165	genome_hprc	B	4	complete	1	1	1	2
HG02165	EAS	HG02165	genome_hprc	C	2	complete	1	1	1	2
HG02165	EAS	HG02165	genome_hprc	C	4	complete	0	0	0	0
HG02165	EAS	HG02165	genome_hprc	DPA1	2	complete	1	1	1	2
HG02165	EAS	HG02165	genome_hprc	DPA1	4	complete	0	0	0	0
HG02165	EAS	HG02165	genome_hprc	DPB1	2	complete	1	1	1	2
HG02165	EAS	HG02165	genome_hprc	DPB1	4	complete	1	1	0	0
HG02165	EAS	HG02165	genome_hprc	DQA1	2	complete	1	1	1	2
HG02165	EAS	HG02165	genome_hprc	DQA1	4	complete	1	1	1	2
HG02165	EAS	HG02165	genome_hprc	DQB1	2	complete	1	1	1	2
HG02165	EAS	HG02165	genome_hprc	DQB1	4	complete	1	1	1	2
HG02165	EAS	HG02165	genome_hprc	DRB1	2	complete	1	1	1	2
HG02165	EAS	HG02165	genome_hprc	DRB1	4	complete	1	0	0	0
HG02165	EAS	HG02165	genome_hprc_asian	A	2	complete	1	1	1	2
HG02165	EAS	HG02165	genome_hprc_asian	A	4	complete	1	1	1	2
HG02165	EAS	HG02165	genome_hprc_asian	B	2	complete	1	1	1	2
HG02165	EAS	HG02165	genome_hprc_asian	B	4	complete	1	1	1	2
HG02165	EAS	HG02165	genome_hprc_asian	C	2	complete	1	1	1	2
HG02165	EAS	HG02165	genome_hprc_asian	C	4	complete	0	0	0	0
HG02165	EAS	HG02165	genome_hprc_asian	DPA1	2	complete	1	1	1	2
HG02165	EAS	HG02165	genome_hprc_asian	DPA1	4	complete	0	0	0	0
HG02165	EAS	HG02165	genome_hprc_asian	DPB1	2	complete	1	1	1	2
HG02165	EAS	HG02165	genome_hprc_asian	DPB1	4	complete	1	1	0	1
HG02165	EAS	HG02165	genome_hprc_asian	DQA1	2	complete	1	1	1	2
HG02165	EAS	HG02165	genome_hprc_asian	DQA1	4	complete	1	1	1	2
HG02165	EAS	HG02165	genome_hprc_asian	DQB1	2	complete	1	1	1	2
HG02165	EAS	HG02165	genome_hprc_asian	DQB1	4	complete	1	1	1	2
HG02165	EAS	HG02165	genome_hprc_asian	DRB1	2	complete	1	1	1	2
HG02165	EAS	HG02165	genome_hprc_asian	DRB1	4	complete	1	0	0	1
HG02523	EAS	HG02521	T1K	A	2	complete	1	1	1	2
HG02523	EAS	HG02521	T1K	A	4	complete	1	1	1	2
HG02523	EAS	HG02521	T1K	B	2	complete	1	1	1	2
HG02523	EAS	HG02521	T1K	B	4	complete	1	1	1	2
HG02523	EAS	HG02521	T1K	C	2	complete	1	1	1	2
HG02523	EAS	HG02521	T1K	C	4	complete	0	0	0	0
HG02523	EAS	HG02521	T1K	DPA1	2	complete	1	1	1	2
HG02523	EAS	HG02521	T1K	DPA1	4	complete	0	0	0	0
HG02523	EAS	HG02521	T1K	DPB1	2	complete	1	1	1	2
HG02523	EAS	HG02521	T1K	DPB1	4	complete	1	1	0	0
HG02523	EAS	HG02521	T1K	DQA1	2	complete	1	1	1	2
HG02523	EAS	HG02521	T1K	DQA1	4	complete	1	1	0	1
HG02523	EAS	HG02521	T1K	DQB1	2	complete	1	1	1	2
HG02523	EAS	HG02521	T1K	DQB1	4	complete	1	1	0	1
HG02523	EAS	HG02521	T1K	DRB1	2	complete	1	1	1	2
HG02523	EAS	HG02521	T1K	DRB1	4	complete	0	0	0	0
HG02523	EAS	HG02521	hprc	A	2	complete	1	1	1	2
HG02523	EAS	HG02521	hprc	A	4	complete	1	1	1	2
HG02523	EAS	HG02521	hprc	B	2	complete	1	1	0	1
HG02523	EAS	HG02521	hprc	B	4	complete	1	1	0	1
HG02523	EAS	HG02521	hprc	C	2	complete	1	1	0	1
HG02523	EAS	HG02521	hprc	C	4	complete	0	0	0	0
HG02523	EAS	HG02521	hprc	DPA1	2	complete	1	1	1	2
HG02523	EAS	HG02521	hprc	DPA1	4	complete	0	0	0	0
HG02523	EAS	HG02521	hprc	DPB1	2	complete	1	1	1	2
HG02523	EAS	HG02521	hprc	DPB1	4	complete	1	1	0	1
HG02523	EAS	HG02521	hprc	DQA1	2	complete	1	1	1	2
HG02523	EAS	HG02521	hprc	DQA1	4	complete	1	1	1	2
HG02523	EAS	HG02521	hprc	DQB1	2	complete	1	1	1	2
HG02523	EAS	HG02521	hprc	DQB1	4	complete	1	1	0	1
HG02523	EAS	HG02521	hprc	DRB1	2	complete	1	1	1	2
HG02523	EAS	HG02521	hprc	DRB1	4	complete	0	0	0	0
HG02523	EAS	HG02521	hprc_asian	A	2	complete	1	1	1	2
HG02523	EAS	HG02521	hprc_asian	A	4	complete	1	1	1	2
HG02523	EAS	HG02521	hprc_asian	B	2	complete	1	1	1	2
HG02523	EAS	HG02521	hprc_asian	B	4	complete	1	1	1	2
HG02523	EAS	HG02521	hprc_asian	C	2	complete	1	1	1	2
HG02523	EAS	HG02521	hprc_asian	C	4	complete	0	0	0	0
HG02523	EAS	HG02521	hprc_asian	DPA1	2	complete	1	1	1	2
HG02523	EAS	HG02521	hprc_asian	DPA1	4	complete	0	0	0	0
HG02523	EAS	HG02521	hprc_asian	DPB1	2	complete	1	1	1	2
HG02523	EAS	HG02521	hprc_asian	DPB1	4	complete	1	1	0	1
HG02523	EAS	HG02521	hprc_asian	DQA1	2	complete	1	1	1	2
HG02523	EAS	HG02521	hprc_asian	DQA1	4	complete	1	1	1	2
HG02523	EAS	HG02521	hprc_asian	DQB1	2	complete	1	1	1	2
HG02523	EAS	HG02521	hprc_asian	DQB1	4	complete	1	1	1	2
HG02523	EAS	HG02521	hprc_asian	DRB1	2	complete	1	1	1	2
HG02523	EAS	HG02521	hprc_asian	DRB1	4	complete	0	0	0	0
HG02523	EAS	HG02521	ipd_genome	A	2	complete	1	1	1	2
HG02523	EAS	HG02521	ipd_genome	A	4	complete	1	1	1	2
HG02523	EAS	HG02521	ipd_genome	B	2	complete	1	1	1	2
HG02523	EAS	HG02521	ipd_genome	B	4	complete	1	1	1	2
HG02523	EAS	HG02521	ipd_genome	C	2	complete	1	1	1	2
HG02523	EAS	HG02521	ipd_genome	C	4	complete	0	0	0	0
HG02523	EAS	HG02521	ipd_genome	DPA1	2	complete	1	1	1	2
HG02523	EAS	HG02521	ipd_genome	DPA1	4	complete	0	0	0	0
HG02523	EAS	HG02521	ipd_genome	DPB1	2	complete	1	1	1	2
HG02523	EAS	HG02521	ipd_genome	DPB1	4	complete	1	1	1	2
HG02523	EAS	HG02521	ipd_genome	DQA1	2	complete	1	1	1	2
HG02523	EAS	HG02521	ipd_genome	DQA1	4	complete	1	1	1	2
HG02523	EAS	HG02521	ipd_genome	DQB1	2	complete	1	1	1	2
HG02523	EAS	HG02521	ipd_genome	DQB1	4	complete	1	1	1	2
HG02523	EAS	HG02521	ipd_genome	DRB1	2	complete	1	1	1	2
HG02523	EAS	HG02521	ipd_genome	DRB1	4	complete	0	0	0	0
HG02523	EAS	HG02521	genome_hprc	A	2	complete	1	1	1	2
HG02523	EAS	HG02521	genome_hprc	A	4	complete	1	1	1	2
HG02523	EAS	HG02521	genome_hprc	B	2	complete	1	1	0	1
HG02523	EAS	HG02521	genome_hprc	B	4	complete	1	1	0	1
HG02523	EAS	HG02521	genome_hprc	C	2	complete	1	1	0	1
HG02523	EAS	HG02521	genome_hprc	C	4	complete	0	0	0	0
HG02523	EAS	HG02521	genome_hprc	DPA1	2	complete	1	1	1	2
HG02523	EAS	HG02521	genome_hprc	DPA1	4	complete	0	0	0	0
HG02523	EAS	HG02521	genome_hprc	DPB1	2	complete	1	1	1	2
HG02523	EAS	HG02521	genome_hprc	DPB1	4	complete	1	1	1	2
HG02523	EAS	HG02521	genome_hprc	DQA1	2	complete	1	1	1	2
HG02523	EAS	HG02521	genome_hprc	DQA1	4	complete	1	1	1	2
HG02523	EAS	HG02521	genome_hprc	DQB1	2	complete	1	1	1	2
HG02523	EAS	HG02521	genome_hprc	DQB1	4	complete	1	1	0	1
HG02523	EAS	HG02521	genome_hprc	DRB1	2	complete	1	1	1	2
HG02523	EAS	HG02521	genome_hprc	DRB1	4	complete	0	0	0	0
HG02523	EAS	HG02521	genome_hprc_asian	A	2	complete	1	1	1	2
HG02523	EAS	HG02521	genome_hprc_asian	A	4	complete	1	1	1	2
HG02523	EAS	HG02521	genome_hprc_asian	B	2	complete	1	1	1	2
HG02523	EAS	HG02521	genome_hprc_asian	B	4	complete	1	1	1	2
HG02523	EAS	HG02521	genome_hprc_asian	C	2	complete	1	1	1	2
HG02523	EAS	HG02521	genome_hprc_asian	C	4	complete	0	0	0	0
HG02523	EAS	HG02521	genome_hprc_asian	DPA1	2	complete	1	1	1	2
HG02523	EAS	HG02521	genome_hprc_asian	DPA1	4	complete	0	0	0	0
HG02523	EAS	HG02521	genome_hprc_asian	DPB1	2	complete	1	1	1	2
HG02523	EAS	HG02521	genome_hprc_asian	DPB1	4	complete	1	1	1	2
HG02523	EAS	HG02521	genome_hprc_asian	DQA1	2	complete	1	1	1	2
HG02523	EAS	HG02521	genome_hprc_asian	DQA1	4	complete	1	1	1	2
HG02523	EAS	HG02521	genome_hprc_asian	DQB1	2	complete	1	1	1	2
HG02523	EAS	HG02521	genome_hprc_asian	DQB1	4	complete	1	1	1	2
HG02523	EAS	HG02521	genome_hprc_asian	DRB1	2	complete	1	1	1	2
HG02523	EAS	HG02521	genome_hprc_asian	DRB1	4	complete	0	0	0	0
HG02738	SAS	HG02736	T1K	A	2	complete	1	1	1	2
HG02738	SAS	HG02736	T1K	A	4	complete	1	1	1	2
HG02738	SAS	HG02736	T1K	B	2	complete	1	1	1	2
HG02738	SAS	HG02736	T1K	B	4	complete	1	1	0	1
HG02738	SAS	HG02736	T1K	C	2	complete	1	1	1	2
HG02738	SAS	HG02736	T1K	C	4	complete	1	1	1	2
HG02738	SAS	HG02736	T1K	DPA1	2	complete	1	1	1	2
HG02738	SAS	HG02736	T1K	DPA1	4	complete	0	0	0	0
HG02738	SAS	HG02736	T1K	DPB1	2	complete	1	1	1	2
HG02738	SAS	HG02736	T1K	DPB1	4	complete	1	1	0	1
HG02738	SAS	HG02736	T1K	DQA1	2	complete	1	1	1	2
HG02738	SAS	HG02736	T1K	DQA1	4	complete	0	0	0	0
HG02738	SAS	HG02736	T1K	DQB1	2	complete	1	1	1	2
HG02738	SAS	HG02736	T1K	DQB1	4	complete	1	1	1	2
HG02738	SAS	HG02736	T1K	DRB1	2	complete	1	1	1	2
HG02738	SAS	HG02736	T1K	DRB1	4	complete	1	1	1	2
HG02738	SAS	HG02736	hprc	A	2	complete	1	1	1	2
HG02738	SAS	HG02736	hprc	A	4	complete	1	1	1	2
HG02738	SAS	HG02736	hprc	B	2	complete	1	1	1	2
HG02738	SAS	HG02736	hprc	B	4	complete	1	1	0	1
HG02738	SAS	HG02736	hprc	C	2	complete	1	1	1	2
HG02738	SAS	HG02736	hprc	C	4	complete	1	1	0	1
HG02738	SAS	HG02736	hprc	DPA1	2	complete	1	1	1	2
HG02738	SAS	HG02736	hprc	DPA1	4	complete	0	0	0	0
HG02738	SAS	HG02736	hprc	DPB1	2	complete	1	1	1	2
HG02738	SAS	HG02736	hprc	DPB1	4	complete	1	1	1	2
HG02738	SAS	HG02736	hprc	DQA1	2	complete	1	1	1	2
HG02738	SAS	HG02736	hprc	DQA1	4	complete	0	0	0	0
HG02738	SAS	HG02736	hprc	DQB1	2	complete	1	1	1	2
HG02738	SAS	HG02736	hprc	DQB1	4	complete	1	1	1	2
HG02738	SAS	HG02736	hprc	DRB1	2	complete	1	1	1	2
HG02738	SAS	HG02736	hprc	DRB1	4	complete	1	0	0	1
HG02738	SAS	HG02736	hprc_asian	A	2	complete	1	1	1	2
HG02738	SAS	HG02736	hprc_asian	A	4	complete	1	1	1	2
HG02738	SAS	HG02736	hprc_asian	B	2	complete	1	1	1	2
HG02738	SAS	HG02736	hprc_asian	B	4	complete	1	1	0	1
HG02738	SAS	HG02736	hprc_asian	C	2	complete	1	1	1	2
HG02738	SAS	HG02736	hprc_asian	C	4	complete	1	1	1	2
HG02738	SAS	HG02736	hprc_asian	DPA1	2	complete	1	1	1	2
HG02738	SAS	HG02736	hprc_asian	DPA1	4	complete	0	0	0	0
HG02738	SAS	HG02736	hprc_asian	DPB1	2	complete	1	1	1	2
HG02738	SAS	HG02736	hprc_asian	DPB1	4	complete	1	1	1	2
HG02738	SAS	HG02736	hprc_asian	DQA1	2	complete	1	1	1	2
HG02738	SAS	HG02736	hprc_asian	DQA1	4	complete	0	0	0	0
HG02738	SAS	HG02736	hprc_asian	DQB1	2	complete	1	1	1	2
HG02738	SAS	HG02736	hprc_asian	DQB1	4	complete	1	1	1	2
HG02738	SAS	HG02736	hprc_asian	DRB1	2	complete	1	1	1	2
HG02738	SAS	HG02736	hprc_asian	DRB1	4	complete	1	0	0	1
HG02738	SAS	HG02736	ipd_genome	A	2	complete	1	1	1	2
HG02738	SAS	HG02736	ipd_genome	A	4	complete	1	1	1	2
HG02738	SAS	HG02736	ipd_genome	B	2	complete	1	1	1	2
HG02738	SAS	HG02736	ipd_genome	B	4	complete	1	1	1	2
HG02738	SAS	HG02736	ipd_genome	C	2	complete	1	1	1	2
HG02738	SAS	HG02736	ipd_genome	C	4	complete	1	1	1	2
HG02738	SAS	HG02736	ipd_genome	DPA1	2	complete	1	1	1	2
HG02738	SAS	HG02736	ipd_genome	DPA1	4	complete	0	0	0	0
HG02738	SAS	HG02736	ipd_genome	DPB1	2	complete	1	1	1	2
HG02738	SAS	HG02736	ipd_genome	DPB1	4	complete	1	1	1	2
HG02738	SAS	HG02736	ipd_genome	DQA1	2	complete	1	1	1	2
HG02738	SAS	HG02736	ipd_genome	DQA1	4	complete	0	0	0	0
HG02738	SAS	HG02736	ipd_genome	DQB1	2	complete	1	1	1	2
HG02738	SAS	HG02736	ipd_genome	DQB1	4	complete	1	1	1	2
HG02738	SAS	HG02736	ipd_genome	DRB1	2	complete	1	1	1	2
HG02738	SAS	HG02736	ipd_genome	DRB1	4	complete	1	1	0	1
HG02738	SAS	HG02736	genome_hprc	A	2	complete	1	1	1	2
HG02738	SAS	HG02736	genome_hprc	A	4	complete	1	1	1	2
HG02738	SAS	HG02736	genome_hprc	B	2	complete	1	1	1	2
HG02738	SAS	HG02736	genome_hprc	B	4	complete	1	1	0	1
HG02738	SAS	HG02736	genome_hprc	C	2	complete	1	1	1	2
HG02738	SAS	HG02736	genome_hprc	C	4	complete	1	1	0	1
HG02738	SAS	HG02736	genome_hprc	DPA1	2	complete	1	1	1	2
HG02738	SAS	HG02736	genome_hprc	DPA1	4	complete	0	0	0	0
HG02738	SAS	HG02736	genome_hprc	DPB1	2	complete	1	1	1	2
HG02738	SAS	HG02736	genome_hprc	DPB1	4	complete	1	1	1	2
HG02738	SAS	HG02736	genome_hprc	DQA1	2	complete	1	1	1	2
HG02738	SAS	HG02736	genome_hprc	DQA1	4	complete	0	0	0	0
HG02738	SAS	HG02736	genome_hprc	DQB1	2	complete	1	1	1	2
HG02738	SAS	HG02736	genome_hprc	DQB1	4	complete	1	1	1	2
HG02738	SAS	HG02736	genome_hprc	DRB1	2	complete	1	1	1	2
HG02738	SAS	HG02736	genome_hprc	DRB1	4	complete	1	0	0	1
HG02738	SAS	HG02736	genome_hprc_asian	A	2	complete	1	1	1	2
HG02738	SAS	HG02736	genome_hprc_asian	A	4	complete	1	1	1	2
HG02738	SAS	HG02736	genome_hprc_asian	B	2	complete	1	1	1	2
HG02738	SAS	HG02736	genome_hprc_asian	B	4	complete	1	1	0	1
HG02738	SAS	HG02736	genome_hprc_asian	C	2	complete	1	1	1	2
HG02738	SAS	HG02736	genome_hprc_asian	C	4	complete	1	1	1	2
HG02738	SAS	HG02736	genome_hprc_asian	DPA1	2	complete	1	1	1	2
HG02738	SAS	HG02736	genome_hprc_asian	DPA1	4	complete	0	0	0	0
HG02738	SAS	HG02736	genome_hprc_asian	DPB1	2	complete	1	1	1	2
HG02738	SAS	HG02736	genome_hprc_asian	DPB1	4	complete	1	1	1	2
HG02738	SAS	HG02736	genome_hprc_asian	DQA1	2	complete	1	1	1	2
HG02738	SAS	HG02736	genome_hprc_asian	DQA1	4	complete	0	0	0	0
HG02738	SAS	HG02736	genome_hprc_asian	DQB1	2	complete	1	1	1	2
HG02738	SAS	HG02736	genome_hprc_asian	DQB1	4	complete	1	1	1	2
HG02738	SAS	HG02736	genome_hprc_asian	DRB1	2	complete	1	1	1	2
HG02738	SAS	HG02736	genome_hprc_asian	DRB1	4	complete	1	0	0	1
HG03688	SAS	HG03688	T1K	A	2	complete	1	1	1	2
HG03688	SAS	HG03688	T1K	A	4	complete	1	1	1	2
HG03688	SAS	HG03688	T1K	B	2	complete	1	1	1	2
HG03688	SAS	HG03688	T1K	B	4	complete	1	1	0	1
HG03688	SAS	HG03688	T1K	C	2	complete	1	1	1	2
HG03688	SAS	HG03688	T1K	C	4	complete	1	1	0	1
HG03688	SAS	HG03688	T1K	DPA1	2	complete	1	1	1	2
HG03688	SAS	HG03688	T1K	DPA1	4	complete	1	1	0	1
HG03688	SAS	HG03688	T1K	DPB1	2	complete	1	1	1	2
HG03688	SAS	HG03688	T1K	DPB1	4	complete	1	1	0	1
HG03688	SAS	HG03688	T1K	DQA1	2	complete	1	1	1	2
HG03688	SAS	HG03688	T1K	DQA1	4	complete	1	1	1	2
HG03688	SAS	HG03688	T1K	DQB1	2	complete	1	1	1	2
HG03688	SAS	HG03688	T1K	DQB1	4	complete	1	1	1	2
HG03688	SAS	HG03688	T1K	DRB1	2	complete	1	1	1	2
HG03688	SAS	HG03688	T1K	DRB1	4	complete	0	0	0	0
HG03688	SAS	HG03688	hprc	A	2	complete	1	1	0	1
HG03688	SAS	HG03688	hprc	A	4	complete	1	1	0	1
HG03688	SAS	HG03688	hprc	B	2	complete	1	1	0	1
HG03688	SAS	HG03688	hprc	B	4	complete	1	1	0	1
HG03688	SAS	HG03688	hprc	C	2	complete	1	1	1	2
HG03688	SAS	HG03688	hprc	C	4	complete	1	1	0	1
HG03688	SAS	HG03688	hprc	DPA1	2	complete	1	1	0	1
HG03688	SAS	HG03688	hprc	DPA1	4	complete	1	0	0	0
HG03688	SAS	HG03688	hprc	DPB1	2	complete	1	1	1	2
HG03688	SAS	HG03688	hprc	DPB1	4	complete	1	1	0	0
HG03688	SAS	HG03688	hprc	DQA1	2	complete	1	1	1	2
HG03688	SAS	HG03688	hprc	DQA1	4	complete	1	1	0	1
HG03688	SAS	HG03688	hprc	DQB1	2	complete	1	1	1	2
HG03688	SAS	HG03688	hprc	DQB1	4	complete	1	1	1	2
HG03688	SAS	HG03688	hprc	DRB1	2	complete	1	1	1	2
HG03688	SAS	HG03688	hprc	DRB1	4	complete	0	0	0	0
HG03688	SAS	HG03688	hprc_asian	A	2	complete	1	1	1	2
HG03688	SAS	HG03688	hprc_asian	A	4	complete	1	1	1	2
HG03688	SAS	HG03688	hprc_asian	B	2	complete	1	1	1	2
HG03688	SAS	HG03688	hprc_asian	B	4	complete	1	1	0	1
HG03688	SAS	HG03688	hprc_asian	C	2	complete	1	1	1	2
HG03688	SAS	HG03688	hprc_asian	C	4	complete	1	1	0	1
HG03688	SAS	HG03688	hprc_asian	DPA1	2	complete	1	1	1	2
HG03688	SAS	HG03688	hprc_asian	DPA1	4	complete	1	1	0	1
HG03688	SAS	HG03688	hprc_asian	DPB1	2	complete	1	1	1	2
HG03688	SAS	HG03688	hprc_asian	DPB1	4	complete	1	1	1	2
HG03688	SAS	HG03688	hprc_asian	DQA1	2	complete	1	1	1	2
HG03688	SAS	HG03688	hprc_asian	DQA1	4	complete	1	1	1	2
HG03688	SAS	HG03688	hprc_asian	DQB1	2	complete	1	1	1	2
HG03688	SAS	HG03688	hprc_asian	DQB1	4	complete	1	1	1	2
HG03688	SAS	HG03688	hprc_asian	DRB1	2	complete	1	1	1	2
HG03688	SAS	HG03688	hprc_asian	DRB1	4	complete	0	0	0	0
HG03688	SAS	HG03688	ipd_genome	A	2	complete	1	1	1	2
HG03688	SAS	HG03688	ipd_genome	A	4	complete	1	1	1	2
HG03688	SAS	HG03688	ipd_genome	B	2	complete	1	1	1	2
HG03688	SAS	HG03688	ipd_genome	B	4	complete	1	1	0	1
HG03688	SAS	HG03688	ipd_genome	C	2	complete	1	1	1	2
HG03688	SAS	HG03688	ipd_genome	C	4	complete	1	1	1	2
HG03688	SAS	HG03688	ipd_genome	DPA1	2	complete	1	1	1	2
HG03688	SAS	HG03688	ipd_genome	DPA1	4	complete	1	1	0	1
HG03688	SAS	HG03688	ipd_genome	DPB1	2	complete	1	1	1	2
HG03688	SAS	HG03688	ipd_genome	DPB1	4	complete	1	1	1	2
HG03688	SAS	HG03688	ipd_genome	DQA1	2	complete	1	1	1	2
HG03688	SAS	HG03688	ipd_genome	DQA1	4	complete	1	1	1	2
HG03688	SAS	HG03688	ipd_genome	DQB1	2	complete	1	1	1	2
HG03688	SAS	HG03688	ipd_genome	DQB1	4	complete	1	1	1	2
HG03688	SAS	HG03688	ipd_genome	DRB1	2	complete	1	1	1	2
HG03688	SAS	HG03688	ipd_genome	DRB1	4	complete	0	0	0	0
HG03688	SAS	HG03688	genome_hprc	A	2	complete	1	1	0	1
HG03688	SAS	HG03688	genome_hprc	A	4	complete	1	1	0	1
HG03688	SAS	HG03688	genome_hprc	B	2	complete	1	1	1	2
HG03688	SAS	HG03688	genome_hprc	B	4	complete	1	1	1	2
HG03688	SAS	HG03688	genome_hprc	C	2	complete	1	1	1	2
HG03688	SAS	HG03688	genome_hprc	C	4	complete	1	1	0	1
HG03688	SAS	HG03688	genome_hprc	DPA1	2	complete	1	1	1	2
HG03688	SAS	HG03688	genome_hprc	DPA1	4	complete	1	1	0	1
HG03688	SAS	HG03688	genome_hprc	DPB1	2	complete	1	1	1	2
HG03688	SAS	HG03688	genome_hprc	DPB1	4	complete	1	1	0	1
HG03688	SAS	HG03688	genome_hprc	DQA1	2	complete	1	1	1	2
HG03688	SAS	HG03688	genome_hprc	DQA1	4	complete	1	1	0	1
HG03688	SAS	HG03688	genome_hprc	DQB1	2	complete	1	1	1	2
HG03688	SAS	HG03688	genome_hprc	DQB1	4	complete	1	1	1	2
HG03688	SAS	HG03688	genome_hprc	DRB1	2	complete	1	1	1	2
HG03688	SAS	HG03688	genome_hprc	DRB1	4	complete	0	0	0	0
HG03688	SAS	HG03688	genome_hprc_asian	A	2	complete	1	1	1	2
HG03688	SAS	HG03688	genome_hprc_asian	A	4	complete	1	1	1	2
HG03688	SAS	HG03688	genome_hprc_asian	B	2	complete	1	1	1	2
HG03688	SAS	HG03688	genome_hprc_asian	B	4	complete	1	1	0	1
HG03688	SAS	HG03688	genome_hprc_asian	C	2	complete	1	1	1	2
HG03688	SAS	HG03688	genome_hprc_asian	C	4	complete	1	1	0	1
HG03688	SAS	HG03688	genome_hprc_asian	DPA1	2	complete	1	1	1	2
HG03688	SAS	HG03688	genome_hprc_asian	DPA1	4	complete	1	1	0	1
HG03688	SAS	HG03688	genome_hprc_asian	DPB1	2	complete	1	1	1	2
HG03688	SAS	HG03688	genome_hprc_asian	DPB1	4	complete	1	1	1	2
HG03688	SAS	HG03688	genome_hprc_asian	DQA1	2	complete	1	1	1	2
HG03688	SAS	HG03688	genome_hprc_asian	DQA1	4	complete	1	1	1	2
HG03688	SAS	HG03688	genome_hprc_asian	DQB1	2	complete	1	1	1	2
HG03688	SAS	HG03688	genome_hprc_asian	DQB1	4	complete	1	1	1	2
HG03688	SAS	HG03688	genome_hprc_asian	DRB1	2	complete	1	1	1	2
HG03688	SAS	HG03688	genome_hprc_asian	DRB1	4	complete	0	0	0	0
HG03927	SAS	HG03925	T1K	A	2	complete	1	1	1	2
HG03927	SAS	HG03925	T1K	A	4	complete	1	1	1	2
HG03927	SAS	HG03925	T1K	B	2	complete	1	1	1	2
HG03927	SAS	HG03925	T1K	B	4	complete	1	1	1	2
HG03927	SAS	HG03925	T1K	C	2	complete	1	1	1	2
HG03927	SAS	HG03925	T1K	C	4	complete	1	1	1	2
HG03927	SAS	HG03925	T1K	DPA1	2	complete	1	1	1	2
HG03927	SAS	HG03925	T1K	DPA1	4	complete	1	1	1	2
HG03927	SAS	HG03925	T1K	DPB1	2	complete	1	1	1	2
HG03927	SAS	HG03925	T1K	DPB1	4	complete	1	1	0	1
HG03927	SAS	HG03925	T1K	DQA1	2	complete	1	1	1	2
HG03927	SAS	HG03925	T1K	DQA1	4	complete	0	0	0	0
HG03927	SAS	HG03925	T1K	DQB1	2	complete	1	1	1	2
HG03927	SAS	HG03925	T1K	DQB1	4	complete	1	1	1	2
HG03927	SAS	HG03925	T1K	DRB1	2	complete	1	1	1	2
HG03927	SAS	HG03925	T1K	DRB1	4	complete	0	0	0	0
HG03927	SAS	HG03925	hprc	A	2	complete	1	1	1	2
HG03927	SAS	HG03925	hprc	A	4	complete	1	1	1	2
HG03927	SAS	HG03925	hprc	B	2	complete	1	1	0	0
HG03927	SAS	HG03925	hprc	B	4	complete	1	1	0	0
HG03927	SAS	HG03925	hprc	C	2	complete	1	1	0	1
HG03927	SAS	HG03925	hprc	C	4	complete	1	1	0	1
HG03927	SAS	HG03925	hprc	DPA1	2	complete	1	1	1	2
HG03927	SAS	HG03925	hprc	DPA1	4	complete	1	1	1	2
HG03927	SAS	HG03925	hprc	DPB1	2	complete	1	1	1	2
HG03927	SAS	HG03925	hprc	DPB1	4	complete	1	1	0	1
HG03927	SAS	HG03925	hprc	DQA1	2	complete	1	1	1	2
HG03927	SAS	HG03925	hprc	DQA1	4	complete	0	0	0	0
HG03927	SAS	HG03925	hprc	DQB1	2	complete	1	1	1	2
HG03927	SAS	HG03925	hprc	DQB1	4	complete	1	1	0	1
HG03927	SAS	HG03925	hprc	DRB1	2	complete	1	1	0	1
HG03927	SAS	HG03925	hprc	DRB1	4	complete	0	0	0	0
HG03927	SAS	HG03925	hprc_asian	A	2	complete	1	1	1	2
HG03927	SAS	HG03925	hprc_asian	A	4	complete	1	1	1	2
HG03927	SAS	HG03925	hprc_asian	B	2	complete	1	1	0	1
HG03927	SAS	HG03925	hprc_asian	B	4	complete	1	1	0	1
HG03927	SAS	HG03925	hprc_asian	C	2	complete	1	1	1	2
HG03927	SAS	HG03925	hprc_asian	C	4	complete	1	1	1	2
HG03927	SAS	HG03925	hprc_asian	DPA1	2	complete	1	1	1	2
HG03927	SAS	HG03925	hprc_asian	DPA1	4	complete	1	1	1	2
HG03927	SAS	HG03925	hprc_asian	DPB1	2	complete	1	1	1	2
HG03927	SAS	HG03925	hprc_asian	DPB1	4	complete	1	1	1	2
HG03927	SAS	HG03925	hprc_asian	DQA1	2	complete	1	1	1	2
HG03927	SAS	HG03925	hprc_asian	DQA1	4	complete	0	0	0	0
HG03927	SAS	HG03925	hprc_asian	DQB1	2	complete	1	1	1	2
HG03927	SAS	HG03925	hprc_asian	DQB1	4	complete	1	1	1	2
HG03927	SAS	HG03925	hprc_asian	DRB1	2	complete	1	1	1	2
HG03927	SAS	HG03925	hprc_asian	DRB1	4	complete	0	0	0	0
HG03927	SAS	HG03925	ipd_genome	A	2	complete	1	1	1	2
HG03927	SAS	HG03925	ipd_genome	A	4	complete	1	1	1	2
HG03927	SAS	HG03925	ipd_genome	B	2	complete	1	1	0	1
HG03927	SAS	HG03925	ipd_genome	B	4	complete	1	0	0	1
HG03927	SAS	HG03925	ipd_genome	C	2	complete	1	1	1	2
HG03927	SAS	HG03925	ipd_genome	C	4	complete	1	1	1	2
HG03927	SAS	HG03925	ipd_genome	DPA1	2	complete	1	1	1	2
HG03927	SAS	HG03925	ipd_genome	DPA1	4	complete	1	1	1	2
HG03927	SAS	HG03925	ipd_genome	DPB1	2	complete	1	1	1	2
HG03927	SAS	HG03925	ipd_genome	DPB1	4	complete	1	1	1	2
HG03927	SAS	HG03925	ipd_genome	DQA1	2	complete	1	1	1	2
HG03927	SAS	HG03925	ipd_genome	DQA1	4	complete	0	0	0	0
HG03927	SAS	HG03925	ipd_genome	DQB1	2	complete	1	1	1	2
HG03927	SAS	HG03925	ipd_genome	DQB1	4	complete	1	1	1	2
HG03927	SAS	HG03925	ipd_genome	DRB1	2	complete	1	1	1	2
HG03927	SAS	HG03925	ipd_genome	DRB1	4	complete	0	0	0	0
HG03927	SAS	HG03925	genome_hprc	A	2	complete	1	1	1	2
HG03927	SAS	HG03925	genome_hprc	A	4	complete	1	1	1	2
HG03927	SAS	HG03925	genome_hprc	B	2	complete	1	1	0	1
HG03927	SAS	HG03925	genome_hprc	B	4	complete	1	0	0	0
HG03927	SAS	HG03925	genome_hprc	C	2	complete	1	1	0	1
HG03927	SAS	HG03925	genome_hprc	C	4	complete	1	1	0	1
HG03927	SAS	HG03925	genome_hprc	DPA1	2	complete	1	1	1	2
HG03927	SAS	HG03925	genome_hprc	DPA1	4	complete	1	1	1	2
HG03927	SAS	HG03925	genome_hprc	DPB1	2	complete	1	1	1	2
HG03927	SAS	HG03925	genome_hprc	DPB1	4	complete	1	1	1	2
HG03927	SAS	HG03925	genome_hprc	DQA1	2	complete	1	1	1	2
HG03927	SAS	HG03925	genome_hprc	DQA1	4	complete	0	0	0	0
HG03927	SAS	HG03925	genome_hprc	DQB1	2	complete	1	1	1	2
HG03927	SAS	HG03925	genome_hprc	DQB1	4	complete	1	1	0	1
HG03927	SAS	HG03925	genome_hprc	DRB1	2	complete	1	1	1	2
HG03927	SAS	HG03925	genome_hprc	DRB1	4	complete	0	0	0	0
HG03927	SAS	HG03925	genome_hprc_asian	A	2	complete	1	1	1	2
HG03927	SAS	HG03925	genome_hprc_asian	A	4	complete	1	1	1	2
HG03927	SAS	HG03925	genome_hprc_asian	B	2	complete	1	1	0	1
HG03927	SAS	HG03925	genome_hprc_asian	B	4	complete	1	1	0	1
HG03927	SAS	HG03925	genome_hprc_asian	C	2	complete	1	1	1	2
HG03927	SAS	HG03925	genome_hprc_asian	C	4	complete	1	1	1	2
HG03927	SAS	HG03925	genome_hprc_asian	DPA1	2	complete	1	1	1	2
HG03927	SAS	HG03925	genome_hprc_asian	DPA1	4	complete	1	1	1	2
HG03927	SAS	HG03925	genome_hprc_asian	DPB1	2	complete	1	1	1	2
HG03927	SAS	HG03925	genome_hprc_asian	DPB1	4	complete	1	1	1	2
HG03927	SAS	HG03925	genome_hprc_asian	DQA1	2	complete	1	1	1	2
HG03927	SAS	HG03925	genome_hprc_asian	DQA1	4	complete	0	0	0	0
HG03927	SAS	HG03925	genome_hprc_asian	DQB1	2	complete	1	1	1	2
HG03927	SAS	HG03925	genome_hprc_asian	DQB1	4	complete	1	1	1	2
HG03927	SAS	HG03925	genome_hprc_asian	DRB1	2	complete	1	1	1	2
HG03927	SAS	HG03925	genome_hprc_asian	DRB1	4	complete	0	0	0	0
NA18952	EAS	NA18952	T1K	A	2	complete	1	1	1	2
NA18952	EAS	NA18952	T1K	A	4	complete	1	1	1	2
NA18952	EAS	NA18952	T1K	B	2	complete	1	1	1	2
NA18952	EAS	NA18952	T1K	B	4	complete	1	1	0	1
NA18952	EAS	NA18952	T1K	C	2	complete	1	1	1	2
NA18952	EAS	NA18952	T1K	C	4	complete	1	1	1	2
NA18952	EAS	NA18952	T1K	DPA1	2	complete	1	1	1	2
NA18952	EAS	NA18952	T1K	DPA1	4	complete	0	0	0	0
NA18952	EAS	NA18952	T1K	DPB1	2	complete	1	1	1	2
NA18952	EAS	NA18952	T1K	DPB1	4	complete	0	0	0	0
NA18952	EAS	NA18952	T1K	DQA1	2	complete	1	1	1	2
NA18952	EAS	NA18952	T1K	DQA1	4	complete	1	1	0	1
NA18952	EAS	NA18952	T1K	DQB1	2	complete	1	1	1	2
NA18952	EAS	NA18952	T1K	DQB1	4	complete	1	1	0	1
NA18952	EAS	NA18952	T1K	DRB1	2	complete	1	1	1	2
NA18952	EAS	NA18952	T1K	DRB1	4	complete	0	0	0	0
NA18952	EAS	NA18952	hprc	A	2	complete	1	1	1	2
NA18952	EAS	NA18952	hprc	A	4	complete	1	1	1	2
NA18952	EAS	NA18952	hprc	B	2	complete	1	1	1	2
NA18952	EAS	NA18952	hprc	B	4	complete	1	1	1	2
NA18952	EAS	NA18952	hprc	C	2	complete	1	1	1	2
NA18952	EAS	NA18952	hprc	C	4	complete	1	1	1	2
NA18952	EAS	NA18952	hprc	DPA1	2	complete	1	1	1	2
NA18952	EAS	NA18952	hprc	DPA1	4	complete	0	0	0	0
NA18952	EAS	NA18952	hprc	DPB1	2	complete	1	1	0	1
NA18952	EAS	NA18952	hprc	DPB1	4	complete	0	0	0	0
NA18952	EAS	NA18952	hprc	DQA1	2	complete	1	1	1	2
NA18952	EAS	NA18952	hprc	DQA1	4	complete	1	1	0	1
NA18952	EAS	NA18952	hprc	DQB1	2	complete	1	1	1	2
NA18952	EAS	NA18952	hprc	DQB1	4	complete	1	1	0	0
NA18952	EAS	NA18952	hprc	DRB1	2	complete	1	1	1	2
NA18952	EAS	NA18952	hprc	DRB1	4	complete	0	0	0	0
NA18952	EAS	NA18952	hprc_asian	A	2	complete	1	1	1	2
NA18952	EAS	NA18952	hprc_asian	A	4	complete	1	1	1	2
NA18952	EAS	NA18952	hprc_asian	B	2	complete	1	1	1	2
NA18952	EAS	NA18952	hprc_asian	B	4	complete	1	1	1	2
NA18952	EAS	NA18952	hprc_asian	C	2	complete	1	1	1	2
NA18952	EAS	NA18952	hprc_asian	C	4	complete	1	1	1	2
NA18952	EAS	NA18952	hprc_asian	DPA1	2	complete	1	1	1	2
NA18952	EAS	NA18952	hprc_asian	DPA1	4	complete	0	0	0	0
NA18952	EAS	NA18952	hprc_asian	DPB1	2	complete	1	1	1	2
NA18952	EAS	NA18952	hprc_asian	DPB1	4	complete	0	0	0	0
NA18952	EAS	NA18952	hprc_asian	DQA1	2	complete	1	1	1	2
NA18952	EAS	NA18952	hprc_asian	DQA1	4	complete	1	1	0	1
NA18952	EAS	NA18952	hprc_asian	DQB1	2	complete	1	1	1	2
NA18952	EAS	NA18952	hprc_asian	DQB1	4	complete	1	1	1	2
NA18952	EAS	NA18952	hprc_asian	DRB1	2	complete	1	1	1	2
NA18952	EAS	NA18952	hprc_asian	DRB1	4	complete	0	0	0	0
NA18952	EAS	NA18952	ipd_genome	A	2	complete	1	1	1	2
NA18952	EAS	NA18952	ipd_genome	A	4	complete	1	1	1	2
NA18952	EAS	NA18952	ipd_genome	B	2	complete	1	1	1	2
NA18952	EAS	NA18952	ipd_genome	B	4	complete	1	1	1	2
NA18952	EAS	NA18952	ipd_genome	C	2	complete	1	1	1	2
NA18952	EAS	NA18952	ipd_genome	C	4	complete	1	1	1	2
NA18952	EAS	NA18952	ipd_genome	DPA1	2	complete	1	1	1	2
NA18952	EAS	NA18952	ipd_genome	DPA1	4	complete	0	0	0	0
NA18952	EAS	NA18952	ipd_genome	DPB1	2	complete	1	1	1	2
NA18952	EAS	NA18952	ipd_genome	DPB1	4	complete	0	0	0	0
NA18952	EAS	NA18952	ipd_genome	DQA1	2	complete	1	1	1	2
NA18952	EAS	NA18952	ipd_genome	DQA1	4	complete	1	1	1	2
NA18952	EAS	NA18952	ipd_genome	DQB1	2	complete	1	1	1	2
NA18952	EAS	NA18952	ipd_genome	DQB1	4	complete	1	1	1	2
NA18952	EAS	NA18952	ipd_genome	DRB1	2	complete	1	1	1	2
NA18952	EAS	NA18952	ipd_genome	DRB1	4	complete	0	0	0	0
NA18952	EAS	NA18952	genome_hprc	A	2	complete	1	1	1	2
NA18952	EAS	NA18952	genome_hprc	A	4	complete	1	1	1	2
NA18952	EAS	NA18952	genome_hprc	B	2	complete	1	1	1	2
NA18952	EAS	NA18952	genome_hprc	B	4	complete	1	1	1	2
NA18952	EAS	NA18952	genome_hprc	C	2	complete	1	1	1	2
NA18952	EAS	NA18952	genome_hprc	C	4	complete	1	1	1	2
NA18952	EAS	NA18952	genome_hprc	DPA1	2	complete	1	1	1	2
NA18952	EAS	NA18952	genome_hprc	DPA1	4	complete	0	0	0	0
NA18952	EAS	NA18952	genome_hprc	DPB1	2	complete	1	1	1	2
NA18952	EAS	NA18952	genome_hprc	DPB1	4	complete	0	0	0	0
NA18952	EAS	NA18952	genome_hprc	DQA1	2	complete	1	1	1	2
NA18952	EAS	NA18952	genome_hprc	DQA1	4	complete	1	1	1	2
NA18952	EAS	NA18952	genome_hprc	DQB1	2	complete	1	1	1	2
NA18952	EAS	NA18952	genome_hprc	DQB1	4	complete	1	1	0	0
NA18952	EAS	NA18952	genome_hprc	DRB1	2	complete	1	1	1	2
NA18952	EAS	NA18952	genome_hprc	DRB1	4	complete	0	0	0	0
NA18952	EAS	NA18952	genome_hprc_asian	A	2	complete	1	1	1	2
NA18952	EAS	NA18952	genome_hprc_asian	A	4	complete	1	1	1	2
NA18952	EAS	NA18952	genome_hprc_asian	B	2	complete	1	1	1	2
NA18952	EAS	NA18952	genome_hprc_asian	B	4	complete	1	1	1	2
NA18952	EAS	NA18952	genome_hprc_asian	C	2	complete	1	1	1	2
NA18952	EAS	NA18952	genome_hprc_asian	C	4	complete	1	1	1	2
NA18952	EAS	NA18952	genome_hprc_asian	DPA1	2	complete	1	1	1	2
NA18952	EAS	NA18952	genome_hprc_asian	DPA1	4	complete	0	0	0	0
NA18952	EAS	NA18952	genome_hprc_asian	DPB1	2	complete	1	1	1	2
NA18952	EAS	NA18952	genome_hprc_asian	DPB1	4	complete	0	0	0	0
NA18952	EAS	NA18952	genome_hprc_asian	DQA1	2	complete	1	1	1	2
NA18952	EAS	NA18952	genome_hprc_asian	DQA1	4	complete	1	1	1	2
NA18952	EAS	NA18952	genome_hprc_asian	DQB1	2	complete	1	1	1	2
NA18952	EAS	NA18952	genome_hprc_asian	DQB1	4	complete	1	1	1	2
NA18952	EAS	NA18952	genome_hprc_asian	DRB1	2	complete	1	1	1	2
NA18952	EAS	NA18952	genome_hprc_asian	DRB1	4	complete	0	0	0	0
NA21106	SAS	NA21106	T1K	A	2	complete	1	1	1	2
NA21106	SAS	NA21106	T1K	A	4	complete	1	1	1	2
NA21106	SAS	NA21106	T1K	B	2	complete	1	1	1	2
NA21106	SAS	NA21106	T1K	B	4	complete	1	1	0	1
NA21106	SAS	NA21106	T1K	C	2	complete	1	1	1	2
NA21106	SAS	NA21106	T1K	C	4	complete	1	1	1	2
NA21106	SAS	NA21106	T1K	DPA1	2	complete	1	1	1	2
NA21106	SAS	NA21106	T1K	DPA1	4	complete	1	1	1	2
NA21106	SAS	NA21106	T1K	DPB1	2	complete	1	1	1	2
NA21106	SAS	NA21106	T1K	DPB1	4	complete	0	0	0	0
NA21106	SAS	NA21106	T1K	DQA1	2	complete	1	1	1	2
NA21106	SAS	NA21106	T1K	DQA1	4	complete	1	1	1	2
NA21106	SAS	NA21106	T1K	DQB1	2	complete	1	1	1	2
NA21106	SAS	NA21106	T1K	DQB1	4	complete	1	1	1	2
NA21106	SAS	NA21106	T1K	DRB1	2	complete	1	1	1	2
NA21106	SAS	NA21106	T1K	DRB1	4	complete	0	0	0	0
NA21106	SAS	NA21106	hprc	A	2	complete	1	1	1	2
NA21106	SAS	NA21106	hprc	A	4	complete	1	1	1	2
NA21106	SAS	NA21106	hprc	B	2	complete	1	1	0	0
NA21106	SAS	NA21106	hprc	B	4	complete	1	1	0	0
NA21106	SAS	NA21106	hprc	C	2	complete	1	1	1	2
NA21106	SAS	NA21106	hprc	C	4	complete	1	1	1	2
NA21106	SAS	NA21106	hprc	DPA1	2	complete	1	1	1	2
NA21106	SAS	NA21106	hprc	DPA1	4	complete	1	1	1	2
NA21106	SAS	NA21106	hprc	DPB1	2	complete	1	1	1	2
NA21106	SAS	NA21106	hprc	DPB1	4	complete	0	0	0	0
NA21106	SAS	NA21106	hprc	DQA1	2	complete	1	1	0	1
NA21106	SAS	NA21106	hprc	DQA1	4	complete	1	0	0	0
NA21106	SAS	NA21106	hprc	DQB1	2	complete	1	1	1	2
NA21106	SAS	NA21106	hprc	DQB1	4	complete	1	1	1	2
NA21106	SAS	NA21106	hprc	DRB1	2	complete	1	1	0	1
NA21106	SAS	NA21106	hprc	DRB1	4	complete	0	0	0	0
NA21106	SAS	NA21106	hprc_asian	A	2	complete	1	1	1	2
NA21106	SAS	NA21106	hprc_asian	A	4	complete	1	1	1	2
NA21106	SAS	NA21106	hprc_asian	B	2	complete	1	1	1	2
NA21106	SAS	NA21106	hprc_asian	B	4	complete	1	1	1	2
NA21106	SAS	NA21106	hprc_asian	C	2	complete	1	1	1	2
NA21106	SAS	NA21106	hprc_asian	C	4	complete	1	1	1	2
NA21106	SAS	NA21106	hprc_asian	DPA1	2	complete	1	1	1	2
NA21106	SAS	NA21106	hprc_asian	DPA1	4	complete	1	1	1	2
NA21106	SAS	NA21106	hprc_asian	DPB1	2	complete	1	1	1	2
NA21106	SAS	NA21106	hprc_asian	DPB1	4	complete	0	0	0	0
NA21106	SAS	NA21106	hprc_asian	DQA1	2	complete	1	1	1	2
NA21106	SAS	NA21106	hprc_asian	DQA1	4	complete	1	1	1	2
NA21106	SAS	NA21106	hprc_asian	DQB1	2	complete	1	1	1	2
NA21106	SAS	NA21106	hprc_asian	DQB1	4	complete	1	1	1	2
NA21106	SAS	NA21106	hprc_asian	DRB1	2	complete	1	1	1	2
NA21106	SAS	NA21106	hprc_asian	DRB1	4	complete	0	0	0	0
NA21106	SAS	NA21106	ipd_genome	A	2	complete	1	1	1	2
NA21106	SAS	NA21106	ipd_genome	A	4	complete	1	1	1	2
NA21106	SAS	NA21106	ipd_genome	B	2	complete	1	1	1	2
NA21106	SAS	NA21106	ipd_genome	B	4	complete	1	1	1	2
NA21106	SAS	NA21106	ipd_genome	C	2	complete	1	1	1	2
NA21106	SAS	NA21106	ipd_genome	C	4	complete	1	1	1	2
NA21106	SAS	NA21106	ipd_genome	DPA1	2	complete	1	1	1	2
NA21106	SAS	NA21106	ipd_genome	DPA1	4	complete	1	1	1	2
NA21106	SAS	NA21106	ipd_genome	DPB1	2	complete	1	1	1	2
NA21106	SAS	NA21106	ipd_genome	DPB1	4	complete	0	0	0	0
NA21106	SAS	NA21106	ipd_genome	DQA1	2	complete	1	1	1	2
NA21106	SAS	NA21106	ipd_genome	DQA1	4	complete	1	1	1	2
NA21106	SAS	NA21106	ipd_genome	DQB1	2	complete	1	1	1	2
NA21106	SAS	NA21106	ipd_genome	DQB1	4	complete	1	1	1	2
NA21106	SAS	NA21106	ipd_genome	DRB1	2	complete	1	1	1	2
NA21106	SAS	NA21106	ipd_genome	DRB1	4	complete	0	0	0	0
NA21106	SAS	NA21106	genome_hprc	A	2	complete	1	1	1	2
NA21106	SAS	NA21106	genome_hprc	A	4	complete	1	1	1	2
NA21106	SAS	NA21106	genome_hprc	B	2	complete	1	1	0	0
NA21106	SAS	NA21106	genome_hprc	B	4	complete	1	1	0	0
NA21106	SAS	NA21106	genome_hprc	C	2	complete	1	1	1	2
NA21106	SAS	NA21106	genome_hprc	C	4	complete	1	1	1	2
NA21106	SAS	NA21106	genome_hprc	DPA1	2	complete	1	1	1	2
NA21106	SAS	NA21106	genome_hprc	DPA1	4	complete	1	1	1	2
NA21106	SAS	NA21106	genome_hprc	DPB1	2	complete	1	1	1	2
NA21106	SAS	NA21106	genome_hprc	DPB1	4	complete	0	0	0	0
NA21106	SAS	NA21106	genome_hprc	DQA1	2	complete	1	1	0	1
NA21106	SAS	NA21106	genome_hprc	DQA1	4	complete	1	1	0	0
NA21106	SAS	NA21106	genome_hprc	DQB1	2	complete	1	1	1	2
NA21106	SAS	NA21106	genome_hprc	DQB1	4	complete	1	1	1	2
NA21106	SAS	NA21106	genome_hprc	DRB1	2	complete	1	1	0	1
NA21106	SAS	NA21106	genome_hprc	DRB1	4	complete	0	0	0	0
NA21106	SAS	NA21106	genome_hprc_asian	A	2	complete	1	1	1	2
NA21106	SAS	NA21106	genome_hprc_asian	A	4	complete	1	1	1	2
NA21106	SAS	NA21106	genome_hprc_asian	B	2	complete	1	1	1	2
NA21106	SAS	NA21106	genome_hprc_asian	B	4	complete	1	1	1	2
NA21106	SAS	NA21106	genome_hprc_asian	C	2	complete	1	1	1	2
NA21106	SAS	NA21106	genome_hprc_asian	C	4	complete	1	1	1	2
NA21106	SAS	NA21106	genome_hprc_asian	DPA1	2	complete	1	1	1	2
NA21106	SAS	NA21106	genome_hprc_asian	DPA1	4	complete	1	1	1	2
NA21106	SAS	NA21106	genome_hprc_asian	DPB1	2	complete	1	1	1	2
NA21106	SAS	NA21106	genome_hprc_asian	DPB1	4	complete	0	0	0	0
NA21106	SAS	NA21106	genome_hprc_asian	DQA1	2	complete	1	1	1	2
NA21106	SAS	NA21106	genome_hprc_asian	DQA1	4	complete	1	1	1	2
NA21106	SAS	NA21106	genome_hprc_asian	DQB1	2	complete	1	1	1	2
NA21106	SAS	NA21106	genome_hprc_asian	DQB1	4	complete	1	1	1	2
NA21106	SAS	NA21106	genome_hprc_asian	DRB1	2	complete	1	1	1	2
NA21106	SAS	NA21106	genome_hprc_asian	DRB1	4	complete	0	0	0	0
HG00609	EAS	HG00607	T1K	A	2	complete	1	1	1	2
HG00609	EAS	HG00607	T1K	A	4	complete	1	1	1	2
HG00609	EAS	HG00607	T1K	B	2	complete	1	1	1	2
HG00609	EAS	HG00607	T1K	B	4	complete	1	1	0	1
HG00609	EAS	HG00607	T1K	C	2	complete	1	1	1	2
HG00609	EAS	HG00607	T1K	C	4	complete	1	1	0	0
HG00609	EAS	HG00607	T1K	DPA1	2	complete	1	1	1	2
HG00609	EAS	HG00607	T1K	DPA1	4	complete	0	0	0	0
HG00609	EAS	HG00607	T1K	DPB1	2	complete	1	1	1	2
HG00609	EAS	HG00607	T1K	DPB1	4	complete	0	0	0	0
HG00609	EAS	HG00607	T1K	DQA1	2	complete	1	1	1	2
HG00609	EAS	HG00607	T1K	DQA1	4	complete	1	1	0	1
HG00609	EAS	HG00607	T1K	DQB1	2	complete	1	1	1	2
HG00609	EAS	HG00607	T1K	DQB1	4	complete	1	1	1	2
HG00609	EAS	HG00607	T1K	DRB1	2	complete	1	1	1	2
HG00609	EAS	HG00607	T1K	DRB1	4	complete	0	0	0	0
HG00609	EAS	HG00607	hprc	A	2	complete	1	1	1	2
HG00609	EAS	HG00607	hprc	A	4	complete	1	1	1	2
HG00609	EAS	HG00607	hprc	B	2	complete	1	1	1	2
HG00609	EAS	HG00607	hprc	B	4	complete	1	1	1	2
HG00609	EAS	HG00607	hprc	C	2	complete	1	1	1	2
HG00609	EAS	HG00607	hprc	C	4	complete	1	1	0	1
HG00609	EAS	HG00607	hprc	DPA1	2	complete	1	1	1	2
HG00609	EAS	HG00607	hprc	DPA1	4	complete	0	0	0	0
HG00609	EAS	HG00607	hprc	DPB1	2	complete	1	1	1	2
HG00609	EAS	HG00607	hprc	DPB1	4	complete	0	0	0	0
HG00609	EAS	HG00607	hprc	DQA1	2	complete	1	1	1	2
HG00609	EAS	HG00607	hprc	DQA1	4	complete	1	1	0	1
HG00609	EAS	HG00607	hprc	DQB1	2	complete	1	1	1	2
HG00609	EAS	HG00607	hprc	DQB1	4	complete	1	1	1	2
HG00609	EAS	HG00607	hprc	DRB1	2	complete	1	1	0	1
HG00609	EAS	HG00607	hprc	DRB1	4	complete	0	0	0	0
HG00609	EAS	HG00607	hprc_asian	A	2	complete	1	1	1	2
HG00609	EAS	HG00607	hprc_asian	A	4	complete	1	1	1	2
HG00609	EAS	HG00607	hprc_asian	B	2	complete	1	1	1	2
HG00609	EAS	HG00607	hprc_asian	B	4	complete	1	1	1	2
HG00609	EAS	HG00607	hprc_asian	C	2	complete	1	1	1	2
HG00609	EAS	HG00607	hprc_asian	C	4	complete	1	1	1	2
HG00609	EAS	HG00607	hprc_asian	DPA1	2	complete	1	1	1	2
HG00609	EAS	HG00607	hprc_asian	DPA1	4	complete	0	0	0	0
HG00609	EAS	HG00607	hprc_asian	DPB1	2	complete	1	1	1	2
HG00609	EAS	HG00607	hprc_asian	DPB1	4	complete	0	0	0	0
HG00609	EAS	HG00607	hprc_asian	DQA1	2	complete	1	1	1	2
HG00609	EAS	HG00607	hprc_asian	DQA1	4	complete	1	1	0	1
HG00609	EAS	HG00607	hprc_asian	DQB1	2	complete	1	1	1	2
HG00609	EAS	HG00607	hprc_asian	DQB1	4	complete	1	1	1	2
HG00609	EAS	HG00607	hprc_asian	DRB1	2	complete	1	1	1	2
HG00609	EAS	HG00607	hprc_asian	DRB1	4	complete	0	0	0	0
HG00609	EAS	HG00607	ipd_genome	A	2	complete	1	1	1	2
HG00609	EAS	HG00607	ipd_genome	A	4	complete	1	1	1	2
HG00609	EAS	HG00607	ipd_genome	B	2	complete	1	1	1	2
HG00609	EAS	HG00607	ipd_genome	B	4	complete	1	1	1	2
HG00609	EAS	HG00607	ipd_genome	C	2	complete	1	1	1	2
HG00609	EAS	HG00607	ipd_genome	C	4	complete	1	1	1	2
HG00609	EAS	HG00607	ipd_genome	DPA1	2	complete	1	1	1	2
HG00609	EAS	HG00607	ipd_genome	DPA1	4	complete	0	0	0	0
HG00609	EAS	HG00607	ipd_genome	DPB1	2	complete	1	1	1	2
HG00609	EAS	HG00607	ipd_genome	DPB1	4	complete	0	0	0	0
HG00609	EAS	HG00607	ipd_genome	DQA1	2	complete	1	1	1	2
HG00609	EAS	HG00607	ipd_genome	DQA1	4	complete	1	1	1	2
HG00609	EAS	HG00607	ipd_genome	DQB1	2	complete	1	1	1	2
HG00609	EAS	HG00607	ipd_genome	DQB1	4	complete	1	1	1	2
HG00609	EAS	HG00607	ipd_genome	DRB1	2	complete	1	1	1	2
HG00609	EAS	HG00607	ipd_genome	DRB1	4	complete	0	0	0	0
HG00609	EAS	HG00607	genome_hprc	A	2	complete	1	1	1	2
HG00609	EAS	HG00607	genome_hprc	A	4	complete	1	1	1	2
HG00609	EAS	HG00607	genome_hprc	B	2	complete	1	1	1	2
HG00609	EAS	HG00607	genome_hprc	B	4	complete	1	1	1	2
HG00609	EAS	HG00607	genome_hprc	C	2	complete	1	1	1	2
HG00609	EAS	HG00607	genome_hprc	C	4	complete	1	1	0	1
HG00609	EAS	HG00607	genome_hprc	DPA1	2	complete	1	1	1	2
HG00609	EAS	HG00607	genome_hprc	DPA1	4	complete	0	0	0	0
HG00609	EAS	HG00607	genome_hprc	DPB1	2	complete	1	1	1	2
HG00609	EAS	HG00607	genome_hprc	DPB1	4	complete	0	0	0	0
HG00609	EAS	HG00607	genome_hprc	DQA1	2	complete	1	1	1	2
HG00609	EAS	HG00607	genome_hprc	DQA1	4	complete	1	1	1	2
HG00609	EAS	HG00607	genome_hprc	DQB1	2	complete	1	1	1	2
HG00609	EAS	HG00607	genome_hprc	DQB1	4	complete	1	1	1	2
HG00609	EAS	HG00607	genome_hprc	DRB1	2	complete	1	1	1	2
HG00609	EAS	HG00607	genome_hprc	DRB1	4	complete	0	0	0	0
HG00609	EAS	HG00607	genome_hprc_asian	A	2	complete	1	1	1	2
HG00609	EAS	HG00607	genome_hprc_asian	A	4	complete	1	1	1	2
HG00609	EAS	HG00607	genome_hprc_asian	B	2	complete	1	1	1	2
HG00609	EAS	HG00607	genome_hprc_asian	B	4	complete	1	1	1	2
HG00609	EAS	HG00607	genome_hprc_asian	C	2	complete	1	1	1	2
HG00609	EAS	HG00607	genome_hprc_asian	C	4	complete	1	1	1	2
HG00609	EAS	HG00607	genome_hprc_asian	DPA1	2	complete	1	1	1	2
HG00609	EAS	HG00607	genome_hprc_asian	DPA1	4	complete	0	0	0	0
HG00609	EAS	HG00607	genome_hprc_asian	DPB1	2	complete	1	1	1	2
HG00609	EAS	HG00607	genome_hprc_asian	DPB1	4	complete	0	0	0	0
HG00609	EAS	HG00607	genome_hprc_asian	DQA1	2	complete	1	1	1	2
HG00609	EAS	HG00607	genome_hprc_asian	DQA1	4	complete	1	1	1	2
HG00609	EAS	HG00607	genome_hprc_asian	DQB1	2	complete	1	1	1	2
HG00609	EAS	HG00607	genome_hprc_asian	DQB1	4	complete	1	1	1	2
HG00609	EAS	HG00607	genome_hprc_asian	DRB1	2	complete	1	1	1	2
HG00609	EAS	HG00607	genome_hprc_asian	DRB1	4	complete	0	0	0	0
HG02074	EAS	HG02074	T1K	A	2	complete	1	1	1	2
HG02074	EAS	HG02074	T1K	A	4	complete	0	0	0	0
HG02074	EAS	HG02074	T1K	B	2	complete	1	1	1	2
HG02074	EAS	HG02074	T1K	B	4	complete	0	0	0	0
HG02074	EAS	HG02074	T1K	C	2	complete	1	1	1	2
HG02074	EAS	HG02074	T1K	C	4	complete	1	1	1	2
HG02074	EAS	HG02074	T1K	DPA1	2	complete	1	1	1	2
HG02074	EAS	HG02074	T1K	DPA1	4	complete	0	0	0	0
HG02074	EAS	HG02074	T1K	DPB1	2	complete	1	1	1	2
HG02074	EAS	HG02074	T1K	DPB1	4	complete	1	1	0	1
HG02074	EAS	HG02074	T1K	DQA1	2	complete	1	1	1	2
HG02074	EAS	HG02074	T1K	DQA1	4	complete	1	1	0	1
HG02074	EAS	HG02074	T1K	DQB1	2	complete	1	1	1	2
HG02074	EAS	HG02074	T1K	DQB1	4	complete	1	1	1	2
HG02074	EAS	HG02074	T1K	DRB1	2	complete	1	1	1	2
HG02074	EAS	HG02074	T1K	DRB1	4	complete	0	0	0	0
HG02074	EAS	HG02074	hprc	A	2	complete	1	1	1	2
HG02074	EAS	HG02074	hprc	A	4	complete	0	0	0	0
HG02074	EAS	HG02074	hprc	B	2	complete	1	1	0	1
HG02074	EAS	HG02074	hprc	B	4	complete	0	0	0	0
HG02074	EAS	HG02074	hprc	C	2	complete	1	1	1	2
HG02074	EAS	HG02074	hprc	C	4	complete	1	1	1	2
HG02074	EAS	HG02074	hprc	DPA1	2	complete	1	1	1	2
HG02074	EAS	HG02074	hprc	DPA1	4	complete	0	0	0	0
HG02074	EAS	HG02074	hprc	DPB1	2	complete	1	1	1	2
HG02074	EAS	HG02074	hprc	DPB1	4	complete	1	1	0	1
HG02074	EAS	HG02074	hprc	DQA1	2	complete	1	1	1	2
HG02074	EAS	HG02074	hprc	DQA1	4	complete	1	1	1	2
HG02074	EAS	HG02074	hprc	DQB1	2	complete	1	1	1	2
HG02074	EAS	HG02074	hprc	DQB1	4	complete	1	1	1	2
HG02074	EAS	HG02074	hprc	DRB1	2	complete	1	1	1	2
HG02074	EAS	HG02074	hprc	DRB1	4	complete	0	0	0	0
HG02074	EAS	HG02074	hprc_asian	A	2	complete	1	1	1	2
HG02074	EAS	HG02074	hprc_asian	A	4	complete	0	0	0	0
HG02074	EAS	HG02074	hprc_asian	B	2	complete	1	1	0	1
HG02074	EAS	HG02074	hprc_asian	B	4	complete	0	0	0	0
HG02074	EAS	HG02074	hprc_asian	C	2	complete	1	1	1	2
HG02074	EAS	HG02074	hprc_asian	C	4	complete	1	1	1	2
HG02074	EAS	HG02074	hprc_asian	DPA1	2	complete	1	1	0	1
HG02074	EAS	HG02074	hprc_asian	DPA1	4	complete	0	0	0	0
HG02074	EAS	HG02074	hprc_asian	DPB1	2	complete	1	1	1	2
HG02074	EAS	HG02074	hprc_asian	DPB1	4	complete	1	1	1	2
HG02074	EAS	HG02074	hprc_asian	DQA1	2	complete	1	1	1	2
HG02074	EAS	HG02074	hprc_asian	DQA1	4	complete	1	1	1	2
HG02074	EAS	HG02074	hprc_asian	DQB1	2	complete	1	1	1	2
HG02074	EAS	HG02074	hprc_asian	DQB1	4	complete	1	1	1	2
HG02074	EAS	HG02074	hprc_asian	DRB1	2	complete	1	1	1	2
HG02074	EAS	HG02074	hprc_asian	DRB1	4	complete	0	0	0	0
HG02074	EAS	HG02074	ipd_genome	A	2	complete	1	1	1	2
HG02074	EAS	HG02074	ipd_genome	A	4	complete	0	0	0	0
HG02074	EAS	HG02074	ipd_genome	B	2	complete	1	1	1	2
HG02074	EAS	HG02074	ipd_genome	B	4	complete	0	0	0	0
HG02074	EAS	HG02074	ipd_genome	C	2	complete	1	1	1	2
HG02074	EAS	HG02074	ipd_genome	C	4	complete	1	1	1	2
HG02074	EAS	HG02074	ipd_genome	DPA1	2	complete	1	1	1	2
HG02074	EAS	HG02074	ipd_genome	DPA1	4	complete	0	0	0	0
HG02074	EAS	HG02074	ipd_genome	DPB1	2	complete	1	1	1	2
HG02074	EAS	HG02074	ipd_genome	DPB1	4	complete	1	1	1	2
HG02074	EAS	HG02074	ipd_genome	DQA1	2	complete	1	1	1	2
HG02074	EAS	HG02074	ipd_genome	DQA1	4	complete	1	1	1	2
HG02074	EAS	HG02074	ipd_genome	DQB1	2	complete	1	1	1	2
HG02074	EAS	HG02074	ipd_genome	DQB1	4	complete	1	1	1	2
HG02074	EAS	HG02074	ipd_genome	DRB1	2	complete	1	1	1	2
HG02074	EAS	HG02074	ipd_genome	DRB1	4	complete	0	0	0	0
HG02074	EAS	HG02074	genome_hprc	A	2	complete	1	1	1	2
HG02074	EAS	HG02074	genome_hprc	A	4	complete	0	0	0	0
HG02074	EAS	HG02074	genome_hprc	B	2	complete	1	1	0	1
HG02074	EAS	HG02074	genome_hprc	B	4	complete	0	0	0	0
HG02074	EAS	HG02074	genome_hprc	C	2	complete	1	1	1	2
HG02074	EAS	HG02074	genome_hprc	C	4	complete	1	1	1	2
HG02074	EAS	HG02074	genome_hprc	DPA1	2	complete	1	1	1	2
HG02074	EAS	HG02074	genome_hprc	DPA1	4	complete	0	0	0	0
HG02074	EAS	HG02074	genome_hprc	DPB1	2	complete	1	1	1	2
HG02074	EAS	HG02074	genome_hprc	DPB1	4	complete	1	1	1	2
HG02074	EAS	HG02074	genome_hprc	DQA1	2	complete	1	1	1	2
HG02074	EAS	HG02074	genome_hprc	DQA1	4	complete	1	1	1	2
HG02074	EAS	HG02074	genome_hprc	DQB1	2	complete	1	1	1	2
HG02074	EAS	HG02074	genome_hprc	DQB1	4	complete	1	1	1	2
HG02074	EAS	HG02074	genome_hprc	DRB1	2	complete	1	1	1	2
HG02074	EAS	HG02074	genome_hprc	DRB1	4	complete	0	0	0	0
HG02074	EAS	HG02074	genome_hprc_asian	A	2	complete	1	1	1	2
HG02074	EAS	HG02074	genome_hprc_asian	A	4	complete	0	0	0	0
HG02074	EAS	HG02074	genome_hprc_asian	B	2	complete	1	1	0	1
HG02074	EAS	HG02074	genome_hprc_asian	B	4	complete	0	0	0	0
HG02074	EAS	HG02074	genome_hprc_asian	C	2	complete	1	1	1	2
HG02074	EAS	HG02074	genome_hprc_asian	C	4	complete	1	1	1	2
HG02074	EAS	HG02074	genome_hprc_asian	DPA1	2	complete	1	1	1	2
HG02074	EAS	HG02074	genome_hprc_asian	DPA1	4	complete	0	0	0	0
HG02074	EAS	HG02074	genome_hprc_asian	DPB1	2	complete	1	1	1	2
HG02074	EAS	HG02074	genome_hprc_asian	DPB1	4	complete	1	1	1	2
HG02074	EAS	HG02074	genome_hprc_asian	DQA1	2	complete	1	1	1	2
HG02074	EAS	HG02074	genome_hprc_asian	DQA1	4	complete	1	1	1	2
HG02074	EAS	HG02074	genome_hprc_asian	DQB1	2	complete	1	1	1	2
HG02074	EAS	HG02074	genome_hprc_asian	DQB1	4	complete	1	1	1	2
HG02074	EAS	HG02074	genome_hprc_asian	DRB1	2	complete	1	1	1	2
HG02074	EAS	HG02074	genome_hprc_asian	DRB1	4	complete	0	0	0	0
HG03017	SAS	HG03015	T1K	A	2	complete	1	1	1	2
HG03017	SAS	HG03015	T1K	A	4	complete	1	1	1	2
HG03017	SAS	HG03015	T1K	B	2	complete	1	1	1	2
HG03017	SAS	HG03015	T1K	B	4	complete	0	0	0	0
HG03017	SAS	HG03015	T1K	C	2	complete	1	1	1	2
HG03017	SAS	HG03015	T1K	C	4	complete	1	1	1	2
HG03017	SAS	HG03015	T1K	DPA1	2	complete	1	1	1	2
HG03017	SAS	HG03015	T1K	DPA1	4	complete	0	0	0	0
HG03017	SAS	HG03015	T1K	DPB1	2	complete	1	1	1	2
HG03017	SAS	HG03015	T1K	DPB1	4	complete	0	0	0	0
HG03017	SAS	HG03015	T1K	DQA1	2	complete	1	1	1	2
HG03017	SAS	HG03015	T1K	DQA1	4	complete	1	1	0	0
HG03017	SAS	HG03015	T1K	DQB1	2	complete	1	1	1	2
HG03017	SAS	HG03015	T1K	DQB1	4	complete	1	1	1	2
HG03017	SAS	HG03015	T1K	DRB1	2	complete	1	1	1	2
HG03017	SAS	HG03015	T1K	DRB1	4	complete	0	0	0	0
HG03017	SAS	HG03015	hprc	A	2	complete	1	1	1	2
HG03017	SAS	HG03015	hprc	A	4	complete	1	1	1	2
HG03017	SAS	HG03015	hprc	B	2	complete	1	1	0	1
HG03017	SAS	HG03015	hprc	B	4	complete	0	0	0	0
HG03017	SAS	HG03015	hprc	C	2	complete	1	1	1	2
HG03017	SAS	HG03015	hprc	C	4	complete	1	1	1	2
HG03017	SAS	HG03015	hprc	DPA1	2	complete	1	1	1	2
HG03017	SAS	HG03015	hprc	DPA1	4	complete	0	0	0	0
HG03017	SAS	HG03015	hprc	DPB1	2	complete	1	1	0	1
HG03017	SAS	HG03015	hprc	DPB1	4	complete	0	0	0	0
HG03017	SAS	HG03015	hprc	DQA1	2	complete	1	1	1	2
HG03017	SAS	HG03015	hprc	DQA1	4	complete	1	1	0	0
HG03017	SAS	HG03015	hprc	DQB1	2	complete	1	1	1	2
HG03017	SAS	HG03015	hprc	DQB1	4	complete	1	1	1	2
HG03017	SAS	HG03015	hprc	DRB1	2	complete	1	1	1	2
HG03017	SAS	HG03015	hprc	DRB1	4	complete	0	0	0	0
HG03017	SAS	HG03015	hprc_asian	A	2	complete	1	1	1	2
HG03017	SAS	HG03015	hprc_asian	A	4	complete	1	1	1	2
HG03017	SAS	HG03015	hprc_asian	B	2	complete	1	1	0	1
HG03017	SAS	HG03015	hprc_asian	B	4	complete	0	0	0	0
HG03017	SAS	HG03015	hprc_asian	C	2	complete	1	1	1	2
HG03017	SAS	HG03015	hprc_asian	C	4	complete	1	1	1	2
HG03017	SAS	HG03015	hprc_asian	DPA1	2	complete	1	1	1	2
HG03017	SAS	HG03015	hprc_asian	DPA1	4	complete	0	0	0	0
HG03017	SAS	HG03015	hprc_asian	DPB1	2	complete	1	1	1	2
HG03017	SAS	HG03015	hprc_asian	DPB1	4	complete	0	0	0	0
HG03017	SAS	HG03015	hprc_asian	DQA1	2	complete	1	1	1	2
HG03017	SAS	HG03015	hprc_asian	DQA1	4	complete	1	1	0	1
HG03017	SAS	HG03015	hprc_asian	DQB1	2	complete	1	1	1	2
HG03017	SAS	HG03015	hprc_asian	DQB1	4	complete	1	1	1	2
HG03017	SAS	HG03015	hprc_asian	DRB1	2	complete	1	1	1	2
HG03017	SAS	HG03015	hprc_asian	DRB1	4	complete	0	0	0	0
HG03017	SAS	HG03015	ipd_genome	A	2	complete	1	1	1	2
HG03017	SAS	HG03015	ipd_genome	A	4	complete	1	1	1	2
HG03017	SAS	HG03015	ipd_genome	B	2	complete	1	1	1	2
HG03017	SAS	HG03015	ipd_genome	B	4	complete	0	0	0	0
HG03017	SAS	HG03015	ipd_genome	C	2	complete	1	1	1	2
HG03017	SAS	HG03015	ipd_genome	C	4	complete	1	1	1	2
HG03017	SAS	HG03015	ipd_genome	DPA1	2	complete	1	1	1	2
HG03017	SAS	HG03015	ipd_genome	DPA1	4	complete	0	0	0	0
HG03017	SAS	HG03015	ipd_genome	DPB1	2	complete	1	1	1	2
HG03017	SAS	HG03015	ipd_genome	DPB1	4	complete	0	0	0	0
HG03017	SAS	HG03015	ipd_genome	DQA1	2	complete	1	1	1	2
HG03017	SAS	HG03015	ipd_genome	DQA1	4	complete	1	1	1	2
HG03017	SAS	HG03015	ipd_genome	DQB1	2	complete	1	1	1	2
HG03017	SAS	HG03015	ipd_genome	DQB1	4	complete	1	1	1	2
HG03017	SAS	HG03015	ipd_genome	DRB1	2	complete	1	1	1	2
HG03017	SAS	HG03015	ipd_genome	DRB1	4	complete	0	0	0	0
HG03017	SAS	HG03015	genome_hprc	A	2	complete	1	1	1	2
HG03017	SAS	HG03015	genome_hprc	A	4	complete	1	1	1	2
HG03017	SAS	HG03015	genome_hprc	B	2	complete	1	1	0	1
HG03017	SAS	HG03015	genome_hprc	B	4	complete	0	0	0	0
HG03017	SAS	HG03015	genome_hprc	C	2	complete	1	1	1	2
HG03017	SAS	HG03015	genome_hprc	C	4	complete	1	1	1	2
HG03017	SAS	HG03015	genome_hprc	DPA1	2	complete	1	1	1	2
HG03017	SAS	HG03015	genome_hprc	DPA1	4	complete	0	0	0	0
HG03017	SAS	HG03015	genome_hprc	DPB1	2	complete	1	1	1	2
HG03017	SAS	HG03015	genome_hprc	DPB1	4	complete	0	0	0	0
HG03017	SAS	HG03015	genome_hprc	DQA1	2	complete	1	1	1	2
HG03017	SAS	HG03015	genome_hprc	DQA1	4	complete	1	1	0	1
HG03017	SAS	HG03015	genome_hprc	DQB1	2	complete	1	1	1	2
HG03017	SAS	HG03015	genome_hprc	DQB1	4	complete	1	1	1	2
HG03017	SAS	HG03015	genome_hprc	DRB1	2	complete	1	1	1	2
HG03017	SAS	HG03015	genome_hprc	DRB1	4	complete	0	0	0	0
HG03017	SAS	HG03015	genome_hprc_asian	A	2	complete	1	1	1	2
HG03017	SAS	HG03015	genome_hprc_asian	A	4	complete	1	1	1	2
HG03017	SAS	HG03015	genome_hprc_asian	B	2	complete	1	1	0	1
HG03017	SAS	HG03015	genome_hprc_asian	B	4	complete	0	0	0	0
HG03017	SAS	HG03015	genome_hprc_asian	C	2	complete	1	1	1	2
HG03017	SAS	HG03015	genome_hprc_asian	C	4	complete	1	1	1	2
HG03017	SAS	HG03015	genome_hprc_asian	DPA1	2	complete	1	1	1	2
HG03017	SAS	HG03015	genome_hprc_asian	DPA1	4	complete	0	0	0	0
HG03017	SAS	HG03015	genome_hprc_asian	DPB1	2	complete	1	1	1	2
HG03017	SAS	HG03015	genome_hprc_asian	DPB1	4	complete	0	0	0	0
HG03017	SAS	HG03015	genome_hprc_asian	DQA1	2	complete	1	1	1	2
HG03017	SAS	HG03015	genome_hprc_asian	DQA1	4	complete	1	1	1	2
HG03017	SAS	HG03015	genome_hprc_asian	DQB1	2	complete	1	1	1	2
HG03017	SAS	HG03015	genome_hprc_asian	DQB1	4	complete	1	1	1	2
HG03017	SAS	HG03015	genome_hprc_asian	DRB1	2	complete	1	1	1	2
HG03017	SAS	HG03015	genome_hprc_asian	DRB1	4	complete	0	0	0	0
HG03784	SAS	HG03784	T1K	A	2	complete	1	1	1	2
HG03784	SAS	HG03784	T1K	A	4	complete	0	0	0	0
HG03784	SAS	HG03784	T1K	B	2	complete	1	1	1	2
HG03784	SAS	HG03784	T1K	B	4	complete	1	1	0	1
HG03784	SAS	HG03784	T1K	C	2	complete	1	1	1	2
HG03784	SAS	HG03784	T1K	C	4	complete	1	1	0	0
HG03784	SAS	HG03784	T1K	DPA1	2	complete	1	1	1	2
HG03784	SAS	HG03784	T1K	DPA1	4	complete	0	0	0	0
HG03784	SAS	HG03784	T1K	DPB1	2	complete	1	1	1	2
HG03784	SAS	HG03784	T1K	DPB1	4	complete	0	0	0	0
HG03784	SAS	HG03784	T1K	DQA1	2	complete	1	1	0	1
HG03784	SAS	HG03784	T1K	DQA1	4	complete	0	0	0	0
HG03784	SAS	HG03784	T1K	DQB1	2	complete	1	1	1	2
HG03784	SAS	HG03784	T1K	DQB1	4	complete	1	1	0	1
HG03784	SAS	HG03784	T1K	DRB1	2	complete	1	1	1	2
HG03784	SAS	HG03784	T1K	DRB1	4	complete	0	0	0	0
HG03784	SAS	HG03784	hprc	A	2	complete	1	1	0	0
HG03784	SAS	HG03784	hprc	A	4	complete	0	0	0	0
HG03784	SAS	HG03784	hprc	B	2	complete	1	1	0	1
HG03784	SAS	HG03784	hprc	B	4	complete	1	0	0	1
HG03784	SAS	HG03784	hprc	C	2	complete	1	1	1	2
HG03784	SAS	HG03784	hprc	C	4	complete	1	1	1	2
HG03784	SAS	HG03784	hprc	DPA1	2	complete	1	1	1	2
HG03784	SAS	HG03784	hprc	DPA1	4	complete	0	0	0	0
HG03784	SAS	HG03784	hprc	DPB1	2	complete	1	1	1	2
HG03784	SAS	HG03784	hprc	DPB1	4	complete	0	0	0	0
HG03784	SAS	HG03784	hprc	DQA1	2	complete	1	1	1	2
HG03784	SAS	HG03784	hprc	DQA1	4	complete	0	0	0	0
HG03784	SAS	HG03784	hprc	DQB1	2	complete	1	1	1	2
HG03784	SAS	HG03784	hprc	DQB1	4	complete	1	1	1	2
HG03784	SAS	HG03784	hprc	DRB1	2	complete	1	1	0	1
HG03784	SAS	HG03784	hprc	DRB1	4	complete	0	0	0	0
HG03784	SAS	HG03784	hprc_asian	A	2	complete	1	1	0	1
HG03784	SAS	HG03784	hprc_asian	A	4	complete	0	0	0	0
HG03784	SAS	HG03784	hprc_asian	B	2	complete	1	1	1	2
HG03784	SAS	HG03784	hprc_asian	B	4	complete	1	1	0	1
HG03784	SAS	HG03784	hprc_asian	C	2	complete	1	1	1	2
HG03784	SAS	HG03784	hprc_asian	C	4	complete	1	1	1	2
HG03784	SAS	HG03784	hprc_asian	DPA1	2	complete	1	1	1	2
HG03784	SAS	HG03784	hprc_asian	DPA1	4	complete	0	0	0	0
HG03784	SAS	HG03784	hprc_asian	DPB1	2	complete	1	1	1	2
HG03784	SAS	HG03784	hprc_asian	DPB1	4	complete	0	0	0	0
HG03784	SAS	HG03784	hprc_asian	DQA1	2	complete	1	1	1	2
HG03784	SAS	HG03784	hprc_asian	DQA1	4	complete	0	0	0	0
HG03784	SAS	HG03784	hprc_asian	DQB1	2	complete	1	1	1	2
HG03784	SAS	HG03784	hprc_asian	DQB1	4	complete	1	1	1	2
HG03784	SAS	HG03784	hprc_asian	DRB1	2	complete	1	1	1	2
HG03784	SAS	HG03784	hprc_asian	DRB1	4	complete	0	0	0	0
HG03784	SAS	HG03784	ipd_genome	A	2	complete	1	1	1	2
HG03784	SAS	HG03784	ipd_genome	A	4	complete	0	0	0	0
HG03784	SAS	HG03784	ipd_genome	B	2	complete	1	1	1	2
HG03784	SAS	HG03784	ipd_genome	B	4	complete	1	0	0	1
HG03784	SAS	HG03784	ipd_genome	C	2	complete	1	1	1	2
HG03784	SAS	HG03784	ipd_genome	C	4	complete	1	1	1	2
HG03784	SAS	HG03784	ipd_genome	DPA1	2	complete	1	1	1	2
HG03784	SAS	HG03784	ipd_genome	DPA1	4	complete	0	0	0	0
HG03784	SAS	HG03784	ipd_genome	DPB1	2	complete	1	1	1	2
HG03784	SAS	HG03784	ipd_genome	DPB1	4	complete	0	0	0	0
HG03784	SAS	HG03784	ipd_genome	DQA1	2	complete	1	1	1	2
HG03784	SAS	HG03784	ipd_genome	DQA1	4	complete	0	0	0	0
HG03784	SAS	HG03784	ipd_genome	DQB1	2	complete	1	1	1	2
HG03784	SAS	HG03784	ipd_genome	DQB1	4	complete	1	1	1	2
HG03784	SAS	HG03784	ipd_genome	DRB1	2	complete	1	1	1	2
HG03784	SAS	HG03784	ipd_genome	DRB1	4	complete	0	0	0	0
HG03784	SAS	HG03784	genome_hprc	A	2	complete	1	1	0	1
HG03784	SAS	HG03784	genome_hprc	A	4	complete	0	0	0	0
HG03784	SAS	HG03784	genome_hprc	B	2	complete	1	1	0	1
HG03784	SAS	HG03784	genome_hprc	B	4	complete	1	0	0	1
HG03784	SAS	HG03784	genome_hprc	C	2	complete	1	1	1	2
HG03784	SAS	HG03784	genome_hprc	C	4	complete	1	1	1	2
HG03784	SAS	HG03784	genome_hprc	DPA1	2	complete	1	1	1	2
HG03784	SAS	HG03784	genome_hprc	DPA1	4	complete	0	0	0	0
HG03784	SAS	HG03784	genome_hprc	DPB1	2	complete	1	1	1	2
HG03784	SAS	HG03784	genome_hprc	DPB1	4	complete	0	0	0	0
HG03784	SAS	HG03784	genome_hprc	DQA1	2	complete	1	1	1	2
HG03784	SAS	HG03784	genome_hprc	DQA1	4	complete	0	0	0	0
HG03784	SAS	HG03784	genome_hprc	DQB1	2	complete	1	1	1	2
HG03784	SAS	HG03784	genome_hprc	DQB1	4	complete	1	1	1	2
HG03784	SAS	HG03784	genome_hprc	DRB1	2	complete	1	1	1	2
HG03784	SAS	HG03784	genome_hprc	DRB1	4	complete	0	0	0	0
HG03784	SAS	HG03784	genome_hprc_asian	A	2	complete	1	1	0	1
HG03784	SAS	HG03784	genome_hprc_asian	A	4	complete	0	0	0	0
HG03784	SAS	HG03784	genome_hprc_asian	B	2	complete	1	1	1	2
HG03784	SAS	HG03784	genome_hprc_asian	B	4	complete	1	1	1	2
HG03784	SAS	HG03784	genome_hprc_asian	C	2	complete	1	1	1	2
HG03784	SAS	HG03784	genome_hprc_asian	C	4	complete	1	1	1	2
HG03784	SAS	HG03784	genome_hprc_asian	DPA1	2	complete	1	1	1	2
HG03784	SAS	HG03784	genome_hprc_asian	DPA1	4	complete	0	0	0	0
HG03784	SAS	HG03784	genome_hprc_asian	DPB1	2	complete	1	1	1	2
HG03784	SAS	HG03784	genome_hprc_asian	DPB1	4	complete	0	0	0	0
HG03784	SAS	HG03784	genome_hprc_asian	DQA1	2	complete	1	1	1	2
HG03784	SAS	HG03784	genome_hprc_asian	DQA1	4	complete	0	0	0	0
HG03784	SAS	HG03784	genome_hprc_asian	DQB1	2	complete	1	1	1	2
HG03784	SAS	HG03784	genome_hprc_asian	DQB1	4	complete	1	1	1	2
HG03784	SAS	HG03784	genome_hprc_asian	DRB1	2	complete	1	1	1	2
HG03784	SAS	HG03784	genome_hprc_asian	DRB1	4	complete	0	0	0	0
HG04157	SAS	HG04155	T1K	A	2	complete	1	1	1	2
HG04157	SAS	HG04155	T1K	A	4	complete	1	1	1	2
HG04157	SAS	HG04155	T1K	B	2	complete	1	1	1	2
HG04157	SAS	HG04155	T1K	B	4	complete	0	0	0	0
HG04157	SAS	HG04155	T1K	C	2	complete	1	1	1	2
HG04157	SAS	HG04155	T1K	C	4	complete	1	1	1	2
HG04157	SAS	HG04155	T1K	DPA1	2	complete	1	1	1	2
HG04157	SAS	HG04155	T1K	DPA1	4	complete	0	0	0	0
HG04157	SAS	HG04155	T1K	DPB1	2	complete	1	1	1	2
HG04157	SAS	HG04155	T1K	DPB1	4	complete	1	1	1	2
HG04157	SAS	HG04155	T1K	DQA1	2	complete	1	1	1	2
HG04157	SAS	HG04155	T1K	DQA1	4	complete	1	1	1	2
HG04157	SAS	HG04155	T1K	DQB1	2	complete	1	1	1	2
HG04157	SAS	HG04155	T1K	DQB1	4	complete	1	1	1	2
HG04157	SAS	HG04155	T1K	DRB1	2	complete	1	1	1	2
HG04157	SAS	HG04155	T1K	DRB1	4	complete	0	0	0	0
HG04157	SAS	HG04155	hprc	A	2	complete	1	1	1	2
HG04157	SAS	HG04155	hprc	A	4	complete	1	1	1	2
HG04157	SAS	HG04155	hprc	B	2	complete	1	1	1	2
HG04157	SAS	HG04155	hprc	B	4	complete	0	0	0	0
HG04157	SAS	HG04155	hprc	C	2	complete	1	1	0	1
HG04157	SAS	HG04155	hprc	C	4	complete	1	1	0	1
HG04157	SAS	HG04155	hprc	DPA1	2	complete	1	1	1	2
HG04157	SAS	HG04155	hprc	DPA1	4	complete	0	0	0	0
HG04157	SAS	HG04155	hprc	DPB1	2	complete	1	1	0	1
HG04157	SAS	HG04155	hprc	DPB1	4	complete	1	1	0	0
HG04157	SAS	HG04155	hprc	DQA1	2	complete	1	1	1	2
HG04157	SAS	HG04155	hprc	DQA1	4	complete	1	1	0	1
HG04157	SAS	HG04155	hprc	DQB1	2	complete	1	1	1	2
HG04157	SAS	HG04155	hprc	DQB1	4	complete	1	1	1	2
HG04157	SAS	HG04155	hprc	DRB1	2	complete	1	1	0	1
HG04157	SAS	HG04155	hprc	DRB1	4	complete	0	0	0	0
HG04157	SAS	HG04155	hprc_asian	A	2	complete	1	1	1	2
HG04157	SAS	HG04155	hprc_asian	A	4	complete	1	1	1	2
HG04157	SAS	HG04155	hprc_asian	B	2	complete	1	1	1	2
HG04157	SAS	HG04155	hprc_asian	B	4	complete	0	0	0	0
HG04157	SAS	HG04155	hprc_asian	C	2	complete	1	1	1	2
HG04157	SAS	HG04155	hprc_asian	C	4	complete	1	1	1	2
HG04157	SAS	HG04155	hprc_asian	DPA1	2	complete	1	1	1	2
HG04157	SAS	HG04155	hprc_asian	DPA1	4	complete	0	0	0	0
HG04157	SAS	HG04155	hprc_asian	DPB1	2	complete	1	1	0	1
HG04157	SAS	HG04155	hprc_asian	DPB1	4	complete	1	0	0	1
HG04157	SAS	HG04155	hprc_asian	DQA1	2	complete	1	1	1	2
HG04157	SAS	HG04155	hprc_asian	DQA1	4	complete	1	1	1	2
HG04157	SAS	HG04155	hprc_asian	DQB1	2	complete	1	1	1	2
HG04157	SAS	HG04155	hprc_asian	DQB1	4	complete	1	0	0	1
HG04157	SAS	HG04155	hprc_asian	DRB1	2	complete	1	1	1	2
HG04157	SAS	HG04155	hprc_asian	DRB1	4	complete	0	0	0	0
HG04157	SAS	HG04155	ipd_genome	A	2	complete	1	1	1	2
HG04157	SAS	HG04155	ipd_genome	A	4	complete	1	1	1	2
HG04157	SAS	HG04155	ipd_genome	B	2	complete	1	1	1	2
HG04157	SAS	HG04155	ipd_genome	B	4	complete	0	0	0	0
HG04157	SAS	HG04155	ipd_genome	C	2	complete	1	1	1	2
HG04157	SAS	HG04155	ipd_genome	C	4	complete	1	1	1	2
HG04157	SAS	HG04155	ipd_genome	DPA1	2	complete	1	1	1	2
HG04157	SAS	HG04155	ipd_genome	DPA1	4	complete	0	0	0	0
HG04157	SAS	HG04155	ipd_genome	DPB1	2	complete	1	1	1	2
HG04157	SAS	HG04155	ipd_genome	DPB1	4	complete	1	1	1	2
HG04157	SAS	HG04155	ipd_genome	DQA1	2	complete	1	1	1	2
HG04157	SAS	HG04155	ipd_genome	DQA1	4	complete	1	1	1	2
HG04157	SAS	HG04155	ipd_genome	DQB1	2	complete	1	1	1	2
HG04157	SAS	HG04155	ipd_genome	DQB1	4	complete	1	1	1	2
HG04157	SAS	HG04155	ipd_genome	DRB1	2	complete	1	1	1	2
HG04157	SAS	HG04155	ipd_genome	DRB1	4	complete	0	0	0	0
HG04157	SAS	HG04155	genome_hprc	A	2	complete	1	1	1	2
HG04157	SAS	HG04155	genome_hprc	A	4	complete	1	1	1	2
HG04157	SAS	HG04155	genome_hprc	B	2	complete	1	1	1	2
HG04157	SAS	HG04155	genome_hprc	B	4	complete	0	0	0	0
HG04157	SAS	HG04155	genome_hprc	C	2	complete	1	1	0	1
HG04157	SAS	HG04155	genome_hprc	C	4	complete	1	1	0	1
HG04157	SAS	HG04155	genome_hprc	DPA1	2	complete	1	1	1	2
HG04157	SAS	HG04155	genome_hprc	DPA1	4	complete	0	0	0	0
HG04157	SAS	HG04155	genome_hprc	DPB1	2	complete	1	1	1	2
HG04157	SAS	HG04155	genome_hprc	DPB1	4	complete	1	1	0	1
HG04157	SAS	HG04155	genome_hprc	DQA1	2	complete	1	1	1	2
HG04157	SAS	HG04155	genome_hprc	DQA1	4	complete	1	1	0	1
HG04157	SAS	HG04155	genome_hprc	DQB1	2	complete	1	1	1	2
HG04157	SAS	HG04155	genome_hprc	DQB1	4	complete	1	1	1	2
HG04157	SAS	HG04155	genome_hprc	DRB1	2	complete	1	1	1	2
HG04157	SAS	HG04155	genome_hprc	DRB1	4	complete	0	0	0	0
HG04157	SAS	HG04155	genome_hprc_asian	A	2	complete	1	1	1	2
HG04157	SAS	HG04155	genome_hprc_asian	A	4	complete	1	1	1	2
HG04157	SAS	HG04155	genome_hprc_asian	B	2	complete	1	1	1	2
HG04157	SAS	HG04155	genome_hprc_asian	B	4	complete	0	0	0	0
HG04157	SAS	HG04155	genome_hprc_asian	C	2	complete	1	1	1	2
HG04157	SAS	HG04155	genome_hprc_asian	C	4	complete	1	1	1	2
HG04157	SAS	HG04155	genome_hprc_asian	DPA1	2	complete	1	1	1	2
HG04157	SAS	HG04155	genome_hprc_asian	DPA1	4	complete	0	0	0	0
HG04157	SAS	HG04155	genome_hprc_asian	DPB1	2	complete	1	1	1	2
HG04157	SAS	HG04155	genome_hprc_asian	DPB1	4	complete	1	1	1	2
HG04157	SAS	HG04155	genome_hprc_asian	DQA1	2	complete	1	1	1	2
HG04157	SAS	HG04155	genome_hprc_asian	DQA1	4	complete	1	1	1	2
HG04157	SAS	HG04155	genome_hprc_asian	DQB1	2	complete	1	1	1	2
HG04157	SAS	HG04155	genome_hprc_asian	DQB1	4	complete	1	0	0	1
HG04157	SAS	HG04155	genome_hprc_asian	DRB1	2	complete	1	1	1	2
HG04157	SAS	HG04155	genome_hprc_asian	DRB1	4	complete	0	0	0	0
HG04204	SAS	HG03642	T1K	A	2	complete	1	1	1	2
HG04204	SAS	HG03642	T1K	A	4	complete	1	1	1	2
HG04204	SAS	HG03642	T1K	B	2	complete	1	1	1	2
HG04204	SAS	HG03642	T1K	B	4	complete	0	0	0	0
HG04204	SAS	HG03642	T1K	C	2	complete	1	1	1	2
HG04204	SAS	HG03642	T1K	C	4	complete	0	0	0	0
HG04204	SAS	HG03642	T1K	DPA1	2	complete	1	1	1	2
HG04204	SAS	HG03642	T1K	DPA1	4	complete	0	0	0	0
HG04204	SAS	HG03642	T1K	DPB1	2	complete	1	1	1	2
HG04204	SAS	HG03642	T1K	DPB1	4	complete	1	1	1	2
HG04204	SAS	HG03642	T1K	DQA1	2	complete	1	1	1	2
HG04204	SAS	HG03642	T1K	DQA1	4	complete	1	1	1	2
HG04204	SAS	HG03642	T1K	DQB1	2	complete	1	1	1	2
HG04204	SAS	HG03642	T1K	DQB1	4	complete	1	1	1	2
HG04204	SAS	HG03642	T1K	DRB1	2	complete	1	1	1	2
HG04204	SAS	HG03642	T1K	DRB1	4	complete	0	0	0	0
HG04204	SAS	HG03642	hprc	A	2	complete	1	1	1	2
HG04204	SAS	HG03642	hprc	A	4	complete	1	1	0	1
HG04204	SAS	HG03642	hprc	B	2	complete	1	1	1	2
HG04204	SAS	HG03642	hprc	B	4	complete	0	0	0	0
HG04204	SAS	HG03642	hprc	C	2	complete	1	1	0	1
HG04204	SAS	HG03642	hprc	C	4	complete	0	0	0	0
HG04204	SAS	HG03642	hprc	DPA1	2	complete	1	1	1	2
HG04204	SAS	HG03642	hprc	DPA1	4	complete	0	0	0	0
HG04204	SAS	HG03642	hprc	DPB1	2	complete	1	1	1	2
HG04204	SAS	HG03642	hprc	DPB1	4	complete	1	1	0	1
HG04204	SAS	HG03642	hprc	DQA1	2	complete	1	1	1	2
HG04204	SAS	HG03642	hprc	DQA1	4	complete	1	1	0	1
HG04204	SAS	HG03642	hprc	DQB1	2	complete	1	1	1	2
HG04204	SAS	HG03642	hprc	DQB1	4	complete	1	1	1	2
HG04204	SAS	HG03642	hprc	DRB1	2	complete	1	1	0	1
HG04204	SAS	HG03642	hprc	DRB1	4	complete	0	0	0	0
HG04204	SAS	HG03642	hprc_asian	A	2	complete	1	1	1	2
HG04204	SAS	HG03642	hprc_asian	A	4	complete	1	1	0	1
HG04204	SAS	HG03642	hprc_asian	B	2	complete	1	1	1	2
HG04204	SAS	HG03642	hprc_asian	B	4	complete	0	0	0	0
HG04204	SAS	HG03642	hprc_asian	C	2	complete	1	1	1	2
HG04204	SAS	HG03642	hprc_asian	C	4	complete	0	0	0	0
HG04204	SAS	HG03642	hprc_asian	DPA1	2	complete	1	1	1	2
HG04204	SAS	HG03642	hprc_asian	DPA1	4	complete	0	0	0	0
HG04204	SAS	HG03642	hprc_asian	DPB1	2	complete	1	1	1	2
HG04204	SAS	HG03642	hprc_asian	DPB1	4	complete	1	1	0	1
HG04204	SAS	HG03642	hprc_asian	DQA1	2	complete	1	1	1	2
HG04204	SAS	HG03642	hprc_asian	DQA1	4	complete	1	1	1	2
HG04204	SAS	HG03642	hprc_asian	DQB1	2	complete	1	1	1	2
HG04204	SAS	HG03642	hprc_asian	DQB1	4	complete	1	1	1	2
HG04204	SAS	HG03642	hprc_asian	DRB1	2	complete	1	1	1	2
HG04204	SAS	HG03642	hprc_asian	DRB1	4	complete	0	0	0	0
HG04204	SAS	HG03642	ipd_genome	A	2	complete	1	1	1	2
HG04204	SAS	HG03642	ipd_genome	A	4	complete	1	1	1	2
HG04204	SAS	HG03642	ipd_genome	B	2	complete	1	1	1	2
HG04204	SAS	HG03642	ipd_genome	B	4	complete	0	0	0	0
HG04204	SAS	HG03642	ipd_genome	C	2	complete	1	1	1	2
HG04204	SAS	HG03642	ipd_genome	C	4	complete	0	0	0	0
HG04204	SAS	HG03642	ipd_genome	DPA1	2	complete	1	1	1	2
HG04204	SAS	HG03642	ipd_genome	DPA1	4	complete	0	0	0	0
HG04204	SAS	HG03642	ipd_genome	DPB1	2	complete	1	1	1	2
HG04204	SAS	HG03642	ipd_genome	DPB1	4	complete	1	1	1	2
HG04204	SAS	HG03642	ipd_genome	DQA1	2	complete	1	1	1	2
HG04204	SAS	HG03642	ipd_genome	DQA1	4	complete	1	1	1	2
HG04204	SAS	HG03642	ipd_genome	DQB1	2	complete	1	1	1	2
HG04204	SAS	HG03642	ipd_genome	DQB1	4	complete	1	1	1	2
HG04204	SAS	HG03642	ipd_genome	DRB1	2	complete	1	1	1	2
HG04204	SAS	HG03642	ipd_genome	DRB1	4	complete	0	0	0	0
HG04204	SAS	HG03642	genome_hprc	A	2	complete	1	1	1	2
HG04204	SAS	HG03642	genome_hprc	A	4	complete	1	1	0	1
HG04204	SAS	HG03642	genome_hprc	B	2	complete	1	1	1	2
HG04204	SAS	HG03642	genome_hprc	B	4	complete	0	0	0	0
HG04204	SAS	HG03642	genome_hprc	C	2	complete	1	1	0	1
HG04204	SAS	HG03642	genome_hprc	C	4	complete	0	0	0	0
HG04204	SAS	HG03642	genome_hprc	DPA1	2	complete	1	1	1	2
HG04204	SAS	HG03642	genome_hprc	DPA1	4	complete	0	0	0	0
HG04204	SAS	HG03642	genome_hprc	DPB1	2	complete	1	1	1	2
HG04204	SAS	HG03642	genome_hprc	DPB1	4	complete	1	1	1	2
HG04204	SAS	HG03642	genome_hprc	DQA1	2	complete	1	1	1	2
HG04204	SAS	HG03642	genome_hprc	DQA1	4	complete	1	1	0	1
HG04204	SAS	HG03642	genome_hprc	DQB1	2	complete	1	1	1	2
HG04204	SAS	HG03642	genome_hprc	DQB1	4	complete	1	1	1	2
HG04204	SAS	HG03642	genome_hprc	DRB1	2	complete	1	1	1	2
HG04204	SAS	HG03642	genome_hprc	DRB1	4	complete	0	0	0	0
HG04204	SAS	HG03642	genome_hprc_asian	A	2	complete	1	1	1	2
HG04204	SAS	HG03642	genome_hprc_asian	A	4	complete	1	1	0	1
HG04204	SAS	HG03642	genome_hprc_asian	B	2	complete	1	1	1	2
HG04204	SAS	HG03642	genome_hprc_asian	B	4	complete	0	0	0	0
HG04204	SAS	HG03642	genome_hprc_asian	C	2	complete	1	1	1	2
HG04204	SAS	HG03642	genome_hprc_asian	C	4	complete	0	0	0	0
HG04204	SAS	HG03642	genome_hprc_asian	DPA1	2	complete	1	1	1	2
HG04204	SAS	HG03642	genome_hprc_asian	DPA1	4	complete	0	0	0	0
HG04204	SAS	HG03642	genome_hprc_asian	DPB1	2	complete	1	1	1	2
HG04204	SAS	HG03642	genome_hprc_asian	DPB1	4	complete	1	1	1	2
HG04204	SAS	HG03642	genome_hprc_asian	DQA1	2	complete	1	1	1	2
HG04204	SAS	HG03642	genome_hprc_asian	DQA1	4	complete	1	1	1	2
HG04204	SAS	HG03642	genome_hprc_asian	DQB1	2	complete	1	1	1	2
HG04204	SAS	HG03642	genome_hprc_asian	DQB1	4	complete	1	0	0	1
HG04204	SAS	HG03642	genome_hprc_asian	DRB1	2	complete	1	1	1	2
HG04204	SAS	HG03642	genome_hprc_asian	DRB1	4	complete	0	0	0	0
NA18747	EAS	NA18747	T1K	A	2	complete	1	1	1	2
NA18747	EAS	NA18747	T1K	A	4	complete	1	1	1	2
NA18747	EAS	NA18747	T1K	B	2	complete	1	1	1	2
NA18747	EAS	NA18747	T1K	B	4	complete	1	1	1	2
NA18747	EAS	NA18747	T1K	C	2	complete	1	1	1	2
NA18747	EAS	NA18747	T1K	C	4	complete	1	1	0	0
NA18747	EAS	NA18747	T1K	DPA1	2	complete	1	1	1	2
NA18747	EAS	NA18747	T1K	DPA1	4	complete	0	0	0	0
NA18747	EAS	NA18747	T1K	DPB1	2	complete	1	1	1	2
NA18747	EAS	NA18747	T1K	DPB1	4	complete	1	1	0	1
NA18747	EAS	NA18747	T1K	DQA1	2	complete	1	1	1	2
NA18747	EAS	NA18747	T1K	DQA1	4	complete	1	1	0	1
NA18747	EAS	NA18747	T1K	DQB1	2	complete	1	1	1	2
NA18747	EAS	NA18747	T1K	DQB1	4	complete	1	1	0	1
NA18747	EAS	NA18747	T1K	DRB1	2	complete	1	1	1	2
NA18747	EAS	NA18747	T1K	DRB1	4	complete	0	0	0	0
NA18747	EAS	NA18747	hprc	A	2	complete	1	1	1	2
NA18747	EAS	NA18747	hprc	A	4	complete	1	1	1	2
NA18747	EAS	NA18747	hprc	B	2	complete	1	1	0	0
NA18747	EAS	NA18747	hprc	B	4	complete	1	1	0	0
NA18747	EAS	NA18747	hprc	C	2	complete	1	1	1	2
NA18747	EAS	NA18747	hprc	C	4	complete	1	1	1	2
NA18747	EAS	NA18747	hprc	DPA1	2	complete	1	1	1	2
NA18747	EAS	NA18747	hprc	DPA1	4	complete	0	0	0	0
NA18747	EAS	NA18747	hprc	DPB1	2	complete	1	1	1	2
NA18747	EAS	NA18747	hprc	DPB1	4	complete	1	1	0	0
NA18747	EAS	NA18747	hprc	DQA1	2	complete	1	1	1	2
NA18747	EAS	NA18747	hprc	DQA1	4	complete	1	1	0	1
NA18747	EAS	NA18747	hprc	DQB1	2	complete	1	1	1	2
NA18747	EAS	NA18747	hprc	DQB1	4	complete	1	1	1	2
NA18747	EAS	NA18747	hprc	DRB1	2	complete	1	1	1	2
NA18747	EAS	NA18747	hprc	DRB1	4	complete	0	0	0	0
NA18747	EAS	NA18747	hprc_asian	A	2	complete	1	1	1	2
NA18747	EAS	NA18747	hprc_asian	A	4	complete	1	1	1	2
NA18747	EAS	NA18747	hprc_asian	B	2	complete	1	1	0	1
NA18747	EAS	NA18747	hprc_asian	B	4	complete	1	1	0	0
NA18747	EAS	NA18747	hprc_asian	C	2	complete	1	1	1	2
NA18747	EAS	NA18747	hprc_asian	C	4	complete	1	1	1	2
NA18747	EAS	NA18747	hprc_asian	DPA1	2	complete	1	1	1	2
NA18747	EAS	NA18747	hprc_asian	DPA1	4	complete	0	0	0	0
NA18747	EAS	NA18747	hprc_asian	DPB1	2	complete	1	1	1	2
NA18747	EAS	NA18747	hprc_asian	DPB1	4	complete	1	1	0	1
NA18747	EAS	NA18747	hprc_asian	DQA1	2	complete	1	1	1	2
NA18747	EAS	NA18747	hprc_asian	DQA1	4	complete	1	1	0	1
NA18747	EAS	NA18747	hprc_asian	DQB1	2	complete	1	1	1	2
NA18747	EAS	NA18747	hprc_asian	DQB1	4	complete	1	1	1	2
NA18747	EAS	NA18747	hprc_asian	DRB1	2	complete	1	1	1	2
NA18747	EAS	NA18747	hprc_asian	DRB1	4	complete	0	0	0	0
NA18747	EAS	NA18747	ipd_genome	A	2	complete	1	1	1	2
NA18747	EAS	NA18747	ipd_genome	A	4	complete	1	1	1	2
NA18747	EAS	NA18747	ipd_genome	B	2	complete	1	1	1	2
NA18747	EAS	NA18747	ipd_genome	B	4	complete	1	1	1	2
NA18747	EAS	NA18747	ipd_genome	C	2	complete	1	1	1	2
NA18747	EAS	NA18747	ipd_genome	C	4	complete	1	1	1	2
NA18747	EAS	NA18747	ipd_genome	DPA1	2	complete	1	1	1	2
NA18747	EAS	NA18747	ipd_genome	DPA1	4	complete	0	0	0	0
NA18747	EAS	NA18747	ipd_genome	DPB1	2	complete	1	1	1	2
NA18747	EAS	NA18747	ipd_genome	DPB1	4	complete	1	1	1	2
NA18747	EAS	NA18747	ipd_genome	DQA1	2	complete	1	1	1	2
NA18747	EAS	NA18747	ipd_genome	DQA1	4	complete	1	1	1	2
NA18747	EAS	NA18747	ipd_genome	DQB1	2	complete	1	1	1	2
NA18747	EAS	NA18747	ipd_genome	DQB1	4	complete	1	1	1	2
NA18747	EAS	NA18747	ipd_genome	DRB1	2	complete	1	1	1	2
NA18747	EAS	NA18747	ipd_genome	DRB1	4	complete	0	0	0	0
NA18747	EAS	NA18747	genome_hprc	A	2	complete	1	1	1	2
NA18747	EAS	NA18747	genome_hprc	A	4	complete	1	1	1	2
NA18747	EAS	NA18747	genome_hprc	B	2	complete	1	1	0	0
NA18747	EAS	NA18747	genome_hprc	B	4	complete	1	1	0	0
NA18747	EAS	NA18747	genome_hprc	C	2	complete	1	1	1	2
NA18747	EAS	NA18747	genome_hprc	C	4	complete	1	1	1	2
NA18747	EAS	NA18747	genome_hprc	DPA1	2	complete	1	1	1	2
NA18747	EAS	NA18747	genome_hprc	DPA1	4	complete	0	0	0	0
NA18747	EAS	NA18747	genome_hprc	DPB1	2	complete	1	1	1	2
NA18747	EAS	NA18747	genome_hprc	DPB1	4	complete	1	1	0	0
NA18747	EAS	NA18747	genome_hprc	DQA1	2	complete	1	1	1	2
NA18747	EAS	NA18747	genome_hprc	DQA1	4	complete	1	1	1	2
NA18747	EAS	NA18747	genome_hprc	DQB1	2	complete	1	1	1	2
NA18747	EAS	NA18747	genome_hprc	DQB1	4	complete	1	1	1	2
NA18747	EAS	NA18747	genome_hprc	DRB1	2	complete	1	1	1	2
NA18747	EAS	NA18747	genome_hprc	DRB1	4	complete	0	0	0	0
NA18747	EAS	NA18747	genome_hprc_asian	A	2	complete	1	1	1	2
NA18747	EAS	NA18747	genome_hprc_asian	A	4	complete	1	1	1	2
NA18747	EAS	NA18747	genome_hprc_asian	B	2	complete	1	1	0	1
NA18747	EAS	NA18747	genome_hprc_asian	B	4	complete	1	1	0	0
NA18747	EAS	NA18747	genome_hprc_asian	C	2	complete	1	1	1	2
NA18747	EAS	NA18747	genome_hprc_asian	C	4	complete	1	1	1	2
NA18747	EAS	NA18747	genome_hprc_asian	DPA1	2	complete	1	1	1	2
NA18747	EAS	NA18747	genome_hprc_asian	DPA1	4	complete	0	0	0	0
NA18747	EAS	NA18747	genome_hprc_asian	DPB1	2	complete	1	1	1	2
NA18747	EAS	NA18747	genome_hprc_asian	DPB1	4	complete	1	1	0	1
NA18747	EAS	NA18747	genome_hprc_asian	DQA1	2	complete	1	1	1	2
NA18747	EAS	NA18747	genome_hprc_asian	DQA1	4	complete	1	1	1	2
NA18747	EAS	NA18747	genome_hprc_asian	DQB1	2	complete	1	1	1	2
NA18747	EAS	NA18747	genome_hprc_asian	DQB1	4	complete	1	1	1	2
NA18747	EAS	NA18747	genome_hprc_asian	DRB1	2	complete	1	1	1	2
NA18747	EAS	NA18747	genome_hprc_asian	DRB1	4	complete	0	0	0	0
NA19088	EAS	NA19088	T1K	A	2	complete	1	1	1	2
NA19088	EAS	NA19088	T1K	A	4	complete	1	1	1	2
NA19088	EAS	NA19088	T1K	B	2	complete	1	1	1	2
NA19088	EAS	NA19088	T1K	B	4	complete	0	0	0	0
NA19088	EAS	NA19088	T1K	C	2	complete	1	1	1	2
NA19088	EAS	NA19088	T1K	C	4	complete	1	1	1	2
NA19088	EAS	NA19088	T1K	DPA1	2	complete	1	1	1	2
NA19088	EAS	NA19088	T1K	DPA1	4	complete	1	1	0	1
NA19088	EAS	NA19088	T1K	DPB1	2	complete	1	1	1	2
NA19088	EAS	NA19088	T1K	DPB1	4	complete	0	0	0	0
NA19088	EAS	NA19088	T1K	DQA1	2	complete	1	1	1	2
NA19088	EAS	NA19088	T1K	DQA1	4	complete	1	1	1	2
NA19088	EAS	NA19088	T1K	DQB1	2	complete	1	1	1	2
NA19088	EAS	NA19088	T1K	DQB1	4	complete	1	1	0	1
NA19088	EAS	NA19088	T1K	DRB1	2	complete	1	1	1	2
NA19088	EAS	NA19088	T1K	DRB1	4	complete	0	0	0	0
NA19088	EAS	NA19088	hprc	A	2	complete	1	1	0	1
NA19088	EAS	NA19088	hprc	A	4	complete	1	1	0	1
NA19088	EAS	NA19088	hprc	B	2	complete	1	1	1	2
NA19088	EAS	NA19088	hprc	B	4	complete	0	0	0	0
NA19088	EAS	NA19088	hprc	C	2	complete	1	1	1	2
NA19088	EAS	NA19088	hprc	C	4	complete	1	1	1	2
NA19088	EAS	NA19088	hprc	DPA1	2	complete	1	1	1	2
NA19088	EAS	NA19088	hprc	DPA1	4	complete	1	1	1	2
NA19088	EAS	NA19088	hprc	DPB1	2	complete	1	1	1	2
NA19088	EAS	NA19088	hprc	DPB1	4	complete	0	0	0	0
NA19088	EAS	NA19088	hprc	DQA1	2	complete	1	1	0	1
NA19088	EAS	NA19088	hprc	DQA1	4	complete	1	1	0	1
NA19088	EAS	NA19088	hprc	DQB1	2	complete	1	1	1	2
NA19088	EAS	NA19088	hprc	DQB1	4	complete	1	1	0	1
NA19088	EAS	NA19088	hprc	DRB1	2	complete	1	1	0	1
NA19088	EAS	NA19088	hprc	DRB1	4	complete	0	0	0	0
NA19088	EAS	NA19088	hprc_asian	A	2	complete	1	1	0	1
NA19088	EAS	NA19088	hprc_asian	A	4	complete	1	1	0	1
NA19088	EAS	NA19088	hprc_asian	B	2	complete	1	1	1	2
NA19088	EAS	NA19088	hprc_asian	B	4	complete	0	0	0	0
NA19088	EAS	NA19088	hprc_asian	C	2	complete	1	1	1	2
NA19088	EAS	NA19088	hprc_asian	C	4	complete	1	1	1	2
NA19088	EAS	NA19088	hprc_asian	DPA1	2	complete	1	1	1	2
NA19088	EAS	NA19088	hprc_asian	DPA1	4	complete	1	1	1	2
NA19088	EAS	NA19088	hprc_asian	DPB1	2	complete	1	1	1	2
NA19088	EAS	NA19088	hprc_asian	DPB1	4	complete	0	0	0	0
NA19088	EAS	NA19088	hprc_asian	DQA1	2	complete	1	1	1	2
NA19088	EAS	NA19088	hprc_asian	DQA1	4	complete	1	1	1	2
NA19088	EAS	NA19088	hprc_asian	DQB1	2	complete	1	1	1	2
NA19088	EAS	NA19088	hprc_asian	DQB1	4	complete	1	1	1	2
NA19088	EAS	NA19088	hprc_asian	DRB1	2	complete	1	1	1	2
NA19088	EAS	NA19088	hprc_asian	DRB1	4	complete	0	0	0	0
NA19088	EAS	NA19088	ipd_genome	A	2	complete	1	1	1	2
NA19088	EAS	NA19088	ipd_genome	A	4	complete	1	1	1	2
NA19088	EAS	NA19088	ipd_genome	B	2	complete	1	1	1	2
NA19088	EAS	NA19088	ipd_genome	B	4	complete	0	0	0	0
NA19088	EAS	NA19088	ipd_genome	C	2	complete	1	1	1	2
NA19088	EAS	NA19088	ipd_genome	C	4	complete	1	1	1	2
NA19088	EAS	NA19088	ipd_genome	DPA1	2	complete	1	1	1	2
NA19088	EAS	NA19088	ipd_genome	DPA1	4	complete	1	1	1	2
NA19088	EAS	NA19088	ipd_genome	DPB1	2	complete	1	1	1	2
NA19088	EAS	NA19088	ipd_genome	DPB1	4	complete	0	0	0	0
NA19088	EAS	NA19088	ipd_genome	DQA1	2	complete	1	1	1	2
NA19088	EAS	NA19088	ipd_genome	DQA1	4	complete	1	1	1	2
NA19088	EAS	NA19088	ipd_genome	DQB1	2	complete	1	1	1	2
NA19088	EAS	NA19088	ipd_genome	DQB1	4	complete	1	1	1	2
NA19088	EAS	NA19088	ipd_genome	DRB1	2	complete	1	1	1	2
NA19088	EAS	NA19088	ipd_genome	DRB1	4	complete	0	0	0	0
NA19088	EAS	NA19088	genome_hprc	A	2	complete	1	1	0	1
NA19088	EAS	NA19088	genome_hprc	A	4	complete	1	1	0	1
NA19088	EAS	NA19088	genome_hprc	B	2	complete	1	1	0	1
NA19088	EAS	NA19088	genome_hprc	B	4	complete	0	0	0	0
NA19088	EAS	NA19088	genome_hprc	C	2	complete	1	1	1	2
NA19088	EAS	NA19088	genome_hprc	C	4	complete	1	1	1	2
NA19088	EAS	NA19088	genome_hprc	DPA1	2	complete	1	1	1	2
NA19088	EAS	NA19088	genome_hprc	DPA1	4	complete	1	1	1	2
NA19088	EAS	NA19088	genome_hprc	DPB1	2	complete	1	1	1	2
NA19088	EAS	NA19088	genome_hprc	DPB1	4	complete	0	0	0	0
NA19088	EAS	NA19088	genome_hprc	DQA1	2	complete	1	1	0	1
NA19088	EAS	NA19088	genome_hprc	DQA1	4	complete	1	1	0	1
NA19088	EAS	NA19088	genome_hprc	DQB1	2	complete	1	1	1	2
NA19088	EAS	NA19088	genome_hprc	DQB1	4	complete	1	1	0	1
NA19088	EAS	NA19088	genome_hprc	DRB1	2	complete	1	1	0	1
NA19088	EAS	NA19088	genome_hprc	DRB1	4	complete	0	0	0	0
NA19088	EAS	NA19088	genome_hprc_asian	A	2	complete	1	1	0	1
NA19088	EAS	NA19088	genome_hprc_asian	A	4	complete	1	1	0	1
NA19088	EAS	NA19088	genome_hprc_asian	B	2	complete	1	1	0	1
NA19088	EAS	NA19088	genome_hprc_asian	B	4	complete	0	0	0	0
NA19088	EAS	NA19088	genome_hprc_asian	C	2	complete	1	1	1	2
NA19088	EAS	NA19088	genome_hprc_asian	C	4	complete	1	1	1	2
NA19088	EAS	NA19088	genome_hprc_asian	DPA1	2	complete	1	1	1	2
NA19088	EAS	NA19088	genome_hprc_asian	DPA1	4	complete	1	1	1	2
NA19088	EAS	NA19088	genome_hprc_asian	DPB1	2	complete	1	1	1	2
NA19088	EAS	NA19088	genome_hprc_asian	DPB1	4	complete	0	0	0	0
NA19088	EAS	NA19088	genome_hprc_asian	DQA1	2	complete	1	1	1	2
NA19088	EAS	NA19088	genome_hprc_asian	DQA1	4	complete	1	1	1	2
NA19088	EAS	NA19088	genome_hprc_asian	DQB1	2	complete	1	1	1	2
NA19088	EAS	NA19088	genome_hprc_asian	DQB1	4	complete	1	1	1	2
NA19088	EAS	NA19088	genome_hprc_asian	DRB1	2	complete	1	1	1	2
NA19088	EAS	NA19088	genome_hprc_asian	DRB1	4	complete	0	0	0	0
HG01530	EUR	IBS011	T1K	A	2	complete	1	1	1	2
HG01530	EUR	IBS011	T1K	A	4	complete	1	1	1	2
HG01530	EUR	IBS011	T1K	B	2	complete	1	1	1	2
HG01530	EUR	IBS011	T1K	B	4	complete	0	0	0	0
HG01530	EUR	IBS011	T1K	C	2	complete	1	1	1	2
HG01530	EUR	IBS011	T1K	C	4	complete	1	1	1	2
HG01530	EUR	IBS011	T1K	DPA1	2	complete	1	1	1	2
HG01530	EUR	IBS011	T1K	DPA1	4	complete	1	1	1	2
HG01530	EUR	IBS011	T1K	DPB1	2	complete	1	1	1	2
HG01530	EUR	IBS011	T1K	DPB1	4	complete	1	1	0	0
HG01530	EUR	IBS011	T1K	DQA1	2	complete	1	1	1	2
HG01530	EUR	IBS011	T1K	DQA1	4	complete	1	1	1	2
HG01530	EUR	IBS011	T1K	DQB1	2	complete	1	1	1	2
HG01530	EUR	IBS011	T1K	DQB1	4	complete	1	1	0	1
HG01530	EUR	IBS011	T1K	DRB1	2	complete	1	1	1	2
HG01530	EUR	IBS011	T1K	DRB1	4	complete	1	1	1	2
HG01530	EUR	IBS011	hprc	A	2	complete	1	1	1	2
HG01530	EUR	IBS011	hprc	A	4	complete	1	1	0	1
HG01530	EUR	IBS011	hprc	B	2	complete	1	1	0	1
HG01530	EUR	IBS011	hprc	B	4	complete	0	0	0	0
HG01530	EUR	IBS011	hprc	C	2	complete	1	1	1	2
HG01530	EUR	IBS011	hprc	C	4	complete	1	1	1	2
HG01530	EUR	IBS011	hprc	DPA1	2	complete	1	1	1	2
HG01530	EUR	IBS011	hprc	DPA1	4	complete	1	1	1	2
HG01530	EUR	IBS011	hprc	DPB1	2	complete	1	1	1	2
HG01530	EUR	IBS011	hprc	DPB1	4	complete	1	1	0	1
HG01530	EUR	IBS011	hprc	DQA1	2	complete	1	1	1	2
HG01530	EUR	IBS011	hprc	DQA1	4	complete	1	1	1	2
HG01530	EUR	IBS011	hprc	DQB1	2	complete	1	1	1	2
HG01530	EUR	IBS011	hprc	DQB1	4	complete	1	1	1	2
HG01530	EUR	IBS011	hprc	DRB1	2	complete	1	1	0	1
HG01530	EUR	IBS011	hprc	DRB1	4	complete	1	0	0	0
HG01530	EUR	IBS011	hprc_asian	A	2	complete	1	1	1	2
HG01530	EUR	IBS011	hprc_asian	A	4	complete	1	1	1	2
HG01530	EUR	IBS011	hprc_asian	B	2	complete	1	1	1	2
HG01530	EUR	IBS011	hprc_asian	B	4	complete	0	0	0	0
HG01530	EUR	IBS011	hprc_asian	C	2	complete	1	1	1	2
HG01530	EUR	IBS011	hprc_asian	C	4	complete	1	1	1	2
HG01530	EUR	IBS011	hprc_asian	DPA1	2	complete	1	1	1	2
HG01530	EUR	IBS011	hprc_asian	DPA1	4	complete	1	1	1	2
HG01530	EUR	IBS011	hprc_asian	DPB1	2	complete	1	1	1	2
HG01530	EUR	IBS011	hprc_asian	DPB1	4	complete	1	1	0	1
HG01530	EUR	IBS011	hprc_asian	DQA1	2	complete	1	1	1	2
HG01530	EUR	IBS011	hprc_asian	DQA1	4	complete	1	1	1	2
HG01530	EUR	IBS011	hprc_asian	DQB1	2	complete	1	1	1	2
HG01530	EUR	IBS011	hprc_asian	DQB1	4	complete	1	1	1	2
HG01530	EUR	IBS011	hprc_asian	DRB1	2	complete	1	1	0	1
HG01530	EUR	IBS011	hprc_asian	DRB1	4	complete	1	0	0	0
HG01530	EUR	IBS011	ipd_genome	A	2	complete	1	1	1	2
HG01530	EUR	IBS011	ipd_genome	A	4	complete	1	1	1	2
HG01530	EUR	IBS011	ipd_genome	B	2	complete	1	1	1	2
HG01530	EUR	IBS011	ipd_genome	B	4	complete	0	0	0	0
HG01530	EUR	IBS011	ipd_genome	C	2	complete	1	1	1	2
HG01530	EUR	IBS011	ipd_genome	C	4	complete	1	1	1	2
HG01530	EUR	IBS011	ipd_genome	DPA1	2	complete	1	1	1	2
HG01530	EUR	IBS011	ipd_genome	DPA1	4	complete	1	1	1	2
HG01530	EUR	IBS011	ipd_genome	DPB1	2	complete	1	1	1	2
HG01530	EUR	IBS011	ipd_genome	DPB1	4	complete	1	1	1	2
HG01530	EUR	IBS011	ipd_genome	DQA1	2	complete	1	1	1	2
HG01530	EUR	IBS011	ipd_genome	DQA1	4	complete	1	1	0	1
HG01530	EUR	IBS011	ipd_genome	DQB1	2	complete	1	1	1	2
HG01530	EUR	IBS011	ipd_genome	DQB1	4	complete	1	1	1	2
HG01530	EUR	IBS011	ipd_genome	DRB1	2	complete	1	1	1	2
HG01530	EUR	IBS011	ipd_genome	DRB1	4	complete	1	1	1	2
HG01530	EUR	IBS011	genome_hprc	A	2	complete	1	1	1	2
HG01530	EUR	IBS011	genome_hprc	A	4	complete	1	1	0	1
HG01530	EUR	IBS011	genome_hprc	B	2	complete	1	1	0	1
HG01530	EUR	IBS011	genome_hprc	B	4	complete	0	0	0	0
HG01530	EUR	IBS011	genome_hprc	C	2	complete	1	1	1	2
HG01530	EUR	IBS011	genome_hprc	C	4	complete	1	1	1	2
HG01530	EUR	IBS011	genome_hprc	DPA1	2	complete	1	1	1	2
HG01530	EUR	IBS011	genome_hprc	DPA1	4	complete	1	1	1	2
HG01530	EUR	IBS011	genome_hprc	DPB1	2	complete	1	1	1	2
HG01530	EUR	IBS011	genome_hprc	DPB1	4	complete	1	1	1	2
HG01530	EUR	IBS011	genome_hprc	DQA1	2	complete	1	1	1	2
HG01530	EUR	IBS011	genome_hprc	DQA1	4	complete	1	1	1	2
HG01530	EUR	IBS011	genome_hprc	DQB1	2	complete	1	1	1	2
HG01530	EUR	IBS011	genome_hprc	DQB1	4	complete	1	1	1	2
HG01530	EUR	IBS011	genome_hprc	DRB1	2	complete	1	1	1	2
HG01530	EUR	IBS011	genome_hprc	DRB1	4	complete	1	0	0	1
HG01530	EUR	IBS011	genome_hprc_asian	A	2	complete	1	1	1	2
HG01530	EUR	IBS011	genome_hprc_asian	A	4	complete	1	1	1	2
HG01530	EUR	IBS011	genome_hprc_asian	B	2	complete	1	1	1	2
HG01530	EUR	IBS011	genome_hprc_asian	B	4	complete	0	0	0	0
HG01530	EUR	IBS011	genome_hprc_asian	C	2	complete	1	1	1	2
HG01530	EUR	IBS011	genome_hprc_asian	C	4	complete	1	1	1	2
HG01530	EUR	IBS011	genome_hprc_asian	DPA1	2	complete	1	1	1	2
HG01530	EUR	IBS011	genome_hprc_asian	DPA1	4	complete	1	1	1	2
HG01530	EUR	IBS011	genome_hprc_asian	DPB1	2	complete	1	1	1	2
HG01530	EUR	IBS011	genome_hprc_asian	DPB1	4	complete	1	1	1	2
HG01530	EUR	IBS011	genome_hprc_asian	DQA1	2	complete	1	1	1	2
HG01530	EUR	IBS011	genome_hprc_asian	DQA1	4	complete	1	1	1	2
HG01530	EUR	IBS011	genome_hprc_asian	DQB1	2	complete	1	1	1	2
HG01530	EUR	IBS011	genome_hprc_asian	DQB1	4	complete	1	1	1	2
HG01530	EUR	IBS011	genome_hprc_asian	DRB1	2	complete	1	1	1	2
HG01530	EUR	IBS011	genome_hprc_asian	DRB1	4	complete	1	0	0	1
NA20806	EUR	NA20806	T1K	A	2	complete	1	1	1	2
NA20806	EUR	NA20806	T1K	A	4	complete	1	1	1	2
NA20806	EUR	NA20806	T1K	B	2	complete	1	1	1	2
NA20806	EUR	NA20806	T1K	B	4	complete	1	1	1	2
NA20806	EUR	NA20806	T1K	C	2	complete	1	1	1	2
NA20806	EUR	NA20806	T1K	C	4	complete	1	1	0	1
NA20806	EUR	NA20806	T1K	DPA1	2	complete	1	1	1	2
NA20806	EUR	NA20806	T1K	DPA1	4	complete	1	1	0	1
NA20806	EUR	NA20806	T1K	DPB1	2	complete	1	1	1	2
NA20806	EUR	NA20806	T1K	DPB1	4	complete	1	1	0	1
NA20806	EUR	NA20806	T1K	DQA1	2	complete	1	1	1	2
NA20806	EUR	NA20806	T1K	DQA1	4	complete	1	1	1	2
NA20806	EUR	NA20806	T1K	DQB1	2	complete	1	1	1	2
NA20806	EUR	NA20806	T1K	DQB1	4	complete	1	1	1	2
NA20806	EUR	NA20806	T1K	DRB1	2	complete	1	1	1	2
NA20806	EUR	NA20806	T1K	DRB1	4	complete	1	1	0	0
NA20806	EUR	NA20806	hprc	A	2	complete	1	1	1	2
NA20806	EUR	NA20806	hprc	A	4	complete	1	1	1	2
NA20806	EUR	NA20806	hprc	B	2	complete	1	1	0	1
NA20806	EUR	NA20806	hprc	B	4	complete	1	1	0	1
NA20806	EUR	NA20806	hprc	C	2	complete	1	1	1	2
NA20806	EUR	NA20806	hprc	C	4	complete	1	1	1	2
NA20806	EUR	NA20806	hprc	DPA1	2	complete	1	1	1	2
NA20806	EUR	NA20806	hprc	DPA1	4	complete	1	1	1	2
NA20806	EUR	NA20806	hprc	DPB1	2	complete	1	1	1	2
NA20806	EUR	NA20806	hprc	DPB1	4	complete	1	0	0	0
NA20806	EUR	NA20806	hprc	DQA1	2	complete	1	1	1	2
NA20806	EUR	NA20806	hprc	DQA1	4	complete	1	1	1	2
NA20806	EUR	NA20806	hprc	DQB1	2	complete	1	1	1	2
NA20806	EUR	NA20806	hprc	DQB1	4	complete	1	1	1	2
NA20806	EUR	NA20806	hprc	DRB1	2	complete	1	1	0	1
NA20806	EUR	NA20806	hprc	DRB1	4	complete	1	0	0	0
NA20806	EUR	NA20806	hprc_asian	A	2	complete	1	1	1	2
NA20806	EUR	NA20806	hprc_asian	A	4	complete	1	1	1	2
NA20806	EUR	NA20806	hprc_asian	B	2	complete	1	1	1	2
NA20806	EUR	NA20806	hprc_asian	B	4	complete	1	1	1	2
NA20806	EUR	NA20806	hprc_asian	C	2	complete	1	1	1	2
NA20806	EUR	NA20806	hprc_asian	C	4	complete	1	1	1	2
NA20806	EUR	NA20806	hprc_asian	DPA1	2	complete	1	1	1	2
NA20806	EUR	NA20806	hprc_asian	DPA1	4	complete	1	1	1	2
NA20806	EUR	NA20806	hprc_asian	DPB1	2	complete	1	1	1	2
NA20806	EUR	NA20806	hprc_asian	DPB1	4	complete	1	0	0	0
NA20806	EUR	NA20806	hprc_asian	DQA1	2	complete	1	1	1	2
NA20806	EUR	NA20806	hprc_asian	DQA1	4	complete	1	1	1	2
NA20806	EUR	NA20806	hprc_asian	DQB1	2	complete	1	1	1	2
NA20806	EUR	NA20806	hprc_asian	DQB1	4	complete	1	1	1	2
NA20806	EUR	NA20806	hprc_asian	DRB1	2	complete	1	1	1	2
NA20806	EUR	NA20806	hprc_asian	DRB1	4	complete	1	0	0	1
NA20806	EUR	NA20806	ipd_genome	A	2	complete	1	1	1	2
NA20806	EUR	NA20806	ipd_genome	A	4	complete	1	1	1	2
NA20806	EUR	NA20806	ipd_genome	B	2	complete	1	1	1	2
NA20806	EUR	NA20806	ipd_genome	B	4	complete	1	1	1	2
NA20806	EUR	NA20806	ipd_genome	C	2	complete	1	1	1	2
NA20806	EUR	NA20806	ipd_genome	C	4	complete	1	1	1	2
NA20806	EUR	NA20806	ipd_genome	DPA1	2	complete	1	1	1	2
NA20806	EUR	NA20806	ipd_genome	DPA1	4	complete	1	1	1	2
NA20806	EUR	NA20806	ipd_genome	DPB1	2	complete	1	1	1	2
NA20806	EUR	NA20806	ipd_genome	DPB1	4	complete	1	1	0	1
NA20806	EUR	NA20806	ipd_genome	DQA1	2	complete	1	1	1	2
NA20806	EUR	NA20806	ipd_genome	DQA1	4	complete	1	1	1	2
NA20806	EUR	NA20806	ipd_genome	DQB1	2	complete	1	1	1	2
NA20806	EUR	NA20806	ipd_genome	DQB1	4	complete	1	1	1	2
NA20806	EUR	NA20806	ipd_genome	DRB1	2	complete	1	1	1	2
NA20806	EUR	NA20806	ipd_genome	DRB1	4	complete	1	1	0	0
NA20806	EUR	NA20806	genome_hprc	A	2	complete	1	1	1	2
NA20806	EUR	NA20806	genome_hprc	A	4	complete	1	1	1	2
NA20806	EUR	NA20806	genome_hprc	B	2	complete	1	1	0	1
NA20806	EUR	NA20806	genome_hprc	B	4	complete	1	1	0	1
NA20806	EUR	NA20806	genome_hprc	C	2	complete	1	1	1	2
NA20806	EUR	NA20806	genome_hprc	C	4	complete	1	1	1	2
NA20806	EUR	NA20806	genome_hprc	DPA1	2	complete	1	1	1	2
NA20806	EUR	NA20806	genome_hprc	DPA1	4	complete	1	1	1	2
NA20806	EUR	NA20806	genome_hprc	DPB1	2	complete	1	1	1	2
NA20806	EUR	NA20806	genome_hprc	DPB1	4	complete	1	1	0	1
NA20806	EUR	NA20806	genome_hprc	DQA1	2	complete	1	1	1	2
NA20806	EUR	NA20806	genome_hprc	DQA1	4	complete	1	1	1	2
NA20806	EUR	NA20806	genome_hprc	DQB1	2	complete	1	1	1	2
NA20806	EUR	NA20806	genome_hprc	DQB1	4	complete	1	1	1	2
NA20806	EUR	NA20806	genome_hprc	DRB1	2	complete	1	1	0	1
NA20806	EUR	NA20806	genome_hprc	DRB1	4	complete	1	0	0	0
NA20806	EUR	NA20806	genome_hprc_asian	A	2	complete	1	1	1	2
NA20806	EUR	NA20806	genome_hprc_asian	A	4	complete	1	1	1	2
NA20806	EUR	NA20806	genome_hprc_asian	B	2	complete	1	1	1	2
NA20806	EUR	NA20806	genome_hprc_asian	B	4	complete	1	1	1	2
NA20806	EUR	NA20806	genome_hprc_asian	C	2	complete	1	1	1	2
NA20806	EUR	NA20806	genome_hprc_asian	C	4	complete	1	1	1	2
NA20806	EUR	NA20806	genome_hprc_asian	DPA1	2	complete	1	1	1	2
NA20806	EUR	NA20806	genome_hprc_asian	DPA1	4	complete	1	1	1	2
NA20806	EUR	NA20806	genome_hprc_asian	DPB1	2	complete	1	1	1	2
NA20806	EUR	NA20806	genome_hprc_asian	DPB1	4	complete	1	1	0	1
NA20806	EUR	NA20806	genome_hprc_asian	DQA1	2	complete	1	1	1	2
NA20806	EUR	NA20806	genome_hprc_asian	DQA1	4	complete	1	0	0	1
NA20806	EUR	NA20806	genome_hprc_asian	DQB1	2	complete	1	1	1	2
NA20806	EUR	NA20806	genome_hprc_asian	DQB1	4	complete	1	1	1	2
NA20806	EUR	NA20806	genome_hprc_asian	DRB1	2	complete	1	1	1	2
NA20806	EUR	NA20806	genome_hprc_asian	DRB1	4	complete	1	0	0	1
HG00321	EUR	HG00321	T1K	A	2	complete	1	1	1	2
HG00321	EUR	HG00321	T1K	A	4	complete	1	1	1	2
HG00321	EUR	HG00321	T1K	B	2	complete	1	1	1	2
HG00321	EUR	HG00321	T1K	B	4	complete	1	1	0	1
HG00321	EUR	HG00321	T1K	C	2	complete	1	1	1	2
HG00321	EUR	HG00321	T1K	C	4	complete	1	1	1	2
HG00321	EUR	HG00321	T1K	DPA1	2	complete	1	1	1	2
HG00321	EUR	HG00321	T1K	DPA1	4	complete	1	1	1	2
HG00321	EUR	HG00321	T1K	DPB1	2	complete	1	1	1	2
HG00321	EUR	HG00321	T1K	DPB1	4	complete	1	1	1	2
HG00321	EUR	HG00321	T1K	DQA1	2	complete	1	1	1	2
HG00321	EUR	HG00321	T1K	DQA1	4	complete	1	1	0	1
HG00321	EUR	HG00321	T1K	DQB1	2	complete	1	1	1	2
HG00321	EUR	HG00321	T1K	DQB1	4	complete	1	1	1	2
HG00321	EUR	HG00321	T1K	DRB1	2	complete	1	1	1	2
HG00321	EUR	HG00321	T1K	DRB1	4	complete	0	0	0	0
HG00321	EUR	HG00321	hprc	A	2	complete	1	1	1	2
HG00321	EUR	HG00321	hprc	A	4	complete	1	1	1	2
HG00321	EUR	HG00321	hprc	B	2	complete	1	1	1	2
HG00321	EUR	HG00321	hprc	B	4	complete	1	1	1	2
HG00321	EUR	HG00321	hprc	C	2	complete	1	1	1	2
HG00321	EUR	HG00321	hprc	C	4	complete	1	1	1	2
HG00321	EUR	HG00321	hprc	DPA1	2	complete	1	1	1	2
HG00321	EUR	HG00321	hprc	DPA1	4	complete	1	1	1	2
HG00321	EUR	HG00321	hprc	DPB1	2	complete	1	1	1	2
HG00321	EUR	HG00321	hprc	DPB1	4	complete	1	1	0	0
HG00321	EUR	HG00321	hprc	DQA1	2	complete	1	1	1	2
HG00321	EUR	HG00321	hprc	DQA1	4	complete	1	1	1	2
HG00321	EUR	HG00321	hprc	DQB1	2	complete	1	1	1	2
HG00321	EUR	HG00321	hprc	DQB1	4	complete	1	1	1	2
HG00321	EUR	HG00321	hprc	DRB1	2	complete	1	1	1	2
HG00321	EUR	HG00321	hprc	DRB1	4	complete	0	0	0	0
HG00321	EUR	HG00321	hprc_asian	A	2	complete	1	1	1	2
HG00321	EUR	HG00321	hprc_asian	A	4	complete	1	1	1	2
HG00321	EUR	HG00321	hprc_asian	B	2	complete	1	1	1	2
HG00321	EUR	HG00321	hprc_asian	B	4	complete	1	1	1	2
HG00321	EUR	HG00321	hprc_asian	C	2	complete	1	1	1	2
HG00321	EUR	HG00321	hprc_asian	C	4	complete	1	1	1	2
HG00321	EUR	HG00321	hprc_asian	DPA1	2	complete	1	1	1	2
HG00321	EUR	HG00321	hprc_asian	DPA1	4	complete	1	1	1	2
HG00321	EUR	HG00321	hprc_asian	DPB1	2	complete	1	1	1	2
HG00321	EUR	HG00321	hprc_asian	DPB1	4	complete	1	1	0	0
HG00321	EUR	HG00321	hprc_asian	DQA1	2	complete	1	1	1	2
HG00321	EUR	HG00321	hprc_asian	DQA1	4	complete	1	1	1	2
HG00321	EUR	HG00321	hprc_asian	DQB1	2	complete	1	1	1	2
HG00321	EUR	HG00321	hprc_asian	DQB1	4	complete	1	1	1	2
HG00321	EUR	HG00321	hprc_asian	DRB1	2	complete	1	1	1	2
HG00321	EUR	HG00321	hprc_asian	DRB1	4	complete	0	0	0	0
HG00321	EUR	HG00321	ipd_genome	A	2	complete	1	1	1	2
HG00321	EUR	HG00321	ipd_genome	A	4	complete	1	1	1	2
HG00321	EUR	HG00321	ipd_genome	B	2	complete	1	1	1	2
HG00321	EUR	HG00321	ipd_genome	B	4	complete	1	1	1	2
HG00321	EUR	HG00321	ipd_genome	C	2	complete	1	1	1	2
HG00321	EUR	HG00321	ipd_genome	C	4	complete	1	1	1	2
HG00321	EUR	HG00321	ipd_genome	DPA1	2	complete	1	1	1	2
HG00321	EUR	HG00321	ipd_genome	DPA1	4	complete	1	1	1	2
HG00321	EUR	HG00321	ipd_genome	DPB1	2	complete	1	1	1	2
HG00321	EUR	HG00321	ipd_genome	DPB1	4	complete	1	1	1	2
HG00321	EUR	HG00321	ipd_genome	DQA1	2	complete	1	1	1	2
HG00321	EUR	HG00321	ipd_genome	DQA1	4	complete	1	1	1	2
HG00321	EUR	HG00321	ipd_genome	DQB1	2	complete	1	1	1	2
HG00321	EUR	HG00321	ipd_genome	DQB1	4	complete	1	1	1	2
HG00321	EUR	HG00321	ipd_genome	DRB1	2	complete	1	1	1	2
HG00321	EUR	HG00321	ipd_genome	DRB1	4	complete	0	0	0	0
HG00321	EUR	HG00321	genome_hprc	A	2	complete	1	1	1	2
HG00321	EUR	HG00321	genome_hprc	A	4	complete	1	1	1	2
HG00321	EUR	HG00321	genome_hprc	B	2	complete	1	1	1	2
HG00321	EUR	HG00321	genome_hprc	B	4	complete	1	1	1	2
HG00321	EUR	HG00321	genome_hprc	C	2	complete	1	1	1	2
HG00321	EUR	HG00321	genome_hprc	C	4	complete	1	1	1	2
HG00321	EUR	HG00321	genome_hprc	DPA1	2	complete	1	1	1	2
HG00321	EUR	HG00321	genome_hprc	DPA1	4	complete	1	1	1	2
HG00321	EUR	HG00321	genome_hprc	DPB1	2	complete	1	1	1	2
HG00321	EUR	HG00321	genome_hprc	DPB1	4	complete	1	1	1	2
HG00321	EUR	HG00321	genome_hprc	DQA1	2	complete	1	1	1	2
HG00321	EUR	HG00321	genome_hprc	DQA1	4	complete	1	1	1	2
HG00321	EUR	HG00321	genome_hprc	DQB1	2	complete	1	1	1	2
HG00321	EUR	HG00321	genome_hprc	DQB1	4	complete	1	1	1	2
HG00321	EUR	HG00321	genome_hprc	DRB1	2	complete	1	1	1	2
HG00321	EUR	HG00321	genome_hprc	DRB1	4	complete	0	0	0	0
HG00321	EUR	HG00321	genome_hprc_asian	A	2	complete	1	1	1	2
HG00321	EUR	HG00321	genome_hprc_asian	A	4	complete	1	1	1	2
HG00321	EUR	HG00321	genome_hprc_asian	B	2	complete	1	1	1	2
HG00321	EUR	HG00321	genome_hprc_asian	B	4	complete	1	1	1	2
HG00321	EUR	HG00321	genome_hprc_asian	C	2	complete	1	1	1	2
HG00321	EUR	HG00321	genome_hprc_asian	C	4	complete	1	1	1	2
HG00321	EUR	HG00321	genome_hprc_asian	DPA1	2	complete	1	1	1	2
HG00321	EUR	HG00321	genome_hprc_asian	DPA1	4	complete	1	1	1	2
HG00321	EUR	HG00321	genome_hprc_asian	DPB1	2	complete	1	1	1	2
HG00321	EUR	HG00321	genome_hprc_asian	DPB1	4	complete	1	1	1	2
HG00321	EUR	HG00321	genome_hprc_asian	DQA1	2	complete	1	1	1	2
HG00321	EUR	HG00321	genome_hprc_asian	DQA1	4	complete	1	1	1	2
HG00321	EUR	HG00321	genome_hprc_asian	DQB1	2	complete	1	1	1	2
HG00321	EUR	HG00321	genome_hprc_asian	DQB1	4	complete	1	1	1	2
HG00321	EUR	HG00321	genome_hprc_asian	DRB1	2	complete	1	1	1	2
HG00321	EUR	HG00321	genome_hprc_asian	DRB1	4	complete	0	0	0	0
HG00232	EUR	HG00232	T1K	A	2	complete	1	1	1	2
HG00232	EUR	HG00232	T1K	A	4	complete	1	1	1	2
HG00232	EUR	HG00232	T1K	B	2	complete	1	1	1	2
HG00232	EUR	HG00232	T1K	B	4	complete	0	0	0	0
HG00232	EUR	HG00232	T1K	C	2	complete	1	1	1	2
HG00232	EUR	HG00232	T1K	C	4	complete	1	1	1	2
HG00232	EUR	HG00232	T1K	DPA1	2	complete	1	1	1	2
HG00232	EUR	HG00232	T1K	DPA1	4	complete	1	1	1	2
HG00232	EUR	HG00232	T1K	DPB1	2	complete	1	1	1	2
HG00232	EUR	HG00232	T1K	DPB1	4	complete	1	1	1	2
HG00232	EUR	HG00232	T1K	DQA1	2	complete	1	1	1	2
HG00232	EUR	HG00232	T1K	DQA1	4	complete	0	0	0	0
HG00232	EUR	HG00232	T1K	DQB1	2	complete	1	1	1	2
HG00232	EUR	HG00232	T1K	DQB1	4	complete	1	1	1	2
HG00232	EUR	HG00232	T1K	DRB1	2	complete	1	1	1	2
HG00232	EUR	HG00232	T1K	DRB1	4	complete	0	0	0	0
HG00232	EUR	HG00232	hprc	A	2	complete	1	1	1	2
HG00232	EUR	HG00232	hprc	A	4	complete	1	1	1	2
HG00232	EUR	HG00232	hprc	B	2	complete	1	1	1	2
HG00232	EUR	HG00232	hprc	B	4	complete	0	0	0	0
HG00232	EUR	HG00232	hprc	C	2	complete	1	1	1	2
HG00232	EUR	HG00232	hprc	C	4	complete	1	1	1	2
HG00232	EUR	HG00232	hprc	DPA1	2	complete	1	1	1	2
HG00232	EUR	HG00232	hprc	DPA1	4	complete	1	1	0	1
HG00232	EUR	HG00232	hprc	DPB1	2	complete	1	1	0	1
HG00232	EUR	HG00232	hprc	DPB1	4	complete	1	1	0	0
HG00232	EUR	HG00232	hprc	DQA1	2	complete	1	1	1	2
HG00232	EUR	HG00232	hprc	DQA1	4	complete	0	0	0	0
HG00232	EUR	HG00232	hprc	DQB1	2	complete	1	1	1	2
HG00232	EUR	HG00232	hprc	DQB1	4	complete	1	1	1	2
HG00232	EUR	HG00232	hprc	DRB1	2	complete	1	1	1	2
HG00232	EUR	HG00232	hprc	DRB1	4	complete	0	0	0	0
HG00232	EUR	HG00232	hprc_asian	A	2	complete	1	1	1	2
HG00232	EUR	HG00232	hprc_asian	A	4	complete	1	1	1	2
HG00232	EUR	HG00232	hprc_asian	B	2	complete	1	1	1	2
HG00232	EUR	HG00232	hprc_asian	B	4	complete	0	0	0	0
HG00232	EUR	HG00232	hprc_asian	C	2	complete	1	1	1	2
HG00232	EUR	HG00232	hprc_asian	C	4	complete	1	1	1	2
HG00232	EUR	HG00232	hprc_asian	DPA1	2	complete	1	1	1	2
HG00232	EUR	HG00232	hprc_asian	DPA1	4	complete	1	1	1	2
HG00232	EUR	HG00232	hprc_asian	DPB1	2	complete	1	1	1	2
HG00232	EUR	HG00232	hprc_asian	DPB1	4	complete	1	0	0	1
HG00232	EUR	HG00232	hprc_asian	DQA1	2	complete	1	1	1	2
HG00232	EUR	HG00232	hprc_asian	DQA1	4	complete	0	0	0	0
HG00232	EUR	HG00232	hprc_asian	DQB1	2	complete	1	1	1	2
HG00232	EUR	HG00232	hprc_asian	DQB1	4	complete	1	1	1	2
HG00232	EUR	HG00232	hprc_asian	DRB1	2	complete	1	1	1	2
HG00232	EUR	HG00232	hprc_asian	DRB1	4	complete	0	0	0	0
HG00232	EUR	HG00232	ipd_genome	A	2	complete	1	1	1	2
HG00232	EUR	HG00232	ipd_genome	A	4	complete	1	1	1	2
HG00232	EUR	HG00232	ipd_genome	B	2	complete	1	1	1	2
HG00232	EUR	HG00232	ipd_genome	B	4	complete	0	0	0	0
HG00232	EUR	HG00232	ipd_genome	C	2	complete	1	1	1	2
HG00232	EUR	HG00232	ipd_genome	C	4	complete	1	1	1	2
HG00232	EUR	HG00232	ipd_genome	DPA1	2	complete	1	1	1	2
HG00232	EUR	HG00232	ipd_genome	DPA1	4	complete	1	1	1	2
HG00232	EUR	HG00232	ipd_genome	DPB1	2	complete	1	1	1	2
HG00232	EUR	HG00232	ipd_genome	DPB1	4	complete	1	1	1	2
HG00232	EUR	HG00232	ipd_genome	DQA1	2	complete	1	1	1	2
HG00232	EUR	HG00232	ipd_genome	DQA1	4	complete	0	0	0	0
HG00232	EUR	HG00232	ipd_genome	DQB1	2	complete	1	1	1	2
HG00232	EUR	HG00232	ipd_genome	DQB1	4	complete	1	1	1	2
HG00232	EUR	HG00232	ipd_genome	DRB1	2	complete	1	1	1	2
HG00232	EUR	HG00232	ipd_genome	DRB1	4	complete	0	0	0	0
HG00232	EUR	HG00232	genome_hprc	A	2	complete	1	1	1	2
HG00232	EUR	HG00232	genome_hprc	A	4	complete	1	1	1	2
HG00232	EUR	HG00232	genome_hprc	B	2	complete	1	1	1	2
HG00232	EUR	HG00232	genome_hprc	B	4	complete	0	0	0	0
HG00232	EUR	HG00232	genome_hprc	C	2	complete	1	1	1	2
HG00232	EUR	HG00232	genome_hprc	C	4	complete	1	1	1	2
HG00232	EUR	HG00232	genome_hprc	DPA1	2	complete	1	1	1	2
HG00232	EUR	HG00232	genome_hprc	DPA1	4	complete	1	1	1	2
HG00232	EUR	HG00232	genome_hprc	DPB1	2	complete	1	1	0	1
HG00232	EUR	HG00232	genome_hprc	DPB1	4	complete	1	1	0	0
HG00232	EUR	HG00232	genome_hprc	DQA1	2	complete	1	1	1	2
HG00232	EUR	HG00232	genome_hprc	DQA1	4	complete	0	0	0	0
HG00232	EUR	HG00232	genome_hprc	DQB1	2	complete	1	1	1	2
HG00232	EUR	HG00232	genome_hprc	DQB1	4	complete	1	1	1	2
HG00232	EUR	HG00232	genome_hprc	DRB1	2	complete	1	1	1	2
HG00232	EUR	HG00232	genome_hprc	DRB1	4	complete	0	0	0	0
HG00232	EUR	HG00232	genome_hprc_asian	A	2	complete	1	1	1	2
HG00232	EUR	HG00232	genome_hprc_asian	A	4	complete	1	1	1	2
HG00232	EUR	HG00232	genome_hprc_asian	B	2	complete	1	1	1	2
HG00232	EUR	HG00232	genome_hprc_asian	B	4	complete	0	0	0	0
HG00232	EUR	HG00232	genome_hprc_asian	C	2	complete	1	1	1	2
HG00232	EUR	HG00232	genome_hprc_asian	C	4	complete	1	1	1	2
HG00232	EUR	HG00232	genome_hprc_asian	DPA1	2	complete	1	1	1	2
HG00232	EUR	HG00232	genome_hprc_asian	DPA1	4	complete	1	1	1	2
HG00232	EUR	HG00232	genome_hprc_asian	DPB1	2	complete	1	1	1	2
HG00232	EUR	HG00232	genome_hprc_asian	DPB1	4	complete	1	1	0	1
HG00232	EUR	HG00232	genome_hprc_asian	DQA1	2	complete	1	1	1	2
HG00232	EUR	HG00232	genome_hprc_asian	DQA1	4	complete	0	0	0	0
HG00232	EUR	HG00232	genome_hprc_asian	DQB1	2	complete	1	1	1	2
HG00232	EUR	HG00232	genome_hprc_asian	DQB1	4	complete	1	1	1	2
HG00232	EUR	HG00232	genome_hprc_asian	DRB1	2	complete	1	1	1	2
HG00232	EUR	HG00232	genome_hprc_asian	DRB1	4	complete	0	0	0	0
HG01786	EUR	IBS054	T1K	A	2	complete	1	1	1	2
HG01786	EUR	IBS054	T1K	A	4	complete	1	1	1	2
HG01786	EUR	IBS054	T1K	B	2	complete	1	1	1	2
HG01786	EUR	IBS054	T1K	B	4	complete	0	0	0	0
HG01786	EUR	IBS054	T1K	C	2	complete	1	1	1	2
HG01786	EUR	IBS054	T1K	C	4	complete	0	0	0	0
HG01786	EUR	IBS054	T1K	DPA1	2	complete	1	1	1	2
HG01786	EUR	IBS054	T1K	DPA1	4	complete	1	1	0	0
HG01786	EUR	IBS054	T1K	DPB1	2	complete	1	1	1	2
HG01786	EUR	IBS054	T1K	DPB1	4	complete	1	1	0	1
HG01786	EUR	IBS054	T1K	DQA1	2	complete	1	1	0	1
HG01786	EUR	IBS054	T1K	DQA1	4	complete	0	0	0	0
HG01786	EUR	IBS054	T1K	DQB1	2	complete	1	1	1	2
HG01786	EUR	IBS054	T1K	DQB1	4	complete	1	1	0	1
HG01786	EUR	IBS054	T1K	DRB1	2	complete	1	1	1	2
HG01786	EUR	IBS054	T1K	DRB1	4	complete	0	0	0	0
HG01786	EUR	IBS054	hprc	A	2	complete	1	1	1	2
HG01786	EUR	IBS054	hprc	A	4	complete	1	1	1	2
HG01786	EUR	IBS054	hprc	B	2	complete	1	1	1	2
HG01786	EUR	IBS054	hprc	B	4	complete	0	0	0	0
HG01786	EUR	IBS054	hprc	C	2	complete	1	1	1	2
HG01786	EUR	IBS054	hprc	C	4	complete	0	0	0	0
HG01786	EUR	IBS054	hprc	DPA1	2	complete	1	1	1	2
HG01786	EUR	IBS054	hprc	DPA1	4	complete	1	1	1	2
HG01786	EUR	IBS054	hprc	DPB1	2	complete	1	1	1	2
HG01786	EUR	IBS054	hprc	DPB1	4	complete	1	0	0	0
HG01786	EUR	IBS054	hprc	DQA1	2	complete	1	1	1	2
HG01786	EUR	IBS054	hprc	DQA1	4	complete	0	0	0	0
HG01786	EUR	IBS054	hprc	DQB1	2	complete	1	1	1	2
HG01786	EUR	IBS054	hprc	DQB1	4	complete	1	1	1	2
HG01786	EUR	IBS054	hprc	DRB1	2	complete	1	1	1	2
HG01786	EUR	IBS054	hprc	DRB1	4	complete	0	0	0	0
HG01786	EUR	IBS054	hprc_asian	A	2	complete	1	1	1	2
HG01786	EUR	IBS054	hprc_asian	A	4	complete	1	1	1	2
HG01786	EUR	IBS054	hprc_asian	B	2	complete	1	1	1	2
HG01786	EUR	IBS054	hprc_asian	B	4	complete	0	0	0	0
HG01786	EUR	IBS054	hprc_asian	C	2	complete	1	1	1	2
HG01786	EUR	IBS054	hprc_asian	C	4	complete	0	0	0	0
HG01786	EUR	IBS054	hprc_asian	DPA1	2	complete	1	1	1	2
HG01786	EUR	IBS054	hprc_asian	DPA1	4	complete	1	1	1	2
HG01786	EUR	IBS054	hprc_asian	DPB1	2	complete	1	1	1	2
HG01786	EUR	IBS054	hprc_asian	DPB1	4	complete	1	0	0	1
HG01786	EUR	IBS054	hprc_asian	DQA1	2	complete	1	1	1	2
HG01786	EUR	IBS054	hprc_asian	DQA1	4	complete	0	0	0	0
HG01786	EUR	IBS054	hprc_asian	DQB1	2	complete	1	1	1	2
HG01786	EUR	IBS054	hprc_asian	DQB1	4	complete	1	1	1	2
HG01786	EUR	IBS054	hprc_asian	DRB1	2	complete	1	1	1	2
HG01786	EUR	IBS054	hprc_asian	DRB1	4	complete	0	0	0	0
HG01786	EUR	IBS054	ipd_genome	A	2	complete	1	1	1	2
HG01786	EUR	IBS054	ipd_genome	A	4	complete	1	1	1	2
HG01786	EUR	IBS054	ipd_genome	B	2	complete	1	1	1	2
HG01786	EUR	IBS054	ipd_genome	B	4	complete	0	0	0	0
HG01786	EUR	IBS054	ipd_genome	C	2	complete	1	1	1	2
HG01786	EUR	IBS054	ipd_genome	C	4	complete	0	0	0	0
HG01786	EUR	IBS054	ipd_genome	DPA1	2	complete	1	1	1	2
HG01786	EUR	IBS054	ipd_genome	DPA1	4	complete	1	1	1	2
HG01786	EUR	IBS054	ipd_genome	DPB1	2	complete	1	1	1	2
HG01786	EUR	IBS054	ipd_genome	DPB1	4	complete	1	1	1	2
HG01786	EUR	IBS054	ipd_genome	DQA1	2	complete	1	1	1	2
HG01786	EUR	IBS054	ipd_genome	DQA1	4	complete	0	0	0	0
HG01786	EUR	IBS054	ipd_genome	DQB1	2	complete	1	1	1	2
HG01786	EUR	IBS054	ipd_genome	DQB1	4	complete	1	1	1	2
HG01786	EUR	IBS054	ipd_genome	DRB1	2	complete	1	1	1	2
HG01786	EUR	IBS054	ipd_genome	DRB1	4	complete	0	0	0	0
HG01786	EUR	IBS054	genome_hprc	A	2	complete	1	1	1	2
HG01786	EUR	IBS054	genome_hprc	A	4	complete	1	1	1	2
HG01786	EUR	IBS054	genome_hprc	B	2	complete	1	1	1	2
HG01786	EUR	IBS054	genome_hprc	B	4	complete	0	0	0	0
HG01786	EUR	IBS054	genome_hprc	C	2	complete	1	1	1	2
HG01786	EUR	IBS054	genome_hprc	C	4	complete	0	0	0	0
HG01786	EUR	IBS054	genome_hprc	DPA1	2	complete	1	1	1	2
HG01786	EUR	IBS054	genome_hprc	DPA1	4	complete	1	1	1	2
HG01786	EUR	IBS054	genome_hprc	DPB1	2	complete	1	1	1	2
HG01786	EUR	IBS054	genome_hprc	DPB1	4	complete	1	1	0	0
HG01786	EUR	IBS054	genome_hprc	DQA1	2	complete	1	1	1	2
HG01786	EUR	IBS054	genome_hprc	DQA1	4	complete	0	0	0	0
HG01786	EUR	IBS054	genome_hprc	DQB1	2	complete	1	1	1	2
HG01786	EUR	IBS054	genome_hprc	DQB1	4	complete	1	1	1	2
HG01786	EUR	IBS054	genome_hprc	DRB1	2	complete	1	1	1	2
HG01786	EUR	IBS054	genome_hprc	DRB1	4	complete	0	0	0	0
HG01786	EUR	IBS054	genome_hprc_asian	A	2	complete	1	1	1	2
HG01786	EUR	IBS054	genome_hprc_asian	A	4	complete	1	1	1	2
HG01786	EUR	IBS054	genome_hprc_asian	B	2	complete	1	1	1	2
HG01786	EUR	IBS054	genome_hprc_asian	B	4	complete	0	0	0	0
HG01786	EUR	IBS054	genome_hprc_asian	C	2	complete	1	1	1	2
HG01786	EUR	IBS054	genome_hprc_asian	C	4	complete	0	0	0	0
HG01786	EUR	IBS054	genome_hprc_asian	DPA1	2	complete	1	1	1	2
HG01786	EUR	IBS054	genome_hprc_asian	DPA1	4	complete	1	1	1	2
HG01786	EUR	IBS054	genome_hprc_asian	DPB1	2	complete	1	1	1	2
HG01786	EUR	IBS054	genome_hprc_asian	DPB1	4	complete	1	1	1	2
HG01786	EUR	IBS054	genome_hprc_asian	DQA1	2	complete	1	1	1	2
HG01786	EUR	IBS054	genome_hprc_asian	DQA1	4	complete	0	0	0	0
HG01786	EUR	IBS054	genome_hprc_asian	DQB1	2	complete	1	1	1	2
HG01786	EUR	IBS054	genome_hprc_asian	DQB1	4	complete	1	1	1	2
HG01786	EUR	IBS054	genome_hprc_asian	DRB1	2	complete	1	1	1	2
HG01786	EUR	IBS054	genome_hprc_asian	DRB1	4	complete	0	0	0	0
NA20503	EUR	NA20503	T1K	A	2	complete	1	1	1	2
NA20503	EUR	NA20503	T1K	A	4	complete	1	1	1	2
NA20503	EUR	NA20503	T1K	B	2	complete	1	1	1	2
NA20503	EUR	NA20503	T1K	B	4	complete	1	1	0	0
NA20503	EUR	NA20503	T1K	C	2	complete	1	1	1	2
NA20503	EUR	NA20503	T1K	C	4	complete	0	0	0	0
NA20503	EUR	NA20503	T1K	DPA1	2	complete	1	1	1	2
NA20503	EUR	NA20503	T1K	DPA1	4	complete	1	1	0	1
NA20503	EUR	NA20503	T1K	DPB1	2	complete	1	1	1	2
NA20503	EUR	NA20503	T1K	DPB1	4	complete	1	1	0	1
NA20503	EUR	NA20503	T1K	DQA1	2	complete	1	1	1	2
NA20503	EUR	NA20503	T1K	DQA1	4	complete	1	1	0	1
NA20503	EUR	NA20503	T1K	DQB1	2	complete	1	1	1	2
NA20503	EUR	NA20503	T1K	DQB1	4	complete	1	1	0	0
NA20503	EUR	NA20503	T1K	DRB1	2	complete	1	1	1	2
NA20503	EUR	NA20503	T1K	DRB1	4	complete	0	0	0	0
NA20503	EUR	NA20503	hprc	A	2	complete	1	1	1	2
NA20503	EUR	NA20503	hprc	A	4	complete	1	1	1	2
NA20503	EUR	NA20503	hprc	B	2	complete	1	1	1	2
NA20503	EUR	NA20503	hprc	B	4	complete	1	1	1	2
NA20503	EUR	NA20503	hprc	C	2	complete	1	1	1	2
NA20503	EUR	NA20503	hprc	C	4	complete	0	0	0	0
NA20503	EUR	NA20503	hprc	DPA1	2	complete	1	1	1	2
NA20503	EUR	NA20503	hprc	DPA1	4	complete	1	1	1	2
NA20503	EUR	NA20503	hprc	DPB1	2	complete	1	1	1	2
NA20503	EUR	NA20503	hprc	DPB1	4	complete	1	1	0	1
NA20503	EUR	NA20503	hprc	DQA1	2	complete	1	1	1	2
NA20503	EUR	NA20503	hprc	DQA1	4	complete	1	1	0	1
NA20503	EUR	NA20503	hprc	DQB1	2	complete	1	1	1	2
NA20503	EUR	NA20503	hprc	DQB1	4	complete	1	1	1	2
NA20503	EUR	NA20503	hprc	DRB1	2	complete	1	1	1	2
NA20503	EUR	NA20503	hprc	DRB1	4	complete	0	0	0	0
NA20503	EUR	NA20503	hprc_asian	A	2	complete	1	1	1	2
NA20503	EUR	NA20503	hprc_asian	A	4	complete	1	1	1	2
NA20503	EUR	NA20503	hprc_asian	B	2	complete	1	1	1	2
NA20503	EUR	NA20503	hprc_asian	B	4	complete	1	1	1	2
NA20503	EUR	NA20503	hprc_asian	C	2	complete	1	1	1	2
NA20503	EUR	NA20503	hprc_asian	C	4	complete	0	0	0	0
NA20503	EUR	NA20503	hprc_asian	DPA1	2	complete	1	1	1	2
NA20503	EUR	NA20503	hprc_asian	DPA1	4	complete	1	1	1	2
NA20503	EUR	NA20503	hprc_asian	DPB1	2	complete	1	1	1	2
NA20503	EUR	NA20503	hprc_asian	DPB1	4	complete	1	1	0	1
NA20503	EUR	NA20503	hprc_asian	DQA1	2	complete	1	1	1	2
NA20503	EUR	NA20503	hprc_asian	DQA1	4	complete	1	0	0	1
NA20503	EUR	NA20503	hprc_asian	DQB1	2	complete	1	1	1	2
NA20503	EUR	NA20503	hprc_asian	DQB1	4	complete	1	1	1	2
NA20503	EUR	NA20503	hprc_asian	DRB1	2	complete	1	1	1	2
NA20503	EUR	NA20503	hprc_asian	DRB1	4	complete	0	0	0	0
NA20503	EUR	NA20503	ipd_genome	A	2	complete	1	1	1	2
NA20503	EUR	NA20503	ipd_genome	A	4	complete	1	1	1	2
NA20503	EUR	NA20503	ipd_genome	B	2	complete	1	1	1	2
NA20503	EUR	NA20503	ipd_genome	B	4	complete	1	1	1	2
NA20503	EUR	NA20503	ipd_genome	C	2	complete	1	1	1	2
NA20503	EUR	NA20503	ipd_genome	C	4	complete	0	0	0	0
NA20503	EUR	NA20503	ipd_genome	DPA1	2	complete	1	1	1	2
NA20503	EUR	NA20503	ipd_genome	DPA1	4	complete	1	1	1	2
NA20503	EUR	NA20503	ipd_genome	DPB1	2	complete	1	1	1	2
NA20503	EUR	NA20503	ipd_genome	DPB1	4	complete	1	1	1	2
NA20503	EUR	NA20503	ipd_genome	DQA1	2	complete	1	1	1	2
NA20503	EUR	NA20503	ipd_genome	DQA1	4	complete	1	1	0	0
NA20503	EUR	NA20503	ipd_genome	DQB1	2	complete	1	1	1	2
NA20503	EUR	NA20503	ipd_genome	DQB1	4	complete	1	1	1	2
NA20503	EUR	NA20503	ipd_genome	DRB1	2	complete	1	1	1	2
NA20503	EUR	NA20503	ipd_genome	DRB1	4	complete	0	0	0	0
NA20503	EUR	NA20503	genome_hprc	A	2	complete	1	1	1	2
NA20503	EUR	NA20503	genome_hprc	A	4	complete	1	1	1	2
NA20503	EUR	NA20503	genome_hprc	B	2	complete	1	1	1	2
NA20503	EUR	NA20503	genome_hprc	B	4	complete	1	1	1	2
NA20503	EUR	NA20503	genome_hprc	C	2	complete	1	1	1	2
NA20503	EUR	NA20503	genome_hprc	C	4	complete	0	0	0	0
NA20503	EUR	NA20503	genome_hprc	DPA1	2	complete	1	1	1	2
NA20503	EUR	NA20503	genome_hprc	DPA1	4	complete	1	1	1	2
NA20503	EUR	NA20503	genome_hprc	DPB1	2	complete	1	1	1	2
NA20503	EUR	NA20503	genome_hprc	DPB1	4	complete	1	1	1	2
NA20503	EUR	NA20503	genome_hprc	DQA1	2	complete	1	1	1	2
NA20503	EUR	NA20503	genome_hprc	DQA1	4	complete	1	1	0	1
NA20503	EUR	NA20503	genome_hprc	DQB1	2	complete	1	1	1	2
NA20503	EUR	NA20503	genome_hprc	DQB1	4	complete	1	1	1	2
NA20503	EUR	NA20503	genome_hprc	DRB1	2	complete	1	1	1	2
NA20503	EUR	NA20503	genome_hprc	DRB1	4	complete	0	0	0	0
NA20503	EUR	NA20503	genome_hprc_asian	A	2	complete	1	1	1	2
NA20503	EUR	NA20503	genome_hprc_asian	A	4	complete	1	1	1	2
NA20503	EUR	NA20503	genome_hprc_asian	B	2	complete	1	1	1	2
NA20503	EUR	NA20503	genome_hprc_asian	B	4	complete	1	1	1	2
NA20503	EUR	NA20503	genome_hprc_asian	C	2	complete	1	1	1	2
NA20503	EUR	NA20503	genome_hprc_asian	C	4	complete	0	0	0	0
NA20503	EUR	NA20503	genome_hprc_asian	DPA1	2	complete	1	1	1	2
NA20503	EUR	NA20503	genome_hprc_asian	DPA1	4	complete	1	1	1	2
NA20503	EUR	NA20503	genome_hprc_asian	DPB1	2	complete	1	1	1	2
NA20503	EUR	NA20503	genome_hprc_asian	DPB1	4	complete	1	1	1	2
NA20503	EUR	NA20503	genome_hprc_asian	DQA1	2	complete	1	1	1	2
NA20503	EUR	NA20503	genome_hprc_asian	DQA1	4	complete	1	0	0	1
NA20503	EUR	NA20503	genome_hprc_asian	DQB1	2	complete	1	1	1	2
NA20503	EUR	NA20503	genome_hprc_asian	DQB1	4	complete	1	1	1	2
NA20503	EUR	NA20503	genome_hprc_asian	DRB1	2	complete	1	1	1	2
NA20503	EUR	NA20503	genome_hprc_asian	DRB1	4	complete	0	0	0	0
HG00344	EUR	HG00344	T1K	A	2	complete	1	1	1	2
HG00344	EUR	HG00344	T1K	A	4	complete	1	1	1	2
HG00344	EUR	HG00344	T1K	B	2	complete	1	1	1	2
HG00344	EUR	HG00344	T1K	B	4	complete	1	1	1	2
HG00344	EUR	HG00344	T1K	C	2	complete	1	1	1	2
HG00344	EUR	HG00344	T1K	C	4	complete	1	1	0	1
HG00344	EUR	HG00344	T1K	DPA1	2	complete	1	1	1	2
HG00344	EUR	HG00344	T1K	DPA1	4	complete	0	0	0	0
HG00344	EUR	HG00344	T1K	DPB1	2	complete	1	1	1	2
HG00344	EUR	HG00344	T1K	DPB1	4	complete	1	1	1	2
HG00344	EUR	HG00344	T1K	DQA1	2	complete	1	1	1	2
HG00344	EUR	HG00344	T1K	DQA1	4	complete	1	1	1	2
HG00344	EUR	HG00344	T1K	DQB1	2	complete	1	1	1	2
HG00344	EUR	HG00344	T1K	DQB1	4	complete	1	1	1	2
HG00344	EUR	HG00344	T1K	DRB1	2	complete	1	1	1	2
HG00344	EUR	HG00344	T1K	DRB1	4	complete	0	0	0	0
HG00344	EUR	HG00344	hprc	A	2	complete	1	1	1	2
HG00344	EUR	HG00344	hprc	A	4	complete	1	1	1	2
HG00344	EUR	HG00344	hprc	B	2	complete	1	1	1	2
HG00344	EUR	HG00344	hprc	B	4	complete	1	1	1	2
HG00344	EUR	HG00344	hprc	C	2	complete	1	1	1	2
HG00344	EUR	HG00344	hprc	C	4	complete	1	1	0	1
HG00344	EUR	HG00344	hprc	DPA1	2	complete	1	1	0	1
HG00344	EUR	HG00344	hprc	DPA1	4	complete	0	0	0	0
HG00344	EUR	HG00344	hprc	DPB1	2	complete	1	1	1	2
HG00344	EUR	HG00344	hprc	DPB1	4	complete	1	1	1	2
HG00344	EUR	HG00344	hprc	DQA1	2	complete	1	1	1	2
HG00344	EUR	HG00344	hprc	DQA1	4	complete	1	1	1	2
HG00344	EUR	HG00344	hprc	DQB1	2	complete	1	1	1	2
HG00344	EUR	HG00344	hprc	DQB1	4	complete	1	1	1	2
HG00344	EUR	HG00344	hprc	DRB1	2	complete	1	1	0	1
HG00344	EUR	HG00344	hprc	DRB1	4	complete	0	0	0	0
HG00344	EUR	HG00344	hprc_asian	A	2	complete	1	1	1	2
HG00344	EUR	HG00344	hprc_asian	A	4	complete	1	1	1	2
HG00344	EUR	HG00344	hprc_asian	B	2	complete	1	1	1	2
HG00344	EUR	HG00344	hprc_asian	B	4	complete	1	1	1	2
HG00344	EUR	HG00344	hprc_asian	C	2	complete	1	1	1	2
HG00344	EUR	HG00344	hprc_asian	C	4	complete	1	1	0	1
HG00344	EUR	HG00344	hprc_asian	DPA1	2	complete	1	1	0	1
HG00344	EUR	HG00344	hprc_asian	DPA1	4	complete	0	0	0	0
HG00344	EUR	HG00344	hprc_asian	DPB1	2	complete	1	1	1	2
HG00344	EUR	HG00344	hprc_asian	DPB1	4	complete	1	1	1	2
HG00344	EUR	HG00344	hprc_asian	DQA1	2	complete	1	1	1	2
HG00344	EUR	HG00344	hprc_asian	DQA1	4	complete	1	1	1	2
HG00344	EUR	HG00344	hprc_asian	DQB1	2	complete	1	1	1	2
HG00344	EUR	HG00344	hprc_asian	DQB1	4	complete	1	1	1	2
HG00344	EUR	HG00344	hprc_asian	DRB1	2	complete	1	1	1	2
HG00344	EUR	HG00344	hprc_asian	DRB1	4	complete	0	0	0	0
HG00344	EUR	HG00344	ipd_genome	A	2	complete	1	1	1	2
HG00344	EUR	HG00344	ipd_genome	A	4	complete	1	1	1	2
HG00344	EUR	HG00344	ipd_genome	B	2	complete	1	1	1	2
HG00344	EUR	HG00344	ipd_genome	B	4	complete	1	1	1	2
HG00344	EUR	HG00344	ipd_genome	C	2	complete	1	1	1	2
HG00344	EUR	HG00344	ipd_genome	C	4	complete	1	1	1	2
HG00344	EUR	HG00344	ipd_genome	DPA1	2	complete	1	1	0	1
HG00344	EUR	HG00344	ipd_genome	DPA1	4	complete	0	0	0	0
HG00344	EUR	HG00344	ipd_genome	DPB1	2	complete	1	1	1	2
HG00344	EUR	HG00344	ipd_genome	DPB1	4	complete	1	1	1	2
HG00344	EUR	HG00344	ipd_genome	DQA1	2	complete	1	1	1	2
HG00344	EUR	HG00344	ipd_genome	DQA1	4	complete	1	1	1	2
HG00344	EUR	HG00344	ipd_genome	DQB1	2	complete	1	1	1	2
HG00344	EUR	HG00344	ipd_genome	DQB1	4	complete	1	1	1	2
HG00344	EUR	HG00344	ipd_genome	DRB1	2	complete	1	1	1	2
HG00344	EUR	HG00344	ipd_genome	DRB1	4	complete	0	0	0	0
HG00344	EUR	HG00344	genome_hprc	A	2	complete	1	1	1	2
HG00344	EUR	HG00344	genome_hprc	A	4	complete	1	1	1	2
HG00344	EUR	HG00344	genome_hprc	B	2	complete	1	1	1	2
HG00344	EUR	HG00344	genome_hprc	B	4	complete	1	1	1	2
HG00344	EUR	HG00344	genome_hprc	C	2	complete	1	1	1	2
HG00344	EUR	HG00344	genome_hprc	C	4	complete	1	1	1	2
HG00344	EUR	HG00344	genome_hprc	DPA1	2	complete	1	1	0	1
HG00344	EUR	HG00344	genome_hprc	DPA1	4	complete	0	0	0	0
HG00344	EUR	HG00344	genome_hprc	DPB1	2	complete	1	1	1	2
HG00344	EUR	HG00344	genome_hprc	DPB1	4	complete	1	1	1	2
HG00344	EUR	HG00344	genome_hprc	DQA1	2	complete	1	1	1	2
HG00344	EUR	HG00344	genome_hprc	DQA1	4	complete	1	1	1	2
HG00344	EUR	HG00344	genome_hprc	DQB1	2	complete	1	1	1	2
HG00344	EUR	HG00344	genome_hprc	DQB1	4	complete	1	1	1	2
HG00344	EUR	HG00344	genome_hprc	DRB1	2	complete	1	1	0	1
HG00344	EUR	HG00344	genome_hprc	DRB1	4	complete	0	0	0	0
HG00344	EUR	HG00344	genome_hprc_asian	A	2	complete	1	1	1	2
HG00344	EUR	HG00344	genome_hprc_asian	A	4	complete	1	1	1	2
HG00344	EUR	HG00344	genome_hprc_asian	B	2	complete	1	1	1	2
HG00344	EUR	HG00344	genome_hprc_asian	B	4	complete	1	1	1	2
HG00344	EUR	HG00344	genome_hprc_asian	C	2	complete	1	1	1	2
HG00344	EUR	HG00344	genome_hprc_asian	C	4	complete	1	1	1	2
HG00344	EUR	HG00344	genome_hprc_asian	DPA1	2	complete	1	1	0	1
HG00344	EUR	HG00344	genome_hprc_asian	DPA1	4	complete	0	0	0	0
HG00344	EUR	HG00344	genome_hprc_asian	DPB1	2	complete	1	1	1	2
HG00344	EUR	HG00344	genome_hprc_asian	DPB1	4	complete	1	1	1	2
HG00344	EUR	HG00344	genome_hprc_asian	DQA1	2	complete	1	1	1	2
HG00344	EUR	HG00344	genome_hprc_asian	DQA1	4	complete	1	1	1	2
HG00344	EUR	HG00344	genome_hprc_asian	DQB1	2	complete	1	1	1	2
HG00344	EUR	HG00344	genome_hprc_asian	DQB1	4	complete	1	1	1	2
HG00344	EUR	HG00344	genome_hprc_asian	DRB1	2	complete	1	1	1	2
HG00344	EUR	HG00344	genome_hprc_asian	DRB1	4	complete	0	0	0	0
HG00128	EUR	HG00128	T1K	A	2	complete	1	1	1	2
HG00128	EUR	HG00128	T1K	A	4	complete	1	1	1	2
HG00128	EUR	HG00128	T1K	B	2	complete	1	1	1	2
HG00128	EUR	HG00128	T1K	B	4	complete	0	0	0	0
HG00128	EUR	HG00128	T1K	C	2	complete	1	1	1	2
HG00128	EUR	HG00128	T1K	C	4	complete	1	1	1	2
HG00128	EUR	HG00128	T1K	DPA1	2	complete	1	1	1	2
HG00128	EUR	HG00128	T1K	DPA1	4	complete	0	0	0	0
HG00128	EUR	HG00128	T1K	DPB1	2	complete	1	1	1	2
HG00128	EUR	HG00128	T1K	DPB1	4	complete	1	1	1	2
HG00128	EUR	HG00128	T1K	DQA1	2	complete	1	1	0	1
HG00128	EUR	HG00128	T1K	DQA1	4	complete	1	1	0	1
HG00128	EUR	HG00128	T1K	DQB1	2	complete	1	1	1	2
HG00128	EUR	HG00128	T1K	DQB1	4	complete	1	1	0	0
HG00128	EUR	HG00128	T1K	DRB1	2	complete	1	1	1	2
HG00128	EUR	HG00128	T1K	DRB1	4	complete	0	0	0	0
HG00128	EUR	HG00128	hprc	A	2	complete	1	1	1	2
HG00128	EUR	HG00128	hprc	A	4	complete	1	1	1	2
HG00128	EUR	HG00128	hprc	B	2	complete	1	1	1	2
HG00128	EUR	HG00128	hprc	B	4	complete	0	0	0	0
HG00128	EUR	HG00128	hprc	C	2	complete	1	1	1	2
HG00128	EUR	HG00128	hprc	C	4	complete	1	1	1	2
HG00128	EUR	HG00128	hprc	DPA1	2	complete	1	1	1	2
HG00128	EUR	HG00128	hprc	DPA1	4	complete	0	0	0	0
HG00128	EUR	HG00128	hprc	DPB1	2	complete	1	1	0	1
HG00128	EUR	HG00128	hprc	DPB1	4	complete	1	1	0	0
HG00128	EUR	HG00128	hprc	DQA1	2	complete	1	1	1	2
HG00128	EUR	HG00128	hprc	DQA1	4	complete	1	1	0	1
HG00128	EUR	HG00128	hprc	DQB1	2	complete	1	1	1	2
HG00128	EUR	HG00128	hprc	DQB1	4	complete	1	1	1	2
HG00128	EUR	HG00128	hprc	DRB1	2	complete	1	1	1	2
HG00128	EUR	HG00128	hprc	DRB1	4	complete	0	0	0	0
HG00128	EUR	HG00128	hprc_asian	A	2	complete	1	1	1	2
HG00128	EUR	HG00128	hprc_asian	A	4	complete	1	1	1	2
HG00128	EUR	HG00128	hprc_asian	B	2	complete	1	1	1	2
HG00128	EUR	HG00128	hprc_asian	B	4	complete	0	0	0	0
HG00128	EUR	HG00128	hprc_asian	C	2	complete	1	1	1	2
HG00128	EUR	HG00128	hprc_asian	C	4	complete	1	1	1	2
HG00128	EUR	HG00128	hprc_asian	DPA1	2	complete	1	1	1	2
HG00128	EUR	HG00128	hprc_asian	DPA1	4	complete	0	0	0	0
HG00128	EUR	HG00128	hprc_asian	DPB1	2	complete	1	1	1	2
HG00128	EUR	HG00128	hprc_asian	DPB1	4	complete	1	1	0	1
HG00128	EUR	HG00128	hprc_asian	DQA1	2	complete	1	1	1	2
HG00128	EUR	HG00128	hprc_asian	DQA1	4	complete	1	1	0	1
HG00128	EUR	HG00128	hprc_asian	DQB1	2	complete	1	1	1	2
HG00128	EUR	HG00128	hprc_asian	DQB1	4	complete	1	1	1	2
HG00128	EUR	HG00128	hprc_asian	DRB1	2	complete	1	1	1	2
HG00128	EUR	HG00128	hprc_asian	DRB1	4	complete	0	0	0	0
HG00128	EUR	HG00128	ipd_genome	A	2	complete	1	1	1	2
HG00128	EUR	HG00128	ipd_genome	A	4	complete	1	1	1	2
HG00128	EUR	HG00128	ipd_genome	B	2	complete	1	1	1	2
HG00128	EUR	HG00128	ipd_genome	B	4	complete	0	0	0	0
HG00128	EUR	HG00128	ipd_genome	C	2	complete	1	1	1	2
HG00128	EUR	HG00128	ipd_genome	C	4	complete	1	1	1	2
HG00128	EUR	HG00128	ipd_genome	DPA1	2	complete	1	1	1	2
HG00128	EUR	HG00128	ipd_genome	DPA1	4	complete	0	0	0	0
HG00128	EUR	HG00128	ipd_genome	DPB1	2	complete	1	1	1	2
HG00128	EUR	HG00128	ipd_genome	DPB1	4	complete	1	1	1	2
HG00128	EUR	HG00128	ipd_genome	DQA1	2	complete	1	1	1	2
HG00128	EUR	HG00128	ipd_genome	DQA1	4	complete	1	1	0	1
HG00128	EUR	HG00128	ipd_genome	DQB1	2	complete	1	1	1	2
HG00128	EUR	HG00128	ipd_genome	DQB1	4	complete	1	1	1	2
HG00128	EUR	HG00128	ipd_genome	DRB1	2	complete	1	1	1	2
HG00128	EUR	HG00128	ipd_genome	DRB1	4	complete	0	0	0	0
HG00128	EUR	HG00128	genome_hprc	A	2	complete	1	1	1	2
HG00128	EUR	HG00128	genome_hprc	A	4	complete	1	1	1	2
HG00128	EUR	HG00128	genome_hprc	B	2	complete	1	1	1	2
HG00128	EUR	HG00128	genome_hprc	B	4	complete	0	0	0	0
HG00128	EUR	HG00128	genome_hprc	C	2	complete	1	1	1	2
HG00128	EUR	HG00128	genome_hprc	C	4	complete	1	1	1	2
HG00128	EUR	HG00128	genome_hprc	DPA1	2	complete	1	1	1	2
HG00128	EUR	HG00128	genome_hprc	DPA1	4	complete	0	0	0	0
HG00128	EUR	HG00128	genome_hprc	DPB1	2	complete	1	1	1	2
HG00128	EUR	HG00128	genome_hprc	DPB1	4	complete	1	1	1	2
HG00128	EUR	HG00128	genome_hprc	DQA1	2	complete	1	1	1	2
HG00128	EUR	HG00128	genome_hprc	DQA1	4	complete	1	1	0	1
HG00128	EUR	HG00128	genome_hprc	DQB1	2	complete	1	1	1	2
HG00128	EUR	HG00128	genome_hprc	DQB1	4	complete	1	1	1	2
HG00128	EUR	HG00128	genome_hprc	DRB1	2	complete	1	1	1	2
HG00128	EUR	HG00128	genome_hprc	DRB1	4	complete	0	0	0	0
HG00128	EUR	HG00128	genome_hprc_asian	A	2	complete	1	1	1	2
HG00128	EUR	HG00128	genome_hprc_asian	A	4	complete	1	1	0	1
HG00128	EUR	HG00128	genome_hprc_asian	B	2	complete	1	1	1	2
HG00128	EUR	HG00128	genome_hprc_asian	B	4	complete	0	0	0	0
HG00128	EUR	HG00128	genome_hprc_asian	C	2	complete	1	1	1	2
HG00128	EUR	HG00128	genome_hprc_asian	C	4	complete	1	1	1	2
HG00128	EUR	HG00128	genome_hprc_asian	DPA1	2	complete	1	1	1	2
HG00128	EUR	HG00128	genome_hprc_asian	DPA1	4	complete	0	0	0	0
HG00128	EUR	HG00128	genome_hprc_asian	DPB1	2	complete	1	1	1	2
HG00128	EUR	HG00128	genome_hprc_asian	DPB1	4	complete	1	1	1	2
HG00128	EUR	HG00128	genome_hprc_asian	DQA1	2	complete	1	1	1	2
HG00128	EUR	HG00128	genome_hprc_asian	DQA1	4	complete	1	1	0	1
HG00128	EUR	HG00128	genome_hprc_asian	DQB1	2	complete	1	1	1	2
HG00128	EUR	HG00128	genome_hprc_asian	DQB1	4	complete	1	1	1	2
HG00128	EUR	HG00128	genome_hprc_asian	DRB1	2	complete	1	1	1	2
HG00128	EUR	HG00128	genome_hprc_asian	DRB1	4	complete	0	0	0	0
HG01784	EUR	IBS053	T1K	A	2	complete	1	1	1	2
HG01784	EUR	IBS053	T1K	A	4	complete	1	1	1	2
HG01784	EUR	IBS053	T1K	B	2	complete	1	1	1	2
HG01784	EUR	IBS053	T1K	B	4	complete	0	0	0	0
HG01784	EUR	IBS053	T1K	C	2	complete	1	1	1	2
HG01784	EUR	IBS053	T1K	C	4	complete	1	1	0	1
HG01784	EUR	IBS053	T1K	DPA1	2	complete	1	1	1	2
HG01784	EUR	IBS053	T1K	DPA1	4	complete	0	0	0	0
HG01784	EUR	IBS053	T1K	DPB1	2	complete	1	1	1	2
HG01784	EUR	IBS053	T1K	DPB1	4	complete	1	1	0	1
HG01784	EUR	IBS053	T1K	DQA1	2	complete	1	1	1	2
HG01784	EUR	IBS053	T1K	DQA1	4	complete	0	0	0	0
HG01784	EUR	IBS053	T1K	DQB1	2	complete	1	1	1	2
HG01784	EUR	IBS053	T1K	DQB1	4	complete	1	1	0	1
HG01784	EUR	IBS053	T1K	DRB1	2	complete	1	1	1	2
HG01784	EUR	IBS053	T1K	DRB1	4	complete	0	0	0	0
HG01784	EUR	IBS053	hprc	A	2	complete	1	1	1	2
HG01784	EUR	IBS053	hprc	A	4	complete	1	1	1	2
HG01784	EUR	IBS053	hprc	B	2	complete	1	1	1	2
HG01784	EUR	IBS053	hprc	B	4	complete	0	0	0	0
HG01784	EUR	IBS053	hprc	C	2	complete	1	1	1	2
HG01784	EUR	IBS053	hprc	C	4	complete	1	1	1	2
HG01784	EUR	IBS053	hprc	DPA1	2	complete	1	1	1	2
HG01784	EUR	IBS053	hprc	DPA1	4	complete	0	0	0	0
HG01784	EUR	IBS053	hprc	DPB1	2	complete	1	1	0	1
HG01784	EUR	IBS053	hprc	DPB1	4	complete	1	1	0	0
HG01784	EUR	IBS053	hprc	DQA1	2	complete	1	1	0	1
HG01784	EUR	IBS053	hprc	DQA1	4	complete	0	0	0	0
HG01784	EUR	IBS053	hprc	DQB1	2	complete	1	1	0	1
HG01784	EUR	IBS053	hprc	DQB1	4	complete	1	1	0	0
HG01784	EUR	IBS053	hprc	DRB1	2	complete	1	1	0	1
HG01784	EUR	IBS053	hprc	DRB1	4	complete	0	0	0	0
HG01784	EUR	IBS053	hprc_asian	A	2	complete	1	1	1	2
HG01784	EUR	IBS053	hprc_asian	A	4	complete	1	1	1	2
HG01784	EUR	IBS053	hprc_asian	B	2	complete	1	1	1	2
HG01784	EUR	IBS053	hprc_asian	B	4	complete	0	0	0	0
HG01784	EUR	IBS053	hprc_asian	C	2	complete	1	1	1	2
HG01784	EUR	IBS053	hprc_asian	C	4	complete	1	1	1	2
HG01784	EUR	IBS053	hprc_asian	DPA1	2	complete	1	1	1	2
HG01784	EUR	IBS053	hprc_asian	DPA1	4	complete	0	0	0	0
HG01784	EUR	IBS053	hprc_asian	DPB1	2	complete	1	1	1	2
HG01784	EUR	IBS053	hprc_asian	DPB1	4	complete	1	1	0	1
HG01784	EUR	IBS053	hprc_asian	DQA1	2	complete	1	1	1	2
HG01784	EUR	IBS053	hprc_asian	DQA1	4	complete	0	0	0	0
HG01784	EUR	IBS053	hprc_asian	DQB1	2	complete	1	1	1	2
HG01784	EUR	IBS053	hprc_asian	DQB1	4	complete	1	1	1	2
HG01784	EUR	IBS053	hprc_asian	DRB1	2	complete	1	1	1	2
HG01784	EUR	IBS053	hprc_asian	DRB1	4	complete	0	0	0	0
HG01784	EUR	IBS053	ipd_genome	A	2	complete	1	1	1	2
HG01784	EUR	IBS053	ipd_genome	A	4	complete	1	1	1	2
HG01784	EUR	IBS053	ipd_genome	B	2	complete	1	1	1	2
HG01784	EUR	IBS053	ipd_genome	B	4	complete	0	0	0	0
HG01784	EUR	IBS053	ipd_genome	C	2	complete	1	1	1	2
HG01784	EUR	IBS053	ipd_genome	C	4	complete	1	1	1	2
HG01784	EUR	IBS053	ipd_genome	DPA1	2	complete	1	1	1	2
HG01784	EUR	IBS053	ipd_genome	DPA1	4	complete	0	0	0	0
HG01784	EUR	IBS053	ipd_genome	DPB1	2	complete	1	1	1	2
HG01784	EUR	IBS053	ipd_genome	DPB1	4	complete	1	1	1	2
HG01784	EUR	IBS053	ipd_genome	DQA1	2	complete	1	1	1	2
HG01784	EUR	IBS053	ipd_genome	DQA1	4	complete	0	0	0	0
HG01784	EUR	IBS053	ipd_genome	DQB1	2	complete	1	1	1	2
HG01784	EUR	IBS053	ipd_genome	DQB1	4	complete	1	1	1	2
HG01784	EUR	IBS053	ipd_genome	DRB1	2	complete	1	1	1	2
HG01784	EUR	IBS053	ipd_genome	DRB1	4	complete	0	0	0	0
HG01784	EUR	IBS053	genome_hprc	A	2	complete	1	1	1	2
HG01784	EUR	IBS053	genome_hprc	A	4	complete	1	1	1	2
HG01784	EUR	IBS053	genome_hprc	B	2	complete	1	1	1	2
HG01784	EUR	IBS053	genome_hprc	B	4	complete	0	0	0	0
HG01784	EUR	IBS053	genome_hprc	C	2	complete	1	1	1	2
HG01784	EUR	IBS053	genome_hprc	C	4	complete	1	1	1	2
HG01784	EUR	IBS053	genome_hprc	DPA1	2	complete	1	1	1	2
HG01784	EUR	IBS053	genome_hprc	DPA1	4	complete	0	0	0	0
HG01784	EUR	IBS053	genome_hprc	DPB1	2	complete	1	1	1	2
HG01784	EUR	IBS053	genome_hprc	DPB1	4	complete	1	1	0	1
HG01784	EUR	IBS053	genome_hprc	DQA1	2	complete	1	1	0	1
HG01784	EUR	IBS053	genome_hprc	DQA1	4	complete	0	0	0	0
HG01784	EUR	IBS053	genome_hprc	DQB1	2	complete	1	1	1	2
HG01784	EUR	IBS053	genome_hprc	DQB1	4	complete	1	1	0	1
HG01784	EUR	IBS053	genome_hprc	DRB1	2	complete	1	1	1	2
HG01784	EUR	IBS053	genome_hprc	DRB1	4	complete	0	0	0	0
HG01784	EUR	IBS053	genome_hprc_asian	A	2	complete	1	1	1	2
HG01784	EUR	IBS053	genome_hprc_asian	A	4	complete	1	1	1	2
HG01784	EUR	IBS053	genome_hprc_asian	B	2	complete	1	1	1	2
HG01784	EUR	IBS053	genome_hprc_asian	B	4	complete	0	0	0	0
HG01784	EUR	IBS053	genome_hprc_asian	C	2	complete	1	1	1	2
HG01784	EUR	IBS053	genome_hprc_asian	C	4	complete	1	1	1	2
HG01784	EUR	IBS053	genome_hprc_asian	DPA1	2	complete	1	1	1	2
HG01784	EUR	IBS053	genome_hprc_asian	DPA1	4	complete	0	0	0	0
HG01784	EUR	IBS053	genome_hprc_asian	DPB1	2	complete	1	1	1	2
HG01784	EUR	IBS053	genome_hprc_asian	DPB1	4	complete	1	1	1	2
HG01784	EUR	IBS053	genome_hprc_asian	DQA1	2	complete	1	1	0	1
HG01784	EUR	IBS053	genome_hprc_asian	DQA1	4	complete	0	0	0	0
HG01784	EUR	IBS053	genome_hprc_asian	DQB1	2	complete	1	1	1	2
HG01784	EUR	IBS053	genome_hprc_asian	DQB1	4	complete	1	1	1	2
HG01784	EUR	IBS053	genome_hprc_asian	DRB1	2	complete	1	1	1	2
HG01784	EUR	IBS053	genome_hprc_asian	DRB1	4	complete	0	0	0	0
NA20809	EUR	NA20809	T1K	A	2	complete	1	1	1	2
NA20809	EUR	NA20809	T1K	A	4	complete	1	1	1	2
NA20809	EUR	NA20809	T1K	B	2	complete	1	1	1	2
NA20809	EUR	NA20809	T1K	B	4	complete	0	0	0	0
NA20809	EUR	NA20809	T1K	C	2	complete	1	1	1	2
NA20809	EUR	NA20809	T1K	C	4	complete	1	1	1	2
NA20809	EUR	NA20809	T1K	DPA1	2	complete	1	1	1	2
NA20809	EUR	NA20809	T1K	DPA1	4	complete	1	1	1	2
NA20809	EUR	NA20809	T1K	DPB1	2	complete	1	1	1	2
NA20809	EUR	NA20809	T1K	DPB1	4	complete	1	1	1	2
NA20809	EUR	NA20809	T1K	DQA1	2	complete	1	1	1	2
NA20809	EUR	NA20809	T1K	DQA1	4	complete	1	1	1	2
NA20809	EUR	NA20809	T1K	DQB1	2	complete	1	1	1	2
NA20809	EUR	NA20809	T1K	DQB1	4	complete	1	1	0	1
NA20809	EUR	NA20809	T1K	DRB1	2	complete	1	1	1	2
NA20809	EUR	NA20809	T1K	DRB1	4	complete	0	0	0	0
NA20809	EUR	NA20809	hprc	A	2	complete	1	1	1	2
NA20809	EUR	NA20809	hprc	A	4	complete	1	1	1	2
NA20809	EUR	NA20809	hprc	B	2	complete	1	1	1	2
NA20809	EUR	NA20809	hprc	B	4	complete	0	0	0	0
NA20809	EUR	NA20809	hprc	C	2	complete	1	1	1	2
NA20809	EUR	NA20809	hprc	C	4	complete	1	1	1	2
NA20809	EUR	NA20809	hprc	DPA1	2	complete	1	1	1	2
NA20809	EUR	NA20809	hprc	DPA1	4	complete	1	1	1	2
NA20809	EUR	NA20809	hprc	DPB1	2	complete	1	1	1	2
NA20809	EUR	NA20809	hprc	DPB1	4	complete	1	1	0	0
NA20809	EUR	NA20809	hprc	DQA1	2	complete	1	1	1	2
NA20809	EUR	NA20809	hprc	DQA1	4	complete	1	1	1	2
NA20809	EUR	NA20809	hprc	DQB1	2	complete	1	1	1	2
NA20809	EUR	NA20809	hprc	DQB1	4	complete	1	1	1	2
NA20809	EUR	NA20809	hprc	DRB1	2	complete	1	1	1	2
NA20809	EUR	NA20809	hprc	DRB1	4	complete	0	0	0	0
NA20809	EUR	NA20809	hprc_asian	A	2	complete	1	1	1	2
NA20809	EUR	NA20809	hprc_asian	A	4	complete	1	1	1	2
NA20809	EUR	NA20809	hprc_asian	B	2	complete	1	1	1	2
NA20809	EUR	NA20809	hprc_asian	B	4	complete	0	0	0	0
NA20809	EUR	NA20809	hprc_asian	C	2	complete	1	1	1	2
NA20809	EUR	NA20809	hprc_asian	C	4	complete	1	1	1	2
NA20809	EUR	NA20809	hprc_asian	DPA1	2	complete	1	1	1	2
NA20809	EUR	NA20809	hprc_asian	DPA1	4	complete	1	1	1	2
NA20809	EUR	NA20809	hprc_asian	DPB1	2	complete	1	1	1	2
NA20809	EUR	NA20809	hprc_asian	DPB1	4	complete	1	1	0	0
NA20809	EUR	NA20809	hprc_asian	DQA1	2	complete	1	1	1	2
NA20809	EUR	NA20809	hprc_asian	DQA1	4	complete	1	1	1	2
NA20809	EUR	NA20809	hprc_asian	DQB1	2	complete	1	1	1	2
NA20809	EUR	NA20809	hprc_asian	DQB1	4	complete	1	1	1	2
NA20809	EUR	NA20809	hprc_asian	DRB1	2	complete	1	1	1	2
NA20809	EUR	NA20809	hprc_asian	DRB1	4	complete	0	0	0	0
NA20809	EUR	NA20809	ipd_genome	A	2	complete	1	1	1	2
NA20809	EUR	NA20809	ipd_genome	A	4	complete	1	1	1	2
NA20809	EUR	NA20809	ipd_genome	B	2	complete	1	1	1	2
NA20809	EUR	NA20809	ipd_genome	B	4	complete	0	0	0	0
NA20809	EUR	NA20809	ipd_genome	C	2	complete	1	1	1	2
NA20809	EUR	NA20809	ipd_genome	C	4	complete	1	1	1	2
NA20809	EUR	NA20809	ipd_genome	DPA1	2	complete	1	1	1	2
NA20809	EUR	NA20809	ipd_genome	DPA1	4	complete	1	1	1	2
NA20809	EUR	NA20809	ipd_genome	DPB1	2	complete	1	1	1	2
NA20809	EUR	NA20809	ipd_genome	DPB1	4	complete	1	1	1	2
NA20809	EUR	NA20809	ipd_genome	DQA1	2	complete	1	1	1	2
NA20809	EUR	NA20809	ipd_genome	DQA1	4	complete	1	1	1	2
NA20809	EUR	NA20809	ipd_genome	DQB1	2	complete	1	1	1	2
NA20809	EUR	NA20809	ipd_genome	DQB1	4	complete	1	1	1	2
NA20809	EUR	NA20809	ipd_genome	DRB1	2	complete	1	1	0	1
NA20809	EUR	NA20809	ipd_genome	DRB1	4	complete	0	0	0	0
NA20809	EUR	NA20809	genome_hprc	A	2	complete	1	1	1	2
NA20809	EUR	NA20809	genome_hprc	A	4	complete	1	1	1	2
NA20809	EUR	NA20809	genome_hprc	B	2	complete	1	1	1	2
NA20809	EUR	NA20809	genome_hprc	B	4	complete	0	0	0	0
NA20809	EUR	NA20809	genome_hprc	C	2	complete	1	1	1	2
NA20809	EUR	NA20809	genome_hprc	C	4	complete	1	1	1	2
NA20809	EUR	NA20809	genome_hprc	DPA1	2	complete	1	1	1	2
NA20809	EUR	NA20809	genome_hprc	DPA1	4	complete	1	1	1	2
NA20809	EUR	NA20809	genome_hprc	DPB1	2	complete	1	1	1	2
NA20809	EUR	NA20809	genome_hprc	DPB1	4	complete	1	1	1	2
NA20809	EUR	NA20809	genome_hprc	DQA1	2	complete	1	1	1	2
NA20809	EUR	NA20809	genome_hprc	DQA1	4	complete	1	1	1	2
NA20809	EUR	NA20809	genome_hprc	DQB1	2	complete	1	1	1	2
NA20809	EUR	NA20809	genome_hprc	DQB1	4	complete	1	1	1	2
NA20809	EUR	NA20809	genome_hprc	DRB1	2	complete	1	1	1	2
NA20809	EUR	NA20809	genome_hprc	DRB1	4	complete	0	0	0	0
NA20809	EUR	NA20809	genome_hprc_asian	A	2	complete	1	1	1	2
NA20809	EUR	NA20809	genome_hprc_asian	A	4	complete	1	1	1	2
NA20809	EUR	NA20809	genome_hprc_asian	B	2	complete	1	1	1	2
NA20809	EUR	NA20809	genome_hprc_asian	B	4	complete	0	0	0	0
NA20809	EUR	NA20809	genome_hprc_asian	C	2	complete	1	1	1	2
NA20809	EUR	NA20809	genome_hprc_asian	C	4	complete	1	1	1	2
NA20809	EUR	NA20809	genome_hprc_asian	DPA1	2	complete	1	1	1	2
NA20809	EUR	NA20809	genome_hprc_asian	DPA1	4	complete	1	1	1	2
NA20809	EUR	NA20809	genome_hprc_asian	DPB1	2	complete	1	1	1	2
NA20809	EUR	NA20809	genome_hprc_asian	DPB1	4	complete	1	1	1	2
NA20809	EUR	NA20809	genome_hprc_asian	DQA1	2	complete	1	1	1	2
NA20809	EUR	NA20809	genome_hprc_asian	DQA1	4	complete	1	1	1	2
NA20809	EUR	NA20809	genome_hprc_asian	DQB1	2	complete	1	1	1	2
NA20809	EUR	NA20809	genome_hprc_asian	DQB1	4	complete	1	1	1	2
NA20809	EUR	NA20809	genome_hprc_asian	DRB1	2	complete	1	1	1	2
NA20809	EUR	NA20809	genome_hprc_asian	DRB1	4	complete	0	0	0	0
HG00272	EUR	HG00272	T1K	A	2	complete	1	1	1	2
HG00272	EUR	HG00272	T1K	A	4	complete	1	1	1	2
HG00272	EUR	HG00272	T1K	B	2	complete	1	1	1	2
HG00272	EUR	HG00272	T1K	B	4	complete	1	1	1	2
HG00272	EUR	HG00272	T1K	C	2	complete	1	1	1	2
HG00272	EUR	HG00272	T1K	C	4	complete	1	1	1	2
HG00272	EUR	HG00272	T1K	DPA1	2	complete	1	1	1	2
HG00272	EUR	HG00272	T1K	DPA1	4	complete	0	0	0	0
HG00272	EUR	HG00272	T1K	DPB1	2	complete	1	1	1	2
HG00272	EUR	HG00272	T1K	DPB1	4	complete	1	1	0	0
HG00272	EUR	HG00272	T1K	DQA1	2	complete	1	1	1	2
HG00272	EUR	HG00272	T1K	DQA1	4	complete	1	1	0	1
HG00272	EUR	HG00272	T1K	DQB1	2	complete	1	1	1	2
HG00272	EUR	HG00272	T1K	DQB1	4	complete	1	1	1	2
HG00272	EUR	HG00272	T1K	DRB1	2	complete	1	1	1	2
HG00272	EUR	HG00272	T1K	DRB1	4	complete	0	0	0	0
HG00272	EUR	HG00272	hprc	A	2	complete	1	1	1	2
HG00272	EUR	HG00272	hprc	A	4	complete	1	1	1	2
HG00272	EUR	HG00272	hprc	B	2	complete	1	1	1	2
HG00272	EUR	HG00272	hprc	B	4	complete	1	1	1	2
HG00272	EUR	HG00272	hprc	C	2	complete	1	1	1	2
HG00272	EUR	HG00272	hprc	C	4	complete	1	1	1	2
HG00272	EUR	HG00272	hprc	DPA1	2	complete	1	1	1	2
HG00272	EUR	HG00272	hprc	DPA1	4	complete	0	0	0	0
HG00272	EUR	HG00272	hprc	DPB1	2	complete	1	1	1	2
HG00272	EUR	HG00272	hprc	DPB1	4	complete	1	1	0	1
HG00272	EUR	HG00272	hprc	DQA1	2	complete	1	1	1	2
HG00272	EUR	HG00272	hprc	DQA1	4	complete	1	1	1	2
HG00272	EUR	HG00272	hprc	DQB1	2	complete	1	1	1	2
HG00272	EUR	HG00272	hprc	DQB1	4	complete	1	1	1	2
HG00272	EUR	HG00272	hprc	DRB1	2	complete	1	1	1	2
HG00272	EUR	HG00272	hprc	DRB1	4	complete	0	0	0	0
HG00272	EUR	HG00272	hprc_asian	A	2	complete	1	1	1	2
HG00272	EUR	HG00272	hprc_asian	A	4	complete	1	1	1	2
HG00272	EUR	HG00272	hprc_asian	B	2	complete	1	1	1	2
HG00272	EUR	HG00272	hprc_asian	B	4	complete	1	1	1	2
HG00272	EUR	HG00272	hprc_asian	C	2	complete	1	1	1	2
HG00272	EUR	HG00272	hprc_asian	C	4	complete	1	1	1	2
HG00272	EUR	HG00272	hprc_asian	DPA1	2	complete	1	1	1	2
HG00272	EUR	HG00272	hprc_asian	DPA1	4	complete	0	0	0	0
HG00272	EUR	HG00272	hprc_asian	DPB1	2	complete	1	1	1	2
HG00272	EUR	HG00272	hprc_asian	DPB1	4	complete	1	1	0	1
HG00272	EUR	HG00272	hprc_asian	DQA1	2	complete	1	1	1	2
HG00272	EUR	HG00272	hprc_asian	DQA1	4	complete	1	1	1	2
HG00272	EUR	HG00272	hprc_asian	DQB1	2	complete	1	1	1	2
HG00272	EUR	HG00272	hprc_asian	DQB1	4	complete	1	1	1	2
HG00272	EUR	HG00272	hprc_asian	DRB1	2	complete	1	1	1	2
HG00272	EUR	HG00272	hprc_asian	DRB1	4	complete	0	0	0	0
HG00272	EUR	HG00272	ipd_genome	A	2	complete	1	1	1	2
HG00272	EUR	HG00272	ipd_genome	A	4	complete	1	1	1	2
HG00272	EUR	HG00272	ipd_genome	B	2	complete	1	1	1	2
HG00272	EUR	HG00272	ipd_genome	B	4	complete	1	1	1	2
HG00272	EUR	HG00272	ipd_genome	C	2	complete	1	1	1	2
HG00272	EUR	HG00272	ipd_genome	C	4	complete	1	1	1	2
HG00272	EUR	HG00272	ipd_genome	DPA1	2	complete	1	1	1	2
HG00272	EUR	HG00272	ipd_genome	DPA1	4	complete	0	0	0	0
HG00272	EUR	HG00272	ipd_genome	DPB1	2	complete	1	1	1	2
HG00272	EUR	HG00272	ipd_genome	DPB1	4	complete	1	1	1	2
HG00272	EUR	HG00272	ipd_genome	DQA1	2	complete	1	1	1	2
HG00272	EUR	HG00272	ipd_genome	DQA1	4	complete	1	1	0	1
HG00272	EUR	HG00272	ipd_genome	DQB1	2	complete	1	1	1	2
HG00272	EUR	HG00272	ipd_genome	DQB1	4	complete	1	1	1	2
HG00272	EUR	HG00272	ipd_genome	DRB1	2	complete	1	1	1	2
HG00272	EUR	HG00272	ipd_genome	DRB1	4	complete	0	0	0	0
HG00272	EUR	HG00272	genome_hprc	A	2	complete	1	1	1	2
HG00272	EUR	HG00272	genome_hprc	A	4	complete	1	1	1	2
HG00272	EUR	HG00272	genome_hprc	B	2	complete	1	1	1	2
HG00272	EUR	HG00272	genome_hprc	B	4	complete	1	1	1	2
HG00272	EUR	HG00272	genome_hprc	C	2	complete	1	1	1	2
HG00272	EUR	HG00272	genome_hprc	C	4	complete	1	1	1	2
HG00272	EUR	HG00272	genome_hprc	DPA1	2	complete	1	1	1	2
HG00272	EUR	HG00272	genome_hprc	DPA1	4	complete	0	0	0	0
HG00272	EUR	HG00272	genome_hprc	DPB1	2	complete	1	1	1	2
HG00272	EUR	HG00272	genome_hprc	DPB1	4	complete	1	1	1	2
HG00272	EUR	HG00272	genome_hprc	DQA1	2	complete	1	1	1	2
HG00272	EUR	HG00272	genome_hprc	DQA1	4	complete	1	1	1	2
HG00272	EUR	HG00272	genome_hprc	DQB1	2	complete	1	1	1	2
HG00272	EUR	HG00272	genome_hprc	DQB1	4	complete	1	1	1	2
HG00272	EUR	HG00272	genome_hprc	DRB1	2	complete	1	1	1	2
HG00272	EUR	HG00272	genome_hprc	DRB1	4	complete	0	0	0	0
HG00272	EUR	HG00272	genome_hprc_asian	A	2	complete	1	1	1	2
HG00272	EUR	HG00272	genome_hprc_asian	A	4	complete	1	1	1	2
HG00272	EUR	HG00272	genome_hprc_asian	B	2	complete	1	1	1	2
HG00272	EUR	HG00272	genome_hprc_asian	B	4	complete	1	1	1	2
HG00272	EUR	HG00272	genome_hprc_asian	C	2	complete	1	1	1	2
HG00272	EUR	HG00272	genome_hprc_asian	C	4	complete	1	1	1	2
HG00272	EUR	HG00272	genome_hprc_asian	DPA1	2	complete	1	1	1	2
HG00272	EUR	HG00272	genome_hprc_asian	DPA1	4	complete	0	0	0	0
HG00272	EUR	HG00272	genome_hprc_asian	DPB1	2	complete	1	1	1	2
HG00272	EUR	HG00272	genome_hprc_asian	DPB1	4	complete	1	1	1	2
HG00272	EUR	HG00272	genome_hprc_asian	DQA1	2	complete	1	1	1	2
HG00272	EUR	HG00272	genome_hprc_asian	DQA1	4	complete	1	1	1	2
HG00272	EUR	HG00272	genome_hprc_asian	DQB1	2	complete	1	1	1	2
HG00272	EUR	HG00272	genome_hprc_asian	DQB1	4	complete	1	1	1	2
HG00272	EUR	HG00272	genome_hprc_asian	DRB1	2	complete	1	1	1	2
HG00272	EUR	HG00272	genome_hprc_asian	DRB1	4	complete	0	0	0	0
HG00133	EUR	HG00133	T1K	A	2	complete	1	1	1	2
HG00133	EUR	HG00133	T1K	A	4	complete	1	1	1	2
HG00133	EUR	HG00133	T1K	B	2	complete	1	1	1	2
HG00133	EUR	HG00133	T1K	B	4	complete	0	0	0	0
HG00133	EUR	HG00133	T1K	C	2	complete	1	1	1	2
HG00133	EUR	HG00133	T1K	C	4	complete	1	1	0	1
HG00133	EUR	HG00133	T1K	DPA1	2	complete	1	1	1	2
HG00133	EUR	HG00133	T1K	DPA1	4	complete	1	1	0	1
HG00133	EUR	HG00133	T1K	DPB1	2	complete	1	1	1	2
HG00133	EUR	HG00133	T1K	DPB1	4	complete	1	1	0	1
HG00133	EUR	HG00133	T1K	DQA1	2	complete	1	1	1	2
HG00133	EUR	HG00133	T1K	DQA1	4	complete	0	0	0	0
HG00133	EUR	HG00133	T1K	DQB1	2	complete	1	1	1	2
HG00133	EUR	HG00133	T1K	DQB1	4	complete	1	1	1	2
HG00133	EUR	HG00133	T1K	DRB1	2	complete	1	1	1	2
HG00133	EUR	HG00133	T1K	DRB1	4	complete	0	0	0	0
HG00133	EUR	HG00133	hprc	A	2	complete	1	1	1	2
HG00133	EUR	HG00133	hprc	A	4	complete	1	1	1	2
HG00133	EUR	HG00133	hprc	B	2	complete	1	1	0	1
HG00133	EUR	HG00133	hprc	B	4	complete	0	0	0	0
HG00133	EUR	HG00133	hprc	C	2	complete	1	1	1	2
HG00133	EUR	HG00133	hprc	C	4	complete	1	1	1	2
HG00133	EUR	HG00133	hprc	DPA1	2	complete	1	1	1	2
HG00133	EUR	HG00133	hprc	DPA1	4	complete	1	0	0	1
HG00133	EUR	HG00133	hprc	DPB1	2	complete	1	1	0	1
HG00133	EUR	HG00133	hprc	DPB1	4	complete	1	1	0	0
HG00133	EUR	HG00133	hprc	DQA1	2	complete	1	1	1	2
HG00133	EUR	HG00133	hprc	DQA1	4	complete	0	0	0	0
HG00133	EUR	HG00133	hprc	DQB1	2	complete	1	1	1	2
HG00133	EUR	HG00133	hprc	DQB1	4	complete	1	1	1	2
HG00133	EUR	HG00133	hprc	DRB1	2	complete	1	1	0	1
HG00133	EUR	HG00133	hprc	DRB1	4	complete	0	0	0	0
HG00133	EUR	HG00133	hprc_asian	A	2	complete	1	1	1	2
HG00133	EUR	HG00133	hprc_asian	A	4	complete	1	1	1	2
HG00133	EUR	HG00133	hprc_asian	B	2	complete	1	1	0	1
HG00133	EUR	HG00133	hprc_asian	B	4	complete	0	0	0	0
HG00133	EUR	HG00133	hprc_asian	C	2	complete	1	1	1	2
HG00133	EUR	HG00133	hprc_asian	C	4	complete	1	1	1	2
HG00133	EUR	HG00133	hprc_asian	DPA1	2	complete	1	1	1	2
HG00133	EUR	HG00133	hprc_asian	DPA1	4	complete	1	1	1	2
HG00133	EUR	HG00133	hprc_asian	DPB1	2	complete	1	1	1	2
HG00133	EUR	HG00133	hprc_asian	DPB1	4	complete	1	1	0	1
HG00133	EUR	HG00133	hprc_asian	DQA1	2	complete	1	1	1	2
HG00133	EUR	HG00133	hprc_asian	DQA1	4	complete	0	0	0	0
HG00133	EUR	HG00133	hprc_asian	DQB1	2	complete	1	1	1	2
HG00133	EUR	HG00133	hprc_asian	DQB1	4	complete	1	1	1	2
HG00133	EUR	HG00133	hprc_asian	DRB1	2	complete	1	1	1	2
HG00133	EUR	HG00133	hprc_asian	DRB1	4	complete	0	0	0	0
HG00133	EUR	HG00133	ipd_genome	A	2	complete	1	1	1	2
HG00133	EUR	HG00133	ipd_genome	A	4	complete	1	1	1	2
HG00133	EUR	HG00133	ipd_genome	B	2	complete	1	1	1	2
HG00133	EUR	HG00133	ipd_genome	B	4	complete	0	0	0	0
HG00133	EUR	HG00133	ipd_genome	C	2	complete	1	1	1	2
HG00133	EUR	HG00133	ipd_genome	C	4	complete	1	1	1	2
HG00133	EUR	HG00133	ipd_genome	DPA1	2	complete	1	1	1	2
HG00133	EUR	HG00133	ipd_genome	DPA1	4	complete	1	1	1	2
HG00133	EUR	HG00133	ipd_genome	DPB1	2	complete	1	1	1	2
HG00133	EUR	HG00133	ipd_genome	DPB1	4	complete	1	1	1	2
HG00133	EUR	HG00133	ipd_genome	DQA1	2	complete	1	1	1	2
HG00133	EUR	HG00133	ipd_genome	DQA1	4	complete	0	0	0	0
HG00133	EUR	HG00133	ipd_genome	DQB1	2	complete	1	1	1	2
HG00133	EUR	HG00133	ipd_genome	DQB1	4	complete	1	1	1	2
HG00133	EUR	HG00133	ipd_genome	DRB1	2	complete	1	1	1	2
HG00133	EUR	HG00133	ipd_genome	DRB1	4	complete	0	0	0	0
HG00133	EUR	HG00133	genome_hprc	A	2	complete	1	1	1	2
HG00133	EUR	HG00133	genome_hprc	A	4	complete	1	1	1	2
HG00133	EUR	HG00133	genome_hprc	B	2	complete	1	1	1	2
HG00133	EUR	HG00133	genome_hprc	B	4	complete	0	0	0	0
HG00133	EUR	HG00133	genome_hprc	C	2	complete	1	1	1	2
HG00133	EUR	HG00133	genome_hprc	C	4	complete	1	1	1	2
HG00133	EUR	HG00133	genome_hprc	DPA1	2	complete	1	1	1	2
HG00133	EUR	HG00133	genome_hprc	DPA1	4	complete	1	1	1	2
HG00133	EUR	HG00133	genome_hprc	DPB1	2	complete	1	1	1	2
HG00133	EUR	HG00133	genome_hprc	DPB1	4	complete	1	1	1	2
HG00133	EUR	HG00133	genome_hprc	DQA1	2	complete	1	1	1	2
HG00133	EUR	HG00133	genome_hprc	DQA1	4	complete	0	0	0	0
HG00133	EUR	HG00133	genome_hprc	DQB1	2	complete	1	1	1	2
HG00133	EUR	HG00133	genome_hprc	DQB1	4	complete	1	1	1	2
HG00133	EUR	HG00133	genome_hprc	DRB1	2	complete	1	1	0	1
HG00133	EUR	HG00133	genome_hprc	DRB1	4	complete	0	0	0	0
HG00133	EUR	HG00133	genome_hprc_asian	A	2	complete	1	1	1	2
HG00133	EUR	HG00133	genome_hprc_asian	A	4	complete	1	1	1	2
HG00133	EUR	HG00133	genome_hprc_asian	B	2	complete	1	1	0	1
HG00133	EUR	HG00133	genome_hprc_asian	B	4	complete	0	0	0	0
HG00133	EUR	HG00133	genome_hprc_asian	C	2	complete	1	1	1	2
HG00133	EUR	HG00133	genome_hprc_asian	C	4	complete	1	1	1	2
HG00133	EUR	HG00133	genome_hprc_asian	DPA1	2	complete	1	1	1	2
HG00133	EUR	HG00133	genome_hprc_asian	DPA1	4	complete	1	1	1	2
HG00133	EUR	HG00133	genome_hprc_asian	DPB1	2	complete	1	1	1	2
HG00133	EUR	HG00133	genome_hprc_asian	DPB1	4	complete	1	1	1	2
HG00133	EUR	HG00133	genome_hprc_asian	DQA1	2	complete	1	1	1	2
HG00133	EUR	HG00133	genome_hprc_asian	DQA1	4	complete	0	0	0	0
HG00133	EUR	HG00133	genome_hprc_asian	DQB1	2	complete	1	1	1	2
HG00133	EUR	HG00133	genome_hprc_asian	DQB1	4	complete	1	1	1	2
HG00133	EUR	HG00133	genome_hprc_asian	DRB1	2	complete	1	1	0	1
HG00133	EUR	HG00133	genome_hprc_asian	DRB1	4	complete	0	0	0	0
NA20805	EUR	NA20805	T1K	A	2	complete	1	1	1	2
NA20805	EUR	NA20805	T1K	A	4	complete	1	1	1	2
NA20805	EUR	NA20805	T1K	B	2	complete	1	1	1	2
NA20805	EUR	NA20805	T1K	B	4	complete	1	1	0	1
NA20805	EUR	NA20805	T1K	C	2	complete	1	1	1	2
NA20805	EUR	NA20805	T1K	C	4	complete	0	0	0	0
NA20805	EUR	NA20805	T1K	DPA1	2	complete	1	1	1	2
NA20805	EUR	NA20805	T1K	DPA1	4	complete	1	1	0	1
NA20805	EUR	NA20805	T1K	DPB1	2	complete	1	1	1	2
NA20805	EUR	NA20805	T1K	DPB1	4	complete	1	1	1	2
NA20805	EUR	NA20805	T1K	DQA1	2	complete	1	1	0	1
NA20805	EUR	NA20805	T1K	DQA1	4	complete	1	1	0	1
NA20805	EUR	NA20805	T1K	DQB1	2	complete	1	1	1	2
NA20805	EUR	NA20805	T1K	DQB1	4	complete	1	1	0	1
NA20805	EUR	NA20805	T1K	DRB1	2	complete	1	1	1	2
NA20805	EUR	NA20805	T1K	DRB1	4	complete	0	0	0	0
NA20805	EUR	NA20805	hprc	A	2	complete	1	1	1	2
NA20805	EUR	NA20805	hprc	A	4	complete	1	1	1	2
NA20805	EUR	NA20805	hprc	B	2	complete	1	1	0	1
NA20805	EUR	NA20805	hprc	B	4	complete	1	1	0	0
NA20805	EUR	NA20805	hprc	C	2	complete	1	1	0	0
NA20805	EUR	NA20805	hprc	C	4	complete	0	0	0	0
NA20805	EUR	NA20805	hprc	DPA1	2	complete	1	1	1	2
NA20805	EUR	NA20805	hprc	DPA1	4	complete	1	1	1	2
NA20805	EUR	NA20805	hprc	DPB1	2	complete	1	1	1	2
NA20805	EUR	NA20805	hprc	DPB1	4	complete	1	1	0	1
NA20805	EUR	NA20805	hprc	DQA1	2	complete	1	1	1	2
NA20805	EUR	NA20805	hprc	DQA1	4	complete	1	1	0	1
NA20805	EUR	NA20805	hprc	DQB1	2	complete	1	1	1	2
NA20805	EUR	NA20805	hprc	DQB1	4	complete	1	1	0	1
NA20805	EUR	NA20805	hprc	DRB1	2	complete	1	1	1	2
NA20805	EUR	NA20805	hprc	DRB1	4	complete	0	0	0	0
NA20805	EUR	NA20805	hprc_asian	A	2	complete	1	1	1	2
NA20805	EUR	NA20805	hprc_asian	A	4	complete	1	1	1	2
NA20805	EUR	NA20805	hprc_asian	B	2	complete	1	1	1	2
NA20805	EUR	NA20805	hprc_asian	B	4	complete	1	1	0	1
NA20805	EUR	NA20805	hprc_asian	C	2	complete	1	1	0	1
NA20805	EUR	NA20805	hprc_asian	C	4	complete	0	0	0	0
NA20805	EUR	NA20805	hprc_asian	DPA1	2	complete	1	1	1	2
NA20805	EUR	NA20805	hprc_asian	DPA1	4	complete	1	1	1	2
NA20805	EUR	NA20805	hprc_asian	DPB1	2	complete	1	1	1	2
NA20805	EUR	NA20805	hprc_asian	DPB1	4	complete	1	1	0	1
NA20805	EUR	NA20805	hprc_asian	DQA1	2	complete	1	1	1	2
NA20805	EUR	NA20805	hprc_asian	DQA1	4	complete	1	0	0	1
NA20805	EUR	NA20805	hprc_asian	DQB1	2	complete	1	1	1	2
NA20805	EUR	NA20805	hprc_asian	DQB1	4	complete	1	1	1	2
NA20805	EUR	NA20805	hprc_asian	DRB1	2	complete	1	1	1	2
NA20805	EUR	NA20805	hprc_asian	DRB1	4	complete	0	0	0	0
NA20805	EUR	NA20805	ipd_genome	A	2	complete	1	1	1	2
NA20805	EUR	NA20805	ipd_genome	A	4	complete	1	1	1	2
NA20805	EUR	NA20805	ipd_genome	B	2	complete	1	1	1	2
NA20805	EUR	NA20805	ipd_genome	B	4	complete	1	1	1	2
NA20805	EUR	NA20805	ipd_genome	C	2	complete	1	1	0	1
NA20805	EUR	NA20805	ipd_genome	C	4	complete	0	0	0	0
NA20805	EUR	NA20805	ipd_genome	DPA1	2	complete	1	1	1	2
NA20805	EUR	NA20805	ipd_genome	DPA1	4	complete	1	1	1	2
NA20805	EUR	NA20805	ipd_genome	DPB1	2	complete	1	1	1	2
NA20805	EUR	NA20805	ipd_genome	DPB1	4	complete	1	1	0	0
NA20805	EUR	NA20805	ipd_genome	DQA1	2	complete	1	1	1	2
NA20805	EUR	NA20805	ipd_genome	DQA1	4	complete	1	1	0	1
NA20805	EUR	NA20805	ipd_genome	DQB1	2	complete	1	1	1	2
NA20805	EUR	NA20805	ipd_genome	DQB1	4	complete	1	1	1	2
NA20805	EUR	NA20805	ipd_genome	DRB1	2	complete	1	1	1	2
NA20805	EUR	NA20805	ipd_genome	DRB1	4	complete	0	0	0	0
NA20805	EUR	NA20805	genome_hprc	A	2	complete	1	1	1	2
NA20805	EUR	NA20805	genome_hprc	A	4	complete	1	1	1	2
NA20805	EUR	NA20805	genome_hprc	B	2	complete	1	1	0	1
NA20805	EUR	NA20805	genome_hprc	B	4	complete	1	1	0	0
NA20805	EUR	NA20805	genome_hprc	C	2	complete	1	1	0	0
NA20805	EUR	NA20805	genome_hprc	C	4	complete	0	0	0	0
NA20805	EUR	NA20805	genome_hprc	DPA1	2	complete	1	1	1	2
NA20805	EUR	NA20805	genome_hprc	DPA1	4	complete	1	1	1	2
NA20805	EUR	NA20805	genome_hprc	DPB1	2	complete	1	1	1	2
NA20805	EUR	NA20805	genome_hprc	DPB1	4	complete	1	1	1	2
NA20805	EUR	NA20805	genome_hprc	DQA1	2	complete	1	1	1	2
NA20805	EUR	NA20805	genome_hprc	DQA1	4	complete	1	1	0	1
NA20805	EUR	NA20805	genome_hprc	DQB1	2	complete	1	1	1	2
NA20805	EUR	NA20805	genome_hprc	DQB1	4	complete	1	1	0	1
NA20805	EUR	NA20805	genome_hprc	DRB1	2	complete	1	1	1	2
NA20805	EUR	NA20805	genome_hprc	DRB1	4	complete	0	0	0	0
NA20805	EUR	NA20805	genome_hprc_asian	A	2	complete	1	1	1	2
NA20805	EUR	NA20805	genome_hprc_asian	A	4	complete	1	1	1	2
NA20805	EUR	NA20805	genome_hprc_asian	B	2	complete	1	1	1	2
NA20805	EUR	NA20805	genome_hprc_asian	B	4	complete	1	1	0	1
NA20805	EUR	NA20805	genome_hprc_asian	C	2	complete	1	1	0	1
NA20805	EUR	NA20805	genome_hprc_asian	C	4	complete	0	0	0	0
NA20805	EUR	NA20805	genome_hprc_asian	DPA1	2	complete	1	1	1	2
NA20805	EUR	NA20805	genome_hprc_asian	DPA1	4	complete	1	1	1	2
NA20805	EUR	NA20805	genome_hprc_asian	DPB1	2	complete	1	1	1	2
NA20805	EUR	NA20805	genome_hprc_asian	DPB1	4	complete	1	1	1	2
NA20805	EUR	NA20805	genome_hprc_asian	DQA1	2	complete	1	1	1	2
NA20805	EUR	NA20805	genome_hprc_asian	DQA1	4	complete	1	0	0	1
NA20805	EUR	NA20805	genome_hprc_asian	DQB1	2	complete	1	1	1	2
NA20805	EUR	NA20805	genome_hprc_asian	DQB1	4	complete	1	1	1	2
NA20805	EUR	NA20805	genome_hprc_asian	DRB1	2	complete	1	1	1	2
NA20805	EUR	NA20805	genome_hprc_asian	DRB1	4	complete	0	0	0	0
HG00320	EUR	HG00320	T1K	A	2	complete	1	1	1	2
HG00320	EUR	HG00320	T1K	A	4	complete	1	1	1	2
HG00320	EUR	HG00320	T1K	B	2	complete	1	1	0	1
HG00320	EUR	HG00320	T1K	B	4	complete	1	0	0	0
HG00320	EUR	HG00320	T1K	C	2	complete	1	1	1	2
HG00320	EUR	HG00320	T1K	C	4	complete	1	1	1	2
HG00320	EUR	HG00320	T1K	DPA1	2	complete	1	1	1	2
HG00320	EUR	HG00320	T1K	DPA1	4	complete	1	1	1	2
HG00320	EUR	HG00320	T1K	DPB1	2	complete	1	1	1	2
HG00320	EUR	HG00320	T1K	DPB1	4	complete	1	1	1	2
HG00320	EUR	HG00320	T1K	DQA1	2	complete	1	1	1	2
HG00320	EUR	HG00320	T1K	DQA1	4	complete	1	1	0	0
HG00320	EUR	HG00320	T1K	DQB1	2	complete	1	1	1	2
HG00320	EUR	HG00320	T1K	DQB1	4	complete	1	1	1	2
HG00320	EUR	HG00320	T1K	DRB1	2	complete	1	1	1	2
HG00320	EUR	HG00320	T1K	DRB1	4	complete	0	0	0	0
HG00320	EUR	HG00320	hprc	A	2	complete	1	1	1	2
HG00320	EUR	HG00320	hprc	A	4	complete	1	1	1	2
HG00320	EUR	HG00320	hprc	B	2	complete	1	1	1	2
HG00320	EUR	HG00320	hprc	B	4	complete	1	1	0	1
HG00320	EUR	HG00320	hprc	C	2	complete	1	1	1	2
HG00320	EUR	HG00320	hprc	C	4	complete	1	1	1	2
HG00320	EUR	HG00320	hprc	DPA1	2	complete	1	1	1	2
HG00320	EUR	HG00320	hprc	DPA1	4	complete	1	1	1	2
HG00320	EUR	HG00320	hprc	DPB1	2	complete	1	1	1	2
HG00320	EUR	HG00320	hprc	DPB1	4	complete	1	1	0	0
HG00320	EUR	HG00320	hprc	DQA1	2	complete	1	1	1	2
HG00320	EUR	HG00320	hprc	DQA1	4	complete	1	1	1	2
HG00320	EUR	HG00320	hprc	DQB1	2	complete	1	1	1	2
HG00320	EUR	HG00320	hprc	DQB1	4	complete	1	1	1	2
HG00320	EUR	HG00320	hprc	DRB1	2	complete	1	1	0	1
HG00320	EUR	HG00320	hprc	DRB1	4	complete	0	0	0	0
HG00320	EUR	HG00320	hprc_asian	A	2	complete	1	1	1	2
HG00320	EUR	HG00320	hprc_asian	A	4	complete	1	1	1	2
HG00320	EUR	HG00320	hprc_asian	B	2	complete	1	1	1	2
HG00320	EUR	HG00320	hprc_asian	B	4	complete	1	1	1	2
HG00320	EUR	HG00320	hprc_asian	C	2	complete	1	1	1	2
HG00320	EUR	HG00320	hprc_asian	C	4	complete	1	1	1	2
HG00320	EUR	HG00320	hprc_asian	DPA1	2	complete	1	1	1	2
HG00320	EUR	HG00320	hprc_asian	DPA1	4	complete	1	1	1	2
HG00320	EUR	HG00320	hprc_asian	DPB1	2	complete	1	1	1	2
HG00320	EUR	HG00320	hprc_asian	DPB1	4	complete	1	1	0	0
HG00320	EUR	HG00320	hprc_asian	DQA1	2	complete	1	1	1	2
HG00320	EUR	HG00320	hprc_asian	DQA1	4	complete	1	1	1	2
HG00320	EUR	HG00320	hprc_asian	DQB1	2	complete	1	1	1	2
HG00320	EUR	HG00320	hprc_asian	DQB1	4	complete	1	1	1	2
HG00320	EUR	HG00320	hprc_asian	DRB1	2	complete	1	1	0	1
HG00320	EUR	HG00320	hprc_asian	DRB1	4	complete	0	0	0	0
HG00320	EUR	HG00320	ipd_genome	A	2	complete	1	1	1	2
HG00320	EUR	HG00320	ipd_genome	A	4	complete	1	1	1	2
HG00320	EUR	HG00320	ipd_genome	B	2	complete	1	1	1	2
HG00320	EUR	HG00320	ipd_genome	B	4	complete	1	1	1	2
HG00320	EUR	HG00320	ipd_genome	C	2	complete	1	1	1	2
HG00320	EUR	HG00320	ipd_genome	C	4	complete	1	1	1	2
HG00320	EUR	HG00320	ipd_genome	DPA1	2	complete	1	1	1	2
HG00320	EUR	HG00320	ipd_genome	DPA1	4	complete	1	1	1	2
HG00320	EUR	HG00320	ipd_genome	DPB1	2	complete	1	1	1	2
HG00320	EUR	HG00320	ipd_genome	DPB1	4	complete	1	1	1	2
HG00320	EUR	HG00320	ipd_genome	DQA1	2	complete	1	1	0	1
HG00320	EUR	HG00320	ipd_genome	DQA1	4	complete	1	0	0	1
HG00320	EUR	HG00320	ipd_genome	DQB1	2	complete	1	1	1	2
HG00320	EUR	HG00320	ipd_genome	DQB1	4	complete	1	1	1	2
HG00320	EUR	HG00320	ipd_genome	DRB1	2	complete	1	1	0	1
HG00320	EUR	HG00320	ipd_genome	DRB1	4	complete	0	0	0	0
HG00320	EUR	HG00320	genome_hprc	A	2	complete	1	1	1	2
HG00320	EUR	HG00320	genome_hprc	A	4	complete	1	1	1	2
HG00320	EUR	HG00320	genome_hprc	B	2	complete	1	1	1	2
HG00320	EUR	HG00320	genome_hprc	B	4	complete	1	1	1	2
HG00320	EUR	HG00320	genome_hprc	C	2	complete	1	1	1	2
HG00320	EUR	HG00320	genome_hprc	C	4	complete	1	1	1	2
HG00320	EUR	HG00320	genome_hprc	DPA1	2	complete	1	1	1	2
HG00320	EUR	HG00320	genome_hprc	DPA1	4	complete	1	1	1	2
HG00320	EUR	HG00320	genome_hprc	DPB1	2	complete	1	1	1	2
HG00320	EUR	HG00320	genome_hprc	DPB1	4	complete	1	1	1	2
HG00320	EUR	HG00320	genome_hprc	DQA1	2	complete	1	1	1	2
HG00320	EUR	HG00320	genome_hprc	DQA1	4	complete	1	1	1	2
HG00320	EUR	HG00320	genome_hprc	DQB1	2	complete	1	1	1	2
HG00320	EUR	HG00320	genome_hprc	DQB1	4	complete	1	1	1	2
HG00320	EUR	HG00320	genome_hprc	DRB1	2	complete	1	1	0	1
HG00320	EUR	HG00320	genome_hprc	DRB1	4	complete	0	0	0	0
HG00320	EUR	HG00320	genome_hprc_asian	A	2	complete	1	1	1	2
HG00320	EUR	HG00320	genome_hprc_asian	A	4	complete	1	1	1	2
HG00320	EUR	HG00320	genome_hprc_asian	B	2	complete	1	1	1	2
HG00320	EUR	HG00320	genome_hprc_asian	B	4	complete	1	1	1	2
HG00320	EUR	HG00320	genome_hprc_asian	C	2	complete	1	1	1	2
HG00320	EUR	HG00320	genome_hprc_asian	C	4	complete	1	1	1	2
HG00320	EUR	HG00320	genome_hprc_asian	DPA1	2	complete	1	1	1	2
HG00320	EUR	HG00320	genome_hprc_asian	DPA1	4	complete	1	1	1	2
HG00320	EUR	HG00320	genome_hprc_asian	DPB1	2	complete	1	1	1	2
HG00320	EUR	HG00320	genome_hprc_asian	DPB1	4	complete	1	1	1	2
HG00320	EUR	HG00320	genome_hprc_asian	DQA1	2	complete	1	1	1	2
HG00320	EUR	HG00320	genome_hprc_asian	DQA1	4	complete	1	1	1	2
HG00320	EUR	HG00320	genome_hprc_asian	DQB1	2	complete	1	1	1	2
HG00320	EUR	HG00320	genome_hprc_asian	DQB1	4	complete	1	1	1	2
HG00320	EUR	HG00320	genome_hprc_asian	DRB1	2	complete	1	1	0	1
HG00320	EUR	HG00320	genome_hprc_asian	DRB1	4	complete	0	0	0	0
HG00140	EUR	HG00140	T1K	A	2	complete	1	1	1	2
HG00140	EUR	HG00140	T1K	A	4	complete	1	1	1	2
HG00140	EUR	HG00140	T1K	B	2	complete	1	1	1	2
HG00140	EUR	HG00140	T1K	B	4	complete	1	1	0	1
HG00140	EUR	HG00140	T1K	C	2	complete	1	1	1	2
HG00140	EUR	HG00140	T1K	C	4	complete	1	0	0	1
HG00140	EUR	HG00140	T1K	DPA1	2	complete	1	1	1	2
HG00140	EUR	HG00140	T1K	DPA1	4	complete	0	0	0	0
HG00140	EUR	HG00140	T1K	DPB1	2	complete	1	1	1	2
HG00140	EUR	HG00140	T1K	DPB1	4	complete	1	1	0	1
HG00140	EUR	HG00140	T1K	DQA1	2	complete	1	1	1	2
HG00140	EUR	HG00140	T1K	DQA1	4	complete	1	1	1	2
HG00140	EUR	HG00140	T1K	DQB1	2	complete	1	1	1	2
HG00140	EUR	HG00140	T1K	DQB1	4	complete	1	1	0	1
HG00140	EUR	HG00140	T1K	DRB1	2	complete	1	1	1	2
HG00140	EUR	HG00140	T1K	DRB1	4	complete	0	0	0	0
HG00140	EUR	HG00140	hprc	A	2	complete	1	1	1	2
HG00140	EUR	HG00140	hprc	A	4	complete	1	1	1	2
HG00140	EUR	HG00140	hprc	B	2	complete	1	1	0	1
HG00140	EUR	HG00140	hprc	B	4	complete	1	1	0	1
HG00140	EUR	HG00140	hprc	C	2	complete	1	1	1	2
HG00140	EUR	HG00140	hprc	C	4	complete	1	1	1	2
HG00140	EUR	HG00140	hprc	DPA1	2	complete	1	1	1	2
HG00140	EUR	HG00140	hprc	DPA1	4	complete	0	0	0	0
HG00140	EUR	HG00140	hprc	DPB1	2	complete	1	1	1	2
HG00140	EUR	HG00140	hprc	DPB1	4	complete	1	1	0	1
HG00140	EUR	HG00140	hprc	DQA1	2	complete	1	1	1	2
HG00140	EUR	HG00140	hprc	DQA1	4	complete	1	1	1	2
HG00140	EUR	HG00140	hprc	DQB1	2	complete	1	1	1	2
HG00140	EUR	HG00140	hprc	DQB1	4	complete	1	1	1	2
HG00140	EUR	HG00140	hprc	DRB1	2	complete	1	1	1	2
HG00140	EUR	HG00140	hprc	DRB1	4	complete	0	0	0	0
HG00140	EUR	HG00140	hprc_asian	A	2	complete	1	1	1	2
HG00140	EUR	HG00140	hprc_asian	A	4	complete	1	1	1	2
HG00140	EUR	HG00140	hprc_asian	B	2	complete	1	1	1	2
HG00140	EUR	HG00140	hprc_asian	B	4	complete	1	1	1	2
HG00140	EUR	HG00140	hprc_asian	C	2	complete	1	1	1	2
HG00140	EUR	HG00140	hprc_asian	C	4	complete	1	1	1	2
HG00140	EUR	HG00140	hprc_asian	DPA1	2	complete	1	1	1	2
HG00140	EUR	HG00140	hprc_asian	DPA1	4	complete	0	0	0	0
HG00140	EUR	HG00140	hprc_asian	DPB1	2	complete	1	1	1	2
HG00140	EUR	HG00140	hprc_asian	DPB1	4	complete	1	1	0	1
HG00140	EUR	HG00140	hprc_asian	DQA1	2	complete	1	1	1	2
HG00140	EUR	HG00140	hprc_asian	DQA1	4	complete	1	1	1	2
HG00140	EUR	HG00140	hprc_asian	DQB1	2	complete	1	1	1	2
HG00140	EUR	HG00140	hprc_asian	DQB1	4	complete	1	1	1	2
HG00140	EUR	HG00140	hprc_asian	DRB1	2	complete	1	1	1	2
HG00140	EUR	HG00140	hprc_asian	DRB1	4	complete	0	0	0	0
HG00140	EUR	HG00140	ipd_genome	A	2	complete	1	1	1	2
HG00140	EUR	HG00140	ipd_genome	A	4	complete	1	1	1	2
HG00140	EUR	HG00140	ipd_genome	B	2	complete	1	1	1	2
HG00140	EUR	HG00140	ipd_genome	B	4	complete	1	1	1	2
HG00140	EUR	HG00140	ipd_genome	C	2	complete	1	1	1	2
HG00140	EUR	HG00140	ipd_genome	C	4	complete	1	1	1	2
HG00140	EUR	HG00140	ipd_genome	DPA1	2	complete	1	1	1	2
HG00140	EUR	HG00140	ipd_genome	DPA1	4	complete	0	0	0	0
HG00140	EUR	HG00140	ipd_genome	DPB1	2	complete	1	1	1	2
HG00140	EUR	HG00140	ipd_genome	DPB1	4	complete	1	1	0	1
HG00140	EUR	HG00140	ipd_genome	DQA1	2	complete	1	1	1	2
HG00140	EUR	HG00140	ipd_genome	DQA1	4	complete	1	1	0	1
HG00140	EUR	HG00140	ipd_genome	DQB1	2	complete	1	1	1	2
HG00140	EUR	HG00140	ipd_genome	DQB1	4	complete	1	1	1	2
HG00140	EUR	HG00140	ipd_genome	DRB1	2	complete	1	1	1	2
HG00140	EUR	HG00140	ipd_genome	DRB1	4	complete	0	0	0	0
HG00140	EUR	HG00140	genome_hprc	A	2	complete	1	1	1	2
HG00140	EUR	HG00140	genome_hprc	A	4	complete	1	1	1	2
HG00140	EUR	HG00140	genome_hprc	B	2	complete	1	1	0	1
HG00140	EUR	HG00140	genome_hprc	B	4	complete	1	1	0	1
HG00140	EUR	HG00140	genome_hprc	C	2	complete	1	1	1	2
HG00140	EUR	HG00140	genome_hprc	C	4	complete	1	1	1	2
HG00140	EUR	HG00140	genome_hprc	DPA1	2	complete	1	1	1	2
HG00140	EUR	HG00140	genome_hprc	DPA1	4	complete	0	0	0	0
HG00140	EUR	HG00140	genome_hprc	DPB1	2	complete	1	1	1	2
HG00140	EUR	HG00140	genome_hprc	DPB1	4	complete	1	1	1	2
HG00140	EUR	HG00140	genome_hprc	DQA1	2	complete	1	1	1	2
HG00140	EUR	HG00140	genome_hprc	DQA1	4	complete	1	1	1	2
HG00140	EUR	HG00140	genome_hprc	DQB1	2	complete	1	1	1	2
HG00140	EUR	HG00140	genome_hprc	DQB1	4	complete	1	1	1	2
HG00140	EUR	HG00140	genome_hprc	DRB1	2	complete	1	1	1	2
HG00140	EUR	HG00140	genome_hprc	DRB1	4	complete	0	0	0	0
HG00140	EUR	HG00140	genome_hprc_asian	A	2	complete	1	1	1	2
HG00140	EUR	HG00140	genome_hprc_asian	A	4	complete	1	1	1	2
HG00140	EUR	HG00140	genome_hprc_asian	B	2	complete	1	1	1	2
HG00140	EUR	HG00140	genome_hprc_asian	B	4	complete	1	1	1	2
HG00140	EUR	HG00140	genome_hprc_asian	C	2	complete	1	1	1	2
HG00140	EUR	HG00140	genome_hprc_asian	C	4	complete	1	1	1	2
HG00140	EUR	HG00140	genome_hprc_asian	DPA1	2	complete	1	1	1	2
HG00140	EUR	HG00140	genome_hprc_asian	DPA1	4	complete	0	0	0	0
HG00140	EUR	HG00140	genome_hprc_asian	DPB1	2	complete	1	1	1	2
HG00140	EUR	HG00140	genome_hprc_asian	DPB1	4	complete	1	1	1	2
HG00140	EUR	HG00140	genome_hprc_asian	DQA1	2	complete	1	1	1	2
HG00140	EUR	HG00140	genome_hprc_asian	DQA1	4	complete	1	1	1	2
HG00140	EUR	HG00140	genome_hprc_asian	DQB1	2	complete	1	1	1	2
HG00140	EUR	HG00140	genome_hprc_asian	DQB1	4	complete	1	1	1	2
HG00140	EUR	HG00140	genome_hprc_asian	DRB1	2	complete	1	1	1	2
HG00140	EUR	HG00140	genome_hprc_asian	DRB1	4	complete	0	0	0	0
NA20762	EUR	NA20762	T1K	A	2	complete	1	1	1	2
NA20762	EUR	NA20762	T1K	A	4	complete	1	1	1	2
NA20762	EUR	NA20762	T1K	B	2	complete	1	1	1	2
NA20762	EUR	NA20762	T1K	B	4	complete	1	1	0	1
NA20762	EUR	NA20762	T1K	C	2	complete	1	1	1	2
NA20762	EUR	NA20762	T1K	C	4	complete	0	0	0	0
NA20762	EUR	NA20762	T1K	DPA1	2	complete	1	1	1	2
NA20762	EUR	NA20762	T1K	DPA1	4	complete	0	0	0	0
NA20762	EUR	NA20762	T1K	DPB1	2	complete	1	1	1	2
NA20762	EUR	NA20762	T1K	DPB1	4	complete	1	1	0	1
NA20762	EUR	NA20762	T1K	DQA1	2	complete	1	1	1	2
NA20762	EUR	NA20762	T1K	DQA1	4	complete	1	1	0	1
NA20762	EUR	NA20762	T1K	DQB1	2	complete	1	1	1	2
NA20762	EUR	NA20762	T1K	DQB1	4	complete	1	1	0	1
NA20762	EUR	NA20762	T1K	DRB1	2	complete	1	1	1	2
NA20762	EUR	NA20762	T1K	DRB1	4	complete	0	0	0	0
NA20762	EUR	NA20762	hprc	A	2	complete	1	1	1	2
NA20762	EUR	NA20762	hprc	A	4	complete	1	1	1	2
NA20762	EUR	NA20762	hprc	B	2	complete	1	1	1	2
NA20762	EUR	NA20762	hprc	B	4	complete	1	1	1	2
NA20762	EUR	NA20762	hprc	C	2	complete	1	1	1	2
NA20762	EUR	NA20762	hprc	C	4	complete	0	0	0	0
NA20762	EUR	NA20762	hprc	DPA1	2	complete	1	1	1	2
NA20762	EUR	NA20762	hprc	DPA1	4	complete	0	0	0	0
NA20762	EUR	NA20762	hprc	DPB1	2	complete	1	1	1	2
NA20762	EUR	NA20762	hprc	DPB1	4	complete	1	1	0	1
NA20762	EUR	NA20762	hprc	DQA1	2	complete	1	1	1	2
NA20762	EUR	NA20762	hprc	DQA1	4	complete	1	1	0	1
NA20762	EUR	NA20762	hprc	DQB1	2	complete	1	1	1	2
NA20762	EUR	NA20762	hprc	DQB1	4	complete	1	1	1	2
NA20762	EUR	NA20762	hprc	DRB1	2	complete	1	1	0	1
NA20762	EUR	NA20762	hprc	DRB1	4	complete	0	0	0	0
NA20762	EUR	NA20762	hprc_asian	A	2	complete	1	1	1	2
NA20762	EUR	NA20762	hprc_asian	A	4	complete	1	1	1	2
NA20762	EUR	NA20762	hprc_asian	B	2	complete	1	1	1	2
NA20762	EUR	NA20762	hprc_asian	B	4	complete	1	1	1	2
NA20762	EUR	NA20762	hprc_asian	C	2	complete	1	1	1	2
NA20762	EUR	NA20762	hprc_asian	C	4	complete	0	0	0	0
NA20762	EUR	NA20762	hprc_asian	DPA1	2	complete	1	1	1	2
NA20762	EUR	NA20762	hprc_asian	DPA1	4	complete	0	0	0	0
NA20762	EUR	NA20762	hprc_asian	DPB1	2	complete	1	1	1	2
NA20762	EUR	NA20762	hprc_asian	DPB1	4	complete	1	1	1	2
NA20762	EUR	NA20762	hprc_asian	DQA1	2	complete	1	1	1	2
NA20762	EUR	NA20762	hprc_asian	DQA1	4	complete	1	1	0	1
NA20762	EUR	NA20762	hprc_asian	DQB1	2	complete	1	1	1	2
NA20762	EUR	NA20762	hprc_asian	DQB1	4	complete	1	1	1	2
NA20762	EUR	NA20762	hprc_asian	DRB1	2	complete	1	1	0	1
NA20762	EUR	NA20762	hprc_asian	DRB1	4	complete	0	0	0	0
NA20762	EUR	NA20762	ipd_genome	A	2	complete	1	1	1	2
NA20762	EUR	NA20762	ipd_genome	A	4	complete	1	1	1	2
NA20762	EUR	NA20762	ipd_genome	B	2	complete	1	1	1	2
NA20762	EUR	NA20762	ipd_genome	B	4	complete	1	1	1	2
NA20762	EUR	NA20762	ipd_genome	C	2	complete	1	1	1	2
NA20762	EUR	NA20762	ipd_genome	C	4	complete	0	0	0	0
NA20762	EUR	NA20762	ipd_genome	DPA1	2	complete	1	1	1	2
NA20762	EUR	NA20762	ipd_genome	DPA1	4	complete	0	0	0	0
NA20762	EUR	NA20762	ipd_genome	DPB1	2	complete	1	1	1	2
NA20762	EUR	NA20762	ipd_genome	DPB1	4	complete	1	1	1	2
NA20762	EUR	NA20762	ipd_genome	DQA1	2	complete	1	1	1	2
NA20762	EUR	NA20762	ipd_genome	DQA1	4	complete	1	1	0	1
NA20762	EUR	NA20762	ipd_genome	DQB1	2	complete	1	1	1	2
NA20762	EUR	NA20762	ipd_genome	DQB1	4	complete	1	1	1	2
NA20762	EUR	NA20762	ipd_genome	DRB1	2	complete	1	1	1	2
NA20762	EUR	NA20762	ipd_genome	DRB1	4	complete	0	0	0	0
NA20762	EUR	NA20762	genome_hprc	A	2	complete	1	1	1	2
NA20762	EUR	NA20762	genome_hprc	A	4	complete	1	1	1	2
NA20762	EUR	NA20762	genome_hprc	B	2	complete	1	1	1	2
NA20762	EUR	NA20762	genome_hprc	B	4	complete	1	1	1	2
NA20762	EUR	NA20762	genome_hprc	C	2	complete	1	1	1	2
NA20762	EUR	NA20762	genome_hprc	C	4	complete	0	0	0	0
NA20762	EUR	NA20762	genome_hprc	DPA1	2	complete	1	1	1	2
NA20762	EUR	NA20762	genome_hprc	DPA1	4	complete	0	0	0	0
NA20762	EUR	NA20762	genome_hprc	DPB1	2	complete	1	1	1	2
NA20762	EUR	NA20762	genome_hprc	DPB1	4	complete	1	1	1	2
NA20762	EUR	NA20762	genome_hprc	DQA1	2	complete	1	1	1	2
NA20762	EUR	NA20762	genome_hprc	DQA1	4	complete	1	1	1	2
NA20762	EUR	NA20762	genome_hprc	DQB1	2	complete	1	1	1	2
NA20762	EUR	NA20762	genome_hprc	DQB1	4	complete	1	1	1	2
NA20762	EUR	NA20762	genome_hprc	DRB1	2	complete	1	1	0	1
NA20762	EUR	NA20762	genome_hprc	DRB1	4	complete	0	0	0	0
NA20762	EUR	NA20762	genome_hprc_asian	A	2	complete	1	1	1	2
NA20762	EUR	NA20762	genome_hprc_asian	A	4	complete	1	1	1	2
NA20762	EUR	NA20762	genome_hprc_asian	B	2	complete	1	1	1	2
NA20762	EUR	NA20762	genome_hprc_asian	B	4	complete	1	1	1	2
NA20762	EUR	NA20762	genome_hprc_asian	C	2	complete	1	1	1	2
NA20762	EUR	NA20762	genome_hprc_asian	C	4	complete	0	0	0	0
NA20762	EUR	NA20762	genome_hprc_asian	DPA1	2	complete	1	1	1	2
NA20762	EUR	NA20762	genome_hprc_asian	DPA1	4	complete	0	0	0	0
NA20762	EUR	NA20762	genome_hprc_asian	DPB1	2	complete	1	1	1	2
NA20762	EUR	NA20762	genome_hprc_asian	DPB1	4	complete	1	1	1	2
NA20762	EUR	NA20762	genome_hprc_asian	DQA1	2	complete	1	1	1	2
NA20762	EUR	NA20762	genome_hprc_asian	DQA1	4	complete	1	1	1	2
NA20762	EUR	NA20762	genome_hprc_asian	DQB1	2	complete	1	1	1	2
NA20762	EUR	NA20762	genome_hprc_asian	DQB1	4	complete	1	1	1	2
NA20762	EUR	NA20762	genome_hprc_asian	DRB1	2	complete	1	1	0	1
NA20762	EUR	NA20762	genome_hprc_asian	DRB1	4	complete	0	0	0	0
HG03516	AFR	NG107	T1K	A	2	complete	1	1	1	2
HG03516	AFR	NG107	T1K	A	4	complete	1	1	1	2
HG03516	AFR	NG107	T1K	B	2	complete	1	1	1	2
HG03516	AFR	NG107	T1K	B	4	complete	0	0	0	0
HG03516	AFR	NG107	T1K	C	2	complete	1	1	1	2
HG03516	AFR	NG107	T1K	C	4	complete	1	1	0	1
HG03516	AFR	NG107	T1K	DPA1	2	complete	0	0	0	0
HG03516	AFR	NG107	T1K	DPA1	4	complete	0	0	0	0
HG03516	AFR	NG107	T1K	DPB1	2	complete	1	1	1	2
HG03516	AFR	NG107	T1K	DPB1	4	complete	1	1	1	2
HG03516	AFR	NG107	T1K	DQA1	2	complete	1	1	1	2
HG03516	AFR	NG107	T1K	DQA1	4	complete	1	1	0	0
HG03516	AFR	NG107	T1K	DQB1	2	complete	1	1	1	2
HG03516	AFR	NG107	T1K	DQB1	4	complete	1	1	0	0
HG03516	AFR	NG107	T1K	DRB1	2	complete	1	1	1	2
HG03516	AFR	NG107	T1K	DRB1	4	complete	0	0	0	0
HG03516	AFR	NG107	hprc	A	2	complete	1	1	0	1
HG03516	AFR	NG107	hprc	A	4	complete	1	1	0	1
HG03516	AFR	NG107	hprc	B	2	complete	1	1	0	1
HG03516	AFR	NG107	hprc	B	4	complete	0	0	0	0
HG03516	AFR	NG107	hprc	C	2	complete	1	1	1	2
HG03516	AFR	NG107	hprc	C	4	complete	1	1	1	2
HG03516	AFR	NG107	hprc	DPA1	2	complete	0	0	0	0
HG03516	AFR	NG107	hprc	DPA1	4	complete	0	0	0	0
HG03516	AFR	NG107	hprc	DPB1	2	complete	1	1	1	2
HG03516	AFR	NG107	hprc	DPB1	4	complete	1	1	0	1
HG03516	AFR	NG107	hprc	DQA1	2	complete	1	1	1	2
HG03516	AFR	NG107	hprc	DQA1	4	complete	1	1	0	0
HG03516	AFR	NG107	hprc	DQB1	2	complete	1	1	1	2
HG03516	AFR	NG107	hprc	DQB1	4	complete	1	1	0	1
HG03516	AFR	NG107	hprc	DRB1	2	complete	1	1	1	2
HG03516	AFR	NG107	hprc	DRB1	4	complete	0	0	0	0
HG03516	AFR	NG107	hprc_asian	A	2	complete	1	1	1	2
HG03516	AFR	NG107	hprc_asian	A	4	complete	1	1	1	2
HG03516	AFR	NG107	hprc_asian	B	2	complete	1	1	0	1
HG03516	AFR	NG107	hprc_asian	B	4	complete	0	0	0	0
HG03516	AFR	NG107	hprc_asian	C	2	complete	1	1	1	2
HG03516	AFR	NG107	hprc_asian	C	4	complete	1	1	1	2
HG03516	AFR	NG107	hprc_asian	DPA1	2	complete	0	0	0	0
HG03516	AFR	NG107	hprc_asian	DPA1	4	complete	0	0	0	0
HG03516	AFR	NG107	hprc_asian	DPB1	2	complete	1	1	1	2
HG03516	AFR	NG107	hprc_asian	DPB1	4	complete	1	1	0	1
HG03516	AFR	NG107	hprc_asian	DQA1	2	complete	1	1	1	2
HG03516	AFR	NG107	hprc_asian	DQA1	4	complete	1	1	0	0
HG03516	AFR	NG107	hprc_asian	DQB1	2	complete	1	1	1	2
HG03516	AFR	NG107	hprc_asian	DQB1	4	complete	1	1	0	1
HG03516	AFR	NG107	hprc_asian	DRB1	2	complete	1	1	1	2
HG03516	AFR	NG107	hprc_asian	DRB1	4	complete	0	0	0	0
HG03516	AFR	NG107	ipd_genome	A	2	complete	1	1	1	2
HG03516	AFR	NG107	ipd_genome	A	4	complete	1	1	1	2
HG03516	AFR	NG107	ipd_genome	B	2	complete	1	1	1	2
HG03516	AFR	NG107	ipd_genome	B	4	complete	0	0	0	0
HG03516	AFR	NG107	ipd_genome	C	2	complete	1	1	1	2
HG03516	AFR	NG107	ipd_genome	C	4	complete	1	1	1	2
HG03516	AFR	NG107	ipd_genome	DPA1	2	complete	0	0	0	0
HG03516	AFR	NG107	ipd_genome	DPA1	4	complete	0	0	0	0
HG03516	AFR	NG107	ipd_genome	DPB1	2	complete	1	1	1	2
HG03516	AFR	NG107	ipd_genome	DPB1	4	complete	1	1	1	2
HG03516	AFR	NG107	ipd_genome	DQA1	2	complete	1	1	1	2
HG03516	AFR	NG107	ipd_genome	DQA1	4	complete	1	1	0	1
HG03516	AFR	NG107	ipd_genome	DQB1	2	complete	1	1	1	2
HG03516	AFR	NG107	ipd_genome	DQB1	4	complete	1	1	1	2
HG03516	AFR	NG107	ipd_genome	DRB1	2	complete	1	1	1	2
HG03516	AFR	NG107	ipd_genome	DRB1	4	complete	0	0	0	0
HG03516	AFR	NG107	genome_hprc	A	2	complete	1	1	0	1
HG03516	AFR	NG107	genome_hprc	A	4	complete	1	1	0	1
HG03516	AFR	NG107	genome_hprc	B	2	complete	1	1	0	1
HG03516	AFR	NG107	genome_hprc	B	4	complete	0	0	0	0
HG03516	AFR	NG107	genome_hprc	C	2	complete	1	1	1	2
HG03516	AFR	NG107	genome_hprc	C	4	complete	1	1	1	2
HG03516	AFR	NG107	genome_hprc	DPA1	2	complete	0	0	0	0
HG03516	AFR	NG107	genome_hprc	DPA1	4	complete	0	0	0	0
HG03516	AFR	NG107	genome_hprc	DPB1	2	complete	1	1	1	2
HG03516	AFR	NG107	genome_hprc	DPB1	4	complete	1	1	1	2
HG03516	AFR	NG107	genome_hprc	DQA1	2	complete	1	1	1	2
HG03516	AFR	NG107	genome_hprc	DQA1	4	complete	1	1	0	1
HG03516	AFR	NG107	genome_hprc	DQB1	2	complete	1	1	1	2
HG03516	AFR	NG107	genome_hprc	DQB1	4	complete	1	1	0	1
HG03516	AFR	NG107	genome_hprc	DRB1	2	complete	1	1	1	2
HG03516	AFR	NG107	genome_hprc	DRB1	4	complete	0	0	0	0
HG03516	AFR	NG107	genome_hprc_asian	A	2	complete	1	1	1	2
HG03516	AFR	NG107	genome_hprc_asian	A	4	complete	1	1	1	2
HG03516	AFR	NG107	genome_hprc_asian	B	2	complete	1	1	0	1
HG03516	AFR	NG107	genome_hprc_asian	B	4	complete	0	0	0	0
HG03516	AFR	NG107	genome_hprc_asian	C	2	complete	1	1	1	2
HG03516	AFR	NG107	genome_hprc_asian	C	4	complete	1	1	1	2
HG03516	AFR	NG107	genome_hprc_asian	DPA1	2	complete	0	0	0	0
HG03516	AFR	NG107	genome_hprc_asian	DPA1	4	complete	0	0	0	0
HG03516	AFR	NG107	genome_hprc_asian	DPB1	2	complete	1	1	1	2
HG03516	AFR	NG107	genome_hprc_asian	DPB1	4	complete	1	1	1	2
HG03516	AFR	NG107	genome_hprc_asian	DQA1	2	complete	1	1	1	2
HG03516	AFR	NG107	genome_hprc_asian	DQA1	4	complete	1	1	0	1
HG03516	AFR	NG107	genome_hprc_asian	DQB1	2	complete	1	1	1	2
HG03516	AFR	NG107	genome_hprc_asian	DQB1	4	complete	1	1	0	1
HG03516	AFR	NG107	genome_hprc_asian	DRB1	2	complete	1	1	1	2
HG03516	AFR	NG107	genome_hprc_asian	DRB1	4	complete	0	0	0	0
NA19185	AFR	Y039	T1K	A	2	complete	1	1	1	2
NA19185	AFR	Y039	T1K	A	4	complete	1	1	1	2
NA19185	AFR	Y039	T1K	B	2	complete	1	1	1	2
NA19185	AFR	Y039	T1K	B	4	complete	0	0	0	0
NA19185	AFR	Y039	T1K	C	2	complete	1	1	1	2
NA19185	AFR	Y039	T1K	C	4	complete	1	1	1	2
NA19185	AFR	Y039	T1K	DPA1	2	complete	1	1	1	2
NA19185	AFR	Y039	T1K	DPA1	4	complete	0	0	0	0
NA19185	AFR	Y039	T1K	DPB1	2	complete	1	1	1	2
NA19185	AFR	Y039	T1K	DPB1	4	complete	1	1	0	1
NA19185	AFR	Y039	T1K	DQA1	2	complete	1	1	1	2
NA19185	AFR	Y039	T1K	DQA1	4	complete	1	1	0	0
NA19185	AFR	Y039	T1K	DQB1	2	complete	1	1	1	2
NA19185	AFR	Y039	T1K	DQB1	4	complete	1	1	0	0
NA19185	AFR	Y039	T1K	DRB1	2	complete	1	1	1	2
NA19185	AFR	Y039	T1K	DRB1	4	complete	0	0	0	0
NA19185	AFR	Y039	hprc	A	2	complete	1	1	1	2
NA19185	AFR	Y039	hprc	A	4	complete	1	1	1	2
NA19185	AFR	Y039	hprc	B	2	complete	1	1	1	2
NA19185	AFR	Y039	hprc	B	4	complete	0	0	0	0
NA19185	AFR	Y039	hprc	C	2	complete	1	1	1	2
NA19185	AFR	Y039	hprc	C	4	complete	1	1	1	2
NA19185	AFR	Y039	hprc	DPA1	2	complete	1	1	1	2
NA19185	AFR	Y039	hprc	DPA1	4	complete	0	0	0	0
NA19185	AFR	Y039	hprc	DPB1	2	complete	1	1	1	2
NA19185	AFR	Y039	hprc	DPB1	4	complete	1	1	0	1
NA19185	AFR	Y039	hprc	DQA1	2	complete	1	1	1	2
NA19185	AFR	Y039	hprc	DQA1	4	complete	1	1	0	0
NA19185	AFR	Y039	hprc	DQB1	2	complete	1	1	1	2
NA19185	AFR	Y039	hprc	DQB1	4	complete	1	1	0	1
NA19185	AFR	Y039	hprc	DRB1	2	complete	1	1	1	2
NA19185	AFR	Y039	hprc	DRB1	4	complete	0	0	0	0
NA19185	AFR	Y039	hprc_asian	A	2	complete	1	1	1	2
NA19185	AFR	Y039	hprc_asian	A	4	complete	1	1	1	2
NA19185	AFR	Y039	hprc_asian	B	2	complete	1	1	0	1
NA19185	AFR	Y039	hprc_asian	B	4	complete	0	0	0	0
NA19185	AFR	Y039	hprc_asian	C	2	complete	1	1	1	2
NA19185	AFR	Y039	hprc_asian	C	4	complete	1	1	1	2
NA19185	AFR	Y039	hprc_asian	DPA1	2	complete	1	1	1	2
NA19185	AFR	Y039	hprc_asian	DPA1	4	complete	0	0	0	0
NA19185	AFR	Y039	hprc_asian	DPB1	2	complete	1	1	1	2
NA19185	AFR	Y039	hprc_asian	DPB1	4	complete	1	1	0	1
NA19185	AFR	Y039	hprc_asian	DQA1	2	complete	1	1	1	2
NA19185	AFR	Y039	hprc_asian	DQA1	4	complete	1	1	0	0
NA19185	AFR	Y039	hprc_asian	DQB1	2	complete	1	1	1	2
NA19185	AFR	Y039	hprc_asian	DQB1	4	complete	1	1	0	1
NA19185	AFR	Y039	hprc_asian	DRB1	2	complete	1	1	1	2
NA19185	AFR	Y039	hprc_asian	DRB1	4	complete	0	0	0	0
NA19185	AFR	Y039	ipd_genome	A	2	complete	1	1	1	2
NA19185	AFR	Y039	ipd_genome	A	4	complete	1	1	1	2
NA19185	AFR	Y039	ipd_genome	B	2	complete	1	1	1	2
NA19185	AFR	Y039	ipd_genome	B	4	complete	0	0	0	0
NA19185	AFR	Y039	ipd_genome	C	2	complete	1	1	1	2
NA19185	AFR	Y039	ipd_genome	C	4	complete	1	1	1	2
NA19185	AFR	Y039	ipd_genome	DPA1	2	complete	1	1	1	2
NA19185	AFR	Y039	ipd_genome	DPA1	4	complete	0	0	0	0
NA19185	AFR	Y039	ipd_genome	DPB1	2	complete	1	1	1	2
NA19185	AFR	Y039	ipd_genome	DPB1	4	complete	1	1	1	2
NA19185	AFR	Y039	ipd_genome	DQA1	2	complete	1	1	1	2
NA19185	AFR	Y039	ipd_genome	DQA1	4	complete	1	1	0	0
NA19185	AFR	Y039	ipd_genome	DQB1	2	complete	1	1	1	2
NA19185	AFR	Y039	ipd_genome	DQB1	4	complete	1	1	1	2
NA19185	AFR	Y039	ipd_genome	DRB1	2	complete	1	1	1	2
NA19185	AFR	Y039	ipd_genome	DRB1	4	complete	0	0	0	0
NA19185	AFR	Y039	genome_hprc	A	2	complete	1	1	1	2
NA19185	AFR	Y039	genome_hprc	A	4	complete	1	1	1	2
NA19185	AFR	Y039	genome_hprc	B	2	complete	1	1	1	2
NA19185	AFR	Y039	genome_hprc	B	4	complete	0	0	0	0
NA19185	AFR	Y039	genome_hprc	C	2	complete	1	1	1	2
NA19185	AFR	Y039	genome_hprc	C	4	complete	1	1	1	2
NA19185	AFR	Y039	genome_hprc	DPA1	2	complete	1	1	1	2
NA19185	AFR	Y039	genome_hprc	DPA1	4	complete	0	0	0	0
NA19185	AFR	Y039	genome_hprc	DPB1	2	complete	1	1	1	2
NA19185	AFR	Y039	genome_hprc	DPB1	4	complete	1	1	0	1
NA19185	AFR	Y039	genome_hprc	DQA1	2	complete	1	1	1	2
NA19185	AFR	Y039	genome_hprc	DQA1	4	complete	1	1	0	0
NA19185	AFR	Y039	genome_hprc	DQB1	2	complete	1	1	1	2
NA19185	AFR	Y039	genome_hprc	DQB1	4	complete	1	1	0	1
NA19185	AFR	Y039	genome_hprc	DRB1	2	complete	1	1	1	2
NA19185	AFR	Y039	genome_hprc	DRB1	4	complete	0	0	0	0
NA19185	AFR	Y039	genome_hprc_asian	A	2	complete	1	1	1	2
NA19185	AFR	Y039	genome_hprc_asian	A	4	complete	1	1	1	2
NA19185	AFR	Y039	genome_hprc_asian	B	2	complete	1	1	0	1
NA19185	AFR	Y039	genome_hprc_asian	B	4	complete	0	0	0	0
NA19185	AFR	Y039	genome_hprc_asian	C	2	complete	1	1	1	2
NA19185	AFR	Y039	genome_hprc_asian	C	4	complete	1	1	1	2
NA19185	AFR	Y039	genome_hprc_asian	DPA1	2	complete	1	1	1	2
NA19185	AFR	Y039	genome_hprc_asian	DPA1	4	complete	0	0	0	0
NA19185	AFR	Y039	genome_hprc_asian	DPB1	2	complete	1	1	1	2
NA19185	AFR	Y039	genome_hprc_asian	DPB1	4	complete	1	1	0	1
NA19185	AFR	Y039	genome_hprc_asian	DQA1	2	complete	1	1	1	2
NA19185	AFR	Y039	genome_hprc_asian	DQA1	4	complete	1	1	0	0
NA19185	AFR	Y039	genome_hprc_asian	DQB1	2	complete	1	1	1	2
NA19185	AFR	Y039	genome_hprc_asian	DQB1	4	complete	1	1	0	1
NA19185	AFR	Y039	genome_hprc_asian	DRB1	2	complete	1	1	1	2
NA19185	AFR	Y039	genome_hprc_asian	DRB1	4	complete	0	0	0	0
HG02984	AFR	GB97	T1K	A	2	complete	1	1	1	2
HG02984	AFR	GB97	T1K	A	4	complete	1	1	1	2
HG02984	AFR	GB97	T1K	B	2	complete	1	1	1	2
HG02984	AFR	GB97	T1K	B	4	complete	0	0	0	0
HG02984	AFR	GB97	T1K	C	2	complete	1	1	1	2
HG02984	AFR	GB97	T1K	C	4	complete	0	0	0	0
HG02984	AFR	GB97	T1K	DPA1	2	complete	1	1	1	2
HG02984	AFR	GB97	T1K	DPA1	4	complete	0	0	0	0
HG02984	AFR	GB97	T1K	DPB1	2	complete	1	1	1	2
HG02984	AFR	GB97	T1K	DPB1	4	complete	1	1	1	2
HG02984	AFR	GB97	T1K	DQA1	2	complete	1	1	1	2
HG02984	AFR	GB97	T1K	DQA1	4	complete	0	0	0	0
HG02984	AFR	GB97	T1K	DQB1	2	complete	1	1	1	2
HG02984	AFR	GB97	T1K	DQB1	4	complete	0	0	0	0
HG02984	AFR	GB97	T1K	DRB1	2	complete	1	1	1	2
HG02984	AFR	GB97	T1K	DRB1	4	complete	0	0	0	0
HG02984	AFR	GB97	hprc	A	2	complete	1	1	1	2
HG02984	AFR	GB97	hprc	A	4	complete	1	1	0	1
HG02984	AFR	GB97	hprc	B	2	complete	1	1	0	1
HG02984	AFR	GB97	hprc	B	4	complete	0	0	0	0
HG02984	AFR	GB97	hprc	C	2	complete	1	1	0	1
HG02984	AFR	GB97	hprc	C	4	complete	0	0	0	0
HG02984	AFR	GB97	hprc	DPA1	2	complete	1	1	1	2
HG02984	AFR	GB97	hprc	DPA1	4	complete	0	0	0	0
HG02984	AFR	GB97	hprc	DPB1	2	complete	1	1	0	1
HG02984	AFR	GB97	hprc	DPB1	4	complete	1	1	0	0
HG02984	AFR	GB97	hprc	DQA1	2	complete	1	1	1	2
HG02984	AFR	GB97	hprc	DQA1	4	complete	0	0	0	0
HG02984	AFR	GB97	hprc	DQB1	2	complete	1	1	1	2
HG02984	AFR	GB97	hprc	DQB1	4	complete	0	0	0	0
HG02984	AFR	GB97	hprc	DRB1	2	complete	1	1	1	2
HG02984	AFR	GB97	hprc	DRB1	4	complete	0	0	0	0
HG02984	AFR	GB97	hprc_asian	A	2	complete	1	1	1	2
HG02984	AFR	GB97	hprc_asian	A	4	complete	1	1	0	1
HG02984	AFR	GB97	hprc_asian	B	2	complete	1	1	0	1
HG02984	AFR	GB97	hprc_asian	B	4	complete	0	0	0	0
HG02984	AFR	GB97	hprc_asian	C	2	complete	1	1	0	1
HG02984	AFR	GB97	hprc_asian	C	4	complete	0	0	0	0
HG02984	AFR	GB97	hprc_asian	DPA1	2	complete	1	1	1	2
HG02984	AFR	GB97	hprc_asian	DPA1	4	complete	0	0	0	0
HG02984	AFR	GB97	hprc_asian	DPB1	2	complete	1	1	1	2
HG02984	AFR	GB97	hprc_asian	DPB1	4	complete	1	1	0	1
HG02984	AFR	GB97	hprc_asian	DQA1	2	complete	1	1	1	2
HG02984	AFR	GB97	hprc_asian	DQA1	4	complete	0	0	0	0
HG02984	AFR	GB97	hprc_asian	DQB1	2	complete	1	1	1	2
HG02984	AFR	GB97	hprc_asian	DQB1	4	complete	0	0	0	0
HG02984	AFR	GB97	hprc_asian	DRB1	2	complete	1	1	1	2
HG02984	AFR	GB97	hprc_asian	DRB1	4	complete	0	0	0	0
HG02984	AFR	GB97	ipd_genome	A	2	complete	1	1	1	2
HG02984	AFR	GB97	ipd_genome	A	4	complete	1	1	1	2
HG02984	AFR	GB97	ipd_genome	B	2	complete	1	1	1	2
HG02984	AFR	GB97	ipd_genome	B	4	complete	0	0	0	0
HG02984	AFR	GB97	ipd_genome	C	2	complete	1	1	1	2
HG02984	AFR	GB97	ipd_genome	C	4	complete	0	0	0	0
HG02984	AFR	GB97	ipd_genome	DPA1	2	complete	1	1	1	2
HG02984	AFR	GB97	ipd_genome	DPA1	4	complete	0	0	0	0
HG02984	AFR	GB97	ipd_genome	DPB1	2	complete	1	1	1	2
HG02984	AFR	GB97	ipd_genome	DPB1	4	complete	1	1	1	2
HG02984	AFR	GB97	ipd_genome	DQA1	2	complete	1	1	1	2
HG02984	AFR	GB97	ipd_genome	DQA1	4	complete	0	0	0	0
HG02984	AFR	GB97	ipd_genome	DQB1	2	complete	1	1	1	2
HG02984	AFR	GB97	ipd_genome	DQB1	4	complete	0	0	0	0
HG02984	AFR	GB97	ipd_genome	DRB1	2	complete	1	1	1	2
HG02984	AFR	GB97	ipd_genome	DRB1	4	complete	0	0	0	0
HG02984	AFR	GB97	genome_hprc	A	2	complete	1	1	1	2
HG02984	AFR	GB97	genome_hprc	A	4	complete	1	1	0	1
HG02984	AFR	GB97	genome_hprc	B	2	complete	1	1	1	2
HG02984	AFR	GB97	genome_hprc	B	4	complete	0	0	0	0
HG02984	AFR	GB97	genome_hprc	C	2	complete	1	1	0	1
HG02984	AFR	GB97	genome_hprc	C	4	complete	0	0	0	0
HG02984	AFR	GB97	genome_hprc	DPA1	2	complete	1	1	1	2
HG02984	AFR	GB97	genome_hprc	DPA1	4	complete	0	0	0	0
HG02984	AFR	GB97	genome_hprc	DPB1	2	complete	1	1	1	2
HG02984	AFR	GB97	genome_hprc	DPB1	4	complete	1	1	0	1
HG02984	AFR	GB97	genome_hprc	DQA1	2	complete	1	1	1	2
HG02984	AFR	GB97	genome_hprc	DQA1	4	complete	0	0	0	0
HG02984	AFR	GB97	genome_hprc	DQB1	2	complete	1	1	1	2
HG02984	AFR	GB97	genome_hprc	DQB1	4	complete	0	0	0	0
HG02984	AFR	GB97	genome_hprc	DRB1	2	complete	1	1	1	2
HG02984	AFR	GB97	genome_hprc	DRB1	4	complete	0	0	0	0
HG02984	AFR	GB97	genome_hprc_asian	A	2	complete	1	1	1	2
HG02984	AFR	GB97	genome_hprc_asian	A	4	complete	1	1	0	1
HG02984	AFR	GB97	genome_hprc_asian	B	2	complete	1	1	1	2
HG02984	AFR	GB97	genome_hprc_asian	B	4	complete	0	0	0	0
HG02984	AFR	GB97	genome_hprc_asian	C	2	complete	1	1	0	1
HG02984	AFR	GB97	genome_hprc_asian	C	4	complete	0	0	0	0
HG02984	AFR	GB97	genome_hprc_asian	DPA1	2	complete	1	1	1	2
HG02984	AFR	GB97	genome_hprc_asian	DPA1	4	complete	0	0	0	0
HG02984	AFR	GB97	genome_hprc_asian	DPB1	2	complete	1	1	1	2
HG02984	AFR	GB97	genome_hprc_asian	DPB1	4	complete	1	1	1	2
HG02984	AFR	GB97	genome_hprc_asian	DQA1	2	complete	1	1	1	2
HG02984	AFR	GB97	genome_hprc_asian	DQA1	4	complete	0	0	0	0
HG02984	AFR	GB97	genome_hprc_asian	DQB1	2	complete	1	1	1	2
HG02984	AFR	GB97	genome_hprc_asian	DQB1	4	complete	0	0	0	0
HG02984	AFR	GB97	genome_hprc_asian	DRB1	2	complete	1	1	1	2
HG02984	AFR	GB97	genome_hprc_asian	DRB1	4	complete	0	0	0	0
HG01960	AFR	BB11	T1K	A	2	complete	1	1	1	2
HG01960	AFR	BB11	T1K	A	4	complete	1	1	1	2
HG01960	AFR	BB11	T1K	B	2	complete	1	1	1	2
HG01960	AFR	BB11	T1K	B	4	complete	0	0	0	0
HG01960	AFR	BB11	T1K	C	2	complete	1	1	1	2
HG01960	AFR	BB11	T1K	C	4	complete	1	1	0	0
HG01960	AFR	BB11	T1K	DPA1	2	complete	1	1	1	2
HG01960	AFR	BB11	T1K	DPA1	4	complete	0	0	0	0
HG01960	AFR	BB11	T1K	DPB1	2	complete	1	1	1	2
HG01960	AFR	BB11	T1K	DPB1	4	complete	0	0	0	0
HG01960	AFR	BB11	T1K	DQA1	2	complete	1	1	1	2
HG01960	AFR	BB11	T1K	DQA1	4	complete	0	0	0	0
HG01960	AFR	BB11	T1K	DQB1	2	complete	1	1	1	2
HG01960	AFR	BB11	T1K	DQB1	4	complete	1	1	0	1
HG01960	AFR	BB11	T1K	DRB1	2	complete	1	1	1	2
HG01960	AFR	BB11	T1K	DRB1	4	complete	0	0	0	0
HG01960	AFR	BB11	hprc	A	2	complete	1	1	1	2
HG01960	AFR	BB11	hprc	A	4	complete	1	1	1	2
HG01960	AFR	BB11	hprc	B	2	complete	1	1	1	2
HG01960	AFR	BB11	hprc	B	4	complete	0	0	0	0
HG01960	AFR	BB11	hprc	C	2	complete	1	1	1	2
HG01960	AFR	BB11	hprc	C	4	complete	1	1	1	2
HG01960	AFR	BB11	hprc	DPA1	2	complete	1	1	1	2
HG01960	AFR	BB11	hprc	DPA1	4	complete	0	0	0	0
HG01960	AFR	BB11	hprc	DPB1	2	complete	1	1	0	1
HG01960	AFR	BB11	hprc	DPB1	4	complete	0	0	0	0
HG01960	AFR	BB11	hprc	DQA1	2	complete	1	1	1	2
HG01960	AFR	BB11	hprc	DQA1	4	complete	0	0	0	0
HG01960	AFR	BB11	hprc	DQB1	2	complete	1	1	1	2
HG01960	AFR	BB11	hprc	DQB1	4	complete	1	1	1	2
HG01960	AFR	BB11	hprc	DRB1	2	complete	1	1	0	1
HG01960	AFR	BB11	hprc	DRB1	4	complete	0	0	0	0
HG01960	AFR	BB11	hprc_asian	A	2	complete	1	1	1	2
HG01960	AFR	BB11	hprc_asian	A	4	complete	1	1	1	2
HG01960	AFR	BB11	hprc_asian	B	2	complete	1	1	1	2
HG01960	AFR	BB11	hprc_asian	B	4	complete	0	0	0	0
HG01960	AFR	BB11	hprc_asian	C	2	complete	1	1	1	2
HG01960	AFR	BB11	hprc_asian	C	4	complete	1	1	1	2
HG01960	AFR	BB11	hprc_asian	DPA1	2	complete	1	1	1	2
HG01960	AFR	BB11	hprc_asian	DPA1	4	complete	0	0	0	0
HG01960	AFR	BB11	hprc_asian	DPB1	2	complete	1	1	1	2
HG01960	AFR	BB11	hprc_asian	DPB1	4	complete	0	0	0	0
HG01960	AFR	BB11	hprc_asian	DQA1	2	complete	1	1	1	2
HG01960	AFR	BB11	hprc_asian	DQA1	4	complete	0	0	0	0
HG01960	AFR	BB11	hprc_asian	DQB1	2	complete	1	1	1	2
HG01960	AFR	BB11	hprc_asian	DQB1	4	complete	1	1	1	2
HG01960	AFR	BB11	hprc_asian	DRB1	2	complete	1	1	0	1
HG01960	AFR	BB11	hprc_asian	DRB1	4	complete	0	0	0	0
HG01960	AFR	BB11	ipd_genome	A	2	complete	1	1	1	2
HG01960	AFR	BB11	ipd_genome	A	4	complete	1	1	1	2
HG01960	AFR	BB11	ipd_genome	B	2	complete	1	1	1	2
HG01960	AFR	BB11	ipd_genome	B	4	complete	0	0	0	0
HG01960	AFR	BB11	ipd_genome	C	2	complete	1	1	1	2
HG01960	AFR	BB11	ipd_genome	C	4	complete	1	1	1	2
HG01960	AFR	BB11	ipd_genome	DPA1	2	complete	1	1	1	2
HG01960	AFR	BB11	ipd_genome	DPA1	4	complete	0	0	0	0
HG01960	AFR	BB11	ipd_genome	DPB1	2	complete	1	1	1	2
HG01960	AFR	BB11	ipd_genome	DPB1	4	complete	0	0	0	0
HG01960	AFR	BB11	ipd_genome	DQA1	2	complete	1	1	1	2
HG01960	AFR	BB11	ipd_genome	DQA1	4	complete	0	0	0	0
HG01960	AFR	BB11	ipd_genome	DQB1	2	complete	1	1	1	2
HG01960	AFR	BB11	ipd_genome	DQB1	4	complete	1	1	1	2
HG01960	AFR	BB11	ipd_genome	DRB1	2	complete	1	1	0	1
HG01960	AFR	BB11	ipd_genome	DRB1	4	complete	0	0	0	0
HG01960	AFR	BB11	genome_hprc	A	2	complete	1	1	1	2
HG01960	AFR	BB11	genome_hprc	A	4	complete	1	1	1	2
HG01960	AFR	BB11	genome_hprc	B	2	complete	1	1	1	2
HG01960	AFR	BB11	genome_hprc	B	4	complete	0	0	0	0
HG01960	AFR	BB11	genome_hprc	C	2	complete	1	1	1	2
HG01960	AFR	BB11	genome_hprc	C	4	complete	1	1	1	2
HG01960	AFR	BB11	genome_hprc	DPA1	2	complete	1	1	1	2
HG01960	AFR	BB11	genome_hprc	DPA1	4	complete	0	0	0	0
HG01960	AFR	BB11	genome_hprc	DPB1	2	complete	1	1	1	2
HG01960	AFR	BB11	genome_hprc	DPB1	4	complete	0	0	0	0
HG01960	AFR	BB11	genome_hprc	DQA1	2	complete	1	1	1	2
HG01960	AFR	BB11	genome_hprc	DQA1	4	complete	0	0	0	0
HG01960	AFR	BB11	genome_hprc	DQB1	2	complete	1	1	1	2
HG01960	AFR	BB11	genome_hprc	DQB1	4	complete	1	1	1	2
HG01960	AFR	BB11	genome_hprc	DRB1	2	complete	1	1	0	1
HG01960	AFR	BB11	genome_hprc	DRB1	4	complete	0	0	0	0
HG01960	AFR	BB11	genome_hprc_asian	A	2	complete	1	1	1	2
HG01960	AFR	BB11	genome_hprc_asian	A	4	complete	1	1	1	2
HG01960	AFR	BB11	genome_hprc_asian	B	2	complete	1	1	1	2
HG01960	AFR	BB11	genome_hprc_asian	B	4	complete	0	0	0	0
HG01960	AFR	BB11	genome_hprc_asian	C	2	complete	1	1	1	2
HG01960	AFR	BB11	genome_hprc_asian	C	4	complete	1	1	1	2
HG01960	AFR	BB11	genome_hprc_asian	DPA1	2	complete	1	1	1	2
HG01960	AFR	BB11	genome_hprc_asian	DPA1	4	complete	0	0	0	0
HG01960	AFR	BB11	genome_hprc_asian	DPB1	2	complete	1	1	1	2
HG01960	AFR	BB11	genome_hprc_asian	DPB1	4	complete	0	0	0	0
HG01960	AFR	BB11	genome_hprc_asian	DQA1	2	complete	1	1	1	2
HG01960	AFR	BB11	genome_hprc_asian	DQA1	4	complete	0	0	0	0
HG01960	AFR	BB11	genome_hprc_asian	DQB1	2	complete	1	1	1	2
HG01960	AFR	BB11	genome_hprc_asian	DQB1	4	complete	1	1	1	2
HG01960	AFR	BB11	genome_hprc_asian	DRB1	2	complete	1	1	0	1
HG01960	AFR	BB11	genome_hprc_asian	DRB1	4	complete	0	0	0	0
NA20282	AFR	2469	T1K	A	2	complete	1	1	1	2
NA20282	AFR	2469	T1K	A	4	complete	1	1	1	2
NA20282	AFR	2469	T1K	B	2	complete	1	1	1	2
NA20282	AFR	2469	T1K	B	4	complete	0	0	0	0
NA20282	AFR	2469	T1K	C	2	complete	1	1	1	2
NA20282	AFR	2469	T1K	C	4	complete	0	0	0	0
NA20282	AFR	2469	T1K	DPA1	2	complete	1	1	0	1
NA20282	AFR	2469	T1K	DPA1	4	complete	0	0	0	0
NA20282	AFR	2469	T1K	DPB1	2	complete	1	1	1	2
NA20282	AFR	2469	T1K	DPB1	4	complete	1	1	0	1
NA20282	AFR	2469	T1K	DQA1	2	complete	1	1	1	2
NA20282	AFR	2469	T1K	DQA1	4	complete	1	1	0	0
NA20282	AFR	2469	T1K	DQB1	2	complete	1	1	1	2
NA20282	AFR	2469	T1K	DQB1	4	complete	1	1	0	0
NA20282	AFR	2469	T1K	DRB1	2	complete	1	1	1	2
NA20282	AFR	2469	T1K	DRB1	4	complete	0	0	0	0
NA20282	AFR	2469	hprc	A	2	complete	1	1	1	2
NA20282	AFR	2469	hprc	A	4	complete	1	1	1	2
NA20282	AFR	2469	hprc	B	2	complete	1	1	1	2
NA20282	AFR	2469	hprc	B	4	complete	0	0	0	0
NA20282	AFR	2469	hprc	C	2	complete	1	1	0	1
NA20282	AFR	2469	hprc	C	4	complete	0	0	0	0
NA20282	AFR	2469	hprc	DPA1	2	complete	1	1	1	2
NA20282	AFR	2469	hprc	DPA1	4	complete	0	0	0	0
NA20282	AFR	2469	hprc	DPB1	2	complete	1	1	1	2
NA20282	AFR	2469	hprc	DPB1	4	complete	1	1	1	2
NA20282	AFR	2469	hprc	DQA1	2	complete	1	1	1	2
NA20282	AFR	2469	hprc	DQA1	4	complete	1	1	0	0
NA20282	AFR	2469	hprc	DQB1	2	complete	1	1	1	2
NA20282	AFR	2469	hprc	DQB1	4	complete	1	1	0	1
NA20282	AFR	2469	hprc	DRB1	2	complete	1	1	0	1
NA20282	AFR	2469	hprc	DRB1	4	complete	0	0	0	0
NA20282	AFR	2469	hprc_asian	A	2	complete	1	1	1	2
NA20282	AFR	2469	hprc_asian	A	4	complete	1	1	1	2
NA20282	AFR	2469	hprc_asian	B	2	complete	1	1	1	2
NA20282	AFR	2469	hprc_asian	B	4	complete	0	0	0	0
NA20282	AFR	2469	hprc_asian	C	2	complete	1	1	1	2
NA20282	AFR	2469	hprc_asian	C	4	complete	0	0	0	0
NA20282	AFR	2469	hprc_asian	DPA1	2	complete	1	1	1	2
NA20282	AFR	2469	hprc_asian	DPA1	4	complete	0	0	0	0
NA20282	AFR	2469	hprc_asian	DPB1	2	complete	1	1	1	2
NA20282	AFR	2469	hprc_asian	DPB1	4	complete	1	1	1	2
NA20282	AFR	2469	hprc_asian	DQA1	2	complete	1	1	1	2
NA20282	AFR	2469	hprc_asian	DQA1	4	complete	1	0	0	0
NA20282	AFR	2469	hprc_asian	DQB1	2	complete	1	1	1	2
NA20282	AFR	2469	hprc_asian	DQB1	4	complete	1	1	0	1
NA20282	AFR	2469	hprc_asian	DRB1	2	complete	1	1	0	1
NA20282	AFR	2469	hprc_asian	DRB1	4	complete	0	0	0	0
NA20282	AFR	2469	ipd_genome	A	2	complete	1	1	1	2
NA20282	AFR	2469	ipd_genome	A	4	complete	1	1	1	2
NA20282	AFR	2469	ipd_genome	B	2	complete	1	1	1	2
NA20282	AFR	2469	ipd_genome	B	4	complete	0	0	0	0
NA20282	AFR	2469	ipd_genome	C	2	complete	1	1	1	2
NA20282	AFR	2469	ipd_genome	C	4	complete	0	0	0	0
NA20282	AFR	2469	ipd_genome	DPA1	2	complete	1	1	1	2
NA20282	AFR	2469	ipd_genome	DPA1	4	complete	0	0	0	0
NA20282	AFR	2469	ipd_genome	DPB1	2	complete	1	1	1	2
NA20282	AFR	2469	ipd_genome	DPB1	4	complete	1	1	1	2
NA20282	AFR	2469	ipd_genome	DQA1	2	complete	1	1	1	2
NA20282	AFR	2469	ipd_genome	DQA1	4	complete	1	1	0	0
NA20282	AFR	2469	ipd_genome	DQB1	2	complete	1	1	1	2
NA20282	AFR	2469	ipd_genome	DQB1	4	complete	1	1	1	2
NA20282	AFR	2469	ipd_genome	DRB1	2	complete	1	1	1	2
NA20282	AFR	2469	ipd_genome	DRB1	4	complete	0	0	0	0
NA20282	AFR	2469	genome_hprc	A	2	complete	1	1	1	2
NA20282	AFR	2469	genome_hprc	A	4	complete	1	1	1	2
NA20282	AFR	2469	genome_hprc	B	2	complete	1	1	1	2
NA20282	AFR	2469	genome_hprc	B	4	complete	0	0	0	0
NA20282	AFR	2469	genome_hprc	C	2	complete	1	1	0	1
NA20282	AFR	2469	genome_hprc	C	4	complete	0	0	0	0
NA20282	AFR	2469	genome_hprc	DPA1	2	complete	1	1	1	2
NA20282	AFR	2469	genome_hprc	DPA1	4	complete	0	0	0	0
NA20282	AFR	2469	genome_hprc	DPB1	2	complete	1	1	1	2
NA20282	AFR	2469	genome_hprc	DPB1	4	complete	1	1	1	2
NA20282	AFR	2469	genome_hprc	DQA1	2	complete	1	1	1	2
NA20282	AFR	2469	genome_hprc	DQA1	4	complete	1	1	0	0
NA20282	AFR	2469	genome_hprc	DQB1	2	complete	1	1	1	2
NA20282	AFR	2469	genome_hprc	DQB1	4	complete	1	1	0	1
NA20282	AFR	2469	genome_hprc	DRB1	2	complete	1	1	1	2
NA20282	AFR	2469	genome_hprc	DRB1	4	complete	0	0	0	0
NA20282	AFR	2469	genome_hprc_asian	A	2	complete	1	1	1	2
NA20282	AFR	2469	genome_hprc_asian	A	4	complete	1	1	1	2
NA20282	AFR	2469	genome_hprc_asian	B	2	complete	1	1	1	2
NA20282	AFR	2469	genome_hprc_asian	B	4	complete	0	0	0	0
NA20282	AFR	2469	genome_hprc_asian	C	2	complete	1	1	1	2
NA20282	AFR	2469	genome_hprc_asian	C	4	complete	0	0	0	0
NA20282	AFR	2469	genome_hprc_asian	DPA1	2	complete	1	1	1	2
NA20282	AFR	2469	genome_hprc_asian	DPA1	4	complete	0	0	0	0
NA20282	AFR	2469	genome_hprc_asian	DPB1	2	complete	1	1	1	2
NA20282	AFR	2469	genome_hprc_asian	DPB1	4	complete	1	1	1	2
NA20282	AFR	2469	genome_hprc_asian	DQA1	2	complete	1	1	1	2
NA20282	AFR	2469	genome_hprc_asian	DQA1	4	complete	1	0	0	0
NA20282	AFR	2469	genome_hprc_asian	DQB1	2	complete	1	1	1	2
NA20282	AFR	2469	genome_hprc_asian	DQB1	4	complete	1	1	0	1
NA20282	AFR	2469	genome_hprc_asian	DRB1	2	complete	1	1	1	2
NA20282	AFR	2469	genome_hprc_asian	DRB1	4	complete	0	0	0	0
NA19468	AFR	NA19468	T1K	A	2	complete	1	1	1	2
NA19468	AFR	NA19468	T1K	A	4	complete	1	1	1	2
NA19468	AFR	NA19468	T1K	B	2	complete	1	1	1	2
NA19468	AFR	NA19468	T1K	B	4	complete	1	1	1	2
NA19468	AFR	NA19468	T1K	C	2	complete	1	1	1	2
NA19468	AFR	NA19468	T1K	C	4	complete	1	1	0	0
NA19468	AFR	NA19468	T1K	DPA1	2	complete	1	1	1	2
NA19468	AFR	NA19468	T1K	DPA1	4	complete	0	0	0	0
NA19468	AFR	NA19468	T1K	DPB1	2	complete	1	1	1	2
NA19468	AFR	NA19468	T1K	DPB1	4	complete	1	1	1	2
NA19468	AFR	NA19468	T1K	DQA1	2	complete	1	1	1	2
NA19468	AFR	NA19468	T1K	DQA1	4	complete	0	0	0	0
NA19468	AFR	NA19468	T1K	DQB1	2	complete	1	1	1	2
NA19468	AFR	NA19468	T1K	DQB1	4	complete	1	1	0	0
NA19468	AFR	NA19468	T1K	DRB1	2	complete	1	1	1	2
NA19468	AFR	NA19468	T1K	DRB1	4	complete	0	0	0	0
NA19468	AFR	NA19468	hprc	A	2	complete	1	1	1	2
NA19468	AFR	NA19468	hprc	A	4	complete	1	1	1	2
NA19468	AFR	NA19468	hprc	B	2	complete	1	1	0	1
NA19468	AFR	NA19468	hprc	B	4	complete	1	1	0	1
NA19468	AFR	NA19468	hprc	C	2	complete	1	1	0	1
NA19468	AFR	NA19468	hprc	C	4	complete	1	1	0	0
NA19468	AFR	NA19468	hprc	DPA1	2	complete	1	1	1	2
NA19468	AFR	NA19468	hprc	DPA1	4	complete	0	0	0	0
NA19468	AFR	NA19468	hprc	DPB1	2	complete	1	1	1	2
NA19468	AFR	NA19468	hprc	DPB1	4	complete	1	1	1	2
NA19468	AFR	NA19468	hprc	DQA1	2	complete	1	1	1	2
NA19468	AFR	NA19468	hprc	DQA1	4	complete	0	0	0	0
NA19468	AFR	NA19468	hprc	DQB1	2	complete	1	1	1	2
NA19468	AFR	NA19468	hprc	DQB1	4	complete	1	1	0	0
NA19468	AFR	NA19468	hprc	DRB1	2	complete	1	1	1	2
NA19468	AFR	NA19468	hprc	DRB1	4	complete	0	0	0	0
NA19468	AFR	NA19468	hprc_asian	A	2	complete	1	1	1	2
NA19468	AFR	NA19468	hprc_asian	A	4	complete	1	1	1	2
NA19468	AFR	NA19468	hprc_asian	B	2	complete	1	1	1	2
NA19468	AFR	NA19468	hprc_asian	B	4	complete	1	1	1	2
NA19468	AFR	NA19468	hprc_asian	C	2	complete	1	1	0	1
NA19468	AFR	NA19468	hprc_asian	C	4	complete	1	1	0	0
NA19468	AFR	NA19468	hprc_asian	DPA1	2	complete	1	1	1	2
NA19468	AFR	NA19468	hprc_asian	DPA1	4	complete	0	0	0	0
NA19468	AFR	NA19468	hprc_asian	DPB1	2	complete	1	1	1	2
NA19468	AFR	NA19468	hprc_asian	DPB1	4	complete	1	1	1	2
NA19468	AFR	NA19468	hprc_asian	DQA1	2	complete	1	1	1	2
NA19468	AFR	NA19468	hprc_asian	DQA1	4	complete	0	0	0	0
NA19468	AFR	NA19468	hprc_asian	DQB1	2	complete	1	1	0	1
NA19468	AFR	NA19468	hprc_asian	DQB1	4	complete	1	1	0	1
NA19468	AFR	NA19468	hprc_asian	DRB1	2	complete	1	1	1	2
NA19468	AFR	NA19468	hprc_asian	DRB1	4	complete	0	0	0	0
NA19468	AFR	NA19468	ipd_genome	A	2	complete	1	1	1	2
NA19468	AFR	NA19468	ipd_genome	A	4	complete	1	1	1	2
NA19468	AFR	NA19468	ipd_genome	B	2	complete	1	1	0	1
NA19468	AFR	NA19468	ipd_genome	B	4	complete	1	0	0	1
NA19468	AFR	NA19468	ipd_genome	C	2	complete	1	1	1	2
NA19468	AFR	NA19468	ipd_genome	C	4	complete	1	1	1	2
NA19468	AFR	NA19468	ipd_genome	DPA1	2	complete	1	1	1	2
NA19468	AFR	NA19468	ipd_genome	DPA1	4	complete	0	0	0	0
NA19468	AFR	NA19468	ipd_genome	DPB1	2	complete	1	1	1	2
NA19468	AFR	NA19468	ipd_genome	DPB1	4	complete	1	1	1	2
NA19468	AFR	NA19468	ipd_genome	DQA1	2	complete	1	1	1	2
NA19468	AFR	NA19468	ipd_genome	DQA1	4	complete	0	0	0	0
NA19468	AFR	NA19468	ipd_genome	DQB1	2	complete	1	1	1	2
NA19468	AFR	NA19468	ipd_genome	DQB1	4	complete	1	1	1	2
NA19468	AFR	NA19468	ipd_genome	DRB1	2	complete	1	1	1	2
NA19468	AFR	NA19468	ipd_genome	DRB1	4	complete	0	0	0	0
NA19468	AFR	NA19468	genome_hprc	A	2	complete	1	1	1	2
NA19468	AFR	NA19468	genome_hprc	A	4	complete	1	1	1	2
NA19468	AFR	NA19468	genome_hprc	B	2	complete	1	1	0	1
NA19468	AFR	NA19468	genome_hprc	B	4	complete	1	0	0	1
NA19468	AFR	NA19468	genome_hprc	C	2	complete	1	1	0	1
NA19468	AFR	NA19468	genome_hprc	C	4	complete	1	1	0	1
NA19468	AFR	NA19468	genome_hprc	DPA1	2	complete	1	1	1	2
NA19468	AFR	NA19468	genome_hprc	DPA1	4	complete	0	0	0	0
NA19468	AFR	NA19468	genome_hprc	DPB1	2	complete	1	1	1	2
NA19468	AFR	NA19468	genome_hprc	DPB1	4	complete	1	1	1	2
NA19468	AFR	NA19468	genome_hprc	DQA1	2	complete	1	1	1	2
NA19468	AFR	NA19468	genome_hprc	DQA1	4	complete	0	0	0	0
NA19468	AFR	NA19468	genome_hprc	DQB1	2	complete	1	1	1	2
NA19468	AFR	NA19468	genome_hprc	DQB1	4	complete	1	1	0	0
NA19468	AFR	NA19468	genome_hprc	DRB1	2	complete	1	1	1	2
NA19468	AFR	NA19468	genome_hprc	DRB1	4	complete	0	0	0	0
NA19468	AFR	NA19468	genome_hprc_asian	A	2	complete	1	1	1	2
NA19468	AFR	NA19468	genome_hprc_asian	A	4	complete	1	1	1	2
NA19468	AFR	NA19468	genome_hprc_asian	B	2	complete	1	1	1	2
NA19468	AFR	NA19468	genome_hprc_asian	B	4	complete	1	1	1	2
NA19468	AFR	NA19468	genome_hprc_asian	C	2	complete	1	1	0	1
NA19468	AFR	NA19468	genome_hprc_asian	C	4	complete	1	1	0	1
NA19468	AFR	NA19468	genome_hprc_asian	DPA1	2	complete	1	1	1	2
NA19468	AFR	NA19468	genome_hprc_asian	DPA1	4	complete	0	0	0	0
NA19468	AFR	NA19468	genome_hprc_asian	DPB1	2	complete	1	1	1	2
NA19468	AFR	NA19468	genome_hprc_asian	DPB1	4	complete	1	1	1	2
NA19468	AFR	NA19468	genome_hprc_asian	DQA1	2	complete	1	1	1	2
NA19468	AFR	NA19468	genome_hprc_asian	DQA1	4	complete	0	0	0	0
NA19468	AFR	NA19468	genome_hprc_asian	DQB1	2	complete	1	1	1	2
NA19468	AFR	NA19468	genome_hprc_asian	DQB1	4	complete	1	1	0	1
NA19468	AFR	NA19468	genome_hprc_asian	DRB1	2	complete	1	1	1	2
NA19468	AFR	NA19468	genome_hprc_asian	DRB1	4	complete	0	0	0	0
HG03453	AFR	SL50	T1K	A	2	complete	1	1	1	2
HG03453	AFR	SL50	T1K	A	4	complete	1	1	1	2
HG03453	AFR	SL50	T1K	B	2	complete	1	1	1	2
HG03453	AFR	SL50	T1K	B	4	complete	0	0	0	0
HG03453	AFR	SL50	T1K	C	2	complete	1	1	1	2
HG03453	AFR	SL50	T1K	C	4	complete	0	0	0	0
HG03453	AFR	SL50	T1K	DPA1	2	complete	1	1	1	2
HG03453	AFR	SL50	T1K	DPA1	4	complete	1	1	1	2
HG03453	AFR	SL50	T1K	DPB1	2	complete	1	1	1	2
HG03453	AFR	SL50	T1K	DPB1	4	complete	0	0	0	0
HG03453	AFR	SL50	T1K	DQA1	2	complete	1	1	1	2
HG03453	AFR	SL50	T1K	DQA1	4	complete	0	0	0	0
HG03453	AFR	SL50	T1K	DQB1	2	complete	1	1	1	2
HG03453	AFR	SL50	T1K	DQB1	4	complete	1	1	1	2
HG03453	AFR	SL50	T1K	DRB1	2	complete	1	1	1	2
HG03453	AFR	SL50	T1K	DRB1	4	complete	0	0	0	0
HG03453	AFR	SL50	hprc	A	2	complete	1	1	1	2
HG03453	AFR	SL50	hprc	A	4	complete	1	1	1	2
HG03453	AFR	SL50	hprc	B	2	complete	1	1	0	1
HG03453	AFR	SL50	hprc	B	4	complete	0	0	0	0
HG03453	AFR	SL50	hprc	C	2	complete	1	1	1	2
HG03453	AFR	SL50	hprc	C	4	complete	0	0	0	0
HG03453	AFR	SL50	hprc	DPA1	2	complete	1	1	1	2
HG03453	AFR	SL50	hprc	DPA1	4	complete	1	0	0	0
HG03453	AFR	SL50	hprc	DPB1	2	complete	1	1	1	2
HG03453	AFR	SL50	hprc	DPB1	4	complete	0	0	0	0
HG03453	AFR	SL50	hprc	DQA1	2	complete	1	1	0	1
HG03453	AFR	SL50	hprc	DQA1	4	complete	0	0	0	0
HG03453	AFR	SL50	hprc	DQB1	2	complete	1	1	1	2
HG03453	AFR	SL50	hprc	DQB1	4	complete	1	1	1	2
HG03453	AFR	SL50	hprc	DRB1	2	complete	1	1	1	2
HG03453	AFR	SL50	hprc	DRB1	4	complete	0	0	0	0
HG03453	AFR	SL50	hprc_asian	A	2	complete	1	1	1	2
HG03453	AFR	SL50	hprc_asian	A	4	complete	1	1	1	2
HG03453	AFR	SL50	hprc_asian	B	2	complete	1	1	0	1
HG03453	AFR	SL50	hprc_asian	B	4	complete	0	0	0	0
HG03453	AFR	SL50	hprc_asian	C	2	complete	1	1	1	2
HG03453	AFR	SL50	hprc_asian	C	4	complete	0	0	0	0
HG03453	AFR	SL50	hprc_asian	DPA1	2	complete	1	1	1	2
HG03453	AFR	SL50	hprc_asian	DPA1	4	complete	1	0	0	1
HG03453	AFR	SL50	hprc_asian	DPB1	2	complete	1	1	1	2
HG03453	AFR	SL50	hprc_asian	DPB1	4	complete	0	0	0	0
HG03453	AFR	SL50	hprc_asian	DQA1	2	complete	1	1	1	2
HG03453	AFR	SL50	hprc_asian	DQA1	4	complete	0	0	0	0
HG03453	AFR	SL50	hprc_asian	DQB1	2	complete	1	1	1	2
HG03453	AFR	SL50	hprc_asian	DQB1	4	complete	1	1	1	2
HG03453	AFR	SL50	hprc_asian	DRB1	2	complete	1	1	1	2
HG03453	AFR	SL50	hprc_asian	DRB1	4	complete	0	0	0	0
HG03453	AFR	SL50	ipd_genome	A	2	complete	1	1	1	2
HG03453	AFR	SL50	ipd_genome	A	4	complete	1	1	1	2
HG03453	AFR	SL50	ipd_genome	B	2	complete	1	1	1	2
HG03453	AFR	SL50	ipd_genome	B	4	complete	0	0	0	0
HG03453	AFR	SL50	ipd_genome	C	2	complete	1	1	1	2
HG03453	AFR	SL50	ipd_genome	C	4	complete	0	0	0	0
HG03453	AFR	SL50	ipd_genome	DPA1	2	complete	1	1	1	2
HG03453	AFR	SL50	ipd_genome	DPA1	4	complete	1	0	0	0
HG03453	AFR	SL50	ipd_genome	DPB1	2	complete	1	1	1	2
HG03453	AFR	SL50	ipd_genome	DPB1	4	complete	0	0	0	0
HG03453	AFR	SL50	ipd_genome	DQA1	2	complete	1	1	1	2
HG03453	AFR	SL50	ipd_genome	DQA1	4	complete	0	0	0	0
HG03453	AFR	SL50	ipd_genome	DQB1	2	complete	1	1	1	2
HG03453	AFR	SL50	ipd_genome	DQB1	4	complete	1	1	1	2
HG03453	AFR	SL50	ipd_genome	DRB1	2	complete	1	1	1	2
HG03453	AFR	SL50	ipd_genome	DRB1	4	complete	0	0	0	0
HG03453	AFR	SL50	genome_hprc	A	2	complete	1	1	1	2
HG03453	AFR	SL50	genome_hprc	A	4	complete	1	1	1	2
HG03453	AFR	SL50	genome_hprc	B	2	complete	1	0	0	1
HG03453	AFR	SL50	genome_hprc	B	4	complete	0	0	0	0
HG03453	AFR	SL50	genome_hprc	C	2	complete	1	1	1	2
HG03453	AFR	SL50	genome_hprc	C	4	complete	0	0	0	0
HG03453	AFR	SL50	genome_hprc	DPA1	2	complete	1	1	1	2
HG03453	AFR	SL50	genome_hprc	DPA1	4	complete	1	0	0	0
HG03453	AFR	SL50	genome_hprc	DPB1	2	complete	1	1	1	2
HG03453	AFR	SL50	genome_hprc	DPB1	4	complete	0	0	0	0
HG03453	AFR	SL50	genome_hprc	DQA1	2	complete	1	1	0	1
HG03453	AFR	SL50	genome_hprc	DQA1	4	complete	0	0	0	0
HG03453	AFR	SL50	genome_hprc	DQB1	2	complete	1	1	1	2
HG03453	AFR	SL50	genome_hprc	DQB1	4	complete	1	1	1	2
HG03453	AFR	SL50	genome_hprc	DRB1	2	complete	1	1	1	2
HG03453	AFR	SL50	genome_hprc	DRB1	4	complete	0	0	0	0
HG03453	AFR	SL50	genome_hprc_asian	A	2	complete	1	1	1	2
HG03453	AFR	SL50	genome_hprc_asian	A	4	complete	1	1	1	2
HG03453	AFR	SL50	genome_hprc_asian	B	2	complete	1	1	0	1
HG03453	AFR	SL50	genome_hprc_asian	B	4	complete	0	0	0	0
HG03453	AFR	SL50	genome_hprc_asian	C	2	complete	1	1	1	2
HG03453	AFR	SL50	genome_hprc_asian	C	4	complete	0	0	0	0
HG03453	AFR	SL50	genome_hprc_asian	DPA1	2	complete	1	1	1	2
HG03453	AFR	SL50	genome_hprc_asian	DPA1	4	complete	1	0	0	1
HG03453	AFR	SL50	genome_hprc_asian	DPB1	2	complete	1	1	1	2
HG03453	AFR	SL50	genome_hprc_asian	DPB1	4	complete	0	0	0	0
HG03453	AFR	SL50	genome_hprc_asian	DQA1	2	complete	1	1	1	2
HG03453	AFR	SL50	genome_hprc_asian	DQA1	4	complete	0	0	0	0
HG03453	AFR	SL50	genome_hprc_asian	DQB1	2	complete	1	1	1	2
HG03453	AFR	SL50	genome_hprc_asian	DQB1	4	complete	1	1	1	2
HG03453	AFR	SL50	genome_hprc_asian	DRB1	2	complete	1	1	1	2
HG03453	AFR	SL50	genome_hprc_asian	DRB1	4	complete	0	0	0	0
HG03369	AFR	NG98	T1K	A	2	complete	1	1	1	2
HG03369	AFR	NG98	T1K	A	4	complete	1	1	1	2
HG03369	AFR	NG98	T1K	B	2	complete	1	1	1	2
HG03369	AFR	NG98	T1K	B	4	complete	0	0	0	0
HG03369	AFR	NG98	T1K	C	2	complete	1	1	1	2
HG03369	AFR	NG98	T1K	C	4	complete	1	1	0	1
HG03369	AFR	NG98	T1K	DPA1	2	complete	1	1	1	2
HG03369	AFR	NG98	T1K	DPA1	4	complete	0	0	0	0
HG03369	AFR	NG98	T1K	DPB1	2	complete	1	1	1	2
HG03369	AFR	NG98	T1K	DPB1	4	complete	0	0	0	0
HG03369	AFR	NG98	T1K	DQA1	2	complete	1	1	1	2
HG03369	AFR	NG98	T1K	DQA1	4	complete	1	1	0	1
HG03369	AFR	NG98	T1K	DQB1	2	complete	1	1	1	2
HG03369	AFR	NG98	T1K	DQB1	4	complete	1	1	0	1
HG03369	AFR	NG98	T1K	DRB1	2	complete	1	1	1	2
HG03369	AFR	NG98	T1K	DRB1	4	complete	0	0	0	0
HG03369	AFR	NG98	hprc	A	2	complete	1	1	1	2
HG03369	AFR	NG98	hprc	A	4	complete	1	1	1	2
HG03369	AFR	NG98	hprc	B	2	complete	1	1	0	1
HG03369	AFR	NG98	hprc	B	4	complete	0	0	0	0
HG03369	AFR	NG98	hprc	C	2	complete	1	1	1	2
HG03369	AFR	NG98	hprc	C	4	complete	1	1	1	2
HG03369	AFR	NG98	hprc	DPA1	2	complete	1	1	1	2
HG03369	AFR	NG98	hprc	DPA1	4	complete	0	0	0	0
HG03369	AFR	NG98	hprc	DPB1	2	complete	1	1	1	2
HG03369	AFR	NG98	hprc	DPB1	4	complete	0	0	0	0
HG03369	AFR	NG98	hprc	DQA1	2	complete	1	1	1	2
HG03369	AFR	NG98	hprc	DQA1	4	complete	1	1	0	1
HG03369	AFR	NG98	hprc	DQB1	2	complete	1	1	1	2
HG03369	AFR	NG98	hprc	DQB1	4	complete	1	1	0	1
HG03369	AFR	NG98	hprc	DRB1	2	complete	1	1	1	2
HG03369	AFR	NG98	hprc	DRB1	4	complete	0	0	0	0
HG03369	AFR	NG98	hprc_asian	A	2	complete	1	1	1	2
HG03369	AFR	NG98	hprc_asian	A	4	complete	1	1	1	2
HG03369	AFR	NG98	hprc_asian	B	2	complete	1	1	0	1
HG03369	AFR	NG98	hprc_asian	B	4	complete	0	0	0	0
HG03369	AFR	NG98	hprc_asian	C	2	complete	1	1	1	2
HG03369	AFR	NG98	hprc_asian	C	4	complete	1	1	1	2
HG03369	AFR	NG98	hprc_asian	DPA1	2	complete	1	1	1	2
HG03369	AFR	NG98	hprc_asian	DPA1	4	complete	0	0	0	0
HG03369	AFR	NG98	hprc_asian	DPB1	2	complete	1	1	1	2
HG03369	AFR	NG98	hprc_asian	DPB1	4	complete	0	0	0	0
HG03369	AFR	NG98	hprc_asian	DQA1	2	complete	1	1	1	2
HG03369	AFR	NG98	hprc_asian	DQA1	4	complete	1	1	0	1
HG03369	AFR	NG98	hprc_asian	DQB1	2	complete	1	1	1	2
HG03369	AFR	NG98	hprc_asian	DQB1	4	complete	1	1	0	0
HG03369	AFR	NG98	hprc_asian	DRB1	2	complete	1	1	1	2
HG03369	AFR	NG98	hprc_asian	DRB1	4	complete	0	0	0	0
HG03369	AFR	NG98	ipd_genome	A	2	complete	1	1	1	2
HG03369	AFR	NG98	ipd_genome	A	4	complete	1	1	1	2
HG03369	AFR	NG98	ipd_genome	B	2	complete	1	1	1	2
HG03369	AFR	NG98	ipd_genome	B	4	complete	0	0	0	0
HG03369	AFR	NG98	ipd_genome	C	2	complete	1	1	1	2
HG03369	AFR	NG98	ipd_genome	C	4	complete	1	1	1	2
HG03369	AFR	NG98	ipd_genome	DPA1	2	complete	1	1	1	2
HG03369	AFR	NG98	ipd_genome	DPA1	4	complete	0	0	0	0
HG03369	AFR	NG98	ipd_genome	DPB1	2	complete	1	1	1	2
HG03369	AFR	NG98	ipd_genome	DPB1	4	complete	0	0	0	0
HG03369	AFR	NG98	ipd_genome	DQA1	2	complete	1	1	1	2
HG03369	AFR	NG98	ipd_genome	DQA1	4	complete	1	1	0	1
HG03369	AFR	NG98	ipd_genome	DQB1	2	complete	1	1	1	2
HG03369	AFR	NG98	ipd_genome	DQB1	4	complete	1	1	1	2
HG03369	AFR	NG98	ipd_genome	DRB1	2	complete	1	1	1	2
HG03369	AFR	NG98	ipd_genome	DRB1	4	complete	0	0	0	0
HG03369	AFR	NG98	genome_hprc	A	2	complete	1	1	1	2
HG03369	AFR	NG98	genome_hprc	A	4	complete	1	1	1	2
HG03369	AFR	NG98	genome_hprc	B	2	complete	1	1	0	1
HG03369	AFR	NG98	genome_hprc	B	4	complete	0	0	0	0
HG03369	AFR	NG98	genome_hprc	C	2	complete	1	1	1	2
HG03369	AFR	NG98	genome_hprc	C	4	complete	1	1	1	2
HG03369	AFR	NG98	genome_hprc	DPA1	2	complete	1	1	1	2
HG03369	AFR	NG98	genome_hprc	DPA1	4	complete	0	0	0	0
HG03369	AFR	NG98	genome_hprc	DPB1	2	complete	1	1	1	2
HG03369	AFR	NG98	genome_hprc	DPB1	4	complete	0	0	0	0
HG03369	AFR	NG98	genome_hprc	DQA1	2	complete	1	1	1	2
HG03369	AFR	NG98	genome_hprc	DQA1	4	complete	1	1	0	1
HG03369	AFR	NG98	genome_hprc	DQB1	2	complete	1	1	1	2
HG03369	AFR	NG98	genome_hprc	DQB1	4	complete	1	1	0	1
HG03369	AFR	NG98	genome_hprc	DRB1	2	complete	1	1	1	2
HG03369	AFR	NG98	genome_hprc	DRB1	4	complete	0	0	0	0
HG03369	AFR	NG98	genome_hprc_asian	A	2	complete	1	1	1	2
HG03369	AFR	NG98	genome_hprc_asian	A	4	complete	1	1	1	2
HG03369	AFR	NG98	genome_hprc_asian	B	2	complete	1	1	0	1
HG03369	AFR	NG98	genome_hprc_asian	B	4	complete	0	0	0	0
HG03369	AFR	NG98	genome_hprc_asian	C	2	complete	1	1	1	2
HG03369	AFR	NG98	genome_hprc_asian	C	4	complete	1	1	1	2
HG03369	AFR	NG98	genome_hprc_asian	DPA1	2	complete	1	1	1	2
HG03369	AFR	NG98	genome_hprc_asian	DPA1	4	complete	0	0	0	0
HG03369	AFR	NG98	genome_hprc_asian	DPB1	2	complete	1	1	1	2
HG03369	AFR	NG98	genome_hprc_asian	DPB1	4	complete	0	0	0	0
HG03369	AFR	NG98	genome_hprc_asian	DQA1	2	complete	1	1	1	2
HG03369	AFR	NG98	genome_hprc_asian	DQA1	4	complete	1	1	0	1
HG03369	AFR	NG98	genome_hprc_asian	DQB1	2	complete	1	1	1	2
HG03369	AFR	NG98	genome_hprc_asian	DQB1	4	complete	1	1	0	0
HG03369	AFR	NG98	genome_hprc_asian	DRB1	2	complete	1	1	1	2
HG03369	AFR	NG98	genome_hprc_asian	DRB1	4	complete	0	0	0	0
NA19159	AFR	Y056	T1K	A	2	complete	1	1	1	2
NA19159	AFR	Y056	T1K	A	4	complete	1	1	1	2
NA19159	AFR	Y056	T1K	B	2	complete	1	1	1	2
NA19159	AFR	Y056	T1K	B	4	complete	0	0	0	0
NA19159	AFR	Y056	T1K	C	2	complete	1	1	1	2
NA19159	AFR	Y056	T1K	C	4	complete	1	1	1	2
NA19159	AFR	Y056	T1K	DPA1	2	complete	1	1	1	2
NA19159	AFR	Y056	T1K	DPA1	4	complete	0	0	0	0
NA19159	AFR	Y056	T1K	DPB1	2	complete	1	1	1	2
NA19159	AFR	Y056	T1K	DPB1	4	complete	1	1	0	0
NA19159	AFR	Y056	T1K	DQA1	2	complete	1	1	1	2
NA19159	AFR	Y056	T1K	DQA1	4	complete	1	1	0	1
NA19159	AFR	Y056	T1K	DQB1	2	complete	1	1	1	2
NA19159	AFR	Y056	T1K	DQB1	4	complete	1	1	0	1
NA19159	AFR	Y056	T1K	DRB1	2	complete	0	0	0	0
NA19159	AFR	Y056	T1K	DRB1	4	complete	0	0	0	0
NA19159	AFR	Y056	hprc	A	2	complete	1	1	1	2
NA19159	AFR	Y056	hprc	A	4	complete	1	1	1	2
NA19159	AFR	Y056	hprc	B	2	complete	1	1	0	0
NA19159	AFR	Y056	hprc	B	4	complete	0	0	0	0
NA19159	AFR	Y056	hprc	C	2	complete	1	1	1	2
NA19159	AFR	Y056	hprc	C	4	complete	1	1	1	2
NA19159	AFR	Y056	hprc	DPA1	2	complete	1	1	1	2
NA19159	AFR	Y056	hprc	DPA1	4	complete	0	0	0	0
NA19159	AFR	Y056	hprc	DPB1	2	complete	1	1	0	1
NA19159	AFR	Y056	hprc	DPB1	4	complete	1	1	0	1
NA19159	AFR	Y056	hprc	DQA1	2	complete	1	1	1	2
NA19159	AFR	Y056	hprc	DQA1	4	complete	1	1	0	1
NA19159	AFR	Y056	hprc	DQB1	2	complete	1	1	1	2
NA19159	AFR	Y056	hprc	DQB1	4	complete	1	1	0	1
NA19159	AFR	Y056	hprc	DRB1	2	complete	0	0	0	0
NA19159	AFR	Y056	hprc	DRB1	4	complete	0	0	0	0
NA19159	AFR	Y056	hprc_asian	A	2	complete	1	1	1	2
NA19159	AFR	Y056	hprc_asian	A	4	complete	1	1	1	2
NA19159	AFR	Y056	hprc_asian	B	2	complete	1	1	0	1
NA19159	AFR	Y056	hprc_asian	B	4	complete	0	0	0	0
NA19159	AFR	Y056	hprc_asian	C	2	complete	1	1	1	2
NA19159	AFR	Y056	hprc_asian	C	4	complete	1	1	1	2
NA19159	AFR	Y056	hprc_asian	DPA1	2	complete	1	1	1	2
NA19159	AFR	Y056	hprc_asian	DPA1	4	complete	0	0	0	0
NA19159	AFR	Y056	hprc_asian	DPB1	2	complete	1	1	1	2
NA19159	AFR	Y056	hprc_asian	DPB1	4	complete	1	1	1	2
NA19159	AFR	Y056	hprc_asian	DQA1	2	complete	1	1	1	2
NA19159	AFR	Y056	hprc_asian	DQA1	4	complete	1	1	0	1
NA19159	AFR	Y056	hprc_asian	DQB1	2	complete	1	1	1	2
NA19159	AFR	Y056	hprc_asian	DQB1	4	complete	1	0	0	1
NA19159	AFR	Y056	hprc_asian	DRB1	2	complete	0	0	0	0
NA19159	AFR	Y056	hprc_asian	DRB1	4	complete	0	0	0	0
NA19159	AFR	Y056	ipd_genome	A	2	complete	1	1	1	2
NA19159	AFR	Y056	ipd_genome	A	4	complete	1	1	1	2
NA19159	AFR	Y056	ipd_genome	B	2	complete	1	1	1	2
NA19159	AFR	Y056	ipd_genome	B	4	complete	0	0	0	0
NA19159	AFR	Y056	ipd_genome	C	2	complete	1	1	1	2
NA19159	AFR	Y056	ipd_genome	C	4	complete	1	1	1	2
NA19159	AFR	Y056	ipd_genome	DPA1	2	complete	1	1	1	2
NA19159	AFR	Y056	ipd_genome	DPA1	4	complete	0	0	0	0
NA19159	AFR	Y056	ipd_genome	DPB1	2	complete	1	1	1	2
NA19159	AFR	Y056	ipd_genome	DPB1	4	complete	1	1	1	2
NA19159	AFR	Y056	ipd_genome	DQA1	2	complete	1	1	1	2
NA19159	AFR	Y056	ipd_genome	DQA1	4	complete	1	1	0	1
NA19159	AFR	Y056	ipd_genome	DQB1	2	complete	1	1	1	2
NA19159	AFR	Y056	ipd_genome	DQB1	4	complete	1	1	1	2
NA19159	AFR	Y056	ipd_genome	DRB1	2	complete	0	0	0	0
NA19159	AFR	Y056	ipd_genome	DRB1	4	complete	0	0	0	0
NA19159	AFR	Y056	genome_hprc	A	2	complete	1	1	1	2
NA19159	AFR	Y056	genome_hprc	A	4	complete	1	1	1	2
NA19159	AFR	Y056	genome_hprc	B	2	complete	1	1	0	0
NA19159	AFR	Y056	genome_hprc	B	4	complete	0	0	0	0
NA19159	AFR	Y056	genome_hprc	C	2	complete	1	1	1	2
NA19159	AFR	Y056	genome_hprc	C	4	complete	1	1	1	2
NA19159	AFR	Y056	genome_hprc	DPA1	2	complete	1	1	1	2
NA19159	AFR	Y056	genome_hprc	DPA1	4	complete	0	0	0	0
NA19159	AFR	Y056	genome_hprc	DPB1	2	complete	1	1	1	2
NA19159	AFR	Y056	genome_hprc	DPB1	4	complete	1	1	1	2
NA19159	AFR	Y056	genome_hprc	DQA1	2	complete	1	1	1	2
NA19159	AFR	Y056	genome_hprc	DQA1	4	complete	1	1	0	1
NA19159	AFR	Y056	genome_hprc	DQB1	2	complete	1	1	1	2
NA19159	AFR	Y056	genome_hprc	DQB1	4	complete	1	1	0	1
NA19159	AFR	Y056	genome_hprc	DRB1	2	complete	0	0	0	0
NA19159	AFR	Y056	genome_hprc	DRB1	4	complete	0	0	0	0
NA19159	AFR	Y056	genome_hprc_asian	A	2	complete	1	1	1	2
NA19159	AFR	Y056	genome_hprc_asian	A	4	complete	1	1	1	2
NA19159	AFR	Y056	genome_hprc_asian	B	2	complete	1	1	0	0
NA19159	AFR	Y056	genome_hprc_asian	B	4	complete	0	0	0	0
NA19159	AFR	Y056	genome_hprc_asian	C	2	complete	1	1	1	2
NA19159	AFR	Y056	genome_hprc_asian	C	4	complete	1	1	1	2
NA19159	AFR	Y056	genome_hprc_asian	DPA1	2	complete	1	1	1	2
NA19159	AFR	Y056	genome_hprc_asian	DPA1	4	complete	0	0	0	0
NA19159	AFR	Y056	genome_hprc_asian	DPB1	2	complete	1	1	1	2
NA19159	AFR	Y056	genome_hprc_asian	DPB1	4	complete	1	1	1	2
NA19159	AFR	Y056	genome_hprc_asian	DQA1	2	complete	1	1	1	2
NA19159	AFR	Y056	genome_hprc_asian	DQA1	4	complete	1	1	0	1
NA19159	AFR	Y056	genome_hprc_asian	DQB1	2	complete	1	1	1	2
NA19159	AFR	Y056	genome_hprc_asian	DQB1	4	complete	1	0	0	1
NA19159	AFR	Y056	genome_hprc_asian	DRB1	2	complete	0	0	0	0
NA19159	AFR	Y056	genome_hprc_asian	DRB1	4	complete	0	0	0	0
HG02809	AFR	GB63	T1K	A	2	complete	1	1	1	2
HG02809	AFR	GB63	T1K	A	4	complete	1	1	1	2
HG02809	AFR	GB63	T1K	B	2	complete	1	1	1	2
HG02809	AFR	GB63	T1K	B	4	complete	0	0	0	0
HG02809	AFR	GB63	T1K	C	2	complete	1	1	1	2
HG02809	AFR	GB63	T1K	C	4	complete	0	0	0	0
HG02809	AFR	GB63	T1K	DPA1	2	complete	1	1	1	2
HG02809	AFR	GB63	T1K	DPA1	4	complete	0	0	0	0
HG02809	AFR	GB63	T1K	DPB1	2	complete	1	1	1	2
HG02809	AFR	GB63	T1K	DPB1	4	complete	1	1	1	2
HG02809	AFR	GB63	T1K	DQA1	2	complete	1	1	1	2
HG02809	AFR	GB63	T1K	DQA1	4	complete	0	0	0	0
HG02809	AFR	GB63	T1K	DQB1	2	complete	1	1	1	2
HG02809	AFR	GB63	T1K	DQB1	4	complete	1	1	1	2
HG02809	AFR	GB63	T1K	DRB1	2	complete	1	1	1	2
HG02809	AFR	GB63	T1K	DRB1	4	complete	0	0	0	0
HG02809	AFR	GB63	hprc	A	2	complete	1	1	1	2
HG02809	AFR	GB63	hprc	A	4	complete	1	1	0	1
HG02809	AFR	GB63	hprc	B	2	complete	1	1	1	2
HG02809	AFR	GB63	hprc	B	4	complete	0	0	0	0
HG02809	AFR	GB63	hprc	C	2	complete	1	1	0	1
HG02809	AFR	GB63	hprc	C	4	complete	0	0	0	0
HG02809	AFR	GB63	hprc	DPA1	2	complete	1	1	1	2
HG02809	AFR	GB63	hprc	DPA1	4	complete	0	0	0	0
HG02809	AFR	GB63	hprc	DPB1	2	complete	1	1	0	1
HG02809	AFR	GB63	hprc	DPB1	4	complete	1	1	0	1
HG02809	AFR	GB63	hprc	DQA1	2	complete	1	1	0	1
HG02809	AFR	GB63	hprc	DQA1	4	complete	0	0	0	0
HG02809	AFR	GB63	hprc	DQB1	2	complete	1	1	1	2
HG02809	AFR	GB63	hprc	DQB1	4	complete	1	1	1	2
HG02809	AFR	GB63	hprc	DRB1	2	complete	1	1	0	1
HG02809	AFR	GB63	hprc	DRB1	4	complete	0	0	0	0
HG02809	AFR	GB63	hprc_asian	A	2	complete	1	1	1	2
HG02809	AFR	GB63	hprc_asian	A	4	complete	1	1	0	1
HG02809	AFR	GB63	hprc_asian	B	2	complete	1	1	1	2
HG02809	AFR	GB63	hprc_asian	B	4	complete	0	0	0	0
HG02809	AFR	GB63	hprc_asian	C	2	complete	1	1	0	1
HG02809	AFR	GB63	hprc_asian	C	4	complete	0	0	0	0
HG02809	AFR	GB63	hprc_asian	DPA1	2	complete	1	1	1	2
HG02809	AFR	GB63	hprc_asian	DPA1	4	complete	0	0	0	0
HG02809	AFR	GB63	hprc_asian	DPB1	2	complete	1	1	1	2
HG02809	AFR	GB63	hprc_asian	DPB1	4	complete	1	1	1	2
HG02809	AFR	GB63	hprc_asian	DQA1	2	complete	1	1	1	2
HG02809	AFR	GB63	hprc_asian	DQA1	4	complete	0	0	0	0
HG02809	AFR	GB63	hprc_asian	DQB1	2	complete	1	1	1	2
HG02809	AFR	GB63	hprc_asian	DQB1	4	complete	1	1	1	2
HG02809	AFR	GB63	hprc_asian	DRB1	2	complete	1	1	0	1
HG02809	AFR	GB63	hprc_asian	DRB1	4	complete	0	0	0	0
HG02809	AFR	GB63	ipd_genome	A	2	complete	1	1	1	2
HG02809	AFR	GB63	ipd_genome	A	4	complete	1	1	1	2
HG02809	AFR	GB63	ipd_genome	B	2	complete	1	1	1	2
HG02809	AFR	GB63	ipd_genome	B	4	complete	0	0	0	0
HG02809	AFR	GB63	ipd_genome	C	2	complete	1	1	1	2
HG02809	AFR	GB63	ipd_genome	C	4	complete	0	0	0	0
HG02809	AFR	GB63	ipd_genome	DPA1	2	complete	1	1	1	2
HG02809	AFR	GB63	ipd_genome	DPA1	4	complete	0	0	0	0
HG02809	AFR	GB63	ipd_genome	DPB1	2	complete	1	1	1	2
HG02809	AFR	GB63	ipd_genome	DPB1	4	complete	1	1	1	2
HG02809	AFR	GB63	ipd_genome	DQA1	2	complete	1	1	1	2
HG02809	AFR	GB63	ipd_genome	DQA1	4	complete	0	0	0	0
HG02809	AFR	GB63	ipd_genome	DQB1	2	complete	1	1	1	2
HG02809	AFR	GB63	ipd_genome	DQB1	4	complete	1	1	1	2
HG02809	AFR	GB63	ipd_genome	DRB1	2	complete	1	1	1	2
HG02809	AFR	GB63	ipd_genome	DRB1	4	complete	0	0	0	0
HG02809	AFR	GB63	genome_hprc	A	2	complete	1	1	1	2
HG02809	AFR	GB63	genome_hprc	A	4	complete	1	1	0	1
HG02809	AFR	GB63	genome_hprc	B	2	complete	1	1	1	2
HG02809	AFR	GB63	genome_hprc	B	4	complete	0	0	0	0
HG02809	AFR	GB63	genome_hprc	C	2	complete	1	1	0	1
HG02809	AFR	GB63	genome_hprc	C	4	complete	0	0	0	0
HG02809	AFR	GB63	genome_hprc	DPA1	2	complete	1	1	1	2
HG02809	AFR	GB63	genome_hprc	DPA1	4	complete	0	0	0	0
HG02809	AFR	GB63	genome_hprc	DPB1	2	complete	1	1	1	2
HG02809	AFR	GB63	genome_hprc	DPB1	4	complete	1	1	1	2
HG02809	AFR	GB63	genome_hprc	DQA1	2	complete	1	1	0	1
HG02809	AFR	GB63	genome_hprc	DQA1	4	complete	0	0	0	0
HG02809	AFR	GB63	genome_hprc	DQB1	2	complete	1	1	1	2
HG02809	AFR	GB63	genome_hprc	DQB1	4	complete	1	1	1	2
HG02809	AFR	GB63	genome_hprc	DRB1	2	complete	1	1	1	2
HG02809	AFR	GB63	genome_hprc	DRB1	4	complete	0	0	0	0
HG02809	AFR	GB63	genome_hprc_asian	A	2	complete	1	1	1	2
HG02809	AFR	GB63	genome_hprc_asian	A	4	complete	1	1	0	1
HG02809	AFR	GB63	genome_hprc_asian	B	2	complete	1	1	1	2
HG02809	AFR	GB63	genome_hprc_asian	B	4	complete	0	0	0	0
HG02809	AFR	GB63	genome_hprc_asian	C	2	complete	1	1	0	1
HG02809	AFR	GB63	genome_hprc_asian	C	4	complete	0	0	0	0
HG02809	AFR	GB63	genome_hprc_asian	DPA1	2	complete	1	1	1	2
HG02809	AFR	GB63	genome_hprc_asian	DPA1	4	complete	0	0	0	0
HG02809	AFR	GB63	genome_hprc_asian	DPB1	2	complete	1	1	1	2
HG02809	AFR	GB63	genome_hprc_asian	DPB1	4	complete	1	1	1	2
HG02809	AFR	GB63	genome_hprc_asian	DQA1	2	complete	1	1	1	2
HG02809	AFR	GB63	genome_hprc_asian	DQA1	4	complete	0	0	0	0
HG02809	AFR	GB63	genome_hprc_asian	DQB1	2	complete	1	1	1	2
HG02809	AFR	GB63	genome_hprc_asian	DQB1	4	complete	1	1	1	2
HG02809	AFR	GB63	genome_hprc_asian	DRB1	2	complete	1	1	1	2
HG02809	AFR	GB63	genome_hprc_asian	DRB1	4	complete	0	0	0	0
HG02145	AFR	BB20	T1K	A	2	complete	1	1	1	2
HG02145	AFR	BB20	T1K	A	4	complete	1	1	1	2
HG02145	AFR	BB20	T1K	B	2	complete	1	1	1	2
HG02145	AFR	BB20	T1K	B	4	complete	0	0	0	0
HG02145	AFR	BB20	T1K	C	2	complete	1	1	1	2
HG02145	AFR	BB20	T1K	C	4	complete	1	1	0	1
HG02145	AFR	BB20	T1K	DPA1	2	complete	1	1	1	2
HG02145	AFR	BB20	T1K	DPA1	4	complete	0	0	0	0
HG02145	AFR	BB20	T1K	DPB1	2	complete	1	1	1	2
HG02145	AFR	BB20	T1K	DPB1	4	complete	1	1	0	1
HG02145	AFR	BB20	T1K	DQA1	2	complete	1	1	1	2
HG02145	AFR	BB20	T1K	DQA1	4	complete	1	1	0	0
HG02145	AFR	BB20	T1K	DQB1	2	complete	1	1	1	2
HG02145	AFR	BB20	T1K	DQB1	4	complete	1	1	0	1
HG02145	AFR	BB20	T1K	DRB1	2	complete	1	1	1	2
HG02145	AFR	BB20	T1K	DRB1	4	complete	0	0	0	0
HG02145	AFR	BB20	hprc	A	2	complete	1	1	1	2
HG02145	AFR	BB20	hprc	A	4	complete	1	1	1	2
HG02145	AFR	BB20	hprc	B	2	complete	1	1	0	1
HG02145	AFR	BB20	hprc	B	4	complete	0	0	0	0
HG02145	AFR	BB20	hprc	C	2	complete	1	1	1	2
HG02145	AFR	BB20	hprc	C	4	complete	1	1	0	1
HG02145	AFR	BB20	hprc	DPA1	2	complete	1	1	1	2
HG02145	AFR	BB20	hprc	DPA1	4	complete	0	0	0	0
HG02145	AFR	BB20	hprc	DPB1	2	complete	1	1	0	1
HG02145	AFR	BB20	hprc	DPB1	4	complete	1	1	0	1
HG02145	AFR	BB20	hprc	DQA1	2	complete	1	1	1	2
HG02145	AFR	BB20	hprc	DQA1	4	complete	1	1	0	0
HG02145	AFR	BB20	hprc	DQB1	2	complete	1	1	1	2
HG02145	AFR	BB20	hprc	DQB1	4	complete	1	1	0	1
HG02145	AFR	BB20	hprc	DRB1	2	complete	1	1	1	2
HG02145	AFR	BB20	hprc	DRB1	4	complete	0	0	0	0
HG02145	AFR	BB20	hprc_asian	A	2	complete	1	1	1	2
HG02145	AFR	BB20	hprc_asian	A	4	complete	1	1	1	2
HG02145	AFR	BB20	hprc_asian	B	2	complete	1	1	0	1
HG02145	AFR	BB20	hprc_asian	B	4	complete	0	0	0	0
HG02145	AFR	BB20	hprc_asian	C	2	complete	1	1	1	2
HG02145	AFR	BB20	hprc_asian	C	4	complete	1	1	0	1
HG02145	AFR	BB20	hprc_asian	DPA1	2	complete	1	1	1	2
HG02145	AFR	BB20	hprc_asian	DPA1	4	complete	0	0	0	0
HG02145	AFR	BB20	hprc_asian	DPB1	2	complete	1	1	0	1
HG02145	AFR	BB20	hprc_asian	DPB1	4	complete	1	1	0	1
HG02145	AFR	BB20	hprc_asian	DQA1	2	complete	1	1	1	2
HG02145	AFR	BB20	hprc_asian	DQA1	4	complete	1	1	0	0
HG02145	AFR	BB20	hprc_asian	DQB1	2	complete	1	1	0	1
HG02145	AFR	BB20	hprc_asian	DQB1	4	complete	1	0	0	1
HG02145	AFR	BB20	hprc_asian	DRB1	2	complete	1	1	1	2
HG02145	AFR	BB20	hprc_asian	DRB1	4	complete	0	0	0	0
HG02145	AFR	BB20	ipd_genome	A	2	complete	1	1	1	2
HG02145	AFR	BB20	ipd_genome	A	4	complete	1	1	1	2
HG02145	AFR	BB20	ipd_genome	B	2	complete	1	1	1	2
HG02145	AFR	BB20	ipd_genome	B	4	complete	0	0	0	0
HG02145	AFR	BB20	ipd_genome	C	2	complete	1	1	1	2
HG02145	AFR	BB20	ipd_genome	C	4	complete	1	1	1	2
HG02145	AFR	BB20	ipd_genome	DPA1	2	complete	1	1	1	2
HG02145	AFR	BB20	ipd_genome	DPA1	4	complete	0	0	0	0
HG02145	AFR	BB20	ipd_genome	DPB1	2	complete	1	1	1	2
HG02145	AFR	BB20	ipd_genome	DPB1	4	complete	1	1	1	2
HG02145	AFR	BB20	ipd_genome	DQA1	2	complete	1	1	1	2
HG02145	AFR	BB20	ipd_genome	DQA1	4	complete	1	1	0	1
HG02145	AFR	BB20	ipd_genome	DQB1	2	complete	1	1	1	2
HG02145	AFR	BB20	ipd_genome	DQB1	4	complete	1	1	1	2
HG02145	AFR	BB20	ipd_genome	DRB1	2	complete	1	1	1	2
HG02145	AFR	BB20	ipd_genome	DRB1	4	complete	0	0	0	0
HG02145	AFR	BB20	genome_hprc	A	2	complete	1	1	1	2
HG02145	AFR	BB20	genome_hprc	A	4	complete	1	1	1	2
HG02145	AFR	BB20	genome_hprc	B	2	complete	1	1	0	1
HG02145	AFR	BB20	genome_hprc	B	4	complete	0	0	0	0
HG02145	AFR	BB20	genome_hprc	C	2	complete	1	1	1	2
HG02145	AFR	BB20	genome_hprc	C	4	complete	1	1	0	1
HG02145	AFR	BB20	genome_hprc	DPA1	2	complete	1	1	1	2
HG02145	AFR	BB20	genome_hprc	DPA1	4	complete	0	0	0	0
HG02145	AFR	BB20	genome_hprc	DPB1	2	complete	1	1	1	2
HG02145	AFR	BB20	genome_hprc	DPB1	4	complete	1	1	1	2
HG02145	AFR	BB20	genome_hprc	DQA1	2	complete	1	1	1	2
HG02145	AFR	BB20	genome_hprc	DQA1	4	complete	1	1	0	1
HG02145	AFR	BB20	genome_hprc	DQB1	2	complete	1	1	1	2
HG02145	AFR	BB20	genome_hprc	DQB1	4	complete	1	1	0	1
HG02145	AFR	BB20	genome_hprc	DRB1	2	complete	1	1	1	2
HG02145	AFR	BB20	genome_hprc	DRB1	4	complete	0	0	0	0
HG02145	AFR	BB20	genome_hprc_asian	A	2	complete	1	1	1	2
HG02145	AFR	BB20	genome_hprc_asian	A	4	complete	1	1	1	2
HG02145	AFR	BB20	genome_hprc_asian	B	2	complete	1	1	0	1
HG02145	AFR	BB20	genome_hprc_asian	B	4	complete	0	0	0	0
HG02145	AFR	BB20	genome_hprc_asian	C	2	complete	1	1	1	2
HG02145	AFR	BB20	genome_hprc_asian	C	4	complete	1	1	0	1
HG02145	AFR	BB20	genome_hprc_asian	DPA1	2	complete	1	1	1	2
HG02145	AFR	BB20	genome_hprc_asian	DPA1	4	complete	0	0	0	0
HG02145	AFR	BB20	genome_hprc_asian	DPB1	2	complete	1	1	1	2
HG02145	AFR	BB20	genome_hprc_asian	DPB1	4	complete	1	1	1	2
HG02145	AFR	BB20	genome_hprc_asian	DQA1	2	complete	1	1	1	2
HG02145	AFR	BB20	genome_hprc_asian	DQA1	4	complete	1	1	0	1
HG02145	AFR	BB20	genome_hprc_asian	DQB1	2	complete	1	1	1	2
HG02145	AFR	BB20	genome_hprc_asian	DQB1	4	complete	1	1	1	2
HG02145	AFR	BB20	genome_hprc_asian	DRB1	2	complete	1	1	1	2
HG02145	AFR	BB20	genome_hprc_asian	DRB1	4	complete	0	0	0	0
NA19909	AFR	2427	T1K	A	2	complete	1	1	1	2
NA19909	AFR	2427	T1K	A	4	complete	1	1	1	2
NA19909	AFR	2427	T1K	B	2	complete	1	1	1	2
NA19909	AFR	2427	T1K	B	4	complete	1	1	1	2
NA19909	AFR	2427	T1K	C	2	complete	1	1	1	2
NA19909	AFR	2427	T1K	C	4	complete	1	1	1	2
NA19909	AFR	2427	T1K	DPA1	2	complete	1	1	1	2
NA19909	AFR	2427	T1K	DPA1	4	complete	0	0	0	0
NA19909	AFR	2427	T1K	DPB1	2	complete	1	1	1	2
NA19909	AFR	2427	T1K	DPB1	4	complete	1	1	0	0
NA19909	AFR	2427	T1K	DQA1	2	complete	1	1	1	2
NA19909	AFR	2427	T1K	DQA1	4	complete	1	1	0	0
NA19909	AFR	2427	T1K	DQB1	2	complete	1	1	1	2
NA19909	AFR	2427	T1K	DQB1	4	complete	1	1	0	0
NA19909	AFR	2427	T1K	DRB1	2	complete	1	1	1	2
NA19909	AFR	2427	T1K	DRB1	4	complete	0	0	0	0
NA19909	AFR	2427	hprc	A	2	complete	1	1	1	2
NA19909	AFR	2427	hprc	A	4	complete	1	1	1	2
NA19909	AFR	2427	hprc	B	2	complete	1	1	1	2
NA19909	AFR	2427	hprc	B	4	complete	1	1	1	2
NA19909	AFR	2427	hprc	C	2	complete	1	1	1	2
NA19909	AFR	2427	hprc	C	4	complete	1	1	1	2
NA19909	AFR	2427	hprc	DPA1	2	complete	1	1	1	2
NA19909	AFR	2427	hprc	DPA1	4	complete	0	0	0	0
NA19909	AFR	2427	hprc	DPB1	2	complete	1	1	1	2
NA19909	AFR	2427	hprc	DPB1	4	complete	1	1	1	2
NA19909	AFR	2427	hprc	DQA1	2	complete	1	1	1	2
NA19909	AFR	2427	hprc	DQA1	4	complete	1	1	0	1
NA19909	AFR	2427	hprc	DQB1	2	complete	1	1	1	2
NA19909	AFR	2427	hprc	DQB1	4	complete	1	1	1	2
NA19909	AFR	2427	hprc	DRB1	2	complete	1	1	1	2
NA19909	AFR	2427	hprc	DRB1	4	complete	0	0	0	0
NA19909	AFR	2427	hprc_asian	A	2	complete	1	1	1	2
NA19909	AFR	2427	hprc_asian	A	4	complete	1	1	1	2
NA19909	AFR	2427	hprc_asian	B	2	complete	1	1	1	2
NA19909	AFR	2427	hprc_asian	B	4	complete	1	1	1	2
NA19909	AFR	2427	hprc_asian	C	2	complete	1	1	1	2
NA19909	AFR	2427	hprc_asian	C	4	complete	1	1	1	2
NA19909	AFR	2427	hprc_asian	DPA1	2	complete	1	1	1	2
NA19909	AFR	2427	hprc_asian	DPA1	4	complete	0	0	0	0
NA19909	AFR	2427	hprc_asian	DPB1	2	complete	1	1	1	2
NA19909	AFR	2427	hprc_asian	DPB1	4	complete	1	1	1	2
NA19909	AFR	2427	hprc_asian	DQA1	2	complete	1	1	1	2
NA19909	AFR	2427	hprc_asian	DQA1	4	complete	1	1	0	1
NA19909	AFR	2427	hprc_asian	DQB1	2	complete	1	1	1	2
NA19909	AFR	2427	hprc_asian	DQB1	4	complete	1	1	1	2
NA19909	AFR	2427	hprc_asian	DRB1	2	complete	1	1	1	2
NA19909	AFR	2427	hprc_asian	DRB1	4	complete	0	0	0	0
NA19909	AFR	2427	ipd_genome	A	2	complete	1	1	1	2
NA19909	AFR	2427	ipd_genome	A	4	complete	1	1	1	2
NA19909	AFR	2427	ipd_genome	B	2	complete	1	1	1	2
NA19909	AFR	2427	ipd_genome	B	4	complete	1	1	1	2
NA19909	AFR	2427	ipd_genome	C	2	complete	1	1	1	2
NA19909	AFR	2427	ipd_genome	C	4	complete	1	1	1	2
NA19909	AFR	2427	ipd_genome	DPA1	2	complete	1	1	1	2
NA19909	AFR	2427	ipd_genome	DPA1	4	complete	0	0	0	0
NA19909	AFR	2427	ipd_genome	DPB1	2	complete	1	1	1	2
NA19909	AFR	2427	ipd_genome	DPB1	4	complete	1	1	1	2
NA19909	AFR	2427	ipd_genome	DQA1	2	complete	1	1	1	2
NA19909	AFR	2427	ipd_genome	DQA1	4	complete	1	1	0	1
NA19909	AFR	2427	ipd_genome	DQB1	2	complete	1	1	1	2
NA19909	AFR	2427	ipd_genome	DQB1	4	complete	1	1	0	1
NA19909	AFR	2427	ipd_genome	DRB1	2	complete	1	1	0	1
NA19909	AFR	2427	ipd_genome	DRB1	4	complete	0	0	0	0
NA19909	AFR	2427	genome_hprc	A	2	complete	1	1	1	2
NA19909	AFR	2427	genome_hprc	A	4	complete	1	1	1	2
NA19909	AFR	2427	genome_hprc	B	2	complete	1	1	1	2
NA19909	AFR	2427	genome_hprc	B	4	complete	1	1	1	2
NA19909	AFR	2427	genome_hprc	C	2	complete	1	1	1	2
NA19909	AFR	2427	genome_hprc	C	4	complete	1	1	1	2
NA19909	AFR	2427	genome_hprc	DPA1	2	complete	1	1	1	2
NA19909	AFR	2427	genome_hprc	DPA1	4	complete	0	0	0	0
NA19909	AFR	2427	genome_hprc	DPB1	2	complete	1	1	1	2
NA19909	AFR	2427	genome_hprc	DPB1	4	complete	1	1	1	2
NA19909	AFR	2427	genome_hprc	DQA1	2	complete	1	1	1	2
NA19909	AFR	2427	genome_hprc	DQA1	4	complete	1	1	0	1
NA19909	AFR	2427	genome_hprc	DQB1	2	complete	1	1	1	2
NA19909	AFR	2427	genome_hprc	DQB1	4	complete	1	1	1	2
NA19909	AFR	2427	genome_hprc	DRB1	2	complete	1	1	1	2
NA19909	AFR	2427	genome_hprc	DRB1	4	complete	0	0	0	0
NA19909	AFR	2427	genome_hprc_asian	A	2	complete	1	1	1	2
NA19909	AFR	2427	genome_hprc_asian	A	4	complete	1	1	1	2
NA19909	AFR	2427	genome_hprc_asian	B	2	complete	1	1	1	2
NA19909	AFR	2427	genome_hprc_asian	B	4	complete	1	1	1	2
NA19909	AFR	2427	genome_hprc_asian	C	2	complete	1	1	1	2
NA19909	AFR	2427	genome_hprc_asian	C	4	complete	1	1	1	2
NA19909	AFR	2427	genome_hprc_asian	DPA1	2	complete	1	1	1	2
NA19909	AFR	2427	genome_hprc_asian	DPA1	4	complete	0	0	0	0
NA19909	AFR	2427	genome_hprc_asian	DPB1	2	complete	1	1	1	2
NA19909	AFR	2427	genome_hprc_asian	DPB1	4	complete	1	1	1	2
NA19909	AFR	2427	genome_hprc_asian	DQA1	2	complete	1	1	1	2
NA19909	AFR	2427	genome_hprc_asian	DQA1	4	complete	1	1	0	1
NA19909	AFR	2427	genome_hprc_asian	DQB1	2	complete	1	1	1	2
NA19909	AFR	2427	genome_hprc_asian	DQB1	4	complete	1	1	1	2
NA19909	AFR	2427	genome_hprc_asian	DRB1	2	complete	1	1	1	2
NA19909	AFR	2427	genome_hprc_asian	DRB1	4	complete	0	0	0	0
NA19338	AFR	NA19338	T1K	A	2	complete	1	1	1	2
NA19338	AFR	NA19338	T1K	A	4	complete	1	1	1	2
NA19338	AFR	NA19338	T1K	B	2	complete	1	1	1	2
NA19338	AFR	NA19338	T1K	B	4	complete	1	1	1	2
NA19338	AFR	NA19338	T1K	C	2	complete	1	1	1	2
NA19338	AFR	NA19338	T1K	C	4	complete	1	1	0	1
NA19338	AFR	NA19338	T1K	DPA1	2	complete	1	1	1	2
NA19338	AFR	NA19338	T1K	DPA1	4	complete	0	0	0	0
NA19338	AFR	NA19338	T1K	DPB1	2	complete	1	1	1	2
NA19338	AFR	NA19338	T1K	DPB1	4	complete	1	1	1	2
NA19338	AFR	NA19338	T1K	DQA1	2	complete	1	1	1	2
NA19338	AFR	NA19338	T1K	DQA1	4	complete	1	1	0	1
NA19338	AFR	NA19338	T1K	DQB1	2	complete	1	1	1	2
NA19338	AFR	NA19338	T1K	DQB1	4	complete	1	1	1	2
NA19338	AFR	NA19338	T1K	DRB1	2	complete	1	1	1	2
NA19338	AFR	NA19338	T1K	DRB1	4	complete	0	0	0	0
NA19338	AFR	NA19338	hprc	A	2	complete	1	1	1	2
NA19338	AFR	NA19338	hprc	A	4	complete	1	1	1	2
NA19338	AFR	NA19338	hprc	B	2	complete	1	1	0	1
NA19338	AFR	NA19338	hprc	B	4	complete	1	1	0	1
NA19338	AFR	NA19338	hprc	C	2	complete	1	1	0	1
NA19338	AFR	NA19338	hprc	C	4	complete	1	1	0	1
NA19338	AFR	NA19338	hprc	DPA1	2	complete	1	1	1	2
NA19338	AFR	NA19338	hprc	DPA1	4	complete	0	0	0	0
NA19338	AFR	NA19338	hprc	DPB1	2	complete	1	1	0	1
NA19338	AFR	NA19338	hprc	DPB1	4	complete	1	1	0	1
NA19338	AFR	NA19338	hprc	DQA1	2	complete	1	1	1	2
NA19338	AFR	NA19338	hprc	DQA1	4	complete	1	1	0	1
NA19338	AFR	NA19338	hprc	DQB1	2	complete	1	1	1	2
NA19338	AFR	NA19338	hprc	DQB1	4	complete	1	1	1	2
NA19338	AFR	NA19338	hprc	DRB1	2	complete	1	1	1	2
NA19338	AFR	NA19338	hprc	DRB1	4	complete	0	0	0	0
NA19338	AFR	NA19338	hprc_asian	A	2	complete	1	1	1	2
NA19338	AFR	NA19338	hprc_asian	A	4	complete	1	1	1	2
NA19338	AFR	NA19338	hprc_asian	B	2	complete	1	1	1	2
NA19338	AFR	NA19338	hprc_asian	B	4	complete	1	1	1	2
NA19338	AFR	NA19338	hprc_asian	C	2	complete	1	1	0	1
NA19338	AFR	NA19338	hprc_asian	C	4	complete	1	1	0	1
NA19338	AFR	NA19338	hprc_asian	DPA1	2	complete	1	1	1	2
NA19338	AFR	NA19338	hprc_asian	DPA1	4	complete	0	0	0	0
NA19338	AFR	NA19338	hprc_asian	DPB1	2	complete	1	1	1	2
NA19338	AFR	NA19338	hprc_asian	DPB1	4	complete	1	1	1	2
NA19338	AFR	NA19338	hprc_asian	DQA1	2	complete	1	1	1	2
NA19338	AFR	NA19338	hprc_asian	DQA1	4	complete	1	1	0	1
NA19338	AFR	NA19338	hprc_asian	DQB1	2	complete	1	1	1	2
NA19338	AFR	NA19338	hprc_asian	DQB1	4	complete	1	1	1	2
NA19338	AFR	NA19338	hprc_asian	DRB1	2	complete	1	1	1	2
NA19338	AFR	NA19338	hprc_asian	DRB1	4	complete	0	0	0	0
NA19338	AFR	NA19338	ipd_genome	A	2	complete	1	1	1	2
NA19338	AFR	NA19338	ipd_genome	A	4	complete	1	1	1	2
NA19338	AFR	NA19338	ipd_genome	B	2	complete	1	1	1	2
NA19338	AFR	NA19338	ipd_genome	B	4	complete	1	1	1	2
NA19338	AFR	NA19338	ipd_genome	C	2	complete	1	1	1	2
NA19338	AFR	NA19338	ipd_genome	C	4	complete	1	1	1	2
NA19338	AFR	NA19338	ipd_genome	DPA1	2	complete	1	1	1	2
NA19338	AFR	NA19338	ipd_genome	DPA1	4	complete	0	0	0	0
NA19338	AFR	NA19338	ipd_genome	DPB1	2	complete	1	1	1	2
NA19338	AFR	NA19338	ipd_genome	DPB1	4	complete	1	1	1	2
NA19338	AFR	NA19338	ipd_genome	DQA1	2	complete	1	1	1	2
NA19338	AFR	NA19338	ipd_genome	DQA1	4	complete	1	1	1	2
NA19338	AFR	NA19338	ipd_genome	DQB1	2	complete	1	1	1	2
NA19338	AFR	NA19338	ipd_genome	DQB1	4	complete	1	1	1	2
NA19338	AFR	NA19338	ipd_genome	DRB1	2	complete	1	1	1	2
NA19338	AFR	NA19338	ipd_genome	DRB1	4	complete	0	0	0	0
NA19338	AFR	NA19338	genome_hprc	A	2	complete	1	1	1	2
NA19338	AFR	NA19338	genome_hprc	A	4	complete	1	1	1	2
NA19338	AFR	NA19338	genome_hprc	B	2	complete	1	1	1	2
NA19338	AFR	NA19338	genome_hprc	B	4	complete	1	1	1	2
NA19338	AFR	NA19338	genome_hprc	C	2	complete	1	1	0	1
NA19338	AFR	NA19338	genome_hprc	C	4	complete	1	1	0	1
NA19338	AFR	NA19338	genome_hprc	DPA1	2	complete	1	1	1	2
NA19338	AFR	NA19338	genome_hprc	DPA1	4	complete	0	0	0	0
NA19338	AFR	NA19338	genome_hprc	DPB1	2	complete	1	1	1	2
NA19338	AFR	NA19338	genome_hprc	DPB1	4	complete	1	1	1	2
NA19338	AFR	NA19338	genome_hprc	DQA1	2	complete	1	1	1	2
NA19338	AFR	NA19338	genome_hprc	DQA1	4	complete	1	1	1	2
NA19338	AFR	NA19338	genome_hprc	DQB1	2	complete	1	1	1	2
NA19338	AFR	NA19338	genome_hprc	DQB1	4	complete	1	1	1	2
NA19338	AFR	NA19338	genome_hprc	DRB1	2	complete	1	1	1	2
NA19338	AFR	NA19338	genome_hprc	DRB1	4	complete	0	0	0	0
NA19338	AFR	NA19338	genome_hprc_asian	A	2	complete	1	1	1	2
NA19338	AFR	NA19338	genome_hprc_asian	A	4	complete	1	1	1	2
NA19338	AFR	NA19338	genome_hprc_asian	B	2	complete	1	1	1	2
NA19338	AFR	NA19338	genome_hprc_asian	B	4	complete	1	1	1	2
NA19338	AFR	NA19338	genome_hprc_asian	C	2	complete	1	1	0	1
NA19338	AFR	NA19338	genome_hprc_asian	C	4	complete	1	1	0	1
NA19338	AFR	NA19338	genome_hprc_asian	DPA1	2	complete	1	1	1	2
NA19338	AFR	NA19338	genome_hprc_asian	DPA1	4	complete	0	0	0	0
NA19338	AFR	NA19338	genome_hprc_asian	DPB1	2	complete	1	1	1	2
NA19338	AFR	NA19338	genome_hprc_asian	DPB1	4	complete	1	1	1	2
NA19338	AFR	NA19338	genome_hprc_asian	DQA1	2	complete	1	1	1	2
NA19338	AFR	NA19338	genome_hprc_asian	DQA1	4	complete	1	1	1	2
NA19338	AFR	NA19338	genome_hprc_asian	DQB1	2	complete	1	1	1	2
NA19338	AFR	NA19338	genome_hprc_asian	DQB1	4	complete	1	1	1	2
NA19338	AFR	NA19338	genome_hprc_asian	DRB1	2	complete	1	1	1	2
NA19338	AFR	NA19338	genome_hprc_asian	DRB1	4	complete	0	0	0	0
HG03209	AFR	SL17	T1K	A	2	complete	1	1	1	2
HG03209	AFR	SL17	T1K	A	4	complete	1	1	1	2
HG03209	AFR	SL17	T1K	B	2	complete	1	1	1	2
HG03209	AFR	SL17	T1K	B	4	complete	0	0	0	0
HG03209	AFR	SL17	T1K	C	2	complete	1	1	1	2
HG03209	AFR	SL17	T1K	C	4	complete	0	0	0	0
HG03209	AFR	SL17	T1K	DPA1	2	complete	1	1	1	2
HG03209	AFR	SL17	T1K	DPA1	4	complete	0	0	0	0
HG03209	AFR	SL17	T1K	DPB1	2	complete	1	1	1	2
HG03209	AFR	SL17	T1K	DPB1	4	complete	0	0	0	0
HG03209	AFR	SL17	T1K	DQA1	2	complete	1	1	1	2
HG03209	AFR	SL17	T1K	DQA1	4	complete	1	1	0	1
HG03209	AFR	SL17	T1K	DQB1	2	complete	1	1	1	2
HG03209	AFR	SL17	T1K	DQB1	4	complete	0	0	0	0
HG03209	AFR	SL17	T1K	DRB1	2	complete	1	1	1	2
HG03209	AFR	SL17	T1K	DRB1	4	complete	0	0	0	0
HG03209	AFR	SL17	hprc	A	2	complete	1	1	1	2
HG03209	AFR	SL17	hprc	A	4	complete	1	1	1	2
HG03209	AFR	SL17	hprc	B	2	complete	1	1	0	1
HG03209	AFR	SL17	hprc	B	4	complete	0	0	0	0
HG03209	AFR	SL17	hprc	C	2	complete	1	1	0	1
HG03209	AFR	SL17	hprc	C	4	complete	0	0	0	0
HG03209	AFR	SL17	hprc	DPA1	2	complete	1	1	0	1
HG03209	AFR	SL17	hprc	DPA1	4	complete	0	0	0	0
HG03209	AFR	SL17	hprc	DPB1	2	complete	1	1	0	1
HG03209	AFR	SL17	hprc	DPB1	4	complete	0	0	0	0
HG03209	AFR	SL17	hprc	DQA1	2	complete	1	1	0	1
HG03209	AFR	SL17	hprc	DQA1	4	complete	1	1	0	0
HG03209	AFR	SL17	hprc	DQB1	2	complete	1	1	1	2
HG03209	AFR	SL17	hprc	DQB1	4	complete	0	0	0	0
HG03209	AFR	SL17	hprc	DRB1	2	complete	1	1	0	1
HG03209	AFR	SL17	hprc	DRB1	4	complete	0	0	0	0
HG03209	AFR	SL17	hprc_asian	A	2	complete	1	1	1	2
HG03209	AFR	SL17	hprc_asian	A	4	complete	1	1	1	2
HG03209	AFR	SL17	hprc_asian	B	2	complete	1	1	0	1
HG03209	AFR	SL17	hprc_asian	B	4	complete	0	0	0	0
HG03209	AFR	SL17	hprc_asian	C	2	complete	1	1	1	2
HG03209	AFR	SL17	hprc_asian	C	4	complete	0	0	0	0
HG03209	AFR	SL17	hprc_asian	DPA1	2	complete	1	1	0	1
HG03209	AFR	SL17	hprc_asian	DPA1	4	complete	0	0	0	0
HG03209	AFR	SL17	hprc_asian	DPB1	2	complete	1	1	0	1
HG03209	AFR	SL17	hprc_asian	DPB1	4	complete	0	0	0	0
HG03209	AFR	SL17	hprc_asian	DQA1	2	complete	1	1	1	2
HG03209	AFR	SL17	hprc_asian	DQA1	4	complete	1	1	0	1
HG03209	AFR	SL17	hprc_asian	DQB1	2	complete	1	1	1	2
HG03209	AFR	SL17	hprc_asian	DQB1	4	complete	0	0	0	0
HG03209	AFR	SL17	hprc_asian	DRB1	2	complete	1	1	1	2
HG03209	AFR	SL17	hprc_asian	DRB1	4	complete	0	0	0	0
HG03209	AFR	SL17	ipd_genome	A	2	complete	1	1	1	2
HG03209	AFR	SL17	ipd_genome	A	4	complete	1	1	1	2
HG03209	AFR	SL17	ipd_genome	B	2	complete	1	1	1	2
HG03209	AFR	SL17	ipd_genome	B	4	complete	0	0	0	0
HG03209	AFR	SL17	ipd_genome	C	2	complete	1	1	1	2
HG03209	AFR	SL17	ipd_genome	C	4	complete	0	0	0	0
HG03209	AFR	SL17	ipd_genome	DPA1	2	complete	1	1	0	1
HG03209	AFR	SL17	ipd_genome	DPA1	4	complete	0	0	0	0
HG03209	AFR	SL17	ipd_genome	DPB1	2	complete	1	1	1	2
HG03209	AFR	SL17	ipd_genome	DPB1	4	complete	0	0	0	0
HG03209	AFR	SL17	ipd_genome	DQA1	2	complete	1	1	1	2
HG03209	AFR	SL17	ipd_genome	DQA1	4	complete	1	1	1	2
HG03209	AFR	SL17	ipd_genome	DQB1	2	complete	1	1	1	2
HG03209	AFR	SL17	ipd_genome	DQB1	4	complete	0	0	0	0
HG03209	AFR	SL17	ipd_genome	DRB1	2	complete	1	1	0	1
HG03209	AFR	SL17	ipd_genome	DRB1	4	complete	0	0	0	0
HG03209	AFR	SL17	genome_hprc	A	2	complete	1	1	1	2
HG03209	AFR	SL17	genome_hprc	A	4	complete	1	1	1	2
HG03209	AFR	SL17	genome_hprc	B	2	complete	1	1	0	1
HG03209	AFR	SL17	genome_hprc	B	4	complete	0	0	0	0
HG03209	AFR	SL17	genome_hprc	C	2	complete	1	1	0	1
HG03209	AFR	SL17	genome_hprc	C	4	complete	0	0	0	0
HG03209	AFR	SL17	genome_hprc	DPA1	2	complete	1	1	0	1
HG03209	AFR	SL17	genome_hprc	DPA1	4	complete	0	0	0	0
HG03209	AFR	SL17	genome_hprc	DPB1	2	complete	1	1	1	2
HG03209	AFR	SL17	genome_hprc	DPB1	4	complete	0	0	0	0
HG03209	AFR	SL17	genome_hprc	DQA1	2	complete	1	1	0	1
HG03209	AFR	SL17	genome_hprc	DQA1	4	complete	1	1	0	1
HG03209	AFR	SL17	genome_hprc	DQB1	2	complete	1	1	1	2
HG03209	AFR	SL17	genome_hprc	DQB1	4	complete	0	0	0	0
HG03209	AFR	SL17	genome_hprc	DRB1	2	complete	1	1	0	1
HG03209	AFR	SL17	genome_hprc	DRB1	4	complete	0	0	0	0
HG03209	AFR	SL17	genome_hprc_asian	A	2	complete	1	1	1	2
HG03209	AFR	SL17	genome_hprc_asian	A	4	complete	1	1	1	2
HG03209	AFR	SL17	genome_hprc_asian	B	2	complete	1	1	0	1
HG03209	AFR	SL17	genome_hprc_asian	B	4	complete	0	0	0	0
HG03209	AFR	SL17	genome_hprc_asian	C	2	complete	1	1	1	2
HG03209	AFR	SL17	genome_hprc_asian	C	4	complete	0	0	0	0
HG03209	AFR	SL17	genome_hprc_asian	DPA1	2	complete	1	1	0	1
HG03209	AFR	SL17	genome_hprc_asian	DPA1	4	complete	0	0	0	0
HG03209	AFR	SL17	genome_hprc_asian	DPB1	2	complete	1	1	0	1
HG03209	AFR	SL17	genome_hprc_asian	DPB1	4	complete	0	0	0	0
HG03209	AFR	SL17	genome_hprc_asian	DQA1	2	complete	1	1	1	2
HG03209	AFR	SL17	genome_hprc_asian	DQA1	4	complete	1	1	1	2
HG03209	AFR	SL17	genome_hprc_asian	DQB1	2	complete	1	1	1	2
HG03209	AFR	SL17	genome_hprc_asian	DQB1	4	complete	0	0	0	0
HG03209	AFR	SL17	genome_hprc_asian	DRB1	2	complete	1	1	1	2
HG03209	AFR	SL17	genome_hprc_asian	DRB1	4	complete	0	0	0	0
HG02976	AFR	NG24	T1K	A	2	complete	1	1	1	2
HG02976	AFR	NG24	T1K	A	4	complete	1	1	1	2
HG02976	AFR	NG24	T1K	B	2	complete	1	1	1	2
HG02976	AFR	NG24	T1K	B	4	complete	0	0	0	0
HG02976	AFR	NG24	T1K	C	2	complete	1	1	1	2
HG02976	AFR	NG24	T1K	C	4	complete	0	0	0	0
HG02976	AFR	NG24	T1K	DPA1	2	complete	1	1	1	2
HG02976	AFR	NG24	T1K	DPA1	4	complete	0	0	0	0
HG02976	AFR	NG24	T1K	DPB1	2	complete	1	1	1	2
HG02976	AFR	NG24	T1K	DPB1	4	complete	1	1	0	1
HG02976	AFR	NG24	T1K	DQA1	2	complete	1	1	1	2
HG02976	AFR	NG24	T1K	DQA1	4	complete	1	1	0	0
HG02976	AFR	NG24	T1K	DQB1	2	complete	1	1	1	2
HG02976	AFR	NG24	T1K	DQB1	4	complete	1	1	0	1
HG02976	AFR	NG24	T1K	DRB1	2	complete	0	0	0	0
HG02976	AFR	NG24	T1K	DRB1	4	complete	0	0	0	0
HG02976	AFR	NG24	hprc	A	2	complete	1	1	1	2
HG02976	AFR	NG24	hprc	A	4	complete	1	1	1	2
HG02976	AFR	NG24	hprc	B	2	complete	1	1	1	2
HG02976	AFR	NG24	hprc	B	4	complete	0	0	0	0
HG02976	AFR	NG24	hprc	C	2	complete	1	1	1	2
HG02976	AFR	NG24	hprc	C	4	complete	0	0	0	0
HG02976	AFR	NG24	hprc	DPA1	2	complete	1	1	1	2
HG02976	AFR	NG24	hprc	DPA1	4	complete	0	0	0	0
HG02976	AFR	NG24	hprc	DPB1	2	complete	1	1	0	1
HG02976	AFR	NG24	hprc	DPB1	4	complete	1	1	0	0
HG02976	AFR	NG24	hprc	DQA1	2	complete	1	1	1	2
HG02976	AFR	NG24	hprc	DQA1	4	complete	1	1	0	1
HG02976	AFR	NG24	hprc	DQB1	2	complete	1	1	1	2
HG02976	AFR	NG24	hprc	DQB1	4	complete	1	1	1	2
HG02976	AFR	NG24	hprc	DRB1	2	complete	0	0	0	0
HG02976	AFR	NG24	hprc	DRB1	4	complete	0	0	0	0
HG02976	AFR	NG24	hprc_asian	A	2	complete	1	1	1	2
HG02976	AFR	NG24	hprc_asian	A	4	complete	1	1	1	2
HG02976	AFR	NG24	hprc_asian	B	2	complete	1	1	1	2
HG02976	AFR	NG24	hprc_asian	B	4	complete	0	0	0	0
HG02976	AFR	NG24	hprc_asian	C	2	complete	1	1	1	2
HG02976	AFR	NG24	hprc_asian	C	4	complete	0	0	0	0
HG02976	AFR	NG24	hprc_asian	DPA1	2	complete	1	1	1	2
HG02976	AFR	NG24	hprc_asian	DPA1	4	complete	0	0	0	0
HG02976	AFR	NG24	hprc_asian	DPB1	2	complete	1	1	1	2
HG02976	AFR	NG24	hprc_asian	DPB1	4	complete	1	1	0	1
HG02976	AFR	NG24	hprc_asian	DQA1	2	complete	1	1	1	2
HG02976	AFR	NG24	hprc_asian	DQA1	4	complete	1	1	0	1
HG02976	AFR	NG24	hprc_asian	DQB1	2	complete	1	1	1	2
HG02976	AFR	NG24	hprc_asian	DQB1	4	complete	1	1	1	2
HG02976	AFR	NG24	hprc_asian	DRB1	2	complete	0	0	0	0
HG02976	AFR	NG24	hprc_asian	DRB1	4	complete	0	0	0	0
HG02976	AFR	NG24	ipd_genome	A	2	complete	1	1	1	2
HG02976	AFR	NG24	ipd_genome	A	4	complete	1	1	1	2
HG02976	AFR	NG24	ipd_genome	B	2	complete	1	1	1	2
HG02976	AFR	NG24	ipd_genome	B	4	complete	0	0	0	0
HG02976	AFR	NG24	ipd_genome	C	2	complete	1	1	1	2
HG02976	AFR	NG24	ipd_genome	C	4	complete	0	0	0	0
HG02976	AFR	NG24	ipd_genome	DPA1	2	complete	1	1	1	2
HG02976	AFR	NG24	ipd_genome	DPA1	4	complete	0	0	0	0
HG02976	AFR	NG24	ipd_genome	DPB1	2	complete	1	1	1	2
HG02976	AFR	NG24	ipd_genome	DPB1	4	complete	1	1	1	2
HG02976	AFR	NG24	ipd_genome	DQA1	2	complete	1	1	1	2
HG02976	AFR	NG24	ipd_genome	DQA1	4	complete	1	1	0	1
HG02976	AFR	NG24	ipd_genome	DQB1	2	complete	1	1	1	2
HG02976	AFR	NG24	ipd_genome	DQB1	4	complete	1	1	1	2
HG02976	AFR	NG24	ipd_genome	DRB1	2	complete	0	0	0	0
HG02976	AFR	NG24	ipd_genome	DRB1	4	complete	0	0	0	0
HG02976	AFR	NG24	genome_hprc	A	2	complete	1	1	1	2
HG02976	AFR	NG24	genome_hprc	A	4	complete	1	1	1	2
HG02976	AFR	NG24	genome_hprc	B	2	complete	1	1	1	2
HG02976	AFR	NG24	genome_hprc	B	4	complete	0	0	0	0
HG02976	AFR	NG24	genome_hprc	C	2	complete	1	1	1	2
HG02976	AFR	NG24	genome_hprc	C	4	complete	0	0	0	0
HG02976	AFR	NG24	genome_hprc	DPA1	2	complete	1	1	1	2
HG02976	AFR	NG24	genome_hprc	DPA1	4	complete	0	0	0	0
HG02976	AFR	NG24	genome_hprc	DPB1	2	complete	1	1	1	2
HG02976	AFR	NG24	genome_hprc	DPB1	4	complete	1	1	0	1
HG02976	AFR	NG24	genome_hprc	DQA1	2	complete	1	1	1	2
HG02976	AFR	NG24	genome_hprc	DQA1	4	complete	1	1	0	1
HG02976	AFR	NG24	genome_hprc	DQB1	2	complete	1	1	1	2
HG02976	AFR	NG24	genome_hprc	DQB1	4	complete	1	1	1	2
HG02976	AFR	NG24	genome_hprc	DRB1	2	complete	0	0	0	0
HG02976	AFR	NG24	genome_hprc	DRB1	4	complete	0	0	0	0
HG02976	AFR	NG24	genome_hprc_asian	A	2	complete	1	1	1	2
HG02976	AFR	NG24	genome_hprc_asian	A	4	complete	1	1	1	2
HG02976	AFR	NG24	genome_hprc_asian	B	2	complete	1	1	0	1
HG02976	AFR	NG24	genome_hprc_asian	B	4	complete	0	0	0	0
HG02976	AFR	NG24	genome_hprc_asian	C	2	complete	1	1	1	2
HG02976	AFR	NG24	genome_hprc_asian	C	4	complete	0	0	0	0
HG02976	AFR	NG24	genome_hprc_asian	DPA1	2	complete	1	1	1	2
HG02976	AFR	NG24	genome_hprc_asian	DPA1	4	complete	0	0	0	0
HG02976	AFR	NG24	genome_hprc_asian	DPB1	2	complete	1	1	1	2
HG02976	AFR	NG24	genome_hprc_asian	DPB1	4	complete	1	1	1	2
HG02976	AFR	NG24	genome_hprc_asian	DQA1	2	complete	1	1	1	2
HG02976	AFR	NG24	genome_hprc_asian	DQA1	4	complete	1	1	0	1
HG02976	AFR	NG24	genome_hprc_asian	DQB1	2	complete	1	1	1	2
HG02976	AFR	NG24	genome_hprc_asian	DQB1	4	complete	1	1	1	2
HG02976	AFR	NG24	genome_hprc_asian	DRB1	2	complete	0	0	0	0
HG02976	AFR	NG24	genome_hprc_asian	DRB1	4	complete	0	0	0	0
NA18879	AFR	Y021	T1K	A	2	complete	1	1	1	2
NA18879	AFR	Y021	T1K	A	4	complete	1	1	1	2
NA18879	AFR	Y021	T1K	B	2	complete	1	1	0	1
NA18879	AFR	Y021	T1K	B	4	complete	0	0	0	0
NA18879	AFR	Y021	T1K	C	2	complete	1	1	0	1
NA18879	AFR	Y021	T1K	C	4	complete	1	0	0	1
NA18879	AFR	Y021	T1K	DPA1	2	complete	1	1	1	2
NA18879	AFR	Y021	T1K	DPA1	4	complete	0	0	0	0
NA18879	AFR	Y021	T1K	DPB1	2	complete	1	1	1	2
NA18879	AFR	Y021	T1K	DPB1	4	complete	0	0	0	0
NA18879	AFR	Y021	T1K	DQA1	2	complete	1	1	1	2
NA18879	AFR	Y021	T1K	DQA1	4	complete	0	0	0	0
NA18879	AFR	Y021	T1K	DQB1	2	complete	1	1	1	2
NA18879	AFR	Y021	T1K	DQB1	4	complete	1	1	0	0
NA18879	AFR	Y021	T1K	DRB1	2	complete	1	1	1	2
NA18879	AFR	Y021	T1K	DRB1	4	complete	0	0	0	0
NA18879	AFR	Y021	hprc	A	2	complete	1	1	1	2
NA18879	AFR	Y021	hprc	A	4	complete	1	1	1	2
NA18879	AFR	Y021	hprc	B	2	complete	1	1	1	2
NA18879	AFR	Y021	hprc	B	4	complete	0	0	0	0
NA18879	AFR	Y021	hprc	C	2	complete	1	1	1	2
NA18879	AFR	Y021	hprc	C	4	complete	1	1	1	2
NA18879	AFR	Y021	hprc	DPA1	2	complete	1	1	1	2
NA18879	AFR	Y021	hprc	DPA1	4	complete	0	0	0	0
NA18879	AFR	Y021	hprc	DPB1	2	complete	1	1	1	2
NA18879	AFR	Y021	hprc	DPB1	4	complete	0	0	0	0
NA18879	AFR	Y021	hprc	DQA1	2	complete	1	1	1	2
NA18879	AFR	Y021	hprc	DQA1	4	complete	0	0	0	0
NA18879	AFR	Y021	hprc	DQB1	2	complete	1	1	1	2
NA18879	AFR	Y021	hprc	DQB1	4	complete	1	1	0	0
NA18879	AFR	Y021	hprc	DRB1	2	complete	1	1	1	2
NA18879	AFR	Y021	hprc	DRB1	4	complete	0	0	0	0
NA18879	AFR	Y021	hprc_asian	A	2	complete	1	1	1	2
NA18879	AFR	Y021	hprc_asian	A	4	complete	1	1	1	2
NA18879	AFR	Y021	hprc_asian	B	2	complete	1	1	1	2
NA18879	AFR	Y021	hprc_asian	B	4	complete	0	0	0	0
NA18879	AFR	Y021	hprc_asian	C	2	complete	1	1	1	2
NA18879	AFR	Y021	hprc_asian	C	4	complete	1	1	1	2
NA18879	AFR	Y021	hprc_asian	DPA1	2	complete	1	1	1	2
NA18879	AFR	Y021	hprc_asian	DPA1	4	complete	0	0	0	0
NA18879	AFR	Y021	hprc_asian	DPB1	2	complete	1	1	1	2
NA18879	AFR	Y021	hprc_asian	DPB1	4	complete	0	0	0	0
NA18879	AFR	Y021	hprc_asian	DQA1	2	complete	1	1	1	2
NA18879	AFR	Y021	hprc_asian	DQA1	4	complete	0	0	0	0
NA18879	AFR	Y021	hprc_asian	DQB1	2	complete	1	1	1	2
NA18879	AFR	Y021	hprc_asian	DQB1	4	complete	1	1	1	2
NA18879	AFR	Y021	hprc_asian	DRB1	2	complete	1	1	1	2
NA18879	AFR	Y021	hprc_asian	DRB1	4	complete	0	0	0	0
NA18879	AFR	Y021	ipd_genome	A	2	complete	1	1	1	2
NA18879	AFR	Y021	ipd_genome	A	4	complete	1	1	1	2
NA18879	AFR	Y021	ipd_genome	B	2	complete	1	1	1	2
NA18879	AFR	Y021	ipd_genome	B	4	complete	0	0	0	0
NA18879	AFR	Y021	ipd_genome	C	2	complete	1	1	1	2
NA18879	AFR	Y021	ipd_genome	C	4	complete	1	1	1	2
NA18879	AFR	Y021	ipd_genome	DPA1	2	complete	1	1	1	2
NA18879	AFR	Y021	ipd_genome	DPA1	4	complete	0	0	0	0
NA18879	AFR	Y021	ipd_genome	DPB1	2	complete	1	1	1	2
NA18879	AFR	Y021	ipd_genome	DPB1	4	complete	0	0	0	0
NA18879	AFR	Y021	ipd_genome	DQA1	2	complete	1	1	1	2
NA18879	AFR	Y021	ipd_genome	DQA1	4	complete	0	0	0	0
NA18879	AFR	Y021	ipd_genome	DQB1	2	complete	1	1	1	2
NA18879	AFR	Y021	ipd_genome	DQB1	4	complete	1	1	1	2
NA18879	AFR	Y021	ipd_genome	DRB1	2	complete	1	1	1	2
NA18879	AFR	Y021	ipd_genome	DRB1	4	complete	0	0	0	0
NA18879	AFR	Y021	genome_hprc	A	2	complete	1	1	1	2
NA18879	AFR	Y021	genome_hprc	A	4	complete	1	1	1	2
NA18879	AFR	Y021	genome_hprc	B	2	complete	1	1	1	2
NA18879	AFR	Y021	genome_hprc	B	4	complete	0	0	0	0
NA18879	AFR	Y021	genome_hprc	C	2	complete	1	1	1	2
NA18879	AFR	Y021	genome_hprc	C	4	complete	1	1	1	2
NA18879	AFR	Y021	genome_hprc	DPA1	2	complete	1	1	1	2
NA18879	AFR	Y021	genome_hprc	DPA1	4	complete	0	0	0	0
NA18879	AFR	Y021	genome_hprc	DPB1	2	complete	1	1	1	2
NA18879	AFR	Y021	genome_hprc	DPB1	4	complete	0	0	0	0
NA18879	AFR	Y021	genome_hprc	DQA1	2	complete	1	1	1	2
NA18879	AFR	Y021	genome_hprc	DQA1	4	complete	0	0	0	0
NA18879	AFR	Y021	genome_hprc	DQB1	2	complete	1	1	1	2
NA18879	AFR	Y021	genome_hprc	DQB1	4	complete	1	1	0	0
NA18879	AFR	Y021	genome_hprc	DRB1	2	complete	1	1	1	2
NA18879	AFR	Y021	genome_hprc	DRB1	4	complete	0	0	0	0
NA18879	AFR	Y021	genome_hprc_asian	A	2	complete	1	1	1	2
NA18879	AFR	Y021	genome_hprc_asian	A	4	complete	1	1	1	2
NA18879	AFR	Y021	genome_hprc_asian	B	2	complete	1	1	1	2
NA18879	AFR	Y021	genome_hprc_asian	B	4	complete	0	0	0	0
NA18879	AFR	Y021	genome_hprc_asian	C	2	complete	1	1	1	2
NA18879	AFR	Y021	genome_hprc_asian	C	4	complete	1	1	1	2
NA18879	AFR	Y021	genome_hprc_asian	DPA1	2	complete	1	1	1	2
NA18879	AFR	Y021	genome_hprc_asian	DPA1	4	complete	0	0	0	0
NA18879	AFR	Y021	genome_hprc_asian	DPB1	2	complete	1	1	1	2
NA18879	AFR	Y021	genome_hprc_asian	DPB1	4	complete	0	0	0	0
NA18879	AFR	Y021	genome_hprc_asian	DQA1	2	complete	1	1	1	2
NA18879	AFR	Y021	genome_hprc_asian	DQA1	4	complete	0	0	0	0
NA18879	AFR	Y021	genome_hprc_asian	DQB1	2	complete	1	1	1	2
NA18879	AFR	Y021	genome_hprc_asian	DQB1	4	complete	1	1	1	2
NA18879	AFR	Y021	genome_hprc_asian	DRB1	2	complete	1	1	1	2
NA18879	AFR	Y021	genome_hprc_asian	DRB1	4	complete	0	0	0	0
