donor	stratum	family	method	gene	level	state	eligible	called	correct	allele_matches	allele1	allele2
HG00658	EAS	HG00656	SpecHLA-IPD365-noFreq	A	two_field	complete	1	1	0	1	A*11:335:01	A*11:01:01:01
HG00658	EAS	HG00656	SpecHLA-IPD365-noFreq	A	four_field	complete	1	0	0	1	A*11:335:01	A*11:01:01:01
HG00658	EAS	HG00656	SpecHLA-IPD365-noFreq	B	two_field	complete	1	1	1	2	B*39:01:01:02L	B*51:01:02:01
HG00658	EAS	HG00656	SpecHLA-IPD365-noFreq	B	four_field	complete	1	1	0	1	B*39:01:01:02L	B*51:01:02:01
HG00658	EAS	HG00656	SpecHLA-IPD365-noFreq	C	two_field	complete	1	1	1	2	C*14:02:01:01	C*07:02:01:01
HG00658	EAS	HG00656	SpecHLA-IPD365-noFreq	C	four_field	complete	1	1	0	1	C*14:02:01:01	C*07:02:01:01
HG00658	EAS	HG00656	SpecHLA-IPD365-noFreq	DPA1	two_field	complete	1	1	1	2	DPA1*02:02:02:01	DPA1*02:02:02:01
HG00658	EAS	HG00656	SpecHLA-IPD365-noFreq	DPA1	four_field	complete	0	0	0	0	DPA1*02:02:02:01	DPA1*02:02:02:01
HG00658	EAS	HG00656	SpecHLA-IPD365-noFreq	DPB1	two_field	complete	1	1	0	1	DPB1*02:02:01:02	DPB1*1493:01:01:01
HG00658	EAS	HG00656	SpecHLA-IPD365-noFreq	DPB1	four_field	complete	0	0	0	0	DPB1*02:02:01:02	DPB1*1493:01:01:01
HG00658	EAS	HG00656	SpecHLA-IPD365-noFreq	DQA1	two_field	complete	1	1	1	2	DQA1*01:03:03	DQA1*01:04:01:01
HG00658	EAS	HG00656	SpecHLA-IPD365-noFreq	DQA1	four_field	complete	1	0	0	1	DQA1*01:03:03	DQA1*01:04:01:01
HG00658	EAS	HG00656	SpecHLA-IPD365-noFreq	DQB1	two_field	complete	1	1	1	2	DQB1*06:01:01:01	DQB1*05:03:01:01
HG00658	EAS	HG00656	SpecHLA-IPD365-noFreq	DQB1	four_field	complete	1	1	1	2	DQB1*06:01:01:01	DQB1*05:03:01:01
HG00658	EAS	HG00656	SpecHLA-IPD365-noFreq	DRB1	two_field	complete	1	1	0	1	DRB1*14:15	DRB1*14:04:01:01
HG00658	EAS	HG00656	SpecHLA-IPD365-noFreq	DRB1	four_field	complete	0	0	0	0	DRB1*14:15	DRB1*14:04:01:01
HG00658	EAS	HG00656	SpecHLA-IPD365-long-noFreq	A	two_field	complete	1	1	0	1	A*11:01:01:01	A*11:335:01
HG00658	EAS	HG00656	SpecHLA-IPD365-long-noFreq	A	four_field	complete	1	0	0	1	A*11:01:01:01	A*11:335:01
HG00658	EAS	HG00656	SpecHLA-IPD365-long-noFreq	B	two_field	complete	1	1	1	2	B*39:01:01:02L	B*51:01:02:01
HG00658	EAS	HG00656	SpecHLA-IPD365-long-noFreq	B	four_field	complete	1	1	0	1	B*39:01:01:02L	B*51:01:02:01
HG00658	EAS	HG00656	SpecHLA-IPD365-long-noFreq	C	two_field	complete	1	1	1	2	C*14:02:01:01	C*07:02:01:01
HG00658	EAS	HG00656	SpecHLA-IPD365-long-noFreq	C	four_field	complete	1	1	0	1	C*14:02:01:01	C*07:02:01:01
HG00658	EAS	HG00656	SpecHLA-IPD365-long-noFreq	DPA1	two_field	complete	1	1	1	2	DPA1*02:02:02:01	DPA1*02:02:02:01
HG00658	EAS	HG00656	SpecHLA-IPD365-long-noFreq	DPA1	four_field	complete	0	0	0	0	DPA1*02:02:02:01	DPA1*02:02:02:01
HG00658	EAS	HG00656	SpecHLA-IPD365-long-noFreq	DPB1	two_field	complete	1	1	0	1	DPB1*02:02:01:02	DPB1*1493:01:01:01
HG00658	EAS	HG00656	SpecHLA-IPD365-long-noFreq	DPB1	four_field	complete	0	0	0	0	DPB1*02:02:01:02	DPB1*1493:01:01:01
HG00658	EAS	HG00656	SpecHLA-IPD365-long-noFreq	DQA1	two_field	complete	1	1	1	2	DQA1*01:03:03	DQA1*01:04:01:01
HG00658	EAS	HG00656	SpecHLA-IPD365-long-noFreq	DQA1	four_field	complete	1	0	0	1	DQA1*01:03:03	DQA1*01:04:01:01
HG00658	EAS	HG00656	SpecHLA-IPD365-long-noFreq	DQB1	two_field	complete	1	1	1	2	DQB1*06:01:01:01	DQB1*05:03:01:01
HG00658	EAS	HG00656	SpecHLA-IPD365-long-noFreq	DQB1	four_field	complete	1	1	1	2	DQB1*06:01:01:01	DQB1*05:03:01:01
HG00658	EAS	HG00656	SpecHLA-IPD365-long-noFreq	DRB1	two_field	complete	1	1	0	1	DRB1*14:15	DRB1*08:03:02:02
HG00658	EAS	HG00656	SpecHLA-IPD365-long-noFreq	DRB1	four_field	complete	0	0	0	0	DRB1*14:15	DRB1*08:03:02:02
HG00658	EAS	HG00656	T1K-four-field	A	two_field	complete	1	1	1	2	A*11:01:01:01	A*11:01:01:01
HG00658	EAS	HG00656	T1K-four-field	A	four_field	complete	1	1	1	2	A*11:01:01:01	A*11:01:01:01
HG00658	EAS	HG00656	T1K-four-field	B	two_field	complete	1	1	1	2	B*51:01:02:01	B*39:01:01:02L
HG00658	EAS	HG00656	T1K-four-field	B	four_field	complete	1	1	0	1	B*51:01:02:01	B*39:01:01:02L
HG00658	EAS	HG00656	T1K-four-field	C	two_field	complete	1	1	1	2	C*14:02:01:01	C*07:02:01:01
HG00658	EAS	HG00656	T1K-four-field	C	four_field	complete	1	1	0	1	C*14:02:01:01	C*07:02:01:01
HG00658	EAS	HG00656	T1K-four-field	DPA1	two_field	complete	1	1	1	2	DPA1*02:02:02:01	DPA1*02:02:02:01
HG00658	EAS	HG00656	T1K-four-field	DPA1	four_field	complete	0	0	0	0	DPA1*02:02:02:01	DPA1*02:02:02:01
HG00658	EAS	HG00656	T1K-four-field	DPB1	two_field	complete	1	1	1	2	DPB1*05:01:01:01	DPB1*02:02:01:03
HG00658	EAS	HG00656	T1K-four-field	DPB1	four_field	complete	0	0	0	0	DPB1*05:01:01:01	DPB1*02:02:01:03
HG00658	EAS	HG00656	T1K-four-field	DQA1	two_field	complete	1	1	1	2	DQA1*01:03:01:03	DQA1*01:04:01:01
HG00658	EAS	HG00656	T1K-four-field	DQA1	four_field	complete	1	1	0	1	DQA1*01:03:01:03	DQA1*01:04:01:01
HG00658	EAS	HG00656	T1K-four-field	DQB1	two_field	complete	1	1	1	2	DQB1*05:03:01:01	DQB1*06:01:01:01
HG00658	EAS	HG00656	T1K-four-field	DQB1	four_field	complete	1	1	1	2	DQB1*05:03:01:01	DQB1*06:01:01:01
HG00658	EAS	HG00656	T1K-four-field	DRB1	two_field	complete	1	1	1	2	DRB1*08:03:02:01,HLA-DRB1*08:03:02:02	DRB1*14:04:01:03
HG00658	EAS	HG00656	T1K-four-field	DRB1	four_field	complete	0	0	0	0	DRB1*08:03:02:01,HLA-DRB1*08:03:02:02	DRB1*14:04:01:03
HG00658	EAS	HG00656	full:DogoHLA	A	two_field	complete	1	1	0	0	A*11:335:01	A*11:50Q
HG00658	EAS	HG00656	full:DogoHLA	A	four_field	complete	1	0	0	0	A*11:335:01	A*11:50Q
HG00658	EAS	HG00656	full:DogoHLA	B	two_field	complete	1	1	1	2	B*51:01:02:01	B*39:01:01:02L
HG00658	EAS	HG00656	full:DogoHLA	B	four_field	complete	1	1	0	1	B*51:01:02:01	B*39:01:01:02L
HG00658	EAS	HG00656	full:DogoHLA	C	two_field	complete	1	1	1	2	C*14:02:01:01	C*07:02:01:01
HG00658	EAS	HG00656	full:DogoHLA	C	four_field	complete	1	1	0	1	C*14:02:01:01	C*07:02:01:01
HG00658	EAS	HG00656	full:DogoHLA	DPA1	two_field	complete	1	1	1	2	DPA1*02:02:02:01	DPA1*02:02:02:01
HG00658	EAS	HG00656	full:DogoHLA	DPA1	four_field	complete	0	0	0	0	DPA1*02:02:02:01	DPA1*02:02:02:01
HG00658	EAS	HG00656	full:DogoHLA	DPB1	two_field	complete	1	1	1	2	DPB1*05:01:01:01	DPB1*02:02:01:02
HG00658	EAS	HG00656	full:DogoHLA	DPB1	four_field	complete	0	0	0	0	DPB1*05:01:01:01	DPB1*02:02:01:02
HG00658	EAS	HG00656	full:DogoHLA	DQA1	two_field	complete	1	1	1	2	DQA1*01:03:03	DQA1*01:04:01:01
HG00658	EAS	HG00656	full:DogoHLA	DQA1	four_field	complete	1	0	0	1	DQA1*01:03:03	DQA1*01:04:01:01
HG00658	EAS	HG00656	full:DogoHLA	DQB1	two_field	complete	1	1	1	2	DQB1*06:01:01:01	DQB1*05:03:01:01
HG00658	EAS	HG00656	full:DogoHLA	DQB1	four_field	complete	1	1	1	2	DQB1*06:01:01:01	DQB1*05:03:01:01
HG00658	EAS	HG00656	full:DogoHLA	DRB1	two_field	complete	1	1	0	0	DRB1*08:32	DRB1*14:15
HG00658	EAS	HG00656	full:DogoHLA	DRB1	four_field	complete	0	0	0	0	DRB1*08:32	DRB1*14:15
HG00658	EAS	HG00656	full:DogoHLA-no-graph	A	two_field	complete	1	1	0	0	A*11:335:01	A*11:50Q
HG00658	EAS	HG00656	full:DogoHLA-no-graph	A	four_field	complete	1	0	0	0	A*11:335:01	A*11:50Q
HG00658	EAS	HG00656	full:DogoHLA-no-graph	B	two_field	complete	1	1	1	2	B*51:01:02:01	B*39:01:01:02L
HG00658	EAS	HG00656	full:DogoHLA-no-graph	B	four_field	complete	1	1	0	1	B*51:01:02:01	B*39:01:01:02L
HG00658	EAS	HG00656	full:DogoHLA-no-graph	C	two_field	complete	1	1	1	2	C*14:02:01:01	C*07:02:01:01
HG00658	EAS	HG00656	full:DogoHLA-no-graph	C	four_field	complete	1	1	0	1	C*14:02:01:01	C*07:02:01:01
HG00658	EAS	HG00656	full:DogoHLA-no-graph	DPA1	two_field	complete	1	1	1	2	DPA1*02:02:02:01	DPA1*02:02:02:01
HG00658	EAS	HG00656	full:DogoHLA-no-graph	DPA1	four_field	complete	0	0	0	0	DPA1*02:02:02:01	DPA1*02:02:02:01
HG00658	EAS	HG00656	full:DogoHLA-no-graph	DPB1	two_field	complete	1	1	1	2	DPB1*05:01:01:01	DPB1*02:02:01:02
HG00658	EAS	HG00656	full:DogoHLA-no-graph	DPB1	four_field	complete	0	0	0	0	DPB1*05:01:01:01	DPB1*02:02:01:02
HG00658	EAS	HG00656	full:DogoHLA-no-graph	DQA1	two_field	complete	1	1	1	2	DQA1*01:03:03	DQA1*01:04:01:01
HG00658	EAS	HG00656	full:DogoHLA-no-graph	DQA1	four_field	complete	1	0	0	1	DQA1*01:03:03	DQA1*01:04:01:01
HG00658	EAS	HG00656	full:DogoHLA-no-graph	DQB1	two_field	complete	1	1	1	2	DQB1*06:01:01:01	DQB1*05:03:01:01
HG00658	EAS	HG00656	full:DogoHLA-no-graph	DQB1	four_field	complete	1	1	1	2	DQB1*06:01:01:01	DQB1*05:03:01:01
HG00658	EAS	HG00656	full:DogoHLA-no-graph	DRB1	two_field	complete	1	1	0	0	DRB1*08:32	DRB1*14:15
HG00658	EAS	HG00656	full:DogoHLA-no-graph	DRB1	four_field	complete	0	0	0	0	DRB1*08:32	DRB1*14:15
HG00658	EAS	HG00656	hprc:DogoHLA	A	two_field	complete	1	1	0	0	A*11:335:01	A*11:50Q
HG00658	EAS	HG00656	hprc:DogoHLA	A	four_field	complete	1	0	0	0	A*11:335:01	A*11:50Q
HG00658	EAS	HG00656	hprc:DogoHLA	B	two_field	complete	1	1	1	2	B*51:01:02:01	B*39:01:01:02L
HG00658	EAS	HG00656	hprc:DogoHLA	B	four_field	complete	1	1	0	1	B*51:01:02:01	B*39:01:01:02L
HG00658	EAS	HG00656	hprc:DogoHLA	C	two_field	complete	1	1	1	2	C*14:02:01:01	C*07:02:01:01
HG00658	EAS	HG00656	hprc:DogoHLA	C	four_field	complete	1	1	0	1	C*14:02:01:01	C*07:02:01:01
HG00658	EAS	HG00656	hprc:DogoHLA	DPA1	two_field	complete	1	1	1	2	DPA1*02:02:02:01	DPA1*02:02:02:01
HG00658	EAS	HG00656	hprc:DogoHLA	DPA1	four_field	complete	0	0	0	0	DPA1*02:02:02:01	DPA1*02:02:02:01
HG00658	EAS	HG00656	hprc:DogoHLA	DPB1	two_field	complete	1	1	1	2	DPB1*05:01:01:01	DPB1*02:02:01:02
HG00658	EAS	HG00656	hprc:DogoHLA	DPB1	four_field	complete	0	0	0	0	DPB1*05:01:01:01	DPB1*02:02:01:02
HG00658	EAS	HG00656	hprc:DogoHLA	DQA1	two_field	complete	1	1	1	2	DQA1*01:03:03	DQA1*01:04:01:01
HG00658	EAS	HG00656	hprc:DogoHLA	DQA1	four_field	complete	1	0	0	1	DQA1*01:03:03	DQA1*01:04:01:01
HG00658	EAS	HG00656	hprc:DogoHLA	DQB1	two_field	complete	1	1	1	2	DQB1*06:01:01:01	DQB1*05:03:01:01
HG00658	EAS	HG00656	hprc:DogoHLA	DQB1	four_field	complete	1	1	1	2	DQB1*06:01:01:01	DQB1*05:03:01:01
HG00658	EAS	HG00656	hprc:DogoHLA	DRB1	two_field	complete	1	1	0	0	DRB1*08:32	DRB1*14:15
HG00658	EAS	HG00656	hprc:DogoHLA	DRB1	four_field	complete	0	0	0	0	DRB1*08:32	DRB1*14:15
HG00658	EAS	HG00656	hprc:DogoHLA-no-graph	A	two_field	complete	1	1	0	0	A*11:335:01	A*11:50Q
HG00658	EAS	HG00656	hprc:DogoHLA-no-graph	A	four_field	complete	1	0	0	0	A*11:335:01	A*11:50Q
HG00658	EAS	HG00656	hprc:DogoHLA-no-graph	B	two_field	complete	1	1	1	2	B*51:01:02:01	B*39:01:01:02L
HG00658	EAS	HG00656	hprc:DogoHLA-no-graph	B	four_field	complete	1	1	0	1	B*51:01:02:01	B*39:01:01:02L
HG00658	EAS	HG00656	hprc:DogoHLA-no-graph	C	two_field	complete	1	1	1	2	C*14:02:01:01	C*07:02:01:01
HG00658	EAS	HG00656	hprc:DogoHLA-no-graph	C	four_field	complete	1	1	0	1	C*14:02:01:01	C*07:02:01:01
HG00658	EAS	HG00656	hprc:DogoHLA-no-graph	DPA1	two_field	complete	1	1	1	2	DPA1*02:02:02:01	DPA1*02:02:02:01
HG00658	EAS	HG00656	hprc:DogoHLA-no-graph	DPA1	four_field	complete	0	0	0	0	DPA1*02:02:02:01	DPA1*02:02:02:01
HG00658	EAS	HG00656	hprc:DogoHLA-no-graph	DPB1	two_field	complete	1	1	1	2	DPB1*05:01:01:01	DPB1*02:02:01:02
HG00658	EAS	HG00656	hprc:DogoHLA-no-graph	DPB1	four_field	complete	0	0	0	0	DPB1*05:01:01:01	DPB1*02:02:01:02
HG00658	EAS	HG00656	hprc:DogoHLA-no-graph	DQA1	two_field	complete	1	1	1	2	DQA1*01:03:03	DQA1*01:04:01:01
HG00658	EAS	HG00656	hprc:DogoHLA-no-graph	DQA1	four_field	complete	1	0	0	1	DQA1*01:03:03	DQA1*01:04:01:01
HG00658	EAS	HG00656	hprc:DogoHLA-no-graph	DQB1	two_field	complete	1	1	1	2	DQB1*06:01:01:01	DQB1*05:03:01:01
HG00658	EAS	HG00656	hprc:DogoHLA-no-graph	DQB1	four_field	complete	1	1	1	2	DQB1*06:01:01:01	DQB1*05:03:01:01
HG00658	EAS	HG00656	hprc:DogoHLA-no-graph	DRB1	two_field	complete	1	1	0	0	DRB1*08:32	DRB1*14:15
HG00658	EAS	HG00656	hprc:DogoHLA-no-graph	DRB1	four_field	complete	0	0	0	0	DRB1*08:32	DRB1*14:15
HG00658	EAS	HG00656	asian_matched:DogoHLA	A	two_field	complete	1	1	0	0	A*11:335:01	A*11:50Q
HG00658	EAS	HG00656	asian_matched:DogoHLA	A	four_field	complete	1	0	0	0	A*11:335:01	A*11:50Q
HG00658	EAS	HG00656	asian_matched:DogoHLA	B	two_field	complete	1	1	1	2	B*51:01:02:01	B*39:01:01:02L
HG00658	EAS	HG00656	asian_matched:DogoHLA	B	four_field	complete	1	1	0	1	B*51:01:02:01	B*39:01:01:02L
HG00658	EAS	HG00656	asian_matched:DogoHLA	C	two_field	complete	1	1	1	2	C*14:02:01:01	C*07:02:01:01
HG00658	EAS	HG00656	asian_matched:DogoHLA	C	four_field	complete	1	1	0	1	C*14:02:01:01	C*07:02:01:01
HG00658	EAS	HG00656	asian_matched:DogoHLA	DPA1	two_field	complete	1	1	1	2	DPA1*02:02:02:01	DPA1*02:02:02:01
HG00658	EAS	HG00656	asian_matched:DogoHLA	DPA1	four_field	complete	0	0	0	0	DPA1*02:02:02:01	DPA1*02:02:02:01
HG00658	EAS	HG00656	asian_matched:DogoHLA	DPB1	two_field	complete	1	1	1	2	DPB1*05:01:01:01	DPB1*02:02:01:02
HG00658	EAS	HG00656	asian_matched:DogoHLA	DPB1	four_field	complete	0	0	0	0	DPB1*05:01:01:01	DPB1*02:02:01:02
HG00658	EAS	HG00656	asian_matched:DogoHLA	DQA1	two_field	complete	1	1	1	2	DQA1*01:03:03	DQA1*01:04:01:01
HG00658	EAS	HG00656	asian_matched:DogoHLA	DQA1	four_field	complete	1	0	0	1	DQA1*01:03:03	DQA1*01:04:01:01
HG00658	EAS	HG00656	asian_matched:DogoHLA	DQB1	two_field	complete	1	1	1	2	DQB1*06:01:01:01	DQB1*05:03:01:01
HG00658	EAS	HG00656	asian_matched:DogoHLA	DQB1	four_field	complete	1	1	1	2	DQB1*06:01:01:01	DQB1*05:03:01:01
HG00658	EAS	HG00656	asian_matched:DogoHLA	DRB1	two_field	complete	1	1	0	0	DRB1*08:32	DRB1*14:15
HG00658	EAS	HG00656	asian_matched:DogoHLA	DRB1	four_field	complete	0	0	0	0	DRB1*08:32	DRB1*14:15
HG00658	EAS	HG00656	asian_matched:DogoHLA-no-graph	A	two_field	complete	1	1	0	0	A*11:335:01	A*11:50Q
HG00658	EAS	HG00656	asian_matched:DogoHLA-no-graph	A	four_field	complete	1	0	0	0	A*11:335:01	A*11:50Q
HG00658	EAS	HG00656	asian_matched:DogoHLA-no-graph	B	two_field	complete	1	1	1	2	B*51:01:02:01	B*39:01:01:02L
HG00658	EAS	HG00656	asian_matched:DogoHLA-no-graph	B	four_field	complete	1	1	0	1	B*51:01:02:01	B*39:01:01:02L
HG00658	EAS	HG00656	asian_matched:DogoHLA-no-graph	C	two_field	complete	1	1	1	2	C*14:02:01:01	C*07:02:01:01
HG00658	EAS	HG00656	asian_matched:DogoHLA-no-graph	C	four_field	complete	1	1	0	1	C*14:02:01:01	C*07:02:01:01
HG00658	EAS	HG00656	asian_matched:DogoHLA-no-graph	DPA1	two_field	complete	1	1	1	2	DPA1*02:02:02:01	DPA1*02:02:02:01
HG00658	EAS	HG00656	asian_matched:DogoHLA-no-graph	DPA1	four_field	complete	0	0	0	0	DPA1*02:02:02:01	DPA1*02:02:02:01
HG00658	EAS	HG00656	asian_matched:DogoHLA-no-graph	DPB1	two_field	complete	1	1	1	2	DPB1*05:01:01:01	DPB1*02:02:01:02
HG00658	EAS	HG00656	asian_matched:DogoHLA-no-graph	DPB1	four_field	complete	0	0	0	0	DPB1*05:01:01:01	DPB1*02:02:01:02
HG00658	EAS	HG00656	asian_matched:DogoHLA-no-graph	DQA1	two_field	complete	1	1	1	2	DQA1*01:03:03	DQA1*01:04:01:01
HG00658	EAS	HG00656	asian_matched:DogoHLA-no-graph	DQA1	four_field	complete	1	0	0	1	DQA1*01:03:03	DQA1*01:04:01:01
HG00658	EAS	HG00656	asian_matched:DogoHLA-no-graph	DQB1	two_field	complete	1	1	1	2	DQB1*06:01:01:01	DQB1*05:03:01:01
HG00658	EAS	HG00656	asian_matched:DogoHLA-no-graph	DQB1	four_field	complete	1	1	1	2	DQB1*06:01:01:01	DQB1*05:03:01:01
HG00658	EAS	HG00656	asian_matched:DogoHLA-no-graph	DRB1	two_field	complete	1	1	0	0	DRB1*08:32	DRB1*14:15
HG00658	EAS	HG00656	asian_matched:DogoHLA-no-graph	DRB1	four_field	complete	0	0	0	0	DRB1*08:32	DRB1*14:15
HG02132	EAS	HG02132	SpecHLA-IPD365-noFreq	A	two_field	complete	1	1	0	1	A*29:01:16	A*26:130
HG02132	EAS	HG02132	SpecHLA-IPD365-noFreq	A	four_field	complete	1	0	0	0	A*29:01:16	A*26:130
HG02132	EAS	HG02132	SpecHLA-IPD365-noFreq	B	two_field	complete	1	1	1	2	B*15:11:01:01	B*55:02:01:04
HG02132	EAS	HG02132	SpecHLA-IPD365-noFreq	B	four_field	complete	1	1	1	2	B*15:11:01:01	B*55:02:01:04
HG02132	EAS	HG02132	SpecHLA-IPD365-noFreq	C	two_field	complete	1	1	1	2	C*01:02:01:23	C*03:03:01:35
HG02132	EAS	HG02132	SpecHLA-IPD365-noFreq	C	four_field	complete	1	1	0	0	C*01:02:01:23	C*03:03:01:35
HG02132	EAS	HG02132	SpecHLA-IPD365-noFreq	DPA1	two_field	complete	1	1	1	2	DPA1*02:02:02:01	DPA1*02:02:02:01
HG02132	EAS	HG02132	SpecHLA-IPD365-noFreq	DPA1	four_field	complete	0	0	0	0	DPA1*02:02:02:01	DPA1*02:02:02:01
HG02132	EAS	HG02132	SpecHLA-IPD365-noFreq	DPB1	two_field	complete	1	1	0	0	DPB1*135:01:01:01	DPB1*1860:01
HG02132	EAS	HG02132	SpecHLA-IPD365-noFreq	DPB1	four_field	complete	1	0	0	0	DPB1*135:01:01:01	DPB1*1860:01
HG02132	EAS	HG02132	SpecHLA-IPD365-noFreq	DQA1	two_field	complete	1	1	1	2	DQA1*03:03:01:01	DQA1*03:02:01:01
HG02132	EAS	HG02132	SpecHLA-IPD365-noFreq	DQA1	four_field	complete	1	1	0	1	DQA1*03:03:01:01	DQA1*03:02:01:01
HG02132	EAS	HG02132	SpecHLA-IPD365-noFreq	DQB1	two_field	complete	1	1	0	1	DQB1*03:02:01:01	DQB1*04:01:01:02
HG02132	EAS	HG02132	SpecHLA-IPD365-noFreq	DQB1	four_field	complete	1	1	0	0	DQB1*03:02:01:01	DQB1*04:01:01:02
HG02132	EAS	HG02132	SpecHLA-IPD365-noFreq	DRB1	two_field	complete	1	1	1	2	DRB1*09:01:02:07	DRB1*04:05:01:04
HG02132	EAS	HG02132	SpecHLA-IPD365-noFreq	DRB1	four_field	complete	0	0	0	0	DRB1*09:01:02:07	DRB1*04:05:01:04
HG02132	EAS	HG02132	SpecHLA-IPD365-long-noFreq	A	two_field	complete	1	1	0	1	A*29:01:16	A*26:130
HG02132	EAS	HG02132	SpecHLA-IPD365-long-noFreq	A	four_field	complete	1	0	0	0	A*29:01:16	A*26:130
HG02132	EAS	HG02132	SpecHLA-IPD365-long-noFreq	B	two_field	complete	1	1	1	2	B*15:11:01:01	B*55:02:01:04
HG02132	EAS	HG02132	SpecHLA-IPD365-long-noFreq	B	four_field	complete	1	1	1	2	B*15:11:01:01	B*55:02:01:04
HG02132	EAS	HG02132	SpecHLA-IPD365-long-noFreq	C	two_field	complete	1	1	1	2	C*01:02:01:23	C*03:03:01:35
HG02132	EAS	HG02132	SpecHLA-IPD365-long-noFreq	C	four_field	complete	1	1	0	0	C*01:02:01:23	C*03:03:01:35
HG02132	EAS	HG02132	SpecHLA-IPD365-long-noFreq	DPA1	two_field	complete	1	1	1	2	DPA1*02:02:02:01	DPA1*02:02:02:01
HG02132	EAS	HG02132	SpecHLA-IPD365-long-noFreq	DPA1	four_field	complete	0	0	0	0	DPA1*02:02:02:01	DPA1*02:02:02:01
HG02132	EAS	HG02132	SpecHLA-IPD365-long-noFreq	DPB1	two_field	complete	1	1	0	0	DPB1*1860:01	DPB1*135:01:01:01
HG02132	EAS	HG02132	SpecHLA-IPD365-long-noFreq	DPB1	four_field	complete	1	0	0	0	DPB1*1860:01	DPB1*135:01:01:01
HG02132	EAS	HG02132	SpecHLA-IPD365-long-noFreq	DQA1	two_field	complete	1	1	1	2	DQA1*03:02:01:01	DQA1*03:03:01:01
HG02132	EAS	HG02132	SpecHLA-IPD365-long-noFreq	DQA1	four_field	complete	1	1	0	1	DQA1*03:02:01:01	DQA1*03:03:01:01
HG02132	EAS	HG02132	SpecHLA-IPD365-long-noFreq	DQB1	two_field	complete	1	1	1	2	DQB1*04:01:01:02	DQB1*03:03:02:03
HG02132	EAS	HG02132	SpecHLA-IPD365-long-noFreq	DQB1	four_field	complete	1	1	0	1	DQB1*04:01:01:02	DQB1*03:03:02:03
HG02132	EAS	HG02132	SpecHLA-IPD365-long-noFreq	DRB1	two_field	complete	1	1	1	2	DRB1*04:05:01:04	DRB1*09:01:02:07
HG02132	EAS	HG02132	SpecHLA-IPD365-long-noFreq	DRB1	four_field	complete	0	0	0	0	DRB1*04:05:01:04	DRB1*09:01:02:07
HG02132	EAS	HG02132	T1K-four-field	A	two_field	complete	1	1	1	2	A*26:01:01:01	A*29:01:01:01
HG02132	EAS	HG02132	T1K-four-field	A	four_field	complete	1	1	1	2	A*26:01:01:01	A*29:01:01:01
HG02132	EAS	HG02132	T1K-four-field	B	two_field	complete	1	1	1	2	B*15:11:01:01	B*55:02:01:01
HG02132	EAS	HG02132	T1K-four-field	B	four_field	complete	1	1	0	1	B*15:11:01:01	B*55:02:01:01
HG02132	EAS	HG02132	T1K-four-field	C	two_field	complete	1	1	1	2	C*03:03:01:01	C*01:02:01:23
HG02132	EAS	HG02132	T1K-four-field	C	four_field	complete	1	1	0	1	C*03:03:01:01	C*01:02:01:23
HG02132	EAS	HG02132	T1K-four-field	DPA1	two_field	complete	1	1	1	2	DPA1*02:02:02:01	DPA1*02:02:02:01
HG02132	EAS	HG02132	T1K-four-field	DPA1	four_field	complete	0	0	0	0	DPA1*02:02:02:01	DPA1*02:02:02:01
HG02132	EAS	HG02132	T1K-four-field	DPB1	two_field	complete	1	1	1	2	DPB1*05:01:01:01	DPB1*13:01:01:01
HG02132	EAS	HG02132	T1K-four-field	DPB1	four_field	complete	1	1	0	0	DPB1*05:01:01:01	DPB1*13:01:01:01
HG02132	EAS	HG02132	T1K-four-field	DQA1	two_field	complete	1	1	1	2	DQA1*03:03:01:01	DQA1*03:02:01:01
HG02132	EAS	HG02132	T1K-four-field	DQA1	four_field	complete	1	1	0	1	DQA1*03:03:01:01	DQA1*03:02:01:01
HG02132	EAS	HG02132	T1K-four-field	DQB1	two_field	complete	1	1	1	2	DQB1*04:01:01:02	DQB1*03:03:02:02
HG02132	EAS	HG02132	T1K-four-field	DQB1	four_field	complete	1	1	0	0	DQB1*04:01:01:02	DQB1*03:03:02:02
HG02132	EAS	HG02132	T1K-four-field	DRB1	two_field	complete	1	1	1	2	DRB1*04:05:01:01,HLA-DRB1*04:05:01:07	DRB1*09:01:02:01
HG02132	EAS	HG02132	T1K-four-field	DRB1	four_field	complete	0	0	0	0	DRB1*04:05:01:01,HLA-DRB1*04:05:01:07	DRB1*09:01:02:01
HG02132	EAS	HG02132	full:DogoHLA	A	two_field	complete	1	1	0	1	A*29:01:16	A*26:242
HG02132	EAS	HG02132	full:DogoHLA	A	four_field	complete	1	0	0	0	A*29:01:16	A*26:242
HG02132	EAS	HG02132	full:DogoHLA	B	two_field	complete	1	1	1	2	B*15:11:01:01	B*55:02:01:04
HG02132	EAS	HG02132	full:DogoHLA	B	four_field	complete	1	1	1	2	B*15:11:01:01	B*55:02:01:04
HG02132	EAS	HG02132	full:DogoHLA	C	two_field	complete	1	1	1	2	C*03:03:01:01	C*01:02:01:01
HG02132	EAS	HG02132	full:DogoHLA	C	four_field	complete	1	1	1	2	C*03:03:01:01	C*01:02:01:01
HG02132	EAS	HG02132	full:DogoHLA	DPA1	two_field	complete	1	1	1	2	DPA1*02:02:02:01	DPA1*02:02:02:01
HG02132	EAS	HG02132	full:DogoHLA	DPA1	four_field	complete	0	0	0	0	DPA1*02:02:02:01	DPA1*02:02:02:01
HG02132	EAS	HG02132	full:DogoHLA	DPB1	two_field	complete	1	1	1	2	DPB1*13:01:01:01	DPB1*05:01:01:01
HG02132	EAS	HG02132	full:DogoHLA	DPB1	four_field	complete	1	1	0	0	DPB1*13:01:01:01	DPB1*05:01:01:01
HG02132	EAS	HG02132	full:DogoHLA	DQA1	two_field	complete	1	1	1	2	DQA1*03:02:01:01	DQA1*03:03:01:01
HG02132	EAS	HG02132	full:DogoHLA	DQA1	four_field	complete	1	1	0	1	DQA1*03:02:01:01	DQA1*03:03:01:01
HG02132	EAS	HG02132	full:DogoHLA	DQB1	two_field	complete	1	1	1	2	DQB1*03:03:02:01	DQB1*04:01:01:02
HG02132	EAS	HG02132	full:DogoHLA	DQB1	four_field	complete	1	1	0	0	DQB1*03:03:02:01	DQB1*04:01:01:02
HG02132	EAS	HG02132	full:DogoHLA	DRB1	two_field	complete	1	1	1	2	DRB1*04:05:01:04	DRB1*09:01:02:03
HG02132	EAS	HG02132	full:DogoHLA	DRB1	four_field	complete	0	0	0	0	DRB1*04:05:01:04	DRB1*09:01:02:03
HG02132	EAS	HG02132	full:DogoHLA-no-graph	A	two_field	complete	1	1	0	1	A*29:01:16	A*26:130
HG02132	EAS	HG02132	full:DogoHLA-no-graph	A	four_field	complete	1	0	0	0	A*29:01:16	A*26:130
HG02132	EAS	HG02132	full:DogoHLA-no-graph	B	two_field	complete	1	1	1	2	B*15:11:01:01	B*55:02:01:04
HG02132	EAS	HG02132	full:DogoHLA-no-graph	B	four_field	complete	1	1	1	2	B*15:11:01:01	B*55:02:01:04
HG02132	EAS	HG02132	full:DogoHLA-no-graph	C	two_field	complete	1	1	1	2	C*03:03:01:01	C*01:02:01:01
HG02132	EAS	HG02132	full:DogoHLA-no-graph	C	four_field	complete	1	1	1	2	C*03:03:01:01	C*01:02:01:01
HG02132	EAS	HG02132	full:DogoHLA-no-graph	DPA1	two_field	complete	1	1	1	2	DPA1*02:02:02:01	DPA1*02:02:02:01
HG02132	EAS	HG02132	full:DogoHLA-no-graph	DPA1	four_field	complete	0	0	0	0	DPA1*02:02:02:01	DPA1*02:02:02:01
HG02132	EAS	HG02132	full:DogoHLA-no-graph	DPB1	two_field	complete	1	1	1	2	DPB1*13:01:01:01	DPB1*05:01:01:01
HG02132	EAS	HG02132	full:DogoHLA-no-graph	DPB1	four_field	complete	1	1	0	0	DPB1*13:01:01:01	DPB1*05:01:01:01
HG02132	EAS	HG02132	full:DogoHLA-no-graph	DQA1	two_field	complete	1	1	1	2	DQA1*03:02:01:01	DQA1*03:03:01:01
HG02132	EAS	HG02132	full:DogoHLA-no-graph	DQA1	four_field	complete	1	1	0	1	DQA1*03:02:01:01	DQA1*03:03:01:01
HG02132	EAS	HG02132	full:DogoHLA-no-graph	DQB1	two_field	complete	1	1	1	2	DQB1*03:03:02:01	DQB1*04:01:01:02
HG02132	EAS	HG02132	full:DogoHLA-no-graph	DQB1	four_field	complete	1	1	0	0	DQB1*03:03:02:01	DQB1*04:01:01:02
HG02132	EAS	HG02132	full:DogoHLA-no-graph	DRB1	two_field	complete	1	1	1	2	DRB1*04:05:01:04	DRB1*09:01:02:03
HG02132	EAS	HG02132	full:DogoHLA-no-graph	DRB1	four_field	complete	0	0	0	0	DRB1*04:05:01:04	DRB1*09:01:02:03
HG02132	EAS	HG02132	hprc:DogoHLA	A	two_field	complete	1	1	0	0	A*29:67:02	A*26:242
HG02132	EAS	HG02132	hprc:DogoHLA	A	four_field	complete	1	0	0	0	A*29:67:02	A*26:242
HG02132	EAS	HG02132	hprc:DogoHLA	B	two_field	complete	1	1	1	2	B*15:11:01:01	B*55:02:01:04
HG02132	EAS	HG02132	hprc:DogoHLA	B	four_field	complete	1	1	1	2	B*15:11:01:01	B*55:02:01:04
HG02132	EAS	HG02132	hprc:DogoHLA	C	two_field	complete	1	1	1	2	C*03:03:01:01	C*01:02:01:01
HG02132	EAS	HG02132	hprc:DogoHLA	C	four_field	complete	1	1	1	2	C*03:03:01:01	C*01:02:01:01
HG02132	EAS	HG02132	hprc:DogoHLA	DPA1	two_field	complete	1	1	1	2	DPA1*02:02:02:01	DPA1*02:02:02:01
HG02132	EAS	HG02132	hprc:DogoHLA	DPA1	four_field	complete	0	0	0	0	DPA1*02:02:02:01	DPA1*02:02:02:01
HG02132	EAS	HG02132	hprc:DogoHLA	DPB1	two_field	complete	1	1	1	2	DPB1*13:01:01:01	DPB1*05:01:01:01
HG02132	EAS	HG02132	hprc:DogoHLA	DPB1	four_field	complete	1	1	0	0	DPB1*13:01:01:01	DPB1*05:01:01:01
HG02132	EAS	HG02132	hprc:DogoHLA	DQA1	two_field	complete	1	1	1	2	DQA1*03:02:01:01	DQA1*03:03:01:01
HG02132	EAS	HG02132	hprc:DogoHLA	DQA1	four_field	complete	1	1	0	1	DQA1*03:02:01:01	DQA1*03:03:01:01
HG02132	EAS	HG02132	hprc:DogoHLA	DQB1	two_field	complete	1	1	1	2	DQB1*03:03:02:01	DQB1*04:01:01:02
HG02132	EAS	HG02132	hprc:DogoHLA	DQB1	four_field	complete	1	1	0	0	DQB1*03:03:02:01	DQB1*04:01:01:02
HG02132	EAS	HG02132	hprc:DogoHLA	DRB1	two_field	complete	1	1	1	2	DRB1*09:01:02:07	DRB1*04:05:01:04
HG02132	EAS	HG02132	hprc:DogoHLA	DRB1	four_field	complete	0	0	0	0	DRB1*09:01:02:07	DRB1*04:05:01:04
HG02132	EAS	HG02132	hprc:DogoHLA-no-graph	A	two_field	complete	1	1	0	0	A*29:67:02	A*26:242
HG02132	EAS	HG02132	hprc:DogoHLA-no-graph	A	four_field	complete	1	0	0	0	A*29:67:02	A*26:242
HG02132	EAS	HG02132	hprc:DogoHLA-no-graph	B	two_field	complete	1	1	1	2	B*15:11:01:01	B*55:02:01:04
HG02132	EAS	HG02132	hprc:DogoHLA-no-graph	B	four_field	complete	1	1	1	2	B*15:11:01:01	B*55:02:01:04
HG02132	EAS	HG02132	hprc:DogoHLA-no-graph	C	two_field	complete	1	1	1	2	C*03:03:01:01	C*01:02:01:01
HG02132	EAS	HG02132	hprc:DogoHLA-no-graph	C	four_field	complete	1	1	1	2	C*03:03:01:01	C*01:02:01:01
HG02132	EAS	HG02132	hprc:DogoHLA-no-graph	DPA1	two_field	complete	1	1	1	2	DPA1*02:02:02:01	DPA1*02:02:02:01
HG02132	EAS	HG02132	hprc:DogoHLA-no-graph	DPA1	four_field	complete	0	0	0	0	DPA1*02:02:02:01	DPA1*02:02:02:01
HG02132	EAS	HG02132	hprc:DogoHLA-no-graph	DPB1	two_field	complete	1	1	1	2	DPB1*13:01:01:01	DPB1*05:01:01:01
HG02132	EAS	HG02132	hprc:DogoHLA-no-graph	DPB1	four_field	complete	1	1	0	0	DPB1*13:01:01:01	DPB1*05:01:01:01
HG02132	EAS	HG02132	hprc:DogoHLA-no-graph	DQA1	two_field	complete	1	1	1	2	DQA1*03:02:01:01	DQA1*03:03:01:01
HG02132	EAS	HG02132	hprc:DogoHLA-no-graph	DQA1	four_field	complete	1	1	0	1	DQA1*03:02:01:01	DQA1*03:03:01:01
HG02132	EAS	HG02132	hprc:DogoHLA-no-graph	DQB1	two_field	complete	1	1	1	2	DQB1*03:03:02:01	DQB1*04:01:01:02
HG02132	EAS	HG02132	hprc:DogoHLA-no-graph	DQB1	four_field	complete	1	1	0	0	DQB1*03:03:02:01	DQB1*04:01:01:02
HG02132	EAS	HG02132	hprc:DogoHLA-no-graph	DRB1	two_field	complete	1	1	1	2	DRB1*09:01:02:07	DRB1*04:05:01:04
HG02132	EAS	HG02132	hprc:DogoHLA-no-graph	DRB1	four_field	complete	0	0	0	0	DRB1*09:01:02:07	DRB1*04:05:01:04
HG02132	EAS	HG02132	asian_matched:DogoHLA	A	two_field	complete	1	1	0	0	A*29:67:02	A*26:130
HG02132	EAS	HG02132	asian_matched:DogoHLA	A	four_field	complete	1	0	0	0	A*29:67:02	A*26:130
HG02132	EAS	HG02132	asian_matched:DogoHLA	B	two_field	complete	1	1	1	2	B*15:11:01:01	B*55:02:01:04
HG02132	EAS	HG02132	asian_matched:DogoHLA	B	four_field	complete	1	1	1	2	B*15:11:01:01	B*55:02:01:04
HG02132	EAS	HG02132	asian_matched:DogoHLA	C	two_field	complete	1	1	1	2	C*03:03:01:01	C*01:02:01:01
HG02132	EAS	HG02132	asian_matched:DogoHLA	C	four_field	complete	1	1	1	2	C*03:03:01:01	C*01:02:01:01
HG02132	EAS	HG02132	asian_matched:DogoHLA	DPA1	two_field	complete	1	1	1	2	DPA1*02:02:02:01	DPA1*02:02:02:01
HG02132	EAS	HG02132	asian_matched:DogoHLA	DPA1	four_field	complete	0	0	0	0	DPA1*02:02:02:01	DPA1*02:02:02:01
HG02132	EAS	HG02132	asian_matched:DogoHLA	DPB1	two_field	complete	1	1	1	2	DPB1*13:01:01:01	DPB1*05:01:01:01
HG02132	EAS	HG02132	asian_matched:DogoHLA	DPB1	four_field	complete	1	1	0	0	DPB1*13:01:01:01	DPB1*05:01:01:01
HG02132	EAS	HG02132	asian_matched:DogoHLA	DQA1	two_field	complete	1	1	1	2	DQA1*03:02:01:01	DQA1*03:03:01:01
HG02132	EAS	HG02132	asian_matched:DogoHLA	DQA1	four_field	complete	1	1	0	1	DQA1*03:02:01:01	DQA1*03:03:01:01
HG02132	EAS	HG02132	asian_matched:DogoHLA	DQB1	two_field	complete	1	1	1	2	DQB1*03:03:02:01	DQB1*04:01:01:02
HG02132	EAS	HG02132	asian_matched:DogoHLA	DQB1	four_field	complete	1	1	0	0	DQB1*03:03:02:01	DQB1*04:01:01:02
HG02132	EAS	HG02132	asian_matched:DogoHLA	DRB1	two_field	complete	1	1	1	2	DRB1*04:05:01:04	DRB1*09:01:02:03
HG02132	EAS	HG02132	asian_matched:DogoHLA	DRB1	four_field	complete	0	0	0	0	DRB1*04:05:01:04	DRB1*09:01:02:03
HG02132	EAS	HG02132	asian_matched:DogoHLA-no-graph	A	two_field	complete	1	1	0	0	A*29:67:02	A*26:130
HG02132	EAS	HG02132	asian_matched:DogoHLA-no-graph	A	four_field	complete	1	0	0	0	A*29:67:02	A*26:130
HG02132	EAS	HG02132	asian_matched:DogoHLA-no-graph	B	two_field	complete	1	1	1	2	B*15:11:01:01	B*55:02:01:04
HG02132	EAS	HG02132	asian_matched:DogoHLA-no-graph	B	four_field	complete	1	1	1	2	B*15:11:01:01	B*55:02:01:04
HG02132	EAS	HG02132	asian_matched:DogoHLA-no-graph	C	two_field	complete	1	1	1	2	C*03:03:01:01	C*01:02:01:01
HG02132	EAS	HG02132	asian_matched:DogoHLA-no-graph	C	four_field	complete	1	1	1	2	C*03:03:01:01	C*01:02:01:01
HG02132	EAS	HG02132	asian_matched:DogoHLA-no-graph	DPA1	two_field	complete	1	1	1	2	DPA1*02:02:02:01	DPA1*02:02:02:01
HG02132	EAS	HG02132	asian_matched:DogoHLA-no-graph	DPA1	four_field	complete	0	0	0	0	DPA1*02:02:02:01	DPA1*02:02:02:01
HG02132	EAS	HG02132	asian_matched:DogoHLA-no-graph	DPB1	two_field	complete	1	1	1	2	DPB1*13:01:01:01	DPB1*05:01:01:01
HG02132	EAS	HG02132	asian_matched:DogoHLA-no-graph	DPB1	four_field	complete	1	1	0	0	DPB1*13:01:01:01	DPB1*05:01:01:01
HG02132	EAS	HG02132	asian_matched:DogoHLA-no-graph	DQA1	two_field	complete	1	1	1	2	DQA1*03:02:01:01	DQA1*03:03:01:01
HG02132	EAS	HG02132	asian_matched:DogoHLA-no-graph	DQA1	four_field	complete	1	1	0	1	DQA1*03:02:01:01	DQA1*03:03:01:01
HG02132	EAS	HG02132	asian_matched:DogoHLA-no-graph	DQB1	two_field	complete	1	1	1	2	DQB1*03:03:02:01	DQB1*04:01:01:02
HG02132	EAS	HG02132	asian_matched:DogoHLA-no-graph	DQB1	four_field	complete	1	1	0	0	DQB1*03:03:02:01	DQB1*04:01:01:02
HG02132	EAS	HG02132	asian_matched:DogoHLA-no-graph	DRB1	two_field	complete	1	1	1	2	DRB1*04:05:01:04	DRB1*09:01:02:03
HG02132	EAS	HG02132	asian_matched:DogoHLA-no-graph	DRB1	four_field	complete	0	0	0	0	DRB1*04:05:01:04	DRB1*09:01:02:03
HG02178	EAS	HG02178	SpecHLA-IPD365-noFreq	A	two_field	complete	1	1	0	1	A*11:01:01:25	A*11:335:01
HG02178	EAS	HG02178	SpecHLA-IPD365-noFreq	A	four_field	complete	1	0	0	1	A*11:01:01:25	A*11:335:01
HG02178	EAS	HG02178	SpecHLA-IPD365-noFreq	B	two_field	complete	1	1	1	2	B*46:01:01:01	B*52:01:01:01
HG02178	EAS	HG02178	SpecHLA-IPD365-noFreq	B	four_field	complete	1	1	1	2	B*46:01:01:01	B*52:01:01:01
HG02178	EAS	HG02178	SpecHLA-IPD365-noFreq	C	two_field	complete	1	1	1	2	C*01:02:01:01	C*07:02:01:01
HG02178	EAS	HG02178	SpecHLA-IPD365-noFreq	C	four_field	complete	1	1	1	2	C*01:02:01:01	C*07:02:01:01
HG02178	EAS	HG02178	SpecHLA-IPD365-noFreq	DPA1	two_field	complete	1	1	0	1	DPA1*02:07:04	DPA1*02:01:08:03
HG02178	EAS	HG02178	SpecHLA-IPD365-noFreq	DPA1	four_field	complete	0	0	0	0	DPA1*02:07:04	DPA1*02:01:08:03
HG02178	EAS	HG02178	SpecHLA-IPD365-noFreq	DPB1	two_field	complete	1	1	1	2	DPB1*05:01:01:01	DPB1*13:01:01:01
HG02178	EAS	HG02178	SpecHLA-IPD365-noFreq	DPB1	four_field	complete	1	1	0	0	DPB1*05:01:01:01	DPB1*13:01:01:01
HG02178	EAS	HG02178	SpecHLA-IPD365-noFreq	DQA1	two_field	complete	1	1	1	2	DQA1*01:01:01:07	DQA1*03:02:01:01
HG02178	EAS	HG02178	SpecHLA-IPD365-noFreq	DQA1	four_field	complete	1	1	0	1	DQA1*01:01:01:07	DQA1*03:02:01:01
HG02178	EAS	HG02178	SpecHLA-IPD365-noFreq	DQB1	two_field	complete	1	1	1	2	DQB1*03:03:02:01	DQB1*05:01:24:01
HG02178	EAS	HG02178	SpecHLA-IPD365-noFreq	DQB1	four_field	complete	1	1	0	1	DQB1*03:03:02:01	DQB1*05:01:24:01
HG02178	EAS	HG02178	SpecHLA-IPD365-noFreq	DRB1	two_field	complete	1	1	0	1	DRB1*09:21:01:02	DRB1*15:02:01:09
HG02178	EAS	HG02178	SpecHLA-IPD365-noFreq	DRB1	four_field	complete	0	0	0	0	DRB1*09:21:01:02	DRB1*15:02:01:09
HG02178	EAS	HG02178	SpecHLA-IPD365-long-noFreq	A	two_field	complete	1	1	0	1	A*11:335:01	A*11:02:01:01
HG02178	EAS	HG02178	SpecHLA-IPD365-long-noFreq	A	four_field	complete	1	0	0	1	A*11:335:01	A*11:02:01:01
HG02178	EAS	HG02178	SpecHLA-IPD365-long-noFreq	B	two_field	complete	1	1	1	2	B*46:01:01:01	B*52:01:01:01
HG02178	EAS	HG02178	SpecHLA-IPD365-long-noFreq	B	four_field	complete	1	1	1	2	B*46:01:01:01	B*52:01:01:01
HG02178	EAS	HG02178	SpecHLA-IPD365-long-noFreq	C	two_field	complete	1	1	1	2	C*01:02:01:01	C*07:02:01:01
HG02178	EAS	HG02178	SpecHLA-IPD365-long-noFreq	C	four_field	complete	1	1	1	2	C*01:02:01:01	C*07:02:01:01
HG02178	EAS	HG02178	SpecHLA-IPD365-long-noFreq	DPA1	two_field	complete	1	1	0	1	DPA1*02:07:04	DPA1*02:01:08:03
HG02178	EAS	HG02178	SpecHLA-IPD365-long-noFreq	DPA1	four_field	complete	0	0	0	0	DPA1*02:07:04	DPA1*02:01:08:03
HG02178	EAS	HG02178	SpecHLA-IPD365-long-noFreq	DPB1	two_field	complete	1	1	1	2	DPB1*05:01:01:01	DPB1*13:01:01:01
HG02178	EAS	HG02178	SpecHLA-IPD365-long-noFreq	DPB1	four_field	complete	1	1	0	0	DPB1*05:01:01:01	DPB1*13:01:01:01
HG02178	EAS	HG02178	SpecHLA-IPD365-long-noFreq	DQA1	two_field	complete	1	1	1	2	DQA1*01:01:01:07	DQA1*03:02:01:01
HG02178	EAS	HG02178	SpecHLA-IPD365-long-noFreq	DQA1	four_field	complete	1	1	0	1	DQA1*01:01:01:07	DQA1*03:02:01:01
HG02178	EAS	HG02178	SpecHLA-IPD365-long-noFreq	DQB1	two_field	complete	1	1	0	1	DQB1*03:03:02:01	DQB1*05:32:02
HG02178	EAS	HG02178	SpecHLA-IPD365-long-noFreq	DQB1	four_field	complete	1	0	0	0	DQB1*03:03:02:01	DQB1*05:32:02
HG02178	EAS	HG02178	SpecHLA-IPD365-long-noFreq	DRB1	two_field	complete	1	1	1	2	DRB1*09:01:02:03	DRB1*15:02:01:03
HG02178	EAS	HG02178	SpecHLA-IPD365-long-noFreq	DRB1	four_field	complete	0	0	0	0	DRB1*09:01:02:03	DRB1*15:02:01:03
HG02178	EAS	HG02178	T1K-four-field	A	two_field	complete	1	1	1	2	A*11:02:01:01	A*11:01:01:25
HG02178	EAS	HG02178	T1K-four-field	A	four_field	complete	1	1	1	2	A*11:02:01:01	A*11:01:01:25
HG02178	EAS	HG02178	T1K-four-field	B	two_field	complete	1	1	0	1	B*46:01:01:01,HLA-B*46:99	B*52:01:01:01
HG02178	EAS	HG02178	T1K-four-field	B	four_field	complete	1	0	0	1	B*46:01:01:01,HLA-B*46:99	B*52:01:01:01
HG02178	EAS	HG02178	T1K-four-field	C	two_field	complete	1	1	1	2	C*07:02:01:01	C*01:02:01:01
HG02178	EAS	HG02178	T1K-four-field	C	four_field	complete	1	1	1	2	C*07:02:01:01	C*01:02:01:01
HG02178	EAS	HG02178	T1K-four-field	DPA1	two_field	complete	1	1	1	2	DPA1*02:01:01:01	DPA1*02:02:02:01
HG02178	EAS	HG02178	T1K-four-field	DPA1	four_field	complete	0	0	0	0	DPA1*02:01:01:01	DPA1*02:02:02:01
HG02178	EAS	HG02178	T1K-four-field	DPB1	two_field	complete	1	1	1	2	DPB1*05:01:01:01	DPB1*13:01:01:01
HG02178	EAS	HG02178	T1K-four-field	DPB1	four_field	complete	1	1	0	0	DPB1*05:01:01:01	DPB1*13:01:01:01
HG02178	EAS	HG02178	T1K-four-field	DQA1	two_field	complete	1	1	1	2	DQA1*01:01:01:07	DQA1*03:02:01:01
HG02178	EAS	HG02178	T1K-four-field	DQA1	four_field	complete	1	1	0	1	DQA1*01:01:01:07	DQA1*03:02:01:01
HG02178	EAS	HG02178	T1K-four-field	DQB1	two_field	complete	1	1	1	2	DQB1*05:01:24:01	DQB1*03:03:02:02
HG02178	EAS	HG02178	T1K-four-field	DQB1	four_field	complete	1	1	1	2	DQB1*05:01:24:01	DQB1*03:03:02:02
HG02178	EAS	HG02178	T1K-four-field	DRB1	two_field	complete	1	1	1	2	DRB1*15:02:01:05	DRB1*09:01:02:01
HG02178	EAS	HG02178	T1K-four-field	DRB1	four_field	complete	0	0	0	0	DRB1*15:02:01:05	DRB1*09:01:02:01
HG02178	EAS	HG02178	full:DogoHLA	A	two_field	complete	1	1	0	1	A*11:335:01	A*11:02:01:01
HG02178	EAS	HG02178	full:DogoHLA	A	four_field	complete	1	0	0	1	A*11:335:01	A*11:02:01:01
HG02178	EAS	HG02178	full:DogoHLA	B	two_field	complete	1	1	1	2	B*46:01:01:01	B*52:01:01:01
HG02178	EAS	HG02178	full:DogoHLA	B	four_field	complete	1	1	1	2	B*46:01:01:01	B*52:01:01:01
HG02178	EAS	HG02178	full:DogoHLA	C	two_field	complete	1	1	1	2	C*01:02:01:01	C*07:02:01:01
HG02178	EAS	HG02178	full:DogoHLA	C	four_field	complete	1	1	1	2	C*01:02:01:01	C*07:02:01:01
HG02178	EAS	HG02178	full:DogoHLA	DPA1	two_field	complete	1	1	1	2	DPA1*02:02:02:01	DPA1*02:01:01:01
HG02178	EAS	HG02178	full:DogoHLA	DPA1	four_field	complete	0	0	0	0	DPA1*02:02:02:01	DPA1*02:01:01:01
HG02178	EAS	HG02178	full:DogoHLA	DPB1	two_field	complete	1	1	1	2	DPB1*05:01:01:01	DPB1*13:01:01:01
HG02178	EAS	HG02178	full:DogoHLA	DPB1	four_field	complete	1	1	0	0	DPB1*05:01:01:01	DPB1*13:01:01:01
HG02178	EAS	HG02178	full:DogoHLA	DQA1	two_field	complete	1	1	1	2	DQA1*01:01:01:07	DQA1*03:02:01:01
HG02178	EAS	HG02178	full:DogoHLA	DQA1	four_field	complete	1	1	0	1	DQA1*01:01:01:07	DQA1*03:02:01:01
HG02178	EAS	HG02178	full:DogoHLA	DQB1	two_field	complete	1	1	1	2	DQB1*05:01:24:01	DQB1*03:03:02:01
HG02178	EAS	HG02178	full:DogoHLA	DQB1	four_field	complete	1	1	0	1	DQB1*05:01:24:01	DQB1*03:03:02:01
HG02178	EAS	HG02178	full:DogoHLA	DRB1	two_field	complete	1	1	1	2	DRB1*15:02:01:03	DRB1*09:01:02:01
HG02178	EAS	HG02178	full:DogoHLA	DRB1	four_field	complete	0	0	0	0	DRB1*15:02:01:03	DRB1*09:01:02:01
HG02178	EAS	HG02178	full:DogoHLA-no-graph	A	two_field	complete	1	1	0	1	A*11:335:01	A*11:02:01:01
HG02178	EAS	HG02178	full:DogoHLA-no-graph	A	four_field	complete	1	0	0	1	A*11:335:01	A*11:02:01:01
HG02178	EAS	HG02178	full:DogoHLA-no-graph	B	two_field	complete	1	1	1	2	B*46:01:01:01	B*52:01:01:01
HG02178	EAS	HG02178	full:DogoHLA-no-graph	B	four_field	complete	1	1	1	2	B*46:01:01:01	B*52:01:01:01
HG02178	EAS	HG02178	full:DogoHLA-no-graph	C	two_field	complete	1	1	1	2	C*01:02:01:01	C*07:02:01:01
HG02178	EAS	HG02178	full:DogoHLA-no-graph	C	four_field	complete	1	1	1	2	C*01:02:01:01	C*07:02:01:01
HG02178	EAS	HG02178	full:DogoHLA-no-graph	DPA1	two_field	complete	1	1	1	2	DPA1*02:02:02:01	DPA1*02:01:01:01
HG02178	EAS	HG02178	full:DogoHLA-no-graph	DPA1	four_field	complete	0	0	0	0	DPA1*02:02:02:01	DPA1*02:01:01:01
HG02178	EAS	HG02178	full:DogoHLA-no-graph	DPB1	two_field	complete	1	1	1	2	DPB1*05:01:01:01	DPB1*13:01:01:01
HG02178	EAS	HG02178	full:DogoHLA-no-graph	DPB1	four_field	complete	1	1	0	0	DPB1*05:01:01:01	DPB1*13:01:01:01
HG02178	EAS	HG02178	full:DogoHLA-no-graph	DQA1	two_field	complete	1	1	1	2	DQA1*01:01:01:07	DQA1*03:02:01:01
HG02178	EAS	HG02178	full:DogoHLA-no-graph	DQA1	four_field	complete	1	1	0	1	DQA1*01:01:01:07	DQA1*03:02:01:01
HG02178	EAS	HG02178	full:DogoHLA-no-graph	DQB1	two_field	complete	1	1	1	2	DQB1*05:01:24:01	DQB1*03:03:02:01
HG02178	EAS	HG02178	full:DogoHLA-no-graph	DQB1	four_field	complete	1	1	0	1	DQB1*05:01:24:01	DQB1*03:03:02:01
HG02178	EAS	HG02178	full:DogoHLA-no-graph	DRB1	two_field	complete	1	1	1	2	DRB1*15:02:01:03	DRB1*09:01:02:01
HG02178	EAS	HG02178	full:DogoHLA-no-graph	DRB1	four_field	complete	0	0	0	0	DRB1*15:02:01:03	DRB1*09:01:02:01
HG02178	EAS	HG02178	hprc:DogoHLA	A	two_field	complete	1	1	0	1	A*11:335:01	A*11:02:01:01
HG02178	EAS	HG02178	hprc:DogoHLA	A	four_field	complete	1	0	0	1	A*11:335:01	A*11:02:01:01
HG02178	EAS	HG02178	hprc:DogoHLA	B	two_field	complete	1	1	1	2	B*46:01:01:01	B*52:01:01:01
HG02178	EAS	HG02178	hprc:DogoHLA	B	four_field	complete	1	1	1	2	B*46:01:01:01	B*52:01:01:01
HG02178	EAS	HG02178	hprc:DogoHLA	C	two_field	complete	1	1	1	2	C*01:02:01:01	C*07:02:01:01
HG02178	EAS	HG02178	hprc:DogoHLA	C	four_field	complete	1	1	1	2	C*01:02:01:01	C*07:02:01:01
HG02178	EAS	HG02178	hprc:DogoHLA	DPA1	two_field	complete	1	1	1	2	DPA1*02:02:02:01	DPA1*02:01:01:01
HG02178	EAS	HG02178	hprc:DogoHLA	DPA1	four_field	complete	0	0	0	0	DPA1*02:02:02:01	DPA1*02:01:01:01
HG02178	EAS	HG02178	hprc:DogoHLA	DPB1	two_field	complete	1	1	1	2	DPB1*05:01:01:01	DPB1*13:01:01:01
HG02178	EAS	HG02178	hprc:DogoHLA	DPB1	four_field	complete	1	1	0	0	DPB1*05:01:01:01	DPB1*13:01:01:01
HG02178	EAS	HG02178	hprc:DogoHLA	DQA1	two_field	complete	1	1	1	2	DQA1*01:01:01:07	DQA1*03:02:01:01
HG02178	EAS	HG02178	hprc:DogoHLA	DQA1	four_field	complete	1	1	0	1	DQA1*01:01:01:07	DQA1*03:02:01:01
HG02178	EAS	HG02178	hprc:DogoHLA	DQB1	two_field	complete	1	1	1	2	DQB1*05:01:24:01	DQB1*03:03:02:01
HG02178	EAS	HG02178	hprc:DogoHLA	DQB1	four_field	complete	1	1	0	1	DQB1*05:01:24:01	DQB1*03:03:02:01
HG02178	EAS	HG02178	hprc:DogoHLA	DRB1	two_field	complete	1	1	1	2	DRB1*15:02:01:03	DRB1*09:01:02:01
HG02178	EAS	HG02178	hprc:DogoHLA	DRB1	four_field	complete	0	0	0	0	DRB1*15:02:01:03	DRB1*09:01:02:01
HG02178	EAS	HG02178	hprc:DogoHLA-no-graph	A	two_field	complete	1	1	0	1	A*11:335:01	A*11:02:01:01
HG02178	EAS	HG02178	hprc:DogoHLA-no-graph	A	four_field	complete	1	0	0	1	A*11:335:01	A*11:02:01:01
HG02178	EAS	HG02178	hprc:DogoHLA-no-graph	B	two_field	complete	1	1	1	2	B*46:01:01:01	B*52:01:01:01
HG02178	EAS	HG02178	hprc:DogoHLA-no-graph	B	four_field	complete	1	1	1	2	B*46:01:01:01	B*52:01:01:01
HG02178	EAS	HG02178	hprc:DogoHLA-no-graph	C	two_field	complete	1	1	1	2	C*01:02:01:01	C*07:02:01:01
HG02178	EAS	HG02178	hprc:DogoHLA-no-graph	C	four_field	complete	1	1	1	2	C*01:02:01:01	C*07:02:01:01
HG02178	EAS	HG02178	hprc:DogoHLA-no-graph	DPA1	two_field	complete	1	1	1	2	DPA1*02:02:02:01	DPA1*02:01:01:01
HG02178	EAS	HG02178	hprc:DogoHLA-no-graph	DPA1	four_field	complete	0	0	0	0	DPA1*02:02:02:01	DPA1*02:01:01:01
HG02178	EAS	HG02178	hprc:DogoHLA-no-graph	DPB1	two_field	complete	1	1	1	2	DPB1*05:01:01:01	DPB1*13:01:01:01
HG02178	EAS	HG02178	hprc:DogoHLA-no-graph	DPB1	four_field	complete	1	1	0	0	DPB1*05:01:01:01	DPB1*13:01:01:01
HG02178	EAS	HG02178	hprc:DogoHLA-no-graph	DQA1	two_field	complete	1	1	1	2	DQA1*01:01:01:07	DQA1*03:02:01:01
HG02178	EAS	HG02178	hprc:DogoHLA-no-graph	DQA1	four_field	complete	1	1	0	1	DQA1*01:01:01:07	DQA1*03:02:01:01
HG02178	EAS	HG02178	hprc:DogoHLA-no-graph	DQB1	two_field	complete	1	1	1	2	DQB1*05:01:24:01	DQB1*03:03:02:01
HG02178	EAS	HG02178	hprc:DogoHLA-no-graph	DQB1	four_field	complete	1	1	0	1	DQB1*05:01:24:01	DQB1*03:03:02:01
HG02178	EAS	HG02178	hprc:DogoHLA-no-graph	DRB1	two_field	complete	1	1	1	2	DRB1*15:02:01:03	DRB1*09:01:02:01
HG02178	EAS	HG02178	hprc:DogoHLA-no-graph	DRB1	four_field	complete	0	0	0	0	DRB1*15:02:01:03	DRB1*09:01:02:01
HG02178	EAS	HG02178	asian_matched:DogoHLA	A	two_field	complete	1	1	0	1	A*11:335:01	A*11:02:01:01
HG02178	EAS	HG02178	asian_matched:DogoHLA	A	four_field	complete	1	0	0	1	A*11:335:01	A*11:02:01:01
HG02178	EAS	HG02178	asian_matched:DogoHLA	B	two_field	complete	1	1	1	2	B*46:01:01:01	B*52:01:01:01
HG02178	EAS	HG02178	asian_matched:DogoHLA	B	four_field	complete	1	1	1	2	B*46:01:01:01	B*52:01:01:01
HG02178	EAS	HG02178	asian_matched:DogoHLA	C	two_field	complete	1	1	1	2	C*01:02:01:01	C*07:02:01:01
HG02178	EAS	HG02178	asian_matched:DogoHLA	C	four_field	complete	1	1	1	2	C*01:02:01:01	C*07:02:01:01
HG02178	EAS	HG02178	asian_matched:DogoHLA	DPA1	two_field	complete	1	1	1	2	DPA1*02:02:02:01	DPA1*02:01:01:01
HG02178	EAS	HG02178	asian_matched:DogoHLA	DPA1	four_field	complete	0	0	0	0	DPA1*02:02:02:01	DPA1*02:01:01:01
HG02178	EAS	HG02178	asian_matched:DogoHLA	DPB1	two_field	complete	1	1	1	2	DPB1*05:01:01:01	DPB1*13:01:01:01
HG02178	EAS	HG02178	asian_matched:DogoHLA	DPB1	four_field	complete	1	1	0	0	DPB1*05:01:01:01	DPB1*13:01:01:01
HG02178	EAS	HG02178	asian_matched:DogoHLA	DQA1	two_field	complete	1	1	1	2	DQA1*01:01:01:07	DQA1*03:02:01:01
HG02178	EAS	HG02178	asian_matched:DogoHLA	DQA1	four_field	complete	1	1	0	1	DQA1*01:01:01:07	DQA1*03:02:01:01
HG02178	EAS	HG02178	asian_matched:DogoHLA	DQB1	two_field	complete	1	1	1	2	DQB1*05:01:24:01	DQB1*03:03:02:01
HG02178	EAS	HG02178	asian_matched:DogoHLA	DQB1	four_field	complete	1	1	0	1	DQB1*05:01:24:01	DQB1*03:03:02:01
HG02178	EAS	HG02178	asian_matched:DogoHLA	DRB1	two_field	complete	1	1	1	2	DRB1*15:02:01:03	DRB1*09:01:02:01
HG02178	EAS	HG02178	asian_matched:DogoHLA	DRB1	four_field	complete	0	0	0	0	DRB1*15:02:01:03	DRB1*09:01:02:01
HG02178	EAS	HG02178	asian_matched:DogoHLA-no-graph	A	two_field	complete	1	1	0	1	A*11:335:01	A*11:02:01:01
HG02178	EAS	HG02178	asian_matched:DogoHLA-no-graph	A	four_field	complete	1	0	0	1	A*11:335:01	A*11:02:01:01
HG02178	EAS	HG02178	asian_matched:DogoHLA-no-graph	B	two_field	complete	1	1	1	2	B*46:01:01:01	B*52:01:01:01
HG02178	EAS	HG02178	asian_matched:DogoHLA-no-graph	B	four_field	complete	1	1	1	2	B*46:01:01:01	B*52:01:01:01
HG02178	EAS	HG02178	asian_matched:DogoHLA-no-graph	C	two_field	complete	1	1	1	2	C*01:02:01:01	C*07:02:01:01
HG02178	EAS	HG02178	asian_matched:DogoHLA-no-graph	C	four_field	complete	1	1	1	2	C*01:02:01:01	C*07:02:01:01
HG02178	EAS	HG02178	asian_matched:DogoHLA-no-graph	DPA1	two_field	complete	1	1	1	2	DPA1*02:02:02:01	DPA1*02:01:01:01
HG02178	EAS	HG02178	asian_matched:DogoHLA-no-graph	DPA1	four_field	complete	0	0	0	0	DPA1*02:02:02:01	DPA1*02:01:01:01
HG02178	EAS	HG02178	asian_matched:DogoHLA-no-graph	DPB1	two_field	complete	1	1	1	2	DPB1*05:01:01:01	DPB1*13:01:01:01
HG02178	EAS	HG02178	asian_matched:DogoHLA-no-graph	DPB1	four_field	complete	1	1	0	0	DPB1*05:01:01:01	DPB1*13:01:01:01
HG02178	EAS	HG02178	asian_matched:DogoHLA-no-graph	DQA1	two_field	complete	1	1	1	2	DQA1*01:01:01:07	DQA1*03:02:01:01
HG02178	EAS	HG02178	asian_matched:DogoHLA-no-graph	DQA1	four_field	complete	1	1	0	1	DQA1*01:01:01:07	DQA1*03:02:01:01
HG02178	EAS	HG02178	asian_matched:DogoHLA-no-graph	DQB1	two_field	complete	1	1	1	2	DQB1*05:01:24:01	DQB1*03:03:02:01
HG02178	EAS	HG02178	asian_matched:DogoHLA-no-graph	DQB1	four_field	complete	1	1	0	1	DQB1*05:01:24:01	DQB1*03:03:02:01
HG02178	EAS	HG02178	asian_matched:DogoHLA-no-graph	DRB1	two_field	complete	1	1	1	2	DRB1*15:02:01:03	DRB1*09:01:02:01
HG02178	EAS	HG02178	asian_matched:DogoHLA-no-graph	DRB1	four_field	complete	0	0	0	0	DRB1*15:02:01:03	DRB1*09:01:02:01
HG03831	SAS	HG03829	SpecHLA-IPD365-noFreq	A	two_field	complete	1	1	0	0	A*33:164	A*31:253N
HG03831	SAS	HG03829	SpecHLA-IPD365-noFreq	A	four_field	complete	1	0	0	0	A*33:164	A*31:253N
HG03831	SAS	HG03829	SpecHLA-IPD365-noFreq	B	two_field	complete	1	1	1	2	B*15:08:01:01	B*52:01:01:02
HG03831	SAS	HG03829	SpecHLA-IPD365-noFreq	B	four_field	complete	1	1	1	2	B*15:08:01:01	B*52:01:01:02
HG03831	SAS	HG03829	SpecHLA-IPD365-noFreq	C	two_field	complete	1	1	1	2	C*01:02:01:01	C*12:02:02:01
HG03831	SAS	HG03829	SpecHLA-IPD365-noFreq	C	four_field	complete	1	1	1	2	C*01:02:01:01	C*12:02:02:01
HG03831	SAS	HG03829	SpecHLA-IPD365-noFreq	DPA1	two_field	complete	1	1	1	2	DPA1*02:01:01:01	DPA1*02:01:01:01
HG03831	SAS	HG03829	SpecHLA-IPD365-noFreq	DPA1	four_field	complete	0	0	0	0	DPA1*02:01:01:01	DPA1*02:01:01:01
HG03831	SAS	HG03829	SpecHLA-IPD365-noFreq	DPB1	two_field	complete	1	1	1	2	DPB1*26:01:02:01	DPB1*14:01:01:01
HG03831	SAS	HG03829	SpecHLA-IPD365-noFreq	DPB1	four_field	complete	1	1	0	1	DPB1*26:01:02:01	DPB1*14:01:01:01
HG03831	SAS	HG03829	SpecHLA-IPD365-noFreq	DQA1	two_field	complete	1	1	1	2	DQA1*01:03:01:01	DQA1*01:02:01:01
HG03831	SAS	HG03829	SpecHLA-IPD365-noFreq	DQA1	four_field	complete	1	1	0	1	DQA1*01:03:01:01	DQA1*01:02:01:01
HG03831	SAS	HG03829	SpecHLA-IPD365-noFreq	DQB1	two_field	complete	1	1	1	2	DQB1*06:01:01:01	DQB1*05:02:01:01
HG03831	SAS	HG03829	SpecHLA-IPD365-noFreq	DQB1	four_field	complete	1	1	1	2	DQB1*06:01:01:01	DQB1*05:02:01:01
HG03831	SAS	HG03829	SpecHLA-IPD365-noFreq	DRB1	two_field	complete	1	1	0	1	DRB1*15:02:01:03	DRB1*15:01:01:25
HG03831	SAS	HG03829	SpecHLA-IPD365-noFreq	DRB1	four_field	complete	0	0	0	0	DRB1*15:02:01:03	DRB1*15:01:01:25
HG03831	SAS	HG03829	SpecHLA-IPD365-long-noFreq	A	two_field	complete	1	1	0	0	A*31:253N	A*33:164
HG03831	SAS	HG03829	SpecHLA-IPD365-long-noFreq	A	four_field	complete	1	0	0	0	A*31:253N	A*33:164
HG03831	SAS	HG03829	SpecHLA-IPD365-long-noFreq	B	two_field	complete	1	1	1	2	B*15:08:01:01	B*52:01:01:02
HG03831	SAS	HG03829	SpecHLA-IPD365-long-noFreq	B	four_field	complete	1	1	1	2	B*15:08:01:01	B*52:01:01:02
HG03831	SAS	HG03829	SpecHLA-IPD365-long-noFreq	C	two_field	complete	1	1	1	2	C*01:02:01:01	C*12:02:02:01
HG03831	SAS	HG03829	SpecHLA-IPD365-long-noFreq	C	four_field	complete	1	1	1	2	C*01:02:01:01	C*12:02:02:01
HG03831	SAS	HG03829	SpecHLA-IPD365-long-noFreq	DPA1	two_field	complete	1	1	1	2	DPA1*02:01:01:01	DPA1*02:01:01:01
HG03831	SAS	HG03829	SpecHLA-IPD365-long-noFreq	DPA1	four_field	complete	0	0	0	0	DPA1*02:01:01:01	DPA1*02:01:01:01
HG03831	SAS	HG03829	SpecHLA-IPD365-long-noFreq	DPB1	two_field	complete	1	1	1	2	DPB1*26:01:02:01	DPB1*14:01:01:01
HG03831	SAS	HG03829	SpecHLA-IPD365-long-noFreq	DPB1	four_field	complete	1	1	0	1	DPB1*26:01:02:01	DPB1*14:01:01:01
HG03831	SAS	HG03829	SpecHLA-IPD365-long-noFreq	DQA1	two_field	complete	1	1	1	2	DQA1*01:02:01:01	DQA1*01:03:01:01
HG03831	SAS	HG03829	SpecHLA-IPD365-long-noFreq	DQA1	four_field	complete	1	1	0	1	DQA1*01:02:01:01	DQA1*01:03:01:01
HG03831	SAS	HG03829	SpecHLA-IPD365-long-noFreq	DQB1	two_field	complete	1	1	0	1	DQB1*06:01:01:01	DQB1*05:102
HG03831	SAS	HG03829	SpecHLA-IPD365-long-noFreq	DQB1	four_field	complete	1	0	0	1	DQB1*06:01:01:01	DQB1*05:102
HG03831	SAS	HG03829	SpecHLA-IPD365-long-noFreq	DRB1	two_field	complete	1	1	0	1	DRB1*15:01:01:25	DRB1*15:02:01:03
HG03831	SAS	HG03829	SpecHLA-IPD365-long-noFreq	DRB1	four_field	complete	0	0	0	0	DRB1*15:01:01:25	DRB1*15:02:01:03
HG03831	SAS	HG03829	T1K-four-field	A	two_field	complete	1	1	1	2	A*31:01:02:01	A*33:03:01:01
HG03831	SAS	HG03829	T1K-four-field	A	four_field	complete	1	1	1	2	A*31:01:02:01	A*33:03:01:01
HG03831	SAS	HG03829	T1K-four-field	B	two_field	complete	1	1	1	2	B*52:01:01:01	B*15:08:01:01
HG03831	SAS	HG03829	T1K-four-field	B	four_field	complete	1	1	0	1	B*52:01:01:01	B*15:08:01:01
HG03831	SAS	HG03829	T1K-four-field	C	two_field	complete	1	1	1	2	C*12:02:02:01,HLA-C*12:02:02:19	C*01:02:01:01
HG03831	SAS	HG03829	T1K-four-field	C	four_field	complete	1	1	0	1	C*12:02:02:01,HLA-C*12:02:02:19	C*01:02:01:01
HG03831	SAS	HG03829	T1K-four-field	DPA1	two_field	complete	1	1	1	2	DPA1*02:01:01:02	DPA1*02:01:01:02
HG03831	SAS	HG03829	T1K-four-field	DPA1	four_field	complete	0	0	0	0	DPA1*02:01:01:02	DPA1*02:01:01:02
HG03831	SAS	HG03829	T1K-four-field	DPB1	two_field	complete	1	1	1	2	DPB1*26:01:02:01	DPB1*14:01:01:01
HG03831	SAS	HG03829	T1K-four-field	DPB1	four_field	complete	1	1	0	1	DPB1*26:01:02:01	DPB1*14:01:01:01
HG03831	SAS	HG03829	T1K-four-field	DQA1	two_field	complete	1	1	1	2	DQA1*01:02:01:01	DQA1*01:03:01:01
HG03831	SAS	HG03829	T1K-four-field	DQA1	four_field	complete	1	1	0	1	DQA1*01:02:01:01	DQA1*01:03:01:01
HG03831	SAS	HG03829	T1K-four-field	DQB1	two_field	complete	1	1	1	2	DQB1*05:02:01:01	DQB1*06:01:01:01
HG03831	SAS	HG03829	T1K-four-field	DQB1	four_field	complete	1	1	1	2	DQB1*05:02:01:01	DQB1*06:01:01:01
HG03831	SAS	HG03829	T1K-four-field	DRB1	two_field	complete	1	1	1	2	DRB1*15:02:02:01	DRB1*15:06:01
HG03831	SAS	HG03829	T1K-four-field	DRB1	four_field	complete	0	0	0	0	DRB1*15:02:02:01	DRB1*15:06:01
HG03831	SAS	HG03829	full:DogoHLA	A	two_field	complete	1	1	0	0	A*33:164	A*31:253N
HG03831	SAS	HG03829	full:DogoHLA	A	four_field	complete	1	0	0	0	A*33:164	A*31:253N
HG03831	SAS	HG03829	full:DogoHLA	B	two_field	complete	1	1	1	2	B*15:08:01:01	B*52:01:01:02
HG03831	SAS	HG03829	full:DogoHLA	B	four_field	complete	1	1	1	2	B*15:08:01:01	B*52:01:01:02
HG03831	SAS	HG03829	full:DogoHLA	C	two_field	complete	1	1	1	2	C*01:02:01:01	C*12:02:02:01
HG03831	SAS	HG03829	full:DogoHLA	C	four_field	complete	1	1	1	2	C*01:02:01:01	C*12:02:02:01
HG03831	SAS	HG03829	full:DogoHLA	DPA1	two_field	complete	1	1	1	2	DPA1*02:01:01:01	DPA1*02:01:01:01
HG03831	SAS	HG03829	full:DogoHLA	DPA1	four_field	complete	0	0	0	0	DPA1*02:01:01:01	DPA1*02:01:01:01
HG03831	SAS	HG03829	full:DogoHLA	DPB1	two_field	complete	1	1	1	2	DPB1*14:01:01:01	DPB1*26:01:02:01
HG03831	SAS	HG03829	full:DogoHLA	DPB1	four_field	complete	1	1	0	1	DPB1*14:01:01:01	DPB1*26:01:02:01
HG03831	SAS	HG03829	full:DogoHLA	DQA1	two_field	complete	1	1	1	2	DQA1*01:02:01:01	DQA1*01:03:01:01
HG03831	SAS	HG03829	full:DogoHLA	DQA1	four_field	complete	1	1	0	1	DQA1*01:02:01:01	DQA1*01:03:01:01
HG03831	SAS	HG03829	full:DogoHLA	DQB1	two_field	complete	1	1	1	2	DQB1*06:01:01:01	DQB1*05:02:01:01
HG03831	SAS	HG03829	full:DogoHLA	DQB1	four_field	complete	1	1	1	2	DQB1*06:01:01:01	DQB1*05:02:01:01
HG03831	SAS	HG03829	full:DogoHLA	DRB1	two_field	complete	1	1	0	1	DRB1*15:02:01:03	DRB1*15:01:01:25
HG03831	SAS	HG03829	full:DogoHLA	DRB1	four_field	complete	0	0	0	0	DRB1*15:02:01:03	DRB1*15:01:01:25
HG03831	SAS	HG03829	full:DogoHLA-no-graph	A	two_field	complete	1	1	0	0	A*33:164	A*31:253N
HG03831	SAS	HG03829	full:DogoHLA-no-graph	A	four_field	complete	1	0	0	0	A*33:164	A*31:253N
HG03831	SAS	HG03829	full:DogoHLA-no-graph	B	two_field	complete	1	1	1	2	B*15:08:01:01	B*52:01:01:02
HG03831	SAS	HG03829	full:DogoHLA-no-graph	B	four_field	complete	1	1	1	2	B*15:08:01:01	B*52:01:01:02
HG03831	SAS	HG03829	full:DogoHLA-no-graph	C	two_field	complete	1	1	1	2	C*01:02:01:01	C*12:02:02:01
HG03831	SAS	HG03829	full:DogoHLA-no-graph	C	four_field	complete	1	1	1	2	C*01:02:01:01	C*12:02:02:01
HG03831	SAS	HG03829	full:DogoHLA-no-graph	DPA1	two_field	complete	1	1	1	2	DPA1*02:01:01:01	DPA1*02:01:01:01
HG03831	SAS	HG03829	full:DogoHLA-no-graph	DPA1	four_field	complete	0	0	0	0	DPA1*02:01:01:01	DPA1*02:01:01:01
HG03831	SAS	HG03829	full:DogoHLA-no-graph	DPB1	two_field	complete	1	1	1	2	DPB1*14:01:01:01	DPB1*26:01:02:01
HG03831	SAS	HG03829	full:DogoHLA-no-graph	DPB1	four_field	complete	1	1	0	1	DPB1*14:01:01:01	DPB1*26:01:02:01
HG03831	SAS	HG03829	full:DogoHLA-no-graph	DQA1	two_field	complete	1	1	1	2	DQA1*01:02:01:01	DQA1*01:03:01:01
HG03831	SAS	HG03829	full:DogoHLA-no-graph	DQA1	four_field	complete	1	1	0	1	DQA1*01:02:01:01	DQA1*01:03:01:01
HG03831	SAS	HG03829	full:DogoHLA-no-graph	DQB1	two_field	complete	1	1	1	2	DQB1*06:01:01:01	DQB1*05:02:01:01
HG03831	SAS	HG03829	full:DogoHLA-no-graph	DQB1	four_field	complete	1	1	1	2	DQB1*06:01:01:01	DQB1*05:02:01:01
HG03831	SAS	HG03829	full:DogoHLA-no-graph	DRB1	two_field	complete	1	1	0	1	DRB1*15:02:01:03	DRB1*15:01:01:25
HG03831	SAS	HG03829	full:DogoHLA-no-graph	DRB1	four_field	complete	0	0	0	0	DRB1*15:02:01:03	DRB1*15:01:01:25
HG03831	SAS	HG03829	hprc:DogoHLA	A	two_field	complete	1	1	0	1	A*33:164	A*31:01:02:01
HG03831	SAS	HG03829	hprc:DogoHLA	A	four_field	complete	1	0	0	1	A*33:164	A*31:01:02:01
HG03831	SAS	HG03829	hprc:DogoHLA	B	two_field	complete	1	1	1	2	B*15:08:01:01	B*52:01:01:02
HG03831	SAS	HG03829	hprc:DogoHLA	B	four_field	complete	1	1	1	2	B*15:08:01:01	B*52:01:01:02
HG03831	SAS	HG03829	hprc:DogoHLA	C	two_field	complete	1	1	1	2	C*01:02:01:01	C*12:02:02:01
HG03831	SAS	HG03829	hprc:DogoHLA	C	four_field	complete	1	1	1	2	C*01:02:01:01	C*12:02:02:01
HG03831	SAS	HG03829	hprc:DogoHLA	DPA1	two_field	complete	1	1	1	2	DPA1*02:01:01:01	DPA1*02:01:01:01
HG03831	SAS	HG03829	hprc:DogoHLA	DPA1	four_field	complete	0	0	0	0	DPA1*02:01:01:01	DPA1*02:01:01:01
HG03831	SAS	HG03829	hprc:DogoHLA	DPB1	two_field	complete	1	1	1	2	DPB1*14:01:01:01	DPB1*26:01:02:01
HG03831	SAS	HG03829	hprc:DogoHLA	DPB1	four_field	complete	1	1	0	1	DPB1*14:01:01:01	DPB1*26:01:02:01
HG03831	SAS	HG03829	hprc:DogoHLA	DQA1	two_field	complete	1	1	1	2	DQA1*01:02:01:01	DQA1*01:03:01:01
HG03831	SAS	HG03829	hprc:DogoHLA	DQA1	four_field	complete	1	1	0	1	DQA1*01:02:01:01	DQA1*01:03:01:01
HG03831	SAS	HG03829	hprc:DogoHLA	DQB1	two_field	complete	1	1	1	2	DQB1*06:01:01:01	DQB1*05:02:01:01
HG03831	SAS	HG03829	hprc:DogoHLA	DQB1	four_field	complete	1	1	1	2	DQB1*06:01:01:01	DQB1*05:02:01:01
HG03831	SAS	HG03829	hprc:DogoHLA	DRB1	two_field	complete	1	1	0	1	DRB1*15:02:01:03	DRB1*15:01:01:25
HG03831	SAS	HG03829	hprc:DogoHLA	DRB1	four_field	complete	0	0	0	0	DRB1*15:02:01:03	DRB1*15:01:01:25
HG03831	SAS	HG03829	hprc:DogoHLA-no-graph	A	two_field	complete	1	1	0	1	A*33:164	A*31:01:02:01
HG03831	SAS	HG03829	hprc:DogoHLA-no-graph	A	four_field	complete	1	0	0	1	A*33:164	A*31:01:02:01
HG03831	SAS	HG03829	hprc:DogoHLA-no-graph	B	two_field	complete	1	1	1	2	B*15:08:01:01	B*52:01:01:02
HG03831	SAS	HG03829	hprc:DogoHLA-no-graph	B	four_field	complete	1	1	1	2	B*15:08:01:01	B*52:01:01:02
HG03831	SAS	HG03829	hprc:DogoHLA-no-graph	C	two_field	complete	1	1	1	2	C*01:02:01:01	C*12:02:02:01
HG03831	SAS	HG03829	hprc:DogoHLA-no-graph	C	four_field	complete	1	1	1	2	C*01:02:01:01	C*12:02:02:01
HG03831	SAS	HG03829	hprc:DogoHLA-no-graph	DPA1	two_field	complete	1	1	1	2	DPA1*02:01:01:01	DPA1*02:01:01:01
HG03831	SAS	HG03829	hprc:DogoHLA-no-graph	DPA1	four_field	complete	0	0	0	0	DPA1*02:01:01:01	DPA1*02:01:01:01
HG03831	SAS	HG03829	hprc:DogoHLA-no-graph	DPB1	two_field	complete	1	1	1	2	DPB1*14:01:01:01	DPB1*26:01:02:01
HG03831	SAS	HG03829	hprc:DogoHLA-no-graph	DPB1	four_field	complete	1	1	0	1	DPB1*14:01:01:01	DPB1*26:01:02:01
HG03831	SAS	HG03829	hprc:DogoHLA-no-graph	DQA1	two_field	complete	1	1	1	2	DQA1*01:02:01:01	DQA1*01:03:01:01
HG03831	SAS	HG03829	hprc:DogoHLA-no-graph	DQA1	four_field	complete	1	1	0	1	DQA1*01:02:01:01	DQA1*01:03:01:01
HG03831	SAS	HG03829	hprc:DogoHLA-no-graph	DQB1	two_field	complete	1	1	1	2	DQB1*06:01:01:01	DQB1*05:02:01:01
HG03831	SAS	HG03829	hprc:DogoHLA-no-graph	DQB1	four_field	complete	1	1	1	2	DQB1*06:01:01:01	DQB1*05:02:01:01
HG03831	SAS	HG03829	hprc:DogoHLA-no-graph	DRB1	two_field	complete	1	1	0	1	DRB1*15:02:01:03	DRB1*15:01:01:25
HG03831	SAS	HG03829	hprc:DogoHLA-no-graph	DRB1	four_field	complete	0	0	0	0	DRB1*15:02:01:03	DRB1*15:01:01:25
HG03831	SAS	HG03829	asian_matched:DogoHLA	A	two_field	complete	1	1	0	1	A*33:164	A*31:01:02:01
HG03831	SAS	HG03829	asian_matched:DogoHLA	A	four_field	complete	1	0	0	1	A*33:164	A*31:01:02:01
HG03831	SAS	HG03829	asian_matched:DogoHLA	B	two_field	complete	1	1	1	2	B*15:08:01:01	B*52:01:01:02
HG03831	SAS	HG03829	asian_matched:DogoHLA	B	four_field	complete	1	1	1	2	B*15:08:01:01	B*52:01:01:02
HG03831	SAS	HG03829	asian_matched:DogoHLA	C	two_field	complete	1	1	1	2	C*01:02:01:01	C*12:02:02:01
HG03831	SAS	HG03829	asian_matched:DogoHLA	C	four_field	complete	1	1	1	2	C*01:02:01:01	C*12:02:02:01
HG03831	SAS	HG03829	asian_matched:DogoHLA	DPA1	two_field	complete	1	1	1	2	DPA1*02:01:01:01	DPA1*02:01:01:01
HG03831	SAS	HG03829	asian_matched:DogoHLA	DPA1	four_field	complete	0	0	0	0	DPA1*02:01:01:01	DPA1*02:01:01:01
HG03831	SAS	HG03829	asian_matched:DogoHLA	DPB1	two_field	complete	1	1	1	2	DPB1*14:01:01:01	DPB1*26:01:02:01
HG03831	SAS	HG03829	asian_matched:DogoHLA	DPB1	four_field	complete	1	1	0	1	DPB1*14:01:01:01	DPB1*26:01:02:01
HG03831	SAS	HG03829	asian_matched:DogoHLA	DQA1	two_field	complete	1	1	1	2	DQA1*01:02:01:01	DQA1*01:03:01:01
HG03831	SAS	HG03829	asian_matched:DogoHLA	DQA1	four_field	complete	1	1	0	1	DQA1*01:02:01:01	DQA1*01:03:01:01
HG03831	SAS	HG03829	asian_matched:DogoHLA	DQB1	two_field	complete	1	1	1	2	DQB1*06:01:01:01	DQB1*05:02:01:01
HG03831	SAS	HG03829	asian_matched:DogoHLA	DQB1	four_field	complete	1	1	1	2	DQB1*06:01:01:01	DQB1*05:02:01:01
HG03831	SAS	HG03829	asian_matched:DogoHLA	DRB1	two_field	complete	1	1	0	1	DRB1*15:02:01:03	DRB1*15:01:01:25
HG03831	SAS	HG03829	asian_matched:DogoHLA	DRB1	four_field	complete	0	0	0	0	DRB1*15:02:01:03	DRB1*15:01:01:25
HG03831	SAS	HG03829	asian_matched:DogoHLA-no-graph	A	two_field	complete	1	1	0	1	A*33:164	A*31:01:02:01
HG03831	SAS	HG03829	asian_matched:DogoHLA-no-graph	A	four_field	complete	1	0	0	1	A*33:164	A*31:01:02:01
HG03831	SAS	HG03829	asian_matched:DogoHLA-no-graph	B	two_field	complete	1	1	1	2	B*15:08:01:01	B*52:01:01:02
HG03831	SAS	HG03829	asian_matched:DogoHLA-no-graph	B	four_field	complete	1	1	1	2	B*15:08:01:01	B*52:01:01:02
HG03831	SAS	HG03829	asian_matched:DogoHLA-no-graph	C	two_field	complete	1	1	1	2	C*01:02:01:01	C*12:02:02:01
HG03831	SAS	HG03829	asian_matched:DogoHLA-no-graph	C	four_field	complete	1	1	1	2	C*01:02:01:01	C*12:02:02:01
HG03831	SAS	HG03829	asian_matched:DogoHLA-no-graph	DPA1	two_field	complete	1	1	1	2	DPA1*02:01:01:01	DPA1*02:01:01:01
HG03831	SAS	HG03829	asian_matched:DogoHLA-no-graph	DPA1	four_field	complete	0	0	0	0	DPA1*02:01:01:01	DPA1*02:01:01:01
HG03831	SAS	HG03829	asian_matched:DogoHLA-no-graph	DPB1	two_field	complete	1	1	1	2	DPB1*14:01:01:01	DPB1*26:01:02:01
HG03831	SAS	HG03829	asian_matched:DogoHLA-no-graph	DPB1	four_field	complete	1	1	0	1	DPB1*14:01:01:01	DPB1*26:01:02:01
HG03831	SAS	HG03829	asian_matched:DogoHLA-no-graph	DQA1	two_field	complete	1	1	1	2	DQA1*01:02:01:01	DQA1*01:03:01:01
HG03831	SAS	HG03829	asian_matched:DogoHLA-no-graph	DQA1	four_field	complete	1	1	0	1	DQA1*01:02:01:01	DQA1*01:03:01:01
HG03831	SAS	HG03829	asian_matched:DogoHLA-no-graph	DQB1	two_field	complete	1	1	1	2	DQB1*06:01:01:01	DQB1*05:02:01:01
HG03831	SAS	HG03829	asian_matched:DogoHLA-no-graph	DQB1	four_field	complete	1	1	1	2	DQB1*06:01:01:01	DQB1*05:02:01:01
HG03831	SAS	HG03829	asian_matched:DogoHLA-no-graph	DRB1	two_field	complete	1	1	0	1	DRB1*15:02:01:03	DRB1*15:01:01:25
HG03831	SAS	HG03829	asian_matched:DogoHLA-no-graph	DRB1	four_field	complete	0	0	0	0	DRB1*15:02:01:03	DRB1*15:01:01:25
HG03874	SAS	HG03874	SpecHLA-IPD365-noFreq	A	two_field	complete	1	1	0	1	A*01:01:01:01	A*11:335:01
HG03874	SAS	HG03874	SpecHLA-IPD365-noFreq	A	four_field	complete	1	0	0	1	A*01:01:01:01	A*11:335:01
HG03874	SAS	HG03874	SpecHLA-IPD365-noFreq	B	two_field	complete	1	1	1	2	B*44:02:01:01	B*57:01:01:01
HG03874	SAS	HG03874	SpecHLA-IPD365-noFreq	B	four_field	complete	1	1	1	2	B*44:02:01:01	B*57:01:01:01
HG03874	SAS	HG03874	SpecHLA-IPD365-noFreq	C	two_field	complete	1	1	1	2	C*05:01:01:02	C*06:02:01:01
HG03874	SAS	HG03874	SpecHLA-IPD365-noFreq	C	four_field	complete	1	1	1	2	C*05:01:01:02	C*06:02:01:01
HG03874	SAS	HG03874	SpecHLA-IPD365-noFreq	DPA1	two_field	complete	1	1	1	2	DPA1*02:01:01:01	DPA1*02:01:01:01
HG03874	SAS	HG03874	SpecHLA-IPD365-noFreq	DPA1	four_field	complete	0	0	0	0	DPA1*02:01:01:01	DPA1*02:01:01:01
HG03874	SAS	HG03874	SpecHLA-IPD365-noFreq	DPB1	two_field	complete	1	1	1	2	DPB1*26:01:02:01	DPB1*09:01:01:01
HG03874	SAS	HG03874	SpecHLA-IPD365-noFreq	DPB1	four_field	complete	1	1	1	2	DPB1*26:01:02:01	DPB1*09:01:01:01
HG03874	SAS	HG03874	SpecHLA-IPD365-noFreq	DQA1	two_field	complete	1	1	0	1	DQA1*05:05:12:01	DQA1*02:01:07
HG03874	SAS	HG03874	SpecHLA-IPD365-noFreq	DQA1	four_field	complete	0	0	0	0	DQA1*05:05:12:01	DQA1*02:01:07
HG03874	SAS	HG03874	SpecHLA-IPD365-noFreq	DQB1	two_field	complete	1	1	1	2	DQB1*03:01:01:03	DQB1*03:03:02:01
HG03874	SAS	HG03874	SpecHLA-IPD365-noFreq	DQB1	four_field	complete	1	1	1	2	DQB1*03:01:01:03	DQB1*03:03:02:01
HG03874	SAS	HG03874	SpecHLA-IPD365-noFreq	DRB1	two_field	complete	1	1	0	0	DRB1*11:12:01	DRB1*07:07
HG03874	SAS	HG03874	SpecHLA-IPD365-noFreq	DRB1	four_field	complete	0	0	0	0	DRB1*11:12:01	DRB1*07:07
HG03874	SAS	HG03874	SpecHLA-IPD365-long-noFreq	A	two_field	complete	1	1	0	1	A*01:01:01:01	A*11:335:01
HG03874	SAS	HG03874	SpecHLA-IPD365-long-noFreq	A	four_field	complete	1	0	0	1	A*01:01:01:01	A*11:335:01
HG03874	SAS	HG03874	SpecHLA-IPD365-long-noFreq	B	two_field	complete	1	1	1	2	B*44:02:01:01	B*57:01:01:01
HG03874	SAS	HG03874	SpecHLA-IPD365-long-noFreq	B	four_field	complete	1	1	1	2	B*44:02:01:01	B*57:01:01:01
HG03874	SAS	HG03874	SpecHLA-IPD365-long-noFreq	C	two_field	complete	1	1	1	2	C*05:01:01:02	C*06:02:01:01
HG03874	SAS	HG03874	SpecHLA-IPD365-long-noFreq	C	four_field	complete	1	1	1	2	C*05:01:01:02	C*06:02:01:01
HG03874	SAS	HG03874	SpecHLA-IPD365-long-noFreq	DPA1	two_field	complete	1	1	1	2	DPA1*02:01:01:01	DPA1*02:01:01:01
HG03874	SAS	HG03874	SpecHLA-IPD365-long-noFreq	DPA1	four_field	complete	0	0	0	0	DPA1*02:01:01:01	DPA1*02:01:01:01
HG03874	SAS	HG03874	SpecHLA-IPD365-long-noFreq	DPB1	two_field	complete	1	1	1	2	DPB1*26:01:02:01	DPB1*09:01:01:01
HG03874	SAS	HG03874	SpecHLA-IPD365-long-noFreq	DPB1	four_field	complete	1	1	1	2	DPB1*26:01:02:01	DPB1*09:01:01:01
HG03874	SAS	HG03874	SpecHLA-IPD365-long-noFreq	DQA1	two_field	complete	1	1	0	1	DQA1*05:05:12:01	DQA1*02:01:07
HG03874	SAS	HG03874	SpecHLA-IPD365-long-noFreq	DQA1	four_field	complete	0	0	0	0	DQA1*05:05:12:01	DQA1*02:01:07
HG03874	SAS	HG03874	SpecHLA-IPD365-long-noFreq	DQB1	two_field	complete	1	1	1	2	DQB1*03:01:01:03	DQB1*03:03:02:01
HG03874	SAS	HG03874	SpecHLA-IPD365-long-noFreq	DQB1	four_field	complete	1	1	1	2	DQB1*03:01:01:03	DQB1*03:03:02:01
HG03874	SAS	HG03874	SpecHLA-IPD365-long-noFreq	DRB1	two_field	complete	1	1	0	0	DRB1*11:19:01	DRB1*07:07
HG03874	SAS	HG03874	SpecHLA-IPD365-long-noFreq	DRB1	four_field	complete	0	0	0	0	DRB1*11:19:01	DRB1*07:07
HG03874	SAS	HG03874	T1K-four-field	A	two_field	complete	1	1	1	2	A*01:01:01:01	A*01:01:01:01
HG03874	SAS	HG03874	T1K-four-field	A	four_field	complete	1	1	1	2	A*01:01:01:01	A*01:01:01:01
HG03874	SAS	HG03874	T1K-four-field	B	two_field	complete	1	1	1	2	B*57:01:01:01	B*44:02:01:01
HG03874	SAS	HG03874	T1K-four-field	B	four_field	complete	1	1	1	2	B*57:01:01:01	B*44:02:01:01
HG03874	SAS	HG03874	T1K-four-field	C	two_field	complete	1	1	1	2	C*05:01:01:02	C*06:02:01:10
HG03874	SAS	HG03874	T1K-four-field	C	four_field	complete	1	1	0	1	C*05:01:01:02	C*06:02:01:10
HG03874	SAS	HG03874	T1K-four-field	DPA1	two_field	complete	1	1	1	2	DPA1*02:01:01:02	DPA1*02:01:01:02
HG03874	SAS	HG03874	T1K-four-field	DPA1	four_field	complete	0	0	0	0	DPA1*02:01:01:02	DPA1*02:01:01:02
HG03874	SAS	HG03874	T1K-four-field	DPB1	two_field	complete	1	1	1	2	DPB1*26:01:02:01	DPB1*09:01:01:01
HG03874	SAS	HG03874	T1K-four-field	DPB1	four_field	complete	1	1	1	2	DPB1*26:01:02:01	DPB1*09:01:01:01
HG03874	SAS	HG03874	T1K-four-field	DQA1	two_field	complete	1	1	1	2	DQA1*02:01:01:01,HLA-DQA1*02:01:01:12	DQA1*05:09:01:01,HLA-DQA1*05:09:01:04
HG03874	SAS	HG03874	T1K-four-field	DQA1	four_field	complete	0	0	0	0	DQA1*02:01:01:01,HLA-DQA1*02:01:01:12	DQA1*05:09:01:01,HLA-DQA1*05:09:01:04
HG03874	SAS	HG03874	T1K-four-field	DQB1	two_field	complete	1	1	1	2	DQB1*03:03:02:01	DQB1*03:01:01:01
HG03874	SAS	HG03874	T1K-four-field	DQB1	four_field	complete	1	1	0	1	DQB1*03:03:02:01	DQB1*03:01:01:01
HG03874	SAS	HG03874	T1K-four-field	DRB1	two_field	complete	1	1	1	2	DRB1*07:01:01:01	DRB1*11:01:01:05
HG03874	SAS	HG03874	T1K-four-field	DRB1	four_field	complete	0	0	0	0	DRB1*07:01:01:01	DRB1*11:01:01:05
HG03874	SAS	HG03874	full:DogoHLA	A	two_field	complete	1	1	0	1	A*01:01:01:01	A*11:335:01
HG03874	SAS	HG03874	full:DogoHLA	A	four_field	complete	1	0	0	1	A*01:01:01:01	A*11:335:01
HG03874	SAS	HG03874	full:DogoHLA	B	two_field	complete	1	1	1	2	B*57:01:01:01	B*44:02:01:01
HG03874	SAS	HG03874	full:DogoHLA	B	four_field	complete	1	1	1	2	B*57:01:01:01	B*44:02:01:01
HG03874	SAS	HG03874	full:DogoHLA	C	two_field	complete	1	1	1	2	C*06:02:01:01	C*05:01:01:02
HG03874	SAS	HG03874	full:DogoHLA	C	four_field	complete	1	1	1	2	C*06:02:01:01	C*05:01:01:02
HG03874	SAS	HG03874	full:DogoHLA	DPA1	two_field	complete	1	1	1	2	DPA1*02:01:01:01	DPA1*02:01:01:01
HG03874	SAS	HG03874	full:DogoHLA	DPA1	four_field	complete	0	0	0	0	DPA1*02:01:01:01	DPA1*02:01:01:01
HG03874	SAS	HG03874	full:DogoHLA	DPB1	two_field	complete	1	1	1	2	DPB1*09:01:01:01	DPB1*26:01:02:01
HG03874	SAS	HG03874	full:DogoHLA	DPB1	four_field	complete	1	1	1	2	DPB1*09:01:01:01	DPB1*26:01:02:01
HG03874	SAS	HG03874	full:DogoHLA	DQA1	two_field	complete	1	1	1	2	DQA1*02:01:01:01	DQA1*05:09:01:02
HG03874	SAS	HG03874	full:DogoHLA	DQA1	four_field	complete	0	0	0	0	DQA1*02:01:01:01	DQA1*05:09:01:02
HG03874	SAS	HG03874	full:DogoHLA	DQB1	two_field	complete	1	1	1	2	DQB1*03:03:02:01	DQB1*03:01:01:03
HG03874	SAS	HG03874	full:DogoHLA	DQB1	four_field	complete	1	1	1	2	DQB1*03:03:02:01	DQB1*03:01:01:03
HG03874	SAS	HG03874	full:DogoHLA	DRB1	two_field	complete	1	1	1	2	DRB1*07:01:01:02	DRB1*11:01:02:01
HG03874	SAS	HG03874	full:DogoHLA	DRB1	four_field	complete	0	0	0	0	DRB1*07:01:01:02	DRB1*11:01:02:01
HG03874	SAS	HG03874	full:DogoHLA-no-graph	A	two_field	complete	1	1	0	1	A*01:01:01:01	A*11:335:01
HG03874	SAS	HG03874	full:DogoHLA-no-graph	A	four_field	complete	1	0	0	1	A*01:01:01:01	A*11:335:01
HG03874	SAS	HG03874	full:DogoHLA-no-graph	B	two_field	complete	1	1	1	2	B*57:01:01:01	B*44:02:01:01
HG03874	SAS	HG03874	full:DogoHLA-no-graph	B	four_field	complete	1	1	1	2	B*57:01:01:01	B*44:02:01:01
HG03874	SAS	HG03874	full:DogoHLA-no-graph	C	two_field	complete	1	1	1	2	C*06:02:01:01	C*05:01:01:02
HG03874	SAS	HG03874	full:DogoHLA-no-graph	C	four_field	complete	1	1	1	2	C*06:02:01:01	C*05:01:01:02
HG03874	SAS	HG03874	full:DogoHLA-no-graph	DPA1	two_field	complete	1	1	1	2	DPA1*02:01:01:01	DPA1*02:01:01:01
HG03874	SAS	HG03874	full:DogoHLA-no-graph	DPA1	four_field	complete	0	0	0	0	DPA1*02:01:01:01	DPA1*02:01:01:01
HG03874	SAS	HG03874	full:DogoHLA-no-graph	DPB1	two_field	complete	1	1	1	2	DPB1*09:01:01:01	DPB1*26:01:02:01
HG03874	SAS	HG03874	full:DogoHLA-no-graph	DPB1	four_field	complete	1	1	1	2	DPB1*09:01:01:01	DPB1*26:01:02:01
HG03874	SAS	HG03874	full:DogoHLA-no-graph	DQA1	two_field	complete	1	1	1	2	DQA1*02:01:01:01	DQA1*05:09:01:02
HG03874	SAS	HG03874	full:DogoHLA-no-graph	DQA1	four_field	complete	0	0	0	0	DQA1*02:01:01:01	DQA1*05:09:01:02
HG03874	SAS	HG03874	full:DogoHLA-no-graph	DQB1	two_field	complete	1	1	1	2	DQB1*03:03:02:01	DQB1*03:01:01:03
HG03874	SAS	HG03874	full:DogoHLA-no-graph	DQB1	four_field	complete	1	1	1	2	DQB1*03:03:02:01	DQB1*03:01:01:03
HG03874	SAS	HG03874	full:DogoHLA-no-graph	DRB1	two_field	complete	1	1	1	2	DRB1*07:01:01:02	DRB1*11:01:02:01
HG03874	SAS	HG03874	full:DogoHLA-no-graph	DRB1	four_field	complete	0	0	0	0	DRB1*07:01:01:02	DRB1*11:01:02:01
HG03874	SAS	HG03874	hprc:DogoHLA	A	two_field	complete	1	1	0	1	A*01:01:01:01	A*11:335:01
HG03874	SAS	HG03874	hprc:DogoHLA	A	four_field	complete	1	0	0	1	A*01:01:01:01	A*11:335:01
HG03874	SAS	HG03874	hprc:DogoHLA	B	two_field	complete	1	1	1	2	B*57:01:01:01	B*44:02:01:01
HG03874	SAS	HG03874	hprc:DogoHLA	B	four_field	complete	1	1	1	2	B*57:01:01:01	B*44:02:01:01
HG03874	SAS	HG03874	hprc:DogoHLA	C	two_field	complete	1	1	1	2	C*06:02:01:01	C*05:01:01:02
HG03874	SAS	HG03874	hprc:DogoHLA	C	four_field	complete	1	1	1	2	C*06:02:01:01	C*05:01:01:02
HG03874	SAS	HG03874	hprc:DogoHLA	DPA1	two_field	complete	1	1	1	2	DPA1*02:01:01:01	DPA1*02:01:01:01
HG03874	SAS	HG03874	hprc:DogoHLA	DPA1	four_field	complete	0	0	0	0	DPA1*02:01:01:01	DPA1*02:01:01:01
HG03874	SAS	HG03874	hprc:DogoHLA	DPB1	two_field	complete	1	1	1	2	DPB1*09:01:01:01	DPB1*26:01:02:01
HG03874	SAS	HG03874	hprc:DogoHLA	DPB1	four_field	complete	1	1	1	2	DPB1*09:01:01:01	DPB1*26:01:02:01
HG03874	SAS	HG03874	hprc:DogoHLA	DQA1	two_field	complete	1	1	1	2	DQA1*02:01:01:01	DQA1*05:09:01:02
HG03874	SAS	HG03874	hprc:DogoHLA	DQA1	four_field	complete	0	0	0	0	DQA1*02:01:01:01	DQA1*05:09:01:02
HG03874	SAS	HG03874	hprc:DogoHLA	DQB1	two_field	complete	1	1	1	2	DQB1*03:03:02:01	DQB1*03:01:01:03
HG03874	SAS	HG03874	hprc:DogoHLA	DQB1	four_field	complete	1	1	1	2	DQB1*03:03:02:01	DQB1*03:01:01:03
HG03874	SAS	HG03874	hprc:DogoHLA	DRB1	two_field	complete	1	1	1	2	DRB1*07:01:01:02	DRB1*11:01:02:01
HG03874	SAS	HG03874	hprc:DogoHLA	DRB1	four_field	complete	0	0	0	0	DRB1*07:01:01:02	DRB1*11:01:02:01
HG03874	SAS	HG03874	hprc:DogoHLA-no-graph	A	two_field	complete	1	1	0	1	A*01:01:01:01	A*11:335:01
HG03874	SAS	HG03874	hprc:DogoHLA-no-graph	A	four_field	complete	1	0	0	1	A*01:01:01:01	A*11:335:01
HG03874	SAS	HG03874	hprc:DogoHLA-no-graph	B	two_field	complete	1	1	1	2	B*57:01:01:01	B*44:02:01:01
HG03874	SAS	HG03874	hprc:DogoHLA-no-graph	B	four_field	complete	1	1	1	2	B*57:01:01:01	B*44:02:01:01
HG03874	SAS	HG03874	hprc:DogoHLA-no-graph	C	two_field	complete	1	1	1	2	C*06:02:01:01	C*05:01:01:02
HG03874	SAS	HG03874	hprc:DogoHLA-no-graph	C	four_field	complete	1	1	1	2	C*06:02:01:01	C*05:01:01:02
HG03874	SAS	HG03874	hprc:DogoHLA-no-graph	DPA1	two_field	complete	1	1	1	2	DPA1*02:01:01:01	DPA1*02:01:01:01
HG03874	SAS	HG03874	hprc:DogoHLA-no-graph	DPA1	four_field	complete	0	0	0	0	DPA1*02:01:01:01	DPA1*02:01:01:01
HG03874	SAS	HG03874	hprc:DogoHLA-no-graph	DPB1	two_field	complete	1	1	1	2	DPB1*09:01:01:01	DPB1*26:01:02:01
HG03874	SAS	HG03874	hprc:DogoHLA-no-graph	DPB1	four_field	complete	1	1	1	2	DPB1*09:01:01:01	DPB1*26:01:02:01
HG03874	SAS	HG03874	hprc:DogoHLA-no-graph	DQA1	two_field	complete	1	1	1	2	DQA1*02:01:01:01	DQA1*05:09:01:02
HG03874	SAS	HG03874	hprc:DogoHLA-no-graph	DQA1	four_field	complete	0	0	0	0	DQA1*02:01:01:01	DQA1*05:09:01:02
HG03874	SAS	HG03874	hprc:DogoHLA-no-graph	DQB1	two_field	complete	1	1	1	2	DQB1*03:03:02:01	DQB1*03:01:01:03
HG03874	SAS	HG03874	hprc:DogoHLA-no-graph	DQB1	four_field	complete	1	1	1	2	DQB1*03:03:02:01	DQB1*03:01:01:03
HG03874	SAS	HG03874	hprc:DogoHLA-no-graph	DRB1	two_field	complete	1	1	1	2	DRB1*07:01:01:02	DRB1*11:01:02:01
HG03874	SAS	HG03874	hprc:DogoHLA-no-graph	DRB1	four_field	complete	0	0	0	0	DRB1*07:01:01:02	DRB1*11:01:02:01
HG03874	SAS	HG03874	asian_matched:DogoHLA	A	two_field	complete	1	1	0	1	A*01:01:01:01	A*11:335:01
HG03874	SAS	HG03874	asian_matched:DogoHLA	A	four_field	complete	1	0	0	1	A*01:01:01:01	A*11:335:01
HG03874	SAS	HG03874	asian_matched:DogoHLA	B	two_field	complete	1	1	1	2	B*57:01:01:01	B*44:02:01:01
HG03874	SAS	HG03874	asian_matched:DogoHLA	B	four_field	complete	1	1	1	2	B*57:01:01:01	B*44:02:01:01
HG03874	SAS	HG03874	asian_matched:DogoHLA	C	two_field	complete	1	1	1	2	C*06:02:01:01	C*05:01:01:02
HG03874	SAS	HG03874	asian_matched:DogoHLA	C	four_field	complete	1	1	1	2	C*06:02:01:01	C*05:01:01:02
HG03874	SAS	HG03874	asian_matched:DogoHLA	DPA1	two_field	complete	1	1	1	2	DPA1*02:01:01:01	DPA1*02:01:01:01
HG03874	SAS	HG03874	asian_matched:DogoHLA	DPA1	four_field	complete	0	0	0	0	DPA1*02:01:01:01	DPA1*02:01:01:01
HG03874	SAS	HG03874	asian_matched:DogoHLA	DPB1	two_field	complete	1	1	1	2	DPB1*09:01:01:01	DPB1*26:01:02:01
HG03874	SAS	HG03874	asian_matched:DogoHLA	DPB1	four_field	complete	1	1	1	2	DPB1*09:01:01:01	DPB1*26:01:02:01
HG03874	SAS	HG03874	asian_matched:DogoHLA	DQA1	two_field	complete	1	1	1	2	DQA1*02:01:01:01	DQA1*05:09:01:02
HG03874	SAS	HG03874	asian_matched:DogoHLA	DQA1	four_field	complete	0	0	0	0	DQA1*02:01:01:01	DQA1*05:09:01:02
HG03874	SAS	HG03874	asian_matched:DogoHLA	DQB1	two_field	complete	1	1	1	2	DQB1*03:03:02:01	DQB1*03:01:01:03
HG03874	SAS	HG03874	asian_matched:DogoHLA	DQB1	four_field	complete	1	1	1	2	DQB1*03:03:02:01	DQB1*03:01:01:03
HG03874	SAS	HG03874	asian_matched:DogoHLA	DRB1	two_field	complete	1	1	1	2	DRB1*07:01:01:02	DRB1*11:01:02:01
HG03874	SAS	HG03874	asian_matched:DogoHLA	DRB1	four_field	complete	0	0	0	0	DRB1*07:01:01:02	DRB1*11:01:02:01
HG03874	SAS	HG03874	asian_matched:DogoHLA-no-graph	A	two_field	complete	1	1	0	1	A*01:01:01:01	A*11:335:01
HG03874	SAS	HG03874	asian_matched:DogoHLA-no-graph	A	four_field	complete	1	0	0	1	A*01:01:01:01	A*11:335:01
HG03874	SAS	HG03874	asian_matched:DogoHLA-no-graph	B	two_field	complete	1	1	1	2	B*57:01:01:01	B*44:02:01:01
HG03874	SAS	HG03874	asian_matched:DogoHLA-no-graph	B	four_field	complete	1	1	1	2	B*57:01:01:01	B*44:02:01:01
HG03874	SAS	HG03874	asian_matched:DogoHLA-no-graph	C	two_field	complete	1	1	1	2	C*06:02:01:01	C*05:01:01:02
HG03874	SAS	HG03874	asian_matched:DogoHLA-no-graph	C	four_field	complete	1	1	1	2	C*06:02:01:01	C*05:01:01:02
HG03874	SAS	HG03874	asian_matched:DogoHLA-no-graph	DPA1	two_field	complete	1	1	1	2	DPA1*02:01:01:01	DPA1*02:01:01:01
HG03874	SAS	HG03874	asian_matched:DogoHLA-no-graph	DPA1	four_field	complete	0	0	0	0	DPA1*02:01:01:01	DPA1*02:01:01:01
HG03874	SAS	HG03874	asian_matched:DogoHLA-no-graph	DPB1	two_field	complete	1	1	1	2	DPB1*09:01:01:01	DPB1*26:01:02:01
HG03874	SAS	HG03874	asian_matched:DogoHLA-no-graph	DPB1	four_field	complete	1	1	1	2	DPB1*09:01:01:01	DPB1*26:01:02:01
HG03874	SAS	HG03874	asian_matched:DogoHLA-no-graph	DQA1	two_field	complete	1	1	1	2	DQA1*02:01:01:01	DQA1*05:09:01:02
HG03874	SAS	HG03874	asian_matched:DogoHLA-no-graph	DQA1	four_field	complete	0	0	0	0	DQA1*02:01:01:01	DQA1*05:09:01:02
HG03874	SAS	HG03874	asian_matched:DogoHLA-no-graph	DQB1	two_field	complete	1	1	1	2	DQB1*03:03:02:01	DQB1*03:01:01:03
HG03874	SAS	HG03874	asian_matched:DogoHLA-no-graph	DQB1	four_field	complete	1	1	1	2	DQB1*03:03:02:01	DQB1*03:01:01:03
HG03874	SAS	HG03874	asian_matched:DogoHLA-no-graph	DRB1	two_field	complete	1	1	1	2	DRB1*07:01:01:02	DRB1*11:01:02:01
HG03874	SAS	HG03874	asian_matched:DogoHLA-no-graph	DRB1	four_field	complete	0	0	0	0	DRB1*07:01:01:02	DRB1*11:01:02:01
HG04199	SAS	HG04099	SpecHLA-IPD365-noFreq	A	two_field	complete	1	1	0	0	A*33:242:01:01	A*03:370
HG04199	SAS	HG04099	SpecHLA-IPD365-noFreq	A	four_field	complete	1	0	0	0	A*33:242:01:01	A*03:370
HG04199	SAS	HG04099	SpecHLA-IPD365-noFreq	B	two_field	complete	1	1	1	2	B*07:02:01:01	B*58:01:01:03
HG04199	SAS	HG04099	SpecHLA-IPD365-noFreq	B	four_field	complete	0	0	0	0	B*07:02:01:01	B*58:01:01:03
HG04199	SAS	HG04099	SpecHLA-IPD365-noFreq	C	two_field	complete	1	1	1	2	C*07:02:01:03	C*03:02:02:01
HG04199	SAS	HG04099	SpecHLA-IPD365-noFreq	C	four_field	complete	1	1	0	1	C*07:02:01:03	C*03:02:02:01
HG04199	SAS	HG04099	SpecHLA-IPD365-noFreq	DPA1	two_field	complete	1	1	1	2	DPA1*01:03:01:02	DPA1*02:02:02:01
HG04199	SAS	HG04099	SpecHLA-IPD365-noFreq	DPA1	four_field	complete	0	0	0	0	DPA1*01:03:01:02	DPA1*02:02:02:01
HG04199	SAS	HG04099	SpecHLA-IPD365-noFreq	DPB1	two_field	complete	1	1	1	2	DPB1*104:01:01:01	DPB1*01:01:01:31
HG04199	SAS	HG04099	SpecHLA-IPD365-noFreq	DPB1	four_field	complete	1	1	0	0	DPB1*104:01:01:01	DPB1*01:01:01:31
HG04199	SAS	HG04099	SpecHLA-IPD365-noFreq	DQA1	two_field	complete	1	1	1	2	DQA1*01:01:13	DQA1*03:01:01:01
HG04199	SAS	HG04099	SpecHLA-IPD365-noFreq	DQA1	four_field	complete	1	0	0	1	DQA1*01:01:13	DQA1*03:01:01:01
HG04199	SAS	HG04099	SpecHLA-IPD365-noFreq	DQB1	two_field	complete	1	1	1	2	DQB1*03:02:01:01	DQB1*05:01:01:01
HG04199	SAS	HG04099	SpecHLA-IPD365-noFreq	DQB1	four_field	complete	1	1	0	1	DQB1*03:02:01:01	DQB1*05:01:01:01
HG04199	SAS	HG04099	SpecHLA-IPD365-noFreq	DRB1	two_field	complete	1	1	1	2	DRB1*04:03:01:02	DRB1*01:01:01:01
HG04199	SAS	HG04099	SpecHLA-IPD365-noFreq	DRB1	four_field	complete	0	0	0	0	DRB1*04:03:01:02	DRB1*01:01:01:01
HG04199	SAS	HG04099	SpecHLA-IPD365-long-noFreq	A	two_field	complete	1	1	0	0	A*33:242:01:01	A*03:370
HG04199	SAS	HG04099	SpecHLA-IPD365-long-noFreq	A	four_field	complete	1	0	0	0	A*33:242:01:01	A*03:370
HG04199	SAS	HG04099	SpecHLA-IPD365-long-noFreq	B	two_field	complete	1	1	1	2	B*07:02:01:01	B*58:01:01:03
HG04199	SAS	HG04099	SpecHLA-IPD365-long-noFreq	B	four_field	complete	0	0	0	0	B*07:02:01:01	B*58:01:01:03
HG04199	SAS	HG04099	SpecHLA-IPD365-long-noFreq	C	two_field	complete	1	1	1	2	C*07:02:01:03	C*03:02:02:01
HG04199	SAS	HG04099	SpecHLA-IPD365-long-noFreq	C	four_field	complete	1	1	0	1	C*07:02:01:03	C*03:02:02:01
HG04199	SAS	HG04099	SpecHLA-IPD365-long-noFreq	DPA1	two_field	complete	1	1	1	2	DPA1*01:03:01:02	DPA1*02:02:02:01
HG04199	SAS	HG04099	SpecHLA-IPD365-long-noFreq	DPA1	four_field	complete	0	0	0	0	DPA1*01:03:01:02	DPA1*02:02:02:01
HG04199	SAS	HG04099	SpecHLA-IPD365-long-noFreq	DPB1	two_field	complete	1	1	1	2	DPB1*01:01:01:31	DPB1*104:01:01:01
HG04199	SAS	HG04099	SpecHLA-IPD365-long-noFreq	DPB1	four_field	complete	1	1	0	0	DPB1*01:01:01:31	DPB1*104:01:01:01
HG04199	SAS	HG04099	SpecHLA-IPD365-long-noFreq	DQA1	two_field	complete	1	1	1	2	DQA1*01:01:13	DQA1*03:01:01:01
HG04199	SAS	HG04099	SpecHLA-IPD365-long-noFreq	DQA1	four_field	complete	1	0	0	1	DQA1*01:01:13	DQA1*03:01:01:01
HG04199	SAS	HG04099	SpecHLA-IPD365-long-noFreq	DQB1	two_field	complete	1	1	1	2	DQB1*03:02:01:01	DQB1*05:01:01:01
HG04199	SAS	HG04099	SpecHLA-IPD365-long-noFreq	DQB1	four_field	complete	1	1	0	1	DQB1*03:02:01:01	DQB1*05:01:01:01
HG04199	SAS	HG04099	SpecHLA-IPD365-long-noFreq	DRB1	two_field	complete	1	1	1	2	DRB1*04:03:01:02	DRB1*01:01:01:01
HG04199	SAS	HG04099	SpecHLA-IPD365-long-noFreq	DRB1	four_field	complete	0	0	0	0	DRB1*04:03:01:02	DRB1*01:01:01:01
HG04199	SAS	HG04099	T1K-four-field	A	two_field	complete	1	1	1	2	A*33:03:01:01	A*03:01:01:01
HG04199	SAS	HG04099	T1K-four-field	A	four_field	complete	1	1	1	2	A*33:03:01:01	A*03:01:01:01
HG04199	SAS	HG04099	T1K-four-field	B	two_field	complete	1	1	1	2	B*07:02:01:01	B*58:01:01:01
HG04199	SAS	HG04099	T1K-four-field	B	four_field	complete	0	0	0	0	B*07:02:01:01	B*58:01:01:01
HG04199	SAS	HG04099	T1K-four-field	C	two_field	complete	1	1	1	2	C*07:02:01:03	C*03:02:02:01
HG04199	SAS	HG04099	T1K-four-field	C	four_field	complete	1	1	0	1	C*07:02:01:03	C*03:02:02:01
HG04199	SAS	HG04099	T1K-four-field	DPA1	two_field	complete	1	1	1	2	DPA1*01:03:01:02	DPA1*02:02:02:01
HG04199	SAS	HG04099	T1K-four-field	DPA1	four_field	complete	0	0	0	0	DPA1*01:03:01:02	DPA1*02:02:02:01
HG04199	SAS	HG04099	T1K-four-field	DPB1	two_field	complete	1	1	1	2	DPB1*01:01:01:01	DPB1*104:01:01:01
HG04199	SAS	HG04099	T1K-four-field	DPB1	four_field	complete	1	1	0	0	DPB1*01:01:01:01	DPB1*104:01:01:01
HG04199	SAS	HG04099	T1K-four-field	DQA1	two_field	complete	1	1	1	2	DQA1*03:01:01:01	DQA1*01:01:01:01
HG04199	SAS	HG04099	T1K-four-field	DQA1	four_field	complete	1	1	1	2	DQA1*03:01:01:01	DQA1*01:01:01:01
HG04199	SAS	HG04099	T1K-four-field	DQB1	two_field	complete	1	1	1	2	DQB1*05:01:01:01	DQB1*03:02:01:01
HG04199	SAS	HG04099	T1K-four-field	DQB1	four_field	complete	1	1	0	1	DQB1*05:01:01:01	DQB1*03:02:01:01
HG04199	SAS	HG04099	T1K-four-field	DRB1	two_field	complete	1	1	1	2	DRB1*01:01:01:01	DRB1*04:03:01:02
HG04199	SAS	HG04099	T1K-four-field	DRB1	four_field	complete	0	0	0	0	DRB1*01:01:01:01	DRB1*04:03:01:02
HG04199	SAS	HG04099	full:DogoHLA	A	two_field	complete	1	1	1	2	A*33:03:01:01	A*03:01:16
HG04199	SAS	HG04099	full:DogoHLA	A	four_field	complete	1	0	0	1	A*33:03:01:01	A*03:01:16
HG04199	SAS	HG04099	full:DogoHLA	B	two_field	complete	1	1	1	2	B*07:02:01:01	B*58:01:01:03
HG04199	SAS	HG04099	full:DogoHLA	B	four_field	complete	0	0	0	0	B*07:02:01:01	B*58:01:01:03
HG04199	SAS	HG04099	full:DogoHLA	C	two_field	complete	1	1	1	2	C*03:02:02:01	C*07:02:01:03
HG04199	SAS	HG04099	full:DogoHLA	C	four_field	complete	1	1	0	1	C*03:02:02:01	C*07:02:01:03
HG04199	SAS	HG04099	full:DogoHLA	DPA1	two_field	complete	1	1	1	2	DPA1*01:03:01:02	DPA1*02:02:02:01
HG04199	SAS	HG04099	full:DogoHLA	DPA1	four_field	complete	0	0	0	0	DPA1*01:03:01:02	DPA1*02:02:02:01
HG04199	SAS	HG04099	full:DogoHLA	DPB1	two_field	complete	1	1	1	2	DPB1*01:01:01:01	DPB1*104:01:01:01
HG04199	SAS	HG04099	full:DogoHLA	DPB1	four_field	complete	1	1	0	0	DPB1*01:01:01:01	DPB1*104:01:01:01
HG04199	SAS	HG04099	full:DogoHLA	DQA1	two_field	complete	1	1	1	2	DQA1*01:01:13	DQA1*03:01:01:01
HG04199	SAS	HG04099	full:DogoHLA	DQA1	four_field	complete	1	0	0	1	DQA1*01:01:13	DQA1*03:01:01:01
HG04199	SAS	HG04099	full:DogoHLA	DQB1	two_field	complete	1	1	1	2	DQB1*03:02:01:01	DQB1*05:01:01:01
HG04199	SAS	HG04099	full:DogoHLA	DQB1	four_field	complete	1	1	0	1	DQB1*03:02:01:01	DQB1*05:01:01:01
HG04199	SAS	HG04099	full:DogoHLA	DRB1	two_field	complete	1	1	1	2	DRB1*04:03:01:01	DRB1*01:01:01:01
HG04199	SAS	HG04099	full:DogoHLA	DRB1	four_field	complete	0	0	0	0	DRB1*04:03:01:01	DRB1*01:01:01:01
HG04199	SAS	HG04099	full:DogoHLA-no-graph	A	two_field	complete	1	1	1	2	A*33:03:01:01	A*03:01:16
HG04199	SAS	HG04099	full:DogoHLA-no-graph	A	four_field	complete	1	0	0	1	A*33:03:01:01	A*03:01:16
HG04199	SAS	HG04099	full:DogoHLA-no-graph	B	two_field	complete	1	1	1	2	B*07:02:01:01	B*58:01:01:03
HG04199	SAS	HG04099	full:DogoHLA-no-graph	B	four_field	complete	0	0	0	0	B*07:02:01:01	B*58:01:01:03
HG04199	SAS	HG04099	full:DogoHLA-no-graph	C	two_field	complete	1	1	1	2	C*03:02:02:01	C*07:02:01:03
HG04199	SAS	HG04099	full:DogoHLA-no-graph	C	four_field	complete	1	1	0	1	C*03:02:02:01	C*07:02:01:03
HG04199	SAS	HG04099	full:DogoHLA-no-graph	DPA1	two_field	complete	1	1	1	2	DPA1*01:03:01:02	DPA1*02:02:02:01
HG04199	SAS	HG04099	full:DogoHLA-no-graph	DPA1	four_field	complete	0	0	0	0	DPA1*01:03:01:02	DPA1*02:02:02:01
HG04199	SAS	HG04099	full:DogoHLA-no-graph	DPB1	two_field	complete	1	1	1	2	DPB1*01:01:01:01	DPB1*104:01:01:01
HG04199	SAS	HG04099	full:DogoHLA-no-graph	DPB1	four_field	complete	1	1	0	0	DPB1*01:01:01:01	DPB1*104:01:01:01
HG04199	SAS	HG04099	full:DogoHLA-no-graph	DQA1	two_field	complete	1	1	1	2	DQA1*01:01:13	DQA1*03:01:01:01
HG04199	SAS	HG04099	full:DogoHLA-no-graph	DQA1	four_field	complete	1	0	0	1	DQA1*01:01:13	DQA1*03:01:01:01
HG04199	SAS	HG04099	full:DogoHLA-no-graph	DQB1	two_field	complete	1	1	1	2	DQB1*03:02:01:01	DQB1*05:01:01:01
HG04199	SAS	HG04099	full:DogoHLA-no-graph	DQB1	four_field	complete	1	1	0	1	DQB1*03:02:01:01	DQB1*05:01:01:01
HG04199	SAS	HG04099	full:DogoHLA-no-graph	DRB1	two_field	complete	1	1	1	2	DRB1*04:03:01:01	DRB1*01:01:01:01
HG04199	SAS	HG04099	full:DogoHLA-no-graph	DRB1	four_field	complete	0	0	0	0	DRB1*04:03:01:01	DRB1*01:01:01:01
HG04199	SAS	HG04099	hprc:DogoHLA	A	two_field	complete	1	1	0	0	A*33:242:01:01	A*03:370
HG04199	SAS	HG04099	hprc:DogoHLA	A	four_field	complete	1	0	0	0	A*33:242:01:01	A*03:370
HG04199	SAS	HG04099	hprc:DogoHLA	B	two_field	complete	1	1	1	2	B*07:02:01:01	B*58:01:01:03
HG04199	SAS	HG04099	hprc:DogoHLA	B	four_field	complete	0	0	0	0	B*07:02:01:01	B*58:01:01:03
HG04199	SAS	HG04099	hprc:DogoHLA	C	two_field	complete	1	1	1	2	C*03:02:02:01	C*07:02:01:03
HG04199	SAS	HG04099	hprc:DogoHLA	C	four_field	complete	1	1	0	1	C*03:02:02:01	C*07:02:01:03
HG04199	SAS	HG04099	hprc:DogoHLA	DPA1	two_field	complete	1	1	1	2	DPA1*01:03:01:02	DPA1*02:02:02:01
HG04199	SAS	HG04099	hprc:DogoHLA	DPA1	four_field	complete	0	0	0	0	DPA1*01:03:01:02	DPA1*02:02:02:01
HG04199	SAS	HG04099	hprc:DogoHLA	DPB1	two_field	complete	1	1	1	2	DPB1*01:01:01:01	DPB1*104:01:01:01
HG04199	SAS	HG04099	hprc:DogoHLA	DPB1	four_field	complete	1	1	0	0	DPB1*01:01:01:01	DPB1*104:01:01:01
HG04199	SAS	HG04099	hprc:DogoHLA	DQA1	two_field	complete	1	1	1	2	DQA1*01:01:13	DQA1*03:01:01:01
HG04199	SAS	HG04099	hprc:DogoHLA	DQA1	four_field	complete	1	0	0	1	DQA1*01:01:13	DQA1*03:01:01:01
HG04199	SAS	HG04099	hprc:DogoHLA	DQB1	two_field	complete	1	1	1	2	DQB1*03:02:01:01	DQB1*05:01:01:01
HG04199	SAS	HG04099	hprc:DogoHLA	DQB1	four_field	complete	1	1	0	1	DQB1*03:02:01:01	DQB1*05:01:01:01
HG04199	SAS	HG04099	hprc:DogoHLA	DRB1	two_field	complete	1	1	1	2	DRB1*04:03:01:01	DRB1*01:01:01:01
HG04199	SAS	HG04099	hprc:DogoHLA	DRB1	four_field	complete	0	0	0	0	DRB1*04:03:01:01	DRB1*01:01:01:01
HG04199	SAS	HG04099	hprc:DogoHLA-no-graph	A	two_field	complete	1	1	0	0	A*33:242:01:01	A*03:370
HG04199	SAS	HG04099	hprc:DogoHLA-no-graph	A	four_field	complete	1	0	0	0	A*33:242:01:01	A*03:370
HG04199	SAS	HG04099	hprc:DogoHLA-no-graph	B	two_field	complete	1	1	1	2	B*07:02:01:01	B*58:01:01:03
HG04199	SAS	HG04099	hprc:DogoHLA-no-graph	B	four_field	complete	0	0	0	0	B*07:02:01:01	B*58:01:01:03
HG04199	SAS	HG04099	hprc:DogoHLA-no-graph	C	two_field	complete	1	1	1	2	C*03:02:02:01	C*07:02:01:03
HG04199	SAS	HG04099	hprc:DogoHLA-no-graph	C	four_field	complete	1	1	0	1	C*03:02:02:01	C*07:02:01:03
HG04199	SAS	HG04099	hprc:DogoHLA-no-graph	DPA1	two_field	complete	1	1	1	2	DPA1*01:03:01:02	DPA1*02:02:02:01
HG04199	SAS	HG04099	hprc:DogoHLA-no-graph	DPA1	four_field	complete	0	0	0	0	DPA1*01:03:01:02	DPA1*02:02:02:01
HG04199	SAS	HG04099	hprc:DogoHLA-no-graph	DPB1	two_field	complete	1	1	1	2	DPB1*01:01:01:01	DPB1*104:01:01:01
HG04199	SAS	HG04099	hprc:DogoHLA-no-graph	DPB1	four_field	complete	1	1	0	0	DPB1*01:01:01:01	DPB1*104:01:01:01
HG04199	SAS	HG04099	hprc:DogoHLA-no-graph	DQA1	two_field	complete	1	1	1	2	DQA1*01:01:13	DQA1*03:01:01:01
HG04199	SAS	HG04099	hprc:DogoHLA-no-graph	DQA1	four_field	complete	1	0	0	1	DQA1*01:01:13	DQA1*03:01:01:01
HG04199	SAS	HG04099	hprc:DogoHLA-no-graph	DQB1	two_field	complete	1	1	1	2	DQB1*03:02:01:01	DQB1*05:01:01:01
HG04199	SAS	HG04099	hprc:DogoHLA-no-graph	DQB1	four_field	complete	1	1	0	1	DQB1*03:02:01:01	DQB1*05:01:01:01
HG04199	SAS	HG04099	hprc:DogoHLA-no-graph	DRB1	two_field	complete	1	1	1	2	DRB1*04:03:01:01	DRB1*01:01:01:01
HG04199	SAS	HG04099	hprc:DogoHLA-no-graph	DRB1	four_field	complete	0	0	0	0	DRB1*04:03:01:01	DRB1*01:01:01:01
HG04199	SAS	HG04099	asian_matched:DogoHLA	A	two_field	complete	1	1	1	2	A*33:03:01:01	A*03:01:16
HG04199	SAS	HG04099	asian_matched:DogoHLA	A	four_field	complete	1	0	0	1	A*33:03:01:01	A*03:01:16
HG04199	SAS	HG04099	asian_matched:DogoHLA	B	two_field	complete	1	1	1	2	B*07:02:01:01	B*58:01:01:03
HG04199	SAS	HG04099	asian_matched:DogoHLA	B	four_field	complete	0	0	0	0	B*07:02:01:01	B*58:01:01:03
HG04199	SAS	HG04099	asian_matched:DogoHLA	C	two_field	complete	1	1	1	2	C*03:02:02:01	C*07:02:01:03
HG04199	SAS	HG04099	asian_matched:DogoHLA	C	four_field	complete	1	1	0	1	C*03:02:02:01	C*07:02:01:03
HG04199	SAS	HG04099	asian_matched:DogoHLA	DPA1	two_field	complete	1	1	1	2	DPA1*01:03:01:02	DPA1*02:02:02:01
HG04199	SAS	HG04099	asian_matched:DogoHLA	DPA1	four_field	complete	0	0	0	0	DPA1*01:03:01:02	DPA1*02:02:02:01
HG04199	SAS	HG04099	asian_matched:DogoHLA	DPB1	two_field	complete	1	1	1	2	DPB1*01:01:01:01	DPB1*104:01:01:01
HG04199	SAS	HG04099	asian_matched:DogoHLA	DPB1	four_field	complete	1	1	0	0	DPB1*01:01:01:01	DPB1*104:01:01:01
HG04199	SAS	HG04099	asian_matched:DogoHLA	DQA1	two_field	complete	1	1	1	2	DQA1*01:01:13	DQA1*03:01:01:01
HG04199	SAS	HG04099	asian_matched:DogoHLA	DQA1	four_field	complete	1	0	0	1	DQA1*01:01:13	DQA1*03:01:01:01
HG04199	SAS	HG04099	asian_matched:DogoHLA	DQB1	two_field	complete	1	1	1	2	DQB1*03:02:01:01	DQB1*05:01:01:01
HG04199	SAS	HG04099	asian_matched:DogoHLA	DQB1	four_field	complete	1	1	0	1	DQB1*03:02:01:01	DQB1*05:01:01:01
HG04199	SAS	HG04099	asian_matched:DogoHLA	DRB1	two_field	complete	1	1	1	2	DRB1*04:03:01:01	DRB1*01:01:01:01
HG04199	SAS	HG04099	asian_matched:DogoHLA	DRB1	four_field	complete	0	0	0	0	DRB1*04:03:01:01	DRB1*01:01:01:01
HG04199	SAS	HG04099	asian_matched:DogoHLA-no-graph	A	two_field	complete	1	1	1	2	A*33:03:01:01	A*03:01:16
HG04199	SAS	HG04099	asian_matched:DogoHLA-no-graph	A	four_field	complete	1	0	0	1	A*33:03:01:01	A*03:01:16
HG04199	SAS	HG04099	asian_matched:DogoHLA-no-graph	B	two_field	complete	1	1	1	2	B*07:02:01:01	B*58:01:01:03
HG04199	SAS	HG04099	asian_matched:DogoHLA-no-graph	B	four_field	complete	0	0	0	0	B*07:02:01:01	B*58:01:01:03
HG04199	SAS	HG04099	asian_matched:DogoHLA-no-graph	C	two_field	complete	1	1	1	2	C*03:02:02:01	C*07:02:01:03
HG04199	SAS	HG04099	asian_matched:DogoHLA-no-graph	C	four_field	complete	1	1	0	1	C*03:02:02:01	C*07:02:01:03
HG04199	SAS	HG04099	asian_matched:DogoHLA-no-graph	DPA1	two_field	complete	1	1	1	2	DPA1*01:03:01:02	DPA1*02:02:02:01
HG04199	SAS	HG04099	asian_matched:DogoHLA-no-graph	DPA1	four_field	complete	0	0	0	0	DPA1*01:03:01:02	DPA1*02:02:02:01
HG04199	SAS	HG04099	asian_matched:DogoHLA-no-graph	DPB1	two_field	complete	1	1	1	2	DPB1*01:01:01:01	DPB1*104:01:01:01
HG04199	SAS	HG04099	asian_matched:DogoHLA-no-graph	DPB1	four_field	complete	1	1	0	0	DPB1*01:01:01:01	DPB1*104:01:01:01
HG04199	SAS	HG04099	asian_matched:DogoHLA-no-graph	DQA1	two_field	complete	1	1	1	2	DQA1*01:01:13	DQA1*03:01:01:01
HG04199	SAS	HG04099	asian_matched:DogoHLA-no-graph	DQA1	four_field	complete	1	0	0	1	DQA1*01:01:13	DQA1*03:01:01:01
HG04199	SAS	HG04099	asian_matched:DogoHLA-no-graph	DQB1	two_field	complete	1	1	1	2	DQB1*03:02:01:01	DQB1*05:01:01:01
HG04199	SAS	HG04099	asian_matched:DogoHLA-no-graph	DQB1	four_field	complete	1	1	0	1	DQB1*03:02:01:01	DQB1*05:01:01:01
HG04199	SAS	HG04099	asian_matched:DogoHLA-no-graph	DRB1	two_field	complete	1	1	1	2	DRB1*04:03:01:01	DRB1*01:01:01:01
HG04199	SAS	HG04099	asian_matched:DogoHLA-no-graph	DRB1	four_field	complete	0	0	0	0	DRB1*04:03:01:01	DRB1*01:01:01:01
NA18608	EAS	NA18608	SpecHLA-IPD365-noFreq	A	two_field	complete	1	1	0	0	A*23:156	A*31:08
NA18608	EAS	NA18608	SpecHLA-IPD365-noFreq	A	four_field	complete	1	0	0	0	A*23:156	A*31:08
NA18608	EAS	NA18608	SpecHLA-IPD365-noFreq	B	two_field	complete	1	1	1	2	B*48:01:01:02	B*51:01:01:04
NA18608	EAS	NA18608	SpecHLA-IPD365-noFreq	B	four_field	complete	1	1	0	1	B*48:01:01:02	B*51:01:01:04
NA18608	EAS	NA18608	SpecHLA-IPD365-noFreq	C	two_field	complete	1	1	1	2	C*08:01:01:01	C*15:02:01:01
NA18608	EAS	NA18608	SpecHLA-IPD365-noFreq	C	four_field	complete	1	1	1	2	C*08:01:01:01	C*15:02:01:01
NA18608	EAS	NA18608	SpecHLA-IPD365-noFreq	DPA1	two_field	complete	1	1	1	2	DPA1*02:02:02:01	DPA1*01:03:01:01
NA18608	EAS	NA18608	SpecHLA-IPD365-noFreq	DPA1	four_field	complete	0	0	0	0	DPA1*02:02:02:01	DPA1*01:03:01:01
NA18608	EAS	NA18608	SpecHLA-IPD365-noFreq	DPB1	two_field	complete	1	1	1	2	DPB1*05:01:01:01	DPB1*02:01:02:01
NA18608	EAS	NA18608	SpecHLA-IPD365-noFreq	DPB1	four_field	complete	1	1	1	2	DPB1*05:01:01:01	DPB1*02:01:02:01
NA18608	EAS	NA18608	SpecHLA-IPD365-noFreq	DQA1	two_field	complete	1	1	1	2	DQA1*01:04:01:01	DQA1*01:04:02:02
NA18608	EAS	NA18608	SpecHLA-IPD365-noFreq	DQA1	four_field	complete	1	1	0	0	DQA1*01:04:01:01	DQA1*01:04:02:02
NA18608	EAS	NA18608	SpecHLA-IPD365-noFreq	DQB1	two_field	complete	1	1	1	2	DQB1*05:03:01:01	DQB1*05:03:01:10
NA18608	EAS	NA18608	SpecHLA-IPD365-noFreq	DQB1	four_field	complete	0	0	0	0	DQB1*05:03:01:01	DQB1*05:03:01:10
NA18608	EAS	NA18608	SpecHLA-IPD365-noFreq	DRB1	two_field	complete	1	1	1	2	DRB1*14:07:01	DRB1*14:05:01:02
NA18608	EAS	NA18608	SpecHLA-IPD365-noFreq	DRB1	four_field	complete	0	0	0	0	DRB1*14:07:01	DRB1*14:05:01:02
NA18608	EAS	NA18608	SpecHLA-IPD365-long-noFreq	A	two_field	complete	1	1	0	0	A*23:156	A*31:08
NA18608	EAS	NA18608	SpecHLA-IPD365-long-noFreq	A	four_field	complete	1	0	0	0	A*23:156	A*31:08
NA18608	EAS	NA18608	SpecHLA-IPD365-long-noFreq	B	two_field	complete	1	1	1	2	B*48:01:01:02	B*51:01:01:04
NA18608	EAS	NA18608	SpecHLA-IPD365-long-noFreq	B	four_field	complete	1	1	0	1	B*48:01:01:02	B*51:01:01:04
NA18608	EAS	NA18608	SpecHLA-IPD365-long-noFreq	C	two_field	complete	1	1	1	2	C*08:01:01:01	C*15:02:01:01
NA18608	EAS	NA18608	SpecHLA-IPD365-long-noFreq	C	four_field	complete	1	1	1	2	C*08:01:01:01	C*15:02:01:01
NA18608	EAS	NA18608	SpecHLA-IPD365-long-noFreq	DPA1	two_field	complete	1	1	1	2	DPA1*02:02:02:01	DPA1*01:03:01:01
NA18608	EAS	NA18608	SpecHLA-IPD365-long-noFreq	DPA1	four_field	complete	0	0	0	0	DPA1*02:02:02:01	DPA1*01:03:01:01
NA18608	EAS	NA18608	SpecHLA-IPD365-long-noFreq	DPB1	two_field	complete	1	1	1	2	DPB1*05:01:01:01	DPB1*02:01:02:01
NA18608	EAS	NA18608	SpecHLA-IPD365-long-noFreq	DPB1	four_field	complete	1	1	1	2	DPB1*05:01:01:01	DPB1*02:01:02:01
NA18608	EAS	NA18608	SpecHLA-IPD365-long-noFreq	DQA1	two_field	complete	1	1	1	2	DQA1*01:04:01:01	DQA1*01:04:02:02
NA18608	EAS	NA18608	SpecHLA-IPD365-long-noFreq	DQA1	four_field	complete	1	1	0	0	DQA1*01:04:01:01	DQA1*01:04:02:02
NA18608	EAS	NA18608	SpecHLA-IPD365-long-noFreq	DQB1	two_field	complete	1	1	1	2	DQB1*05:03:01:01	DQB1*05:03:01:10
NA18608	EAS	NA18608	SpecHLA-IPD365-long-noFreq	DQB1	four_field	complete	0	0	0	0	DQB1*05:03:01:01	DQB1*05:03:01:10
NA18608	EAS	NA18608	SpecHLA-IPD365-long-noFreq	DRB1	two_field	complete	1	1	1	2	DRB1*14:07:02	DRB1*14:05:01:02
NA18608	EAS	NA18608	SpecHLA-IPD365-long-noFreq	DRB1	four_field	complete	0	0	0	0	DRB1*14:07:02	DRB1*14:05:01:02
NA18608	EAS	NA18608	T1K-four-field	A	two_field	complete	1	1	1	2	A*24:02:01:01	A*31:01:02:01
NA18608	EAS	NA18608	T1K-four-field	A	four_field	complete	1	1	1	2	A*24:02:01:01	A*31:01:02:01
NA18608	EAS	NA18608	T1K-four-field	B	two_field	complete	1	1	0	1	B*48:01:01:01	B*51:230:01:01,HLA-B*51:230:01:03
NA18608	EAS	NA18608	T1K-four-field	B	four_field	complete	1	1	0	0	B*48:01:01:01	B*51:230:01:01,HLA-B*51:230:01:03
NA18608	EAS	NA18608	T1K-four-field	C	two_field	complete	1	1	1	2	C*15:02:01:01	C*08:01:01:01
NA18608	EAS	NA18608	T1K-four-field	C	four_field	complete	1	1	1	2	C*15:02:01:01	C*08:01:01:01
NA18608	EAS	NA18608	T1K-four-field	DPA1	two_field	complete	1	1	1	2	DPA1*02:02:02:01	DPA1*01:03:01:01
NA18608	EAS	NA18608	T1K-four-field	DPA1	four_field	complete	0	0	0	0	DPA1*02:02:02:01	DPA1*01:03:01:01
NA18608	EAS	NA18608	T1K-four-field	DPB1	two_field	complete	1	1	1	2	DPB1*02:01:02:30	DPB1*05:01:01:20
NA18608	EAS	NA18608	T1K-four-field	DPB1	four_field	complete	1	1	0	0	DPB1*02:01:02:30	DPB1*05:01:01:20
NA18608	EAS	NA18608	T1K-four-field	DQA1	two_field	complete	1	1	1	2	DQA1*01:04:01:01	DQA1*01:04:01:01
NA18608	EAS	NA18608	T1K-four-field	DQA1	four_field	complete	1	1	0	0	DQA1*01:04:01:01	DQA1*01:04:01:01
NA18608	EAS	NA18608	T1K-four-field	DQB1	two_field	complete	1	1	1	2	DQB1*05:03:01:01	DQB1*05:03:01:01
NA18608	EAS	NA18608	T1K-four-field	DQB1	four_field	complete	0	0	0	0	DQB1*05:03:01:01	DQB1*05:03:01:01
NA18608	EAS	NA18608	T1K-four-field	DRB1	two_field	complete	1	1	1	2	DRB1*14:05:01:02	DRB1*14:07:01
NA18608	EAS	NA18608	T1K-four-field	DRB1	four_field	complete	0	0	0	0	DRB1*14:05:01:02	DRB1*14:07:01
NA18608	EAS	NA18608	full:DogoHLA	A	two_field	complete	1	1	0	0	A*24:11N	A*31:193
NA18608	EAS	NA18608	full:DogoHLA	A	four_field	complete	1	0	0	0	A*24:11N	A*31:193
NA18608	EAS	NA18608	full:DogoHLA	B	two_field	complete	1	1	1	2	B*48:01:01:02	B*51:01:01:04
NA18608	EAS	NA18608	full:DogoHLA	B	four_field	complete	1	1	0	1	B*48:01:01:02	B*51:01:01:04
NA18608	EAS	NA18608	full:DogoHLA	C	two_field	complete	1	1	1	2	C*08:01:01:01	C*15:02:01:01
NA18608	EAS	NA18608	full:DogoHLA	C	four_field	complete	1	1	1	2	C*08:01:01:01	C*15:02:01:01
NA18608	EAS	NA18608	full:DogoHLA	DPA1	two_field	complete	1	1	1	2	DPA1*02:02:02:01	DPA1*01:03:01:01
NA18608	EAS	NA18608	full:DogoHLA	DPA1	four_field	complete	0	0	0	0	DPA1*02:02:02:01	DPA1*01:03:01:01
NA18608	EAS	NA18608	full:DogoHLA	DPB1	two_field	complete	1	1	1	2	DPB1*02:01:02:01	DPB1*05:01:01:01
NA18608	EAS	NA18608	full:DogoHLA	DPB1	four_field	complete	1	1	1	2	DPB1*02:01:02:01	DPB1*05:01:01:01
NA18608	EAS	NA18608	full:DogoHLA	DQA1	two_field	complete	1	1	1	2	DQA1*01:04:01:01	DQA1*01:04:02:02
NA18608	EAS	NA18608	full:DogoHLA	DQA1	four_field	complete	1	1	0	0	DQA1*01:04:01:01	DQA1*01:04:02:02
NA18608	EAS	NA18608	full:DogoHLA	DQB1	two_field	complete	1	1	1	2	DQB1*05:03:01:01	DQB1*05:03:01:10
NA18608	EAS	NA18608	full:DogoHLA	DQB1	four_field	complete	0	0	0	0	DQB1*05:03:01:01	DQB1*05:03:01:10
NA18608	EAS	NA18608	full:DogoHLA	DRB1	two_field	complete	1	1	1	2	DRB1*14:07:01	DRB1*14:05:01:02
NA18608	EAS	NA18608	full:DogoHLA	DRB1	four_field	complete	0	0	0	0	DRB1*14:07:01	DRB1*14:05:01:02
NA18608	EAS	NA18608	full:DogoHLA-no-graph	A	two_field	complete	1	1	0	0	A*24:11N	A*31:193
NA18608	EAS	NA18608	full:DogoHLA-no-graph	A	four_field	complete	1	0	0	0	A*24:11N	A*31:193
NA18608	EAS	NA18608	full:DogoHLA-no-graph	B	two_field	complete	1	1	1	2	B*48:01:01:02	B*51:01:01:04
NA18608	EAS	NA18608	full:DogoHLA-no-graph	B	four_field	complete	1	1	0	1	B*48:01:01:02	B*51:01:01:04
NA18608	EAS	NA18608	full:DogoHLA-no-graph	C	two_field	complete	1	1	1	2	C*08:01:01:01	C*15:02:01:01
NA18608	EAS	NA18608	full:DogoHLA-no-graph	C	four_field	complete	1	1	1	2	C*08:01:01:01	C*15:02:01:01
NA18608	EAS	NA18608	full:DogoHLA-no-graph	DPA1	two_field	complete	1	1	1	2	DPA1*02:02:02:01	DPA1*01:03:01:01
NA18608	EAS	NA18608	full:DogoHLA-no-graph	DPA1	four_field	complete	0	0	0	0	DPA1*02:02:02:01	DPA1*01:03:01:01
NA18608	EAS	NA18608	full:DogoHLA-no-graph	DPB1	two_field	complete	1	1	1	2	DPB1*02:01:02:01	DPB1*05:01:01:01
NA18608	EAS	NA18608	full:DogoHLA-no-graph	DPB1	four_field	complete	1	1	1	2	DPB1*02:01:02:01	DPB1*05:01:01:01
NA18608	EAS	NA18608	full:DogoHLA-no-graph	DQA1	two_field	complete	1	1	1	2	DQA1*01:04:01:01	DQA1*01:04:02:02
NA18608	EAS	NA18608	full:DogoHLA-no-graph	DQA1	four_field	complete	1	1	0	0	DQA1*01:04:01:01	DQA1*01:04:02:02
NA18608	EAS	NA18608	full:DogoHLA-no-graph	DQB1	two_field	complete	1	1	1	2	DQB1*05:03:01:01	DQB1*05:03:01:10
NA18608	EAS	NA18608	full:DogoHLA-no-graph	DQB1	four_field	complete	0	0	0	0	DQB1*05:03:01:01	DQB1*05:03:01:10
NA18608	EAS	NA18608	full:DogoHLA-no-graph	DRB1	two_field	complete	1	1	1	2	DRB1*14:07:01	DRB1*14:05:01:02
NA18608	EAS	NA18608	full:DogoHLA-no-graph	DRB1	four_field	complete	0	0	0	0	DRB1*14:07:01	DRB1*14:05:01:02
NA18608	EAS	NA18608	hprc:DogoHLA	A	two_field	complete	1	1	0	0	A*31:193	A*24:11N
NA18608	EAS	NA18608	hprc:DogoHLA	A	four_field	complete	1	0	0	0	A*31:193	A*24:11N
NA18608	EAS	NA18608	hprc:DogoHLA	B	two_field	complete	1	1	1	2	B*48:01:01:02	B*51:01:01:04
NA18608	EAS	NA18608	hprc:DogoHLA	B	four_field	complete	1	1	0	1	B*48:01:01:02	B*51:01:01:04
NA18608	EAS	NA18608	hprc:DogoHLA	C	two_field	complete	1	1	1	2	C*08:01:01:01	C*15:02:01:01
NA18608	EAS	NA18608	hprc:DogoHLA	C	four_field	complete	1	1	1	2	C*08:01:01:01	C*15:02:01:01
NA18608	EAS	NA18608	hprc:DogoHLA	DPA1	two_field	complete	1	1	1	2	DPA1*02:02:02:01	DPA1*01:03:01:01
NA18608	EAS	NA18608	hprc:DogoHLA	DPA1	four_field	complete	0	0	0	0	DPA1*02:02:02:01	DPA1*01:03:01:01
NA18608	EAS	NA18608	hprc:DogoHLA	DPB1	two_field	complete	1	1	1	2	DPB1*02:01:02:01	DPB1*05:01:01:01
NA18608	EAS	NA18608	hprc:DogoHLA	DPB1	four_field	complete	1	1	1	2	DPB1*02:01:02:01	DPB1*05:01:01:01
NA18608	EAS	NA18608	hprc:DogoHLA	DQA1	two_field	complete	1	1	1	2	DQA1*01:04:01:01	DQA1*01:04:02:02
NA18608	EAS	NA18608	hprc:DogoHLA	DQA1	four_field	complete	1	1	0	0	DQA1*01:04:01:01	DQA1*01:04:02:02
NA18608	EAS	NA18608	hprc:DogoHLA	DQB1	two_field	complete	1	1	1	2	DQB1*05:03:01:01	DQB1*05:03:01:10
NA18608	EAS	NA18608	hprc:DogoHLA	DQB1	four_field	complete	0	0	0	0	DQB1*05:03:01:01	DQB1*05:03:01:10
NA18608	EAS	NA18608	hprc:DogoHLA	DRB1	two_field	complete	1	1	1	2	DRB1*14:07:01	DRB1*14:05:01:02
NA18608	EAS	NA18608	hprc:DogoHLA	DRB1	four_field	complete	0	0	0	0	DRB1*14:07:01	DRB1*14:05:01:02
NA18608	EAS	NA18608	hprc:DogoHLA-no-graph	A	two_field	complete	1	1	0	0	A*31:193	A*24:11N
NA18608	EAS	NA18608	hprc:DogoHLA-no-graph	A	four_field	complete	1	0	0	0	A*31:193	A*24:11N
NA18608	EAS	NA18608	hprc:DogoHLA-no-graph	B	two_field	complete	1	1	1	2	B*48:01:01:02	B*51:01:01:04
NA18608	EAS	NA18608	hprc:DogoHLA-no-graph	B	four_field	complete	1	1	0	1	B*48:01:01:02	B*51:01:01:04
NA18608	EAS	NA18608	hprc:DogoHLA-no-graph	C	two_field	complete	1	1	1	2	C*08:01:01:01	C*15:02:01:01
NA18608	EAS	NA18608	hprc:DogoHLA-no-graph	C	four_field	complete	1	1	1	2	C*08:01:01:01	C*15:02:01:01
NA18608	EAS	NA18608	hprc:DogoHLA-no-graph	DPA1	two_field	complete	1	1	1	2	DPA1*02:02:02:01	DPA1*01:03:01:01
NA18608	EAS	NA18608	hprc:DogoHLA-no-graph	DPA1	four_field	complete	0	0	0	0	DPA1*02:02:02:01	DPA1*01:03:01:01
NA18608	EAS	NA18608	hprc:DogoHLA-no-graph	DPB1	two_field	complete	1	1	1	2	DPB1*02:01:02:01	DPB1*05:01:01:01
NA18608	EAS	NA18608	hprc:DogoHLA-no-graph	DPB1	four_field	complete	1	1	1	2	DPB1*02:01:02:01	DPB1*05:01:01:01
NA18608	EAS	NA18608	hprc:DogoHLA-no-graph	DQA1	two_field	complete	1	1	1	2	DQA1*01:04:01:01	DQA1*01:04:02:02
NA18608	EAS	NA18608	hprc:DogoHLA-no-graph	DQA1	four_field	complete	1	1	0	0	DQA1*01:04:01:01	DQA1*01:04:02:02
NA18608	EAS	NA18608	hprc:DogoHLA-no-graph	DQB1	two_field	complete	1	1	1	2	DQB1*05:03:01:01	DQB1*05:03:01:10
NA18608	EAS	NA18608	hprc:DogoHLA-no-graph	DQB1	four_field	complete	0	0	0	0	DQB1*05:03:01:01	DQB1*05:03:01:10
NA18608	EAS	NA18608	hprc:DogoHLA-no-graph	DRB1	two_field	complete	1	1	1	2	DRB1*14:07:01	DRB1*14:05:01:02
NA18608	EAS	NA18608	hprc:DogoHLA-no-graph	DRB1	four_field	complete	0	0	0	0	DRB1*14:07:01	DRB1*14:05:01:02
NA18608	EAS	NA18608	asian_matched:DogoHLA	A	two_field	complete	1	1	0	0	A*24:11N	A*31:193
NA18608	EAS	NA18608	asian_matched:DogoHLA	A	four_field	complete	1	0	0	0	A*24:11N	A*31:193
NA18608	EAS	NA18608	asian_matched:DogoHLA	B	two_field	complete	1	1	1	2	B*48:01:01:02	B*51:01:01:04
NA18608	EAS	NA18608	asian_matched:DogoHLA	B	four_field	complete	1	1	0	1	B*48:01:01:02	B*51:01:01:04
NA18608	EAS	NA18608	asian_matched:DogoHLA	C	two_field	complete	1	1	1	2	C*08:01:01:01	C*15:02:01:01
NA18608	EAS	NA18608	asian_matched:DogoHLA	C	four_field	complete	1	1	1	2	C*08:01:01:01	C*15:02:01:01
NA18608	EAS	NA18608	asian_matched:DogoHLA	DPA1	two_field	complete	1	1	1	2	DPA1*02:02:02:01	DPA1*01:03:01:01
NA18608	EAS	NA18608	asian_matched:DogoHLA	DPA1	four_field	complete	0	0	0	0	DPA1*02:02:02:01	DPA1*01:03:01:01
NA18608	EAS	NA18608	asian_matched:DogoHLA	DPB1	two_field	complete	1	1	1	2	DPB1*02:01:02:01	DPB1*05:01:01:01
NA18608	EAS	NA18608	asian_matched:DogoHLA	DPB1	four_field	complete	1	1	1	2	DPB1*02:01:02:01	DPB1*05:01:01:01
NA18608	EAS	NA18608	asian_matched:DogoHLA	DQA1	two_field	complete	1	1	1	2	DQA1*01:04:01:01	DQA1*01:04:02:02
NA18608	EAS	NA18608	asian_matched:DogoHLA	DQA1	four_field	complete	1	1	0	0	DQA1*01:04:01:01	DQA1*01:04:02:02
NA18608	EAS	NA18608	asian_matched:DogoHLA	DQB1	two_field	complete	1	1	1	2	DQB1*05:03:01:01	DQB1*05:03:01:10
NA18608	EAS	NA18608	asian_matched:DogoHLA	DQB1	four_field	complete	0	0	0	0	DQB1*05:03:01:01	DQB1*05:03:01:10
NA18608	EAS	NA18608	asian_matched:DogoHLA	DRB1	two_field	complete	1	1	1	2	DRB1*14:07:01	DRB1*14:05:01:02
NA18608	EAS	NA18608	asian_matched:DogoHLA	DRB1	four_field	complete	0	0	0	0	DRB1*14:07:01	DRB1*14:05:01:02
NA18608	EAS	NA18608	asian_matched:DogoHLA-no-graph	A	two_field	complete	1	1	0	0	A*24:11N	A*31:193
NA18608	EAS	NA18608	asian_matched:DogoHLA-no-graph	A	four_field	complete	1	0	0	0	A*24:11N	A*31:193
NA18608	EAS	NA18608	asian_matched:DogoHLA-no-graph	B	two_field	complete	1	1	1	2	B*48:01:01:02	B*51:01:01:04
NA18608	EAS	NA18608	asian_matched:DogoHLA-no-graph	B	four_field	complete	1	1	0	1	B*48:01:01:02	B*51:01:01:04
NA18608	EAS	NA18608	asian_matched:DogoHLA-no-graph	C	two_field	complete	1	1	1	2	C*08:01:01:01	C*15:02:01:01
NA18608	EAS	NA18608	asian_matched:DogoHLA-no-graph	C	four_field	complete	1	1	1	2	C*08:01:01:01	C*15:02:01:01
NA18608	EAS	NA18608	asian_matched:DogoHLA-no-graph	DPA1	two_field	complete	1	1	1	2	DPA1*02:02:02:01	DPA1*01:03:01:01
NA18608	EAS	NA18608	asian_matched:DogoHLA-no-graph	DPA1	four_field	complete	0	0	0	0	DPA1*02:02:02:01	DPA1*01:03:01:01
NA18608	EAS	NA18608	asian_matched:DogoHLA-no-graph	DPB1	two_field	complete	1	1	1	2	DPB1*02:01:02:01	DPB1*05:01:01:01
NA18608	EAS	NA18608	asian_matched:DogoHLA-no-graph	DPB1	four_field	complete	1	1	1	2	DPB1*02:01:02:01	DPB1*05:01:01:01
NA18608	EAS	NA18608	asian_matched:DogoHLA-no-graph	DQA1	two_field	complete	1	1	1	2	DQA1*01:04:01:01	DQA1*01:04:02:02
NA18608	EAS	NA18608	asian_matched:DogoHLA-no-graph	DQA1	four_field	complete	1	1	0	0	DQA1*01:04:01:01	DQA1*01:04:02:02
NA18608	EAS	NA18608	asian_matched:DogoHLA-no-graph	DQB1	two_field	complete	1	1	1	2	DQB1*05:03:01:01	DQB1*05:03:01:10
NA18608	EAS	NA18608	asian_matched:DogoHLA-no-graph	DQB1	four_field	complete	0	0	0	0	DQB1*05:03:01:01	DQB1*05:03:01:10
NA18608	EAS	NA18608	asian_matched:DogoHLA-no-graph	DRB1	two_field	complete	1	1	1	2	DRB1*14:07:01	DRB1*14:05:01:02
NA18608	EAS	NA18608	asian_matched:DogoHLA-no-graph	DRB1	four_field	complete	0	0	0	0	DRB1*14:07:01	DRB1*14:05:01:02
NA20905	SAS	NA20905	SpecHLA-IPD365-noFreq	A	two_field	complete	1	1	0	0	A*11:372	A*24:555
NA20905	SAS	NA20905	SpecHLA-IPD365-noFreq	A	four_field	complete	1	0	0	0	A*11:372	A*24:555
NA20905	SAS	NA20905	SpecHLA-IPD365-noFreq	B	two_field	complete	1	1	0	1	B*40:544:01:01	B*49:01:01:17
NA20905	SAS	NA20905	SpecHLA-IPD365-noFreq	B	four_field	complete	0	0	0	0	B*40:544:01:01	B*49:01:01:17
NA20905	SAS	NA20905	SpecHLA-IPD365-noFreq	C	two_field	complete	1	1	1	2	C*15:02:01:01	C*07:01:01:01
NA20905	SAS	NA20905	SpecHLA-IPD365-noFreq	C	four_field	complete	1	1	0	1	C*15:02:01:01	C*07:01:01:01
NA20905	SAS	NA20905	SpecHLA-IPD365-noFreq	DPA1	two_field	complete	1	1	1	2	DPA1*01:03:01:02	DPA1*02:07:01:01
NA20905	SAS	NA20905	SpecHLA-IPD365-noFreq	DPA1	four_field	complete	0	0	0	0	DPA1*01:03:01:02	DPA1*02:07:01:01
NA20905	SAS	NA20905	SpecHLA-IPD365-noFreq	DPB1	two_field	complete	1	1	1	2	DPB1*04:01:01:171	DPB1*04:01:01:01
NA20905	SAS	NA20905	SpecHLA-IPD365-noFreq	DPB1	four_field	complete	1	1	0	1	DPB1*04:01:01:171	DPB1*04:01:01:01
NA20905	SAS	NA20905	SpecHLA-IPD365-noFreq	DQA1	two_field	complete	1	1	1	2	DQA1*01:03:01:01	DQA1*05:05:01:23
NA20905	SAS	NA20905	SpecHLA-IPD365-noFreq	DQA1	four_field	complete	1	1	0	1	DQA1*01:03:01:01	DQA1*05:05:01:23
NA20905	SAS	NA20905	SpecHLA-IPD365-noFreq	DQB1	two_field	complete	1	1	1	2	DQB1*06:01:01:01	DQB1*03:01:01:03
NA20905	SAS	NA20905	SpecHLA-IPD365-noFreq	DQB1	four_field	complete	1	1	0	1	DQB1*06:01:01:01	DQB1*03:01:01:03
NA20905	SAS	NA20905	SpecHLA-IPD365-noFreq	DRB1	two_field	complete	1	1	1	2	DRB1*15:02:01:02	DRB1*11:01:01:16
NA20905	SAS	NA20905	SpecHLA-IPD365-noFreq	DRB1	four_field	complete	0	0	0	0	DRB1*15:02:01:02	DRB1*11:01:01:16
NA20905	SAS	NA20905	SpecHLA-IPD365-long-noFreq	A	two_field	complete	1	1	0	0	A*11:372	A*24:555
NA20905	SAS	NA20905	SpecHLA-IPD365-long-noFreq	A	four_field	complete	1	0	0	0	A*11:372	A*24:555
NA20905	SAS	NA20905	SpecHLA-IPD365-long-noFreq	B	two_field	complete	1	1	0	1	B*40:544:01:01	B*49:01:01:17
NA20905	SAS	NA20905	SpecHLA-IPD365-long-noFreq	B	four_field	complete	0	0	0	0	B*40:544:01:01	B*49:01:01:17
NA20905	SAS	NA20905	SpecHLA-IPD365-long-noFreq	C	two_field	complete	1	1	1	2	C*15:02:01:01	C*07:01:01:01
NA20905	SAS	NA20905	SpecHLA-IPD365-long-noFreq	C	four_field	complete	1	1	0	1	C*15:02:01:01	C*07:01:01:01
NA20905	SAS	NA20905	SpecHLA-IPD365-long-noFreq	DPA1	two_field	complete	1	1	1	2	DPA1*01:03:01:02	DPA1*02:07:01:01
NA20905	SAS	NA20905	SpecHLA-IPD365-long-noFreq	DPA1	four_field	complete	0	0	0	0	DPA1*01:03:01:02	DPA1*02:07:01:01
NA20905	SAS	NA20905	SpecHLA-IPD365-long-noFreq	DPB1	two_field	complete	1	1	1	2	DPB1*04:01:01:01	DPB1*04:01:01:171
NA20905	SAS	NA20905	SpecHLA-IPD365-long-noFreq	DPB1	four_field	complete	1	1	0	1	DPB1*04:01:01:01	DPB1*04:01:01:171
NA20905	SAS	NA20905	SpecHLA-IPD365-long-noFreq	DQA1	two_field	complete	1	1	1	2	DQA1*01:03:01:01	DQA1*05:05:01:23
NA20905	SAS	NA20905	SpecHLA-IPD365-long-noFreq	DQA1	four_field	complete	1	1	0	1	DQA1*01:03:01:01	DQA1*05:05:01:23
NA20905	SAS	NA20905	SpecHLA-IPD365-long-noFreq	DQB1	two_field	complete	1	1	1	2	DQB1*06:01:01:01	DQB1*03:01:01:03
NA20905	SAS	NA20905	SpecHLA-IPD365-long-noFreq	DQB1	four_field	complete	1	1	0	1	DQB1*06:01:01:01	DQB1*03:01:01:03
NA20905	SAS	NA20905	SpecHLA-IPD365-long-noFreq	DRB1	two_field	complete	1	1	1	2	DRB1*11:01:01:01	DRB1*15:02:01:02
NA20905	SAS	NA20905	SpecHLA-IPD365-long-noFreq	DRB1	four_field	complete	0	0	0	0	DRB1*11:01:01:01	DRB1*15:02:01:02
NA20905	SAS	NA20905	T1K-four-field	A	two_field	complete	1	1	1	2	A*11:01:01:01	A*32:01:01:09
NA20905	SAS	NA20905	T1K-four-field	A	four_field	complete	1	1	1	2	A*11:01:01:01	A*32:01:01:09
NA20905	SAS	NA20905	T1K-four-field	B	two_field	complete	1	1	1	2	B*49:01:01:01	B*40:06:01:02
NA20905	SAS	NA20905	T1K-four-field	B	four_field	complete	0	0	0	0	B*49:01:01:01	B*40:06:01:02
NA20905	SAS	NA20905	T1K-four-field	C	two_field	complete	1	1	1	2	C*07:01:01:01	C*15:02:01:01,HLA-C*15:02:01:38
NA20905	SAS	NA20905	T1K-four-field	C	four_field	complete	1	1	0	0	C*07:01:01:01	C*15:02:01:01,HLA-C*15:02:01:38
NA20905	SAS	NA20905	T1K-four-field	DPA1	two_field	complete	1	1	1	2	DPA1*02:07:01:01	DPA1*01:03:01:02
NA20905	SAS	NA20905	T1K-four-field	DPA1	four_field	complete	0	0	0	0	DPA1*02:07:01:01	DPA1*01:03:01:02
NA20905	SAS	NA20905	T1K-four-field	DPB1	two_field	complete	1	1	1	2	DPB1*04:01:01:171	DPB1*04:01:01:14
NA20905	SAS	NA20905	T1K-four-field	DPB1	four_field	complete	1	1	0	1	DPB1*04:01:01:171	DPB1*04:01:01:14
NA20905	SAS	NA20905	T1K-four-field	DQA1	two_field	complete	1	1	1	2	DQA1*01:03:01:01	DQA1*05:05:01:51
NA20905	SAS	NA20905	T1K-four-field	DQA1	four_field	complete	1	1	0	1	DQA1*01:03:01:01	DQA1*05:05:01:51
NA20905	SAS	NA20905	T1K-four-field	DQB1	two_field	complete	1	1	1	2	DQB1*06:01:01:01	DQB1*03:01:01:01
NA20905	SAS	NA20905	T1K-four-field	DQB1	four_field	complete	1	1	0	1	DQB1*06:01:01:01	DQB1*03:01:01:01
NA20905	SAS	NA20905	T1K-four-field	DRB1	two_field	complete	1	1	1	2	DRB1*11:01:01:10	DRB1*15:02:01:03
NA20905	SAS	NA20905	T1K-four-field	DRB1	four_field	complete	0	0	0	0	DRB1*11:01:01:10	DRB1*15:02:01:03
NA20905	SAS	NA20905	full:DogoHLA	A	two_field	complete	1	1	0	0	A*24:555	A*11:372
NA20905	SAS	NA20905	full:DogoHLA	A	four_field	complete	1	0	0	0	A*24:555	A*11:372
NA20905	SAS	NA20905	full:DogoHLA	B	two_field	complete	1	1	1	2	B*49:01:01:04	B*40:06:01:03
NA20905	SAS	NA20905	full:DogoHLA	B	four_field	complete	0	0	0	0	B*49:01:01:04	B*40:06:01:03
NA20905	SAS	NA20905	full:DogoHLA	C	two_field	complete	1	1	1	2	C*15:02:01:01	C*07:01:01:01
NA20905	SAS	NA20905	full:DogoHLA	C	four_field	complete	1	1	0	1	C*15:02:01:01	C*07:01:01:01
NA20905	SAS	NA20905	full:DogoHLA	DPA1	two_field	complete	1	1	1	2	DPA1*01:03:01:02	DPA1*02:07:01:01
NA20905	SAS	NA20905	full:DogoHLA	DPA1	four_field	complete	0	0	0	0	DPA1*01:03:01:02	DPA1*02:07:01:01
NA20905	SAS	NA20905	full:DogoHLA	DPB1	two_field	complete	1	1	1	2	DPB1*04:01:01:01	DPB1*04:01:01:171
NA20905	SAS	NA20905	full:DogoHLA	DPB1	four_field	complete	1	1	0	1	DPB1*04:01:01:01	DPB1*04:01:01:171
NA20905	SAS	NA20905	full:DogoHLA	DQA1	two_field	complete	1	1	1	2	DQA1*01:03:01:01	DQA1*05:05:01:23
NA20905	SAS	NA20905	full:DogoHLA	DQA1	four_field	complete	1	1	0	1	DQA1*01:03:01:01	DQA1*05:05:01:23
NA20905	SAS	NA20905	full:DogoHLA	DQB1	two_field	complete	1	1	1	2	DQB1*06:01:01:01	DQB1*03:01:01:03
NA20905	SAS	NA20905	full:DogoHLA	DQB1	four_field	complete	1	1	0	1	DQB1*06:01:01:01	DQB1*03:01:01:03
NA20905	SAS	NA20905	full:DogoHLA	DRB1	two_field	complete	1	1	1	2	DRB1*11:01:01:01	DRB1*15:02:01:03
NA20905	SAS	NA20905	full:DogoHLA	DRB1	four_field	complete	0	0	0	0	DRB1*11:01:01:01	DRB1*15:02:01:03
NA20905	SAS	NA20905	full:DogoHLA-no-graph	A	two_field	complete	1	1	0	0	A*24:555	A*11:372
NA20905	SAS	NA20905	full:DogoHLA-no-graph	A	four_field	complete	1	0	0	0	A*24:555	A*11:372
NA20905	SAS	NA20905	full:DogoHLA-no-graph	B	two_field	complete	1	1	1	2	B*49:01:01:04	B*40:06:01:03
NA20905	SAS	NA20905	full:DogoHLA-no-graph	B	four_field	complete	0	0	0	0	B*49:01:01:04	B*40:06:01:03
NA20905	SAS	NA20905	full:DogoHLA-no-graph	C	two_field	complete	1	1	1	2	C*15:02:01:01	C*07:01:01:01
NA20905	SAS	NA20905	full:DogoHLA-no-graph	C	four_field	complete	1	1	0	1	C*15:02:01:01	C*07:01:01:01
NA20905	SAS	NA20905	full:DogoHLA-no-graph	DPA1	two_field	complete	1	1	1	2	DPA1*01:03:01:02	DPA1*02:07:01:01
NA20905	SAS	NA20905	full:DogoHLA-no-graph	DPA1	four_field	complete	0	0	0	0	DPA1*01:03:01:02	DPA1*02:07:01:01
NA20905	SAS	NA20905	full:DogoHLA-no-graph	DPB1	two_field	complete	1	1	1	2	DPB1*04:01:01:01	DPB1*04:01:01:171
NA20905	SAS	NA20905	full:DogoHLA-no-graph	DPB1	four_field	complete	1	1	0	1	DPB1*04:01:01:01	DPB1*04:01:01:171
NA20905	SAS	NA20905	full:DogoHLA-no-graph	DQA1	two_field	complete	1	1	1	2	DQA1*01:03:01:01	DQA1*05:05:01:23
NA20905	SAS	NA20905	full:DogoHLA-no-graph	DQA1	four_field	complete	1	1	0	1	DQA1*01:03:01:01	DQA1*05:05:01:23
NA20905	SAS	NA20905	full:DogoHLA-no-graph	DQB1	two_field	complete	1	1	1	2	DQB1*06:01:01:01	DQB1*03:01:01:03
NA20905	SAS	NA20905	full:DogoHLA-no-graph	DQB1	four_field	complete	1	1	0	1	DQB1*06:01:01:01	DQB1*03:01:01:03
NA20905	SAS	NA20905	full:DogoHLA-no-graph	DRB1	two_field	complete	1	1	1	2	DRB1*11:01:01:01	DRB1*15:02:01:03
NA20905	SAS	NA20905	full:DogoHLA-no-graph	DRB1	four_field	complete	0	0	0	0	DRB1*11:01:01:01	DRB1*15:02:01:03
NA20905	SAS	NA20905	hprc:DogoHLA	A	two_field	complete	1	1	0	0	A*24:555	A*11:372
NA20905	SAS	NA20905	hprc:DogoHLA	A	four_field	complete	1	0	0	0	A*24:555	A*11:372
NA20905	SAS	NA20905	hprc:DogoHLA	B	two_field	complete	1	1	1	2	B*49:01:01:04	B*40:06:01:03
NA20905	SAS	NA20905	hprc:DogoHLA	B	four_field	complete	0	0	0	0	B*49:01:01:04	B*40:06:01:03
NA20905	SAS	NA20905	hprc:DogoHLA	C	two_field	complete	1	1	1	2	C*15:02:01:01	C*07:01:01:01
NA20905	SAS	NA20905	hprc:DogoHLA	C	four_field	complete	1	1	0	1	C*15:02:01:01	C*07:01:01:01
NA20905	SAS	NA20905	hprc:DogoHLA	DPA1	two_field	complete	1	1	1	2	DPA1*01:03:01:02	DPA1*02:07:01:01
NA20905	SAS	NA20905	hprc:DogoHLA	DPA1	four_field	complete	0	0	0	0	DPA1*01:03:01:02	DPA1*02:07:01:01
NA20905	SAS	NA20905	hprc:DogoHLA	DPB1	two_field	complete	1	1	1	2	DPB1*04:01:01:01	DPB1*04:01:01:171
NA20905	SAS	NA20905	hprc:DogoHLA	DPB1	four_field	complete	1	1	0	1	DPB1*04:01:01:01	DPB1*04:01:01:171
NA20905	SAS	NA20905	hprc:DogoHLA	DQA1	two_field	complete	1	1	1	2	DQA1*01:03:01:01	DQA1*05:05:01:23
NA20905	SAS	NA20905	hprc:DogoHLA	DQA1	four_field	complete	1	1	0	1	DQA1*01:03:01:01	DQA1*05:05:01:23
NA20905	SAS	NA20905	hprc:DogoHLA	DQB1	two_field	complete	1	1	1	2	DQB1*06:01:01:01	DQB1*03:01:01:03
NA20905	SAS	NA20905	hprc:DogoHLA	DQB1	four_field	complete	1	1	0	1	DQB1*06:01:01:01	DQB1*03:01:01:03
NA20905	SAS	NA20905	hprc:DogoHLA	DRB1	two_field	complete	1	1	1	2	DRB1*11:01:01:01	DRB1*15:02:01:03
NA20905	SAS	NA20905	hprc:DogoHLA	DRB1	four_field	complete	0	0	0	0	DRB1*11:01:01:01	DRB1*15:02:01:03
NA20905	SAS	NA20905	hprc:DogoHLA-no-graph	A	two_field	complete	1	1	0	0	A*24:555	A*11:372
NA20905	SAS	NA20905	hprc:DogoHLA-no-graph	A	four_field	complete	1	0	0	0	A*24:555	A*11:372
NA20905	SAS	NA20905	hprc:DogoHLA-no-graph	B	two_field	complete	1	1	1	2	B*49:01:01:04	B*40:06:01:03
NA20905	SAS	NA20905	hprc:DogoHLA-no-graph	B	four_field	complete	0	0	0	0	B*49:01:01:04	B*40:06:01:03
NA20905	SAS	NA20905	hprc:DogoHLA-no-graph	C	two_field	complete	1	1	1	2	C*15:02:01:01	C*07:01:01:01
NA20905	SAS	NA20905	hprc:DogoHLA-no-graph	C	four_field	complete	1	1	0	1	C*15:02:01:01	C*07:01:01:01
NA20905	SAS	NA20905	hprc:DogoHLA-no-graph	DPA1	two_field	complete	1	1	1	2	DPA1*01:03:01:02	DPA1*02:07:01:01
NA20905	SAS	NA20905	hprc:DogoHLA-no-graph	DPA1	four_field	complete	0	0	0	0	DPA1*01:03:01:02	DPA1*02:07:01:01
NA20905	SAS	NA20905	hprc:DogoHLA-no-graph	DPB1	two_field	complete	1	1	1	2	DPB1*04:01:01:01	DPB1*04:01:01:171
NA20905	SAS	NA20905	hprc:DogoHLA-no-graph	DPB1	four_field	complete	1	1	0	1	DPB1*04:01:01:01	DPB1*04:01:01:171
NA20905	SAS	NA20905	hprc:DogoHLA-no-graph	DQA1	two_field	complete	1	1	1	2	DQA1*01:03:01:01	DQA1*05:05:01:23
NA20905	SAS	NA20905	hprc:DogoHLA-no-graph	DQA1	four_field	complete	1	1	0	1	DQA1*01:03:01:01	DQA1*05:05:01:23
NA20905	SAS	NA20905	hprc:DogoHLA-no-graph	DQB1	two_field	complete	1	1	1	2	DQB1*06:01:01:01	DQB1*03:01:01:03
NA20905	SAS	NA20905	hprc:DogoHLA-no-graph	DQB1	four_field	complete	1	1	0	1	DQB1*06:01:01:01	DQB1*03:01:01:03
NA20905	SAS	NA20905	hprc:DogoHLA-no-graph	DRB1	two_field	complete	1	1	1	2	DRB1*11:01:01:01	DRB1*15:02:01:03
NA20905	SAS	NA20905	hprc:DogoHLA-no-graph	DRB1	four_field	complete	0	0	0	0	DRB1*11:01:01:01	DRB1*15:02:01:03
NA20905	SAS	NA20905	asian_matched:DogoHLA	A	two_field	complete	1	1	0	0	A*24:555	A*11:372
NA20905	SAS	NA20905	asian_matched:DogoHLA	A	four_field	complete	1	0	0	0	A*24:555	A*11:372
NA20905	SAS	NA20905	asian_matched:DogoHLA	B	two_field	complete	1	1	1	2	B*49:01:01:04	B*40:06:01:03
NA20905	SAS	NA20905	asian_matched:DogoHLA	B	four_field	complete	0	0	0	0	B*49:01:01:04	B*40:06:01:03
NA20905	SAS	NA20905	asian_matched:DogoHLA	C	two_field	complete	1	1	1	2	C*15:02:01:01	C*07:01:01:01
NA20905	SAS	NA20905	asian_matched:DogoHLA	C	four_field	complete	1	1	0	1	C*15:02:01:01	C*07:01:01:01
NA20905	SAS	NA20905	asian_matched:DogoHLA	DPA1	two_field	complete	1	1	1	2	DPA1*01:03:01:02	DPA1*02:07:01:01
NA20905	SAS	NA20905	asian_matched:DogoHLA	DPA1	four_field	complete	0	0	0	0	DPA1*01:03:01:02	DPA1*02:07:01:01
NA20905	SAS	NA20905	asian_matched:DogoHLA	DPB1	two_field	complete	1	1	1	2	DPB1*04:01:01:01	DPB1*04:01:01:171
NA20905	SAS	NA20905	asian_matched:DogoHLA	DPB1	four_field	complete	1	1	0	1	DPB1*04:01:01:01	DPB1*04:01:01:171
NA20905	SAS	NA20905	asian_matched:DogoHLA	DQA1	two_field	complete	1	1	1	2	DQA1*01:03:01:01	DQA1*05:05:01:23
NA20905	SAS	NA20905	asian_matched:DogoHLA	DQA1	four_field	complete	1	1	0	1	DQA1*01:03:01:01	DQA1*05:05:01:23
NA20905	SAS	NA20905	asian_matched:DogoHLA	DQB1	two_field	complete	1	1	1	2	DQB1*06:01:01:01	DQB1*03:01:01:03
NA20905	SAS	NA20905	asian_matched:DogoHLA	DQB1	four_field	complete	1	1	0	1	DQB1*06:01:01:01	DQB1*03:01:01:03
NA20905	SAS	NA20905	asian_matched:DogoHLA	DRB1	two_field	complete	1	1	1	2	DRB1*11:01:01:01	DRB1*15:02:01:03
NA20905	SAS	NA20905	asian_matched:DogoHLA	DRB1	four_field	complete	0	0	0	0	DRB1*11:01:01:01	DRB1*15:02:01:03
NA20905	SAS	NA20905	asian_matched:DogoHLA-no-graph	A	two_field	complete	1	1	0	0	A*24:555	A*11:372
NA20905	SAS	NA20905	asian_matched:DogoHLA-no-graph	A	four_field	complete	1	0	0	0	A*24:555	A*11:372
NA20905	SAS	NA20905	asian_matched:DogoHLA-no-graph	B	two_field	complete	1	1	1	2	B*49:01:01:04	B*40:06:01:03
NA20905	SAS	NA20905	asian_matched:DogoHLA-no-graph	B	four_field	complete	0	0	0	0	B*49:01:01:04	B*40:06:01:03
NA20905	SAS	NA20905	asian_matched:DogoHLA-no-graph	C	two_field	complete	1	1	1	2	C*15:02:01:01	C*07:01:01:01
NA20905	SAS	NA20905	asian_matched:DogoHLA-no-graph	C	four_field	complete	1	1	0	1	C*15:02:01:01	C*07:01:01:01
NA20905	SAS	NA20905	asian_matched:DogoHLA-no-graph	DPA1	two_field	complete	1	1	1	2	DPA1*01:03:01:02	DPA1*02:07:01:01
NA20905	SAS	NA20905	asian_matched:DogoHLA-no-graph	DPA1	four_field	complete	0	0	0	0	DPA1*01:03:01:02	DPA1*02:07:01:01
NA20905	SAS	NA20905	asian_matched:DogoHLA-no-graph	DPB1	two_field	complete	1	1	1	2	DPB1*04:01:01:01	DPB1*04:01:01:171
NA20905	SAS	NA20905	asian_matched:DogoHLA-no-graph	DPB1	four_field	complete	1	1	0	1	DPB1*04:01:01:01	DPB1*04:01:01:171
NA20905	SAS	NA20905	asian_matched:DogoHLA-no-graph	DQA1	two_field	complete	1	1	1	2	DQA1*01:03:01:01	DQA1*05:05:01:23
NA20905	SAS	NA20905	asian_matched:DogoHLA-no-graph	DQA1	four_field	complete	1	1	0	1	DQA1*01:03:01:01	DQA1*05:05:01:23
NA20905	SAS	NA20905	asian_matched:DogoHLA-no-graph	DQB1	two_field	complete	1	1	1	2	DQB1*06:01:01:01	DQB1*03:01:01:03
NA20905	SAS	NA20905	asian_matched:DogoHLA-no-graph	DQB1	four_field	complete	1	1	0	1	DQB1*06:01:01:01	DQB1*03:01:01:03
NA20905	SAS	NA20905	asian_matched:DogoHLA-no-graph	DRB1	two_field	complete	1	1	1	2	DRB1*11:01:01:01	DRB1*15:02:01:03
NA20905	SAS	NA20905	asian_matched:DogoHLA-no-graph	DRB1	four_field	complete	0	0	0	0	DRB1*11:01:01:01	DRB1*15:02:01:03
HG02027	EAS	HG02027	SpecHLA-IPD365-noFreq	A	two_field	complete	1	1	0	1	A*02:1061N	A*11:01:06
HG02027	EAS	HG02027	SpecHLA-IPD365-noFreq	A	four_field	complete	1	0	0	0	A*02:1061N	A*11:01:06
HG02027	EAS	HG02027	SpecHLA-IPD365-noFreq	B	two_field	complete	1	1	1	2	B*15:02:01:01	B*15:25:01:01
HG02027	EAS	HG02027	SpecHLA-IPD365-noFreq	B	four_field	complete	0	0	0	0	B*15:02:01:01	B*15:25:01:01
HG02027	EAS	HG02027	SpecHLA-IPD365-noFreq	C	two_field	complete	1	1	1	2	C*08:01:01:01	C*04:03:01:01
HG02027	EAS	HG02027	SpecHLA-IPD365-noFreq	C	four_field	complete	1	1	1	2	C*08:01:01:01	C*04:03:01:01
HG02027	EAS	HG02027	SpecHLA-IPD365-noFreq	DPA1	two_field	complete	1	1	1	2	DPA1*01:03:01:02	DPA1*02:02:02:01
HG02027	EAS	HG02027	SpecHLA-IPD365-noFreq	DPA1	four_field	complete	0	0	0	0	DPA1*01:03:01:02	DPA1*02:02:02:01
HG02027	EAS	HG02027	SpecHLA-IPD365-noFreq	DPB1	two_field	complete	1	1	0	1	DPB1*135:01:01:01	DPB1*21:01:01
HG02027	EAS	HG02027	SpecHLA-IPD365-noFreq	DPB1	four_field	complete	0	0	0	0	DPB1*135:01:01:01	DPB1*21:01:01
HG02027	EAS	HG02027	SpecHLA-IPD365-noFreq	DQA1	two_field	complete	1	1	1	2	DQA1*06:01:01:01	DQA1*06:01:01:02
HG02027	EAS	HG02027	SpecHLA-IPD365-noFreq	DQA1	four_field	complete	1	1	0	1	DQA1*06:01:01:01	DQA1*06:01:01:02
HG02027	EAS	HG02027	SpecHLA-IPD365-noFreq	DQB1	two_field	complete	1	1	1	2	DQB1*03:01:01:07	DQB1*03:01:01:07
HG02027	EAS	HG02027	SpecHLA-IPD365-noFreq	DQB1	four_field	complete	1	1	0	0	DQB1*03:01:01:07	DQB1*03:01:01:07
HG02027	EAS	HG02027	SpecHLA-IPD365-noFreq	DRB1	two_field	complete	1	1	1	2	DRB1*12:02:01:11	DRB1*12:02:01:01
HG02027	EAS	HG02027	SpecHLA-IPD365-noFreq	DRB1	four_field	complete	0	0	0	0	DRB1*12:02:01:11	DRB1*12:02:01:01
HG02027	EAS	HG02027	SpecHLA-IPD365-long-noFreq	A	two_field	complete	1	1	0	1	A*02:1061N	A*11:01:06
HG02027	EAS	HG02027	SpecHLA-IPD365-long-noFreq	A	four_field	complete	1	0	0	0	A*02:1061N	A*11:01:06
HG02027	EAS	HG02027	SpecHLA-IPD365-long-noFreq	B	two_field	complete	1	1	1	2	B*15:25:01:01	B*15:02:01:01
HG02027	EAS	HG02027	SpecHLA-IPD365-long-noFreq	B	four_field	complete	0	0	0	0	B*15:25:01:01	B*15:02:01:01
HG02027	EAS	HG02027	SpecHLA-IPD365-long-noFreq	C	two_field	complete	1	1	1	2	C*08:01:01:01	C*04:03:01:01
HG02027	EAS	HG02027	SpecHLA-IPD365-long-noFreq	C	four_field	complete	1	1	1	2	C*08:01:01:01	C*04:03:01:01
HG02027	EAS	HG02027	SpecHLA-IPD365-long-noFreq	DPA1	two_field	complete	1	1	1	2	DPA1*01:03:01:02	DPA1*02:02:02:01
HG02027	EAS	HG02027	SpecHLA-IPD365-long-noFreq	DPA1	four_field	complete	0	0	0	0	DPA1*01:03:01:02	DPA1*02:02:02:01
HG02027	EAS	HG02027	SpecHLA-IPD365-long-noFreq	DPB1	two_field	complete	1	1	0	1	DPB1*135:01:01:01	DPB1*21:01:01
HG02027	EAS	HG02027	SpecHLA-IPD365-long-noFreq	DPB1	four_field	complete	0	0	0	0	DPB1*135:01:01:01	DPB1*21:01:01
HG02027	EAS	HG02027	SpecHLA-IPD365-long-noFreq	DQA1	two_field	complete	1	1	1	2	DQA1*06:01:01:01	DQA1*06:01:01:02
HG02027	EAS	HG02027	SpecHLA-IPD365-long-noFreq	DQA1	four_field	complete	1	1	0	1	DQA1*06:01:01:01	DQA1*06:01:01:02
HG02027	EAS	HG02027	SpecHLA-IPD365-long-noFreq	DQB1	two_field	complete	1	1	1	2	DQB1*03:01:01:07	DQB1*03:01:01:07
HG02027	EAS	HG02027	SpecHLA-IPD365-long-noFreq	DQB1	four_field	complete	1	1	0	0	DQB1*03:01:01:07	DQB1*03:01:01:07
HG02027	EAS	HG02027	SpecHLA-IPD365-long-noFreq	DRB1	two_field	complete	1	1	1	2	DRB1*12:02:01:01	DRB1*12:02:01:01
HG02027	EAS	HG02027	SpecHLA-IPD365-long-noFreq	DRB1	four_field	complete	0	0	0	0	DRB1*12:02:01:01	DRB1*12:02:01:01
HG02027	EAS	HG02027	T1K-four-field	A	two_field	complete	1	1	1	2	A*02:03:01:01	A*11:01:01:01
HG02027	EAS	HG02027	T1K-four-field	A	four_field	complete	1	1	1	2	A*02:03:01:01	A*11:01:01:01
HG02027	EAS	HG02027	T1K-four-field	B	two_field	complete	1	1	1	2	B*15:25:01:01	B*15:02:01:01
HG02027	EAS	HG02027	T1K-four-field	B	four_field	complete	0	0	0	0	B*15:25:01:01	B*15:02:01:01
HG02027	EAS	HG02027	T1K-four-field	C	two_field	complete	1	1	1	2	C*08:01:01:01	C*04:03:01:01
HG02027	EAS	HG02027	T1K-four-field	C	four_field	complete	1	1	1	2	C*08:01:01:01	C*04:03:01:01
HG02027	EAS	HG02027	T1K-four-field	DPA1	two_field	complete	1	1	1	2	DPA1*02:02:02:01	DPA1*01:03:01:03
HG02027	EAS	HG02027	T1K-four-field	DPA1	four_field	complete	0	0	0	0	DPA1*02:02:02:01	DPA1*01:03:01:03
HG02027	EAS	HG02027	T1K-four-field	DPB1	two_field	complete	1	1	1	2	DPB1*05:01:01:01	DPB1*21:01:01
HG02027	EAS	HG02027	T1K-four-field	DPB1	four_field	complete	0	0	0	0	DPB1*05:01:01:01	DPB1*21:01:01
HG02027	EAS	HG02027	T1K-four-field	DQA1	two_field	complete	1	1	1	2	DQA1*06:01:01:01	DQA1*06:01:01:01
HG02027	EAS	HG02027	T1K-four-field	DQA1	four_field	complete	1	1	0	0	DQA1*06:01:01:01	DQA1*06:01:01:01
HG02027	EAS	HG02027	T1K-four-field	DQB1	two_field	complete	1	1	1	2	DQB1*03:01:01:07	DQB1*03:01:01:73
HG02027	EAS	HG02027	T1K-four-field	DQB1	four_field	complete	1	1	0	0	DQB1*03:01:01:07	DQB1*03:01:01:73
HG02027	EAS	HG02027	T1K-four-field	DRB1	two_field	complete	1	1	1	2	DRB1*12:02:01:01	DRB1*12:02:01:01
HG02027	EAS	HG02027	T1K-four-field	DRB1	four_field	complete	0	0	0	0	DRB1*12:02:01:01	DRB1*12:02:01:01
HG02027	EAS	HG02027	full:DogoHLA	A	two_field	complete	1	1	0	1	A*11:01:01:06	A*02:1061N
HG02027	EAS	HG02027	full:DogoHLA	A	four_field	complete	1	0	0	0	A*11:01:01:06	A*02:1061N
HG02027	EAS	HG02027	full:DogoHLA	B	two_field	complete	1	1	1	2	B*15:25:01:01	B*15:02:01:01
HG02027	EAS	HG02027	full:DogoHLA	B	four_field	complete	0	0	0	0	B*15:25:01:01	B*15:02:01:01
HG02027	EAS	HG02027	full:DogoHLA	C	two_field	complete	1	1	1	2	C*08:01:01:01	C*04:03:01:01
HG02027	EAS	HG02027	full:DogoHLA	C	four_field	complete	1	1	1	2	C*08:01:01:01	C*04:03:01:01
HG02027	EAS	HG02027	full:DogoHLA	DPA1	two_field	complete	1	1	1	2	DPA1*01:03:01:02	DPA1*02:02:02:01
HG02027	EAS	HG02027	full:DogoHLA	DPA1	four_field	complete	0	0	0	0	DPA1*01:03:01:02	DPA1*02:02:02:01
HG02027	EAS	HG02027	full:DogoHLA	DPB1	two_field	complete	1	1	1	2	DPB1*21:01:01	DPB1*05:01:01:01
HG02027	EAS	HG02027	full:DogoHLA	DPB1	four_field	complete	0	0	0	0	DPB1*21:01:01	DPB1*05:01:01:01
HG02027	EAS	HG02027	full:DogoHLA	DQA1	two_field	complete	1	1	1	2	DQA1*06:01:01:01	DQA1*06:01:01:02
HG02027	EAS	HG02027	full:DogoHLA	DQA1	four_field	complete	1	1	0	1	DQA1*06:01:01:01	DQA1*06:01:01:02
HG02027	EAS	HG02027	full:DogoHLA	DQB1	two_field	complete	1	1	1	2	DQB1*03:01:01:07	DQB1*03:01:01:07
HG02027	EAS	HG02027	full:DogoHLA	DQB1	four_field	complete	1	1	0	0	DQB1*03:01:01:07	DQB1*03:01:01:07
HG02027	EAS	HG02027	full:DogoHLA	DRB1	two_field	complete	1	1	1	2	DRB1*12:02:01:01	DRB1*12:02:01:01
HG02027	EAS	HG02027	full:DogoHLA	DRB1	four_field	complete	0	0	0	0	DRB1*12:02:01:01	DRB1*12:02:01:01
HG02027	EAS	HG02027	full:DogoHLA-no-graph	A	two_field	complete	1	1	0	1	A*11:01:01:06	A*02:1061N
HG02027	EAS	HG02027	full:DogoHLA-no-graph	A	four_field	complete	1	0	0	0	A*11:01:01:06	A*02:1061N
HG02027	EAS	HG02027	full:DogoHLA-no-graph	B	two_field	complete	1	1	1	2	B*15:25:01:01	B*15:02:01:01
HG02027	EAS	HG02027	full:DogoHLA-no-graph	B	four_field	complete	0	0	0	0	B*15:25:01:01	B*15:02:01:01
HG02027	EAS	HG02027	full:DogoHLA-no-graph	C	two_field	complete	1	1	1	2	C*08:01:01:01	C*04:03:01:01
HG02027	EAS	HG02027	full:DogoHLA-no-graph	C	four_field	complete	1	1	1	2	C*08:01:01:01	C*04:03:01:01
HG02027	EAS	HG02027	full:DogoHLA-no-graph	DPA1	two_field	complete	1	1	1	2	DPA1*01:03:01:02	DPA1*02:02:02:01
HG02027	EAS	HG02027	full:DogoHLA-no-graph	DPA1	four_field	complete	0	0	0	0	DPA1*01:03:01:02	DPA1*02:02:02:01
HG02027	EAS	HG02027	full:DogoHLA-no-graph	DPB1	two_field	complete	1	1	1	2	DPB1*21:01:01	DPB1*05:01:01:01
HG02027	EAS	HG02027	full:DogoHLA-no-graph	DPB1	four_field	complete	0	0	0	0	DPB1*21:01:01	DPB1*05:01:01:01
HG02027	EAS	HG02027	full:DogoHLA-no-graph	DQA1	two_field	complete	1	1	1	2	DQA1*06:01:01:01	DQA1*06:01:01:02
HG02027	EAS	HG02027	full:DogoHLA-no-graph	DQA1	four_field	complete	1	1	0	1	DQA1*06:01:01:01	DQA1*06:01:01:02
HG02027	EAS	HG02027	full:DogoHLA-no-graph	DQB1	two_field	complete	1	1	1	2	DQB1*03:01:01:07	DQB1*03:01:01:07
HG02027	EAS	HG02027	full:DogoHLA-no-graph	DQB1	four_field	complete	1	1	0	0	DQB1*03:01:01:07	DQB1*03:01:01:07
HG02027	EAS	HG02027	full:DogoHLA-no-graph	DRB1	two_field	complete	1	1	1	2	DRB1*12:02:01:01	DRB1*12:02:01:01
HG02027	EAS	HG02027	full:DogoHLA-no-graph	DRB1	four_field	complete	0	0	0	0	DRB1*12:02:01:01	DRB1*12:02:01:01
HG02027	EAS	HG02027	hprc:DogoHLA	A	two_field	complete	1	1	0	1	A*02:1061N	A*11:01:01:06
HG02027	EAS	HG02027	hprc:DogoHLA	A	four_field	complete	1	0	0	0	A*02:1061N	A*11:01:01:06
HG02027	EAS	HG02027	hprc:DogoHLA	B	two_field	complete	1	1	1	2	B*15:25:01:01	B*15:02:01:01
HG02027	EAS	HG02027	hprc:DogoHLA	B	four_field	complete	0	0	0	0	B*15:25:01:01	B*15:02:01:01
HG02027	EAS	HG02027	hprc:DogoHLA	C	two_field	complete	1	1	1	2	C*08:01:01:01	C*04:03:01:01
HG02027	EAS	HG02027	hprc:DogoHLA	C	four_field	complete	1	1	1	2	C*08:01:01:01	C*04:03:01:01
HG02027	EAS	HG02027	hprc:DogoHLA	DPA1	two_field	complete	1	1	1	2	DPA1*01:03:01:02	DPA1*02:02:02:01
HG02027	EAS	HG02027	hprc:DogoHLA	DPA1	four_field	complete	0	0	0	0	DPA1*01:03:01:02	DPA1*02:02:02:01
HG02027	EAS	HG02027	hprc:DogoHLA	DPB1	two_field	complete	1	1	1	2	DPB1*21:01:01	DPB1*05:01:01:01
HG02027	EAS	HG02027	hprc:DogoHLA	DPB1	four_field	complete	0	0	0	0	DPB1*21:01:01	DPB1*05:01:01:01
HG02027	EAS	HG02027	hprc:DogoHLA	DQA1	two_field	complete	1	1	1	2	DQA1*06:01:01:01	DQA1*06:01:01:02
HG02027	EAS	HG02027	hprc:DogoHLA	DQA1	four_field	complete	1	1	0	1	DQA1*06:01:01:01	DQA1*06:01:01:02
HG02027	EAS	HG02027	hprc:DogoHLA	DQB1	two_field	complete	1	1	1	2	DQB1*03:01:01:07	DQB1*03:01:01:07
HG02027	EAS	HG02027	hprc:DogoHLA	DQB1	four_field	complete	1	1	0	0	DQB1*03:01:01:07	DQB1*03:01:01:07
HG02027	EAS	HG02027	hprc:DogoHLA	DRB1	two_field	complete	1	1	1	2	DRB1*12:02:01:01	DRB1*12:02:01:01
HG02027	EAS	HG02027	hprc:DogoHLA	DRB1	four_field	complete	0	0	0	0	DRB1*12:02:01:01	DRB1*12:02:01:01
HG02027	EAS	HG02027	hprc:DogoHLA-no-graph	A	two_field	complete	1	1	0	1	A*02:1061N	A*11:01:01:06
HG02027	EAS	HG02027	hprc:DogoHLA-no-graph	A	four_field	complete	1	0	0	0	A*02:1061N	A*11:01:01:06
HG02027	EAS	HG02027	hprc:DogoHLA-no-graph	B	two_field	complete	1	1	1	2	B*15:25:01:01	B*15:02:01:01
HG02027	EAS	HG02027	hprc:DogoHLA-no-graph	B	four_field	complete	0	0	0	0	B*15:25:01:01	B*15:02:01:01
HG02027	EAS	HG02027	hprc:DogoHLA-no-graph	C	two_field	complete	1	1	1	2	C*08:01:01:01	C*04:03:01:01
HG02027	EAS	HG02027	hprc:DogoHLA-no-graph	C	four_field	complete	1	1	1	2	C*08:01:01:01	C*04:03:01:01
HG02027	EAS	HG02027	hprc:DogoHLA-no-graph	DPA1	two_field	complete	1	1	1	2	DPA1*01:03:01:02	DPA1*02:02:02:01
HG02027	EAS	HG02027	hprc:DogoHLA-no-graph	DPA1	four_field	complete	0	0	0	0	DPA1*01:03:01:02	DPA1*02:02:02:01
HG02027	EAS	HG02027	hprc:DogoHLA-no-graph	DPB1	two_field	complete	1	1	1	2	DPB1*21:01:01	DPB1*05:01:01:01
HG02027	EAS	HG02027	hprc:DogoHLA-no-graph	DPB1	four_field	complete	0	0	0	0	DPB1*21:01:01	DPB1*05:01:01:01
HG02027	EAS	HG02027	hprc:DogoHLA-no-graph	DQA1	two_field	complete	1	1	1	2	DQA1*06:01:01:01	DQA1*06:01:01:02
HG02027	EAS	HG02027	hprc:DogoHLA-no-graph	DQA1	four_field	complete	1	1	0	1	DQA1*06:01:01:01	DQA1*06:01:01:02
HG02027	EAS	HG02027	hprc:DogoHLA-no-graph	DQB1	two_field	complete	1	1	1	2	DQB1*03:01:01:07	DQB1*03:01:01:07
HG02027	EAS	HG02027	hprc:DogoHLA-no-graph	DQB1	four_field	complete	1	1	0	0	DQB1*03:01:01:07	DQB1*03:01:01:07
HG02027	EAS	HG02027	hprc:DogoHLA-no-graph	DRB1	two_field	complete	1	1	1	2	DRB1*12:02:01:01	DRB1*12:02:01:01
HG02027	EAS	HG02027	hprc:DogoHLA-no-graph	DRB1	four_field	complete	0	0	0	0	DRB1*12:02:01:01	DRB1*12:02:01:01
HG02027	EAS	HG02027	asian_matched:DogoHLA	A	two_field	complete	1	1	0	1	A*11:01:01:06	A*02:1061N
HG02027	EAS	HG02027	asian_matched:DogoHLA	A	four_field	complete	1	0	0	0	A*11:01:01:06	A*02:1061N
HG02027	EAS	HG02027	asian_matched:DogoHLA	B	two_field	complete	1	1	1	2	B*15:25:01:01	B*15:02:01:01
HG02027	EAS	HG02027	asian_matched:DogoHLA	B	four_field	complete	0	0	0	0	B*15:25:01:01	B*15:02:01:01
HG02027	EAS	HG02027	asian_matched:DogoHLA	C	two_field	complete	1	1	1	2	C*08:01:01:01	C*04:03:01:01
HG02027	EAS	HG02027	asian_matched:DogoHLA	C	four_field	complete	1	1	1	2	C*08:01:01:01	C*04:03:01:01
HG02027	EAS	HG02027	asian_matched:DogoHLA	DPA1	two_field	complete	1	1	1	2	DPA1*01:03:01:02	DPA1*02:02:02:01
HG02027	EAS	HG02027	asian_matched:DogoHLA	DPA1	four_field	complete	0	0	0	0	DPA1*01:03:01:02	DPA1*02:02:02:01
HG02027	EAS	HG02027	asian_matched:DogoHLA	DPB1	two_field	complete	1	1	1	2	DPB1*21:01:01	DPB1*05:01:01:01
HG02027	EAS	HG02027	asian_matched:DogoHLA	DPB1	four_field	complete	0	0	0	0	DPB1*21:01:01	DPB1*05:01:01:01
HG02027	EAS	HG02027	asian_matched:DogoHLA	DQA1	two_field	complete	1	1	1	2	DQA1*06:01:01:01	DQA1*06:01:01:02
HG02027	EAS	HG02027	asian_matched:DogoHLA	DQA1	four_field	complete	1	1	0	1	DQA1*06:01:01:01	DQA1*06:01:01:02
HG02027	EAS	HG02027	asian_matched:DogoHLA	DQB1	two_field	complete	1	1	1	2	DQB1*03:01:01:07	DQB1*03:01:01:07
HG02027	EAS	HG02027	asian_matched:DogoHLA	DQB1	four_field	complete	1	1	0	0	DQB1*03:01:01:07	DQB1*03:01:01:07
HG02027	EAS	HG02027	asian_matched:DogoHLA	DRB1	two_field	complete	1	1	1	2	DRB1*12:02:01:01	DRB1*12:02:01:01
HG02027	EAS	HG02027	asian_matched:DogoHLA	DRB1	four_field	complete	0	0	0	0	DRB1*12:02:01:01	DRB1*12:02:01:01
HG02027	EAS	HG02027	asian_matched:DogoHLA-no-graph	A	two_field	complete	1	1	0	1	A*11:01:01:06	A*02:1061N
HG02027	EAS	HG02027	asian_matched:DogoHLA-no-graph	A	four_field	complete	1	0	0	0	A*11:01:01:06	A*02:1061N
HG02027	EAS	HG02027	asian_matched:DogoHLA-no-graph	B	two_field	complete	1	1	1	2	B*15:25:01:01	B*15:02:01:01
HG02027	EAS	HG02027	asian_matched:DogoHLA-no-graph	B	four_field	complete	0	0	0	0	B*15:25:01:01	B*15:02:01:01
HG02027	EAS	HG02027	asian_matched:DogoHLA-no-graph	C	two_field	complete	1	1	1	2	C*08:01:01:01	C*04:03:01:01
HG02027	EAS	HG02027	asian_matched:DogoHLA-no-graph	C	four_field	complete	1	1	1	2	C*08:01:01:01	C*04:03:01:01
HG02027	EAS	HG02027	asian_matched:DogoHLA-no-graph	DPA1	two_field	complete	1	1	1	2	DPA1*01:03:01:02	DPA1*02:02:02:01
HG02027	EAS	HG02027	asian_matched:DogoHLA-no-graph	DPA1	four_field	complete	0	0	0	0	DPA1*01:03:01:02	DPA1*02:02:02:01
HG02027	EAS	HG02027	asian_matched:DogoHLA-no-graph	DPB1	two_field	complete	1	1	1	2	DPB1*21:01:01	DPB1*05:01:01:01
HG02027	EAS	HG02027	asian_matched:DogoHLA-no-graph	DPB1	four_field	complete	0	0	0	0	DPB1*21:01:01	DPB1*05:01:01:01
HG02027	EAS	HG02027	asian_matched:DogoHLA-no-graph	DQA1	two_field	complete	1	1	1	2	DQA1*06:01:01:01	DQA1*06:01:01:02
HG02027	EAS	HG02027	asian_matched:DogoHLA-no-graph	DQA1	four_field	complete	1	1	0	1	DQA1*06:01:01:01	DQA1*06:01:01:02
HG02027	EAS	HG02027	asian_matched:DogoHLA-no-graph	DQB1	two_field	complete	1	1	1	2	DQB1*03:01:01:07	DQB1*03:01:01:07
HG02027	EAS	HG02027	asian_matched:DogoHLA-no-graph	DQB1	four_field	complete	1	1	0	0	DQB1*03:01:01:07	DQB1*03:01:01:07
HG02027	EAS	HG02027	asian_matched:DogoHLA-no-graph	DRB1	two_field	complete	1	1	1	2	DRB1*12:02:01:01	DRB1*12:02:01:01
HG02027	EAS	HG02027	asian_matched:DogoHLA-no-graph	DRB1	four_field	complete	0	0	0	0	DRB1*12:02:01:01	DRB1*12:02:01:01
HG02391	EAS	HG02391	SpecHLA-IPD365-noFreq	A	two_field	complete	1	1	0	1	A*11:335:01	A*11:01:01:01
HG02391	EAS	HG02391	SpecHLA-IPD365-noFreq	A	four_field	complete	1	0	0	1	A*11:335:01	A*11:01:01:01
HG02391	EAS	HG02391	SpecHLA-IPD365-noFreq	B	two_field	complete	1	1	1	2	B*13:01:01:01	B*40:01:02:01
HG02391	EAS	HG02391	SpecHLA-IPD365-noFreq	B	four_field	complete	1	1	0	1	B*13:01:01:01	B*40:01:02:01
HG02391	EAS	HG02391	SpecHLA-IPD365-noFreq	C	two_field	complete	1	1	1	2	C*03:04:01:01	C*07:02:01:01
HG02391	EAS	HG02391	SpecHLA-IPD365-noFreq	C	four_field	complete	1	1	0	1	C*03:04:01:01	C*07:02:01:01
HG02391	EAS	HG02391	SpecHLA-IPD365-noFreq	DPA1	two_field	complete	1	1	1	2	DPA1*02:02:02:01	DPA1*01:03:01:01
HG02391	EAS	HG02391	SpecHLA-IPD365-noFreq	DPA1	four_field	complete	0	0	0	0	DPA1*02:02:02:01	DPA1*01:03:01:01
HG02391	EAS	HG02391	SpecHLA-IPD365-noFreq	DPB1	two_field	complete	1	1	1	2	DPB1*02:01:02:01	DPB1*02:02:01:02
HG02391	EAS	HG02391	SpecHLA-IPD365-noFreq	DPB1	four_field	complete	1	1	0	1	DPB1*02:01:02:01	DPB1*02:02:01:02
HG02391	EAS	HG02391	SpecHLA-IPD365-noFreq	DQA1	two_field	complete	1	1	1	2	DQA1*01:02:02:01	DQA1*01:02:01:01
HG02391	EAS	HG02391	SpecHLA-IPD365-noFreq	DQA1	four_field	complete	0	0	0	0	DQA1*01:02:02:01	DQA1*01:02:01:01
HG02391	EAS	HG02391	SpecHLA-IPD365-noFreq	DQB1	two_field	complete	1	1	1	2	DQB1*05:02:01:01	DQB1*05:02:01:01
HG02391	EAS	HG02391	SpecHLA-IPD365-noFreq	DQB1	four_field	complete	1	1	1	2	DQB1*05:02:01:01	DQB1*05:02:01:01
HG02391	EAS	HG02391	SpecHLA-IPD365-noFreq	DRB1	two_field	complete	1	1	0	1	DRB1*15:198	DRB1*16:02:01:03
HG02391	EAS	HG02391	SpecHLA-IPD365-noFreq	DRB1	four_field	complete	1	0	0	0	DRB1*15:198	DRB1*16:02:01:03
HG02391	EAS	HG02391	SpecHLA-IPD365-long-noFreq	A	two_field	complete	1	1	0	1	A*11:335:01	A*11:01:01:01
HG02391	EAS	HG02391	SpecHLA-IPD365-long-noFreq	A	four_field	complete	1	0	0	1	A*11:335:01	A*11:01:01:01
HG02391	EAS	HG02391	SpecHLA-IPD365-long-noFreq	B	two_field	complete	1	1	1	2	B*13:01:01:01	B*40:01:02:01
HG02391	EAS	HG02391	SpecHLA-IPD365-long-noFreq	B	four_field	complete	1	1	0	1	B*13:01:01:01	B*40:01:02:01
HG02391	EAS	HG02391	SpecHLA-IPD365-long-noFreq	C	two_field	complete	1	1	1	2	C*03:04:01:01	C*07:02:01:01
HG02391	EAS	HG02391	SpecHLA-IPD365-long-noFreq	C	four_field	complete	1	1	0	1	C*03:04:01:01	C*07:02:01:01
HG02391	EAS	HG02391	SpecHLA-IPD365-long-noFreq	DPA1	two_field	complete	1	1	1	2	DPA1*01:03:01:01	DPA1*02:02:02:01
HG02391	EAS	HG02391	SpecHLA-IPD365-long-noFreq	DPA1	four_field	complete	0	0	0	0	DPA1*01:03:01:01	DPA1*02:02:02:01
HG02391	EAS	HG02391	SpecHLA-IPD365-long-noFreq	DPB1	two_field	complete	1	1	1	2	DPB1*02:02:01:02	DPB1*02:01:02:01
HG02391	EAS	HG02391	SpecHLA-IPD365-long-noFreq	DPB1	four_field	complete	1	1	0	1	DPB1*02:02:01:02	DPB1*02:01:02:01
HG02391	EAS	HG02391	SpecHLA-IPD365-long-noFreq	DQA1	two_field	complete	1	1	1	2	DQA1*01:02:01:01	DQA1*01:02:02:01
HG02391	EAS	HG02391	SpecHLA-IPD365-long-noFreq	DQA1	four_field	complete	0	0	0	0	DQA1*01:02:01:01	DQA1*01:02:02:01
HG02391	EAS	HG02391	SpecHLA-IPD365-long-noFreq	DQB1	two_field	complete	1	1	1	2	DQB1*05:02:01:01	DQB1*05:02:01:01
HG02391	EAS	HG02391	SpecHLA-IPD365-long-noFreq	DQB1	four_field	complete	1	1	1	2	DQB1*05:02:01:01	DQB1*05:02:01:01
HG02391	EAS	HG02391	SpecHLA-IPD365-long-noFreq	DRB1	two_field	complete	1	1	0	1	DRB1*15:198	DRB1*16:02:01:03
HG02391	EAS	HG02391	SpecHLA-IPD365-long-noFreq	DRB1	four_field	complete	1	0	0	0	DRB1*15:198	DRB1*16:02:01:03
HG02391	EAS	HG02391	T1K-four-field	A	two_field	complete	1	1	1	2	A*11:02:01:01	A*11:01:01:01
HG02391	EAS	HG02391	T1K-four-field	A	four_field	complete	1	1	1	2	A*11:02:01:01	A*11:01:01:01
HG02391	EAS	HG02391	T1K-four-field	B	two_field	complete	1	1	1	2	B*40:01:02:01	B*13:01:01:01
HG02391	EAS	HG02391	T1K-four-field	B	four_field	complete	1	1	0	1	B*40:01:02:01	B*13:01:01:01
HG02391	EAS	HG02391	T1K-four-field	C	two_field	complete	1	1	1	2	C*07:02:01:01	C*03:04:01:01
HG02391	EAS	HG02391	T1K-four-field	C	four_field	complete	1	1	0	1	C*07:02:01:01	C*03:04:01:01
HG02391	EAS	HG02391	T1K-four-field	DPA1	two_field	complete	1	1	1	2	DPA1*02:02:02:01	DPA1*01:03:01:01
HG02391	EAS	HG02391	T1K-four-field	DPA1	four_field	complete	0	0	0	0	DPA1*02:02:02:01	DPA1*01:03:01:01
HG02391	EAS	HG02391	T1K-four-field	DPB1	two_field	complete	1	1	1	2	DPB1*02:01:02:01	DPB1*02:02:01:02
HG02391	EAS	HG02391	T1K-four-field	DPB1	four_field	complete	1	1	0	1	DPB1*02:01:02:01	DPB1*02:02:01:02
HG02391	EAS	HG02391	T1K-four-field	DQA1	two_field	complete	1	1	1	2	DQA1*01:02:02:01	DQA1*01:02:01:01
HG02391	EAS	HG02391	T1K-four-field	DQA1	four_field	complete	0	0	0	0	DQA1*01:02:02:01	DQA1*01:02:01:01
HG02391	EAS	HG02391	T1K-four-field	DQB1	two_field	complete	1	1	1	2	DQB1*05:02:01:01	DQB1*05:02:01:01
HG02391	EAS	HG02391	T1K-four-field	DQB1	four_field	complete	1	1	1	2	DQB1*05:02:01:01	DQB1*05:02:01:01
HG02391	EAS	HG02391	T1K-four-field	DRB1	two_field	complete	1	1	1	2	DRB1*16:02:01:04	DRB1*15:01:01:03
HG02391	EAS	HG02391	T1K-four-field	DRB1	four_field	complete	1	1	0	1	DRB1*16:02:01:04	DRB1*15:01:01:03
HG02391	EAS	HG02391	full:DogoHLA	A	two_field	complete	1	1	0	1	A*11:335:01	A*11:01:01:01
HG02391	EAS	HG02391	full:DogoHLA	A	four_field	complete	1	0	0	1	A*11:335:01	A*11:01:01:01
HG02391	EAS	HG02391	full:DogoHLA	B	two_field	complete	1	1	1	2	B*13:01:01:01	B*40:01:02:01
HG02391	EAS	HG02391	full:DogoHLA	B	four_field	complete	1	1	0	1	B*13:01:01:01	B*40:01:02:01
HG02391	EAS	HG02391	full:DogoHLA	C	two_field	complete	1	1	1	2	C*03:04:01:01	C*07:02:01:01
HG02391	EAS	HG02391	full:DogoHLA	C	four_field	complete	1	1	0	1	C*03:04:01:01	C*07:02:01:01
HG02391	EAS	HG02391	full:DogoHLA	DPA1	two_field	complete	1	1	1	2	DPA1*02:02:02:01	DPA1*01:03:01:01
HG02391	EAS	HG02391	full:DogoHLA	DPA1	four_field	complete	0	0	0	0	DPA1*02:02:02:01	DPA1*01:03:01:01
HG02391	EAS	HG02391	full:DogoHLA	DPB1	two_field	complete	1	1	1	2	DPB1*02:02:01:02	DPB1*02:01:02:01
HG02391	EAS	HG02391	full:DogoHLA	DPB1	four_field	complete	1	1	0	1	DPB1*02:02:01:02	DPB1*02:01:02:01
HG02391	EAS	HG02391	full:DogoHLA	DQA1	two_field	complete	1	1	1	2	DQA1*01:02:01:01	DQA1*01:02:02:01
HG02391	EAS	HG02391	full:DogoHLA	DQA1	four_field	complete	0	0	0	0	DQA1*01:02:01:01	DQA1*01:02:02:01
HG02391	EAS	HG02391	full:DogoHLA	DQB1	two_field	complete	1	1	1	2	DQB1*05:02:01:01	DQB1*05:02:01:01
HG02391	EAS	HG02391	full:DogoHLA	DQB1	four_field	complete	1	1	1	2	DQB1*05:02:01:01	DQB1*05:02:01:01
HG02391	EAS	HG02391	full:DogoHLA	DRB1	two_field	complete	1	1	1	2	DRB1*15:01:01:25	DRB1*16:02:01:03
HG02391	EAS	HG02391	full:DogoHLA	DRB1	four_field	complete	1	1	0	0	DRB1*15:01:01:25	DRB1*16:02:01:03
HG02391	EAS	HG02391	full:DogoHLA-no-graph	A	two_field	complete	1	1	0	1	A*11:335:01	A*11:01:01:01
HG02391	EAS	HG02391	full:DogoHLA-no-graph	A	four_field	complete	1	0	0	1	A*11:335:01	A*11:01:01:01
HG02391	EAS	HG02391	full:DogoHLA-no-graph	B	two_field	complete	1	1	1	2	B*13:01:01:01	B*40:01:02:01
HG02391	EAS	HG02391	full:DogoHLA-no-graph	B	four_field	complete	1	1	0	1	B*13:01:01:01	B*40:01:02:01
HG02391	EAS	HG02391	full:DogoHLA-no-graph	C	two_field	complete	1	1	1	2	C*03:04:01:01	C*07:02:01:01
HG02391	EAS	HG02391	full:DogoHLA-no-graph	C	four_field	complete	1	1	0	1	C*03:04:01:01	C*07:02:01:01
HG02391	EAS	HG02391	full:DogoHLA-no-graph	DPA1	two_field	complete	1	1	1	2	DPA1*02:02:02:01	DPA1*01:03:01:01
HG02391	EAS	HG02391	full:DogoHLA-no-graph	DPA1	four_field	complete	0	0	0	0	DPA1*02:02:02:01	DPA1*01:03:01:01
HG02391	EAS	HG02391	full:DogoHLA-no-graph	DPB1	two_field	complete	1	1	1	2	DPB1*02:02:01:02	DPB1*02:01:02:01
HG02391	EAS	HG02391	full:DogoHLA-no-graph	DPB1	four_field	complete	1	1	0	1	DPB1*02:02:01:02	DPB1*02:01:02:01
HG02391	EAS	HG02391	full:DogoHLA-no-graph	DQA1	two_field	complete	1	1	1	2	DQA1*01:02:01:01	DQA1*01:02:02:01
HG02391	EAS	HG02391	full:DogoHLA-no-graph	DQA1	four_field	complete	0	0	0	0	DQA1*01:02:01:01	DQA1*01:02:02:01
HG02391	EAS	HG02391	full:DogoHLA-no-graph	DQB1	two_field	complete	1	1	1	2	DQB1*05:02:01:01	DQB1*05:02:01:01
HG02391	EAS	HG02391	full:DogoHLA-no-graph	DQB1	four_field	complete	1	1	1	2	DQB1*05:02:01:01	DQB1*05:02:01:01
HG02391	EAS	HG02391	full:DogoHLA-no-graph	DRB1	two_field	complete	1	1	1	2	DRB1*15:01:01:25	DRB1*16:02:01:03
HG02391	EAS	HG02391	full:DogoHLA-no-graph	DRB1	four_field	complete	1	1	0	0	DRB1*15:01:01:25	DRB1*16:02:01:03
HG02391	EAS	HG02391	hprc:DogoHLA	A	two_field	complete	1	1	0	1	A*11:335:01	A*11:01:01:01
HG02391	EAS	HG02391	hprc:DogoHLA	A	four_field	complete	1	0	0	1	A*11:335:01	A*11:01:01:01
HG02391	EAS	HG02391	hprc:DogoHLA	B	two_field	complete	1	1	1	2	B*13:01:01:01	B*40:01:02:01
HG02391	EAS	HG02391	hprc:DogoHLA	B	four_field	complete	1	1	0	1	B*13:01:01:01	B*40:01:02:01
HG02391	EAS	HG02391	hprc:DogoHLA	C	two_field	complete	1	1	1	2	C*03:04:01:01	C*07:02:01:01
HG02391	EAS	HG02391	hprc:DogoHLA	C	four_field	complete	1	1	0	1	C*03:04:01:01	C*07:02:01:01
HG02391	EAS	HG02391	hprc:DogoHLA	DPA1	two_field	complete	1	1	1	2	DPA1*02:02:02:01	DPA1*01:03:01:01
HG02391	EAS	HG02391	hprc:DogoHLA	DPA1	four_field	complete	0	0	0	0	DPA1*02:02:02:01	DPA1*01:03:01:01
HG02391	EAS	HG02391	hprc:DogoHLA	DPB1	two_field	complete	1	1	1	2	DPB1*02:02:01:02	DPB1*02:01:02:01
HG02391	EAS	HG02391	hprc:DogoHLA	DPB1	four_field	complete	1	1	0	1	DPB1*02:02:01:02	DPB1*02:01:02:01
HG02391	EAS	HG02391	hprc:DogoHLA	DQA1	two_field	complete	1	1	1	2	DQA1*01:02:01:01	DQA1*01:02:02:01
HG02391	EAS	HG02391	hprc:DogoHLA	DQA1	four_field	complete	0	0	0	0	DQA1*01:02:01:01	DQA1*01:02:02:01
HG02391	EAS	HG02391	hprc:DogoHLA	DQB1	two_field	complete	1	1	1	2	DQB1*05:02:01:01	DQB1*05:02:01:01
HG02391	EAS	HG02391	hprc:DogoHLA	DQB1	four_field	complete	1	1	1	2	DQB1*05:02:01:01	DQB1*05:02:01:01
HG02391	EAS	HG02391	hprc:DogoHLA	DRB1	two_field	complete	1	1	1	2	DRB1*15:01:01:25	DRB1*16:02:01:03
HG02391	EAS	HG02391	hprc:DogoHLA	DRB1	four_field	complete	1	1	0	0	DRB1*15:01:01:25	DRB1*16:02:01:03
HG02391	EAS	HG02391	hprc:DogoHLA-no-graph	A	two_field	complete	1	1	0	1	A*11:335:01	A*11:01:01:01
HG02391	EAS	HG02391	hprc:DogoHLA-no-graph	A	four_field	complete	1	0	0	1	A*11:335:01	A*11:01:01:01
HG02391	EAS	HG02391	hprc:DogoHLA-no-graph	B	two_field	complete	1	1	1	2	B*13:01:01:01	B*40:01:02:01
HG02391	EAS	HG02391	hprc:DogoHLA-no-graph	B	four_field	complete	1	1	0	1	B*13:01:01:01	B*40:01:02:01
HG02391	EAS	HG02391	hprc:DogoHLA-no-graph	C	two_field	complete	1	1	1	2	C*03:04:01:01	C*07:02:01:01
HG02391	EAS	HG02391	hprc:DogoHLA-no-graph	C	four_field	complete	1	1	0	1	C*03:04:01:01	C*07:02:01:01
HG02391	EAS	HG02391	hprc:DogoHLA-no-graph	DPA1	two_field	complete	1	1	1	2	DPA1*02:02:02:01	DPA1*01:03:01:01
HG02391	EAS	HG02391	hprc:DogoHLA-no-graph	DPA1	four_field	complete	0	0	0	0	DPA1*02:02:02:01	DPA1*01:03:01:01
HG02391	EAS	HG02391	hprc:DogoHLA-no-graph	DPB1	two_field	complete	1	1	1	2	DPB1*02:02:01:02	DPB1*02:01:02:01
HG02391	EAS	HG02391	hprc:DogoHLA-no-graph	DPB1	four_field	complete	1	1	0	1	DPB1*02:02:01:02	DPB1*02:01:02:01
HG02391	EAS	HG02391	hprc:DogoHLA-no-graph	DQA1	two_field	complete	1	1	1	2	DQA1*01:02:01:01	DQA1*01:02:02:01
HG02391	EAS	HG02391	hprc:DogoHLA-no-graph	DQA1	four_field	complete	0	0	0	0	DQA1*01:02:01:01	DQA1*01:02:02:01
HG02391	EAS	HG02391	hprc:DogoHLA-no-graph	DQB1	two_field	complete	1	1	1	2	DQB1*05:02:01:01	DQB1*05:02:01:01
HG02391	EAS	HG02391	hprc:DogoHLA-no-graph	DQB1	four_field	complete	1	1	1	2	DQB1*05:02:01:01	DQB1*05:02:01:01
HG02391	EAS	HG02391	hprc:DogoHLA-no-graph	DRB1	two_field	complete	1	1	1	2	DRB1*15:01:01:25	DRB1*16:02:01:03
HG02391	EAS	HG02391	hprc:DogoHLA-no-graph	DRB1	four_field	complete	1	1	0	0	DRB1*15:01:01:25	DRB1*16:02:01:03
HG02391	EAS	HG02391	asian_matched:DogoHLA	A	two_field	complete	1	1	0	1	A*11:335:01	A*11:01:01:01
HG02391	EAS	HG02391	asian_matched:DogoHLA	A	four_field	complete	1	0	0	1	A*11:335:01	A*11:01:01:01
HG02391	EAS	HG02391	asian_matched:DogoHLA	B	two_field	complete	1	1	1	2	B*13:01:01:01	B*40:01:02:01
HG02391	EAS	HG02391	asian_matched:DogoHLA	B	four_field	complete	1	1	0	1	B*13:01:01:01	B*40:01:02:01
HG02391	EAS	HG02391	asian_matched:DogoHLA	C	two_field	complete	1	1	1	2	C*03:04:01:01	C*07:02:01:01
HG02391	EAS	HG02391	asian_matched:DogoHLA	C	four_field	complete	1	1	0	1	C*03:04:01:01	C*07:02:01:01
HG02391	EAS	HG02391	asian_matched:DogoHLA	DPA1	two_field	complete	1	1	1	2	DPA1*02:02:02:01	DPA1*01:03:01:01
HG02391	EAS	HG02391	asian_matched:DogoHLA	DPA1	four_field	complete	0	0	0	0	DPA1*02:02:02:01	DPA1*01:03:01:01
HG02391	EAS	HG02391	asian_matched:DogoHLA	DPB1	two_field	complete	1	1	1	2	DPB1*02:02:01:02	DPB1*02:01:02:01
HG02391	EAS	HG02391	asian_matched:DogoHLA	DPB1	four_field	complete	1	1	0	1	DPB1*02:02:01:02	DPB1*02:01:02:01
HG02391	EAS	HG02391	asian_matched:DogoHLA	DQA1	two_field	complete	1	1	1	2	DQA1*01:02:01:01	DQA1*01:02:02:01
HG02391	EAS	HG02391	asian_matched:DogoHLA	DQA1	four_field	complete	0	0	0	0	DQA1*01:02:01:01	DQA1*01:02:02:01
HG02391	EAS	HG02391	asian_matched:DogoHLA	DQB1	two_field	complete	1	1	1	2	DQB1*05:02:01:01	DQB1*05:02:01:01
HG02391	EAS	HG02391	asian_matched:DogoHLA	DQB1	four_field	complete	1	1	1	2	DQB1*05:02:01:01	DQB1*05:02:01:01
HG02391	EAS	HG02391	asian_matched:DogoHLA	DRB1	two_field	complete	1	1	1	2	DRB1*15:01:01:25	DRB1*16:02:01:03
HG02391	EAS	HG02391	asian_matched:DogoHLA	DRB1	four_field	complete	1	1	0	0	DRB1*15:01:01:25	DRB1*16:02:01:03
HG02391	EAS	HG02391	asian_matched:DogoHLA-no-graph	A	two_field	complete	1	1	0	1	A*11:335:01	A*11:01:01:01
HG02391	EAS	HG02391	asian_matched:DogoHLA-no-graph	A	four_field	complete	1	0	0	1	A*11:335:01	A*11:01:01:01
HG02391	EAS	HG02391	asian_matched:DogoHLA-no-graph	B	two_field	complete	1	1	1	2	B*13:01:01:01	B*40:01:02:01
HG02391	EAS	HG02391	asian_matched:DogoHLA-no-graph	B	four_field	complete	1	1	0	1	B*13:01:01:01	B*40:01:02:01
HG02391	EAS	HG02391	asian_matched:DogoHLA-no-graph	C	two_field	complete	1	1	1	2	C*03:04:01:01	C*07:02:01:01
HG02391	EAS	HG02391	asian_matched:DogoHLA-no-graph	C	four_field	complete	1	1	0	1	C*03:04:01:01	C*07:02:01:01
HG02391	EAS	HG02391	asian_matched:DogoHLA-no-graph	DPA1	two_field	complete	1	1	1	2	DPA1*02:02:02:01	DPA1*01:03:01:01
HG02391	EAS	HG02391	asian_matched:DogoHLA-no-graph	DPA1	four_field	complete	0	0	0	0	DPA1*02:02:02:01	DPA1*01:03:01:01
HG02391	EAS	HG02391	asian_matched:DogoHLA-no-graph	DPB1	two_field	complete	1	1	1	2	DPB1*02:02:01:02	DPB1*02:01:02:01
HG02391	EAS	HG02391	asian_matched:DogoHLA-no-graph	DPB1	four_field	complete	1	1	0	1	DPB1*02:02:01:02	DPB1*02:01:02:01
HG02391	EAS	HG02391	asian_matched:DogoHLA-no-graph	DQA1	two_field	complete	1	1	1	2	DQA1*01:02:01:01	DQA1*01:02:02:01
HG02391	EAS	HG02391	asian_matched:DogoHLA-no-graph	DQA1	four_field	complete	0	0	0	0	DQA1*01:02:01:01	DQA1*01:02:02:01
HG02391	EAS	HG02391	asian_matched:DogoHLA-no-graph	DQB1	two_field	complete	1	1	1	2	DQB1*05:02:01:01	DQB1*05:02:01:01
HG02391	EAS	HG02391	asian_matched:DogoHLA-no-graph	DQB1	four_field	complete	1	1	1	2	DQB1*05:02:01:01	DQB1*05:02:01:01
HG02391	EAS	HG02391	asian_matched:DogoHLA-no-graph	DRB1	two_field	complete	1	1	1	2	DRB1*15:01:01:25	DRB1*16:02:01:03
HG02391	EAS	HG02391	asian_matched:DogoHLA-no-graph	DRB1	four_field	complete	1	1	0	0	DRB1*15:01:01:25	DRB1*16:02:01:03
HG02602	SAS	HG02600	SpecHLA-IPD365-noFreq	A	two_field	complete	1	1	0	0	A*68:293Q	A*02:179
HG02602	SAS	HG02600	SpecHLA-IPD365-noFreq	A	four_field	complete	1	0	0	0	A*68:293Q	A*02:179
HG02602	SAS	HG02600	SpecHLA-IPD365-noFreq	B	two_field	complete	1	1	1	2	B*49:01:01:04	B*44:02:01:01
HG02602	SAS	HG02600	SpecHLA-IPD365-noFreq	B	four_field	complete	1	1	1	2	B*49:01:01:04	B*44:02:01:01
HG02602	SAS	HG02600	SpecHLA-IPD365-noFreq	C	two_field	complete	1	1	1	2	C*05:01:01:02	C*07:01:01:01
HG02602	SAS	HG02600	SpecHLA-IPD365-noFreq	C	four_field	complete	1	1	0	0	C*05:01:01:02	C*07:01:01:01
HG02602	SAS	HG02600	SpecHLA-IPD365-noFreq	DPA1	two_field	complete	1	1	1	2	DPA1*01:03:01:01	DPA1*01:03:07
HG02602	SAS	HG02600	SpecHLA-IPD365-noFreq	DPA1	four_field	complete	0	0	0	0	DPA1*01:03:01:01	DPA1*01:03:07
HG02602	SAS	HG02600	SpecHLA-IPD365-noFreq	DPB1	two_field	complete	1	1	1	2	DPB1*414:01:01:01	DPB1*02:01:02:01
HG02602	SAS	HG02600	SpecHLA-IPD365-noFreq	DPB1	four_field	complete	1	1	0	0	DPB1*414:01:01:01	DPB1*02:01:02:01
HG02602	SAS	HG02600	SpecHLA-IPD365-noFreq	DQA1	two_field	complete	1	1	1	2	DQA1*02:01:01:01	DQA1*01:04:02:02
HG02602	SAS	HG02600	SpecHLA-IPD365-noFreq	DQA1	four_field	complete	0	0	0	0	DQA1*02:01:01:01	DQA1*01:04:02:02
HG02602	SAS	HG02600	SpecHLA-IPD365-noFreq	DQB1	two_field	complete	1	1	1	2	DQB1*03:03:02:01	DQB1*05:03:01:01
HG02602	SAS	HG02600	SpecHLA-IPD365-noFreq	DQB1	four_field	complete	1	1	1	2	DQB1*03:03:02:01	DQB1*05:03:01:01
HG02602	SAS	HG02600	SpecHLA-IPD365-noFreq	DRB1	two_field	complete	1	1	1	2	DRB1*14:04:01:02	DRB1*07:01:01:24
HG02602	SAS	HG02600	SpecHLA-IPD365-noFreq	DRB1	four_field	complete	0	0	0	0	DRB1*14:04:01:02	DRB1*07:01:01:24
HG02602	SAS	HG02600	SpecHLA-IPD365-long-noFreq	A	two_field	complete	1	1	0	0	A*02:179	A*68:293Q
HG02602	SAS	HG02600	SpecHLA-IPD365-long-noFreq	A	four_field	complete	1	0	0	0	A*02:179	A*68:293Q
HG02602	SAS	HG02600	SpecHLA-IPD365-long-noFreq	B	two_field	complete	1	1	1	2	B*49:01:01:04	B*44:02:01:01
HG02602	SAS	HG02600	SpecHLA-IPD365-long-noFreq	B	four_field	complete	1	1	1	2	B*49:01:01:04	B*44:02:01:01
HG02602	SAS	HG02600	SpecHLA-IPD365-long-noFreq	C	two_field	complete	1	1	1	2	C*05:01:01:02	C*07:01:01:01
HG02602	SAS	HG02600	SpecHLA-IPD365-long-noFreq	C	four_field	complete	1	1	0	0	C*05:01:01:02	C*07:01:01:01
HG02602	SAS	HG02600	SpecHLA-IPD365-long-noFreq	DPA1	two_field	complete	1	1	1	2	DPA1*01:03:07	DPA1*01:03:01:01
HG02602	SAS	HG02600	SpecHLA-IPD365-long-noFreq	DPA1	four_field	complete	0	0	0	0	DPA1*01:03:07	DPA1*01:03:01:01
HG02602	SAS	HG02600	SpecHLA-IPD365-long-noFreq	DPB1	two_field	complete	1	1	1	2	DPB1*414:01:01:01	DPB1*02:01:02:01
HG02602	SAS	HG02600	SpecHLA-IPD365-long-noFreq	DPB1	four_field	complete	1	1	0	0	DPB1*414:01:01:01	DPB1*02:01:02:01
HG02602	SAS	HG02600	SpecHLA-IPD365-long-noFreq	DQA1	two_field	complete	1	1	1	2	DQA1*02:01:01:01	DQA1*01:04:02:02
HG02602	SAS	HG02600	SpecHLA-IPD365-long-noFreq	DQA1	four_field	complete	0	0	0	0	DQA1*02:01:01:01	DQA1*01:04:02:02
HG02602	SAS	HG02600	SpecHLA-IPD365-long-noFreq	DQB1	two_field	complete	1	1	1	2	DQB1*03:03:02:01	DQB1*05:03:01:01
HG02602	SAS	HG02600	SpecHLA-IPD365-long-noFreq	DQB1	four_field	complete	1	1	1	2	DQB1*03:03:02:01	DQB1*05:03:01:01
HG02602	SAS	HG02600	SpecHLA-IPD365-long-noFreq	DRB1	two_field	complete	1	1	1	2	DRB1*07:01:01:04	DRB1*14:04:01:01
HG02602	SAS	HG02600	SpecHLA-IPD365-long-noFreq	DRB1	four_field	complete	0	0	0	0	DRB1*07:01:01:04	DRB1*14:04:01:01
HG02602	SAS	HG02600	T1K-four-field	A	two_field	complete	1	1	1	2	A*68:01:02:01	A*02:05:01:01
HG02602	SAS	HG02600	T1K-four-field	A	four_field	complete	1	1	1	2	A*68:01:02:01	A*02:05:01:01
HG02602	SAS	HG02600	T1K-four-field	B	two_field	complete	1	1	1	2	B*49:01:01:01	B*44:02:01:01
HG02602	SAS	HG02600	T1K-four-field	B	four_field	complete	1	1	0	1	B*49:01:01:01	B*44:02:01:01
HG02602	SAS	HG02600	T1K-four-field	C	two_field	complete	1	1	1	2	C*05:01:01:02	C*07:01:01:01
HG02602	SAS	HG02600	T1K-four-field	C	four_field	complete	1	1	0	0	C*05:01:01:02	C*07:01:01:01
HG02602	SAS	HG02600	T1K-four-field	DPA1	two_field	complete	1	1	1	2	DPA1*01:03:07	DPA1*01:03:01:69
HG02602	SAS	HG02600	T1K-four-field	DPA1	four_field	complete	0	0	0	0	DPA1*01:03:07	DPA1*01:03:01:69
HG02602	SAS	HG02600	T1K-four-field	DPB1	two_field	complete	1	1	1	2	DPB1*414:01:01:01	DPB1*02:01:02:04
HG02602	SAS	HG02600	T1K-four-field	DPB1	four_field	complete	1	1	0	1	DPB1*414:01:01:01	DPB1*02:01:02:04
HG02602	SAS	HG02600	T1K-four-field	DQA1	two_field	complete	1	1	1	2	DQA1*01:04:02:01	DQA1*02:01:01:01
HG02602	SAS	HG02600	T1K-four-field	DQA1	four_field	complete	0	0	0	0	DQA1*01:04:02:01	DQA1*02:01:01:01
HG02602	SAS	HG02600	T1K-four-field	DQB1	two_field	complete	1	1	1	2	DQB1*03:03:02:01	DQB1*05:03:01:01
HG02602	SAS	HG02600	T1K-four-field	DQB1	four_field	complete	1	1	1	2	DQB1*03:03:02:01	DQB1*05:03:01:01
HG02602	SAS	HG02600	T1K-four-field	DRB1	two_field	complete	1	1	1	2	DRB1*07:01:01:01	DRB1*14:04:01:02
HG02602	SAS	HG02600	T1K-four-field	DRB1	four_field	complete	0	0	0	0	DRB1*07:01:01:01	DRB1*14:04:01:02
HG02602	SAS	HG02600	full:DogoHLA	A	two_field	complete	1	1	0	0	A*68:293Q	A*02:179
HG02602	SAS	HG02600	full:DogoHLA	A	four_field	complete	1	0	0	0	A*68:293Q	A*02:179
HG02602	SAS	HG02600	full:DogoHLA	B	two_field	complete	1	1	1	2	B*44:02:01:01	B*49:01:01:04
HG02602	SAS	HG02600	full:DogoHLA	B	four_field	complete	1	1	1	2	B*44:02:01:01	B*49:01:01:04
HG02602	SAS	HG02600	full:DogoHLA	C	two_field	complete	1	1	1	2	C*07:01:01:01	C*05:01:01:02
HG02602	SAS	HG02600	full:DogoHLA	C	four_field	complete	1	1	0	0	C*07:01:01:01	C*05:01:01:02
HG02602	SAS	HG02600	full:DogoHLA	DPA1	two_field	complete	1	1	1	2	DPA1*01:03:01:01	DPA1*01:03:07
HG02602	SAS	HG02600	full:DogoHLA	DPA1	four_field	complete	0	0	0	0	DPA1*01:03:01:01	DPA1*01:03:07
HG02602	SAS	HG02600	full:DogoHLA	DPB1	two_field	complete	1	1	1	2	DPB1*414:01:01:01	DPB1*02:01:02:01
HG02602	SAS	HG02600	full:DogoHLA	DPB1	four_field	complete	1	1	0	0	DPB1*414:01:01:01	DPB1*02:01:02:01
HG02602	SAS	HG02600	full:DogoHLA	DQA1	two_field	complete	1	1	1	2	DQA1*01:04:02:02	DQA1*02:01:01:01
HG02602	SAS	HG02600	full:DogoHLA	DQA1	four_field	complete	0	0	0	0	DQA1*01:04:02:02	DQA1*02:01:01:01
HG02602	SAS	HG02600	full:DogoHLA	DQB1	two_field	complete	1	1	1	2	DQB1*03:03:02:01	DQB1*05:03:01:01
HG02602	SAS	HG02600	full:DogoHLA	DQB1	four_field	complete	1	1	1	2	DQB1*03:03:02:01	DQB1*05:03:01:01
HG02602	SAS	HG02600	full:DogoHLA	DRB1	two_field	complete	1	1	0	1	DRB1*07:01:01:26	DRB1*14:255
HG02602	SAS	HG02600	full:DogoHLA	DRB1	four_field	complete	0	0	0	0	DRB1*07:01:01:26	DRB1*14:255
HG02602	SAS	HG02600	full:DogoHLA-no-graph	A	two_field	complete	1	1	0	0	A*68:293Q	A*02:179
HG02602	SAS	HG02600	full:DogoHLA-no-graph	A	four_field	complete	1	0	0	0	A*68:293Q	A*02:179
HG02602	SAS	HG02600	full:DogoHLA-no-graph	B	two_field	complete	1	1	1	2	B*44:02:01:01	B*49:01:01:04
HG02602	SAS	HG02600	full:DogoHLA-no-graph	B	four_field	complete	1	1	1	2	B*44:02:01:01	B*49:01:01:04
HG02602	SAS	HG02600	full:DogoHLA-no-graph	C	two_field	complete	1	1	1	2	C*07:01:01:01	C*05:01:01:02
HG02602	SAS	HG02600	full:DogoHLA-no-graph	C	four_field	complete	1	1	0	0	C*07:01:01:01	C*05:01:01:02
HG02602	SAS	HG02600	full:DogoHLA-no-graph	DPA1	two_field	complete	1	1	1	2	DPA1*01:03:01:01	DPA1*01:03:07
HG02602	SAS	HG02600	full:DogoHLA-no-graph	DPA1	four_field	complete	0	0	0	0	DPA1*01:03:01:01	DPA1*01:03:07
HG02602	SAS	HG02600	full:DogoHLA-no-graph	DPB1	two_field	complete	1	1	1	2	DPB1*414:01:01:01	DPB1*02:01:02:01
HG02602	SAS	HG02600	full:DogoHLA-no-graph	DPB1	four_field	complete	1	1	0	0	DPB1*414:01:01:01	DPB1*02:01:02:01
HG02602	SAS	HG02600	full:DogoHLA-no-graph	DQA1	two_field	complete	1	1	1	2	DQA1*01:04:02:02	DQA1*02:01:01:01
HG02602	SAS	HG02600	full:DogoHLA-no-graph	DQA1	four_field	complete	0	0	0	0	DQA1*01:04:02:02	DQA1*02:01:01:01
HG02602	SAS	HG02600	full:DogoHLA-no-graph	DQB1	two_field	complete	1	1	1	2	DQB1*03:03:02:01	DQB1*05:03:01:01
HG02602	SAS	HG02600	full:DogoHLA-no-graph	DQB1	four_field	complete	1	1	1	2	DQB1*03:03:02:01	DQB1*05:03:01:01
HG02602	SAS	HG02600	full:DogoHLA-no-graph	DRB1	two_field	complete	1	1	0	1	DRB1*07:01:01:26	DRB1*14:255
HG02602	SAS	HG02600	full:DogoHLA-no-graph	DRB1	four_field	complete	0	0	0	0	DRB1*07:01:01:26	DRB1*14:255
HG02602	SAS	HG02600	hprc:DogoHLA	A	two_field	complete	1	1	0	0	A*68:293Q	A*02:179
HG02602	SAS	HG02600	hprc:DogoHLA	A	four_field	complete	1	0	0	0	A*68:293Q	A*02:179
HG02602	SAS	HG02600	hprc:DogoHLA	B	two_field	complete	1	1	1	2	B*44:02:01:01	B*49:01:01:04
HG02602	SAS	HG02600	hprc:DogoHLA	B	four_field	complete	1	1	1	2	B*44:02:01:01	B*49:01:01:04
HG02602	SAS	HG02600	hprc:DogoHLA	C	two_field	complete	1	1	1	2	C*07:01:01:01	C*05:01:01:02
HG02602	SAS	HG02600	hprc:DogoHLA	C	four_field	complete	1	1	0	0	C*07:01:01:01	C*05:01:01:02
HG02602	SAS	HG02600	hprc:DogoHLA	DPA1	two_field	complete	1	1	1	2	DPA1*01:03:01:01	DPA1*01:03:07
HG02602	SAS	HG02600	hprc:DogoHLA	DPA1	four_field	complete	0	0	0	0	DPA1*01:03:01:01	DPA1*01:03:07
HG02602	SAS	HG02600	hprc:DogoHLA	DPB1	two_field	complete	1	1	1	2	DPB1*414:01:01:01	DPB1*02:01:02:01
HG02602	SAS	HG02600	hprc:DogoHLA	DPB1	four_field	complete	1	1	0	0	DPB1*414:01:01:01	DPB1*02:01:02:01
HG02602	SAS	HG02600	hprc:DogoHLA	DQA1	two_field	complete	1	1	1	2	DQA1*01:04:02:02	DQA1*02:01:01:01
HG02602	SAS	HG02600	hprc:DogoHLA	DQA1	four_field	complete	0	0	0	0	DQA1*01:04:02:02	DQA1*02:01:01:01
HG02602	SAS	HG02600	hprc:DogoHLA	DQB1	two_field	complete	1	1	1	2	DQB1*03:03:02:01	DQB1*05:03:01:01
HG02602	SAS	HG02600	hprc:DogoHLA	DQB1	four_field	complete	1	1	1	2	DQB1*03:03:02:01	DQB1*05:03:01:01
HG02602	SAS	HG02600	hprc:DogoHLA	DRB1	two_field	complete	1	1	0	1	DRB1*07:01:01:26	DRB1*14:255
HG02602	SAS	HG02600	hprc:DogoHLA	DRB1	four_field	complete	0	0	0	0	DRB1*07:01:01:26	DRB1*14:255
HG02602	SAS	HG02600	hprc:DogoHLA-no-graph	A	two_field	complete	1	1	0	0	A*68:293Q	A*02:179
HG02602	SAS	HG02600	hprc:DogoHLA-no-graph	A	four_field	complete	1	0	0	0	A*68:293Q	A*02:179
HG02602	SAS	HG02600	hprc:DogoHLA-no-graph	B	two_field	complete	1	1	1	2	B*44:02:01:01	B*49:01:01:04
HG02602	SAS	HG02600	hprc:DogoHLA-no-graph	B	four_field	complete	1	1	1	2	B*44:02:01:01	B*49:01:01:04
HG02602	SAS	HG02600	hprc:DogoHLA-no-graph	C	two_field	complete	1	1	1	2	C*07:01:01:01	C*05:01:01:02
HG02602	SAS	HG02600	hprc:DogoHLA-no-graph	C	four_field	complete	1	1	0	0	C*07:01:01:01	C*05:01:01:02
HG02602	SAS	HG02600	hprc:DogoHLA-no-graph	DPA1	two_field	complete	1	1	1	2	DPA1*01:03:01:01	DPA1*01:03:07
HG02602	SAS	HG02600	hprc:DogoHLA-no-graph	DPA1	four_field	complete	0	0	0	0	DPA1*01:03:01:01	DPA1*01:03:07
HG02602	SAS	HG02600	hprc:DogoHLA-no-graph	DPB1	two_field	complete	1	1	1	2	DPB1*414:01:01:01	DPB1*02:01:02:01
HG02602	SAS	HG02600	hprc:DogoHLA-no-graph	DPB1	four_field	complete	1	1	0	0	DPB1*414:01:01:01	DPB1*02:01:02:01
HG02602	SAS	HG02600	hprc:DogoHLA-no-graph	DQA1	two_field	complete	1	1	1	2	DQA1*01:04:02:02	DQA1*02:01:01:01
HG02602	SAS	HG02600	hprc:DogoHLA-no-graph	DQA1	four_field	complete	0	0	0	0	DQA1*01:04:02:02	DQA1*02:01:01:01
HG02602	SAS	HG02600	hprc:DogoHLA-no-graph	DQB1	two_field	complete	1	1	1	2	DQB1*03:03:02:01	DQB1*05:03:01:01
HG02602	SAS	HG02600	hprc:DogoHLA-no-graph	DQB1	four_field	complete	1	1	1	2	DQB1*03:03:02:01	DQB1*05:03:01:01
HG02602	SAS	HG02600	hprc:DogoHLA-no-graph	DRB1	two_field	complete	1	1	0	1	DRB1*07:01:01:26	DRB1*14:255
HG02602	SAS	HG02600	hprc:DogoHLA-no-graph	DRB1	four_field	complete	0	0	0	0	DRB1*07:01:01:26	DRB1*14:255
HG02602	SAS	HG02600	asian_matched:DogoHLA	A	two_field	complete	1	1	0	0	A*68:293Q	A*02:179
HG02602	SAS	HG02600	asian_matched:DogoHLA	A	four_field	complete	1	0	0	0	A*68:293Q	A*02:179
HG02602	SAS	HG02600	asian_matched:DogoHLA	B	two_field	complete	1	1	1	2	B*44:02:01:01	B*49:01:01:04
HG02602	SAS	HG02600	asian_matched:DogoHLA	B	four_field	complete	1	1	1	2	B*44:02:01:01	B*49:01:01:04
HG02602	SAS	HG02600	asian_matched:DogoHLA	C	two_field	complete	1	1	1	2	C*07:01:01:01	C*05:01:01:02
HG02602	SAS	HG02600	asian_matched:DogoHLA	C	four_field	complete	1	1	0	0	C*07:01:01:01	C*05:01:01:02
HG02602	SAS	HG02600	asian_matched:DogoHLA	DPA1	two_field	complete	1	1	1	2	DPA1*01:03:01:01	DPA1*01:03:07
HG02602	SAS	HG02600	asian_matched:DogoHLA	DPA1	four_field	complete	0	0	0	0	DPA1*01:03:01:01	DPA1*01:03:07
HG02602	SAS	HG02600	asian_matched:DogoHLA	DPB1	two_field	complete	1	1	1	2	DPB1*414:01:01:01	DPB1*02:01:02:01
HG02602	SAS	HG02600	asian_matched:DogoHLA	DPB1	four_field	complete	1	1	0	0	DPB1*414:01:01:01	DPB1*02:01:02:01
HG02602	SAS	HG02600	asian_matched:DogoHLA	DQA1	two_field	complete	1	1	1	2	DQA1*01:04:02:02	DQA1*02:01:01:01
HG02602	SAS	HG02600	asian_matched:DogoHLA	DQA1	four_field	complete	0	0	0	0	DQA1*01:04:02:02	DQA1*02:01:01:01
HG02602	SAS	HG02600	asian_matched:DogoHLA	DQB1	two_field	complete	1	1	1	2	DQB1*03:03:02:01	DQB1*05:03:01:01
HG02602	SAS	HG02600	asian_matched:DogoHLA	DQB1	four_field	complete	1	1	1	2	DQB1*03:03:02:01	DQB1*05:03:01:01
HG02602	SAS	HG02600	asian_matched:DogoHLA	DRB1	two_field	complete	1	1	0	1	DRB1*07:01:01:26	DRB1*14:255
HG02602	SAS	HG02600	asian_matched:DogoHLA	DRB1	four_field	complete	0	0	0	0	DRB1*07:01:01:26	DRB1*14:255
HG02602	SAS	HG02600	asian_matched:DogoHLA-no-graph	A	two_field	complete	1	1	0	0	A*68:293Q	A*02:179
HG02602	SAS	HG02600	asian_matched:DogoHLA-no-graph	A	four_field	complete	1	0	0	0	A*68:293Q	A*02:179
HG02602	SAS	HG02600	asian_matched:DogoHLA-no-graph	B	two_field	complete	1	1	1	2	B*44:02:01:01	B*49:01:01:04
HG02602	SAS	HG02600	asian_matched:DogoHLA-no-graph	B	four_field	complete	1	1	1	2	B*44:02:01:01	B*49:01:01:04
HG02602	SAS	HG02600	asian_matched:DogoHLA-no-graph	C	two_field	complete	1	1	1	2	C*07:01:01:01	C*05:01:01:02
HG02602	SAS	HG02600	asian_matched:DogoHLA-no-graph	C	four_field	complete	1	1	0	0	C*07:01:01:01	C*05:01:01:02
HG02602	SAS	HG02600	asian_matched:DogoHLA-no-graph	DPA1	two_field	complete	1	1	1	2	DPA1*01:03:01:01	DPA1*01:03:07
HG02602	SAS	HG02600	asian_matched:DogoHLA-no-graph	DPA1	four_field	complete	0	0	0	0	DPA1*01:03:01:01	DPA1*01:03:07
HG02602	SAS	HG02600	asian_matched:DogoHLA-no-graph	DPB1	two_field	complete	1	1	1	2	DPB1*414:01:01:01	DPB1*02:01:02:01
HG02602	SAS	HG02600	asian_matched:DogoHLA-no-graph	DPB1	four_field	complete	1	1	0	0	DPB1*414:01:01:01	DPB1*02:01:02:01
HG02602	SAS	HG02600	asian_matched:DogoHLA-no-graph	DQA1	two_field	complete	1	1	1	2	DQA1*01:04:02:02	DQA1*02:01:01:01
HG02602	SAS	HG02600	asian_matched:DogoHLA-no-graph	DQA1	four_field	complete	0	0	0	0	DQA1*01:04:02:02	DQA1*02:01:01:01
HG02602	SAS	HG02600	asian_matched:DogoHLA-no-graph	DQB1	two_field	complete	1	1	1	2	DQB1*03:03:02:01	DQB1*05:03:01:01
HG02602	SAS	HG02600	asian_matched:DogoHLA-no-graph	DQB1	four_field	complete	1	1	1	2	DQB1*03:03:02:01	DQB1*05:03:01:01
HG02602	SAS	HG02600	asian_matched:DogoHLA-no-graph	DRB1	two_field	complete	1	1	0	1	DRB1*07:01:01:26	DRB1*14:255
HG02602	SAS	HG02600	asian_matched:DogoHLA-no-graph	DRB1	four_field	complete	0	0	0	0	DRB1*07:01:01:26	DRB1*14:255
HG04115	SAS	HG03894	SpecHLA-IPD365-noFreq	A	two_field	complete	1	1	0	1	A*11:335:01	A*74:02:01:02
HG04115	SAS	HG03894	SpecHLA-IPD365-noFreq	A	four_field	complete	1	0	0	1	A*11:335:01	A*74:02:01:02
HG04115	SAS	HG03894	SpecHLA-IPD365-noFreq	B	two_field	complete	1	1	1	2	B*57:01:26	B*40:06:31
HG04115	SAS	HG03894	SpecHLA-IPD365-noFreq	B	four_field	complete	0	0	0	0	B*57:01:26	B*40:06:31
HG04115	SAS	HG03894	SpecHLA-IPD365-noFreq	C	two_field	complete	1	1	1	2	C*15:02:01:04	C*06:02:01:21
HG04115	SAS	HG03894	SpecHLA-IPD365-noFreq	C	four_field	complete	1	1	0	0	C*15:02:01:04	C*06:02:01:21
HG04115	SAS	HG03894	SpecHLA-IPD365-noFreq	DPA1	two_field	complete	1	1	1	2	DPA1*01:03:01:12	DPA1*02:01:01:01
HG04115	SAS	HG03894	SpecHLA-IPD365-noFreq	DPA1	four_field	complete	0	0	0	0	DPA1*01:03:01:12	DPA1*02:01:01:01
HG04115	SAS	HG03894	SpecHLA-IPD365-noFreq	DPB1	two_field	complete	1	1	1	2	DPB1*104:01:01:01	DPB1*13:01:01:01
HG04115	SAS	HG03894	SpecHLA-IPD365-noFreq	DPB1	four_field	complete	1	1	0	1	DPB1*104:01:01:01	DPB1*13:01:01:01
HG04115	SAS	HG03894	SpecHLA-IPD365-noFreq	DQA1	two_field	complete	1	1	1	2	DQA1*01:05:01:01	DQA1*02:01:01:04
HG04115	SAS	HG03894	SpecHLA-IPD365-noFreq	DQA1	four_field	complete	1	1	0	1	DQA1*01:05:01:01	DQA1*02:01:01:04
HG04115	SAS	HG03894	SpecHLA-IPD365-noFreq	DQB1	two_field	complete	1	1	1	2	DQB1*05:01:01:02	DQB1*03:03:02:01
HG04115	SAS	HG03894	SpecHLA-IPD365-noFreq	DQB1	four_field	complete	1	1	0	1	DQB1*05:01:01:02	DQB1*03:03:02:01
HG04115	SAS	HG03894	SpecHLA-IPD365-noFreq	DRB1	two_field	complete	1	1	0	0	DRB1*07:07	DRB1*10:44:01:01
HG04115	SAS	HG03894	SpecHLA-IPD365-noFreq	DRB1	four_field	complete	0	0	0	0	DRB1*07:07	DRB1*10:44:01:01
HG04115	SAS	HG03894	SpecHLA-IPD365-long-noFreq	A	two_field	complete	1	1	0	1	A*11:335:01	A*74:02:01:02
HG04115	SAS	HG03894	SpecHLA-IPD365-long-noFreq	A	four_field	complete	1	0	0	1	A*11:335:01	A*74:02:01:02
HG04115	SAS	HG03894	SpecHLA-IPD365-long-noFreq	B	two_field	complete	1	1	1	2	B*40:06:31	B*57:01:26
HG04115	SAS	HG03894	SpecHLA-IPD365-long-noFreq	B	four_field	complete	0	0	0	0	B*40:06:31	B*57:01:26
HG04115	SAS	HG03894	SpecHLA-IPD365-long-noFreq	C	two_field	complete	1	1	1	2	C*15:02:01:04	C*06:02:01:21
HG04115	SAS	HG03894	SpecHLA-IPD365-long-noFreq	C	four_field	complete	1	1	0	0	C*15:02:01:04	C*06:02:01:21
HG04115	SAS	HG03894	SpecHLA-IPD365-long-noFreq	DPA1	two_field	complete	1	1	1	2	DPA1*01:03:01:12	DPA1*02:01:01:01
HG04115	SAS	HG03894	SpecHLA-IPD365-long-noFreq	DPA1	four_field	complete	0	0	0	0	DPA1*01:03:01:12	DPA1*02:01:01:01
HG04115	SAS	HG03894	SpecHLA-IPD365-long-noFreq	DPB1	two_field	complete	1	1	1	2	DPB1*104:01:01:01	DPB1*13:01:01:01
HG04115	SAS	HG03894	SpecHLA-IPD365-long-noFreq	DPB1	four_field	complete	1	1	0	1	DPB1*104:01:01:01	DPB1*13:01:01:01
HG04115	SAS	HG03894	SpecHLA-IPD365-long-noFreq	DQA1	two_field	complete	1	1	1	2	DQA1*01:05:01:01	DQA1*02:01:01:04
HG04115	SAS	HG03894	SpecHLA-IPD365-long-noFreq	DQA1	four_field	complete	1	1	0	1	DQA1*01:05:01:01	DQA1*02:01:01:04
HG04115	SAS	HG03894	SpecHLA-IPD365-long-noFreq	DQB1	two_field	complete	1	1	1	2	DQB1*05:01:01:02	DQB1*03:03:02:01
HG04115	SAS	HG03894	SpecHLA-IPD365-long-noFreq	DQB1	four_field	complete	1	1	0	1	DQB1*05:01:01:02	DQB1*03:03:02:01
HG04115	SAS	HG03894	SpecHLA-IPD365-long-noFreq	DRB1	two_field	complete	1	1	0	0	DRB1*10:44:01:01	DRB1*07:07
HG04115	SAS	HG03894	SpecHLA-IPD365-long-noFreq	DRB1	four_field	complete	0	0	0	0	DRB1*10:44:01:01	DRB1*07:07
HG04115	SAS	HG03894	T1K-four-field	A	two_field	complete	1	1	1	2	A*74:02:01:02	A*11:01:01:01
HG04115	SAS	HG03894	T1K-four-field	A	four_field	complete	1	1	1	2	A*74:02:01:02	A*11:01:01:01
HG04115	SAS	HG03894	T1K-four-field	B	two_field	complete	1	1	1	2	B*57:01:01:01	B*40:06:01:02
HG04115	SAS	HG03894	T1K-four-field	B	four_field	complete	0	0	0	0	B*57:01:01:01	B*40:06:01:02
HG04115	SAS	HG03894	T1K-four-field	C	two_field	complete	1	1	1	2	C*15:02:01:01	C*06:02:01:01
HG04115	SAS	HG03894	T1K-four-field	C	four_field	complete	1	1	1	2	C*15:02:01:01	C*06:02:01:01
HG04115	SAS	HG03894	T1K-four-field	DPA1	two_field	complete	1	1	1	2	DPA1*02:01:01:01	DPA1*01:03:01:12
HG04115	SAS	HG03894	T1K-four-field	DPA1	four_field	complete	0	0	0	0	DPA1*02:01:01:01	DPA1*01:03:01:12
HG04115	SAS	HG03894	T1K-four-field	DPB1	two_field	complete	1	1	1	2	DPB1*13:01:01:01	DPB1*104:01:01:01
HG04115	SAS	HG03894	T1K-four-field	DPB1	four_field	complete	1	1	0	1	DPB1*13:01:01:01	DPB1*104:01:01:01
HG04115	SAS	HG03894	T1K-four-field	DQA1	two_field	complete	1	1	1	2	DQA1*01:05:01:01	DQA1*02:01:01:01
HG04115	SAS	HG03894	T1K-four-field	DQA1	four_field	complete	1	1	1	2	DQA1*01:05:01:01	DQA1*02:01:01:01
HG04115	SAS	HG03894	T1K-four-field	DQB1	two_field	complete	1	1	1	2	DQB1*03:03:02:01	DQB1*05:01:01:01
HG04115	SAS	HG03894	T1K-four-field	DQB1	four_field	complete	1	1	0	1	DQB1*03:03:02:01	DQB1*05:01:01:01
HG04115	SAS	HG03894	T1K-four-field	DRB1	two_field	complete	1	1	1	2	DRB1*10:01:01:03	DRB1*07:01:01:01
HG04115	SAS	HG03894	T1K-four-field	DRB1	four_field	complete	0	0	0	0	DRB1*10:01:01:03	DRB1*07:01:01:01
HG04115	SAS	HG03894	full:DogoHLA	A	two_field	complete	1	1	0	1	A*74:02:01:02	A*11:335:01
HG04115	SAS	HG03894	full:DogoHLA	A	four_field	complete	1	0	0	1	A*74:02:01:02	A*11:335:01
HG04115	SAS	HG03894	full:DogoHLA	B	two_field	complete	1	1	1	2	B*57:01:01:01	B*40:06:01:03
HG04115	SAS	HG03894	full:DogoHLA	B	four_field	complete	0	0	0	0	B*57:01:01:01	B*40:06:01:03
HG04115	SAS	HG03894	full:DogoHLA	C	two_field	complete	1	1	1	2	C*06:02:01:01	C*15:02:01:01
HG04115	SAS	HG03894	full:DogoHLA	C	four_field	complete	1	1	1	2	C*06:02:01:01	C*15:02:01:01
HG04115	SAS	HG03894	full:DogoHLA	DPA1	two_field	complete	1	1	1	2	DPA1*02:01:01:01	DPA1*01:03:01:12
HG04115	SAS	HG03894	full:DogoHLA	DPA1	four_field	complete	0	0	0	0	DPA1*02:01:01:01	DPA1*01:03:01:12
HG04115	SAS	HG03894	full:DogoHLA	DPB1	two_field	complete	1	1	1	2	DPB1*104:01:01:01	DPB1*13:01:01:01
HG04115	SAS	HG03894	full:DogoHLA	DPB1	four_field	complete	1	1	0	1	DPB1*104:01:01:01	DPB1*13:01:01:01
HG04115	SAS	HG03894	full:DogoHLA	DQA1	two_field	complete	1	1	1	2	DQA1*01:05:01:01	DQA1*02:01:01:04
HG04115	SAS	HG03894	full:DogoHLA	DQA1	four_field	complete	1	1	0	1	DQA1*01:05:01:01	DQA1*02:01:01:04
HG04115	SAS	HG03894	full:DogoHLA	DQB1	two_field	complete	1	1	1	2	DQB1*03:03:02:01	DQB1*05:01:01:02
HG04115	SAS	HG03894	full:DogoHLA	DQB1	four_field	complete	1	1	0	1	DQB1*03:03:02:01	DQB1*05:01:01:02
HG04115	SAS	HG03894	full:DogoHLA	DRB1	two_field	complete	1	1	1	2	DRB1*10:01:01:05	DRB1*07:01:01:04
HG04115	SAS	HG03894	full:DogoHLA	DRB1	four_field	complete	0	0	0	0	DRB1*10:01:01:05	DRB1*07:01:01:04
HG04115	SAS	HG03894	full:DogoHLA-no-graph	A	two_field	complete	1	1	0	1	A*74:02:01:02	A*11:335:01
HG04115	SAS	HG03894	full:DogoHLA-no-graph	A	four_field	complete	1	0	0	1	A*74:02:01:02	A*11:335:01
HG04115	SAS	HG03894	full:DogoHLA-no-graph	B	two_field	complete	1	1	1	2	B*57:01:01:01	B*40:06:01:03
HG04115	SAS	HG03894	full:DogoHLA-no-graph	B	four_field	complete	0	0	0	0	B*57:01:01:01	B*40:06:01:03
HG04115	SAS	HG03894	full:DogoHLA-no-graph	C	two_field	complete	1	1	1	2	C*06:02:01:01	C*15:02:01:01
HG04115	SAS	HG03894	full:DogoHLA-no-graph	C	four_field	complete	1	1	1	2	C*06:02:01:01	C*15:02:01:01
HG04115	SAS	HG03894	full:DogoHLA-no-graph	DPA1	two_field	complete	1	1	1	2	DPA1*02:01:01:01	DPA1*01:03:01:12
HG04115	SAS	HG03894	full:DogoHLA-no-graph	DPA1	four_field	complete	0	0	0	0	DPA1*02:01:01:01	DPA1*01:03:01:12
HG04115	SAS	HG03894	full:DogoHLA-no-graph	DPB1	two_field	complete	1	1	1	2	DPB1*104:01:01:01	DPB1*13:01:01:01
HG04115	SAS	HG03894	full:DogoHLA-no-graph	DPB1	four_field	complete	1	1	0	1	DPB1*104:01:01:01	DPB1*13:01:01:01
HG04115	SAS	HG03894	full:DogoHLA-no-graph	DQA1	two_field	complete	1	1	1	2	DQA1*01:05:01:01	DQA1*02:01:01:04
HG04115	SAS	HG03894	full:DogoHLA-no-graph	DQA1	four_field	complete	1	1	0	1	DQA1*01:05:01:01	DQA1*02:01:01:04
HG04115	SAS	HG03894	full:DogoHLA-no-graph	DQB1	two_field	complete	1	1	1	2	DQB1*03:03:02:01	DQB1*05:01:01:02
HG04115	SAS	HG03894	full:DogoHLA-no-graph	DQB1	four_field	complete	1	1	0	1	DQB1*03:03:02:01	DQB1*05:01:01:02
HG04115	SAS	HG03894	full:DogoHLA-no-graph	DRB1	two_field	complete	1	1	1	2	DRB1*10:01:01:05	DRB1*07:01:01:04
HG04115	SAS	HG03894	full:DogoHLA-no-graph	DRB1	four_field	complete	0	0	0	0	DRB1*10:01:01:05	DRB1*07:01:01:04
HG04115	SAS	HG03894	hprc:DogoHLA	A	two_field	complete	1	1	0	0	A*11:372	A*11:335:01
HG04115	SAS	HG03894	hprc:DogoHLA	A	four_field	complete	1	0	0	0	A*11:372	A*11:335:01
HG04115	SAS	HG03894	hprc:DogoHLA	B	two_field	complete	1	1	1	2	B*57:01:01:01	B*40:06:01:03
HG04115	SAS	HG03894	hprc:DogoHLA	B	four_field	complete	0	0	0	0	B*57:01:01:01	B*40:06:01:03
HG04115	SAS	HG03894	hprc:DogoHLA	C	two_field	complete	1	1	1	2	C*06:02:01:01	C*15:02:01:01
HG04115	SAS	HG03894	hprc:DogoHLA	C	four_field	complete	1	1	1	2	C*06:02:01:01	C*15:02:01:01
HG04115	SAS	HG03894	hprc:DogoHLA	DPA1	two_field	complete	1	1	1	2	DPA1*02:01:01:01	DPA1*01:03:01:12
HG04115	SAS	HG03894	hprc:DogoHLA	DPA1	four_field	complete	0	0	0	0	DPA1*02:01:01:01	DPA1*01:03:01:12
HG04115	SAS	HG03894	hprc:DogoHLA	DPB1	two_field	complete	1	1	1	2	DPB1*104:01:01:01	DPB1*13:01:01:01
HG04115	SAS	HG03894	hprc:DogoHLA	DPB1	four_field	complete	1	1	0	1	DPB1*104:01:01:01	DPB1*13:01:01:01
HG04115	SAS	HG03894	hprc:DogoHLA	DQA1	two_field	complete	1	1	1	2	DQA1*02:01:01:04	DQA1*01:05:01:01
HG04115	SAS	HG03894	hprc:DogoHLA	DQA1	four_field	complete	1	1	0	1	DQA1*02:01:01:04	DQA1*01:05:01:01
HG04115	SAS	HG03894	hprc:DogoHLA	DQB1	two_field	complete	1	1	1	2	DQB1*03:03:02:01	DQB1*05:01:01:02
HG04115	SAS	HG03894	hprc:DogoHLA	DQB1	four_field	complete	1	1	0	1	DQB1*03:03:02:01	DQB1*05:01:01:02
HG04115	SAS	HG03894	hprc:DogoHLA	DRB1	two_field	complete	1	1	1	2	DRB1*10:01:01:04	DRB1*07:01:01:26
HG04115	SAS	HG03894	hprc:DogoHLA	DRB1	four_field	complete	0	0	0	0	DRB1*10:01:01:04	DRB1*07:01:01:26
HG04115	SAS	HG03894	hprc:DogoHLA-no-graph	A	two_field	complete	1	1	0	0	A*11:372	A*11:335:01
HG04115	SAS	HG03894	hprc:DogoHLA-no-graph	A	four_field	complete	1	0	0	0	A*11:372	A*11:335:01
HG04115	SAS	HG03894	hprc:DogoHLA-no-graph	B	two_field	complete	1	1	1	2	B*57:01:01:01	B*40:06:01:03
HG04115	SAS	HG03894	hprc:DogoHLA-no-graph	B	four_field	complete	0	0	0	0	B*57:01:01:01	B*40:06:01:03
HG04115	SAS	HG03894	hprc:DogoHLA-no-graph	C	two_field	complete	1	1	1	2	C*06:02:01:01	C*15:02:01:01
HG04115	SAS	HG03894	hprc:DogoHLA-no-graph	C	four_field	complete	1	1	1	2	C*06:02:01:01	C*15:02:01:01
HG04115	SAS	HG03894	hprc:DogoHLA-no-graph	DPA1	two_field	complete	1	1	1	2	DPA1*02:01:01:01	DPA1*01:03:01:12
HG04115	SAS	HG03894	hprc:DogoHLA-no-graph	DPA1	four_field	complete	0	0	0	0	DPA1*02:01:01:01	DPA1*01:03:01:12
HG04115	SAS	HG03894	hprc:DogoHLA-no-graph	DPB1	two_field	complete	1	1	1	2	DPB1*104:01:01:01	DPB1*13:01:01:01
HG04115	SAS	HG03894	hprc:DogoHLA-no-graph	DPB1	four_field	complete	1	1	0	1	DPB1*104:01:01:01	DPB1*13:01:01:01
HG04115	SAS	HG03894	hprc:DogoHLA-no-graph	DQA1	two_field	complete	1	1	1	2	DQA1*02:01:01:04	DQA1*01:05:01:01
HG04115	SAS	HG03894	hprc:DogoHLA-no-graph	DQA1	four_field	complete	1	1	0	1	DQA1*02:01:01:04	DQA1*01:05:01:01
HG04115	SAS	HG03894	hprc:DogoHLA-no-graph	DQB1	two_field	complete	1	1	1	2	DQB1*03:03:02:01	DQB1*05:01:01:02
HG04115	SAS	HG03894	hprc:DogoHLA-no-graph	DQB1	four_field	complete	1	1	0	1	DQB1*03:03:02:01	DQB1*05:01:01:02
HG04115	SAS	HG03894	hprc:DogoHLA-no-graph	DRB1	two_field	complete	1	1	1	2	DRB1*10:01:01:04	DRB1*07:01:01:26
HG04115	SAS	HG03894	hprc:DogoHLA-no-graph	DRB1	four_field	complete	0	0	0	0	DRB1*10:01:01:04	DRB1*07:01:01:26
HG04115	SAS	HG03894	asian_matched:DogoHLA	A	two_field	complete	1	1	0	1	A*74:02:01:02	A*11:335:01
HG04115	SAS	HG03894	asian_matched:DogoHLA	A	four_field	complete	1	0	0	1	A*74:02:01:02	A*11:335:01
HG04115	SAS	HG03894	asian_matched:DogoHLA	B	two_field	complete	1	1	1	2	B*57:01:01:01	B*40:06:01:03
HG04115	SAS	HG03894	asian_matched:DogoHLA	B	four_field	complete	0	0	0	0	B*57:01:01:01	B*40:06:01:03
HG04115	SAS	HG03894	asian_matched:DogoHLA	C	two_field	complete	1	1	1	2	C*06:02:01:01	C*15:02:01:01
HG04115	SAS	HG03894	asian_matched:DogoHLA	C	four_field	complete	1	1	1	2	C*06:02:01:01	C*15:02:01:01
HG04115	SAS	HG03894	asian_matched:DogoHLA	DPA1	two_field	complete	1	1	1	2	DPA1*02:01:01:01	DPA1*01:03:01:12
HG04115	SAS	HG03894	asian_matched:DogoHLA	DPA1	four_field	complete	0	0	0	0	DPA1*02:01:01:01	DPA1*01:03:01:12
HG04115	SAS	HG03894	asian_matched:DogoHLA	DPB1	two_field	complete	1	1	1	2	DPB1*104:01:01:01	DPB1*13:01:01:01
HG04115	SAS	HG03894	asian_matched:DogoHLA	DPB1	four_field	complete	1	1	0	1	DPB1*104:01:01:01	DPB1*13:01:01:01
HG04115	SAS	HG03894	asian_matched:DogoHLA	DQA1	two_field	complete	1	1	1	2	DQA1*01:05:01:01	DQA1*02:01:01:04
HG04115	SAS	HG03894	asian_matched:DogoHLA	DQA1	four_field	complete	1	1	0	1	DQA1*01:05:01:01	DQA1*02:01:01:04
HG04115	SAS	HG03894	asian_matched:DogoHLA	DQB1	two_field	complete	1	1	1	2	DQB1*03:03:02:01	DQB1*05:01:01:02
HG04115	SAS	HG03894	asian_matched:DogoHLA	DQB1	four_field	complete	1	1	0	1	DQB1*03:03:02:01	DQB1*05:01:01:02
HG04115	SAS	HG03894	asian_matched:DogoHLA	DRB1	two_field	complete	1	1	1	2	DRB1*10:01:01:05	DRB1*07:01:01:04
HG04115	SAS	HG03894	asian_matched:DogoHLA	DRB1	four_field	complete	0	0	0	0	DRB1*10:01:01:05	DRB1*07:01:01:04
HG04115	SAS	HG03894	asian_matched:DogoHLA-no-graph	A	two_field	complete	1	1	0	1	A*74:02:01:02	A*11:335:01
HG04115	SAS	HG03894	asian_matched:DogoHLA-no-graph	A	four_field	complete	1	0	0	1	A*74:02:01:02	A*11:335:01
HG04115	SAS	HG03894	asian_matched:DogoHLA-no-graph	B	two_field	complete	1	1	1	2	B*57:01:01:01	B*40:06:01:03
HG04115	SAS	HG03894	asian_matched:DogoHLA-no-graph	B	four_field	complete	0	0	0	0	B*57:01:01:01	B*40:06:01:03
HG04115	SAS	HG03894	asian_matched:DogoHLA-no-graph	C	two_field	complete	1	1	1	2	C*06:02:01:01	C*15:02:01:01
HG04115	SAS	HG03894	asian_matched:DogoHLA-no-graph	C	four_field	complete	1	1	1	2	C*06:02:01:01	C*15:02:01:01
HG04115	SAS	HG03894	asian_matched:DogoHLA-no-graph	DPA1	two_field	complete	1	1	1	2	DPA1*02:01:01:01	DPA1*01:03:01:12
HG04115	SAS	HG03894	asian_matched:DogoHLA-no-graph	DPA1	four_field	complete	0	0	0	0	DPA1*02:01:01:01	DPA1*01:03:01:12
HG04115	SAS	HG03894	asian_matched:DogoHLA-no-graph	DPB1	two_field	complete	1	1	1	2	DPB1*104:01:01:01	DPB1*13:01:01:01
HG04115	SAS	HG03894	asian_matched:DogoHLA-no-graph	DPB1	four_field	complete	1	1	0	1	DPB1*104:01:01:01	DPB1*13:01:01:01
HG04115	SAS	HG03894	asian_matched:DogoHLA-no-graph	DQA1	two_field	complete	1	1	1	2	DQA1*01:05:01:01	DQA1*02:01:01:04
HG04115	SAS	HG03894	asian_matched:DogoHLA-no-graph	DQA1	four_field	complete	1	1	0	1	DQA1*01:05:01:01	DQA1*02:01:01:04
HG04115	SAS	HG03894	asian_matched:DogoHLA-no-graph	DQB1	two_field	complete	1	1	1	2	DQB1*03:03:02:01	DQB1*05:01:01:02
HG04115	SAS	HG03894	asian_matched:DogoHLA-no-graph	DQB1	four_field	complete	1	1	0	1	DQB1*03:03:02:01	DQB1*05:01:01:02
HG04115	SAS	HG03894	asian_matched:DogoHLA-no-graph	DRB1	two_field	complete	1	1	1	2	DRB1*10:01:01:05	DRB1*07:01:01:04
HG04115	SAS	HG03894	asian_matched:DogoHLA-no-graph	DRB1	four_field	complete	0	0	0	0	DRB1*10:01:01:05	DRB1*07:01:01:04
HG04187	SAS	HG04185	SpecHLA-IPD365-noFreq	A	two_field	complete	1	1	0	1	A*33:03:01:01	A*32:101Q
HG04187	SAS	HG04185	SpecHLA-IPD365-noFreq	A	four_field	complete	1	0	0	1	A*33:03:01:01	A*32:101Q
HG04187	SAS	HG04185	SpecHLA-IPD365-noFreq	B	two_field	complete	1	1	1	2	B*35:03:01:01	B*08:01:01:02
HG04187	SAS	HG04185	SpecHLA-IPD365-noFreq	B	four_field	complete	1	1	1	2	B*35:03:01:01	B*08:01:01:02
HG04187	SAS	HG04185	SpecHLA-IPD365-noFreq	C	two_field	complete	1	1	1	2	C*07:02:01:01	C*04:01:01:01
HG04187	SAS	HG04185	SpecHLA-IPD365-noFreq	C	four_field	complete	1	1	0	1	C*07:02:01:01	C*04:01:01:01
HG04187	SAS	HG04185	SpecHLA-IPD365-noFreq	DPA1	two_field	complete	1	1	1	2	DPA1*02:01:01:01	DPA1*02:01:01:01
HG04187	SAS	HG04185	SpecHLA-IPD365-noFreq	DPA1	four_field	complete	0	0	0	0	DPA1*02:01:01:01	DPA1*02:01:01:01
HG04187	SAS	HG04185	SpecHLA-IPD365-noFreq	DPB1	two_field	complete	1	1	1	2	DPB1*09:01:01:01	DPB1*17:01:01:01
HG04187	SAS	HG04185	SpecHLA-IPD365-noFreq	DPB1	four_field	complete	1	1	1	2	DPB1*09:01:01:01	DPB1*17:01:01:01
HG04187	SAS	HG04185	SpecHLA-IPD365-noFreq	DQA1	two_field	complete	1	1	0	1	DQA1*05:05:17:03	DQA1*05:01:01:01
HG04187	SAS	HG04185	SpecHLA-IPD365-noFreq	DQA1	four_field	complete	0	0	0	0	DQA1*05:05:17:03	DQA1*05:01:01:01
HG04187	SAS	HG04185	SpecHLA-IPD365-noFreq	DQB1	two_field	complete	1	1	1	2	DQB1*03:01:01:03	DQB1*02:07:01
HG04187	SAS	HG04185	SpecHLA-IPD365-noFreq	DQB1	four_field	complete	0	0	0	0	DQB1*03:01:01:03	DQB1*02:07:01
HG04187	SAS	HG04185	SpecHLA-IPD365-noFreq	DRB1	two_field	complete	1	1	1	2	DRB1*03:01:01:03	DRB1*11:01:02:01
HG04187	SAS	HG04185	SpecHLA-IPD365-noFreq	DRB1	four_field	complete	0	0	0	0	DRB1*03:01:01:03	DRB1*11:01:02:01
HG04187	SAS	HG04185	SpecHLA-IPD365-long-noFreq	A	two_field	complete	1	1	0	1	A*33:03:01:01	A*32:101Q
HG04187	SAS	HG04185	SpecHLA-IPD365-long-noFreq	A	four_field	complete	1	0	0	1	A*33:03:01:01	A*32:101Q
HG04187	SAS	HG04185	SpecHLA-IPD365-long-noFreq	B	two_field	complete	1	1	1	2	B*35:03:01:01	B*08:01:01:02
HG04187	SAS	HG04185	SpecHLA-IPD365-long-noFreq	B	four_field	complete	1	1	1	2	B*35:03:01:01	B*08:01:01:02
HG04187	SAS	HG04185	SpecHLA-IPD365-long-noFreq	C	two_field	complete	1	1	1	2	C*07:02:01:01	C*04:01:01:01
HG04187	SAS	HG04185	SpecHLA-IPD365-long-noFreq	C	four_field	complete	1	1	0	1	C*07:02:01:01	C*04:01:01:01
HG04187	SAS	HG04185	SpecHLA-IPD365-long-noFreq	DPA1	two_field	complete	1	1	1	2	DPA1*02:01:01:01	DPA1*02:01:01:01
HG04187	SAS	HG04185	SpecHLA-IPD365-long-noFreq	DPA1	four_field	complete	0	0	0	0	DPA1*02:01:01:01	DPA1*02:01:01:01
HG04187	SAS	HG04185	SpecHLA-IPD365-long-noFreq	DPB1	two_field	complete	1	1	1	2	DPB1*17:01:01:01	DPB1*09:01:01:01
HG04187	SAS	HG04185	SpecHLA-IPD365-long-noFreq	DPB1	four_field	complete	1	1	1	2	DPB1*17:01:01:01	DPB1*09:01:01:01
HG04187	SAS	HG04185	SpecHLA-IPD365-long-noFreq	DQA1	two_field	complete	1	1	1	2	DQA1*05:09:02	DQA1*05:01:01:01
HG04187	SAS	HG04185	SpecHLA-IPD365-long-noFreq	DQA1	four_field	complete	0	0	0	0	DQA1*05:09:02	DQA1*05:01:01:01
HG04187	SAS	HG04185	SpecHLA-IPD365-long-noFreq	DQB1	two_field	complete	1	1	1	2	DQB1*02:07:01	DQB1*03:01:01:03
HG04187	SAS	HG04185	SpecHLA-IPD365-long-noFreq	DQB1	four_field	complete	0	0	0	0	DQB1*02:07:01	DQB1*03:01:01:03
HG04187	SAS	HG04185	SpecHLA-IPD365-long-noFreq	DRB1	two_field	complete	1	1	1	2	DRB1*03:01:01:03	DRB1*11:01:01:01
HG04187	SAS	HG04185	SpecHLA-IPD365-long-noFreq	DRB1	four_field	complete	0	0	0	0	DRB1*03:01:01:03	DRB1*11:01:01:01
HG04187	SAS	HG04185	T1K-four-field	A	two_field	complete	1	1	1	2	A*32:01:01:01	A*33:03:01:01
HG04187	SAS	HG04185	T1K-four-field	A	four_field	complete	1	1	1	2	A*32:01:01:01	A*33:03:01:01
HG04187	SAS	HG04185	T1K-four-field	B	two_field	complete	1	1	1	2	B*08:01:01:01	B*35:03:01:01,HLA-B*35:03:01:38
HG04187	SAS	HG04185	T1K-four-field	B	four_field	complete	1	1	0	0	B*08:01:01:01	B*35:03:01:01,HLA-B*35:03:01:38
HG04187	SAS	HG04185	T1K-four-field	C	two_field	complete	1	1	0	1	C*07:02:01:01	C*04:376
HG04187	SAS	HG04185	T1K-four-field	C	four_field	complete	1	0	0	1	C*07:02:01:01	C*04:376
HG04187	SAS	HG04185	T1K-four-field	DPA1	two_field	complete	1	1	1	2	DPA1*02:01:01:01	DPA1*02:01:01:02
HG04187	SAS	HG04185	T1K-four-field	DPA1	four_field	complete	0	0	0	0	DPA1*02:01:01:01	DPA1*02:01:01:02
HG04187	SAS	HG04185	T1K-four-field	DPB1	two_field	complete	1	1	1	2	DPB1*17:01:01:01	DPB1*09:01:01:01
HG04187	SAS	HG04185	T1K-four-field	DPB1	four_field	complete	1	1	1	2	DPB1*17:01:01:01	DPB1*09:01:01:01
HG04187	SAS	HG04185	T1K-four-field	DQA1	two_field	complete	1	1	1	2	DQA1*05:01:01:01	DQA1*05:09:01:02,HLA-DQA1*05:09:01:03
HG04187	SAS	HG04185	T1K-four-field	DQA1	four_field	complete	0	0	0	0	DQA1*05:01:01:01	DQA1*05:09:01:02,HLA-DQA1*05:09:01:03
HG04187	SAS	HG04185	T1K-four-field	DQB1	two_field	complete	1	1	1	2	DQB1*02:07:01	DQB1*03:01:01:73
HG04187	SAS	HG04185	T1K-four-field	DQB1	four_field	complete	0	0	0	0	DQB1*02:07:01	DQB1*03:01:01:73
HG04187	SAS	HG04185	T1K-four-field	DRB1	two_field	complete	1	1	1	2	DRB1*03:01:01:03	DRB1*11:01:01:10
HG04187	SAS	HG04185	T1K-four-field	DRB1	four_field	complete	0	0	0	0	DRB1*03:01:01:03	DRB1*11:01:01:10
HG04187	SAS	HG04185	full:DogoHLA	A	two_field	complete	1	1	0	1	A*33:03:01:01	A*32:101Q
HG04187	SAS	HG04185	full:DogoHLA	A	four_field	complete	1	0	0	1	A*33:03:01:01	A*32:101Q
HG04187	SAS	HG04185	full:DogoHLA	B	two_field	complete	1	1	1	2	B*08:01:01:02	B*35:03:01:01
HG04187	SAS	HG04185	full:DogoHLA	B	four_field	complete	1	1	1	2	B*08:01:01:02	B*35:03:01:01
HG04187	SAS	HG04185	full:DogoHLA	C	two_field	complete	1	1	1	2	C*04:01:01:01	C*07:02:01:01
HG04187	SAS	HG04185	full:DogoHLA	C	four_field	complete	1	1	0	1	C*04:01:01:01	C*07:02:01:01
HG04187	SAS	HG04185	full:DogoHLA	DPA1	two_field	complete	1	1	1	2	DPA1*02:01:01:01	DPA1*02:01:01:01
HG04187	SAS	HG04185	full:DogoHLA	DPA1	four_field	complete	0	0	0	0	DPA1*02:01:01:01	DPA1*02:01:01:01
HG04187	SAS	HG04185	full:DogoHLA	DPB1	two_field	complete	1	1	1	2	DPB1*09:01:01:01	DPB1*17:01:01:01
HG04187	SAS	HG04185	full:DogoHLA	DPB1	four_field	complete	1	1	1	2	DPB1*09:01:01:01	DPB1*17:01:01:01
HG04187	SAS	HG04185	full:DogoHLA	DQA1	two_field	complete	1	1	1	2	DQA1*05:01:01:02	DQA1*05:09:02
HG04187	SAS	HG04185	full:DogoHLA	DQA1	four_field	complete	0	0	0	0	DQA1*05:01:01:02	DQA1*05:09:02
HG04187	SAS	HG04185	full:DogoHLA	DQB1	two_field	complete	1	1	1	2	DQB1*03:01:01:03	DQB1*02:07:01
HG04187	SAS	HG04185	full:DogoHLA	DQB1	four_field	complete	0	0	0	0	DQB1*03:01:01:03	DQB1*02:07:01
HG04187	SAS	HG04185	full:DogoHLA	DRB1	two_field	complete	1	1	0	1	DRB1*11:04:20	DRB1*03:01:08:02
HG04187	SAS	HG04185	full:DogoHLA	DRB1	four_field	complete	0	0	0	0	DRB1*11:04:20	DRB1*03:01:08:02
HG04187	SAS	HG04185	full:DogoHLA-no-graph	A	two_field	complete	1	1	0	1	A*33:03:01:01	A*32:101Q
HG04187	SAS	HG04185	full:DogoHLA-no-graph	A	four_field	complete	1	0	0	1	A*33:03:01:01	A*32:101Q
HG04187	SAS	HG04185	full:DogoHLA-no-graph	B	two_field	complete	1	1	1	2	B*08:01:01:02	B*35:03:01:01
HG04187	SAS	HG04185	full:DogoHLA-no-graph	B	four_field	complete	1	1	1	2	B*08:01:01:02	B*35:03:01:01
HG04187	SAS	HG04185	full:DogoHLA-no-graph	C	two_field	complete	1	1	1	2	C*04:01:01:01	C*07:02:01:01
HG04187	SAS	HG04185	full:DogoHLA-no-graph	C	four_field	complete	1	1	0	1	C*04:01:01:01	C*07:02:01:01
HG04187	SAS	HG04185	full:DogoHLA-no-graph	DPA1	two_field	complete	1	1	1	2	DPA1*02:01:01:01	DPA1*02:01:01:01
HG04187	SAS	HG04185	full:DogoHLA-no-graph	DPA1	four_field	complete	0	0	0	0	DPA1*02:01:01:01	DPA1*02:01:01:01
HG04187	SAS	HG04185	full:DogoHLA-no-graph	DPB1	two_field	complete	1	1	1	2	DPB1*09:01:01:01	DPB1*17:01:01:01
HG04187	SAS	HG04185	full:DogoHLA-no-graph	DPB1	four_field	complete	1	1	1	2	DPB1*09:01:01:01	DPB1*17:01:01:01
HG04187	SAS	HG04185	full:DogoHLA-no-graph	DQA1	two_field	complete	1	1	1	2	DQA1*05:01:01:02	DQA1*05:09:02
HG04187	SAS	HG04185	full:DogoHLA-no-graph	DQA1	four_field	complete	0	0	0	0	DQA1*05:01:01:02	DQA1*05:09:02
HG04187	SAS	HG04185	full:DogoHLA-no-graph	DQB1	two_field	complete	1	1	1	2	DQB1*03:01:01:03	DQB1*02:07:01
HG04187	SAS	HG04185	full:DogoHLA-no-graph	DQB1	four_field	complete	0	0	0	0	DQB1*03:01:01:03	DQB1*02:07:01
HG04187	SAS	HG04185	full:DogoHLA-no-graph	DRB1	two_field	complete	1	1	0	1	DRB1*11:04:20	DRB1*03:01:08:02
HG04187	SAS	HG04185	full:DogoHLA-no-graph	DRB1	four_field	complete	0	0	0	0	DRB1*11:04:20	DRB1*03:01:08:02
HG04187	SAS	HG04185	hprc:DogoHLA	A	two_field	complete	1	1	0	1	A*33:03:01:23	A*32:101Q
HG04187	SAS	HG04185	hprc:DogoHLA	A	four_field	complete	1	0	0	0	A*33:03:01:23	A*32:101Q
HG04187	SAS	HG04185	hprc:DogoHLA	B	two_field	complete	1	1	1	2	B*08:01:01:02	B*35:03:01:01
HG04187	SAS	HG04185	hprc:DogoHLA	B	four_field	complete	1	1	1	2	B*08:01:01:02	B*35:03:01:01
HG04187	SAS	HG04185	hprc:DogoHLA	C	two_field	complete	1	1	1	2	C*04:01:01:01	C*07:02:01:01
HG04187	SAS	HG04185	hprc:DogoHLA	C	four_field	complete	1	1	0	1	C*04:01:01:01	C*07:02:01:01
HG04187	SAS	HG04185	hprc:DogoHLA	DPA1	two_field	complete	1	1	1	2	DPA1*02:01:01:01	DPA1*02:01:01:01
HG04187	SAS	HG04185	hprc:DogoHLA	DPA1	four_field	complete	0	0	0	0	DPA1*02:01:01:01	DPA1*02:01:01:01
HG04187	SAS	HG04185	hprc:DogoHLA	DPB1	two_field	complete	1	1	1	2	DPB1*09:01:01:01	DPB1*17:01:01:01
HG04187	SAS	HG04185	hprc:DogoHLA	DPB1	four_field	complete	1	1	1	2	DPB1*09:01:01:01	DPB1*17:01:01:01
HG04187	SAS	HG04185	hprc:DogoHLA	DQA1	two_field	complete	1	1	1	2	DQA1*05:01:01:02	DQA1*05:09:02
HG04187	SAS	HG04185	hprc:DogoHLA	DQA1	four_field	complete	0	0	0	0	DQA1*05:01:01:02	DQA1*05:09:02
HG04187	SAS	HG04185	hprc:DogoHLA	DQB1	two_field	complete	1	1	1	2	DQB1*03:01:01:03	DQB1*02:07:01
HG04187	SAS	HG04185	hprc:DogoHLA	DQB1	four_field	complete	0	0	0	0	DQB1*03:01:01:03	DQB1*02:07:01
HG04187	SAS	HG04185	hprc:DogoHLA	DRB1	two_field	complete	1	1	0	1	DRB1*11:04:20	DRB1*03:01:08:02
HG04187	SAS	HG04185	hprc:DogoHLA	DRB1	four_field	complete	0	0	0	0	DRB1*11:04:20	DRB1*03:01:08:02
HG04187	SAS	HG04185	hprc:DogoHLA-no-graph	A	two_field	complete	1	1	0	1	A*33:03:01:23	A*32:101Q
HG04187	SAS	HG04185	hprc:DogoHLA-no-graph	A	four_field	complete	1	0	0	0	A*33:03:01:23	A*32:101Q
HG04187	SAS	HG04185	hprc:DogoHLA-no-graph	B	two_field	complete	1	1	1	2	B*08:01:01:02	B*35:03:01:01
HG04187	SAS	HG04185	hprc:DogoHLA-no-graph	B	four_field	complete	1	1	1	2	B*08:01:01:02	B*35:03:01:01
HG04187	SAS	HG04185	hprc:DogoHLA-no-graph	C	two_field	complete	1	1	1	2	C*04:01:01:01	C*07:02:01:01
HG04187	SAS	HG04185	hprc:DogoHLA-no-graph	C	four_field	complete	1	1	0	1	C*04:01:01:01	C*07:02:01:01
HG04187	SAS	HG04185	hprc:DogoHLA-no-graph	DPA1	two_field	complete	1	1	1	2	DPA1*02:01:01:01	DPA1*02:01:01:01
HG04187	SAS	HG04185	hprc:DogoHLA-no-graph	DPA1	four_field	complete	0	0	0	0	DPA1*02:01:01:01	DPA1*02:01:01:01
HG04187	SAS	HG04185	hprc:DogoHLA-no-graph	DPB1	two_field	complete	1	1	1	2	DPB1*09:01:01:01	DPB1*17:01:01:01
HG04187	SAS	HG04185	hprc:DogoHLA-no-graph	DPB1	four_field	complete	1	1	1	2	DPB1*09:01:01:01	DPB1*17:01:01:01
HG04187	SAS	HG04185	hprc:DogoHLA-no-graph	DQA1	two_field	complete	1	1	1	2	DQA1*05:01:01:02	DQA1*05:09:02
HG04187	SAS	HG04185	hprc:DogoHLA-no-graph	DQA1	four_field	complete	0	0	0	0	DQA1*05:01:01:02	DQA1*05:09:02
HG04187	SAS	HG04185	hprc:DogoHLA-no-graph	DQB1	two_field	complete	1	1	1	2	DQB1*03:01:01:03	DQB1*02:07:01
HG04187	SAS	HG04185	hprc:DogoHLA-no-graph	DQB1	four_field	complete	0	0	0	0	DQB1*03:01:01:03	DQB1*02:07:01
HG04187	SAS	HG04185	hprc:DogoHLA-no-graph	DRB1	two_field	complete	1	1	0	1	DRB1*11:04:20	DRB1*03:01:08:02
HG04187	SAS	HG04185	hprc:DogoHLA-no-graph	DRB1	four_field	complete	0	0	0	0	DRB1*11:04:20	DRB1*03:01:08:02
HG04187	SAS	HG04185	asian_matched:DogoHLA	A	two_field	complete	1	1	0	1	A*33:03:01:23	A*32:101Q
HG04187	SAS	HG04185	asian_matched:DogoHLA	A	four_field	complete	1	0	0	0	A*33:03:01:23	A*32:101Q
HG04187	SAS	HG04185	asian_matched:DogoHLA	B	two_field	complete	1	1	1	2	B*08:01:01:02	B*35:03:01:01
HG04187	SAS	HG04185	asian_matched:DogoHLA	B	four_field	complete	1	1	1	2	B*08:01:01:02	B*35:03:01:01
HG04187	SAS	HG04185	asian_matched:DogoHLA	C	two_field	complete	1	1	1	2	C*04:01:01:01	C*07:02:01:01
HG04187	SAS	HG04185	asian_matched:DogoHLA	C	four_field	complete	1	1	0	1	C*04:01:01:01	C*07:02:01:01
HG04187	SAS	HG04185	asian_matched:DogoHLA	DPA1	two_field	complete	1	1	1	2	DPA1*02:01:01:01	DPA1*02:01:01:01
HG04187	SAS	HG04185	asian_matched:DogoHLA	DPA1	four_field	complete	0	0	0	0	DPA1*02:01:01:01	DPA1*02:01:01:01
HG04187	SAS	HG04185	asian_matched:DogoHLA	DPB1	two_field	complete	1	1	1	2	DPB1*09:01:01:01	DPB1*17:01:01:01
HG04187	SAS	HG04185	asian_matched:DogoHLA	DPB1	four_field	complete	1	1	1	2	DPB1*09:01:01:01	DPB1*17:01:01:01
HG04187	SAS	HG04185	asian_matched:DogoHLA	DQA1	two_field	complete	1	1	1	2	DQA1*05:01:01:02	DQA1*05:09:02
HG04187	SAS	HG04185	asian_matched:DogoHLA	DQA1	four_field	complete	0	0	0	0	DQA1*05:01:01:02	DQA1*05:09:02
HG04187	SAS	HG04185	asian_matched:DogoHLA	DQB1	two_field	complete	1	1	1	2	DQB1*03:01:01:03	DQB1*02:07:01
HG04187	SAS	HG04185	asian_matched:DogoHLA	DQB1	four_field	complete	0	0	0	0	DQB1*03:01:01:03	DQB1*02:07:01
HG04187	SAS	HG04185	asian_matched:DogoHLA	DRB1	two_field	complete	1	1	0	1	DRB1*11:04:20	DRB1*03:01:08:02
HG04187	SAS	HG04185	asian_matched:DogoHLA	DRB1	four_field	complete	0	0	0	0	DRB1*11:04:20	DRB1*03:01:08:02
HG04187	SAS	HG04185	asian_matched:DogoHLA-no-graph	A	two_field	complete	1	1	0	1	A*33:03:01:23	A*32:101Q
HG04187	SAS	HG04185	asian_matched:DogoHLA-no-graph	A	four_field	complete	1	0	0	0	A*33:03:01:23	A*32:101Q
HG04187	SAS	HG04185	asian_matched:DogoHLA-no-graph	B	two_field	complete	1	1	1	2	B*08:01:01:02	B*35:03:01:01
HG04187	SAS	HG04185	asian_matched:DogoHLA-no-graph	B	four_field	complete	1	1	1	2	B*08:01:01:02	B*35:03:01:01
HG04187	SAS	HG04185	asian_matched:DogoHLA-no-graph	C	two_field	complete	1	1	1	2	C*04:01:01:01	C*07:02:01:01
HG04187	SAS	HG04185	asian_matched:DogoHLA-no-graph	C	four_field	complete	1	1	0	1	C*04:01:01:01	C*07:02:01:01
HG04187	SAS	HG04185	asian_matched:DogoHLA-no-graph	DPA1	two_field	complete	1	1	1	2	DPA1*02:01:01:01	DPA1*02:01:01:01
HG04187	SAS	HG04185	asian_matched:DogoHLA-no-graph	DPA1	four_field	complete	0	0	0	0	DPA1*02:01:01:01	DPA1*02:01:01:01
HG04187	SAS	HG04185	asian_matched:DogoHLA-no-graph	DPB1	two_field	complete	1	1	1	2	DPB1*09:01:01:01	DPB1*17:01:01:01
HG04187	SAS	HG04185	asian_matched:DogoHLA-no-graph	DPB1	four_field	complete	1	1	1	2	DPB1*09:01:01:01	DPB1*17:01:01:01
HG04187	SAS	HG04185	asian_matched:DogoHLA-no-graph	DQA1	two_field	complete	1	1	1	2	DQA1*05:01:01:02	DQA1*05:09:02
HG04187	SAS	HG04185	asian_matched:DogoHLA-no-graph	DQA1	four_field	complete	0	0	0	0	DQA1*05:01:01:02	DQA1*05:09:02
HG04187	SAS	HG04185	asian_matched:DogoHLA-no-graph	DQB1	two_field	complete	1	1	1	2	DQB1*03:01:01:03	DQB1*02:07:01
HG04187	SAS	HG04185	asian_matched:DogoHLA-no-graph	DQB1	four_field	complete	0	0	0	0	DQB1*03:01:01:03	DQB1*02:07:01
HG04187	SAS	HG04185	asian_matched:DogoHLA-no-graph	DRB1	two_field	complete	1	1	0	1	DRB1*11:04:20	DRB1*03:01:08:02
HG04187	SAS	HG04185	asian_matched:DogoHLA-no-graph	DRB1	four_field	complete	0	0	0	0	DRB1*11:04:20	DRB1*03:01:08:02
NA18570	EAS	NA18570	SpecHLA-IPD365-noFreq	A	two_field	complete	1	1	0	1	A*02:1061N	A*02:06:01:01
NA18570	EAS	NA18570	SpecHLA-IPD365-noFreq	A	four_field	complete	1	0	0	1	A*02:1061N	A*02:06:01:01
NA18570	EAS	NA18570	SpecHLA-IPD365-noFreq	B	two_field	complete	1	1	1	2	B*15:01:01:01	B*15:11:01:01
NA18570	EAS	NA18570	SpecHLA-IPD365-noFreq	B	four_field	complete	1	1	1	2	B*15:01:01:01	B*15:11:01:01
NA18570	EAS	NA18570	SpecHLA-IPD365-noFreq	C	two_field	complete	1	1	1	2	C*03:03:01:01	C*03:03:01:01
NA18570	EAS	NA18570	SpecHLA-IPD365-noFreq	C	four_field	complete	1	1	1	2	C*03:03:01:01	C*03:03:01:01
NA18570	EAS	NA18570	SpecHLA-IPD365-noFreq	DPA1	two_field	complete	1	1	1	2	DPA1*01:03:01:02	DPA1*02:02:02:01
NA18570	EAS	NA18570	SpecHLA-IPD365-noFreq	DPA1	four_field	complete	0	0	0	0	DPA1*01:03:01:02	DPA1*02:02:02:01
NA18570	EAS	NA18570	SpecHLA-IPD365-noFreq	DPB1	two_field	complete	1	1	0	0	DPB1*124:01:01:01	DPB1*463:01:01:01
NA18570	EAS	NA18570	SpecHLA-IPD365-noFreq	DPB1	four_field	complete	0	0	0	0	DPB1*124:01:01:01	DPB1*463:01:01:01
NA18570	EAS	NA18570	SpecHLA-IPD365-noFreq	DQA1	two_field	complete	1	1	0	0	DQA1*01:209N	DQA1*05:01:08:01
NA18570	EAS	NA18570	SpecHLA-IPD365-noFreq	DQA1	four_field	complete	1	0	0	0	DQA1*01:209N	DQA1*05:01:08:01
NA18570	EAS	NA18570	SpecHLA-IPD365-noFreq	DQB1	two_field	complete	1	1	1	2	DQB1*03:01:01:03	DQB1*03:02:01:01
NA18570	EAS	NA18570	SpecHLA-IPD365-noFreq	DQB1	four_field	complete	1	1	1	2	DQB1*03:01:01:03	DQB1*03:02:01:01
NA18570	EAS	NA18570	SpecHLA-IPD365-noFreq	DRB1	two_field	complete	1	1	0	1	DRB1*11:37:01	DRB1*04:04:01:05
NA18570	EAS	NA18570	SpecHLA-IPD365-noFreq	DRB1	four_field	complete	0	0	0	0	DRB1*11:37:01	DRB1*04:04:01:05
NA18570	EAS	NA18570	SpecHLA-IPD365-long-noFreq	A	two_field	complete	1	1	0	1	A*02:1061N	A*02:06:01:01
NA18570	EAS	NA18570	SpecHLA-IPD365-long-noFreq	A	four_field	complete	1	0	0	1	A*02:1061N	A*02:06:01:01
NA18570	EAS	NA18570	SpecHLA-IPD365-long-noFreq	B	two_field	complete	1	1	1	2	B*15:01:01:01	B*15:11:01:01
NA18570	EAS	NA18570	SpecHLA-IPD365-long-noFreq	B	four_field	complete	1	1	1	2	B*15:01:01:01	B*15:11:01:01
NA18570	EAS	NA18570	SpecHLA-IPD365-long-noFreq	C	two_field	complete	1	1	1	2	C*03:03:01:01	C*03:03:01:01
NA18570	EAS	NA18570	SpecHLA-IPD365-long-noFreq	C	four_field	complete	1	1	1	2	C*03:03:01:01	C*03:03:01:01
NA18570	EAS	NA18570	SpecHLA-IPD365-long-noFreq	DPA1	two_field	complete	1	1	1	2	DPA1*01:03:01:02	DPA1*02:02:02:01
NA18570	EAS	NA18570	SpecHLA-IPD365-long-noFreq	DPA1	four_field	complete	0	0	0	0	DPA1*01:03:01:02	DPA1*02:02:02:01
NA18570	EAS	NA18570	SpecHLA-IPD365-long-noFreq	DPB1	two_field	complete	1	1	0	0	DPB1*463:01:01:01	DPB1*124:01:01:01
NA18570	EAS	NA18570	SpecHLA-IPD365-long-noFreq	DPB1	four_field	complete	0	0	0	0	DPB1*463:01:01:01	DPB1*124:01:01:01
NA18570	EAS	NA18570	SpecHLA-IPD365-long-noFreq	DQA1	two_field	complete	1	1	0	0	DQA1*01:209N	DQA1*05:01:08:01
NA18570	EAS	NA18570	SpecHLA-IPD365-long-noFreq	DQA1	four_field	complete	1	0	0	0	DQA1*01:209N	DQA1*05:01:08:01
NA18570	EAS	NA18570	SpecHLA-IPD365-long-noFreq	DQB1	two_field	complete	1	1	1	2	DQB1*03:01:01:03	DQB1*03:02:01:01
NA18570	EAS	NA18570	SpecHLA-IPD365-long-noFreq	DQB1	four_field	complete	1	1	1	2	DQB1*03:01:01:03	DQB1*03:02:01:01
NA18570	EAS	NA18570	SpecHLA-IPD365-long-noFreq	DRB1	two_field	complete	1	1	0	1	DRB1*04:04:01:05	DRB1*11:37:01
NA18570	EAS	NA18570	SpecHLA-IPD365-long-noFreq	DRB1	four_field	complete	0	0	0	0	DRB1*04:04:01:05	DRB1*11:37:01
NA18570	EAS	NA18570	T1K-four-field	A	two_field	complete	1	1	1	2	A*02:06:01:01	A*02:01:01:127
NA18570	EAS	NA18570	T1K-four-field	A	four_field	complete	1	1	0	1	A*02:06:01:01	A*02:01:01:127
NA18570	EAS	NA18570	T1K-four-field	B	two_field	complete	1	1	0	1	B*15:11:01:01	B*15:542
NA18570	EAS	NA18570	T1K-four-field	B	four_field	complete	1	0	0	1	B*15:11:01:01	B*15:542
NA18570	EAS	NA18570	T1K-four-field	C	two_field	complete	1	1	1	2	C*03:03:01:01	C*03:03:01:01
NA18570	EAS	NA18570	T1K-four-field	C	four_field	complete	1	1	1	2	C*03:03:01:01	C*03:03:01:01
NA18570	EAS	NA18570	T1K-four-field	DPA1	two_field	complete	1	1	1	2	DPA1*01:03:01:03	DPA1*02:02:02:01
NA18570	EAS	NA18570	T1K-four-field	DPA1	four_field	complete	0	0	0	0	DPA1*01:03:01:03	DPA1*02:02:02:01
NA18570	EAS	NA18570	T1K-four-field	DPB1	two_field	complete	1	1	1	2	DPB1*02:01:02:30	DPB1*03:01:01:01
NA18570	EAS	NA18570	T1K-four-field	DPB1	four_field	complete	0	0	0	0	DPB1*02:01:02:30	DPB1*03:01:01:01
NA18570	EAS	NA18570	T1K-four-field	DQA1	two_field	complete	1	1	0	1	DQA1*03:01:01:01	DQA1*03:01:01:01
NA18570	EAS	NA18570	T1K-four-field	DQA1	four_field	complete	1	1	0	1	DQA1*03:01:01:01	DQA1*03:01:01:01
NA18570	EAS	NA18570	T1K-four-field	DQB1	two_field	complete	1	1	1	2	DQB1*03:02:01:01	DQB1*03:01:01:01
NA18570	EAS	NA18570	T1K-four-field	DQB1	four_field	complete	1	1	0	1	DQB1*03:02:01:01	DQB1*03:01:01:01
NA18570	EAS	NA18570	T1K-four-field	DRB1	two_field	complete	1	1	1	2	DRB1*11:01:01:10	DRB1*04:04:01:06
NA18570	EAS	NA18570	T1K-four-field	DRB1	four_field	complete	0	0	0	0	DRB1*11:01:01:10	DRB1*04:04:01:06
NA18570	EAS	NA18570	full:DogoHLA	A	two_field	complete	1	1	0	1	A*02:1061N	A*02:06:01:01
NA18570	EAS	NA18570	full:DogoHLA	A	four_field	complete	1	0	0	1	A*02:1061N	A*02:06:01:01
NA18570	EAS	NA18570	full:DogoHLA	B	two_field	complete	1	1	1	2	B*15:01:01:01	B*15:11:01:01
NA18570	EAS	NA18570	full:DogoHLA	B	four_field	complete	1	1	1	2	B*15:01:01:01	B*15:11:01:01
NA18570	EAS	NA18570	full:DogoHLA	C	two_field	complete	1	1	1	2	C*03:03:01:01	C*03:03:01:01
NA18570	EAS	NA18570	full:DogoHLA	C	four_field	complete	1	1	1	2	C*03:03:01:01	C*03:03:01:01
NA18570	EAS	NA18570	full:DogoHLA	DPA1	two_field	complete	1	1	1	2	DPA1*01:03:01:02	DPA1*02:02:02:01
NA18570	EAS	NA18570	full:DogoHLA	DPA1	four_field	complete	0	0	0	0	DPA1*01:03:01:02	DPA1*02:02:02:01
NA18570	EAS	NA18570	full:DogoHLA	DPB1	two_field	complete	1	1	1	2	DPB1*03:01:01:01	DPB1*02:01:02:111
NA18570	EAS	NA18570	full:DogoHLA	DPB1	four_field	complete	0	0	0	0	DPB1*03:01:01:01	DPB1*02:01:02:111
NA18570	EAS	NA18570	full:DogoHLA	DQA1	two_field	complete	1	1	0	0	DQA1*01:209N	DQA1*05:01:08:01
NA18570	EAS	NA18570	full:DogoHLA	DQA1	four_field	complete	1	0	0	0	DQA1*01:209N	DQA1*05:01:08:01
NA18570	EAS	NA18570	full:DogoHLA	DQB1	two_field	complete	1	1	1	2	DQB1*03:02:01:01	DQB1*03:01:01:03
NA18570	EAS	NA18570	full:DogoHLA	DQB1	four_field	complete	1	1	1	2	DQB1*03:02:01:01	DQB1*03:01:01:03
NA18570	EAS	NA18570	full:DogoHLA	DRB1	two_field	complete	1	1	0	1	DRB1*11:01:01:01	DRB1*04:03:01:02
NA18570	EAS	NA18570	full:DogoHLA	DRB1	four_field	complete	0	0	0	0	DRB1*11:01:01:01	DRB1*04:03:01:02
NA18570	EAS	NA18570	full:DogoHLA-no-graph	A	two_field	complete	1	1	0	1	A*02:1061N	A*02:06:01:01
NA18570	EAS	NA18570	full:DogoHLA-no-graph	A	four_field	complete	1	0	0	1	A*02:1061N	A*02:06:01:01
NA18570	EAS	NA18570	full:DogoHLA-no-graph	B	two_field	complete	1	1	1	2	B*15:01:01:01	B*15:11:01:01
NA18570	EAS	NA18570	full:DogoHLA-no-graph	B	four_field	complete	1	1	1	2	B*15:01:01:01	B*15:11:01:01
NA18570	EAS	NA18570	full:DogoHLA-no-graph	C	two_field	complete	1	1	1	2	C*03:03:01:01	C*03:03:01:01
NA18570	EAS	NA18570	full:DogoHLA-no-graph	C	four_field	complete	1	1	1	2	C*03:03:01:01	C*03:03:01:01
NA18570	EAS	NA18570	full:DogoHLA-no-graph	DPA1	two_field	complete	1	1	1	2	DPA1*01:03:01:02	DPA1*02:02:02:01
NA18570	EAS	NA18570	full:DogoHLA-no-graph	DPA1	four_field	complete	0	0	0	0	DPA1*01:03:01:02	DPA1*02:02:02:01
NA18570	EAS	NA18570	full:DogoHLA-no-graph	DPB1	two_field	complete	1	1	1	2	DPB1*03:01:01:01	DPB1*02:01:02:111
NA18570	EAS	NA18570	full:DogoHLA-no-graph	DPB1	four_field	complete	0	0	0	0	DPB1*03:01:01:01	DPB1*02:01:02:111
NA18570	EAS	NA18570	full:DogoHLA-no-graph	DQA1	two_field	complete	1	1	0	0	DQA1*01:209N	DQA1*05:01:08:01
NA18570	EAS	NA18570	full:DogoHLA-no-graph	DQA1	four_field	complete	1	0	0	0	DQA1*01:209N	DQA1*05:01:08:01
NA18570	EAS	NA18570	full:DogoHLA-no-graph	DQB1	two_field	complete	1	1	1	2	DQB1*03:02:01:01	DQB1*03:01:01:03
NA18570	EAS	NA18570	full:DogoHLA-no-graph	DQB1	four_field	complete	1	1	1	2	DQB1*03:02:01:01	DQB1*03:01:01:03
NA18570	EAS	NA18570	full:DogoHLA-no-graph	DRB1	two_field	complete	1	1	0	1	DRB1*11:01:01:01	DRB1*04:03:01:02
NA18570	EAS	NA18570	full:DogoHLA-no-graph	DRB1	four_field	complete	0	0	0	0	DRB1*11:01:01:01	DRB1*04:03:01:02
NA18570	EAS	NA18570	hprc:DogoHLA	A	two_field	complete	1	1	0	1	A*02:1061N	A*02:06:01:01
NA18570	EAS	NA18570	hprc:DogoHLA	A	four_field	complete	1	0	0	1	A*02:1061N	A*02:06:01:01
NA18570	EAS	NA18570	hprc:DogoHLA	B	two_field	complete	1	1	1	2	B*15:01:01:01	B*15:11:01:01
NA18570	EAS	NA18570	hprc:DogoHLA	B	four_field	complete	1	1	1	2	B*15:01:01:01	B*15:11:01:01
NA18570	EAS	NA18570	hprc:DogoHLA	C	two_field	complete	1	1	1	2	C*03:03:01:01	C*03:03:01:01
NA18570	EAS	NA18570	hprc:DogoHLA	C	four_field	complete	1	1	1	2	C*03:03:01:01	C*03:03:01:01
NA18570	EAS	NA18570	hprc:DogoHLA	DPA1	two_field	complete	1	1	1	2	DPA1*01:03:01:02	DPA1*02:02:02:01
NA18570	EAS	NA18570	hprc:DogoHLA	DPA1	four_field	complete	0	0	0	0	DPA1*01:03:01:02	DPA1*02:02:02:01
NA18570	EAS	NA18570	hprc:DogoHLA	DPB1	two_field	complete	1	1	1	2	DPB1*03:01:01:01	DPB1*02:01:02:111
NA18570	EAS	NA18570	hprc:DogoHLA	DPB1	four_field	complete	0	0	0	0	DPB1*03:01:01:01	DPB1*02:01:02:111
NA18570	EAS	NA18570	hprc:DogoHLA	DQA1	two_field	complete	1	1	0	0	DQA1*01:209N	DQA1*05:01:08:01
NA18570	EAS	NA18570	hprc:DogoHLA	DQA1	four_field	complete	1	0	0	0	DQA1*01:209N	DQA1*05:01:08:01
NA18570	EAS	NA18570	hprc:DogoHLA	DQB1	two_field	complete	1	1	1	2	DQB1*03:02:01:01	DQB1*03:01:01:03
NA18570	EAS	NA18570	hprc:DogoHLA	DQB1	four_field	complete	1	1	1	2	DQB1*03:02:01:01	DQB1*03:01:01:03
NA18570	EAS	NA18570	hprc:DogoHLA	DRB1	two_field	complete	1	1	0	1	DRB1*11:01:01:01	DRB1*04:03:01:02
NA18570	EAS	NA18570	hprc:DogoHLA	DRB1	four_field	complete	0	0	0	0	DRB1*11:01:01:01	DRB1*04:03:01:02
NA18570	EAS	NA18570	hprc:DogoHLA-no-graph	A	two_field	complete	1	1	0	1	A*02:1061N	A*02:06:01:01
NA18570	EAS	NA18570	hprc:DogoHLA-no-graph	A	four_field	complete	1	0	0	1	A*02:1061N	A*02:06:01:01
NA18570	EAS	NA18570	hprc:DogoHLA-no-graph	B	two_field	complete	1	1	1	2	B*15:01:01:01	B*15:11:01:01
NA18570	EAS	NA18570	hprc:DogoHLA-no-graph	B	four_field	complete	1	1	1	2	B*15:01:01:01	B*15:11:01:01
NA18570	EAS	NA18570	hprc:DogoHLA-no-graph	C	two_field	complete	1	1	1	2	C*03:03:01:01	C*03:03:01:01
NA18570	EAS	NA18570	hprc:DogoHLA-no-graph	C	four_field	complete	1	1	1	2	C*03:03:01:01	C*03:03:01:01
NA18570	EAS	NA18570	hprc:DogoHLA-no-graph	DPA1	two_field	complete	1	1	1	2	DPA1*01:03:01:02	DPA1*02:02:02:01
NA18570	EAS	NA18570	hprc:DogoHLA-no-graph	DPA1	four_field	complete	0	0	0	0	DPA1*01:03:01:02	DPA1*02:02:02:01
NA18570	EAS	NA18570	hprc:DogoHLA-no-graph	DPB1	two_field	complete	1	1	1	2	DPB1*03:01:01:01	DPB1*02:01:02:111
NA18570	EAS	NA18570	hprc:DogoHLA-no-graph	DPB1	four_field	complete	0	0	0	0	DPB1*03:01:01:01	DPB1*02:01:02:111
NA18570	EAS	NA18570	hprc:DogoHLA-no-graph	DQA1	two_field	complete	1	1	0	0	DQA1*01:209N	DQA1*05:01:08:01
NA18570	EAS	NA18570	hprc:DogoHLA-no-graph	DQA1	four_field	complete	1	0	0	0	DQA1*01:209N	DQA1*05:01:08:01
NA18570	EAS	NA18570	hprc:DogoHLA-no-graph	DQB1	two_field	complete	1	1	1	2	DQB1*03:02:01:01	DQB1*03:01:01:03
NA18570	EAS	NA18570	hprc:DogoHLA-no-graph	DQB1	four_field	complete	1	1	1	2	DQB1*03:02:01:01	DQB1*03:01:01:03
NA18570	EAS	NA18570	hprc:DogoHLA-no-graph	DRB1	two_field	complete	1	1	0	1	DRB1*11:01:01:01	DRB1*04:03:01:02
NA18570	EAS	NA18570	hprc:DogoHLA-no-graph	DRB1	four_field	complete	0	0	0	0	DRB1*11:01:01:01	DRB1*04:03:01:02
NA18570	EAS	NA18570	asian_matched:DogoHLA	A	two_field	complete	1	1	0	1	A*02:1061N	A*02:06:01:01
NA18570	EAS	NA18570	asian_matched:DogoHLA	A	four_field	complete	1	0	0	1	A*02:1061N	A*02:06:01:01
NA18570	EAS	NA18570	asian_matched:DogoHLA	B	two_field	complete	1	1	1	2	B*15:01:01:01	B*15:11:01:01
NA18570	EAS	NA18570	asian_matched:DogoHLA	B	four_field	complete	1	1	1	2	B*15:01:01:01	B*15:11:01:01
NA18570	EAS	NA18570	asian_matched:DogoHLA	C	two_field	complete	1	1	1	2	C*03:03:01:01	C*03:03:01:01
NA18570	EAS	NA18570	asian_matched:DogoHLA	C	four_field	complete	1	1	1	2	C*03:03:01:01	C*03:03:01:01
NA18570	EAS	NA18570	asian_matched:DogoHLA	DPA1	two_field	complete	1	1	1	2	DPA1*01:03:01:02	DPA1*02:02:02:01
NA18570	EAS	NA18570	asian_matched:DogoHLA	DPA1	four_field	complete	0	0	0	0	DPA1*01:03:01:02	DPA1*02:02:02:01
NA18570	EAS	NA18570	asian_matched:DogoHLA	DPB1	two_field	complete	1	1	1	2	DPB1*03:01:01:01	DPB1*02:01:02:111
NA18570	EAS	NA18570	asian_matched:DogoHLA	DPB1	four_field	complete	0	0	0	0	DPB1*03:01:01:01	DPB1*02:01:02:111
NA18570	EAS	NA18570	asian_matched:DogoHLA	DQA1	two_field	complete	1	1	0	0	DQA1*01:209N	DQA1*05:01:08:01
NA18570	EAS	NA18570	asian_matched:DogoHLA	DQA1	four_field	complete	1	0	0	0	DQA1*01:209N	DQA1*05:01:08:01
NA18570	EAS	NA18570	asian_matched:DogoHLA	DQB1	two_field	complete	1	1	1	2	DQB1*03:02:01:01	DQB1*03:01:01:03
NA18570	EAS	NA18570	asian_matched:DogoHLA	DQB1	four_field	complete	1	1	1	2	DQB1*03:02:01:01	DQB1*03:01:01:03
NA18570	EAS	NA18570	asian_matched:DogoHLA	DRB1	two_field	complete	1	1	0	1	DRB1*11:01:01:01	DRB1*04:03:01:02
NA18570	EAS	NA18570	asian_matched:DogoHLA	DRB1	four_field	complete	0	0	0	0	DRB1*11:01:01:01	DRB1*04:03:01:02
NA18570	EAS	NA18570	asian_matched:DogoHLA-no-graph	A	two_field	complete	1	1	0	1	A*02:1061N	A*02:06:01:01
NA18570	EAS	NA18570	asian_matched:DogoHLA-no-graph	A	four_field	complete	1	0	0	1	A*02:1061N	A*02:06:01:01
NA18570	EAS	NA18570	asian_matched:DogoHLA-no-graph	B	two_field	complete	1	1	1	2	B*15:01:01:01	B*15:11:01:01
NA18570	EAS	NA18570	asian_matched:DogoHLA-no-graph	B	four_field	complete	1	1	1	2	B*15:01:01:01	B*15:11:01:01
NA18570	EAS	NA18570	asian_matched:DogoHLA-no-graph	C	two_field	complete	1	1	1	2	C*03:03:01:01	C*03:03:01:01
NA18570	EAS	NA18570	asian_matched:DogoHLA-no-graph	C	four_field	complete	1	1	1	2	C*03:03:01:01	C*03:03:01:01
NA18570	EAS	NA18570	asian_matched:DogoHLA-no-graph	DPA1	two_field	complete	1	1	1	2	DPA1*01:03:01:02	DPA1*02:02:02:01
NA18570	EAS	NA18570	asian_matched:DogoHLA-no-graph	DPA1	four_field	complete	0	0	0	0	DPA1*01:03:01:02	DPA1*02:02:02:01
NA18570	EAS	NA18570	asian_matched:DogoHLA-no-graph	DPB1	two_field	complete	1	1	1	2	DPB1*03:01:01:01	DPB1*02:01:02:111
NA18570	EAS	NA18570	asian_matched:DogoHLA-no-graph	DPB1	four_field	complete	0	0	0	0	DPB1*03:01:01:01	DPB1*02:01:02:111
NA18570	EAS	NA18570	asian_matched:DogoHLA-no-graph	DQA1	two_field	complete	1	1	0	0	DQA1*01:209N	DQA1*05:01:08:01
NA18570	EAS	NA18570	asian_matched:DogoHLA-no-graph	DQA1	four_field	complete	1	0	0	0	DQA1*01:209N	DQA1*05:01:08:01
NA18570	EAS	NA18570	asian_matched:DogoHLA-no-graph	DQB1	two_field	complete	1	1	1	2	DQB1*03:02:01:01	DQB1*03:01:01:03
NA18570	EAS	NA18570	asian_matched:DogoHLA-no-graph	DQB1	four_field	complete	1	1	1	2	DQB1*03:02:01:01	DQB1*03:01:01:03
NA18570	EAS	NA18570	asian_matched:DogoHLA-no-graph	DRB1	two_field	complete	1	1	0	1	DRB1*11:01:01:01	DRB1*04:03:01:02
NA18570	EAS	NA18570	asian_matched:DogoHLA-no-graph	DRB1	four_field	complete	0	0	0	0	DRB1*11:01:01:01	DRB1*04:03:01:02
NA18940	EAS	NA18940	SpecHLA-IPD365-noFreq	A	two_field	complete	1	1	1	2	A*24:02:01:01	A*24:02:01:01
NA18940	EAS	NA18940	SpecHLA-IPD365-noFreq	A	four_field	complete	1	1	1	2	A*24:02:01:01	A*24:02:01:01
NA18940	EAS	NA18940	SpecHLA-IPD365-noFreq	B	two_field	complete	1	1	1	2	B*46:01:01:01	B*52:01:01:02
NA18940	EAS	NA18940	SpecHLA-IPD365-noFreq	B	four_field	complete	1	1	1	2	B*46:01:01:01	B*52:01:01:02
NA18940	EAS	NA18940	SpecHLA-IPD365-noFreq	C	two_field	complete	1	1	1	2	C*01:03:01	C*12:02:02:01
NA18940	EAS	NA18940	SpecHLA-IPD365-noFreq	C	four_field	complete	0	0	0	0	C*01:03:01	C*12:02:02:01
NA18940	EAS	NA18940	SpecHLA-IPD365-noFreq	DPA1	two_field	complete	1	1	1	2	DPA1*01:03:01:02	DPA1*01:03:01:01
NA18940	EAS	NA18940	SpecHLA-IPD365-noFreq	DPA1	four_field	complete	1	1	0	0	DPA1*01:03:01:02	DPA1*01:03:01:01
NA18940	EAS	NA18940	SpecHLA-IPD365-noFreq	DPB1	two_field	complete	1	1	1	2	DPB1*04:02:01:01	DPB1*02:01:02:01
NA18940	EAS	NA18940	SpecHLA-IPD365-noFreq	DPB1	four_field	complete	0	0	0	0	DPB1*04:02:01:01	DPB1*02:01:02:01
NA18940	EAS	NA18940	SpecHLA-IPD365-noFreq	DQA1	two_field	complete	1	1	1	2	DQA1*01:03:13	DQA1*04:01:01:02
NA18940	EAS	NA18940	SpecHLA-IPD365-noFreq	DQA1	four_field	complete	1	0	0	1	DQA1*01:03:13	DQA1*04:01:01:02
NA18940	EAS	NA18940	SpecHLA-IPD365-noFreq	DQB1	two_field	complete	1	1	1	2	DQB1*04:02:01:07	DQB1*06:01:01:01
NA18940	EAS	NA18940	SpecHLA-IPD365-noFreq	DQB1	four_field	complete	1	1	1	2	DQB1*04:02:01:07	DQB1*06:01:01:01
NA18940	EAS	NA18940	SpecHLA-IPD365-noFreq	DRB1	two_field	complete	1	1	1	2	DRB1*08:02:01:01	DRB1*15:02:01:02
NA18940	EAS	NA18940	SpecHLA-IPD365-noFreq	DRB1	four_field	complete	0	0	0	0	DRB1*08:02:01:01	DRB1*15:02:01:02
NA18940	EAS	NA18940	SpecHLA-IPD365-long-noFreq	A	two_field	complete	1	1	1	2	A*24:02:01:01	A*24:02:01:01
NA18940	EAS	NA18940	SpecHLA-IPD365-long-noFreq	A	four_field	complete	1	1	1	2	A*24:02:01:01	A*24:02:01:01
NA18940	EAS	NA18940	SpecHLA-IPD365-long-noFreq	B	two_field	complete	1	1	1	2	B*46:01:01:01	B*52:01:01:02
NA18940	EAS	NA18940	SpecHLA-IPD365-long-noFreq	B	four_field	complete	1	1	1	2	B*46:01:01:01	B*52:01:01:02
NA18940	EAS	NA18940	SpecHLA-IPD365-long-noFreq	C	two_field	complete	1	1	1	2	C*01:03:01	C*12:02:02:01
NA18940	EAS	NA18940	SpecHLA-IPD365-long-noFreq	C	four_field	complete	0	0	0	0	C*01:03:01	C*12:02:02:01
NA18940	EAS	NA18940	SpecHLA-IPD365-long-noFreq	DPA1	two_field	complete	1	1	1	2	DPA1*01:03:01:02	DPA1*01:03:01:01
NA18940	EAS	NA18940	SpecHLA-IPD365-long-noFreq	DPA1	four_field	complete	1	1	0	0	DPA1*01:03:01:02	DPA1*01:03:01:01
NA18940	EAS	NA18940	SpecHLA-IPD365-long-noFreq	DPB1	two_field	complete	1	1	1	2	DPB1*02:01:02:01	DPB1*04:02:01:01
NA18940	EAS	NA18940	SpecHLA-IPD365-long-noFreq	DPB1	four_field	complete	0	0	0	0	DPB1*02:01:02:01	DPB1*04:02:01:01
NA18940	EAS	NA18940	SpecHLA-IPD365-long-noFreq	DQA1	two_field	complete	1	1	1	2	DQA1*01:03:13	DQA1*04:01:01:02
NA18940	EAS	NA18940	SpecHLA-IPD365-long-noFreq	DQA1	four_field	complete	1	0	0	1	DQA1*01:03:13	DQA1*04:01:01:02
NA18940	EAS	NA18940	SpecHLA-IPD365-long-noFreq	DQB1	two_field	complete	1	1	1	2	DQB1*04:02:01:07	DQB1*06:01:01:01
NA18940	EAS	NA18940	SpecHLA-IPD365-long-noFreq	DQB1	four_field	complete	1	1	1	2	DQB1*04:02:01:07	DQB1*06:01:01:01
NA18940	EAS	NA18940	SpecHLA-IPD365-long-noFreq	DRB1	two_field	complete	1	1	1	2	DRB1*15:02:01:02	DRB1*08:02:01:01
NA18940	EAS	NA18940	SpecHLA-IPD365-long-noFreq	DRB1	four_field	complete	0	0	0	0	DRB1*15:02:01:02	DRB1*08:02:01:01
NA18940	EAS	NA18940	T1K-four-field	A	two_field	complete	1	1	1	2	A*24:02:01:01	A*24:02:01:01
NA18940	EAS	NA18940	T1K-four-field	A	four_field	complete	1	1	1	2	A*24:02:01:01	A*24:02:01:01
NA18940	EAS	NA18940	T1K-four-field	B	two_field	complete	1	1	1	2	B*46:01:01:01	B*52:01:01:01
NA18940	EAS	NA18940	T1K-four-field	B	four_field	complete	1	1	0	1	B*46:01:01:01	B*52:01:01:01
NA18940	EAS	NA18940	T1K-four-field	C	two_field	complete	1	1	1	2	C*01:03:01	C*12:02:02:01
NA18940	EAS	NA18940	T1K-four-field	C	four_field	complete	0	0	0	0	C*01:03:01	C*12:02:02:01
NA18940	EAS	NA18940	T1K-four-field	DPA1	two_field	complete	1	1	1	2	DPA1*01:03:01:05	DPA1*01:03:01:01
NA18940	EAS	NA18940	T1K-four-field	DPA1	four_field	complete	1	1	0	0	DPA1*01:03:01:05	DPA1*01:03:01:01
NA18940	EAS	NA18940	T1K-four-field	DPB1	two_field	complete	1	1	1	2	DPB1*02:01:02:05	DPB1*04:02:01:01
NA18940	EAS	NA18940	T1K-four-field	DPB1	four_field	complete	0	0	0	0	DPB1*02:01:02:05	DPB1*04:02:01:01
NA18940	EAS	NA18940	T1K-four-field	DQA1	two_field	complete	1	1	1	2	DQA1*01:03:01:01	DQA1*04:01:01:01
NA18940	EAS	NA18940	T1K-four-field	DQA1	four_field	complete	1	1	0	1	DQA1*01:03:01:01	DQA1*04:01:01:01
NA18940	EAS	NA18940	T1K-four-field	DQB1	two_field	complete	1	1	1	2	DQB1*06:01:01:01	DQB1*04:02:01:07
NA18940	EAS	NA18940	T1K-four-field	DQB1	four_field	complete	1	1	1	2	DQB1*06:01:01:01	DQB1*04:02:01:07
NA18940	EAS	NA18940	T1K-four-field	DRB1	two_field	complete	1	1	1	2	DRB1*08:02:01:03	DRB1*15:02:01:06
NA18940	EAS	NA18940	T1K-four-field	DRB1	four_field	complete	0	0	0	0	DRB1*08:02:01:03	DRB1*15:02:01:06
NA18940	EAS	NA18940	full:DogoHLA	A	two_field	complete	1	1	1	2	A*24:02:01:01	A*24:02:01:01
NA18940	EAS	NA18940	full:DogoHLA	A	four_field	complete	1	1	1	2	A*24:02:01:01	A*24:02:01:01
NA18940	EAS	NA18940	full:DogoHLA	B	two_field	complete	1	1	1	2	B*46:01:01:01	B*52:01:01:02
NA18940	EAS	NA18940	full:DogoHLA	B	four_field	complete	1	1	1	2	B*46:01:01:01	B*52:01:01:02
NA18940	EAS	NA18940	full:DogoHLA	C	two_field	complete	1	1	1	2	C*01:03:01	C*12:02:02:01
NA18940	EAS	NA18940	full:DogoHLA	C	four_field	complete	0	0	0	0	C*01:03:01	C*12:02:02:01
NA18940	EAS	NA18940	full:DogoHLA	DPA1	two_field	complete	1	1	1	2	DPA1*01:03:01:02	DPA1*01:03:01:01
NA18940	EAS	NA18940	full:DogoHLA	DPA1	four_field	complete	1	1	0	0	DPA1*01:03:01:02	DPA1*01:03:01:01
NA18940	EAS	NA18940	full:DogoHLA	DPB1	two_field	complete	1	1	0	0	DPB1*416:01:01:01	DPB1*105:01:01:01
NA18940	EAS	NA18940	full:DogoHLA	DPB1	four_field	complete	0	0	0	0	DPB1*416:01:01:01	DPB1*105:01:01:01
NA18940	EAS	NA18940	full:DogoHLA	DQA1	two_field	complete	1	1	1	2	DQA1*01:03:13	DQA1*04:01:01:02
NA18940	EAS	NA18940	full:DogoHLA	DQA1	four_field	complete	1	0	0	1	DQA1*01:03:13	DQA1*04:01:01:02
NA18940	EAS	NA18940	full:DogoHLA	DQB1	two_field	complete	1	1	1	2	DQB1*04:02:01:07	DQB1*06:01:01:01
NA18940	EAS	NA18940	full:DogoHLA	DQB1	four_field	complete	1	1	1	2	DQB1*04:02:01:07	DQB1*06:01:01:01
NA18940	EAS	NA18940	full:DogoHLA	DRB1	two_field	complete	1	1	0	1	DRB1*15:02:20	DRB1*12:17
NA18940	EAS	NA18940	full:DogoHLA	DRB1	four_field	complete	0	0	0	0	DRB1*15:02:20	DRB1*12:17
NA18940	EAS	NA18940	full:DogoHLA-no-graph	A	two_field	complete	1	1	1	2	A*24:02:01:01	A*24:02:01:01
NA18940	EAS	NA18940	full:DogoHLA-no-graph	A	four_field	complete	1	1	1	2	A*24:02:01:01	A*24:02:01:01
NA18940	EAS	NA18940	full:DogoHLA-no-graph	B	two_field	complete	1	1	1	2	B*46:01:01:01	B*52:01:01:02
NA18940	EAS	NA18940	full:DogoHLA-no-graph	B	four_field	complete	1	1	1	2	B*46:01:01:01	B*52:01:01:02
NA18940	EAS	NA18940	full:DogoHLA-no-graph	C	two_field	complete	1	1	1	2	C*01:03:01	C*12:02:02:01
NA18940	EAS	NA18940	full:DogoHLA-no-graph	C	four_field	complete	0	0	0	0	C*01:03:01	C*12:02:02:01
NA18940	EAS	NA18940	full:DogoHLA-no-graph	DPA1	two_field	complete	1	1	1	2	DPA1*01:03:01:02	DPA1*01:03:01:01
NA18940	EAS	NA18940	full:DogoHLA-no-graph	DPA1	four_field	complete	1	1	0	0	DPA1*01:03:01:02	DPA1*01:03:01:01
NA18940	EAS	NA18940	full:DogoHLA-no-graph	DPB1	two_field	complete	1	1	0	0	DPB1*416:01:01:01	DPB1*105:01:01:01
NA18940	EAS	NA18940	full:DogoHLA-no-graph	DPB1	four_field	complete	0	0	0	0	DPB1*416:01:01:01	DPB1*105:01:01:01
NA18940	EAS	NA18940	full:DogoHLA-no-graph	DQA1	two_field	complete	1	1	1	2	DQA1*01:03:13	DQA1*04:01:01:02
NA18940	EAS	NA18940	full:DogoHLA-no-graph	DQA1	four_field	complete	1	0	0	1	DQA1*01:03:13	DQA1*04:01:01:02
NA18940	EAS	NA18940	full:DogoHLA-no-graph	DQB1	two_field	complete	1	1	1	2	DQB1*04:02:01:07	DQB1*06:01:01:01
NA18940	EAS	NA18940	full:DogoHLA-no-graph	DQB1	four_field	complete	1	1	1	2	DQB1*04:02:01:07	DQB1*06:01:01:01
NA18940	EAS	NA18940	full:DogoHLA-no-graph	DRB1	two_field	complete	1	1	0	1	DRB1*15:02:20	DRB1*12:17
NA18940	EAS	NA18940	full:DogoHLA-no-graph	DRB1	four_field	complete	0	0	0	0	DRB1*15:02:20	DRB1*12:17
NA18940	EAS	NA18940	hprc:DogoHLA	A	two_field	complete	1	1	1	2	A*24:02:01:01	A*24:02:01:01
NA18940	EAS	NA18940	hprc:DogoHLA	A	four_field	complete	1	1	1	2	A*24:02:01:01	A*24:02:01:01
NA18940	EAS	NA18940	hprc:DogoHLA	B	two_field	complete	1	1	1	2	B*46:01:01:01	B*52:01:01:02
NA18940	EAS	NA18940	hprc:DogoHLA	B	four_field	complete	1	1	1	2	B*46:01:01:01	B*52:01:01:02
NA18940	EAS	NA18940	hprc:DogoHLA	C	two_field	complete	1	1	1	2	C*01:03:01	C*12:02:02:01
NA18940	EAS	NA18940	hprc:DogoHLA	C	four_field	complete	0	0	0	0	C*01:03:01	C*12:02:02:01
NA18940	EAS	NA18940	hprc:DogoHLA	DPA1	two_field	complete	1	1	1	2	DPA1*01:03:01:02	DPA1*01:03:01:01
NA18940	EAS	NA18940	hprc:DogoHLA	DPA1	four_field	complete	1	1	0	0	DPA1*01:03:01:02	DPA1*01:03:01:01
NA18940	EAS	NA18940	hprc:DogoHLA	DPB1	two_field	complete	1	1	0	0	DPB1*416:01:01:01	DPB1*105:01:01:01
NA18940	EAS	NA18940	hprc:DogoHLA	DPB1	four_field	complete	0	0	0	0	DPB1*416:01:01:01	DPB1*105:01:01:01
NA18940	EAS	NA18940	hprc:DogoHLA	DQA1	two_field	complete	1	1	1	2	DQA1*01:03:13	DQA1*04:01:01:02
NA18940	EAS	NA18940	hprc:DogoHLA	DQA1	four_field	complete	1	0	0	1	DQA1*01:03:13	DQA1*04:01:01:02
NA18940	EAS	NA18940	hprc:DogoHLA	DQB1	two_field	complete	1	1	1	2	DQB1*04:02:01:07	DQB1*06:01:01:01
NA18940	EAS	NA18940	hprc:DogoHLA	DQB1	four_field	complete	1	1	1	2	DQB1*04:02:01:07	DQB1*06:01:01:01
NA18940	EAS	NA18940	hprc:DogoHLA	DRB1	two_field	complete	1	1	0	1	DRB1*15:02:20	DRB1*12:17
NA18940	EAS	NA18940	hprc:DogoHLA	DRB1	four_field	complete	0	0	0	0	DRB1*15:02:20	DRB1*12:17
NA18940	EAS	NA18940	hprc:DogoHLA-no-graph	A	two_field	complete	1	1	1	2	A*24:02:01:01	A*24:02:01:01
NA18940	EAS	NA18940	hprc:DogoHLA-no-graph	A	four_field	complete	1	1	1	2	A*24:02:01:01	A*24:02:01:01
NA18940	EAS	NA18940	hprc:DogoHLA-no-graph	B	two_field	complete	1	1	1	2	B*46:01:01:01	B*52:01:01:02
NA18940	EAS	NA18940	hprc:DogoHLA-no-graph	B	four_field	complete	1	1	1	2	B*46:01:01:01	B*52:01:01:02
NA18940	EAS	NA18940	hprc:DogoHLA-no-graph	C	two_field	complete	1	1	1	2	C*01:03:01	C*12:02:02:01
NA18940	EAS	NA18940	hprc:DogoHLA-no-graph	C	four_field	complete	0	0	0	0	C*01:03:01	C*12:02:02:01
NA18940	EAS	NA18940	hprc:DogoHLA-no-graph	DPA1	two_field	complete	1	1	1	2	DPA1*01:03:01:02	DPA1*01:03:01:01
NA18940	EAS	NA18940	hprc:DogoHLA-no-graph	DPA1	four_field	complete	1	1	0	0	DPA1*01:03:01:02	DPA1*01:03:01:01
NA18940	EAS	NA18940	hprc:DogoHLA-no-graph	DPB1	two_field	complete	1	1	0	0	DPB1*416:01:01:01	DPB1*105:01:01:01
NA18940	EAS	NA18940	hprc:DogoHLA-no-graph	DPB1	four_field	complete	0	0	0	0	DPB1*416:01:01:01	DPB1*105:01:01:01
NA18940	EAS	NA18940	hprc:DogoHLA-no-graph	DQA1	two_field	complete	1	1	1	2	DQA1*01:03:13	DQA1*04:01:01:02
NA18940	EAS	NA18940	hprc:DogoHLA-no-graph	DQA1	four_field	complete	1	0	0	1	DQA1*01:03:13	DQA1*04:01:01:02
NA18940	EAS	NA18940	hprc:DogoHLA-no-graph	DQB1	two_field	complete	1	1	1	2	DQB1*04:02:01:07	DQB1*06:01:01:01
NA18940	EAS	NA18940	hprc:DogoHLA-no-graph	DQB1	four_field	complete	1	1	1	2	DQB1*04:02:01:07	DQB1*06:01:01:01
NA18940	EAS	NA18940	hprc:DogoHLA-no-graph	DRB1	two_field	complete	1	1	0	1	DRB1*15:02:20	DRB1*12:17
NA18940	EAS	NA18940	hprc:DogoHLA-no-graph	DRB1	four_field	complete	0	0	0	0	DRB1*15:02:20	DRB1*12:17
NA18940	EAS	NA18940	asian_matched:DogoHLA	A	two_field	complete	1	1	1	2	A*24:02:01:01	A*24:02:01:01
NA18940	EAS	NA18940	asian_matched:DogoHLA	A	four_field	complete	1	1	1	2	A*24:02:01:01	A*24:02:01:01
NA18940	EAS	NA18940	asian_matched:DogoHLA	B	two_field	complete	1	1	1	2	B*46:01:01:01	B*52:01:01:02
NA18940	EAS	NA18940	asian_matched:DogoHLA	B	four_field	complete	1	1	1	2	B*46:01:01:01	B*52:01:01:02
NA18940	EAS	NA18940	asian_matched:DogoHLA	C	two_field	complete	1	1	1	2	C*01:03:01	C*12:02:02:01
NA18940	EAS	NA18940	asian_matched:DogoHLA	C	four_field	complete	0	0	0	0	C*01:03:01	C*12:02:02:01
NA18940	EAS	NA18940	asian_matched:DogoHLA	DPA1	two_field	complete	1	1	1	2	DPA1*01:03:01:02	DPA1*01:03:01:01
NA18940	EAS	NA18940	asian_matched:DogoHLA	DPA1	four_field	complete	1	1	0	0	DPA1*01:03:01:02	DPA1*01:03:01:01
NA18940	EAS	NA18940	asian_matched:DogoHLA	DPB1	two_field	complete	1	1	0	0	DPB1*416:01:01:01	DPB1*105:01:01:01
NA18940	EAS	NA18940	asian_matched:DogoHLA	DPB1	four_field	complete	0	0	0	0	DPB1*416:01:01:01	DPB1*105:01:01:01
NA18940	EAS	NA18940	asian_matched:DogoHLA	DQA1	two_field	complete	1	1	1	2	DQA1*01:03:13	DQA1*04:01:01:02
NA18940	EAS	NA18940	asian_matched:DogoHLA	DQA1	four_field	complete	1	0	0	1	DQA1*01:03:13	DQA1*04:01:01:02
NA18940	EAS	NA18940	asian_matched:DogoHLA	DQB1	two_field	complete	1	1	1	2	DQB1*04:02:01:07	DQB1*06:01:01:01
NA18940	EAS	NA18940	asian_matched:DogoHLA	DQB1	four_field	complete	1	1	1	2	DQB1*04:02:01:07	DQB1*06:01:01:01
NA18940	EAS	NA18940	asian_matched:DogoHLA	DRB1	two_field	complete	1	1	0	1	DRB1*15:02:20	DRB1*12:17
NA18940	EAS	NA18940	asian_matched:DogoHLA	DRB1	four_field	complete	0	0	0	0	DRB1*15:02:20	DRB1*12:17
NA18940	EAS	NA18940	asian_matched:DogoHLA-no-graph	A	two_field	complete	1	1	1	2	A*24:02:01:01	A*24:02:01:01
NA18940	EAS	NA18940	asian_matched:DogoHLA-no-graph	A	four_field	complete	1	1	1	2	A*24:02:01:01	A*24:02:01:01
NA18940	EAS	NA18940	asian_matched:DogoHLA-no-graph	B	two_field	complete	1	1	1	2	B*46:01:01:01	B*52:01:01:02
NA18940	EAS	NA18940	asian_matched:DogoHLA-no-graph	B	four_field	complete	1	1	1	2	B*46:01:01:01	B*52:01:01:02
NA18940	EAS	NA18940	asian_matched:DogoHLA-no-graph	C	two_field	complete	1	1	1	2	C*01:03:01	C*12:02:02:01
NA18940	EAS	NA18940	asian_matched:DogoHLA-no-graph	C	four_field	complete	0	0	0	0	C*01:03:01	C*12:02:02:01
NA18940	EAS	NA18940	asian_matched:DogoHLA-no-graph	DPA1	two_field	complete	1	1	1	2	DPA1*01:03:01:02	DPA1*01:03:01:01
NA18940	EAS	NA18940	asian_matched:DogoHLA-no-graph	DPA1	four_field	complete	1	1	0	0	DPA1*01:03:01:02	DPA1*01:03:01:01
NA18940	EAS	NA18940	asian_matched:DogoHLA-no-graph	DPB1	two_field	complete	1	1	0	0	DPB1*416:01:01:01	DPB1*105:01:01:01
NA18940	EAS	NA18940	asian_matched:DogoHLA-no-graph	DPB1	four_field	complete	0	0	0	0	DPB1*416:01:01:01	DPB1*105:01:01:01
NA18940	EAS	NA18940	asian_matched:DogoHLA-no-graph	DQA1	two_field	complete	1	1	1	2	DQA1*01:03:13	DQA1*04:01:01:02
NA18940	EAS	NA18940	asian_matched:DogoHLA-no-graph	DQA1	four_field	complete	1	0	0	1	DQA1*01:03:13	DQA1*04:01:01:02
NA18940	EAS	NA18940	asian_matched:DogoHLA-no-graph	DQB1	two_field	complete	1	1	1	2	DQB1*04:02:01:07	DQB1*06:01:01:01
NA18940	EAS	NA18940	asian_matched:DogoHLA-no-graph	DQB1	four_field	complete	1	1	1	2	DQB1*04:02:01:07	DQB1*06:01:01:01
NA18940	EAS	NA18940	asian_matched:DogoHLA-no-graph	DRB1	two_field	complete	1	1	0	1	DRB1*15:02:20	DRB1*12:17
NA18940	EAS	NA18940	asian_matched:DogoHLA-no-graph	DRB1	four_field	complete	0	0	0	0	DRB1*15:02:20	DRB1*12:17
NA21144	SAS	NA21144	SpecHLA-IPD365-noFreq	A	two_field	complete	1	1	0	0	A*02:864:01:01	A*33:242:01:01
NA21144	SAS	NA21144	SpecHLA-IPD365-noFreq	A	four_field	complete	1	1	0	0	A*02:864:01:01	A*33:242:01:01
NA21144	SAS	NA21144	SpecHLA-IPD365-noFreq	B	two_field	complete	1	1	1	2	B*58:01:01:03	B*57:01:01:01
NA21144	SAS	NA21144	SpecHLA-IPD365-noFreq	B	four_field	complete	0	0	0	0	B*58:01:01:03	B*57:01:01:01
NA21144	SAS	NA21144	SpecHLA-IPD365-noFreq	C	two_field	complete	1	1	1	2	C*06:02:01:01	C*03:02:02:01
NA21144	SAS	NA21144	SpecHLA-IPD365-noFreq	C	four_field	complete	1	1	0	1	C*06:02:01:01	C*03:02:02:01
NA21144	SAS	NA21144	SpecHLA-IPD365-noFreq	DPA1	two_field	complete	1	1	1	2	DPA1*01:03:01:02	DPA1*02:01:01:01
NA21144	SAS	NA21144	SpecHLA-IPD365-noFreq	DPA1	four_field	complete	0	0	0	0	DPA1*01:03:01:02	DPA1*02:01:01:01
NA21144	SAS	NA21144	SpecHLA-IPD365-noFreq	DPB1	two_field	complete	1	1	0	0	DPB1*702:01:01:02	DPB1*17:01:01:01
NA21144	SAS	NA21144	SpecHLA-IPD365-noFreq	DPB1	four_field	complete	1	1	0	0	DPB1*702:01:01:02	DPB1*17:01:01:01
NA21144	SAS	NA21144	SpecHLA-IPD365-noFreq	DQA1	two_field	complete	1	1	1	2	DQA1*05:01:01:02	DQA1*02:01:01:01
NA21144	SAS	NA21144	SpecHLA-IPD365-noFreq	DQA1	four_field	complete	0	0	0	0	DQA1*05:01:01:02	DQA1*02:01:01:01
NA21144	SAS	NA21144	SpecHLA-IPD365-noFreq	DQB1	two_field	complete	1	1	1	2	DQB1*02:01:01:01	DQB1*03:03:02:01
NA21144	SAS	NA21144	SpecHLA-IPD365-noFreq	DQB1	four_field	complete	1	1	1	2	DQB1*02:01:01:01	DQB1*03:03:02:01
NA21144	SAS	NA21144	SpecHLA-IPD365-noFreq	DRB1	two_field	complete	1	1	0	0	DRB1*03:07:01:02	DRB1*07:07
NA21144	SAS	NA21144	SpecHLA-IPD365-noFreq	DRB1	four_field	complete	1	0	0	0	DRB1*03:07:01:02	DRB1*07:07
NA21144	SAS	NA21144	SpecHLA-IPD365-long-noFreq	A	two_field	complete	1	1	0	0	A*33:242:01:01	A*02:864:01:01
NA21144	SAS	NA21144	SpecHLA-IPD365-long-noFreq	A	four_field	complete	1	1	0	0	A*33:242:01:01	A*02:864:01:01
NA21144	SAS	NA21144	SpecHLA-IPD365-long-noFreq	B	two_field	complete	1	1	1	2	B*58:01:01:03	B*57:01:01:01
NA21144	SAS	NA21144	SpecHLA-IPD365-long-noFreq	B	four_field	complete	0	0	0	0	B*58:01:01:03	B*57:01:01:01
NA21144	SAS	NA21144	SpecHLA-IPD365-long-noFreq	C	two_field	complete	1	1	1	2	C*06:02:01:01	C*03:02:02:01
NA21144	SAS	NA21144	SpecHLA-IPD365-long-noFreq	C	four_field	complete	1	1	0	1	C*06:02:01:01	C*03:02:02:01
NA21144	SAS	NA21144	SpecHLA-IPD365-long-noFreq	DPA1	two_field	complete	1	1	1	2	DPA1*01:03:01:02	DPA1*02:01:01:01
NA21144	SAS	NA21144	SpecHLA-IPD365-long-noFreq	DPA1	four_field	complete	0	0	0	0	DPA1*01:03:01:02	DPA1*02:01:01:01
NA21144	SAS	NA21144	SpecHLA-IPD365-long-noFreq	DPB1	two_field	complete	1	1	0	0	DPB1*702:01:01:02	DPB1*17:01:01:01
NA21144	SAS	NA21144	SpecHLA-IPD365-long-noFreq	DPB1	four_field	complete	1	1	0	0	DPB1*702:01:01:02	DPB1*17:01:01:01
NA21144	SAS	NA21144	SpecHLA-IPD365-long-noFreq	DQA1	two_field	complete	1	1	1	2	DQA1*05:01:01:02	DQA1*02:01:01:01
NA21144	SAS	NA21144	SpecHLA-IPD365-long-noFreq	DQA1	four_field	complete	0	0	0	0	DQA1*05:01:01:02	DQA1*02:01:01:01
NA21144	SAS	NA21144	SpecHLA-IPD365-long-noFreq	DQB1	two_field	complete	1	1	1	2	DQB1*02:01:01:01	DQB1*03:03:02:01
NA21144	SAS	NA21144	SpecHLA-IPD365-long-noFreq	DQB1	four_field	complete	1	1	1	2	DQB1*02:01:01:01	DQB1*03:03:02:01
NA21144	SAS	NA21144	SpecHLA-IPD365-long-noFreq	DRB1	two_field	complete	1	1	0	1	DRB1*03:01:01:04	DRB1*07:07
NA21144	SAS	NA21144	SpecHLA-IPD365-long-noFreq	DRB1	four_field	complete	1	0	0	0	DRB1*03:01:01:04	DRB1*07:07
NA21144	SAS	NA21144	T1K-four-field	A	two_field	complete	1	1	1	2	A*33:03:01:01	A*02:01:01:01
NA21144	SAS	NA21144	T1K-four-field	A	four_field	complete	1	1	1	2	A*33:03:01:01	A*02:01:01:01
NA21144	SAS	NA21144	T1K-four-field	B	two_field	complete	1	1	0	1	B*57:01:01:01	B*58:01:01:01,HLA-B*58:01:01:17,HLA-B*58:120
NA21144	SAS	NA21144	T1K-four-field	B	four_field	complete	0	0	0	0	B*57:01:01:01	B*58:01:01:01,HLA-B*58:01:01:17,HLA-B*58:120
NA21144	SAS	NA21144	T1K-four-field	C	two_field	complete	1	1	1	2	C*03:02:02:01	C*06:02:01:01,HLA-C*06:02:01:103
NA21144	SAS	NA21144	T1K-four-field	C	four_field	complete	1	1	0	0	C*03:02:02:01	C*06:02:01:01,HLA-C*06:02:01:103
NA21144	SAS	NA21144	T1K-four-field	DPA1	two_field	complete	1	1	1	2	DPA1*01:03:01:02	DPA1*02:01:01:02
NA21144	SAS	NA21144	T1K-four-field	DPA1	four_field	complete	0	0	0	0	DPA1*01:03:01:02	DPA1*02:01:01:02
NA21144	SAS	NA21144	T1K-four-field	DPB1	two_field	complete	1	1	1	2	DPB1*04:01:01:01	DPB1*09:01:01:01
NA21144	SAS	NA21144	T1K-four-field	DPB1	four_field	complete	1	1	1	2	DPB1*04:01:01:01	DPB1*09:01:01:01
NA21144	SAS	NA21144	T1K-four-field	DQA1	two_field	complete	1	1	1	2	DQA1*05:01:01:01	DQA1*02:01:01:01
NA21144	SAS	NA21144	T1K-four-field	DQA1	four_field	complete	0	0	0	0	DQA1*05:01:01:01	DQA1*02:01:01:01
NA21144	SAS	NA21144	T1K-four-field	DQB1	two_field	complete	1	1	1	2	DQB1*03:03:02:01	DQB1*02:01:01:01
NA21144	SAS	NA21144	T1K-four-field	DQB1	four_field	complete	1	1	1	2	DQB1*03:03:02:01	DQB1*02:01:01:01
NA21144	SAS	NA21144	T1K-four-field	DRB1	two_field	complete	1	1	1	2	DRB1*07:01:01:01	DRB1*03:01:01:03
NA21144	SAS	NA21144	T1K-four-field	DRB1	four_field	complete	1	1	0	1	DRB1*07:01:01:01	DRB1*03:01:01:03
NA21144	SAS	NA21144	full:DogoHLA	A	two_field	complete	1	1	0	0	A*02:864:01:01	A*33:242:01:01
NA21144	SAS	NA21144	full:DogoHLA	A	four_field	complete	1	1	0	0	A*02:864:01:01	A*33:242:01:01
NA21144	SAS	NA21144	full:DogoHLA	B	two_field	complete	1	1	1	2	B*58:01:01:03	B*57:01:01:01
NA21144	SAS	NA21144	full:DogoHLA	B	four_field	complete	0	0	0	0	B*58:01:01:03	B*57:01:01:01
NA21144	SAS	NA21144	full:DogoHLA	C	two_field	complete	1	1	1	2	C*06:02:01:01	C*03:02:02:01
NA21144	SAS	NA21144	full:DogoHLA	C	four_field	complete	1	1	0	1	C*06:02:01:01	C*03:02:02:01
NA21144	SAS	NA21144	full:DogoHLA	DPA1	two_field	complete	1	1	1	2	DPA1*01:03:01:02	DPA1*02:01:01:01
NA21144	SAS	NA21144	full:DogoHLA	DPA1	four_field	complete	0	0	0	0	DPA1*01:03:01:02	DPA1*02:01:01:01
NA21144	SAS	NA21144	full:DogoHLA	DPB1	two_field	complete	1	1	0	0	DPB1*17:01:01:01	DPB1*1683:01
NA21144	SAS	NA21144	full:DogoHLA	DPB1	four_field	complete	1	0	0	0	DPB1*17:01:01:01	DPB1*1683:01
NA21144	SAS	NA21144	full:DogoHLA	DQA1	two_field	complete	1	1	1	2	DQA1*05:01:01:02	DQA1*02:01:01:01
NA21144	SAS	NA21144	full:DogoHLA	DQA1	four_field	complete	0	0	0	0	DQA1*05:01:01:02	DQA1*02:01:01:01
NA21144	SAS	NA21144	full:DogoHLA	DQB1	two_field	complete	1	1	1	2	DQB1*02:01:01:01	DQB1*03:03:02:01
NA21144	SAS	NA21144	full:DogoHLA	DQB1	four_field	complete	1	1	1	2	DQB1*02:01:01:01	DQB1*03:03:02:01
NA21144	SAS	NA21144	full:DogoHLA	DRB1	two_field	complete	1	1	0	1	DRB1*07:07	DRB1*03:01:26
NA21144	SAS	NA21144	full:DogoHLA	DRB1	four_field	complete	1	0	0	0	DRB1*07:07	DRB1*03:01:26
NA21144	SAS	NA21144	full:DogoHLA-no-graph	A	two_field	complete	1	1	0	0	A*02:864:01:01	A*33:242:01:01
NA21144	SAS	NA21144	full:DogoHLA-no-graph	A	four_field	complete	1	1	0	0	A*02:864:01:01	A*33:242:01:01
NA21144	SAS	NA21144	full:DogoHLA-no-graph	B	two_field	complete	1	1	1	2	B*58:01:01:03	B*57:01:01:01
NA21144	SAS	NA21144	full:DogoHLA-no-graph	B	four_field	complete	0	0	0	0	B*58:01:01:03	B*57:01:01:01
NA21144	SAS	NA21144	full:DogoHLA-no-graph	C	two_field	complete	1	1	1	2	C*06:02:01:01	C*03:02:02:01
NA21144	SAS	NA21144	full:DogoHLA-no-graph	C	four_field	complete	1	1	0	1	C*06:02:01:01	C*03:02:02:01
NA21144	SAS	NA21144	full:DogoHLA-no-graph	DPA1	two_field	complete	1	1	1	2	DPA1*01:03:01:02	DPA1*02:01:01:01
NA21144	SAS	NA21144	full:DogoHLA-no-graph	DPA1	four_field	complete	0	0	0	0	DPA1*01:03:01:02	DPA1*02:01:01:01
NA21144	SAS	NA21144	full:DogoHLA-no-graph	DPB1	two_field	complete	1	1	0	0	DPB1*17:01:01:01	DPB1*1683:01
NA21144	SAS	NA21144	full:DogoHLA-no-graph	DPB1	four_field	complete	1	0	0	0	DPB1*17:01:01:01	DPB1*1683:01
NA21144	SAS	NA21144	full:DogoHLA-no-graph	DQA1	two_field	complete	1	1	1	2	DQA1*05:01:01:02	DQA1*02:01:01:01
NA21144	SAS	NA21144	full:DogoHLA-no-graph	DQA1	four_field	complete	0	0	0	0	DQA1*05:01:01:02	DQA1*02:01:01:01
NA21144	SAS	NA21144	full:DogoHLA-no-graph	DQB1	two_field	complete	1	1	1	2	DQB1*02:01:01:01	DQB1*03:03:02:01
NA21144	SAS	NA21144	full:DogoHLA-no-graph	DQB1	four_field	complete	1	1	1	2	DQB1*02:01:01:01	DQB1*03:03:02:01
NA21144	SAS	NA21144	full:DogoHLA-no-graph	DRB1	two_field	complete	1	1	0	1	DRB1*07:07	DRB1*03:01:26
NA21144	SAS	NA21144	full:DogoHLA-no-graph	DRB1	four_field	complete	1	0	0	0	DRB1*07:07	DRB1*03:01:26
NA21144	SAS	NA21144	hprc:DogoHLA	A	two_field	complete	1	1	0	0	A*02:864:01:01	A*33:242:01:01
NA21144	SAS	NA21144	hprc:DogoHLA	A	four_field	complete	1	1	0	0	A*02:864:01:01	A*33:242:01:01
NA21144	SAS	NA21144	hprc:DogoHLA	B	two_field	complete	1	1	1	2	B*58:01:01:03	B*57:01:01:01
NA21144	SAS	NA21144	hprc:DogoHLA	B	four_field	complete	0	0	0	0	B*58:01:01:03	B*57:01:01:01
NA21144	SAS	NA21144	hprc:DogoHLA	C	two_field	complete	1	1	1	2	C*06:02:01:01	C*03:02:02:01
NA21144	SAS	NA21144	hprc:DogoHLA	C	four_field	complete	1	1	0	1	C*06:02:01:01	C*03:02:02:01
NA21144	SAS	NA21144	hprc:DogoHLA	DPA1	two_field	complete	1	1	1	2	DPA1*01:03:01:02	DPA1*02:01:01:01
NA21144	SAS	NA21144	hprc:DogoHLA	DPA1	four_field	complete	0	0	0	0	DPA1*01:03:01:02	DPA1*02:01:01:01
NA21144	SAS	NA21144	hprc:DogoHLA	DPB1	two_field	complete	1	1	0	0	DPB1*17:01:01:01	DPB1*702:01:01:02
NA21144	SAS	NA21144	hprc:DogoHLA	DPB1	four_field	complete	1	1	0	0	DPB1*17:01:01:01	DPB1*702:01:01:02
NA21144	SAS	NA21144	hprc:DogoHLA	DQA1	two_field	complete	1	1	1	2	DQA1*05:01:01:02	DQA1*02:01:01:01
NA21144	SAS	NA21144	hprc:DogoHLA	DQA1	four_field	complete	0	0	0	0	DQA1*05:01:01:02	DQA1*02:01:01:01
NA21144	SAS	NA21144	hprc:DogoHLA	DQB1	two_field	complete	1	1	1	2	DQB1*03:03:02:01	DQB1*02:01:01:01
NA21144	SAS	NA21144	hprc:DogoHLA	DQB1	four_field	complete	1	1	1	2	DQB1*03:03:02:01	DQB1*02:01:01:01
NA21144	SAS	NA21144	hprc:DogoHLA	DRB1	two_field	complete	1	1	0	0	DRB1*07:07	DRB1*03:07:01:02
NA21144	SAS	NA21144	hprc:DogoHLA	DRB1	four_field	complete	1	0	0	0	DRB1*07:07	DRB1*03:07:01:02
NA21144	SAS	NA21144	hprc:DogoHLA-no-graph	A	two_field	complete	1	1	0	0	A*02:864:01:01	A*33:242:01:01
NA21144	SAS	NA21144	hprc:DogoHLA-no-graph	A	four_field	complete	1	1	0	0	A*02:864:01:01	A*33:242:01:01
NA21144	SAS	NA21144	hprc:DogoHLA-no-graph	B	two_field	complete	1	1	1	2	B*58:01:01:03	B*57:01:01:01
NA21144	SAS	NA21144	hprc:DogoHLA-no-graph	B	four_field	complete	0	0	0	0	B*58:01:01:03	B*57:01:01:01
NA21144	SAS	NA21144	hprc:DogoHLA-no-graph	C	two_field	complete	1	1	1	2	C*06:02:01:01	C*03:02:02:01
NA21144	SAS	NA21144	hprc:DogoHLA-no-graph	C	four_field	complete	1	1	0	1	C*06:02:01:01	C*03:02:02:01
NA21144	SAS	NA21144	hprc:DogoHLA-no-graph	DPA1	two_field	complete	1	1	1	2	DPA1*01:03:01:02	DPA1*02:01:01:01
NA21144	SAS	NA21144	hprc:DogoHLA-no-graph	DPA1	four_field	complete	0	0	0	0	DPA1*01:03:01:02	DPA1*02:01:01:01
NA21144	SAS	NA21144	hprc:DogoHLA-no-graph	DPB1	two_field	complete	1	1	0	0	DPB1*17:01:01:01	DPB1*1683:01
NA21144	SAS	NA21144	hprc:DogoHLA-no-graph	DPB1	four_field	complete	1	0	0	0	DPB1*17:01:01:01	DPB1*1683:01
NA21144	SAS	NA21144	hprc:DogoHLA-no-graph	DQA1	two_field	complete	1	1	1	2	DQA1*05:01:01:02	DQA1*02:01:01:01
NA21144	SAS	NA21144	hprc:DogoHLA-no-graph	DQA1	four_field	complete	0	0	0	0	DQA1*05:01:01:02	DQA1*02:01:01:01
NA21144	SAS	NA21144	hprc:DogoHLA-no-graph	DQB1	two_field	complete	1	1	1	2	DQB1*03:03:02:01	DQB1*02:01:01:01
NA21144	SAS	NA21144	hprc:DogoHLA-no-graph	DQB1	four_field	complete	1	1	1	2	DQB1*03:03:02:01	DQB1*02:01:01:01
NA21144	SAS	NA21144	hprc:DogoHLA-no-graph	DRB1	two_field	complete	1	1	0	1	DRB1*07:07	DRB1*03:01:26
NA21144	SAS	NA21144	hprc:DogoHLA-no-graph	DRB1	four_field	complete	1	0	0	0	DRB1*07:07	DRB1*03:01:26
NA21144	SAS	NA21144	asian_matched:DogoHLA	A	two_field	complete	1	1	0	0	A*02:864:01:01	A*33:242:01:01
NA21144	SAS	NA21144	asian_matched:DogoHLA	A	four_field	complete	1	1	0	0	A*02:864:01:01	A*33:242:01:01
NA21144	SAS	NA21144	asian_matched:DogoHLA	B	two_field	complete	1	1	1	2	B*58:01:01:03	B*57:01:01:01
NA21144	SAS	NA21144	asian_matched:DogoHLA	B	four_field	complete	0	0	0	0	B*58:01:01:03	B*57:01:01:01
NA21144	SAS	NA21144	asian_matched:DogoHLA	C	two_field	complete	1	1	1	2	C*06:02:01:01	C*03:02:02:01
NA21144	SAS	NA21144	asian_matched:DogoHLA	C	four_field	complete	1	1	0	1	C*06:02:01:01	C*03:02:02:01
NA21144	SAS	NA21144	asian_matched:DogoHLA	DPA1	two_field	complete	1	1	1	2	DPA1*01:03:01:02	DPA1*02:01:01:01
NA21144	SAS	NA21144	asian_matched:DogoHLA	DPA1	four_field	complete	0	0	0	0	DPA1*01:03:01:02	DPA1*02:01:01:01
NA21144	SAS	NA21144	asian_matched:DogoHLA	DPB1	two_field	complete	1	1	0	0	DPB1*17:01:01:01	DPB1*1683:01
NA21144	SAS	NA21144	asian_matched:DogoHLA	DPB1	four_field	complete	1	0	0	0	DPB1*17:01:01:01	DPB1*1683:01
NA21144	SAS	NA21144	asian_matched:DogoHLA	DQA1	two_field	complete	1	1	1	2	DQA1*05:01:01:02	DQA1*02:01:01:01
NA21144	SAS	NA21144	asian_matched:DogoHLA	DQA1	four_field	complete	0	0	0	0	DQA1*05:01:01:02	DQA1*02:01:01:01
NA21144	SAS	NA21144	asian_matched:DogoHLA	DQB1	two_field	complete	1	1	1	2	DQB1*02:01:01:01	DQB1*03:03:02:01
NA21144	SAS	NA21144	asian_matched:DogoHLA	DQB1	four_field	complete	1	1	1	2	DQB1*02:01:01:01	DQB1*03:03:02:01
NA21144	SAS	NA21144	asian_matched:DogoHLA	DRB1	two_field	complete	1	1	0	0	DRB1*07:07	DRB1*03:07:01:02
NA21144	SAS	NA21144	asian_matched:DogoHLA	DRB1	four_field	complete	1	0	0	0	DRB1*07:07	DRB1*03:07:01:02
NA21144	SAS	NA21144	asian_matched:DogoHLA-no-graph	A	two_field	complete	1	1	0	0	A*02:864:01:01	A*33:242:01:01
NA21144	SAS	NA21144	asian_matched:DogoHLA-no-graph	A	four_field	complete	1	1	0	0	A*02:864:01:01	A*33:242:01:01
NA21144	SAS	NA21144	asian_matched:DogoHLA-no-graph	B	two_field	complete	1	1	1	2	B*58:01:01:03	B*57:01:01:01
NA21144	SAS	NA21144	asian_matched:DogoHLA-no-graph	B	four_field	complete	0	0	0	0	B*58:01:01:03	B*57:01:01:01
NA21144	SAS	NA21144	asian_matched:DogoHLA-no-graph	C	two_field	complete	1	1	1	2	C*06:02:01:01	C*03:02:02:01
NA21144	SAS	NA21144	asian_matched:DogoHLA-no-graph	C	four_field	complete	1	1	0	1	C*06:02:01:01	C*03:02:02:01
NA21144	SAS	NA21144	asian_matched:DogoHLA-no-graph	DPA1	two_field	complete	1	1	1	2	DPA1*01:03:01:02	DPA1*02:01:01:01
NA21144	SAS	NA21144	asian_matched:DogoHLA-no-graph	DPA1	four_field	complete	0	0	0	0	DPA1*01:03:01:02	DPA1*02:01:01:01
NA21144	SAS	NA21144	asian_matched:DogoHLA-no-graph	DPB1	two_field	complete	1	1	0	0	DPB1*17:01:01:01	DPB1*1683:01
NA21144	SAS	NA21144	asian_matched:DogoHLA-no-graph	DPB1	four_field	complete	1	0	0	0	DPB1*17:01:01:01	DPB1*1683:01
NA21144	SAS	NA21144	asian_matched:DogoHLA-no-graph	DQA1	two_field	complete	1	1	1	2	DQA1*05:01:01:02	DQA1*02:01:01:01
NA21144	SAS	NA21144	asian_matched:DogoHLA-no-graph	DQA1	four_field	complete	0	0	0	0	DQA1*05:01:01:02	DQA1*02:01:01:01
NA21144	SAS	NA21144	asian_matched:DogoHLA-no-graph	DQB1	two_field	complete	1	1	1	2	DQB1*02:01:01:01	DQB1*03:03:02:01
NA21144	SAS	NA21144	asian_matched:DogoHLA-no-graph	DQB1	four_field	complete	1	1	1	2	DQB1*02:01:01:01	DQB1*03:03:02:01
NA21144	SAS	NA21144	asian_matched:DogoHLA-no-graph	DRB1	two_field	complete	1	1	0	1	DRB1*07:07	DRB1*03:01:26
NA21144	SAS	NA21144	asian_matched:DogoHLA-no-graph	DRB1	four_field	complete	1	0	0	0	DRB1*07:07	DRB1*03:01:26
HG00558	EAS	HG00556	SpecHLA-IPD365-noFreq	A	two_field	complete	1	1	0	0	A*68:330	A*02:19
HG00558	EAS	HG00556	SpecHLA-IPD365-noFreq	A	four_field	complete	1	0	0	0	A*68:330	A*02:19
HG00558	EAS	HG00556	SpecHLA-IPD365-noFreq	B	two_field	complete	1	1	1	2	B*40:01:02:01	B*37:01:01:01
HG00558	EAS	HG00556	SpecHLA-IPD365-noFreq	B	four_field	complete	1	1	0	1	B*40:01:02:01	B*37:01:01:01
HG00558	EAS	HG00556	SpecHLA-IPD365-noFreq	C	two_field	complete	1	1	1	2	C*06:02:01:01	C*07:02:01:01
HG00558	EAS	HG00556	SpecHLA-IPD365-noFreq	C	four_field	complete	1	1	0	1	C*06:02:01:01	C*07:02:01:01
HG00558	EAS	HG00556	SpecHLA-IPD365-noFreq	DPA1	two_field	complete	1	1	1	2	DPA1*02:02:02:01	DPA1*02:02:02:01
HG00558	EAS	HG00556	SpecHLA-IPD365-noFreq	DPA1	four_field	complete	0	0	0	0	DPA1*02:02:02:01	DPA1*02:02:02:01
HG00558	EAS	HG00556	SpecHLA-IPD365-noFreq	DPB1	two_field	complete	1	1	1	2	DPB1*02:01:02:111	DPB1*05:01:01:01
HG00558	EAS	HG00556	SpecHLA-IPD365-noFreq	DPB1	four_field	complete	1	1	0	1	DPB1*02:01:02:111	DPB1*05:01:01:01
HG00558	EAS	HG00556	SpecHLA-IPD365-noFreq	DQA1	two_field	complete	1	1	1	2	DQA1*01:05:01:01	DQA1*03:02:01:01
HG00558	EAS	HG00556	SpecHLA-IPD365-noFreq	DQA1	four_field	complete	1	1	0	1	DQA1*01:05:01:01	DQA1*03:02:01:01
HG00558	EAS	HG00556	SpecHLA-IPD365-noFreq	DQB1	two_field	complete	1	1	1	2	DQB1*03:03:02:01	DQB1*05:01:01:02
HG00558	EAS	HG00556	SpecHLA-IPD365-noFreq	DQB1	four_field	complete	1	1	0	0	DQB1*03:03:02:01	DQB1*05:01:01:02
HG00558	EAS	HG00556	SpecHLA-IPD365-noFreq	DRB1	two_field	complete	1	1	0	0	DRB1*09:20	DRB1*10:44:01:01
HG00558	EAS	HG00556	SpecHLA-IPD365-noFreq	DRB1	four_field	complete	0	0	0	0	DRB1*09:20	DRB1*10:44:01:01
HG00558	EAS	HG00556	SpecHLA-IPD365-long-noFreq	A	two_field	complete	1	1	0	0	A*68:330	A*02:19
HG00558	EAS	HG00556	SpecHLA-IPD365-long-noFreq	A	four_field	complete	1	0	0	0	A*68:330	A*02:19
HG00558	EAS	HG00556	SpecHLA-IPD365-long-noFreq	B	two_field	complete	1	1	1	2	B*40:01:02:01	B*37:01:01:01
HG00558	EAS	HG00556	SpecHLA-IPD365-long-noFreq	B	four_field	complete	1	1	0	1	B*40:01:02:01	B*37:01:01:01
HG00558	EAS	HG00556	SpecHLA-IPD365-long-noFreq	C	two_field	complete	1	1	1	2	C*06:02:01:01	C*07:02:01:01
HG00558	EAS	HG00556	SpecHLA-IPD365-long-noFreq	C	four_field	complete	1	1	0	1	C*06:02:01:01	C*07:02:01:01
HG00558	EAS	HG00556	SpecHLA-IPD365-long-noFreq	DPA1	two_field	complete	1	1	1	2	DPA1*02:02:02:01	DPA1*02:02:02:01
HG00558	EAS	HG00556	SpecHLA-IPD365-long-noFreq	DPA1	four_field	complete	0	0	0	0	DPA1*02:02:02:01	DPA1*02:02:02:01
HG00558	EAS	HG00556	SpecHLA-IPD365-long-noFreq	DPB1	two_field	complete	1	1	1	2	DPB1*05:01:01:01	DPB1*02:01:02:111
HG00558	EAS	HG00556	SpecHLA-IPD365-long-noFreq	DPB1	four_field	complete	1	1	0	1	DPB1*05:01:01:01	DPB1*02:01:02:111
HG00558	EAS	HG00556	SpecHLA-IPD365-long-noFreq	DQA1	two_field	complete	1	1	1	2	DQA1*01:05:01:01	DQA1*03:02:01:01
HG00558	EAS	HG00556	SpecHLA-IPD365-long-noFreq	DQA1	four_field	complete	1	1	0	1	DQA1*01:05:01:01	DQA1*03:02:01:01
HG00558	EAS	HG00556	SpecHLA-IPD365-long-noFreq	DQB1	two_field	complete	1	1	1	2	DQB1*03:03:02:01	DQB1*05:01:01:02
HG00558	EAS	HG00556	SpecHLA-IPD365-long-noFreq	DQB1	four_field	complete	1	1	0	0	DQB1*03:03:02:01	DQB1*05:01:01:02
HG00558	EAS	HG00556	SpecHLA-IPD365-long-noFreq	DRB1	two_field	complete	1	1	0	0	DRB1*10:44:01:01	DRB1*09:20
HG00558	EAS	HG00556	SpecHLA-IPD365-long-noFreq	DRB1	four_field	complete	0	0	0	0	DRB1*10:44:01:01	DRB1*09:20
HG00558	EAS	HG00556	T1K-four-field	A	two_field	complete	1	1	1	2	A*02:01:01:01	A*01:01:01:01
HG00558	EAS	HG00556	T1K-four-field	A	four_field	complete	1	1	1	2	A*02:01:01:01	A*01:01:01:01
HG00558	EAS	HG00556	T1K-four-field	B	two_field	complete	1	1	1	2	B*40:01:02:01	B*37:01:01:01
HG00558	EAS	HG00556	T1K-four-field	B	four_field	complete	1	1	0	1	B*40:01:02:01	B*37:01:01:01
HG00558	EAS	HG00556	T1K-four-field	C	two_field	complete	1	1	1	2	C*06:02:01:01,HLA-C*06:02:01:10	C*07:02:01:01
HG00558	EAS	HG00556	T1K-four-field	C	four_field	complete	1	1	0	0	C*06:02:01:01,HLA-C*06:02:01:10	C*07:02:01:01
HG00558	EAS	HG00556	T1K-four-field	DPA1	two_field	complete	1	1	1	2	DPA1*02:02:02:01	DPA1*02:02:02:01
HG00558	EAS	HG00556	T1K-four-field	DPA1	four_field	complete	0	0	0	0	DPA1*02:02:02:01	DPA1*02:02:02:01
HG00558	EAS	HG00556	T1K-four-field	DPB1	two_field	complete	1	1	1	2	DPB1*05:01:01:01	DPB1*02:01:02:29
HG00558	EAS	HG00556	T1K-four-field	DPB1	four_field	complete	1	1	1	2	DPB1*05:01:01:01	DPB1*02:01:02:29
HG00558	EAS	HG00556	T1K-four-field	DQA1	two_field	complete	1	1	1	2	DQA1*01:05:01:01	DQA1*03:02:01:01
HG00558	EAS	HG00556	T1K-four-field	DQA1	four_field	complete	1	1	0	1	DQA1*01:05:01:01	DQA1*03:02:01:01
HG00558	EAS	HG00556	T1K-four-field	DQB1	two_field	complete	1	1	1	2	DQB1*05:01:01:01	DQB1*03:03:02:02
HG00558	EAS	HG00556	T1K-four-field	DQB1	four_field	complete	1	1	0	1	DQB1*05:01:01:01	DQB1*03:03:02:02
HG00558	EAS	HG00556	T1K-four-field	DRB1	two_field	complete	1	1	1	2	DRB1*09:01:02:01	DRB1*10:01:01:03
HG00558	EAS	HG00556	T1K-four-field	DRB1	four_field	complete	0	0	0	0	DRB1*09:01:02:01	DRB1*10:01:01:03
HG00558	EAS	HG00556	full:DogoHLA	A	two_field	complete	1	1	0	0	A*68:330	A*02:19
HG00558	EAS	HG00556	full:DogoHLA	A	four_field	complete	1	0	0	0	A*68:330	A*02:19
HG00558	EAS	HG00556	full:DogoHLA	B	two_field	complete	1	1	1	2	B*40:01:02:01	B*37:01:01:01
HG00558	EAS	HG00556	full:DogoHLA	B	four_field	complete	1	1	0	1	B*40:01:02:01	B*37:01:01:01
HG00558	EAS	HG00556	full:DogoHLA	C	two_field	complete	1	1	1	2	C*06:02:01:01	C*07:02:01:01
HG00558	EAS	HG00556	full:DogoHLA	C	four_field	complete	1	1	0	1	C*06:02:01:01	C*07:02:01:01
HG00558	EAS	HG00556	full:DogoHLA	DPA1	two_field	complete	1	1	1	2	DPA1*02:02:02:01	DPA1*02:02:02:01
HG00558	EAS	HG00556	full:DogoHLA	DPA1	four_field	complete	0	0	0	0	DPA1*02:02:02:01	DPA1*02:02:02:01
HG00558	EAS	HG00556	full:DogoHLA	DPB1	two_field	complete	1	1	1	2	DPB1*05:01:01:01	DPB1*02:01:02:111
HG00558	EAS	HG00556	full:DogoHLA	DPB1	four_field	complete	1	1	0	1	DPB1*05:01:01:01	DPB1*02:01:02:111
HG00558	EAS	HG00556	full:DogoHLA	DQA1	two_field	complete	1	1	1	2	DQA1*03:02:01:01	DQA1*01:05:01:01
HG00558	EAS	HG00556	full:DogoHLA	DQA1	four_field	complete	1	1	0	1	DQA1*03:02:01:01	DQA1*01:05:01:01
HG00558	EAS	HG00556	full:DogoHLA	DQB1	two_field	complete	1	1	1	2	DQB1*05:01:01:02	DQB1*03:03:02:01
HG00558	EAS	HG00556	full:DogoHLA	DQB1	four_field	complete	1	1	0	0	DQB1*05:01:01:02	DQB1*03:03:02:01
HG00558	EAS	HG00556	full:DogoHLA	DRB1	two_field	complete	1	1	1	2	DRB1*09:01:02:08	DRB1*10:01:01:05
HG00558	EAS	HG00556	full:DogoHLA	DRB1	four_field	complete	0	0	0	0	DRB1*09:01:02:08	DRB1*10:01:01:05
HG00558	EAS	HG00556	full:DogoHLA-no-graph	A	two_field	complete	1	1	0	0	A*68:330	A*02:19
HG00558	EAS	HG00556	full:DogoHLA-no-graph	A	four_field	complete	1	0	0	0	A*68:330	A*02:19
HG00558	EAS	HG00556	full:DogoHLA-no-graph	B	two_field	complete	1	1	1	2	B*40:01:02:01	B*37:01:01:01
HG00558	EAS	HG00556	full:DogoHLA-no-graph	B	four_field	complete	1	1	0	1	B*40:01:02:01	B*37:01:01:01
HG00558	EAS	HG00556	full:DogoHLA-no-graph	C	two_field	complete	1	1	1	2	C*06:02:01:01	C*07:02:01:01
HG00558	EAS	HG00556	full:DogoHLA-no-graph	C	four_field	complete	1	1	0	1	C*06:02:01:01	C*07:02:01:01
HG00558	EAS	HG00556	full:DogoHLA-no-graph	DPA1	two_field	complete	1	1	1	2	DPA1*02:02:02:01	DPA1*02:02:02:01
HG00558	EAS	HG00556	full:DogoHLA-no-graph	DPA1	four_field	complete	0	0	0	0	DPA1*02:02:02:01	DPA1*02:02:02:01
HG00558	EAS	HG00556	full:DogoHLA-no-graph	DPB1	two_field	complete	1	1	1	2	DPB1*05:01:01:01	DPB1*02:01:02:111
HG00558	EAS	HG00556	full:DogoHLA-no-graph	DPB1	four_field	complete	1	1	0	1	DPB1*05:01:01:01	DPB1*02:01:02:111
HG00558	EAS	HG00556	full:DogoHLA-no-graph	DQA1	two_field	complete	1	1	1	2	DQA1*03:02:01:01	DQA1*01:05:01:01
HG00558	EAS	HG00556	full:DogoHLA-no-graph	DQA1	four_field	complete	1	1	0	1	DQA1*03:02:01:01	DQA1*01:05:01:01
HG00558	EAS	HG00556	full:DogoHLA-no-graph	DQB1	two_field	complete	1	1	1	2	DQB1*05:01:01:02	DQB1*03:03:02:01
HG00558	EAS	HG00556	full:DogoHLA-no-graph	DQB1	four_field	complete	1	1	0	0	DQB1*05:01:01:02	DQB1*03:03:02:01
HG00558	EAS	HG00556	full:DogoHLA-no-graph	DRB1	two_field	complete	1	1	1	2	DRB1*09:01:02:08	DRB1*10:01:01:05
HG00558	EAS	HG00556	full:DogoHLA-no-graph	DRB1	four_field	complete	0	0	0	0	DRB1*09:01:02:08	DRB1*10:01:01:05
HG00558	EAS	HG00556	hprc:DogoHLA	A	two_field	complete	1	1	0	0	A*02:19	A*68:330
HG00558	EAS	HG00556	hprc:DogoHLA	A	four_field	complete	1	0	0	0	A*02:19	A*68:330
HG00558	EAS	HG00556	hprc:DogoHLA	B	two_field	complete	1	1	1	2	B*40:01:02:01	B*37:01:01:01
HG00558	EAS	HG00556	hprc:DogoHLA	B	four_field	complete	1	1	0	1	B*40:01:02:01	B*37:01:01:01
HG00558	EAS	HG00556	hprc:DogoHLA	C	two_field	complete	1	1	1	2	C*06:02:01:01	C*07:02:01:01
HG00558	EAS	HG00556	hprc:DogoHLA	C	four_field	complete	1	1	0	1	C*06:02:01:01	C*07:02:01:01
HG00558	EAS	HG00556	hprc:DogoHLA	DPA1	two_field	complete	1	1	1	2	DPA1*02:02:02:01	DPA1*02:02:02:01
HG00558	EAS	HG00556	hprc:DogoHLA	DPA1	four_field	complete	0	0	0	0	DPA1*02:02:02:01	DPA1*02:02:02:01
HG00558	EAS	HG00556	hprc:DogoHLA	DPB1	two_field	complete	1	1	1	2	DPB1*05:01:01:01	DPB1*02:01:02:111
HG00558	EAS	HG00556	hprc:DogoHLA	DPB1	four_field	complete	1	1	0	1	DPB1*05:01:01:01	DPB1*02:01:02:111
HG00558	EAS	HG00556	hprc:DogoHLA	DQA1	two_field	complete	1	1	1	2	DQA1*01:05:01:01	DQA1*03:02:01:01
HG00558	EAS	HG00556	hprc:DogoHLA	DQA1	four_field	complete	1	1	0	1	DQA1*01:05:01:01	DQA1*03:02:01:01
HG00558	EAS	HG00556	hprc:DogoHLA	DQB1	two_field	complete	1	1	1	2	DQB1*05:01:01:02	DQB1*03:03:02:01
HG00558	EAS	HG00556	hprc:DogoHLA	DQB1	four_field	complete	1	1	0	0	DQB1*05:01:01:02	DQB1*03:03:02:01
HG00558	EAS	HG00556	hprc:DogoHLA	DRB1	two_field	complete	1	1	1	2	DRB1*09:01:02:06	DRB1*10:01:01:04
HG00558	EAS	HG00556	hprc:DogoHLA	DRB1	four_field	complete	0	0	0	0	DRB1*09:01:02:06	DRB1*10:01:01:04
HG00558	EAS	HG00556	hprc:DogoHLA-no-graph	A	two_field	complete	1	1	0	0	A*02:19	A*68:330
HG00558	EAS	HG00556	hprc:DogoHLA-no-graph	A	four_field	complete	1	0	0	0	A*02:19	A*68:330
HG00558	EAS	HG00556	hprc:DogoHLA-no-graph	B	two_field	complete	1	1	1	2	B*40:01:02:01	B*37:01:01:01
HG00558	EAS	HG00556	hprc:DogoHLA-no-graph	B	four_field	complete	1	1	0	1	B*40:01:02:01	B*37:01:01:01
HG00558	EAS	HG00556	hprc:DogoHLA-no-graph	C	two_field	complete	1	1	1	2	C*06:02:01:01	C*07:02:01:01
HG00558	EAS	HG00556	hprc:DogoHLA-no-graph	C	four_field	complete	1	1	0	1	C*06:02:01:01	C*07:02:01:01
HG00558	EAS	HG00556	hprc:DogoHLA-no-graph	DPA1	two_field	complete	1	1	1	2	DPA1*02:02:02:01	DPA1*02:02:02:01
HG00558	EAS	HG00556	hprc:DogoHLA-no-graph	DPA1	four_field	complete	0	0	0	0	DPA1*02:02:02:01	DPA1*02:02:02:01
HG00558	EAS	HG00556	hprc:DogoHLA-no-graph	DPB1	two_field	complete	1	1	1	2	DPB1*05:01:01:01	DPB1*02:01:02:111
HG00558	EAS	HG00556	hprc:DogoHLA-no-graph	DPB1	four_field	complete	1	1	0	1	DPB1*05:01:01:01	DPB1*02:01:02:111
HG00558	EAS	HG00556	hprc:DogoHLA-no-graph	DQA1	two_field	complete	1	1	1	2	DQA1*01:05:01:01	DQA1*03:02:01:01
HG00558	EAS	HG00556	hprc:DogoHLA-no-graph	DQA1	four_field	complete	1	1	0	1	DQA1*01:05:01:01	DQA1*03:02:01:01
HG00558	EAS	HG00556	hprc:DogoHLA-no-graph	DQB1	two_field	complete	1	1	1	2	DQB1*05:01:01:02	DQB1*03:03:02:01
HG00558	EAS	HG00556	hprc:DogoHLA-no-graph	DQB1	four_field	complete	1	1	0	0	DQB1*05:01:01:02	DQB1*03:03:02:01
HG00558	EAS	HG00556	hprc:DogoHLA-no-graph	DRB1	two_field	complete	1	1	1	2	DRB1*09:01:02:06	DRB1*10:01:01:04
HG00558	EAS	HG00556	hprc:DogoHLA-no-graph	DRB1	four_field	complete	0	0	0	0	DRB1*09:01:02:06	DRB1*10:01:01:04
HG00558	EAS	HG00556	asian_matched:DogoHLA	A	two_field	complete	1	1	0	0	A*02:19	A*68:330
HG00558	EAS	HG00556	asian_matched:DogoHLA	A	four_field	complete	1	0	0	0	A*02:19	A*68:330
HG00558	EAS	HG00556	asian_matched:DogoHLA	B	two_field	complete	1	1	1	2	B*40:01:02:01	B*37:01:01:01
HG00558	EAS	HG00556	asian_matched:DogoHLA	B	four_field	complete	1	1	0	1	B*40:01:02:01	B*37:01:01:01
HG00558	EAS	HG00556	asian_matched:DogoHLA	C	two_field	complete	1	1	1	2	C*06:02:01:01	C*07:02:01:01
HG00558	EAS	HG00556	asian_matched:DogoHLA	C	four_field	complete	1	1	0	1	C*06:02:01:01	C*07:02:01:01
HG00558	EAS	HG00556	asian_matched:DogoHLA	DPA1	two_field	complete	1	1	1	2	DPA1*02:02:02:01	DPA1*02:02:02:01
HG00558	EAS	HG00556	asian_matched:DogoHLA	DPA1	four_field	complete	0	0	0	0	DPA1*02:02:02:01	DPA1*02:02:02:01
HG00558	EAS	HG00556	asian_matched:DogoHLA	DPB1	two_field	complete	1	1	1	2	DPB1*05:01:01:01	DPB1*02:01:02:111
HG00558	EAS	HG00556	asian_matched:DogoHLA	DPB1	four_field	complete	1	1	0	1	DPB1*05:01:01:01	DPB1*02:01:02:111
HG00558	EAS	HG00556	asian_matched:DogoHLA	DQA1	two_field	complete	1	1	1	2	DQA1*01:05:01:01	DQA1*03:02:01:01
HG00558	EAS	HG00556	asian_matched:DogoHLA	DQA1	four_field	complete	1	1	0	1	DQA1*01:05:01:01	DQA1*03:02:01:01
HG00558	EAS	HG00556	asian_matched:DogoHLA	DQB1	two_field	complete	1	1	1	2	DQB1*05:01:01:02	DQB1*03:03:02:01
HG00558	EAS	HG00556	asian_matched:DogoHLA	DQB1	four_field	complete	1	1	0	0	DQB1*05:01:01:02	DQB1*03:03:02:01
HG00558	EAS	HG00556	asian_matched:DogoHLA	DRB1	two_field	complete	1	1	0	0	DRB1*10:44:01:01	DRB1*09:20
HG00558	EAS	HG00556	asian_matched:DogoHLA	DRB1	four_field	complete	0	0	0	0	DRB1*10:44:01:01	DRB1*09:20
HG00558	EAS	HG00556	asian_matched:DogoHLA-no-graph	A	two_field	complete	1	1	0	0	A*02:19	A*68:330
HG00558	EAS	HG00556	asian_matched:DogoHLA-no-graph	A	four_field	complete	1	0	0	0	A*02:19	A*68:330
HG00558	EAS	HG00556	asian_matched:DogoHLA-no-graph	B	two_field	complete	1	1	1	2	B*40:01:02:01	B*37:01:01:01
HG00558	EAS	HG00556	asian_matched:DogoHLA-no-graph	B	four_field	complete	1	1	0	1	B*40:01:02:01	B*37:01:01:01
HG00558	EAS	HG00556	asian_matched:DogoHLA-no-graph	C	two_field	complete	1	1	1	2	C*06:02:01:01	C*07:02:01:01
HG00558	EAS	HG00556	asian_matched:DogoHLA-no-graph	C	four_field	complete	1	1	0	1	C*06:02:01:01	C*07:02:01:01
HG00558	EAS	HG00556	asian_matched:DogoHLA-no-graph	DPA1	two_field	complete	1	1	1	2	DPA1*02:02:02:01	DPA1*02:02:02:01
HG00558	EAS	HG00556	asian_matched:DogoHLA-no-graph	DPA1	four_field	complete	0	0	0	0	DPA1*02:02:02:01	DPA1*02:02:02:01
HG00558	EAS	HG00556	asian_matched:DogoHLA-no-graph	DPB1	two_field	complete	1	1	1	2	DPB1*05:01:01:01	DPB1*02:01:02:111
HG00558	EAS	HG00556	asian_matched:DogoHLA-no-graph	DPB1	four_field	complete	1	1	0	1	DPB1*05:01:01:01	DPB1*02:01:02:111
HG00558	EAS	HG00556	asian_matched:DogoHLA-no-graph	DQA1	two_field	complete	1	1	1	2	DQA1*01:05:01:01	DQA1*03:02:01:01
HG00558	EAS	HG00556	asian_matched:DogoHLA-no-graph	DQA1	four_field	complete	1	1	0	1	DQA1*01:05:01:01	DQA1*03:02:01:01
HG00558	EAS	HG00556	asian_matched:DogoHLA-no-graph	DQB1	two_field	complete	1	1	1	2	DQB1*05:01:01:02	DQB1*03:03:02:01
HG00558	EAS	HG00556	asian_matched:DogoHLA-no-graph	DQB1	four_field	complete	1	1	0	0	DQB1*05:01:01:02	DQB1*03:03:02:01
HG00558	EAS	HG00556	asian_matched:DogoHLA-no-graph	DRB1	two_field	complete	1	1	0	0	DRB1*10:44:01:01	DRB1*09:20
HG00558	EAS	HG00556	asian_matched:DogoHLA-no-graph	DRB1	four_field	complete	0	0	0	0	DRB1*10:44:01:01	DRB1*09:20
HG02165	EAS	HG02165	SpecHLA-IPD365-noFreq	A	two_field	complete	1	1	0	0	A*68:330	A*02:19
HG02165	EAS	HG02165	SpecHLA-IPD365-noFreq	A	four_field	complete	1	0	0	0	A*68:330	A*02:19
HG02165	EAS	HG02165	SpecHLA-IPD365-noFreq	B	two_field	complete	1	1	1	2	B*46:01:01:01	B*27:04:01:01
HG02165	EAS	HG02165	SpecHLA-IPD365-noFreq	B	four_field	complete	1	1	1	2	B*46:01:01:01	B*27:04:01:01
HG02165	EAS	HG02165	SpecHLA-IPD365-noFreq	C	two_field	complete	1	1	1	2	C*01:02:01:01	C*12:02:02:01
HG02165	EAS	HG02165	SpecHLA-IPD365-noFreq	C	four_field	complete	0	0	0	0	C*01:02:01:01	C*12:02:02:01
HG02165	EAS	HG02165	SpecHLA-IPD365-noFreq	DPA1	two_field	complete	1	1	1	2	DPA1*02:02:02:01	DPA1*02:02:02:01
HG02165	EAS	HG02165	SpecHLA-IPD365-noFreq	DPA1	four_field	complete	0	0	0	0	DPA1*02:02:02:01	DPA1*02:02:02:01
HG02165	EAS	HG02165	SpecHLA-IPD365-noFreq	DPB1	two_field	complete	1	1	0	1	DPB1*02:02:01:02	DPB1*1493:01:01:01
HG02165	EAS	HG02165	SpecHLA-IPD365-noFreq	DPB1	four_field	complete	1	1	0	0	DPB1*02:02:01:02	DPB1*1493:01:01:01
HG02165	EAS	HG02165	SpecHLA-IPD365-noFreq	DQA1	two_field	complete	1	1	1	2	DQA1*01:04:01:01	DQA1*01:04:08
HG02165	EAS	HG02165	SpecHLA-IPD365-noFreq	DQA1	four_field	complete	1	0	0	1	DQA1*01:04:01:01	DQA1*01:04:08
HG02165	EAS	HG02165	SpecHLA-IPD365-noFreq	DQB1	two_field	complete	1	1	1	2	DQB1*05:02:01:01	DQB1*05:02:01:01
HG02165	EAS	HG02165	SpecHLA-IPD365-noFreq	DQB1	four_field	complete	1	1	1	2	DQB1*05:02:01:01	DQB1*05:02:01:01
HG02165	EAS	HG02165	SpecHLA-IPD365-noFreq	DRB1	two_field	complete	1	1	1	2	DRB1*14:54:01:04	DRB1*14:54:01:04
HG02165	EAS	HG02165	SpecHLA-IPD365-noFreq	DRB1	four_field	complete	1	1	0	0	DRB1*14:54:01:04	DRB1*14:54:01:04
HG02165	EAS	HG02165	SpecHLA-IPD365-long-noFreq	A	two_field	complete	1	1	0	0	A*68:330	A*02:19
HG02165	EAS	HG02165	SpecHLA-IPD365-long-noFreq	A	four_field	complete	1	0	0	0	A*68:330	A*02:19
HG02165	EAS	HG02165	SpecHLA-IPD365-long-noFreq	B	two_field	complete	1	1	1	2	B*46:01:01:01	B*27:04:01:01
HG02165	EAS	HG02165	SpecHLA-IPD365-long-noFreq	B	four_field	complete	1	1	1	2	B*46:01:01:01	B*27:04:01:01
HG02165	EAS	HG02165	SpecHLA-IPD365-long-noFreq	C	two_field	complete	1	1	1	2	C*01:02:01:01	C*12:02:02:01
HG02165	EAS	HG02165	SpecHLA-IPD365-long-noFreq	C	four_field	complete	0	0	0	0	C*01:02:01:01	C*12:02:02:01
HG02165	EAS	HG02165	SpecHLA-IPD365-long-noFreq	DPA1	two_field	complete	1	1	1	2	DPA1*02:02:02:01	DPA1*02:02:02:01
HG02165	EAS	HG02165	SpecHLA-IPD365-long-noFreq	DPA1	four_field	complete	0	0	0	0	DPA1*02:02:02:01	DPA1*02:02:02:01
HG02165	EAS	HG02165	SpecHLA-IPD365-long-noFreq	DPB1	two_field	complete	1	1	0	1	DPB1*1493:01:01:01	DPB1*02:02:01:02
HG02165	EAS	HG02165	SpecHLA-IPD365-long-noFreq	DPB1	four_field	complete	1	1	0	0	DPB1*1493:01:01:01	DPB1*02:02:01:02
HG02165	EAS	HG02165	SpecHLA-IPD365-long-noFreq	DQA1	two_field	complete	1	1	1	2	DQA1*01:04:01:01	DQA1*01:04:08
HG02165	EAS	HG02165	SpecHLA-IPD365-long-noFreq	DQA1	four_field	complete	1	0	0	1	DQA1*01:04:01:01	DQA1*01:04:08
HG02165	EAS	HG02165	SpecHLA-IPD365-long-noFreq	DQB1	two_field	complete	1	1	1	2	DQB1*05:02:01:01	DQB1*05:02:01:01
HG02165	EAS	HG02165	SpecHLA-IPD365-long-noFreq	DQB1	four_field	complete	1	1	1	2	DQB1*05:02:01:01	DQB1*05:02:01:01
HG02165	EAS	HG02165	SpecHLA-IPD365-long-noFreq	DRB1	two_field	complete	1	1	1	2	DRB1*14:54:01:04	DRB1*14:54:01:04
HG02165	EAS	HG02165	SpecHLA-IPD365-long-noFreq	DRB1	four_field	complete	1	1	0	0	DRB1*14:54:01:04	DRB1*14:54:01:04
HG02165	EAS	HG02165	T1K-four-field	A	two_field	complete	1	1	1	2	A*11:02:01:01	A*02:07:01:01
HG02165	EAS	HG02165	T1K-four-field	A	four_field	complete	1	1	1	2	A*11:02:01:01	A*02:07:01:01
HG02165	EAS	HG02165	T1K-four-field	B	two_field	complete	1	1	1	2	B*27:04:01:01	B*46:01:01:01
HG02165	EAS	HG02165	T1K-four-field	B	four_field	complete	1	1	1	2	B*27:04:01:01	B*46:01:01:01
HG02165	EAS	HG02165	T1K-four-field	C	two_field	complete	1	1	1	2	C*01:02:01:01	C*12:02:02:01
HG02165	EAS	HG02165	T1K-four-field	C	four_field	complete	0	0	0	0	C*01:02:01:01	C*12:02:02:01
HG02165	EAS	HG02165	T1K-four-field	DPA1	two_field	complete	1	1	1	2	DPA1*02:02:02:01	DPA1*02:02:02:01
HG02165	EAS	HG02165	T1K-four-field	DPA1	four_field	complete	0	0	0	0	DPA1*02:02:02:01	DPA1*02:02:02:01
HG02165	EAS	HG02165	T1K-four-field	DPB1	two_field	complete	1	1	1	2	DPB1*05:01:01:01	DPB1*02:02:01:03
HG02165	EAS	HG02165	T1K-four-field	DPB1	four_field	complete	1	1	0	1	DPB1*05:01:01:01	DPB1*02:02:01:03
HG02165	EAS	HG02165	T1K-four-field	DQA1	two_field	complete	1	1	1	2	DQA1*01:04:01:01	DQA1*01:04:01:01
HG02165	EAS	HG02165	T1K-four-field	DQA1	four_field	complete	1	1	1	2	DQA1*01:04:01:01	DQA1*01:04:01:01
HG02165	EAS	HG02165	T1K-four-field	DQB1	two_field	complete	1	1	1	2	DQB1*05:02:01:01	DQB1*05:02:01:01
HG02165	EAS	HG02165	T1K-four-field	DQB1	four_field	complete	1	1	1	2	DQB1*05:02:01:01	DQB1*05:02:01:01
HG02165	EAS	HG02165	T1K-four-field	DRB1	two_field	complete	1	1	1	2	DRB1*14:54:01:01	DRB1*14:54:01:01
HG02165	EAS	HG02165	T1K-four-field	DRB1	four_field	complete	1	1	0	0	DRB1*14:54:01:01	DRB1*14:54:01:01
HG02165	EAS	HG02165	full:DogoHLA	A	two_field	complete	1	1	0	0	A*02:19	A*68:330
HG02165	EAS	HG02165	full:DogoHLA	A	four_field	complete	1	0	0	0	A*02:19	A*68:330
HG02165	EAS	HG02165	full:DogoHLA	B	two_field	complete	1	1	1	2	B*27:04:01:01	B*46:01:01:01
HG02165	EAS	HG02165	full:DogoHLA	B	four_field	complete	1	1	1	2	B*27:04:01:01	B*46:01:01:01
HG02165	EAS	HG02165	full:DogoHLA	C	two_field	complete	1	1	1	2	C*01:02:01:01	C*12:02:02:01
HG02165	EAS	HG02165	full:DogoHLA	C	four_field	complete	0	0	0	0	C*01:02:01:01	C*12:02:02:01
HG02165	EAS	HG02165	full:DogoHLA	DPA1	two_field	complete	1	1	1	2	DPA1*02:02:02:01	DPA1*02:02:02:01
HG02165	EAS	HG02165	full:DogoHLA	DPA1	four_field	complete	0	0	0	0	DPA1*02:02:02:01	DPA1*02:02:02:01
HG02165	EAS	HG02165	full:DogoHLA	DPB1	two_field	complete	1	1	1	2	DPB1*05:01:01:01	DPB1*02:02:01:02
HG02165	EAS	HG02165	full:DogoHLA	DPB1	four_field	complete	1	1	0	0	DPB1*05:01:01:01	DPB1*02:02:01:02
HG02165	EAS	HG02165	full:DogoHLA	DQA1	two_field	complete	1	1	1	2	DQA1*01:04:01:01	DQA1*01:04:02:02
HG02165	EAS	HG02165	full:DogoHLA	DQA1	four_field	complete	1	1	0	1	DQA1*01:04:01:01	DQA1*01:04:02:02
HG02165	EAS	HG02165	full:DogoHLA	DQB1	two_field	complete	1	1	1	2	DQB1*05:02:01:01	DQB1*05:02:01:01
HG02165	EAS	HG02165	full:DogoHLA	DQB1	four_field	complete	1	1	1	2	DQB1*05:02:01:01	DQB1*05:02:01:01
HG02165	EAS	HG02165	full:DogoHLA	DRB1	two_field	complete	1	1	1	2	DRB1*14:54:01:04	DRB1*14:54:01:04
HG02165	EAS	HG02165	full:DogoHLA	DRB1	four_field	complete	1	1	0	0	DRB1*14:54:01:04	DRB1*14:54:01:04
HG02165	EAS	HG02165	full:DogoHLA-no-graph	A	two_field	complete	1	1	0	0	A*02:19	A*68:330
HG02165	EAS	HG02165	full:DogoHLA-no-graph	A	four_field	complete	1	0	0	0	A*02:19	A*68:330
HG02165	EAS	HG02165	full:DogoHLA-no-graph	B	two_field	complete	1	1	1	2	B*27:04:01:01	B*46:01:01:01
HG02165	EAS	HG02165	full:DogoHLA-no-graph	B	four_field	complete	1	1	1	2	B*27:04:01:01	B*46:01:01:01
HG02165	EAS	HG02165	full:DogoHLA-no-graph	C	two_field	complete	1	1	1	2	C*01:02:01:01	C*12:02:02:01
HG02165	EAS	HG02165	full:DogoHLA-no-graph	C	four_field	complete	0	0	0	0	C*01:02:01:01	C*12:02:02:01
HG02165	EAS	HG02165	full:DogoHLA-no-graph	DPA1	two_field	complete	1	1	1	2	DPA1*02:02:02:01	DPA1*02:02:02:01
HG02165	EAS	HG02165	full:DogoHLA-no-graph	DPA1	four_field	complete	0	0	0	0	DPA1*02:02:02:01	DPA1*02:02:02:01
HG02165	EAS	HG02165	full:DogoHLA-no-graph	DPB1	two_field	complete	1	1	1	2	DPB1*05:01:01:01	DPB1*02:02:01:02
HG02165	EAS	HG02165	full:DogoHLA-no-graph	DPB1	four_field	complete	1	1	0	0	DPB1*05:01:01:01	DPB1*02:02:01:02
HG02165	EAS	HG02165	full:DogoHLA-no-graph	DQA1	two_field	complete	1	1	1	2	DQA1*01:04:01:01	DQA1*01:04:02:02
HG02165	EAS	HG02165	full:DogoHLA-no-graph	DQA1	four_field	complete	1	1	0	1	DQA1*01:04:01:01	DQA1*01:04:02:02
HG02165	EAS	HG02165	full:DogoHLA-no-graph	DQB1	two_field	complete	1	1	1	2	DQB1*05:02:01:01	DQB1*05:02:01:01
HG02165	EAS	HG02165	full:DogoHLA-no-graph	DQB1	four_field	complete	1	1	1	2	DQB1*05:02:01:01	DQB1*05:02:01:01
HG02165	EAS	HG02165	full:DogoHLA-no-graph	DRB1	two_field	complete	1	1	1	2	DRB1*14:54:01:04	DRB1*14:54:01:04
HG02165	EAS	HG02165	full:DogoHLA-no-graph	DRB1	four_field	complete	1	1	0	0	DRB1*14:54:01:04	DRB1*14:54:01:04
HG02165	EAS	HG02165	hprc:DogoHLA	A	two_field	complete	1	1	0	0	A*02:19	A*68:330
HG02165	EAS	HG02165	hprc:DogoHLA	A	four_field	complete	1	0	0	0	A*02:19	A*68:330
HG02165	EAS	HG02165	hprc:DogoHLA	B	two_field	complete	1	1	1	2	B*27:04:01:01	B*46:01:01:01
HG02165	EAS	HG02165	hprc:DogoHLA	B	four_field	complete	1	1	1	2	B*27:04:01:01	B*46:01:01:01
HG02165	EAS	HG02165	hprc:DogoHLA	C	two_field	complete	1	1	1	2	C*01:02:01:01	C*12:02:02:01
HG02165	EAS	HG02165	hprc:DogoHLA	C	four_field	complete	0	0	0	0	C*01:02:01:01	C*12:02:02:01
HG02165	EAS	HG02165	hprc:DogoHLA	DPA1	two_field	complete	1	1	1	2	DPA1*02:02:02:01	DPA1*02:02:02:01
HG02165	EAS	HG02165	hprc:DogoHLA	DPA1	four_field	complete	0	0	0	0	DPA1*02:02:02:01	DPA1*02:02:02:01
HG02165	EAS	HG02165	hprc:DogoHLA	DPB1	two_field	complete	1	1	1	2	DPB1*05:01:01:01	DPB1*02:02:01:02
HG02165	EAS	HG02165	hprc:DogoHLA	DPB1	four_field	complete	1	1	0	0	DPB1*05:01:01:01	DPB1*02:02:01:02
HG02165	EAS	HG02165	hprc:DogoHLA	DQA1	two_field	complete	1	1	1	2	DQA1*01:04:01:01	DQA1*01:04:02:02
HG02165	EAS	HG02165	hprc:DogoHLA	DQA1	four_field	complete	1	1	0	1	DQA1*01:04:01:01	DQA1*01:04:02:02
HG02165	EAS	HG02165	hprc:DogoHLA	DQB1	two_field	complete	1	1	1	2	DQB1*05:02:01:01	DQB1*05:02:01:01
HG02165	EAS	HG02165	hprc:DogoHLA	DQB1	four_field	complete	1	1	1	2	DQB1*05:02:01:01	DQB1*05:02:01:01
HG02165	EAS	HG02165	hprc:DogoHLA	DRB1	two_field	complete	1	1	1	2	DRB1*14:54:01:04	DRB1*14:54:01:04
HG02165	EAS	HG02165	hprc:DogoHLA	DRB1	four_field	complete	1	1	0	0	DRB1*14:54:01:04	DRB1*14:54:01:04
HG02165	EAS	HG02165	hprc:DogoHLA-no-graph	A	two_field	complete	1	1	0	0	A*02:19	A*68:330
HG02165	EAS	HG02165	hprc:DogoHLA-no-graph	A	four_field	complete	1	0	0	0	A*02:19	A*68:330
HG02165	EAS	HG02165	hprc:DogoHLA-no-graph	B	two_field	complete	1	1	1	2	B*27:04:01:01	B*46:01:01:01
HG02165	EAS	HG02165	hprc:DogoHLA-no-graph	B	four_field	complete	1	1	1	2	B*27:04:01:01	B*46:01:01:01
HG02165	EAS	HG02165	hprc:DogoHLA-no-graph	C	two_field	complete	1	1	1	2	C*01:02:01:01	C*12:02:02:01
HG02165	EAS	HG02165	hprc:DogoHLA-no-graph	C	four_field	complete	0	0	0	0	C*01:02:01:01	C*12:02:02:01
HG02165	EAS	HG02165	hprc:DogoHLA-no-graph	DPA1	two_field	complete	1	1	1	2	DPA1*02:02:02:01	DPA1*02:02:02:01
HG02165	EAS	HG02165	hprc:DogoHLA-no-graph	DPA1	four_field	complete	0	0	0	0	DPA1*02:02:02:01	DPA1*02:02:02:01
HG02165	EAS	HG02165	hprc:DogoHLA-no-graph	DPB1	two_field	complete	1	1	1	2	DPB1*05:01:01:01	DPB1*02:02:01:02
HG02165	EAS	HG02165	hprc:DogoHLA-no-graph	DPB1	four_field	complete	1	1	0	0	DPB1*05:01:01:01	DPB1*02:02:01:02
HG02165	EAS	HG02165	hprc:DogoHLA-no-graph	DQA1	two_field	complete	1	1	1	2	DQA1*01:04:01:01	DQA1*01:04:02:02
HG02165	EAS	HG02165	hprc:DogoHLA-no-graph	DQA1	four_field	complete	1	1	0	1	DQA1*01:04:01:01	DQA1*01:04:02:02
HG02165	EAS	HG02165	hprc:DogoHLA-no-graph	DQB1	two_field	complete	1	1	1	2	DQB1*05:02:01:01	DQB1*05:02:01:01
HG02165	EAS	HG02165	hprc:DogoHLA-no-graph	DQB1	four_field	complete	1	1	1	2	DQB1*05:02:01:01	DQB1*05:02:01:01
HG02165	EAS	HG02165	hprc:DogoHLA-no-graph	DRB1	two_field	complete	1	1	1	2	DRB1*14:54:01:04	DRB1*14:54:01:04
HG02165	EAS	HG02165	hprc:DogoHLA-no-graph	DRB1	four_field	complete	1	1	0	0	DRB1*14:54:01:04	DRB1*14:54:01:04
HG02165	EAS	HG02165	asian_matched:DogoHLA	A	two_field	complete	1	1	0	0	A*68:330	A*02:19
HG02165	EAS	HG02165	asian_matched:DogoHLA	A	four_field	complete	1	0	0	0	A*68:330	A*02:19
HG02165	EAS	HG02165	asian_matched:DogoHLA	B	two_field	complete	1	1	1	2	B*27:04:01:01	B*46:01:01:01
HG02165	EAS	HG02165	asian_matched:DogoHLA	B	four_field	complete	1	1	1	2	B*27:04:01:01	B*46:01:01:01
HG02165	EAS	HG02165	asian_matched:DogoHLA	C	two_field	complete	1	1	1	2	C*01:02:01:01	C*12:02:02:01
HG02165	EAS	HG02165	asian_matched:DogoHLA	C	four_field	complete	0	0	0	0	C*01:02:01:01	C*12:02:02:01
HG02165	EAS	HG02165	asian_matched:DogoHLA	DPA1	two_field	complete	1	1	1	2	DPA1*02:02:02:01	DPA1*02:02:02:01
HG02165	EAS	HG02165	asian_matched:DogoHLA	DPA1	four_field	complete	0	0	0	0	DPA1*02:02:02:01	DPA1*02:02:02:01
HG02165	EAS	HG02165	asian_matched:DogoHLA	DPB1	two_field	complete	1	1	1	2	DPB1*05:01:01:01	DPB1*02:02:01:02
HG02165	EAS	HG02165	asian_matched:DogoHLA	DPB1	four_field	complete	1	1	0	0	DPB1*05:01:01:01	DPB1*02:02:01:02
HG02165	EAS	HG02165	asian_matched:DogoHLA	DQA1	two_field	complete	1	1	1	2	DQA1*01:04:01:01	DQA1*01:04:02:02
HG02165	EAS	HG02165	asian_matched:DogoHLA	DQA1	four_field	complete	1	1	0	1	DQA1*01:04:01:01	DQA1*01:04:02:02
HG02165	EAS	HG02165	asian_matched:DogoHLA	DQB1	two_field	complete	1	1	1	2	DQB1*05:02:01:01	DQB1*05:02:01:01
HG02165	EAS	HG02165	asian_matched:DogoHLA	DQB1	four_field	complete	1	1	1	2	DQB1*05:02:01:01	DQB1*05:02:01:01
HG02165	EAS	HG02165	asian_matched:DogoHLA	DRB1	two_field	complete	1	1	1	2	DRB1*14:54:01:04	DRB1*14:54:01:04
HG02165	EAS	HG02165	asian_matched:DogoHLA	DRB1	four_field	complete	1	1	0	0	DRB1*14:54:01:04	DRB1*14:54:01:04
HG02165	EAS	HG02165	asian_matched:DogoHLA-no-graph	A	two_field	complete	1	1	0	0	A*68:330	A*02:19
HG02165	EAS	HG02165	asian_matched:DogoHLA-no-graph	A	four_field	complete	1	0	0	0	A*68:330	A*02:19
HG02165	EAS	HG02165	asian_matched:DogoHLA-no-graph	B	two_field	complete	1	1	1	2	B*27:04:01:01	B*46:01:01:01
HG02165	EAS	HG02165	asian_matched:DogoHLA-no-graph	B	four_field	complete	1	1	1	2	B*27:04:01:01	B*46:01:01:01
HG02165	EAS	HG02165	asian_matched:DogoHLA-no-graph	C	two_field	complete	1	1	1	2	C*01:02:01:01	C*12:02:02:01
HG02165	EAS	HG02165	asian_matched:DogoHLA-no-graph	C	four_field	complete	0	0	0	0	C*01:02:01:01	C*12:02:02:01
HG02165	EAS	HG02165	asian_matched:DogoHLA-no-graph	DPA1	two_field	complete	1	1	1	2	DPA1*02:02:02:01	DPA1*02:02:02:01
HG02165	EAS	HG02165	asian_matched:DogoHLA-no-graph	DPA1	four_field	complete	0	0	0	0	DPA1*02:02:02:01	DPA1*02:02:02:01
HG02165	EAS	HG02165	asian_matched:DogoHLA-no-graph	DPB1	two_field	complete	1	1	1	2	DPB1*05:01:01:01	DPB1*02:02:01:02
HG02165	EAS	HG02165	asian_matched:DogoHLA-no-graph	DPB1	four_field	complete	1	1	0	0	DPB1*05:01:01:01	DPB1*02:02:01:02
HG02165	EAS	HG02165	asian_matched:DogoHLA-no-graph	DQA1	two_field	complete	1	1	1	2	DQA1*01:04:01:01	DQA1*01:04:02:02
HG02165	EAS	HG02165	asian_matched:DogoHLA-no-graph	DQA1	four_field	complete	1	1	0	1	DQA1*01:04:01:01	DQA1*01:04:02:02
HG02165	EAS	HG02165	asian_matched:DogoHLA-no-graph	DQB1	two_field	complete	1	1	1	2	DQB1*05:02:01:01	DQB1*05:02:01:01
HG02165	EAS	HG02165	asian_matched:DogoHLA-no-graph	DQB1	four_field	complete	1	1	1	2	DQB1*05:02:01:01	DQB1*05:02:01:01
HG02165	EAS	HG02165	asian_matched:DogoHLA-no-graph	DRB1	two_field	complete	1	1	1	2	DRB1*14:54:01:04	DRB1*14:54:01:04
HG02165	EAS	HG02165	asian_matched:DogoHLA-no-graph	DRB1	four_field	complete	1	1	0	0	DRB1*14:54:01:04	DRB1*14:54:01:04
HG02523	EAS	HG02521	SpecHLA-IPD365-noFreq	A	two_field	complete	1	1	0	1	A*02:07:01:01	A*11:335:01
HG02523	EAS	HG02521	SpecHLA-IPD365-noFreq	A	four_field	complete	1	0	0	1	A*02:07:01:01	A*11:335:01
HG02523	EAS	HG02521	SpecHLA-IPD365-noFreq	B	two_field	complete	1	1	1	2	B*07:05:01:01	B*46:01:01:01
HG02523	EAS	HG02521	SpecHLA-IPD365-noFreq	B	four_field	complete	1	1	1	2	B*07:05:01:01	B*46:01:01:01
HG02523	EAS	HG02521	SpecHLA-IPD365-noFreq	C	two_field	complete	1	1	1	2	C*01:02:01:01	C*15:05:02:01
HG02523	EAS	HG02521	SpecHLA-IPD365-noFreq	C	four_field	complete	0	0	0	0	C*01:02:01:01	C*15:05:02:01
HG02523	EAS	HG02521	SpecHLA-IPD365-noFreq	DPA1	two_field	complete	1	1	1	2	DPA1*01:03:01:02	DPA1*02:02:02:01
HG02523	EAS	HG02521	SpecHLA-IPD365-noFreq	DPA1	four_field	complete	0	0	0	0	DPA1*01:03:01:02	DPA1*02:02:02:01
HG02523	EAS	HG02521	SpecHLA-IPD365-noFreq	DPB1	two_field	complete	1	1	0	0	DPB1*02:02:01:02	DPB1*702:01:01:01
HG02523	EAS	HG02521	SpecHLA-IPD365-noFreq	DPB1	four_field	complete	1	1	0	0	DPB1*02:02:01:02	DPB1*702:01:01:01
HG02523	EAS	HG02521	SpecHLA-IPD365-noFreq	DQA1	two_field	complete	1	1	1	2	DQA1*01:05:01:01	DQA1*03:02:01:01
HG02523	EAS	HG02521	SpecHLA-IPD365-noFreq	DQA1	four_field	complete	1	1	0	1	DQA1*01:05:01:01	DQA1*03:02:01:01
HG02523	EAS	HG02521	SpecHLA-IPD365-noFreq	DQB1	two_field	complete	1	1	1	2	DQB1*03:03:02:01	DQB1*05:01:01:02
HG02523	EAS	HG02521	SpecHLA-IPD365-noFreq	DQB1	four_field	complete	1	1	0	1	DQB1*03:03:02:01	DQB1*05:01:01:02
HG02523	EAS	HG02521	SpecHLA-IPD365-noFreq	DRB1	two_field	complete	1	1	1	2	DRB1*09:01:02:08	DRB1*10:01:01:04
HG02523	EAS	HG02521	SpecHLA-IPD365-noFreq	DRB1	four_field	complete	0	0	0	0	DRB1*09:01:02:08	DRB1*10:01:01:04
HG02523	EAS	HG02521	SpecHLA-IPD365-long-noFreq	A	two_field	complete	1	1	0	0	A*02:04:01	A*11:335:01
HG02523	EAS	HG02521	SpecHLA-IPD365-long-noFreq	A	four_field	complete	1	0	0	0	A*02:04:01	A*11:335:01
HG02523	EAS	HG02521	SpecHLA-IPD365-long-noFreq	B	two_field	complete	1	1	1	2	B*07:05:01:01	B*46:01:01:01
HG02523	EAS	HG02521	SpecHLA-IPD365-long-noFreq	B	four_field	complete	1	1	1	2	B*07:05:01:01	B*46:01:01:01
HG02523	EAS	HG02521	SpecHLA-IPD365-long-noFreq	C	two_field	complete	1	1	1	2	C*15:05:02:01	C*01:02:01:01
HG02523	EAS	HG02521	SpecHLA-IPD365-long-noFreq	C	four_field	complete	0	0	0	0	C*15:05:02:01	C*01:02:01:01
HG02523	EAS	HG02521	SpecHLA-IPD365-long-noFreq	DPA1	two_field	complete	1	1	1	2	DPA1*01:03:01:02	DPA1*02:02:02:01
HG02523	EAS	HG02521	SpecHLA-IPD365-long-noFreq	DPA1	four_field	complete	0	0	0	0	DPA1*01:03:01:02	DPA1*02:02:02:01
HG02523	EAS	HG02521	SpecHLA-IPD365-long-noFreq	DPB1	two_field	complete	1	1	0	0	DPB1*702:01:01:01	DPB1*02:02:01:02
HG02523	EAS	HG02521	SpecHLA-IPD365-long-noFreq	DPB1	four_field	complete	1	1	0	0	DPB1*702:01:01:01	DPB1*02:02:01:02
HG02523	EAS	HG02521	SpecHLA-IPD365-long-noFreq	DQA1	two_field	complete	1	1	1	2	DQA1*01:05:01:01	DQA1*03:02:01:01
HG02523	EAS	HG02521	SpecHLA-IPD365-long-noFreq	DQA1	four_field	complete	1	1	0	1	DQA1*01:05:01:01	DQA1*03:02:01:01
HG02523	EAS	HG02521	SpecHLA-IPD365-long-noFreq	DQB1	two_field	complete	1	1	1	2	DQB1*03:03:02:01	DQB1*05:01:01:02
HG02523	EAS	HG02521	SpecHLA-IPD365-long-noFreq	DQB1	four_field	complete	1	1	0	1	DQB1*03:03:02:01	DQB1*05:01:01:02
HG02523	EAS	HG02521	SpecHLA-IPD365-long-noFreq	DRB1	two_field	complete	1	1	0	1	DRB1*09:20	DRB1*10:01:01:04
HG02523	EAS	HG02521	SpecHLA-IPD365-long-noFreq	DRB1	four_field	complete	0	0	0	0	DRB1*09:20	DRB1*10:01:01:04
HG02523	EAS	HG02521	T1K-four-field	A	two_field	complete	1	1	1	2	A*11:01:01:01	A*02:07:01:01
HG02523	EAS	HG02521	T1K-four-field	A	four_field	complete	1	1	1	2	A*11:01:01:01	A*02:07:01:01
HG02523	EAS	HG02521	T1K-four-field	B	two_field	complete	1	1	1	2	B*07:05:01:01	B*46:01:01:01
HG02523	EAS	HG02521	T1K-four-field	B	four_field	complete	1	1	1	2	B*07:05:01:01	B*46:01:01:01
HG02523	EAS	HG02521	T1K-four-field	C	two_field	complete	1	1	1	2	C*01:02:01:01	C*15:05:02:01
HG02523	EAS	HG02521	T1K-four-field	C	four_field	complete	0	0	0	0	C*01:02:01:01	C*15:05:02:01
HG02523	EAS	HG02521	T1K-four-field	DPA1	two_field	complete	1	1	1	2	DPA1*02:02:02:01	DPA1*01:03:01:02
HG02523	EAS	HG02521	T1K-four-field	DPA1	four_field	complete	0	0	0	0	DPA1*02:02:02:01	DPA1*01:03:01:02
HG02523	EAS	HG02521	T1K-four-field	DPB1	two_field	complete	1	1	1	2	DPB1*04:01:01:40	DPB1*05:01:01:20
HG02523	EAS	HG02521	T1K-four-field	DPB1	four_field	complete	1	1	0	0	DPB1*04:01:01:40	DPB1*05:01:01:20
HG02523	EAS	HG02521	T1K-four-field	DQA1	two_field	complete	1	1	1	2	DQA1*01:05:01:01	DQA1*03:02:01:01
HG02523	EAS	HG02521	T1K-four-field	DQA1	four_field	complete	1	1	0	1	DQA1*01:05:01:01	DQA1*03:02:01:01
HG02523	EAS	HG02521	T1K-four-field	DQB1	two_field	complete	1	1	1	2	DQB1*03:03:02:02	DQB1*05:01:01:01
HG02523	EAS	HG02521	T1K-four-field	DQB1	four_field	complete	1	1	0	1	DQB1*03:03:02:02	DQB1*05:01:01:01
HG02523	EAS	HG02521	T1K-four-field	DRB1	two_field	complete	1	1	1	2	DRB1*09:01:02:01	DRB1*10:01:01:03
HG02523	EAS	HG02521	T1K-four-field	DRB1	four_field	complete	0	0	0	0	DRB1*09:01:02:01	DRB1*10:01:01:03
HG02523	EAS	HG02521	full:DogoHLA	A	two_field	complete	1	1	0	1	A*02:1061N	A*11:01:01:29
HG02523	EAS	HG02521	full:DogoHLA	A	four_field	complete	1	0	0	0	A*02:1061N	A*11:01:01:29
HG02523	EAS	HG02521	full:DogoHLA	B	two_field	complete	1	1	1	2	B*07:05:01:01	B*46:01:01:01
HG02523	EAS	HG02521	full:DogoHLA	B	four_field	complete	1	1	1	2	B*07:05:01:01	B*46:01:01:01
HG02523	EAS	HG02521	full:DogoHLA	C	two_field	complete	1	1	1	2	C*15:05:02:01	C*01:02:01:01
HG02523	EAS	HG02521	full:DogoHLA	C	four_field	complete	0	0	0	0	C*15:05:02:01	C*01:02:01:01
HG02523	EAS	HG02521	full:DogoHLA	DPA1	two_field	complete	1	1	1	2	DPA1*01:03:01:02	DPA1*02:02:02:01
HG02523	EAS	HG02521	full:DogoHLA	DPA1	four_field	complete	0	0	0	0	DPA1*01:03:01:02	DPA1*02:02:02:01
HG02523	EAS	HG02521	full:DogoHLA	DPB1	two_field	complete	1	1	1	2	DPB1*04:01:01:01	DPB1*05:01:01:01
HG02523	EAS	HG02521	full:DogoHLA	DPB1	four_field	complete	1	1	1	2	DPB1*04:01:01:01	DPB1*05:01:01:01
HG02523	EAS	HG02521	full:DogoHLA	DQA1	two_field	complete	1	1	1	2	DQA1*01:05:01:01	DQA1*03:02:01:01
HG02523	EAS	HG02521	full:DogoHLA	DQA1	four_field	complete	1	1	0	1	DQA1*01:05:01:01	DQA1*03:02:01:01
HG02523	EAS	HG02521	full:DogoHLA	DQB1	two_field	complete	1	1	1	2	DQB1*03:03:02:01	DQB1*05:01:01:02
HG02523	EAS	HG02521	full:DogoHLA	DQB1	four_field	complete	1	1	0	1	DQB1*03:03:02:01	DQB1*05:01:01:02
HG02523	EAS	HG02521	full:DogoHLA	DRB1	two_field	complete	1	1	1	2	DRB1*09:01:02:08	DRB1*10:01:01:05
HG02523	EAS	HG02521	full:DogoHLA	DRB1	four_field	complete	0	0	0	0	DRB1*09:01:02:08	DRB1*10:01:01:05
HG02523	EAS	HG02521	full:DogoHLA-no-graph	A	two_field	complete	1	1	0	1	A*02:1061N	A*11:01:01:29
HG02523	EAS	HG02521	full:DogoHLA-no-graph	A	four_field	complete	1	0	0	0	A*02:1061N	A*11:01:01:29
HG02523	EAS	HG02521	full:DogoHLA-no-graph	B	two_field	complete	1	1	1	2	B*07:05:01:01	B*46:01:01:01
HG02523	EAS	HG02521	full:DogoHLA-no-graph	B	four_field	complete	1	1	1	2	B*07:05:01:01	B*46:01:01:01
HG02523	EAS	HG02521	full:DogoHLA-no-graph	C	two_field	complete	1	1	1	2	C*15:05:02:01	C*01:02:01:01
HG02523	EAS	HG02521	full:DogoHLA-no-graph	C	four_field	complete	0	0	0	0	C*15:05:02:01	C*01:02:01:01
HG02523	EAS	HG02521	full:DogoHLA-no-graph	DPA1	two_field	complete	1	1	1	2	DPA1*01:03:01:02	DPA1*02:02:02:01
HG02523	EAS	HG02521	full:DogoHLA-no-graph	DPA1	four_field	complete	0	0	0	0	DPA1*01:03:01:02	DPA1*02:02:02:01
HG02523	EAS	HG02521	full:DogoHLA-no-graph	DPB1	two_field	complete	1	1	1	2	DPB1*04:01:01:01	DPB1*05:01:01:01
HG02523	EAS	HG02521	full:DogoHLA-no-graph	DPB1	four_field	complete	1	1	1	2	DPB1*04:01:01:01	DPB1*05:01:01:01
HG02523	EAS	HG02521	full:DogoHLA-no-graph	DQA1	two_field	complete	1	1	1	2	DQA1*01:05:01:01	DQA1*03:02:01:01
HG02523	EAS	HG02521	full:DogoHLA-no-graph	DQA1	four_field	complete	1	1	0	1	DQA1*01:05:01:01	DQA1*03:02:01:01
HG02523	EAS	HG02521	full:DogoHLA-no-graph	DQB1	two_field	complete	1	1	1	2	DQB1*03:03:02:01	DQB1*05:01:01:02
HG02523	EAS	HG02521	full:DogoHLA-no-graph	DQB1	four_field	complete	1	1	0	1	DQB1*03:03:02:01	DQB1*05:01:01:02
HG02523	EAS	HG02521	full:DogoHLA-no-graph	DRB1	two_field	complete	1	1	1	2	DRB1*09:01:02:08	DRB1*10:01:01:05
HG02523	EAS	HG02521	full:DogoHLA-no-graph	DRB1	four_field	complete	0	0	0	0	DRB1*09:01:02:08	DRB1*10:01:01:05
HG02523	EAS	HG02521	hprc:DogoHLA	A	two_field	complete	1	1	0	1	A*11:01:01:29	A*02:1061N
HG02523	EAS	HG02521	hprc:DogoHLA	A	four_field	complete	1	0	0	0	A*11:01:01:29	A*02:1061N
HG02523	EAS	HG02521	hprc:DogoHLA	B	two_field	complete	1	1	1	2	B*07:05:01:01	B*46:01:01:01
HG02523	EAS	HG02521	hprc:DogoHLA	B	four_field	complete	1	1	1	2	B*07:05:01:01	B*46:01:01:01
HG02523	EAS	HG02521	hprc:DogoHLA	C	two_field	complete	1	1	1	2	C*15:05:02:01	C*01:02:01:01
HG02523	EAS	HG02521	hprc:DogoHLA	C	four_field	complete	0	0	0	0	C*15:05:02:01	C*01:02:01:01
HG02523	EAS	HG02521	hprc:DogoHLA	DPA1	two_field	complete	1	1	1	2	DPA1*01:03:01:02	DPA1*02:02:02:01
HG02523	EAS	HG02521	hprc:DogoHLA	DPA1	four_field	complete	0	0	0	0	DPA1*01:03:01:02	DPA1*02:02:02:01
HG02523	EAS	HG02521	hprc:DogoHLA	DPB1	two_field	complete	1	1	1	2	DPB1*04:01:01:01	DPB1*05:01:01:01
HG02523	EAS	HG02521	hprc:DogoHLA	DPB1	four_field	complete	1	1	1	2	DPB1*04:01:01:01	DPB1*05:01:01:01
HG02523	EAS	HG02521	hprc:DogoHLA	DQA1	two_field	complete	1	1	1	2	DQA1*01:05:01:01	DQA1*03:02:01:01
HG02523	EAS	HG02521	hprc:DogoHLA	DQA1	four_field	complete	1	1	0	1	DQA1*01:05:01:01	DQA1*03:02:01:01
HG02523	EAS	HG02521	hprc:DogoHLA	DQB1	two_field	complete	1	1	1	2	DQB1*03:03:02:01	DQB1*05:01:01:02
HG02523	EAS	HG02521	hprc:DogoHLA	DQB1	four_field	complete	1	1	0	1	DQB1*03:03:02:01	DQB1*05:01:01:02
HG02523	EAS	HG02521	hprc:DogoHLA	DRB1	two_field	complete	1	1	1	2	DRB1*09:01:02:08	DRB1*10:01:01:05
HG02523	EAS	HG02521	hprc:DogoHLA	DRB1	four_field	complete	0	0	0	0	DRB1*09:01:02:08	DRB1*10:01:01:05
HG02523	EAS	HG02521	hprc:DogoHLA-no-graph	A	two_field	complete	1	1	0	1	A*11:01:01:29	A*02:1061N
HG02523	EAS	HG02521	hprc:DogoHLA-no-graph	A	four_field	complete	1	0	0	0	A*11:01:01:29	A*02:1061N
HG02523	EAS	HG02521	hprc:DogoHLA-no-graph	B	two_field	complete	1	1	1	2	B*07:05:01:01	B*46:01:01:01
HG02523	EAS	HG02521	hprc:DogoHLA-no-graph	B	four_field	complete	1	1	1	2	B*07:05:01:01	B*46:01:01:01
HG02523	EAS	HG02521	hprc:DogoHLA-no-graph	C	two_field	complete	1	1	1	2	C*15:05:02:01	C*01:02:01:01
HG02523	EAS	HG02521	hprc:DogoHLA-no-graph	C	four_field	complete	0	0	0	0	C*15:05:02:01	C*01:02:01:01
HG02523	EAS	HG02521	hprc:DogoHLA-no-graph	DPA1	two_field	complete	1	1	1	2	DPA1*01:03:01:02	DPA1*02:02:02:01
HG02523	EAS	HG02521	hprc:DogoHLA-no-graph	DPA1	four_field	complete	0	0	0	0	DPA1*01:03:01:02	DPA1*02:02:02:01
HG02523	EAS	HG02521	hprc:DogoHLA-no-graph	DPB1	two_field	complete	1	1	1	2	DPB1*04:01:01:01	DPB1*05:01:01:01
HG02523	EAS	HG02521	hprc:DogoHLA-no-graph	DPB1	four_field	complete	1	1	1	2	DPB1*04:01:01:01	DPB1*05:01:01:01
HG02523	EAS	HG02521	hprc:DogoHLA-no-graph	DQA1	two_field	complete	1	1	1	2	DQA1*01:05:01:01	DQA1*03:02:01:01
HG02523	EAS	HG02521	hprc:DogoHLA-no-graph	DQA1	four_field	complete	1	1	0	1	DQA1*01:05:01:01	DQA1*03:02:01:01
HG02523	EAS	HG02521	hprc:DogoHLA-no-graph	DQB1	two_field	complete	1	1	1	2	DQB1*03:03:02:01	DQB1*05:01:01:02
HG02523	EAS	HG02521	hprc:DogoHLA-no-graph	DQB1	four_field	complete	1	1	0	1	DQB1*03:03:02:01	DQB1*05:01:01:02
HG02523	EAS	HG02521	hprc:DogoHLA-no-graph	DRB1	two_field	complete	1	1	1	2	DRB1*09:01:02:08	DRB1*10:01:01:05
HG02523	EAS	HG02521	hprc:DogoHLA-no-graph	DRB1	four_field	complete	0	0	0	0	DRB1*09:01:02:08	DRB1*10:01:01:05
HG02523	EAS	HG02521	asian_matched:DogoHLA	A	two_field	complete	1	1	0	1	A*02:1061N	A*11:01:01:29
HG02523	EAS	HG02521	asian_matched:DogoHLA	A	four_field	complete	1	0	0	0	A*02:1061N	A*11:01:01:29
HG02523	EAS	HG02521	asian_matched:DogoHLA	B	two_field	complete	1	1	1	2	B*07:05:01:01	B*46:01:01:01
HG02523	EAS	HG02521	asian_matched:DogoHLA	B	four_field	complete	1	1	1	2	B*07:05:01:01	B*46:01:01:01
HG02523	EAS	HG02521	asian_matched:DogoHLA	C	two_field	complete	1	1	1	2	C*15:05:02:01	C*01:02:01:01
HG02523	EAS	HG02521	asian_matched:DogoHLA	C	four_field	complete	0	0	0	0	C*15:05:02:01	C*01:02:01:01
HG02523	EAS	HG02521	asian_matched:DogoHLA	DPA1	two_field	complete	1	1	1	2	DPA1*01:03:01:02	DPA1*02:02:02:01
HG02523	EAS	HG02521	asian_matched:DogoHLA	DPA1	four_field	complete	0	0	0	0	DPA1*01:03:01:02	DPA1*02:02:02:01
HG02523	EAS	HG02521	asian_matched:DogoHLA	DPB1	two_field	complete	1	1	1	2	DPB1*04:01:01:01	DPB1*05:01:01:01
HG02523	EAS	HG02521	asian_matched:DogoHLA	DPB1	four_field	complete	1	1	1	2	DPB1*04:01:01:01	DPB1*05:01:01:01
HG02523	EAS	HG02521	asian_matched:DogoHLA	DQA1	two_field	complete	1	1	1	2	DQA1*01:05:01:01	DQA1*03:02:01:01
HG02523	EAS	HG02521	asian_matched:DogoHLA	DQA1	four_field	complete	1	1	0	1	DQA1*01:05:01:01	DQA1*03:02:01:01
HG02523	EAS	HG02521	asian_matched:DogoHLA	DQB1	two_field	complete	1	1	1	2	DQB1*03:03:02:01	DQB1*05:01:01:02
HG02523	EAS	HG02521	asian_matched:DogoHLA	DQB1	four_field	complete	1	1	0	1	DQB1*03:03:02:01	DQB1*05:01:01:02
HG02523	EAS	HG02521	asian_matched:DogoHLA	DRB1	two_field	complete	1	1	1	2	DRB1*09:01:02:08	DRB1*10:01:01:05
HG02523	EAS	HG02521	asian_matched:DogoHLA	DRB1	four_field	complete	0	0	0	0	DRB1*09:01:02:08	DRB1*10:01:01:05
HG02523	EAS	HG02521	asian_matched:DogoHLA-no-graph	A	two_field	complete	1	1	0	1	A*02:1061N	A*11:01:01:29
HG02523	EAS	HG02521	asian_matched:DogoHLA-no-graph	A	four_field	complete	1	0	0	0	A*02:1061N	A*11:01:01:29
HG02523	EAS	HG02521	asian_matched:DogoHLA-no-graph	B	two_field	complete	1	1	1	2	B*07:05:01:01	B*46:01:01:01
HG02523	EAS	HG02521	asian_matched:DogoHLA-no-graph	B	four_field	complete	1	1	1	2	B*07:05:01:01	B*46:01:01:01
HG02523	EAS	HG02521	asian_matched:DogoHLA-no-graph	C	two_field	complete	1	1	1	2	C*15:05:02:01	C*01:02:01:01
HG02523	EAS	HG02521	asian_matched:DogoHLA-no-graph	C	four_field	complete	0	0	0	0	C*15:05:02:01	C*01:02:01:01
HG02523	EAS	HG02521	asian_matched:DogoHLA-no-graph	DPA1	two_field	complete	1	1	1	2	DPA1*01:03:01:02	DPA1*02:02:02:01
HG02523	EAS	HG02521	asian_matched:DogoHLA-no-graph	DPA1	four_field	complete	0	0	0	0	DPA1*01:03:01:02	DPA1*02:02:02:01
HG02523	EAS	HG02521	asian_matched:DogoHLA-no-graph	DPB1	two_field	complete	1	1	1	2	DPB1*04:01:01:01	DPB1*05:01:01:01
HG02523	EAS	HG02521	asian_matched:DogoHLA-no-graph	DPB1	four_field	complete	1	1	1	2	DPB1*04:01:01:01	DPB1*05:01:01:01
HG02523	EAS	HG02521	asian_matched:DogoHLA-no-graph	DQA1	two_field	complete	1	1	1	2	DQA1*01:05:01:01	DQA1*03:02:01:01
HG02523	EAS	HG02521	asian_matched:DogoHLA-no-graph	DQA1	four_field	complete	1	1	0	1	DQA1*01:05:01:01	DQA1*03:02:01:01
HG02523	EAS	HG02521	asian_matched:DogoHLA-no-graph	DQB1	two_field	complete	1	1	1	2	DQB1*03:03:02:01	DQB1*05:01:01:02
HG02523	EAS	HG02521	asian_matched:DogoHLA-no-graph	DQB1	four_field	complete	1	1	0	1	DQB1*03:03:02:01	DQB1*05:01:01:02
HG02523	EAS	HG02521	asian_matched:DogoHLA-no-graph	DRB1	two_field	complete	1	1	1	2	DRB1*09:01:02:08	DRB1*10:01:01:05
HG02523	EAS	HG02521	asian_matched:DogoHLA-no-graph	DRB1	four_field	complete	0	0	0	0	DRB1*09:01:02:08	DRB1*10:01:01:05
HG02738	SAS	HG02736	SpecHLA-IPD365-noFreq	A	two_field	complete	1	1	0	0	A*24:33:01	A*02:19
HG02738	SAS	HG02736	SpecHLA-IPD365-noFreq	A	four_field	complete	1	0	0	0	A*24:33:01	A*02:19
HG02738	SAS	HG02736	SpecHLA-IPD365-noFreq	B	two_field	complete	1	1	1	2	B*50:01:01:01	B*08:01:01:02
HG02738	SAS	HG02736	SpecHLA-IPD365-noFreq	B	four_field	complete	1	1	1	2	B*50:01:01:01	B*08:01:01:02
HG02738	SAS	HG02736	SpecHLA-IPD365-noFreq	C	two_field	complete	1	1	1	2	C*06:02:01:02	C*07:02:01:01
HG02738	SAS	HG02736	SpecHLA-IPD365-noFreq	C	four_field	complete	1	1	1	2	C*06:02:01:02	C*07:02:01:01
HG02738	SAS	HG02736	SpecHLA-IPD365-noFreq	DPA1	two_field	complete	1	1	1	2	DPA1*01:03:01:58	DPA1*02:01:01:25
HG02738	SAS	HG02736	SpecHLA-IPD365-noFreq	DPA1	four_field	complete	0	0	0	0	DPA1*01:03:01:58	DPA1*02:01:01:25
HG02738	SAS	HG02736	SpecHLA-IPD365-noFreq	DPB1	two_field	complete	1	1	0	0	DPB1*463:01:01:01	DPB1*651:01
HG02738	SAS	HG02736	SpecHLA-IPD365-noFreq	DPB1	four_field	complete	1	0	0	0	DPB1*463:01:01:01	DPB1*651:01
HG02738	SAS	HG02736	SpecHLA-IPD365-noFreq	DQA1	two_field	complete	1	1	1	2	DQA1*05:01:01:01	DQA1*05:01:01:01
HG02738	SAS	HG02736	SpecHLA-IPD365-noFreq	DQA1	four_field	complete	0	0	0	0	DQA1*05:01:01:01	DQA1*05:01:01:01
HG02738	SAS	HG02736	SpecHLA-IPD365-noFreq	DQB1	two_field	complete	1	1	1	2	DQB1*02:01:01:01	DQB1*02:01:01:01
HG02738	SAS	HG02736	SpecHLA-IPD365-noFreq	DQB1	four_field	complete	1	1	1	2	DQB1*02:01:01:01	DQB1*02:01:01:01
HG02738	SAS	HG02736	SpecHLA-IPD365-noFreq	DRB1	two_field	complete	1	1	1	2	DRB1*03:01:01:03	DRB1*03:01:01:03
HG02738	SAS	HG02736	SpecHLA-IPD365-noFreq	DRB1	four_field	complete	1	1	1	2	DRB1*03:01:01:03	DRB1*03:01:01:03
HG02738	SAS	HG02736	SpecHLA-IPD365-long-noFreq	A	two_field	complete	1	1	0	0	A*24:33:01	A*02:19
HG02738	SAS	HG02736	SpecHLA-IPD365-long-noFreq	A	four_field	complete	1	0	0	0	A*24:33:01	A*02:19
HG02738	SAS	HG02736	SpecHLA-IPD365-long-noFreq	B	two_field	complete	1	1	1	2	B*50:01:01:01	B*08:01:01:02
HG02738	SAS	HG02736	SpecHLA-IPD365-long-noFreq	B	four_field	complete	1	1	1	2	B*50:01:01:01	B*08:01:01:02
HG02738	SAS	HG02736	SpecHLA-IPD365-long-noFreq	C	two_field	complete	1	1	1	2	C*06:02:01:02	C*07:02:01:01
HG02738	SAS	HG02736	SpecHLA-IPD365-long-noFreq	C	four_field	complete	1	1	1	2	C*06:02:01:02	C*07:02:01:01
HG02738	SAS	HG02736	SpecHLA-IPD365-long-noFreq	DPA1	two_field	complete	1	1	1	2	DPA1*01:03:01:58	DPA1*02:01:01:25
HG02738	SAS	HG02736	SpecHLA-IPD365-long-noFreq	DPA1	four_field	complete	0	0	0	0	DPA1*01:03:01:58	DPA1*02:01:01:25
HG02738	SAS	HG02736	SpecHLA-IPD365-long-noFreq	DPB1	two_field	complete	1	1	0	0	DPB1*651:01	DPB1*463:01:01:01
HG02738	SAS	HG02736	SpecHLA-IPD365-long-noFreq	DPB1	four_field	complete	1	0	0	0	DPB1*651:01	DPB1*463:01:01:01
HG02738	SAS	HG02736	SpecHLA-IPD365-long-noFreq	DQA1	two_field	complete	1	1	1	2	DQA1*05:01:01:01	DQA1*05:01:01:01
HG02738	SAS	HG02736	SpecHLA-IPD365-long-noFreq	DQA1	four_field	complete	0	0	0	0	DQA1*05:01:01:01	DQA1*05:01:01:01
HG02738	SAS	HG02736	SpecHLA-IPD365-long-noFreq	DQB1	two_field	complete	1	1	1	2	DQB1*02:01:01:01	DQB1*02:01:01:01
HG02738	SAS	HG02736	SpecHLA-IPD365-long-noFreq	DQB1	four_field	complete	1	1	1	2	DQB1*02:01:01:01	DQB1*02:01:01:01
HG02738	SAS	HG02736	SpecHLA-IPD365-long-noFreq	DRB1	two_field	complete	1	1	1	2	DRB1*03:01:01:03	DRB1*03:01:01:03
HG02738	SAS	HG02736	SpecHLA-IPD365-long-noFreq	DRB1	four_field	complete	1	1	1	2	DRB1*03:01:01:03	DRB1*03:01:01:03
HG02738	SAS	HG02736	T1K-four-field	A	two_field	complete	1	1	1	2	A*26:01:01:01	A*23:01:01:01
HG02738	SAS	HG02736	T1K-four-field	A	four_field	complete	1	1	1	2	A*26:01:01:01	A*23:01:01:01
HG02738	SAS	HG02736	T1K-four-field	B	two_field	complete	1	1	1	2	B*08:01:01:01	B*50:01:01:01
HG02738	SAS	HG02736	T1K-four-field	B	four_field	complete	1	1	0	1	B*08:01:01:01	B*50:01:01:01
HG02738	SAS	HG02736	T1K-four-field	C	two_field	complete	1	1	1	2	C*06:02:01:02	C*07:02:01:01
HG02738	SAS	HG02736	T1K-four-field	C	four_field	complete	1	1	1	2	C*06:02:01:02	C*07:02:01:01
HG02738	SAS	HG02736	T1K-four-field	DPA1	two_field	complete	1	1	1	2	DPA1*01:03:01:05	DPA1*02:01:01:02
HG02738	SAS	HG02736	T1K-four-field	DPA1	four_field	complete	0	0	0	0	DPA1*01:03:01:05	DPA1*02:01:01:02
HG02738	SAS	HG02736	T1K-four-field	DPB1	two_field	complete	1	1	1	2	DPB1*14:01:01:01	DPB1*04:02:01:01
HG02738	SAS	HG02736	T1K-four-field	DPB1	four_field	complete	1	1	0	1	DPB1*14:01:01:01	DPB1*04:02:01:01
HG02738	SAS	HG02736	T1K-four-field	DQA1	two_field	complete	1	1	1	2	DQA1*05:01:01:01	DQA1*05:01:01:01
HG02738	SAS	HG02736	T1K-four-field	DQA1	four_field	complete	0	0	0	0	DQA1*05:01:01:01	DQA1*05:01:01:01
HG02738	SAS	HG02736	T1K-four-field	DQB1	two_field	complete	1	1	1	2	DQB1*02:01:01:01	DQB1*02:01:01:01
HG02738	SAS	HG02736	T1K-four-field	DQB1	four_field	complete	1	1	1	2	DQB1*02:01:01:01	DQB1*02:01:01:01
HG02738	SAS	HG02736	T1K-four-field	DRB1	two_field	complete	1	1	1	2	DRB1*03:01:01:03	DRB1*03:01:01:03
HG02738	SAS	HG02736	T1K-four-field	DRB1	four_field	complete	1	1	1	2	DRB1*03:01:01:03	DRB1*03:01:01:03
HG02738	SAS	HG02736	full:DogoHLA	A	two_field	complete	1	1	0	0	A*02:19	A*24:33:01
HG02738	SAS	HG02736	full:DogoHLA	A	four_field	complete	1	0	0	0	A*02:19	A*24:33:01
HG02738	SAS	HG02736	full:DogoHLA	B	two_field	complete	1	1	1	2	B*08:01:01:77	B*50:01:01:02
HG02738	SAS	HG02736	full:DogoHLA	B	four_field	complete	1	1	0	0	B*08:01:01:77	B*50:01:01:02
HG02738	SAS	HG02736	full:DogoHLA	C	two_field	complete	1	1	1	2	C*06:02:01:02	C*07:02:01:01
HG02738	SAS	HG02736	full:DogoHLA	C	four_field	complete	1	1	1	2	C*06:02:01:02	C*07:02:01:01
HG02738	SAS	HG02736	full:DogoHLA	DPA1	two_field	complete	1	1	1	2	DPA1*02:01:01:01	DPA1*01:03:01:02
HG02738	SAS	HG02736	full:DogoHLA	DPA1	four_field	complete	0	0	0	0	DPA1*02:01:01:01	DPA1*01:03:01:02
HG02738	SAS	HG02736	full:DogoHLA	DPB1	two_field	complete	1	1	0	0	DPB1*651:01	DPB1*463:01:01:01
HG02738	SAS	HG02736	full:DogoHLA	DPB1	four_field	complete	1	0	0	0	DPB1*651:01	DPB1*463:01:01:01
HG02738	SAS	HG02736	full:DogoHLA	DQA1	two_field	complete	1	1	1	2	DQA1*05:01:01:01	DQA1*05:01:01:01
HG02738	SAS	HG02736	full:DogoHLA	DQA1	four_field	complete	0	0	0	0	DQA1*05:01:01:01	DQA1*05:01:01:01
HG02738	SAS	HG02736	full:DogoHLA	DQB1	two_field	complete	1	1	1	2	DQB1*02:01:01:01	DQB1*02:01:01:01
HG02738	SAS	HG02736	full:DogoHLA	DQB1	four_field	complete	1	1	1	2	DQB1*02:01:01:01	DQB1*02:01:01:01
HG02738	SAS	HG02736	full:DogoHLA	DRB1	two_field	complete	1	1	1	2	DRB1*03:01:01:03	DRB1*03:01:01:03
HG02738	SAS	HG02736	full:DogoHLA	DRB1	four_field	complete	1	1	1	2	DRB1*03:01:01:03	DRB1*03:01:01:03
HG02738	SAS	HG02736	full:DogoHLA-no-graph	A	two_field	complete	1	1	0	0	A*02:19	A*24:33:01
HG02738	SAS	HG02736	full:DogoHLA-no-graph	A	four_field	complete	1	0	0	0	A*02:19	A*24:33:01
HG02738	SAS	HG02736	full:DogoHLA-no-graph	B	two_field	complete	1	1	0	1	B*08:01:01:77	B*50:44
HG02738	SAS	HG02736	full:DogoHLA-no-graph	B	four_field	complete	1	0	0	0	B*08:01:01:77	B*50:44
HG02738	SAS	HG02736	full:DogoHLA-no-graph	C	two_field	complete	1	1	1	2	C*06:02:01:02	C*07:02:01:01
HG02738	SAS	HG02736	full:DogoHLA-no-graph	C	four_field	complete	1	1	1	2	C*06:02:01:02	C*07:02:01:01
HG02738	SAS	HG02736	full:DogoHLA-no-graph	DPA1	two_field	complete	1	1	1	2	DPA1*02:01:01:01	DPA1*01:03:01:02
HG02738	SAS	HG02736	full:DogoHLA-no-graph	DPA1	four_field	complete	0	0	0	0	DPA1*02:01:01:01	DPA1*01:03:01:02
HG02738	SAS	HG02736	full:DogoHLA-no-graph	DPB1	two_field	complete	1	1	0	0	DPB1*651:01	DPB1*463:01:01:01
HG02738	SAS	HG02736	full:DogoHLA-no-graph	DPB1	four_field	complete	1	0	0	0	DPB1*651:01	DPB1*463:01:01:01
HG02738	SAS	HG02736	full:DogoHLA-no-graph	DQA1	two_field	complete	1	1	1	2	DQA1*05:01:01:01	DQA1*05:01:01:01
HG02738	SAS	HG02736	full:DogoHLA-no-graph	DQA1	four_field	complete	0	0	0	0	DQA1*05:01:01:01	DQA1*05:01:01:01
HG02738	SAS	HG02736	full:DogoHLA-no-graph	DQB1	two_field	complete	1	1	1	2	DQB1*02:01:01:01	DQB1*02:01:01:01
HG02738	SAS	HG02736	full:DogoHLA-no-graph	DQB1	four_field	complete	1	1	1	2	DQB1*02:01:01:01	DQB1*02:01:01:01
HG02738	SAS	HG02736	full:DogoHLA-no-graph	DRB1	two_field	complete	1	1	1	2	DRB1*03:01:01:03	DRB1*03:01:01:03
HG02738	SAS	HG02736	full:DogoHLA-no-graph	DRB1	four_field	complete	1	1	1	2	DRB1*03:01:01:03	DRB1*03:01:01:03
HG02738	SAS	HG02736	hprc:DogoHLA	A	two_field	complete	1	1	0	1	A*26:130	A*23:01:01:01
HG02738	SAS	HG02736	hprc:DogoHLA	A	four_field	complete	1	0	0	1	A*26:130	A*23:01:01:01
HG02738	SAS	HG02736	hprc:DogoHLA	B	two_field	complete	1	1	1	2	B*08:01:01:77	B*50:01:01:02
HG02738	SAS	HG02736	hprc:DogoHLA	B	four_field	complete	1	1	0	0	B*08:01:01:77	B*50:01:01:02
HG02738	SAS	HG02736	hprc:DogoHLA	C	two_field	complete	1	1	1	2	C*06:02:01:02	C*07:02:01:01
HG02738	SAS	HG02736	hprc:DogoHLA	C	four_field	complete	1	1	1	2	C*06:02:01:02	C*07:02:01:01
HG02738	SAS	HG02736	hprc:DogoHLA	DPA1	two_field	complete	1	1	1	2	DPA1*02:01:01:01	DPA1*01:03:01:02
HG02738	SAS	HG02736	hprc:DogoHLA	DPA1	four_field	complete	0	0	0	0	DPA1*02:01:01:01	DPA1*01:03:01:02
HG02738	SAS	HG02736	hprc:DogoHLA	DPB1	two_field	complete	1	1	0	0	DPB1*651:01	DPB1*463:01:01:01
HG02738	SAS	HG02736	hprc:DogoHLA	DPB1	four_field	complete	1	0	0	0	DPB1*651:01	DPB1*463:01:01:01
HG02738	SAS	HG02736	hprc:DogoHLA	DQA1	two_field	complete	1	1	1	2	DQA1*05:01:01:01	DQA1*05:01:01:01
HG02738	SAS	HG02736	hprc:DogoHLA	DQA1	four_field	complete	0	0	0	0	DQA1*05:01:01:01	DQA1*05:01:01:01
HG02738	SAS	HG02736	hprc:DogoHLA	DQB1	two_field	complete	1	1	1	2	DQB1*02:01:01:01	DQB1*02:01:01:01
HG02738	SAS	HG02736	hprc:DogoHLA	DQB1	four_field	complete	1	1	1	2	DQB1*02:01:01:01	DQB1*02:01:01:01
HG02738	SAS	HG02736	hprc:DogoHLA	DRB1	two_field	complete	1	1	1	2	DRB1*03:01:01:03	DRB1*03:01:01:03
HG02738	SAS	HG02736	hprc:DogoHLA	DRB1	four_field	complete	1	1	1	2	DRB1*03:01:01:03	DRB1*03:01:01:03
HG02738	SAS	HG02736	hprc:DogoHLA-no-graph	A	two_field	complete	1	1	0	1	A*26:130	A*23:01:01:01
HG02738	SAS	HG02736	hprc:DogoHLA-no-graph	A	four_field	complete	1	0	0	1	A*26:130	A*23:01:01:01
HG02738	SAS	HG02736	hprc:DogoHLA-no-graph	B	two_field	complete	1	1	0	1	B*08:01:01:77	B*50:44
HG02738	SAS	HG02736	hprc:DogoHLA-no-graph	B	four_field	complete	1	0	0	0	B*08:01:01:77	B*50:44
HG02738	SAS	HG02736	hprc:DogoHLA-no-graph	C	two_field	complete	1	1	1	2	C*06:02:01:02	C*07:02:01:01
HG02738	SAS	HG02736	hprc:DogoHLA-no-graph	C	four_field	complete	1	1	1	2	C*06:02:01:02	C*07:02:01:01
HG02738	SAS	HG02736	hprc:DogoHLA-no-graph	DPA1	two_field	complete	1	1	1	2	DPA1*02:01:01:01	DPA1*01:03:01:02
HG02738	SAS	HG02736	hprc:DogoHLA-no-graph	DPA1	four_field	complete	0	0	0	0	DPA1*02:01:01:01	DPA1*01:03:01:02
HG02738	SAS	HG02736	hprc:DogoHLA-no-graph	DPB1	two_field	complete	1	1	0	0	DPB1*651:01	DPB1*463:01:01:01
HG02738	SAS	HG02736	hprc:DogoHLA-no-graph	DPB1	four_field	complete	1	0	0	0	DPB1*651:01	DPB1*463:01:01:01
HG02738	SAS	HG02736	hprc:DogoHLA-no-graph	DQA1	two_field	complete	1	1	1	2	DQA1*05:01:01:01	DQA1*05:01:01:01
HG02738	SAS	HG02736	hprc:DogoHLA-no-graph	DQA1	four_field	complete	0	0	0	0	DQA1*05:01:01:01	DQA1*05:01:01:01
HG02738	SAS	HG02736	hprc:DogoHLA-no-graph	DQB1	two_field	complete	1	1	1	2	DQB1*02:01:01:01	DQB1*02:01:01:01
HG02738	SAS	HG02736	hprc:DogoHLA-no-graph	DQB1	four_field	complete	1	1	1	2	DQB1*02:01:01:01	DQB1*02:01:01:01
HG02738	SAS	HG02736	hprc:DogoHLA-no-graph	DRB1	two_field	complete	1	1	1	2	DRB1*03:01:01:03	DRB1*03:01:01:03
HG02738	SAS	HG02736	hprc:DogoHLA-no-graph	DRB1	four_field	complete	1	1	1	2	DRB1*03:01:01:03	DRB1*03:01:01:03
HG02738	SAS	HG02736	asian_matched:DogoHLA	A	two_field	complete	1	1	0	0	A*02:19	A*24:33:01
HG02738	SAS	HG02736	asian_matched:DogoHLA	A	four_field	complete	1	0	0	0	A*02:19	A*24:33:01
HG02738	SAS	HG02736	asian_matched:DogoHLA	B	two_field	complete	1	1	0	1	B*08:01:01:77	B*50:44
HG02738	SAS	HG02736	asian_matched:DogoHLA	B	four_field	complete	1	0	0	0	B*08:01:01:77	B*50:44
HG02738	SAS	HG02736	asian_matched:DogoHLA	C	two_field	complete	1	1	1	2	C*06:02:01:02	C*07:02:01:01
HG02738	SAS	HG02736	asian_matched:DogoHLA	C	four_field	complete	1	1	1	2	C*06:02:01:02	C*07:02:01:01
HG02738	SAS	HG02736	asian_matched:DogoHLA	DPA1	two_field	complete	1	1	1	2	DPA1*02:01:01:01	DPA1*01:03:01:02
HG02738	SAS	HG02736	asian_matched:DogoHLA	DPA1	four_field	complete	0	0	0	0	DPA1*02:01:01:01	DPA1*01:03:01:02
HG02738	SAS	HG02736	asian_matched:DogoHLA	DPB1	two_field	complete	1	1	0	0	DPB1*651:01	DPB1*463:01:01:01
HG02738	SAS	HG02736	asian_matched:DogoHLA	DPB1	four_field	complete	1	0	0	0	DPB1*651:01	DPB1*463:01:01:01
HG02738	SAS	HG02736	asian_matched:DogoHLA	DQA1	two_field	complete	1	1	1	2	DQA1*05:01:01:01	DQA1*05:01:01:01
HG02738	SAS	HG02736	asian_matched:DogoHLA	DQA1	four_field	complete	0	0	0	0	DQA1*05:01:01:01	DQA1*05:01:01:01
HG02738	SAS	HG02736	asian_matched:DogoHLA	DQB1	two_field	complete	1	1	1	2	DQB1*02:01:01:01	DQB1*02:01:01:01
HG02738	SAS	HG02736	asian_matched:DogoHLA	DQB1	four_field	complete	1	1	1	2	DQB1*02:01:01:01	DQB1*02:01:01:01
HG02738	SAS	HG02736	asian_matched:DogoHLA	DRB1	two_field	complete	1	1	1	2	DRB1*03:01:01:03	DRB1*03:01:01:03
HG02738	SAS	HG02736	asian_matched:DogoHLA	DRB1	four_field	complete	1	1	1	2	DRB1*03:01:01:03	DRB1*03:01:01:03
HG02738	SAS	HG02736	asian_matched:DogoHLA-no-graph	A	two_field	complete	1	1	0	0	A*02:19	A*24:33:01
HG02738	SAS	HG02736	asian_matched:DogoHLA-no-graph	A	four_field	complete	1	0	0	0	A*02:19	A*24:33:01
HG02738	SAS	HG02736	asian_matched:DogoHLA-no-graph	B	two_field	complete	1	1	1	2	B*08:01:01:77	B*50:01:01:02
HG02738	SAS	HG02736	asian_matched:DogoHLA-no-graph	B	four_field	complete	1	1	0	0	B*08:01:01:77	B*50:01:01:02
HG02738	SAS	HG02736	asian_matched:DogoHLA-no-graph	C	two_field	complete	1	1	1	2	C*06:02:01:02	C*07:02:01:01
HG02738	SAS	HG02736	asian_matched:DogoHLA-no-graph	C	four_field	complete	1	1	1	2	C*06:02:01:02	C*07:02:01:01
HG02738	SAS	HG02736	asian_matched:DogoHLA-no-graph	DPA1	two_field	complete	1	1	1	2	DPA1*02:01:01:01	DPA1*01:03:01:02
HG02738	SAS	HG02736	asian_matched:DogoHLA-no-graph	DPA1	four_field	complete	0	0	0	0	DPA1*02:01:01:01	DPA1*01:03:01:02
HG02738	SAS	HG02736	asian_matched:DogoHLA-no-graph	DPB1	two_field	complete	1	1	0	0	DPB1*651:01	DPB1*463:01:01:01
HG02738	SAS	HG02736	asian_matched:DogoHLA-no-graph	DPB1	four_field	complete	1	0	0	0	DPB1*651:01	DPB1*463:01:01:01
HG02738	SAS	HG02736	asian_matched:DogoHLA-no-graph	DQA1	two_field	complete	1	1	1	2	DQA1*05:01:01:01	DQA1*05:01:01:01
HG02738	SAS	HG02736	asian_matched:DogoHLA-no-graph	DQA1	four_field	complete	0	0	0	0	DQA1*05:01:01:01	DQA1*05:01:01:01
HG02738	SAS	HG02736	asian_matched:DogoHLA-no-graph	DQB1	two_field	complete	1	1	1	2	DQB1*02:01:01:01	DQB1*02:01:01:01
HG02738	SAS	HG02736	asian_matched:DogoHLA-no-graph	DQB1	four_field	complete	1	1	1	2	DQB1*02:01:01:01	DQB1*02:01:01:01
HG02738	SAS	HG02736	asian_matched:DogoHLA-no-graph	DRB1	two_field	complete	1	1	1	2	DRB1*03:01:01:03	DRB1*03:01:01:03
HG02738	SAS	HG02736	asian_matched:DogoHLA-no-graph	DRB1	four_field	complete	1	1	1	2	DRB1*03:01:01:03	DRB1*03:01:01:03
HG03688	SAS	HG03688	SpecHLA-IPD365-noFreq	A	two_field	complete	1	1	0	1	A*02:1061N	A*68:01:02:01
HG03688	SAS	HG03688	SpecHLA-IPD365-noFreq	A	four_field	complete	1	0	0	1	A*02:1061N	A*68:01:02:01
HG03688	SAS	HG03688	SpecHLA-IPD365-noFreq	B	two_field	complete	1	1	0	0	B*52:87	B*35:597N
HG03688	SAS	HG03688	SpecHLA-IPD365-noFreq	B	four_field	complete	1	0	0	0	B*52:87	B*35:597N
HG03688	SAS	HG03688	SpecHLA-IPD365-noFreq	C	two_field	complete	1	1	1	2	C*05:01:01:11	C*04:01:01:01
HG03688	SAS	HG03688	SpecHLA-IPD365-noFreq	C	four_field	complete	1	1	0	0	C*05:01:01:11	C*04:01:01:01
HG03688	SAS	HG03688	SpecHLA-IPD365-noFreq	DPA1	two_field	complete	1	1	1	2	DPA1*01:03:01:01	DPA1*02:07:01:01
HG03688	SAS	HG03688	SpecHLA-IPD365-noFreq	DPA1	four_field	complete	1	1	0	0	DPA1*01:03:01:01	DPA1*02:07:01:01
HG03688	SAS	HG03688	SpecHLA-IPD365-noFreq	DPB1	two_field	complete	1	1	0	0	DPB1*126:01:01:02	DPB1*105:01:01:01
HG03688	SAS	HG03688	SpecHLA-IPD365-noFreq	DPB1	four_field	complete	1	1	0	0	DPB1*126:01:01:02	DPB1*105:01:01:01
HG03688	SAS	HG03688	SpecHLA-IPD365-noFreq	DQA1	two_field	complete	1	1	1	2	DQA1*01:03:03	DQA1*03:01:01:01
HG03688	SAS	HG03688	SpecHLA-IPD365-noFreq	DQA1	four_field	complete	1	0	0	1	DQA1*01:03:03	DQA1*03:01:01:01
HG03688	SAS	HG03688	SpecHLA-IPD365-noFreq	DQB1	two_field	complete	1	1	1	2	DQB1*06:01:01:01	DQB1*03:02:01:01
HG03688	SAS	HG03688	SpecHLA-IPD365-noFreq	DQB1	four_field	complete	1	1	1	2	DQB1*06:01:01:01	DQB1*03:02:01:01
HG03688	SAS	HG03688	SpecHLA-IPD365-noFreq	DRB1	two_field	complete	1	1	0	1	DRB1*04:07:01:05	DRB1*15:01:01:25
HG03688	SAS	HG03688	SpecHLA-IPD365-noFreq	DRB1	four_field	complete	0	0	0	0	DRB1*04:07:01:05	DRB1*15:01:01:25
HG03688	SAS	HG03688	SpecHLA-IPD365-long-noFreq	A	two_field	complete	1	1	0	1	A*68:01:02:01	A*02:1061N
HG03688	SAS	HG03688	SpecHLA-IPD365-long-noFreq	A	four_field	complete	1	0	0	1	A*68:01:02:01	A*02:1061N
HG03688	SAS	HG03688	SpecHLA-IPD365-long-noFreq	B	two_field	complete	1	1	0	0	B*35:597N	B*52:87
HG03688	SAS	HG03688	SpecHLA-IPD365-long-noFreq	B	four_field	complete	1	0	0	0	B*35:597N	B*52:87
HG03688	SAS	HG03688	SpecHLA-IPD365-long-noFreq	C	two_field	complete	1	1	1	2	C*05:01:01:11	C*04:01:01:01
HG03688	SAS	HG03688	SpecHLA-IPD365-long-noFreq	C	four_field	complete	1	1	0	0	C*05:01:01:11	C*04:01:01:01
HG03688	SAS	HG03688	SpecHLA-IPD365-long-noFreq	DPA1	two_field	complete	1	1	1	2	DPA1*01:03:01:01	DPA1*02:07:01:01
HG03688	SAS	HG03688	SpecHLA-IPD365-long-noFreq	DPA1	four_field	complete	1	1	0	0	DPA1*01:03:01:01	DPA1*02:07:01:01
HG03688	SAS	HG03688	SpecHLA-IPD365-long-noFreq	DPB1	two_field	complete	1	1	0	0	DPB1*105:01:01:01	DPB1*126:01:01:02
HG03688	SAS	HG03688	SpecHLA-IPD365-long-noFreq	DPB1	four_field	complete	1	1	0	0	DPB1*105:01:01:01	DPB1*126:01:01:02
HG03688	SAS	HG03688	SpecHLA-IPD365-long-noFreq	DQA1	two_field	complete	1	1	1	2	DQA1*01:03:03	DQA1*03:01:01:01
HG03688	SAS	HG03688	SpecHLA-IPD365-long-noFreq	DQA1	four_field	complete	1	0	0	1	DQA1*01:03:03	DQA1*03:01:01:01
HG03688	SAS	HG03688	SpecHLA-IPD365-long-noFreq	DQB1	two_field	complete	1	1	1	2	DQB1*06:01:01:01	DQB1*03:02:01:01
HG03688	SAS	HG03688	SpecHLA-IPD365-long-noFreq	DQB1	four_field	complete	1	1	1	2	DQB1*06:01:01:01	DQB1*03:02:01:01
HG03688	SAS	HG03688	SpecHLA-IPD365-long-noFreq	DRB1	two_field	complete	1	1	0	1	DRB1*04:07:01:05	DRB1*15:01:01:25
HG03688	SAS	HG03688	SpecHLA-IPD365-long-noFreq	DRB1	four_field	complete	0	0	0	0	DRB1*04:07:01:05	DRB1*15:01:01:25
HG03688	SAS	HG03688	T1K-four-field	A	two_field	complete	1	1	1	2	A*68:01:02:01	A*02:11:01:01
HG03688	SAS	HG03688	T1K-four-field	A	four_field	complete	1	1	1	2	A*68:01:02:01	A*02:11:01:01
HG03688	SAS	HG03688	T1K-four-field	B	two_field	complete	1	1	1	2	B*35:01:01:01	B*52:01:01:01
HG03688	SAS	HG03688	T1K-four-field	B	four_field	complete	1	1	0	1	B*35:01:01:01	B*52:01:01:01
HG03688	SAS	HG03688	T1K-four-field	C	two_field	complete	1	1	1	2	C*04:01:01:01	C*05:01:01:02
HG03688	SAS	HG03688	T1K-four-field	C	four_field	complete	1	1	0	1	C*04:01:01:01	C*05:01:01:02
HG03688	SAS	HG03688	T1K-four-field	DPA1	two_field	complete	1	1	1	2	DPA1*02:07:01:01	DPA1*01:03:01:69
HG03688	SAS	HG03688	T1K-four-field	DPA1	four_field	complete	1	1	0	1	DPA1*02:07:01:01	DPA1*01:03:01:69
HG03688	SAS	HG03688	T1K-four-field	DPB1	two_field	complete	1	1	1	2	DPB1*04:01:01:171	DPB1*04:02:01:01
HG03688	SAS	HG03688	T1K-four-field	DPB1	four_field	complete	1	1	0	1	DPB1*04:01:01:171	DPB1*04:02:01:01
HG03688	SAS	HG03688	T1K-four-field	DQA1	two_field	complete	1	1	1	2	DQA1*01:03:01:01	DQA1*03:01:01:01
HG03688	SAS	HG03688	T1K-four-field	DQA1	four_field	complete	1	1	1	2	DQA1*01:03:01:01	DQA1*03:01:01:01
HG03688	SAS	HG03688	T1K-four-field	DQB1	two_field	complete	1	1	1	2	DQB1*03:02:01:01	DQB1*06:01:01:01
HG03688	SAS	HG03688	T1K-four-field	DQB1	four_field	complete	1	1	1	2	DQB1*03:02:01:01	DQB1*06:01:01:01
HG03688	SAS	HG03688	T1K-four-field	DRB1	two_field	complete	1	1	1	2	DRB1*15:01:01:03	DRB1*04:03:01:01,HLA-DRB1*04:03:01:02,HLA-DRB1*04:03:01:03
HG03688	SAS	HG03688	T1K-four-field	DRB1	four_field	complete	0	0	0	0	DRB1*15:01:01:03	DRB1*04:03:01:01,HLA-DRB1*04:03:01:02,HLA-DRB1*04:03:01:03
HG03688	SAS	HG03688	full:DogoHLA	A	two_field	complete	1	1	0	1	A*02:1061N	A*68:01:02:01
HG03688	SAS	HG03688	full:DogoHLA	A	four_field	complete	1	0	0	1	A*02:1061N	A*68:01:02:01
HG03688	SAS	HG03688	full:DogoHLA	B	two_field	complete	1	1	0	0	B*35:597N	B*52:87
HG03688	SAS	HG03688	full:DogoHLA	B	four_field	complete	1	0	0	0	B*35:597N	B*52:87
HG03688	SAS	HG03688	full:DogoHLA	C	two_field	complete	1	1	1	2	C*05:01:01:11	C*04:01:01:01
HG03688	SAS	HG03688	full:DogoHLA	C	four_field	complete	1	1	0	0	C*05:01:01:11	C*04:01:01:01
HG03688	SAS	HG03688	full:DogoHLA	DPA1	two_field	complete	1	1	1	2	DPA1*01:03:01:01	DPA1*02:07:01:01
HG03688	SAS	HG03688	full:DogoHLA	DPA1	four_field	complete	1	1	0	0	DPA1*01:03:01:01	DPA1*02:07:01:01
HG03688	SAS	HG03688	full:DogoHLA	DPB1	two_field	complete	1	1	0	0	DPB1*126:01:01:01	DPB1*105:01:01:22
HG03688	SAS	HG03688	full:DogoHLA	DPB1	four_field	complete	1	1	0	0	DPB1*126:01:01:01	DPB1*105:01:01:22
HG03688	SAS	HG03688	full:DogoHLA	DQA1	two_field	complete	1	1	1	2	DQA1*01:03:03	DQA1*03:01:01:01
HG03688	SAS	HG03688	full:DogoHLA	DQA1	four_field	complete	1	0	0	1	DQA1*01:03:03	DQA1*03:01:01:01
HG03688	SAS	HG03688	full:DogoHLA	DQB1	two_field	complete	1	1	1	2	DQB1*03:02:01:01	DQB1*06:01:01:01
HG03688	SAS	HG03688	full:DogoHLA	DQB1	four_field	complete	1	1	1	2	DQB1*03:02:01:01	DQB1*06:01:01:01
HG03688	SAS	HG03688	full:DogoHLA	DRB1	two_field	complete	1	1	1	2	DRB1*04:03:01:02	DRB1*15:01:01:25
HG03688	SAS	HG03688	full:DogoHLA	DRB1	four_field	complete	0	0	0	0	DRB1*04:03:01:02	DRB1*15:01:01:25
HG03688	SAS	HG03688	full:DogoHLA-no-graph	A	two_field	complete	1	1	0	1	A*02:1061N	A*68:01:02:01
HG03688	SAS	HG03688	full:DogoHLA-no-graph	A	four_field	complete	1	0	0	1	A*02:1061N	A*68:01:02:01
HG03688	SAS	HG03688	full:DogoHLA-no-graph	B	two_field	complete	1	1	0	0	B*35:597N	B*52:87
HG03688	SAS	HG03688	full:DogoHLA-no-graph	B	four_field	complete	1	0	0	0	B*35:597N	B*52:87
HG03688	SAS	HG03688	full:DogoHLA-no-graph	C	two_field	complete	1	1	1	2	C*05:01:01:11	C*04:01:01:01
HG03688	SAS	HG03688	full:DogoHLA-no-graph	C	four_field	complete	1	1	0	0	C*05:01:01:11	C*04:01:01:01
HG03688	SAS	HG03688	full:DogoHLA-no-graph	DPA1	two_field	complete	1	1	1	2	DPA1*01:03:01:01	DPA1*02:07:01:01
HG03688	SAS	HG03688	full:DogoHLA-no-graph	DPA1	four_field	complete	1	1	0	0	DPA1*01:03:01:01	DPA1*02:07:01:01
HG03688	SAS	HG03688	full:DogoHLA-no-graph	DPB1	two_field	complete	1	1	0	0	DPB1*126:01:01:01	DPB1*105:01:01:22
HG03688	SAS	HG03688	full:DogoHLA-no-graph	DPB1	four_field	complete	1	1	0	0	DPB1*126:01:01:01	DPB1*105:01:01:22
HG03688	SAS	HG03688	full:DogoHLA-no-graph	DQA1	two_field	complete	1	1	1	2	DQA1*01:03:03	DQA1*03:01:01:01
HG03688	SAS	HG03688	full:DogoHLA-no-graph	DQA1	four_field	complete	1	0	0	1	DQA1*01:03:03	DQA1*03:01:01:01
HG03688	SAS	HG03688	full:DogoHLA-no-graph	DQB1	two_field	complete	1	1	1	2	DQB1*03:02:01:01	DQB1*06:01:01:01
HG03688	SAS	HG03688	full:DogoHLA-no-graph	DQB1	four_field	complete	1	1	1	2	DQB1*03:02:01:01	DQB1*06:01:01:01
HG03688	SAS	HG03688	full:DogoHLA-no-graph	DRB1	two_field	complete	1	1	1	2	DRB1*04:03:01:02	DRB1*15:01:01:25
HG03688	SAS	HG03688	full:DogoHLA-no-graph	DRB1	four_field	complete	0	0	0	0	DRB1*04:03:01:02	DRB1*15:01:01:25
HG03688	SAS	HG03688	hprc:DogoHLA	A	two_field	complete	1	1	0	1	A*02:1061N	A*68:01:02:01
HG03688	SAS	HG03688	hprc:DogoHLA	A	four_field	complete	1	0	0	1	A*02:1061N	A*68:01:02:01
HG03688	SAS	HG03688	hprc:DogoHLA	B	two_field	complete	1	1	0	0	B*35:597N	B*52:87
HG03688	SAS	HG03688	hprc:DogoHLA	B	four_field	complete	1	0	0	0	B*35:597N	B*52:87
HG03688	SAS	HG03688	hprc:DogoHLA	C	two_field	complete	1	1	1	2	C*05:01:01:11	C*04:01:01:01
HG03688	SAS	HG03688	hprc:DogoHLA	C	four_field	complete	1	1	0	0	C*05:01:01:11	C*04:01:01:01
HG03688	SAS	HG03688	hprc:DogoHLA	DPA1	two_field	complete	1	1	1	2	DPA1*01:03:01:01	DPA1*02:07:01:01
HG03688	SAS	HG03688	hprc:DogoHLA	DPA1	four_field	complete	1	1	0	0	DPA1*01:03:01:01	DPA1*02:07:01:01
HG03688	SAS	HG03688	hprc:DogoHLA	DPB1	two_field	complete	1	1	0	0	DPB1*126:01:01:01	DPB1*105:01:01:22
HG03688	SAS	HG03688	hprc:DogoHLA	DPB1	four_field	complete	1	1	0	0	DPB1*126:01:01:01	DPB1*105:01:01:22
HG03688	SAS	HG03688	hprc:DogoHLA	DQA1	two_field	complete	1	1	1	2	DQA1*01:03:03	DQA1*03:01:01:01
HG03688	SAS	HG03688	hprc:DogoHLA	DQA1	four_field	complete	1	0	0	1	DQA1*01:03:03	DQA1*03:01:01:01
HG03688	SAS	HG03688	hprc:DogoHLA	DQB1	two_field	complete	1	1	1	2	DQB1*03:02:01:01	DQB1*06:01:01:01
HG03688	SAS	HG03688	hprc:DogoHLA	DQB1	four_field	complete	1	1	1	2	DQB1*03:02:01:01	DQB1*06:01:01:01
HG03688	SAS	HG03688	hprc:DogoHLA	DRB1	two_field	complete	1	1	1	2	DRB1*04:03:01:02	DRB1*15:01:01:25
HG03688	SAS	HG03688	hprc:DogoHLA	DRB1	four_field	complete	0	0	0	0	DRB1*04:03:01:02	DRB1*15:01:01:25
HG03688	SAS	HG03688	hprc:DogoHLA-no-graph	A	two_field	complete	1	1	0	1	A*02:1061N	A*68:01:02:01
HG03688	SAS	HG03688	hprc:DogoHLA-no-graph	A	four_field	complete	1	0	0	1	A*02:1061N	A*68:01:02:01
HG03688	SAS	HG03688	hprc:DogoHLA-no-graph	B	two_field	complete	1	1	0	0	B*35:597N	B*52:87
HG03688	SAS	HG03688	hprc:DogoHLA-no-graph	B	four_field	complete	1	0	0	0	B*35:597N	B*52:87
HG03688	SAS	HG03688	hprc:DogoHLA-no-graph	C	two_field	complete	1	1	1	2	C*05:01:01:11	C*04:01:01:01
HG03688	SAS	HG03688	hprc:DogoHLA-no-graph	C	four_field	complete	1	1	0	0	C*05:01:01:11	C*04:01:01:01
HG03688	SAS	HG03688	hprc:DogoHLA-no-graph	DPA1	two_field	complete	1	1	1	2	DPA1*01:03:01:01	DPA1*02:07:01:01
HG03688	SAS	HG03688	hprc:DogoHLA-no-graph	DPA1	four_field	complete	1	1	0	0	DPA1*01:03:01:01	DPA1*02:07:01:01
HG03688	SAS	HG03688	hprc:DogoHLA-no-graph	DPB1	two_field	complete	1	1	0	0	DPB1*126:01:01:01	DPB1*105:01:01:22
HG03688	SAS	HG03688	hprc:DogoHLA-no-graph	DPB1	four_field	complete	1	1	0	0	DPB1*126:01:01:01	DPB1*105:01:01:22
HG03688	SAS	HG03688	hprc:DogoHLA-no-graph	DQA1	two_field	complete	1	1	1	2	DQA1*01:03:03	DQA1*03:01:01:01
HG03688	SAS	HG03688	hprc:DogoHLA-no-graph	DQA1	four_field	complete	1	0	0	1	DQA1*01:03:03	DQA1*03:01:01:01
HG03688	SAS	HG03688	hprc:DogoHLA-no-graph	DQB1	two_field	complete	1	1	1	2	DQB1*03:02:01:01	DQB1*06:01:01:01
HG03688	SAS	HG03688	hprc:DogoHLA-no-graph	DQB1	four_field	complete	1	1	1	2	DQB1*03:02:01:01	DQB1*06:01:01:01
HG03688	SAS	HG03688	hprc:DogoHLA-no-graph	DRB1	two_field	complete	1	1	1	2	DRB1*04:03:01:02	DRB1*15:01:01:25
HG03688	SAS	HG03688	hprc:DogoHLA-no-graph	DRB1	four_field	complete	0	0	0	0	DRB1*04:03:01:02	DRB1*15:01:01:25
HG03688	SAS	HG03688	asian_matched:DogoHLA	A	two_field	complete	1	1	0	1	A*02:1061N	A*68:01:02:01
HG03688	SAS	HG03688	asian_matched:DogoHLA	A	four_field	complete	1	0	0	1	A*02:1061N	A*68:01:02:01
HG03688	SAS	HG03688	asian_matched:DogoHLA	B	two_field	complete	1	1	0	0	B*35:597N	B*52:87
HG03688	SAS	HG03688	asian_matched:DogoHLA	B	four_field	complete	1	0	0	0	B*35:597N	B*52:87
HG03688	SAS	HG03688	asian_matched:DogoHLA	C	two_field	complete	1	1	1	2	C*05:01:01:11	C*04:01:01:01
HG03688	SAS	HG03688	asian_matched:DogoHLA	C	four_field	complete	1	1	0	0	C*05:01:01:11	C*04:01:01:01
HG03688	SAS	HG03688	asian_matched:DogoHLA	DPA1	two_field	complete	1	1	1	2	DPA1*01:03:01:01	DPA1*02:07:01:01
HG03688	SAS	HG03688	asian_matched:DogoHLA	DPA1	four_field	complete	1	1	0	0	DPA1*01:03:01:01	DPA1*02:07:01:01
HG03688	SAS	HG03688	asian_matched:DogoHLA	DPB1	two_field	complete	1	1	0	0	DPB1*126:01:01:01	DPB1*105:01:01:22
HG03688	SAS	HG03688	asian_matched:DogoHLA	DPB1	four_field	complete	1	1	0	0	DPB1*126:01:01:01	DPB1*105:01:01:22
HG03688	SAS	HG03688	asian_matched:DogoHLA	DQA1	two_field	complete	1	1	1	2	DQA1*01:03:03	DQA1*03:01:01:01
HG03688	SAS	HG03688	asian_matched:DogoHLA	DQA1	four_field	complete	1	0	0	1	DQA1*01:03:03	DQA1*03:01:01:01
HG03688	SAS	HG03688	asian_matched:DogoHLA	DQB1	two_field	complete	1	1	1	2	DQB1*03:02:01:01	DQB1*06:01:01:01
HG03688	SAS	HG03688	asian_matched:DogoHLA	DQB1	four_field	complete	1	1	1	2	DQB1*03:02:01:01	DQB1*06:01:01:01
HG03688	SAS	HG03688	asian_matched:DogoHLA	DRB1	two_field	complete	1	1	1	2	DRB1*04:03:01:02	DRB1*15:01:01:25
HG03688	SAS	HG03688	asian_matched:DogoHLA	DRB1	four_field	complete	0	0	0	0	DRB1*04:03:01:02	DRB1*15:01:01:25
HG03688	SAS	HG03688	asian_matched:DogoHLA-no-graph	A	two_field	complete	1	1	0	1	A*02:1061N	A*68:01:02:01
HG03688	SAS	HG03688	asian_matched:DogoHLA-no-graph	A	four_field	complete	1	0	0	1	A*02:1061N	A*68:01:02:01
HG03688	SAS	HG03688	asian_matched:DogoHLA-no-graph	B	two_field	complete	1	1	0	0	B*35:597N	B*52:87
HG03688	SAS	HG03688	asian_matched:DogoHLA-no-graph	B	four_field	complete	1	0	0	0	B*35:597N	B*52:87
HG03688	SAS	HG03688	asian_matched:DogoHLA-no-graph	C	two_field	complete	1	1	1	2	C*05:01:01:11	C*04:01:01:01
HG03688	SAS	HG03688	asian_matched:DogoHLA-no-graph	C	four_field	complete	1	1	0	0	C*05:01:01:11	C*04:01:01:01
HG03688	SAS	HG03688	asian_matched:DogoHLA-no-graph	DPA1	two_field	complete	1	1	1	2	DPA1*01:03:01:01	DPA1*02:07:01:01
HG03688	SAS	HG03688	asian_matched:DogoHLA-no-graph	DPA1	four_field	complete	1	1	0	0	DPA1*01:03:01:01	DPA1*02:07:01:01
HG03688	SAS	HG03688	asian_matched:DogoHLA-no-graph	DPB1	two_field	complete	1	1	0	0	DPB1*126:01:01:01	DPB1*105:01:01:22
HG03688	SAS	HG03688	asian_matched:DogoHLA-no-graph	DPB1	four_field	complete	1	1	0	0	DPB1*126:01:01:01	DPB1*105:01:01:22
HG03688	SAS	HG03688	asian_matched:DogoHLA-no-graph	DQA1	two_field	complete	1	1	1	2	DQA1*01:03:03	DQA1*03:01:01:01
HG03688	SAS	HG03688	asian_matched:DogoHLA-no-graph	DQA1	four_field	complete	1	0	0	1	DQA1*01:03:03	DQA1*03:01:01:01
HG03688	SAS	HG03688	asian_matched:DogoHLA-no-graph	DQB1	two_field	complete	1	1	1	2	DQB1*03:02:01:01	DQB1*06:01:01:01
HG03688	SAS	HG03688	asian_matched:DogoHLA-no-graph	DQB1	four_field	complete	1	1	1	2	DQB1*03:02:01:01	DQB1*06:01:01:01
HG03688	SAS	HG03688	asian_matched:DogoHLA-no-graph	DRB1	two_field	complete	1	1	1	2	DRB1*04:03:01:02	DRB1*15:01:01:25
HG03688	SAS	HG03688	asian_matched:DogoHLA-no-graph	DRB1	four_field	complete	0	0	0	0	DRB1*04:03:01:02	DRB1*15:01:01:25
HG03927	SAS	HG03925	SpecHLA-IPD365-noFreq	A	two_field	complete	1	1	0	0	A*31:164	A*24:11N
HG03927	SAS	HG03925	SpecHLA-IPD365-noFreq	A	four_field	complete	1	0	0	0	A*31:164	A*24:11N
HG03927	SAS	HG03925	SpecHLA-IPD365-noFreq	B	two_field	complete	1	1	1	2	B*15:08:01:01	B*52:01:01:01
HG03927	SAS	HG03925	SpecHLA-IPD365-noFreq	B	four_field	complete	1	1	1	2	B*15:08:01:01	B*52:01:01:01
HG03927	SAS	HG03925	SpecHLA-IPD365-noFreq	C	two_field	complete	1	1	1	2	C*01:02:01:01	C*12:02:02:01
HG03927	SAS	HG03925	SpecHLA-IPD365-noFreq	C	four_field	complete	1	1	1	2	C*01:02:01:01	C*12:02:02:01
HG03927	SAS	HG03925	SpecHLA-IPD365-noFreq	DPA1	two_field	complete	1	1	1	2	DPA1*01:03:01:01	DPA1*01:03:01:02
HG03927	SAS	HG03925	SpecHLA-IPD365-noFreq	DPA1	four_field	complete	1	1	0	1	DPA1*01:03:01:01	DPA1*01:03:01:02
HG03927	SAS	HG03925	SpecHLA-IPD365-noFreq	DPB1	two_field	complete	1	1	1	2	DPB1*04:02:01:01	DPB1*02:01:02:01
HG03927	SAS	HG03925	SpecHLA-IPD365-noFreq	DPB1	four_field	complete	1	1	0	1	DPB1*04:02:01:01	DPB1*02:01:02:01
HG03927	SAS	HG03925	SpecHLA-IPD365-noFreq	DQA1	two_field	complete	1	1	1	2	DQA1*02:01:01:01	DQA1*01:04:02:02
HG03927	SAS	HG03925	SpecHLA-IPD365-noFreq	DQA1	four_field	complete	0	0	0	0	DQA1*02:01:01:01	DQA1*01:04:02:02
HG03927	SAS	HG03925	SpecHLA-IPD365-noFreq	DQB1	two_field	complete	1	1	1	2	DQB1*03:03:02:01	DQB1*05:03:01:01
HG03927	SAS	HG03925	SpecHLA-IPD365-noFreq	DQB1	four_field	complete	1	1	1	2	DQB1*03:03:02:01	DQB1*05:03:01:01
HG03927	SAS	HG03925	SpecHLA-IPD365-noFreq	DRB1	two_field	complete	1	1	1	2	DRB1*14:04:01:01	DRB1*07:01:01:02
HG03927	SAS	HG03925	SpecHLA-IPD365-noFreq	DRB1	four_field	complete	0	0	0	0	DRB1*14:04:01:01	DRB1*07:01:01:02
HG03927	SAS	HG03925	SpecHLA-IPD365-long-noFreq	A	two_field	complete	1	1	0	0	A*31:164	A*24:11N
HG03927	SAS	HG03925	SpecHLA-IPD365-long-noFreq	A	four_field	complete	1	0	0	0	A*31:164	A*24:11N
HG03927	SAS	HG03925	SpecHLA-IPD365-long-noFreq	B	two_field	complete	1	1	1	2	B*15:08:01:01	B*52:01:01:01
HG03927	SAS	HG03925	SpecHLA-IPD365-long-noFreq	B	four_field	complete	1	1	1	2	B*15:08:01:01	B*52:01:01:01
HG03927	SAS	HG03925	SpecHLA-IPD365-long-noFreq	C	two_field	complete	1	1	1	2	C*01:02:01:01	C*12:02:02:01
HG03927	SAS	HG03925	SpecHLA-IPD365-long-noFreq	C	four_field	complete	1	1	1	2	C*01:02:01:01	C*12:02:02:01
HG03927	SAS	HG03925	SpecHLA-IPD365-long-noFreq	DPA1	two_field	complete	1	1	1	2	DPA1*01:03:01:01	DPA1*01:03:01:02
HG03927	SAS	HG03925	SpecHLA-IPD365-long-noFreq	DPA1	four_field	complete	1	1	0	1	DPA1*01:03:01:01	DPA1*01:03:01:02
HG03927	SAS	HG03925	SpecHLA-IPD365-long-noFreq	DPB1	two_field	complete	1	1	1	2	DPB1*04:02:01:01	DPB1*02:01:02:01
HG03927	SAS	HG03925	SpecHLA-IPD365-long-noFreq	DPB1	four_field	complete	1	1	0	1	DPB1*04:02:01:01	DPB1*02:01:02:01
HG03927	SAS	HG03925	SpecHLA-IPD365-long-noFreq	DQA1	two_field	complete	1	1	1	2	DQA1*02:01:01:01	DQA1*01:04:02:02
HG03927	SAS	HG03925	SpecHLA-IPD365-long-noFreq	DQA1	four_field	complete	0	0	0	0	DQA1*02:01:01:01	DQA1*01:04:02:02
HG03927	SAS	HG03925	SpecHLA-IPD365-long-noFreq	DQB1	two_field	complete	1	1	1	2	DQB1*03:03:02:01	DQB1*05:03:01:01
HG03927	SAS	HG03925	SpecHLA-IPD365-long-noFreq	DQB1	four_field	complete	1	1	1	2	DQB1*03:03:02:01	DQB1*05:03:01:01
HG03927	SAS	HG03925	SpecHLA-IPD365-long-noFreq	DRB1	two_field	complete	1	1	1	2	DRB1*14:04:01:01	DRB1*07:01:01:02
HG03927	SAS	HG03925	SpecHLA-IPD365-long-noFreq	DRB1	four_field	complete	0	0	0	0	DRB1*14:04:01:01	DRB1*07:01:01:02
HG03927	SAS	HG03925	T1K-four-field	A	two_field	complete	1	1	1	2	A*24:02:01:01	A*31:01:02:01
HG03927	SAS	HG03925	T1K-four-field	A	four_field	complete	1	1	1	2	A*24:02:01:01	A*31:01:02:01
HG03927	SAS	HG03925	T1K-four-field	B	two_field	complete	1	1	1	2	B*52:01:01:01	B*15:08:01:01
HG03927	SAS	HG03925	T1K-four-field	B	four_field	complete	1	1	1	2	B*52:01:01:01	B*15:08:01:01
HG03927	SAS	HG03925	T1K-four-field	C	two_field	complete	1	1	1	2	C*01:02:01:01	C*12:02:02:01
HG03927	SAS	HG03925	T1K-four-field	C	four_field	complete	1	1	1	2	C*01:02:01:01	C*12:02:02:01
HG03927	SAS	HG03925	T1K-four-field	DPA1	two_field	complete	1	1	1	2	DPA1*01:03:01:05	DPA1*01:03:01:01
HG03927	SAS	HG03925	T1K-four-field	DPA1	four_field	complete	1	1	1	2	DPA1*01:03:01:05	DPA1*01:03:01:01
HG03927	SAS	HG03925	T1K-four-field	DPB1	two_field	complete	1	1	1	2	DPB1*02:01:02:01	DPB1*04:02:01:01
HG03927	SAS	HG03925	T1K-four-field	DPB1	four_field	complete	1	1	0	1	DPB1*02:01:02:01	DPB1*04:02:01:01
HG03927	SAS	HG03925	T1K-four-field	DQA1	two_field	complete	1	1	1	2	DQA1*01:04:02:01	DQA1*02:01:01:01
HG03927	SAS	HG03925	T1K-four-field	DQA1	four_field	complete	0	0	0	0	DQA1*01:04:02:01	DQA1*02:01:01:01
HG03927	SAS	HG03925	T1K-four-field	DQB1	two_field	complete	1	1	1	2	DQB1*03:03:02:01	DQB1*05:03:01:01
HG03927	SAS	HG03925	T1K-four-field	DQB1	four_field	complete	1	1	1	2	DQB1*03:03:02:01	DQB1*05:03:01:01
HG03927	SAS	HG03925	T1K-four-field	DRB1	two_field	complete	1	1	1	2	DRB1*07:01:01:01	DRB1*14:04:01:02,HLA-DRB1*14:04:01:03
HG03927	SAS	HG03925	T1K-four-field	DRB1	four_field	complete	0	0	0	0	DRB1*07:01:01:01	DRB1*14:04:01:02,HLA-DRB1*14:04:01:03
HG03927	SAS	HG03925	full:DogoHLA	A	two_field	complete	1	1	0	0	A*24:11N	A*31:164
HG03927	SAS	HG03925	full:DogoHLA	A	four_field	complete	1	0	0	0	A*24:11N	A*31:164
HG03927	SAS	HG03925	full:DogoHLA	B	two_field	complete	1	1	1	2	B*15:08:01:01	B*52:01:01:01
HG03927	SAS	HG03925	full:DogoHLA	B	four_field	complete	1	1	1	2	B*15:08:01:01	B*52:01:01:01
HG03927	SAS	HG03925	full:DogoHLA	C	two_field	complete	1	1	1	2	C*01:02:01:01	C*12:02:02:01
HG03927	SAS	HG03925	full:DogoHLA	C	four_field	complete	1	1	1	2	C*01:02:01:01	C*12:02:02:01
HG03927	SAS	HG03925	full:DogoHLA	DPA1	two_field	complete	1	1	1	2	DPA1*01:03:01:02	DPA1*01:03:01:01
HG03927	SAS	HG03925	full:DogoHLA	DPA1	four_field	complete	1	1	0	1	DPA1*01:03:01:02	DPA1*01:03:01:01
HG03927	SAS	HG03925	full:DogoHLA	DPB1	two_field	complete	1	1	1	2	DPB1*02:01:02:01	DPB1*04:02:01:01
HG03927	SAS	HG03925	full:DogoHLA	DPB1	four_field	complete	1	1	0	1	DPB1*02:01:02:01	DPB1*04:02:01:01
HG03927	SAS	HG03925	full:DogoHLA	DQA1	two_field	complete	1	1	1	2	DQA1*01:04:02:02	DQA1*02:01:01:01
HG03927	SAS	HG03925	full:DogoHLA	DQA1	four_field	complete	0	0	0	0	DQA1*01:04:02:02	DQA1*02:01:01:01
HG03927	SAS	HG03925	full:DogoHLA	DQB1	two_field	complete	1	1	1	2	DQB1*03:03:02:01	DQB1*05:03:01:01
HG03927	SAS	HG03925	full:DogoHLA	DQB1	four_field	complete	1	1	1	2	DQB1*03:03:02:01	DQB1*05:03:01:01
HG03927	SAS	HG03925	full:DogoHLA	DRB1	two_field	complete	1	1	0	1	DRB1*07:01:01:04	DRB1*14:54:01:15
HG03927	SAS	HG03925	full:DogoHLA	DRB1	four_field	complete	0	0	0	0	DRB1*07:01:01:04	DRB1*14:54:01:15
HG03927	SAS	HG03925	full:DogoHLA-no-graph	A	two_field	complete	1	1	0	0	A*24:11N	A*31:164
HG03927	SAS	HG03925	full:DogoHLA-no-graph	A	four_field	complete	1	0	0	0	A*24:11N	A*31:164
HG03927	SAS	HG03925	full:DogoHLA-no-graph	B	two_field	complete	1	1	1	2	B*15:08:01:01	B*52:01:01:01
HG03927	SAS	HG03925	full:DogoHLA-no-graph	B	four_field	complete	1	1	1	2	B*15:08:01:01	B*52:01:01:01
HG03927	SAS	HG03925	full:DogoHLA-no-graph	C	two_field	complete	1	1	1	2	C*01:02:01:01	C*12:02:02:01
HG03927	SAS	HG03925	full:DogoHLA-no-graph	C	four_field	complete	1	1	1	2	C*01:02:01:01	C*12:02:02:01
HG03927	SAS	HG03925	full:DogoHLA-no-graph	DPA1	two_field	complete	1	1	1	2	DPA1*01:03:01:02	DPA1*01:03:01:01
HG03927	SAS	HG03925	full:DogoHLA-no-graph	DPA1	four_field	complete	1	1	0	1	DPA1*01:03:01:02	DPA1*01:03:01:01
HG03927	SAS	HG03925	full:DogoHLA-no-graph	DPB1	two_field	complete	1	1	1	2	DPB1*02:01:02:01	DPB1*04:02:01:01
HG03927	SAS	HG03925	full:DogoHLA-no-graph	DPB1	four_field	complete	1	1	0	1	DPB1*02:01:02:01	DPB1*04:02:01:01
HG03927	SAS	HG03925	full:DogoHLA-no-graph	DQA1	two_field	complete	1	1	1	2	DQA1*01:04:02:02	DQA1*02:01:01:01
HG03927	SAS	HG03925	full:DogoHLA-no-graph	DQA1	four_field	complete	0	0	0	0	DQA1*01:04:02:02	DQA1*02:01:01:01
HG03927	SAS	HG03925	full:DogoHLA-no-graph	DQB1	two_field	complete	1	1	1	2	DQB1*03:03:02:01	DQB1*05:03:01:01
HG03927	SAS	HG03925	full:DogoHLA-no-graph	DQB1	four_field	complete	1	1	1	2	DQB1*03:03:02:01	DQB1*05:03:01:01
HG03927	SAS	HG03925	full:DogoHLA-no-graph	DRB1	two_field	complete	1	1	0	1	DRB1*07:01:01:04	DRB1*14:54:01:15
HG03927	SAS	HG03925	full:DogoHLA-no-graph	DRB1	four_field	complete	0	0	0	0	DRB1*07:01:01:04	DRB1*14:54:01:15
HG03927	SAS	HG03925	hprc:DogoHLA	A	two_field	complete	1	1	0	0	A*23:156	A*24:33:01
HG03927	SAS	HG03925	hprc:DogoHLA	A	four_field	complete	1	0	0	0	A*23:156	A*24:33:01
HG03927	SAS	HG03925	hprc:DogoHLA	B	two_field	complete	1	1	1	2	B*15:08:01:01	B*52:01:01:01
HG03927	SAS	HG03925	hprc:DogoHLA	B	four_field	complete	1	1	1	2	B*15:08:01:01	B*52:01:01:01
HG03927	SAS	HG03925	hprc:DogoHLA	C	two_field	complete	1	1	1	2	C*01:02:01:01	C*12:02:02:01
HG03927	SAS	HG03925	hprc:DogoHLA	C	four_field	complete	1	1	1	2	C*01:02:01:01	C*12:02:02:01
HG03927	SAS	HG03925	hprc:DogoHLA	DPA1	two_field	complete	1	1	1	2	DPA1*01:03:01:02	DPA1*01:03:01:01
HG03927	SAS	HG03925	hprc:DogoHLA	DPA1	four_field	complete	1	1	0	1	DPA1*01:03:01:02	DPA1*01:03:01:01
HG03927	SAS	HG03925	hprc:DogoHLA	DPB1	two_field	complete	1	1	1	2	DPB1*02:01:02:01	DPB1*04:02:01:01
HG03927	SAS	HG03925	hprc:DogoHLA	DPB1	four_field	complete	1	1	0	1	DPB1*02:01:02:01	DPB1*04:02:01:01
HG03927	SAS	HG03925	hprc:DogoHLA	DQA1	two_field	complete	1	1	1	2	DQA1*01:04:02:02	DQA1*02:01:01:01
HG03927	SAS	HG03925	hprc:DogoHLA	DQA1	four_field	complete	0	0	0	0	DQA1*01:04:02:02	DQA1*02:01:01:01
HG03927	SAS	HG03925	hprc:DogoHLA	DQB1	two_field	complete	1	1	1	2	DQB1*03:03:02:01	DQB1*05:03:01:01
HG03927	SAS	HG03925	hprc:DogoHLA	DQB1	four_field	complete	1	1	1	2	DQB1*03:03:02:01	DQB1*05:03:01:01
HG03927	SAS	HG03925	hprc:DogoHLA	DRB1	two_field	complete	1	1	0	1	DRB1*07:01:01:04	DRB1*14:54:01:15
HG03927	SAS	HG03925	hprc:DogoHLA	DRB1	four_field	complete	0	0	0	0	DRB1*07:01:01:04	DRB1*14:54:01:15
HG03927	SAS	HG03925	hprc:DogoHLA-no-graph	A	two_field	complete	1	1	0	0	A*23:156	A*24:33:01
HG03927	SAS	HG03925	hprc:DogoHLA-no-graph	A	four_field	complete	1	0	0	0	A*23:156	A*24:33:01
HG03927	SAS	HG03925	hprc:DogoHLA-no-graph	B	two_field	complete	1	1	1	2	B*15:08:01:01	B*52:01:01:01
HG03927	SAS	HG03925	hprc:DogoHLA-no-graph	B	four_field	complete	1	1	1	2	B*15:08:01:01	B*52:01:01:01
HG03927	SAS	HG03925	hprc:DogoHLA-no-graph	C	two_field	complete	1	1	1	2	C*01:02:01:01	C*12:02:02:01
HG03927	SAS	HG03925	hprc:DogoHLA-no-graph	C	four_field	complete	1	1	1	2	C*01:02:01:01	C*12:02:02:01
HG03927	SAS	HG03925	hprc:DogoHLA-no-graph	DPA1	two_field	complete	1	1	1	2	DPA1*01:03:01:02	DPA1*01:03:01:01
HG03927	SAS	HG03925	hprc:DogoHLA-no-graph	DPA1	four_field	complete	1	1	0	1	DPA1*01:03:01:02	DPA1*01:03:01:01
HG03927	SAS	HG03925	hprc:DogoHLA-no-graph	DPB1	two_field	complete	1	1	1	2	DPB1*02:01:02:01	DPB1*04:02:01:01
HG03927	SAS	HG03925	hprc:DogoHLA-no-graph	DPB1	four_field	complete	1	1	0	1	DPB1*02:01:02:01	DPB1*04:02:01:01
HG03927	SAS	HG03925	hprc:DogoHLA-no-graph	DQA1	two_field	complete	1	1	1	2	DQA1*01:04:02:02	DQA1*02:01:01:01
HG03927	SAS	HG03925	hprc:DogoHLA-no-graph	DQA1	four_field	complete	0	0	0	0	DQA1*01:04:02:02	DQA1*02:01:01:01
HG03927	SAS	HG03925	hprc:DogoHLA-no-graph	DQB1	two_field	complete	1	1	1	2	DQB1*03:03:02:01	DQB1*05:03:01:01
HG03927	SAS	HG03925	hprc:DogoHLA-no-graph	DQB1	four_field	complete	1	1	1	2	DQB1*03:03:02:01	DQB1*05:03:01:01
HG03927	SAS	HG03925	hprc:DogoHLA-no-graph	DRB1	two_field	complete	1	1	0	1	DRB1*07:01:01:04	DRB1*14:54:01:15
HG03927	SAS	HG03925	hprc:DogoHLA-no-graph	DRB1	four_field	complete	0	0	0	0	DRB1*07:01:01:04	DRB1*14:54:01:15
HG03927	SAS	HG03925	asian_matched:DogoHLA	A	two_field	complete	1	1	0	0	A*23:156	A*24:33:01
HG03927	SAS	HG03925	asian_matched:DogoHLA	A	four_field	complete	1	0	0	0	A*23:156	A*24:33:01
HG03927	SAS	HG03925	asian_matched:DogoHLA	B	two_field	complete	1	1	1	2	B*15:08:01:01	B*52:01:01:01
HG03927	SAS	HG03925	asian_matched:DogoHLA	B	four_field	complete	1	1	1	2	B*15:08:01:01	B*52:01:01:01
HG03927	SAS	HG03925	asian_matched:DogoHLA	C	two_field	complete	1	1	1	2	C*01:02:01:01	C*12:02:02:01
HG03927	SAS	HG03925	asian_matched:DogoHLA	C	four_field	complete	1	1	1	2	C*01:02:01:01	C*12:02:02:01
HG03927	SAS	HG03925	asian_matched:DogoHLA	DPA1	two_field	complete	1	1	1	2	DPA1*01:03:01:02	DPA1*01:03:01:01
HG03927	SAS	HG03925	asian_matched:DogoHLA	DPA1	four_field	complete	1	1	0	1	DPA1*01:03:01:02	DPA1*01:03:01:01
HG03927	SAS	HG03925	asian_matched:DogoHLA	DPB1	two_field	complete	1	1	0	0	DPB1*416:01:01:01	DPB1*105:01:01:01
HG03927	SAS	HG03925	asian_matched:DogoHLA	DPB1	four_field	complete	1	1	0	0	DPB1*416:01:01:01	DPB1*105:01:01:01
HG03927	SAS	HG03925	asian_matched:DogoHLA	DQA1	two_field	complete	1	1	1	2	DQA1*01:04:02:02	DQA1*02:01:01:01
HG03927	SAS	HG03925	asian_matched:DogoHLA	DQA1	four_field	complete	0	0	0	0	DQA1*01:04:02:02	DQA1*02:01:01:01
HG03927	SAS	HG03925	asian_matched:DogoHLA	DQB1	two_field	complete	1	1	1	2	DQB1*03:03:02:01	DQB1*05:03:01:01
HG03927	SAS	HG03925	asian_matched:DogoHLA	DQB1	four_field	complete	1	1	1	2	DQB1*03:03:02:01	DQB1*05:03:01:01
HG03927	SAS	HG03925	asian_matched:DogoHLA	DRB1	two_field	complete	1	1	1	2	DRB1*14:04:01:01	DRB1*07:01:01:02
HG03927	SAS	HG03925	asian_matched:DogoHLA	DRB1	four_field	complete	0	0	0	0	DRB1*14:04:01:01	DRB1*07:01:01:02
HG03927	SAS	HG03925	asian_matched:DogoHLA-no-graph	A	two_field	complete	1	1	0	0	A*23:156	A*24:33:01
HG03927	SAS	HG03925	asian_matched:DogoHLA-no-graph	A	four_field	complete	1	0	0	0	A*23:156	A*24:33:01
HG03927	SAS	HG03925	asian_matched:DogoHLA-no-graph	B	two_field	complete	1	1	1	2	B*15:08:01:01	B*52:01:01:01
HG03927	SAS	HG03925	asian_matched:DogoHLA-no-graph	B	four_field	complete	1	1	1	2	B*15:08:01:01	B*52:01:01:01
HG03927	SAS	HG03925	asian_matched:DogoHLA-no-graph	C	two_field	complete	1	1	1	2	C*01:02:01:01	C*12:02:02:01
HG03927	SAS	HG03925	asian_matched:DogoHLA-no-graph	C	four_field	complete	1	1	1	2	C*01:02:01:01	C*12:02:02:01
HG03927	SAS	HG03925	asian_matched:DogoHLA-no-graph	DPA1	two_field	complete	1	1	1	2	DPA1*01:03:01:02	DPA1*01:03:01:01
HG03927	SAS	HG03925	asian_matched:DogoHLA-no-graph	DPA1	four_field	complete	1	1	0	1	DPA1*01:03:01:02	DPA1*01:03:01:01
HG03927	SAS	HG03925	asian_matched:DogoHLA-no-graph	DPB1	two_field	complete	1	1	0	0	DPB1*416:01:01:01	DPB1*105:01:01:01
HG03927	SAS	HG03925	asian_matched:DogoHLA-no-graph	DPB1	four_field	complete	1	1	0	0	DPB1*416:01:01:01	DPB1*105:01:01:01
HG03927	SAS	HG03925	asian_matched:DogoHLA-no-graph	DQA1	two_field	complete	1	1	1	2	DQA1*01:04:02:02	DQA1*02:01:01:01
HG03927	SAS	HG03925	asian_matched:DogoHLA-no-graph	DQA1	four_field	complete	0	0	0	0	DQA1*01:04:02:02	DQA1*02:01:01:01
HG03927	SAS	HG03925	asian_matched:DogoHLA-no-graph	DQB1	two_field	complete	1	1	1	2	DQB1*03:03:02:01	DQB1*05:03:01:01
HG03927	SAS	HG03925	asian_matched:DogoHLA-no-graph	DQB1	four_field	complete	1	1	1	2	DQB1*03:03:02:01	DQB1*05:03:01:01
HG03927	SAS	HG03925	asian_matched:DogoHLA-no-graph	DRB1	two_field	complete	1	1	1	2	DRB1*14:04:01:01	DRB1*07:01:01:02
HG03927	SAS	HG03925	asian_matched:DogoHLA-no-graph	DRB1	four_field	complete	0	0	0	0	DRB1*14:04:01:01	DRB1*07:01:01:02
NA18952	EAS	NA18952	SpecHLA-IPD365-noFreq	A	two_field	complete	1	1	0	0	A*23:156	A*31:08
NA18952	EAS	NA18952	SpecHLA-IPD365-noFreq	A	four_field	complete	1	0	0	0	A*23:156	A*31:08
NA18952	EAS	NA18952	SpecHLA-IPD365-noFreq	B	two_field	complete	1	1	1	2	B*07:02:01:01	B*51:01:01:01
NA18952	EAS	NA18952	SpecHLA-IPD365-noFreq	B	four_field	complete	1	1	1	2	B*07:02:01:01	B*51:01:01:01
NA18952	EAS	NA18952	SpecHLA-IPD365-noFreq	C	two_field	complete	1	1	1	2	C*14:02:01:01	C*07:02:01:03
NA18952	EAS	NA18952	SpecHLA-IPD365-noFreq	C	four_field	complete	1	1	1	2	C*14:02:01:01	C*07:02:01:03
NA18952	EAS	NA18952	SpecHLA-IPD365-noFreq	DPA1	two_field	complete	1	1	0	1	DPA1*02:01:08:03	DPA1*02:07:04
NA18952	EAS	NA18952	SpecHLA-IPD365-noFreq	DPA1	four_field	complete	0	0	0	0	DPA1*02:01:08:03	DPA1*02:07:04
NA18952	EAS	NA18952	SpecHLA-IPD365-noFreq	DPB1	two_field	complete	1	1	1	2	DPB1*05:01:01:01	DPB1*05:01:01:01
NA18952	EAS	NA18952	SpecHLA-IPD365-noFreq	DPB1	four_field	complete	0	0	0	0	DPB1*05:01:01:01	DPB1*05:01:01:01
NA18952	EAS	NA18952	SpecHLA-IPD365-noFreq	DQA1	two_field	complete	1	1	1	2	DQA1*01:04:01:01	DQA1*03:02:01:01
NA18952	EAS	NA18952	SpecHLA-IPD365-noFreq	DQA1	four_field	complete	1	1	0	1	DQA1*01:04:01:01	DQA1*03:02:01:01
NA18952	EAS	NA18952	SpecHLA-IPD365-noFreq	DQB1	two_field	complete	1	1	1	2	DQB1*05:03:01:04	DQB1*03:03:02:01
NA18952	EAS	NA18952	SpecHLA-IPD365-noFreq	DQB1	four_field	complete	1	1	0	1	DQB1*05:03:01:04	DQB1*03:03:02:01
NA18952	EAS	NA18952	SpecHLA-IPD365-noFreq	DRB1	two_field	complete	1	1	1	2	DRB1*09:01:02:03	DRB1*14:54:01:04
NA18952	EAS	NA18952	SpecHLA-IPD365-noFreq	DRB1	four_field	complete	0	0	0	0	DRB1*09:01:02:03	DRB1*14:54:01:04
NA18952	EAS	NA18952	SpecHLA-IPD365-long-noFreq	A	two_field	complete	1	1	0	0	A*23:156	A*31:08
NA18952	EAS	NA18952	SpecHLA-IPD365-long-noFreq	A	four_field	complete	1	0	0	0	A*23:156	A*31:08
NA18952	EAS	NA18952	SpecHLA-IPD365-long-noFreq	B	two_field	complete	1	1	1	2	B*07:02:01:01	B*51:01:01:01
NA18952	EAS	NA18952	SpecHLA-IPD365-long-noFreq	B	four_field	complete	1	1	1	2	B*07:02:01:01	B*51:01:01:01
NA18952	EAS	NA18952	SpecHLA-IPD365-long-noFreq	C	two_field	complete	1	1	1	2	C*14:02:01:01	C*07:02:01:03
NA18952	EAS	NA18952	SpecHLA-IPD365-long-noFreq	C	four_field	complete	1	1	1	2	C*14:02:01:01	C*07:02:01:03
NA18952	EAS	NA18952	SpecHLA-IPD365-long-noFreq	DPA1	two_field	complete	1	1	0	1	DPA1*02:01:08:03	DPA1*02:07:04
NA18952	EAS	NA18952	SpecHLA-IPD365-long-noFreq	DPA1	four_field	complete	0	0	0	0	DPA1*02:01:08:03	DPA1*02:07:04
NA18952	EAS	NA18952	SpecHLA-IPD365-long-noFreq	DPB1	two_field	complete	1	1	1	2	DPB1*05:01:01:01	DPB1*05:01:01:01
NA18952	EAS	NA18952	SpecHLA-IPD365-long-noFreq	DPB1	four_field	complete	0	0	0	0	DPB1*05:01:01:01	DPB1*05:01:01:01
NA18952	EAS	NA18952	SpecHLA-IPD365-long-noFreq	DQA1	two_field	complete	1	1	1	2	DQA1*01:04:01:01	DQA1*03:02:01:01
NA18952	EAS	NA18952	SpecHLA-IPD365-long-noFreq	DQA1	four_field	complete	1	1	0	1	DQA1*01:04:01:01	DQA1*03:02:01:01
NA18952	EAS	NA18952	SpecHLA-IPD365-long-noFreq	DQB1	two_field	complete	1	1	1	2	DQB1*05:03:01:04	DQB1*03:03:02:03
NA18952	EAS	NA18952	SpecHLA-IPD365-long-noFreq	DQB1	four_field	complete	1	1	1	2	DQB1*05:03:01:04	DQB1*03:03:02:03
NA18952	EAS	NA18952	SpecHLA-IPD365-long-noFreq	DRB1	two_field	complete	1	1	1	2	DRB1*09:01:02:03	DRB1*14:54
NA18952	EAS	NA18952	SpecHLA-IPD365-long-noFreq	DRB1	four_field	complete	0	0	0	0	DRB1*09:01:02:03	DRB1*14:54
NA18952	EAS	NA18952	T1K-four-field	A	two_field	complete	1	1	1	2	A*31:01:02:01	A*24:02:01:01
NA18952	EAS	NA18952	T1K-four-field	A	four_field	complete	1	1	1	2	A*31:01:02:01	A*24:02:01:01
NA18952	EAS	NA18952	T1K-four-field	B	two_field	complete	1	1	1	2	B*51:01:01:01,HLA-B*51:01:01:80	B*07:02:01:01
NA18952	EAS	NA18952	T1K-four-field	B	four_field	complete	1	1	0	1	B*51:01:01:01,HLA-B*51:01:01:80	B*07:02:01:01
NA18952	EAS	NA18952	T1K-four-field	C	two_field	complete	1	1	1	2	C*07:02:01:03	C*14:02:01:01
NA18952	EAS	NA18952	T1K-four-field	C	four_field	complete	1	1	1	2	C*07:02:01:03	C*14:02:01:01
NA18952	EAS	NA18952	T1K-four-field	DPA1	two_field	complete	1	1	1	2	DPA1*02:02:02:01	DPA1*02:01:01:01
NA18952	EAS	NA18952	T1K-four-field	DPA1	four_field	complete	0	0	0	0	DPA1*02:02:02:01	DPA1*02:01:01:01
NA18952	EAS	NA18952	T1K-four-field	DPB1	two_field	complete	1	1	1	2	DPB1*05:01:01:01	DPB1*05:01:01:01
NA18952	EAS	NA18952	T1K-four-field	DPB1	four_field	complete	0	0	0	0	DPB1*05:01:01:01	DPB1*05:01:01:01
NA18952	EAS	NA18952	T1K-four-field	DQA1	two_field	complete	1	1	1	2	DQA1*01:04:01:01	DQA1*03:02:01:01
NA18952	EAS	NA18952	T1K-four-field	DQA1	four_field	complete	1	1	0	1	DQA1*01:04:01:01	DQA1*03:02:01:01
NA18952	EAS	NA18952	T1K-four-field	DQB1	two_field	complete	1	1	1	2	DQB1*05:03:01:04	DQB1*03:03:02:02
NA18952	EAS	NA18952	T1K-four-field	DQB1	four_field	complete	1	1	0	1	DQB1*05:03:01:04	DQB1*03:03:02:02
NA18952	EAS	NA18952	T1K-four-field	DRB1	two_field	complete	1	1	1	2	DRB1*09:01:02:01	DRB1*14:54:01:09
NA18952	EAS	NA18952	T1K-four-field	DRB1	four_field	complete	0	0	0	0	DRB1*09:01:02:01	DRB1*14:54:01:09
NA18952	EAS	NA18952	full:DogoHLA	A	two_field	complete	1	1	0	0	A*24:11N	A*31:193
NA18952	EAS	NA18952	full:DogoHLA	A	four_field	complete	1	0	0	0	A*24:11N	A*31:193
NA18952	EAS	NA18952	full:DogoHLA	B	two_field	complete	1	1	1	2	B*07:02:01:01	B*51:01:01:01
NA18952	EAS	NA18952	full:DogoHLA	B	four_field	complete	1	1	1	2	B*07:02:01:01	B*51:01:01:01
NA18952	EAS	NA18952	full:DogoHLA	C	two_field	complete	1	1	1	2	C*14:02:01:01	C*07:02:01:03
NA18952	EAS	NA18952	full:DogoHLA	C	four_field	complete	1	1	1	2	C*14:02:01:01	C*07:02:01:03
NA18952	EAS	NA18952	full:DogoHLA	DPA1	two_field	complete	1	1	1	2	DPA1*02:02:02:01	DPA1*02:01:01:01
NA18952	EAS	NA18952	full:DogoHLA	DPA1	four_field	complete	0	0	0	0	DPA1*02:02:02:01	DPA1*02:01:01:01
NA18952	EAS	NA18952	full:DogoHLA	DPB1	two_field	complete	1	1	1	2	DPB1*05:01:01:01	DPB1*05:01:01:01
NA18952	EAS	NA18952	full:DogoHLA	DPB1	four_field	complete	0	0	0	0	DPB1*05:01:01:01	DPB1*05:01:01:01
NA18952	EAS	NA18952	full:DogoHLA	DQA1	two_field	complete	1	1	1	2	DQA1*01:04:01:01	DQA1*03:02:01:01
NA18952	EAS	NA18952	full:DogoHLA	DQA1	four_field	complete	1	1	0	1	DQA1*01:04:01:01	DQA1*03:02:01:01
NA18952	EAS	NA18952	full:DogoHLA	DQB1	two_field	complete	1	1	1	2	DQB1*03:03:02:01	DQB1*05:03:01:04
NA18952	EAS	NA18952	full:DogoHLA	DQB1	four_field	complete	1	1	0	1	DQB1*03:03:02:01	DQB1*05:03:01:04
NA18952	EAS	NA18952	full:DogoHLA	DRB1	two_field	complete	1	1	1	2	DRB1*09:01:02:03	DRB1*14:54:01:04
NA18952	EAS	NA18952	full:DogoHLA	DRB1	four_field	complete	0	0	0	0	DRB1*09:01:02:03	DRB1*14:54:01:04
NA18952	EAS	NA18952	full:DogoHLA-no-graph	A	two_field	complete	1	1	0	0	A*24:11N	A*31:193
NA18952	EAS	NA18952	full:DogoHLA-no-graph	A	four_field	complete	1	0	0	0	A*24:11N	A*31:193
NA18952	EAS	NA18952	full:DogoHLA-no-graph	B	two_field	complete	1	1	1	2	B*07:02:01:01	B*51:01:01:01
NA18952	EAS	NA18952	full:DogoHLA-no-graph	B	four_field	complete	1	1	1	2	B*07:02:01:01	B*51:01:01:01
NA18952	EAS	NA18952	full:DogoHLA-no-graph	C	two_field	complete	1	1	1	2	C*14:02:01:01	C*07:02:01:03
NA18952	EAS	NA18952	full:DogoHLA-no-graph	C	four_field	complete	1	1	1	2	C*14:02:01:01	C*07:02:01:03
NA18952	EAS	NA18952	full:DogoHLA-no-graph	DPA1	two_field	complete	1	1	1	2	DPA1*02:02:02:01	DPA1*02:01:01:01
NA18952	EAS	NA18952	full:DogoHLA-no-graph	DPA1	four_field	complete	0	0	0	0	DPA1*02:02:02:01	DPA1*02:01:01:01
NA18952	EAS	NA18952	full:DogoHLA-no-graph	DPB1	two_field	complete	1	1	1	2	DPB1*05:01:01:01	DPB1*05:01:01:01
NA18952	EAS	NA18952	full:DogoHLA-no-graph	DPB1	four_field	complete	0	0	0	0	DPB1*05:01:01:01	DPB1*05:01:01:01
NA18952	EAS	NA18952	full:DogoHLA-no-graph	DQA1	two_field	complete	1	1	1	2	DQA1*01:04:01:01	DQA1*03:02:01:01
NA18952	EAS	NA18952	full:DogoHLA-no-graph	DQA1	four_field	complete	1	1	0	1	DQA1*01:04:01:01	DQA1*03:02:01:01
NA18952	EAS	NA18952	full:DogoHLA-no-graph	DQB1	two_field	complete	1	1	1	2	DQB1*03:03:02:01	DQB1*05:03:01:04
NA18952	EAS	NA18952	full:DogoHLA-no-graph	DQB1	four_field	complete	1	1	0	1	DQB1*03:03:02:01	DQB1*05:03:01:04
NA18952	EAS	NA18952	full:DogoHLA-no-graph	DRB1	two_field	complete	1	1	1	2	DRB1*09:01:02:03	DRB1*14:54:01:04
NA18952	EAS	NA18952	full:DogoHLA-no-graph	DRB1	four_field	complete	0	0	0	0	DRB1*09:01:02:03	DRB1*14:54:01:04
NA18952	EAS	NA18952	hprc:DogoHLA	A	two_field	complete	1	1	0	0	A*24:11N	A*31:193
NA18952	EAS	NA18952	hprc:DogoHLA	A	four_field	complete	1	0	0	0	A*24:11N	A*31:193
NA18952	EAS	NA18952	hprc:DogoHLA	B	two_field	complete	1	1	1	2	B*07:02:01:01	B*51:01:01:01
NA18952	EAS	NA18952	hprc:DogoHLA	B	four_field	complete	1	1	1	2	B*07:02:01:01	B*51:01:01:01
NA18952	EAS	NA18952	hprc:DogoHLA	C	two_field	complete	1	1	1	2	C*14:02:01:01	C*07:02:01:03
NA18952	EAS	NA18952	hprc:DogoHLA	C	four_field	complete	1	1	1	2	C*14:02:01:01	C*07:02:01:03
NA18952	EAS	NA18952	hprc:DogoHLA	DPA1	two_field	complete	1	1	1	2	DPA1*02:02:02:01	DPA1*02:01:01:01
NA18952	EAS	NA18952	hprc:DogoHLA	DPA1	four_field	complete	0	0	0	0	DPA1*02:02:02:01	DPA1*02:01:01:01
NA18952	EAS	NA18952	hprc:DogoHLA	DPB1	two_field	complete	1	1	1	2	DPB1*05:01:01:01	DPB1*05:01:01:01
NA18952	EAS	NA18952	hprc:DogoHLA	DPB1	four_field	complete	0	0	0	0	DPB1*05:01:01:01	DPB1*05:01:01:01
NA18952	EAS	NA18952	hprc:DogoHLA	DQA1	two_field	complete	1	1	1	2	DQA1*01:04:01:01	DQA1*03:02:01:01
NA18952	EAS	NA18952	hprc:DogoHLA	DQA1	four_field	complete	1	1	0	1	DQA1*01:04:01:01	DQA1*03:02:01:01
NA18952	EAS	NA18952	hprc:DogoHLA	DQB1	two_field	complete	1	1	1	2	DQB1*03:03:02:01	DQB1*05:03:01:04
NA18952	EAS	NA18952	hprc:DogoHLA	DQB1	four_field	complete	1	1	0	1	DQB1*03:03:02:01	DQB1*05:03:01:04
NA18952	EAS	NA18952	hprc:DogoHLA	DRB1	two_field	complete	1	1	1	2	DRB1*09:01:02:03	DRB1*14:54:01:04
NA18952	EAS	NA18952	hprc:DogoHLA	DRB1	four_field	complete	0	0	0	0	DRB1*09:01:02:03	DRB1*14:54:01:04
NA18952	EAS	NA18952	hprc:DogoHLA-no-graph	A	two_field	complete	1	1	0	0	A*24:11N	A*31:193
NA18952	EAS	NA18952	hprc:DogoHLA-no-graph	A	four_field	complete	1	0	0	0	A*24:11N	A*31:193
NA18952	EAS	NA18952	hprc:DogoHLA-no-graph	B	two_field	complete	1	1	1	2	B*07:02:01:01	B*51:01:01:01
NA18952	EAS	NA18952	hprc:DogoHLA-no-graph	B	four_field	complete	1	1	1	2	B*07:02:01:01	B*51:01:01:01
NA18952	EAS	NA18952	hprc:DogoHLA-no-graph	C	two_field	complete	1	1	1	2	C*14:02:01:01	C*07:02:01:03
NA18952	EAS	NA18952	hprc:DogoHLA-no-graph	C	four_field	complete	1	1	1	2	C*14:02:01:01	C*07:02:01:03
NA18952	EAS	NA18952	hprc:DogoHLA-no-graph	DPA1	two_field	complete	1	1	1	2	DPA1*02:02:02:01	DPA1*02:01:01:01
NA18952	EAS	NA18952	hprc:DogoHLA-no-graph	DPA1	four_field	complete	0	0	0	0	DPA1*02:02:02:01	DPA1*02:01:01:01
NA18952	EAS	NA18952	hprc:DogoHLA-no-graph	DPB1	two_field	complete	1	1	1	2	DPB1*05:01:01:01	DPB1*05:01:01:01
NA18952	EAS	NA18952	hprc:DogoHLA-no-graph	DPB1	four_field	complete	0	0	0	0	DPB1*05:01:01:01	DPB1*05:01:01:01
NA18952	EAS	NA18952	hprc:DogoHLA-no-graph	DQA1	two_field	complete	1	1	1	2	DQA1*01:04:01:01	DQA1*03:02:01:01
NA18952	EAS	NA18952	hprc:DogoHLA-no-graph	DQA1	four_field	complete	1	1	0	1	DQA1*01:04:01:01	DQA1*03:02:01:01
NA18952	EAS	NA18952	hprc:DogoHLA-no-graph	DQB1	two_field	complete	1	1	1	2	DQB1*03:03:02:01	DQB1*05:03:01:04
NA18952	EAS	NA18952	hprc:DogoHLA-no-graph	DQB1	four_field	complete	1	1	0	1	DQB1*03:03:02:01	DQB1*05:03:01:04
NA18952	EAS	NA18952	hprc:DogoHLA-no-graph	DRB1	two_field	complete	1	1	1	2	DRB1*09:01:02:03	DRB1*14:54:01:04
NA18952	EAS	NA18952	hprc:DogoHLA-no-graph	DRB1	four_field	complete	0	0	0	0	DRB1*09:01:02:03	DRB1*14:54:01:04
NA18952	EAS	NA18952	asian_matched:DogoHLA	A	two_field	complete	1	1	0	0	A*24:11N	A*31:193
NA18952	EAS	NA18952	asian_matched:DogoHLA	A	four_field	complete	1	0	0	0	A*24:11N	A*31:193
NA18952	EAS	NA18952	asian_matched:DogoHLA	B	two_field	complete	1	1	1	2	B*07:02:01:01	B*51:01:01:01
NA18952	EAS	NA18952	asian_matched:DogoHLA	B	four_field	complete	1	1	1	2	B*07:02:01:01	B*51:01:01:01
NA18952	EAS	NA18952	asian_matched:DogoHLA	C	two_field	complete	1	1	1	2	C*14:02:01:01	C*07:02:01:03
NA18952	EAS	NA18952	asian_matched:DogoHLA	C	four_field	complete	1	1	1	2	C*14:02:01:01	C*07:02:01:03
NA18952	EAS	NA18952	asian_matched:DogoHLA	DPA1	two_field	complete	1	1	1	2	DPA1*02:02:02:01	DPA1*02:01:01:01
NA18952	EAS	NA18952	asian_matched:DogoHLA	DPA1	four_field	complete	0	0	0	0	DPA1*02:02:02:01	DPA1*02:01:01:01
NA18952	EAS	NA18952	asian_matched:DogoHLA	DPB1	two_field	complete	1	1	1	2	DPB1*05:01:01:01	DPB1*05:01:01:01
NA18952	EAS	NA18952	asian_matched:DogoHLA	DPB1	four_field	complete	0	0	0	0	DPB1*05:01:01:01	DPB1*05:01:01:01
NA18952	EAS	NA18952	asian_matched:DogoHLA	DQA1	two_field	complete	1	1	1	2	DQA1*01:04:01:01	DQA1*03:02:01:01
NA18952	EAS	NA18952	asian_matched:DogoHLA	DQA1	four_field	complete	1	1	0	1	DQA1*01:04:01:01	DQA1*03:02:01:01
NA18952	EAS	NA18952	asian_matched:DogoHLA	DQB1	two_field	complete	1	1	1	2	DQB1*03:03:02:01	DQB1*05:03:01:04
NA18952	EAS	NA18952	asian_matched:DogoHLA	DQB1	four_field	complete	1	1	0	1	DQB1*03:03:02:01	DQB1*05:03:01:04
NA18952	EAS	NA18952	asian_matched:DogoHLA	DRB1	two_field	complete	1	1	1	2	DRB1*09:01:02:03	DRB1*14:54:01:04
NA18952	EAS	NA18952	asian_matched:DogoHLA	DRB1	four_field	complete	0	0	0	0	DRB1*09:01:02:03	DRB1*14:54:01:04
NA18952	EAS	NA18952	asian_matched:DogoHLA-no-graph	A	two_field	complete	1	1	0	0	A*24:11N	A*31:193
NA18952	EAS	NA18952	asian_matched:DogoHLA-no-graph	A	four_field	complete	1	0	0	0	A*24:11N	A*31:193
NA18952	EAS	NA18952	asian_matched:DogoHLA-no-graph	B	two_field	complete	1	1	1	2	B*07:02:01:01	B*51:01:01:01
NA18952	EAS	NA18952	asian_matched:DogoHLA-no-graph	B	four_field	complete	1	1	1	2	B*07:02:01:01	B*51:01:01:01
NA18952	EAS	NA18952	asian_matched:DogoHLA-no-graph	C	two_field	complete	1	1	1	2	C*14:02:01:01	C*07:02:01:03
NA18952	EAS	NA18952	asian_matched:DogoHLA-no-graph	C	four_field	complete	1	1	1	2	C*14:02:01:01	C*07:02:01:03
NA18952	EAS	NA18952	asian_matched:DogoHLA-no-graph	DPA1	two_field	complete	1	1	1	2	DPA1*02:02:02:01	DPA1*02:01:01:01
NA18952	EAS	NA18952	asian_matched:DogoHLA-no-graph	DPA1	four_field	complete	0	0	0	0	DPA1*02:02:02:01	DPA1*02:01:01:01
NA18952	EAS	NA18952	asian_matched:DogoHLA-no-graph	DPB1	two_field	complete	1	1	1	2	DPB1*05:01:01:01	DPB1*05:01:01:01
NA18952	EAS	NA18952	asian_matched:DogoHLA-no-graph	DPB1	four_field	complete	0	0	0	0	DPB1*05:01:01:01	DPB1*05:01:01:01
NA18952	EAS	NA18952	asian_matched:DogoHLA-no-graph	DQA1	two_field	complete	1	1	1	2	DQA1*01:04:01:01	DQA1*03:02:01:01
NA18952	EAS	NA18952	asian_matched:DogoHLA-no-graph	DQA1	four_field	complete	1	1	0	1	DQA1*01:04:01:01	DQA1*03:02:01:01
NA18952	EAS	NA18952	asian_matched:DogoHLA-no-graph	DQB1	two_field	complete	1	1	1	2	DQB1*03:03:02:01	DQB1*05:03:01:04
NA18952	EAS	NA18952	asian_matched:DogoHLA-no-graph	DQB1	four_field	complete	1	1	0	1	DQB1*03:03:02:01	DQB1*05:03:01:04
NA18952	EAS	NA18952	asian_matched:DogoHLA-no-graph	DRB1	two_field	complete	1	1	1	2	DRB1*09:01:02:03	DRB1*14:54:01:04
NA18952	EAS	NA18952	asian_matched:DogoHLA-no-graph	DRB1	four_field	complete	0	0	0	0	DRB1*09:01:02:03	DRB1*14:54:01:04
NA21106	SAS	NA21106	SpecHLA-IPD365-noFreq	A	two_field	complete	1	1	0	1	A*11:335:01	A*32:01:01:01
NA21106	SAS	NA21106	SpecHLA-IPD365-noFreq	A	four_field	complete	1	0	0	1	A*11:335:01	A*32:01:01:01
NA21106	SAS	NA21106	SpecHLA-IPD365-noFreq	B	two_field	complete	1	1	1	2	B*57:01:01:01	B*52:01:01:02
NA21106	SAS	NA21106	SpecHLA-IPD365-noFreq	B	four_field	complete	1	1	1	2	B*57:01:01:01	B*52:01:01:02
NA21106	SAS	NA21106	SpecHLA-IPD365-noFreq	C	two_field	complete	1	1	1	2	C*12:02:02:01	C*06:02:01:01
NA21106	SAS	NA21106	SpecHLA-IPD365-noFreq	C	four_field	complete	1	1	1	2	C*12:02:02:01	C*06:02:01:01
NA21106	SAS	NA21106	SpecHLA-IPD365-noFreq	DPA1	two_field	complete	1	1	1	2	DPA1*01:03:01:01	DPA1*01:03:01:01
NA21106	SAS	NA21106	SpecHLA-IPD365-noFreq	DPA1	four_field	complete	1	1	1	2	DPA1*01:03:01:01	DPA1*01:03:01:01
NA21106	SAS	NA21106	SpecHLA-IPD365-noFreq	DPB1	two_field	complete	1	1	1	2	DPB1*02:01:02:01	DPB1*02:01:02:01
NA21106	SAS	NA21106	SpecHLA-IPD365-noFreq	DPB1	four_field	complete	0	0	0	0	DPB1*02:01:02:01	DPB1*02:01:02:01
NA21106	SAS	NA21106	SpecHLA-IPD365-noFreq	DQA1	two_field	complete	1	1	1	2	DQA1*01:03:03	DQA1*01:03:01:01
NA21106	SAS	NA21106	SpecHLA-IPD365-noFreq	DQA1	four_field	complete	1	0	0	1	DQA1*01:03:03	DQA1*01:03:01:01
NA21106	SAS	NA21106	SpecHLA-IPD365-noFreq	DQB1	two_field	complete	1	1	1	2	DQB1*06:01:01:01	DQB1*06:01:01:01
NA21106	SAS	NA21106	SpecHLA-IPD365-noFreq	DQB1	four_field	complete	1	1	1	2	DQB1*06:01:01:01	DQB1*06:01:01:01
NA21106	SAS	NA21106	SpecHLA-IPD365-noFreq	DRB1	two_field	complete	1	1	1	2	DRB1*15:02:01:03	DRB1*15:01:01:25
NA21106	SAS	NA21106	SpecHLA-IPD365-noFreq	DRB1	four_field	complete	0	0	0	0	DRB1*15:02:01:03	DRB1*15:01:01:25
NA21106	SAS	NA21106	SpecHLA-IPD365-long-noFreq	A	two_field	complete	1	1	0	1	A*11:335:01	A*32:01:01:01
NA21106	SAS	NA21106	SpecHLA-IPD365-long-noFreq	A	four_field	complete	1	0	0	1	A*11:335:01	A*32:01:01:01
NA21106	SAS	NA21106	SpecHLA-IPD365-long-noFreq	B	two_field	complete	1	1	1	2	B*57:01:01:01	B*52:01:01:02
NA21106	SAS	NA21106	SpecHLA-IPD365-long-noFreq	B	four_field	complete	1	1	1	2	B*57:01:01:01	B*52:01:01:02
NA21106	SAS	NA21106	SpecHLA-IPD365-long-noFreq	C	two_field	complete	1	1	1	2	C*12:02:02:01	C*06:02:01:01
NA21106	SAS	NA21106	SpecHLA-IPD365-long-noFreq	C	four_field	complete	1	1	1	2	C*12:02:02:01	C*06:02:01:01
NA21106	SAS	NA21106	SpecHLA-IPD365-long-noFreq	DPA1	two_field	complete	1	1	1	2	DPA1*01:03:01:01	DPA1*01:03:01:01
NA21106	SAS	NA21106	SpecHLA-IPD365-long-noFreq	DPA1	four_field	complete	1	1	1	2	DPA1*01:03:01:01	DPA1*01:03:01:01
NA21106	SAS	NA21106	SpecHLA-IPD365-long-noFreq	DPB1	two_field	complete	1	1	1	2	DPB1*02:01:02:01	DPB1*02:01:02:01
NA21106	SAS	NA21106	SpecHLA-IPD365-long-noFreq	DPB1	four_field	complete	0	0	0	0	DPB1*02:01:02:01	DPB1*02:01:02:01
NA21106	SAS	NA21106	SpecHLA-IPD365-long-noFreq	DQA1	two_field	complete	1	1	1	2	DQA1*01:03:03	DQA1*01:03:01:01
NA21106	SAS	NA21106	SpecHLA-IPD365-long-noFreq	DQA1	four_field	complete	1	0	0	1	DQA1*01:03:03	DQA1*01:03:01:01
NA21106	SAS	NA21106	SpecHLA-IPD365-long-noFreq	DQB1	two_field	complete	1	1	1	2	DQB1*06:01:01:01	DQB1*06:01:01:01
NA21106	SAS	NA21106	SpecHLA-IPD365-long-noFreq	DQB1	four_field	complete	1	1	1	2	DQB1*06:01:01:01	DQB1*06:01:01:01
NA21106	SAS	NA21106	SpecHLA-IPD365-long-noFreq	DRB1	two_field	complete	1	1	1	2	DRB1*15:02:01:03	DRB1*15:01:01:25
NA21106	SAS	NA21106	SpecHLA-IPD365-long-noFreq	DRB1	four_field	complete	0	0	0	0	DRB1*15:02:01:03	DRB1*15:01:01:25
NA21106	SAS	NA21106	T1K-four-field	A	two_field	complete	1	1	1	2	A*11:01:01:01	A*32:01:01:01
NA21106	SAS	NA21106	T1K-four-field	A	four_field	complete	1	1	1	2	A*11:01:01:01	A*32:01:01:01
NA21106	SAS	NA21106	T1K-four-field	B	two_field	complete	1	1	1	2	B*57:01:01:01	B*52:01:01:01
NA21106	SAS	NA21106	T1K-four-field	B	four_field	complete	1	1	0	1	B*57:01:01:01	B*52:01:01:01
NA21106	SAS	NA21106	T1K-four-field	C	two_field	complete	1	1	1	2	C*06:02:01:01	C*12:02:02:01
NA21106	SAS	NA21106	T1K-four-field	C	four_field	complete	1	1	1	2	C*06:02:01:01	C*12:02:02:01
NA21106	SAS	NA21106	T1K-four-field	DPA1	two_field	complete	1	1	1	2	DPA1*01:03:01:01	DPA1*01:03:01:01
NA21106	SAS	NA21106	T1K-four-field	DPA1	four_field	complete	1	1	1	2	DPA1*01:03:01:01	DPA1*01:03:01:01
NA21106	SAS	NA21106	T1K-four-field	DPB1	two_field	complete	1	1	1	2	DPB1*02:01:02:77	DPB1*02:01:02:01
NA21106	SAS	NA21106	T1K-four-field	DPB1	four_field	complete	0	0	0	0	DPB1*02:01:02:77	DPB1*02:01:02:01
NA21106	SAS	NA21106	T1K-four-field	DQA1	two_field	complete	1	1	1	2	DQA1*01:03:01:01	DQA1*01:03:01:01
NA21106	SAS	NA21106	T1K-four-field	DQA1	four_field	complete	1	1	1	2	DQA1*01:03:01:01	DQA1*01:03:01:01
NA21106	SAS	NA21106	T1K-four-field	DQB1	two_field	complete	1	1	1	2	DQB1*06:01:01:01	DQB1*06:01:01:01
NA21106	SAS	NA21106	T1K-four-field	DQB1	four_field	complete	1	1	1	2	DQB1*06:01:01:01	DQB1*06:01:01:01
NA21106	SAS	NA21106	T1K-four-field	DRB1	two_field	complete	1	1	1	2	DRB1*15:01:01:03	DRB1*15:02:01:03
NA21106	SAS	NA21106	T1K-four-field	DRB1	four_field	complete	0	0	0	0	DRB1*15:01:01:03	DRB1*15:02:01:03
NA21106	SAS	NA21106	full:DogoHLA	A	two_field	complete	1	1	0	1	A*32:01:01:01	A*11:335:01
NA21106	SAS	NA21106	full:DogoHLA	A	four_field	complete	1	0	0	1	A*32:01:01:01	A*11:335:01
NA21106	SAS	NA21106	full:DogoHLA	B	two_field	complete	1	1	1	2	B*52:01:01:02	B*57:01:01:01
NA21106	SAS	NA21106	full:DogoHLA	B	four_field	complete	1	1	1	2	B*52:01:01:02	B*57:01:01:01
NA21106	SAS	NA21106	full:DogoHLA	C	two_field	complete	1	1	1	2	C*06:02:01:01	C*12:02:02:01
NA21106	SAS	NA21106	full:DogoHLA	C	four_field	complete	1	1	1	2	C*06:02:01:01	C*12:02:02:01
NA21106	SAS	NA21106	full:DogoHLA	DPA1	two_field	complete	1	1	1	2	DPA1*01:03:01:01	DPA1*01:03:01:01
NA21106	SAS	NA21106	full:DogoHLA	DPA1	four_field	complete	1	1	1	2	DPA1*01:03:01:01	DPA1*01:03:01:01
NA21106	SAS	NA21106	full:DogoHLA	DPB1	two_field	complete	1	1	1	2	DPB1*02:01:02:01	DPB1*02:01:02:01
NA21106	SAS	NA21106	full:DogoHLA	DPB1	four_field	complete	0	0	0	0	DPB1*02:01:02:01	DPB1*02:01:02:01
NA21106	SAS	NA21106	full:DogoHLA	DQA1	two_field	complete	1	1	1	2	DQA1*01:03:03	DQA1*01:03:01:01
NA21106	SAS	NA21106	full:DogoHLA	DQA1	four_field	complete	1	0	0	1	DQA1*01:03:03	DQA1*01:03:01:01
NA21106	SAS	NA21106	full:DogoHLA	DQB1	two_field	complete	1	1	1	2	DQB1*06:01:01:01	DQB1*06:01:01:01
NA21106	SAS	NA21106	full:DogoHLA	DQB1	four_field	complete	1	1	1	2	DQB1*06:01:01:01	DQB1*06:01:01:01
NA21106	SAS	NA21106	full:DogoHLA	DRB1	two_field	complete	1	1	1	2	DRB1*15:02:01:03	DRB1*15:01:01:25
NA21106	SAS	NA21106	full:DogoHLA	DRB1	four_field	complete	0	0	0	0	DRB1*15:02:01:03	DRB1*15:01:01:25
NA21106	SAS	NA21106	full:DogoHLA-no-graph	A	two_field	complete	1	1	0	1	A*32:01:01:01	A*11:335:01
NA21106	SAS	NA21106	full:DogoHLA-no-graph	A	four_field	complete	1	0	0	1	A*32:01:01:01	A*11:335:01
NA21106	SAS	NA21106	full:DogoHLA-no-graph	B	two_field	complete	1	1	1	2	B*52:01:01:02	B*57:01:01:01
NA21106	SAS	NA21106	full:DogoHLA-no-graph	B	four_field	complete	1	1	1	2	B*52:01:01:02	B*57:01:01:01
NA21106	SAS	NA21106	full:DogoHLA-no-graph	C	two_field	complete	1	1	1	2	C*06:02:01:01	C*12:02:02:01
NA21106	SAS	NA21106	full:DogoHLA-no-graph	C	four_field	complete	1	1	1	2	C*06:02:01:01	C*12:02:02:01
NA21106	SAS	NA21106	full:DogoHLA-no-graph	DPA1	two_field	complete	1	1	1	2	DPA1*01:03:01:01	DPA1*01:03:01:01
NA21106	SAS	NA21106	full:DogoHLA-no-graph	DPA1	four_field	complete	1	1	1	2	DPA1*01:03:01:01	DPA1*01:03:01:01
NA21106	SAS	NA21106	full:DogoHLA-no-graph	DPB1	two_field	complete	1	1	1	2	DPB1*02:01:02:01	DPB1*02:01:02:01
NA21106	SAS	NA21106	full:DogoHLA-no-graph	DPB1	four_field	complete	0	0	0	0	DPB1*02:01:02:01	DPB1*02:01:02:01
NA21106	SAS	NA21106	full:DogoHLA-no-graph	DQA1	two_field	complete	1	1	1	2	DQA1*01:03:03	DQA1*01:03:01:01
NA21106	SAS	NA21106	full:DogoHLA-no-graph	DQA1	four_field	complete	1	0	0	1	DQA1*01:03:03	DQA1*01:03:01:01
NA21106	SAS	NA21106	full:DogoHLA-no-graph	DQB1	two_field	complete	1	1	1	2	DQB1*06:01:01:01	DQB1*06:01:01:01
NA21106	SAS	NA21106	full:DogoHLA-no-graph	DQB1	four_field	complete	1	1	1	2	DQB1*06:01:01:01	DQB1*06:01:01:01
NA21106	SAS	NA21106	full:DogoHLA-no-graph	DRB1	two_field	complete	1	1	1	2	DRB1*15:02:01:03	DRB1*15:01:01:25
NA21106	SAS	NA21106	full:DogoHLA-no-graph	DRB1	four_field	complete	0	0	0	0	DRB1*15:02:01:03	DRB1*15:01:01:25
NA21106	SAS	NA21106	hprc:DogoHLA	A	two_field	complete	1	1	0	1	A*32:01:01:01	A*11:335:01
NA21106	SAS	NA21106	hprc:DogoHLA	A	four_field	complete	1	0	0	1	A*32:01:01:01	A*11:335:01
NA21106	SAS	NA21106	hprc:DogoHLA	B	two_field	complete	1	1	1	2	B*52:01:01:02	B*57:01:01:01
NA21106	SAS	NA21106	hprc:DogoHLA	B	four_field	complete	1	1	1	2	B*52:01:01:02	B*57:01:01:01
NA21106	SAS	NA21106	hprc:DogoHLA	C	two_field	complete	1	1	1	2	C*06:02:01:01	C*12:02:02:01
NA21106	SAS	NA21106	hprc:DogoHLA	C	four_field	complete	1	1	1	2	C*06:02:01:01	C*12:02:02:01
NA21106	SAS	NA21106	hprc:DogoHLA	DPA1	two_field	complete	1	1	1	2	DPA1*01:03:01:01	DPA1*01:03:01:01
NA21106	SAS	NA21106	hprc:DogoHLA	DPA1	four_field	complete	1	1	1	2	DPA1*01:03:01:01	DPA1*01:03:01:01
NA21106	SAS	NA21106	hprc:DogoHLA	DPB1	two_field	complete	1	1	1	2	DPB1*02:01:02:01	DPB1*02:01:02:01
NA21106	SAS	NA21106	hprc:DogoHLA	DPB1	four_field	complete	0	0	0	0	DPB1*02:01:02:01	DPB1*02:01:02:01
NA21106	SAS	NA21106	hprc:DogoHLA	DQA1	two_field	complete	1	1	1	2	DQA1*01:03:03	DQA1*01:03:01:01
NA21106	SAS	NA21106	hprc:DogoHLA	DQA1	four_field	complete	1	0	0	1	DQA1*01:03:03	DQA1*01:03:01:01
NA21106	SAS	NA21106	hprc:DogoHLA	DQB1	two_field	complete	1	1	1	2	DQB1*06:01:01:01	DQB1*06:01:01:01
NA21106	SAS	NA21106	hprc:DogoHLA	DQB1	four_field	complete	1	1	1	2	DQB1*06:01:01:01	DQB1*06:01:01:01
NA21106	SAS	NA21106	hprc:DogoHLA	DRB1	two_field	complete	1	1	1	2	DRB1*15:02:01:03	DRB1*15:01:01:25
NA21106	SAS	NA21106	hprc:DogoHLA	DRB1	four_field	complete	0	0	0	0	DRB1*15:02:01:03	DRB1*15:01:01:25
NA21106	SAS	NA21106	hprc:DogoHLA-no-graph	A	two_field	complete	1	1	0	1	A*32:01:01:01	A*11:335:01
NA21106	SAS	NA21106	hprc:DogoHLA-no-graph	A	four_field	complete	1	0	0	1	A*32:01:01:01	A*11:335:01
NA21106	SAS	NA21106	hprc:DogoHLA-no-graph	B	two_field	complete	1	1	1	2	B*52:01:01:02	B*57:01:01:01
NA21106	SAS	NA21106	hprc:DogoHLA-no-graph	B	four_field	complete	1	1	1	2	B*52:01:01:02	B*57:01:01:01
NA21106	SAS	NA21106	hprc:DogoHLA-no-graph	C	two_field	complete	1	1	1	2	C*06:02:01:01	C*12:02:02:01
NA21106	SAS	NA21106	hprc:DogoHLA-no-graph	C	four_field	complete	1	1	1	2	C*06:02:01:01	C*12:02:02:01
NA21106	SAS	NA21106	hprc:DogoHLA-no-graph	DPA1	two_field	complete	1	1	1	2	DPA1*01:03:01:01	DPA1*01:03:01:01
NA21106	SAS	NA21106	hprc:DogoHLA-no-graph	DPA1	four_field	complete	1	1	1	2	DPA1*01:03:01:01	DPA1*01:03:01:01
NA21106	SAS	NA21106	hprc:DogoHLA-no-graph	DPB1	two_field	complete	1	1	1	2	DPB1*02:01:02:01	DPB1*02:01:02:01
NA21106	SAS	NA21106	hprc:DogoHLA-no-graph	DPB1	four_field	complete	0	0	0	0	DPB1*02:01:02:01	DPB1*02:01:02:01
NA21106	SAS	NA21106	hprc:DogoHLA-no-graph	DQA1	two_field	complete	1	1	1	2	DQA1*01:03:03	DQA1*01:03:01:01
NA21106	SAS	NA21106	hprc:DogoHLA-no-graph	DQA1	four_field	complete	1	0	0	1	DQA1*01:03:03	DQA1*01:03:01:01
NA21106	SAS	NA21106	hprc:DogoHLA-no-graph	DQB1	two_field	complete	1	1	1	2	DQB1*06:01:01:01	DQB1*06:01:01:01
NA21106	SAS	NA21106	hprc:DogoHLA-no-graph	DQB1	four_field	complete	1	1	1	2	DQB1*06:01:01:01	DQB1*06:01:01:01
NA21106	SAS	NA21106	hprc:DogoHLA-no-graph	DRB1	two_field	complete	1	1	1	2	DRB1*15:02:01:03	DRB1*15:01:01:25
NA21106	SAS	NA21106	hprc:DogoHLA-no-graph	DRB1	four_field	complete	0	0	0	0	DRB1*15:02:01:03	DRB1*15:01:01:25
NA21106	SAS	NA21106	asian_matched:DogoHLA	A	two_field	complete	1	1	0	1	A*32:01:01:01	A*11:335:01
NA21106	SAS	NA21106	asian_matched:DogoHLA	A	four_field	complete	1	0	0	1	A*32:01:01:01	A*11:335:01
NA21106	SAS	NA21106	asian_matched:DogoHLA	B	two_field	complete	1	1	1	2	B*52:01:01:02	B*57:01:01:01
NA21106	SAS	NA21106	asian_matched:DogoHLA	B	four_field	complete	1	1	1	2	B*52:01:01:02	B*57:01:01:01
NA21106	SAS	NA21106	asian_matched:DogoHLA	C	two_field	complete	1	1	1	2	C*06:02:01:01	C*12:02:02:01
NA21106	SAS	NA21106	asian_matched:DogoHLA	C	four_field	complete	1	1	1	2	C*06:02:01:01	C*12:02:02:01
NA21106	SAS	NA21106	asian_matched:DogoHLA	DPA1	two_field	complete	1	1	1	2	DPA1*01:03:01:01	DPA1*01:03:01:01
NA21106	SAS	NA21106	asian_matched:DogoHLA	DPA1	four_field	complete	1	1	1	2	DPA1*01:03:01:01	DPA1*01:03:01:01
NA21106	SAS	NA21106	asian_matched:DogoHLA	DPB1	two_field	complete	1	1	1	2	DPB1*02:01:02:01	DPB1*02:01:02:01
NA21106	SAS	NA21106	asian_matched:DogoHLA	DPB1	four_field	complete	0	0	0	0	DPB1*02:01:02:01	DPB1*02:01:02:01
NA21106	SAS	NA21106	asian_matched:DogoHLA	DQA1	two_field	complete	1	1	1	2	DQA1*01:03:03	DQA1*01:03:01:01
NA21106	SAS	NA21106	asian_matched:DogoHLA	DQA1	four_field	complete	1	0	0	1	DQA1*01:03:03	DQA1*01:03:01:01
NA21106	SAS	NA21106	asian_matched:DogoHLA	DQB1	two_field	complete	1	1	1	2	DQB1*06:01:01:01	DQB1*06:01:01:01
NA21106	SAS	NA21106	asian_matched:DogoHLA	DQB1	four_field	complete	1	1	1	2	DQB1*06:01:01:01	DQB1*06:01:01:01
NA21106	SAS	NA21106	asian_matched:DogoHLA	DRB1	two_field	complete	1	1	1	2	DRB1*15:02:01:04	DRB1*15:01:01:25
NA21106	SAS	NA21106	asian_matched:DogoHLA	DRB1	four_field	complete	0	0	0	0	DRB1*15:02:01:04	DRB1*15:01:01:25
NA21106	SAS	NA21106	asian_matched:DogoHLA-no-graph	A	two_field	complete	1	1	0	1	A*32:01:01:01	A*11:335:01
NA21106	SAS	NA21106	asian_matched:DogoHLA-no-graph	A	four_field	complete	1	0	0	1	A*32:01:01:01	A*11:335:01
NA21106	SAS	NA21106	asian_matched:DogoHLA-no-graph	B	two_field	complete	1	1	1	2	B*52:01:01:02	B*57:01:01:01
NA21106	SAS	NA21106	asian_matched:DogoHLA-no-graph	B	four_field	complete	1	1	1	2	B*52:01:01:02	B*57:01:01:01
NA21106	SAS	NA21106	asian_matched:DogoHLA-no-graph	C	two_field	complete	1	1	1	2	C*06:02:01:01	C*12:02:02:01
NA21106	SAS	NA21106	asian_matched:DogoHLA-no-graph	C	four_field	complete	1	1	1	2	C*06:02:01:01	C*12:02:02:01
NA21106	SAS	NA21106	asian_matched:DogoHLA-no-graph	DPA1	two_field	complete	1	1	1	2	DPA1*01:03:01:01	DPA1*01:03:01:01
NA21106	SAS	NA21106	asian_matched:DogoHLA-no-graph	DPA1	four_field	complete	1	1	1	2	DPA1*01:03:01:01	DPA1*01:03:01:01
NA21106	SAS	NA21106	asian_matched:DogoHLA-no-graph	DPB1	two_field	complete	1	1	1	2	DPB1*02:01:02:01	DPB1*02:01:02:01
NA21106	SAS	NA21106	asian_matched:DogoHLA-no-graph	DPB1	four_field	complete	0	0	0	0	DPB1*02:01:02:01	DPB1*02:01:02:01
NA21106	SAS	NA21106	asian_matched:DogoHLA-no-graph	DQA1	two_field	complete	1	1	1	2	DQA1*01:03:03	DQA1*01:03:01:01
NA21106	SAS	NA21106	asian_matched:DogoHLA-no-graph	DQA1	four_field	complete	1	0	0	1	DQA1*01:03:03	DQA1*01:03:01:01
NA21106	SAS	NA21106	asian_matched:DogoHLA-no-graph	DQB1	two_field	complete	1	1	1	2	DQB1*06:01:01:01	DQB1*06:01:01:01
NA21106	SAS	NA21106	asian_matched:DogoHLA-no-graph	DQB1	four_field	complete	1	1	1	2	DQB1*06:01:01:01	DQB1*06:01:01:01
NA21106	SAS	NA21106	asian_matched:DogoHLA-no-graph	DRB1	two_field	complete	1	1	1	2	DRB1*15:02:01:04	DRB1*15:01:01:25
NA21106	SAS	NA21106	asian_matched:DogoHLA-no-graph	DRB1	four_field	complete	0	0	0	0	DRB1*15:02:01:04	DRB1*15:01:01:25
HG00609	EAS	HG00607	SpecHLA-IPD365-noFreq	A	two_field	complete	1	1	0	0	A*24:33:01	A*02:19
HG00609	EAS	HG00607	SpecHLA-IPD365-noFreq	A	four_field	complete	1	0	0	0	A*24:33:01	A*02:19
HG00609	EAS	HG00607	SpecHLA-IPD365-noFreq	B	two_field	complete	1	1	1	2	B*40:01:02:01	B*40:01:02:50
HG00609	EAS	HG00607	SpecHLA-IPD365-noFreq	B	four_field	complete	1	1	0	1	B*40:01:02:01	B*40:01:02:50
HG00609	EAS	HG00607	SpecHLA-IPD365-noFreq	C	two_field	complete	1	1	1	2	C*03:04:01:01	C*07:02:01:01
HG00609	EAS	HG00607	SpecHLA-IPD365-noFreq	C	four_field	complete	1	1	0	0	C*03:04:01:01	C*07:02:01:01
HG00609	EAS	HG00607	SpecHLA-IPD365-noFreq	DPA1	two_field	complete	1	1	1	2	DPA1*02:02:02:01	DPA1*02:02:02:01
HG00609	EAS	HG00607	SpecHLA-IPD365-noFreq	DPA1	four_field	complete	0	0	0	0	DPA1*02:02:02:01	DPA1*02:02:02:01
HG00609	EAS	HG00607	SpecHLA-IPD365-noFreq	DPB1	two_field	complete	1	1	1	2	DPB1*02:01:02:111	DPB1*05:01:01:01
HG00609	EAS	HG00607	SpecHLA-IPD365-noFreq	DPB1	four_field	complete	0	0	0	0	DPB1*02:01:02:111	DPB1*05:01:01:01
HG00609	EAS	HG00607	SpecHLA-IPD365-noFreq	DQA1	two_field	complete	1	1	1	2	DQA1*03:02:01:01	DQA1*01:02:01:01
HG00609	EAS	HG00607	SpecHLA-IPD365-noFreq	DQA1	four_field	complete	1	1	0	1	DQA1*03:02:01:01	DQA1*01:02:01:01
HG00609	EAS	HG00607	SpecHLA-IPD365-noFreq	DQB1	two_field	complete	1	1	1	2	DQB1*03:03:02:01	DQB1*06:02:01:01
HG00609	EAS	HG00607	SpecHLA-IPD365-noFreq	DQB1	four_field	complete	1	1	0	1	DQB1*03:03:02:01	DQB1*06:02:01:01
HG00609	EAS	HG00607	SpecHLA-IPD365-noFreq	DRB1	two_field	complete	1	1	0	1	DRB1*09:20	DRB1*15:01:17
HG00609	EAS	HG00607	SpecHLA-IPD365-noFreq	DRB1	four_field	complete	0	0	0	0	DRB1*09:20	DRB1*15:01:17
HG00609	EAS	HG00607	SpecHLA-IPD365-long-noFreq	A	two_field	complete	1	1	0	0	A*24:33:01	A*02:19
HG00609	EAS	HG00607	SpecHLA-IPD365-long-noFreq	A	four_field	complete	1	0	0	0	A*24:33:01	A*02:19
HG00609	EAS	HG00607	SpecHLA-IPD365-long-noFreq	B	two_field	complete	1	1	1	2	B*40:01:02:01	B*40:01:02:50
HG00609	EAS	HG00607	SpecHLA-IPD365-long-noFreq	B	four_field	complete	1	1	0	1	B*40:01:02:01	B*40:01:02:50
HG00609	EAS	HG00607	SpecHLA-IPD365-long-noFreq	C	two_field	complete	1	1	1	2	C*03:04:01:01	C*07:02:01:01
HG00609	EAS	HG00607	SpecHLA-IPD365-long-noFreq	C	four_field	complete	1	1	0	0	C*03:04:01:01	C*07:02:01:01
HG00609	EAS	HG00607	SpecHLA-IPD365-long-noFreq	DPA1	two_field	complete	1	1	1	2	DPA1*02:02:02:01	DPA1*02:02:02:01
HG00609	EAS	HG00607	SpecHLA-IPD365-long-noFreq	DPA1	four_field	complete	0	0	0	0	DPA1*02:02:02:01	DPA1*02:02:02:01
HG00609	EAS	HG00607	SpecHLA-IPD365-long-noFreq	DPB1	two_field	complete	1	1	1	2	DPB1*02:01:02:111	DPB1*05:01:01:01
HG00609	EAS	HG00607	SpecHLA-IPD365-long-noFreq	DPB1	four_field	complete	0	0	0	0	DPB1*02:01:02:111	DPB1*05:01:01:01
HG00609	EAS	HG00607	SpecHLA-IPD365-long-noFreq	DQA1	two_field	complete	1	1	1	2	DQA1*03:02:01:01	DQA1*01:02:01:01
HG00609	EAS	HG00607	SpecHLA-IPD365-long-noFreq	DQA1	four_field	complete	1	1	0	1	DQA1*03:02:01:01	DQA1*01:02:01:01
HG00609	EAS	HG00607	SpecHLA-IPD365-long-noFreq	DQB1	two_field	complete	1	1	1	2	DQB1*03:03:02:01	DQB1*06:02:01:01
HG00609	EAS	HG00607	SpecHLA-IPD365-long-noFreq	DQB1	four_field	complete	1	1	0	1	DQB1*03:03:02:01	DQB1*06:02:01:01
HG00609	EAS	HG00607	SpecHLA-IPD365-long-noFreq	DRB1	two_field	complete	1	1	0	1	DRB1*09:20	DRB1*15:01:17
HG00609	EAS	HG00607	SpecHLA-IPD365-long-noFreq	DRB1	four_field	complete	0	0	0	0	DRB1*09:20	DRB1*15:01:17
HG00609	EAS	HG00607	T1K-four-field	A	two_field	complete	1	1	1	2	A*24:02:01:01	A*26:01:01:01
HG00609	EAS	HG00607	T1K-four-field	A	four_field	complete	1	1	1	2	A*24:02:01:01	A*26:01:01:01
HG00609	EAS	HG00607	T1K-four-field	B	two_field	complete	1	1	1	2	B*40:01:02:50	B*40:01:02:01
HG00609	EAS	HG00607	T1K-four-field	B	four_field	complete	1	1	0	1	B*40:01:02:50	B*40:01:02:01
HG00609	EAS	HG00607	T1K-four-field	C	two_field	complete	1	1	1	2	C*07:02:01:01	C*03:04:01:01
HG00609	EAS	HG00607	T1K-four-field	C	four_field	complete	1	1	0	0	C*07:02:01:01	C*03:04:01:01
HG00609	EAS	HG00607	T1K-four-field	DPA1	two_field	complete	1	1	1	2	DPA1*02:02:02:01	DPA1*02:02:02:01
HG00609	EAS	HG00607	T1K-four-field	DPA1	four_field	complete	0	0	0	0	DPA1*02:02:02:01	DPA1*02:02:02:01
HG00609	EAS	HG00607	T1K-four-field	DPB1	two_field	complete	1	1	1	2	DPB1*05:01:01:01	DPB1*02:01:02:30
HG00609	EAS	HG00607	T1K-four-field	DPB1	four_field	complete	0	0	0	0	DPB1*05:01:01:01	DPB1*02:01:02:30
HG00609	EAS	HG00607	T1K-four-field	DQA1	two_field	complete	1	1	1	2	DQA1*01:02:01:01	DQA1*03:02:01:01
HG00609	EAS	HG00607	T1K-four-field	DQA1	four_field	complete	1	1	0	1	DQA1*01:02:01:01	DQA1*03:02:01:01
HG00609	EAS	HG00607	T1K-four-field	DQB1	two_field	complete	1	1	1	2	DQB1*03:03:02:02	DQB1*06:02:01:01
HG00609	EAS	HG00607	T1K-four-field	DQB1	four_field	complete	1	1	1	2	DQB1*03:03:02:02	DQB1*06:02:01:01
HG00609	EAS	HG00607	T1K-four-field	DRB1	two_field	complete	1	1	1	2	DRB1*09:01:02:01	DRB1*15:01:01:05
HG00609	EAS	HG00607	T1K-four-field	DRB1	four_field	complete	0	0	0	0	DRB1*09:01:02:01	DRB1*15:01:01:05
HG00609	EAS	HG00607	full:DogoHLA	A	two_field	complete	1	1	0	0	A*02:19	A*24:33:01
HG00609	EAS	HG00607	full:DogoHLA	A	four_field	complete	1	0	0	0	A*02:19	A*24:33:01
HG00609	EAS	HG00607	full:DogoHLA	B	two_field	complete	1	1	1	2	B*40:01:02:01	B*40:01:02:50
HG00609	EAS	HG00607	full:DogoHLA	B	four_field	complete	1	1	0	1	B*40:01:02:01	B*40:01:02:50
HG00609	EAS	HG00607	full:DogoHLA	C	two_field	complete	1	1	1	2	C*03:04:01:01	C*07:02:01:01
HG00609	EAS	HG00607	full:DogoHLA	C	four_field	complete	1	1	0	0	C*03:04:01:01	C*07:02:01:01
HG00609	EAS	HG00607	full:DogoHLA	DPA1	two_field	complete	1	1	1	2	DPA1*02:02:02:01	DPA1*02:02:02:01
HG00609	EAS	HG00607	full:DogoHLA	DPA1	four_field	complete	0	0	0	0	DPA1*02:02:02:01	DPA1*02:02:02:01
HG00609	EAS	HG00607	full:DogoHLA	DPB1	two_field	complete	1	1	1	2	DPB1*05:01:01:01	DPB1*02:01:02:111
HG00609	EAS	HG00607	full:DogoHLA	DPB1	four_field	complete	0	0	0	0	DPB1*05:01:01:01	DPB1*02:01:02:111
HG00609	EAS	HG00607	full:DogoHLA	DQA1	two_field	complete	1	1	1	2	DQA1*01:02:01:01	DQA1*03:02:01:01
HG00609	EAS	HG00607	full:DogoHLA	DQA1	four_field	complete	1	1	0	1	DQA1*01:02:01:01	DQA1*03:02:01:01
HG00609	EAS	HG00607	full:DogoHLA	DQB1	two_field	complete	1	1	1	2	DQB1*03:03:02:01	DQB1*06:02:01:01
HG00609	EAS	HG00607	full:DogoHLA	DQB1	four_field	complete	1	1	0	1	DQB1*03:03:02:01	DQB1*06:02:01:01
HG00609	EAS	HG00607	full:DogoHLA	DRB1	two_field	complete	1	1	1	2	DRB1*09:01:02:03	DRB1*15:01:01:25
HG00609	EAS	HG00607	full:DogoHLA	DRB1	four_field	complete	0	0	0	0	DRB1*09:01:02:03	DRB1*15:01:01:25
HG00609	EAS	HG00607	full:DogoHLA-no-graph	A	two_field	complete	1	1	0	0	A*02:19	A*24:33:01
HG00609	EAS	HG00607	full:DogoHLA-no-graph	A	four_field	complete	1	0	0	0	A*02:19	A*24:33:01
HG00609	EAS	HG00607	full:DogoHLA-no-graph	B	two_field	complete	1	1	1	2	B*40:01:02:01	B*40:01:02:50
HG00609	EAS	HG00607	full:DogoHLA-no-graph	B	four_field	complete	1	1	0	1	B*40:01:02:01	B*40:01:02:50
HG00609	EAS	HG00607	full:DogoHLA-no-graph	C	two_field	complete	1	1	1	2	C*03:04:01:01	C*07:02:01:01
HG00609	EAS	HG00607	full:DogoHLA-no-graph	C	four_field	complete	1	1	0	0	C*03:04:01:01	C*07:02:01:01
HG00609	EAS	HG00607	full:DogoHLA-no-graph	DPA1	two_field	complete	1	1	1	2	DPA1*02:02:02:01	DPA1*02:02:02:01
HG00609	EAS	HG00607	full:DogoHLA-no-graph	DPA1	four_field	complete	0	0	0	0	DPA1*02:02:02:01	DPA1*02:02:02:01
HG00609	EAS	HG00607	full:DogoHLA-no-graph	DPB1	two_field	complete	1	1	1	2	DPB1*05:01:01:01	DPB1*02:01:02:111
HG00609	EAS	HG00607	full:DogoHLA-no-graph	DPB1	four_field	complete	0	0	0	0	DPB1*05:01:01:01	DPB1*02:01:02:111
HG00609	EAS	HG00607	full:DogoHLA-no-graph	DQA1	two_field	complete	1	1	1	2	DQA1*01:02:01:01	DQA1*03:02:01:01
HG00609	EAS	HG00607	full:DogoHLA-no-graph	DQA1	four_field	complete	1	1	0	1	DQA1*01:02:01:01	DQA1*03:02:01:01
HG00609	EAS	HG00607	full:DogoHLA-no-graph	DQB1	two_field	complete	1	1	1	2	DQB1*03:03:02:01	DQB1*06:02:01:01
HG00609	EAS	HG00607	full:DogoHLA-no-graph	DQB1	four_field	complete	1	1	0	1	DQB1*03:03:02:01	DQB1*06:02:01:01
HG00609	EAS	HG00607	full:DogoHLA-no-graph	DRB1	two_field	complete	1	1	1	2	DRB1*09:01:02:03	DRB1*15:01:01:25
HG00609	EAS	HG00607	full:DogoHLA-no-graph	DRB1	four_field	complete	0	0	0	0	DRB1*09:01:02:03	DRB1*15:01:01:25
HG00609	EAS	HG00607	hprc:DogoHLA	A	two_field	complete	1	1	0	0	A*02:19	A*24:33:01
HG00609	EAS	HG00607	hprc:DogoHLA	A	four_field	complete	1	0	0	0	A*02:19	A*24:33:01
HG00609	EAS	HG00607	hprc:DogoHLA	B	two_field	complete	1	1	1	2	B*40:01:02:01	B*40:01:02:50
HG00609	EAS	HG00607	hprc:DogoHLA	B	four_field	complete	1	1	0	1	B*40:01:02:01	B*40:01:02:50
HG00609	EAS	HG00607	hprc:DogoHLA	C	two_field	complete	1	1	1	2	C*03:04:01:01	C*07:02:01:01
HG00609	EAS	HG00607	hprc:DogoHLA	C	four_field	complete	1	1	0	0	C*03:04:01:01	C*07:02:01:01
HG00609	EAS	HG00607	hprc:DogoHLA	DPA1	two_field	complete	1	1	1	2	DPA1*02:02:02:01	DPA1*02:02:02:01
HG00609	EAS	HG00607	hprc:DogoHLA	DPA1	four_field	complete	0	0	0	0	DPA1*02:02:02:01	DPA1*02:02:02:01
HG00609	EAS	HG00607	hprc:DogoHLA	DPB1	two_field	complete	1	1	1	2	DPB1*05:01:01:01	DPB1*02:01:02:111
HG00609	EAS	HG00607	hprc:DogoHLA	DPB1	four_field	complete	0	0	0	0	DPB1*05:01:01:01	DPB1*02:01:02:111
HG00609	EAS	HG00607	hprc:DogoHLA	DQA1	two_field	complete	1	1	1	2	DQA1*01:02:01:01	DQA1*03:02:01:01
HG00609	EAS	HG00607	hprc:DogoHLA	DQA1	four_field	complete	1	1	0	1	DQA1*01:02:01:01	DQA1*03:02:01:01
HG00609	EAS	HG00607	hprc:DogoHLA	DQB1	two_field	complete	1	1	1	2	DQB1*03:03:02:01	DQB1*06:02:01:01
HG00609	EAS	HG00607	hprc:DogoHLA	DQB1	four_field	complete	1	1	0	1	DQB1*03:03:02:01	DQB1*06:02:01:01
HG00609	EAS	HG00607	hprc:DogoHLA	DRB1	two_field	complete	1	1	1	2	DRB1*09:01:02:03	DRB1*15:01:01:25
HG00609	EAS	HG00607	hprc:DogoHLA	DRB1	four_field	complete	0	0	0	0	DRB1*09:01:02:03	DRB1*15:01:01:25
HG00609	EAS	HG00607	hprc:DogoHLA-no-graph	A	two_field	complete	1	1	0	0	A*02:19	A*24:33:01
HG00609	EAS	HG00607	hprc:DogoHLA-no-graph	A	four_field	complete	1	0	0	0	A*02:19	A*24:33:01
HG00609	EAS	HG00607	hprc:DogoHLA-no-graph	B	two_field	complete	1	1	1	2	B*40:01:02:01	B*40:01:02:50
HG00609	EAS	HG00607	hprc:DogoHLA-no-graph	B	four_field	complete	1	1	0	1	B*40:01:02:01	B*40:01:02:50
HG00609	EAS	HG00607	hprc:DogoHLA-no-graph	C	two_field	complete	1	1	1	2	C*03:04:01:01	C*07:02:01:01
HG00609	EAS	HG00607	hprc:DogoHLA-no-graph	C	four_field	complete	1	1	0	0	C*03:04:01:01	C*07:02:01:01
HG00609	EAS	HG00607	hprc:DogoHLA-no-graph	DPA1	two_field	complete	1	1	1	2	DPA1*02:02:02:01	DPA1*02:02:02:01
HG00609	EAS	HG00607	hprc:DogoHLA-no-graph	DPA1	four_field	complete	0	0	0	0	DPA1*02:02:02:01	DPA1*02:02:02:01
HG00609	EAS	HG00607	hprc:DogoHLA-no-graph	DPB1	two_field	complete	1	1	1	2	DPB1*05:01:01:01	DPB1*02:01:02:111
HG00609	EAS	HG00607	hprc:DogoHLA-no-graph	DPB1	four_field	complete	0	0	0	0	DPB1*05:01:01:01	DPB1*02:01:02:111
HG00609	EAS	HG00607	hprc:DogoHLA-no-graph	DQA1	two_field	complete	1	1	1	2	DQA1*01:02:01:01	DQA1*03:02:01:01
HG00609	EAS	HG00607	hprc:DogoHLA-no-graph	DQA1	four_field	complete	1	1	0	1	DQA1*01:02:01:01	DQA1*03:02:01:01
HG00609	EAS	HG00607	hprc:DogoHLA-no-graph	DQB1	two_field	complete	1	1	1	2	DQB1*03:03:02:01	DQB1*06:02:01:01
HG00609	EAS	HG00607	hprc:DogoHLA-no-graph	DQB1	four_field	complete	1	1	0	1	DQB1*03:03:02:01	DQB1*06:02:01:01
HG00609	EAS	HG00607	hprc:DogoHLA-no-graph	DRB1	two_field	complete	1	1	1	2	DRB1*09:01:02:03	DRB1*15:01:01:25
HG00609	EAS	HG00607	hprc:DogoHLA-no-graph	DRB1	four_field	complete	0	0	0	0	DRB1*09:01:02:03	DRB1*15:01:01:25
HG00609	EAS	HG00607	asian_matched:DogoHLA	A	two_field	complete	1	1	0	1	A*26:130	A*24:02:01:01
HG00609	EAS	HG00607	asian_matched:DogoHLA	A	four_field	complete	1	0	0	1	A*26:130	A*24:02:01:01
HG00609	EAS	HG00607	asian_matched:DogoHLA	B	two_field	complete	1	1	1	2	B*40:01:02:01	B*40:01:02:50
HG00609	EAS	HG00607	asian_matched:DogoHLA	B	four_field	complete	1	1	0	1	B*40:01:02:01	B*40:01:02:50
HG00609	EAS	HG00607	asian_matched:DogoHLA	C	two_field	complete	1	1	1	2	C*03:04:01:01	C*07:02:01:01
HG00609	EAS	HG00607	asian_matched:DogoHLA	C	four_field	complete	1	1	0	0	C*03:04:01:01	C*07:02:01:01
HG00609	EAS	HG00607	asian_matched:DogoHLA	DPA1	two_field	complete	1	1	1	2	DPA1*02:02:02:01	DPA1*02:02:02:01
HG00609	EAS	HG00607	asian_matched:DogoHLA	DPA1	four_field	complete	0	0	0	0	DPA1*02:02:02:01	DPA1*02:02:02:01
HG00609	EAS	HG00607	asian_matched:DogoHLA	DPB1	two_field	complete	1	1	1	2	DPB1*05:01:01:01	DPB1*02:01:02:111
HG00609	EAS	HG00607	asian_matched:DogoHLA	DPB1	four_field	complete	0	0	0	0	DPB1*05:01:01:01	DPB1*02:01:02:111
HG00609	EAS	HG00607	asian_matched:DogoHLA	DQA1	two_field	complete	1	1	1	2	DQA1*01:02:01:01	DQA1*03:02:01:01
HG00609	EAS	HG00607	asian_matched:DogoHLA	DQA1	four_field	complete	1	1	0	1	DQA1*01:02:01:01	DQA1*03:02:01:01
HG00609	EAS	HG00607	asian_matched:DogoHLA	DQB1	two_field	complete	1	1	1	2	DQB1*03:03:02:01	DQB1*06:02:01:01
HG00609	EAS	HG00607	asian_matched:DogoHLA	DQB1	four_field	complete	1	1	0	1	DQB1*03:03:02:01	DQB1*06:02:01:01
HG00609	EAS	HG00607	asian_matched:DogoHLA	DRB1	two_field	complete	1	1	1	2	DRB1*09:01:02:03	DRB1*15:01:01:25
HG00609	EAS	HG00607	asian_matched:DogoHLA	DRB1	four_field	complete	0	0	0	0	DRB1*09:01:02:03	DRB1*15:01:01:25
HG00609	EAS	HG00607	asian_matched:DogoHLA-no-graph	A	two_field	complete	1	1	0	1	A*26:130	A*24:02:01:01
HG00609	EAS	HG00607	asian_matched:DogoHLA-no-graph	A	four_field	complete	1	0	0	1	A*26:130	A*24:02:01:01
HG00609	EAS	HG00607	asian_matched:DogoHLA-no-graph	B	two_field	complete	1	1	1	2	B*40:01:02:01	B*40:01:02:50
HG00609	EAS	HG00607	asian_matched:DogoHLA-no-graph	B	four_field	complete	1	1	0	1	B*40:01:02:01	B*40:01:02:50
HG00609	EAS	HG00607	asian_matched:DogoHLA-no-graph	C	two_field	complete	1	1	1	2	C*03:04:01:01	C*07:02:01:01
HG00609	EAS	HG00607	asian_matched:DogoHLA-no-graph	C	four_field	complete	1	1	0	0	C*03:04:01:01	C*07:02:01:01
HG00609	EAS	HG00607	asian_matched:DogoHLA-no-graph	DPA1	two_field	complete	1	1	1	2	DPA1*02:02:02:01	DPA1*02:02:02:01
HG00609	EAS	HG00607	asian_matched:DogoHLA-no-graph	DPA1	four_field	complete	0	0	0	0	DPA1*02:02:02:01	DPA1*02:02:02:01
HG00609	EAS	HG00607	asian_matched:DogoHLA-no-graph	DPB1	two_field	complete	1	1	1	2	DPB1*05:01:01:01	DPB1*02:01:02:111
HG00609	EAS	HG00607	asian_matched:DogoHLA-no-graph	DPB1	four_field	complete	0	0	0	0	DPB1*05:01:01:01	DPB1*02:01:02:111
HG00609	EAS	HG00607	asian_matched:DogoHLA-no-graph	DQA1	two_field	complete	1	1	1	2	DQA1*01:02:01:01	DQA1*03:02:01:01
HG00609	EAS	HG00607	asian_matched:DogoHLA-no-graph	DQA1	four_field	complete	1	1	0	1	DQA1*01:02:01:01	DQA1*03:02:01:01
HG00609	EAS	HG00607	asian_matched:DogoHLA-no-graph	DQB1	two_field	complete	1	1	1	2	DQB1*03:03:02:01	DQB1*06:02:01:01
HG00609	EAS	HG00607	asian_matched:DogoHLA-no-graph	DQB1	four_field	complete	1	1	0	1	DQB1*03:03:02:01	DQB1*06:02:01:01
HG00609	EAS	HG00607	asian_matched:DogoHLA-no-graph	DRB1	two_field	complete	1	1	1	2	DRB1*09:01:02:03	DRB1*15:01:01:25
HG00609	EAS	HG00607	asian_matched:DogoHLA-no-graph	DRB1	four_field	complete	0	0	0	0	DRB1*09:01:02:03	DRB1*15:01:01:25
HG02074	EAS	HG02074	SpecHLA-IPD365-noFreq	A	two_field	complete	1	1	0	0	A*11:335:02	A*66:36
HG02074	EAS	HG02074	SpecHLA-IPD365-noFreq	A	four_field	complete	0	0	0	0	A*11:335:02	A*66:36
HG02074	EAS	HG02074	SpecHLA-IPD365-noFreq	B	two_field	complete	1	1	1	2	B*46:01:01:01	B*15:12:03
HG02074	EAS	HG02074	SpecHLA-IPD365-noFreq	B	four_field	complete	0	0	0	0	B*46:01:01:01	B*15:12:03
HG02074	EAS	HG02074	SpecHLA-IPD365-noFreq	C	two_field	complete	1	1	1	2	C*01:02:01:23	C*03:03:01:35
HG02074	EAS	HG02074	SpecHLA-IPD365-noFreq	C	four_field	complete	1	1	0	0	C*01:02:01:23	C*03:03:01:35
HG02074	EAS	HG02074	SpecHLA-IPD365-noFreq	DPA1	two_field	complete	1	1	1	2	DPA1*02:02:02:01	DPA1*02:02:02:01
HG02074	EAS	HG02074	SpecHLA-IPD365-noFreq	DPA1	four_field	complete	0	0	0	0	DPA1*02:02:02:01	DPA1*02:02:02:01
HG02074	EAS	HG02074	SpecHLA-IPD365-noFreq	DPB1	two_field	complete	1	1	1	2	DPB1*05:01:01:01	DPB1*05:01:01:01
HG02074	EAS	HG02074	SpecHLA-IPD365-noFreq	DPB1	four_field	complete	1	1	0	1	DPB1*05:01:01:01	DPB1*05:01:01:01
HG02074	EAS	HG02074	SpecHLA-IPD365-noFreq	DQA1	two_field	complete	1	1	1	2	DQA1*01:04:08	DQA1*03:02:01:01
HG02074	EAS	HG02074	SpecHLA-IPD365-noFreq	DQA1	four_field	complete	1	0	0	0	DQA1*01:04:08	DQA1*03:02:01:01
HG02074	EAS	HG02074	SpecHLA-IPD365-noFreq	DQB1	two_field	complete	1	1	1	2	DQB1*03:03:02:01	DQB1*05:02:01:01
HG02074	EAS	HG02074	SpecHLA-IPD365-noFreq	DQB1	four_field	complete	1	1	0	1	DQB1*03:03:02:01	DQB1*05:02:01:01
HG02074	EAS	HG02074	SpecHLA-IPD365-noFreq	DRB1	two_field	complete	1	1	0	1	DRB1*14:54:01:10	DRB1*09:20
HG02074	EAS	HG02074	SpecHLA-IPD365-noFreq	DRB1	four_field	complete	0	0	0	0	DRB1*14:54:01:10	DRB1*09:20
HG02074	EAS	HG02074	SpecHLA-IPD365-long-noFreq	A	two_field	complete	1	1	0	0	A*11:335:02	A*66:36
HG02074	EAS	HG02074	SpecHLA-IPD365-long-noFreq	A	four_field	complete	0	0	0	0	A*11:335:02	A*66:36
HG02074	EAS	HG02074	SpecHLA-IPD365-long-noFreq	B	two_field	complete	1	1	1	2	B*46:01:01:01	B*15:12:03
HG02074	EAS	HG02074	SpecHLA-IPD365-long-noFreq	B	four_field	complete	0	0	0	0	B*46:01:01:01	B*15:12:03
HG02074	EAS	HG02074	SpecHLA-IPD365-long-noFreq	C	two_field	complete	1	1	1	2	C*01:02:01:23	C*03:03:01:35
HG02074	EAS	HG02074	SpecHLA-IPD365-long-noFreq	C	four_field	complete	1	1	0	0	C*01:02:01:23	C*03:03:01:35
HG02074	EAS	HG02074	SpecHLA-IPD365-long-noFreq	DPA1	two_field	complete	1	1	1	2	DPA1*02:02:02:01	DPA1*02:02:02:01
HG02074	EAS	HG02074	SpecHLA-IPD365-long-noFreq	DPA1	four_field	complete	0	0	0	0	DPA1*02:02:02:01	DPA1*02:02:02:01
HG02074	EAS	HG02074	SpecHLA-IPD365-long-noFreq	DPB1	two_field	complete	1	1	1	2	DPB1*05:01:01:01	DPB1*05:01:01:01
HG02074	EAS	HG02074	SpecHLA-IPD365-long-noFreq	DPB1	four_field	complete	1	1	0	1	DPB1*05:01:01:01	DPB1*05:01:01:01
HG02074	EAS	HG02074	SpecHLA-IPD365-long-noFreq	DQA1	two_field	complete	1	1	1	2	DQA1*01:04:08	DQA1*03:02:01:01
HG02074	EAS	HG02074	SpecHLA-IPD365-long-noFreq	DQA1	four_field	complete	1	0	0	0	DQA1*01:04:08	DQA1*03:02:01:01
HG02074	EAS	HG02074	SpecHLA-IPD365-long-noFreq	DQB1	two_field	complete	1	1	1	2	DQB1*03:03:02:01	DQB1*05:02:01:01
HG02074	EAS	HG02074	SpecHLA-IPD365-long-noFreq	DQB1	four_field	complete	1	1	0	1	DQB1*03:03:02:01	DQB1*05:02:01:01
HG02074	EAS	HG02074	SpecHLA-IPD365-long-noFreq	DRB1	two_field	complete	1	1	0	1	DRB1*09:20	DRB1*14:54:01:10
HG02074	EAS	HG02074	SpecHLA-IPD365-long-noFreq	DRB1	four_field	complete	0	0	0	0	DRB1*09:20	DRB1*14:54:01:10
HG02074	EAS	HG02074	T1K-four-field	A	two_field	complete	1	1	1	2	A*11:01:01:07	A*02:07:01:01
HG02074	EAS	HG02074	T1K-four-field	A	four_field	complete	0	0	0	0	A*11:01:01:07	A*02:07:01:01
HG02074	EAS	HG02074	T1K-four-field	B	two_field	complete	1	1	1	2	B*46:01:01:01	B*15:12:01
HG02074	EAS	HG02074	T1K-four-field	B	four_field	complete	0	0	0	0	B*46:01:01:01	B*15:12:01
HG02074	EAS	HG02074	T1K-four-field	C	two_field	complete	1	1	1	2	C*03:03:01:01	C*01:02:01:01
HG02074	EAS	HG02074	T1K-four-field	C	four_field	complete	1	1	1	2	C*03:03:01:01	C*01:02:01:01
HG02074	EAS	HG02074	T1K-four-field	DPA1	two_field	complete	1	1	1	2	DPA1*02:02:02:01	DPA1*02:02:02:01
HG02074	EAS	HG02074	T1K-four-field	DPA1	four_field	complete	0	0	0	0	DPA1*02:02:02:01	DPA1*02:02:02:01
HG02074	EAS	HG02074	T1K-four-field	DPB1	two_field	complete	1	1	1	2	DPB1*05:01:01:01	DPB1*05:01:01:01
HG02074	EAS	HG02074	T1K-four-field	DPB1	four_field	complete	1	1	0	1	DPB1*05:01:01:01	DPB1*05:01:01:01
HG02074	EAS	HG02074	T1K-four-field	DQA1	two_field	complete	1	1	1	2	DQA1*03:02:01:01	DQA1*01:04:01:01
HG02074	EAS	HG02074	T1K-four-field	DQA1	four_field	complete	1	1	0	1	DQA1*03:02:01:01	DQA1*01:04:01:01
HG02074	EAS	HG02074	T1K-four-field	DQB1	two_field	complete	1	1	1	2	DQB1*03:03:02:02	DQB1*05:02:01:01
HG02074	EAS	HG02074	T1K-four-field	DQB1	four_field	complete	1	1	1	2	DQB1*03:03:02:02	DQB1*05:02:01:01
HG02074	EAS	HG02074	T1K-four-field	DRB1	two_field	complete	1	1	1	2	DRB1*09:01:02:01	DRB1*14:54:01:01
HG02074	EAS	HG02074	T1K-four-field	DRB1	four_field	complete	0	0	0	0	DRB1*09:01:02:01	DRB1*14:54:01:01
HG02074	EAS	HG02074	full:DogoHLA	A	two_field	complete	1	1	0	0	A*11:335:02	A*68:66:02
HG02074	EAS	HG02074	full:DogoHLA	A	four_field	complete	0	0	0	0	A*11:335:02	A*68:66:02
HG02074	EAS	HG02074	full:DogoHLA	B	two_field	complete	1	1	1	2	B*15:12:03	B*46:01:01:01
HG02074	EAS	HG02074	full:DogoHLA	B	four_field	complete	0	0	0	0	B*15:12:03	B*46:01:01:01
HG02074	EAS	HG02074	full:DogoHLA	C	two_field	complete	1	1	1	2	C*03:03:01:01	C*01:02:01:01
HG02074	EAS	HG02074	full:DogoHLA	C	four_field	complete	1	1	1	2	C*03:03:01:01	C*01:02:01:01
HG02074	EAS	HG02074	full:DogoHLA	DPA1	two_field	complete	1	1	1	2	DPA1*02:02:02:01	DPA1*02:02:02:01
HG02074	EAS	HG02074	full:DogoHLA	DPA1	four_field	complete	0	0	0	0	DPA1*02:02:02:01	DPA1*02:02:02:01
HG02074	EAS	HG02074	full:DogoHLA	DPB1	two_field	complete	1	1	1	2	DPB1*05:01:01:01	DPB1*05:01:01:01
HG02074	EAS	HG02074	full:DogoHLA	DPB1	four_field	complete	1	1	0	1	DPB1*05:01:01:01	DPB1*05:01:01:01
HG02074	EAS	HG02074	full:DogoHLA	DQA1	two_field	complete	1	1	1	2	DQA1*01:04:08	DQA1*03:02:01:01
HG02074	EAS	HG02074	full:DogoHLA	DQA1	four_field	complete	1	0	0	0	DQA1*01:04:08	DQA1*03:02:01:01
HG02074	EAS	HG02074	full:DogoHLA	DQB1	two_field	complete	1	1	1	2	DQB1*03:03:02:01	DQB1*05:02:01:01
HG02074	EAS	HG02074	full:DogoHLA	DQB1	four_field	complete	1	1	0	1	DQB1*03:03:02:01	DQB1*05:02:01:01
HG02074	EAS	HG02074	full:DogoHLA	DRB1	two_field	complete	1	1	0	1	DRB1*14:255	DRB1*09:01:02:08
HG02074	EAS	HG02074	full:DogoHLA	DRB1	four_field	complete	0	0	0	0	DRB1*14:255	DRB1*09:01:02:08
HG02074	EAS	HG02074	full:DogoHLA-no-graph	A	two_field	complete	1	1	0	0	A*11:335:02	A*68:330
HG02074	EAS	HG02074	full:DogoHLA-no-graph	A	four_field	complete	0	0	0	0	A*11:335:02	A*68:330
HG02074	EAS	HG02074	full:DogoHLA-no-graph	B	two_field	complete	1	1	1	2	B*15:12:03	B*46:01:01:01
HG02074	EAS	HG02074	full:DogoHLA-no-graph	B	four_field	complete	0	0	0	0	B*15:12:03	B*46:01:01:01
HG02074	EAS	HG02074	full:DogoHLA-no-graph	C	two_field	complete	1	1	1	2	C*03:03:01:01	C*01:02:01:01
HG02074	EAS	HG02074	full:DogoHLA-no-graph	C	four_field	complete	1	1	1	2	C*03:03:01:01	C*01:02:01:01
HG02074	EAS	HG02074	full:DogoHLA-no-graph	DPA1	two_field	complete	1	1	1	2	DPA1*02:02:02:01	DPA1*02:02:02:01
HG02074	EAS	HG02074	full:DogoHLA-no-graph	DPA1	four_field	complete	0	0	0	0	DPA1*02:02:02:01	DPA1*02:02:02:01
HG02074	EAS	HG02074	full:DogoHLA-no-graph	DPB1	two_field	complete	1	1	1	2	DPB1*05:01:01:01	DPB1*05:01:01:01
HG02074	EAS	HG02074	full:DogoHLA-no-graph	DPB1	four_field	complete	1	1	0	1	DPB1*05:01:01:01	DPB1*05:01:01:01
HG02074	EAS	HG02074	full:DogoHLA-no-graph	DQA1	two_field	complete	1	1	1	2	DQA1*01:04:08	DQA1*03:02:01:01
HG02074	EAS	HG02074	full:DogoHLA-no-graph	DQA1	four_field	complete	1	0	0	0	DQA1*01:04:08	DQA1*03:02:01:01
HG02074	EAS	HG02074	full:DogoHLA-no-graph	DQB1	two_field	complete	1	1	1	2	DQB1*03:03:02:01	DQB1*05:02:01:01
HG02074	EAS	HG02074	full:DogoHLA-no-graph	DQB1	four_field	complete	1	1	0	1	DQB1*03:03:02:01	DQB1*05:02:01:01
HG02074	EAS	HG02074	full:DogoHLA-no-graph	DRB1	two_field	complete	1	1	0	1	DRB1*14:255	DRB1*09:01:02:08
HG02074	EAS	HG02074	full:DogoHLA-no-graph	DRB1	four_field	complete	0	0	0	0	DRB1*14:255	DRB1*09:01:02:08
HG02074	EAS	HG02074	hprc:DogoHLA	A	two_field	complete	1	1	0	1	A*11:01:01:07	A*02:1061N
HG02074	EAS	HG02074	hprc:DogoHLA	A	four_field	complete	0	0	0	0	A*11:01:01:07	A*02:1061N
HG02074	EAS	HG02074	hprc:DogoHLA	B	two_field	complete	1	1	1	2	B*15:12:03	B*46:01:01:01
HG02074	EAS	HG02074	hprc:DogoHLA	B	four_field	complete	0	0	0	0	B*15:12:03	B*46:01:01:01
HG02074	EAS	HG02074	hprc:DogoHLA	C	two_field	complete	1	1	1	2	C*03:03:01:01	C*01:02:01:01
HG02074	EAS	HG02074	hprc:DogoHLA	C	four_field	complete	1	1	1	2	C*03:03:01:01	C*01:02:01:01
HG02074	EAS	HG02074	hprc:DogoHLA	DPA1	two_field	complete	1	1	1	2	DPA1*02:02:02:01	DPA1*02:02:02:01
HG02074	EAS	HG02074	hprc:DogoHLA	DPA1	four_field	complete	0	0	0	0	DPA1*02:02:02:01	DPA1*02:02:02:01
HG02074	EAS	HG02074	hprc:DogoHLA	DPB1	two_field	complete	1	1	1	2	DPB1*05:01:01:01	DPB1*05:01:01:01
HG02074	EAS	HG02074	hprc:DogoHLA	DPB1	four_field	complete	1	1	0	1	DPB1*05:01:01:01	DPB1*05:01:01:01
HG02074	EAS	HG02074	hprc:DogoHLA	DQA1	two_field	complete	1	1	1	2	DQA1*01:04:08	DQA1*03:02:01:01
HG02074	EAS	HG02074	hprc:DogoHLA	DQA1	four_field	complete	1	0	0	0	DQA1*01:04:08	DQA1*03:02:01:01
HG02074	EAS	HG02074	hprc:DogoHLA	DQB1	two_field	complete	1	1	1	2	DQB1*03:03:02:01	DQB1*05:02:01:01
HG02074	EAS	HG02074	hprc:DogoHLA	DQB1	four_field	complete	1	1	0	1	DQB1*03:03:02:01	DQB1*05:02:01:01
HG02074	EAS	HG02074	hprc:DogoHLA	DRB1	two_field	complete	1	1	0	1	DRB1*14:255	DRB1*09:01:02:08
HG02074	EAS	HG02074	hprc:DogoHLA	DRB1	four_field	complete	0	0	0	0	DRB1*14:255	DRB1*09:01:02:08
HG02074	EAS	HG02074	hprc:DogoHLA-no-graph	A	two_field	complete	1	1	0	1	A*11:01:01:07	A*02:1061N
HG02074	EAS	HG02074	hprc:DogoHLA-no-graph	A	four_field	complete	0	0	0	0	A*11:01:01:07	A*02:1061N
HG02074	EAS	HG02074	hprc:DogoHLA-no-graph	B	two_field	complete	1	1	1	2	B*15:12:03	B*46:01:01:01
HG02074	EAS	HG02074	hprc:DogoHLA-no-graph	B	four_field	complete	0	0	0	0	B*15:12:03	B*46:01:01:01
HG02074	EAS	HG02074	hprc:DogoHLA-no-graph	C	two_field	complete	1	1	1	2	C*03:03:01:01	C*01:02:01:01
HG02074	EAS	HG02074	hprc:DogoHLA-no-graph	C	four_field	complete	1	1	1	2	C*03:03:01:01	C*01:02:01:01
HG02074	EAS	HG02074	hprc:DogoHLA-no-graph	DPA1	two_field	complete	1	1	1	2	DPA1*02:02:02:01	DPA1*02:02:02:01
HG02074	EAS	HG02074	hprc:DogoHLA-no-graph	DPA1	four_field	complete	0	0	0	0	DPA1*02:02:02:01	DPA1*02:02:02:01
HG02074	EAS	HG02074	hprc:DogoHLA-no-graph	DPB1	two_field	complete	1	1	1	2	DPB1*05:01:01:01	DPB1*05:01:01:01
HG02074	EAS	HG02074	hprc:DogoHLA-no-graph	DPB1	four_field	complete	1	1	0	1	DPB1*05:01:01:01	DPB1*05:01:01:01
HG02074	EAS	HG02074	hprc:DogoHLA-no-graph	DQA1	two_field	complete	1	1	1	2	DQA1*01:04:08	DQA1*03:02:01:01
HG02074	EAS	HG02074	hprc:DogoHLA-no-graph	DQA1	four_field	complete	1	0	0	0	DQA1*01:04:08	DQA1*03:02:01:01
HG02074	EAS	HG02074	hprc:DogoHLA-no-graph	DQB1	two_field	complete	1	1	1	2	DQB1*03:03:02:01	DQB1*05:02:01:01
HG02074	EAS	HG02074	hprc:DogoHLA-no-graph	DQB1	four_field	complete	1	1	0	1	DQB1*03:03:02:01	DQB1*05:02:01:01
HG02074	EAS	HG02074	hprc:DogoHLA-no-graph	DRB1	two_field	complete	1	1	0	1	DRB1*14:255	DRB1*09:01:02:08
HG02074	EAS	HG02074	hprc:DogoHLA-no-graph	DRB1	four_field	complete	0	0	0	0	DRB1*14:255	DRB1*09:01:02:08
HG02074	EAS	HG02074	asian_matched:DogoHLA	A	two_field	complete	1	1	0	0	A*68:01:01:13	A*11:335:02
HG02074	EAS	HG02074	asian_matched:DogoHLA	A	four_field	complete	0	0	0	0	A*68:01:01:13	A*11:335:02
HG02074	EAS	HG02074	asian_matched:DogoHLA	B	two_field	complete	1	1	1	2	B*15:12:03	B*46:01:01:01
HG02074	EAS	HG02074	asian_matched:DogoHLA	B	four_field	complete	0	0	0	0	B*15:12:03	B*46:01:01:01
HG02074	EAS	HG02074	asian_matched:DogoHLA	C	two_field	complete	1	1	1	2	C*03:03:01:01	C*01:02:01:01
HG02074	EAS	HG02074	asian_matched:DogoHLA	C	four_field	complete	1	1	1	2	C*03:03:01:01	C*01:02:01:01
HG02074	EAS	HG02074	asian_matched:DogoHLA	DPA1	two_field	complete	1	1	1	2	DPA1*02:02:02:01	DPA1*02:02:02:01
HG02074	EAS	HG02074	asian_matched:DogoHLA	DPA1	four_field	complete	0	0	0	0	DPA1*02:02:02:01	DPA1*02:02:02:01
HG02074	EAS	HG02074	asian_matched:DogoHLA	DPB1	two_field	complete	1	1	1	2	DPB1*05:01:01:01	DPB1*05:01:01:01
HG02074	EAS	HG02074	asian_matched:DogoHLA	DPB1	four_field	complete	1	1	0	1	DPB1*05:01:01:01	DPB1*05:01:01:01
HG02074	EAS	HG02074	asian_matched:DogoHLA	DQA1	two_field	complete	1	1	1	2	DQA1*01:04:08	DQA1*03:02:01:01
HG02074	EAS	HG02074	asian_matched:DogoHLA	DQA1	four_field	complete	1	0	0	0	DQA1*01:04:08	DQA1*03:02:01:01
HG02074	EAS	HG02074	asian_matched:DogoHLA	DQB1	two_field	complete	1	1	1	2	DQB1*03:03:02:01	DQB1*05:02:01:01
HG02074	EAS	HG02074	asian_matched:DogoHLA	DQB1	four_field	complete	1	1	0	1	DQB1*03:03:02:01	DQB1*05:02:01:01
HG02074	EAS	HG02074	asian_matched:DogoHLA	DRB1	two_field	complete	1	1	0	1	DRB1*14:05:01:04	DRB1*09:01:02:08
HG02074	EAS	HG02074	asian_matched:DogoHLA	DRB1	four_field	complete	0	0	0	0	DRB1*14:05:01:04	DRB1*09:01:02:08
HG02074	EAS	HG02074	asian_matched:DogoHLA-no-graph	A	two_field	complete	1	1	0	0	A*68:01:01:13	A*11:335:02
HG02074	EAS	HG02074	asian_matched:DogoHLA-no-graph	A	four_field	complete	0	0	0	0	A*68:01:01:13	A*11:335:02
HG02074	EAS	HG02074	asian_matched:DogoHLA-no-graph	B	two_field	complete	1	1	1	2	B*15:12:03	B*46:01:01:01
HG02074	EAS	HG02074	asian_matched:DogoHLA-no-graph	B	four_field	complete	0	0	0	0	B*15:12:03	B*46:01:01:01
HG02074	EAS	HG02074	asian_matched:DogoHLA-no-graph	C	two_field	complete	1	1	1	2	C*03:03:01:01	C*01:02:01:01
HG02074	EAS	HG02074	asian_matched:DogoHLA-no-graph	C	four_field	complete	1	1	1	2	C*03:03:01:01	C*01:02:01:01
HG02074	EAS	HG02074	asian_matched:DogoHLA-no-graph	DPA1	two_field	complete	1	1	1	2	DPA1*02:02:02:01	DPA1*02:02:02:01
HG02074	EAS	HG02074	asian_matched:DogoHLA-no-graph	DPA1	four_field	complete	0	0	0	0	DPA1*02:02:02:01	DPA1*02:02:02:01
HG02074	EAS	HG02074	asian_matched:DogoHLA-no-graph	DPB1	two_field	complete	1	1	1	2	DPB1*05:01:01:01	DPB1*05:01:01:01
HG02074	EAS	HG02074	asian_matched:DogoHLA-no-graph	DPB1	four_field	complete	1	1	0	1	DPB1*05:01:01:01	DPB1*05:01:01:01
HG02074	EAS	HG02074	asian_matched:DogoHLA-no-graph	DQA1	two_field	complete	1	1	1	2	DQA1*01:04:08	DQA1*03:02:01:01
HG02074	EAS	HG02074	asian_matched:DogoHLA-no-graph	DQA1	four_field	complete	1	0	0	0	DQA1*01:04:08	DQA1*03:02:01:01
HG02074	EAS	HG02074	asian_matched:DogoHLA-no-graph	DQB1	two_field	complete	1	1	1	2	DQB1*03:03:02:01	DQB1*05:02:01:01
HG02074	EAS	HG02074	asian_matched:DogoHLA-no-graph	DQB1	four_field	complete	1	1	0	1	DQB1*03:03:02:01	DQB1*05:02:01:01
HG02074	EAS	HG02074	asian_matched:DogoHLA-no-graph	DRB1	two_field	complete	1	1	0	1	DRB1*14:05:01:04	DRB1*09:01:02:08
HG02074	EAS	HG02074	asian_matched:DogoHLA-no-graph	DRB1	four_field	complete	0	0	0	0	DRB1*14:05:01:04	DRB1*09:01:02:08
HG03017	SAS	HG03015	SpecHLA-IPD365-noFreq	A	two_field	complete	1	1	0	1	A*11:335:01	A*24:02:40:01
HG03017	SAS	HG03015	SpecHLA-IPD365-noFreq	A	four_field	complete	1	0	0	0	A*11:335:01	A*24:02:40:01
HG03017	SAS	HG03015	SpecHLA-IPD365-noFreq	B	two_field	complete	1	1	0	0	B*15:21:01:02	B*15:11:01:01
HG03017	SAS	HG03015	SpecHLA-IPD365-noFreq	B	four_field	complete	0	0	0	0	B*15:21:01:02	B*15:11:01:01
HG03017	SAS	HG03015	SpecHLA-IPD365-noFreq	C	two_field	complete	1	1	1	2	C*01:02:01:01	C*08:01:01:01
HG03017	SAS	HG03015	SpecHLA-IPD365-noFreq	C	four_field	complete	1	1	1	2	C*01:02:01:01	C*08:01:01:01
HG03017	SAS	HG03015	SpecHLA-IPD365-noFreq	DPA1	two_field	complete	1	1	1	2	DPA1*04:01:01:01	DPA1*01:03:01:02
HG03017	SAS	HG03015	SpecHLA-IPD365-noFreq	DPA1	four_field	complete	0	0	0	0	DPA1*04:01:01:01	DPA1*01:03:01:02
HG03017	SAS	HG03015	SpecHLA-IPD365-noFreq	DPB1	two_field	complete	1	1	1	2	DPB1*296:01	DPB1*04:02:01:01
HG03017	SAS	HG03015	SpecHLA-IPD365-noFreq	DPB1	four_field	complete	0	0	0	0	DPB1*296:01	DPB1*04:02:01:01
HG03017	SAS	HG03015	SpecHLA-IPD365-noFreq	DQA1	two_field	complete	1	1	1	2	DQA1*04:01:01:02	DQA1*01:02:01:01
HG03017	SAS	HG03015	SpecHLA-IPD365-noFreq	DQA1	four_field	complete	1	1	0	1	DQA1*04:01:01:02	DQA1*01:02:01:01
HG03017	SAS	HG03015	SpecHLA-IPD365-noFreq	DQB1	two_field	complete	1	1	1	2	DQB1*06:01:01:01	DQB1*04:02:01:04
HG03017	SAS	HG03015	SpecHLA-IPD365-noFreq	DQB1	four_field	complete	1	1	1	2	DQB1*06:01:01:01	DQB1*04:02:01:04
HG03017	SAS	HG03015	SpecHLA-IPD365-noFreq	DRB1	two_field	complete	1	1	0	0	DRB1*12:17	DRB1*15:198
HG03017	SAS	HG03015	SpecHLA-IPD365-noFreq	DRB1	four_field	complete	0	0	0	0	DRB1*12:17	DRB1*15:198
HG03017	SAS	HG03015	SpecHLA-IPD365-long-noFreq	A	two_field	complete	1	1	0	1	A*11:335:01	A*24:02:40:01
HG03017	SAS	HG03015	SpecHLA-IPD365-long-noFreq	A	four_field	complete	1	0	0	0	A*11:335:01	A*24:02:40:01
HG03017	SAS	HG03015	SpecHLA-IPD365-long-noFreq	B	two_field	complete	1	1	0	0	B*15:11:01:01	B*15:21:01:02
HG03017	SAS	HG03015	SpecHLA-IPD365-long-noFreq	B	four_field	complete	0	0	0	0	B*15:11:01:01	B*15:21:01:02
HG03017	SAS	HG03015	SpecHLA-IPD365-long-noFreq	C	two_field	complete	1	1	1	2	C*01:02:01:01	C*08:01:01:01
HG03017	SAS	HG03015	SpecHLA-IPD365-long-noFreq	C	four_field	complete	1	1	1	2	C*01:02:01:01	C*08:01:01:01
HG03017	SAS	HG03015	SpecHLA-IPD365-long-noFreq	DPA1	two_field	complete	1	1	1	2	DPA1*04:01:01:01	DPA1*01:03:01:02
HG03017	SAS	HG03015	SpecHLA-IPD365-long-noFreq	DPA1	four_field	complete	0	0	0	0	DPA1*04:01:01:01	DPA1*01:03:01:02
HG03017	SAS	HG03015	SpecHLA-IPD365-long-noFreq	DPB1	two_field	complete	1	1	1	2	DPB1*04:02:01:01	DPB1*296:01
HG03017	SAS	HG03015	SpecHLA-IPD365-long-noFreq	DPB1	four_field	complete	0	0	0	0	DPB1*04:02:01:01	DPB1*296:01
HG03017	SAS	HG03015	SpecHLA-IPD365-long-noFreq	DQA1	two_field	complete	1	1	1	2	DQA1*04:01:01:02	DQA1*01:02:01:01
HG03017	SAS	HG03015	SpecHLA-IPD365-long-noFreq	DQA1	four_field	complete	1	1	0	1	DQA1*04:01:01:02	DQA1*01:02:01:01
HG03017	SAS	HG03015	SpecHLA-IPD365-long-noFreq	DQB1	two_field	complete	1	1	1	2	DQB1*06:01:01:01	DQB1*04:02:01:04
HG03017	SAS	HG03015	SpecHLA-IPD365-long-noFreq	DQB1	four_field	complete	1	1	1	2	DQB1*06:01:01:01	DQB1*04:02:01:04
HG03017	SAS	HG03015	SpecHLA-IPD365-long-noFreq	DRB1	two_field	complete	1	1	0	0	DRB1*15:198	DRB1*08:11:01:01
HG03017	SAS	HG03015	SpecHLA-IPD365-long-noFreq	DRB1	four_field	complete	0	0	0	0	DRB1*15:198	DRB1*08:11:01:01
HG03017	SAS	HG03015	T1K-four-field	A	two_field	complete	1	1	1	2	A*24:02:01:01	A*11:01:01:01
HG03017	SAS	HG03015	T1K-four-field	A	four_field	complete	1	1	1	2	A*24:02:01:01	A*11:01:01:01
HG03017	SAS	HG03015	T1K-four-field	B	two_field	complete	1	1	1	2	B*15:08:01:01	B*15:02:01:01
HG03017	SAS	HG03015	T1K-four-field	B	four_field	complete	0	0	0	0	B*15:08:01:01	B*15:02:01:01
HG03017	SAS	HG03015	T1K-four-field	C	two_field	complete	1	1	1	2	C*01:02:01:01	C*08:01:01:01
HG03017	SAS	HG03015	T1K-four-field	C	four_field	complete	1	1	1	2	C*01:02:01:01	C*08:01:01:01
HG03017	SAS	HG03015	T1K-four-field	DPA1	two_field	complete	1	1	1	2	DPA1*04:01:01:01	DPA1*01:03:01:05
HG03017	SAS	HG03015	T1K-four-field	DPA1	four_field	complete	0	0	0	0	DPA1*04:01:01:01	DPA1*01:03:01:05
HG03017	SAS	HG03015	T1K-four-field	DPB1	two_field	complete	1	1	1	2	DPB1*04:02:01:01	DPB1*296:01
HG03017	SAS	HG03015	T1K-four-field	DPB1	four_field	complete	0	0	0	0	DPB1*04:02:01:01	DPB1*296:01
HG03017	SAS	HG03015	T1K-four-field	DQA1	two_field	complete	1	1	1	2	DQA1*01:02:01:01	DQA1*04:01:01:01
HG03017	SAS	HG03015	T1K-four-field	DQA1	four_field	complete	1	1	0	0	DQA1*01:02:01:01	DQA1*04:01:01:01
HG03017	SAS	HG03015	T1K-four-field	DQB1	two_field	complete	1	1	1	2	DQB1*06:01:01:01	DQB1*04:02:01:04
HG03017	SAS	HG03015	T1K-four-field	DQB1	four_field	complete	1	1	1	2	DQB1*06:01:01:01	DQB1*04:02:01:04
HG03017	SAS	HG03015	T1K-four-field	DRB1	two_field	complete	1	1	1	2	DRB1*08:02:01:03	DRB1*15:01:01:03
HG03017	SAS	HG03015	T1K-four-field	DRB1	four_field	complete	0	0	0	0	DRB1*08:02:01:03	DRB1*15:01:01:03
HG03017	SAS	HG03015	full:DogoHLA	A	two_field	complete	1	1	0	1	A*11:335:01	A*24:02:40:01
HG03017	SAS	HG03015	full:DogoHLA	A	four_field	complete	1	0	0	0	A*11:335:01	A*24:02:40:01
HG03017	SAS	HG03015	full:DogoHLA	B	two_field	complete	1	1	1	2	B*15:02:01:01	B*15:08:01:01
HG03017	SAS	HG03015	full:DogoHLA	B	four_field	complete	0	0	0	0	B*15:02:01:01	B*15:08:01:01
HG03017	SAS	HG03015	full:DogoHLA	C	two_field	complete	1	1	1	2	C*01:02:01:01	C*08:01:01:01
HG03017	SAS	HG03015	full:DogoHLA	C	four_field	complete	1	1	1	2	C*01:02:01:01	C*08:01:01:01
HG03017	SAS	HG03015	full:DogoHLA	DPA1	two_field	complete	1	1	1	2	DPA1*04:01:01:01	DPA1*01:03:01:02
HG03017	SAS	HG03015	full:DogoHLA	DPA1	four_field	complete	0	0	0	0	DPA1*04:01:01:01	DPA1*01:03:01:02
HG03017	SAS	HG03015	full:DogoHLA	DPB1	two_field	complete	1	1	1	2	DPB1*296:01	DPB1*04:02:01:01
HG03017	SAS	HG03015	full:DogoHLA	DPB1	four_field	complete	0	0	0	0	DPB1*296:01	DPB1*04:02:01:01
HG03017	SAS	HG03015	full:DogoHLA	DQA1	two_field	complete	1	1	1	2	DQA1*04:01:02:01	DQA1*01:02:01:01
HG03017	SAS	HG03015	full:DogoHLA	DQA1	four_field	complete	1	1	0	0	DQA1*04:01:02:01	DQA1*01:02:01:01
HG03017	SAS	HG03015	full:DogoHLA	DQB1	two_field	complete	1	1	1	2	DQB1*04:02:01:04	DQB1*06:01:01:01
HG03017	SAS	HG03015	full:DogoHLA	DQB1	four_field	complete	1	1	1	2	DQB1*04:02:01:04	DQB1*06:01:01:01
HG03017	SAS	HG03015	full:DogoHLA	DRB1	two_field	complete	1	1	0	0	DRB1*15:198	DRB1*12:17
HG03017	SAS	HG03015	full:DogoHLA	DRB1	four_field	complete	0	0	0	0	DRB1*15:198	DRB1*12:17
HG03017	SAS	HG03015	full:DogoHLA-no-graph	A	two_field	complete	1	1	0	1	A*11:335:01	A*24:02:40:01
HG03017	SAS	HG03015	full:DogoHLA-no-graph	A	four_field	complete	1	0	0	0	A*11:335:01	A*24:02:40:01
HG03017	SAS	HG03015	full:DogoHLA-no-graph	B	two_field	complete	1	1	1	2	B*15:02:01:01	B*15:08:01:01
HG03017	SAS	HG03015	full:DogoHLA-no-graph	B	four_field	complete	0	0	0	0	B*15:02:01:01	B*15:08:01:01
HG03017	SAS	HG03015	full:DogoHLA-no-graph	C	two_field	complete	1	1	1	2	C*01:02:01:01	C*08:01:01:01
HG03017	SAS	HG03015	full:DogoHLA-no-graph	C	four_field	complete	1	1	1	2	C*01:02:01:01	C*08:01:01:01
HG03017	SAS	HG03015	full:DogoHLA-no-graph	DPA1	two_field	complete	1	1	1	2	DPA1*04:01:01:01	DPA1*01:03:01:02
HG03017	SAS	HG03015	full:DogoHLA-no-graph	DPA1	four_field	complete	0	0	0	0	DPA1*04:01:01:01	DPA1*01:03:01:02
HG03017	SAS	HG03015	full:DogoHLA-no-graph	DPB1	two_field	complete	1	1	1	2	DPB1*296:01	DPB1*04:02:01:01
HG03017	SAS	HG03015	full:DogoHLA-no-graph	DPB1	four_field	complete	0	0	0	0	DPB1*296:01	DPB1*04:02:01:01
HG03017	SAS	HG03015	full:DogoHLA-no-graph	DQA1	two_field	complete	1	1	1	2	DQA1*04:01:02:01	DQA1*01:02:01:01
HG03017	SAS	HG03015	full:DogoHLA-no-graph	DQA1	four_field	complete	1	1	0	0	DQA1*04:01:02:01	DQA1*01:02:01:01
HG03017	SAS	HG03015	full:DogoHLA-no-graph	DQB1	two_field	complete	1	1	1	2	DQB1*04:02:01:04	DQB1*06:01:01:01
HG03017	SAS	HG03015	full:DogoHLA-no-graph	DQB1	four_field	complete	1	1	1	2	DQB1*04:02:01:04	DQB1*06:01:01:01
HG03017	SAS	HG03015	full:DogoHLA-no-graph	DRB1	two_field	complete	1	1	0	0	DRB1*15:198	DRB1*12:17
HG03017	SAS	HG03015	full:DogoHLA-no-graph	DRB1	four_field	complete	0	0	0	0	DRB1*15:198	DRB1*12:17
HG03017	SAS	HG03015	hprc:DogoHLA	A	two_field	complete	1	1	0	1	A*11:335:01	A*24:02:40:01
HG03017	SAS	HG03015	hprc:DogoHLA	A	four_field	complete	1	0	0	0	A*11:335:01	A*24:02:40:01
HG03017	SAS	HG03015	hprc:DogoHLA	B	two_field	complete	1	1	1	2	B*15:02:01:01	B*15:08:01:01
HG03017	SAS	HG03015	hprc:DogoHLA	B	four_field	complete	0	0	0	0	B*15:02:01:01	B*15:08:01:01
HG03017	SAS	HG03015	hprc:DogoHLA	C	two_field	complete	1	1	1	2	C*01:02:01:01	C*08:01:01:01
HG03017	SAS	HG03015	hprc:DogoHLA	C	four_field	complete	1	1	1	2	C*01:02:01:01	C*08:01:01:01
HG03017	SAS	HG03015	hprc:DogoHLA	DPA1	two_field	complete	1	1	1	2	DPA1*04:01:01:01	DPA1*01:03:01:02
HG03017	SAS	HG03015	hprc:DogoHLA	DPA1	four_field	complete	0	0	0	0	DPA1*04:01:01:01	DPA1*01:03:01:02
HG03017	SAS	HG03015	hprc:DogoHLA	DPB1	two_field	complete	1	1	1	2	DPB1*296:01	DPB1*04:02:01:01
HG03017	SAS	HG03015	hprc:DogoHLA	DPB1	four_field	complete	0	0	0	0	DPB1*296:01	DPB1*04:02:01:01
HG03017	SAS	HG03015	hprc:DogoHLA	DQA1	two_field	complete	1	1	1	2	DQA1*01:02:01:01	DQA1*04:01:01:02
HG03017	SAS	HG03015	hprc:DogoHLA	DQA1	four_field	complete	1	1	0	1	DQA1*01:02:01:01	DQA1*04:01:01:02
HG03017	SAS	HG03015	hprc:DogoHLA	DQB1	two_field	complete	1	1	1	2	DQB1*04:02:01:04	DQB1*06:01:01:01
HG03017	SAS	HG03015	hprc:DogoHLA	DQB1	four_field	complete	1	1	1	2	DQB1*04:02:01:04	DQB1*06:01:01:01
HG03017	SAS	HG03015	hprc:DogoHLA	DRB1	two_field	complete	1	1	0	0	DRB1*15:198	DRB1*12:17
HG03017	SAS	HG03015	hprc:DogoHLA	DRB1	four_field	complete	0	0	0	0	DRB1*15:198	DRB1*12:17
HG03017	SAS	HG03015	hprc:DogoHLA-no-graph	A	two_field	complete	1	1	0	1	A*11:335:01	A*24:02:40:01
HG03017	SAS	HG03015	hprc:DogoHLA-no-graph	A	four_field	complete	1	0	0	0	A*11:335:01	A*24:02:40:01
HG03017	SAS	HG03015	hprc:DogoHLA-no-graph	B	two_field	complete	1	1	1	2	B*15:02:01:01	B*15:08:01:01
HG03017	SAS	HG03015	hprc:DogoHLA-no-graph	B	four_field	complete	0	0	0	0	B*15:02:01:01	B*15:08:01:01
HG03017	SAS	HG03015	hprc:DogoHLA-no-graph	C	two_field	complete	1	1	1	2	C*01:02:01:01	C*08:01:01:01
HG03017	SAS	HG03015	hprc:DogoHLA-no-graph	C	four_field	complete	1	1	1	2	C*01:02:01:01	C*08:01:01:01
HG03017	SAS	HG03015	hprc:DogoHLA-no-graph	DPA1	two_field	complete	1	1	1	2	DPA1*04:01:01:01	DPA1*01:03:01:02
HG03017	SAS	HG03015	hprc:DogoHLA-no-graph	DPA1	four_field	complete	0	0	0	0	DPA1*04:01:01:01	DPA1*01:03:01:02
HG03017	SAS	HG03015	hprc:DogoHLA-no-graph	DPB1	two_field	complete	1	1	1	2	DPB1*296:01	DPB1*04:02:01:01
HG03017	SAS	HG03015	hprc:DogoHLA-no-graph	DPB1	four_field	complete	0	0	0	0	DPB1*296:01	DPB1*04:02:01:01
HG03017	SAS	HG03015	hprc:DogoHLA-no-graph	DQA1	two_field	complete	1	1	1	2	DQA1*01:02:01:01	DQA1*04:01:01:02
HG03017	SAS	HG03015	hprc:DogoHLA-no-graph	DQA1	four_field	complete	1	1	0	1	DQA1*01:02:01:01	DQA1*04:01:01:02
HG03017	SAS	HG03015	hprc:DogoHLA-no-graph	DQB1	two_field	complete	1	1	1	2	DQB1*04:02:01:04	DQB1*06:01:01:01
HG03017	SAS	HG03015	hprc:DogoHLA-no-graph	DQB1	four_field	complete	1	1	1	2	DQB1*04:02:01:04	DQB1*06:01:01:01
HG03017	SAS	HG03015	hprc:DogoHLA-no-graph	DRB1	two_field	complete	1	1	0	0	DRB1*15:198	DRB1*12:17
HG03017	SAS	HG03015	hprc:DogoHLA-no-graph	DRB1	four_field	complete	0	0	0	0	DRB1*15:198	DRB1*12:17
HG03017	SAS	HG03015	asian_matched:DogoHLA	A	two_field	complete	1	1	0	1	A*11:335:01	A*24:02:40:01
HG03017	SAS	HG03015	asian_matched:DogoHLA	A	four_field	complete	1	0	0	0	A*11:335:01	A*24:02:40:01
HG03017	SAS	HG03015	asian_matched:DogoHLA	B	two_field	complete	1	1	1	2	B*15:02:01:01	B*15:08:01:01
HG03017	SAS	HG03015	asian_matched:DogoHLA	B	four_field	complete	0	0	0	0	B*15:02:01:01	B*15:08:01:01
HG03017	SAS	HG03015	asian_matched:DogoHLA	C	two_field	complete	1	1	1	2	C*01:02:01:01	C*08:01:01:01
HG03017	SAS	HG03015	asian_matched:DogoHLA	C	four_field	complete	1	1	1	2	C*01:02:01:01	C*08:01:01:01
HG03017	SAS	HG03015	asian_matched:DogoHLA	DPA1	two_field	complete	1	1	1	2	DPA1*04:01:01:01	DPA1*01:03:01:02
HG03017	SAS	HG03015	asian_matched:DogoHLA	DPA1	four_field	complete	0	0	0	0	DPA1*04:01:01:01	DPA1*01:03:01:02
HG03017	SAS	HG03015	asian_matched:DogoHLA	DPB1	two_field	complete	1	1	1	2	DPB1*296:01	DPB1*04:02:01:01
HG03017	SAS	HG03015	asian_matched:DogoHLA	DPB1	four_field	complete	0	0	0	0	DPB1*296:01	DPB1*04:02:01:01
HG03017	SAS	HG03015	asian_matched:DogoHLA	DQA1	two_field	complete	1	1	1	2	DQA1*01:02:01:01	DQA1*04:01:01:02
HG03017	SAS	HG03015	asian_matched:DogoHLA	DQA1	four_field	complete	1	1	0	1	DQA1*01:02:01:01	DQA1*04:01:01:02
HG03017	SAS	HG03015	asian_matched:DogoHLA	DQB1	two_field	complete	1	1	1	2	DQB1*04:02:01:04	DQB1*06:01:01:01
HG03017	SAS	HG03015	asian_matched:DogoHLA	DQB1	four_field	complete	1	1	1	2	DQB1*04:02:01:04	DQB1*06:01:01:01
HG03017	SAS	HG03015	asian_matched:DogoHLA	DRB1	two_field	complete	1	1	0	0	DRB1*15:198	DRB1*12:17
HG03017	SAS	HG03015	asian_matched:DogoHLA	DRB1	four_field	complete	0	0	0	0	DRB1*15:198	DRB1*12:17
HG03017	SAS	HG03015	asian_matched:DogoHLA-no-graph	A	two_field	complete	1	1	0	1	A*11:335:01	A*24:02:40:01
HG03017	SAS	HG03015	asian_matched:DogoHLA-no-graph	A	four_field	complete	1	0	0	0	A*11:335:01	A*24:02:40:01
HG03017	SAS	HG03015	asian_matched:DogoHLA-no-graph	B	two_field	complete	1	1	1	2	B*15:02:01:01	B*15:08:01:01
HG03017	SAS	HG03015	asian_matched:DogoHLA-no-graph	B	four_field	complete	0	0	0	0	B*15:02:01:01	B*15:08:01:01
HG03017	SAS	HG03015	asian_matched:DogoHLA-no-graph	C	two_field	complete	1	1	1	2	C*01:02:01:01	C*08:01:01:01
HG03017	SAS	HG03015	asian_matched:DogoHLA-no-graph	C	four_field	complete	1	1	1	2	C*01:02:01:01	C*08:01:01:01
HG03017	SAS	HG03015	asian_matched:DogoHLA-no-graph	DPA1	two_field	complete	1	1	1	2	DPA1*04:01:01:01	DPA1*01:03:01:02
HG03017	SAS	HG03015	asian_matched:DogoHLA-no-graph	DPA1	four_field	complete	0	0	0	0	DPA1*04:01:01:01	DPA1*01:03:01:02
HG03017	SAS	HG03015	asian_matched:DogoHLA-no-graph	DPB1	two_field	complete	1	1	1	2	DPB1*296:01	DPB1*04:02:01:01
HG03017	SAS	HG03015	asian_matched:DogoHLA-no-graph	DPB1	four_field	complete	0	0	0	0	DPB1*296:01	DPB1*04:02:01:01
HG03017	SAS	HG03015	asian_matched:DogoHLA-no-graph	DQA1	two_field	complete	1	1	1	2	DQA1*01:02:01:01	DQA1*04:01:01:02
HG03017	SAS	HG03015	asian_matched:DogoHLA-no-graph	DQA1	four_field	complete	1	1	0	1	DQA1*01:02:01:01	DQA1*04:01:01:02
HG03017	SAS	HG03015	asian_matched:DogoHLA-no-graph	DQB1	two_field	complete	1	1	1	2	DQB1*04:02:01:04	DQB1*06:01:01:01
HG03017	SAS	HG03015	asian_matched:DogoHLA-no-graph	DQB1	four_field	complete	1	1	1	2	DQB1*04:02:01:04	DQB1*06:01:01:01
HG03017	SAS	HG03015	asian_matched:DogoHLA-no-graph	DRB1	two_field	complete	1	1	0	0	DRB1*15:198	DRB1*12:17
HG03017	SAS	HG03015	asian_matched:DogoHLA-no-graph	DRB1	four_field	complete	0	0	0	0	DRB1*15:198	DRB1*12:17
HG03784	SAS	HG03784	SpecHLA-IPD365-noFreq	A	two_field	complete	1	1	0	0	A*02:52	A*02:01:143
HG03784	SAS	HG03784	SpecHLA-IPD365-noFreq	A	four_field	complete	0	0	0	0	A*02:52	A*02:01:143
HG03784	SAS	HG03784	SpecHLA-IPD365-noFreq	B	two_field	complete	1	1	1	2	B*35:03:01:01	B*35:01:01:05
HG03784	SAS	HG03784	SpecHLA-IPD365-noFreq	B	four_field	complete	1	1	1	2	B*35:03:01:01	B*35:01:01:05
HG03784	SAS	HG03784	SpecHLA-IPD365-noFreq	C	two_field	complete	1	1	1	2	C*03:04:01:01	C*04:01:01:01
HG03784	SAS	HG03784	SpecHLA-IPD365-noFreq	C	four_field	complete	1	1	0	0	C*03:04:01:01	C*04:01:01:01
HG03784	SAS	HG03784	SpecHLA-IPD365-noFreq	DPA1	two_field	complete	1	1	1	2	DPA1*01:03:01:02	DPA1*01:03:01:01
HG03784	SAS	HG03784	SpecHLA-IPD365-noFreq	DPA1	four_field	complete	0	0	0	0	DPA1*01:03:01:02	DPA1*01:03:01:01
HG03784	SAS	HG03784	SpecHLA-IPD365-noFreq	DPB1	two_field	complete	1	1	0	0	DPB1*105:01:01:01	DPB1*416:01:01:01
HG03784	SAS	HG03784	SpecHLA-IPD365-noFreq	DPB1	four_field	complete	0	0	0	0	DPB1*105:01:01:01	DPB1*416:01:01:01
HG03784	SAS	HG03784	SpecHLA-IPD365-noFreq	DQA1	two_field	complete	1	1	1	2	DQA1*05:05:17:03	DQA1*01:04:02:01
HG03784	SAS	HG03784	SpecHLA-IPD365-noFreq	DQA1	four_field	complete	0	0	0	0	DQA1*05:05:17:03	DQA1*01:04:02:01
HG03784	SAS	HG03784	SpecHLA-IPD365-noFreq	DQB1	two_field	complete	1	1	1	2	DQB1*03:01:01:05	DQB1*05:03:01:01
HG03784	SAS	HG03784	SpecHLA-IPD365-noFreq	DQB1	four_field	complete	1	1	1	2	DQB1*03:01:01:05	DQB1*05:03:01:01
HG03784	SAS	HG03784	SpecHLA-IPD365-noFreq	DRB1	two_field	complete	1	1	1	2	DRB1*14:04:01:03	DRB1*12:01:01:01
HG03784	SAS	HG03784	SpecHLA-IPD365-noFreq	DRB1	four_field	complete	0	0	0	0	DRB1*14:04:01:03	DRB1*12:01:01:01
HG03784	SAS	HG03784	SpecHLA-IPD365-long-noFreq	A	two_field	complete	1	1	0	0	A*02:01:143	A*02:52
HG03784	SAS	HG03784	SpecHLA-IPD365-long-noFreq	A	four_field	complete	0	0	0	0	A*02:01:143	A*02:52
HG03784	SAS	HG03784	SpecHLA-IPD365-long-noFreq	B	two_field	complete	1	1	1	2	B*35:03:01:01	B*35:01:01:05
HG03784	SAS	HG03784	SpecHLA-IPD365-long-noFreq	B	four_field	complete	1	1	1	2	B*35:03:01:01	B*35:01:01:05
HG03784	SAS	HG03784	SpecHLA-IPD365-long-noFreq	C	two_field	complete	1	1	1	2	C*03:04:01:01	C*04:01:01:01
HG03784	SAS	HG03784	SpecHLA-IPD365-long-noFreq	C	four_field	complete	1	1	0	0	C*03:04:01:01	C*04:01:01:01
HG03784	SAS	HG03784	SpecHLA-IPD365-long-noFreq	DPA1	two_field	complete	1	1	1	2	DPA1*01:03:01:02	DPA1*01:03:01:01
HG03784	SAS	HG03784	SpecHLA-IPD365-long-noFreq	DPA1	four_field	complete	0	0	0	0	DPA1*01:03:01:02	DPA1*01:03:01:01
HG03784	SAS	HG03784	SpecHLA-IPD365-long-noFreq	DPB1	two_field	complete	1	1	0	0	DPB1*416:01:01:01	DPB1*105:01:01:01
HG03784	SAS	HG03784	SpecHLA-IPD365-long-noFreq	DPB1	four_field	complete	0	0	0	0	DPB1*416:01:01:01	DPB1*105:01:01:01
HG03784	SAS	HG03784	SpecHLA-IPD365-long-noFreq	DQA1	two_field	complete	1	1	1	2	DQA1*05:05:17:03	DQA1*01:04:02:01
HG03784	SAS	HG03784	SpecHLA-IPD365-long-noFreq	DQA1	four_field	complete	0	0	0	0	DQA1*05:05:17:03	DQA1*01:04:02:01
HG03784	SAS	HG03784	SpecHLA-IPD365-long-noFreq	DQB1	two_field	complete	1	1	1	2	DQB1*03:01:01:05	DQB1*05:03:01:01
HG03784	SAS	HG03784	SpecHLA-IPD365-long-noFreq	DQB1	four_field	complete	1	1	1	2	DQB1*03:01:01:05	DQB1*05:03:01:01
HG03784	SAS	HG03784	SpecHLA-IPD365-long-noFreq	DRB1	two_field	complete	1	1	1	2	DRB1*14:04:01:03	DRB1*12:01:01:01
HG03784	SAS	HG03784	SpecHLA-IPD365-long-noFreq	DRB1	four_field	complete	0	0	0	0	DRB1*14:04:01:03	DRB1*12:01:01:01
HG03784	SAS	HG03784	T1K-four-field	A	two_field	complete	1	1	1	2	A*02:09:01:01	A*02:11:01:01
HG03784	SAS	HG03784	T1K-four-field	A	four_field	complete	0	0	0	0	A*02:09:01:01	A*02:11:01:01
HG03784	SAS	HG03784	T1K-four-field	B	two_field	complete	1	1	1	2	B*35:03:01:01	B*35:01:01:01
HG03784	SAS	HG03784	T1K-four-field	B	four_field	complete	1	1	0	1	B*35:03:01:01	B*35:01:01:01
HG03784	SAS	HG03784	T1K-four-field	C	two_field	complete	1	1	1	2	C*03:04:01:01	C*04:01:01:01,HLA-C*04:01:01:32,HLA-C*04:01:01:129
HG03784	SAS	HG03784	T1K-four-field	C	four_field	complete	1	1	0	0	C*03:04:01:01	C*04:01:01:01,HLA-C*04:01:01:32,HLA-C*04:01:01:129
HG03784	SAS	HG03784	T1K-four-field	DPA1	two_field	complete	1	1	1	2	DPA1*01:03:01:156	DPA1*01:03:01:01
HG03784	SAS	HG03784	T1K-four-field	DPA1	four_field	complete	0	0	0	0	DPA1*01:03:01:156	DPA1*01:03:01:01
HG03784	SAS	HG03784	T1K-four-field	DPB1	two_field	complete	1	1	1	2	DPB1*04:02:01:01	DPB1*02:01:02:01,HLA-DPB1*02:01:02:05
HG03784	SAS	HG03784	T1K-four-field	DPB1	four_field	complete	0	0	0	0	DPB1*04:02:01:01	DPB1*02:01:02:01,HLA-DPB1*02:01:02:05
HG03784	SAS	HG03784	T1K-four-field	DQA1	two_field	complete	1	1	0	1	DQA1*01:04:02:01	DQA1*01:04:02:01
HG03784	SAS	HG03784	T1K-four-field	DQA1	four_field	complete	0	0	0	0	DQA1*01:04:02:01	DQA1*01:04:02:01
HG03784	SAS	HG03784	T1K-four-field	DQB1	two_field	complete	1	1	1	2	DQB1*03:01:01:73	DQB1*05:03:01:01
HG03784	SAS	HG03784	T1K-four-field	DQB1	four_field	complete	1	1	0	1	DQB1*03:01:01:73	DQB1*05:03:01:01
HG03784	SAS	HG03784	T1K-four-field	DRB1	two_field	complete	1	1	1	2	DRB1*12:01:01:01,HLA-DRB1*12:01:01:04	DRB1*14:04:01:02
HG03784	SAS	HG03784	T1K-four-field	DRB1	four_field	complete	0	0	0	0	DRB1*12:01:01:01,HLA-DRB1*12:01:01:04	DRB1*14:04:01:02
HG03784	SAS	HG03784	full:DogoHLA	A	two_field	complete	1	1	0	1	A*02:09:01:01	A*02:52
HG03784	SAS	HG03784	full:DogoHLA	A	four_field	complete	0	0	0	0	A*02:09:01:01	A*02:52
HG03784	SAS	HG03784	full:DogoHLA	B	two_field	complete	1	1	0	0	B*35:597N	B*35:36
HG03784	SAS	HG03784	full:DogoHLA	B	four_field	complete	1	0	0	0	B*35:597N	B*35:36
HG03784	SAS	HG03784	full:DogoHLA	C	two_field	complete	1	1	1	2	C*03:04:01:01	C*04:01:01:01
HG03784	SAS	HG03784	full:DogoHLA	C	four_field	complete	1	1	0	0	C*03:04:01:01	C*04:01:01:01
HG03784	SAS	HG03784	full:DogoHLA	DPA1	two_field	complete	1	1	1	2	DPA1*01:03:01:156	DPA1*01:03:01:01
HG03784	SAS	HG03784	full:DogoHLA	DPA1	four_field	complete	0	0	0	0	DPA1*01:03:01:156	DPA1*01:03:01:01
HG03784	SAS	HG03784	full:DogoHLA	DPB1	two_field	complete	1	1	1	2	DPB1*02:01:02:01	DPB1*04:02:01:01
HG03784	SAS	HG03784	full:DogoHLA	DPB1	four_field	complete	0	0	0	0	DPB1*02:01:02:01	DPB1*04:02:01:01
HG03784	SAS	HG03784	full:DogoHLA	DQA1	two_field	complete	1	1	1	2	DQA1*05:05:17:03	DQA1*01:04:02:01
HG03784	SAS	HG03784	full:DogoHLA	DQA1	four_field	complete	0	0	0	0	DQA1*05:05:17:03	DQA1*01:04:02:01
HG03784	SAS	HG03784	full:DogoHLA	DQB1	two_field	complete	1	1	1	2	DQB1*03:01:01:05	DQB1*05:03:01:01
HG03784	SAS	HG03784	full:DogoHLA	DQB1	four_field	complete	1	1	1	2	DQB1*03:01:01:05	DQB1*05:03:01:01
HG03784	SAS	HG03784	full:DogoHLA	DRB1	two_field	complete	1	1	1	2	DRB1*12:01:01:01	DRB1*14:04:01:03
HG03784	SAS	HG03784	full:DogoHLA	DRB1	four_field	complete	0	0	0	0	DRB1*12:01:01:01	DRB1*14:04:01:03
HG03784	SAS	HG03784	full:DogoHLA-no-graph	A	two_field	complete	1	1	0	1	A*02:09:01:01	A*02:52
HG03784	SAS	HG03784	full:DogoHLA-no-graph	A	four_field	complete	0	0	0	0	A*02:09:01:01	A*02:52
HG03784	SAS	HG03784	full:DogoHLA-no-graph	B	two_field	complete	1	1	0	1	B*35:597N	B*35:03:01:02
HG03784	SAS	HG03784	full:DogoHLA-no-graph	B	four_field	complete	1	0	0	0	B*35:597N	B*35:03:01:02
HG03784	SAS	HG03784	full:DogoHLA-no-graph	C	two_field	complete	1	1	1	2	C*03:04:01:01	C*04:01:01:01
HG03784	SAS	HG03784	full:DogoHLA-no-graph	C	four_field	complete	1	1	0	0	C*03:04:01:01	C*04:01:01:01
HG03784	SAS	HG03784	full:DogoHLA-no-graph	DPA1	two_field	complete	1	1	1	2	DPA1*01:03:01:156	DPA1*01:03:01:01
HG03784	SAS	HG03784	full:DogoHLA-no-graph	DPA1	four_field	complete	0	0	0	0	DPA1*01:03:01:156	DPA1*01:03:01:01
HG03784	SAS	HG03784	full:DogoHLA-no-graph	DPB1	two_field	complete	1	1	1	2	DPB1*02:01:02:01	DPB1*04:02:01:01
HG03784	SAS	HG03784	full:DogoHLA-no-graph	DPB1	four_field	complete	0	0	0	0	DPB1*02:01:02:01	DPB1*04:02:01:01
HG03784	SAS	HG03784	full:DogoHLA-no-graph	DQA1	two_field	complete	1	1	1	2	DQA1*05:05:17:03	DQA1*01:04:02:01
HG03784	SAS	HG03784	full:DogoHLA-no-graph	DQA1	four_field	complete	0	0	0	0	DQA1*05:05:17:03	DQA1*01:04:02:01
HG03784	SAS	HG03784	full:DogoHLA-no-graph	DQB1	two_field	complete	1	1	1	2	DQB1*03:01:01:05	DQB1*05:03:01:01
HG03784	SAS	HG03784	full:DogoHLA-no-graph	DQB1	four_field	complete	1	1	1	2	DQB1*03:01:01:05	DQB1*05:03:01:01
HG03784	SAS	HG03784	full:DogoHLA-no-graph	DRB1	two_field	complete	1	1	1	2	DRB1*12:01:01:01	DRB1*14:04:01:03
HG03784	SAS	HG03784	full:DogoHLA-no-graph	DRB1	four_field	complete	0	0	0	0	DRB1*12:01:01:01	DRB1*14:04:01:03
HG03784	SAS	HG03784	hprc:DogoHLA	A	two_field	complete	1	1	0	1	A*02:09:01:01	A*11:335:01
HG03784	SAS	HG03784	hprc:DogoHLA	A	four_field	complete	0	0	0	0	A*02:09:01:01	A*11:335:01
HG03784	SAS	HG03784	hprc:DogoHLA	B	two_field	complete	1	1	0	0	B*35:597N	B*35:36
HG03784	SAS	HG03784	hprc:DogoHLA	B	four_field	complete	1	0	0	0	B*35:597N	B*35:36
HG03784	SAS	HG03784	hprc:DogoHLA	C	two_field	complete	1	1	1	2	C*03:04:01:01	C*04:01:01:01
HG03784	SAS	HG03784	hprc:DogoHLA	C	four_field	complete	1	1	0	0	C*03:04:01:01	C*04:01:01:01
HG03784	SAS	HG03784	hprc:DogoHLA	DPA1	two_field	complete	1	1	1	2	DPA1*01:03:01:156	DPA1*01:03:01:01
HG03784	SAS	HG03784	hprc:DogoHLA	DPA1	four_field	complete	0	0	0	0	DPA1*01:03:01:156	DPA1*01:03:01:01
HG03784	SAS	HG03784	hprc:DogoHLA	DPB1	two_field	complete	1	1	1	2	DPB1*02:01:02:01	DPB1*04:02:01:01
HG03784	SAS	HG03784	hprc:DogoHLA	DPB1	four_field	complete	0	0	0	0	DPB1*02:01:02:01	DPB1*04:02:01:01
HG03784	SAS	HG03784	hprc:DogoHLA	DQA1	two_field	complete	1	1	1	2	DQA1*05:05:17:03	DQA1*01:04:02:01
HG03784	SAS	HG03784	hprc:DogoHLA	DQA1	four_field	complete	0	0	0	0	DQA1*05:05:17:03	DQA1*01:04:02:01
HG03784	SAS	HG03784	hprc:DogoHLA	DQB1	two_field	complete	1	1	1	2	DQB1*03:01:01:05	DQB1*05:03:01:01
HG03784	SAS	HG03784	hprc:DogoHLA	DQB1	four_field	complete	1	1	1	2	DQB1*03:01:01:05	DQB1*05:03:01:01
HG03784	SAS	HG03784	hprc:DogoHLA	DRB1	two_field	complete	1	1	1	2	DRB1*12:01:01:01	DRB1*14:04:01:03
HG03784	SAS	HG03784	hprc:DogoHLA	DRB1	four_field	complete	0	0	0	0	DRB1*12:01:01:01	DRB1*14:04:01:03
HG03784	SAS	HG03784	hprc:DogoHLA-no-graph	A	two_field	complete	1	1	0	1	A*02:09:01:01	A*11:335:01
HG03784	SAS	HG03784	hprc:DogoHLA-no-graph	A	four_field	complete	0	0	0	0	A*02:09:01:01	A*11:335:01
HG03784	SAS	HG03784	hprc:DogoHLA-no-graph	B	two_field	complete	1	1	0	1	B*35:597N	B*35:03:01:02
HG03784	SAS	HG03784	hprc:DogoHLA-no-graph	B	four_field	complete	1	0	0	0	B*35:597N	B*35:03:01:02
HG03784	SAS	HG03784	hprc:DogoHLA-no-graph	C	two_field	complete	1	1	1	2	C*03:04:01:01	C*04:01:01:01
HG03784	SAS	HG03784	hprc:DogoHLA-no-graph	C	four_field	complete	1	1	0	0	C*03:04:01:01	C*04:01:01:01
HG03784	SAS	HG03784	hprc:DogoHLA-no-graph	DPA1	two_field	complete	1	1	1	2	DPA1*01:03:01:156	DPA1*01:03:01:01
HG03784	SAS	HG03784	hprc:DogoHLA-no-graph	DPA1	four_field	complete	0	0	0	0	DPA1*01:03:01:156	DPA1*01:03:01:01
HG03784	SAS	HG03784	hprc:DogoHLA-no-graph	DPB1	two_field	complete	1	1	1	2	DPB1*02:01:02:01	DPB1*04:02:01:01
HG03784	SAS	HG03784	hprc:DogoHLA-no-graph	DPB1	four_field	complete	0	0	0	0	DPB1*02:01:02:01	DPB1*04:02:01:01
HG03784	SAS	HG03784	hprc:DogoHLA-no-graph	DQA1	two_field	complete	1	1	1	2	DQA1*05:05:17:03	DQA1*01:04:02:01
HG03784	SAS	HG03784	hprc:DogoHLA-no-graph	DQA1	four_field	complete	0	0	0	0	DQA1*05:05:17:03	DQA1*01:04:02:01
HG03784	SAS	HG03784	hprc:DogoHLA-no-graph	DQB1	two_field	complete	1	1	1	2	DQB1*03:01:01:05	DQB1*05:03:01:01
HG03784	SAS	HG03784	hprc:DogoHLA-no-graph	DQB1	four_field	complete	1	1	1	2	DQB1*03:01:01:05	DQB1*05:03:01:01
HG03784	SAS	HG03784	hprc:DogoHLA-no-graph	DRB1	two_field	complete	1	1	1	2	DRB1*12:01:01:01	DRB1*14:04:01:03
HG03784	SAS	HG03784	hprc:DogoHLA-no-graph	DRB1	four_field	complete	0	0	0	0	DRB1*12:01:01:01	DRB1*14:04:01:03
HG03784	SAS	HG03784	asian_matched:DogoHLA	A	two_field	complete	1	1	0	1	A*02:09:01:01	A*02:52
HG03784	SAS	HG03784	asian_matched:DogoHLA	A	four_field	complete	0	0	0	0	A*02:09:01:01	A*02:52
HG03784	SAS	HG03784	asian_matched:DogoHLA	B	two_field	complete	1	1	0	0	B*35:597N	B*35:36
HG03784	SAS	HG03784	asian_matched:DogoHLA	B	four_field	complete	1	0	0	0	B*35:597N	B*35:36
HG03784	SAS	HG03784	asian_matched:DogoHLA	C	two_field	complete	1	1	1	2	C*03:04:01:01	C*04:01:01:01
HG03784	SAS	HG03784	asian_matched:DogoHLA	C	four_field	complete	1	1	0	0	C*03:04:01:01	C*04:01:01:01
HG03784	SAS	HG03784	asian_matched:DogoHLA	DPA1	two_field	complete	1	1	1	2	DPA1*01:03:01:156	DPA1*01:03:01:01
HG03784	SAS	HG03784	asian_matched:DogoHLA	DPA1	four_field	complete	0	0	0	0	DPA1*01:03:01:156	DPA1*01:03:01:01
HG03784	SAS	HG03784	asian_matched:DogoHLA	DPB1	two_field	complete	1	1	1	2	DPB1*02:01:02:01	DPB1*04:02:01:01
HG03784	SAS	HG03784	asian_matched:DogoHLA	DPB1	four_field	complete	0	0	0	0	DPB1*02:01:02:01	DPB1*04:02:01:01
HG03784	SAS	HG03784	asian_matched:DogoHLA	DQA1	two_field	complete	1	1	1	2	DQA1*05:05:17:03	DQA1*01:04:02:01
HG03784	SAS	HG03784	asian_matched:DogoHLA	DQA1	four_field	complete	0	0	0	0	DQA1*05:05:17:03	DQA1*01:04:02:01
HG03784	SAS	HG03784	asian_matched:DogoHLA	DQB1	two_field	complete	1	1	1	2	DQB1*03:01:01:05	DQB1*05:03:01:01
HG03784	SAS	HG03784	asian_matched:DogoHLA	DQB1	four_field	complete	1	1	1	2	DQB1*03:01:01:05	DQB1*05:03:01:01
HG03784	SAS	HG03784	asian_matched:DogoHLA	DRB1	two_field	complete	1	1	1	2	DRB1*12:01:01:01	DRB1*14:04:01:03
HG03784	SAS	HG03784	asian_matched:DogoHLA	DRB1	four_field	complete	0	0	0	0	DRB1*12:01:01:01	DRB1*14:04:01:03
HG03784	SAS	HG03784	asian_matched:DogoHLA-no-graph	A	two_field	complete	1	1	0	1	A*02:09:01:01	A*02:52
HG03784	SAS	HG03784	asian_matched:DogoHLA-no-graph	A	four_field	complete	0	0	0	0	A*02:09:01:01	A*02:52
HG03784	SAS	HG03784	asian_matched:DogoHLA-no-graph	B	two_field	complete	1	1	0	1	B*35:597N	B*35:03:01:02
HG03784	SAS	HG03784	asian_matched:DogoHLA-no-graph	B	four_field	complete	1	0	0	0	B*35:597N	B*35:03:01:02
HG03784	SAS	HG03784	asian_matched:DogoHLA-no-graph	C	two_field	complete	1	1	1	2	C*03:04:01:01	C*04:01:01:01
HG03784	SAS	HG03784	asian_matched:DogoHLA-no-graph	C	four_field	complete	1	1	0	0	C*03:04:01:01	C*04:01:01:01
HG03784	SAS	HG03784	asian_matched:DogoHLA-no-graph	DPA1	two_field	complete	1	1	1	2	DPA1*01:03:01:156	DPA1*01:03:01:01
HG03784	SAS	HG03784	asian_matched:DogoHLA-no-graph	DPA1	four_field	complete	0	0	0	0	DPA1*01:03:01:156	DPA1*01:03:01:01
HG03784	SAS	HG03784	asian_matched:DogoHLA-no-graph	DPB1	two_field	complete	1	1	1	2	DPB1*02:01:02:01	DPB1*04:02:01:01
HG03784	SAS	HG03784	asian_matched:DogoHLA-no-graph	DPB1	four_field	complete	0	0	0	0	DPB1*02:01:02:01	DPB1*04:02:01:01
HG03784	SAS	HG03784	asian_matched:DogoHLA-no-graph	DQA1	two_field	complete	1	1	1	2	DQA1*05:05:17:03	DQA1*01:04:02:01
HG03784	SAS	HG03784	asian_matched:DogoHLA-no-graph	DQA1	four_field	complete	0	0	0	0	DQA1*05:05:17:03	DQA1*01:04:02:01
HG03784	SAS	HG03784	asian_matched:DogoHLA-no-graph	DQB1	two_field	complete	1	1	1	2	DQB1*03:01:01:05	DQB1*05:03:01:01
HG03784	SAS	HG03784	asian_matched:DogoHLA-no-graph	DQB1	four_field	complete	1	1	1	2	DQB1*03:01:01:05	DQB1*05:03:01:01
HG03784	SAS	HG03784	asian_matched:DogoHLA-no-graph	DRB1	two_field	complete	1	1	1	2	DRB1*12:01:01:01	DRB1*14:04:01:03
HG03784	SAS	HG03784	asian_matched:DogoHLA-no-graph	DRB1	four_field	complete	0	0	0	0	DRB1*12:01:01:01	DRB1*14:04:01:03
HG04157	SAS	HG04155	SpecHLA-IPD365-noFreq	A	two_field	complete	1	1	0	1	A*01:01:01:20	A*33:300
HG04157	SAS	HG04155	SpecHLA-IPD365-noFreq	A	four_field	complete	1	0	0	0	A*01:01:01:20	A*33:300
HG04157	SAS	HG04155	SpecHLA-IPD365-noFreq	B	two_field	complete	1	1	1	2	B*44:03:02:05	B*40:06:01:17
HG04157	SAS	HG04155	SpecHLA-IPD365-noFreq	B	four_field	complete	0	0	0	0	B*44:03:02:05	B*40:06:01:17
HG04157	SAS	HG04155	SpecHLA-IPD365-noFreq	C	two_field	complete	1	1	1	2	C*07:06:01:01	C*06:02:01:01
HG04157	SAS	HG04155	SpecHLA-IPD365-noFreq	C	four_field	complete	1	1	1	2	C*07:06:01:01	C*06:02:01:01
HG04157	SAS	HG04155	SpecHLA-IPD365-noFreq	DPA1	two_field	complete	1	1	1	2	DPA1*01:03:01:152	DPA1*02:01:01:25
HG04157	SAS	HG04155	SpecHLA-IPD365-noFreq	DPA1	four_field	complete	0	0	0	0	DPA1*01:03:01:152	DPA1*02:01:01:25
HG04157	SAS	HG04155	SpecHLA-IPD365-noFreq	DPB1	two_field	complete	1	1	0	1	DPB1*1860:01	DPB1*16:01:01:01
HG04157	SAS	HG04155	SpecHLA-IPD365-noFreq	DPB1	four_field	complete	1	0	0	1	DPB1*1860:01	DPB1*16:01:01:01
HG04157	SAS	HG04155	SpecHLA-IPD365-noFreq	DQA1	two_field	complete	1	1	1	2	DQA1*01:03:01:01	DQA1*02:01:01:01
HG04157	SAS	HG04155	SpecHLA-IPD365-noFreq	DQA1	four_field	complete	1	1	1	2	DQA1*01:03:01:01	DQA1*02:01:01:01
HG04157	SAS	HG04155	SpecHLA-IPD365-noFreq	DQB1	two_field	complete	1	1	1	2	DQB1*02:02:01:01	DQB1*06:01:01:01
HG04157	SAS	HG04155	SpecHLA-IPD365-noFreq	DQB1	four_field	complete	1	1	1	2	DQB1*02:02:01:01	DQB1*06:01:01:01
HG04157	SAS	HG04155	SpecHLA-IPD365-noFreq	DRB1	two_field	complete	1	1	1	2	DRB1*07:01:01:26	DRB1*15:02:01:06
HG04157	SAS	HG04155	SpecHLA-IPD365-noFreq	DRB1	four_field	complete	0	0	0	0	DRB1*07:01:01:26	DRB1*15:02:01:06
HG04157	SAS	HG04155	SpecHLA-IPD365-long-noFreq	A	two_field	complete	1	1	0	1	A*01:01:01:20	A*33:300
HG04157	SAS	HG04155	SpecHLA-IPD365-long-noFreq	A	four_field	complete	1	0	0	0	A*01:01:01:20	A*33:300
HG04157	SAS	HG04155	SpecHLA-IPD365-long-noFreq	B	two_field	complete	1	1	1	2	B*40:06:01:17	B*44:03:02:05
HG04157	SAS	HG04155	SpecHLA-IPD365-long-noFreq	B	four_field	complete	0	0	0	0	B*40:06:01:17	B*44:03:02:05
HG04157	SAS	HG04155	SpecHLA-IPD365-long-noFreq	C	two_field	complete	1	1	1	2	C*07:06:01:01	C*06:02:01:01
HG04157	SAS	HG04155	SpecHLA-IPD365-long-noFreq	C	four_field	complete	1	1	1	2	C*07:06:01:01	C*06:02:01:01
HG04157	SAS	HG04155	SpecHLA-IPD365-long-noFreq	DPA1	two_field	complete	1	1	1	2	DPA1*01:03:01:152	DPA1*02:01:01:25
HG04157	SAS	HG04155	SpecHLA-IPD365-long-noFreq	DPA1	four_field	complete	0	0	0	0	DPA1*01:03:01:152	DPA1*02:01:01:25
HG04157	SAS	HG04155	SpecHLA-IPD365-long-noFreq	DPB1	two_field	complete	1	1	0	1	DPB1*1860:01	DPB1*16:01:01:01
HG04157	SAS	HG04155	SpecHLA-IPD365-long-noFreq	DPB1	four_field	complete	1	0	0	1	DPB1*1860:01	DPB1*16:01:01:01
HG04157	SAS	HG04155	SpecHLA-IPD365-long-noFreq	DQA1	two_field	complete	1	1	1	2	DQA1*01:03:01:01	DQA1*02:01:01:01
HG04157	SAS	HG04155	SpecHLA-IPD365-long-noFreq	DQA1	four_field	complete	1	1	1	2	DQA1*01:03:01:01	DQA1*02:01:01:01
HG04157	SAS	HG04155	SpecHLA-IPD365-long-noFreq	DQB1	two_field	complete	1	1	1	2	DQB1*02:02:01:01	DQB1*06:01:01:01
HG04157	SAS	HG04155	SpecHLA-IPD365-long-noFreq	DQB1	four_field	complete	1	1	1	2	DQB1*02:02:01:01	DQB1*06:01:01:01
HG04157	SAS	HG04155	SpecHLA-IPD365-long-noFreq	DRB1	two_field	complete	1	1	0	1	DRB1*15:02:01:06	DRB1*07:07
HG04157	SAS	HG04155	SpecHLA-IPD365-long-noFreq	DRB1	four_field	complete	0	0	0	0	DRB1*15:02:01:06	DRB1*07:07
HG04157	SAS	HG04155	T1K-four-field	A	two_field	complete	1	1	1	2	A*33:03:01:01	A*01:01:01:01
HG04157	SAS	HG04155	T1K-four-field	A	four_field	complete	1	1	1	2	A*33:03:01:01	A*01:01:01:01
HG04157	SAS	HG04155	T1K-four-field	B	two_field	complete	1	1	1	2	B*44:03:02:01	B*40:06:01:02
HG04157	SAS	HG04155	T1K-four-field	B	four_field	complete	0	0	0	0	B*44:03:02:01	B*40:06:01:02
HG04157	SAS	HG04155	T1K-four-field	C	two_field	complete	1	1	1	2	C*07:06:01:01	C*06:02:01:01
HG04157	SAS	HG04155	T1K-four-field	C	four_field	complete	1	1	1	2	C*07:06:01:01	C*06:02:01:01
HG04157	SAS	HG04155	T1K-four-field	DPA1	two_field	complete	1	1	1	2	DPA1*01:03:01:16	DPA1*02:01:01:26
HG04157	SAS	HG04155	T1K-four-field	DPA1	four_field	complete	0	0	0	0	DPA1*01:03:01:16	DPA1*02:01:01:26
HG04157	SAS	HG04155	T1K-four-field	DPB1	two_field	complete	1	1	1	2	DPB1*13:01:01:01	DPB1*16:01:01:01
HG04157	SAS	HG04155	T1K-four-field	DPB1	four_field	complete	1	1	1	2	DPB1*13:01:01:01	DPB1*16:01:01:01
HG04157	SAS	HG04155	T1K-four-field	DQA1	two_field	complete	1	1	1	2	DQA1*01:03:01:01	DQA1*02:01:01:01
HG04157	SAS	HG04155	T1K-four-field	DQA1	four_field	complete	1	1	1	2	DQA1*01:03:01:01	DQA1*02:01:01:01
HG04157	SAS	HG04155	T1K-four-field	DQB1	two_field	complete	1	1	1	2	DQB1*02:02:01:01	DQB1*06:01:01:01
HG04157	SAS	HG04155	T1K-four-field	DQB1	four_field	complete	1	1	1	2	DQB1*02:02:01:01	DQB1*06:01:01:01
HG04157	SAS	HG04155	T1K-four-field	DRB1	two_field	complete	1	1	1	2	DRB1*07:01:01:01	DRB1*15:02:01:09
HG04157	SAS	HG04155	T1K-four-field	DRB1	four_field	complete	0	0	0	0	DRB1*07:01:01:01	DRB1*15:02:01:09
HG04157	SAS	HG04155	full:DogoHLA	A	two_field	complete	1	1	0	0	A*01:03:01:01	A*33:300
HG04157	SAS	HG04155	full:DogoHLA	A	four_field	complete	1	0	0	0	A*01:03:01:01	A*33:300
HG04157	SAS	HG04155	full:DogoHLA	B	two_field	complete	1	1	1	2	B*44:03:02:04	B*40:06:01:18
HG04157	SAS	HG04155	full:DogoHLA	B	four_field	complete	0	0	0	0	B*44:03:02:04	B*40:06:01:18
HG04157	SAS	HG04155	full:DogoHLA	C	two_field	complete	1	1	1	2	C*06:02:01:01	C*07:06:01:01
HG04157	SAS	HG04155	full:DogoHLA	C	four_field	complete	1	1	1	2	C*06:02:01:01	C*07:06:01:01
HG04157	SAS	HG04155	full:DogoHLA	DPA1	two_field	complete	1	1	1	2	DPA1*02:01:01:01	DPA1*01:03:01:01
HG04157	SAS	HG04155	full:DogoHLA	DPA1	four_field	complete	0	0	0	0	DPA1*02:01:01:01	DPA1*01:03:01:01
HG04157	SAS	HG04155	full:DogoHLA	DPB1	two_field	complete	1	1	1	2	DPB1*13:01:01:01	DPB1*16:01:01:01
HG04157	SAS	HG04155	full:DogoHLA	DPB1	four_field	complete	1	1	1	2	DPB1*13:01:01:01	DPB1*16:01:01:01
HG04157	SAS	HG04155	full:DogoHLA	DQA1	two_field	complete	1	1	1	2	DQA1*01:03:01:01	DQA1*02:01:01:01
HG04157	SAS	HG04155	full:DogoHLA	DQA1	four_field	complete	1	1	1	2	DQA1*01:03:01:01	DQA1*02:01:01:01
HG04157	SAS	HG04155	full:DogoHLA	DQB1	two_field	complete	1	1	1	2	DQB1*02:02:01:01	DQB1*06:01:01:01
HG04157	SAS	HG04155	full:DogoHLA	DQB1	four_field	complete	1	1	1	2	DQB1*02:02:01:01	DQB1*06:01:01:01
HG04157	SAS	HG04155	full:DogoHLA	DRB1	two_field	complete	1	1	0	0	DRB1*15:188:01:01	DRB1*07:07
HG04157	SAS	HG04155	full:DogoHLA	DRB1	four_field	complete	0	0	0	0	DRB1*15:188:01:01	DRB1*07:07
HG04157	SAS	HG04155	full:DogoHLA-no-graph	A	two_field	complete	1	1	0	0	A*01:03:01:01	A*33:300
HG04157	SAS	HG04155	full:DogoHLA-no-graph	A	four_field	complete	1	0	0	0	A*01:03:01:01	A*33:300
HG04157	SAS	HG04155	full:DogoHLA-no-graph	B	two_field	complete	1	1	1	2	B*44:03:02:04	B*40:06:01:18
HG04157	SAS	HG04155	full:DogoHLA-no-graph	B	four_field	complete	0	0	0	0	B*44:03:02:04	B*40:06:01:18
HG04157	SAS	HG04155	full:DogoHLA-no-graph	C	two_field	complete	1	1	1	2	C*06:02:01:01	C*07:06:01:01
HG04157	SAS	HG04155	full:DogoHLA-no-graph	C	four_field	complete	1	1	1	2	C*06:02:01:01	C*07:06:01:01
HG04157	SAS	HG04155	full:DogoHLA-no-graph	DPA1	two_field	complete	1	1	1	2	DPA1*02:01:01:01	DPA1*01:03:01:01
HG04157	SAS	HG04155	full:DogoHLA-no-graph	DPA1	four_field	complete	0	0	0	0	DPA1*02:01:01:01	DPA1*01:03:01:01
HG04157	SAS	HG04155	full:DogoHLA-no-graph	DPB1	two_field	complete	1	1	1	2	DPB1*13:01:01:01	DPB1*16:01:01:01
HG04157	SAS	HG04155	full:DogoHLA-no-graph	DPB1	four_field	complete	1	1	1	2	DPB1*13:01:01:01	DPB1*16:01:01:01
HG04157	SAS	HG04155	full:DogoHLA-no-graph	DQA1	two_field	complete	1	1	1	2	DQA1*01:03:01:01	DQA1*02:01:01:01
HG04157	SAS	HG04155	full:DogoHLA-no-graph	DQA1	four_field	complete	1	1	1	2	DQA1*01:03:01:01	DQA1*02:01:01:01
HG04157	SAS	HG04155	full:DogoHLA-no-graph	DQB1	two_field	complete	1	1	1	2	DQB1*02:02:01:01	DQB1*06:01:01:01
HG04157	SAS	HG04155	full:DogoHLA-no-graph	DQB1	four_field	complete	1	1	1	2	DQB1*02:02:01:01	DQB1*06:01:01:01
HG04157	SAS	HG04155	full:DogoHLA-no-graph	DRB1	two_field	complete	1	1	0	0	DRB1*15:188:01:01	DRB1*07:07
HG04157	SAS	HG04155	full:DogoHLA-no-graph	DRB1	four_field	complete	0	0	0	0	DRB1*15:188:01:01	DRB1*07:07
HG04157	SAS	HG04155	hprc:DogoHLA	A	two_field	complete	1	1	0	0	A*33:300	A*01:03:01:01
HG04157	SAS	HG04155	hprc:DogoHLA	A	four_field	complete	1	0	0	0	A*33:300	A*01:03:01:01
HG04157	SAS	HG04155	hprc:DogoHLA	B	two_field	complete	1	1	1	2	B*44:03:02:04	B*40:06:01:18
HG04157	SAS	HG04155	hprc:DogoHLA	B	four_field	complete	0	0	0	0	B*44:03:02:04	B*40:06:01:18
HG04157	SAS	HG04155	hprc:DogoHLA	C	two_field	complete	1	1	1	2	C*06:02:01:01	C*07:06:01:01
HG04157	SAS	HG04155	hprc:DogoHLA	C	four_field	complete	1	1	1	2	C*06:02:01:01	C*07:06:01:01
HG04157	SAS	HG04155	hprc:DogoHLA	DPA1	two_field	complete	1	1	1	2	DPA1*02:01:01:01	DPA1*01:03:01:01
HG04157	SAS	HG04155	hprc:DogoHLA	DPA1	four_field	complete	0	0	0	0	DPA1*02:01:01:01	DPA1*01:03:01:01
HG04157	SAS	HG04155	hprc:DogoHLA	DPB1	two_field	complete	1	1	1	2	DPB1*13:01:01:01	DPB1*16:01:01:01
HG04157	SAS	HG04155	hprc:DogoHLA	DPB1	four_field	complete	1	1	1	2	DPB1*13:01:01:01	DPB1*16:01:01:01
HG04157	SAS	HG04155	hprc:DogoHLA	DQA1	two_field	complete	1	1	1	2	DQA1*01:03:01:01	DQA1*02:01:01:01
HG04157	SAS	HG04155	hprc:DogoHLA	DQA1	four_field	complete	1	1	1	2	DQA1*01:03:01:01	DQA1*02:01:01:01
HG04157	SAS	HG04155	hprc:DogoHLA	DQB1	two_field	complete	1	1	1	2	DQB1*02:02:01:01	DQB1*06:01:01:01
HG04157	SAS	HG04155	hprc:DogoHLA	DQB1	four_field	complete	1	1	1	2	DQB1*02:02:01:01	DQB1*06:01:01:01
HG04157	SAS	HG04155	hprc:DogoHLA	DRB1	two_field	complete	1	1	0	0	DRB1*15:188:01:01	DRB1*07:07
HG04157	SAS	HG04155	hprc:DogoHLA	DRB1	four_field	complete	0	0	0	0	DRB1*15:188:01:01	DRB1*07:07
HG04157	SAS	HG04155	hprc:DogoHLA-no-graph	A	two_field	complete	1	1	0	0	A*33:300	A*01:03:01:01
HG04157	SAS	HG04155	hprc:DogoHLA-no-graph	A	four_field	complete	1	0	0	0	A*33:300	A*01:03:01:01
HG04157	SAS	HG04155	hprc:DogoHLA-no-graph	B	two_field	complete	1	1	1	2	B*44:03:02:04	B*40:06:01:18
HG04157	SAS	HG04155	hprc:DogoHLA-no-graph	B	four_field	complete	0	0	0	0	B*44:03:02:04	B*40:06:01:18
HG04157	SAS	HG04155	hprc:DogoHLA-no-graph	C	two_field	complete	1	1	1	2	C*06:02:01:01	C*07:06:01:01
HG04157	SAS	HG04155	hprc:DogoHLA-no-graph	C	four_field	complete	1	1	1	2	C*06:02:01:01	C*07:06:01:01
HG04157	SAS	HG04155	hprc:DogoHLA-no-graph	DPA1	two_field	complete	1	1	1	2	DPA1*02:01:01:01	DPA1*01:03:01:01
HG04157	SAS	HG04155	hprc:DogoHLA-no-graph	DPA1	four_field	complete	0	0	0	0	DPA1*02:01:01:01	DPA1*01:03:01:01
HG04157	SAS	HG04155	hprc:DogoHLA-no-graph	DPB1	two_field	complete	1	1	1	2	DPB1*13:01:01:01	DPB1*16:01:01:01
HG04157	SAS	HG04155	hprc:DogoHLA-no-graph	DPB1	four_field	complete	1	1	1	2	DPB1*13:01:01:01	DPB1*16:01:01:01
HG04157	SAS	HG04155	hprc:DogoHLA-no-graph	DQA1	two_field	complete	1	1	1	2	DQA1*01:03:01:01	DQA1*02:01:01:01
HG04157	SAS	HG04155	hprc:DogoHLA-no-graph	DQA1	four_field	complete	1	1	1	2	DQA1*01:03:01:01	DQA1*02:01:01:01
HG04157	SAS	HG04155	hprc:DogoHLA-no-graph	DQB1	two_field	complete	1	1	1	2	DQB1*02:02:01:01	DQB1*06:01:01:01
HG04157	SAS	HG04155	hprc:DogoHLA-no-graph	DQB1	four_field	complete	1	1	1	2	DQB1*02:02:01:01	DQB1*06:01:01:01
HG04157	SAS	HG04155	hprc:DogoHLA-no-graph	DRB1	two_field	complete	1	1	0	0	DRB1*15:188:01:01	DRB1*07:07
HG04157	SAS	HG04155	hprc:DogoHLA-no-graph	DRB1	four_field	complete	0	0	0	0	DRB1*15:188:01:01	DRB1*07:07
HG04157	SAS	HG04155	asian_matched:DogoHLA	A	two_field	complete	1	1	0	0	A*33:300	A*01:03:01:01
HG04157	SAS	HG04155	asian_matched:DogoHLA	A	four_field	complete	1	0	0	0	A*33:300	A*01:03:01:01
HG04157	SAS	HG04155	asian_matched:DogoHLA	B	two_field	complete	1	1	1	2	B*44:03:02:04	B*40:06:01:18
HG04157	SAS	HG04155	asian_matched:DogoHLA	B	four_field	complete	0	0	0	0	B*44:03:02:04	B*40:06:01:18
HG04157	SAS	HG04155	asian_matched:DogoHLA	C	two_field	complete	1	1	1	2	C*06:02:01:01	C*07:06:01:01
HG04157	SAS	HG04155	asian_matched:DogoHLA	C	four_field	complete	1	1	1	2	C*06:02:01:01	C*07:06:01:01
HG04157	SAS	HG04155	asian_matched:DogoHLA	DPA1	two_field	complete	1	1	1	2	DPA1*02:01:01:01	DPA1*01:03:01:01
HG04157	SAS	HG04155	asian_matched:DogoHLA	DPA1	four_field	complete	0	0	0	0	DPA1*02:01:01:01	DPA1*01:03:01:01
HG04157	SAS	HG04155	asian_matched:DogoHLA	DPB1	two_field	complete	1	1	1	2	DPB1*13:01:01:01	DPB1*16:01:01:01
HG04157	SAS	HG04155	asian_matched:DogoHLA	DPB1	four_field	complete	1	1	1	2	DPB1*13:01:01:01	DPB1*16:01:01:01
HG04157	SAS	HG04155	asian_matched:DogoHLA	DQA1	two_field	complete	1	1	1	2	DQA1*01:03:01:01	DQA1*02:01:01:01
HG04157	SAS	HG04155	asian_matched:DogoHLA	DQA1	four_field	complete	1	1	1	2	DQA1*01:03:01:01	DQA1*02:01:01:01
HG04157	SAS	HG04155	asian_matched:DogoHLA	DQB1	two_field	complete	1	1	1	2	DQB1*02:02:01:01	DQB1*06:01:01:01
HG04157	SAS	HG04155	asian_matched:DogoHLA	DQB1	four_field	complete	1	1	1	2	DQB1*02:02:01:01	DQB1*06:01:01:01
HG04157	SAS	HG04155	asian_matched:DogoHLA	DRB1	two_field	complete	1	1	0	1	DRB1*15:02:20	DRB1*07:07
HG04157	SAS	HG04155	asian_matched:DogoHLA	DRB1	four_field	complete	0	0	0	0	DRB1*15:02:20	DRB1*07:07
HG04157	SAS	HG04155	asian_matched:DogoHLA-no-graph	A	two_field	complete	1	1	0	0	A*33:300	A*01:03:01:01
HG04157	SAS	HG04155	asian_matched:DogoHLA-no-graph	A	four_field	complete	1	0	0	0	A*33:300	A*01:03:01:01
HG04157	SAS	HG04155	asian_matched:DogoHLA-no-graph	B	two_field	complete	1	1	1	2	B*44:03:02:04	B*40:06:01:18
HG04157	SAS	HG04155	asian_matched:DogoHLA-no-graph	B	four_field	complete	0	0	0	0	B*44:03:02:04	B*40:06:01:18
HG04157	SAS	HG04155	asian_matched:DogoHLA-no-graph	C	two_field	complete	1	1	1	2	C*06:02:01:01	C*07:06:01:01
HG04157	SAS	HG04155	asian_matched:DogoHLA-no-graph	C	four_field	complete	1	1	1	2	C*06:02:01:01	C*07:06:01:01
HG04157	SAS	HG04155	asian_matched:DogoHLA-no-graph	DPA1	two_field	complete	1	1	1	2	DPA1*02:01:01:01	DPA1*01:03:01:01
HG04157	SAS	HG04155	asian_matched:DogoHLA-no-graph	DPA1	four_field	complete	0	0	0	0	DPA1*02:01:01:01	DPA1*01:03:01:01
HG04157	SAS	HG04155	asian_matched:DogoHLA-no-graph	DPB1	two_field	complete	1	1	1	2	DPB1*13:01:01:01	DPB1*16:01:01:01
HG04157	SAS	HG04155	asian_matched:DogoHLA-no-graph	DPB1	four_field	complete	1	1	1	2	DPB1*13:01:01:01	DPB1*16:01:01:01
HG04157	SAS	HG04155	asian_matched:DogoHLA-no-graph	DQA1	two_field	complete	1	1	1	2	DQA1*01:03:01:01	DQA1*02:01:01:01
HG04157	SAS	HG04155	asian_matched:DogoHLA-no-graph	DQA1	four_field	complete	1	1	1	2	DQA1*01:03:01:01	DQA1*02:01:01:01
HG04157	SAS	HG04155	asian_matched:DogoHLA-no-graph	DQB1	two_field	complete	1	1	1	2	DQB1*02:02:01:01	DQB1*06:01:01:01
HG04157	SAS	HG04155	asian_matched:DogoHLA-no-graph	DQB1	four_field	complete	1	1	1	2	DQB1*02:02:01:01	DQB1*06:01:01:01
HG04157	SAS	HG04155	asian_matched:DogoHLA-no-graph	DRB1	two_field	complete	1	1	0	1	DRB1*15:02:20	DRB1*07:07
HG04157	SAS	HG04155	asian_matched:DogoHLA-no-graph	DRB1	four_field	complete	0	0	0	0	DRB1*15:02:20	DRB1*07:07
HG04204	SAS	HG03642	SpecHLA-IPD365-noFreq	A	two_field	complete	1	1	0	1	A*24:03:01:01	A*01:01:01:01
HG04204	SAS	HG03642	SpecHLA-IPD365-noFreq	A	four_field	complete	1	1	0	1	A*24:03:01:01	A*01:01:01:01
HG04204	SAS	HG03642	SpecHLA-IPD365-noFreq	B	two_field	complete	1	1	0	1	B*56:26	B*44:03:02:04
HG04204	SAS	HG03642	SpecHLA-IPD365-noFreq	B	four_field	complete	0	0	0	0	B*56:26	B*44:03:02:04
HG04204	SAS	HG03642	SpecHLA-IPD365-noFreq	C	two_field	complete	1	1	1	2	C*03:03:01:01	C*07:06:01:01
HG04204	SAS	HG03642	SpecHLA-IPD365-noFreq	C	four_field	complete	0	0	0	0	C*03:03:01:01	C*07:06:01:01
HG04204	SAS	HG03642	SpecHLA-IPD365-noFreq	DPA1	two_field	complete	1	1	1	2	DPA1*01:03:01:02	DPA1*02:01:01:01
HG04204	SAS	HG03642	SpecHLA-IPD365-noFreq	DPA1	four_field	complete	0	0	0	0	DPA1*01:03:01:02	DPA1*02:01:01:01
HG04204	SAS	HG03642	SpecHLA-IPD365-noFreq	DPB1	two_field	complete	1	1	0	0	DPB1*124:01:01:01	DPB1*702:01:01:02
HG04204	SAS	HG03642	SpecHLA-IPD365-noFreq	DPB1	four_field	complete	1	1	0	0	DPB1*124:01:01:01	DPB1*702:01:01:02
HG04204	SAS	HG03642	SpecHLA-IPD365-noFreq	DQA1	two_field	complete	1	1	1	2	DQA1*01:03:01:01	DQA1*02:01:09:01
HG04204	SAS	HG03642	SpecHLA-IPD365-noFreq	DQA1	four_field	complete	1	1	0	1	DQA1*01:03:01:01	DQA1*02:01:09:01
HG04204	SAS	HG03642	SpecHLA-IPD365-noFreq	DQB1	two_field	complete	1	1	1	2	DQB1*06:01:01:01	DQB1*02:02:01:01
HG04204	SAS	HG03642	SpecHLA-IPD365-noFreq	DQB1	four_field	complete	1	1	1	2	DQB1*06:01:01:01	DQB1*02:02:01:01
HG04204	SAS	HG03642	SpecHLA-IPD365-noFreq	DRB1	two_field	complete	1	1	1	2	DRB1*15:02:02:02	DRB1*07:01:01:26
HG04204	SAS	HG03642	SpecHLA-IPD365-noFreq	DRB1	four_field	complete	0	0	0	0	DRB1*15:02:02:02	DRB1*07:01:01:26
HG04204	SAS	HG03642	SpecHLA-IPD365-long-noFreq	A	two_field	complete	1	1	0	1	A*01:01:01:01	A*24:03:01:01
HG04204	SAS	HG03642	SpecHLA-IPD365-long-noFreq	A	four_field	complete	1	1	0	1	A*01:01:01:01	A*24:03:01:01
HG04204	SAS	HG03642	SpecHLA-IPD365-long-noFreq	B	two_field	complete	1	1	0	1	B*56:26	B*44:03:02:04
HG04204	SAS	HG03642	SpecHLA-IPD365-long-noFreq	B	four_field	complete	0	0	0	0	B*56:26	B*44:03:02:04
HG04204	SAS	HG03642	SpecHLA-IPD365-long-noFreq	C	two_field	complete	1	1	1	2	C*03:03:01:01	C*07:06:01:01
HG04204	SAS	HG03642	SpecHLA-IPD365-long-noFreq	C	four_field	complete	0	0	0	0	C*03:03:01:01	C*07:06:01:01
HG04204	SAS	HG03642	SpecHLA-IPD365-long-noFreq	DPA1	two_field	complete	1	1	1	2	DPA1*01:03:01:02	DPA1*02:01:01:01
HG04204	SAS	HG03642	SpecHLA-IPD365-long-noFreq	DPA1	four_field	complete	0	0	0	0	DPA1*01:03:01:02	DPA1*02:01:01:01
HG04204	SAS	HG03642	SpecHLA-IPD365-long-noFreq	DPB1	two_field	complete	1	1	0	0	DPB1*124:01:01:01	DPB1*702:01:01:02
HG04204	SAS	HG03642	SpecHLA-IPD365-long-noFreq	DPB1	four_field	complete	1	1	0	0	DPB1*124:01:01:01	DPB1*702:01:01:02
HG04204	SAS	HG03642	SpecHLA-IPD365-long-noFreq	DQA1	two_field	complete	1	1	1	2	DQA1*01:03:01:01	DQA1*02:01:09:01
HG04204	SAS	HG03642	SpecHLA-IPD365-long-noFreq	DQA1	four_field	complete	1	1	0	1	DQA1*01:03:01:01	DQA1*02:01:09:01
HG04204	SAS	HG03642	SpecHLA-IPD365-long-noFreq	DQB1	two_field	complete	1	1	1	2	DQB1*02:02:01:01	DQB1*06:01:01:01
HG04204	SAS	HG03642	SpecHLA-IPD365-long-noFreq	DQB1	four_field	complete	1	1	1	2	DQB1*02:02:01:01	DQB1*06:01:01:01
HG04204	SAS	HG03642	SpecHLA-IPD365-long-noFreq	DRB1	two_field	complete	1	1	1	2	DRB1*15:02:02:02	DRB1*07:01:01:26
HG04204	SAS	HG03642	SpecHLA-IPD365-long-noFreq	DRB1	four_field	complete	0	0	0	0	DRB1*15:02:02:02	DRB1*07:01:01:26
HG04204	SAS	HG03642	T1K-four-field	A	two_field	complete	1	1	1	2	A*01:01:01:01	A*24:02:01:05
HG04204	SAS	HG03642	T1K-four-field	A	four_field	complete	1	1	1	2	A*01:01:01:01	A*24:02:01:05
HG04204	SAS	HG03642	T1K-four-field	B	two_field	complete	1	1	1	2	B*44:03:02:01	B*56:01:01:02
HG04204	SAS	HG03642	T1K-four-field	B	four_field	complete	0	0	0	0	B*44:03:02:01	B*56:01:01:02
HG04204	SAS	HG03642	T1K-four-field	C	two_field	complete	1	1	1	2	C*07:06:01:01	C*03:03:01:01
HG04204	SAS	HG03642	T1K-four-field	C	four_field	complete	0	0	0	0	C*07:06:01:01	C*03:03:01:01
HG04204	SAS	HG03642	T1K-four-field	DPA1	two_field	complete	1	1	1	2	DPA1*01:03:01:02	DPA1*02:01:01:02
HG04204	SAS	HG03642	T1K-four-field	DPA1	four_field	complete	0	0	0	0	DPA1*01:03:01:02	DPA1*02:01:01:02
HG04204	SAS	HG03642	T1K-four-field	DPB1	two_field	complete	1	1	1	2	DPB1*14:01:01:01	DPB1*04:01:01:01
HG04204	SAS	HG03642	T1K-four-field	DPB1	four_field	complete	1	1	1	2	DPB1*14:01:01:01	DPB1*04:01:01:01
HG04204	SAS	HG03642	T1K-four-field	DQA1	two_field	complete	1	1	1	2	DQA1*01:03:01:01	DQA1*02:01:01:01
HG04204	SAS	HG03642	T1K-four-field	DQA1	four_field	complete	1	1	1	2	DQA1*01:03:01:01	DQA1*02:01:01:01
HG04204	SAS	HG03642	T1K-four-field	DQB1	two_field	complete	1	1	1	2	DQB1*02:02:01:01	DQB1*06:01:01:01
HG04204	SAS	HG03642	T1K-four-field	DQB1	four_field	complete	1	1	1	2	DQB1*02:02:01:01	DQB1*06:01:01:01
HG04204	SAS	HG03642	T1K-four-field	DRB1	two_field	complete	1	1	1	2	DRB1*07:01:01:01	DRB1*15:02:01:05
HG04204	SAS	HG03642	T1K-four-field	DRB1	four_field	complete	0	0	0	0	DRB1*07:01:01:01	DRB1*15:02:01:05
HG04204	SAS	HG03642	full:DogoHLA	A	two_field	complete	1	1	0	1	A*24:03:01:01	A*01:01:01:01
HG04204	SAS	HG03642	full:DogoHLA	A	four_field	complete	1	1	0	1	A*24:03:01:01	A*01:01:01:01
HG04204	SAS	HG03642	full:DogoHLA	B	two_field	complete	1	1	0	1	B*44:03:02:04	B*56:26
HG04204	SAS	HG03642	full:DogoHLA	B	four_field	complete	0	0	0	0	B*44:03:02:04	B*56:26
HG04204	SAS	HG03642	full:DogoHLA	C	two_field	complete	1	1	1	2	C*03:03:01:01	C*07:06:01:01
HG04204	SAS	HG03642	full:DogoHLA	C	four_field	complete	0	0	0	0	C*03:03:01:01	C*07:06:01:01
HG04204	SAS	HG03642	full:DogoHLA	DPA1	two_field	complete	1	1	1	2	DPA1*01:03:01:02	DPA1*02:01:01:01
HG04204	SAS	HG03642	full:DogoHLA	DPA1	four_field	complete	0	0	0	0	DPA1*01:03:01:02	DPA1*02:01:01:01
HG04204	SAS	HG03642	full:DogoHLA	DPB1	two_field	complete	1	1	0	0	DPB1*1683:01	DPB1*651:01
HG04204	SAS	HG03642	full:DogoHLA	DPB1	four_field	complete	1	0	0	0	DPB1*1683:01	DPB1*651:01
HG04204	SAS	HG03642	full:DogoHLA	DQA1	two_field	complete	1	1	1	2	DQA1*01:03:01:01	DQA1*02:01:09:01
HG04204	SAS	HG03642	full:DogoHLA	DQA1	four_field	complete	1	1	0	1	DQA1*01:03:01:01	DQA1*02:01:09:01
HG04204	SAS	HG03642	full:DogoHLA	DQB1	two_field	complete	1	1	1	2	DQB1*02:02:01:01	DQB1*06:01:01:01
HG04204	SAS	HG03642	full:DogoHLA	DQB1	four_field	complete	1	1	1	2	DQB1*02:02:01:01	DQB1*06:01:01:01
HG04204	SAS	HG03642	full:DogoHLA	DRB1	two_field	complete	1	1	1	2	DRB1*15:02:01:03	DRB1*07:01:01:02
HG04204	SAS	HG03642	full:DogoHLA	DRB1	four_field	complete	0	0	0	0	DRB1*15:02:01:03	DRB1*07:01:01:02
HG04204	SAS	HG03642	full:DogoHLA-no-graph	A	two_field	complete	1	1	0	1	A*24:03:01:01	A*01:01:01:01
HG04204	SAS	HG03642	full:DogoHLA-no-graph	A	four_field	complete	1	1	0	1	A*24:03:01:01	A*01:01:01:01
HG04204	SAS	HG03642	full:DogoHLA-no-graph	B	two_field	complete	1	1	0	1	B*44:03:02:04	B*56:26
HG04204	SAS	HG03642	full:DogoHLA-no-graph	B	four_field	complete	0	0	0	0	B*44:03:02:04	B*56:26
HG04204	SAS	HG03642	full:DogoHLA-no-graph	C	two_field	complete	1	1	1	2	C*03:03:01:01	C*07:06:01:01
HG04204	SAS	HG03642	full:DogoHLA-no-graph	C	four_field	complete	0	0	0	0	C*03:03:01:01	C*07:06:01:01
HG04204	SAS	HG03642	full:DogoHLA-no-graph	DPA1	two_field	complete	1	1	1	2	DPA1*01:03:01:02	DPA1*02:01:01:01
HG04204	SAS	HG03642	full:DogoHLA-no-graph	DPA1	four_field	complete	0	0	0	0	DPA1*01:03:01:02	DPA1*02:01:01:01
HG04204	SAS	HG03642	full:DogoHLA-no-graph	DPB1	two_field	complete	1	1	0	0	DPB1*1683:01	DPB1*651:01
HG04204	SAS	HG03642	full:DogoHLA-no-graph	DPB1	four_field	complete	1	0	0	0	DPB1*1683:01	DPB1*651:01
HG04204	SAS	HG03642	full:DogoHLA-no-graph	DQA1	two_field	complete	1	1	1	2	DQA1*01:03:01:01	DQA1*02:01:09:01
HG04204	SAS	HG03642	full:DogoHLA-no-graph	DQA1	four_field	complete	1	1	0	1	DQA1*01:03:01:01	DQA1*02:01:09:01
HG04204	SAS	HG03642	full:DogoHLA-no-graph	DQB1	two_field	complete	1	1	1	2	DQB1*02:02:01:01	DQB1*06:01:01:01
HG04204	SAS	HG03642	full:DogoHLA-no-graph	DQB1	four_field	complete	1	1	1	2	DQB1*02:02:01:01	DQB1*06:01:01:01
HG04204	SAS	HG03642	full:DogoHLA-no-graph	DRB1	two_field	complete	1	1	1	2	DRB1*15:02:01:03	DRB1*07:01:01:02
HG04204	SAS	HG03642	full:DogoHLA-no-graph	DRB1	four_field	complete	0	0	0	0	DRB1*15:02:01:03	DRB1*07:01:01:02
HG04204	SAS	HG03642	hprc:DogoHLA	A	two_field	complete	1	1	0	1	A*24:03:01:01	A*01:01:01:01
HG04204	SAS	HG03642	hprc:DogoHLA	A	four_field	complete	1	1	0	1	A*24:03:01:01	A*01:01:01:01
HG04204	SAS	HG03642	hprc:DogoHLA	B	two_field	complete	1	1	1	2	B*44:03:02:04	B*56:01:01:04
HG04204	SAS	HG03642	hprc:DogoHLA	B	four_field	complete	0	0	0	0	B*44:03:02:04	B*56:01:01:04
HG04204	SAS	HG03642	hprc:DogoHLA	C	two_field	complete	1	1	1	2	C*03:03:01:01	C*07:06:01:01
HG04204	SAS	HG03642	hprc:DogoHLA	C	four_field	complete	0	0	0	0	C*03:03:01:01	C*07:06:01:01
HG04204	SAS	HG03642	hprc:DogoHLA	DPA1	two_field	complete	1	1	1	2	DPA1*01:03:01:02	DPA1*02:01:01:01
HG04204	SAS	HG03642	hprc:DogoHLA	DPA1	four_field	complete	0	0	0	0	DPA1*01:03:01:02	DPA1*02:01:01:01
HG04204	SAS	HG03642	hprc:DogoHLA	DPB1	two_field	complete	1	1	0	0	DPB1*1683:01	DPB1*651:01
HG04204	SAS	HG03642	hprc:DogoHLA	DPB1	four_field	complete	1	0	0	0	DPB1*1683:01	DPB1*651:01
HG04204	SAS	HG03642	hprc:DogoHLA	DQA1	two_field	complete	1	1	1	2	DQA1*01:03:01:01	DQA1*02:01:09:01
HG04204	SAS	HG03642	hprc:DogoHLA	DQA1	four_field	complete	1	1	0	1	DQA1*01:03:01:01	DQA1*02:01:09:01
HG04204	SAS	HG03642	hprc:DogoHLA	DQB1	two_field	complete	1	1	1	2	DQB1*02:02:01:01	DQB1*06:01:01:01
HG04204	SAS	HG03642	hprc:DogoHLA	DQB1	four_field	complete	1	1	1	2	DQB1*02:02:01:01	DQB1*06:01:01:01
HG04204	SAS	HG03642	hprc:DogoHLA	DRB1	two_field	complete	1	1	1	2	DRB1*15:02:01:03	DRB1*07:01:01:02
HG04204	SAS	HG03642	hprc:DogoHLA	DRB1	four_field	complete	0	0	0	0	DRB1*15:02:01:03	DRB1*07:01:01:02
HG04204	SAS	HG03642	hprc:DogoHLA-no-graph	A	two_field	complete	1	1	0	1	A*24:03:01:01	A*01:01:01:01
HG04204	SAS	HG03642	hprc:DogoHLA-no-graph	A	four_field	complete	1	1	0	1	A*24:03:01:01	A*01:01:01:01
HG04204	SAS	HG03642	hprc:DogoHLA-no-graph	B	two_field	complete	1	1	1	2	B*44:03:02:04	B*56:01:01:04
HG04204	SAS	HG03642	hprc:DogoHLA-no-graph	B	four_field	complete	0	0	0	0	B*44:03:02:04	B*56:01:01:04
HG04204	SAS	HG03642	hprc:DogoHLA-no-graph	C	two_field	complete	1	1	1	2	C*03:03:01:01	C*07:06:01:01
HG04204	SAS	HG03642	hprc:DogoHLA-no-graph	C	four_field	complete	0	0	0	0	C*03:03:01:01	C*07:06:01:01
HG04204	SAS	HG03642	hprc:DogoHLA-no-graph	DPA1	two_field	complete	1	1	1	2	DPA1*01:03:01:02	DPA1*02:01:01:01
HG04204	SAS	HG03642	hprc:DogoHLA-no-graph	DPA1	four_field	complete	0	0	0	0	DPA1*01:03:01:02	DPA1*02:01:01:01
HG04204	SAS	HG03642	hprc:DogoHLA-no-graph	DPB1	two_field	complete	1	1	0	0	DPB1*702:01:01:02	DPB1*651:01
HG04204	SAS	HG03642	hprc:DogoHLA-no-graph	DPB1	four_field	complete	1	0	0	0	DPB1*702:01:01:02	DPB1*651:01
HG04204	SAS	HG03642	hprc:DogoHLA-no-graph	DQA1	two_field	complete	1	1	1	2	DQA1*01:03:01:01	DQA1*02:01:09:01
HG04204	SAS	HG03642	hprc:DogoHLA-no-graph	DQA1	four_field	complete	1	1	0	1	DQA1*01:03:01:01	DQA1*02:01:09:01
HG04204	SAS	HG03642	hprc:DogoHLA-no-graph	DQB1	two_field	complete	1	1	1	2	DQB1*02:02:01:01	DQB1*06:01:01:01
HG04204	SAS	HG03642	hprc:DogoHLA-no-graph	DQB1	four_field	complete	1	1	1	2	DQB1*02:02:01:01	DQB1*06:01:01:01
HG04204	SAS	HG03642	hprc:DogoHLA-no-graph	DRB1	two_field	complete	1	1	1	2	DRB1*15:02:01:03	DRB1*07:01:01:02
HG04204	SAS	HG03642	hprc:DogoHLA-no-graph	DRB1	four_field	complete	0	0	0	0	DRB1*15:02:01:03	DRB1*07:01:01:02
HG04204	SAS	HG03642	asian_matched:DogoHLA	A	two_field	complete	1	1	0	1	A*24:03:01:01	A*01:01:01:01
HG04204	SAS	HG03642	asian_matched:DogoHLA	A	four_field	complete	1	1	0	1	A*24:03:01:01	A*01:01:01:01
HG04204	SAS	HG03642	asian_matched:DogoHLA	B	two_field	complete	1	1	0	1	B*44:03:02:04	B*56:26
HG04204	SAS	HG03642	asian_matched:DogoHLA	B	four_field	complete	0	0	0	0	B*44:03:02:04	B*56:26
HG04204	SAS	HG03642	asian_matched:DogoHLA	C	two_field	complete	1	1	1	2	C*03:03:01:01	C*07:06:01:01
HG04204	SAS	HG03642	asian_matched:DogoHLA	C	four_field	complete	0	0	0	0	C*03:03:01:01	C*07:06:01:01
HG04204	SAS	HG03642	asian_matched:DogoHLA	DPA1	two_field	complete	1	1	1	2	DPA1*01:03:01:02	DPA1*02:01:01:01
HG04204	SAS	HG03642	asian_matched:DogoHLA	DPA1	four_field	complete	0	0	0	0	DPA1*01:03:01:02	DPA1*02:01:01:01
HG04204	SAS	HG03642	asian_matched:DogoHLA	DPB1	two_field	complete	1	1	0	0	DPB1*702:01:01:02	DPB1*651:01
HG04204	SAS	HG03642	asian_matched:DogoHLA	DPB1	four_field	complete	1	0	0	0	DPB1*702:01:01:02	DPB1*651:01
HG04204	SAS	HG03642	asian_matched:DogoHLA	DQA1	two_field	complete	1	1	1	2	DQA1*01:03:01:01	DQA1*02:01:09:01
HG04204	SAS	HG03642	asian_matched:DogoHLA	DQA1	four_field	complete	1	1	0	1	DQA1*01:03:01:01	DQA1*02:01:09:01
HG04204	SAS	HG03642	asian_matched:DogoHLA	DQB1	two_field	complete	1	1	1	2	DQB1*02:02:01:01	DQB1*06:01:01:01
HG04204	SAS	HG03642	asian_matched:DogoHLA	DQB1	four_field	complete	1	1	1	2	DQB1*02:02:01:01	DQB1*06:01:01:01
HG04204	SAS	HG03642	asian_matched:DogoHLA	DRB1	two_field	complete	1	1	1	2	DRB1*15:02:01:03	DRB1*07:01:01:02
HG04204	SAS	HG03642	asian_matched:DogoHLA	DRB1	four_field	complete	0	0	0	0	DRB1*15:02:01:03	DRB1*07:01:01:02
HG04204	SAS	HG03642	asian_matched:DogoHLA-no-graph	A	two_field	complete	1	1	0	1	A*24:03:01:01	A*01:01:01:01
HG04204	SAS	HG03642	asian_matched:DogoHLA-no-graph	A	four_field	complete	1	1	0	1	A*24:03:01:01	A*01:01:01:01
HG04204	SAS	HG03642	asian_matched:DogoHLA-no-graph	B	two_field	complete	1	1	0	1	B*44:03:02:04	B*56:26
HG04204	SAS	HG03642	asian_matched:DogoHLA-no-graph	B	four_field	complete	0	0	0	0	B*44:03:02:04	B*56:26
HG04204	SAS	HG03642	asian_matched:DogoHLA-no-graph	C	two_field	complete	1	1	1	2	C*03:03:01:01	C*07:06:01:01
HG04204	SAS	HG03642	asian_matched:DogoHLA-no-graph	C	four_field	complete	0	0	0	0	C*03:03:01:01	C*07:06:01:01
HG04204	SAS	HG03642	asian_matched:DogoHLA-no-graph	DPA1	two_field	complete	1	1	1	2	DPA1*01:03:01:02	DPA1*02:01:01:01
HG04204	SAS	HG03642	asian_matched:DogoHLA-no-graph	DPA1	four_field	complete	0	0	0	0	DPA1*01:03:01:02	DPA1*02:01:01:01
HG04204	SAS	HG03642	asian_matched:DogoHLA-no-graph	DPB1	two_field	complete	1	1	0	0	DPB1*1683:01	DPB1*651:01
HG04204	SAS	HG03642	asian_matched:DogoHLA-no-graph	DPB1	four_field	complete	1	0	0	0	DPB1*1683:01	DPB1*651:01
HG04204	SAS	HG03642	asian_matched:DogoHLA-no-graph	DQA1	two_field	complete	1	1	1	2	DQA1*01:03:01:01	DQA1*02:01:09:01
HG04204	SAS	HG03642	asian_matched:DogoHLA-no-graph	DQA1	four_field	complete	1	1	0	1	DQA1*01:03:01:01	DQA1*02:01:09:01
HG04204	SAS	HG03642	asian_matched:DogoHLA-no-graph	DQB1	two_field	complete	1	1	1	2	DQB1*02:02:01:01	DQB1*06:01:01:01
HG04204	SAS	HG03642	asian_matched:DogoHLA-no-graph	DQB1	four_field	complete	1	1	1	2	DQB1*02:02:01:01	DQB1*06:01:01:01
HG04204	SAS	HG03642	asian_matched:DogoHLA-no-graph	DRB1	two_field	complete	1	1	1	2	DRB1*15:02:01:03	DRB1*07:01:01:02
HG04204	SAS	HG03642	asian_matched:DogoHLA-no-graph	DRB1	four_field	complete	0	0	0	0	DRB1*15:02:01:03	DRB1*07:01:01:02
NA18747	EAS	NA18747	SpecHLA-IPD365-noFreq	A	two_field	complete	1	1	0	0	A*68:330	A*02:19
NA18747	EAS	NA18747	SpecHLA-IPD365-noFreq	A	four_field	complete	1	0	0	0	A*68:330	A*02:19
NA18747	EAS	NA18747	SpecHLA-IPD365-noFreq	B	two_field	complete	1	1	1	2	B*15:27:01:01	B*35:03:01:01
NA18747	EAS	NA18747	SpecHLA-IPD365-noFreq	B	four_field	complete	1	1	1	2	B*15:27:01:01	B*35:03:01:01
NA18747	EAS	NA18747	SpecHLA-IPD365-noFreq	C	two_field	complete	1	1	1	2	C*04:01:01:01	C*04:01:01:01
NA18747	EAS	NA18747	SpecHLA-IPD365-noFreq	C	four_field	complete	1	1	0	0	C*04:01:01:01	C*04:01:01:01
NA18747	EAS	NA18747	SpecHLA-IPD365-noFreq	DPA1	two_field	complete	1	1	1	2	DPA1*02:02:02:01	DPA1*02:02:02:01
NA18747	EAS	NA18747	SpecHLA-IPD365-noFreq	DPA1	four_field	complete	0	0	0	0	DPA1*02:02:02:01	DPA1*02:02:02:01
NA18747	EAS	NA18747	SpecHLA-IPD365-noFreq	DPB1	two_field	complete	1	1	1	2	DPB1*05:01:01:04	DPB1*02:01:02:111
NA18747	EAS	NA18747	SpecHLA-IPD365-noFreq	DPB1	four_field	complete	1	1	0	1	DPB1*05:01:01:04	DPB1*02:01:02:111
NA18747	EAS	NA18747	SpecHLA-IPD365-noFreq	DQA1	two_field	complete	1	1	1	2	DQA1*01:02:01:01	DQA1*01:04:01:01
NA18747	EAS	NA18747	SpecHLA-IPD365-noFreq	DQA1	four_field	complete	1	1	0	1	DQA1*01:02:01:01	DQA1*01:04:01:01
NA18747	EAS	NA18747	SpecHLA-IPD365-noFreq	DQB1	two_field	complete	1	1	1	2	DQB1*06:02:01:01	DQB1*05:03:01:01
NA18747	EAS	NA18747	SpecHLA-IPD365-noFreq	DQB1	four_field	complete	1	1	0	1	DQB1*06:02:01:01	DQB1*05:03:01:01
NA18747	EAS	NA18747	SpecHLA-IPD365-noFreq	DRB1	two_field	complete	1	1	1	2	DRB1*14:05:01:02	DRB1*15:01:01:25
NA18747	EAS	NA18747	SpecHLA-IPD365-noFreq	DRB1	four_field	complete	0	0	0	0	DRB1*14:05:01:02	DRB1*15:01:01:25
NA18747	EAS	NA18747	SpecHLA-IPD365-long-noFreq	A	two_field	complete	1	1	0	0	A*68:330	A*02:19
NA18747	EAS	NA18747	SpecHLA-IPD365-long-noFreq	A	four_field	complete	1	0	0	0	A*68:330	A*02:19
NA18747	EAS	NA18747	SpecHLA-IPD365-long-noFreq	B	two_field	complete	1	1	1	2	B*15:27:01:01	B*35:03:01:01
NA18747	EAS	NA18747	SpecHLA-IPD365-long-noFreq	B	four_field	complete	1	1	1	2	B*15:27:01:01	B*35:03:01:01
NA18747	EAS	NA18747	SpecHLA-IPD365-long-noFreq	C	two_field	complete	1	1	1	2	C*04:01:01:01	C*04:01:01:01
NA18747	EAS	NA18747	SpecHLA-IPD365-long-noFreq	C	four_field	complete	1	1	0	0	C*04:01:01:01	C*04:01:01:01
NA18747	EAS	NA18747	SpecHLA-IPD365-long-noFreq	DPA1	two_field	complete	1	1	1	2	DPA1*02:02:02:01	DPA1*02:02:02:01
NA18747	EAS	NA18747	SpecHLA-IPD365-long-noFreq	DPA1	four_field	complete	0	0	0	0	DPA1*02:02:02:01	DPA1*02:02:02:01
NA18747	EAS	NA18747	SpecHLA-IPD365-long-noFreq	DPB1	two_field	complete	1	1	1	2	DPB1*02:01:02:111	DPB1*05:01:01:04
NA18747	EAS	NA18747	SpecHLA-IPD365-long-noFreq	DPB1	four_field	complete	1	1	0	1	DPB1*02:01:02:111	DPB1*05:01:01:04
NA18747	EAS	NA18747	SpecHLA-IPD365-long-noFreq	DQA1	two_field	complete	1	1	1	2	DQA1*01:04:01:01	DQA1*01:02:01:01
NA18747	EAS	NA18747	SpecHLA-IPD365-long-noFreq	DQA1	four_field	complete	1	1	0	1	DQA1*01:04:01:01	DQA1*01:02:01:01
NA18747	EAS	NA18747	SpecHLA-IPD365-long-noFreq	DQB1	two_field	complete	1	1	1	2	DQB1*06:02:01:01	DQB1*05:03:01:01
NA18747	EAS	NA18747	SpecHLA-IPD365-long-noFreq	DQB1	four_field	complete	1	1	0	1	DQB1*06:02:01:01	DQB1*05:03:01:01
NA18747	EAS	NA18747	SpecHLA-IPD365-long-noFreq	DRB1	two_field	complete	1	1	1	2	DRB1*14:05:01:02	DRB1*15:01:01:25
NA18747	EAS	NA18747	SpecHLA-IPD365-long-noFreq	DRB1	four_field	complete	0	0	0	0	DRB1*14:05:01:02	DRB1*15:01:01:25
NA18747	EAS	NA18747	T1K-four-field	A	two_field	complete	1	1	1	2	A*02:01:01:01	A*01:01:01:01
NA18747	EAS	NA18747	T1K-four-field	A	four_field	complete	1	1	1	2	A*02:01:01:01	A*01:01:01:01
NA18747	EAS	NA18747	T1K-four-field	B	two_field	complete	1	1	1	2	B*15:27:01:01	B*35:03:01:01
NA18747	EAS	NA18747	T1K-four-field	B	four_field	complete	1	1	1	2	B*15:27:01:01	B*35:03:01:01
NA18747	EAS	NA18747	T1K-four-field	C	two_field	complete	1	1	1	2	C*04:01:01:01	C*04:01:01:01
NA18747	EAS	NA18747	T1K-four-field	C	four_field	complete	1	1	0	0	C*04:01:01:01	C*04:01:01:01
NA18747	EAS	NA18747	T1K-four-field	DPA1	two_field	complete	1	1	1	2	DPA1*02:02:02:01	DPA1*02:02:02:01
NA18747	EAS	NA18747	T1K-four-field	DPA1	four_field	complete	0	0	0	0	DPA1*02:02:02:01	DPA1*02:02:02:01
NA18747	EAS	NA18747	T1K-four-field	DPB1	two_field	complete	1	1	1	2	DPB1*05:01:01:04	DPB1*02:01:02:30
NA18747	EAS	NA18747	T1K-four-field	DPB1	four_field	complete	1	1	0	1	DPB1*05:01:01:04	DPB1*02:01:02:30
NA18747	EAS	NA18747	T1K-four-field	DQA1	two_field	complete	1	1	1	2	DQA1*01:04:01:01	DQA1*01:02:01:01
NA18747	EAS	NA18747	T1K-four-field	DQA1	four_field	complete	1	1	0	1	DQA1*01:04:01:01	DQA1*01:02:01:01
NA18747	EAS	NA18747	T1K-four-field	DQB1	two_field	complete	1	1	1	2	DQB1*05:03:01:01	DQB1*06:02:01:01
NA18747	EAS	NA18747	T1K-four-field	DQB1	four_field	complete	1	1	0	1	DQB1*05:03:01:01	DQB1*06:02:01:01
NA18747	EAS	NA18747	T1K-four-field	DRB1	two_field	complete	1	1	1	2	DRB1*15:01:01:03	DRB1*14:05:01:03
NA18747	EAS	NA18747	T1K-four-field	DRB1	four_field	complete	0	0	0	0	DRB1*15:01:01:03	DRB1*14:05:01:03
NA18747	EAS	NA18747	full:DogoHLA	A	two_field	complete	1	1	0	1	A*01:461	A*02:01:01:01
NA18747	EAS	NA18747	full:DogoHLA	A	four_field	complete	1	0	0	1	A*01:461	A*02:01:01:01
NA18747	EAS	NA18747	full:DogoHLA	B	two_field	complete	1	1	1	2	B*15:27:01:01	B*35:03:01:01
NA18747	EAS	NA18747	full:DogoHLA	B	four_field	complete	1	1	1	2	B*15:27:01:01	B*35:03:01:01
NA18747	EAS	NA18747	full:DogoHLA	C	two_field	complete	1	1	1	2	C*04:01:01:01	C*04:01:01:01
NA18747	EAS	NA18747	full:DogoHLA	C	four_field	complete	1	1	0	0	C*04:01:01:01	C*04:01:01:01
NA18747	EAS	NA18747	full:DogoHLA	DPA1	two_field	complete	1	1	1	2	DPA1*02:02:02:01	DPA1*02:02:02:01
NA18747	EAS	NA18747	full:DogoHLA	DPA1	four_field	complete	0	0	0	0	DPA1*02:02:02:01	DPA1*02:02:02:01
NA18747	EAS	NA18747	full:DogoHLA	DPB1	two_field	complete	1	1	1	2	DPB1*05:01:01:04	DPB1*02:01:02:111
NA18747	EAS	NA18747	full:DogoHLA	DPB1	four_field	complete	1	1	0	1	DPB1*05:01:01:04	DPB1*02:01:02:111
NA18747	EAS	NA18747	full:DogoHLA	DQA1	two_field	complete	1	1	0	0	DQA1*01:104	DQA1*01:100:01
NA18747	EAS	NA18747	full:DogoHLA	DQA1	four_field	complete	1	0	0	0	DQA1*01:104	DQA1*01:100:01
NA18747	EAS	NA18747	full:DogoHLA	DQB1	two_field	complete	1	1	1	2	DQB1*06:02:01:01	DQB1*05:03:01:01
NA18747	EAS	NA18747	full:DogoHLA	DQB1	four_field	complete	1	1	0	1	DQB1*06:02:01:01	DQB1*05:03:01:01
NA18747	EAS	NA18747	full:DogoHLA	DRB1	two_field	complete	1	1	1	2	DRB1*15:01:01:25	DRB1*14:05:01:02
NA18747	EAS	NA18747	full:DogoHLA	DRB1	four_field	complete	0	0	0	0	DRB1*15:01:01:25	DRB1*14:05:01:02
NA18747	EAS	NA18747	full:DogoHLA-no-graph	A	two_field	complete	1	1	0	1	A*01:461	A*02:01:01:01
NA18747	EAS	NA18747	full:DogoHLA-no-graph	A	four_field	complete	1	0	0	1	A*01:461	A*02:01:01:01
NA18747	EAS	NA18747	full:DogoHLA-no-graph	B	two_field	complete	1	1	1	2	B*15:27:01:01	B*35:03:01:01
NA18747	EAS	NA18747	full:DogoHLA-no-graph	B	four_field	complete	1	1	1	2	B*15:27:01:01	B*35:03:01:01
NA18747	EAS	NA18747	full:DogoHLA-no-graph	C	two_field	complete	1	1	1	2	C*04:01:01:01	C*04:01:01:01
NA18747	EAS	NA18747	full:DogoHLA-no-graph	C	four_field	complete	1	1	0	0	C*04:01:01:01	C*04:01:01:01
NA18747	EAS	NA18747	full:DogoHLA-no-graph	DPA1	two_field	complete	1	1	1	2	DPA1*02:02:02:01	DPA1*02:02:02:01
NA18747	EAS	NA18747	full:DogoHLA-no-graph	DPA1	four_field	complete	0	0	0	0	DPA1*02:02:02:01	DPA1*02:02:02:01
NA18747	EAS	NA18747	full:DogoHLA-no-graph	DPB1	two_field	complete	1	1	1	2	DPB1*05:01:01:04	DPB1*02:01:02:111
NA18747	EAS	NA18747	full:DogoHLA-no-graph	DPB1	four_field	complete	1	1	0	1	DPB1*05:01:01:04	DPB1*02:01:02:111
NA18747	EAS	NA18747	full:DogoHLA-no-graph	DQA1	two_field	complete	1	1	0	0	DQA1*01:104	DQA1*01:100:01
NA18747	EAS	NA18747	full:DogoHLA-no-graph	DQA1	four_field	complete	1	0	0	0	DQA1*01:104	DQA1*01:100:01
NA18747	EAS	NA18747	full:DogoHLA-no-graph	DQB1	two_field	complete	1	1	1	2	DQB1*06:02:01:01	DQB1*05:03:01:01
NA18747	EAS	NA18747	full:DogoHLA-no-graph	DQB1	four_field	complete	1	1	0	1	DQB1*06:02:01:01	DQB1*05:03:01:01
NA18747	EAS	NA18747	full:DogoHLA-no-graph	DRB1	two_field	complete	1	1	1	2	DRB1*15:01:01:25	DRB1*14:05:01:02
NA18747	EAS	NA18747	full:DogoHLA-no-graph	DRB1	four_field	complete	0	0	0	0	DRB1*15:01:01:25	DRB1*14:05:01:02
NA18747	EAS	NA18747	hprc:DogoHLA	A	two_field	complete	1	1	1	2	A*01:01:01:20	A*02:01:01:01
NA18747	EAS	NA18747	hprc:DogoHLA	A	four_field	complete	1	1	0	1	A*01:01:01:20	A*02:01:01:01
NA18747	EAS	NA18747	hprc:DogoHLA	B	two_field	complete	1	1	1	2	B*15:27:01:01	B*35:03:01:01
NA18747	EAS	NA18747	hprc:DogoHLA	B	four_field	complete	1	1	1	2	B*15:27:01:01	B*35:03:01:01
NA18747	EAS	NA18747	hprc:DogoHLA	C	two_field	complete	1	1	1	2	C*04:01:01:01	C*04:01:01:01
NA18747	EAS	NA18747	hprc:DogoHLA	C	four_field	complete	1	1	0	0	C*04:01:01:01	C*04:01:01:01
NA18747	EAS	NA18747	hprc:DogoHLA	DPA1	two_field	complete	1	1	1	2	DPA1*02:02:02:01	DPA1*02:02:02:01
NA18747	EAS	NA18747	hprc:DogoHLA	DPA1	four_field	complete	0	0	0	0	DPA1*02:02:02:01	DPA1*02:02:02:01
NA18747	EAS	NA18747	hprc:DogoHLA	DPB1	two_field	complete	1	1	1	2	DPB1*05:01:01:04	DPB1*02:01:02:111
NA18747	EAS	NA18747	hprc:DogoHLA	DPB1	four_field	complete	1	1	0	1	DPB1*05:01:01:04	DPB1*02:01:02:111
NA18747	EAS	NA18747	hprc:DogoHLA	DQA1	two_field	complete	1	1	0	0	DQA1*01:104	DQA1*01:100:01
NA18747	EAS	NA18747	hprc:DogoHLA	DQA1	four_field	complete	1	0	0	0	DQA1*01:104	DQA1*01:100:01
NA18747	EAS	NA18747	hprc:DogoHLA	DQB1	two_field	complete	1	1	1	2	DQB1*06:02:01:01	DQB1*05:03:01:01
NA18747	EAS	NA18747	hprc:DogoHLA	DQB1	four_field	complete	1	1	0	1	DQB1*06:02:01:01	DQB1*05:03:01:01
NA18747	EAS	NA18747	hprc:DogoHLA	DRB1	two_field	complete	1	1	1	2	DRB1*15:01:01:25	DRB1*14:05:01:02
NA18747	EAS	NA18747	hprc:DogoHLA	DRB1	four_field	complete	0	0	0	0	DRB1*15:01:01:25	DRB1*14:05:01:02
NA18747	EAS	NA18747	hprc:DogoHLA-no-graph	A	two_field	complete	1	1	0	1	A*01:461	A*02:01:01:01
NA18747	EAS	NA18747	hprc:DogoHLA-no-graph	A	four_field	complete	1	0	0	1	A*01:461	A*02:01:01:01
NA18747	EAS	NA18747	hprc:DogoHLA-no-graph	B	two_field	complete	1	1	1	2	B*15:27:01:01	B*35:03:01:01
NA18747	EAS	NA18747	hprc:DogoHLA-no-graph	B	four_field	complete	1	1	1	2	B*15:27:01:01	B*35:03:01:01
NA18747	EAS	NA18747	hprc:DogoHLA-no-graph	C	two_field	complete	1	1	1	2	C*04:01:01:01	C*04:01:01:01
NA18747	EAS	NA18747	hprc:DogoHLA-no-graph	C	four_field	complete	1	1	0	0	C*04:01:01:01	C*04:01:01:01
NA18747	EAS	NA18747	hprc:DogoHLA-no-graph	DPA1	two_field	complete	1	1	1	2	DPA1*02:02:02:01	DPA1*02:02:02:01
NA18747	EAS	NA18747	hprc:DogoHLA-no-graph	DPA1	four_field	complete	0	0	0	0	DPA1*02:02:02:01	DPA1*02:02:02:01
NA18747	EAS	NA18747	hprc:DogoHLA-no-graph	DPB1	two_field	complete	1	1	1	2	DPB1*05:01:01:04	DPB1*02:01:02:111
NA18747	EAS	NA18747	hprc:DogoHLA-no-graph	DPB1	four_field	complete	1	1	0	1	DPB1*05:01:01:04	DPB1*02:01:02:111
NA18747	EAS	NA18747	hprc:DogoHLA-no-graph	DQA1	two_field	complete	1	1	0	0	DQA1*01:104	DQA1*01:100:01
NA18747	EAS	NA18747	hprc:DogoHLA-no-graph	DQA1	four_field	complete	1	0	0	0	DQA1*01:104	DQA1*01:100:01
NA18747	EAS	NA18747	hprc:DogoHLA-no-graph	DQB1	two_field	complete	1	1	1	2	DQB1*06:02:01:01	DQB1*05:03:01:01
NA18747	EAS	NA18747	hprc:DogoHLA-no-graph	DQB1	four_field	complete	1	1	0	1	DQB1*06:02:01:01	DQB1*05:03:01:01
NA18747	EAS	NA18747	hprc:DogoHLA-no-graph	DRB1	two_field	complete	1	1	1	2	DRB1*15:01:01:25	DRB1*14:05:01:02
NA18747	EAS	NA18747	hprc:DogoHLA-no-graph	DRB1	four_field	complete	0	0	0	0	DRB1*15:01:01:25	DRB1*14:05:01:02
NA18747	EAS	NA18747	asian_matched:DogoHLA	A	two_field	complete	1	1	1	2	A*02:01:01:01	A*01:01:01:20
NA18747	EAS	NA18747	asian_matched:DogoHLA	A	four_field	complete	1	1	0	1	A*02:01:01:01	A*01:01:01:20
NA18747	EAS	NA18747	asian_matched:DogoHLA	B	two_field	complete	1	1	1	2	B*15:27:01:01	B*35:03:01:01
NA18747	EAS	NA18747	asian_matched:DogoHLA	B	four_field	complete	1	1	1	2	B*15:27:01:01	B*35:03:01:01
NA18747	EAS	NA18747	asian_matched:DogoHLA	C	two_field	complete	1	1	1	2	C*04:01:01:01	C*04:01:01:01
NA18747	EAS	NA18747	asian_matched:DogoHLA	C	four_field	complete	1	1	0	0	C*04:01:01:01	C*04:01:01:01
NA18747	EAS	NA18747	asian_matched:DogoHLA	DPA1	two_field	complete	1	1	1	2	DPA1*02:02:02:01	DPA1*02:02:02:01
NA18747	EAS	NA18747	asian_matched:DogoHLA	DPA1	four_field	complete	0	0	0	0	DPA1*02:02:02:01	DPA1*02:02:02:01
NA18747	EAS	NA18747	asian_matched:DogoHLA	DPB1	two_field	complete	1	1	1	2	DPB1*05:01:01:04	DPB1*02:01:02:111
NA18747	EAS	NA18747	asian_matched:DogoHLA	DPB1	four_field	complete	1	1	0	1	DPB1*05:01:01:04	DPB1*02:01:02:111
NA18747	EAS	NA18747	asian_matched:DogoHLA	DQA1	two_field	complete	1	1	0	0	DQA1*01:104	DQA1*01:100:01
NA18747	EAS	NA18747	asian_matched:DogoHLA	DQA1	four_field	complete	1	0	0	0	DQA1*01:104	DQA1*01:100:01
NA18747	EAS	NA18747	asian_matched:DogoHLA	DQB1	two_field	complete	1	1	1	2	DQB1*06:02:01:01	DQB1*05:03:01:01
NA18747	EAS	NA18747	asian_matched:DogoHLA	DQB1	four_field	complete	1	1	0	1	DQB1*06:02:01:01	DQB1*05:03:01:01
NA18747	EAS	NA18747	asian_matched:DogoHLA	DRB1	two_field	complete	1	1	1	2	DRB1*15:01:01:25	DRB1*14:05:01:02
NA18747	EAS	NA18747	asian_matched:DogoHLA	DRB1	four_field	complete	0	0	0	0	DRB1*15:01:01:25	DRB1*14:05:01:02
NA18747	EAS	NA18747	asian_matched:DogoHLA-no-graph	A	two_field	complete	1	1	0	1	A*02:01:01:01	A*01:461
NA18747	EAS	NA18747	asian_matched:DogoHLA-no-graph	A	four_field	complete	1	0	0	1	A*02:01:01:01	A*01:461
NA18747	EAS	NA18747	asian_matched:DogoHLA-no-graph	B	two_field	complete	1	1	1	2	B*15:27:01:01	B*35:03:01:01
NA18747	EAS	NA18747	asian_matched:DogoHLA-no-graph	B	four_field	complete	1	1	1	2	B*15:27:01:01	B*35:03:01:01
NA18747	EAS	NA18747	asian_matched:DogoHLA-no-graph	C	two_field	complete	1	1	1	2	C*04:01:01:01	C*04:01:01:01
NA18747	EAS	NA18747	asian_matched:DogoHLA-no-graph	C	four_field	complete	1	1	0	0	C*04:01:01:01	C*04:01:01:01
NA18747	EAS	NA18747	asian_matched:DogoHLA-no-graph	DPA1	two_field	complete	1	1	1	2	DPA1*02:02:02:01	DPA1*02:02:02:01
NA18747	EAS	NA18747	asian_matched:DogoHLA-no-graph	DPA1	four_field	complete	0	0	0	0	DPA1*02:02:02:01	DPA1*02:02:02:01
NA18747	EAS	NA18747	asian_matched:DogoHLA-no-graph	DPB1	two_field	complete	1	1	1	2	DPB1*05:01:01:04	DPB1*02:01:02:111
NA18747	EAS	NA18747	asian_matched:DogoHLA-no-graph	DPB1	four_field	complete	1	1	0	1	DPB1*05:01:01:04	DPB1*02:01:02:111
NA18747	EAS	NA18747	asian_matched:DogoHLA-no-graph	DQA1	two_field	complete	1	1	0	0	DQA1*01:104	DQA1*01:100:01
NA18747	EAS	NA18747	asian_matched:DogoHLA-no-graph	DQA1	four_field	complete	1	0	0	0	DQA1*01:104	DQA1*01:100:01
NA18747	EAS	NA18747	asian_matched:DogoHLA-no-graph	DQB1	two_field	complete	1	1	1	2	DQB1*06:02:01:01	DQB1*05:03:01:01
NA18747	EAS	NA18747	asian_matched:DogoHLA-no-graph	DQB1	four_field	complete	1	1	0	1	DQB1*06:02:01:01	DQB1*05:03:01:01
NA18747	EAS	NA18747	asian_matched:DogoHLA-no-graph	DRB1	two_field	complete	1	1	1	2	DRB1*15:01:01:25	DRB1*14:05:01:02
NA18747	EAS	NA18747	asian_matched:DogoHLA-no-graph	DRB1	four_field	complete	0	0	0	0	DRB1*15:01:01:25	DRB1*14:05:01:02
NA19088	EAS	NA19088	SpecHLA-IPD365-noFreq	A	two_field	complete	1	1	1	2	A*24:02:02	A*26:03:01:01
NA19088	EAS	NA19088	SpecHLA-IPD365-noFreq	A	four_field	complete	1	0	0	1	A*24:02:02	A*26:03:01:01
NA19088	EAS	NA19088	SpecHLA-IPD365-noFreq	B	two_field	complete	1	1	1	2	B*15:01:01:38	B*15:07:01:01
NA19088	EAS	NA19088	SpecHLA-IPD365-noFreq	B	four_field	complete	0	0	0	0	B*15:01:01:38	B*15:07:01:01
NA19088	EAS	NA19088	SpecHLA-IPD365-noFreq	C	two_field	complete	1	1	1	2	C*03:03:01:01	C*03:03:01:01
NA19088	EAS	NA19088	SpecHLA-IPD365-noFreq	C	four_field	complete	1	1	1	2	C*03:03:01:01	C*03:03:01:01
NA19088	EAS	NA19088	SpecHLA-IPD365-noFreq	DPA1	two_field	complete	1	1	1	2	DPA1*01:03:01:01	DPA1*01:03:01:01
NA19088	EAS	NA19088	SpecHLA-IPD365-noFreq	DPA1	four_field	complete	1	1	0	1	DPA1*01:03:01:01	DPA1*01:03:01:01
NA19088	EAS	NA19088	SpecHLA-IPD365-noFreq	DPB1	two_field	complete	1	1	1	2	DPB1*02:01:02:01	DPB1*02:01:02:01
NA19088	EAS	NA19088	SpecHLA-IPD365-noFreq	DPB1	four_field	complete	0	0	0	0	DPB1*02:01:02:01	DPB1*02:01:02:01
NA19088	EAS	NA19088	SpecHLA-IPD365-noFreq	DQA1	two_field	complete	1	1	1	2	DQA1*05:03:01:01	DQA1*03:01:01:01
NA19088	EAS	NA19088	SpecHLA-IPD365-noFreq	DQA1	four_field	complete	1	1	0	1	DQA1*05:03:01:01	DQA1*03:01:01:01
NA19088	EAS	NA19088	SpecHLA-IPD365-noFreq	DQB1	two_field	complete	1	1	1	2	DQB1*03:01:01:01	DQB1*03:02:01:01
NA19088	EAS	NA19088	SpecHLA-IPD365-noFreq	DQB1	four_field	complete	1	1	0	1	DQB1*03:01:01:01	DQB1*03:02:01:01
NA19088	EAS	NA19088	SpecHLA-IPD365-noFreq	DRB1	two_field	complete	1	1	0	0	DRB1*14:19	DRB1*04:50
NA19088	EAS	NA19088	SpecHLA-IPD365-noFreq	DRB1	four_field	complete	0	0	0	0	DRB1*14:19	DRB1*04:50
NA19088	EAS	NA19088	SpecHLA-IPD365-long-noFreq	A	two_field	complete	1	1	1	2	A*24:02:02	A*26:03:01:01
NA19088	EAS	NA19088	SpecHLA-IPD365-long-noFreq	A	four_field	complete	1	0	0	1	A*24:02:02	A*26:03:01:01
NA19088	EAS	NA19088	SpecHLA-IPD365-long-noFreq	B	two_field	complete	1	1	1	2	B*15:01:01:38	B*15:07:01:01
NA19088	EAS	NA19088	SpecHLA-IPD365-long-noFreq	B	four_field	complete	0	0	0	0	B*15:01:01:38	B*15:07:01:01
NA19088	EAS	NA19088	SpecHLA-IPD365-long-noFreq	C	two_field	complete	1	1	1	2	C*03:03:01:01	C*03:03:01:01
NA19088	EAS	NA19088	SpecHLA-IPD365-long-noFreq	C	four_field	complete	1	1	1	2	C*03:03:01:01	C*03:03:01:01
NA19088	EAS	NA19088	SpecHLA-IPD365-long-noFreq	DPA1	two_field	complete	1	1	1	2	DPA1*01:03:01:01	DPA1*01:03:01:01
NA19088	EAS	NA19088	SpecHLA-IPD365-long-noFreq	DPA1	four_field	complete	1	1	0	1	DPA1*01:03:01:01	DPA1*01:03:01:01
NA19088	EAS	NA19088	SpecHLA-IPD365-long-noFreq	DPB1	two_field	complete	1	1	1	2	DPB1*02:01:02:01	DPB1*02:01:02:01
NA19088	EAS	NA19088	SpecHLA-IPD365-long-noFreq	DPB1	four_field	complete	0	0	0	0	DPB1*02:01:02:01	DPB1*02:01:02:01
NA19088	EAS	NA19088	SpecHLA-IPD365-long-noFreq	DQA1	two_field	complete	1	1	1	2	DQA1*03:01:01:01	DQA1*05:03:01:01
NA19088	EAS	NA19088	SpecHLA-IPD365-long-noFreq	DQA1	four_field	complete	1	1	0	1	DQA1*03:01:01:01	DQA1*05:03:01:01
NA19088	EAS	NA19088	SpecHLA-IPD365-long-noFreq	DQB1	two_field	complete	1	1	1	2	DQB1*03:01:01:01	DQB1*03:02:01:01
NA19088	EAS	NA19088	SpecHLA-IPD365-long-noFreq	DQB1	four_field	complete	1	1	0	1	DQB1*03:01:01:01	DQB1*03:02:01:01
NA19088	EAS	NA19088	SpecHLA-IPD365-long-noFreq	DRB1	two_field	complete	1	1	0	0	DRB1*04:50	DRB1*14:19
NA19088	EAS	NA19088	SpecHLA-IPD365-long-noFreq	DRB1	four_field	complete	0	0	0	0	DRB1*04:50	DRB1*14:19
NA19088	EAS	NA19088	T1K-four-field	A	two_field	complete	1	1	1	2	A*26:03:01:01	A*24:02:01:01
NA19088	EAS	NA19088	T1K-four-field	A	four_field	complete	1	1	1	2	A*26:03:01:01	A*24:02:01:01
NA19088	EAS	NA19088	T1K-four-field	B	two_field	complete	1	1	1	2	B*15:01:01:01	B*15:07:01:01
NA19088	EAS	NA19088	T1K-four-field	B	four_field	complete	0	0	0	0	B*15:01:01:01	B*15:07:01:01
NA19088	EAS	NA19088	T1K-four-field	C	two_field	complete	1	1	1	2	C*03:03:01:01	C*03:03:01:01
NA19088	EAS	NA19088	T1K-four-field	C	four_field	complete	1	1	1	2	C*03:03:01:01	C*03:03:01:01
NA19088	EAS	NA19088	T1K-four-field	DPA1	two_field	complete	1	1	1	2	DPA1*01:03:01:01	DPA1*01:03:01:01
NA19088	EAS	NA19088	T1K-four-field	DPA1	four_field	complete	1	1	0	1	DPA1*01:03:01:01	DPA1*01:03:01:01
NA19088	EAS	NA19088	T1K-four-field	DPB1	two_field	complete	1	1	1	2	DPB1*02:01:02:01	DPB1*02:01:02:77
NA19088	EAS	NA19088	T1K-four-field	DPB1	four_field	complete	0	0	0	0	DPB1*02:01:02:01	DPB1*02:01:02:77
NA19088	EAS	NA19088	T1K-four-field	DQA1	two_field	complete	1	1	1	2	DQA1*03:01:01:01	DQA1*05:03:01:02
NA19088	EAS	NA19088	T1K-four-field	DQA1	four_field	complete	1	1	1	2	DQA1*03:01:01:01	DQA1*05:03:01:02
NA19088	EAS	NA19088	T1K-four-field	DQB1	two_field	complete	1	1	1	2	DQB1*03:02:01:01	DQB1*03:01:01:01
NA19088	EAS	NA19088	T1K-four-field	DQB1	four_field	complete	1	1	0	1	DQB1*03:02:01:01	DQB1*03:01:01:01
NA19088	EAS	NA19088	T1K-four-field	DRB1	two_field	complete	1	1	1	2	DRB1*04:03:01:01,HLA-DRB1*04:03:01:02,HLA-DRB1*04:03:01:03	DRB1*14:03:01
NA19088	EAS	NA19088	T1K-four-field	DRB1	four_field	complete	0	0	0	0	DRB1*04:03:01:01,HLA-DRB1*04:03:01:02,HLA-DRB1*04:03:01:03	DRB1*14:03:01
NA19088	EAS	NA19088	full:DogoHLA	A	two_field	complete	1	1	1	2	A*24:02:02	A*26:03:01:01
NA19088	EAS	NA19088	full:DogoHLA	A	four_field	complete	1	0	0	1	A*24:02:02	A*26:03:01:01
NA19088	EAS	NA19088	full:DogoHLA	B	two_field	complete	1	1	1	2	B*15:07:01:01	B*15:01:01:38
NA19088	EAS	NA19088	full:DogoHLA	B	four_field	complete	0	0	0	0	B*15:07:01:01	B*15:01:01:38
NA19088	EAS	NA19088	full:DogoHLA	C	two_field	complete	1	1	1	2	C*03:03:01:01	C*03:03:01:01
NA19088	EAS	NA19088	full:DogoHLA	C	four_field	complete	1	1	1	2	C*03:03:01:01	C*03:03:01:01
NA19088	EAS	NA19088	full:DogoHLA	DPA1	two_field	complete	1	1	1	2	DPA1*01:03:01:01	DPA1*01:03:01:01
NA19088	EAS	NA19088	full:DogoHLA	DPA1	four_field	complete	1	1	0	1	DPA1*01:03:01:01	DPA1*01:03:01:01
NA19088	EAS	NA19088	full:DogoHLA	DPB1	two_field	complete	1	1	1	2	DPB1*02:01:02:01	DPB1*02:01:02:01
NA19088	EAS	NA19088	full:DogoHLA	DPB1	four_field	complete	0	0	0	0	DPB1*02:01:02:01	DPB1*02:01:02:01
NA19088	EAS	NA19088	full:DogoHLA	DQA1	two_field	complete	1	1	1	2	DQA1*05:03:01:01	DQA1*03:01:01:01
NA19088	EAS	NA19088	full:DogoHLA	DQA1	four_field	complete	1	1	0	1	DQA1*05:03:01:01	DQA1*03:01:01:01
NA19088	EAS	NA19088	full:DogoHLA	DQB1	two_field	complete	1	1	1	2	DQB1*03:02:01:01	DQB1*03:01:01:01
NA19088	EAS	NA19088	full:DogoHLA	DQB1	four_field	complete	1	1	0	1	DQB1*03:02:01:01	DQB1*03:01:01:01
NA19088	EAS	NA19088	full:DogoHLA	DRB1	two_field	complete	1	1	0	1	DRB1*04:03:01:02	DRB1*14:12:01
NA19088	EAS	NA19088	full:DogoHLA	DRB1	four_field	complete	0	0	0	0	DRB1*04:03:01:02	DRB1*14:12:01
NA19088	EAS	NA19088	full:DogoHLA-no-graph	A	two_field	complete	1	1	1	2	A*24:02:02	A*26:03:01:01
NA19088	EAS	NA19088	full:DogoHLA-no-graph	A	four_field	complete	1	0	0	1	A*24:02:02	A*26:03:01:01
NA19088	EAS	NA19088	full:DogoHLA-no-graph	B	two_field	complete	1	1	1	2	B*15:07:01:01	B*15:01:01:38
NA19088	EAS	NA19088	full:DogoHLA-no-graph	B	four_field	complete	0	0	0	0	B*15:07:01:01	B*15:01:01:38
NA19088	EAS	NA19088	full:DogoHLA-no-graph	C	two_field	complete	1	1	1	2	C*03:03:01:01	C*03:03:01:01
NA19088	EAS	NA19088	full:DogoHLA-no-graph	C	four_field	complete	1	1	1	2	C*03:03:01:01	C*03:03:01:01
NA19088	EAS	NA19088	full:DogoHLA-no-graph	DPA1	two_field	complete	1	1	1	2	DPA1*01:03:01:01	DPA1*01:03:01:01
NA19088	EAS	NA19088	full:DogoHLA-no-graph	DPA1	four_field	complete	1	1	0	1	DPA1*01:03:01:01	DPA1*01:03:01:01
NA19088	EAS	NA19088	full:DogoHLA-no-graph	DPB1	two_field	complete	1	1	1	2	DPB1*02:01:02:01	DPB1*02:01:02:01
NA19088	EAS	NA19088	full:DogoHLA-no-graph	DPB1	four_field	complete	0	0	0	0	DPB1*02:01:02:01	DPB1*02:01:02:01
NA19088	EAS	NA19088	full:DogoHLA-no-graph	DQA1	two_field	complete	1	1	1	2	DQA1*05:03:01:01	DQA1*03:01:01:01
NA19088	EAS	NA19088	full:DogoHLA-no-graph	DQA1	four_field	complete	1	1	0	1	DQA1*05:03:01:01	DQA1*03:01:01:01
NA19088	EAS	NA19088	full:DogoHLA-no-graph	DQB1	two_field	complete	1	1	1	2	DQB1*03:02:01:01	DQB1*03:01:01:01
NA19088	EAS	NA19088	full:DogoHLA-no-graph	DQB1	four_field	complete	1	1	0	1	DQB1*03:02:01:01	DQB1*03:01:01:01
NA19088	EAS	NA19088	full:DogoHLA-no-graph	DRB1	two_field	complete	1	1	0	1	DRB1*04:03:01:02	DRB1*14:12:01
NA19088	EAS	NA19088	full:DogoHLA-no-graph	DRB1	four_field	complete	0	0	0	0	DRB1*04:03:01:02	DRB1*14:12:01
NA19088	EAS	NA19088	hprc:DogoHLA	A	two_field	complete	1	1	1	2	A*24:02:02	A*26:03:01:01
NA19088	EAS	NA19088	hprc:DogoHLA	A	four_field	complete	1	0	0	1	A*24:02:02	A*26:03:01:01
NA19088	EAS	NA19088	hprc:DogoHLA	B	two_field	complete	1	1	1	2	B*15:07:01:01	B*15:01:01:38
NA19088	EAS	NA19088	hprc:DogoHLA	B	four_field	complete	0	0	0	0	B*15:07:01:01	B*15:01:01:38
NA19088	EAS	NA19088	hprc:DogoHLA	C	two_field	complete	1	1	1	2	C*03:03:01:01	C*03:03:01:01
NA19088	EAS	NA19088	hprc:DogoHLA	C	four_field	complete	1	1	1	2	C*03:03:01:01	C*03:03:01:01
NA19088	EAS	NA19088	hprc:DogoHLA	DPA1	two_field	complete	1	1	1	2	DPA1*01:03:01:01	DPA1*01:03:01:01
NA19088	EAS	NA19088	hprc:DogoHLA	DPA1	four_field	complete	1	1	0	1	DPA1*01:03:01:01	DPA1*01:03:01:01
NA19088	EAS	NA19088	hprc:DogoHLA	DPB1	two_field	complete	1	1	1	2	DPB1*02:01:02:01	DPB1*02:01:02:01
NA19088	EAS	NA19088	hprc:DogoHLA	DPB1	four_field	complete	0	0	0	0	DPB1*02:01:02:01	DPB1*02:01:02:01
NA19088	EAS	NA19088	hprc:DogoHLA	DQA1	two_field	complete	1	1	1	2	DQA1*05:03:01:01	DQA1*03:01:01:01
NA19088	EAS	NA19088	hprc:DogoHLA	DQA1	four_field	complete	1	1	0	1	DQA1*05:03:01:01	DQA1*03:01:01:01
NA19088	EAS	NA19088	hprc:DogoHLA	DQB1	two_field	complete	1	1	1	2	DQB1*03:02:01:01	DQB1*03:01:01:01
NA19088	EAS	NA19088	hprc:DogoHLA	DQB1	four_field	complete	1	1	0	1	DQB1*03:02:01:01	DQB1*03:01:01:01
NA19088	EAS	NA19088	hprc:DogoHLA	DRB1	two_field	complete	1	1	0	1	DRB1*04:03:01:02	DRB1*14:12:01
NA19088	EAS	NA19088	hprc:DogoHLA	DRB1	four_field	complete	0	0	0	0	DRB1*04:03:01:02	DRB1*14:12:01
NA19088	EAS	NA19088	hprc:DogoHLA-no-graph	A	two_field	complete	1	1	1	2	A*24:02:02	A*26:03:01:01
NA19088	EAS	NA19088	hprc:DogoHLA-no-graph	A	four_field	complete	1	0	0	1	A*24:02:02	A*26:03:01:01
NA19088	EAS	NA19088	hprc:DogoHLA-no-graph	B	two_field	complete	1	1	1	2	B*15:07:01:01	B*15:01:01:38
NA19088	EAS	NA19088	hprc:DogoHLA-no-graph	B	four_field	complete	0	0	0	0	B*15:07:01:01	B*15:01:01:38
NA19088	EAS	NA19088	hprc:DogoHLA-no-graph	C	two_field	complete	1	1	1	2	C*03:03:01:01	C*03:03:01:01
NA19088	EAS	NA19088	hprc:DogoHLA-no-graph	C	four_field	complete	1	1	1	2	C*03:03:01:01	C*03:03:01:01
NA19088	EAS	NA19088	hprc:DogoHLA-no-graph	DPA1	two_field	complete	1	1	1	2	DPA1*01:03:01:01	DPA1*01:03:01:01
NA19088	EAS	NA19088	hprc:DogoHLA-no-graph	DPA1	four_field	complete	1	1	0	1	DPA1*01:03:01:01	DPA1*01:03:01:01
NA19088	EAS	NA19088	hprc:DogoHLA-no-graph	DPB1	two_field	complete	1	1	1	2	DPB1*02:01:02:01	DPB1*02:01:02:01
NA19088	EAS	NA19088	hprc:DogoHLA-no-graph	DPB1	four_field	complete	0	0	0	0	DPB1*02:01:02:01	DPB1*02:01:02:01
NA19088	EAS	NA19088	hprc:DogoHLA-no-graph	DQA1	two_field	complete	1	1	1	2	DQA1*05:03:01:01	DQA1*03:01:01:01
NA19088	EAS	NA19088	hprc:DogoHLA-no-graph	DQA1	four_field	complete	1	1	0	1	DQA1*05:03:01:01	DQA1*03:01:01:01
NA19088	EAS	NA19088	hprc:DogoHLA-no-graph	DQB1	two_field	complete	1	1	1	2	DQB1*03:02:01:01	DQB1*03:01:01:01
NA19088	EAS	NA19088	hprc:DogoHLA-no-graph	DQB1	four_field	complete	1	1	0	1	DQB1*03:02:01:01	DQB1*03:01:01:01
NA19088	EAS	NA19088	hprc:DogoHLA-no-graph	DRB1	two_field	complete	1	1	0	1	DRB1*04:03:01:02	DRB1*14:12:01
NA19088	EAS	NA19088	hprc:DogoHLA-no-graph	DRB1	four_field	complete	0	0	0	0	DRB1*04:03:01:02	DRB1*14:12:01
NA19088	EAS	NA19088	asian_matched:DogoHLA	A	two_field	complete	1	1	1	2	A*24:02:02	A*26:03:01:01
NA19088	EAS	NA19088	asian_matched:DogoHLA	A	four_field	complete	1	0	0	1	A*24:02:02	A*26:03:01:01
NA19088	EAS	NA19088	asian_matched:DogoHLA	B	two_field	complete	1	1	1	2	B*15:07:01:01	B*15:01:01:38
NA19088	EAS	NA19088	asian_matched:DogoHLA	B	four_field	complete	0	0	0	0	B*15:07:01:01	B*15:01:01:38
NA19088	EAS	NA19088	asian_matched:DogoHLA	C	two_field	complete	1	1	1	2	C*03:03:01:01	C*03:03:01:01
NA19088	EAS	NA19088	asian_matched:DogoHLA	C	four_field	complete	1	1	1	2	C*03:03:01:01	C*03:03:01:01
NA19088	EAS	NA19088	asian_matched:DogoHLA	DPA1	two_field	complete	1	1	1	2	DPA1*01:03:01:01	DPA1*01:03:01:01
NA19088	EAS	NA19088	asian_matched:DogoHLA	DPA1	four_field	complete	1	1	0	1	DPA1*01:03:01:01	DPA1*01:03:01:01
NA19088	EAS	NA19088	asian_matched:DogoHLA	DPB1	two_field	complete	1	1	1	2	DPB1*02:01:02:01	DPB1*02:01:02:01
NA19088	EAS	NA19088	asian_matched:DogoHLA	DPB1	four_field	complete	0	0	0	0	DPB1*02:01:02:01	DPB1*02:01:02:01
NA19088	EAS	NA19088	asian_matched:DogoHLA	DQA1	two_field	complete	1	1	1	2	DQA1*05:03:01:01	DQA1*03:01:01:01
NA19088	EAS	NA19088	asian_matched:DogoHLA	DQA1	four_field	complete	1	1	0	1	DQA1*05:03:01:01	DQA1*03:01:01:01
NA19088	EAS	NA19088	asian_matched:DogoHLA	DQB1	two_field	complete	1	1	1	2	DQB1*03:02:01:01	DQB1*03:01:01:01
NA19088	EAS	NA19088	asian_matched:DogoHLA	DQB1	four_field	complete	1	1	0	1	DQB1*03:02:01:01	DQB1*03:01:01:01
NA19088	EAS	NA19088	asian_matched:DogoHLA	DRB1	two_field	complete	1	1	0	1	DRB1*04:03:01:02	DRB1*14:12:01
NA19088	EAS	NA19088	asian_matched:DogoHLA	DRB1	four_field	complete	0	0	0	0	DRB1*04:03:01:02	DRB1*14:12:01
NA19088	EAS	NA19088	asian_matched:DogoHLA-no-graph	A	two_field	complete	1	1	1	2	A*24:02:02	A*26:03:01:01
NA19088	EAS	NA19088	asian_matched:DogoHLA-no-graph	A	four_field	complete	1	0	0	1	A*24:02:02	A*26:03:01:01
NA19088	EAS	NA19088	asian_matched:DogoHLA-no-graph	B	two_field	complete	1	1	1	2	B*15:07:01:01	B*15:01:01:38
NA19088	EAS	NA19088	asian_matched:DogoHLA-no-graph	B	four_field	complete	0	0	0	0	B*15:07:01:01	B*15:01:01:38
NA19088	EAS	NA19088	asian_matched:DogoHLA-no-graph	C	two_field	complete	1	1	1	2	C*03:03:01:01	C*03:03:01:01
NA19088	EAS	NA19088	asian_matched:DogoHLA-no-graph	C	four_field	complete	1	1	1	2	C*03:03:01:01	C*03:03:01:01
NA19088	EAS	NA19088	asian_matched:DogoHLA-no-graph	DPA1	two_field	complete	1	1	1	2	DPA1*01:03:01:01	DPA1*01:03:01:01
NA19088	EAS	NA19088	asian_matched:DogoHLA-no-graph	DPA1	four_field	complete	1	1	0	1	DPA1*01:03:01:01	DPA1*01:03:01:01
NA19088	EAS	NA19088	asian_matched:DogoHLA-no-graph	DPB1	two_field	complete	1	1	1	2	DPB1*02:01:02:01	DPB1*02:01:02:01
NA19088	EAS	NA19088	asian_matched:DogoHLA-no-graph	DPB1	four_field	complete	0	0	0	0	DPB1*02:01:02:01	DPB1*02:01:02:01
NA19088	EAS	NA19088	asian_matched:DogoHLA-no-graph	DQA1	two_field	complete	1	1	1	2	DQA1*05:03:01:01	DQA1*03:01:01:01
NA19088	EAS	NA19088	asian_matched:DogoHLA-no-graph	DQA1	four_field	complete	1	1	0	1	DQA1*05:03:01:01	DQA1*03:01:01:01
NA19088	EAS	NA19088	asian_matched:DogoHLA-no-graph	DQB1	two_field	complete	1	1	1	2	DQB1*03:02:01:01	DQB1*03:01:01:01
NA19088	EAS	NA19088	asian_matched:DogoHLA-no-graph	DQB1	four_field	complete	1	1	0	1	DQB1*03:02:01:01	DQB1*03:01:01:01
NA19088	EAS	NA19088	asian_matched:DogoHLA-no-graph	DRB1	two_field	complete	1	1	0	1	DRB1*04:03:01:02	DRB1*14:12:01
NA19088	EAS	NA19088	asian_matched:DogoHLA-no-graph	DRB1	four_field	complete	0	0	0	0	DRB1*04:03:01:02	DRB1*14:12:01
HG01530	EUR	IBS011	SpecHLA-IPD365-noFreq	A	two_field	complete	1	1	0	0	A*24:33:01	A*02:19
HG01530	EUR	IBS011	SpecHLA-IPD365-noFreq	A	four_field	complete	1	0	0	0	A*24:33:01	A*02:19
HG01530	EUR	IBS011	SpecHLA-IPD365-noFreq	B	two_field	complete	1	1	0	1	B*07:104	B*35:03:01:01
HG01530	EUR	IBS011	SpecHLA-IPD365-noFreq	B	four_field	complete	0	0	0	0	B*07:104	B*35:03:01:01
HG01530	EUR	IBS011	SpecHLA-IPD365-noFreq	C	two_field	complete	1	1	1	2	C*12:03:01:01	C*07:02:01:03
HG01530	EUR	IBS011	SpecHLA-IPD365-noFreq	C	four_field	complete	1	1	1	2	C*12:03:01:01	C*07:02:01:03
HG01530	EUR	IBS011	SpecHLA-IPD365-noFreq	DPA1	two_field	complete	1	1	1	2	DPA1*01:03:01:01	DPA1*01:03:01:02
HG01530	EUR	IBS011	SpecHLA-IPD365-noFreq	DPA1	four_field	complete	1	1	0	1	DPA1*01:03:01:01	DPA1*01:03:01:02
HG01530	EUR	IBS011	SpecHLA-IPD365-noFreq	DPB1	two_field	complete	1	1	1	2	DPB1*04:02:01:01	DPB1*02:01:02:01
HG01530	EUR	IBS011	SpecHLA-IPD365-noFreq	DPB1	four_field	complete	1	1	0	0	DPB1*04:02:01:01	DPB1*02:01:02:01
HG01530	EUR	IBS011	SpecHLA-IPD365-noFreq	DQA1	two_field	complete	1	1	1	2	DQA1*01:01:01:01	DQA1*02:01:01:01
HG01530	EUR	IBS011	SpecHLA-IPD365-noFreq	DQA1	four_field	complete	1	1	1	2	DQA1*01:01:01:01	DQA1*02:01:01:01
HG01530	EUR	IBS011	SpecHLA-IPD365-noFreq	DQB1	two_field	complete	1	1	1	2	DQB1*02:02:01:01	DQB1*05:01:01:01
HG01530	EUR	IBS011	SpecHLA-IPD365-noFreq	DQB1	four_field	complete	1	1	0	1	DQB1*02:02:01:01	DQB1*05:01:01:01
HG01530	EUR	IBS011	SpecHLA-IPD365-noFreq	DRB1	two_field	complete	1	1	1	2	DRB1*01:03:01:01	DRB1*07:01:01:01
HG01530	EUR	IBS011	SpecHLA-IPD365-noFreq	DRB1	four_field	complete	1	1	1	2	DRB1*01:03:01:01	DRB1*07:01:01:01
HG01530	EUR	IBS011	SpecHLA-IPD365-long-noFreq	A	two_field	complete	1	1	0	0	A*02:19	A*24:33:01
HG01530	EUR	IBS011	SpecHLA-IPD365-long-noFreq	A	four_field	complete	1	0	0	0	A*02:19	A*24:33:01
HG01530	EUR	IBS011	SpecHLA-IPD365-long-noFreq	B	two_field	complete	1	1	0	1	B*07:104	B*35:03:01:01
HG01530	EUR	IBS011	SpecHLA-IPD365-long-noFreq	B	four_field	complete	0	0	0	0	B*07:104	B*35:03:01:01
HG01530	EUR	IBS011	SpecHLA-IPD365-long-noFreq	C	two_field	complete	1	1	1	2	C*12:03:01:01	C*07:02:01:03
HG01530	EUR	IBS011	SpecHLA-IPD365-long-noFreq	C	four_field	complete	1	1	1	2	C*12:03:01:01	C*07:02:01:03
HG01530	EUR	IBS011	SpecHLA-IPD365-long-noFreq	DPA1	two_field	complete	1	1	1	2	DPA1*01:03:01:01	DPA1*01:03:01:02
HG01530	EUR	IBS011	SpecHLA-IPD365-long-noFreq	DPA1	four_field	complete	1	1	0	1	DPA1*01:03:01:01	DPA1*01:03:01:02
HG01530	EUR	IBS011	SpecHLA-IPD365-long-noFreq	DPB1	two_field	complete	1	1	1	2	DPB1*02:01:02:01	DPB1*04:02:01:01
HG01530	EUR	IBS011	SpecHLA-IPD365-long-noFreq	DPB1	four_field	complete	1	1	0	0	DPB1*02:01:02:01	DPB1*04:02:01:01
HG01530	EUR	IBS011	SpecHLA-IPD365-long-noFreq	DQA1	two_field	complete	1	1	1	2	DQA1*01:01:01:01	DQA1*02:01:01:01
HG01530	EUR	IBS011	SpecHLA-IPD365-long-noFreq	DQA1	four_field	complete	1	1	1	2	DQA1*01:01:01:01	DQA1*02:01:01:01
HG01530	EUR	IBS011	SpecHLA-IPD365-long-noFreq	DQB1	two_field	complete	1	1	1	2	DQB1*02:02:01:01	DQB1*05:01:01:01
HG01530	EUR	IBS011	SpecHLA-IPD365-long-noFreq	DQB1	four_field	complete	1	1	0	1	DQB1*02:02:01:01	DQB1*05:01:01:01
HG01530	EUR	IBS011	SpecHLA-IPD365-long-noFreq	DRB1	two_field	complete	1	1	1	2	DRB1*07:01:01:01	DRB1*01:03:01:01
HG01530	EUR	IBS011	SpecHLA-IPD365-long-noFreq	DRB1	four_field	complete	1	1	1	2	DRB1*07:01:01:01	DRB1*01:03:01:01
HG01530	EUR	IBS011	T1K-four-field	A	two_field	complete	1	1	1	2	A*02:01:01:01	A*24:02:01:04
HG01530	EUR	IBS011	T1K-four-field	A	four_field	complete	1	1	1	2	A*02:01:01:01	A*24:02:01:04
HG01530	EUR	IBS011	T1K-four-field	B	two_field	complete	1	1	1	2	B*35:03:01:01	B*07:02:01:01
HG01530	EUR	IBS011	T1K-four-field	B	four_field	complete	0	0	0	0	B*35:03:01:01	B*07:02:01:01
HG01530	EUR	IBS011	T1K-four-field	C	two_field	complete	1	1	1	2	C*07:02:01:03	C*12:03:01:01
HG01530	EUR	IBS011	T1K-four-field	C	four_field	complete	1	1	1	2	C*07:02:01:03	C*12:03:01:01
HG01530	EUR	IBS011	T1K-four-field	DPA1	two_field	complete	1	1	1	2	DPA1*01:03:01:01	DPA1*01:03:01:05
HG01530	EUR	IBS011	T1K-four-field	DPA1	four_field	complete	1	1	1	2	DPA1*01:03:01:01	DPA1*01:03:01:05
HG01530	EUR	IBS011	T1K-four-field	DPB1	two_field	complete	1	1	1	2	DPB1*02:01:02:01	DPB1*04:02:01:01
HG01530	EUR	IBS011	T1K-four-field	DPB1	four_field	complete	1	1	0	0	DPB1*02:01:02:01	DPB1*04:02:01:01
HG01530	EUR	IBS011	T1K-four-field	DQA1	two_field	complete	1	1	1	2	DQA1*01:01:01:01	DQA1*02:01:01:01
HG01530	EUR	IBS011	T1K-four-field	DQA1	four_field	complete	1	1	1	2	DQA1*01:01:01:01	DQA1*02:01:01:01
HG01530	EUR	IBS011	T1K-four-field	DQB1	two_field	complete	1	1	1	2	DQB1*05:01:01:01	DQB1*02:02:01:01
HG01530	EUR	IBS011	T1K-four-field	DQB1	four_field	complete	1	1	0	1	DQB1*05:01:01:01	DQB1*02:02:01:01
HG01530	EUR	IBS011	T1K-four-field	DRB1	two_field	complete	1	1	1	2	DRB1*01:03:01:01	DRB1*07:01:01:01
HG01530	EUR	IBS011	T1K-four-field	DRB1	four_field	complete	1	1	1	2	DRB1*01:03:01:01	DRB1*07:01:01:01
HG01530	EUR	IBS011	full:DogoHLA	A	two_field	complete	1	1	0	1	A*24:02:01:04	A*02:52
HG01530	EUR	IBS011	full:DogoHLA	A	four_field	complete	1	0	0	1	A*24:02:01:04	A*02:52
HG01530	EUR	IBS011	full:DogoHLA	B	two_field	complete	1	1	0	1	B*07:104	B*35:03:01:01
HG01530	EUR	IBS011	full:DogoHLA	B	four_field	complete	0	0	0	0	B*07:104	B*35:03:01:01
HG01530	EUR	IBS011	full:DogoHLA	C	two_field	complete	1	1	1	2	C*12:03:01:01	C*07:02:01:03
HG01530	EUR	IBS011	full:DogoHLA	C	four_field	complete	1	1	1	2	C*12:03:01:01	C*07:02:01:03
HG01530	EUR	IBS011	full:DogoHLA	DPA1	two_field	complete	1	1	1	2	DPA1*01:03:01:02	DPA1*01:03:01:01
HG01530	EUR	IBS011	full:DogoHLA	DPA1	four_field	complete	1	1	0	1	DPA1*01:03:01:02	DPA1*01:03:01:01
HG01530	EUR	IBS011	full:DogoHLA	DPB1	two_field	complete	1	1	0	0	DPB1*416:01:01:01	DPB1*105:01:01:01
HG01530	EUR	IBS011	full:DogoHLA	DPB1	four_field	complete	1	1	0	0	DPB1*416:01:01:01	DPB1*105:01:01:01
HG01530	EUR	IBS011	full:DogoHLA	DQA1	two_field	complete	1	1	1	2	DQA1*01:01:01:01	DQA1*02:01:01:01
HG01530	EUR	IBS011	full:DogoHLA	DQA1	four_field	complete	1	1	1	2	DQA1*01:01:01:01	DQA1*02:01:01:01
HG01530	EUR	IBS011	full:DogoHLA	DQB1	two_field	complete	1	1	1	2	DQB1*05:01:01:01	DQB1*02:02:01:01
HG01530	EUR	IBS011	full:DogoHLA	DQB1	four_field	complete	1	1	0	1	DQB1*05:01:01:01	DQB1*02:02:01:01
HG01530	EUR	IBS011	full:DogoHLA	DRB1	two_field	complete	1	1	1	2	DRB1*01:03:01:01	DRB1*07:01:01:32
HG01530	EUR	IBS011	full:DogoHLA	DRB1	four_field	complete	1	1	0	1	DRB1*01:03:01:01	DRB1*07:01:01:32
HG01530	EUR	IBS011	full:DogoHLA-no-graph	A	two_field	complete	1	1	0	1	A*24:02:01:04	A*02:52
HG01530	EUR	IBS011	full:DogoHLA-no-graph	A	four_field	complete	1	0	0	1	A*24:02:01:04	A*02:52
HG01530	EUR	IBS011	full:DogoHLA-no-graph	B	two_field	complete	1	1	0	1	B*07:104	B*35:03:01:01
HG01530	EUR	IBS011	full:DogoHLA-no-graph	B	four_field	complete	0	0	0	0	B*07:104	B*35:03:01:01
HG01530	EUR	IBS011	full:DogoHLA-no-graph	C	two_field	complete	1	1	1	2	C*12:03:01:01	C*07:02:01:03
HG01530	EUR	IBS011	full:DogoHLA-no-graph	C	four_field	complete	1	1	1	2	C*12:03:01:01	C*07:02:01:03
HG01530	EUR	IBS011	full:DogoHLA-no-graph	DPA1	two_field	complete	1	1	1	2	DPA1*01:03:01:02	DPA1*01:03:01:01
HG01530	EUR	IBS011	full:DogoHLA-no-graph	DPA1	four_field	complete	1	1	0	1	DPA1*01:03:01:02	DPA1*01:03:01:01
HG01530	EUR	IBS011	full:DogoHLA-no-graph	DPB1	two_field	complete	1	1	0	0	DPB1*416:01:01:01	DPB1*105:01:01:01
HG01530	EUR	IBS011	full:DogoHLA-no-graph	DPB1	four_field	complete	1	1	0	0	DPB1*416:01:01:01	DPB1*105:01:01:01
HG01530	EUR	IBS011	full:DogoHLA-no-graph	DQA1	two_field	complete	1	1	1	2	DQA1*01:01:01:01	DQA1*02:01:01:01
HG01530	EUR	IBS011	full:DogoHLA-no-graph	DQA1	four_field	complete	1	1	1	2	DQA1*01:01:01:01	DQA1*02:01:01:01
HG01530	EUR	IBS011	full:DogoHLA-no-graph	DQB1	two_field	complete	1	1	1	2	DQB1*05:01:01:01	DQB1*02:02:01:01
HG01530	EUR	IBS011	full:DogoHLA-no-graph	DQB1	four_field	complete	1	1	0	1	DQB1*05:01:01:01	DQB1*02:02:01:01
HG01530	EUR	IBS011	full:DogoHLA-no-graph	DRB1	two_field	complete	1	1	1	2	DRB1*01:03:01:01	DRB1*07:01:01:32
HG01530	EUR	IBS011	full:DogoHLA-no-graph	DRB1	four_field	complete	1	1	0	1	DRB1*01:03:01:01	DRB1*07:01:01:32
HG01530	EUR	IBS011	hprc:DogoHLA	A	two_field	complete	1	1	0	1	A*24:02:01:04	A*02:965
HG01530	EUR	IBS011	hprc:DogoHLA	A	four_field	complete	1	0	0	1	A*24:02:01:04	A*02:965
HG01530	EUR	IBS011	hprc:DogoHLA	B	two_field	complete	1	1	0	1	B*07:104	B*35:03:01:01
HG01530	EUR	IBS011	hprc:DogoHLA	B	four_field	complete	0	0	0	0	B*07:104	B*35:03:01:01
HG01530	EUR	IBS011	hprc:DogoHLA	C	two_field	complete	1	1	1	2	C*12:03:01:01	C*07:02:01:03
HG01530	EUR	IBS011	hprc:DogoHLA	C	four_field	complete	1	1	1	2	C*12:03:01:01	C*07:02:01:03
HG01530	EUR	IBS011	hprc:DogoHLA	DPA1	two_field	complete	1	1	1	2	DPA1*01:03:01:02	DPA1*01:03:01:01
HG01530	EUR	IBS011	hprc:DogoHLA	DPA1	four_field	complete	1	1	0	1	DPA1*01:03:01:02	DPA1*01:03:01:01
HG01530	EUR	IBS011	hprc:DogoHLA	DPB1	two_field	complete	1	1	0	0	DPB1*416:01:01:01	DPB1*105:01:01:01
HG01530	EUR	IBS011	hprc:DogoHLA	DPB1	four_field	complete	1	1	0	0	DPB1*416:01:01:01	DPB1*105:01:01:01
HG01530	EUR	IBS011	hprc:DogoHLA	DQA1	two_field	complete	1	1	1	2	DQA1*01:01:01:01	DQA1*02:01:01:01
HG01530	EUR	IBS011	hprc:DogoHLA	DQA1	four_field	complete	1	1	1	2	DQA1*01:01:01:01	DQA1*02:01:01:01
HG01530	EUR	IBS011	hprc:DogoHLA	DQB1	two_field	complete	1	1	1	2	DQB1*05:01:01:01	DQB1*02:02:01:01
HG01530	EUR	IBS011	hprc:DogoHLA	DQB1	four_field	complete	1	1	0	1	DQB1*05:01:01:01	DQB1*02:02:01:01
HG01530	EUR	IBS011	hprc:DogoHLA	DRB1	two_field	complete	1	1	1	2	DRB1*01:03:01:01	DRB1*07:01:01:32
HG01530	EUR	IBS011	hprc:DogoHLA	DRB1	four_field	complete	1	1	0	1	DRB1*01:03:01:01	DRB1*07:01:01:32
HG01530	EUR	IBS011	hprc:DogoHLA-no-graph	A	two_field	complete	1	1	0	1	A*24:02:01:04	A*02:151
HG01530	EUR	IBS011	hprc:DogoHLA-no-graph	A	four_field	complete	1	0	0	1	A*24:02:01:04	A*02:151
HG01530	EUR	IBS011	hprc:DogoHLA-no-graph	B	two_field	complete	1	1	0	1	B*07:104	B*35:03:01:01
HG01530	EUR	IBS011	hprc:DogoHLA-no-graph	B	four_field	complete	0	0	0	0	B*07:104	B*35:03:01:01
HG01530	EUR	IBS011	hprc:DogoHLA-no-graph	C	two_field	complete	1	1	1	2	C*12:03:01:01	C*07:02:01:03
HG01530	EUR	IBS011	hprc:DogoHLA-no-graph	C	four_field	complete	1	1	1	2	C*12:03:01:01	C*07:02:01:03
HG01530	EUR	IBS011	hprc:DogoHLA-no-graph	DPA1	two_field	complete	1	1	1	2	DPA1*01:03:01:02	DPA1*01:03:01:01
HG01530	EUR	IBS011	hprc:DogoHLA-no-graph	DPA1	four_field	complete	1	1	0	1	DPA1*01:03:01:02	DPA1*01:03:01:01
HG01530	EUR	IBS011	hprc:DogoHLA-no-graph	DPB1	two_field	complete	1	1	0	0	DPB1*416:01:01:01	DPB1*105:01:01:01
HG01530	EUR	IBS011	hprc:DogoHLA-no-graph	DPB1	four_field	complete	1	1	0	0	DPB1*416:01:01:01	DPB1*105:01:01:01
HG01530	EUR	IBS011	hprc:DogoHLA-no-graph	DQA1	two_field	complete	1	1	1	2	DQA1*01:01:01:01	DQA1*02:01:01:01
HG01530	EUR	IBS011	hprc:DogoHLA-no-graph	DQA1	four_field	complete	1	1	1	2	DQA1*01:01:01:01	DQA1*02:01:01:01
HG01530	EUR	IBS011	hprc:DogoHLA-no-graph	DQB1	two_field	complete	1	1	1	2	DQB1*05:01:01:01	DQB1*02:02:01:01
HG01530	EUR	IBS011	hprc:DogoHLA-no-graph	DQB1	four_field	complete	1	1	0	1	DQB1*05:01:01:01	DQB1*02:02:01:01
HG01530	EUR	IBS011	hprc:DogoHLA-no-graph	DRB1	two_field	complete	1	1	1	2	DRB1*01:03:01:01	DRB1*07:01:01:32
HG01530	EUR	IBS011	hprc:DogoHLA-no-graph	DRB1	four_field	complete	1	1	0	1	DRB1*01:03:01:01	DRB1*07:01:01:32
HG01530	EUR	IBS011	asian_matched:DogoHLA	A	two_field	complete	1	1	0	1	A*24:02:01:04	A*02:52
HG01530	EUR	IBS011	asian_matched:DogoHLA	A	four_field	complete	1	0	0	1	A*24:02:01:04	A*02:52
HG01530	EUR	IBS011	asian_matched:DogoHLA	B	two_field	complete	1	1	0	1	B*07:104	B*35:03:01:01
HG01530	EUR	IBS011	asian_matched:DogoHLA	B	four_field	complete	0	0	0	0	B*07:104	B*35:03:01:01
HG01530	EUR	IBS011	asian_matched:DogoHLA	C	two_field	complete	1	1	1	2	C*12:03:01:01	C*07:02:01:03
HG01530	EUR	IBS011	asian_matched:DogoHLA	C	four_field	complete	1	1	1	2	C*12:03:01:01	C*07:02:01:03
HG01530	EUR	IBS011	asian_matched:DogoHLA	DPA1	two_field	complete	1	1	1	2	DPA1*01:03:01:02	DPA1*01:03:01:01
HG01530	EUR	IBS011	asian_matched:DogoHLA	DPA1	four_field	complete	1	1	0	1	DPA1*01:03:01:02	DPA1*01:03:01:01
HG01530	EUR	IBS011	asian_matched:DogoHLA	DPB1	two_field	complete	1	1	0	0	DPB1*416:01:01:01	DPB1*105:01:01:01
HG01530	EUR	IBS011	asian_matched:DogoHLA	DPB1	four_field	complete	1	1	0	0	DPB1*416:01:01:01	DPB1*105:01:01:01
HG01530	EUR	IBS011	asian_matched:DogoHLA	DQA1	two_field	complete	1	1	1	2	DQA1*01:01:01:01	DQA1*02:01:01:01
HG01530	EUR	IBS011	asian_matched:DogoHLA	DQA1	four_field	complete	1	1	1	2	DQA1*01:01:01:01	DQA1*02:01:01:01
HG01530	EUR	IBS011	asian_matched:DogoHLA	DQB1	two_field	complete	1	1	1	2	DQB1*05:01:01:01	DQB1*02:02:01:01
HG01530	EUR	IBS011	asian_matched:DogoHLA	DQB1	four_field	complete	1	1	0	1	DQB1*05:01:01:01	DQB1*02:02:01:01
HG01530	EUR	IBS011	asian_matched:DogoHLA	DRB1	two_field	complete	1	1	1	2	DRB1*01:03:01:01	DRB1*07:01:01:32
HG01530	EUR	IBS011	asian_matched:DogoHLA	DRB1	four_field	complete	1	1	0	1	DRB1*01:03:01:01	DRB1*07:01:01:32
HG01530	EUR	IBS011	asian_matched:DogoHLA-no-graph	A	two_field	complete	1	1	0	1	A*24:02:01:04	A*02:52
HG01530	EUR	IBS011	asian_matched:DogoHLA-no-graph	A	four_field	complete	1	0	0	1	A*24:02:01:04	A*02:52
HG01530	EUR	IBS011	asian_matched:DogoHLA-no-graph	B	two_field	complete	1	1	0	1	B*07:104	B*35:03:01:01
HG01530	EUR	IBS011	asian_matched:DogoHLA-no-graph	B	four_field	complete	0	0	0	0	B*07:104	B*35:03:01:01
HG01530	EUR	IBS011	asian_matched:DogoHLA-no-graph	C	two_field	complete	1	1	1	2	C*12:03:01:01	C*07:02:01:03
HG01530	EUR	IBS011	asian_matched:DogoHLA-no-graph	C	four_field	complete	1	1	1	2	C*12:03:01:01	C*07:02:01:03
HG01530	EUR	IBS011	asian_matched:DogoHLA-no-graph	DPA1	two_field	complete	1	1	1	2	DPA1*01:03:01:02	DPA1*01:03:01:01
HG01530	EUR	IBS011	asian_matched:DogoHLA-no-graph	DPA1	four_field	complete	1	1	0	1	DPA1*01:03:01:02	DPA1*01:03:01:01
HG01530	EUR	IBS011	asian_matched:DogoHLA-no-graph	DPB1	two_field	complete	1	1	0	0	DPB1*416:01:01:01	DPB1*105:01:01:01
HG01530	EUR	IBS011	asian_matched:DogoHLA-no-graph	DPB1	four_field	complete	1	1	0	0	DPB1*416:01:01:01	DPB1*105:01:01:01
HG01530	EUR	IBS011	asian_matched:DogoHLA-no-graph	DQA1	two_field	complete	1	1	1	2	DQA1*01:01:01:01	DQA1*02:01:01:01
HG01530	EUR	IBS011	asian_matched:DogoHLA-no-graph	DQA1	four_field	complete	1	1	1	2	DQA1*01:01:01:01	DQA1*02:01:01:01
HG01530	EUR	IBS011	asian_matched:DogoHLA-no-graph	DQB1	two_field	complete	1	1	1	2	DQB1*05:01:01:01	DQB1*02:02:01:01
HG01530	EUR	IBS011	asian_matched:DogoHLA-no-graph	DQB1	four_field	complete	1	1	0	1	DQB1*05:01:01:01	DQB1*02:02:01:01
HG01530	EUR	IBS011	asian_matched:DogoHLA-no-graph	DRB1	two_field	complete	1	1	1	2	DRB1*01:03:01:01	DRB1*07:01:01:32
HG01530	EUR	IBS011	asian_matched:DogoHLA-no-graph	DRB1	four_field	complete	1	1	0	1	DRB1*01:03:01:01	DRB1*07:01:01:32
NA20806	EUR	NA20806	SpecHLA-IPD365-noFreq	A	two_field	complete	1	1	0	0	A*26:186	A*02:864:01:01
NA20806	EUR	NA20806	SpecHLA-IPD365-noFreq	A	four_field	complete	1	0	0	0	A*26:186	A*02:864:01:01
NA20806	EUR	NA20806	SpecHLA-IPD365-noFreq	B	two_field	complete	1	1	1	2	B*51:01:01:102	B*35:03:01:33
NA20806	EUR	NA20806	SpecHLA-IPD365-noFreq	B	four_field	complete	1	1	0	0	B*51:01:01:102	B*35:03:01:33
NA20806	EUR	NA20806	SpecHLA-IPD365-noFreq	C	two_field	complete	1	1	1	2	C*07:02:01:01	C*04:01:01:01
NA20806	EUR	NA20806	SpecHLA-IPD365-noFreq	C	four_field	complete	1	1	0	1	C*07:02:01:01	C*04:01:01:01
NA20806	EUR	NA20806	SpecHLA-IPD365-noFreq	DPA1	two_field	complete	1	1	1	2	DPA1*01:03:01:02	DPA1*01:03:01:02
NA20806	EUR	NA20806	SpecHLA-IPD365-noFreq	DPA1	four_field	complete	1	1	0	1	DPA1*01:03:01:02	DPA1*01:03:01:02
NA20806	EUR	NA20806	SpecHLA-IPD365-noFreq	DPB1	two_field	complete	1	1	1	2	DPB1*04:01:01:01	DPB1*04:01:01:01
NA20806	EUR	NA20806	SpecHLA-IPD365-noFreq	DPB1	four_field	complete	1	1	1	2	DPB1*04:01:01:01	DPB1*04:01:01:01
NA20806	EUR	NA20806	SpecHLA-IPD365-noFreq	DQA1	two_field	complete	1	1	1	2	DQA1*01:02:01:01	DQA1*01:02:01:01
NA20806	EUR	NA20806	SpecHLA-IPD365-noFreq	DQA1	four_field	complete	1	1	1	2	DQA1*01:02:01:01	DQA1*01:02:01:01
NA20806	EUR	NA20806	SpecHLA-IPD365-noFreq	DQB1	two_field	complete	1	1	1	2	DQB1*06:02:01:01	DQB1*06:02:01:01
NA20806	EUR	NA20806	SpecHLA-IPD365-noFreq	DQB1	four_field	complete	1	1	1	2	DQB1*06:02:01:01	DQB1*06:02:01:01
NA20806	EUR	NA20806	SpecHLA-IPD365-noFreq	DRB1	two_field	complete	1	1	1	2	DRB1*15:01:01:25	DRB1*15:01:01:25
NA20806	EUR	NA20806	SpecHLA-IPD365-noFreq	DRB1	four_field	complete	1	1	0	0	DRB1*15:01:01:25	DRB1*15:01:01:25
NA20806	EUR	NA20806	SpecHLA-IPD365-long-noFreq	A	two_field	complete	1	1	0	0	A*26:186	A*02:864:01:01
NA20806	EUR	NA20806	SpecHLA-IPD365-long-noFreq	A	four_field	complete	1	0	0	0	A*26:186	A*02:864:01:01
NA20806	EUR	NA20806	SpecHLA-IPD365-long-noFreq	B	two_field	complete	1	1	1	2	B*35:03:01:33	B*51:01:01:102
NA20806	EUR	NA20806	SpecHLA-IPD365-long-noFreq	B	four_field	complete	1	1	0	0	B*35:03:01:33	B*51:01:01:102
NA20806	EUR	NA20806	SpecHLA-IPD365-long-noFreq	C	two_field	complete	1	1	1	2	C*07:02:01:01	C*04:01:01:01
NA20806	EUR	NA20806	SpecHLA-IPD365-long-noFreq	C	four_field	complete	1	1	0	1	C*07:02:01:01	C*04:01:01:01
NA20806	EUR	NA20806	SpecHLA-IPD365-long-noFreq	DPA1	two_field	complete	1	1	1	2	DPA1*01:03:01:02	DPA1*01:03:01:02
NA20806	EUR	NA20806	SpecHLA-IPD365-long-noFreq	DPA1	four_field	complete	1	1	0	1	DPA1*01:03:01:02	DPA1*01:03:01:02
NA20806	EUR	NA20806	SpecHLA-IPD365-long-noFreq	DPB1	two_field	complete	1	1	1	2	DPB1*04:01:01:01	DPB1*04:01:01:01
NA20806	EUR	NA20806	SpecHLA-IPD365-long-noFreq	DPB1	four_field	complete	1	1	1	2	DPB1*04:01:01:01	DPB1*04:01:01:01
NA20806	EUR	NA20806	SpecHLA-IPD365-long-noFreq	DQA1	two_field	complete	1	1	1	2	DQA1*01:02:01:01	DQA1*01:02:01:01
NA20806	EUR	NA20806	SpecHLA-IPD365-long-noFreq	DQA1	four_field	complete	1	1	1	2	DQA1*01:02:01:01	DQA1*01:02:01:01
NA20806	EUR	NA20806	SpecHLA-IPD365-long-noFreq	DQB1	two_field	complete	1	1	1	2	DQB1*06:02:01:01	DQB1*06:02:01:01
NA20806	EUR	NA20806	SpecHLA-IPD365-long-noFreq	DQB1	four_field	complete	1	1	1	2	DQB1*06:02:01:01	DQB1*06:02:01:01
NA20806	EUR	NA20806	SpecHLA-IPD365-long-noFreq	DRB1	two_field	complete	1	1	1	2	DRB1*15:01:01:25	DRB1*15:01:01:25
NA20806	EUR	NA20806	SpecHLA-IPD365-long-noFreq	DRB1	four_field	complete	1	1	0	0	DRB1*15:01:01:25	DRB1*15:01:01:25
NA20806	EUR	NA20806	T1K-four-field	A	two_field	complete	1	1	1	2	A*02:01:01:01	A*26:01:01:01
NA20806	EUR	NA20806	T1K-four-field	A	four_field	complete	1	1	1	2	A*02:01:01:01	A*26:01:01:01
NA20806	EUR	NA20806	T1K-four-field	B	two_field	complete	1	1	1	2	B*51:01:01:01	B*35:03:01:03
NA20806	EUR	NA20806	T1K-four-field	B	four_field	complete	1	1	1	2	B*51:01:01:01	B*35:03:01:03
NA20806	EUR	NA20806	T1K-four-field	C	two_field	complete	1	1	1	2	C*07:02:01:01	C*04:01:01:01,HLA-C*04:01:01:32,HLA-C*04:01:01:129
NA20806	EUR	NA20806	T1K-four-field	C	four_field	complete	1	1	0	1	C*07:02:01:01	C*04:01:01:01,HLA-C*04:01:01:32,HLA-C*04:01:01:129
NA20806	EUR	NA20806	T1K-four-field	DPA1	two_field	complete	1	1	1	2	DPA1*01:03:01:02	DPA1*01:03:01:02
NA20806	EUR	NA20806	T1K-four-field	DPA1	four_field	complete	1	1	0	1	DPA1*01:03:01:02	DPA1*01:03:01:02
NA20806	EUR	NA20806	T1K-four-field	DPB1	two_field	complete	1	1	1	2	DPB1*04:01:01:01	DPB1*04:01:01:04
NA20806	EUR	NA20806	T1K-four-field	DPB1	four_field	complete	1	1	0	1	DPB1*04:01:01:01	DPB1*04:01:01:04
NA20806	EUR	NA20806	T1K-four-field	DQA1	two_field	complete	1	1	1	2	DQA1*01:02:01:01	DQA1*01:02:01:01
NA20806	EUR	NA20806	T1K-four-field	DQA1	four_field	complete	1	1	1	2	DQA1*01:02:01:01	DQA1*01:02:01:01
NA20806	EUR	NA20806	T1K-four-field	DQB1	two_field	complete	1	1	1	2	DQB1*06:02:01:01	DQB1*06:02:01:01
NA20806	EUR	NA20806	T1K-four-field	DQB1	four_field	complete	1	1	1	2	DQB1*06:02:01:01	DQB1*06:02:01:01
NA20806	EUR	NA20806	T1K-four-field	DRB1	two_field	complete	1	1	1	2	DRB1*15:01:01:03	DRB1*15:01:01:06
NA20806	EUR	NA20806	T1K-four-field	DRB1	four_field	complete	1	1	0	0	DRB1*15:01:01:03	DRB1*15:01:01:06
NA20806	EUR	NA20806	full:DogoHLA	A	two_field	complete	1	1	0	0	A*02:864:01:01	A*11:335:01
NA20806	EUR	NA20806	full:DogoHLA	A	four_field	complete	1	0	0	0	A*02:864:01:01	A*11:335:01
NA20806	EUR	NA20806	full:DogoHLA	B	two_field	complete	1	1	1	2	B*51:01:01:01	B*35:03:01:03
NA20806	EUR	NA20806	full:DogoHLA	B	four_field	complete	1	1	1	2	B*51:01:01:01	B*35:03:01:03
NA20806	EUR	NA20806	full:DogoHLA	C	two_field	complete	1	1	1	2	C*04:01:01:01	C*07:02:01:01
NA20806	EUR	NA20806	full:DogoHLA	C	four_field	complete	1	1	0	1	C*04:01:01:01	C*07:02:01:01
NA20806	EUR	NA20806	full:DogoHLA	DPA1	two_field	complete	1	1	1	2	DPA1*01:03:01:02	DPA1*01:03:01:02
NA20806	EUR	NA20806	full:DogoHLA	DPA1	four_field	complete	1	1	0	1	DPA1*01:03:01:02	DPA1*01:03:01:02
NA20806	EUR	NA20806	full:DogoHLA	DPB1	two_field	complete	1	1	1	2	DPB1*04:01:01:01	DPB1*04:01:01:01
NA20806	EUR	NA20806	full:DogoHLA	DPB1	four_field	complete	1	1	1	2	DPB1*04:01:01:01	DPB1*04:01:01:01
NA20806	EUR	NA20806	full:DogoHLA	DQA1	two_field	complete	1	1	1	2	DQA1*01:02:01:01	DQA1*01:02:01:01
NA20806	EUR	NA20806	full:DogoHLA	DQA1	four_field	complete	1	1	1	2	DQA1*01:02:01:01	DQA1*01:02:01:01
NA20806	EUR	NA20806	full:DogoHLA	DQB1	two_field	complete	1	1	1	2	DQB1*06:02:01:01	DQB1*06:02:01:01
NA20806	EUR	NA20806	full:DogoHLA	DQB1	four_field	complete	1	1	1	2	DQB1*06:02:01:01	DQB1*06:02:01:01
NA20806	EUR	NA20806	full:DogoHLA	DRB1	two_field	complete	1	1	1	2	DRB1*15:01:01:25	DRB1*15:01:01:25
NA20806	EUR	NA20806	full:DogoHLA	DRB1	four_field	complete	1	1	0	0	DRB1*15:01:01:25	DRB1*15:01:01:25
NA20806	EUR	NA20806	full:DogoHLA-no-graph	A	two_field	complete	1	1	0	0	A*02:864:01:01	A*11:335:01
NA20806	EUR	NA20806	full:DogoHLA-no-graph	A	four_field	complete	1	0	0	0	A*02:864:01:01	A*11:335:01
NA20806	EUR	NA20806	full:DogoHLA-no-graph	B	two_field	complete	1	1	1	2	B*51:01:01:01	B*35:03:01:03
NA20806	EUR	NA20806	full:DogoHLA-no-graph	B	four_field	complete	1	1	1	2	B*51:01:01:01	B*35:03:01:03
NA20806	EUR	NA20806	full:DogoHLA-no-graph	C	two_field	complete	1	1	1	2	C*04:01:01:01	C*07:02:01:01
NA20806	EUR	NA20806	full:DogoHLA-no-graph	C	four_field	complete	1	1	0	1	C*04:01:01:01	C*07:02:01:01
NA20806	EUR	NA20806	full:DogoHLA-no-graph	DPA1	two_field	complete	1	1	1	2	DPA1*01:03:01:02	DPA1*01:03:01:02
NA20806	EUR	NA20806	full:DogoHLA-no-graph	DPA1	four_field	complete	1	1	0	1	DPA1*01:03:01:02	DPA1*01:03:01:02
NA20806	EUR	NA20806	full:DogoHLA-no-graph	DPB1	two_field	complete	1	1	1	2	DPB1*04:01:01:01	DPB1*04:01:01:01
NA20806	EUR	NA20806	full:DogoHLA-no-graph	DPB1	four_field	complete	1	1	1	2	DPB1*04:01:01:01	DPB1*04:01:01:01
NA20806	EUR	NA20806	full:DogoHLA-no-graph	DQA1	two_field	complete	1	1	1	2	DQA1*01:02:01:01	DQA1*01:02:01:01
NA20806	EUR	NA20806	full:DogoHLA-no-graph	DQA1	four_field	complete	1	1	1	2	DQA1*01:02:01:01	DQA1*01:02:01:01
NA20806	EUR	NA20806	full:DogoHLA-no-graph	DQB1	two_field	complete	1	1	1	2	DQB1*06:02:01:01	DQB1*06:02:01:01
NA20806	EUR	NA20806	full:DogoHLA-no-graph	DQB1	four_field	complete	1	1	1	2	DQB1*06:02:01:01	DQB1*06:02:01:01
NA20806	EUR	NA20806	full:DogoHLA-no-graph	DRB1	two_field	complete	1	1	1	2	DRB1*15:01:01:25	DRB1*15:01:01:25
NA20806	EUR	NA20806	full:DogoHLA-no-graph	DRB1	four_field	complete	1	1	0	0	DRB1*15:01:01:25	DRB1*15:01:01:25
NA20806	EUR	NA20806	hprc:DogoHLA	A	two_field	complete	1	1	0	0	A*02:864:01:01	A*66:36
NA20806	EUR	NA20806	hprc:DogoHLA	A	four_field	complete	1	0	0	0	A*02:864:01:01	A*66:36
NA20806	EUR	NA20806	hprc:DogoHLA	B	two_field	complete	1	1	1	2	B*51:01:01:01	B*35:03:01:03
NA20806	EUR	NA20806	hprc:DogoHLA	B	four_field	complete	1	1	1	2	B*51:01:01:01	B*35:03:01:03
NA20806	EUR	NA20806	hprc:DogoHLA	C	two_field	complete	1	1	1	2	C*04:01:01:01	C*07:02:01:01
NA20806	EUR	NA20806	hprc:DogoHLA	C	four_field	complete	1	1	0	1	C*04:01:01:01	C*07:02:01:01
NA20806	EUR	NA20806	hprc:DogoHLA	DPA1	two_field	complete	1	1	1	2	DPA1*01:03:01:02	DPA1*01:03:01:02
NA20806	EUR	NA20806	hprc:DogoHLA	DPA1	four_field	complete	1	1	0	1	DPA1*01:03:01:02	DPA1*01:03:01:02
NA20806	EUR	NA20806	hprc:DogoHLA	DPB1	two_field	complete	1	1	1	2	DPB1*04:01:01:01	DPB1*04:01:01:01
NA20806	EUR	NA20806	hprc:DogoHLA	DPB1	four_field	complete	1	1	1	2	DPB1*04:01:01:01	DPB1*04:01:01:01
NA20806	EUR	NA20806	hprc:DogoHLA	DQA1	two_field	complete	1	1	1	2	DQA1*01:02:01:01	DQA1*01:02:01:01
NA20806	EUR	NA20806	hprc:DogoHLA	DQA1	four_field	complete	1	1	1	2	DQA1*01:02:01:01	DQA1*01:02:01:01
NA20806	EUR	NA20806	hprc:DogoHLA	DQB1	two_field	complete	1	1	1	2	DQB1*06:02:01:01	DQB1*06:02:01:01
NA20806	EUR	NA20806	hprc:DogoHLA	DQB1	four_field	complete	1	1	1	2	DQB1*06:02:01:01	DQB1*06:02:01:01
NA20806	EUR	NA20806	hprc:DogoHLA	DRB1	two_field	complete	1	1	1	2	DRB1*15:01:01:25	DRB1*15:01:01:25
NA20806	EUR	NA20806	hprc:DogoHLA	DRB1	four_field	complete	1	1	0	0	DRB1*15:01:01:25	DRB1*15:01:01:25
NA20806	EUR	NA20806	hprc:DogoHLA-no-graph	A	two_field	complete	1	1	0	0	A*02:864:01:01	A*26:186
NA20806	EUR	NA20806	hprc:DogoHLA-no-graph	A	four_field	complete	1	0	0	0	A*02:864:01:01	A*26:186
NA20806	EUR	NA20806	hprc:DogoHLA-no-graph	B	two_field	complete	1	1	1	2	B*51:01:01:01	B*35:03:01:03
NA20806	EUR	NA20806	hprc:DogoHLA-no-graph	B	four_field	complete	1	1	1	2	B*51:01:01:01	B*35:03:01:03
NA20806	EUR	NA20806	hprc:DogoHLA-no-graph	C	two_field	complete	1	1	1	2	C*04:01:01:01	C*07:02:01:01
NA20806	EUR	NA20806	hprc:DogoHLA-no-graph	C	four_field	complete	1	1	0	1	C*04:01:01:01	C*07:02:01:01
NA20806	EUR	NA20806	hprc:DogoHLA-no-graph	DPA1	two_field	complete	1	1	1	2	DPA1*01:03:01:02	DPA1*01:03:01:02
NA20806	EUR	NA20806	hprc:DogoHLA-no-graph	DPA1	four_field	complete	1	1	0	1	DPA1*01:03:01:02	DPA1*01:03:01:02
NA20806	EUR	NA20806	hprc:DogoHLA-no-graph	DPB1	two_field	complete	1	1	1	2	DPB1*04:01:01:01	DPB1*04:01:01:01
NA20806	EUR	NA20806	hprc:DogoHLA-no-graph	DPB1	four_field	complete	1	1	1	2	DPB1*04:01:01:01	DPB1*04:01:01:01
NA20806	EUR	NA20806	hprc:DogoHLA-no-graph	DQA1	two_field	complete	1	1	1	2	DQA1*01:02:01:01	DQA1*01:02:01:01
NA20806	EUR	NA20806	hprc:DogoHLA-no-graph	DQA1	four_field	complete	1	1	1	2	DQA1*01:02:01:01	DQA1*01:02:01:01
NA20806	EUR	NA20806	hprc:DogoHLA-no-graph	DQB1	two_field	complete	1	1	1	2	DQB1*06:02:01:01	DQB1*06:02:01:01
NA20806	EUR	NA20806	hprc:DogoHLA-no-graph	DQB1	four_field	complete	1	1	1	2	DQB1*06:02:01:01	DQB1*06:02:01:01
NA20806	EUR	NA20806	hprc:DogoHLA-no-graph	DRB1	two_field	complete	1	1	1	2	DRB1*15:01:01:25	DRB1*15:01:01:25
NA20806	EUR	NA20806	hprc:DogoHLA-no-graph	DRB1	four_field	complete	1	1	0	0	DRB1*15:01:01:25	DRB1*15:01:01:25
NA20806	EUR	NA20806	asian_matched:DogoHLA	A	two_field	complete	1	1	0	0	A*26:130	A*02:1061N
NA20806	EUR	NA20806	asian_matched:DogoHLA	A	four_field	complete	1	0	0	0	A*26:130	A*02:1061N
NA20806	EUR	NA20806	asian_matched:DogoHLA	B	two_field	complete	1	1	1	2	B*51:01:01:01	B*35:03:01:03
NA20806	EUR	NA20806	asian_matched:DogoHLA	B	four_field	complete	1	1	1	2	B*51:01:01:01	B*35:03:01:03
NA20806	EUR	NA20806	asian_matched:DogoHLA	C	two_field	complete	1	1	1	2	C*04:01:01:01	C*07:02:01:01
NA20806	EUR	NA20806	asian_matched:DogoHLA	C	four_field	complete	1	1	0	1	C*04:01:01:01	C*07:02:01:01
NA20806	EUR	NA20806	asian_matched:DogoHLA	DPA1	two_field	complete	1	1	1	2	DPA1*01:03:01:02	DPA1*01:03:01:02
NA20806	EUR	NA20806	asian_matched:DogoHLA	DPA1	four_field	complete	1	1	0	1	DPA1*01:03:01:02	DPA1*01:03:01:02
NA20806	EUR	NA20806	asian_matched:DogoHLA	DPB1	two_field	complete	1	1	1	2	DPB1*04:01:01:01	DPB1*04:01:01:01
NA20806	EUR	NA20806	asian_matched:DogoHLA	DPB1	four_field	complete	1	1	1	2	DPB1*04:01:01:01	DPB1*04:01:01:01
NA20806	EUR	NA20806	asian_matched:DogoHLA	DQA1	two_field	complete	1	1	1	2	DQA1*01:02:01:01	DQA1*01:02:01:01
NA20806	EUR	NA20806	asian_matched:DogoHLA	DQA1	four_field	complete	1	1	1	2	DQA1*01:02:01:01	DQA1*01:02:01:01
NA20806	EUR	NA20806	asian_matched:DogoHLA	DQB1	two_field	complete	1	1	1	2	DQB1*06:02:01:01	DQB1*06:02:01:01
NA20806	EUR	NA20806	asian_matched:DogoHLA	DQB1	four_field	complete	1	1	1	2	DQB1*06:02:01:01	DQB1*06:02:01:01
NA20806	EUR	NA20806	asian_matched:DogoHLA	DRB1	two_field	complete	1	1	1	2	DRB1*15:01:01:25	DRB1*15:01:01:25
NA20806	EUR	NA20806	asian_matched:DogoHLA	DRB1	four_field	complete	1	1	0	0	DRB1*15:01:01:25	DRB1*15:01:01:25
NA20806	EUR	NA20806	asian_matched:DogoHLA-no-graph	A	two_field	complete	1	1	0	0	A*26:130	A*02:1061N
NA20806	EUR	NA20806	asian_matched:DogoHLA-no-graph	A	four_field	complete	1	0	0	0	A*26:130	A*02:1061N
NA20806	EUR	NA20806	asian_matched:DogoHLA-no-graph	B	two_field	complete	1	1	1	2	B*51:01:01:01	B*35:03:01:03
NA20806	EUR	NA20806	asian_matched:DogoHLA-no-graph	B	four_field	complete	1	1	1	2	B*51:01:01:01	B*35:03:01:03
NA20806	EUR	NA20806	asian_matched:DogoHLA-no-graph	C	two_field	complete	1	1	1	2	C*04:01:01:01	C*07:02:01:01
NA20806	EUR	NA20806	asian_matched:DogoHLA-no-graph	C	four_field	complete	1	1	0	1	C*04:01:01:01	C*07:02:01:01
NA20806	EUR	NA20806	asian_matched:DogoHLA-no-graph	DPA1	two_field	complete	1	1	1	2	DPA1*01:03:01:02	DPA1*01:03:01:02
NA20806	EUR	NA20806	asian_matched:DogoHLA-no-graph	DPA1	four_field	complete	1	1	0	1	DPA1*01:03:01:02	DPA1*01:03:01:02
NA20806	EUR	NA20806	asian_matched:DogoHLA-no-graph	DPB1	two_field	complete	1	1	1	2	DPB1*04:01:01:01	DPB1*04:01:01:01
NA20806	EUR	NA20806	asian_matched:DogoHLA-no-graph	DPB1	four_field	complete	1	1	1	2	DPB1*04:01:01:01	DPB1*04:01:01:01
NA20806	EUR	NA20806	asian_matched:DogoHLA-no-graph	DQA1	two_field	complete	1	1	1	2	DQA1*01:02:01:01	DQA1*01:02:01:01
NA20806	EUR	NA20806	asian_matched:DogoHLA-no-graph	DQA1	four_field	complete	1	1	1	2	DQA1*01:02:01:01	DQA1*01:02:01:01
NA20806	EUR	NA20806	asian_matched:DogoHLA-no-graph	DQB1	two_field	complete	1	1	1	2	DQB1*06:02:01:01	DQB1*06:02:01:01
NA20806	EUR	NA20806	asian_matched:DogoHLA-no-graph	DQB1	four_field	complete	1	1	1	2	DQB1*06:02:01:01	DQB1*06:02:01:01
NA20806	EUR	NA20806	asian_matched:DogoHLA-no-graph	DRB1	two_field	complete	1	1	1	2	DRB1*15:01:01:25	DRB1*15:01:01:25
NA20806	EUR	NA20806	asian_matched:DogoHLA-no-graph	DRB1	four_field	complete	1	1	0	0	DRB1*15:01:01:25	DRB1*15:01:01:25
HG00321	EUR	HG00321	SpecHLA-IPD365-noFreq	A	two_field	complete	1	1	0	1	A*02:01:01:01	A*11:335:01
HG00321	EUR	HG00321	SpecHLA-IPD365-noFreq	A	four_field	complete	1	0	0	1	A*02:01:01:01	A*11:335:01
HG00321	EUR	HG00321	SpecHLA-IPD365-noFreq	B	two_field	complete	1	1	1	2	B*40:01:02:01	B*15:01:01:01
HG00321	EUR	HG00321	SpecHLA-IPD365-noFreq	B	four_field	complete	1	1	0	1	B*40:01:02:01	B*15:01:01:01
HG00321	EUR	HG00321	SpecHLA-IPD365-noFreq	C	two_field	complete	1	1	1	2	C*03:04:01:01	C*03:03:01:01
HG00321	EUR	HG00321	SpecHLA-IPD365-noFreq	C	four_field	complete	1	1	1	2	C*03:04:01:01	C*03:03:01:01
HG00321	EUR	HG00321	SpecHLA-IPD365-noFreq	DPA1	two_field	complete	1	1	1	2	DPA1*01:03:01:02	DPA1*01:03:01:02
HG00321	EUR	HG00321	SpecHLA-IPD365-noFreq	DPA1	four_field	complete	1	1	1	2	DPA1*01:03:01:02	DPA1*01:03:01:02
HG00321	EUR	HG00321	SpecHLA-IPD365-noFreq	DPB1	two_field	complete	1	1	1	2	DPB1*04:01:01:01	DPB1*04:01:01:01
HG00321	EUR	HG00321	SpecHLA-IPD365-noFreq	DPB1	four_field	complete	1	1	1	2	DPB1*04:01:01:01	DPB1*04:01:01:01
HG00321	EUR	HG00321	SpecHLA-IPD365-noFreq	DQA1	two_field	complete	1	1	1	2	DQA1*04:01:01:02	DQA1*01:02:01:01
HG00321	EUR	HG00321	SpecHLA-IPD365-noFreq	DQA1	four_field	complete	1	1	0	1	DQA1*04:01:01:02	DQA1*01:02:01:01
HG00321	EUR	HG00321	SpecHLA-IPD365-noFreq	DQB1	two_field	complete	1	1	1	2	DQB1*04:02:01:04	DQB1*05:03:01:01
HG00321	EUR	HG00321	SpecHLA-IPD365-noFreq	DQB1	four_field	complete	1	1	1	2	DQB1*04:02:01:04	DQB1*05:03:01:01
HG00321	EUR	HG00321	SpecHLA-IPD365-noFreq	DRB1	two_field	complete	1	1	0	0	DRB1*12:17	DRB1*15:198
HG00321	EUR	HG00321	SpecHLA-IPD365-noFreq	DRB1	four_field	complete	0	0	0	0	DRB1*12:17	DRB1*15:198
HG00321	EUR	HG00321	SpecHLA-IPD365-long-noFreq	A	two_field	complete	1	1	0	1	A*02:01:01:01	A*11:335:01
HG00321	EUR	HG00321	SpecHLA-IPD365-long-noFreq	A	four_field	complete	1	0	0	1	A*02:01:01:01	A*11:335:01
HG00321	EUR	HG00321	SpecHLA-IPD365-long-noFreq	B	two_field	complete	1	1	1	2	B*40:01:02:01	B*15:01:01:01
HG00321	EUR	HG00321	SpecHLA-IPD365-long-noFreq	B	four_field	complete	1	1	0	1	B*40:01:02:01	B*15:01:01:01
HG00321	EUR	HG00321	SpecHLA-IPD365-long-noFreq	C	two_field	complete	1	1	1	2	C*03:03:01:01	C*03:04:01:01
HG00321	EUR	HG00321	SpecHLA-IPD365-long-noFreq	C	four_field	complete	1	1	1	2	C*03:03:01:01	C*03:04:01:01
HG00321	EUR	HG00321	SpecHLA-IPD365-long-noFreq	DPA1	two_field	complete	1	1	1	2	DPA1*01:03:01:02	DPA1*01:03:01:02
HG00321	EUR	HG00321	SpecHLA-IPD365-long-noFreq	DPA1	four_field	complete	1	1	1	2	DPA1*01:03:01:02	DPA1*01:03:01:02
HG00321	EUR	HG00321	SpecHLA-IPD365-long-noFreq	DPB1	two_field	complete	1	1	1	2	DPB1*04:01:01:01	DPB1*04:01:01:01
HG00321	EUR	HG00321	SpecHLA-IPD365-long-noFreq	DPB1	four_field	complete	1	1	1	2	DPB1*04:01:01:01	DPB1*04:01:01:01
HG00321	EUR	HG00321	SpecHLA-IPD365-long-noFreq	DQA1	two_field	complete	1	1	1	2	DQA1*04:01:01:02	DQA1*01:02:01:01
HG00321	EUR	HG00321	SpecHLA-IPD365-long-noFreq	DQA1	four_field	complete	1	1	0	1	DQA1*04:01:01:02	DQA1*01:02:01:01
HG00321	EUR	HG00321	SpecHLA-IPD365-long-noFreq	DQB1	two_field	complete	1	1	1	2	DQB1*04:02:01:04	DQB1*05:03:01:01
HG00321	EUR	HG00321	SpecHLA-IPD365-long-noFreq	DQB1	four_field	complete	1	1	1	2	DQB1*04:02:01:04	DQB1*05:03:01:01
HG00321	EUR	HG00321	SpecHLA-IPD365-long-noFreq	DRB1	two_field	complete	1	1	0	0	DRB1*15:198	DRB1*08:17
HG00321	EUR	HG00321	SpecHLA-IPD365-long-noFreq	DRB1	four_field	complete	0	0	0	0	DRB1*15:198	DRB1*08:17
HG00321	EUR	HG00321	T1K-four-field	A	two_field	complete	1	1	1	2	A*02:01:01:01	A*02:01:01:01
HG00321	EUR	HG00321	T1K-four-field	A	four_field	complete	1	1	1	2	A*02:01:01:01	A*02:01:01:01
HG00321	EUR	HG00321	T1K-four-field	B	two_field	complete	1	1	1	2	B*40:01:02:01,HLA-B*40:01:02:62	B*15:01:01:01
HG00321	EUR	HG00321	T1K-four-field	B	four_field	complete	1	1	0	1	B*40:01:02:01,HLA-B*40:01:02:62	B*15:01:01:01
HG00321	EUR	HG00321	T1K-four-field	C	two_field	complete	1	1	1	2	C*03:04:01:01	C*03:03:01:01
HG00321	EUR	HG00321	T1K-four-field	C	four_field	complete	1	1	1	2	C*03:04:01:01	C*03:03:01:01
HG00321	EUR	HG00321	T1K-four-field	DPA1	two_field	complete	1	1	1	2	DPA1*01:03:01:02	DPA1*01:03:01:02
HG00321	EUR	HG00321	T1K-four-field	DPA1	four_field	complete	1	1	1	2	DPA1*01:03:01:02	DPA1*01:03:01:02
HG00321	EUR	HG00321	T1K-four-field	DPB1	two_field	complete	1	1	1	2	DPB1*04:01:01:01	DPB1*04:01:01:01
HG00321	EUR	HG00321	T1K-four-field	DPB1	four_field	complete	1	1	1	2	DPB1*04:01:01:01	DPB1*04:01:01:01
HG00321	EUR	HG00321	T1K-four-field	DQA1	two_field	complete	1	1	1	2	DQA1*01:02:01:01	DQA1*04:01:01:01
HG00321	EUR	HG00321	T1K-four-field	DQA1	four_field	complete	1	1	0	1	DQA1*01:02:01:01	DQA1*04:01:01:01
HG00321	EUR	HG00321	T1K-four-field	DQB1	two_field	complete	1	1	1	2	DQB1*04:02:01:04	DQB1*05:03:01:01
HG00321	EUR	HG00321	T1K-four-field	DQB1	four_field	complete	1	1	1	2	DQB1*04:02:01:04	DQB1*05:03:01:01
HG00321	EUR	HG00321	T1K-four-field	DRB1	two_field	complete	1	1	1	2	DRB1*15:01:01:03	DRB1*08:01:01:01
HG00321	EUR	HG00321	T1K-four-field	DRB1	four_field	complete	0	0	0	0	DRB1*15:01:01:03	DRB1*08:01:01:01
HG00321	EUR	HG00321	full:DogoHLA	A	two_field	complete	1	1	0	1	A*02:01:01:01	A*11:335:01
HG00321	EUR	HG00321	full:DogoHLA	A	four_field	complete	1	0	0	1	A*02:01:01:01	A*11:335:01
HG00321	EUR	HG00321	full:DogoHLA	B	two_field	complete	1	1	1	2	B*15:01:01:01	B*40:01:02:01
HG00321	EUR	HG00321	full:DogoHLA	B	four_field	complete	1	1	0	1	B*15:01:01:01	B*40:01:02:01
HG00321	EUR	HG00321	full:DogoHLA	C	two_field	complete	1	1	1	2	C*03:04:01:01	C*03:03:01:01
HG00321	EUR	HG00321	full:DogoHLA	C	four_field	complete	1	1	1	2	C*03:04:01:01	C*03:03:01:01
HG00321	EUR	HG00321	full:DogoHLA	DPA1	two_field	complete	1	1	1	2	DPA1*01:03:01:02	DPA1*01:03:01:02
HG00321	EUR	HG00321	full:DogoHLA	DPA1	four_field	complete	1	1	1	2	DPA1*01:03:01:02	DPA1*01:03:01:02
HG00321	EUR	HG00321	full:DogoHLA	DPB1	two_field	complete	1	1	1	2	DPB1*04:01:01:01	DPB1*04:01:01:01
HG00321	EUR	HG00321	full:DogoHLA	DPB1	four_field	complete	1	1	1	2	DPB1*04:01:01:01	DPB1*04:01:01:01
HG00321	EUR	HG00321	full:DogoHLA	DQA1	two_field	complete	1	1	1	2	DQA1*04:01:01:02	DQA1*01:02:01:01
HG00321	EUR	HG00321	full:DogoHLA	DQA1	four_field	complete	1	1	0	1	DQA1*04:01:01:02	DQA1*01:02:01:01
HG00321	EUR	HG00321	full:DogoHLA	DQB1	two_field	complete	1	1	1	2	DQB1*05:03:01:01	DQB1*04:02:01:04
HG00321	EUR	HG00321	full:DogoHLA	DQB1	four_field	complete	1	1	1	2	DQB1*05:03:01:01	DQB1*04:02:01:04
HG00321	EUR	HG00321	full:DogoHLA	DRB1	two_field	complete	1	1	1	2	DRB1*08:01:01:04	DRB1*15:01:01:25
HG00321	EUR	HG00321	full:DogoHLA	DRB1	four_field	complete	0	0	0	0	DRB1*08:01:01:04	DRB1*15:01:01:25
HG00321	EUR	HG00321	full:DogoHLA-no-graph	A	two_field	complete	1	1	0	1	A*02:01:01:01	A*11:335:01
HG00321	EUR	HG00321	full:DogoHLA-no-graph	A	four_field	complete	1	0	0	1	A*02:01:01:01	A*11:335:01
HG00321	EUR	HG00321	full:DogoHLA-no-graph	B	two_field	complete	1	1	1	2	B*15:01:01:01	B*40:01:02:01
HG00321	EUR	HG00321	full:DogoHLA-no-graph	B	four_field	complete	1	1	0	1	B*15:01:01:01	B*40:01:02:01
HG00321	EUR	HG00321	full:DogoHLA-no-graph	C	two_field	complete	1	1	1	2	C*03:04:01:01	C*03:03:01:01
HG00321	EUR	HG00321	full:DogoHLA-no-graph	C	four_field	complete	1	1	1	2	C*03:04:01:01	C*03:03:01:01
HG00321	EUR	HG00321	full:DogoHLA-no-graph	DPA1	two_field	complete	1	1	1	2	DPA1*01:03:01:02	DPA1*01:03:01:02
HG00321	EUR	HG00321	full:DogoHLA-no-graph	DPA1	four_field	complete	1	1	1	2	DPA1*01:03:01:02	DPA1*01:03:01:02
HG00321	EUR	HG00321	full:DogoHLA-no-graph	DPB1	two_field	complete	1	1	1	2	DPB1*04:01:01:01	DPB1*04:01:01:01
HG00321	EUR	HG00321	full:DogoHLA-no-graph	DPB1	four_field	complete	1	1	1	2	DPB1*04:01:01:01	DPB1*04:01:01:01
HG00321	EUR	HG00321	full:DogoHLA-no-graph	DQA1	two_field	complete	1	1	1	2	DQA1*04:01:01:02	DQA1*01:02:01:01
HG00321	EUR	HG00321	full:DogoHLA-no-graph	DQA1	four_field	complete	1	1	0	1	DQA1*04:01:01:02	DQA1*01:02:01:01
HG00321	EUR	HG00321	full:DogoHLA-no-graph	DQB1	two_field	complete	1	1	1	2	DQB1*05:03:01:01	DQB1*04:02:01:04
HG00321	EUR	HG00321	full:DogoHLA-no-graph	DQB1	four_field	complete	1	1	1	2	DQB1*05:03:01:01	DQB1*04:02:01:04
HG00321	EUR	HG00321	full:DogoHLA-no-graph	DRB1	two_field	complete	1	1	1	2	DRB1*08:01:01:04	DRB1*15:01:01:25
HG00321	EUR	HG00321	full:DogoHLA-no-graph	DRB1	four_field	complete	0	0	0	0	DRB1*08:01:01:04	DRB1*15:01:01:25
HG00321	EUR	HG00321	hprc:DogoHLA	A	two_field	complete	1	1	0	1	A*02:01:01:01	A*11:335:01
HG00321	EUR	HG00321	hprc:DogoHLA	A	four_field	complete	1	0	0	1	A*02:01:01:01	A*11:335:01
HG00321	EUR	HG00321	hprc:DogoHLA	B	two_field	complete	1	1	1	2	B*15:01:01:01	B*40:01:02:01
HG00321	EUR	HG00321	hprc:DogoHLA	B	four_field	complete	1	1	0	1	B*15:01:01:01	B*40:01:02:01
HG00321	EUR	HG00321	hprc:DogoHLA	C	two_field	complete	1	1	1	2	C*03:04:01:01	C*03:03:01:01
HG00321	EUR	HG00321	hprc:DogoHLA	C	four_field	complete	1	1	1	2	C*03:04:01:01	C*03:03:01:01
HG00321	EUR	HG00321	hprc:DogoHLA	DPA1	two_field	complete	1	1	1	2	DPA1*01:03:01:02	DPA1*01:03:01:02
HG00321	EUR	HG00321	hprc:DogoHLA	DPA1	four_field	complete	1	1	1	2	DPA1*01:03:01:02	DPA1*01:03:01:02
HG00321	EUR	HG00321	hprc:DogoHLA	DPB1	two_field	complete	1	1	1	2	DPB1*04:01:01:01	DPB1*04:01:01:01
HG00321	EUR	HG00321	hprc:DogoHLA	DPB1	four_field	complete	1	1	1	2	DPB1*04:01:01:01	DPB1*04:01:01:01
HG00321	EUR	HG00321	hprc:DogoHLA	DQA1	two_field	complete	1	1	1	2	DQA1*04:01:01:02	DQA1*01:02:01:01
HG00321	EUR	HG00321	hprc:DogoHLA	DQA1	four_field	complete	1	1	0	1	DQA1*04:01:01:02	DQA1*01:02:01:01
HG00321	EUR	HG00321	hprc:DogoHLA	DQB1	two_field	complete	1	1	1	2	DQB1*05:03:01:01	DQB1*04:02:01:04
HG00321	EUR	HG00321	hprc:DogoHLA	DQB1	four_field	complete	1	1	1	2	DQB1*05:03:01:01	DQB1*04:02:01:04
HG00321	EUR	HG00321	hprc:DogoHLA	DRB1	two_field	complete	1	1	1	2	DRB1*08:01:01:04	DRB1*15:01:01:25
HG00321	EUR	HG00321	hprc:DogoHLA	DRB1	four_field	complete	0	0	0	0	DRB1*08:01:01:04	DRB1*15:01:01:25
HG00321	EUR	HG00321	hprc:DogoHLA-no-graph	A	two_field	complete	1	1	0	1	A*02:01:01:01	A*11:335:01
HG00321	EUR	HG00321	hprc:DogoHLA-no-graph	A	four_field	complete	1	0	0	1	A*02:01:01:01	A*11:335:01
HG00321	EUR	HG00321	hprc:DogoHLA-no-graph	B	two_field	complete	1	1	1	2	B*15:01:01:01	B*40:01:02:01
HG00321	EUR	HG00321	hprc:DogoHLA-no-graph	B	four_field	complete	1	1	0	1	B*15:01:01:01	B*40:01:02:01
HG00321	EUR	HG00321	hprc:DogoHLA-no-graph	C	two_field	complete	1	1	1	2	C*03:04:01:01	C*03:03:01:01
HG00321	EUR	HG00321	hprc:DogoHLA-no-graph	C	four_field	complete	1	1	1	2	C*03:04:01:01	C*03:03:01:01
HG00321	EUR	HG00321	hprc:DogoHLA-no-graph	DPA1	two_field	complete	1	1	1	2	DPA1*01:03:01:02	DPA1*01:03:01:02
HG00321	EUR	HG00321	hprc:DogoHLA-no-graph	DPA1	four_field	complete	1	1	1	2	DPA1*01:03:01:02	DPA1*01:03:01:02
HG00321	EUR	HG00321	hprc:DogoHLA-no-graph	DPB1	two_field	complete	1	1	1	2	DPB1*04:01:01:01	DPB1*04:01:01:01
HG00321	EUR	HG00321	hprc:DogoHLA-no-graph	DPB1	four_field	complete	1	1	1	2	DPB1*04:01:01:01	DPB1*04:01:01:01
HG00321	EUR	HG00321	hprc:DogoHLA-no-graph	DQA1	two_field	complete	1	1	1	2	DQA1*04:01:01:02	DQA1*01:02:01:01
HG00321	EUR	HG00321	hprc:DogoHLA-no-graph	DQA1	four_field	complete	1	1	0	1	DQA1*04:01:01:02	DQA1*01:02:01:01
HG00321	EUR	HG00321	hprc:DogoHLA-no-graph	DQB1	two_field	complete	1	1	1	2	DQB1*05:03:01:01	DQB1*04:02:01:04
HG00321	EUR	HG00321	hprc:DogoHLA-no-graph	DQB1	four_field	complete	1	1	1	2	DQB1*05:03:01:01	DQB1*04:02:01:04
HG00321	EUR	HG00321	hprc:DogoHLA-no-graph	DRB1	two_field	complete	1	1	1	2	DRB1*08:01:01:04	DRB1*15:01:01:25
HG00321	EUR	HG00321	hprc:DogoHLA-no-graph	DRB1	four_field	complete	0	0	0	0	DRB1*08:01:01:04	DRB1*15:01:01:25
HG00321	EUR	HG00321	asian_matched:DogoHLA	A	two_field	complete	1	1	0	1	A*02:01:01:01	A*11:335:01
HG00321	EUR	HG00321	asian_matched:DogoHLA	A	four_field	complete	1	0	0	1	A*02:01:01:01	A*11:335:01
HG00321	EUR	HG00321	asian_matched:DogoHLA	B	two_field	complete	1	1	1	2	B*15:01:01:01	B*40:01:02:01
HG00321	EUR	HG00321	asian_matched:DogoHLA	B	four_field	complete	1	1	0	1	B*15:01:01:01	B*40:01:02:01
HG00321	EUR	HG00321	asian_matched:DogoHLA	C	two_field	complete	1	1	1	2	C*03:04:01:01	C*03:03:01:01
HG00321	EUR	HG00321	asian_matched:DogoHLA	C	four_field	complete	1	1	1	2	C*03:04:01:01	C*03:03:01:01
HG00321	EUR	HG00321	asian_matched:DogoHLA	DPA1	two_field	complete	1	1	1	2	DPA1*01:03:01:02	DPA1*01:03:01:02
HG00321	EUR	HG00321	asian_matched:DogoHLA	DPA1	four_field	complete	1	1	1	2	DPA1*01:03:01:02	DPA1*01:03:01:02
HG00321	EUR	HG00321	asian_matched:DogoHLA	DPB1	two_field	complete	1	1	1	2	DPB1*04:01:01:01	DPB1*04:01:01:01
HG00321	EUR	HG00321	asian_matched:DogoHLA	DPB1	four_field	complete	1	1	1	2	DPB1*04:01:01:01	DPB1*04:01:01:01
HG00321	EUR	HG00321	asian_matched:DogoHLA	DQA1	two_field	complete	1	1	1	2	DQA1*04:01:01:02	DQA1*01:02:01:01
HG00321	EUR	HG00321	asian_matched:DogoHLA	DQA1	four_field	complete	1	1	0	1	DQA1*04:01:01:02	DQA1*01:02:01:01
HG00321	EUR	HG00321	asian_matched:DogoHLA	DQB1	two_field	complete	1	1	1	2	DQB1*05:03:01:01	DQB1*04:02:01:04
HG00321	EUR	HG00321	asian_matched:DogoHLA	DQB1	four_field	complete	1	1	1	2	DQB1*05:03:01:01	DQB1*04:02:01:04
HG00321	EUR	HG00321	asian_matched:DogoHLA	DRB1	two_field	complete	1	1	1	2	DRB1*08:01:01:04	DRB1*15:01:01:25
HG00321	EUR	HG00321	asian_matched:DogoHLA	DRB1	four_field	complete	0	0	0	0	DRB1*08:01:01:04	DRB1*15:01:01:25
HG00321	EUR	HG00321	asian_matched:DogoHLA-no-graph	A	two_field	complete	1	1	0	1	A*02:01:01:01	A*11:335:01
HG00321	EUR	HG00321	asian_matched:DogoHLA-no-graph	A	four_field	complete	1	0	0	1	A*02:01:01:01	A*11:335:01
HG00321	EUR	HG00321	asian_matched:DogoHLA-no-graph	B	two_field	complete	1	1	1	2	B*15:01:01:01	B*40:01:02:01
HG00321	EUR	HG00321	asian_matched:DogoHLA-no-graph	B	four_field	complete	1	1	0	1	B*15:01:01:01	B*40:01:02:01
HG00321	EUR	HG00321	asian_matched:DogoHLA-no-graph	C	two_field	complete	1	1	1	2	C*03:04:01:01	C*03:03:01:01
HG00321	EUR	HG00321	asian_matched:DogoHLA-no-graph	C	four_field	complete	1	1	1	2	C*03:04:01:01	C*03:03:01:01
HG00321	EUR	HG00321	asian_matched:DogoHLA-no-graph	DPA1	two_field	complete	1	1	1	2	DPA1*01:03:01:02	DPA1*01:03:01:02
HG00321	EUR	HG00321	asian_matched:DogoHLA-no-graph	DPA1	four_field	complete	1	1	1	2	DPA1*01:03:01:02	DPA1*01:03:01:02
HG00321	EUR	HG00321	asian_matched:DogoHLA-no-graph	DPB1	two_field	complete	1	1	1	2	DPB1*04:01:01:01	DPB1*04:01:01:01
HG00321	EUR	HG00321	asian_matched:DogoHLA-no-graph	DPB1	four_field	complete	1	1	1	2	DPB1*04:01:01:01	DPB1*04:01:01:01
HG00321	EUR	HG00321	asian_matched:DogoHLA-no-graph	DQA1	two_field	complete	1	1	1	2	DQA1*04:01:01:02	DQA1*01:02:01:01
HG00321	EUR	HG00321	asian_matched:DogoHLA-no-graph	DQA1	four_field	complete	1	1	0	1	DQA1*04:01:01:02	DQA1*01:02:01:01
HG00321	EUR	HG00321	asian_matched:DogoHLA-no-graph	DQB1	two_field	complete	1	1	1	2	DQB1*05:03:01:01	DQB1*04:02:01:04
HG00321	EUR	HG00321	asian_matched:DogoHLA-no-graph	DQB1	four_field	complete	1	1	1	2	DQB1*05:03:01:01	DQB1*04:02:01:04
HG00321	EUR	HG00321	asian_matched:DogoHLA-no-graph	DRB1	two_field	complete	1	1	1	2	DRB1*08:01:01:04	DRB1*15:01:01:25
HG00321	EUR	HG00321	asian_matched:DogoHLA-no-graph	DRB1	four_field	complete	0	0	0	0	DRB1*08:01:01:04	DRB1*15:01:01:25
HG00232	EUR	HG00232	SpecHLA-IPD365-noFreq	A	two_field	complete	1	1	0	1	A*03:01:01:01	A*11:335:01
HG00232	EUR	HG00232	SpecHLA-IPD365-noFreq	A	four_field	complete	1	0	0	1	A*03:01:01:01	A*11:335:01
HG00232	EUR	HG00232	SpecHLA-IPD365-noFreq	B	two_field	complete	1	1	1	2	B*07:02:01:01	B*27:05:02:05
HG00232	EUR	HG00232	SpecHLA-IPD365-noFreq	B	four_field	complete	0	0	0	0	B*07:02:01:01	B*27:05:02:05
HG00232	EUR	HG00232	SpecHLA-IPD365-noFreq	C	two_field	complete	1	1	1	2	C*07:02:01:03	C*02:02:02:01
HG00232	EUR	HG00232	SpecHLA-IPD365-noFreq	C	four_field	complete	1	1	1	2	C*07:02:01:03	C*02:02:02:01
HG00232	EUR	HG00232	SpecHLA-IPD365-noFreq	DPA1	two_field	complete	1	1	1	2	DPA1*01:03:01:02	DPA1*01:03:01:02
HG00232	EUR	HG00232	SpecHLA-IPD365-noFreq	DPA1	four_field	complete	1	1	0	1	DPA1*01:03:01:02	DPA1*01:03:01:02
HG00232	EUR	HG00232	SpecHLA-IPD365-noFreq	DPB1	two_field	complete	1	1	0	0	DPB1*702:01:01:02	DPB1*124:01:01:01
HG00232	EUR	HG00232	SpecHLA-IPD365-noFreq	DPB1	four_field	complete	1	1	0	0	DPB1*702:01:01:02	DPB1*124:01:01:01
HG00232	EUR	HG00232	SpecHLA-IPD365-noFreq	DQA1	two_field	complete	1	1	0	0	DQA1*01:100:01	DQA1*01:104
HG00232	EUR	HG00232	SpecHLA-IPD365-noFreq	DQA1	four_field	complete	0	0	0	0	DQA1*01:100:01	DQA1*01:104
HG00232	EUR	HG00232	SpecHLA-IPD365-noFreq	DQB1	two_field	complete	1	1	1	2	DQB1*06:02:01:01	DQB1*05:03:01:01
HG00232	EUR	HG00232	SpecHLA-IPD365-noFreq	DQB1	four_field	complete	1	1	1	2	DQB1*06:02:01:01	DQB1*05:03:01:01
HG00232	EUR	HG00232	SpecHLA-IPD365-noFreq	DRB1	two_field	complete	1	1	0	0	DRB1*12:17	DRB1*15:198
HG00232	EUR	HG00232	SpecHLA-IPD365-noFreq	DRB1	four_field	complete	0	0	0	0	DRB1*12:17	DRB1*15:198
HG00232	EUR	HG00232	SpecHLA-IPD365-long-noFreq	A	two_field	complete	1	1	0	1	A*03:01:01:01	A*11:335:01
HG00232	EUR	HG00232	SpecHLA-IPD365-long-noFreq	A	four_field	complete	1	0	0	1	A*03:01:01:01	A*11:335:01
HG00232	EUR	HG00232	SpecHLA-IPD365-long-noFreq	B	two_field	complete	1	1	1	2	B*07:02:01:01	B*27:05:02:05
HG00232	EUR	HG00232	SpecHLA-IPD365-long-noFreq	B	four_field	complete	0	0	0	0	B*07:02:01:01	B*27:05:02:05
HG00232	EUR	HG00232	SpecHLA-IPD365-long-noFreq	C	two_field	complete	1	1	1	2	C*07:02:01:03	C*02:02:02:01
HG00232	EUR	HG00232	SpecHLA-IPD365-long-noFreq	C	four_field	complete	1	1	1	2	C*07:02:01:03	C*02:02:02:01
HG00232	EUR	HG00232	SpecHLA-IPD365-long-noFreq	DPA1	two_field	complete	1	1	1	2	DPA1*01:03:01:02	DPA1*01:03:01:02
HG00232	EUR	HG00232	SpecHLA-IPD365-long-noFreq	DPA1	four_field	complete	1	1	0	1	DPA1*01:03:01:02	DPA1*01:03:01:02
HG00232	EUR	HG00232	SpecHLA-IPD365-long-noFreq	DPB1	two_field	complete	1	1	0	0	DPB1*124:01:01:01	DPB1*702:01:01:02
HG00232	EUR	HG00232	SpecHLA-IPD365-long-noFreq	DPB1	four_field	complete	1	1	0	0	DPB1*124:01:01:01	DPB1*702:01:01:02
HG00232	EUR	HG00232	SpecHLA-IPD365-long-noFreq	DQA1	two_field	complete	1	1	0	0	DQA1*01:104	DQA1*01:100:01
HG00232	EUR	HG00232	SpecHLA-IPD365-long-noFreq	DQA1	four_field	complete	0	0	0	0	DQA1*01:104	DQA1*01:100:01
HG00232	EUR	HG00232	SpecHLA-IPD365-long-noFreq	DQB1	two_field	complete	1	1	1	2	DQB1*06:02:01:01	DQB1*05:03:01:01
HG00232	EUR	HG00232	SpecHLA-IPD365-long-noFreq	DQB1	four_field	complete	1	1	1	2	DQB1*06:02:01:01	DQB1*05:03:01:01
HG00232	EUR	HG00232	SpecHLA-IPD365-long-noFreq	DRB1	two_field	complete	1	1	0	0	DRB1*12:17	DRB1*15:198
HG00232	EUR	HG00232	SpecHLA-IPD365-long-noFreq	DRB1	four_field	complete	0	0	0	0	DRB1*12:17	DRB1*15:198
HG00232	EUR	HG00232	T1K-four-field	A	two_field	complete	1	1	1	2	A*03:01:01:01	A*03:01:01:01
HG00232	EUR	HG00232	T1K-four-field	A	four_field	complete	1	1	1	2	A*03:01:01:01	A*03:01:01:01
HG00232	EUR	HG00232	T1K-four-field	B	two_field	complete	1	1	1	2	B*27:05:02:01	B*07:02:01:01
HG00232	EUR	HG00232	T1K-four-field	B	four_field	complete	0	0	0	0	B*27:05:02:01	B*07:02:01:01
HG00232	EUR	HG00232	T1K-four-field	C	two_field	complete	1	1	1	2	C*02:02:02:01	C*07:02:01:03
HG00232	EUR	HG00232	T1K-four-field	C	four_field	complete	1	1	1	2	C*02:02:02:01	C*07:02:01:03
HG00232	EUR	HG00232	T1K-four-field	DPA1	two_field	complete	1	1	1	2	DPA1*01:03:01:02	DPA1*01:03:01:03
HG00232	EUR	HG00232	T1K-four-field	DPA1	four_field	complete	1	1	1	2	DPA1*01:03:01:02	DPA1*01:03:01:03
HG00232	EUR	HG00232	T1K-four-field	DPB1	two_field	complete	1	1	1	2	DPB1*03:01:01:01	DPB1*04:01:01:14
HG00232	EUR	HG00232	T1K-four-field	DPB1	four_field	complete	1	1	1	2	DPB1*03:01:01:01	DPB1*04:01:01:14
HG00232	EUR	HG00232	T1K-four-field	DQA1	two_field	complete	1	1	1	2	DQA1*01:04:01:01	DQA1*01:02:01:01
HG00232	EUR	HG00232	T1K-four-field	DQA1	four_field	complete	0	0	0	0	DQA1*01:04:01:01	DQA1*01:02:01:01
HG00232	EUR	HG00232	T1K-four-field	DQB1	two_field	complete	1	1	1	2	DQB1*06:02:01:01	DQB1*05:03:01:01
HG00232	EUR	HG00232	T1K-four-field	DQB1	four_field	complete	1	1	1	2	DQB1*06:02:01:01	DQB1*05:03:01:01
HG00232	EUR	HG00232	T1K-four-field	DRB1	two_field	complete	1	1	1	2	DRB1*15:01:01:01	DRB1*14:54:01:03,HLA-DRB1*14:54:01:09
HG00232	EUR	HG00232	T1K-four-field	DRB1	four_field	complete	0	0	0	0	DRB1*15:01:01:01	DRB1*14:54:01:03,HLA-DRB1*14:54:01:09
HG00232	EUR	HG00232	full:DogoHLA	A	two_field	complete	1	1	0	1	A*03:01:01:01	A*11:335:01
HG00232	EUR	HG00232	full:DogoHLA	A	four_field	complete	1	0	0	1	A*03:01:01:01	A*11:335:01
HG00232	EUR	HG00232	full:DogoHLA	B	two_field	complete	1	1	1	2	B*07:02:01:01	B*27:05:02:05
HG00232	EUR	HG00232	full:DogoHLA	B	four_field	complete	0	0	0	0	B*07:02:01:01	B*27:05:02:05
HG00232	EUR	HG00232	full:DogoHLA	C	two_field	complete	1	1	1	2	C*02:02:02:01	C*07:02:01:03
HG00232	EUR	HG00232	full:DogoHLA	C	four_field	complete	1	1	1	2	C*02:02:02:01	C*07:02:01:03
HG00232	EUR	HG00232	full:DogoHLA	DPA1	two_field	complete	1	1	1	2	DPA1*01:03:01:02	DPA1*01:03:01:02
HG00232	EUR	HG00232	full:DogoHLA	DPA1	four_field	complete	1	1	0	1	DPA1*01:03:01:02	DPA1*01:03:01:02
HG00232	EUR	HG00232	full:DogoHLA	DPB1	two_field	complete	1	1	1	2	DPB1*04:01:01:01	DPB1*03:01:01:01
HG00232	EUR	HG00232	full:DogoHLA	DPB1	four_field	complete	1	1	0	1	DPB1*04:01:01:01	DPB1*03:01:01:01
HG00232	EUR	HG00232	full:DogoHLA	DQA1	two_field	complete	1	1	1	2	DQA1*01:04:01:01	DQA1*01:02:01:01
HG00232	EUR	HG00232	full:DogoHLA	DQA1	four_field	complete	0	0	0	0	DQA1*01:04:01:01	DQA1*01:02:01:01
HG00232	EUR	HG00232	full:DogoHLA	DQB1	two_field	complete	1	1	1	2	DQB1*06:02:01:01	DQB1*05:03:01:01
HG00232	EUR	HG00232	full:DogoHLA	DQB1	four_field	complete	1	1	1	2	DQB1*06:02:01:01	DQB1*05:03:01:01
HG00232	EUR	HG00232	full:DogoHLA	DRB1	two_field	complete	1	1	1	2	DRB1*14:54:01:06	DRB1*15:01:01:25
HG00232	EUR	HG00232	full:DogoHLA	DRB1	four_field	complete	0	0	0	0	DRB1*14:54:01:06	DRB1*15:01:01:25
HG00232	EUR	HG00232	full:DogoHLA-no-graph	A	two_field	complete	1	1	0	1	A*03:01:01:01	A*11:335:01
HG00232	EUR	HG00232	full:DogoHLA-no-graph	A	four_field	complete	1	0	0	1	A*03:01:01:01	A*11:335:01
HG00232	EUR	HG00232	full:DogoHLA-no-graph	B	two_field	complete	1	1	1	2	B*07:02:01:01	B*27:05:02:05
HG00232	EUR	HG00232	full:DogoHLA-no-graph	B	four_field	complete	0	0	0	0	B*07:02:01:01	B*27:05:02:05
HG00232	EUR	HG00232	full:DogoHLA-no-graph	C	two_field	complete	1	1	1	2	C*02:02:02:01	C*07:02:01:03
HG00232	EUR	HG00232	full:DogoHLA-no-graph	C	four_field	complete	1	1	1	2	C*02:02:02:01	C*07:02:01:03
HG00232	EUR	HG00232	full:DogoHLA-no-graph	DPA1	two_field	complete	1	1	1	2	DPA1*01:03:01:02	DPA1*01:03:01:02
HG00232	EUR	HG00232	full:DogoHLA-no-graph	DPA1	four_field	complete	1	1	0	1	DPA1*01:03:01:02	DPA1*01:03:01:02
HG00232	EUR	HG00232	full:DogoHLA-no-graph	DPB1	two_field	complete	1	1	1	2	DPB1*04:01:01:01	DPB1*03:01:01:01
HG00232	EUR	HG00232	full:DogoHLA-no-graph	DPB1	four_field	complete	1	1	0	1	DPB1*04:01:01:01	DPB1*03:01:01:01
HG00232	EUR	HG00232	full:DogoHLA-no-graph	DQA1	two_field	complete	1	1	1	2	DQA1*01:04:01:01	DQA1*01:02:01:01
HG00232	EUR	HG00232	full:DogoHLA-no-graph	DQA1	four_field	complete	0	0	0	0	DQA1*01:04:01:01	DQA1*01:02:01:01
HG00232	EUR	HG00232	full:DogoHLA-no-graph	DQB1	two_field	complete	1	1	1	2	DQB1*06:02:01:01	DQB1*05:03:01:01
HG00232	EUR	HG00232	full:DogoHLA-no-graph	DQB1	four_field	complete	1	1	1	2	DQB1*06:02:01:01	DQB1*05:03:01:01
HG00232	EUR	HG00232	full:DogoHLA-no-graph	DRB1	two_field	complete	1	1	1	2	DRB1*14:54:01:06	DRB1*15:01:01:25
HG00232	EUR	HG00232	full:DogoHLA-no-graph	DRB1	four_field	complete	0	0	0	0	DRB1*14:54:01:06	DRB1*15:01:01:25
HG00232	EUR	HG00232	hprc:DogoHLA	A	two_field	complete	1	1	0	1	A*03:01:01:01	A*11:335:01
HG00232	EUR	HG00232	hprc:DogoHLA	A	four_field	complete	1	0	0	1	A*03:01:01:01	A*11:335:01
HG00232	EUR	HG00232	hprc:DogoHLA	B	two_field	complete	1	1	1	2	B*07:02:01:01	B*27:05:02:05
HG00232	EUR	HG00232	hprc:DogoHLA	B	four_field	complete	0	0	0	0	B*07:02:01:01	B*27:05:02:05
HG00232	EUR	HG00232	hprc:DogoHLA	C	two_field	complete	1	1	1	2	C*02:02:02:01	C*07:02:01:03
HG00232	EUR	HG00232	hprc:DogoHLA	C	four_field	complete	1	1	1	2	C*02:02:02:01	C*07:02:01:03
HG00232	EUR	HG00232	hprc:DogoHLA	DPA1	two_field	complete	1	1	1	2	DPA1*01:03:01:02	DPA1*01:03:01:02
HG00232	EUR	HG00232	hprc:DogoHLA	DPA1	four_field	complete	1	1	0	1	DPA1*01:03:01:02	DPA1*01:03:01:02
HG00232	EUR	HG00232	hprc:DogoHLA	DPB1	two_field	complete	1	1	1	2	DPB1*04:01:01:01	DPB1*03:01:01:01
HG00232	EUR	HG00232	hprc:DogoHLA	DPB1	four_field	complete	1	1	0	1	DPB1*04:01:01:01	DPB1*03:01:01:01
HG00232	EUR	HG00232	hprc:DogoHLA	DQA1	two_field	complete	1	1	1	2	DQA1*01:04:01:01	DQA1*01:02:01:01
HG00232	EUR	HG00232	hprc:DogoHLA	DQA1	four_field	complete	0	0	0	0	DQA1*01:04:01:01	DQA1*01:02:01:01
HG00232	EUR	HG00232	hprc:DogoHLA	DQB1	two_field	complete	1	1	1	2	DQB1*06:02:01:01	DQB1*05:03:01:01
HG00232	EUR	HG00232	hprc:DogoHLA	DQB1	four_field	complete	1	1	1	2	DQB1*06:02:01:01	DQB1*05:03:01:01
HG00232	EUR	HG00232	hprc:DogoHLA	DRB1	two_field	complete	1	1	1	2	DRB1*15:01:01:25	DRB1*14:54
HG00232	EUR	HG00232	hprc:DogoHLA	DRB1	four_field	complete	0	0	0	0	DRB1*15:01:01:25	DRB1*14:54
HG00232	EUR	HG00232	hprc:DogoHLA-no-graph	A	two_field	complete	1	1	0	1	A*03:01:01:01	A*11:335:01
HG00232	EUR	HG00232	hprc:DogoHLA-no-graph	A	four_field	complete	1	0	0	1	A*03:01:01:01	A*11:335:01
HG00232	EUR	HG00232	hprc:DogoHLA-no-graph	B	two_field	complete	1	1	1	2	B*07:02:01:01	B*27:05:02:05
HG00232	EUR	HG00232	hprc:DogoHLA-no-graph	B	four_field	complete	0	0	0	0	B*07:02:01:01	B*27:05:02:05
HG00232	EUR	HG00232	hprc:DogoHLA-no-graph	C	two_field	complete	1	1	1	2	C*02:02:02:01	C*07:02:01:03
HG00232	EUR	HG00232	hprc:DogoHLA-no-graph	C	four_field	complete	1	1	1	2	C*02:02:02:01	C*07:02:01:03
HG00232	EUR	HG00232	hprc:DogoHLA-no-graph	DPA1	two_field	complete	1	1	1	2	DPA1*01:03:01:02	DPA1*01:03:01:02
HG00232	EUR	HG00232	hprc:DogoHLA-no-graph	DPA1	four_field	complete	1	1	0	1	DPA1*01:03:01:02	DPA1*01:03:01:02
HG00232	EUR	HG00232	hprc:DogoHLA-no-graph	DPB1	two_field	complete	1	1	1	2	DPB1*04:01:01:01	DPB1*03:01:01:01
HG00232	EUR	HG00232	hprc:DogoHLA-no-graph	DPB1	four_field	complete	1	1	0	1	DPB1*04:01:01:01	DPB1*03:01:01:01
HG00232	EUR	HG00232	hprc:DogoHLA-no-graph	DQA1	two_field	complete	1	1	1	2	DQA1*01:04:01:01	DQA1*01:02:01:01
HG00232	EUR	HG00232	hprc:DogoHLA-no-graph	DQA1	four_field	complete	0	0	0	0	DQA1*01:04:01:01	DQA1*01:02:01:01
HG00232	EUR	HG00232	hprc:DogoHLA-no-graph	DQB1	two_field	complete	1	1	1	2	DQB1*06:02:01:01	DQB1*05:03:01:01
HG00232	EUR	HG00232	hprc:DogoHLA-no-graph	DQB1	four_field	complete	1	1	1	2	DQB1*06:02:01:01	DQB1*05:03:01:01
HG00232	EUR	HG00232	hprc:DogoHLA-no-graph	DRB1	two_field	complete	1	1	1	2	DRB1*15:01:01:25	DRB1*14:54
HG00232	EUR	HG00232	hprc:DogoHLA-no-graph	DRB1	four_field	complete	0	0	0	0	DRB1*15:01:01:25	DRB1*14:54
HG00232	EUR	HG00232	asian_matched:DogoHLA	A	two_field	complete	1	1	0	1	A*03:01:01:01	A*11:335:01
HG00232	EUR	HG00232	asian_matched:DogoHLA	A	four_field	complete	1	0	0	1	A*03:01:01:01	A*11:335:01
HG00232	EUR	HG00232	asian_matched:DogoHLA	B	two_field	complete	1	1	1	2	B*07:02:01:01	B*27:05:02:05
HG00232	EUR	HG00232	asian_matched:DogoHLA	B	four_field	complete	0	0	0	0	B*07:02:01:01	B*27:05:02:05
HG00232	EUR	HG00232	asian_matched:DogoHLA	C	two_field	complete	1	1	1	2	C*02:02:02:01	C*07:02:01:03
HG00232	EUR	HG00232	asian_matched:DogoHLA	C	four_field	complete	1	1	1	2	C*02:02:02:01	C*07:02:01:03
HG00232	EUR	HG00232	asian_matched:DogoHLA	DPA1	two_field	complete	1	1	1	2	DPA1*01:03:01:02	DPA1*01:03:01:02
HG00232	EUR	HG00232	asian_matched:DogoHLA	DPA1	four_field	complete	1	1	0	1	DPA1*01:03:01:02	DPA1*01:03:01:02
HG00232	EUR	HG00232	asian_matched:DogoHLA	DPB1	two_field	complete	1	1	1	2	DPB1*04:01:01:01	DPB1*03:01:01:01
HG00232	EUR	HG00232	asian_matched:DogoHLA	DPB1	four_field	complete	1	1	0	1	DPB1*04:01:01:01	DPB1*03:01:01:01
HG00232	EUR	HG00232	asian_matched:DogoHLA	DQA1	two_field	complete	1	1	1	2	DQA1*01:04:01:01	DQA1*01:02:01:01
HG00232	EUR	HG00232	asian_matched:DogoHLA	DQA1	four_field	complete	0	0	0	0	DQA1*01:04:01:01	DQA1*01:02:01:01
HG00232	EUR	HG00232	asian_matched:DogoHLA	DQB1	two_field	complete	1	1	1	2	DQB1*06:02:01:01	DQB1*05:03:01:01
HG00232	EUR	HG00232	asian_matched:DogoHLA	DQB1	four_field	complete	1	1	1	2	DQB1*06:02:01:01	DQB1*05:03:01:01
HG00232	EUR	HG00232	asian_matched:DogoHLA	DRB1	two_field	complete	1	1	1	2	DRB1*14:54:01:06	DRB1*15:01:01:25
HG00232	EUR	HG00232	asian_matched:DogoHLA	DRB1	four_field	complete	0	0	0	0	DRB1*14:54:01:06	DRB1*15:01:01:25
HG00232	EUR	HG00232	asian_matched:DogoHLA-no-graph	A	two_field	complete	1	1	0	1	A*03:01:01:01	A*11:335:01
HG00232	EUR	HG00232	asian_matched:DogoHLA-no-graph	A	four_field	complete	1	0	0	1	A*03:01:01:01	A*11:335:01
HG00232	EUR	HG00232	asian_matched:DogoHLA-no-graph	B	two_field	complete	1	1	1	2	B*07:02:01:01	B*27:05:02:05
HG00232	EUR	HG00232	asian_matched:DogoHLA-no-graph	B	four_field	complete	0	0	0	0	B*07:02:01:01	B*27:05:02:05
HG00232	EUR	HG00232	asian_matched:DogoHLA-no-graph	C	two_field	complete	1	1	1	2	C*02:02:02:01	C*07:02:01:03
HG00232	EUR	HG00232	asian_matched:DogoHLA-no-graph	C	four_field	complete	1	1	1	2	C*02:02:02:01	C*07:02:01:03
HG00232	EUR	HG00232	asian_matched:DogoHLA-no-graph	DPA1	two_field	complete	1	1	1	2	DPA1*01:03:01:02	DPA1*01:03:01:02
HG00232	EUR	HG00232	asian_matched:DogoHLA-no-graph	DPA1	four_field	complete	1	1	0	1	DPA1*01:03:01:02	DPA1*01:03:01:02
HG00232	EUR	HG00232	asian_matched:DogoHLA-no-graph	DPB1	two_field	complete	1	1	1	2	DPB1*04:01:01:01	DPB1*03:01:01:01
HG00232	EUR	HG00232	asian_matched:DogoHLA-no-graph	DPB1	four_field	complete	1	1	0	1	DPB1*04:01:01:01	DPB1*03:01:01:01
HG00232	EUR	HG00232	asian_matched:DogoHLA-no-graph	DQA1	two_field	complete	1	1	1	2	DQA1*01:04:01:01	DQA1*01:02:01:01
HG00232	EUR	HG00232	asian_matched:DogoHLA-no-graph	DQA1	four_field	complete	0	0	0	0	DQA1*01:04:01:01	DQA1*01:02:01:01
HG00232	EUR	HG00232	asian_matched:DogoHLA-no-graph	DQB1	two_field	complete	1	1	1	2	DQB1*06:02:01:01	DQB1*05:03:01:01
HG00232	EUR	HG00232	asian_matched:DogoHLA-no-graph	DQB1	four_field	complete	1	1	1	2	DQB1*06:02:01:01	DQB1*05:03:01:01
HG00232	EUR	HG00232	asian_matched:DogoHLA-no-graph	DRB1	two_field	complete	1	1	1	2	DRB1*14:54:01:06	DRB1*15:01:01:25
HG00232	EUR	HG00232	asian_matched:DogoHLA-no-graph	DRB1	four_field	complete	0	0	0	0	DRB1*14:54:01:06	DRB1*15:01:01:25
HG01786	EUR	IBS054	SpecHLA-IPD365-noFreq	A	two_field	complete	1	1	0	0	A*11:335:01	A*68:330
HG01786	EUR	IBS054	SpecHLA-IPD365-noFreq	A	four_field	complete	1	0	0	0	A*11:335:01	A*68:330
HG01786	EUR	IBS054	SpecHLA-IPD365-noFreq	B	two_field	complete	1	1	1	2	B*44:02:01:01	B*15:17:01:03
HG01786	EUR	IBS054	SpecHLA-IPD365-noFreq	B	four_field	complete	0	0	0	0	B*44:02:01:01	B*15:17:01:03
HG01786	EUR	IBS054	SpecHLA-IPD365-noFreq	C	two_field	complete	1	1	1	2	C*05:01:01:02	C*07:01:02:01
HG01786	EUR	IBS054	SpecHLA-IPD365-noFreq	C	four_field	complete	0	0	0	0	C*05:01:01:02	C*07:01:02:01
HG01786	EUR	IBS054	SpecHLA-IPD365-noFreq	DPA1	two_field	complete	1	1	1	2	DPA1*01:03:01:02	DPA1*01:03:01:02
HG01786	EUR	IBS054	SpecHLA-IPD365-noFreq	DPA1	four_field	complete	1	1	0	0	DPA1*01:03:01:02	DPA1*01:03:01:02
HG01786	EUR	IBS054	SpecHLA-IPD365-noFreq	DPB1	two_field	complete	1	1	1	2	DPB1*04:01:01:01	DPB1*04:01:01:01
HG01786	EUR	IBS054	SpecHLA-IPD365-noFreq	DPB1	four_field	complete	1	1	0	0	DPB1*04:01:01:01	DPB1*04:01:01:01
HG01786	EUR	IBS054	SpecHLA-IPD365-noFreq	DQA1	two_field	complete	1	1	0	1	DQA1*01:02:01:04	DQA1*05:01:15
HG01786	EUR	IBS054	SpecHLA-IPD365-noFreq	DQA1	four_field	complete	0	0	0	0	DQA1*01:02:01:04	DQA1*05:01:15
HG01786	EUR	IBS054	SpecHLA-IPD365-noFreq	DQB1	two_field	complete	1	1	1	2	DQB1*03:01:01:03	DQB1*06:04:01:01
HG01786	EUR	IBS054	SpecHLA-IPD365-noFreq	DQB1	four_field	complete	1	1	1	2	DQB1*03:01:01:03	DQB1*06:04:01:01
HG01786	EUR	IBS054	SpecHLA-IPD365-noFreq	DRB1	two_field	complete	1	1	1	2	DRB1*13:02:01:02	DRB1*11:01:02:01
HG01786	EUR	IBS054	SpecHLA-IPD365-noFreq	DRB1	four_field	complete	0	0	0	0	DRB1*13:02:01:02	DRB1*11:01:02:01
HG01786	EUR	IBS054	SpecHLA-IPD365-long-noFreq	A	two_field	complete	1	1	0	0	A*11:335:01	A*68:330
HG01786	EUR	IBS054	SpecHLA-IPD365-long-noFreq	A	four_field	complete	1	0	0	0	A*11:335:01	A*68:330
HG01786	EUR	IBS054	SpecHLA-IPD365-long-noFreq	B	two_field	complete	1	1	1	2	B*44:02:01:01	B*15:17:01:03
HG01786	EUR	IBS054	SpecHLA-IPD365-long-noFreq	B	four_field	complete	0	0	0	0	B*44:02:01:01	B*15:17:01:03
HG01786	EUR	IBS054	SpecHLA-IPD365-long-noFreq	C	two_field	complete	1	1	1	2	C*05:01:01:02	C*07:01:02:01
HG01786	EUR	IBS054	SpecHLA-IPD365-long-noFreq	C	four_field	complete	0	0	0	0	C*05:01:01:02	C*07:01:02:01
HG01786	EUR	IBS054	SpecHLA-IPD365-long-noFreq	DPA1	two_field	complete	1	1	1	2	DPA1*01:03:01:02	DPA1*01:03:01:02
HG01786	EUR	IBS054	SpecHLA-IPD365-long-noFreq	DPA1	four_field	complete	1	1	0	0	DPA1*01:03:01:02	DPA1*01:03:01:02
HG01786	EUR	IBS054	SpecHLA-IPD365-long-noFreq	DPB1	two_field	complete	1	1	1	2	DPB1*04:01:01:01	DPB1*04:01:01:01
HG01786	EUR	IBS054	SpecHLA-IPD365-long-noFreq	DPB1	four_field	complete	1	1	0	0	DPB1*04:01:01:01	DPB1*04:01:01:01
HG01786	EUR	IBS054	SpecHLA-IPD365-long-noFreq	DQA1	two_field	complete	1	1	1	2	DQA1*01:02:01:04	DQA1*05:05:17:03
HG01786	EUR	IBS054	SpecHLA-IPD365-long-noFreq	DQA1	four_field	complete	0	0	0	0	DQA1*01:02:01:04	DQA1*05:05:17:03
HG01786	EUR	IBS054	SpecHLA-IPD365-long-noFreq	DQB1	two_field	complete	1	1	1	2	DQB1*03:01:01:03	DQB1*06:04:01:01
HG01786	EUR	IBS054	SpecHLA-IPD365-long-noFreq	DQB1	four_field	complete	1	1	1	2	DQB1*03:01:01:03	DQB1*06:04:01:01
HG01786	EUR	IBS054	SpecHLA-IPD365-long-noFreq	DRB1	two_field	complete	1	1	1	2	DRB1*13:02:01:02	DRB1*11:01:02:01
HG01786	EUR	IBS054	SpecHLA-IPD365-long-noFreq	DRB1	four_field	complete	0	0	0	0	DRB1*13:02:01:02	DRB1*11:01:02:01
HG01786	EUR	IBS054	T1K-four-field	A	two_field	complete	1	1	1	2	A*03:01:01:01	A*02:01:01:01
HG01786	EUR	IBS054	T1K-four-field	A	four_field	complete	1	1	1	2	A*03:01:01:01	A*02:01:01:01
HG01786	EUR	IBS054	T1K-four-field	B	two_field	complete	1	1	1	2	B*15:17:01:01	B*44:02:01:01
HG01786	EUR	IBS054	T1K-four-field	B	four_field	complete	0	0	0	0	B*15:17:01:01	B*44:02:01:01
HG01786	EUR	IBS054	T1K-four-field	C	two_field	complete	1	1	1	2	C*07:01:02:01	C*05:01:01:02
HG01786	EUR	IBS054	T1K-four-field	C	four_field	complete	0	0	0	0	C*07:01:02:01	C*05:01:01:02
HG01786	EUR	IBS054	T1K-four-field	DPA1	two_field	complete	1	1	1	2	DPA1*01:03:01:02	DPA1*01:03:01:02
HG01786	EUR	IBS054	T1K-four-field	DPA1	four_field	complete	1	1	0	0	DPA1*01:03:01:02	DPA1*01:03:01:02
HG01786	EUR	IBS054	T1K-four-field	DPB1	two_field	complete	1	1	1	2	DPB1*04:01:01:04	DPB1*04:01:01:01
HG01786	EUR	IBS054	T1K-four-field	DPB1	four_field	complete	1	1	0	1	DPB1*04:01:01:04	DPB1*04:01:01:01
HG01786	EUR	IBS054	T1K-four-field	DQA1	two_field	complete	1	1	0	1	DQA1*01:02:01:04	DQA1*01:02:01:04
HG01786	EUR	IBS054	T1K-four-field	DQA1	four_field	complete	0	0	0	0	DQA1*01:02:01:04	DQA1*01:02:01:04
HG01786	EUR	IBS054	T1K-four-field	DQB1	two_field	complete	1	1	1	2	DQB1*06:04:01:01	DQB1*03:01:01:73
HG01786	EUR	IBS054	T1K-four-field	DQB1	four_field	complete	1	1	0	1	DQB1*06:04:01:01	DQB1*03:01:01:73
HG01786	EUR	IBS054	T1K-four-field	DRB1	two_field	complete	1	1	1	2	DRB1*13:02:01:09	DRB1*11:01:01:07
HG01786	EUR	IBS054	T1K-four-field	DRB1	four_field	complete	0	0	0	0	DRB1*13:02:01:09	DRB1*11:01:01:07
HG01786	EUR	IBS054	full:DogoHLA	A	two_field	complete	1	1	0	0	A*11:335:01	A*68:330
HG01786	EUR	IBS054	full:DogoHLA	A	four_field	complete	1	0	0	0	A*11:335:01	A*68:330
HG01786	EUR	IBS054	full:DogoHLA	B	two_field	complete	1	1	1	2	B*44:02:01:01	B*15:17:01:03
HG01786	EUR	IBS054	full:DogoHLA	B	four_field	complete	0	0	0	0	B*44:02:01:01	B*15:17:01:03
HG01786	EUR	IBS054	full:DogoHLA	C	two_field	complete	1	1	1	2	C*05:01:01:02	C*07:01:02:01
HG01786	EUR	IBS054	full:DogoHLA	C	four_field	complete	0	0	0	0	C*05:01:01:02	C*07:01:02:01
HG01786	EUR	IBS054	full:DogoHLA	DPA1	two_field	complete	1	1	1	2	DPA1*01:03:01:02	DPA1*01:03:01:02
HG01786	EUR	IBS054	full:DogoHLA	DPA1	four_field	complete	1	1	0	0	DPA1*01:03:01:02	DPA1*01:03:01:02
HG01786	EUR	IBS054	full:DogoHLA	DPB1	two_field	complete	1	1	1	2	DPB1*04:01:01:01	DPB1*04:01:01:01
HG01786	EUR	IBS054	full:DogoHLA	DPB1	four_field	complete	1	1	0	0	DPB1*04:01:01:01	DPB1*04:01:01:01
HG01786	EUR	IBS054	full:DogoHLA	DQA1	two_field	complete	1	1	1	2	DQA1*01:02:01:04	DQA1*05:05:17:03
HG01786	EUR	IBS054	full:DogoHLA	DQA1	four_field	complete	0	0	0	0	DQA1*01:02:01:04	DQA1*05:05:17:03
HG01786	EUR	IBS054	full:DogoHLA	DQB1	two_field	complete	1	1	1	2	DQB1*06:04:01:01	DQB1*03:01:01:03
HG01786	EUR	IBS054	full:DogoHLA	DQB1	four_field	complete	1	1	1	2	DQB1*06:04:01:01	DQB1*03:01:01:03
HG01786	EUR	IBS054	full:DogoHLA	DRB1	two_field	complete	1	1	1	2	DRB1*13:02:01:02	DRB1*11:01:02:01
HG01786	EUR	IBS054	full:DogoHLA	DRB1	four_field	complete	0	0	0	0	DRB1*13:02:01:02	DRB1*11:01:02:01
HG01786	EUR	IBS054	full:DogoHLA-no-graph	A	two_field	complete	1	1	0	0	A*11:335:01	A*68:330
HG01786	EUR	IBS054	full:DogoHLA-no-graph	A	four_field	complete	1	0	0	0	A*11:335:01	A*68:330
HG01786	EUR	IBS054	full:DogoHLA-no-graph	B	two_field	complete	1	1	1	2	B*44:02:01:01	B*15:17:01:03
HG01786	EUR	IBS054	full:DogoHLA-no-graph	B	four_field	complete	0	0	0	0	B*44:02:01:01	B*15:17:01:03
HG01786	EUR	IBS054	full:DogoHLA-no-graph	C	two_field	complete	1	1	1	2	C*05:01:01:02	C*07:01:02:01
HG01786	EUR	IBS054	full:DogoHLA-no-graph	C	four_field	complete	0	0	0	0	C*05:01:01:02	C*07:01:02:01
HG01786	EUR	IBS054	full:DogoHLA-no-graph	DPA1	two_field	complete	1	1	1	2	DPA1*01:03:01:02	DPA1*01:03:01:02
HG01786	EUR	IBS054	full:DogoHLA-no-graph	DPA1	four_field	complete	1	1	0	0	DPA1*01:03:01:02	DPA1*01:03:01:02
HG01786	EUR	IBS054	full:DogoHLA-no-graph	DPB1	two_field	complete	1	1	1	2	DPB1*04:01:01:01	DPB1*04:01:01:01
HG01786	EUR	IBS054	full:DogoHLA-no-graph	DPB1	four_field	complete	1	1	0	0	DPB1*04:01:01:01	DPB1*04:01:01:01
HG01786	EUR	IBS054	full:DogoHLA-no-graph	DQA1	two_field	complete	1	1	0	1	DQA1*01:02:01:04	DQA1*05:01:15
HG01786	EUR	IBS054	full:DogoHLA-no-graph	DQA1	four_field	complete	0	0	0	0	DQA1*01:02:01:04	DQA1*05:01:15
HG01786	EUR	IBS054	full:DogoHLA-no-graph	DQB1	two_field	complete	1	1	1	2	DQB1*06:04:01:01	DQB1*03:01:01:03
HG01786	EUR	IBS054	full:DogoHLA-no-graph	DQB1	four_field	complete	1	1	1	2	DQB1*06:04:01:01	DQB1*03:01:01:03
HG01786	EUR	IBS054	full:DogoHLA-no-graph	DRB1	two_field	complete	1	1	1	2	DRB1*13:02:01:02	DRB1*11:01:02:01
HG01786	EUR	IBS054	full:DogoHLA-no-graph	DRB1	four_field	complete	0	0	0	0	DRB1*13:02:01:02	DRB1*11:01:02:01
HG01786	EUR	IBS054	hprc:DogoHLA	A	two_field	complete	1	1	0	0	A*11:335:01	A*68:330
HG01786	EUR	IBS054	hprc:DogoHLA	A	four_field	complete	1	0	0	0	A*11:335:01	A*68:330
HG01786	EUR	IBS054	hprc:DogoHLA	B	two_field	complete	1	1	1	2	B*44:02:01:01	B*15:17:01:03
HG01786	EUR	IBS054	hprc:DogoHLA	B	four_field	complete	0	0	0	0	B*44:02:01:01	B*15:17:01:03
HG01786	EUR	IBS054	hprc:DogoHLA	C	two_field	complete	1	1	1	2	C*05:01:01:02	C*07:01:02:01
HG01786	EUR	IBS054	hprc:DogoHLA	C	four_field	complete	0	0	0	0	C*05:01:01:02	C*07:01:02:01
HG01786	EUR	IBS054	hprc:DogoHLA	DPA1	two_field	complete	1	1	1	2	DPA1*01:03:01:02	DPA1*01:03:01:02
HG01786	EUR	IBS054	hprc:DogoHLA	DPA1	four_field	complete	1	1	0	0	DPA1*01:03:01:02	DPA1*01:03:01:02
HG01786	EUR	IBS054	hprc:DogoHLA	DPB1	two_field	complete	1	1	1	2	DPB1*04:01:01:01	DPB1*04:01:01:01
HG01786	EUR	IBS054	hprc:DogoHLA	DPB1	four_field	complete	1	1	0	0	DPB1*04:01:01:01	DPB1*04:01:01:01
HG01786	EUR	IBS054	hprc:DogoHLA	DQA1	two_field	complete	1	1	1	2	DQA1*01:02:01:04	DQA1*05:05:17:03
HG01786	EUR	IBS054	hprc:DogoHLA	DQA1	four_field	complete	0	0	0	0	DQA1*01:02:01:04	DQA1*05:05:17:03
HG01786	EUR	IBS054	hprc:DogoHLA	DQB1	two_field	complete	1	1	1	2	DQB1*06:04:01:01	DQB1*03:01:01:03
HG01786	EUR	IBS054	hprc:DogoHLA	DQB1	four_field	complete	1	1	1	2	DQB1*06:04:01:01	DQB1*03:01:01:03
HG01786	EUR	IBS054	hprc:DogoHLA	DRB1	two_field	complete	1	1	1	2	DRB1*13:02:01:02	DRB1*11:01:02:01
HG01786	EUR	IBS054	hprc:DogoHLA	DRB1	four_field	complete	0	0	0	0	DRB1*13:02:01:02	DRB1*11:01:02:01
HG01786	EUR	IBS054	hprc:DogoHLA-no-graph	A	two_field	complete	1	1	0	0	A*11:335:01	A*68:330
HG01786	EUR	IBS054	hprc:DogoHLA-no-graph	A	four_field	complete	1	0	0	0	A*11:335:01	A*68:330
HG01786	EUR	IBS054	hprc:DogoHLA-no-graph	B	two_field	complete	1	1	1	2	B*44:02:01:01	B*15:17:01:03
HG01786	EUR	IBS054	hprc:DogoHLA-no-graph	B	four_field	complete	0	0	0	0	B*44:02:01:01	B*15:17:01:03
HG01786	EUR	IBS054	hprc:DogoHLA-no-graph	C	two_field	complete	1	1	1	2	C*05:01:01:02	C*07:01:02:01
HG01786	EUR	IBS054	hprc:DogoHLA-no-graph	C	four_field	complete	0	0	0	0	C*05:01:01:02	C*07:01:02:01
HG01786	EUR	IBS054	hprc:DogoHLA-no-graph	DPA1	two_field	complete	1	1	1	2	DPA1*01:03:01:02	DPA1*01:03:01:02
HG01786	EUR	IBS054	hprc:DogoHLA-no-graph	DPA1	four_field	complete	1	1	0	0	DPA1*01:03:01:02	DPA1*01:03:01:02
HG01786	EUR	IBS054	hprc:DogoHLA-no-graph	DPB1	two_field	complete	1	1	1	2	DPB1*04:01:01:01	DPB1*04:01:01:01
HG01786	EUR	IBS054	hprc:DogoHLA-no-graph	DPB1	four_field	complete	1	1	0	0	DPB1*04:01:01:01	DPB1*04:01:01:01
HG01786	EUR	IBS054	hprc:DogoHLA-no-graph	DQA1	two_field	complete	1	1	0	1	DQA1*01:02:01:04	DQA1*05:08:02
HG01786	EUR	IBS054	hprc:DogoHLA-no-graph	DQA1	four_field	complete	0	0	0	0	DQA1*01:02:01:04	DQA1*05:08:02
HG01786	EUR	IBS054	hprc:DogoHLA-no-graph	DQB1	two_field	complete	1	1	1	2	DQB1*06:04:01:01	DQB1*03:01:01:03
HG01786	EUR	IBS054	hprc:DogoHLA-no-graph	DQB1	four_field	complete	1	1	1	2	DQB1*06:04:01:01	DQB1*03:01:01:03
HG01786	EUR	IBS054	hprc:DogoHLA-no-graph	DRB1	two_field	complete	1	1	1	2	DRB1*13:02:01:02	DRB1*11:01:02:01
HG01786	EUR	IBS054	hprc:DogoHLA-no-graph	DRB1	four_field	complete	0	0	0	0	DRB1*13:02:01:02	DRB1*11:01:02:01
HG01786	EUR	IBS054	asian_matched:DogoHLA	A	two_field	complete	1	1	0	1	A*02:01:01:01	A*11:335:01
HG01786	EUR	IBS054	asian_matched:DogoHLA	A	four_field	complete	1	0	0	1	A*02:01:01:01	A*11:335:01
HG01786	EUR	IBS054	asian_matched:DogoHLA	B	two_field	complete	1	1	1	2	B*44:02:01:01	B*15:17:01:03
HG01786	EUR	IBS054	asian_matched:DogoHLA	B	four_field	complete	0	0	0	0	B*44:02:01:01	B*15:17:01:03
HG01786	EUR	IBS054	asian_matched:DogoHLA	C	two_field	complete	1	1	1	2	C*05:01:01:02	C*07:01:02:01
HG01786	EUR	IBS054	asian_matched:DogoHLA	C	four_field	complete	0	0	0	0	C*05:01:01:02	C*07:01:02:01
HG01786	EUR	IBS054	asian_matched:DogoHLA	DPA1	two_field	complete	1	1	1	2	DPA1*01:03:01:02	DPA1*01:03:01:02
HG01786	EUR	IBS054	asian_matched:DogoHLA	DPA1	four_field	complete	1	1	0	0	DPA1*01:03:01:02	DPA1*01:03:01:02
HG01786	EUR	IBS054	asian_matched:DogoHLA	DPB1	two_field	complete	1	1	1	2	DPB1*04:01:01:01	DPB1*04:01:01:01
HG01786	EUR	IBS054	asian_matched:DogoHLA	DPB1	four_field	complete	1	1	0	0	DPB1*04:01:01:01	DPB1*04:01:01:01
HG01786	EUR	IBS054	asian_matched:DogoHLA	DQA1	two_field	complete	1	1	1	2	DQA1*01:02:01:04	DQA1*05:05:17:03
HG01786	EUR	IBS054	asian_matched:DogoHLA	DQA1	four_field	complete	0	0	0	0	DQA1*01:02:01:04	DQA1*05:05:17:03
HG01786	EUR	IBS054	asian_matched:DogoHLA	DQB1	two_field	complete	1	1	1	2	DQB1*03:01:01:03	DQB1*06:04:01:01
HG01786	EUR	IBS054	asian_matched:DogoHLA	DQB1	four_field	complete	1	1	1	2	DQB1*03:01:01:03	DQB1*06:04:01:01
HG01786	EUR	IBS054	asian_matched:DogoHLA	DRB1	two_field	complete	1	1	1	2	DRB1*13:02:01:02	DRB1*11:01:02:01
HG01786	EUR	IBS054	asian_matched:DogoHLA	DRB1	four_field	complete	0	0	0	0	DRB1*13:02:01:02	DRB1*11:01:02:01
HG01786	EUR	IBS054	asian_matched:DogoHLA-no-graph	A	two_field	complete	1	1	0	1	A*02:01:01:01	A*11:335:01
HG01786	EUR	IBS054	asian_matched:DogoHLA-no-graph	A	four_field	complete	1	0	0	1	A*02:01:01:01	A*11:335:01
HG01786	EUR	IBS054	asian_matched:DogoHLA-no-graph	B	two_field	complete	1	1	1	2	B*44:02:01:01	B*15:17:01:03
HG01786	EUR	IBS054	asian_matched:DogoHLA-no-graph	B	four_field	complete	0	0	0	0	B*44:02:01:01	B*15:17:01:03
HG01786	EUR	IBS054	asian_matched:DogoHLA-no-graph	C	two_field	complete	1	1	1	2	C*05:01:01:02	C*07:01:02:01
HG01786	EUR	IBS054	asian_matched:DogoHLA-no-graph	C	four_field	complete	0	0	0	0	C*05:01:01:02	C*07:01:02:01
HG01786	EUR	IBS054	asian_matched:DogoHLA-no-graph	DPA1	two_field	complete	1	1	1	2	DPA1*01:03:01:02	DPA1*01:03:01:02
HG01786	EUR	IBS054	asian_matched:DogoHLA-no-graph	DPA1	four_field	complete	1	1	0	0	DPA1*01:03:01:02	DPA1*01:03:01:02
HG01786	EUR	IBS054	asian_matched:DogoHLA-no-graph	DPB1	two_field	complete	1	1	1	2	DPB1*04:01:01:01	DPB1*04:01:01:01
HG01786	EUR	IBS054	asian_matched:DogoHLA-no-graph	DPB1	four_field	complete	1	1	0	0	DPB1*04:01:01:01	DPB1*04:01:01:01
HG01786	EUR	IBS054	asian_matched:DogoHLA-no-graph	DQA1	two_field	complete	1	1	0	1	DQA1*01:02:01:04	DQA1*05:01:15
HG01786	EUR	IBS054	asian_matched:DogoHLA-no-graph	DQA1	four_field	complete	0	0	0	0	DQA1*01:02:01:04	DQA1*05:01:15
HG01786	EUR	IBS054	asian_matched:DogoHLA-no-graph	DQB1	two_field	complete	1	1	1	2	DQB1*03:01:01:03	DQB1*06:04:01:01
HG01786	EUR	IBS054	asian_matched:DogoHLA-no-graph	DQB1	four_field	complete	1	1	1	2	DQB1*03:01:01:03	DQB1*06:04:01:01
HG01786	EUR	IBS054	asian_matched:DogoHLA-no-graph	DRB1	two_field	complete	1	1	1	2	DRB1*13:02:01:02	DRB1*11:01:02:01
HG01786	EUR	IBS054	asian_matched:DogoHLA-no-graph	DRB1	four_field	complete	0	0	0	0	DRB1*13:02:01:02	DRB1*11:01:02:01
NA20503	EUR	NA20503	SpecHLA-IPD365-noFreq	A	two_field	complete	1	1	0	0	A*68:330	A*01:200
NA20503	EUR	NA20503	SpecHLA-IPD365-noFreq	A	four_field	complete	1	0	0	0	A*68:330	A*01:200
NA20503	EUR	NA20503	SpecHLA-IPD365-noFreq	B	two_field	complete	1	1	1	2	B*35:01:01:05	B*35:01:01:05
NA20503	EUR	NA20503	SpecHLA-IPD365-noFreq	B	four_field	complete	1	1	1	2	B*35:01:01:05	B*35:01:01:05
NA20503	EUR	NA20503	SpecHLA-IPD365-noFreq	C	two_field	complete	1	1	1	2	C*04:01:01:01	C*04:01:01:06
NA20503	EUR	NA20503	SpecHLA-IPD365-noFreq	C	four_field	complete	0	0	0	0	C*04:01:01:01	C*04:01:01:06
NA20503	EUR	NA20503	SpecHLA-IPD365-noFreq	DPA1	two_field	complete	1	1	1	2	DPA1*01:03:01:02	DPA1*01:03:01:02
NA20503	EUR	NA20503	SpecHLA-IPD365-noFreq	DPA1	four_field	complete	1	1	0	1	DPA1*01:03:01:02	DPA1*01:03:01:02
NA20503	EUR	NA20503	SpecHLA-IPD365-noFreq	DPB1	two_field	complete	1	1	1	2	DPB1*04:01:01:01	DPB1*04:02:01:01
NA20503	EUR	NA20503	SpecHLA-IPD365-noFreq	DPB1	four_field	complete	1	1	0	1	DPB1*04:01:01:01	DPB1*04:02:01:01
NA20503	EUR	NA20503	SpecHLA-IPD365-noFreq	DQA1	two_field	complete	1	1	1	2	DQA1*01:01:01:01	DQA1*05:05:01:35
NA20503	EUR	NA20503	SpecHLA-IPD365-noFreq	DQA1	four_field	complete	1	1	0	1	DQA1*01:01:01:01	DQA1*05:05:01:35
NA20503	EUR	NA20503	SpecHLA-IPD365-noFreq	DQB1	two_field	complete	1	1	1	2	DQB1*05:01:01:01	DQB1*03:01:01:03
NA20503	EUR	NA20503	SpecHLA-IPD365-noFreq	DQB1	four_field	complete	1	1	0	1	DQB1*05:01:01:01	DQB1*03:01:01:03
NA20503	EUR	NA20503	SpecHLA-IPD365-noFreq	DRB1	two_field	complete	1	1	0	1	DRB1*11:03:01:01	DRB1*01:01:01:01
NA20503	EUR	NA20503	SpecHLA-IPD365-noFreq	DRB1	four_field	complete	0	0	0	0	DRB1*11:03:01:01	DRB1*01:01:01:01
NA20503	EUR	NA20503	SpecHLA-IPD365-long-noFreq	A	two_field	complete	1	1	0	0	A*68:330	A*01:200
NA20503	EUR	NA20503	SpecHLA-IPD365-long-noFreq	A	four_field	complete	1	0	0	0	A*68:330	A*01:200
NA20503	EUR	NA20503	SpecHLA-IPD365-long-noFreq	B	two_field	complete	1	1	1	2	B*35:01:01:05	B*35:01:01:05
NA20503	EUR	NA20503	SpecHLA-IPD365-long-noFreq	B	four_field	complete	1	1	1	2	B*35:01:01:05	B*35:01:01:05
NA20503	EUR	NA20503	SpecHLA-IPD365-long-noFreq	C	two_field	complete	1	1	1	2	C*04:01:01:01	C*04:01:01:06
NA20503	EUR	NA20503	SpecHLA-IPD365-long-noFreq	C	four_field	complete	0	0	0	0	C*04:01:01:01	C*04:01:01:06
NA20503	EUR	NA20503	SpecHLA-IPD365-long-noFreq	DPA1	two_field	complete	1	1	1	2	DPA1*01:03:01:02	DPA1*01:03:01:02
NA20503	EUR	NA20503	SpecHLA-IPD365-long-noFreq	DPA1	four_field	complete	1	1	0	1	DPA1*01:03:01:02	DPA1*01:03:01:02
NA20503	EUR	NA20503	SpecHLA-IPD365-long-noFreq	DPB1	two_field	complete	1	1	1	2	DPB1*04:02:01:01	DPB1*04:01:01:01
NA20503	EUR	NA20503	SpecHLA-IPD365-long-noFreq	DPB1	four_field	complete	1	1	0	1	DPB1*04:02:01:01	DPB1*04:01:01:01
NA20503	EUR	NA20503	SpecHLA-IPD365-long-noFreq	DQA1	two_field	complete	1	1	1	2	DQA1*01:01:01:01	DQA1*05:05:01:35
NA20503	EUR	NA20503	SpecHLA-IPD365-long-noFreq	DQA1	four_field	complete	1	1	0	1	DQA1*01:01:01:01	DQA1*05:05:01:35
NA20503	EUR	NA20503	SpecHLA-IPD365-long-noFreq	DQB1	two_field	complete	1	1	1	2	DQB1*05:01:01:01	DQB1*03:01:01:03
NA20503	EUR	NA20503	SpecHLA-IPD365-long-noFreq	DQB1	four_field	complete	1	1	0	1	DQB1*05:01:01:01	DQB1*03:01:01:03
NA20503	EUR	NA20503	SpecHLA-IPD365-long-noFreq	DRB1	two_field	complete	1	1	0	1	DRB1*11:03:01:01	DRB1*01:01:01:01
NA20503	EUR	NA20503	SpecHLA-IPD365-long-noFreq	DRB1	four_field	complete	0	0	0	0	DRB1*11:03:01:01	DRB1*01:01:01:01
NA20503	EUR	NA20503	T1K-four-field	A	two_field	complete	1	1	1	2	A*01:01:01:01	A*02:01:01:01
NA20503	EUR	NA20503	T1K-four-field	A	four_field	complete	1	1	1	2	A*01:01:01:01	A*02:01:01:01
NA20503	EUR	NA20503	T1K-four-field	B	two_field	complete	1	1	1	2	B*35:01:01:01	B*35:01:01:01
NA20503	EUR	NA20503	T1K-four-field	B	four_field	complete	1	1	0	0	B*35:01:01:01	B*35:01:01:01
NA20503	EUR	NA20503	T1K-four-field	C	two_field	complete	1	1	1	2	C*04:01:01:06	C*04:01:01:145
NA20503	EUR	NA20503	T1K-four-field	C	four_field	complete	0	0	0	0	C*04:01:01:06	C*04:01:01:145
NA20503	EUR	NA20503	T1K-four-field	DPA1	two_field	complete	1	1	1	2	DPA1*01:03:01:02	DPA1*01:03:01:05
NA20503	EUR	NA20503	T1K-four-field	DPA1	four_field	complete	1	1	0	1	DPA1*01:03:01:02	DPA1*01:03:01:05
NA20503	EUR	NA20503	T1K-four-field	DPB1	two_field	complete	1	1	1	2	DPB1*04:01:01:01	DPB1*04:02:01:01
NA20503	EUR	NA20503	T1K-four-field	DPB1	four_field	complete	1	1	0	1	DPB1*04:01:01:01	DPB1*04:02:01:01
NA20503	EUR	NA20503	T1K-four-field	DQA1	two_field	complete	1	1	1	2	DQA1*01:01:01:01	DQA1*05:05:01:19,HLA-DQA1*05:05:01:53
NA20503	EUR	NA20503	T1K-four-field	DQA1	four_field	complete	1	1	0	1	DQA1*01:01:01:01	DQA1*05:05:01:19,HLA-DQA1*05:05:01:53
NA20503	EUR	NA20503	T1K-four-field	DQB1	two_field	complete	1	1	1	2	DQB1*05:01:01:01	DQB1*03:01:01:73
NA20503	EUR	NA20503	T1K-four-field	DQB1	four_field	complete	1	1	0	0	DQB1*05:01:01:01	DQB1*03:01:01:73
NA20503	EUR	NA20503	T1K-four-field	DRB1	two_field	complete	1	1	1	2	DRB1*01:01:01:01	DRB1*11:04:01:01
NA20503	EUR	NA20503	T1K-four-field	DRB1	four_field	complete	0	0	0	0	DRB1*01:01:01:01	DRB1*11:04:01:01
NA20503	EUR	NA20503	full:DogoHLA	A	two_field	complete	1	1	0	0	A*01:200	A*68:330
NA20503	EUR	NA20503	full:DogoHLA	A	four_field	complete	1	0	0	0	A*01:200	A*68:330
NA20503	EUR	NA20503	full:DogoHLA	B	two_field	complete	1	1	1	2	B*35:01:01:05	B*35:01:01:05
NA20503	EUR	NA20503	full:DogoHLA	B	four_field	complete	1	1	1	2	B*35:01:01:05	B*35:01:01:05
NA20503	EUR	NA20503	full:DogoHLA	C	two_field	complete	1	1	1	2	C*04:01:01:01	C*04:01:01:06
NA20503	EUR	NA20503	full:DogoHLA	C	four_field	complete	0	0	0	0	C*04:01:01:01	C*04:01:01:06
NA20503	EUR	NA20503	full:DogoHLA	DPA1	two_field	complete	1	1	1	2	DPA1*01:03:01:02	DPA1*01:03:01:02
NA20503	EUR	NA20503	full:DogoHLA	DPA1	four_field	complete	1	1	0	1	DPA1*01:03:01:02	DPA1*01:03:01:02
NA20503	EUR	NA20503	full:DogoHLA	DPB1	two_field	complete	1	1	0	0	DPB1*105:01:01:01	DPB1*126:01:01:01
NA20503	EUR	NA20503	full:DogoHLA	DPB1	four_field	complete	1	1	0	0	DPB1*105:01:01:01	DPB1*126:01:01:01
NA20503	EUR	NA20503	full:DogoHLA	DQA1	two_field	complete	1	1	1	2	DQA1*05:05:01:35	DQA1*01:01:01:01
NA20503	EUR	NA20503	full:DogoHLA	DQA1	four_field	complete	1	1	0	1	DQA1*05:05:01:35	DQA1*01:01:01:01
NA20503	EUR	NA20503	full:DogoHLA	DQB1	two_field	complete	1	1	1	2	DQB1*05:01:01:01	DQB1*03:01:01:03
NA20503	EUR	NA20503	full:DogoHLA	DQB1	four_field	complete	1	1	0	1	DQB1*05:01:01:01	DQB1*03:01:01:03
NA20503	EUR	NA20503	full:DogoHLA	DRB1	two_field	complete	1	1	0	1	DRB1*12:17	DRB1*01:01:01:04
NA20503	EUR	NA20503	full:DogoHLA	DRB1	four_field	complete	0	0	0	0	DRB1*12:17	DRB1*01:01:01:04
NA20503	EUR	NA20503	full:DogoHLA-no-graph	A	two_field	complete	1	1	0	0	A*01:200	A*68:330
NA20503	EUR	NA20503	full:DogoHLA-no-graph	A	four_field	complete	1	0	0	0	A*01:200	A*68:330
NA20503	EUR	NA20503	full:DogoHLA-no-graph	B	two_field	complete	1	1	1	2	B*35:01:01:05	B*35:01:01:05
NA20503	EUR	NA20503	full:DogoHLA-no-graph	B	four_field	complete	1	1	1	2	B*35:01:01:05	B*35:01:01:05
NA20503	EUR	NA20503	full:DogoHLA-no-graph	C	two_field	complete	1	1	1	2	C*04:01:01:01	C*04:01:01:06
NA20503	EUR	NA20503	full:DogoHLA-no-graph	C	four_field	complete	0	0	0	0	C*04:01:01:01	C*04:01:01:06
NA20503	EUR	NA20503	full:DogoHLA-no-graph	DPA1	two_field	complete	1	1	1	2	DPA1*01:03:01:02	DPA1*01:03:01:02
NA20503	EUR	NA20503	full:DogoHLA-no-graph	DPA1	four_field	complete	1	1	0	1	DPA1*01:03:01:02	DPA1*01:03:01:02
NA20503	EUR	NA20503	full:DogoHLA-no-graph	DPB1	two_field	complete	1	1	0	0	DPB1*105:01:01:01	DPB1*126:01:01:01
NA20503	EUR	NA20503	full:DogoHLA-no-graph	DPB1	four_field	complete	1	1	0	0	DPB1*105:01:01:01	DPB1*126:01:01:01
NA20503	EUR	NA20503	full:DogoHLA-no-graph	DQA1	two_field	complete	1	1	1	2	DQA1*05:05:01:35	DQA1*01:01:01:01
NA20503	EUR	NA20503	full:DogoHLA-no-graph	DQA1	four_field	complete	1	1	0	1	DQA1*05:05:01:35	DQA1*01:01:01:01
NA20503	EUR	NA20503	full:DogoHLA-no-graph	DQB1	two_field	complete	1	1	1	2	DQB1*05:01:01:01	DQB1*03:01:01:03
NA20503	EUR	NA20503	full:DogoHLA-no-graph	DQB1	four_field	complete	1	1	0	1	DQB1*05:01:01:01	DQB1*03:01:01:03
NA20503	EUR	NA20503	full:DogoHLA-no-graph	DRB1	two_field	complete	1	1	0	1	DRB1*12:17	DRB1*01:01:01:04
NA20503	EUR	NA20503	full:DogoHLA-no-graph	DRB1	four_field	complete	0	0	0	0	DRB1*12:17	DRB1*01:01:01:04
NA20503	EUR	NA20503	hprc:DogoHLA	A	two_field	complete	1	1	0	0	A*01:200	A*68:330
NA20503	EUR	NA20503	hprc:DogoHLA	A	four_field	complete	1	0	0	0	A*01:200	A*68:330
NA20503	EUR	NA20503	hprc:DogoHLA	B	two_field	complete	1	1	1	2	B*35:01:01:05	B*35:01:01:05
NA20503	EUR	NA20503	hprc:DogoHLA	B	four_field	complete	1	1	1	2	B*35:01:01:05	B*35:01:01:05
NA20503	EUR	NA20503	hprc:DogoHLA	C	two_field	complete	1	1	1	2	C*04:01:01:01	C*04:01:01:06
NA20503	EUR	NA20503	hprc:DogoHLA	C	four_field	complete	0	0	0	0	C*04:01:01:01	C*04:01:01:06
NA20503	EUR	NA20503	hprc:DogoHLA	DPA1	two_field	complete	1	1	1	2	DPA1*01:03:01:02	DPA1*01:03:01:02
NA20503	EUR	NA20503	hprc:DogoHLA	DPA1	four_field	complete	1	1	0	1	DPA1*01:03:01:02	DPA1*01:03:01:02
NA20503	EUR	NA20503	hprc:DogoHLA	DPB1	two_field	complete	1	1	0	0	DPB1*105:01:01:01	DPB1*126:01:01:01
NA20503	EUR	NA20503	hprc:DogoHLA	DPB1	four_field	complete	1	1	0	0	DPB1*105:01:01:01	DPB1*126:01:01:01
NA20503	EUR	NA20503	hprc:DogoHLA	DQA1	two_field	complete	1	1	1	2	DQA1*05:05:01:35	DQA1*01:01:01:01
NA20503	EUR	NA20503	hprc:DogoHLA	DQA1	four_field	complete	1	1	0	1	DQA1*05:05:01:35	DQA1*01:01:01:01
NA20503	EUR	NA20503	hprc:DogoHLA	DQB1	two_field	complete	1	1	1	2	DQB1*05:01:01:01	DQB1*03:01:01:03
NA20503	EUR	NA20503	hprc:DogoHLA	DQB1	four_field	complete	1	1	0	1	DQB1*05:01:01:01	DQB1*03:01:01:03
NA20503	EUR	NA20503	hprc:DogoHLA	DRB1	two_field	complete	1	1	0	1	DRB1*12:17	DRB1*01:01:01:04
NA20503	EUR	NA20503	hprc:DogoHLA	DRB1	four_field	complete	0	0	0	0	DRB1*12:17	DRB1*01:01:01:04
NA20503	EUR	NA20503	hprc:DogoHLA-no-graph	A	two_field	complete	1	1	0	0	A*01:200	A*68:330
NA20503	EUR	NA20503	hprc:DogoHLA-no-graph	A	four_field	complete	1	0	0	0	A*01:200	A*68:330
NA20503	EUR	NA20503	hprc:DogoHLA-no-graph	B	two_field	complete	1	1	1	2	B*35:01:01:05	B*35:01:01:05
NA20503	EUR	NA20503	hprc:DogoHLA-no-graph	B	four_field	complete	1	1	1	2	B*35:01:01:05	B*35:01:01:05
NA20503	EUR	NA20503	hprc:DogoHLA-no-graph	C	two_field	complete	1	1	1	2	C*04:01:01:01	C*04:01:01:06
NA20503	EUR	NA20503	hprc:DogoHLA-no-graph	C	four_field	complete	0	0	0	0	C*04:01:01:01	C*04:01:01:06
NA20503	EUR	NA20503	hprc:DogoHLA-no-graph	DPA1	two_field	complete	1	1	1	2	DPA1*01:03:01:02	DPA1*01:03:01:02
NA20503	EUR	NA20503	hprc:DogoHLA-no-graph	DPA1	four_field	complete	1	1	0	1	DPA1*01:03:01:02	DPA1*01:03:01:02
NA20503	EUR	NA20503	hprc:DogoHLA-no-graph	DPB1	two_field	complete	1	1	0	0	DPB1*105:01:01:01	DPB1*126:01:01:01
NA20503	EUR	NA20503	hprc:DogoHLA-no-graph	DPB1	four_field	complete	1	1	0	0	DPB1*105:01:01:01	DPB1*126:01:01:01
NA20503	EUR	NA20503	hprc:DogoHLA-no-graph	DQA1	two_field	complete	1	1	1	2	DQA1*05:05:01:35	DQA1*01:01:01:01
NA20503	EUR	NA20503	hprc:DogoHLA-no-graph	DQA1	four_field	complete	1	1	0	1	DQA1*05:05:01:35	DQA1*01:01:01:01
NA20503	EUR	NA20503	hprc:DogoHLA-no-graph	DQB1	two_field	complete	1	1	1	2	DQB1*05:01:01:01	DQB1*03:01:01:03
NA20503	EUR	NA20503	hprc:DogoHLA-no-graph	DQB1	four_field	complete	1	1	0	1	DQB1*05:01:01:01	DQB1*03:01:01:03
NA20503	EUR	NA20503	hprc:DogoHLA-no-graph	DRB1	two_field	complete	1	1	0	1	DRB1*12:17	DRB1*01:01:01:04
NA20503	EUR	NA20503	hprc:DogoHLA-no-graph	DRB1	four_field	complete	0	0	0	0	DRB1*12:17	DRB1*01:01:01:04
NA20503	EUR	NA20503	asian_matched:DogoHLA	A	two_field	complete	1	1	0	0	A*01:200	A*68:330
NA20503	EUR	NA20503	asian_matched:DogoHLA	A	four_field	complete	1	0	0	0	A*01:200	A*68:330
NA20503	EUR	NA20503	asian_matched:DogoHLA	B	two_field	complete	1	1	1	2	B*35:01:01:05	B*35:01:01:05
NA20503	EUR	NA20503	asian_matched:DogoHLA	B	four_field	complete	1	1	1	2	B*35:01:01:05	B*35:01:01:05
NA20503	EUR	NA20503	asian_matched:DogoHLA	C	two_field	complete	1	1	1	2	C*04:01:01:01	C*04:01:01:06
NA20503	EUR	NA20503	asian_matched:DogoHLA	C	four_field	complete	0	0	0	0	C*04:01:01:01	C*04:01:01:06
NA20503	EUR	NA20503	asian_matched:DogoHLA	DPA1	two_field	complete	1	1	1	2	DPA1*01:03:01:02	DPA1*01:03:01:02
NA20503	EUR	NA20503	asian_matched:DogoHLA	DPA1	four_field	complete	1	1	0	1	DPA1*01:03:01:02	DPA1*01:03:01:02
NA20503	EUR	NA20503	asian_matched:DogoHLA	DPB1	two_field	complete	1	1	0	0	DPB1*105:01:01:01	DPB1*126:01:01:01
NA20503	EUR	NA20503	asian_matched:DogoHLA	DPB1	four_field	complete	1	1	0	0	DPB1*105:01:01:01	DPB1*126:01:01:01
NA20503	EUR	NA20503	asian_matched:DogoHLA	DQA1	two_field	complete	1	1	1	2	DQA1*05:05:01:35	DQA1*01:01:01:01
NA20503	EUR	NA20503	asian_matched:DogoHLA	DQA1	four_field	complete	1	1	0	1	DQA1*05:05:01:35	DQA1*01:01:01:01
NA20503	EUR	NA20503	asian_matched:DogoHLA	DQB1	two_field	complete	1	1	1	2	DQB1*05:01:01:01	DQB1*03:01:01:03
NA20503	EUR	NA20503	asian_matched:DogoHLA	DQB1	four_field	complete	1	1	0	1	DQB1*05:01:01:01	DQB1*03:01:01:03
NA20503	EUR	NA20503	asian_matched:DogoHLA	DRB1	two_field	complete	1	1	0	1	DRB1*01:01:01:09	DRB1*11:03:01:02
NA20503	EUR	NA20503	asian_matched:DogoHLA	DRB1	four_field	complete	0	0	0	0	DRB1*01:01:01:09	DRB1*11:03:01:02
NA20503	EUR	NA20503	asian_matched:DogoHLA-no-graph	A	two_field	complete	1	1	0	0	A*01:200	A*68:330
NA20503	EUR	NA20503	asian_matched:DogoHLA-no-graph	A	four_field	complete	1	0	0	0	A*01:200	A*68:330
NA20503	EUR	NA20503	asian_matched:DogoHLA-no-graph	B	two_field	complete	1	1	1	2	B*35:01:01:05	B*35:01:01:05
NA20503	EUR	NA20503	asian_matched:DogoHLA-no-graph	B	four_field	complete	1	1	1	2	B*35:01:01:05	B*35:01:01:05
NA20503	EUR	NA20503	asian_matched:DogoHLA-no-graph	C	two_field	complete	1	1	1	2	C*04:01:01:01	C*04:01:01:06
NA20503	EUR	NA20503	asian_matched:DogoHLA-no-graph	C	four_field	complete	0	0	0	0	C*04:01:01:01	C*04:01:01:06
NA20503	EUR	NA20503	asian_matched:DogoHLA-no-graph	DPA1	two_field	complete	1	1	1	2	DPA1*01:03:01:02	DPA1*01:03:01:02
NA20503	EUR	NA20503	asian_matched:DogoHLA-no-graph	DPA1	four_field	complete	1	1	0	1	DPA1*01:03:01:02	DPA1*01:03:01:02
NA20503	EUR	NA20503	asian_matched:DogoHLA-no-graph	DPB1	two_field	complete	1	1	0	0	DPB1*105:01:01:01	DPB1*126:01:01:01
NA20503	EUR	NA20503	asian_matched:DogoHLA-no-graph	DPB1	four_field	complete	1	1	0	0	DPB1*105:01:01:01	DPB1*126:01:01:01
NA20503	EUR	NA20503	asian_matched:DogoHLA-no-graph	DQA1	two_field	complete	1	1	1	2	DQA1*05:05:01:35	DQA1*01:01:01:01
NA20503	EUR	NA20503	asian_matched:DogoHLA-no-graph	DQA1	four_field	complete	1	1	0	1	DQA1*05:05:01:35	DQA1*01:01:01:01
NA20503	EUR	NA20503	asian_matched:DogoHLA-no-graph	DQB1	two_field	complete	1	1	1	2	DQB1*05:01:01:01	DQB1*03:01:01:03
NA20503	EUR	NA20503	asian_matched:DogoHLA-no-graph	DQB1	four_field	complete	1	1	0	1	DQB1*05:01:01:01	DQB1*03:01:01:03
NA20503	EUR	NA20503	asian_matched:DogoHLA-no-graph	DRB1	two_field	complete	1	1	0	1	DRB1*01:01:01:09	DRB1*11:03:01:02
NA20503	EUR	NA20503	asian_matched:DogoHLA-no-graph	DRB1	four_field	complete	0	0	0	0	DRB1*01:01:01:09	DRB1*11:03:01:02
HG00344	EUR	HG00344	SpecHLA-IPD365-noFreq	A	two_field	complete	1	1	0	0	A*02:101:01	A*11:335:01
HG00344	EUR	HG00344	SpecHLA-IPD365-noFreq	A	four_field	complete	1	0	0	0	A*02:101:01	A*11:335:01
HG00344	EUR	HG00344	SpecHLA-IPD365-noFreq	B	two_field	complete	1	1	1	2	B*07:02:01:72	B*07:02:01:72
HG00344	EUR	HG00344	SpecHLA-IPD365-noFreq	B	four_field	complete	1	1	0	0	B*07:02:01:72	B*07:02:01:72
HG00344	EUR	HG00344	SpecHLA-IPD365-noFreq	C	two_field	complete	1	1	1	2	C*07:02:01:03	C*07:02:01:03
HG00344	EUR	HG00344	SpecHLA-IPD365-noFreq	C	four_field	complete	1	1	0	1	C*07:02:01:03	C*07:02:01:03
HG00344	EUR	HG00344	SpecHLA-IPD365-noFreq	DPA1	two_field	complete	1	1	1	2	DPA1*01:03:01:02	DPA1*02:06:01:01
HG00344	EUR	HG00344	SpecHLA-IPD365-noFreq	DPA1	four_field	complete	0	0	0	0	DPA1*01:03:01:02	DPA1*02:06:01:01
HG00344	EUR	HG00344	SpecHLA-IPD365-noFreq	DPB1	two_field	complete	1	1	0	0	DPB1*535:01	DPB1*702:01:01:01
HG00344	EUR	HG00344	SpecHLA-IPD365-noFreq	DPB1	four_field	complete	1	0	0	0	DPB1*535:01	DPB1*702:01:01:01
HG00344	EUR	HG00344	SpecHLA-IPD365-noFreq	DQA1	two_field	complete	1	1	1	2	DQA1*01:02:01:01	DQA1*01:02:01:01
HG00344	EUR	HG00344	SpecHLA-IPD365-noFreq	DQA1	four_field	complete	1	1	1	2	DQA1*01:02:01:01	DQA1*01:02:01:01
HG00344	EUR	HG00344	SpecHLA-IPD365-noFreq	DQB1	two_field	complete	1	1	1	2	DQB1*06:02:01:01	DQB1*06:02:01:01
HG00344	EUR	HG00344	SpecHLA-IPD365-noFreq	DQB1	four_field	complete	1	1	1	2	DQB1*06:02:01:01	DQB1*06:02:01:01
HG00344	EUR	HG00344	SpecHLA-IPD365-noFreq	DRB1	two_field	complete	1	1	1	2	DRB1*15:01:01:25	DRB1*15:01:01:25
HG00344	EUR	HG00344	SpecHLA-IPD365-noFreq	DRB1	four_field	complete	0	0	0	0	DRB1*15:01:01:25	DRB1*15:01:01:25
HG00344	EUR	HG00344	SpecHLA-IPD365-long-noFreq	A	two_field	complete	1	1	0	0	A*02:101:01	A*11:335:01
HG00344	EUR	HG00344	SpecHLA-IPD365-long-noFreq	A	four_field	complete	1	0	0	0	A*02:101:01	A*11:335:01
HG00344	EUR	HG00344	SpecHLA-IPD365-long-noFreq	B	two_field	complete	1	1	1	2	B*07:02:01:72	B*07:02:01:72
HG00344	EUR	HG00344	SpecHLA-IPD365-long-noFreq	B	four_field	complete	1	1	0	0	B*07:02:01:72	B*07:02:01:72
HG00344	EUR	HG00344	SpecHLA-IPD365-long-noFreq	C	two_field	complete	1	1	1	2	C*07:02:01:03	C*07:02:01:03
HG00344	EUR	HG00344	SpecHLA-IPD365-long-noFreq	C	four_field	complete	1	1	0	1	C*07:02:01:03	C*07:02:01:03
HG00344	EUR	HG00344	SpecHLA-IPD365-long-noFreq	DPA1	two_field	complete	1	1	1	2	DPA1*01:03:01:02	DPA1*02:06:01:01
HG00344	EUR	HG00344	SpecHLA-IPD365-long-noFreq	DPA1	four_field	complete	0	0	0	0	DPA1*01:03:01:02	DPA1*02:06:01:01
HG00344	EUR	HG00344	SpecHLA-IPD365-long-noFreq	DPB1	two_field	complete	1	1	0	0	DPB1*535:01	DPB1*702:01:01:01
HG00344	EUR	HG00344	SpecHLA-IPD365-long-noFreq	DPB1	four_field	complete	1	0	0	0	DPB1*535:01	DPB1*702:01:01:01
HG00344	EUR	HG00344	SpecHLA-IPD365-long-noFreq	DQA1	two_field	complete	1	1	1	2	DQA1*01:02:01:01	DQA1*01:02:01:01
HG00344	EUR	HG00344	SpecHLA-IPD365-long-noFreq	DQA1	four_field	complete	1	1	1	2	DQA1*01:02:01:01	DQA1*01:02:01:01
HG00344	EUR	HG00344	SpecHLA-IPD365-long-noFreq	DQB1	two_field	complete	1	1	1	2	DQB1*06:02:01:01	DQB1*06:02:01:01
HG00344	EUR	HG00344	SpecHLA-IPD365-long-noFreq	DQB1	four_field	complete	1	1	1	2	DQB1*06:02:01:01	DQB1*06:02:01:01
HG00344	EUR	HG00344	SpecHLA-IPD365-long-noFreq	DRB1	two_field	complete	1	1	1	2	DRB1*15:01:01:25	DRB1*15:01:01:25
HG00344	EUR	HG00344	SpecHLA-IPD365-long-noFreq	DRB1	four_field	complete	0	0	0	0	DRB1*15:01:01:25	DRB1*15:01:01:25
HG00344	EUR	HG00344	T1K-four-field	A	two_field	complete	1	1	1	2	A*02:01:01:01	A*03:01:01:01
HG00344	EUR	HG00344	T1K-four-field	A	four_field	complete	1	1	1	2	A*02:01:01:01	A*03:01:01:01
HG00344	EUR	HG00344	T1K-four-field	B	two_field	complete	1	1	1	2	B*07:02:01:01	B*07:02:01:01
HG00344	EUR	HG00344	T1K-four-field	B	four_field	complete	1	1	1	2	B*07:02:01:01	B*07:02:01:01
HG00344	EUR	HG00344	T1K-four-field	C	two_field	complete	1	1	1	2	C*07:02:01:03	C*07:02:01:03
HG00344	EUR	HG00344	T1K-four-field	C	four_field	complete	1	1	0	1	C*07:02:01:03	C*07:02:01:03
HG00344	EUR	HG00344	T1K-four-field	DPA1	two_field	complete	1	1	1	2	DPA1*02:06:01:01	DPA1*01:03:01:02
HG00344	EUR	HG00344	T1K-four-field	DPA1	four_field	complete	0	0	0	0	DPA1*02:06:01:01	DPA1*01:03:01:02
HG00344	EUR	HG00344	T1K-four-field	DPB1	two_field	complete	1	1	1	2	DPB1*04:01:01:03	DPB1*05:01:01:01
HG00344	EUR	HG00344	T1K-four-field	DPB1	four_field	complete	1	1	1	2	DPB1*04:01:01:03	DPB1*05:01:01:01
HG00344	EUR	HG00344	T1K-four-field	DQA1	two_field	complete	1	1	1	2	DQA1*01:02:01:01	DQA1*01:02:01:01
HG00344	EUR	HG00344	T1K-four-field	DQA1	four_field	complete	1	1	1	2	DQA1*01:02:01:01	DQA1*01:02:01:01
HG00344	EUR	HG00344	T1K-four-field	DQB1	two_field	complete	1	1	1	2	DQB1*06:02:01:01	DQB1*06:02:01:01
HG00344	EUR	HG00344	T1K-four-field	DQB1	four_field	complete	1	1	1	2	DQB1*06:02:01:01	DQB1*06:02:01:01
HG00344	EUR	HG00344	T1K-four-field	DRB1	two_field	complete	1	1	1	2	DRB1*15:01:01:03	DRB1*15:01:01:03
HG00344	EUR	HG00344	T1K-four-field	DRB1	four_field	complete	0	0	0	0	DRB1*15:01:01:03	DRB1*15:01:01:03
HG00344	EUR	HG00344	full:DogoHLA	A	two_field	complete	1	1	0	0	A*11:335:01	A*02:101:01
HG00344	EUR	HG00344	full:DogoHLA	A	four_field	complete	1	0	0	0	A*11:335:01	A*02:101:01
HG00344	EUR	HG00344	full:DogoHLA	B	two_field	complete	1	1	1	2	B*07:02:01:72	B*07:02:01:72
HG00344	EUR	HG00344	full:DogoHLA	B	four_field	complete	1	1	0	0	B*07:02:01:72	B*07:02:01:72
HG00344	EUR	HG00344	full:DogoHLA	C	two_field	complete	1	1	1	2	C*07:02:01:03	C*07:02:01:03
HG00344	EUR	HG00344	full:DogoHLA	C	four_field	complete	1	1	0	1	C*07:02:01:03	C*07:02:01:03
HG00344	EUR	HG00344	full:DogoHLA	DPA1	two_field	complete	1	1	1	2	DPA1*01:03:01:02	DPA1*02:06:01:01
HG00344	EUR	HG00344	full:DogoHLA	DPA1	four_field	complete	0	0	0	0	DPA1*01:03:01:02	DPA1*02:06:01:01
HG00344	EUR	HG00344	full:DogoHLA	DPB1	two_field	complete	1	1	1	2	DPB1*05:01:01:01	DPB1*04:01:01:03
HG00344	EUR	HG00344	full:DogoHLA	DPB1	four_field	complete	1	1	1	2	DPB1*05:01:01:01	DPB1*04:01:01:03
HG00344	EUR	HG00344	full:DogoHLA	DQA1	two_field	complete	1	1	1	2	DQA1*01:02:01:01	DQA1*01:02:01:01
HG00344	EUR	HG00344	full:DogoHLA	DQA1	four_field	complete	1	1	1	2	DQA1*01:02:01:01	DQA1*01:02:01:01
HG00344	EUR	HG00344	full:DogoHLA	DQB1	two_field	complete	1	1	1	2	DQB1*06:02:01:01	DQB1*06:02:01:01
HG00344	EUR	HG00344	full:DogoHLA	DQB1	four_field	complete	1	1	1	2	DQB1*06:02:01:01	DQB1*06:02:01:01
HG00344	EUR	HG00344	full:DogoHLA	DRB1	two_field	complete	1	1	1	2	DRB1*15:01:01:25	DRB1*15:01:01:25
HG00344	EUR	HG00344	full:DogoHLA	DRB1	four_field	complete	0	0	0	0	DRB1*15:01:01:25	DRB1*15:01:01:25
HG00344	EUR	HG00344	full:DogoHLA-no-graph	A	two_field	complete	1	1	0	0	A*11:335:01	A*02:101:01
HG00344	EUR	HG00344	full:DogoHLA-no-graph	A	four_field	complete	1	0	0	0	A*11:335:01	A*02:101:01
HG00344	EUR	HG00344	full:DogoHLA-no-graph	B	two_field	complete	1	1	1	2	B*07:02:01:72	B*07:02:01:72
HG00344	EUR	HG00344	full:DogoHLA-no-graph	B	four_field	complete	1	1	0	0	B*07:02:01:72	B*07:02:01:72
HG00344	EUR	HG00344	full:DogoHLA-no-graph	C	two_field	complete	1	1	1	2	C*07:02:01:03	C*07:02:01:03
HG00344	EUR	HG00344	full:DogoHLA-no-graph	C	four_field	complete	1	1	0	1	C*07:02:01:03	C*07:02:01:03
HG00344	EUR	HG00344	full:DogoHLA-no-graph	DPA1	two_field	complete	1	1	1	2	DPA1*01:03:01:02	DPA1*02:06:01:01
HG00344	EUR	HG00344	full:DogoHLA-no-graph	DPA1	four_field	complete	0	0	0	0	DPA1*01:03:01:02	DPA1*02:06:01:01
HG00344	EUR	HG00344	full:DogoHLA-no-graph	DPB1	two_field	complete	1	1	1	2	DPB1*05:01:01:01	DPB1*04:01:01:03
HG00344	EUR	HG00344	full:DogoHLA-no-graph	DPB1	four_field	complete	1	1	1	2	DPB1*05:01:01:01	DPB1*04:01:01:03
HG00344	EUR	HG00344	full:DogoHLA-no-graph	DQA1	two_field	complete	1	1	1	2	DQA1*01:02:01:01	DQA1*01:02:01:01
HG00344	EUR	HG00344	full:DogoHLA-no-graph	DQA1	four_field	complete	1	1	1	2	DQA1*01:02:01:01	DQA1*01:02:01:01
HG00344	EUR	HG00344	full:DogoHLA-no-graph	DQB1	two_field	complete	1	1	1	2	DQB1*06:02:01:01	DQB1*06:02:01:01
HG00344	EUR	HG00344	full:DogoHLA-no-graph	DQB1	four_field	complete	1	1	1	2	DQB1*06:02:01:01	DQB1*06:02:01:01
HG00344	EUR	HG00344	full:DogoHLA-no-graph	DRB1	two_field	complete	1	1	1	2	DRB1*15:01:01:25	DRB1*15:01:01:25
HG00344	EUR	HG00344	full:DogoHLA-no-graph	DRB1	four_field	complete	0	0	0	0	DRB1*15:01:01:25	DRB1*15:01:01:25
HG00344	EUR	HG00344	hprc:DogoHLA	A	two_field	complete	1	1	0	0	A*11:335:01	A*02:101:01
HG00344	EUR	HG00344	hprc:DogoHLA	A	four_field	complete	1	0	0	0	A*11:335:01	A*02:101:01
HG00344	EUR	HG00344	hprc:DogoHLA	B	two_field	complete	1	1	1	2	B*07:02:01:72	B*07:02:01:72
HG00344	EUR	HG00344	hprc:DogoHLA	B	four_field	complete	1	1	0	0	B*07:02:01:72	B*07:02:01:72
HG00344	EUR	HG00344	hprc:DogoHLA	C	two_field	complete	1	1	1	2	C*07:02:01:03	C*07:02:01:03
HG00344	EUR	HG00344	hprc:DogoHLA	C	four_field	complete	1	1	0	1	C*07:02:01:03	C*07:02:01:03
HG00344	EUR	HG00344	hprc:DogoHLA	DPA1	two_field	complete	1	1	1	2	DPA1*01:03:01:02	DPA1*02:06:01:01
HG00344	EUR	HG00344	hprc:DogoHLA	DPA1	four_field	complete	0	0	0	0	DPA1*01:03:01:02	DPA1*02:06:01:01
HG00344	EUR	HG00344	hprc:DogoHLA	DPB1	two_field	complete	1	1	1	2	DPB1*05:01:01:01	DPB1*04:01:01:03
HG00344	EUR	HG00344	hprc:DogoHLA	DPB1	four_field	complete	1	1	1	2	DPB1*05:01:01:01	DPB1*04:01:01:03
HG00344	EUR	HG00344	hprc:DogoHLA	DQA1	two_field	complete	1	1	1	2	DQA1*01:02:01:01	DQA1*01:02:01:01
HG00344	EUR	HG00344	hprc:DogoHLA	DQA1	four_field	complete	1	1	1	2	DQA1*01:02:01:01	DQA1*01:02:01:01
HG00344	EUR	HG00344	hprc:DogoHLA	DQB1	two_field	complete	1	1	1	2	DQB1*06:02:01:01	DQB1*06:02:01:01
HG00344	EUR	HG00344	hprc:DogoHLA	DQB1	four_field	complete	1	1	1	2	DQB1*06:02:01:01	DQB1*06:02:01:01
HG00344	EUR	HG00344	hprc:DogoHLA	DRB1	two_field	complete	1	1	1	2	DRB1*15:01:01:25	DRB1*15:01:01:25
HG00344	EUR	HG00344	hprc:DogoHLA	DRB1	four_field	complete	0	0	0	0	DRB1*15:01:01:25	DRB1*15:01:01:25
HG00344	EUR	HG00344	hprc:DogoHLA-no-graph	A	two_field	complete	1	1	0	0	A*11:335:01	A*02:101:01
HG00344	EUR	HG00344	hprc:DogoHLA-no-graph	A	four_field	complete	1	0	0	0	A*11:335:01	A*02:101:01
HG00344	EUR	HG00344	hprc:DogoHLA-no-graph	B	two_field	complete	1	1	1	2	B*07:02:01:72	B*07:02:01:72
HG00344	EUR	HG00344	hprc:DogoHLA-no-graph	B	four_field	complete	1	1	0	0	B*07:02:01:72	B*07:02:01:72
HG00344	EUR	HG00344	hprc:DogoHLA-no-graph	C	two_field	complete	1	1	1	2	C*07:02:01:03	C*07:02:01:03
HG00344	EUR	HG00344	hprc:DogoHLA-no-graph	C	four_field	complete	1	1	0	1	C*07:02:01:03	C*07:02:01:03
HG00344	EUR	HG00344	hprc:DogoHLA-no-graph	DPA1	two_field	complete	1	1	1	2	DPA1*01:03:01:02	DPA1*02:06:01:01
HG00344	EUR	HG00344	hprc:DogoHLA-no-graph	DPA1	four_field	complete	0	0	0	0	DPA1*01:03:01:02	DPA1*02:06:01:01
HG00344	EUR	HG00344	hprc:DogoHLA-no-graph	DPB1	two_field	complete	1	1	1	2	DPB1*05:01:01:01	DPB1*04:01:01:03
HG00344	EUR	HG00344	hprc:DogoHLA-no-graph	DPB1	four_field	complete	1	1	1	2	DPB1*05:01:01:01	DPB1*04:01:01:03
HG00344	EUR	HG00344	hprc:DogoHLA-no-graph	DQA1	two_field	complete	1	1	1	2	DQA1*01:02:01:01	DQA1*01:02:01:01
HG00344	EUR	HG00344	hprc:DogoHLA-no-graph	DQA1	four_field	complete	1	1	1	2	DQA1*01:02:01:01	DQA1*01:02:01:01
HG00344	EUR	HG00344	hprc:DogoHLA-no-graph	DQB1	two_field	complete	1	1	1	2	DQB1*06:02:01:01	DQB1*06:02:01:01
HG00344	EUR	HG00344	hprc:DogoHLA-no-graph	DQB1	four_field	complete	1	1	1	2	DQB1*06:02:01:01	DQB1*06:02:01:01
HG00344	EUR	HG00344	hprc:DogoHLA-no-graph	DRB1	two_field	complete	1	1	1	2	DRB1*15:01:01:25	DRB1*15:01:01:25
HG00344	EUR	HG00344	hprc:DogoHLA-no-graph	DRB1	four_field	complete	0	0	0	0	DRB1*15:01:01:25	DRB1*15:01:01:25
HG00344	EUR	HG00344	asian_matched:DogoHLA	A	two_field	complete	1	1	0	0	A*11:335:01	A*02:101:01
HG00344	EUR	HG00344	asian_matched:DogoHLA	A	four_field	complete	1	0	0	0	A*11:335:01	A*02:101:01
HG00344	EUR	HG00344	asian_matched:DogoHLA	B	two_field	complete	1	1	1	2	B*07:02:01:72	B*07:02:01:72
HG00344	EUR	HG00344	asian_matched:DogoHLA	B	four_field	complete	1	1	0	0	B*07:02:01:72	B*07:02:01:72
HG00344	EUR	HG00344	asian_matched:DogoHLA	C	two_field	complete	1	1	1	2	C*07:02:01:03	C*07:02:01:03
HG00344	EUR	HG00344	asian_matched:DogoHLA	C	four_field	complete	1	1	0	1	C*07:02:01:03	C*07:02:01:03
HG00344	EUR	HG00344	asian_matched:DogoHLA	DPA1	two_field	complete	1	1	1	2	DPA1*01:03:01:02	DPA1*02:06:01:01
HG00344	EUR	HG00344	asian_matched:DogoHLA	DPA1	four_field	complete	0	0	0	0	DPA1*01:03:01:02	DPA1*02:06:01:01
HG00344	EUR	HG00344	asian_matched:DogoHLA	DPB1	two_field	complete	1	1	1	2	DPB1*05:01:01:01	DPB1*04:01:01:03
HG00344	EUR	HG00344	asian_matched:DogoHLA	DPB1	four_field	complete	1	1	1	2	DPB1*05:01:01:01	DPB1*04:01:01:03
HG00344	EUR	HG00344	asian_matched:DogoHLA	DQA1	two_field	complete	1	1	1	2	DQA1*01:02:01:01	DQA1*01:02:01:01
HG00344	EUR	HG00344	asian_matched:DogoHLA	DQA1	four_field	complete	1	1	1	2	DQA1*01:02:01:01	DQA1*01:02:01:01
HG00344	EUR	HG00344	asian_matched:DogoHLA	DQB1	two_field	complete	1	1	1	2	DQB1*06:02:01:01	DQB1*06:02:01:01
HG00344	EUR	HG00344	asian_matched:DogoHLA	DQB1	four_field	complete	1	1	1	2	DQB1*06:02:01:01	DQB1*06:02:01:01
HG00344	EUR	HG00344	asian_matched:DogoHLA	DRB1	two_field	complete	1	1	1	2	DRB1*15:01:01:25	DRB1*15:01:01:25
HG00344	EUR	HG00344	asian_matched:DogoHLA	DRB1	four_field	complete	0	0	0	0	DRB1*15:01:01:25	DRB1*15:01:01:25
HG00344	EUR	HG00344	asian_matched:DogoHLA-no-graph	A	two_field	complete	1	1	0	0	A*11:335:01	A*02:101:01
HG00344	EUR	HG00344	asian_matched:DogoHLA-no-graph	A	four_field	complete	1	0	0	0	A*11:335:01	A*02:101:01
HG00344	EUR	HG00344	asian_matched:DogoHLA-no-graph	B	two_field	complete	1	1	1	2	B*07:02:01:72	B*07:02:01:72
HG00344	EUR	HG00344	asian_matched:DogoHLA-no-graph	B	four_field	complete	1	1	0	0	B*07:02:01:72	B*07:02:01:72
HG00344	EUR	HG00344	asian_matched:DogoHLA-no-graph	C	two_field	complete	1	1	1	2	C*07:02:01:03	C*07:02:01:03
HG00344	EUR	HG00344	asian_matched:DogoHLA-no-graph	C	four_field	complete	1	1	0	1	C*07:02:01:03	C*07:02:01:03
HG00344	EUR	HG00344	asian_matched:DogoHLA-no-graph	DPA1	two_field	complete	1	1	1	2	DPA1*01:03:01:02	DPA1*02:06:01:01
HG00344	EUR	HG00344	asian_matched:DogoHLA-no-graph	DPA1	four_field	complete	0	0	0	0	DPA1*01:03:01:02	DPA1*02:06:01:01
HG00344	EUR	HG00344	asian_matched:DogoHLA-no-graph	DPB1	two_field	complete	1	1	1	2	DPB1*05:01:01:01	DPB1*04:01:01:03
HG00344	EUR	HG00344	asian_matched:DogoHLA-no-graph	DPB1	four_field	complete	1	1	1	2	DPB1*05:01:01:01	DPB1*04:01:01:03
HG00344	EUR	HG00344	asian_matched:DogoHLA-no-graph	DQA1	two_field	complete	1	1	1	2	DQA1*01:02:01:01	DQA1*01:02:01:01
HG00344	EUR	HG00344	asian_matched:DogoHLA-no-graph	DQA1	four_field	complete	1	1	1	2	DQA1*01:02:01:01	DQA1*01:02:01:01
HG00344	EUR	HG00344	asian_matched:DogoHLA-no-graph	DQB1	two_field	complete	1	1	1	2	DQB1*06:02:01:01	DQB1*06:02:01:01
HG00344	EUR	HG00344	asian_matched:DogoHLA-no-graph	DQB1	four_field	complete	1	1	1	2	DQB1*06:02:01:01	DQB1*06:02:01:01
HG00344	EUR	HG00344	asian_matched:DogoHLA-no-graph	DRB1	two_field	complete	1	1	1	2	DRB1*15:01:01:25	DRB1*15:01:01:25
HG00344	EUR	HG00344	asian_matched:DogoHLA-no-graph	DRB1	four_field	complete	0	0	0	0	DRB1*15:01:01:25	DRB1*15:01:01:25
HG00128	EUR	HG00128	SpecHLA-IPD365-noFreq	A	two_field	complete	1	1	0	1	A*02:01:01:01	A*02:1061N
HG00128	EUR	HG00128	SpecHLA-IPD365-noFreq	A	four_field	complete	1	0	0	1	A*02:01:01:01	A*02:1061N
HG00128	EUR	HG00128	SpecHLA-IPD365-noFreq	B	two_field	complete	1	1	1	2	B*27:05:02:09	B*14:02:01:01
HG00128	EUR	HG00128	SpecHLA-IPD365-noFreq	B	four_field	complete	0	0	0	0	B*27:05:02:09	B*14:02:01:01
HG00128	EUR	HG00128	SpecHLA-IPD365-noFreq	C	two_field	complete	1	1	1	2	C*02:02:02:01	C*08:02:01:01
HG00128	EUR	HG00128	SpecHLA-IPD365-noFreq	C	four_field	complete	1	1	1	2	C*02:02:02:01	C*08:02:01:01
HG00128	EUR	HG00128	SpecHLA-IPD365-noFreq	DPA1	two_field	complete	1	1	1	2	DPA1*02:01:01:25	DPA1*01:03:01:58
HG00128	EUR	HG00128	SpecHLA-IPD365-noFreq	DPA1	four_field	complete	0	0	0	0	DPA1*02:01:01:25	DPA1*01:03:01:58
HG00128	EUR	HG00128	SpecHLA-IPD365-noFreq	DPB1	two_field	complete	1	1	0	0	DPB1*1543:01:01:01	DPB1*1683:01
HG00128	EUR	HG00128	SpecHLA-IPD365-noFreq	DPB1	four_field	complete	1	0	0	0	DPB1*1543:01:01:01	DPB1*1683:01
HG00128	EUR	HG00128	SpecHLA-IPD365-noFreq	DQA1	two_field	complete	1	1	1	2	DQA1*01:01:01:01	DQA1*05:05:12:02
HG00128	EUR	HG00128	SpecHLA-IPD365-noFreq	DQA1	four_field	complete	1	1	0	1	DQA1*01:01:01:01	DQA1*05:05:12:02
HG00128	EUR	HG00128	SpecHLA-IPD365-noFreq	DQB1	two_field	complete	1	1	1	2	DQB1*05:01:01:01	DQB1*03:01:01:05
HG00128	EUR	HG00128	SpecHLA-IPD365-noFreq	DQB1	four_field	complete	1	1	0	1	DQB1*05:01:01:01	DQB1*03:01:01:05
HG00128	EUR	HG00128	SpecHLA-IPD365-noFreq	DRB1	two_field	complete	1	1	1	2	DRB1*12:01:01:15	DRB1*01:01:01:01
HG00128	EUR	HG00128	SpecHLA-IPD365-noFreq	DRB1	four_field	complete	0	0	0	0	DRB1*12:01:01:15	DRB1*01:01:01:01
HG00128	EUR	HG00128	SpecHLA-IPD365-long-noFreq	A	two_field	complete	1	1	0	1	A*02:01:01:01	A*02:1061N
HG00128	EUR	HG00128	SpecHLA-IPD365-long-noFreq	A	four_field	complete	1	0	0	1	A*02:01:01:01	A*02:1061N
HG00128	EUR	HG00128	SpecHLA-IPD365-long-noFreq	B	two_field	complete	1	1	1	2	B*27:05:02:09	B*14:02:01:01
HG00128	EUR	HG00128	SpecHLA-IPD365-long-noFreq	B	four_field	complete	0	0	0	0	B*27:05:02:09	B*14:02:01:01
HG00128	EUR	HG00128	SpecHLA-IPD365-long-noFreq	C	two_field	complete	1	1	1	2	C*02:02:02:01	C*08:02:01:01
HG00128	EUR	HG00128	SpecHLA-IPD365-long-noFreq	C	four_field	complete	1	1	1	2	C*02:02:02:01	C*08:02:01:01
HG00128	EUR	HG00128	SpecHLA-IPD365-long-noFreq	DPA1	two_field	complete	1	1	1	2	DPA1*01:03:01:58	DPA1*02:01:01:25
HG00128	EUR	HG00128	SpecHLA-IPD365-long-noFreq	DPA1	four_field	complete	0	0	0	0	DPA1*01:03:01:58	DPA1*02:01:01:25
HG00128	EUR	HG00128	SpecHLA-IPD365-long-noFreq	DPB1	two_field	complete	1	1	0	0	DPB1*702:01:01:02	DPB1*1543:01:01:01
HG00128	EUR	HG00128	SpecHLA-IPD365-long-noFreq	DPB1	four_field	complete	1	1	0	0	DPB1*702:01:01:02	DPB1*1543:01:01:01
HG00128	EUR	HG00128	SpecHLA-IPD365-long-noFreq	DQA1	two_field	complete	1	1	1	2	DQA1*01:01:01:01	DQA1*05:05:12:02
HG00128	EUR	HG00128	SpecHLA-IPD365-long-noFreq	DQA1	four_field	complete	1	1	0	1	DQA1*01:01:01:01	DQA1*05:05:12:02
HG00128	EUR	HG00128	SpecHLA-IPD365-long-noFreq	DQB1	two_field	complete	1	1	1	2	DQB1*05:01:01:01	DQB1*03:01:01:05
HG00128	EUR	HG00128	SpecHLA-IPD365-long-noFreq	DQB1	four_field	complete	1	1	0	1	DQB1*05:01:01:01	DQB1*03:01:01:05
HG00128	EUR	HG00128	SpecHLA-IPD365-long-noFreq	DRB1	two_field	complete	1	1	1	2	DRB1*01:01:01:01	DRB1*12:01:01:15
HG00128	EUR	HG00128	SpecHLA-IPD365-long-noFreq	DRB1	four_field	complete	0	0	0	0	DRB1*01:01:01:01	DRB1*12:01:01:15
HG00128	EUR	HG00128	T1K-four-field	A	two_field	complete	1	1	1	2	A*02:01:01:01	A*02:01:01:01
HG00128	EUR	HG00128	T1K-four-field	A	four_field	complete	1	1	1	2	A*02:01:01:01	A*02:01:01:01
HG00128	EUR	HG00128	T1K-four-field	B	two_field	complete	1	1	1	2	B*14:02:01:01	B*27:05:02:01
HG00128	EUR	HG00128	T1K-four-field	B	four_field	complete	0	0	0	0	B*14:02:01:01	B*27:05:02:01
HG00128	EUR	HG00128	T1K-four-field	C	two_field	complete	1	1	1	2	C*02:02:02:01	C*08:02:01:01
HG00128	EUR	HG00128	T1K-four-field	C	four_field	complete	1	1	1	2	C*02:02:02:01	C*08:02:01:01
HG00128	EUR	HG00128	T1K-four-field	DPA1	two_field	complete	1	1	1	2	DPA1*02:01:01:02	DPA1*01:03:01:02
HG00128	EUR	HG00128	T1K-four-field	DPA1	four_field	complete	0	0	0	0	DPA1*02:01:01:02	DPA1*01:03:01:02
HG00128	EUR	HG00128	T1K-four-field	DPB1	two_field	complete	1	1	1	2	DPB1*10:01:01:01	DPB1*04:01:01:01
HG00128	EUR	HG00128	T1K-four-field	DPB1	four_field	complete	1	1	1	2	DPB1*10:01:01:01	DPB1*04:01:01:01
HG00128	EUR	HG00128	T1K-four-field	DQA1	two_field	complete	1	1	0	1	DQA1*01:01:01:01	DQA1*01:01:01:07
HG00128	EUR	HG00128	T1K-four-field	DQA1	four_field	complete	1	1	0	1	DQA1*01:01:01:01	DQA1*01:01:01:07
HG00128	EUR	HG00128	T1K-four-field	DQB1	two_field	complete	1	1	1	2	DQB1*05:01:01:01	DQB1*03:01:01:73
HG00128	EUR	HG00128	T1K-four-field	DQB1	four_field	complete	1	1	0	0	DQB1*05:01:01:01	DQB1*03:01:01:73
HG00128	EUR	HG00128	T1K-four-field	DRB1	two_field	complete	1	1	1	2	DRB1*01:01:01:01	DRB1*12:01:01:04
HG00128	EUR	HG00128	T1K-four-field	DRB1	four_field	complete	0	0	0	0	DRB1*01:01:01:01	DRB1*12:01:01:04
HG00128	EUR	HG00128	full:DogoHLA	A	two_field	complete	1	1	0	1	A*02:01:01:01	A*11:335:01
HG00128	EUR	HG00128	full:DogoHLA	A	four_field	complete	1	0	0	1	A*02:01:01:01	A*11:335:01
HG00128	EUR	HG00128	full:DogoHLA	B	two_field	complete	1	1	1	2	B*14:02:01:01	B*27:05:02:09
HG00128	EUR	HG00128	full:DogoHLA	B	four_field	complete	0	0	0	0	B*14:02:01:01	B*27:05:02:09
HG00128	EUR	HG00128	full:DogoHLA	C	two_field	complete	1	1	1	2	C*02:02:02:01	C*08:02:01:01
HG00128	EUR	HG00128	full:DogoHLA	C	four_field	complete	1	1	1	2	C*02:02:02:01	C*08:02:01:01
HG00128	EUR	HG00128	full:DogoHLA	DPA1	two_field	complete	1	1	1	2	DPA1*02:01:01:01	DPA1*01:03:01:02
HG00128	EUR	HG00128	full:DogoHLA	DPA1	four_field	complete	0	0	0	0	DPA1*02:01:01:01	DPA1*01:03:01:02
HG00128	EUR	HG00128	full:DogoHLA	DPB1	two_field	complete	1	1	0	0	DPB1*17:01:01:01	DPB1*1683:01
HG00128	EUR	HG00128	full:DogoHLA	DPB1	four_field	complete	1	0	0	0	DPB1*17:01:01:01	DPB1*1683:01
HG00128	EUR	HG00128	full:DogoHLA	DQA1	two_field	complete	1	1	1	2	DQA1*01:01:01:01	DQA1*05:05:12:02
HG00128	EUR	HG00128	full:DogoHLA	DQA1	four_field	complete	1	1	0	1	DQA1*01:01:01:01	DQA1*05:05:12:02
HG00128	EUR	HG00128	full:DogoHLA	DQB1	two_field	complete	1	1	1	2	DQB1*03:01:01:05	DQB1*05:01:01:01
HG00128	EUR	HG00128	full:DogoHLA	DQB1	four_field	complete	1	1	0	1	DQB1*03:01:01:05	DQB1*05:01:01:01
HG00128	EUR	HG00128	full:DogoHLA	DRB1	two_field	complete	1	1	1	2	DRB1*01:01:01:09	DRB1*12:01:01:03
HG00128	EUR	HG00128	full:DogoHLA	DRB1	four_field	complete	0	0	0	0	DRB1*01:01:01:09	DRB1*12:01:01:03
HG00128	EUR	HG00128	full:DogoHLA-no-graph	A	two_field	complete	1	1	0	1	A*02:01:01:01	A*11:335:01
HG00128	EUR	HG00128	full:DogoHLA-no-graph	A	four_field	complete	1	0	0	1	A*02:01:01:01	A*11:335:01
HG00128	EUR	HG00128	full:DogoHLA-no-graph	B	two_field	complete	1	1	1	2	B*14:02:01:01	B*27:05:02:09
HG00128	EUR	HG00128	full:DogoHLA-no-graph	B	four_field	complete	0	0	0	0	B*14:02:01:01	B*27:05:02:09
HG00128	EUR	HG00128	full:DogoHLA-no-graph	C	two_field	complete	1	1	1	2	C*02:02:02:01	C*08:02:01:01
HG00128	EUR	HG00128	full:DogoHLA-no-graph	C	four_field	complete	1	1	1	2	C*02:02:02:01	C*08:02:01:01
HG00128	EUR	HG00128	full:DogoHLA-no-graph	DPA1	two_field	complete	1	1	1	2	DPA1*02:01:01:01	DPA1*01:03:01:02
HG00128	EUR	HG00128	full:DogoHLA-no-graph	DPA1	four_field	complete	0	0	0	0	DPA1*02:01:01:01	DPA1*01:03:01:02
HG00128	EUR	HG00128	full:DogoHLA-no-graph	DPB1	two_field	complete	1	1	0	0	DPB1*17:01:01:01	DPB1*702:01:01:02
HG00128	EUR	HG00128	full:DogoHLA-no-graph	DPB1	four_field	complete	1	1	0	0	DPB1*17:01:01:01	DPB1*702:01:01:02
HG00128	EUR	HG00128	full:DogoHLA-no-graph	DQA1	two_field	complete	1	1	1	2	DQA1*01:01:01:01	DQA1*05:05:12:02
HG00128	EUR	HG00128	full:DogoHLA-no-graph	DQA1	four_field	complete	1	1	0	1	DQA1*01:01:01:01	DQA1*05:05:12:02
HG00128	EUR	HG00128	full:DogoHLA-no-graph	DQB1	two_field	complete	1	1	1	2	DQB1*03:01:01:05	DQB1*05:01:01:01
HG00128	EUR	HG00128	full:DogoHLA-no-graph	DQB1	four_field	complete	1	1	0	1	DQB1*03:01:01:05	DQB1*05:01:01:01
HG00128	EUR	HG00128	full:DogoHLA-no-graph	DRB1	two_field	complete	1	1	1	2	DRB1*01:01:01:09	DRB1*12:01:01:03
HG00128	EUR	HG00128	full:DogoHLA-no-graph	DRB1	four_field	complete	0	0	0	0	DRB1*01:01:01:09	DRB1*12:01:01:03
HG00128	EUR	HG00128	hprc:DogoHLA	A	two_field	complete	1	1	0	1	A*02:01:01:01	A*02:1061N
HG00128	EUR	HG00128	hprc:DogoHLA	A	four_field	complete	1	0	0	1	A*02:01:01:01	A*02:1061N
HG00128	EUR	HG00128	hprc:DogoHLA	B	two_field	complete	1	1	1	2	B*14:02:01:01	B*27:05:02:09
HG00128	EUR	HG00128	hprc:DogoHLA	B	four_field	complete	0	0	0	0	B*14:02:01:01	B*27:05:02:09
HG00128	EUR	HG00128	hprc:DogoHLA	C	two_field	complete	1	1	1	2	C*02:02:02:01	C*08:02:01:01
HG00128	EUR	HG00128	hprc:DogoHLA	C	four_field	complete	1	1	1	2	C*02:02:02:01	C*08:02:01:01
HG00128	EUR	HG00128	hprc:DogoHLA	DPA1	two_field	complete	1	1	1	2	DPA1*02:01:01:01	DPA1*01:03:01:02
HG00128	EUR	HG00128	hprc:DogoHLA	DPA1	four_field	complete	0	0	0	0	DPA1*02:01:01:01	DPA1*01:03:01:02
HG00128	EUR	HG00128	hprc:DogoHLA	DPB1	two_field	complete	1	1	0	0	DPB1*17:01:01:01	DPB1*1683:01
HG00128	EUR	HG00128	hprc:DogoHLA	DPB1	four_field	complete	1	0	0	0	DPB1*17:01:01:01	DPB1*1683:01
HG00128	EUR	HG00128	hprc:DogoHLA	DQA1	two_field	complete	1	1	1	2	DQA1*01:01:01:01	DQA1*05:05:12:02
HG00128	EUR	HG00128	hprc:DogoHLA	DQA1	four_field	complete	1	1	0	1	DQA1*01:01:01:01	DQA1*05:05:12:02
HG00128	EUR	HG00128	hprc:DogoHLA	DQB1	two_field	complete	1	1	1	2	DQB1*03:01:01:05	DQB1*05:01:01:01
HG00128	EUR	HG00128	hprc:DogoHLA	DQB1	four_field	complete	1	1	0	1	DQB1*03:01:01:05	DQB1*05:01:01:01
HG00128	EUR	HG00128	hprc:DogoHLA	DRB1	two_field	complete	1	1	1	2	DRB1*01:01:01:09	DRB1*12:01:01:03
HG00128	EUR	HG00128	hprc:DogoHLA	DRB1	four_field	complete	0	0	0	0	DRB1*01:01:01:09	DRB1*12:01:01:03
HG00128	EUR	HG00128	hprc:DogoHLA-no-graph	A	two_field	complete	1	1	0	1	A*02:01:01:01	A*02:1061N
HG00128	EUR	HG00128	hprc:DogoHLA-no-graph	A	four_field	complete	1	0	0	1	A*02:01:01:01	A*02:1061N
HG00128	EUR	HG00128	hprc:DogoHLA-no-graph	B	two_field	complete	1	1	1	2	B*14:02:01:01	B*27:05:02:09
HG00128	EUR	HG00128	hprc:DogoHLA-no-graph	B	four_field	complete	0	0	0	0	B*14:02:01:01	B*27:05:02:09
HG00128	EUR	HG00128	hprc:DogoHLA-no-graph	C	two_field	complete	1	1	1	2	C*02:02:02:01	C*08:02:01:01
HG00128	EUR	HG00128	hprc:DogoHLA-no-graph	C	four_field	complete	1	1	1	2	C*02:02:02:01	C*08:02:01:01
HG00128	EUR	HG00128	hprc:DogoHLA-no-graph	DPA1	two_field	complete	1	1	1	2	DPA1*02:01:01:01	DPA1*01:03:01:02
HG00128	EUR	HG00128	hprc:DogoHLA-no-graph	DPA1	four_field	complete	0	0	0	0	DPA1*02:01:01:01	DPA1*01:03:01:02
HG00128	EUR	HG00128	hprc:DogoHLA-no-graph	DPB1	two_field	complete	1	1	0	0	DPB1*17:01:01:01	DPB1*702:01:01:02
HG00128	EUR	HG00128	hprc:DogoHLA-no-graph	DPB1	four_field	complete	1	1	0	0	DPB1*17:01:01:01	DPB1*702:01:01:02
HG00128	EUR	HG00128	hprc:DogoHLA-no-graph	DQA1	two_field	complete	1	1	1	2	DQA1*01:01:01:01	DQA1*05:05:12:02
HG00128	EUR	HG00128	hprc:DogoHLA-no-graph	DQA1	four_field	complete	1	1	0	1	DQA1*01:01:01:01	DQA1*05:05:12:02
HG00128	EUR	HG00128	hprc:DogoHLA-no-graph	DQB1	two_field	complete	1	1	1	2	DQB1*03:01:01:05	DQB1*05:01:01:01
HG00128	EUR	HG00128	hprc:DogoHLA-no-graph	DQB1	four_field	complete	1	1	0	1	DQB1*03:01:01:05	DQB1*05:01:01:01
HG00128	EUR	HG00128	hprc:DogoHLA-no-graph	DRB1	two_field	complete	1	1	1	2	DRB1*01:01:01:09	DRB1*12:01:01:03
HG00128	EUR	HG00128	hprc:DogoHLA-no-graph	DRB1	four_field	complete	0	0	0	0	DRB1*01:01:01:09	DRB1*12:01:01:03
HG00128	EUR	HG00128	asian_matched:DogoHLA	A	two_field	complete	1	1	0	1	A*02:01:01:01	A*11:335:01
HG00128	EUR	HG00128	asian_matched:DogoHLA	A	four_field	complete	1	0	0	1	A*02:01:01:01	A*11:335:01
HG00128	EUR	HG00128	asian_matched:DogoHLA	B	two_field	complete	1	1	1	2	B*14:02:01:01	B*27:05:02:09
HG00128	EUR	HG00128	asian_matched:DogoHLA	B	four_field	complete	0	0	0	0	B*14:02:01:01	B*27:05:02:09
HG00128	EUR	HG00128	asian_matched:DogoHLA	C	two_field	complete	1	1	1	2	C*02:02:02:01	C*08:02:01:01
HG00128	EUR	HG00128	asian_matched:DogoHLA	C	four_field	complete	1	1	1	2	C*02:02:02:01	C*08:02:01:01
HG00128	EUR	HG00128	asian_matched:DogoHLA	DPA1	two_field	complete	1	1	1	2	DPA1*02:01:01:01	DPA1*01:03:01:02
HG00128	EUR	HG00128	asian_matched:DogoHLA	DPA1	four_field	complete	0	0	0	0	DPA1*02:01:01:01	DPA1*01:03:01:02
HG00128	EUR	HG00128	asian_matched:DogoHLA	DPB1	two_field	complete	1	1	0	0	DPB1*17:01:01:01	DPB1*1683:01
HG00128	EUR	HG00128	asian_matched:DogoHLA	DPB1	four_field	complete	1	0	0	0	DPB1*17:01:01:01	DPB1*1683:01
HG00128	EUR	HG00128	asian_matched:DogoHLA	DQA1	two_field	complete	1	1	1	2	DQA1*01:01:01:01	DQA1*05:05:12:02
HG00128	EUR	HG00128	asian_matched:DogoHLA	DQA1	four_field	complete	1	1	0	1	DQA1*01:01:01:01	DQA1*05:05:12:02
HG00128	EUR	HG00128	asian_matched:DogoHLA	DQB1	two_field	complete	1	1	1	2	DQB1*03:01:01:05	DQB1*05:01:01:01
HG00128	EUR	HG00128	asian_matched:DogoHLA	DQB1	four_field	complete	1	1	0	1	DQB1*03:01:01:05	DQB1*05:01:01:01
HG00128	EUR	HG00128	asian_matched:DogoHLA	DRB1	two_field	complete	1	1	1	2	DRB1*01:01:01:09	DRB1*12:01:01:03
HG00128	EUR	HG00128	asian_matched:DogoHLA	DRB1	four_field	complete	0	0	0	0	DRB1*01:01:01:09	DRB1*12:01:01:03
HG00128	EUR	HG00128	asian_matched:DogoHLA-no-graph	A	two_field	complete	1	1	0	1	A*02:01:01:01	A*11:335:01
HG00128	EUR	HG00128	asian_matched:DogoHLA-no-graph	A	four_field	complete	1	0	0	1	A*02:01:01:01	A*11:335:01
HG00128	EUR	HG00128	asian_matched:DogoHLA-no-graph	B	two_field	complete	1	1	1	2	B*14:02:01:01	B*27:05:02:09
HG00128	EUR	HG00128	asian_matched:DogoHLA-no-graph	B	four_field	complete	0	0	0	0	B*14:02:01:01	B*27:05:02:09
HG00128	EUR	HG00128	asian_matched:DogoHLA-no-graph	C	two_field	complete	1	1	1	2	C*02:02:02:01	C*08:02:01:01
HG00128	EUR	HG00128	asian_matched:DogoHLA-no-graph	C	four_field	complete	1	1	1	2	C*02:02:02:01	C*08:02:01:01
HG00128	EUR	HG00128	asian_matched:DogoHLA-no-graph	DPA1	two_field	complete	1	1	1	2	DPA1*02:01:01:01	DPA1*01:03:01:02
HG00128	EUR	HG00128	asian_matched:DogoHLA-no-graph	DPA1	four_field	complete	0	0	0	0	DPA1*02:01:01:01	DPA1*01:03:01:02
HG00128	EUR	HG00128	asian_matched:DogoHLA-no-graph	DPB1	two_field	complete	1	1	0	0	DPB1*17:01:01:01	DPB1*1683:01
HG00128	EUR	HG00128	asian_matched:DogoHLA-no-graph	DPB1	four_field	complete	1	0	0	0	DPB1*17:01:01:01	DPB1*1683:01
HG00128	EUR	HG00128	asian_matched:DogoHLA-no-graph	DQA1	two_field	complete	1	1	1	2	DQA1*01:01:01:01	DQA1*05:05:12:02
HG00128	EUR	HG00128	asian_matched:DogoHLA-no-graph	DQA1	four_field	complete	1	1	0	1	DQA1*01:01:01:01	DQA1*05:05:12:02
HG00128	EUR	HG00128	asian_matched:DogoHLA-no-graph	DQB1	two_field	complete	1	1	1	2	DQB1*03:01:01:05	DQB1*05:01:01:01
HG00128	EUR	HG00128	asian_matched:DogoHLA-no-graph	DQB1	four_field	complete	1	1	0	1	DQB1*03:01:01:05	DQB1*05:01:01:01
HG00128	EUR	HG00128	asian_matched:DogoHLA-no-graph	DRB1	two_field	complete	1	1	1	2	DRB1*01:01:01:09	DRB1*12:01:01:03
HG00128	EUR	HG00128	asian_matched:DogoHLA-no-graph	DRB1	four_field	complete	0	0	0	0	DRB1*01:01:01:09	DRB1*12:01:01:03
HG01784	EUR	IBS053	SpecHLA-IPD365-noFreq	A	two_field	complete	1	1	0	1	A*23:01:01:01	A*02:910
HG01784	EUR	IBS053	SpecHLA-IPD365-noFreq	A	four_field	complete	1	0	0	1	A*23:01:01:01	A*02:910
HG01784	EUR	IBS053	SpecHLA-IPD365-noFreq	B	two_field	complete	1	1	1	2	B*44:03:01:13	B*44:02:01:55
HG01784	EUR	IBS053	SpecHLA-IPD365-noFreq	B	four_field	complete	0	0	0	0	B*44:03:01:13	B*44:02:01:55
HG01784	EUR	IBS053	SpecHLA-IPD365-noFreq	C	two_field	complete	1	1	1	2	C*05:01:01:11	C*04:01:01:01
HG01784	EUR	IBS053	SpecHLA-IPD365-noFreq	C	four_field	complete	1	1	0	0	C*05:01:01:11	C*04:01:01:01
HG01784	EUR	IBS053	SpecHLA-IPD365-noFreq	DPA1	two_field	complete	1	1	1	2	DPA1*01:03:01:02	DPA1*01:03:01:12
HG01784	EUR	IBS053	SpecHLA-IPD365-noFreq	DPA1	four_field	complete	0	0	0	0	DPA1*01:03:01:02	DPA1*01:03:01:12
HG01784	EUR	IBS053	SpecHLA-IPD365-noFreq	DPB1	two_field	complete	1	1	1	2	DPB1*04:01:01:01	DPB1*104:01:01:01
HG01784	EUR	IBS053	SpecHLA-IPD365-noFreq	DPB1	four_field	complete	1	1	0	0	DPB1*04:01:01:01	DPB1*104:01:01:01
HG01784	EUR	IBS053	SpecHLA-IPD365-noFreq	DQA1	two_field	complete	1	1	0	1	DQA1*03:03:01:01	DQA1*03:01:01:07
HG01784	EUR	IBS053	SpecHLA-IPD365-noFreq	DQA1	four_field	complete	0	0	0	0	DQA1*03:03:01:01	DQA1*03:01:01:07
HG01784	EUR	IBS053	SpecHLA-IPD365-noFreq	DQB1	two_field	complete	1	1	1	2	DQB1*02:02:01:02	DQB1*03:01:01:01
HG01784	EUR	IBS053	SpecHLA-IPD365-noFreq	DQB1	four_field	complete	1	1	1	2	DQB1*02:02:01:02	DQB1*03:01:01:01
HG01784	EUR	IBS053	SpecHLA-IPD365-noFreq	DRB1	two_field	complete	1	1	0	1	DRB1*04:01:01:03	DRB1*04:09:01:01
HG01784	EUR	IBS053	SpecHLA-IPD365-noFreq	DRB1	four_field	complete	0	0	0	0	DRB1*04:01:01:03	DRB1*04:09:01:01
HG01784	EUR	IBS053	SpecHLA-IPD365-long-noFreq	A	two_field	complete	1	1	0	1	A*02:910	A*23:01:01:01
HG01784	EUR	IBS053	SpecHLA-IPD365-long-noFreq	A	four_field	complete	1	0	0	1	A*02:910	A*23:01:01:01
HG01784	EUR	IBS053	SpecHLA-IPD365-long-noFreq	B	two_field	complete	1	1	1	2	B*44:02:01:55	B*44:03:01:13
HG01784	EUR	IBS053	SpecHLA-IPD365-long-noFreq	B	four_field	complete	0	0	0	0	B*44:02:01:55	B*44:03:01:13
HG01784	EUR	IBS053	SpecHLA-IPD365-long-noFreq	C	two_field	complete	1	1	1	2	C*05:01:01:11	C*04:01:01:01
HG01784	EUR	IBS053	SpecHLA-IPD365-long-noFreq	C	four_field	complete	1	1	0	0	C*05:01:01:11	C*04:01:01:01
HG01784	EUR	IBS053	SpecHLA-IPD365-long-noFreq	DPA1	two_field	complete	1	1	1	2	DPA1*01:03:01:12	DPA1*01:03:01:02
HG01784	EUR	IBS053	SpecHLA-IPD365-long-noFreq	DPA1	four_field	complete	0	0	0	0	DPA1*01:03:01:12	DPA1*01:03:01:02
HG01784	EUR	IBS053	SpecHLA-IPD365-long-noFreq	DPB1	two_field	complete	1	1	1	2	DPB1*104:01:01:01	DPB1*04:01:01:01
HG01784	EUR	IBS053	SpecHLA-IPD365-long-noFreq	DPB1	four_field	complete	1	1	0	0	DPB1*104:01:01:01	DPB1*04:01:01:01
HG01784	EUR	IBS053	SpecHLA-IPD365-long-noFreq	DQA1	two_field	complete	1	1	0	1	DQA1*03:03:01:01	DQA1*03:01:01:07
HG01784	EUR	IBS053	SpecHLA-IPD365-long-noFreq	DQA1	four_field	complete	0	0	0	0	DQA1*03:03:01:01	DQA1*03:01:01:07
HG01784	EUR	IBS053	SpecHLA-IPD365-long-noFreq	DQB1	two_field	complete	1	1	1	2	DQB1*03:01:01:01	DQB1*02:02:01:02
HG01784	EUR	IBS053	SpecHLA-IPD365-long-noFreq	DQB1	four_field	complete	1	1	1	2	DQB1*03:01:01:01	DQB1*02:02:01:02
HG01784	EUR	IBS053	SpecHLA-IPD365-long-noFreq	DRB1	two_field	complete	1	1	1	2	DRB1*04:05:01:06	DRB1*04:01:01:03
HG01784	EUR	IBS053	SpecHLA-IPD365-long-noFreq	DRB1	four_field	complete	0	0	0	0	DRB1*04:05:01:06	DRB1*04:01:01:03
HG01784	EUR	IBS053	T1K-four-field	A	two_field	complete	1	1	1	2	A*23:01:01:01	A*02:01:01:01
HG01784	EUR	IBS053	T1K-four-field	A	four_field	complete	1	1	1	2	A*23:01:01:01	A*02:01:01:01
HG01784	EUR	IBS053	T1K-four-field	B	two_field	complete	1	1	1	2	B*44:03:01:01	B*44:02:01:01
HG01784	EUR	IBS053	T1K-four-field	B	four_field	complete	0	0	0	0	B*44:03:01:01	B*44:02:01:01
HG01784	EUR	IBS053	T1K-four-field	C	two_field	complete	1	1	1	2	C*04:01:01:01	C*05:01:01:02
HG01784	EUR	IBS053	T1K-four-field	C	four_field	complete	1	1	0	1	C*04:01:01:01	C*05:01:01:02
HG01784	EUR	IBS053	T1K-four-field	DPA1	two_field	complete	1	1	1	2	DPA1*01:03:01:02	DPA1*01:03:01:12
HG01784	EUR	IBS053	T1K-four-field	DPA1	four_field	complete	0	0	0	0	DPA1*01:03:01:02	DPA1*01:03:01:12
HG01784	EUR	IBS053	T1K-four-field	DPB1	two_field	complete	1	1	1	2	DPB1*04:01:01:05	DPB1*104:01:01:01
HG01784	EUR	IBS053	T1K-four-field	DPB1	four_field	complete	1	1	0	1	DPB1*04:01:01:05	DPB1*104:01:01:01
HG01784	EUR	IBS053	T1K-four-field	DQA1	two_field	complete	1	1	1	2	DQA1*03:03:01:01	DQA1*03:03:01:01
HG01784	EUR	IBS053	T1K-four-field	DQA1	four_field	complete	0	0	0	0	DQA1*03:03:01:01	DQA1*03:03:01:01
HG01784	EUR	IBS053	T1K-four-field	DQB1	two_field	complete	1	1	1	2	DQB1*02:02:01:02	DQB1*03:01:01:73
HG01784	EUR	IBS053	T1K-four-field	DQB1	four_field	complete	1	1	0	1	DQB1*02:02:01:02	DQB1*03:01:01:73
HG01784	EUR	IBS053	T1K-four-field	DRB1	two_field	complete	1	1	1	2	DRB1*04:01:01:01,HLA-DRB1*04:01:01:03	DRB1*04:05:01:06
HG01784	EUR	IBS053	T1K-four-field	DRB1	four_field	complete	0	0	0	0	DRB1*04:01:01:01,HLA-DRB1*04:01:01:03	DRB1*04:05:01:06
HG01784	EUR	IBS053	full:DogoHLA	A	two_field	complete	1	1	0	1	A*02:910	A*23:01:01:01
HG01784	EUR	IBS053	full:DogoHLA	A	four_field	complete	1	0	0	1	A*02:910	A*23:01:01:01
HG01784	EUR	IBS053	full:DogoHLA	B	two_field	complete	1	1	1	2	B*44:03:01:13	B*44:02:01:55
HG01784	EUR	IBS053	full:DogoHLA	B	four_field	complete	0	0	0	0	B*44:03:01:13	B*44:02:01:55
HG01784	EUR	IBS053	full:DogoHLA	C	two_field	complete	1	1	1	2	C*05:01:01:11	C*04:01:01:01
HG01784	EUR	IBS053	full:DogoHLA	C	four_field	complete	1	1	0	0	C*05:01:01:11	C*04:01:01:01
HG01784	EUR	IBS053	full:DogoHLA	DPA1	two_field	complete	1	1	1	2	DPA1*01:03:01:02	DPA1*01:03:01:12
HG01784	EUR	IBS053	full:DogoHLA	DPA1	four_field	complete	0	0	0	0	DPA1*01:03:01:02	DPA1*01:03:01:12
HG01784	EUR	IBS053	full:DogoHLA	DPB1	two_field	complete	1	1	1	2	DPB1*04:01:01:01	DPB1*104:01:01:01
HG01784	EUR	IBS053	full:DogoHLA	DPB1	four_field	complete	1	1	0	0	DPB1*04:01:01:01	DPB1*104:01:01:01
HG01784	EUR	IBS053	full:DogoHLA	DQA1	two_field	complete	1	1	0	1	DQA1*03:03:01:01	DQA1*03:01:01:07
HG01784	EUR	IBS053	full:DogoHLA	DQA1	four_field	complete	0	0	0	0	DQA1*03:03:01:01	DQA1*03:01:01:07
HG01784	EUR	IBS053	full:DogoHLA	DQB1	two_field	complete	1	1	1	2	DQB1*02:02:01:02	DQB1*03:01:01:01
HG01784	EUR	IBS053	full:DogoHLA	DQB1	four_field	complete	1	1	1	2	DQB1*02:02:01:02	DQB1*03:01:01:01
HG01784	EUR	IBS053	full:DogoHLA	DRB1	two_field	complete	1	1	1	2	DRB1*04:05:01:06	DRB1*04:01:01:03
HG01784	EUR	IBS053	full:DogoHLA	DRB1	four_field	complete	0	0	0	0	DRB1*04:05:01:06	DRB1*04:01:01:03
HG01784	EUR	IBS053	full:DogoHLA-no-graph	A	two_field	complete	1	1	0	1	A*02:910	A*23:01:01:01
HG01784	EUR	IBS053	full:DogoHLA-no-graph	A	four_field	complete	1	0	0	1	A*02:910	A*23:01:01:01
HG01784	EUR	IBS053	full:DogoHLA-no-graph	B	two_field	complete	1	1	1	2	B*44:03:01:13	B*44:02:01:55
HG01784	EUR	IBS053	full:DogoHLA-no-graph	B	four_field	complete	0	0	0	0	B*44:03:01:13	B*44:02:01:55
HG01784	EUR	IBS053	full:DogoHLA-no-graph	C	two_field	complete	1	1	1	2	C*05:01:01:11	C*04:01:01:01
HG01784	EUR	IBS053	full:DogoHLA-no-graph	C	four_field	complete	1	1	0	0	C*05:01:01:11	C*04:01:01:01
HG01784	EUR	IBS053	full:DogoHLA-no-graph	DPA1	two_field	complete	1	1	1	2	DPA1*01:03:01:02	DPA1*01:03:01:12
HG01784	EUR	IBS053	full:DogoHLA-no-graph	DPA1	four_field	complete	0	0	0	0	DPA1*01:03:01:02	DPA1*01:03:01:12
HG01784	EUR	IBS053	full:DogoHLA-no-graph	DPB1	two_field	complete	1	1	1	2	DPB1*04:01:01:01	DPB1*104:01:01:01
HG01784	EUR	IBS053	full:DogoHLA-no-graph	DPB1	four_field	complete	1	1	0	0	DPB1*04:01:01:01	DPB1*104:01:01:01
HG01784	EUR	IBS053	full:DogoHLA-no-graph	DQA1	two_field	complete	1	1	0	1	DQA1*03:03:01:01	DQA1*03:01:01:07
HG01784	EUR	IBS053	full:DogoHLA-no-graph	DQA1	four_field	complete	0	0	0	0	DQA1*03:03:01:01	DQA1*03:01:01:07
HG01784	EUR	IBS053	full:DogoHLA-no-graph	DQB1	two_field	complete	1	1	1	2	DQB1*02:02:01:02	DQB1*03:01:01:01
HG01784	EUR	IBS053	full:DogoHLA-no-graph	DQB1	four_field	complete	1	1	1	2	DQB1*02:02:01:02	DQB1*03:01:01:01
HG01784	EUR	IBS053	full:DogoHLA-no-graph	DRB1	two_field	complete	1	1	1	2	DRB1*04:05:01:06	DRB1*04:01:01:03
HG01784	EUR	IBS053	full:DogoHLA-no-graph	DRB1	four_field	complete	0	0	0	0	DRB1*04:05:01:06	DRB1*04:01:01:03
HG01784	EUR	IBS053	hprc:DogoHLA	A	two_field	complete	1	1	0	1	A*02:910	A*23:01:01:01
HG01784	EUR	IBS053	hprc:DogoHLA	A	four_field	complete	1	0	0	1	A*02:910	A*23:01:01:01
HG01784	EUR	IBS053	hprc:DogoHLA	B	two_field	complete	1	1	1	2	B*44:03:01:13	B*44:02:01:55
HG01784	EUR	IBS053	hprc:DogoHLA	B	four_field	complete	0	0	0	0	B*44:03:01:13	B*44:02:01:55
HG01784	EUR	IBS053	hprc:DogoHLA	C	two_field	complete	1	1	1	2	C*05:01:01:11	C*04:01:01:01
HG01784	EUR	IBS053	hprc:DogoHLA	C	four_field	complete	1	1	0	0	C*05:01:01:11	C*04:01:01:01
HG01784	EUR	IBS053	hprc:DogoHLA	DPA1	two_field	complete	1	1	1	2	DPA1*01:03:01:02	DPA1*01:03:01:12
HG01784	EUR	IBS053	hprc:DogoHLA	DPA1	four_field	complete	0	0	0	0	DPA1*01:03:01:02	DPA1*01:03:01:12
HG01784	EUR	IBS053	hprc:DogoHLA	DPB1	two_field	complete	1	1	1	2	DPB1*04:01:01:01	DPB1*104:01:01:01
HG01784	EUR	IBS053	hprc:DogoHLA	DPB1	four_field	complete	1	1	0	0	DPB1*04:01:01:01	DPB1*104:01:01:01
HG01784	EUR	IBS053	hprc:DogoHLA	DQA1	two_field	complete	1	1	0	1	DQA1*03:03:01:01	DQA1*03:01:01:07
HG01784	EUR	IBS053	hprc:DogoHLA	DQA1	four_field	complete	0	0	0	0	DQA1*03:03:01:01	DQA1*03:01:01:07
HG01784	EUR	IBS053	hprc:DogoHLA	DQB1	two_field	complete	1	1	1	2	DQB1*02:02:01:02	DQB1*03:01:01:01
HG01784	EUR	IBS053	hprc:DogoHLA	DQB1	four_field	complete	1	1	1	2	DQB1*02:02:01:02	DQB1*03:01:01:01
HG01784	EUR	IBS053	hprc:DogoHLA	DRB1	two_field	complete	1	1	1	2	DRB1*04:05:01:06	DRB1*04:01:01:03
HG01784	EUR	IBS053	hprc:DogoHLA	DRB1	four_field	complete	0	0	0	0	DRB1*04:05:01:06	DRB1*04:01:01:03
HG01784	EUR	IBS053	hprc:DogoHLA-no-graph	A	two_field	complete	1	1	0	1	A*02:910	A*23:01:01:01
HG01784	EUR	IBS053	hprc:DogoHLA-no-graph	A	four_field	complete	1	0	0	1	A*02:910	A*23:01:01:01
HG01784	EUR	IBS053	hprc:DogoHLA-no-graph	B	two_field	complete	1	1	1	2	B*44:03:01:13	B*44:02:01:55
HG01784	EUR	IBS053	hprc:DogoHLA-no-graph	B	four_field	complete	0	0	0	0	B*44:03:01:13	B*44:02:01:55
HG01784	EUR	IBS053	hprc:DogoHLA-no-graph	C	two_field	complete	1	1	1	2	C*05:01:01:11	C*04:01:01:01
HG01784	EUR	IBS053	hprc:DogoHLA-no-graph	C	four_field	complete	1	1	0	0	C*05:01:01:11	C*04:01:01:01
HG01784	EUR	IBS053	hprc:DogoHLA-no-graph	DPA1	two_field	complete	1	1	1	2	DPA1*01:03:01:02	DPA1*01:03:01:12
HG01784	EUR	IBS053	hprc:DogoHLA-no-graph	DPA1	four_field	complete	0	0	0	0	DPA1*01:03:01:02	DPA1*01:03:01:12
HG01784	EUR	IBS053	hprc:DogoHLA-no-graph	DPB1	two_field	complete	1	1	1	2	DPB1*04:01:01:01	DPB1*104:01:01:01
HG01784	EUR	IBS053	hprc:DogoHLA-no-graph	DPB1	four_field	complete	1	1	0	0	DPB1*04:01:01:01	DPB1*104:01:01:01
HG01784	EUR	IBS053	hprc:DogoHLA-no-graph	DQA1	two_field	complete	1	1	0	1	DQA1*03:03:01:01	DQA1*03:01:01:07
HG01784	EUR	IBS053	hprc:DogoHLA-no-graph	DQA1	four_field	complete	0	0	0	0	DQA1*03:03:01:01	DQA1*03:01:01:07
HG01784	EUR	IBS053	hprc:DogoHLA-no-graph	DQB1	two_field	complete	1	1	1	2	DQB1*02:02:01:02	DQB1*03:01:01:01
HG01784	EUR	IBS053	hprc:DogoHLA-no-graph	DQB1	four_field	complete	1	1	1	2	DQB1*02:02:01:02	DQB1*03:01:01:01
HG01784	EUR	IBS053	hprc:DogoHLA-no-graph	DRB1	two_field	complete	1	1	1	2	DRB1*04:05:01:06	DRB1*04:01:01:03
HG01784	EUR	IBS053	hprc:DogoHLA-no-graph	DRB1	four_field	complete	0	0	0	0	DRB1*04:05:01:06	DRB1*04:01:01:03
HG01784	EUR	IBS053	asian_matched:DogoHLA	A	two_field	complete	1	1	0	1	A*02:910	A*23:01:01:01
HG01784	EUR	IBS053	asian_matched:DogoHLA	A	four_field	complete	1	0	0	1	A*02:910	A*23:01:01:01
HG01784	EUR	IBS053	asian_matched:DogoHLA	B	two_field	complete	1	1	1	2	B*44:03:01:13	B*44:02:01:55
HG01784	EUR	IBS053	asian_matched:DogoHLA	B	four_field	complete	0	0	0	0	B*44:03:01:13	B*44:02:01:55
HG01784	EUR	IBS053	asian_matched:DogoHLA	C	two_field	complete	1	1	1	2	C*05:01:01:11	C*04:01:01:01
HG01784	EUR	IBS053	asian_matched:DogoHLA	C	four_field	complete	1	1	0	0	C*05:01:01:11	C*04:01:01:01
HG01784	EUR	IBS053	asian_matched:DogoHLA	DPA1	two_field	complete	1	1	1	2	DPA1*01:03:01:02	DPA1*01:03:01:12
HG01784	EUR	IBS053	asian_matched:DogoHLA	DPA1	four_field	complete	0	0	0	0	DPA1*01:03:01:02	DPA1*01:03:01:12
HG01784	EUR	IBS053	asian_matched:DogoHLA	DPB1	two_field	complete	1	1	1	2	DPB1*04:01:01:01	DPB1*104:01:01:01
HG01784	EUR	IBS053	asian_matched:DogoHLA	DPB1	four_field	complete	1	1	0	0	DPB1*04:01:01:01	DPB1*104:01:01:01
HG01784	EUR	IBS053	asian_matched:DogoHLA	DQA1	two_field	complete	1	1	0	1	DQA1*03:03:01:01	DQA1*03:01:01:07
HG01784	EUR	IBS053	asian_matched:DogoHLA	DQA1	four_field	complete	0	0	0	0	DQA1*03:03:01:01	DQA1*03:01:01:07
HG01784	EUR	IBS053	asian_matched:DogoHLA	DQB1	two_field	complete	1	1	1	2	DQB1*02:02:01:02	DQB1*03:01:01:01
HG01784	EUR	IBS053	asian_matched:DogoHLA	DQB1	four_field	complete	1	1	1	2	DQB1*02:02:01:02	DQB1*03:01:01:01
HG01784	EUR	IBS053	asian_matched:DogoHLA	DRB1	two_field	complete	1	1	1	2	DRB1*04:05:01:06	DRB1*04:01:01:03
HG01784	EUR	IBS053	asian_matched:DogoHLA	DRB1	four_field	complete	0	0	0	0	DRB1*04:05:01:06	DRB1*04:01:01:03
HG01784	EUR	IBS053	asian_matched:DogoHLA-no-graph	A	two_field	complete	1	1	0	1	A*02:910	A*23:01:01:01
HG01784	EUR	IBS053	asian_matched:DogoHLA-no-graph	A	four_field	complete	1	0	0	1	A*02:910	A*23:01:01:01
HG01784	EUR	IBS053	asian_matched:DogoHLA-no-graph	B	two_field	complete	1	1	1	2	B*44:03:01:13	B*44:02:01:55
HG01784	EUR	IBS053	asian_matched:DogoHLA-no-graph	B	four_field	complete	0	0	0	0	B*44:03:01:13	B*44:02:01:55
HG01784	EUR	IBS053	asian_matched:DogoHLA-no-graph	C	two_field	complete	1	1	1	2	C*05:01:01:11	C*04:01:01:01
HG01784	EUR	IBS053	asian_matched:DogoHLA-no-graph	C	four_field	complete	1	1	0	0	C*05:01:01:11	C*04:01:01:01
HG01784	EUR	IBS053	asian_matched:DogoHLA-no-graph	DPA1	two_field	complete	1	1	1	2	DPA1*01:03:01:02	DPA1*01:03:01:12
HG01784	EUR	IBS053	asian_matched:DogoHLA-no-graph	DPA1	four_field	complete	0	0	0	0	DPA1*01:03:01:02	DPA1*01:03:01:12
HG01784	EUR	IBS053	asian_matched:DogoHLA-no-graph	DPB1	two_field	complete	1	1	1	2	DPB1*04:01:01:01	DPB1*104:01:01:01
HG01784	EUR	IBS053	asian_matched:DogoHLA-no-graph	DPB1	four_field	complete	1	1	0	0	DPB1*04:01:01:01	DPB1*104:01:01:01
HG01784	EUR	IBS053	asian_matched:DogoHLA-no-graph	DQA1	two_field	complete	1	1	0	1	DQA1*03:03:01:01	DQA1*03:01:01:07
HG01784	EUR	IBS053	asian_matched:DogoHLA-no-graph	DQA1	four_field	complete	0	0	0	0	DQA1*03:03:01:01	DQA1*03:01:01:07
HG01784	EUR	IBS053	asian_matched:DogoHLA-no-graph	DQB1	two_field	complete	1	1	1	2	DQB1*02:02:01:02	DQB1*03:01:01:01
HG01784	EUR	IBS053	asian_matched:DogoHLA-no-graph	DQB1	four_field	complete	1	1	1	2	DQB1*02:02:01:02	DQB1*03:01:01:01
HG01784	EUR	IBS053	asian_matched:DogoHLA-no-graph	DRB1	two_field	complete	1	1	1	2	DRB1*04:05:01:06	DRB1*04:01:01:03
HG01784	EUR	IBS053	asian_matched:DogoHLA-no-graph	DRB1	four_field	complete	0	0	0	0	DRB1*04:05:01:06	DRB1*04:01:01:03
NA20809	EUR	NA20809	SpecHLA-IPD365-noFreq	A	two_field	complete	1	1	0	0	A*29:194	A*03:440
NA20809	EUR	NA20809	SpecHLA-IPD365-noFreq	A	four_field	complete	1	0	0	0	A*29:194	A*03:440
NA20809	EUR	NA20809	SpecHLA-IPD365-noFreq	B	two_field	complete	1	1	1	2	B*07:02:01:01	B*44:03:01:04
NA20809	EUR	NA20809	SpecHLA-IPD365-noFreq	B	four_field	complete	0	0	0	0	B*07:02:01:01	B*44:03:01:04
NA20809	EUR	NA20809	SpecHLA-IPD365-noFreq	C	two_field	complete	1	1	1	2	C*16:01:01:01	C*07:02:01:03
NA20809	EUR	NA20809	SpecHLA-IPD365-noFreq	C	four_field	complete	1	1	1	2	C*16:01:01:01	C*07:02:01:03
NA20809	EUR	NA20809	SpecHLA-IPD365-noFreq	DPA1	two_field	complete	1	1	1	2	DPA1*01:03:01:02	DPA1*01:03:01:02
NA20809	EUR	NA20809	SpecHLA-IPD365-noFreq	DPA1	four_field	complete	1	1	1	2	DPA1*01:03:01:02	DPA1*01:03:01:02
NA20809	EUR	NA20809	SpecHLA-IPD365-noFreq	DPB1	two_field	complete	1	1	1	2	DPB1*04:01:01:01	DPB1*04:01:01:01
NA20809	EUR	NA20809	SpecHLA-IPD365-noFreq	DPB1	four_field	complete	1	1	1	2	DPB1*04:01:01:01	DPB1*04:01:01:01
NA20809	EUR	NA20809	SpecHLA-IPD365-noFreq	DQA1	two_field	complete	1	1	1	2	DQA1*01:01:01:01	DQA1*03:01:19
NA20809	EUR	NA20809	SpecHLA-IPD365-noFreq	DQA1	four_field	complete	1	0	0	1	DQA1*01:01:01:01	DQA1*03:01:19
NA20809	EUR	NA20809	SpecHLA-IPD365-noFreq	DQB1	two_field	complete	1	1	1	2	DQB1*03:02:01:02	DQB1*05:01:01:01
NA20809	EUR	NA20809	SpecHLA-IPD365-noFreq	DQB1	four_field	complete	1	1	0	1	DQB1*03:02:01:02	DQB1*05:01:01:01
NA20809	EUR	NA20809	SpecHLA-IPD365-noFreq	DRB1	two_field	complete	1	1	0	1	DRB1*04:03:01:01	DRB1*01:01:01:01
NA20809	EUR	NA20809	SpecHLA-IPD365-noFreq	DRB1	four_field	complete	0	0	0	0	DRB1*04:03:01:01	DRB1*01:01:01:01
NA20809	EUR	NA20809	SpecHLA-IPD365-long-noFreq	A	two_field	complete	1	1	0	1	A*29:02:01:39	A*03:440
NA20809	EUR	NA20809	SpecHLA-IPD365-long-noFreq	A	four_field	complete	1	0	0	0	A*29:02:01:39	A*03:440
NA20809	EUR	NA20809	SpecHLA-IPD365-long-noFreq	B	two_field	complete	1	1	1	2	B*07:02:01:01	B*44:03:01:04
NA20809	EUR	NA20809	SpecHLA-IPD365-long-noFreq	B	four_field	complete	0	0	0	0	B*07:02:01:01	B*44:03:01:04
NA20809	EUR	NA20809	SpecHLA-IPD365-long-noFreq	C	two_field	complete	1	1	1	2	C*16:01:01:01	C*07:02:01:03
NA20809	EUR	NA20809	SpecHLA-IPD365-long-noFreq	C	four_field	complete	1	1	1	2	C*16:01:01:01	C*07:02:01:03
NA20809	EUR	NA20809	SpecHLA-IPD365-long-noFreq	DPA1	two_field	complete	1	1	1	2	DPA1*01:03:01:02	DPA1*01:03:01:02
NA20809	EUR	NA20809	SpecHLA-IPD365-long-noFreq	DPA1	four_field	complete	1	1	1	2	DPA1*01:03:01:02	DPA1*01:03:01:02
NA20809	EUR	NA20809	SpecHLA-IPD365-long-noFreq	DPB1	two_field	complete	1	1	1	2	DPB1*04:01:01:01	DPB1*04:01:01:01
NA20809	EUR	NA20809	SpecHLA-IPD365-long-noFreq	DPB1	four_field	complete	1	1	1	2	DPB1*04:01:01:01	DPB1*04:01:01:01
NA20809	EUR	NA20809	SpecHLA-IPD365-long-noFreq	DQA1	two_field	complete	1	1	1	2	DQA1*01:01:01:01	DQA1*03:01:19
NA20809	EUR	NA20809	SpecHLA-IPD365-long-noFreq	DQA1	four_field	complete	1	0	0	1	DQA1*01:01:01:01	DQA1*03:01:19
NA20809	EUR	NA20809	SpecHLA-IPD365-long-noFreq	DQB1	two_field	complete	1	1	1	2	DQB1*03:02:01:02	DQB1*05:01:01:01
NA20809	EUR	NA20809	SpecHLA-IPD365-long-noFreq	DQB1	four_field	complete	1	1	0	1	DQB1*03:02:01:02	DQB1*05:01:01:01
NA20809	EUR	NA20809	SpecHLA-IPD365-long-noFreq	DRB1	two_field	complete	1	1	1	2	DRB1*01:01:01:01	DRB1*04:04:01:16
NA20809	EUR	NA20809	SpecHLA-IPD365-long-noFreq	DRB1	four_field	complete	0	0	0	0	DRB1*01:01:01:01	DRB1*04:04:01:16
NA20809	EUR	NA20809	T1K-four-field	A	two_field	complete	1	1	1	2	A*29:02:01:01	A*03:01:01:01
NA20809	EUR	NA20809	T1K-four-field	A	four_field	complete	1	1	1	2	A*29:02:01:01	A*03:01:01:01
NA20809	EUR	NA20809	T1K-four-field	B	two_field	complete	1	1	1	2	B*07:02:01:01	B*44:03:01:01
NA20809	EUR	NA20809	T1K-four-field	B	four_field	complete	0	0	0	0	B*07:02:01:01	B*44:03:01:01
NA20809	EUR	NA20809	T1K-four-field	C	two_field	complete	1	1	1	2	C*07:02:01:03	C*16:01:01:01
NA20809	EUR	NA20809	T1K-four-field	C	four_field	complete	1	1	1	2	C*07:02:01:03	C*16:01:01:01
NA20809	EUR	NA20809	T1K-four-field	DPA1	two_field	complete	1	1	1	2	DPA1*01:03:01:02	DPA1*01:03:01:02
NA20809	EUR	NA20809	T1K-four-field	DPA1	four_field	complete	1	1	1	2	DPA1*01:03:01:02	DPA1*01:03:01:02
NA20809	EUR	NA20809	T1K-four-field	DPB1	two_field	complete	1	1	1	2	DPB1*04:01:01:01	DPB1*04:01:01:01
NA20809	EUR	NA20809	T1K-four-field	DPB1	four_field	complete	1	1	1	2	DPB1*04:01:01:01	DPB1*04:01:01:01
NA20809	EUR	NA20809	T1K-four-field	DQA1	two_field	complete	1	1	1	2	DQA1*01:01:01:01	DQA1*03:01:01:01
NA20809	EUR	NA20809	T1K-four-field	DQA1	four_field	complete	1	1	1	2	DQA1*01:01:01:01	DQA1*03:01:01:01
NA20809	EUR	NA20809	T1K-four-field	DQB1	two_field	complete	1	1	1	2	DQB1*03:02:01:02	DQB1*05:01:01:01
NA20809	EUR	NA20809	T1K-four-field	DQB1	four_field	complete	1	1	0	1	DQB1*03:02:01:02	DQB1*05:01:01:01
NA20809	EUR	NA20809	T1K-four-field	DRB1	two_field	complete	1	1	1	2	DRB1*01:01:01:01	DRB1*04:04:01:04,HLA-DRB1*04:04:01:15
NA20809	EUR	NA20809	T1K-four-field	DRB1	four_field	complete	0	0	0	0	DRB1*01:01:01:01	DRB1*04:04:01:04,HLA-DRB1*04:04:01:15
NA20809	EUR	NA20809	full:DogoHLA	A	two_field	complete	1	1	0	0	A*03:440	A*29:194
NA20809	EUR	NA20809	full:DogoHLA	A	four_field	complete	1	0	0	0	A*03:440	A*29:194
NA20809	EUR	NA20809	full:DogoHLA	B	two_field	complete	1	1	1	2	B*07:02:01:01	B*44:03:01:04
NA20809	EUR	NA20809	full:DogoHLA	B	four_field	complete	0	0	0	0	B*07:02:01:01	B*44:03:01:04
NA20809	EUR	NA20809	full:DogoHLA	C	two_field	complete	1	1	1	2	C*16:01:01:01	C*07:02:01:03
NA20809	EUR	NA20809	full:DogoHLA	C	four_field	complete	1	1	1	2	C*16:01:01:01	C*07:02:01:03
NA20809	EUR	NA20809	full:DogoHLA	DPA1	two_field	complete	1	1	1	2	DPA1*01:03:01:02	DPA1*01:03:01:02
NA20809	EUR	NA20809	full:DogoHLA	DPA1	four_field	complete	1	1	1	2	DPA1*01:03:01:02	DPA1*01:03:01:02
NA20809	EUR	NA20809	full:DogoHLA	DPB1	two_field	complete	1	1	1	2	DPB1*04:01:01:01	DPB1*04:01:01:01
NA20809	EUR	NA20809	full:DogoHLA	DPB1	four_field	complete	1	1	1	2	DPB1*04:01:01:01	DPB1*04:01:01:01
NA20809	EUR	NA20809	full:DogoHLA	DQA1	two_field	complete	1	1	1	2	DQA1*01:01:01:01	DQA1*03:01:19
NA20809	EUR	NA20809	full:DogoHLA	DQA1	four_field	complete	1	0	0	1	DQA1*01:01:01:01	DQA1*03:01:19
NA20809	EUR	NA20809	full:DogoHLA	DQB1	two_field	complete	1	1	1	2	DQB1*05:01:01:01	DQB1*03:02:01:02
NA20809	EUR	NA20809	full:DogoHLA	DQB1	four_field	complete	1	1	0	1	DQB1*05:01:01:01	DQB1*03:02:01:02
NA20809	EUR	NA20809	full:DogoHLA	DRB1	two_field	complete	1	1	0	1	DRB1*04:03:01:01	DRB1*01:01:01:01
NA20809	EUR	NA20809	full:DogoHLA	DRB1	four_field	complete	0	0	0	0	DRB1*04:03:01:01	DRB1*01:01:01:01
NA20809	EUR	NA20809	full:DogoHLA-no-graph	A	two_field	complete	1	1	0	0	A*03:440	A*29:160
NA20809	EUR	NA20809	full:DogoHLA-no-graph	A	four_field	complete	1	0	0	0	A*03:440	A*29:160
NA20809	EUR	NA20809	full:DogoHLA-no-graph	B	two_field	complete	1	1	1	2	B*07:02:01:01	B*44:03:01:04
NA20809	EUR	NA20809	full:DogoHLA-no-graph	B	four_field	complete	0	0	0	0	B*07:02:01:01	B*44:03:01:04
NA20809	EUR	NA20809	full:DogoHLA-no-graph	C	two_field	complete	1	1	1	2	C*16:01:01:01	C*07:02:01:03
NA20809	EUR	NA20809	full:DogoHLA-no-graph	C	four_field	complete	1	1	1	2	C*16:01:01:01	C*07:02:01:03
NA20809	EUR	NA20809	full:DogoHLA-no-graph	DPA1	two_field	complete	1	1	1	2	DPA1*01:03:01:02	DPA1*01:03:01:02
NA20809	EUR	NA20809	full:DogoHLA-no-graph	DPA1	four_field	complete	1	1	1	2	DPA1*01:03:01:02	DPA1*01:03:01:02
NA20809	EUR	NA20809	full:DogoHLA-no-graph	DPB1	two_field	complete	1	1	1	2	DPB1*04:01:01:01	DPB1*04:01:01:01
NA20809	EUR	NA20809	full:DogoHLA-no-graph	DPB1	four_field	complete	1	1	1	2	DPB1*04:01:01:01	DPB1*04:01:01:01
NA20809	EUR	NA20809	full:DogoHLA-no-graph	DQA1	two_field	complete	1	1	1	2	DQA1*01:01:01:01	DQA1*03:01:19
NA20809	EUR	NA20809	full:DogoHLA-no-graph	DQA1	four_field	complete	1	0	0	1	DQA1*01:01:01:01	DQA1*03:01:19
NA20809	EUR	NA20809	full:DogoHLA-no-graph	DQB1	two_field	complete	1	1	1	2	DQB1*05:01:01:01	DQB1*03:02:01:02
NA20809	EUR	NA20809	full:DogoHLA-no-graph	DQB1	four_field	complete	1	1	0	1	DQB1*05:01:01:01	DQB1*03:02:01:02
NA20809	EUR	NA20809	full:DogoHLA-no-graph	DRB1	two_field	complete	1	1	0	1	DRB1*04:03:01:01	DRB1*01:01:01:01
NA20809	EUR	NA20809	full:DogoHLA-no-graph	DRB1	four_field	complete	0	0	0	0	DRB1*04:03:01:01	DRB1*01:01:01:01
NA20809	EUR	NA20809	hprc:DogoHLA	A	two_field	complete	1	1	0	0	A*03:440	A*11:335:01
NA20809	EUR	NA20809	hprc:DogoHLA	A	four_field	complete	1	0	0	0	A*03:440	A*11:335:01
NA20809	EUR	NA20809	hprc:DogoHLA	B	two_field	complete	1	1	1	2	B*07:02:01:01	B*44:03:01:04
NA20809	EUR	NA20809	hprc:DogoHLA	B	four_field	complete	0	0	0	0	B*07:02:01:01	B*44:03:01:04
NA20809	EUR	NA20809	hprc:DogoHLA	C	two_field	complete	1	1	1	2	C*16:01:01:01	C*07:02:01:03
NA20809	EUR	NA20809	hprc:DogoHLA	C	four_field	complete	1	1	1	2	C*16:01:01:01	C*07:02:01:03
NA20809	EUR	NA20809	hprc:DogoHLA	DPA1	two_field	complete	1	1	1	2	DPA1*01:03:01:02	DPA1*01:03:01:02
NA20809	EUR	NA20809	hprc:DogoHLA	DPA1	four_field	complete	1	1	1	2	DPA1*01:03:01:02	DPA1*01:03:01:02
NA20809	EUR	NA20809	hprc:DogoHLA	DPB1	two_field	complete	1	1	1	2	DPB1*04:01:01:01	DPB1*04:01:01:01
NA20809	EUR	NA20809	hprc:DogoHLA	DPB1	four_field	complete	1	1	1	2	DPB1*04:01:01:01	DPB1*04:01:01:01
NA20809	EUR	NA20809	hprc:DogoHLA	DQA1	two_field	complete	1	1	1	2	DQA1*01:01:01:01	DQA1*03:01:19
NA20809	EUR	NA20809	hprc:DogoHLA	DQA1	four_field	complete	1	0	0	1	DQA1*01:01:01:01	DQA1*03:01:19
NA20809	EUR	NA20809	hprc:DogoHLA	DQB1	two_field	complete	1	1	1	2	DQB1*05:01:01:01	DQB1*03:02:01:02
NA20809	EUR	NA20809	hprc:DogoHLA	DQB1	four_field	complete	1	1	0	1	DQB1*05:01:01:01	DQB1*03:02:01:02
NA20809	EUR	NA20809	hprc:DogoHLA	DRB1	two_field	complete	1	1	0	1	DRB1*04:03:01:01	DRB1*01:01:01:01
NA20809	EUR	NA20809	hprc:DogoHLA	DRB1	four_field	complete	0	0	0	0	DRB1*04:03:01:01	DRB1*01:01:01:01
NA20809	EUR	NA20809	hprc:DogoHLA-no-graph	A	two_field	complete	1	1	0	0	A*03:440	A*11:335:01
NA20809	EUR	NA20809	hprc:DogoHLA-no-graph	A	four_field	complete	1	0	0	0	A*03:440	A*11:335:01
NA20809	EUR	NA20809	hprc:DogoHLA-no-graph	B	two_field	complete	1	1	1	2	B*07:02:01:01	B*44:03:01:04
NA20809	EUR	NA20809	hprc:DogoHLA-no-graph	B	four_field	complete	0	0	0	0	B*07:02:01:01	B*44:03:01:04
NA20809	EUR	NA20809	hprc:DogoHLA-no-graph	C	two_field	complete	1	1	1	2	C*16:01:01:01	C*07:02:01:03
NA20809	EUR	NA20809	hprc:DogoHLA-no-graph	C	four_field	complete	1	1	1	2	C*16:01:01:01	C*07:02:01:03
NA20809	EUR	NA20809	hprc:DogoHLA-no-graph	DPA1	two_field	complete	1	1	1	2	DPA1*01:03:01:02	DPA1*01:03:01:02
NA20809	EUR	NA20809	hprc:DogoHLA-no-graph	DPA1	four_field	complete	1	1	1	2	DPA1*01:03:01:02	DPA1*01:03:01:02
NA20809	EUR	NA20809	hprc:DogoHLA-no-graph	DPB1	two_field	complete	1	1	1	2	DPB1*04:01:01:01	DPB1*04:01:01:01
NA20809	EUR	NA20809	hprc:DogoHLA-no-graph	DPB1	four_field	complete	1	1	1	2	DPB1*04:01:01:01	DPB1*04:01:01:01
NA20809	EUR	NA20809	hprc:DogoHLA-no-graph	DQA1	two_field	complete	1	1	1	2	DQA1*01:01:01:01	DQA1*03:01:19
NA20809	EUR	NA20809	hprc:DogoHLA-no-graph	DQA1	four_field	complete	1	0	0	1	DQA1*01:01:01:01	DQA1*03:01:19
NA20809	EUR	NA20809	hprc:DogoHLA-no-graph	DQB1	two_field	complete	1	1	1	2	DQB1*05:01:01:01	DQB1*03:02:01:02
NA20809	EUR	NA20809	hprc:DogoHLA-no-graph	DQB1	four_field	complete	1	1	0	1	DQB1*05:01:01:01	DQB1*03:02:01:02
NA20809	EUR	NA20809	hprc:DogoHLA-no-graph	DRB1	two_field	complete	1	1	0	1	DRB1*04:03:01:01	DRB1*01:01:01:01
NA20809	EUR	NA20809	hprc:DogoHLA-no-graph	DRB1	four_field	complete	0	0	0	0	DRB1*04:03:01:01	DRB1*01:01:01:01
NA20809	EUR	NA20809	asian_matched:DogoHLA	A	two_field	complete	1	1	0	0	A*03:440	A*11:335:01
NA20809	EUR	NA20809	asian_matched:DogoHLA	A	four_field	complete	1	0	0	0	A*03:440	A*11:335:01
NA20809	EUR	NA20809	asian_matched:DogoHLA	B	two_field	complete	1	1	1	2	B*07:02:01:01	B*44:03:01:04
NA20809	EUR	NA20809	asian_matched:DogoHLA	B	four_field	complete	0	0	0	0	B*07:02:01:01	B*44:03:01:04
NA20809	EUR	NA20809	asian_matched:DogoHLA	C	two_field	complete	1	1	1	2	C*16:01:01:01	C*07:02:01:03
NA20809	EUR	NA20809	asian_matched:DogoHLA	C	four_field	complete	1	1	1	2	C*16:01:01:01	C*07:02:01:03
NA20809	EUR	NA20809	asian_matched:DogoHLA	DPA1	two_field	complete	1	1	1	2	DPA1*01:03:01:02	DPA1*01:03:01:02
NA20809	EUR	NA20809	asian_matched:DogoHLA	DPA1	four_field	complete	1	1	1	2	DPA1*01:03:01:02	DPA1*01:03:01:02
NA20809	EUR	NA20809	asian_matched:DogoHLA	DPB1	two_field	complete	1	1	1	2	DPB1*04:01:01:01	DPB1*04:01:01:01
NA20809	EUR	NA20809	asian_matched:DogoHLA	DPB1	four_field	complete	1	1	1	2	DPB1*04:01:01:01	DPB1*04:01:01:01
NA20809	EUR	NA20809	asian_matched:DogoHLA	DQA1	two_field	complete	1	1	1	2	DQA1*01:01:01:01	DQA1*03:01:19
NA20809	EUR	NA20809	asian_matched:DogoHLA	DQA1	four_field	complete	1	0	0	1	DQA1*01:01:01:01	DQA1*03:01:19
NA20809	EUR	NA20809	asian_matched:DogoHLA	DQB1	two_field	complete	1	1	1	2	DQB1*05:01:01:01	DQB1*03:02:01:02
NA20809	EUR	NA20809	asian_matched:DogoHLA	DQB1	four_field	complete	1	1	0	1	DQB1*05:01:01:01	DQB1*03:02:01:02
NA20809	EUR	NA20809	asian_matched:DogoHLA	DRB1	two_field	complete	1	1	0	1	DRB1*04:03:01:01	DRB1*01:01:01:01
NA20809	EUR	NA20809	asian_matched:DogoHLA	DRB1	four_field	complete	0	0	0	0	DRB1*04:03:01:01	DRB1*01:01:01:01
NA20809	EUR	NA20809	asian_matched:DogoHLA-no-graph	A	two_field	complete	1	1	0	0	A*03:440	A*11:335:01
NA20809	EUR	NA20809	asian_matched:DogoHLA-no-graph	A	four_field	complete	1	0	0	0	A*03:440	A*11:335:01
NA20809	EUR	NA20809	asian_matched:DogoHLA-no-graph	B	two_field	complete	1	1	1	2	B*07:02:01:01	B*44:03:01:04
NA20809	EUR	NA20809	asian_matched:DogoHLA-no-graph	B	four_field	complete	0	0	0	0	B*07:02:01:01	B*44:03:01:04
NA20809	EUR	NA20809	asian_matched:DogoHLA-no-graph	C	two_field	complete	1	1	1	2	C*16:01:01:01	C*07:02:01:03
NA20809	EUR	NA20809	asian_matched:DogoHLA-no-graph	C	four_field	complete	1	1	1	2	C*16:01:01:01	C*07:02:01:03
NA20809	EUR	NA20809	asian_matched:DogoHLA-no-graph	DPA1	two_field	complete	1	1	1	2	DPA1*01:03:01:02	DPA1*01:03:01:02
NA20809	EUR	NA20809	asian_matched:DogoHLA-no-graph	DPA1	four_field	complete	1	1	1	2	DPA1*01:03:01:02	DPA1*01:03:01:02
NA20809	EUR	NA20809	asian_matched:DogoHLA-no-graph	DPB1	two_field	complete	1	1	1	2	DPB1*04:01:01:01	DPB1*04:01:01:01
NA20809	EUR	NA20809	asian_matched:DogoHLA-no-graph	DPB1	four_field	complete	1	1	1	2	DPB1*04:01:01:01	DPB1*04:01:01:01
NA20809	EUR	NA20809	asian_matched:DogoHLA-no-graph	DQA1	two_field	complete	1	1	1	2	DQA1*01:01:01:01	DQA1*03:01:19
NA20809	EUR	NA20809	asian_matched:DogoHLA-no-graph	DQA1	four_field	complete	1	0	0	1	DQA1*01:01:01:01	DQA1*03:01:19
NA20809	EUR	NA20809	asian_matched:DogoHLA-no-graph	DQB1	two_field	complete	1	1	1	2	DQB1*05:01:01:01	DQB1*03:02:01:02
NA20809	EUR	NA20809	asian_matched:DogoHLA-no-graph	DQB1	four_field	complete	1	1	0	1	DQB1*05:01:01:01	DQB1*03:02:01:02
NA20809	EUR	NA20809	asian_matched:DogoHLA-no-graph	DRB1	two_field	complete	1	1	0	1	DRB1*04:03:01:01	DRB1*01:01:01:01
NA20809	EUR	NA20809	asian_matched:DogoHLA-no-graph	DRB1	four_field	complete	0	0	0	0	DRB1*04:03:01:01	DRB1*01:01:01:01
HG00272	EUR	HG00272	SpecHLA-IPD365-noFreq	A	two_field	complete	1	1	0	0	A*32:101Q	A*01:200
HG00272	EUR	HG00272	SpecHLA-IPD365-noFreq	A	four_field	complete	1	0	0	0	A*32:101Q	A*01:200
HG00272	EUR	HG00272	SpecHLA-IPD365-noFreq	B	two_field	complete	1	1	1	2	B*08:01:01:01	B*15:01:01:01
HG00272	EUR	HG00272	SpecHLA-IPD365-noFreq	B	four_field	complete	1	1	1	2	B*08:01:01:01	B*15:01:01:01
HG00272	EUR	HG00272	SpecHLA-IPD365-noFreq	C	two_field	complete	1	1	1	2	C*03:03:01:01	C*07:01:01:01
HG00272	EUR	HG00272	SpecHLA-IPD365-noFreq	C	four_field	complete	1	1	1	2	C*03:03:01:01	C*07:01:01:01
HG00272	EUR	HG00272	SpecHLA-IPD365-noFreq	DPA1	two_field	complete	1	1	1	2	DPA1*01:03:01:02	DPA1*02:01:02:02
HG00272	EUR	HG00272	SpecHLA-IPD365-noFreq	DPA1	four_field	complete	0	0	0	0	DPA1*01:03:01:02	DPA1*02:01:02:02
HG00272	EUR	HG00272	SpecHLA-IPD365-noFreq	DPB1	two_field	complete	1	1	1	2	DPB1*01:01:01:01	DPB1*04:01:01:01
HG00272	EUR	HG00272	SpecHLA-IPD365-noFreq	DPB1	four_field	complete	1	1	1	2	DPB1*01:01:01:01	DPB1*04:01:01:01
HG00272	EUR	HG00272	SpecHLA-IPD365-noFreq	DQA1	two_field	complete	1	1	0	1	DQA1*05:03:02	DQA1*01:03:07
HG00272	EUR	HG00272	SpecHLA-IPD365-noFreq	DQA1	four_field	complete	1	0	0	0	DQA1*05:03:02	DQA1*01:03:07
HG00272	EUR	HG00272	SpecHLA-IPD365-noFreq	DQB1	two_field	complete	1	1	1	2	DQB1*02:01:01:01	DQB1*06:03:01:01
HG00272	EUR	HG00272	SpecHLA-IPD365-noFreq	DQB1	four_field	complete	1	1	1	2	DQB1*02:01:01:01	DQB1*06:03:01:01
HG00272	EUR	HG00272	SpecHLA-IPD365-noFreq	DRB1	two_field	complete	1	1	1	2	DRB1*03:01:01:12	DRB1*13:01:01:07
HG00272	EUR	HG00272	SpecHLA-IPD365-noFreq	DRB1	four_field	complete	0	0	0	0	DRB1*03:01:01:12	DRB1*13:01:01:07
HG00272	EUR	HG00272	SpecHLA-IPD365-long-noFreq	A	two_field	complete	1	1	0	0	A*32:101Q	A*01:200
HG00272	EUR	HG00272	SpecHLA-IPD365-long-noFreq	A	four_field	complete	1	0	0	0	A*32:101Q	A*01:200
HG00272	EUR	HG00272	SpecHLA-IPD365-long-noFreq	B	two_field	complete	1	1	1	2	B*08:01:01:01	B*15:01:01:01
HG00272	EUR	HG00272	SpecHLA-IPD365-long-noFreq	B	four_field	complete	1	1	1	2	B*08:01:01:01	B*15:01:01:01
HG00272	EUR	HG00272	SpecHLA-IPD365-long-noFreq	C	two_field	complete	1	1	1	2	C*03:03:01:01	C*07:01:01:01
HG00272	EUR	HG00272	SpecHLA-IPD365-long-noFreq	C	four_field	complete	1	1	1	2	C*03:03:01:01	C*07:01:01:01
HG00272	EUR	HG00272	SpecHLA-IPD365-long-noFreq	DPA1	two_field	complete	1	1	1	2	DPA1*01:03:01:02	DPA1*02:01:02:02
HG00272	EUR	HG00272	SpecHLA-IPD365-long-noFreq	DPA1	four_field	complete	0	0	0	0	DPA1*01:03:01:02	DPA1*02:01:02:02
HG00272	EUR	HG00272	SpecHLA-IPD365-long-noFreq	DPB1	two_field	complete	1	1	1	2	DPB1*01:01:01:01	DPB1*04:01:01:01
HG00272	EUR	HG00272	SpecHLA-IPD365-long-noFreq	DPB1	four_field	complete	1	1	1	2	DPB1*01:01:01:01	DPB1*04:01:01:01
HG00272	EUR	HG00272	SpecHLA-IPD365-long-noFreq	DQA1	two_field	complete	1	1	0	1	DQA1*05:47	DQA1*01:03:07
HG00272	EUR	HG00272	SpecHLA-IPD365-long-noFreq	DQA1	four_field	complete	1	0	0	0	DQA1*05:47	DQA1*01:03:07
HG00272	EUR	HG00272	SpecHLA-IPD365-long-noFreq	DQB1	two_field	complete	1	1	1	2	DQB1*02:01:01:01	DQB1*06:03:01:01
HG00272	EUR	HG00272	SpecHLA-IPD365-long-noFreq	DQB1	four_field	complete	1	1	1	2	DQB1*02:01:01:01	DQB1*06:03:01:01
HG00272	EUR	HG00272	SpecHLA-IPD365-long-noFreq	DRB1	two_field	complete	1	1	1	2	DRB1*03:01:08:02	DRB1*13:01:01:03
HG00272	EUR	HG00272	SpecHLA-IPD365-long-noFreq	DRB1	four_field	complete	0	0	0	0	DRB1*03:01:08:02	DRB1*13:01:01:03
HG00272	EUR	HG00272	T1K-four-field	A	two_field	complete	1	1	1	2	A*32:01:01:01	A*01:01:01:01
HG00272	EUR	HG00272	T1K-four-field	A	four_field	complete	1	1	1	2	A*32:01:01:01	A*01:01:01:01
HG00272	EUR	HG00272	T1K-four-field	B	two_field	complete	1	1	1	2	B*08:01:01:01	B*15:01:01:01
HG00272	EUR	HG00272	T1K-four-field	B	four_field	complete	1	1	1	2	B*08:01:01:01	B*15:01:01:01
HG00272	EUR	HG00272	T1K-four-field	C	two_field	complete	1	1	1	2	C*07:01:01:01	C*03:03:01:01
HG00272	EUR	HG00272	T1K-four-field	C	four_field	complete	1	1	1	2	C*07:01:01:01	C*03:03:01:01
HG00272	EUR	HG00272	T1K-four-field	DPA1	two_field	complete	1	1	1	2	DPA1*02:01:02:02	DPA1*01:03:01:02
HG00272	EUR	HG00272	T1K-four-field	DPA1	four_field	complete	0	0	0	0	DPA1*02:01:02:02	DPA1*01:03:01:02
HG00272	EUR	HG00272	T1K-four-field	DPB1	two_field	complete	1	1	1	2	DPB1*04:01:01:40	DPB1*01:01:01:31
HG00272	EUR	HG00272	T1K-four-field	DPB1	four_field	complete	1	1	0	0	DPB1*04:01:01:40	DPB1*01:01:01:31
HG00272	EUR	HG00272	T1K-four-field	DQA1	two_field	complete	1	1	1	2	DQA1*05:01:01:02	DQA1*01:03:01:01
HG00272	EUR	HG00272	T1K-four-field	DQA1	four_field	complete	1	1	0	1	DQA1*05:01:01:02	DQA1*01:03:01:01
HG00272	EUR	HG00272	T1K-four-field	DQB1	two_field	complete	1	1	1	2	DQB1*02:01:01:01	DQB1*06:03:01:01
HG00272	EUR	HG00272	T1K-four-field	DQB1	four_field	complete	1	1	1	2	DQB1*02:01:01:01	DQB1*06:03:01:01
HG00272	EUR	HG00272	T1K-four-field	DRB1	two_field	complete	1	1	1	2	DRB1*03:01:01:01	DRB1*13:01:01:02
HG00272	EUR	HG00272	T1K-four-field	DRB1	four_field	complete	0	0	0	0	DRB1*03:01:01:01	DRB1*13:01:01:02
HG00272	EUR	HG00272	full:DogoHLA	A	two_field	complete	1	1	0	0	A*01:200	A*32:101Q
HG00272	EUR	HG00272	full:DogoHLA	A	four_field	complete	1	0	0	0	A*01:200	A*32:101Q
HG00272	EUR	HG00272	full:DogoHLA	B	two_field	complete	1	1	1	2	B*08:01:01:01	B*15:01:01:01
HG00272	EUR	HG00272	full:DogoHLA	B	four_field	complete	1	1	1	2	B*08:01:01:01	B*15:01:01:01
HG00272	EUR	HG00272	full:DogoHLA	C	two_field	complete	1	1	1	2	C*03:03:01:01	C*07:01:01:01
HG00272	EUR	HG00272	full:DogoHLA	C	four_field	complete	1	1	1	2	C*03:03:01:01	C*07:01:01:01
HG00272	EUR	HG00272	full:DogoHLA	DPA1	two_field	complete	1	1	1	2	DPA1*02:01:02:02	DPA1*01:03:01:02
HG00272	EUR	HG00272	full:DogoHLA	DPA1	four_field	complete	0	0	0	0	DPA1*02:01:02:02	DPA1*01:03:01:02
HG00272	EUR	HG00272	full:DogoHLA	DPB1	two_field	complete	1	1	1	2	DPB1*04:01:01:01	DPB1*01:01:01:01
HG00272	EUR	HG00272	full:DogoHLA	DPB1	four_field	complete	1	1	1	2	DPB1*04:01:01:01	DPB1*01:01:01:01
HG00272	EUR	HG00272	full:DogoHLA	DQA1	two_field	complete	1	1	1	2	DQA1*01:03:01:01	DQA1*05:01:15
HG00272	EUR	HG00272	full:DogoHLA	DQA1	four_field	complete	1	0	0	0	DQA1*01:03:01:01	DQA1*05:01:15
HG00272	EUR	HG00272	full:DogoHLA	DQB1	two_field	complete	1	1	1	2	DQB1*02:01:01:01	DQB1*06:03:01:01
HG00272	EUR	HG00272	full:DogoHLA	DQB1	four_field	complete	1	1	1	2	DQB1*02:01:01:01	DQB1*06:03:01:01
HG00272	EUR	HG00272	full:DogoHLA	DRB1	two_field	complete	1	1	1	2	DRB1*03:01:01:01	DRB1*13:01:01:01
HG00272	EUR	HG00272	full:DogoHLA	DRB1	four_field	complete	0	0	0	0	DRB1*03:01:01:01	DRB1*13:01:01:01
HG00272	EUR	HG00272	full:DogoHLA-no-graph	A	two_field	complete	1	1	0	0	A*01:200	A*32:101Q
HG00272	EUR	HG00272	full:DogoHLA-no-graph	A	four_field	complete	1	0	0	0	A*01:200	A*32:101Q
HG00272	EUR	HG00272	full:DogoHLA-no-graph	B	two_field	complete	1	1	1	2	B*08:01:01:01	B*15:01:01:01
HG00272	EUR	HG00272	full:DogoHLA-no-graph	B	four_field	complete	1	1	1	2	B*08:01:01:01	B*15:01:01:01
HG00272	EUR	HG00272	full:DogoHLA-no-graph	C	two_field	complete	1	1	1	2	C*03:03:01:01	C*07:01:01:01
HG00272	EUR	HG00272	full:DogoHLA-no-graph	C	four_field	complete	1	1	1	2	C*03:03:01:01	C*07:01:01:01
HG00272	EUR	HG00272	full:DogoHLA-no-graph	DPA1	two_field	complete	1	1	1	2	DPA1*02:01:02:02	DPA1*01:03:01:02
HG00272	EUR	HG00272	full:DogoHLA-no-graph	DPA1	four_field	complete	0	0	0	0	DPA1*02:01:02:02	DPA1*01:03:01:02
HG00272	EUR	HG00272	full:DogoHLA-no-graph	DPB1	two_field	complete	1	1	1	2	DPB1*04:01:01:01	DPB1*01:01:01:01
HG00272	EUR	HG00272	full:DogoHLA-no-graph	DPB1	four_field	complete	1	1	1	2	DPB1*04:01:01:01	DPB1*01:01:01:01
HG00272	EUR	HG00272	full:DogoHLA-no-graph	DQA1	two_field	complete	1	1	1	2	DQA1*01:03:01:01	DQA1*05:01:15
HG00272	EUR	HG00272	full:DogoHLA-no-graph	DQA1	four_field	complete	1	0	0	0	DQA1*01:03:01:01	DQA1*05:01:15
HG00272	EUR	HG00272	full:DogoHLA-no-graph	DQB1	two_field	complete	1	1	1	2	DQB1*02:01:01:01	DQB1*06:03:01:01
HG00272	EUR	HG00272	full:DogoHLA-no-graph	DQB1	four_field	complete	1	1	1	2	DQB1*02:01:01:01	DQB1*06:03:01:01
HG00272	EUR	HG00272	full:DogoHLA-no-graph	DRB1	two_field	complete	1	1	1	2	DRB1*03:01:01:01	DRB1*13:01:01:01
HG00272	EUR	HG00272	full:DogoHLA-no-graph	DRB1	four_field	complete	0	0	0	0	DRB1*03:01:01:01	DRB1*13:01:01:01
HG00272	EUR	HG00272	hprc:DogoHLA	A	two_field	complete	1	1	1	2	A*32:01:01:01	A*01:01:01:20
HG00272	EUR	HG00272	hprc:DogoHLA	A	four_field	complete	1	1	0	1	A*32:01:01:01	A*01:01:01:20
HG00272	EUR	HG00272	hprc:DogoHLA	B	two_field	complete	1	1	1	2	B*08:01:01:01	B*15:01:01:01
HG00272	EUR	HG00272	hprc:DogoHLA	B	four_field	complete	1	1	1	2	B*08:01:01:01	B*15:01:01:01
HG00272	EUR	HG00272	hprc:DogoHLA	C	two_field	complete	1	1	1	2	C*03:03:01:01	C*07:01:01:01
HG00272	EUR	HG00272	hprc:DogoHLA	C	four_field	complete	1	1	1	2	C*03:03:01:01	C*07:01:01:01
HG00272	EUR	HG00272	hprc:DogoHLA	DPA1	two_field	complete	1	1	1	2	DPA1*02:01:02:02	DPA1*01:03:01:02
HG00272	EUR	HG00272	hprc:DogoHLA	DPA1	four_field	complete	0	0	0	0	DPA1*02:01:02:02	DPA1*01:03:01:02
HG00272	EUR	HG00272	hprc:DogoHLA	DPB1	two_field	complete	1	1	1	2	DPB1*04:01:01:01	DPB1*01:01:01:01
HG00272	EUR	HG00272	hprc:DogoHLA	DPB1	four_field	complete	1	1	1	2	DPB1*04:01:01:01	DPB1*01:01:01:01
HG00272	EUR	HG00272	hprc:DogoHLA	DQA1	two_field	complete	1	1	1	2	DQA1*01:03:01:01	DQA1*05:01:15
HG00272	EUR	HG00272	hprc:DogoHLA	DQA1	four_field	complete	1	0	0	0	DQA1*01:03:01:01	DQA1*05:01:15
HG00272	EUR	HG00272	hprc:DogoHLA	DQB1	two_field	complete	1	1	1	2	DQB1*02:01:01:01	DQB1*06:03:01:01
HG00272	EUR	HG00272	hprc:DogoHLA	DQB1	four_field	complete	1	1	1	2	DQB1*02:01:01:01	DQB1*06:03:01:01
HG00272	EUR	HG00272	hprc:DogoHLA	DRB1	two_field	complete	1	1	1	2	DRB1*03:01:01:01	DRB1*13:01:01:01
HG00272	EUR	HG00272	hprc:DogoHLA	DRB1	four_field	complete	0	0	0	0	DRB1*03:01:01:01	DRB1*13:01:01:01
HG00272	EUR	HG00272	hprc:DogoHLA-no-graph	A	two_field	complete	1	1	0	1	A*32:01:01:01	A*01:461
HG00272	EUR	HG00272	hprc:DogoHLA-no-graph	A	four_field	complete	1	0	0	1	A*32:01:01:01	A*01:461
HG00272	EUR	HG00272	hprc:DogoHLA-no-graph	B	two_field	complete	1	1	1	2	B*08:01:01:01	B*15:01:01:01
HG00272	EUR	HG00272	hprc:DogoHLA-no-graph	B	four_field	complete	1	1	1	2	B*08:01:01:01	B*15:01:01:01
HG00272	EUR	HG00272	hprc:DogoHLA-no-graph	C	two_field	complete	1	1	1	2	C*03:03:01:01	C*07:01:01:01
HG00272	EUR	HG00272	hprc:DogoHLA-no-graph	C	four_field	complete	1	1	1	2	C*03:03:01:01	C*07:01:01:01
HG00272	EUR	HG00272	hprc:DogoHLA-no-graph	DPA1	two_field	complete	1	1	1	2	DPA1*02:01:02:02	DPA1*01:03:01:02
HG00272	EUR	HG00272	hprc:DogoHLA-no-graph	DPA1	four_field	complete	0	0	0	0	DPA1*02:01:02:02	DPA1*01:03:01:02
HG00272	EUR	HG00272	hprc:DogoHLA-no-graph	DPB1	two_field	complete	1	1	1	2	DPB1*04:01:01:01	DPB1*01:01:01:01
HG00272	EUR	HG00272	hprc:DogoHLA-no-graph	DPB1	four_field	complete	1	1	1	2	DPB1*04:01:01:01	DPB1*01:01:01:01
HG00272	EUR	HG00272	hprc:DogoHLA-no-graph	DQA1	two_field	complete	1	1	1	2	DQA1*01:03:01:01	DQA1*05:01:15
HG00272	EUR	HG00272	hprc:DogoHLA-no-graph	DQA1	four_field	complete	1	0	0	0	DQA1*01:03:01:01	DQA1*05:01:15
HG00272	EUR	HG00272	hprc:DogoHLA-no-graph	DQB1	two_field	complete	1	1	1	2	DQB1*02:01:01:01	DQB1*06:03:01:01
HG00272	EUR	HG00272	hprc:DogoHLA-no-graph	DQB1	four_field	complete	1	1	1	2	DQB1*02:01:01:01	DQB1*06:03:01:01
HG00272	EUR	HG00272	hprc:DogoHLA-no-graph	DRB1	two_field	complete	1	1	1	2	DRB1*03:01:01:01	DRB1*13:01:01:01
HG00272	EUR	HG00272	hprc:DogoHLA-no-graph	DRB1	four_field	complete	0	0	0	0	DRB1*03:01:01:01	DRB1*13:01:01:01
HG00272	EUR	HG00272	asian_matched:DogoHLA	A	two_field	complete	1	1	0	1	A*01:512	A*32:01:01:01
HG00272	EUR	HG00272	asian_matched:DogoHLA	A	four_field	complete	1	0	0	1	A*01:512	A*32:01:01:01
HG00272	EUR	HG00272	asian_matched:DogoHLA	B	two_field	complete	1	1	1	2	B*08:01:01:01	B*15:01:01:01
HG00272	EUR	HG00272	asian_matched:DogoHLA	B	four_field	complete	1	1	1	2	B*08:01:01:01	B*15:01:01:01
HG00272	EUR	HG00272	asian_matched:DogoHLA	C	two_field	complete	1	1	1	2	C*03:03:01:01	C*07:01:01:01
HG00272	EUR	HG00272	asian_matched:DogoHLA	C	four_field	complete	1	1	1	2	C*03:03:01:01	C*07:01:01:01
HG00272	EUR	HG00272	asian_matched:DogoHLA	DPA1	two_field	complete	1	1	1	2	DPA1*02:01:02:02	DPA1*01:03:01:02
HG00272	EUR	HG00272	asian_matched:DogoHLA	DPA1	four_field	complete	0	0	0	0	DPA1*02:01:02:02	DPA1*01:03:01:02
HG00272	EUR	HG00272	asian_matched:DogoHLA	DPB1	two_field	complete	1	1	1	2	DPB1*04:01:01:01	DPB1*01:01:01:01
HG00272	EUR	HG00272	asian_matched:DogoHLA	DPB1	four_field	complete	1	1	1	2	DPB1*04:01:01:01	DPB1*01:01:01:01
HG00272	EUR	HG00272	asian_matched:DogoHLA	DQA1	two_field	complete	1	1	1	2	DQA1*01:03:01:01	DQA1*05:01:15
HG00272	EUR	HG00272	asian_matched:DogoHLA	DQA1	four_field	complete	1	0	0	0	DQA1*01:03:01:01	DQA1*05:01:15
HG00272	EUR	HG00272	asian_matched:DogoHLA	DQB1	two_field	complete	1	1	1	2	DQB1*02:01:01:01	DQB1*06:03:01:01
HG00272	EUR	HG00272	asian_matched:DogoHLA	DQB1	four_field	complete	1	1	1	2	DQB1*02:01:01:01	DQB1*06:03:01:01
HG00272	EUR	HG00272	asian_matched:DogoHLA	DRB1	two_field	complete	1	1	1	2	DRB1*03:01:01:01	DRB1*13:01:01:01
HG00272	EUR	HG00272	asian_matched:DogoHLA	DRB1	four_field	complete	0	0	0	0	DRB1*03:01:01:01	DRB1*13:01:01:01
HG00272	EUR	HG00272	asian_matched:DogoHLA-no-graph	A	two_field	complete	1	1	0	1	A*01:512	A*32:01:01:01
HG00272	EUR	HG00272	asian_matched:DogoHLA-no-graph	A	four_field	complete	1	0	0	1	A*01:512	A*32:01:01:01
HG00272	EUR	HG00272	asian_matched:DogoHLA-no-graph	B	two_field	complete	1	1	1	2	B*08:01:01:01	B*15:01:01:01
HG00272	EUR	HG00272	asian_matched:DogoHLA-no-graph	B	four_field	complete	1	1	1	2	B*08:01:01:01	B*15:01:01:01
HG00272	EUR	HG00272	asian_matched:DogoHLA-no-graph	C	two_field	complete	1	1	1	2	C*03:03:01:01	C*07:01:01:01
HG00272	EUR	HG00272	asian_matched:DogoHLA-no-graph	C	four_field	complete	1	1	1	2	C*03:03:01:01	C*07:01:01:01
HG00272	EUR	HG00272	asian_matched:DogoHLA-no-graph	DPA1	two_field	complete	1	1	1	2	DPA1*02:01:02:02	DPA1*01:03:01:02
HG00272	EUR	HG00272	asian_matched:DogoHLA-no-graph	DPA1	four_field	complete	0	0	0	0	DPA1*02:01:02:02	DPA1*01:03:01:02
HG00272	EUR	HG00272	asian_matched:DogoHLA-no-graph	DPB1	two_field	complete	1	1	1	2	DPB1*04:01:01:01	DPB1*01:01:01:01
HG00272	EUR	HG00272	asian_matched:DogoHLA-no-graph	DPB1	four_field	complete	1	1	1	2	DPB1*04:01:01:01	DPB1*01:01:01:01
HG00272	EUR	HG00272	asian_matched:DogoHLA-no-graph	DQA1	two_field	complete	1	1	1	2	DQA1*01:03:01:01	DQA1*05:01:15
HG00272	EUR	HG00272	asian_matched:DogoHLA-no-graph	DQA1	four_field	complete	1	0	0	0	DQA1*01:03:01:01	DQA1*05:01:15
HG00272	EUR	HG00272	asian_matched:DogoHLA-no-graph	DQB1	two_field	complete	1	1	1	2	DQB1*02:01:01:01	DQB1*06:03:01:01
HG00272	EUR	HG00272	asian_matched:DogoHLA-no-graph	DQB1	four_field	complete	1	1	1	2	DQB1*02:01:01:01	DQB1*06:03:01:01
HG00272	EUR	HG00272	asian_matched:DogoHLA-no-graph	DRB1	two_field	complete	1	1	1	2	DRB1*03:01:01:01	DRB1*13:01:01:01
HG00272	EUR	HG00272	asian_matched:DogoHLA-no-graph	DRB1	four_field	complete	0	0	0	0	DRB1*03:01:01:01	DRB1*13:01:01:01
HG00133	EUR	HG00133	SpecHLA-IPD365-noFreq	A	two_field	complete	1	1	0	1	A*32:01:01:24	A*02:16
HG00133	EUR	HG00133	SpecHLA-IPD365-noFreq	A	four_field	complete	1	0	0	0	A*32:01:01:24	A*02:16
HG00133	EUR	HG00133	SpecHLA-IPD365-noFreq	B	two_field	complete	1	1	1	2	B*44:02:01:01	B*53:01:01:01
HG00133	EUR	HG00133	SpecHLA-IPD365-noFreq	B	four_field	complete	0	0	0	0	B*44:02:01:01	B*53:01:01:01
HG00133	EUR	HG00133	SpecHLA-IPD365-noFreq	C	two_field	complete	1	1	1	2	C*05:01:01:11	C*04:01:01:01
HG00133	EUR	HG00133	SpecHLA-IPD365-noFreq	C	four_field	complete	1	1	0	0	C*05:01:01:11	C*04:01:01:01
HG00133	EUR	HG00133	SpecHLA-IPD365-noFreq	DPA1	two_field	complete	1	1	1	2	DPA1*01:03:01:02	DPA1*01:03:01:02
HG00133	EUR	HG00133	SpecHLA-IPD365-noFreq	DPA1	four_field	complete	1	1	0	1	DPA1*01:03:01:02	DPA1*01:03:01:02
HG00133	EUR	HG00133	SpecHLA-IPD365-noFreq	DPB1	two_field	complete	1	1	0	0	DPB1*124:01:01:01	DPB1*702:01:01:02
HG00133	EUR	HG00133	SpecHLA-IPD365-noFreq	DPB1	four_field	complete	1	1	0	0	DPB1*124:01:01:01	DPB1*702:01:01:02
HG00133	EUR	HG00133	SpecHLA-IPD365-noFreq	DQA1	two_field	complete	1	1	1	2	DQA1*01:02:22	DQA1*03:01:01:01
HG00133	EUR	HG00133	SpecHLA-IPD365-noFreq	DQA1	four_field	complete	0	0	0	0	DQA1*01:02:22	DQA1*03:01:01:01
HG00133	EUR	HG00133	SpecHLA-IPD365-noFreq	DQB1	two_field	complete	1	1	1	2	DQB1*03:02:01:02	DQB1*06:04:01:01
HG00133	EUR	HG00133	SpecHLA-IPD365-noFreq	DQB1	four_field	complete	1	1	1	2	DQB1*03:02:01:02	DQB1*06:04:01:01
HG00133	EUR	HG00133	SpecHLA-IPD365-noFreq	DRB1	two_field	complete	1	1	0	1	DRB1*13:02:01:02	DRB1*04:312N
HG00133	EUR	HG00133	SpecHLA-IPD365-noFreq	DRB1	four_field	complete	0	0	0	0	DRB1*13:02:01:02	DRB1*04:312N
HG00133	EUR	HG00133	SpecHLA-IPD365-long-noFreq	A	two_field	complete	1	1	0	1	A*32:01:01:24	A*02:151
HG00133	EUR	HG00133	SpecHLA-IPD365-long-noFreq	A	four_field	complete	1	0	0	0	A*32:01:01:24	A*02:151
HG00133	EUR	HG00133	SpecHLA-IPD365-long-noFreq	B	two_field	complete	1	1	1	2	B*53:01:01:01	B*44:02:01:01
HG00133	EUR	HG00133	SpecHLA-IPD365-long-noFreq	B	four_field	complete	0	0	0	0	B*53:01:01:01	B*44:02:01:01
HG00133	EUR	HG00133	SpecHLA-IPD365-long-noFreq	C	two_field	complete	1	1	1	2	C*05:01:01:11	C*04:01:01:01
HG00133	EUR	HG00133	SpecHLA-IPD365-long-noFreq	C	four_field	complete	1	1	0	0	C*05:01:01:11	C*04:01:01:01
HG00133	EUR	HG00133	SpecHLA-IPD365-long-noFreq	DPA1	two_field	complete	1	1	1	2	DPA1*01:03:01:02	DPA1*01:03:01:02
HG00133	EUR	HG00133	SpecHLA-IPD365-long-noFreq	DPA1	four_field	complete	1	1	0	1	DPA1*01:03:01:02	DPA1*01:03:01:02
HG00133	EUR	HG00133	SpecHLA-IPD365-long-noFreq	DPB1	two_field	complete	1	1	0	0	DPB1*702:01:01:02	DPB1*124:01:01:01
HG00133	EUR	HG00133	SpecHLA-IPD365-long-noFreq	DPB1	four_field	complete	1	1	0	0	DPB1*702:01:01:02	DPB1*124:01:01:01
HG00133	EUR	HG00133	SpecHLA-IPD365-long-noFreq	DQA1	two_field	complete	1	1	1	2	DQA1*01:02:22	DQA1*03:01:01:01
HG00133	EUR	HG00133	SpecHLA-IPD365-long-noFreq	DQA1	four_field	complete	0	0	0	0	DQA1*01:02:22	DQA1*03:01:01:01
HG00133	EUR	HG00133	SpecHLA-IPD365-long-noFreq	DQB1	two_field	complete	1	1	1	2	DQB1*03:02:01:02	DQB1*06:04:01:01
HG00133	EUR	HG00133	SpecHLA-IPD365-long-noFreq	DQB1	four_field	complete	1	1	1	2	DQB1*03:02:01:02	DQB1*06:04:01:01
HG00133	EUR	HG00133	SpecHLA-IPD365-long-noFreq	DRB1	two_field	complete	1	1	1	2	DRB1*04:04:01:01	DRB1*13:02:01:02
HG00133	EUR	HG00133	SpecHLA-IPD365-long-noFreq	DRB1	four_field	complete	0	0	0	0	DRB1*04:04:01:01	DRB1*13:02:01:02
HG00133	EUR	HG00133	T1K-four-field	A	two_field	complete	1	1	1	2	A*32:01:01:01	A*02:01:01:01
HG00133	EUR	HG00133	T1K-four-field	A	four_field	complete	1	1	1	2	A*32:01:01:01	A*02:01:01:01
HG00133	EUR	HG00133	T1K-four-field	B	two_field	complete	1	1	1	2	B*44:02:01:01	B*53:01:01:01
HG00133	EUR	HG00133	T1K-four-field	B	four_field	complete	0	0	0	0	B*44:02:01:01	B*53:01:01:01
HG00133	EUR	HG00133	T1K-four-field	C	two_field	complete	1	1	1	2	C*04:01:01:01	C*05:01:01:02
HG00133	EUR	HG00133	T1K-four-field	C	four_field	complete	1	1	0	1	C*04:01:01:01	C*05:01:01:02
HG00133	EUR	HG00133	T1K-four-field	DPA1	two_field	complete	1	1	1	2	DPA1*01:03:01:02	DPA1*01:03:01:02
HG00133	EUR	HG00133	T1K-four-field	DPA1	four_field	complete	1	1	0	1	DPA1*01:03:01:02	DPA1*01:03:01:02
HG00133	EUR	HG00133	T1K-four-field	DPB1	two_field	complete	1	1	1	2	DPB1*104:01:01:01	DPB1*04:01:01:01
HG00133	EUR	HG00133	T1K-four-field	DPB1	four_field	complete	1	1	0	1	DPB1*104:01:01:01	DPB1*04:01:01:01
HG00133	EUR	HG00133	T1K-four-field	DQA1	two_field	complete	1	1	1	2	DQA1*03:01:01:01	DQA1*01:02:01:04
HG00133	EUR	HG00133	T1K-four-field	DQA1	four_field	complete	0	0	0	0	DQA1*03:01:01:01	DQA1*01:02:01:04
HG00133	EUR	HG00133	T1K-four-field	DQB1	two_field	complete	1	1	1	2	DQB1*03:02:01:02	DQB1*06:04:01:01
HG00133	EUR	HG00133	T1K-four-field	DQB1	four_field	complete	1	1	1	2	DQB1*03:02:01:02	DQB1*06:04:01:01
HG00133	EUR	HG00133	T1K-four-field	DRB1	two_field	complete	1	1	1	2	DRB1*04:04:01:04,HLA-DRB1*04:04:01:15	DRB1*13:02:01:05,HLA-DRB1*13:02:01:07
HG00133	EUR	HG00133	T1K-four-field	DRB1	four_field	complete	0	0	0	0	DRB1*04:04:01:04,HLA-DRB1*04:04:01:15	DRB1*13:02:01:05,HLA-DRB1*13:02:01:07
HG00133	EUR	HG00133	full:DogoHLA	A	two_field	complete	1	1	0	1	A*32:01:01:24	A*02:16
HG00133	EUR	HG00133	full:DogoHLA	A	four_field	complete	1	0	0	0	A*32:01:01:24	A*02:16
HG00133	EUR	HG00133	full:DogoHLA	B	two_field	complete	1	1	1	2	B*53:01:01:01	B*44:02:01:01
HG00133	EUR	HG00133	full:DogoHLA	B	four_field	complete	0	0	0	0	B*53:01:01:01	B*44:02:01:01
HG00133	EUR	HG00133	full:DogoHLA	C	two_field	complete	1	1	1	2	C*05:01:01:11	C*04:01:01:01
HG00133	EUR	HG00133	full:DogoHLA	C	four_field	complete	1	1	0	0	C*05:01:01:11	C*04:01:01:01
HG00133	EUR	HG00133	full:DogoHLA	DPA1	two_field	complete	1	1	1	2	DPA1*01:03:01:02	DPA1*01:03:01:02
HG00133	EUR	HG00133	full:DogoHLA	DPA1	four_field	complete	1	1	0	1	DPA1*01:03:01:02	DPA1*01:03:01:02
HG00133	EUR	HG00133	full:DogoHLA	DPB1	two_field	complete	1	1	1	2	DPB1*04:01:01:01	DPB1*104:01:01:01
HG00133	EUR	HG00133	full:DogoHLA	DPB1	four_field	complete	1	1	0	1	DPB1*04:01:01:01	DPB1*104:01:01:01
HG00133	EUR	HG00133	full:DogoHLA	DQA1	two_field	complete	1	1	1	2	DQA1*01:02:22	DQA1*03:01:01:01
HG00133	EUR	HG00133	full:DogoHLA	DQA1	four_field	complete	0	0	0	0	DQA1*01:02:22	DQA1*03:01:01:01
HG00133	EUR	HG00133	full:DogoHLA	DQB1	two_field	complete	1	1	1	2	DQB1*06:04:01:01	DQB1*03:02:01:02
HG00133	EUR	HG00133	full:DogoHLA	DQB1	four_field	complete	1	1	1	2	DQB1*06:04:01:01	DQB1*03:02:01:02
HG00133	EUR	HG00133	full:DogoHLA	DRB1	two_field	complete	1	1	0	1	DRB1*04:312N	DRB1*13:02:01:02
HG00133	EUR	HG00133	full:DogoHLA	DRB1	four_field	complete	0	0	0	0	DRB1*04:312N	DRB1*13:02:01:02
HG00133	EUR	HG00133	full:DogoHLA-no-graph	A	two_field	complete	1	1	0	1	A*32:01:01:24	A*02:16
HG00133	EUR	HG00133	full:DogoHLA-no-graph	A	four_field	complete	1	0	0	0	A*32:01:01:24	A*02:16
HG00133	EUR	HG00133	full:DogoHLA-no-graph	B	two_field	complete	1	1	1	2	B*53:01:01:01	B*44:02:01:01
HG00133	EUR	HG00133	full:DogoHLA-no-graph	B	four_field	complete	0	0	0	0	B*53:01:01:01	B*44:02:01:01
HG00133	EUR	HG00133	full:DogoHLA-no-graph	C	two_field	complete	1	1	1	2	C*05:01:01:11	C*04:01:01:01
HG00133	EUR	HG00133	full:DogoHLA-no-graph	C	four_field	complete	1	1	0	0	C*05:01:01:11	C*04:01:01:01
HG00133	EUR	HG00133	full:DogoHLA-no-graph	DPA1	two_field	complete	1	1	1	2	DPA1*01:03:01:02	DPA1*01:03:01:02
HG00133	EUR	HG00133	full:DogoHLA-no-graph	DPA1	four_field	complete	1	1	0	1	DPA1*01:03:01:02	DPA1*01:03:01:02
HG00133	EUR	HG00133	full:DogoHLA-no-graph	DPB1	two_field	complete	1	1	1	2	DPB1*04:01:01:01	DPB1*104:01:01:01
HG00133	EUR	HG00133	full:DogoHLA-no-graph	DPB1	four_field	complete	1	1	0	1	DPB1*04:01:01:01	DPB1*104:01:01:01
HG00133	EUR	HG00133	full:DogoHLA-no-graph	DQA1	two_field	complete	1	1	1	2	DQA1*01:02:22	DQA1*03:01:01:01
HG00133	EUR	HG00133	full:DogoHLA-no-graph	DQA1	four_field	complete	0	0	0	0	DQA1*01:02:22	DQA1*03:01:01:01
HG00133	EUR	HG00133	full:DogoHLA-no-graph	DQB1	two_field	complete	1	1	1	2	DQB1*06:04:01:01	DQB1*03:02:01:02
HG00133	EUR	HG00133	full:DogoHLA-no-graph	DQB1	four_field	complete	1	1	1	2	DQB1*06:04:01:01	DQB1*03:02:01:02
HG00133	EUR	HG00133	full:DogoHLA-no-graph	DRB1	two_field	complete	1	1	0	1	DRB1*04:312N	DRB1*13:02:01:02
HG00133	EUR	HG00133	full:DogoHLA-no-graph	DRB1	four_field	complete	0	0	0	0	DRB1*04:312N	DRB1*13:02:01:02
HG00133	EUR	HG00133	hprc:DogoHLA	A	two_field	complete	1	1	1	2	A*32:01:01:24	A*02:01:01:55
HG00133	EUR	HG00133	hprc:DogoHLA	A	four_field	complete	1	1	0	0	A*32:01:01:24	A*02:01:01:55
HG00133	EUR	HG00133	hprc:DogoHLA	B	two_field	complete	1	1	1	2	B*53:01:01:01	B*44:02:01:01
HG00133	EUR	HG00133	hprc:DogoHLA	B	four_field	complete	0	0	0	0	B*53:01:01:01	B*44:02:01:01
HG00133	EUR	HG00133	hprc:DogoHLA	C	two_field	complete	1	1	1	2	C*05:01:01:11	C*04:01:01:01
HG00133	EUR	HG00133	hprc:DogoHLA	C	four_field	complete	1	1	0	0	C*05:01:01:11	C*04:01:01:01
HG00133	EUR	HG00133	hprc:DogoHLA	DPA1	two_field	complete	1	1	1	2	DPA1*01:03:01:02	DPA1*01:03:01:02
HG00133	EUR	HG00133	hprc:DogoHLA	DPA1	four_field	complete	1	1	0	1	DPA1*01:03:01:02	DPA1*01:03:01:02
HG00133	EUR	HG00133	hprc:DogoHLA	DPB1	two_field	complete	1	1	1	2	DPB1*04:01:01:01	DPB1*104:01:01:01
HG00133	EUR	HG00133	hprc:DogoHLA	DPB1	four_field	complete	1	1	0	1	DPB1*04:01:01:01	DPB1*104:01:01:01
HG00133	EUR	HG00133	hprc:DogoHLA	DQA1	two_field	complete	1	1	1	2	DQA1*01:02:22	DQA1*03:01:01:01
HG00133	EUR	HG00133	hprc:DogoHLA	DQA1	four_field	complete	0	0	0	0	DQA1*01:02:22	DQA1*03:01:01:01
HG00133	EUR	HG00133	hprc:DogoHLA	DQB1	two_field	complete	1	1	1	2	DQB1*06:04:01:01	DQB1*03:02:01:02
HG00133	EUR	HG00133	hprc:DogoHLA	DQB1	four_field	complete	1	1	1	2	DQB1*06:04:01:01	DQB1*03:02:01:02
HG00133	EUR	HG00133	hprc:DogoHLA	DRB1	two_field	complete	1	1	1	2	DRB1*04:04:01:01	DRB1*13:02:01:02
HG00133	EUR	HG00133	hprc:DogoHLA	DRB1	four_field	complete	0	0	0	0	DRB1*04:04:01:01	DRB1*13:02:01:02
HG00133	EUR	HG00133	hprc:DogoHLA-no-graph	A	two_field	complete	1	1	0	1	A*32:01:01:24	A*02:16
HG00133	EUR	HG00133	hprc:DogoHLA-no-graph	A	four_field	complete	1	0	0	0	A*32:01:01:24	A*02:16
HG00133	EUR	HG00133	hprc:DogoHLA-no-graph	B	two_field	complete	1	1	1	2	B*53:01:01:01	B*44:02:01:01
HG00133	EUR	HG00133	hprc:DogoHLA-no-graph	B	four_field	complete	0	0	0	0	B*53:01:01:01	B*44:02:01:01
HG00133	EUR	HG00133	hprc:DogoHLA-no-graph	C	two_field	complete	1	1	1	2	C*05:01:01:11	C*04:01:01:01
HG00133	EUR	HG00133	hprc:DogoHLA-no-graph	C	four_field	complete	1	1	0	0	C*05:01:01:11	C*04:01:01:01
HG00133	EUR	HG00133	hprc:DogoHLA-no-graph	DPA1	two_field	complete	1	1	1	2	DPA1*01:03:01:02	DPA1*01:03:01:02
HG00133	EUR	HG00133	hprc:DogoHLA-no-graph	DPA1	four_field	complete	1	1	0	1	DPA1*01:03:01:02	DPA1*01:03:01:02
HG00133	EUR	HG00133	hprc:DogoHLA-no-graph	DPB1	two_field	complete	1	1	1	2	DPB1*04:01:01:01	DPB1*104:01:01:01
HG00133	EUR	HG00133	hprc:DogoHLA-no-graph	DPB1	four_field	complete	1	1	0	1	DPB1*04:01:01:01	DPB1*104:01:01:01
HG00133	EUR	HG00133	hprc:DogoHLA-no-graph	DQA1	two_field	complete	1	1	1	2	DQA1*01:02:22	DQA1*03:01:01:01
HG00133	EUR	HG00133	hprc:DogoHLA-no-graph	DQA1	four_field	complete	0	0	0	0	DQA1*01:02:22	DQA1*03:01:01:01
HG00133	EUR	HG00133	hprc:DogoHLA-no-graph	DQB1	two_field	complete	1	1	1	2	DQB1*06:04:01:01	DQB1*03:02:01:02
HG00133	EUR	HG00133	hprc:DogoHLA-no-graph	DQB1	four_field	complete	1	1	1	2	DQB1*06:04:01:01	DQB1*03:02:01:02
HG00133	EUR	HG00133	hprc:DogoHLA-no-graph	DRB1	two_field	complete	1	1	1	2	DRB1*04:04:01:01	DRB1*13:02:01:02
HG00133	EUR	HG00133	hprc:DogoHLA-no-graph	DRB1	four_field	complete	0	0	0	0	DRB1*04:04:01:01	DRB1*13:02:01:02
HG00133	EUR	HG00133	asian_matched:DogoHLA	A	two_field	complete	1	1	0	0	A*32:54	A*02:52
HG00133	EUR	HG00133	asian_matched:DogoHLA	A	four_field	complete	1	0	0	0	A*32:54	A*02:52
HG00133	EUR	HG00133	asian_matched:DogoHLA	B	two_field	complete	1	1	1	2	B*53:01:01:01	B*44:02:01:01
HG00133	EUR	HG00133	asian_matched:DogoHLA	B	four_field	complete	0	0	0	0	B*53:01:01:01	B*44:02:01:01
HG00133	EUR	HG00133	asian_matched:DogoHLA	C	two_field	complete	1	1	1	2	C*05:01:01:11	C*04:01:01:01
HG00133	EUR	HG00133	asian_matched:DogoHLA	C	four_field	complete	1	1	0	0	C*05:01:01:11	C*04:01:01:01
HG00133	EUR	HG00133	asian_matched:DogoHLA	DPA1	two_field	complete	1	1	1	2	DPA1*01:03:01:02	DPA1*01:03:01:02
HG00133	EUR	HG00133	asian_matched:DogoHLA	DPA1	four_field	complete	1	1	0	1	DPA1*01:03:01:02	DPA1*01:03:01:02
HG00133	EUR	HG00133	asian_matched:DogoHLA	DPB1	two_field	complete	1	1	1	2	DPB1*04:01:01:01	DPB1*104:01:01:01
HG00133	EUR	HG00133	asian_matched:DogoHLA	DPB1	four_field	complete	1	1	0	1	DPB1*04:01:01:01	DPB1*104:01:01:01
HG00133	EUR	HG00133	asian_matched:DogoHLA	DQA1	two_field	complete	1	1	1	2	DQA1*01:02:22	DQA1*03:01:01:01
HG00133	EUR	HG00133	asian_matched:DogoHLA	DQA1	four_field	complete	0	0	0	0	DQA1*01:02:22	DQA1*03:01:01:01
HG00133	EUR	HG00133	asian_matched:DogoHLA	DQB1	two_field	complete	1	1	1	2	DQB1*06:04:01:01	DQB1*03:02:01:02
HG00133	EUR	HG00133	asian_matched:DogoHLA	DQB1	four_field	complete	1	1	1	2	DQB1*06:04:01:01	DQB1*03:02:01:02
HG00133	EUR	HG00133	asian_matched:DogoHLA	DRB1	two_field	complete	1	1	0	1	DRB1*04:312N	DRB1*13:02:01:02
HG00133	EUR	HG00133	asian_matched:DogoHLA	DRB1	four_field	complete	0	0	0	0	DRB1*04:312N	DRB1*13:02:01:02
HG00133	EUR	HG00133	asian_matched:DogoHLA-no-graph	A	two_field	complete	1	1	0	0	A*32:110	A*02:52
HG00133	EUR	HG00133	asian_matched:DogoHLA-no-graph	A	four_field	complete	1	0	0	0	A*32:110	A*02:52
HG00133	EUR	HG00133	asian_matched:DogoHLA-no-graph	B	two_field	complete	1	1	1	2	B*53:01:01:01	B*44:02:01:01
HG00133	EUR	HG00133	asian_matched:DogoHLA-no-graph	B	four_field	complete	0	0	0	0	B*53:01:01:01	B*44:02:01:01
HG00133	EUR	HG00133	asian_matched:DogoHLA-no-graph	C	two_field	complete	1	1	1	2	C*05:01:01:11	C*04:01:01:01
HG00133	EUR	HG00133	asian_matched:DogoHLA-no-graph	C	four_field	complete	1	1	0	0	C*05:01:01:11	C*04:01:01:01
HG00133	EUR	HG00133	asian_matched:DogoHLA-no-graph	DPA1	two_field	complete	1	1	1	2	DPA1*01:03:01:02	DPA1*01:03:01:02
HG00133	EUR	HG00133	asian_matched:DogoHLA-no-graph	DPA1	four_field	complete	1	1	0	1	DPA1*01:03:01:02	DPA1*01:03:01:02
HG00133	EUR	HG00133	asian_matched:DogoHLA-no-graph	DPB1	two_field	complete	1	1	1	2	DPB1*04:01:01:01	DPB1*104:01:01:01
HG00133	EUR	HG00133	asian_matched:DogoHLA-no-graph	DPB1	four_field	complete	1	1	0	1	DPB1*04:01:01:01	DPB1*104:01:01:01
HG00133	EUR	HG00133	asian_matched:DogoHLA-no-graph	DQA1	two_field	complete	1	1	1	2	DQA1*01:02:22	DQA1*03:01:01:01
HG00133	EUR	HG00133	asian_matched:DogoHLA-no-graph	DQA1	four_field	complete	0	0	0	0	DQA1*01:02:22	DQA1*03:01:01:01
HG00133	EUR	HG00133	asian_matched:DogoHLA-no-graph	DQB1	two_field	complete	1	1	1	2	DQB1*06:04:01:01	DQB1*03:02:01:02
HG00133	EUR	HG00133	asian_matched:DogoHLA-no-graph	DQB1	four_field	complete	1	1	1	2	DQB1*06:04:01:01	DQB1*03:02:01:02
HG00133	EUR	HG00133	asian_matched:DogoHLA-no-graph	DRB1	two_field	complete	1	1	0	1	DRB1*04:312N	DRB1*13:02:01:02
HG00133	EUR	HG00133	asian_matched:DogoHLA-no-graph	DRB1	four_field	complete	0	0	0	0	DRB1*04:312N	DRB1*13:02:01:02
NA20805	EUR	NA20805	SpecHLA-IPD365-noFreq	A	two_field	complete	1	1	1	2	A*30:02:01:02	A*24:02:01:14
NA20805	EUR	NA20805	SpecHLA-IPD365-noFreq	A	four_field	complete	1	1	0	0	A*30:02:01:02	A*24:02:01:14
NA20805	EUR	NA20805	SpecHLA-IPD365-noFreq	B	two_field	complete	1	1	1	2	B*44:02:01:01	B*18:01:01:06
NA20805	EUR	NA20805	SpecHLA-IPD365-noFreq	B	four_field	complete	1	1	1	2	B*44:02:01:01	B*18:01:01:06
NA20805	EUR	NA20805	SpecHLA-IPD365-noFreq	C	two_field	complete	1	1	1	2	C*16:04:01:01	C*05:37
NA20805	EUR	NA20805	SpecHLA-IPD365-noFreq	C	four_field	complete	0	0	0	0	C*16:04:01:01	C*05:37
NA20805	EUR	NA20805	SpecHLA-IPD365-noFreq	DPA1	two_field	complete	1	1	1	2	DPA1*01:03:01:02	DPA1*01:03:01:01
NA20805	EUR	NA20805	SpecHLA-IPD365-noFreq	DPA1	four_field	complete	1	1	0	1	DPA1*01:03:01:02	DPA1*01:03:01:01
NA20805	EUR	NA20805	SpecHLA-IPD365-noFreq	DPB1	two_field	complete	1	1	1	2	DPB1*02:01:02:01	DPB1*04:01:01:01
NA20805	EUR	NA20805	SpecHLA-IPD365-noFreq	DPB1	four_field	complete	1	1	1	2	DPB1*02:01:02:01	DPB1*04:01:01:01
NA20805	EUR	NA20805	SpecHLA-IPD365-noFreq	DQA1	two_field	complete	1	1	0	1	DQA1*05:21	DQA1*05:05:17:03
NA20805	EUR	NA20805	SpecHLA-IPD365-noFreq	DQA1	four_field	complete	1	0	0	0	DQA1*05:21	DQA1*05:05:17:03
NA20805	EUR	NA20805	SpecHLA-IPD365-noFreq	DQB1	two_field	complete	1	1	1	2	DQB1*03:01:01:03	DQB1*03:03:02:01
NA20805	EUR	NA20805	SpecHLA-IPD365-noFreq	DQB1	four_field	complete	1	1	1	2	DQB1*03:01:01:03	DQB1*03:03:02:01
NA20805	EUR	NA20805	SpecHLA-IPD365-noFreq	DRB1	two_field	complete	1	1	1	2	DRB1*03:01:01:12	DRB1*11:04:20
NA20805	EUR	NA20805	SpecHLA-IPD365-noFreq	DRB1	four_field	complete	0	0	0	0	DRB1*03:01:01:12	DRB1*11:04:20
NA20805	EUR	NA20805	SpecHLA-IPD365-long-noFreq	A	two_field	complete	1	1	1	2	A*30:02:01:02	A*24:02:01:14
NA20805	EUR	NA20805	SpecHLA-IPD365-long-noFreq	A	four_field	complete	1	1	0	0	A*30:02:01:02	A*24:02:01:14
NA20805	EUR	NA20805	SpecHLA-IPD365-long-noFreq	B	two_field	complete	1	1	1	2	B*44:02:01:01	B*18:01:01:06
NA20805	EUR	NA20805	SpecHLA-IPD365-long-noFreq	B	four_field	complete	1	1	1	2	B*44:02:01:01	B*18:01:01:06
NA20805	EUR	NA20805	SpecHLA-IPD365-long-noFreq	C	two_field	complete	1	1	1	2	C*16:04:01:01	C*05:37
NA20805	EUR	NA20805	SpecHLA-IPD365-long-noFreq	C	four_field	complete	0	0	0	0	C*16:04:01:01	C*05:37
NA20805	EUR	NA20805	SpecHLA-IPD365-long-noFreq	DPA1	two_field	complete	1	1	1	2	DPA1*01:03:01:02	DPA1*01:03:01:01
NA20805	EUR	NA20805	SpecHLA-IPD365-long-noFreq	DPA1	four_field	complete	1	1	0	1	DPA1*01:03:01:02	DPA1*01:03:01:01
NA20805	EUR	NA20805	SpecHLA-IPD365-long-noFreq	DPB1	two_field	complete	1	1	1	2	DPB1*04:01:01:01	DPB1*02:01:02:01
NA20805	EUR	NA20805	SpecHLA-IPD365-long-noFreq	DPB1	four_field	complete	1	1	1	2	DPB1*04:01:01:01	DPB1*02:01:02:01
NA20805	EUR	NA20805	SpecHLA-IPD365-long-noFreq	DQA1	two_field	complete	1	1	0	1	DQA1*05:21	DQA1*05:05:17:03
NA20805	EUR	NA20805	SpecHLA-IPD365-long-noFreq	DQA1	four_field	complete	1	0	0	0	DQA1*05:21	DQA1*05:05:17:03
NA20805	EUR	NA20805	SpecHLA-IPD365-long-noFreq	DQB1	two_field	complete	1	1	1	2	DQB1*03:01:01:03	DQB1*03:03:02:01
NA20805	EUR	NA20805	SpecHLA-IPD365-long-noFreq	DQB1	four_field	complete	1	1	1	2	DQB1*03:01:01:03	DQB1*03:03:02:01
NA20805	EUR	NA20805	SpecHLA-IPD365-long-noFreq	DRB1	two_field	complete	1	1	0	1	DRB1*11:04:20	DRB1*03:07:01:01
NA20805	EUR	NA20805	SpecHLA-IPD365-long-noFreq	DRB1	four_field	complete	0	0	0	0	DRB1*11:04:20	DRB1*03:07:01:01
NA20805	EUR	NA20805	T1K-four-field	A	two_field	complete	1	1	1	2	A*30:02:01:01	A*24:02:01:01
NA20805	EUR	NA20805	T1K-four-field	A	four_field	complete	1	1	1	2	A*30:02:01:01	A*24:02:01:01
NA20805	EUR	NA20805	T1K-four-field	B	two_field	complete	1	1	1	2	B*18:01:01:01	B*44:02:01:01
NA20805	EUR	NA20805	T1K-four-field	B	four_field	complete	1	1	0	1	B*18:01:01:01	B*44:02:01:01
NA20805	EUR	NA20805	T1K-four-field	C	two_field	complete	1	1	1	2	C*05:37	C*16:04:01:01
NA20805	EUR	NA20805	T1K-four-field	C	four_field	complete	0	0	0	0	C*05:37	C*16:04:01:01
NA20805	EUR	NA20805	T1K-four-field	DPA1	two_field	complete	1	1	1	2	DPA1*01:03:01:02	DPA1*01:03:01:01
NA20805	EUR	NA20805	T1K-four-field	DPA1	four_field	complete	1	1	0	1	DPA1*01:03:01:02	DPA1*01:03:01:01
NA20805	EUR	NA20805	T1K-four-field	DPB1	two_field	complete	1	1	1	2	DPB1*04:01:01:01	DPB1*02:01:02:01
NA20805	EUR	NA20805	T1K-four-field	DPB1	four_field	complete	1	1	1	2	DPB1*04:01:01:01	DPB1*02:01:02:01
NA20805	EUR	NA20805	T1K-four-field	DQA1	two_field	complete	1	1	0	1	DQA1*05:01:01:01	DQA1*05:01:01:01
NA20805	EUR	NA20805	T1K-four-field	DQA1	four_field	complete	1	1	0	1	DQA1*05:01:01:01	DQA1*05:01:01:01
NA20805	EUR	NA20805	T1K-four-field	DQB1	two_field	complete	1	1	1	2	DQB1*03:03:02:01	DQB1*03:01:01:01
NA20805	EUR	NA20805	T1K-four-field	DQB1	four_field	complete	1	1	0	1	DQB1*03:03:02:01	DQB1*03:01:01:01
NA20805	EUR	NA20805	T1K-four-field	DRB1	two_field	complete	1	1	1	2	DRB1*03:01:01:02	DRB1*11:04:01:03
NA20805	EUR	NA20805	T1K-four-field	DRB1	four_field	complete	0	0	0	0	DRB1*03:01:01:02	DRB1*11:04:01:03
NA20805	EUR	NA20805	full:DogoHLA	A	two_field	complete	1	1	1	2	A*24:02:01:14	A*30:02:01:02
NA20805	EUR	NA20805	full:DogoHLA	A	four_field	complete	1	1	0	0	A*24:02:01:14	A*30:02:01:02
NA20805	EUR	NA20805	full:DogoHLA	B	two_field	complete	1	1	1	2	B*44:02:01:01	B*18:01:01:06
NA20805	EUR	NA20805	full:DogoHLA	B	four_field	complete	1	1	1	2	B*44:02:01:01	B*18:01:01:06
NA20805	EUR	NA20805	full:DogoHLA	C	two_field	complete	1	1	1	2	C*16:04:01:01	C*05:37
NA20805	EUR	NA20805	full:DogoHLA	C	four_field	complete	0	0	0	0	C*16:04:01:01	C*05:37
NA20805	EUR	NA20805	full:DogoHLA	DPA1	two_field	complete	1	1	1	2	DPA1*01:03:01:02	DPA1*01:03:01:01
NA20805	EUR	NA20805	full:DogoHLA	DPA1	four_field	complete	1	1	0	1	DPA1*01:03:01:02	DPA1*01:03:01:01
NA20805	EUR	NA20805	full:DogoHLA	DPB1	two_field	complete	1	1	1	2	DPB1*02:01:02:01	DPB1*04:01:01:01
NA20805	EUR	NA20805	full:DogoHLA	DPB1	four_field	complete	1	1	1	2	DPB1*02:01:02:01	DPB1*04:01:01:01
NA20805	EUR	NA20805	full:DogoHLA	DQA1	two_field	complete	1	1	0	1	DQA1*05:01:01:02	DQA1*05:21
NA20805	EUR	NA20805	full:DogoHLA	DQA1	four_field	complete	1	0	0	0	DQA1*05:01:01:02	DQA1*05:21
NA20805	EUR	NA20805	full:DogoHLA	DQB1	two_field	complete	1	1	1	2	DQB1*03:03:02:01	DQB1*03:01:01:03
NA20805	EUR	NA20805	full:DogoHLA	DQB1	four_field	complete	1	1	1	2	DQB1*03:03:02:01	DQB1*03:01:01:03
NA20805	EUR	NA20805	full:DogoHLA	DRB1	two_field	complete	1	1	1	2	DRB1*11:04:20	DRB1*03:01:08:02
NA20805	EUR	NA20805	full:DogoHLA	DRB1	four_field	complete	0	0	0	0	DRB1*11:04:20	DRB1*03:01:08:02
NA20805	EUR	NA20805	full:DogoHLA-no-graph	A	two_field	complete	1	1	1	2	A*24:02:01:14	A*30:02:01:02
NA20805	EUR	NA20805	full:DogoHLA-no-graph	A	four_field	complete	1	1	0	0	A*24:02:01:14	A*30:02:01:02
NA20805	EUR	NA20805	full:DogoHLA-no-graph	B	two_field	complete	1	1	1	2	B*44:02:01:01	B*18:01:01:06
NA20805	EUR	NA20805	full:DogoHLA-no-graph	B	four_field	complete	1	1	1	2	B*44:02:01:01	B*18:01:01:06
NA20805	EUR	NA20805	full:DogoHLA-no-graph	C	two_field	complete	1	1	1	2	C*16:04:01:01	C*05:37
NA20805	EUR	NA20805	full:DogoHLA-no-graph	C	four_field	complete	0	0	0	0	C*16:04:01:01	C*05:37
NA20805	EUR	NA20805	full:DogoHLA-no-graph	DPA1	two_field	complete	1	1	1	2	DPA1*01:03:01:02	DPA1*01:03:01:01
NA20805	EUR	NA20805	full:DogoHLA-no-graph	DPA1	four_field	complete	1	1	0	1	DPA1*01:03:01:02	DPA1*01:03:01:01
NA20805	EUR	NA20805	full:DogoHLA-no-graph	DPB1	two_field	complete	1	1	1	2	DPB1*02:01:02:01	DPB1*04:01:01:01
NA20805	EUR	NA20805	full:DogoHLA-no-graph	DPB1	four_field	complete	1	1	1	2	DPB1*02:01:02:01	DPB1*04:01:01:01
NA20805	EUR	NA20805	full:DogoHLA-no-graph	DQA1	two_field	complete	1	1	0	1	DQA1*05:01:01:02	DQA1*05:21
NA20805	EUR	NA20805	full:DogoHLA-no-graph	DQA1	four_field	complete	1	0	0	0	DQA1*05:01:01:02	DQA1*05:21
NA20805	EUR	NA20805	full:DogoHLA-no-graph	DQB1	two_field	complete	1	1	1	2	DQB1*03:03:02:01	DQB1*03:01:01:03
NA20805	EUR	NA20805	full:DogoHLA-no-graph	DQB1	four_field	complete	1	1	1	2	DQB1*03:03:02:01	DQB1*03:01:01:03
NA20805	EUR	NA20805	full:DogoHLA-no-graph	DRB1	two_field	complete	1	1	1	2	DRB1*11:04:20	DRB1*03:01:08:02
NA20805	EUR	NA20805	full:DogoHLA-no-graph	DRB1	four_field	complete	0	0	0	0	DRB1*11:04:20	DRB1*03:01:08:02
NA20805	EUR	NA20805	hprc:DogoHLA	A	two_field	complete	1	1	1	2	A*24:02:01:14	A*30:02:01:02
NA20805	EUR	NA20805	hprc:DogoHLA	A	four_field	complete	1	1	0	0	A*24:02:01:14	A*30:02:01:02
NA20805	EUR	NA20805	hprc:DogoHLA	B	two_field	complete	1	1	1	2	B*44:02:01:01	B*18:01:01:06
NA20805	EUR	NA20805	hprc:DogoHLA	B	four_field	complete	1	1	1	2	B*44:02:01:01	B*18:01:01:06
NA20805	EUR	NA20805	hprc:DogoHLA	C	two_field	complete	1	1	1	2	C*16:04:01:01	C*05:37
NA20805	EUR	NA20805	hprc:DogoHLA	C	four_field	complete	0	0	0	0	C*16:04:01:01	C*05:37
NA20805	EUR	NA20805	hprc:DogoHLA	DPA1	two_field	complete	1	1	1	2	DPA1*01:03:01:02	DPA1*01:03:01:01
NA20805	EUR	NA20805	hprc:DogoHLA	DPA1	four_field	complete	1	1	0	1	DPA1*01:03:01:02	DPA1*01:03:01:01
NA20805	EUR	NA20805	hprc:DogoHLA	DPB1	two_field	complete	1	1	1	2	DPB1*02:01:02:01	DPB1*04:01:01:01
NA20805	EUR	NA20805	hprc:DogoHLA	DPB1	four_field	complete	1	1	1	2	DPB1*02:01:02:01	DPB1*04:01:01:01
NA20805	EUR	NA20805	hprc:DogoHLA	DQA1	two_field	complete	1	1	0	1	DQA1*05:01:01:02	DQA1*05:21
NA20805	EUR	NA20805	hprc:DogoHLA	DQA1	four_field	complete	1	0	0	0	DQA1*05:01:01:02	DQA1*05:21
NA20805	EUR	NA20805	hprc:DogoHLA	DQB1	two_field	complete	1	1	1	2	DQB1*03:03:02:01	DQB1*03:01:01:03
NA20805	EUR	NA20805	hprc:DogoHLA	DQB1	four_field	complete	1	1	1	2	DQB1*03:03:02:01	DQB1*03:01:01:03
NA20805	EUR	NA20805	hprc:DogoHLA	DRB1	two_field	complete	1	1	1	2	DRB1*11:04:20	DRB1*03:01:08:02
NA20805	EUR	NA20805	hprc:DogoHLA	DRB1	four_field	complete	0	0	0	0	DRB1*11:04:20	DRB1*03:01:08:02
NA20805	EUR	NA20805	hprc:DogoHLA-no-graph	A	two_field	complete	1	1	1	2	A*24:02:01:14	A*30:02:01:02
NA20805	EUR	NA20805	hprc:DogoHLA-no-graph	A	four_field	complete	1	1	0	0	A*24:02:01:14	A*30:02:01:02
NA20805	EUR	NA20805	hprc:DogoHLA-no-graph	B	two_field	complete	1	1	1	2	B*44:02:01:01	B*18:01:01:06
NA20805	EUR	NA20805	hprc:DogoHLA-no-graph	B	four_field	complete	1	1	1	2	B*44:02:01:01	B*18:01:01:06
NA20805	EUR	NA20805	hprc:DogoHLA-no-graph	C	two_field	complete	1	1	1	2	C*16:04:01:01	C*05:37
NA20805	EUR	NA20805	hprc:DogoHLA-no-graph	C	four_field	complete	0	0	0	0	C*16:04:01:01	C*05:37
NA20805	EUR	NA20805	hprc:DogoHLA-no-graph	DPA1	two_field	complete	1	1	1	2	DPA1*01:03:01:02	DPA1*01:03:01:01
NA20805	EUR	NA20805	hprc:DogoHLA-no-graph	DPA1	four_field	complete	1	1	0	1	DPA1*01:03:01:02	DPA1*01:03:01:01
NA20805	EUR	NA20805	hprc:DogoHLA-no-graph	DPB1	two_field	complete	1	1	1	2	DPB1*02:01:02:01	DPB1*04:01:01:01
NA20805	EUR	NA20805	hprc:DogoHLA-no-graph	DPB1	four_field	complete	1	1	1	2	DPB1*02:01:02:01	DPB1*04:01:01:01
NA20805	EUR	NA20805	hprc:DogoHLA-no-graph	DQA1	two_field	complete	1	1	0	1	DQA1*05:01:01:02	DQA1*05:21
NA20805	EUR	NA20805	hprc:DogoHLA-no-graph	DQA1	four_field	complete	1	0	0	0	DQA1*05:01:01:02	DQA1*05:21
NA20805	EUR	NA20805	hprc:DogoHLA-no-graph	DQB1	two_field	complete	1	1	1	2	DQB1*03:03:02:01	DQB1*03:01:01:03
NA20805	EUR	NA20805	hprc:DogoHLA-no-graph	DQB1	four_field	complete	1	1	1	2	DQB1*03:03:02:01	DQB1*03:01:01:03
NA20805	EUR	NA20805	hprc:DogoHLA-no-graph	DRB1	two_field	complete	1	1	1	2	DRB1*11:04:20	DRB1*03:01:08:02
NA20805	EUR	NA20805	hprc:DogoHLA-no-graph	DRB1	four_field	complete	0	0	0	0	DRB1*11:04:20	DRB1*03:01:08:02
NA20805	EUR	NA20805	asian_matched:DogoHLA	A	two_field	complete	1	1	1	2	A*24:02:01:14	A*30:02:01:02
NA20805	EUR	NA20805	asian_matched:DogoHLA	A	four_field	complete	1	1	0	0	A*24:02:01:14	A*30:02:01:02
NA20805	EUR	NA20805	asian_matched:DogoHLA	B	two_field	complete	1	1	1	2	B*44:02:01:01	B*18:01:01:06
NA20805	EUR	NA20805	asian_matched:DogoHLA	B	four_field	complete	1	1	1	2	B*44:02:01:01	B*18:01:01:06
NA20805	EUR	NA20805	asian_matched:DogoHLA	C	two_field	complete	1	1	1	2	C*16:04:01:01	C*05:37
NA20805	EUR	NA20805	asian_matched:DogoHLA	C	four_field	complete	0	0	0	0	C*16:04:01:01	C*05:37
NA20805	EUR	NA20805	asian_matched:DogoHLA	DPA1	two_field	complete	1	1	1	2	DPA1*01:03:01:02	DPA1*01:03:01:01
NA20805	EUR	NA20805	asian_matched:DogoHLA	DPA1	four_field	complete	1	1	0	1	DPA1*01:03:01:02	DPA1*01:03:01:01
NA20805	EUR	NA20805	asian_matched:DogoHLA	DPB1	two_field	complete	1	1	1	2	DPB1*02:01:02:01	DPB1*04:01:01:01
NA20805	EUR	NA20805	asian_matched:DogoHLA	DPB1	four_field	complete	1	1	1	2	DPB1*02:01:02:01	DPB1*04:01:01:01
NA20805	EUR	NA20805	asian_matched:DogoHLA	DQA1	two_field	complete	1	1	0	1	DQA1*05:01:01:02	DQA1*05:21
NA20805	EUR	NA20805	asian_matched:DogoHLA	DQA1	four_field	complete	1	0	0	0	DQA1*05:01:01:02	DQA1*05:21
NA20805	EUR	NA20805	asian_matched:DogoHLA	DQB1	two_field	complete	1	1	1	2	DQB1*03:03:02:01	DQB1*03:01:01:03
NA20805	EUR	NA20805	asian_matched:DogoHLA	DQB1	four_field	complete	1	1	1	2	DQB1*03:03:02:01	DQB1*03:01:01:03
NA20805	EUR	NA20805	asian_matched:DogoHLA	DRB1	two_field	complete	1	1	1	2	DRB1*11:04:01:10	DRB1*03:01:01:12
NA20805	EUR	NA20805	asian_matched:DogoHLA	DRB1	four_field	complete	0	0	0	0	DRB1*11:04:01:10	DRB1*03:01:01:12
NA20805	EUR	NA20805	asian_matched:DogoHLA-no-graph	A	two_field	complete	1	1	1	2	A*24:02:01:14	A*30:02:01:02
NA20805	EUR	NA20805	asian_matched:DogoHLA-no-graph	A	four_field	complete	1	1	0	0	A*24:02:01:14	A*30:02:01:02
NA20805	EUR	NA20805	asian_matched:DogoHLA-no-graph	B	two_field	complete	1	1	1	2	B*44:02:01:01	B*18:01:01:06
NA20805	EUR	NA20805	asian_matched:DogoHLA-no-graph	B	four_field	complete	1	1	1	2	B*44:02:01:01	B*18:01:01:06
NA20805	EUR	NA20805	asian_matched:DogoHLA-no-graph	C	two_field	complete	1	1	1	2	C*16:04:01:01	C*05:37
NA20805	EUR	NA20805	asian_matched:DogoHLA-no-graph	C	four_field	complete	0	0	0	0	C*16:04:01:01	C*05:37
NA20805	EUR	NA20805	asian_matched:DogoHLA-no-graph	DPA1	two_field	complete	1	1	1	2	DPA1*01:03:01:02	DPA1*01:03:01:01
NA20805	EUR	NA20805	asian_matched:DogoHLA-no-graph	DPA1	four_field	complete	1	1	0	1	DPA1*01:03:01:02	DPA1*01:03:01:01
NA20805	EUR	NA20805	asian_matched:DogoHLA-no-graph	DPB1	two_field	complete	1	1	1	2	DPB1*02:01:02:01	DPB1*04:01:01:01
NA20805	EUR	NA20805	asian_matched:DogoHLA-no-graph	DPB1	four_field	complete	1	1	1	2	DPB1*02:01:02:01	DPB1*04:01:01:01
NA20805	EUR	NA20805	asian_matched:DogoHLA-no-graph	DQA1	two_field	complete	1	1	0	1	DQA1*05:01:01:02	DQA1*05:21
NA20805	EUR	NA20805	asian_matched:DogoHLA-no-graph	DQA1	four_field	complete	1	0	0	0	DQA1*05:01:01:02	DQA1*05:21
NA20805	EUR	NA20805	asian_matched:DogoHLA-no-graph	DQB1	two_field	complete	1	1	1	2	DQB1*03:03:02:01	DQB1*03:01:01:03
NA20805	EUR	NA20805	asian_matched:DogoHLA-no-graph	DQB1	four_field	complete	1	1	1	2	DQB1*03:03:02:01	DQB1*03:01:01:03
NA20805	EUR	NA20805	asian_matched:DogoHLA-no-graph	DRB1	two_field	complete	1	1	1	2	DRB1*11:04:01:10	DRB1*03:01:01:12
NA20805	EUR	NA20805	asian_matched:DogoHLA-no-graph	DRB1	four_field	complete	0	0	0	0	DRB1*11:04:01:10	DRB1*03:01:01:12
HG00320	EUR	HG00320	SpecHLA-IPD365-noFreq	A	two_field	complete	1	1	0	1	A*03:01:01:05	A*30:187:02
HG00320	EUR	HG00320	SpecHLA-IPD365-noFreq	A	four_field	complete	1	0	0	0	A*03:01:01:05	A*30:187:02
HG00320	EUR	HG00320	SpecHLA-IPD365-noFreq	B	two_field	complete	1	1	1	2	B*15:01:01:01	B*35:01:01:02
HG00320	EUR	HG00320	SpecHLA-IPD365-noFreq	B	four_field	complete	1	1	1	2	B*15:01:01:01	B*35:01:01:02
HG00320	EUR	HG00320	SpecHLA-IPD365-noFreq	C	two_field	complete	1	1	1	2	C*03:03:01:01	C*03:03:01:01
HG00320	EUR	HG00320	SpecHLA-IPD365-noFreq	C	four_field	complete	1	1	1	2	C*03:03:01:01	C*03:03:01:01
HG00320	EUR	HG00320	SpecHLA-IPD365-noFreq	DPA1	two_field	complete	1	1	1	2	DPA1*01:03:01:02	DPA1*01:03:01:02
HG00320	EUR	HG00320	SpecHLA-IPD365-noFreq	DPA1	four_field	complete	1	1	1	2	DPA1*01:03:01:02	DPA1*01:03:01:02
HG00320	EUR	HG00320	SpecHLA-IPD365-noFreq	DPB1	two_field	complete	1	1	1	2	DPB1*04:01:01:01	DPB1*04:01:01:01
HG00320	EUR	HG00320	SpecHLA-IPD365-noFreq	DPB1	four_field	complete	1	1	1	2	DPB1*04:01:01:01	DPB1*04:01:01:01
HG00320	EUR	HG00320	SpecHLA-IPD365-noFreq	DQA1	two_field	complete	1	1	1	2	DQA1*04:01:01:14	DQA1*04:01:01:01
HG00320	EUR	HG00320	SpecHLA-IPD365-noFreq	DQA1	four_field	complete	1	1	0	0	DQA1*04:01:01:14	DQA1*04:01:01:01
HG00320	EUR	HG00320	SpecHLA-IPD365-noFreq	DQB1	two_field	complete	1	1	1	2	DQB1*04:02:01:04	DQB1*04:02:01:04
HG00320	EUR	HG00320	SpecHLA-IPD365-noFreq	DQB1	four_field	complete	1	1	1	2	DQB1*04:02:01:04	DQB1*04:02:01:04
HG00320	EUR	HG00320	SpecHLA-IPD365-noFreq	DRB1	two_field	complete	1	1	1	2	DRB1*08:01:01:01	DRB1*08:01:01:01
HG00320	EUR	HG00320	SpecHLA-IPD365-noFreq	DRB1	four_field	complete	0	0	0	0	DRB1*08:01:01:01	DRB1*08:01:01:01
HG00320	EUR	HG00320	SpecHLA-IPD365-long-noFreq	A	two_field	complete	1	1	0	1	A*03:01:01:05	A*30:187:02
HG00320	EUR	HG00320	SpecHLA-IPD365-long-noFreq	A	four_field	complete	1	0	0	0	A*03:01:01:05	A*30:187:02
HG00320	EUR	HG00320	SpecHLA-IPD365-long-noFreq	B	two_field	complete	1	1	1	2	B*15:01:01:01	B*35:01:01:02
HG00320	EUR	HG00320	SpecHLA-IPD365-long-noFreq	B	four_field	complete	1	1	1	2	B*15:01:01:01	B*35:01:01:02
HG00320	EUR	HG00320	SpecHLA-IPD365-long-noFreq	C	two_field	complete	1	1	1	2	C*03:03:01:01	C*03:03:01:01
HG00320	EUR	HG00320	SpecHLA-IPD365-long-noFreq	C	four_field	complete	1	1	1	2	C*03:03:01:01	C*03:03:01:01
HG00320	EUR	HG00320	SpecHLA-IPD365-long-noFreq	DPA1	two_field	complete	1	1	1	2	DPA1*01:03:01:02	DPA1*01:03:01:02
HG00320	EUR	HG00320	SpecHLA-IPD365-long-noFreq	DPA1	four_field	complete	1	1	1	2	DPA1*01:03:01:02	DPA1*01:03:01:02
HG00320	EUR	HG00320	SpecHLA-IPD365-long-noFreq	DPB1	two_field	complete	1	1	1	2	DPB1*04:01:01:01	DPB1*04:01:01:01
HG00320	EUR	HG00320	SpecHLA-IPD365-long-noFreq	DPB1	four_field	complete	1	1	1	2	DPB1*04:01:01:01	DPB1*04:01:01:01
HG00320	EUR	HG00320	SpecHLA-IPD365-long-noFreq	DQA1	two_field	complete	1	1	1	2	DQA1*04:01:01:14	DQA1*04:01:01:01
HG00320	EUR	HG00320	SpecHLA-IPD365-long-noFreq	DQA1	four_field	complete	1	1	0	0	DQA1*04:01:01:14	DQA1*04:01:01:01
HG00320	EUR	HG00320	SpecHLA-IPD365-long-noFreq	DQB1	two_field	complete	1	1	1	2	DQB1*04:02:01:04	DQB1*04:02:01:04
HG00320	EUR	HG00320	SpecHLA-IPD365-long-noFreq	DQB1	four_field	complete	1	1	1	2	DQB1*04:02:01:04	DQB1*04:02:01:04
HG00320	EUR	HG00320	SpecHLA-IPD365-long-noFreq	DRB1	two_field	complete	1	1	1	2	DRB1*08:01:01:01	DRB1*08:01:01:01
HG00320	EUR	HG00320	SpecHLA-IPD365-long-noFreq	DRB1	four_field	complete	0	0	0	0	DRB1*08:01:01:01	DRB1*08:01:01:01
HG00320	EUR	HG00320	T1K-four-field	A	two_field	complete	1	1	1	2	A*03:01:01:01	A*30:01:01:01
HG00320	EUR	HG00320	T1K-four-field	A	four_field	complete	1	1	1	2	A*03:01:01:01	A*30:01:01:01
HG00320	EUR	HG00320	T1K-four-field	B	two_field	complete	1	1	0	1	B*15:01:01:01,HLA-B*15:01:01:05,HLA-B*15:01:01:06,HLA-B*15:01:01:55,HLA-B*15:01:84,HLA-B*15:542,HLA-B*15:632	B*35:01:01:01
HG00320	EUR	HG00320	T1K-four-field	B	four_field	complete	1	0	0	0	B*15:01:01:01,HLA-B*15:01:01:05,HLA-B*15:01:01:06,HLA-B*15:01:01:55,HLA-B*15:01:84,HLA-B*15:542,HLA-B*15:632	B*35:01:01:01
HG00320	EUR	HG00320	T1K-four-field	C	two_field	complete	1	1	1	2	C*03:03:01:01	C*03:03:01:01
HG00320	EUR	HG00320	T1K-four-field	C	four_field	complete	1	1	1	2	C*03:03:01:01	C*03:03:01:01
HG00320	EUR	HG00320	T1K-four-field	DPA1	two_field	complete	1	1	1	2	DPA1*01:03:01:02	DPA1*01:03:01:02
HG00320	EUR	HG00320	T1K-four-field	DPA1	four_field	complete	1	1	1	2	DPA1*01:03:01:02	DPA1*01:03:01:02
HG00320	EUR	HG00320	T1K-four-field	DPB1	two_field	complete	1	1	1	2	DPB1*04:01:01:01	DPB1*04:01:01:01
HG00320	EUR	HG00320	T1K-four-field	DPB1	four_field	complete	1	1	1	2	DPB1*04:01:01:01	DPB1*04:01:01:01
HG00320	EUR	HG00320	T1K-four-field	DQA1	two_field	complete	1	1	1	2	DQA1*04:01:01:01	DQA1*04:01:01:01
HG00320	EUR	HG00320	T1K-four-field	DQA1	four_field	complete	1	1	0	0	DQA1*04:01:01:01	DQA1*04:01:01:01
HG00320	EUR	HG00320	T1K-four-field	DQB1	two_field	complete	1	1	1	2	DQB1*04:02:01:04	DQB1*04:02:01:04
HG00320	EUR	HG00320	T1K-four-field	DQB1	four_field	complete	1	1	1	2	DQB1*04:02:01:04	DQB1*04:02:01:04
HG00320	EUR	HG00320	T1K-four-field	DRB1	two_field	complete	1	1	1	2	DRB1*08:01:01:01	DRB1*08:01:01:01
HG00320	EUR	HG00320	T1K-four-field	DRB1	four_field	complete	0	0	0	0	DRB1*08:01:01:01	DRB1*08:01:01:01
HG00320	EUR	HG00320	full:DogoHLA	A	two_field	complete	1	1	0	1	A*30:187:02	A*03:01:01:05
HG00320	EUR	HG00320	full:DogoHLA	A	four_field	complete	1	0	0	0	A*30:187:02	A*03:01:01:05
HG00320	EUR	HG00320	full:DogoHLA	B	two_field	complete	1	1	1	2	B*15:01:01:01	B*35:01:01:02
HG00320	EUR	HG00320	full:DogoHLA	B	four_field	complete	1	1	1	2	B*15:01:01:01	B*35:01:01:02
HG00320	EUR	HG00320	full:DogoHLA	C	two_field	complete	1	1	1	2	C*03:03:01:01	C*03:03:01:01
HG00320	EUR	HG00320	full:DogoHLA	C	four_field	complete	1	1	1	2	C*03:03:01:01	C*03:03:01:01
HG00320	EUR	HG00320	full:DogoHLA	DPA1	two_field	complete	1	1	1	2	DPA1*01:03:01:02	DPA1*01:03:01:02
HG00320	EUR	HG00320	full:DogoHLA	DPA1	four_field	complete	1	1	1	2	DPA1*01:03:01:02	DPA1*01:03:01:02
HG00320	EUR	HG00320	full:DogoHLA	DPB1	two_field	complete	1	1	1	2	DPB1*04:01:01:01	DPB1*04:01:01:01
HG00320	EUR	HG00320	full:DogoHLA	DPB1	four_field	complete	1	1	1	2	DPB1*04:01:01:01	DPB1*04:01:01:01
HG00320	EUR	HG00320	full:DogoHLA	DQA1	two_field	complete	1	1	1	2	DQA1*04:01:01:14	DQA1*04:01:01:01
HG00320	EUR	HG00320	full:DogoHLA	DQA1	four_field	complete	1	1	0	0	DQA1*04:01:01:14	DQA1*04:01:01:01
HG00320	EUR	HG00320	full:DogoHLA	DQB1	two_field	complete	1	1	1	2	DQB1*04:02:01:04	DQB1*04:02:01:04
HG00320	EUR	HG00320	full:DogoHLA	DQB1	four_field	complete	1	1	1	2	DQB1*04:02:01:04	DQB1*04:02:01:04
HG00320	EUR	HG00320	full:DogoHLA	DRB1	two_field	complete	1	1	1	2	DRB1*08:01:01:01	DRB1*08:01:01:01
HG00320	EUR	HG00320	full:DogoHLA	DRB1	four_field	complete	0	0	0	0	DRB1*08:01:01:01	DRB1*08:01:01:01
HG00320	EUR	HG00320	full:DogoHLA-no-graph	A	two_field	complete	1	1	0	1	A*30:187:02	A*03:01:01:05
HG00320	EUR	HG00320	full:DogoHLA-no-graph	A	four_field	complete	1	0	0	0	A*30:187:02	A*03:01:01:05
HG00320	EUR	HG00320	full:DogoHLA-no-graph	B	two_field	complete	1	1	1	2	B*15:01:01:01	B*35:01:01:02
HG00320	EUR	HG00320	full:DogoHLA-no-graph	B	four_field	complete	1	1	1	2	B*15:01:01:01	B*35:01:01:02
HG00320	EUR	HG00320	full:DogoHLA-no-graph	C	two_field	complete	1	1	1	2	C*03:03:01:01	C*03:03:01:01
HG00320	EUR	HG00320	full:DogoHLA-no-graph	C	four_field	complete	1	1	1	2	C*03:03:01:01	C*03:03:01:01
HG00320	EUR	HG00320	full:DogoHLA-no-graph	DPA1	two_field	complete	1	1	1	2	DPA1*01:03:01:02	DPA1*01:03:01:02
HG00320	EUR	HG00320	full:DogoHLA-no-graph	DPA1	four_field	complete	1	1	1	2	DPA1*01:03:01:02	DPA1*01:03:01:02
HG00320	EUR	HG00320	full:DogoHLA-no-graph	DPB1	two_field	complete	1	1	1	2	DPB1*04:01:01:01	DPB1*04:01:01:01
HG00320	EUR	HG00320	full:DogoHLA-no-graph	DPB1	four_field	complete	1	1	1	2	DPB1*04:01:01:01	DPB1*04:01:01:01
HG00320	EUR	HG00320	full:DogoHLA-no-graph	DQA1	two_field	complete	1	1	1	2	DQA1*04:01:01:14	DQA1*04:01:01:01
HG00320	EUR	HG00320	full:DogoHLA-no-graph	DQA1	four_field	complete	1	1	0	0	DQA1*04:01:01:14	DQA1*04:01:01:01
HG00320	EUR	HG00320	full:DogoHLA-no-graph	DQB1	two_field	complete	1	1	1	2	DQB1*04:02:01:04	DQB1*04:02:01:04
HG00320	EUR	HG00320	full:DogoHLA-no-graph	DQB1	four_field	complete	1	1	1	2	DQB1*04:02:01:04	DQB1*04:02:01:04
HG00320	EUR	HG00320	full:DogoHLA-no-graph	DRB1	two_field	complete	1	1	1	2	DRB1*08:01:01:01	DRB1*08:01:01:01
HG00320	EUR	HG00320	full:DogoHLA-no-graph	DRB1	four_field	complete	0	0	0	0	DRB1*08:01:01:01	DRB1*08:01:01:01
HG00320	EUR	HG00320	hprc:DogoHLA	A	two_field	complete	1	1	0	1	A*03:01:01:05	A*30:187:02
HG00320	EUR	HG00320	hprc:DogoHLA	A	four_field	complete	1	0	0	0	A*03:01:01:05	A*30:187:02
HG00320	EUR	HG00320	hprc:DogoHLA	B	two_field	complete	1	1	1	2	B*15:01:01:01	B*35:01:01:02
HG00320	EUR	HG00320	hprc:DogoHLA	B	four_field	complete	1	1	1	2	B*15:01:01:01	B*35:01:01:02
HG00320	EUR	HG00320	hprc:DogoHLA	C	two_field	complete	1	1	1	2	C*03:03:01:01	C*03:03:01:01
HG00320	EUR	HG00320	hprc:DogoHLA	C	four_field	complete	1	1	1	2	C*03:03:01:01	C*03:03:01:01
HG00320	EUR	HG00320	hprc:DogoHLA	DPA1	two_field	complete	1	1	1	2	DPA1*01:03:01:02	DPA1*01:03:01:02
HG00320	EUR	HG00320	hprc:DogoHLA	DPA1	four_field	complete	1	1	1	2	DPA1*01:03:01:02	DPA1*01:03:01:02
HG00320	EUR	HG00320	hprc:DogoHLA	DPB1	two_field	complete	1	1	1	2	DPB1*04:01:01:01	DPB1*04:01:01:01
HG00320	EUR	HG00320	hprc:DogoHLA	DPB1	four_field	complete	1	1	1	2	DPB1*04:01:01:01	DPB1*04:01:01:01
HG00320	EUR	HG00320	hprc:DogoHLA	DQA1	two_field	complete	1	1	1	2	DQA1*04:01:01:14	DQA1*04:01:01:01
HG00320	EUR	HG00320	hprc:DogoHLA	DQA1	four_field	complete	1	1	0	0	DQA1*04:01:01:14	DQA1*04:01:01:01
HG00320	EUR	HG00320	hprc:DogoHLA	DQB1	two_field	complete	1	1	1	2	DQB1*04:02:01:04	DQB1*04:02:01:04
HG00320	EUR	HG00320	hprc:DogoHLA	DQB1	four_field	complete	1	1	1	2	DQB1*04:02:01:04	DQB1*04:02:01:04
HG00320	EUR	HG00320	hprc:DogoHLA	DRB1	two_field	complete	1	1	1	2	DRB1*08:01:01:01	DRB1*08:01:01:01
HG00320	EUR	HG00320	hprc:DogoHLA	DRB1	four_field	complete	0	0	0	0	DRB1*08:01:01:01	DRB1*08:01:01:01
HG00320	EUR	HG00320	hprc:DogoHLA-no-graph	A	two_field	complete	1	1	0	1	A*03:01:01:05	A*30:187:02
HG00320	EUR	HG00320	hprc:DogoHLA-no-graph	A	four_field	complete	1	0	0	0	A*03:01:01:05	A*30:187:02
HG00320	EUR	HG00320	hprc:DogoHLA-no-graph	B	two_field	complete	1	1	1	2	B*15:01:01:01	B*35:01:01:02
HG00320	EUR	HG00320	hprc:DogoHLA-no-graph	B	four_field	complete	1	1	1	2	B*15:01:01:01	B*35:01:01:02
HG00320	EUR	HG00320	hprc:DogoHLA-no-graph	C	two_field	complete	1	1	1	2	C*03:03:01:01	C*03:03:01:01
HG00320	EUR	HG00320	hprc:DogoHLA-no-graph	C	four_field	complete	1	1	1	2	C*03:03:01:01	C*03:03:01:01
HG00320	EUR	HG00320	hprc:DogoHLA-no-graph	DPA1	two_field	complete	1	1	1	2	DPA1*01:03:01:02	DPA1*01:03:01:02
HG00320	EUR	HG00320	hprc:DogoHLA-no-graph	DPA1	four_field	complete	1	1	1	2	DPA1*01:03:01:02	DPA1*01:03:01:02
HG00320	EUR	HG00320	hprc:DogoHLA-no-graph	DPB1	two_field	complete	1	1	1	2	DPB1*04:01:01:01	DPB1*04:01:01:01
HG00320	EUR	HG00320	hprc:DogoHLA-no-graph	DPB1	four_field	complete	1	1	1	2	DPB1*04:01:01:01	DPB1*04:01:01:01
HG00320	EUR	HG00320	hprc:DogoHLA-no-graph	DQA1	two_field	complete	1	1	1	2	DQA1*04:01:01:14	DQA1*04:01:01:01
HG00320	EUR	HG00320	hprc:DogoHLA-no-graph	DQA1	four_field	complete	1	1	0	0	DQA1*04:01:01:14	DQA1*04:01:01:01
HG00320	EUR	HG00320	hprc:DogoHLA-no-graph	DQB1	two_field	complete	1	1	1	2	DQB1*04:02:01:04	DQB1*04:02:01:04
HG00320	EUR	HG00320	hprc:DogoHLA-no-graph	DQB1	four_field	complete	1	1	1	2	DQB1*04:02:01:04	DQB1*04:02:01:04
HG00320	EUR	HG00320	hprc:DogoHLA-no-graph	DRB1	two_field	complete	1	1	1	2	DRB1*08:01:01:01	DRB1*08:01:01:01
HG00320	EUR	HG00320	hprc:DogoHLA-no-graph	DRB1	four_field	complete	0	0	0	0	DRB1*08:01:01:01	DRB1*08:01:01:01
HG00320	EUR	HG00320	asian_matched:DogoHLA	A	two_field	complete	1	1	0	1	A*03:01:01:05	A*30:187:02
HG00320	EUR	HG00320	asian_matched:DogoHLA	A	four_field	complete	1	0	0	0	A*03:01:01:05	A*30:187:02
HG00320	EUR	HG00320	asian_matched:DogoHLA	B	two_field	complete	1	1	1	2	B*15:01:01:01	B*35:01:01:02
HG00320	EUR	HG00320	asian_matched:DogoHLA	B	four_field	complete	1	1	1	2	B*15:01:01:01	B*35:01:01:02
HG00320	EUR	HG00320	asian_matched:DogoHLA	C	two_field	complete	1	1	1	2	C*03:03:01:01	C*03:03:01:01
HG00320	EUR	HG00320	asian_matched:DogoHLA	C	four_field	complete	1	1	1	2	C*03:03:01:01	C*03:03:01:01
HG00320	EUR	HG00320	asian_matched:DogoHLA	DPA1	two_field	complete	1	1	1	2	DPA1*01:03:01:02	DPA1*01:03:01:02
HG00320	EUR	HG00320	asian_matched:DogoHLA	DPA1	four_field	complete	1	1	1	2	DPA1*01:03:01:02	DPA1*01:03:01:02
HG00320	EUR	HG00320	asian_matched:DogoHLA	DPB1	two_field	complete	1	1	1	2	DPB1*04:01:01:01	DPB1*04:01:01:01
HG00320	EUR	HG00320	asian_matched:DogoHLA	DPB1	four_field	complete	1	1	1	2	DPB1*04:01:01:01	DPB1*04:01:01:01
HG00320	EUR	HG00320	asian_matched:DogoHLA	DQA1	two_field	complete	1	1	1	2	DQA1*04:01:01:14	DQA1*04:01:01:01
HG00320	EUR	HG00320	asian_matched:DogoHLA	DQA1	four_field	complete	1	1	0	0	DQA1*04:01:01:14	DQA1*04:01:01:01
HG00320	EUR	HG00320	asian_matched:DogoHLA	DQB1	two_field	complete	1	1	1	2	DQB1*04:02:01:04	DQB1*04:02:01:04
HG00320	EUR	HG00320	asian_matched:DogoHLA	DQB1	four_field	complete	1	1	1	2	DQB1*04:02:01:04	DQB1*04:02:01:04
HG00320	EUR	HG00320	asian_matched:DogoHLA	DRB1	two_field	complete	1	1	1	2	DRB1*08:01:01:01	DRB1*08:01:01:01
HG00320	EUR	HG00320	asian_matched:DogoHLA	DRB1	four_field	complete	0	0	0	0	DRB1*08:01:01:01	DRB1*08:01:01:01
HG00320	EUR	HG00320	asian_matched:DogoHLA-no-graph	A	two_field	complete	1	1	0	1	A*03:01:01:05	A*30:187:02
HG00320	EUR	HG00320	asian_matched:DogoHLA-no-graph	A	four_field	complete	1	0	0	0	A*03:01:01:05	A*30:187:02
HG00320	EUR	HG00320	asian_matched:DogoHLA-no-graph	B	two_field	complete	1	1	1	2	B*15:01:01:01	B*35:01:01:02
HG00320	EUR	HG00320	asian_matched:DogoHLA-no-graph	B	four_field	complete	1	1	1	2	B*15:01:01:01	B*35:01:01:02
HG00320	EUR	HG00320	asian_matched:DogoHLA-no-graph	C	two_field	complete	1	1	1	2	C*03:03:01:01	C*03:03:01:01
HG00320	EUR	HG00320	asian_matched:DogoHLA-no-graph	C	four_field	complete	1	1	1	2	C*03:03:01:01	C*03:03:01:01
HG00320	EUR	HG00320	asian_matched:DogoHLA-no-graph	DPA1	two_field	complete	1	1	1	2	DPA1*01:03:01:02	DPA1*01:03:01:02
HG00320	EUR	HG00320	asian_matched:DogoHLA-no-graph	DPA1	four_field	complete	1	1	1	2	DPA1*01:03:01:02	DPA1*01:03:01:02
HG00320	EUR	HG00320	asian_matched:DogoHLA-no-graph	DPB1	two_field	complete	1	1	1	2	DPB1*04:01:01:01	DPB1*04:01:01:01
HG00320	EUR	HG00320	asian_matched:DogoHLA-no-graph	DPB1	four_field	complete	1	1	1	2	DPB1*04:01:01:01	DPB1*04:01:01:01
HG00320	EUR	HG00320	asian_matched:DogoHLA-no-graph	DQA1	two_field	complete	1	1	1	2	DQA1*04:01:01:14	DQA1*04:01:01:01
HG00320	EUR	HG00320	asian_matched:DogoHLA-no-graph	DQA1	four_field	complete	1	1	0	0	DQA1*04:01:01:14	DQA1*04:01:01:01
HG00320	EUR	HG00320	asian_matched:DogoHLA-no-graph	DQB1	two_field	complete	1	1	1	2	DQB1*04:02:01:04	DQB1*04:02:01:04
HG00320	EUR	HG00320	asian_matched:DogoHLA-no-graph	DQB1	four_field	complete	1	1	1	2	DQB1*04:02:01:04	DQB1*04:02:01:04
HG00320	EUR	HG00320	asian_matched:DogoHLA-no-graph	DRB1	two_field	complete	1	1	1	2	DRB1*08:01:01:01	DRB1*08:01:01:01
HG00320	EUR	HG00320	asian_matched:DogoHLA-no-graph	DRB1	four_field	complete	0	0	0	0	DRB1*08:01:01:01	DRB1*08:01:01:01
HG00140	EUR	HG00140	SpecHLA-IPD365-noFreq	A	two_field	complete	1	1	0	1	A*31:253N	A*01:01:01:07
HG00140	EUR	HG00140	SpecHLA-IPD365-noFreq	A	four_field	complete	1	0	0	0	A*31:253N	A*01:01:01:07
HG00140	EUR	HG00140	SpecHLA-IPD365-noFreq	B	two_field	complete	1	1	1	2	B*40:01:02:01	B*57:01:01:01
HG00140	EUR	HG00140	SpecHLA-IPD365-noFreq	B	four_field	complete	1	1	0	1	B*40:01:02:01	B*57:01:01:01
HG00140	EUR	HG00140	SpecHLA-IPD365-noFreq	C	two_field	complete	1	1	1	2	C*06:02:01:01	C*03:04:01:01
HG00140	EUR	HG00140	SpecHLA-IPD365-noFreq	C	four_field	complete	1	1	1	2	C*06:02:01:01	C*03:04:01:01
HG00140	EUR	HG00140	SpecHLA-IPD365-noFreq	DPA1	two_field	complete	1	1	1	2	DPA1*01:03:01:02	DPA1*01:03:01:02
HG00140	EUR	HG00140	SpecHLA-IPD365-noFreq	DPA1	four_field	complete	0	0	0	0	DPA1*01:03:01:02	DPA1*01:03:01:02
HG00140	EUR	HG00140	SpecHLA-IPD365-noFreq	DPB1	two_field	complete	1	1	1	2	DPB1*04:01:01:01	DPB1*04:02:01:01
HG00140	EUR	HG00140	SpecHLA-IPD365-noFreq	DPB1	four_field	complete	1	1	0	1	DPB1*04:01:01:01	DPB1*04:02:01:01
HG00140	EUR	HG00140	SpecHLA-IPD365-noFreq	DQA1	two_field	complete	1	1	1	2	DQA1*01:01:01:01	DQA1*05:01:15
HG00140	EUR	HG00140	SpecHLA-IPD365-noFreq	DQA1	four_field	complete	1	0	0	1	DQA1*01:01:01:01	DQA1*05:01:15
HG00140	EUR	HG00140	SpecHLA-IPD365-noFreq	DQB1	two_field	complete	1	1	1	2	DQB1*02:01:01:01	DQB1*05:01:01:01
HG00140	EUR	HG00140	SpecHLA-IPD365-noFreq	DQB1	four_field	complete	1	1	0	1	DQB1*02:01:01:01	DQB1*05:01:01:01
HG00140	EUR	HG00140	SpecHLA-IPD365-noFreq	DRB1	two_field	complete	1	1	1	2	DRB1*03:01:01:01	DRB1*01:01:01:01
HG00140	EUR	HG00140	SpecHLA-IPD365-noFreq	DRB1	four_field	complete	0	0	0	0	DRB1*03:01:01:01	DRB1*01:01:01:01
HG00140	EUR	HG00140	SpecHLA-IPD365-long-noFreq	A	two_field	complete	1	1	0	1	A*01:01:01:07	A*31:253N
HG00140	EUR	HG00140	SpecHLA-IPD365-long-noFreq	A	four_field	complete	1	0	0	0	A*01:01:01:07	A*31:253N
HG00140	EUR	HG00140	SpecHLA-IPD365-long-noFreq	B	two_field	complete	1	1	1	2	B*40:01:02:01	B*57:01:01:01
HG00140	EUR	HG00140	SpecHLA-IPD365-long-noFreq	B	four_field	complete	1	1	0	1	B*40:01:02:01	B*57:01:01:01
HG00140	EUR	HG00140	SpecHLA-IPD365-long-noFreq	C	two_field	complete	1	1	1	2	C*06:02:01:01	C*03:04:01:01
HG00140	EUR	HG00140	SpecHLA-IPD365-long-noFreq	C	four_field	complete	1	1	1	2	C*06:02:01:01	C*03:04:01:01
HG00140	EUR	HG00140	SpecHLA-IPD365-long-noFreq	DPA1	two_field	complete	1	1	1	2	DPA1*01:03:01:02	DPA1*01:03:01:02
HG00140	EUR	HG00140	SpecHLA-IPD365-long-noFreq	DPA1	four_field	complete	0	0	0	0	DPA1*01:03:01:02	DPA1*01:03:01:02
HG00140	EUR	HG00140	SpecHLA-IPD365-long-noFreq	DPB1	two_field	complete	1	1	1	2	DPB1*04:02:01:01	DPB1*04:01:01:01
HG00140	EUR	HG00140	SpecHLA-IPD365-long-noFreq	DPB1	four_field	complete	1	1	0	1	DPB1*04:02:01:01	DPB1*04:01:01:01
HG00140	EUR	HG00140	SpecHLA-IPD365-long-noFreq	DQA1	two_field	complete	1	1	1	2	DQA1*01:01:01:01	DQA1*05:01:15
HG00140	EUR	HG00140	SpecHLA-IPD365-long-noFreq	DQA1	four_field	complete	1	0	0	1	DQA1*01:01:01:01	DQA1*05:01:15
HG00140	EUR	HG00140	SpecHLA-IPD365-long-noFreq	DQB1	two_field	complete	1	1	1	2	DQB1*02:01:01:01	DQB1*05:01:01:01
HG00140	EUR	HG00140	SpecHLA-IPD365-long-noFreq	DQB1	four_field	complete	1	1	0	1	DQB1*02:01:01:01	DQB1*05:01:01:01
HG00140	EUR	HG00140	SpecHLA-IPD365-long-noFreq	DRB1	two_field	complete	1	1	1	2	DRB1*01:01:01:01	DRB1*03:01:01:01
HG00140	EUR	HG00140	SpecHLA-IPD365-long-noFreq	DRB1	four_field	complete	0	0	0	0	DRB1*01:01:01:01	DRB1*03:01:01:01
HG00140	EUR	HG00140	T1K-four-field	A	two_field	complete	1	1	1	2	A*31:01:02:01	A*01:01:01:01
HG00140	EUR	HG00140	T1K-four-field	A	four_field	complete	1	1	1	2	A*31:01:02:01	A*01:01:01:01
HG00140	EUR	HG00140	T1K-four-field	B	two_field	complete	1	1	1	2	B*57:01:01:01	B*40:01:02:01,HLA-B*40:01:02:62
HG00140	EUR	HG00140	T1K-four-field	B	four_field	complete	1	1	0	1	B*57:01:01:01	B*40:01:02:01,HLA-B*40:01:02:62
HG00140	EUR	HG00140	T1K-four-field	C	two_field	complete	1	1	1	2	C*06:02:01:01	C*03:04:01:01,HLA-C*03:04:114
HG00140	EUR	HG00140	T1K-four-field	C	four_field	complete	1	0	0	1	C*06:02:01:01	C*03:04:01:01,HLA-C*03:04:114
HG00140	EUR	HG00140	T1K-four-field	DPA1	two_field	complete	1	1	1	2	DPA1*01:03:01:02	DPA1*01:03:01:05
HG00140	EUR	HG00140	T1K-four-field	DPA1	four_field	complete	0	0	0	0	DPA1*01:03:01:02	DPA1*01:03:01:05
HG00140	EUR	HG00140	T1K-four-field	DPB1	two_field	complete	1	1	1	2	DPB1*04:02:01:01	DPB1*04:01:01:01
HG00140	EUR	HG00140	T1K-four-field	DPB1	four_field	complete	1	1	0	1	DPB1*04:02:01:01	DPB1*04:01:01:01
HG00140	EUR	HG00140	T1K-four-field	DQA1	two_field	complete	1	1	1	2	DQA1*05:01:01:02	DQA1*01:01:01:01
HG00140	EUR	HG00140	T1K-four-field	DQA1	four_field	complete	1	1	1	2	DQA1*05:01:01:02	DQA1*01:01:01:01
HG00140	EUR	HG00140	T1K-four-field	DQB1	two_field	complete	1	1	1	2	DQB1*02:01:01:01	DQB1*05:01:01:01
HG00140	EUR	HG00140	T1K-four-field	DQB1	four_field	complete	1	1	0	1	DQB1*02:01:01:01	DQB1*05:01:01:01
HG00140	EUR	HG00140	T1K-four-field	DRB1	two_field	complete	1	1	1	2	DRB1*01:01:01:01	DRB1*03:01:01:01
HG00140	EUR	HG00140	T1K-four-field	DRB1	four_field	complete	0	0	0	0	DRB1*01:01:01:01	DRB1*03:01:01:01
HG00140	EUR	HG00140	full:DogoHLA	A	two_field	complete	1	1	1	2	A*01:01:01:07	A*31:01:02:03N
HG00140	EUR	HG00140	full:DogoHLA	A	four_field	complete	1	1	0	0	A*01:01:01:07	A*31:01:02:03N
HG00140	EUR	HG00140	full:DogoHLA	B	two_field	complete	1	1	1	2	B*40:01:02:01	B*57:01:01:01
HG00140	EUR	HG00140	full:DogoHLA	B	four_field	complete	1	1	0	1	B*40:01:02:01	B*57:01:01:01
HG00140	EUR	HG00140	full:DogoHLA	C	two_field	complete	1	1	1	2	C*06:02:01:01	C*03:04:01:01
HG00140	EUR	HG00140	full:DogoHLA	C	four_field	complete	1	1	1	2	C*06:02:01:01	C*03:04:01:01
HG00140	EUR	HG00140	full:DogoHLA	DPA1	two_field	complete	1	1	1	2	DPA1*01:03:01:02	DPA1*01:03:01:02
HG00140	EUR	HG00140	full:DogoHLA	DPA1	four_field	complete	0	0	0	0	DPA1*01:03:01:02	DPA1*01:03:01:02
HG00140	EUR	HG00140	full:DogoHLA	DPB1	two_field	complete	1	1	0	0	DPB1*105:01:01:01	DPB1*126:01:01:01
HG00140	EUR	HG00140	full:DogoHLA	DPB1	four_field	complete	1	1	0	0	DPB1*105:01:01:01	DPB1*126:01:01:01
HG00140	EUR	HG00140	full:DogoHLA	DQA1	two_field	complete	1	1	1	2	DQA1*05:01:15	DQA1*01:01:01:01
HG00140	EUR	HG00140	full:DogoHLA	DQA1	four_field	complete	1	0	0	1	DQA1*05:01:15	DQA1*01:01:01:01
HG00140	EUR	HG00140	full:DogoHLA	DQB1	two_field	complete	1	1	1	2	DQB1*02:01:01:01	DQB1*05:01:01:01
HG00140	EUR	HG00140	full:DogoHLA	DQB1	four_field	complete	1	1	0	1	DQB1*02:01:01:01	DQB1*05:01:01:01
HG00140	EUR	HG00140	full:DogoHLA	DRB1	two_field	complete	1	1	1	2	DRB1*03:01:01:01	DRB1*01:01:01:01
HG00140	EUR	HG00140	full:DogoHLA	DRB1	four_field	complete	0	0	0	0	DRB1*03:01:01:01	DRB1*01:01:01:01
HG00140	EUR	HG00140	full:DogoHLA-no-graph	A	two_field	complete	1	1	1	2	A*01:01:01:07	A*31:01:02:03N
HG00140	EUR	HG00140	full:DogoHLA-no-graph	A	four_field	complete	1	1	0	0	A*01:01:01:07	A*31:01:02:03N
HG00140	EUR	HG00140	full:DogoHLA-no-graph	B	two_field	complete	1	1	1	2	B*40:01:02:01	B*57:01:01:01
HG00140	EUR	HG00140	full:DogoHLA-no-graph	B	four_field	complete	1	1	0	1	B*40:01:02:01	B*57:01:01:01
HG00140	EUR	HG00140	full:DogoHLA-no-graph	C	two_field	complete	1	1	1	2	C*06:02:01:01	C*03:04:01:01
HG00140	EUR	HG00140	full:DogoHLA-no-graph	C	four_field	complete	1	1	1	2	C*06:02:01:01	C*03:04:01:01
HG00140	EUR	HG00140	full:DogoHLA-no-graph	DPA1	two_field	complete	1	1	1	2	DPA1*01:03:01:02	DPA1*01:03:01:02
HG00140	EUR	HG00140	full:DogoHLA-no-graph	DPA1	four_field	complete	0	0	0	0	DPA1*01:03:01:02	DPA1*01:03:01:02
HG00140	EUR	HG00140	full:DogoHLA-no-graph	DPB1	two_field	complete	1	1	0	0	DPB1*105:01:01:01	DPB1*126:01:01:01
HG00140	EUR	HG00140	full:DogoHLA-no-graph	DPB1	four_field	complete	1	1	0	0	DPB1*105:01:01:01	DPB1*126:01:01:01
HG00140	EUR	HG00140	full:DogoHLA-no-graph	DQA1	two_field	complete	1	1	1	2	DQA1*05:01:15	DQA1*01:01:01:01
HG00140	EUR	HG00140	full:DogoHLA-no-graph	DQA1	four_field	complete	1	0	0	1	DQA1*05:01:15	DQA1*01:01:01:01
HG00140	EUR	HG00140	full:DogoHLA-no-graph	DQB1	two_field	complete	1	1	1	2	DQB1*02:01:01:01	DQB1*05:01:01:01
HG00140	EUR	HG00140	full:DogoHLA-no-graph	DQB1	four_field	complete	1	1	0	1	DQB1*02:01:01:01	DQB1*05:01:01:01
HG00140	EUR	HG00140	full:DogoHLA-no-graph	DRB1	two_field	complete	1	1	1	2	DRB1*03:01:01:01	DRB1*01:01:01:01
HG00140	EUR	HG00140	full:DogoHLA-no-graph	DRB1	four_field	complete	0	0	0	0	DRB1*03:01:01:01	DRB1*01:01:01:01
HG00140	EUR	HG00140	hprc:DogoHLA	A	two_field	complete	1	1	0	1	A*01:01:01:07	A*31:253N
HG00140	EUR	HG00140	hprc:DogoHLA	A	four_field	complete	1	0	0	0	A*01:01:01:07	A*31:253N
HG00140	EUR	HG00140	hprc:DogoHLA	B	two_field	complete	1	1	1	2	B*40:01:02:01	B*57:01:01:01
HG00140	EUR	HG00140	hprc:DogoHLA	B	four_field	complete	1	1	0	1	B*40:01:02:01	B*57:01:01:01
HG00140	EUR	HG00140	hprc:DogoHLA	C	two_field	complete	1	1	1	2	C*06:02:01:01	C*03:04:01:01
HG00140	EUR	HG00140	hprc:DogoHLA	C	four_field	complete	1	1	1	2	C*06:02:01:01	C*03:04:01:01
HG00140	EUR	HG00140	hprc:DogoHLA	DPA1	two_field	complete	1	1	1	2	DPA1*01:03:01:02	DPA1*01:03:01:02
HG00140	EUR	HG00140	hprc:DogoHLA	DPA1	four_field	complete	0	0	0	0	DPA1*01:03:01:02	DPA1*01:03:01:02
HG00140	EUR	HG00140	hprc:DogoHLA	DPB1	two_field	complete	1	1	0	0	DPB1*105:01:01:01	DPB1*126:01:01:01
HG00140	EUR	HG00140	hprc:DogoHLA	DPB1	four_field	complete	1	1	0	0	DPB1*105:01:01:01	DPB1*126:01:01:01
HG00140	EUR	HG00140	hprc:DogoHLA	DQA1	two_field	complete	1	1	1	2	DQA1*05:01:15	DQA1*01:01:01:01
HG00140	EUR	HG00140	hprc:DogoHLA	DQA1	four_field	complete	1	0	0	1	DQA1*05:01:15	DQA1*01:01:01:01
HG00140	EUR	HG00140	hprc:DogoHLA	DQB1	two_field	complete	1	1	1	2	DQB1*02:01:01:01	DQB1*05:01:01:01
HG00140	EUR	HG00140	hprc:DogoHLA	DQB1	four_field	complete	1	1	0	1	DQB1*02:01:01:01	DQB1*05:01:01:01
HG00140	EUR	HG00140	hprc:DogoHLA	DRB1	two_field	complete	1	1	1	2	DRB1*03:01:01:01	DRB1*01:01:01:01
HG00140	EUR	HG00140	hprc:DogoHLA	DRB1	four_field	complete	0	0	0	0	DRB1*03:01:01:01	DRB1*01:01:01:01
HG00140	EUR	HG00140	hprc:DogoHLA-no-graph	A	two_field	complete	1	1	0	1	A*01:01:01:07	A*31:253N
HG00140	EUR	HG00140	hprc:DogoHLA-no-graph	A	four_field	complete	1	0	0	0	A*01:01:01:07	A*31:253N
HG00140	EUR	HG00140	hprc:DogoHLA-no-graph	B	two_field	complete	1	1	1	2	B*40:01:02:01	B*57:01:01:01
HG00140	EUR	HG00140	hprc:DogoHLA-no-graph	B	four_field	complete	1	1	0	1	B*40:01:02:01	B*57:01:01:01
HG00140	EUR	HG00140	hprc:DogoHLA-no-graph	C	two_field	complete	1	1	1	2	C*06:02:01:01	C*03:04:01:01
HG00140	EUR	HG00140	hprc:DogoHLA-no-graph	C	four_field	complete	1	1	1	2	C*06:02:01:01	C*03:04:01:01
HG00140	EUR	HG00140	hprc:DogoHLA-no-graph	DPA1	two_field	complete	1	1	1	2	DPA1*01:03:01:02	DPA1*01:03:01:02
HG00140	EUR	HG00140	hprc:DogoHLA-no-graph	DPA1	four_field	complete	0	0	0	0	DPA1*01:03:01:02	DPA1*01:03:01:02
HG00140	EUR	HG00140	hprc:DogoHLA-no-graph	DPB1	two_field	complete	1	1	0	0	DPB1*105:01:01:01	DPB1*126:01:01:01
HG00140	EUR	HG00140	hprc:DogoHLA-no-graph	DPB1	four_field	complete	1	1	0	0	DPB1*105:01:01:01	DPB1*126:01:01:01
HG00140	EUR	HG00140	hprc:DogoHLA-no-graph	DQA1	two_field	complete	1	1	1	2	DQA1*05:01:15	DQA1*01:01:01:01
HG00140	EUR	HG00140	hprc:DogoHLA-no-graph	DQA1	four_field	complete	1	0	0	1	DQA1*05:01:15	DQA1*01:01:01:01
HG00140	EUR	HG00140	hprc:DogoHLA-no-graph	DQB1	two_field	complete	1	1	1	2	DQB1*02:01:01:01	DQB1*05:01:01:01
HG00140	EUR	HG00140	hprc:DogoHLA-no-graph	DQB1	four_field	complete	1	1	0	1	DQB1*02:01:01:01	DQB1*05:01:01:01
HG00140	EUR	HG00140	hprc:DogoHLA-no-graph	DRB1	two_field	complete	1	1	1	2	DRB1*03:01:01:01	DRB1*01:01:01:01
HG00140	EUR	HG00140	hprc:DogoHLA-no-graph	DRB1	four_field	complete	0	0	0	0	DRB1*03:01:01:01	DRB1*01:01:01:01
HG00140	EUR	HG00140	asian_matched:DogoHLA	A	two_field	complete	1	1	1	2	A*31:01:02:03N	A*01:01:01:07
HG00140	EUR	HG00140	asian_matched:DogoHLA	A	four_field	complete	1	1	0	0	A*31:01:02:03N	A*01:01:01:07
HG00140	EUR	HG00140	asian_matched:DogoHLA	B	two_field	complete	1	1	1	2	B*40:01:02:01	B*57:01:01:01
HG00140	EUR	HG00140	asian_matched:DogoHLA	B	four_field	complete	1	1	0	1	B*40:01:02:01	B*57:01:01:01
HG00140	EUR	HG00140	asian_matched:DogoHLA	C	two_field	complete	1	1	1	2	C*06:02:01:01	C*03:04:01:01
HG00140	EUR	HG00140	asian_matched:DogoHLA	C	four_field	complete	1	1	1	2	C*06:02:01:01	C*03:04:01:01
HG00140	EUR	HG00140	asian_matched:DogoHLA	DPA1	two_field	complete	1	1	1	2	DPA1*01:03:01:02	DPA1*01:03:01:02
HG00140	EUR	HG00140	asian_matched:DogoHLA	DPA1	four_field	complete	0	0	0	0	DPA1*01:03:01:02	DPA1*01:03:01:02
HG00140	EUR	HG00140	asian_matched:DogoHLA	DPB1	two_field	complete	1	1	0	0	DPB1*105:01:01:01	DPB1*126:01:01:01
HG00140	EUR	HG00140	asian_matched:DogoHLA	DPB1	four_field	complete	1	1	0	0	DPB1*105:01:01:01	DPB1*126:01:01:01
HG00140	EUR	HG00140	asian_matched:DogoHLA	DQA1	two_field	complete	1	1	1	2	DQA1*05:01:15	DQA1*01:01:01:01
HG00140	EUR	HG00140	asian_matched:DogoHLA	DQA1	four_field	complete	1	0	0	1	DQA1*05:01:15	DQA1*01:01:01:01
HG00140	EUR	HG00140	asian_matched:DogoHLA	DQB1	two_field	complete	1	1	1	2	DQB1*02:01:01:01	DQB1*05:01:01:01
HG00140	EUR	HG00140	asian_matched:DogoHLA	DQB1	four_field	complete	1	1	0	1	DQB1*02:01:01:01	DQB1*05:01:01:01
HG00140	EUR	HG00140	asian_matched:DogoHLA	DRB1	two_field	complete	1	1	1	2	DRB1*03:01:01:01	DRB1*01:01:01:01
HG00140	EUR	HG00140	asian_matched:DogoHLA	DRB1	four_field	complete	0	0	0	0	DRB1*03:01:01:01	DRB1*01:01:01:01
HG00140	EUR	HG00140	asian_matched:DogoHLA-no-graph	A	two_field	complete	1	1	1	2	A*31:01:02:03N	A*01:01:01:07
HG00140	EUR	HG00140	asian_matched:DogoHLA-no-graph	A	four_field	complete	1	1	0	0	A*31:01:02:03N	A*01:01:01:07
HG00140	EUR	HG00140	asian_matched:DogoHLA-no-graph	B	two_field	complete	1	1	1	2	B*40:01:02:01	B*57:01:01:01
HG00140	EUR	HG00140	asian_matched:DogoHLA-no-graph	B	four_field	complete	1	1	0	1	B*40:01:02:01	B*57:01:01:01
HG00140	EUR	HG00140	asian_matched:DogoHLA-no-graph	C	two_field	complete	1	1	1	2	C*06:02:01:01	C*03:04:01:01
HG00140	EUR	HG00140	asian_matched:DogoHLA-no-graph	C	four_field	complete	1	1	1	2	C*06:02:01:01	C*03:04:01:01
HG00140	EUR	HG00140	asian_matched:DogoHLA-no-graph	DPA1	two_field	complete	1	1	1	2	DPA1*01:03:01:02	DPA1*01:03:01:02
HG00140	EUR	HG00140	asian_matched:DogoHLA-no-graph	DPA1	four_field	complete	0	0	0	0	DPA1*01:03:01:02	DPA1*01:03:01:02
HG00140	EUR	HG00140	asian_matched:DogoHLA-no-graph	DPB1	two_field	complete	1	1	0	0	DPB1*105:01:01:01	DPB1*126:01:01:01
HG00140	EUR	HG00140	asian_matched:DogoHLA-no-graph	DPB1	four_field	complete	1	1	0	0	DPB1*105:01:01:01	DPB1*126:01:01:01
HG00140	EUR	HG00140	asian_matched:DogoHLA-no-graph	DQA1	two_field	complete	1	1	1	2	DQA1*05:01:15	DQA1*01:01:01:01
HG00140	EUR	HG00140	asian_matched:DogoHLA-no-graph	DQA1	four_field	complete	1	0	0	1	DQA1*05:01:15	DQA1*01:01:01:01
HG00140	EUR	HG00140	asian_matched:DogoHLA-no-graph	DQB1	two_field	complete	1	1	1	2	DQB1*02:01:01:01	DQB1*05:01:01:01
HG00140	EUR	HG00140	asian_matched:DogoHLA-no-graph	DQB1	four_field	complete	1	1	0	1	DQB1*02:01:01:01	DQB1*05:01:01:01
HG00140	EUR	HG00140	asian_matched:DogoHLA-no-graph	DRB1	two_field	complete	1	1	1	2	DRB1*03:01:01:01	DRB1*01:01:01:01
HG00140	EUR	HG00140	asian_matched:DogoHLA-no-graph	DRB1	four_field	complete	0	0	0	0	DRB1*03:01:01:01	DRB1*01:01:01:01
NA20762	EUR	NA20762	SpecHLA-IPD365-noFreq	A	two_field	complete	1	1	0	1	A*02:01:01:01	A*33:165
NA20762	EUR	NA20762	SpecHLA-IPD365-noFreq	A	four_field	complete	1	0	0	1	A*02:01:01:01	A*33:165
NA20762	EUR	NA20762	SpecHLA-IPD365-noFreq	B	two_field	complete	1	1	1	2	B*38:01:01:01	B*35:01:01:05
NA20762	EUR	NA20762	SpecHLA-IPD365-noFreq	B	four_field	complete	1	1	1	2	B*38:01:01:01	B*35:01:01:05
NA20762	EUR	NA20762	SpecHLA-IPD365-noFreq	C	two_field	complete	1	1	1	2	C*12:03:01:01	C*04:01:01:06
NA20762	EUR	NA20762	SpecHLA-IPD365-noFreq	C	four_field	complete	0	0	0	0	C*12:03:01:01	C*04:01:01:06
NA20762	EUR	NA20762	SpecHLA-IPD365-noFreq	DPA1	two_field	complete	1	1	1	2	DPA1*01:03:01:01	DPA1*01:03:01:01
NA20762	EUR	NA20762	SpecHLA-IPD365-noFreq	DPA1	four_field	complete	0	0	0	0	DPA1*01:03:01:01	DPA1*01:03:01:01
NA20762	EUR	NA20762	SpecHLA-IPD365-noFreq	DPB1	two_field	complete	1	1	1	2	DPB1*02:01:02:03	DPB1*02:01:02:01
NA20762	EUR	NA20762	SpecHLA-IPD365-noFreq	DPB1	four_field	complete	1	1	0	0	DPB1*02:01:02:03	DPB1*02:01:02:01
NA20762	EUR	NA20762	SpecHLA-IPD365-noFreq	DQA1	two_field	complete	1	1	0	0	DQA1*01:157	DQA1*01:05:02:01
NA20762	EUR	NA20762	SpecHLA-IPD365-noFreq	DQA1	four_field	complete	1	0	0	0	DQA1*01:157	DQA1*01:05:02:01
NA20762	EUR	NA20762	SpecHLA-IPD365-noFreq	DQB1	two_field	complete	1	1	1	2	DQB1*05:01:01:01	DQB1*05:03:01:03
NA20762	EUR	NA20762	SpecHLA-IPD365-noFreq	DQB1	four_field	complete	1	1	0	0	DQB1*05:01:01:01	DQB1*05:03:01:03
NA20762	EUR	NA20762	SpecHLA-IPD365-noFreq	DRB1	two_field	complete	1	1	1	2	DRB1*14:01:01:01	DRB1*01:01:01:01
NA20762	EUR	NA20762	SpecHLA-IPD365-noFreq	DRB1	four_field	complete	0	0	0	0	DRB1*14:01:01:01	DRB1*01:01:01:01
NA20762	EUR	NA20762	SpecHLA-IPD365-long-noFreq	A	two_field	complete	1	1	0	1	A*33:232	A*02:01:01:01
NA20762	EUR	NA20762	SpecHLA-IPD365-long-noFreq	A	four_field	complete	1	0	0	1	A*33:232	A*02:01:01:01
NA20762	EUR	NA20762	SpecHLA-IPD365-long-noFreq	B	two_field	complete	1	1	1	2	B*38:01:01:01	B*35:01:01:05
NA20762	EUR	NA20762	SpecHLA-IPD365-long-noFreq	B	four_field	complete	1	1	1	2	B*38:01:01:01	B*35:01:01:05
NA20762	EUR	NA20762	SpecHLA-IPD365-long-noFreq	C	two_field	complete	1	1	1	2	C*12:03:01:01	C*04:01:01:06
NA20762	EUR	NA20762	SpecHLA-IPD365-long-noFreq	C	four_field	complete	0	0	0	0	C*12:03:01:01	C*04:01:01:06
NA20762	EUR	NA20762	SpecHLA-IPD365-long-noFreq	DPA1	two_field	complete	1	1	1	2	DPA1*01:03:01:01	DPA1*01:03:01:01
NA20762	EUR	NA20762	SpecHLA-IPD365-long-noFreq	DPA1	four_field	complete	0	0	0	0	DPA1*01:03:01:01	DPA1*01:03:01:01
NA20762	EUR	NA20762	SpecHLA-IPD365-long-noFreq	DPB1	two_field	complete	1	1	1	2	DPB1*02:01:02:03	DPB1*02:01:02:01
NA20762	EUR	NA20762	SpecHLA-IPD365-long-noFreq	DPB1	four_field	complete	1	1	0	0	DPB1*02:01:02:03	DPB1*02:01:02:01
NA20762	EUR	NA20762	SpecHLA-IPD365-long-noFreq	DQA1	two_field	complete	1	1	0	0	DQA1*01:157	DQA1*01:05:02:01
NA20762	EUR	NA20762	SpecHLA-IPD365-long-noFreq	DQA1	four_field	complete	1	0	0	0	DQA1*01:157	DQA1*01:05:02:01
NA20762	EUR	NA20762	SpecHLA-IPD365-long-noFreq	DQB1	two_field	complete	1	1	1	2	DQB1*05:03:01:03	DQB1*05:01:01:01
NA20762	EUR	NA20762	SpecHLA-IPD365-long-noFreq	DQB1	four_field	complete	1	1	0	0	DQB1*05:03:01:03	DQB1*05:01:01:01
NA20762	EUR	NA20762	SpecHLA-IPD365-long-noFreq	DRB1	two_field	complete	1	1	1	2	DRB1*14:01:01:01	DRB1*01:01:01:01
NA20762	EUR	NA20762	SpecHLA-IPD365-long-noFreq	DRB1	four_field	complete	0	0	0	0	DRB1*14:01:01:01	DRB1*01:01:01:01
NA20762	EUR	NA20762	T1K-four-field	A	two_field	complete	1	1	1	2	A*33:01:01:01	A*02:01:01:01
NA20762	EUR	NA20762	T1K-four-field	A	four_field	complete	1	1	1	2	A*33:01:01:01	A*02:01:01:01
NA20762	EUR	NA20762	T1K-four-field	B	two_field	complete	1	1	1	2	B*38:01:01:01	B*35:01:01:01
NA20762	EUR	NA20762	T1K-four-field	B	four_field	complete	1	1	0	1	B*38:01:01:01	B*35:01:01:01
NA20762	EUR	NA20762	T1K-four-field	C	two_field	complete	1	1	1	2	C*04:01:01:06	C*12:03:01:01
NA20762	EUR	NA20762	T1K-four-field	C	four_field	complete	0	0	0	0	C*04:01:01:06	C*12:03:01:01
NA20762	EUR	NA20762	T1K-four-field	DPA1	two_field	complete	1	1	1	2	DPA1*01:03:01:01	DPA1*01:03:01:01
NA20762	EUR	NA20762	T1K-four-field	DPA1	four_field	complete	0	0	0	0	DPA1*01:03:01:01	DPA1*01:03:01:01
NA20762	EUR	NA20762	T1K-four-field	DPB1	two_field	complete	1	1	1	2	DPB1*02:01:02:03	DPB1*02:01:02:04
NA20762	EUR	NA20762	T1K-four-field	DPB1	four_field	complete	1	1	0	1	DPB1*02:01:02:03	DPB1*02:01:02:04
NA20762	EUR	NA20762	T1K-four-field	DQA1	two_field	complete	1	1	1	2	DQA1*01:04:01:01	DQA1*01:01:01:01
NA20762	EUR	NA20762	T1K-four-field	DQA1	four_field	complete	1	1	0	1	DQA1*01:04:01:01	DQA1*01:01:01:01
NA20762	EUR	NA20762	T1K-four-field	DQB1	two_field	complete	1	1	1	2	DQB1*05:03:01:01	DQB1*05:01:01:01
NA20762	EUR	NA20762	T1K-four-field	DQB1	four_field	complete	1	1	0	1	DQB1*05:03:01:01	DQB1*05:01:01:01
NA20762	EUR	NA20762	T1K-four-field	DRB1	two_field	complete	1	1	1	2	DRB1*01:01:01:01	DRB1*14:01:01:02
NA20762	EUR	NA20762	T1K-four-field	DRB1	four_field	complete	0	0	0	0	DRB1*01:01:01:01	DRB1*14:01:01:02
NA20762	EUR	NA20762	full:DogoHLA	A	two_field	complete	1	1	0	1	A*33:232	A*02:01:01:01
NA20762	EUR	NA20762	full:DogoHLA	A	four_field	complete	1	0	0	1	A*33:232	A*02:01:01:01
NA20762	EUR	NA20762	full:DogoHLA	B	two_field	complete	1	1	1	2	B*38:01:01:01	B*35:01:01:05
NA20762	EUR	NA20762	full:DogoHLA	B	four_field	complete	1	1	1	2	B*38:01:01:01	B*35:01:01:05
NA20762	EUR	NA20762	full:DogoHLA	C	two_field	complete	1	1	1	2	C*12:03:01:01	C*04:01:01:06
NA20762	EUR	NA20762	full:DogoHLA	C	four_field	complete	0	0	0	0	C*12:03:01:01	C*04:01:01:06
NA20762	EUR	NA20762	full:DogoHLA	DPA1	two_field	complete	1	1	1	2	DPA1*01:03:01:01	DPA1*01:03:01:01
NA20762	EUR	NA20762	full:DogoHLA	DPA1	four_field	complete	0	0	0	0	DPA1*01:03:01:01	DPA1*01:03:01:01
NA20762	EUR	NA20762	full:DogoHLA	DPB1	two_field	complete	1	1	1	2	DPB1*02:01:02:01	DPB1*02:01:02:03
NA20762	EUR	NA20762	full:DogoHLA	DPB1	four_field	complete	1	1	0	0	DPB1*02:01:02:01	DPB1*02:01:02:03
NA20762	EUR	NA20762	full:DogoHLA	DQA1	two_field	complete	1	1	0	1	DQA1*01:04:01:01	DQA1*01:169
NA20762	EUR	NA20762	full:DogoHLA	DQA1	four_field	complete	1	0	0	0	DQA1*01:04:01:01	DQA1*01:169
NA20762	EUR	NA20762	full:DogoHLA	DQB1	two_field	complete	1	1	0	1	DQB1*05:292	DQB1*05:03:01:03
NA20762	EUR	NA20762	full:DogoHLA	DQB1	four_field	complete	1	0	0	0	DQB1*05:292	DQB1*05:03:01:03
NA20762	EUR	NA20762	full:DogoHLA	DRB1	two_field	complete	1	1	1	2	DRB1*14:01:01:01	DRB1*01:01:01:01
NA20762	EUR	NA20762	full:DogoHLA	DRB1	four_field	complete	0	0	0	0	DRB1*14:01:01:01	DRB1*01:01:01:01
NA20762	EUR	NA20762	full:DogoHLA-no-graph	A	two_field	complete	1	1	0	1	A*33:165	A*02:01:01:01
NA20762	EUR	NA20762	full:DogoHLA-no-graph	A	four_field	complete	1	0	0	1	A*33:165	A*02:01:01:01
NA20762	EUR	NA20762	full:DogoHLA-no-graph	B	two_field	complete	1	1	1	2	B*38:01:01:01	B*35:01:01:05
NA20762	EUR	NA20762	full:DogoHLA-no-graph	B	four_field	complete	1	1	1	2	B*38:01:01:01	B*35:01:01:05
NA20762	EUR	NA20762	full:DogoHLA-no-graph	C	two_field	complete	1	1	1	2	C*12:03:01:01	C*04:01:01:06
NA20762	EUR	NA20762	full:DogoHLA-no-graph	C	four_field	complete	0	0	0	0	C*12:03:01:01	C*04:01:01:06
NA20762	EUR	NA20762	full:DogoHLA-no-graph	DPA1	two_field	complete	1	1	1	2	DPA1*01:03:01:01	DPA1*01:03:01:01
NA20762	EUR	NA20762	full:DogoHLA-no-graph	DPA1	four_field	complete	0	0	0	0	DPA1*01:03:01:01	DPA1*01:03:01:01
NA20762	EUR	NA20762	full:DogoHLA-no-graph	DPB1	two_field	complete	1	1	1	2	DPB1*02:01:02:01	DPB1*02:01:02:03
NA20762	EUR	NA20762	full:DogoHLA-no-graph	DPB1	four_field	complete	1	1	0	0	DPB1*02:01:02:01	DPB1*02:01:02:03
NA20762	EUR	NA20762	full:DogoHLA-no-graph	DQA1	two_field	complete	1	1	0	1	DQA1*01:04:01:01	DQA1*01:169
NA20762	EUR	NA20762	full:DogoHLA-no-graph	DQA1	four_field	complete	1	0	0	0	DQA1*01:04:01:01	DQA1*01:169
NA20762	EUR	NA20762	full:DogoHLA-no-graph	DQB1	two_field	complete	1	1	0	1	DQB1*05:292	DQB1*05:03:01:03
NA20762	EUR	NA20762	full:DogoHLA-no-graph	DQB1	four_field	complete	1	0	0	0	DQB1*05:292	DQB1*05:03:01:03
NA20762	EUR	NA20762	full:DogoHLA-no-graph	DRB1	two_field	complete	1	1	1	2	DRB1*14:01:01:01	DRB1*01:01:01:01
NA20762	EUR	NA20762	full:DogoHLA-no-graph	DRB1	four_field	complete	0	0	0	0	DRB1*14:01:01:01	DRB1*01:01:01:01
NA20762	EUR	NA20762	hprc:DogoHLA	A	two_field	complete	1	1	0	1	A*33:232	A*02:01:01:01
NA20762	EUR	NA20762	hprc:DogoHLA	A	four_field	complete	1	0	0	1	A*33:232	A*02:01:01:01
NA20762	EUR	NA20762	hprc:DogoHLA	B	two_field	complete	1	1	1	2	B*38:01:01:01	B*35:01:01:05
NA20762	EUR	NA20762	hprc:DogoHLA	B	four_field	complete	1	1	1	2	B*38:01:01:01	B*35:01:01:05
NA20762	EUR	NA20762	hprc:DogoHLA	C	two_field	complete	1	1	1	2	C*12:03:01:01	C*04:01:01:06
NA20762	EUR	NA20762	hprc:DogoHLA	C	four_field	complete	0	0	0	0	C*12:03:01:01	C*04:01:01:06
NA20762	EUR	NA20762	hprc:DogoHLA	DPA1	two_field	complete	1	1	1	2	DPA1*01:03:01:01	DPA1*01:03:01:01
NA20762	EUR	NA20762	hprc:DogoHLA	DPA1	four_field	complete	0	0	0	0	DPA1*01:03:01:01	DPA1*01:03:01:01
NA20762	EUR	NA20762	hprc:DogoHLA	DPB1	two_field	complete	1	1	1	2	DPB1*02:01:02:01	DPB1*02:01:02:03
NA20762	EUR	NA20762	hprc:DogoHLA	DPB1	four_field	complete	1	1	0	0	DPB1*02:01:02:01	DPB1*02:01:02:03
NA20762	EUR	NA20762	hprc:DogoHLA	DQA1	two_field	complete	1	1	0	1	DQA1*01:04:01:01	DQA1*01:169
NA20762	EUR	NA20762	hprc:DogoHLA	DQA1	four_field	complete	1	0	0	0	DQA1*01:04:01:01	DQA1*01:169
NA20762	EUR	NA20762	hprc:DogoHLA	DQB1	two_field	complete	1	1	0	1	DQB1*05:292	DQB1*05:03:01:03
NA20762	EUR	NA20762	hprc:DogoHLA	DQB1	four_field	complete	1	0	0	0	DQB1*05:292	DQB1*05:03:01:03
NA20762	EUR	NA20762	hprc:DogoHLA	DRB1	two_field	complete	1	1	1	2	DRB1*14:01:01:01	DRB1*01:01:01:01
NA20762	EUR	NA20762	hprc:DogoHLA	DRB1	four_field	complete	0	0	0	0	DRB1*14:01:01:01	DRB1*01:01:01:01
NA20762	EUR	NA20762	hprc:DogoHLA-no-graph	A	two_field	complete	1	1	0	1	A*33:165	A*02:01:01:01
NA20762	EUR	NA20762	hprc:DogoHLA-no-graph	A	four_field	complete	1	0	0	1	A*33:165	A*02:01:01:01
NA20762	EUR	NA20762	hprc:DogoHLA-no-graph	B	two_field	complete	1	1	1	2	B*38:01:01:01	B*35:01:01:05
NA20762	EUR	NA20762	hprc:DogoHLA-no-graph	B	four_field	complete	1	1	1	2	B*38:01:01:01	B*35:01:01:05
NA20762	EUR	NA20762	hprc:DogoHLA-no-graph	C	two_field	complete	1	1	1	2	C*12:03:01:01	C*04:01:01:06
NA20762	EUR	NA20762	hprc:DogoHLA-no-graph	C	four_field	complete	0	0	0	0	C*12:03:01:01	C*04:01:01:06
NA20762	EUR	NA20762	hprc:DogoHLA-no-graph	DPA1	two_field	complete	1	1	1	2	DPA1*01:03:01:01	DPA1*01:03:01:01
NA20762	EUR	NA20762	hprc:DogoHLA-no-graph	DPA1	four_field	complete	0	0	0	0	DPA1*01:03:01:01	DPA1*01:03:01:01
NA20762	EUR	NA20762	hprc:DogoHLA-no-graph	DPB1	two_field	complete	1	1	1	2	DPB1*02:01:02:01	DPB1*02:01:02:03
NA20762	EUR	NA20762	hprc:DogoHLA-no-graph	DPB1	four_field	complete	1	1	0	0	DPB1*02:01:02:01	DPB1*02:01:02:03
NA20762	EUR	NA20762	hprc:DogoHLA-no-graph	DQA1	two_field	complete	1	1	0	1	DQA1*01:04:01:01	DQA1*01:169
NA20762	EUR	NA20762	hprc:DogoHLA-no-graph	DQA1	four_field	complete	1	0	0	0	DQA1*01:04:01:01	DQA1*01:169
NA20762	EUR	NA20762	hprc:DogoHLA-no-graph	DQB1	two_field	complete	1	1	0	1	DQB1*05:292	DQB1*05:03:01:03
NA20762	EUR	NA20762	hprc:DogoHLA-no-graph	DQB1	four_field	complete	1	0	0	0	DQB1*05:292	DQB1*05:03:01:03
NA20762	EUR	NA20762	hprc:DogoHLA-no-graph	DRB1	two_field	complete	1	1	1	2	DRB1*14:01:01:01	DRB1*01:01:01:01
NA20762	EUR	NA20762	hprc:DogoHLA-no-graph	DRB1	four_field	complete	0	0	0	0	DRB1*14:01:01:01	DRB1*01:01:01:01
NA20762	EUR	NA20762	asian_matched:DogoHLA	A	two_field	complete	1	1	0	1	A*33:168	A*02:01:01:01
NA20762	EUR	NA20762	asian_matched:DogoHLA	A	four_field	complete	1	0	0	1	A*33:168	A*02:01:01:01
NA20762	EUR	NA20762	asian_matched:DogoHLA	B	two_field	complete	1	1	1	2	B*38:01:01:01	B*35:01:01:05
NA20762	EUR	NA20762	asian_matched:DogoHLA	B	four_field	complete	1	1	1	2	B*38:01:01:01	B*35:01:01:05
NA20762	EUR	NA20762	asian_matched:DogoHLA	C	two_field	complete	1	1	1	2	C*12:03:01:01	C*04:01:01:06
NA20762	EUR	NA20762	asian_matched:DogoHLA	C	four_field	complete	0	0	0	0	C*12:03:01:01	C*04:01:01:06
NA20762	EUR	NA20762	asian_matched:DogoHLA	DPA1	two_field	complete	1	1	1	2	DPA1*01:03:01:01	DPA1*01:03:01:01
NA20762	EUR	NA20762	asian_matched:DogoHLA	DPA1	four_field	complete	0	0	0	0	DPA1*01:03:01:01	DPA1*01:03:01:01
NA20762	EUR	NA20762	asian_matched:DogoHLA	DPB1	two_field	complete	1	1	1	2	DPB1*02:01:02:01	DPB1*02:01:02:03
NA20762	EUR	NA20762	asian_matched:DogoHLA	DPB1	four_field	complete	1	1	0	0	DPB1*02:01:02:01	DPB1*02:01:02:03
NA20762	EUR	NA20762	asian_matched:DogoHLA	DQA1	two_field	complete	1	1	0	1	DQA1*01:04:01:01	DQA1*01:169
NA20762	EUR	NA20762	asian_matched:DogoHLA	DQA1	four_field	complete	1	0	0	0	DQA1*01:04:01:01	DQA1*01:169
NA20762	EUR	NA20762	asian_matched:DogoHLA	DQB1	two_field	complete	1	1	0	1	DQB1*05:292	DQB1*05:03:01:03
NA20762	EUR	NA20762	asian_matched:DogoHLA	DQB1	four_field	complete	1	0	0	0	DQB1*05:292	DQB1*05:03:01:03
NA20762	EUR	NA20762	asian_matched:DogoHLA	DRB1	two_field	complete	1	1	1	2	DRB1*14:01:01:01	DRB1*01:01:01:01
NA20762	EUR	NA20762	asian_matched:DogoHLA	DRB1	four_field	complete	0	0	0	0	DRB1*14:01:01:01	DRB1*01:01:01:01
NA20762	EUR	NA20762	asian_matched:DogoHLA-no-graph	A	two_field	complete	1	1	0	1	A*33:232	A*02:01:01:01
NA20762	EUR	NA20762	asian_matched:DogoHLA-no-graph	A	four_field	complete	1	0	0	1	A*33:232	A*02:01:01:01
NA20762	EUR	NA20762	asian_matched:DogoHLA-no-graph	B	two_field	complete	1	1	1	2	B*38:01:01:01	B*35:01:01:05
NA20762	EUR	NA20762	asian_matched:DogoHLA-no-graph	B	four_field	complete	1	1	1	2	B*38:01:01:01	B*35:01:01:05
NA20762	EUR	NA20762	asian_matched:DogoHLA-no-graph	C	two_field	complete	1	1	1	2	C*12:03:01:01	C*04:01:01:06
NA20762	EUR	NA20762	asian_matched:DogoHLA-no-graph	C	four_field	complete	0	0	0	0	C*12:03:01:01	C*04:01:01:06
NA20762	EUR	NA20762	asian_matched:DogoHLA-no-graph	DPA1	two_field	complete	1	1	1	2	DPA1*01:03:01:01	DPA1*01:03:01:01
NA20762	EUR	NA20762	asian_matched:DogoHLA-no-graph	DPA1	four_field	complete	0	0	0	0	DPA1*01:03:01:01	DPA1*01:03:01:01
NA20762	EUR	NA20762	asian_matched:DogoHLA-no-graph	DPB1	two_field	complete	1	1	1	2	DPB1*02:01:02:01	DPB1*02:01:02:03
NA20762	EUR	NA20762	asian_matched:DogoHLA-no-graph	DPB1	four_field	complete	1	1	0	0	DPB1*02:01:02:01	DPB1*02:01:02:03
NA20762	EUR	NA20762	asian_matched:DogoHLA-no-graph	DQA1	two_field	complete	1	1	0	1	DQA1*01:04:01:01	DQA1*01:169
NA20762	EUR	NA20762	asian_matched:DogoHLA-no-graph	DQA1	four_field	complete	1	0	0	0	DQA1*01:04:01:01	DQA1*01:169
NA20762	EUR	NA20762	asian_matched:DogoHLA-no-graph	DQB1	two_field	complete	1	1	0	1	DQB1*05:292	DQB1*05:03:01:03
NA20762	EUR	NA20762	asian_matched:DogoHLA-no-graph	DQB1	four_field	complete	1	0	0	0	DQB1*05:292	DQB1*05:03:01:03
NA20762	EUR	NA20762	asian_matched:DogoHLA-no-graph	DRB1	two_field	complete	1	1	1	2	DRB1*14:01:01:01	DRB1*01:01:01:01
NA20762	EUR	NA20762	asian_matched:DogoHLA-no-graph	DRB1	four_field	complete	0	0	0	0	DRB1*14:01:01:01	DRB1*01:01:01:01
HG03516	AFR	NG107	SpecHLA-IPD365-noFreq	A	two_field	complete	1	1	0	1	A*30:187:02	A*36:01:01:01
HG03516	AFR	NG107	SpecHLA-IPD365-noFreq	A	four_field	complete	1	0	0	1	A*30:187:02	A*36:01:01:01
HG03516	AFR	NG107	SpecHLA-IPD365-noFreq	B	two_field	complete	1	1	0	1	B*53:76	B*52:01:01:01
HG03516	AFR	NG107	SpecHLA-IPD365-noFreq	B	four_field	complete	0	0	0	0	B*53:76	B*52:01:01:01
HG03516	AFR	NG107	SpecHLA-IPD365-noFreq	C	two_field	complete	1	1	1	2	C*04:01:01:01	C*16:01:01:01
HG03516	AFR	NG107	SpecHLA-IPD365-noFreq	C	four_field	complete	1	1	0	1	C*04:01:01:01	C*16:01:01:01
HG03516	AFR	NG107	SpecHLA-IPD365-noFreq	DPA1	two_field	complete	0	0	0	0	DPA1*01:03:01:01	DPA1*03:01:01:01
HG03516	AFR	NG107	SpecHLA-IPD365-noFreq	DPA1	four_field	complete	0	0	0	0	DPA1*01:03:01:01	DPA1*03:01:01:01
HG03516	AFR	NG107	SpecHLA-IPD365-noFreq	DPB1	two_field	complete	1	1	1	2	DPB1*02:01:02:01	DPB1*105:01:01:01
HG03516	AFR	NG107	SpecHLA-IPD365-noFreq	DPB1	four_field	complete	1	1	0	0	DPB1*02:01:02:01	DPB1*105:01:01:01
HG03516	AFR	NG107	SpecHLA-IPD365-noFreq	DQA1	two_field	complete	1	1	0	1	DQA1*01:63:01:01	DQA1*01:03:01:01
HG03516	AFR	NG107	SpecHLA-IPD365-noFreq	DQA1	four_field	complete	1	1	0	0	DQA1*01:63:01:01	DQA1*01:03:01:01
HG03516	AFR	NG107	SpecHLA-IPD365-noFreq	DQB1	two_field	complete	1	1	1	2	DQB1*06:02:01:01	DQB1*05:01:01:01
HG03516	AFR	NG107	SpecHLA-IPD365-noFreq	DQB1	four_field	complete	1	1	0	0	DQB1*06:02:01:01	DQB1*05:01:01:01
HG03516	AFR	NG107	SpecHLA-IPD365-noFreq	DRB1	two_field	complete	1	1	0	0	DRB1*11:04:01:02	DRB1*13:24:01:03
HG03516	AFR	NG107	SpecHLA-IPD365-noFreq	DRB1	four_field	complete	0	0	0	0	DRB1*11:04:01:02	DRB1*13:24:01:03
HG03516	AFR	NG107	SpecHLA-IPD365-long-noFreq	A	two_field	complete	1	1	0	1	A*30:187:02	A*36:01:01:01
HG03516	AFR	NG107	SpecHLA-IPD365-long-noFreq	A	four_field	complete	1	0	0	1	A*30:187:02	A*36:01:01:01
HG03516	AFR	NG107	SpecHLA-IPD365-long-noFreq	B	two_field	complete	1	1	0	1	B*52:01:01:01	B*53:76
HG03516	AFR	NG107	SpecHLA-IPD365-long-noFreq	B	four_field	complete	0	0	0	0	B*52:01:01:01	B*53:76
HG03516	AFR	NG107	SpecHLA-IPD365-long-noFreq	C	two_field	complete	1	1	1	2	C*04:01:01:01	C*16:01:01:01
HG03516	AFR	NG107	SpecHLA-IPD365-long-noFreq	C	four_field	complete	1	1	0	1	C*04:01:01:01	C*16:01:01:01
HG03516	AFR	NG107	SpecHLA-IPD365-long-noFreq	DPA1	two_field	complete	0	0	0	0	DPA1*03:01:01:01	DPA1*01:03:01:01
HG03516	AFR	NG107	SpecHLA-IPD365-long-noFreq	DPA1	four_field	complete	0	0	0	0	DPA1*03:01:01:01	DPA1*01:03:01:01
HG03516	AFR	NG107	SpecHLA-IPD365-long-noFreq	DPB1	two_field	complete	1	1	1	2	DPB1*02:01:02:01	DPB1*105:01:01:01
HG03516	AFR	NG107	SpecHLA-IPD365-long-noFreq	DPB1	four_field	complete	1	1	0	0	DPB1*02:01:02:01	DPB1*105:01:01:01
HG03516	AFR	NG107	SpecHLA-IPD365-long-noFreq	DQA1	two_field	complete	1	1	0	1	DQA1*01:03:01:01	DQA1*01:63:01:01
HG03516	AFR	NG107	SpecHLA-IPD365-long-noFreq	DQA1	four_field	complete	1	1	0	0	DQA1*01:03:01:01	DQA1*01:63:01:01
HG03516	AFR	NG107	SpecHLA-IPD365-long-noFreq	DQB1	two_field	complete	1	1	1	2	DQB1*06:02:01:01	DQB1*05:01:01:01
HG03516	AFR	NG107	SpecHLA-IPD365-long-noFreq	DQB1	four_field	complete	1	1	0	0	DQB1*06:02:01:01	DQB1*05:01:01:01
HG03516	AFR	NG107	SpecHLA-IPD365-long-noFreq	DRB1	two_field	complete	1	1	0	0	DRB1*11:04:01:02	DRB1*13:24:01:02
HG03516	AFR	NG107	SpecHLA-IPD365-long-noFreq	DRB1	four_field	complete	0	0	0	0	DRB1*11:04:01:02	DRB1*13:24:01:02
HG03516	AFR	NG107	T1K-four-field	A	two_field	complete	1	1	1	2	A*30:01:01:01	A*36:01:01:01
HG03516	AFR	NG107	T1K-four-field	A	four_field	complete	1	1	1	2	A*30:01:01:01	A*36:01:01:01
HG03516	AFR	NG107	T1K-four-field	B	two_field	complete	1	1	1	2	B*52:01:02:01	B*53:01:01:01
HG03516	AFR	NG107	T1K-four-field	B	four_field	complete	0	0	0	0	B*52:01:02:01	B*53:01:01:01
HG03516	AFR	NG107	T1K-four-field	C	two_field	complete	1	1	1	2	C*16:01:01:01	C*04:01:01:95
HG03516	AFR	NG107	T1K-four-field	C	four_field	complete	1	1	0	1	C*16:01:01:01	C*04:01:01:95
HG03516	AFR	NG107	T1K-four-field	DPA1	two_field	complete	0	0	0	0	DPA1*01:03:01:69	DPA1*03:01:01:01
HG03516	AFR	NG107	T1K-four-field	DPA1	four_field	complete	0	0	0	0	DPA1*01:03:01:69	DPA1*03:01:01:01
HG03516	AFR	NG107	T1K-four-field	DPB1	two_field	complete	1	1	1	2	DPB1*105:01:01:06	DPB1*02:01:02:09
HG03516	AFR	NG107	T1K-four-field	DPB1	four_field	complete	1	1	1	2	DPB1*105:01:01:06	DPB1*02:01:02:09
HG03516	AFR	NG107	T1K-four-field	DQA1	two_field	complete	1	1	1	2	DQA1*01:02:01:01	DQA1*01:03:01:01
HG03516	AFR	NG107	T1K-four-field	DQA1	four_field	complete	1	1	0	0	DQA1*01:02:01:01	DQA1*01:03:01:01
HG03516	AFR	NG107	T1K-four-field	DQB1	two_field	complete	1	1	1	2	DQB1*05:01:01:01	DQB1*06:02:01:01
HG03516	AFR	NG107	T1K-four-field	DQB1	four_field	complete	1	1	0	0	DQB1*05:01:01:01	DQB1*06:02:01:01
HG03516	AFR	NG107	T1K-four-field	DRB1	two_field	complete	1	1	1	2	DRB1*11:01:02:03	DRB1*13:01:01:10
HG03516	AFR	NG107	T1K-four-field	DRB1	four_field	complete	0	0	0	0	DRB1*11:01:02:03	DRB1*13:01:01:10
HG03516	AFR	NG107	full:DogoHLA	A	two_field	complete	1	1	0	1	A*36:01:01:01	A*30:187:02
HG03516	AFR	NG107	full:DogoHLA	A	four_field	complete	1	0	0	1	A*36:01:01:01	A*30:187:02
HG03516	AFR	NG107	full:DogoHLA	B	two_field	complete	1	1	0	1	B*52:01:01:01	B*53:76
HG03516	AFR	NG107	full:DogoHLA	B	four_field	complete	0	0	0	0	B*52:01:01:01	B*53:76
HG03516	AFR	NG107	full:DogoHLA	C	two_field	complete	1	1	1	2	C*16:01:01:02	C*04:01:01:01
HG03516	AFR	NG107	full:DogoHLA	C	four_field	complete	1	1	0	0	C*16:01:01:02	C*04:01:01:01
HG03516	AFR	NG107	full:DogoHLA	DPA1	two_field	complete	0	0	0	0	DPA1*03:01:01:01	DPA1*01:03:01:01
HG03516	AFR	NG107	full:DogoHLA	DPA1	four_field	complete	0	0	0	0	DPA1*03:01:01:01	DPA1*01:03:01:01
HG03516	AFR	NG107	full:DogoHLA	DPB1	two_field	complete	1	1	1	2	DPB1*02:01:02:01	DPB1*105:01:01:01
HG03516	AFR	NG107	full:DogoHLA	DPB1	four_field	complete	1	1	0	0	DPB1*02:01:02:01	DPB1*105:01:01:01
HG03516	AFR	NG107	full:DogoHLA	DQA1	two_field	complete	1	1	0	1	DQA1*01:63:01:01	DQA1*01:02:01:01
HG03516	AFR	NG107	full:DogoHLA	DQA1	four_field	complete	1	1	0	0	DQA1*01:63:01:01	DQA1*01:02:01:01
HG03516	AFR	NG107	full:DogoHLA	DQB1	two_field	complete	1	1	1	2	DQB1*05:01:01:01	DQB1*06:02:01:01
HG03516	AFR	NG107	full:DogoHLA	DQB1	four_field	complete	1	1	0	0	DQB1*05:01:01:01	DQB1*06:02:01:01
HG03516	AFR	NG107	full:DogoHLA	DRB1	two_field	complete	1	1	1	2	DRB1*11:01:02:04	DRB1*13:01:01:03
HG03516	AFR	NG107	full:DogoHLA	DRB1	four_field	complete	0	0	0	0	DRB1*11:01:02:04	DRB1*13:01:01:03
HG03516	AFR	NG107	full:DogoHLA-no-graph	A	two_field	complete	1	1	0	1	A*36:01:01:01	A*30:187:02
HG03516	AFR	NG107	full:DogoHLA-no-graph	A	four_field	complete	1	0	0	1	A*36:01:01:01	A*30:187:02
HG03516	AFR	NG107	full:DogoHLA-no-graph	B	two_field	complete	1	1	0	1	B*52:01:01:01	B*53:76
HG03516	AFR	NG107	full:DogoHLA-no-graph	B	four_field	complete	0	0	0	0	B*52:01:01:01	B*53:76
HG03516	AFR	NG107	full:DogoHLA-no-graph	C	two_field	complete	1	1	1	2	C*16:01:01:02	C*04:01:01:01
HG03516	AFR	NG107	full:DogoHLA-no-graph	C	four_field	complete	1	1	0	0	C*16:01:01:02	C*04:01:01:01
HG03516	AFR	NG107	full:DogoHLA-no-graph	DPA1	two_field	complete	0	0	0	0	DPA1*03:01:01:01	DPA1*01:03:01:01
HG03516	AFR	NG107	full:DogoHLA-no-graph	DPA1	four_field	complete	0	0	0	0	DPA1*03:01:01:01	DPA1*01:03:01:01
HG03516	AFR	NG107	full:DogoHLA-no-graph	DPB1	two_field	complete	1	1	1	2	DPB1*02:01:02:01	DPB1*105:01:01:01
HG03516	AFR	NG107	full:DogoHLA-no-graph	DPB1	four_field	complete	1	1	0	0	DPB1*02:01:02:01	DPB1*105:01:01:01
HG03516	AFR	NG107	full:DogoHLA-no-graph	DQA1	two_field	complete	1	1	0	1	DQA1*01:63:01:01	DQA1*01:02:01:01
HG03516	AFR	NG107	full:DogoHLA-no-graph	DQA1	four_field	complete	1	1	0	0	DQA1*01:63:01:01	DQA1*01:02:01:01
HG03516	AFR	NG107	full:DogoHLA-no-graph	DQB1	two_field	complete	1	1	1	2	DQB1*05:01:01:01	DQB1*06:02:01:01
HG03516	AFR	NG107	full:DogoHLA-no-graph	DQB1	four_field	complete	1	1	0	0	DQB1*05:01:01:01	DQB1*06:02:01:01
HG03516	AFR	NG107	full:DogoHLA-no-graph	DRB1	two_field	complete	1	1	1	2	DRB1*11:01:02:04	DRB1*13:01:01:03
HG03516	AFR	NG107	full:DogoHLA-no-graph	DRB1	four_field	complete	0	0	0	0	DRB1*11:01:02:04	DRB1*13:01:01:03
HG03516	AFR	NG107	hprc:DogoHLA	A	two_field	complete	1	1	0	1	A*36:01:01:01	A*30:187:02
HG03516	AFR	NG107	hprc:DogoHLA	A	four_field	complete	1	0	0	1	A*36:01:01:01	A*30:187:02
HG03516	AFR	NG107	hprc:DogoHLA	B	two_field	complete	1	1	0	1	B*52:01:01:01	B*53:76
HG03516	AFR	NG107	hprc:DogoHLA	B	four_field	complete	0	0	0	0	B*52:01:01:01	B*53:76
HG03516	AFR	NG107	hprc:DogoHLA	C	two_field	complete	1	1	1	2	C*16:01:01:02	C*04:01:01:01
HG03516	AFR	NG107	hprc:DogoHLA	C	four_field	complete	1	1	0	0	C*16:01:01:02	C*04:01:01:01
HG03516	AFR	NG107	hprc:DogoHLA	DPA1	two_field	complete	0	0	0	0	DPA1*03:01:01:01	DPA1*01:03:01:01
HG03516	AFR	NG107	hprc:DogoHLA	DPA1	four_field	complete	0	0	0	0	DPA1*03:01:01:01	DPA1*01:03:01:01
HG03516	AFR	NG107	hprc:DogoHLA	DPB1	two_field	complete	1	1	1	2	DPB1*02:01:02:01	DPB1*105:01:01:01
HG03516	AFR	NG107	hprc:DogoHLA	DPB1	four_field	complete	1	1	0	0	DPB1*02:01:02:01	DPB1*105:01:01:01
HG03516	AFR	NG107	hprc:DogoHLA	DQA1	two_field	complete	1	1	0	1	DQA1*01:63:01:01	DQA1*01:02:01:01
HG03516	AFR	NG107	hprc:DogoHLA	DQA1	four_field	complete	1	1	0	0	DQA1*01:63:01:01	DQA1*01:02:01:01
HG03516	AFR	NG107	hprc:DogoHLA	DQB1	two_field	complete	1	1	1	2	DQB1*05:01:01:01	DQB1*06:02:01:01
HG03516	AFR	NG107	hprc:DogoHLA	DQB1	four_field	complete	1	1	0	0	DQB1*05:01:01:01	DQB1*06:02:01:01
HG03516	AFR	NG107	hprc:DogoHLA	DRB1	two_field	complete	1	1	1	2	DRB1*11:01:02:04	DRB1*13:01:01:03
HG03516	AFR	NG107	hprc:DogoHLA	DRB1	four_field	complete	0	0	0	0	DRB1*11:01:02:04	DRB1*13:01:01:03
HG03516	AFR	NG107	hprc:DogoHLA-no-graph	A	two_field	complete	1	1	0	1	A*36:01:01:01	A*30:187:02
HG03516	AFR	NG107	hprc:DogoHLA-no-graph	A	four_field	complete	1	0	0	1	A*36:01:01:01	A*30:187:02
HG03516	AFR	NG107	hprc:DogoHLA-no-graph	B	two_field	complete	1	1	0	1	B*52:01:01:01	B*53:76
HG03516	AFR	NG107	hprc:DogoHLA-no-graph	B	four_field	complete	0	0	0	0	B*52:01:01:01	B*53:76
HG03516	AFR	NG107	hprc:DogoHLA-no-graph	C	two_field	complete	1	1	1	2	C*16:01:01:02	C*04:01:01:01
HG03516	AFR	NG107	hprc:DogoHLA-no-graph	C	four_field	complete	1	1	0	0	C*16:01:01:02	C*04:01:01:01
HG03516	AFR	NG107	hprc:DogoHLA-no-graph	DPA1	two_field	complete	0	0	0	0	DPA1*03:01:01:01	DPA1*01:03:01:01
HG03516	AFR	NG107	hprc:DogoHLA-no-graph	DPA1	four_field	complete	0	0	0	0	DPA1*03:01:01:01	DPA1*01:03:01:01
HG03516	AFR	NG107	hprc:DogoHLA-no-graph	DPB1	two_field	complete	1	1	1	2	DPB1*02:01:02:01	DPB1*105:01:01:01
HG03516	AFR	NG107	hprc:DogoHLA-no-graph	DPB1	four_field	complete	1	1	0	0	DPB1*02:01:02:01	DPB1*105:01:01:01
HG03516	AFR	NG107	hprc:DogoHLA-no-graph	DQA1	two_field	complete	1	1	0	1	DQA1*01:63:01:01	DQA1*01:02:01:01
HG03516	AFR	NG107	hprc:DogoHLA-no-graph	DQA1	four_field	complete	1	1	0	0	DQA1*01:63:01:01	DQA1*01:02:01:01
HG03516	AFR	NG107	hprc:DogoHLA-no-graph	DQB1	two_field	complete	1	1	1	2	DQB1*05:01:01:01	DQB1*06:02:01:01
HG03516	AFR	NG107	hprc:DogoHLA-no-graph	DQB1	four_field	complete	1	1	0	0	DQB1*05:01:01:01	DQB1*06:02:01:01
HG03516	AFR	NG107	hprc:DogoHLA-no-graph	DRB1	two_field	complete	1	1	1	2	DRB1*11:01:02:04	DRB1*13:01:01:03
HG03516	AFR	NG107	hprc:DogoHLA-no-graph	DRB1	four_field	complete	0	0	0	0	DRB1*11:01:02:04	DRB1*13:01:01:03
HG03516	AFR	NG107	asian_matched:DogoHLA	A	two_field	complete	1	1	0	1	A*36:01:01:01	A*30:187:02
HG03516	AFR	NG107	asian_matched:DogoHLA	A	four_field	complete	1	0	0	1	A*36:01:01:01	A*30:187:02
HG03516	AFR	NG107	asian_matched:DogoHLA	B	two_field	complete	1	1	0	1	B*52:01:01:01	B*53:76
HG03516	AFR	NG107	asian_matched:DogoHLA	B	four_field	complete	0	0	0	0	B*52:01:01:01	B*53:76
HG03516	AFR	NG107	asian_matched:DogoHLA	C	two_field	complete	1	1	1	2	C*16:01:01:02	C*04:01:01:01
HG03516	AFR	NG107	asian_matched:DogoHLA	C	four_field	complete	1	1	0	0	C*16:01:01:02	C*04:01:01:01
HG03516	AFR	NG107	asian_matched:DogoHLA	DPA1	two_field	complete	0	0	0	0	DPA1*03:01:01:01	DPA1*01:03:01:01
HG03516	AFR	NG107	asian_matched:DogoHLA	DPA1	four_field	complete	0	0	0	0	DPA1*03:01:01:01	DPA1*01:03:01:01
HG03516	AFR	NG107	asian_matched:DogoHLA	DPB1	two_field	complete	1	1	1	2	DPB1*02:01:02:01	DPB1*105:01:01:01
HG03516	AFR	NG107	asian_matched:DogoHLA	DPB1	four_field	complete	1	1	0	0	DPB1*02:01:02:01	DPB1*105:01:01:01
HG03516	AFR	NG107	asian_matched:DogoHLA	DQA1	two_field	complete	1	1	0	1	DQA1*01:63:01:01	DQA1*01:02:01:01
HG03516	AFR	NG107	asian_matched:DogoHLA	DQA1	four_field	complete	1	1	0	0	DQA1*01:63:01:01	DQA1*01:02:01:01
HG03516	AFR	NG107	asian_matched:DogoHLA	DQB1	two_field	complete	1	1	1	2	DQB1*05:01:01:01	DQB1*06:02:01:01
HG03516	AFR	NG107	asian_matched:DogoHLA	DQB1	four_field	complete	1	1	0	0	DQB1*05:01:01:01	DQB1*06:02:01:01
HG03516	AFR	NG107	asian_matched:DogoHLA	DRB1	two_field	complete	1	1	1	2	DRB1*11:01:02:04	DRB1*13:01:01:03
HG03516	AFR	NG107	asian_matched:DogoHLA	DRB1	four_field	complete	0	0	0	0	DRB1*11:01:02:04	DRB1*13:01:01:03
HG03516	AFR	NG107	asian_matched:DogoHLA-no-graph	A	two_field	complete	1	1	0	1	A*36:01:01:01	A*30:187:02
HG03516	AFR	NG107	asian_matched:DogoHLA-no-graph	A	four_field	complete	1	0	0	1	A*36:01:01:01	A*30:187:02
HG03516	AFR	NG107	asian_matched:DogoHLA-no-graph	B	two_field	complete	1	1	0	1	B*52:01:01:01	B*53:76
HG03516	AFR	NG107	asian_matched:DogoHLA-no-graph	B	four_field	complete	0	0	0	0	B*52:01:01:01	B*53:76
HG03516	AFR	NG107	asian_matched:DogoHLA-no-graph	C	two_field	complete	1	1	1	2	C*16:01:01:02	C*04:01:01:01
HG03516	AFR	NG107	asian_matched:DogoHLA-no-graph	C	four_field	complete	1	1	0	0	C*16:01:01:02	C*04:01:01:01
HG03516	AFR	NG107	asian_matched:DogoHLA-no-graph	DPA1	two_field	complete	0	0	0	0	DPA1*03:01:01:01	DPA1*01:03:01:01
HG03516	AFR	NG107	asian_matched:DogoHLA-no-graph	DPA1	four_field	complete	0	0	0	0	DPA1*03:01:01:01	DPA1*01:03:01:01
HG03516	AFR	NG107	asian_matched:DogoHLA-no-graph	DPB1	two_field	complete	1	1	1	2	DPB1*02:01:02:01	DPB1*105:01:01:01
HG03516	AFR	NG107	asian_matched:DogoHLA-no-graph	DPB1	four_field	complete	1	1	0	0	DPB1*02:01:02:01	DPB1*105:01:01:01
HG03516	AFR	NG107	asian_matched:DogoHLA-no-graph	DQA1	two_field	complete	1	1	0	1	DQA1*01:63:01:01	DQA1*01:02:01:01
HG03516	AFR	NG107	asian_matched:DogoHLA-no-graph	DQA1	four_field	complete	1	1	0	0	DQA1*01:63:01:01	DQA1*01:02:01:01
HG03516	AFR	NG107	asian_matched:DogoHLA-no-graph	DQB1	two_field	complete	1	1	1	2	DQB1*05:01:01:01	DQB1*06:02:01:01
HG03516	AFR	NG107	asian_matched:DogoHLA-no-graph	DQB1	four_field	complete	1	1	0	0	DQB1*05:01:01:01	DQB1*06:02:01:01
HG03516	AFR	NG107	asian_matched:DogoHLA-no-graph	DRB1	two_field	complete	1	1	1	2	DRB1*11:01:02:04	DRB1*13:01:01:03
HG03516	AFR	NG107	asian_matched:DogoHLA-no-graph	DRB1	four_field	complete	0	0	0	0	DRB1*11:01:02:04	DRB1*13:01:01:03
NA19185	AFR	Y039	SpecHLA-IPD365-noFreq	A	two_field	complete	1	1	0	1	A*30:01:01:01	A*30:189
NA19185	AFR	Y039	SpecHLA-IPD365-noFreq	A	four_field	complete	1	0	0	1	A*30:01:01:01	A*30:189
NA19185	AFR	Y039	SpecHLA-IPD365-noFreq	B	two_field	complete	1	1	1	2	B*42:01:01:01	B*52:01:02:02
NA19185	AFR	Y039	SpecHLA-IPD365-noFreq	B	four_field	complete	0	0	0	0	B*42:01:01:01	B*52:01:02:02
NA19185	AFR	Y039	SpecHLA-IPD365-noFreq	C	two_field	complete	1	1	0	1	C*16:01:01:01	C*17:51:01:01
NA19185	AFR	Y039	SpecHLA-IPD365-noFreq	C	four_field	complete	1	1	0	1	C*16:01:01:01	C*17:51:01:01
NA19185	AFR	Y039	SpecHLA-IPD365-noFreq	DPA1	two_field	complete	1	1	1	2	DPA1*01:03:01:02	DPA1*02:02:02:01
NA19185	AFR	Y039	SpecHLA-IPD365-noFreq	DPA1	four_field	complete	0	0	0	0	DPA1*01:03:01:02	DPA1*02:02:02:01
NA19185	AFR	Y039	SpecHLA-IPD365-noFreq	DPB1	two_field	complete	1	1	1	2	DPB1*02:01:19:03	DPB1*01:01:01:31
NA19185	AFR	Y039	SpecHLA-IPD365-noFreq	DPB1	four_field	complete	1	1	0	0	DPB1*02:01:19:03	DPB1*01:01:01:31
NA19185	AFR	Y039	SpecHLA-IPD365-noFreq	DQA1	two_field	complete	1	1	1	2	DQA1*01:03:01:01	DQA1*04:01:01:02
NA19185	AFR	Y039	SpecHLA-IPD365-noFreq	DQA1	four_field	complete	1	1	0	0	DQA1*01:03:01:01	DQA1*04:01:01:02
NA19185	AFR	Y039	SpecHLA-IPD365-noFreq	DQB1	two_field	complete	1	1	1	2	DQB1*04:02:01:08	DQB1*05:01:01:01
NA19185	AFR	Y039	SpecHLA-IPD365-noFreq	DQB1	four_field	complete	1	1	0	1	DQB1*04:02:01:08	DQB1*05:01:01:01
NA19185	AFR	Y039	SpecHLA-IPD365-noFreq	DRB1	two_field	complete	1	1	1	2	DRB1*03:02:01:01	DRB1*13:01:01:03
NA19185	AFR	Y039	SpecHLA-IPD365-noFreq	DRB1	four_field	complete	0	0	0	0	DRB1*03:02:01:01	DRB1*13:01:01:03
NA19185	AFR	Y039	SpecHLA-IPD365-long-noFreq	A	two_field	complete	1	1	0	0	A*30:189	A*30:216
NA19185	AFR	Y039	SpecHLA-IPD365-long-noFreq	A	four_field	complete	1	0	0	0	A*30:189	A*30:216
NA19185	AFR	Y039	SpecHLA-IPD365-long-noFreq	B	two_field	complete	1	1	1	2	B*42:01:01:01	B*52:01:02:02
NA19185	AFR	Y039	SpecHLA-IPD365-long-noFreq	B	four_field	complete	0	0	0	0	B*42:01:01:01	B*52:01:02:02
NA19185	AFR	Y039	SpecHLA-IPD365-long-noFreq	C	two_field	complete	1	1	0	1	C*16:01:01:01	C*17:51:01:01
NA19185	AFR	Y039	SpecHLA-IPD365-long-noFreq	C	four_field	complete	1	1	0	1	C*16:01:01:01	C*17:51:01:01
NA19185	AFR	Y039	SpecHLA-IPD365-long-noFreq	DPA1	two_field	complete	1	1	1	2	DPA1*01:03:01:02	DPA1*02:02:02:01
NA19185	AFR	Y039	SpecHLA-IPD365-long-noFreq	DPA1	four_field	complete	0	0	0	0	DPA1*01:03:01:02	DPA1*02:02:02:01
NA19185	AFR	Y039	SpecHLA-IPD365-long-noFreq	DPB1	two_field	complete	1	1	1	2	DPB1*02:01:19:03	DPB1*01:01:01:31
NA19185	AFR	Y039	SpecHLA-IPD365-long-noFreq	DPB1	four_field	complete	1	1	0	0	DPB1*02:01:19:03	DPB1*01:01:01:31
NA19185	AFR	Y039	SpecHLA-IPD365-long-noFreq	DQA1	two_field	complete	1	1	1	2	DQA1*01:03:01:01	DQA1*04:01:01:02
NA19185	AFR	Y039	SpecHLA-IPD365-long-noFreq	DQA1	four_field	complete	1	1	0	0	DQA1*01:03:01:01	DQA1*04:01:01:02
NA19185	AFR	Y039	SpecHLA-IPD365-long-noFreq	DQB1	two_field	complete	1	1	1	2	DQB1*04:02:01:08	DQB1*05:01:01:01
NA19185	AFR	Y039	SpecHLA-IPD365-long-noFreq	DQB1	four_field	complete	1	1	0	1	DQB1*04:02:01:08	DQB1*05:01:01:01
NA19185	AFR	Y039	SpecHLA-IPD365-long-noFreq	DRB1	two_field	complete	1	1	1	2	DRB1*03:02:01:01	DRB1*13:01:01:03
NA19185	AFR	Y039	SpecHLA-IPD365-long-noFreq	DRB1	four_field	complete	0	0	0	0	DRB1*03:02:01:01	DRB1*13:01:01:03
NA19185	AFR	Y039	T1K-four-field	A	two_field	complete	1	1	1	2	A*30:02:01:02	A*30:01:01:01
NA19185	AFR	Y039	T1K-four-field	A	four_field	complete	1	1	1	2	A*30:02:01:02	A*30:01:01:01
NA19185	AFR	Y039	T1K-four-field	B	two_field	complete	1	1	1	2	B*42:01:01:01	B*52:01:02:01
NA19185	AFR	Y039	T1K-four-field	B	four_field	complete	0	0	0	0	B*42:01:01:01	B*52:01:02:01
NA19185	AFR	Y039	T1K-four-field	C	two_field	complete	1	1	1	2	C*16:01:01:01	C*17:01:01:02
NA19185	AFR	Y039	T1K-four-field	C	four_field	complete	1	1	1	2	C*16:01:01:01	C*17:01:01:02
NA19185	AFR	Y039	T1K-four-field	DPA1	two_field	complete	1	1	1	2	DPA1*01:03:01:02	DPA1*02:02:02:01
NA19185	AFR	Y039	T1K-four-field	DPA1	four_field	complete	0	0	0	0	DPA1*01:03:01:02	DPA1*02:02:02:01
NA19185	AFR	Y039	T1K-four-field	DPB1	two_field	complete	1	1	1	2	DPB1*01:01:01:01	DPB1*02:01:19:01
NA19185	AFR	Y039	T1K-four-field	DPB1	four_field	complete	1	1	0	1	DPB1*01:01:01:01	DPB1*02:01:19:01
NA19185	AFR	Y039	T1K-four-field	DQA1	two_field	complete	1	1	1	2	DQA1*01:03:01:01	DQA1*04:01:01:01
NA19185	AFR	Y039	T1K-four-field	DQA1	four_field	complete	1	1	0	0	DQA1*01:03:01:01	DQA1*04:01:01:01
NA19185	AFR	Y039	T1K-four-field	DQB1	two_field	complete	1	1	1	2	DQB1*04:02:01:04	DQB1*05:01:01:01
NA19185	AFR	Y039	T1K-four-field	DQB1	four_field	complete	1	1	0	0	DQB1*04:02:01:04	DQB1*05:01:01:01
NA19185	AFR	Y039	T1K-four-field	DRB1	two_field	complete	1	1	1	2	DRB1*03:02:01:01	DRB1*13:01:01:10
NA19185	AFR	Y039	T1K-four-field	DRB1	four_field	complete	0	0	0	0	DRB1*03:02:01:01	DRB1*13:01:01:10
NA19185	AFR	Y039	full:DogoHLA	A	two_field	complete	1	1	0	0	A*30:187:02	A*30:189
NA19185	AFR	Y039	full:DogoHLA	A	four_field	complete	1	0	0	0	A*30:187:02	A*30:189
NA19185	AFR	Y039	full:DogoHLA	B	two_field	complete	1	1	1	2	B*42:01:01:01	B*52:01:02:02
NA19185	AFR	Y039	full:DogoHLA	B	four_field	complete	0	0	0	0	B*42:01:01:01	B*52:01:02:02
NA19185	AFR	Y039	full:DogoHLA	C	two_field	complete	1	1	0	1	C*17:51:01:01	C*16:01:01:01
NA19185	AFR	Y039	full:DogoHLA	C	four_field	complete	1	1	0	1	C*17:51:01:01	C*16:01:01:01
NA19185	AFR	Y039	full:DogoHLA	DPA1	two_field	complete	1	1	1	2	DPA1*01:03:01:02	DPA1*02:02:02:01
NA19185	AFR	Y039	full:DogoHLA	DPA1	four_field	complete	0	0	0	0	DPA1*01:03:01:02	DPA1*02:02:02:01
NA19185	AFR	Y039	full:DogoHLA	DPB1	two_field	complete	1	1	1	2	DPB1*01:01:01:01	DPB1*02:01:19:01
NA19185	AFR	Y039	full:DogoHLA	DPB1	four_field	complete	1	1	0	1	DPB1*01:01:01:01	DPB1*02:01:19:01
NA19185	AFR	Y039	full:DogoHLA	DQA1	two_field	complete	1	1	1	2	DQA1*01:03:01:01	DQA1*04:01:01:02
NA19185	AFR	Y039	full:DogoHLA	DQA1	four_field	complete	1	1	0	0	DQA1*01:03:01:01	DQA1*04:01:01:02
NA19185	AFR	Y039	full:DogoHLA	DQB1	two_field	complete	1	1	1	2	DQB1*04:02:01:08	DQB1*05:01:01:01
NA19185	AFR	Y039	full:DogoHLA	DQB1	four_field	complete	1	1	0	1	DQB1*04:02:01:08	DQB1*05:01:01:01
NA19185	AFR	Y039	full:DogoHLA	DRB1	two_field	complete	1	1	1	2	DRB1*13:01:01:03	DRB1*03:02:01:01
NA19185	AFR	Y039	full:DogoHLA	DRB1	four_field	complete	0	0	0	0	DRB1*13:01:01:03	DRB1*03:02:01:01
NA19185	AFR	Y039	full:DogoHLA-no-graph	A	two_field	complete	1	1	0	0	A*30:187:02	A*30:189
NA19185	AFR	Y039	full:DogoHLA-no-graph	A	four_field	complete	1	0	0	0	A*30:187:02	A*30:189
NA19185	AFR	Y039	full:DogoHLA-no-graph	B	two_field	complete	1	1	1	2	B*42:01:01:01	B*52:01:02:02
NA19185	AFR	Y039	full:DogoHLA-no-graph	B	four_field	complete	0	0	0	0	B*42:01:01:01	B*52:01:02:02
NA19185	AFR	Y039	full:DogoHLA-no-graph	C	two_field	complete	1	1	0	1	C*17:51:01:01	C*16:01:01:01
NA19185	AFR	Y039	full:DogoHLA-no-graph	C	four_field	complete	1	1	0	1	C*17:51:01:01	C*16:01:01:01
NA19185	AFR	Y039	full:DogoHLA-no-graph	DPA1	two_field	complete	1	1	1	2	DPA1*01:03:01:02	DPA1*02:02:02:01
NA19185	AFR	Y039	full:DogoHLA-no-graph	DPA1	four_field	complete	0	0	0	0	DPA1*01:03:01:02	DPA1*02:02:02:01
NA19185	AFR	Y039	full:DogoHLA-no-graph	DPB1	two_field	complete	1	1	1	2	DPB1*01:01:01:01	DPB1*02:01:19:01
NA19185	AFR	Y039	full:DogoHLA-no-graph	DPB1	four_field	complete	1	1	0	1	DPB1*01:01:01:01	DPB1*02:01:19:01
NA19185	AFR	Y039	full:DogoHLA-no-graph	DQA1	two_field	complete	1	1	1	2	DQA1*01:03:01:01	DQA1*04:01:01:02
NA19185	AFR	Y039	full:DogoHLA-no-graph	DQA1	four_field	complete	1	1	0	0	DQA1*01:03:01:01	DQA1*04:01:01:02
NA19185	AFR	Y039	full:DogoHLA-no-graph	DQB1	two_field	complete	1	1	1	2	DQB1*04:02:01:08	DQB1*05:01:01:01
NA19185	AFR	Y039	full:DogoHLA-no-graph	DQB1	four_field	complete	1	1	0	1	DQB1*04:02:01:08	DQB1*05:01:01:01
NA19185	AFR	Y039	full:DogoHLA-no-graph	DRB1	two_field	complete	1	1	1	2	DRB1*13:01:01:03	DRB1*03:02:01:01
NA19185	AFR	Y039	full:DogoHLA-no-graph	DRB1	four_field	complete	0	0	0	0	DRB1*13:01:01:03	DRB1*03:02:01:01
NA19185	AFR	Y039	hprc:DogoHLA	A	two_field	complete	1	1	0	0	A*30:187:02	A*30:189
NA19185	AFR	Y039	hprc:DogoHLA	A	four_field	complete	1	0	0	0	A*30:187:02	A*30:189
NA19185	AFR	Y039	hprc:DogoHLA	B	two_field	complete	1	1	1	2	B*42:01:01:01	B*52:01:02:02
NA19185	AFR	Y039	hprc:DogoHLA	B	four_field	complete	0	0	0	0	B*42:01:01:01	B*52:01:02:02
NA19185	AFR	Y039	hprc:DogoHLA	C	two_field	complete	1	1	0	1	C*17:51:01:01	C*16:01:01:01
NA19185	AFR	Y039	hprc:DogoHLA	C	four_field	complete	1	1	0	1	C*17:51:01:01	C*16:01:01:01
NA19185	AFR	Y039	hprc:DogoHLA	DPA1	two_field	complete	1	1	1	2	DPA1*01:03:01:02	DPA1*02:02:02:01
NA19185	AFR	Y039	hprc:DogoHLA	DPA1	four_field	complete	0	0	0	0	DPA1*01:03:01:02	DPA1*02:02:02:01
NA19185	AFR	Y039	hprc:DogoHLA	DPB1	two_field	complete	1	1	1	2	DPB1*01:01:01:01	DPB1*02:01:19:01
NA19185	AFR	Y039	hprc:DogoHLA	DPB1	four_field	complete	1	1	0	1	DPB1*01:01:01:01	DPB1*02:01:19:01
NA19185	AFR	Y039	hprc:DogoHLA	DQA1	two_field	complete	1	1	1	2	DQA1*01:03:01:01	DQA1*04:01:01:02
NA19185	AFR	Y039	hprc:DogoHLA	DQA1	four_field	complete	1	1	0	0	DQA1*01:03:01:01	DQA1*04:01:01:02
NA19185	AFR	Y039	hprc:DogoHLA	DQB1	two_field	complete	1	1	1	2	DQB1*04:02:01:08	DQB1*05:01:01:01
NA19185	AFR	Y039	hprc:DogoHLA	DQB1	four_field	complete	1	1	0	1	DQB1*04:02:01:08	DQB1*05:01:01:01
NA19185	AFR	Y039	hprc:DogoHLA	DRB1	two_field	complete	1	1	1	2	DRB1*13:01:01:03	DRB1*03:02:01:01
NA19185	AFR	Y039	hprc:DogoHLA	DRB1	four_field	complete	0	0	0	0	DRB1*13:01:01:03	DRB1*03:02:01:01
NA19185	AFR	Y039	hprc:DogoHLA-no-graph	A	two_field	complete	1	1	0	0	A*30:187:02	A*30:189
NA19185	AFR	Y039	hprc:DogoHLA-no-graph	A	four_field	complete	1	0	0	0	A*30:187:02	A*30:189
NA19185	AFR	Y039	hprc:DogoHLA-no-graph	B	two_field	complete	1	1	1	2	B*42:01:01:01	B*52:01:02:02
NA19185	AFR	Y039	hprc:DogoHLA-no-graph	B	four_field	complete	0	0	0	0	B*42:01:01:01	B*52:01:02:02
NA19185	AFR	Y039	hprc:DogoHLA-no-graph	C	two_field	complete	1	1	0	1	C*17:51:01:01	C*16:01:01:01
NA19185	AFR	Y039	hprc:DogoHLA-no-graph	C	four_field	complete	1	1	0	1	C*17:51:01:01	C*16:01:01:01
NA19185	AFR	Y039	hprc:DogoHLA-no-graph	DPA1	two_field	complete	1	1	1	2	DPA1*01:03:01:02	DPA1*02:02:02:01
NA19185	AFR	Y039	hprc:DogoHLA-no-graph	DPA1	four_field	complete	0	0	0	0	DPA1*01:03:01:02	DPA1*02:02:02:01
NA19185	AFR	Y039	hprc:DogoHLA-no-graph	DPB1	two_field	complete	1	1	1	2	DPB1*01:01:01:01	DPB1*02:01:19:01
NA19185	AFR	Y039	hprc:DogoHLA-no-graph	DPB1	four_field	complete	1	1	0	1	DPB1*01:01:01:01	DPB1*02:01:19:01
NA19185	AFR	Y039	hprc:DogoHLA-no-graph	DQA1	two_field	complete	1	1	1	2	DQA1*01:03:01:01	DQA1*04:01:01:02
NA19185	AFR	Y039	hprc:DogoHLA-no-graph	DQA1	four_field	complete	1	1	0	0	DQA1*01:03:01:01	DQA1*04:01:01:02
NA19185	AFR	Y039	hprc:DogoHLA-no-graph	DQB1	two_field	complete	1	1	1	2	DQB1*04:02:01:08	DQB1*05:01:01:01
NA19185	AFR	Y039	hprc:DogoHLA-no-graph	DQB1	four_field	complete	1	1	0	1	DQB1*04:02:01:08	DQB1*05:01:01:01
NA19185	AFR	Y039	hprc:DogoHLA-no-graph	DRB1	two_field	complete	1	1	1	2	DRB1*13:01:01:03	DRB1*03:02:01:01
NA19185	AFR	Y039	hprc:DogoHLA-no-graph	DRB1	four_field	complete	0	0	0	0	DRB1*13:01:01:03	DRB1*03:02:01:01
NA19185	AFR	Y039	asian_matched:DogoHLA	A	two_field	complete	1	1	0	0	A*30:187:02	A*30:189
NA19185	AFR	Y039	asian_matched:DogoHLA	A	four_field	complete	1	0	0	0	A*30:187:02	A*30:189
NA19185	AFR	Y039	asian_matched:DogoHLA	B	two_field	complete	1	1	1	2	B*42:01:01:01	B*52:01:02:02
NA19185	AFR	Y039	asian_matched:DogoHLA	B	four_field	complete	0	0	0	0	B*42:01:01:01	B*52:01:02:02
NA19185	AFR	Y039	asian_matched:DogoHLA	C	two_field	complete	1	1	0	1	C*17:51:01:01	C*16:01:01:01
NA19185	AFR	Y039	asian_matched:DogoHLA	C	four_field	complete	1	1	0	1	C*17:51:01:01	C*16:01:01:01
NA19185	AFR	Y039	asian_matched:DogoHLA	DPA1	two_field	complete	1	1	1	2	DPA1*01:03:01:02	DPA1*02:02:02:01
NA19185	AFR	Y039	asian_matched:DogoHLA	DPA1	four_field	complete	0	0	0	0	DPA1*01:03:01:02	DPA1*02:02:02:01
NA19185	AFR	Y039	asian_matched:DogoHLA	DPB1	two_field	complete	1	1	1	2	DPB1*01:01:01:01	DPB1*02:01:19:01
NA19185	AFR	Y039	asian_matched:DogoHLA	DPB1	four_field	complete	1	1	0	1	DPB1*01:01:01:01	DPB1*02:01:19:01
NA19185	AFR	Y039	asian_matched:DogoHLA	DQA1	two_field	complete	1	1	1	2	DQA1*01:03:01:01	DQA1*04:01:01:02
NA19185	AFR	Y039	asian_matched:DogoHLA	DQA1	four_field	complete	1	1	0	0	DQA1*01:03:01:01	DQA1*04:01:01:02
NA19185	AFR	Y039	asian_matched:DogoHLA	DQB1	two_field	complete	1	1	1	2	DQB1*04:02:01:08	DQB1*05:01:01:01
NA19185	AFR	Y039	asian_matched:DogoHLA	DQB1	four_field	complete	1	1	0	1	DQB1*04:02:01:08	DQB1*05:01:01:01
NA19185	AFR	Y039	asian_matched:DogoHLA	DRB1	two_field	complete	1	1	1	2	DRB1*13:01:01:03	DRB1*03:02:01:01
NA19185	AFR	Y039	asian_matched:DogoHLA	DRB1	four_field	complete	0	0	0	0	DRB1*13:01:01:03	DRB1*03:02:01:01
NA19185	AFR	Y039	asian_matched:DogoHLA-no-graph	A	two_field	complete	1	1	0	0	A*30:187:02	A*30:189
NA19185	AFR	Y039	asian_matched:DogoHLA-no-graph	A	four_field	complete	1	0	0	0	A*30:187:02	A*30:189
NA19185	AFR	Y039	asian_matched:DogoHLA-no-graph	B	two_field	complete	1	1	1	2	B*42:01:01:01	B*52:01:02:02
NA19185	AFR	Y039	asian_matched:DogoHLA-no-graph	B	four_field	complete	0	0	0	0	B*42:01:01:01	B*52:01:02:02
NA19185	AFR	Y039	asian_matched:DogoHLA-no-graph	C	two_field	complete	1	1	0	1	C*17:51:01:01	C*16:01:01:01
NA19185	AFR	Y039	asian_matched:DogoHLA-no-graph	C	four_field	complete	1	1	0	1	C*17:51:01:01	C*16:01:01:01
NA19185	AFR	Y039	asian_matched:DogoHLA-no-graph	DPA1	two_field	complete	1	1	1	2	DPA1*01:03:01:02	DPA1*02:02:02:01
NA19185	AFR	Y039	asian_matched:DogoHLA-no-graph	DPA1	four_field	complete	0	0	0	0	DPA1*01:03:01:02	DPA1*02:02:02:01
NA19185	AFR	Y039	asian_matched:DogoHLA-no-graph	DPB1	two_field	complete	1	1	1	2	DPB1*01:01:01:01	DPB1*02:01:19:01
NA19185	AFR	Y039	asian_matched:DogoHLA-no-graph	DPB1	four_field	complete	1	1	0	1	DPB1*01:01:01:01	DPB1*02:01:19:01
NA19185	AFR	Y039	asian_matched:DogoHLA-no-graph	DQA1	two_field	complete	1	1	1	2	DQA1*01:03:01:01	DQA1*04:01:01:02
NA19185	AFR	Y039	asian_matched:DogoHLA-no-graph	DQA1	four_field	complete	1	1	0	0	DQA1*01:03:01:01	DQA1*04:01:01:02
NA19185	AFR	Y039	asian_matched:DogoHLA-no-graph	DQB1	two_field	complete	1	1	1	2	DQB1*04:02:01:08	DQB1*05:01:01:01
NA19185	AFR	Y039	asian_matched:DogoHLA-no-graph	DQB1	four_field	complete	1	1	0	1	DQB1*04:02:01:08	DQB1*05:01:01:01
NA19185	AFR	Y039	asian_matched:DogoHLA-no-graph	DRB1	two_field	complete	1	1	1	2	DRB1*13:01:01:03	DRB1*03:02:01:01
NA19185	AFR	Y039	asian_matched:DogoHLA-no-graph	DRB1	four_field	complete	0	0	0	0	DRB1*13:01:01:03	DRB1*03:02:01:01
HG02984	AFR	GB97	SpecHLA-IPD365-noFreq	A	two_field	complete	1	1	0	0	A*02:603	A*02:1064Q
HG02984	AFR	GB97	SpecHLA-IPD365-noFreq	A	four_field	complete	1	0	0	0	A*02:603	A*02:1064Q
HG02984	AFR	GB97	SpecHLA-IPD365-noFreq	B	two_field	complete	1	1	1	2	B*58:01:01:01	B*58:01:01:10
HG02984	AFR	GB97	SpecHLA-IPD365-noFreq	B	four_field	complete	0	0	0	0	B*58:01:01:01	B*58:01:01:10
HG02984	AFR	GB97	SpecHLA-IPD365-noFreq	C	two_field	complete	1	1	1	2	C*07:18:01:01	C*07:18:01:01
HG02984	AFR	GB97	SpecHLA-IPD365-noFreq	C	four_field	complete	0	0	0	0	C*07:18:01:01	C*07:18:01:01
HG02984	AFR	GB97	SpecHLA-IPD365-noFreq	DPA1	two_field	complete	1	1	1	2	DPA1*01:03:01:02	DPA1*02:01:01:01
HG02984	AFR	GB97	SpecHLA-IPD365-noFreq	DPA1	four_field	complete	0	0	0	0	DPA1*01:03:01:02	DPA1*02:01:01:01
HG02984	AFR	GB97	SpecHLA-IPD365-noFreq	DPB1	two_field	complete	1	1	1	2	DPB1*17:01:01:01	DPB1*02:01:02:03
HG02984	AFR	GB97	SpecHLA-IPD365-noFreq	DPB1	four_field	complete	1	1	0	1	DPB1*17:01:01:01	DPB1*02:01:02:03
HG02984	AFR	GB97	SpecHLA-IPD365-noFreq	DQA1	two_field	complete	1	1	1	2	DQA1*01:02:01:01	DQA1*01:05:01:01
HG02984	AFR	GB97	SpecHLA-IPD365-noFreq	DQA1	four_field	complete	0	0	0	0	DQA1*01:02:01:01	DQA1*01:05:01:01
HG02984	AFR	GB97	SpecHLA-IPD365-noFreq	DQB1	two_field	complete	1	1	1	2	DQB1*05:02:01:04	DQB1*05:01:01:02
HG02984	AFR	GB97	SpecHLA-IPD365-noFreq	DQB1	four_field	complete	0	0	0	0	DQB1*05:02:01:04	DQB1*05:01:01:02
HG02984	AFR	GB97	SpecHLA-IPD365-noFreq	DRB1	two_field	complete	1	1	1	2	DRB1*11:01:02:01	DRB1*10:01:01:03
HG02984	AFR	GB97	SpecHLA-IPD365-noFreq	DRB1	four_field	complete	0	0	0	0	DRB1*11:01:02:01	DRB1*10:01:01:03
HG02984	AFR	GB97	SpecHLA-IPD365-long-noFreq	A	two_field	complete	1	1	0	0	A*02:603	A*02:1064Q
HG02984	AFR	GB97	SpecHLA-IPD365-long-noFreq	A	four_field	complete	1	0	0	0	A*02:603	A*02:1064Q
HG02984	AFR	GB97	SpecHLA-IPD365-long-noFreq	B	two_field	complete	1	1	1	2	B*58:01:01:01	B*58:01:01:10
HG02984	AFR	GB97	SpecHLA-IPD365-long-noFreq	B	four_field	complete	0	0	0	0	B*58:01:01:01	B*58:01:01:10
HG02984	AFR	GB97	SpecHLA-IPD365-long-noFreq	C	two_field	complete	1	1	1	2	C*07:18:01:01	C*07:18:01:01
HG02984	AFR	GB97	SpecHLA-IPD365-long-noFreq	C	four_field	complete	0	0	0	0	C*07:18:01:01	C*07:18:01:01
HG02984	AFR	GB97	SpecHLA-IPD365-long-noFreq	DPA1	two_field	complete	1	1	1	2	DPA1*01:03:01:02	DPA1*02:01:01:01
HG02984	AFR	GB97	SpecHLA-IPD365-long-noFreq	DPA1	four_field	complete	0	0	0	0	DPA1*01:03:01:02	DPA1*02:01:01:01
HG02984	AFR	GB97	SpecHLA-IPD365-long-noFreq	DPB1	two_field	complete	1	1	1	2	DPB1*02:01:02:03	DPB1*17:01:01:01
HG02984	AFR	GB97	SpecHLA-IPD365-long-noFreq	DPB1	four_field	complete	1	1	0	1	DPB1*02:01:02:03	DPB1*17:01:01:01
HG02984	AFR	GB97	SpecHLA-IPD365-long-noFreq	DQA1	two_field	complete	1	1	1	2	DQA1*01:05:01:01	DQA1*01:02:01:01
HG02984	AFR	GB97	SpecHLA-IPD365-long-noFreq	DQA1	four_field	complete	0	0	0	0	DQA1*01:05:01:01	DQA1*01:02:01:01
HG02984	AFR	GB97	SpecHLA-IPD365-long-noFreq	DQB1	two_field	complete	1	1	1	2	DQB1*05:01:01:02	DQB1*05:02:01:04
HG02984	AFR	GB97	SpecHLA-IPD365-long-noFreq	DQB1	four_field	complete	0	0	0	0	DQB1*05:01:01:02	DQB1*05:02:01:04
HG02984	AFR	GB97	SpecHLA-IPD365-long-noFreq	DRB1	two_field	complete	1	1	1	2	DRB1*10:01:01:03	DRB1*11:01:02:01
HG02984	AFR	GB97	SpecHLA-IPD365-long-noFreq	DRB1	four_field	complete	0	0	0	0	DRB1*10:01:01:03	DRB1*11:01:02:01
HG02984	AFR	GB97	T1K-four-field	A	two_field	complete	1	1	1	2	A*02:01:01:01	A*02:02:01:02
HG02984	AFR	GB97	T1K-four-field	A	four_field	complete	1	1	1	2	A*02:01:01:01	A*02:02:01:02
HG02984	AFR	GB97	T1K-four-field	B	two_field	complete	1	1	1	2	B*58:01:01:01	B*58:01:01:01
HG02984	AFR	GB97	T1K-four-field	B	four_field	complete	0	0	0	0	B*58:01:01:01	B*58:01:01:01
HG02984	AFR	GB97	T1K-four-field	C	two_field	complete	1	1	1	2	C*07:18:01:01	C*07:18:01:01
HG02984	AFR	GB97	T1K-four-field	C	four_field	complete	0	0	0	0	C*07:18:01:01	C*07:18:01:01
HG02984	AFR	GB97	T1K-four-field	DPA1	two_field	complete	1	1	1	2	DPA1*01:03:01:02	DPA1*02:01:01:01
HG02984	AFR	GB97	T1K-four-field	DPA1	four_field	complete	0	0	0	0	DPA1*01:03:01:02	DPA1*02:01:01:01
HG02984	AFR	GB97	T1K-four-field	DPB1	two_field	complete	1	1	1	2	DPB1*17:01:01:01	DPB1*02:01:19:01
HG02984	AFR	GB97	T1K-four-field	DPB1	four_field	complete	1	1	1	2	DPB1*17:01:01:01	DPB1*02:01:19:01
HG02984	AFR	GB97	T1K-four-field	DQA1	two_field	complete	1	1	1	2	DQA1*01:02:01:01	DQA1*01:05:01:02
HG02984	AFR	GB97	T1K-four-field	DQA1	four_field	complete	0	0	0	0	DQA1*01:02:01:01	DQA1*01:05:01:02
HG02984	AFR	GB97	T1K-four-field	DQB1	two_field	complete	1	1	1	2	DQB1*05:01:01:01	DQB1*05:02:01:08
HG02984	AFR	GB97	T1K-four-field	DQB1	four_field	complete	0	0	0	0	DQB1*05:01:01:01	DQB1*05:02:01:08
HG02984	AFR	GB97	T1K-four-field	DRB1	two_field	complete	1	1	1	2	DRB1*10:01:01:03	DRB1*11:01:02:04
HG02984	AFR	GB97	T1K-four-field	DRB1	four_field	complete	0	0	0	0	DRB1*10:01:01:03	DRB1*11:01:02:04
HG02984	AFR	GB97	full:DogoHLA	A	two_field	complete	1	1	0	0	A*02:603	A*02:1064Q
HG02984	AFR	GB97	full:DogoHLA	A	four_field	complete	1	0	0	0	A*02:603	A*02:1064Q
HG02984	AFR	GB97	full:DogoHLA	B	two_field	complete	1	1	1	2	B*58:01:01:10	B*58:01:01:01
HG02984	AFR	GB97	full:DogoHLA	B	four_field	complete	0	0	0	0	B*58:01:01:10	B*58:01:01:01
HG02984	AFR	GB97	full:DogoHLA	C	two_field	complete	1	1	1	2	C*07:18:01:01	C*07:18:01:01
HG02984	AFR	GB97	full:DogoHLA	C	four_field	complete	0	0	0	0	C*07:18:01:01	C*07:18:01:01
HG02984	AFR	GB97	full:DogoHLA	DPA1	two_field	complete	1	1	1	2	DPA1*01:03:01:02	DPA1*02:01:01:01
HG02984	AFR	GB97	full:DogoHLA	DPA1	four_field	complete	0	0	0	0	DPA1*01:03:01:02	DPA1*02:01:01:01
HG02984	AFR	GB97	full:DogoHLA	DPB1	two_field	complete	1	1	1	2	DPB1*02:01:19:01	DPB1*17:01:01:01
HG02984	AFR	GB97	full:DogoHLA	DPB1	four_field	complete	1	1	1	2	DPB1*02:01:19:01	DPB1*17:01:01:01
HG02984	AFR	GB97	full:DogoHLA	DQA1	two_field	complete	1	1	1	2	DQA1*01:02:01:01	DQA1*01:05:01:01
HG02984	AFR	GB97	full:DogoHLA	DQA1	four_field	complete	0	0	0	0	DQA1*01:02:01:01	DQA1*01:05:01:01
HG02984	AFR	GB97	full:DogoHLA	DQB1	two_field	complete	1	1	0	1	DQB1*05:01:01:01	DQB1*05:03:01:03
HG02984	AFR	GB97	full:DogoHLA	DQB1	four_field	complete	0	0	0	0	DQB1*05:01:01:01	DQB1*05:03:01:03
HG02984	AFR	GB97	full:DogoHLA	DRB1	two_field	complete	1	1	1	2	DRB1*10:01:01:03	DRB1*11:01:02:01
HG02984	AFR	GB97	full:DogoHLA	DRB1	four_field	complete	0	0	0	0	DRB1*10:01:01:03	DRB1*11:01:02:01
HG02984	AFR	GB97	full:DogoHLA-no-graph	A	two_field	complete	1	1	0	0	A*02:603	A*02:1064Q
HG02984	AFR	GB97	full:DogoHLA-no-graph	A	four_field	complete	1	0	0	0	A*02:603	A*02:1064Q
HG02984	AFR	GB97	full:DogoHLA-no-graph	B	two_field	complete	1	1	1	2	B*58:01:01:10	B*58:01:01:01
HG02984	AFR	GB97	full:DogoHLA-no-graph	B	four_field	complete	0	0	0	0	B*58:01:01:10	B*58:01:01:01
HG02984	AFR	GB97	full:DogoHLA-no-graph	C	two_field	complete	1	1	1	2	C*07:18:01:01	C*07:18:01:01
HG02984	AFR	GB97	full:DogoHLA-no-graph	C	four_field	complete	0	0	0	0	C*07:18:01:01	C*07:18:01:01
HG02984	AFR	GB97	full:DogoHLA-no-graph	DPA1	two_field	complete	1	1	1	2	DPA1*01:03:01:02	DPA1*02:01:01:01
HG02984	AFR	GB97	full:DogoHLA-no-graph	DPA1	four_field	complete	0	0	0	0	DPA1*01:03:01:02	DPA1*02:01:01:01
HG02984	AFR	GB97	full:DogoHLA-no-graph	DPB1	two_field	complete	1	1	1	2	DPB1*02:01:19:01	DPB1*17:01:01:01
HG02984	AFR	GB97	full:DogoHLA-no-graph	DPB1	four_field	complete	1	1	1	2	DPB1*02:01:19:01	DPB1*17:01:01:01
HG02984	AFR	GB97	full:DogoHLA-no-graph	DQA1	two_field	complete	1	1	1	2	DQA1*01:02:01:01	DQA1*01:05:01:01
HG02984	AFR	GB97	full:DogoHLA-no-graph	DQA1	four_field	complete	0	0	0	0	DQA1*01:02:01:01	DQA1*01:05:01:01
HG02984	AFR	GB97	full:DogoHLA-no-graph	DQB1	two_field	complete	1	1	0	1	DQB1*05:01:01:01	DQB1*05:03:01:03
HG02984	AFR	GB97	full:DogoHLA-no-graph	DQB1	four_field	complete	0	0	0	0	DQB1*05:01:01:01	DQB1*05:03:01:03
HG02984	AFR	GB97	full:DogoHLA-no-graph	DRB1	two_field	complete	1	1	1	2	DRB1*10:01:01:03	DRB1*11:01:02:01
HG02984	AFR	GB97	full:DogoHLA-no-graph	DRB1	four_field	complete	0	0	0	0	DRB1*10:01:01:03	DRB1*11:01:02:01
HG02984	AFR	GB97	hprc:DogoHLA	A	two_field	complete	1	1	0	0	A*02:603	A*02:1064Q
HG02984	AFR	GB97	hprc:DogoHLA	A	four_field	complete	1	0	0	0	A*02:603	A*02:1064Q
HG02984	AFR	GB97	hprc:DogoHLA	B	two_field	complete	1	1	1	2	B*58:01:01:10	B*58:01:01:01
HG02984	AFR	GB97	hprc:DogoHLA	B	four_field	complete	0	0	0	0	B*58:01:01:10	B*58:01:01:01
HG02984	AFR	GB97	hprc:DogoHLA	C	two_field	complete	1	1	1	2	C*07:18:01:01	C*07:18:01:01
HG02984	AFR	GB97	hprc:DogoHLA	C	four_field	complete	0	0	0	0	C*07:18:01:01	C*07:18:01:01
HG02984	AFR	GB97	hprc:DogoHLA	DPA1	two_field	complete	1	1	1	2	DPA1*01:03:01:02	DPA1*02:01:01:01
HG02984	AFR	GB97	hprc:DogoHLA	DPA1	four_field	complete	0	0	0	0	DPA1*01:03:01:02	DPA1*02:01:01:01
HG02984	AFR	GB97	hprc:DogoHLA	DPB1	two_field	complete	1	1	1	2	DPB1*02:01:19:01	DPB1*17:01:01:01
HG02984	AFR	GB97	hprc:DogoHLA	DPB1	four_field	complete	1	1	1	2	DPB1*02:01:19:01	DPB1*17:01:01:01
HG02984	AFR	GB97	hprc:DogoHLA	DQA1	two_field	complete	1	1	1	2	DQA1*01:02:01:01	DQA1*01:05:01:01
HG02984	AFR	GB97	hprc:DogoHLA	DQA1	four_field	complete	0	0	0	0	DQA1*01:02:01:01	DQA1*01:05:01:01
HG02984	AFR	GB97	hprc:DogoHLA	DQB1	two_field	complete	1	1	0	1	DQB1*05:01:01:01	DQB1*05:03:01:03
HG02984	AFR	GB97	hprc:DogoHLA	DQB1	four_field	complete	0	0	0	0	DQB1*05:01:01:01	DQB1*05:03:01:03
HG02984	AFR	GB97	hprc:DogoHLA	DRB1	two_field	complete	1	1	1	2	DRB1*10:01:01:03	DRB1*11:01:02:01
HG02984	AFR	GB97	hprc:DogoHLA	DRB1	four_field	complete	0	0	0	0	DRB1*10:01:01:03	DRB1*11:01:02:01
HG02984	AFR	GB97	hprc:DogoHLA-no-graph	A	two_field	complete	1	1	0	0	A*02:603	A*02:1064Q
HG02984	AFR	GB97	hprc:DogoHLA-no-graph	A	four_field	complete	1	0	0	0	A*02:603	A*02:1064Q
HG02984	AFR	GB97	hprc:DogoHLA-no-graph	B	two_field	complete	1	1	1	2	B*58:01:01:10	B*58:01:01:01
HG02984	AFR	GB97	hprc:DogoHLA-no-graph	B	four_field	complete	0	0	0	0	B*58:01:01:10	B*58:01:01:01
HG02984	AFR	GB97	hprc:DogoHLA-no-graph	C	two_field	complete	1	1	1	2	C*07:18:01:01	C*07:18:01:01
HG02984	AFR	GB97	hprc:DogoHLA-no-graph	C	four_field	complete	0	0	0	0	C*07:18:01:01	C*07:18:01:01
HG02984	AFR	GB97	hprc:DogoHLA-no-graph	DPA1	two_field	complete	1	1	1	2	DPA1*01:03:01:02	DPA1*02:01:01:01
HG02984	AFR	GB97	hprc:DogoHLA-no-graph	DPA1	four_field	complete	0	0	0	0	DPA1*01:03:01:02	DPA1*02:01:01:01
HG02984	AFR	GB97	hprc:DogoHLA-no-graph	DPB1	two_field	complete	1	1	1	2	DPB1*02:01:19:01	DPB1*17:01:01:01
HG02984	AFR	GB97	hprc:DogoHLA-no-graph	DPB1	four_field	complete	1	1	1	2	DPB1*02:01:19:01	DPB1*17:01:01:01
HG02984	AFR	GB97	hprc:DogoHLA-no-graph	DQA1	two_field	complete	1	1	1	2	DQA1*01:02:01:01	DQA1*01:05:01:01
HG02984	AFR	GB97	hprc:DogoHLA-no-graph	DQA1	four_field	complete	0	0	0	0	DQA1*01:02:01:01	DQA1*01:05:01:01
HG02984	AFR	GB97	hprc:DogoHLA-no-graph	DQB1	two_field	complete	1	1	0	1	DQB1*05:01:01:01	DQB1*05:03:01:03
HG02984	AFR	GB97	hprc:DogoHLA-no-graph	DQB1	four_field	complete	0	0	0	0	DQB1*05:01:01:01	DQB1*05:03:01:03
HG02984	AFR	GB97	hprc:DogoHLA-no-graph	DRB1	two_field	complete	1	1	1	2	DRB1*10:01:01:03	DRB1*11:01:02:01
HG02984	AFR	GB97	hprc:DogoHLA-no-graph	DRB1	four_field	complete	0	0	0	0	DRB1*10:01:01:03	DRB1*11:01:02:01
HG02984	AFR	GB97	asian_matched:DogoHLA	A	two_field	complete	1	1	0	0	A*02:603	A*02:1064Q
HG02984	AFR	GB97	asian_matched:DogoHLA	A	four_field	complete	1	0	0	0	A*02:603	A*02:1064Q
HG02984	AFR	GB97	asian_matched:DogoHLA	B	two_field	complete	1	1	1	2	B*58:01:01:10	B*58:01:01:01
HG02984	AFR	GB97	asian_matched:DogoHLA	B	four_field	complete	0	0	0	0	B*58:01:01:10	B*58:01:01:01
HG02984	AFR	GB97	asian_matched:DogoHLA	C	two_field	complete	1	1	1	2	C*07:18:01:01	C*07:18:01:01
HG02984	AFR	GB97	asian_matched:DogoHLA	C	four_field	complete	0	0	0	0	C*07:18:01:01	C*07:18:01:01
HG02984	AFR	GB97	asian_matched:DogoHLA	DPA1	two_field	complete	1	1	1	2	DPA1*01:03:01:02	DPA1*02:01:01:01
HG02984	AFR	GB97	asian_matched:DogoHLA	DPA1	four_field	complete	0	0	0	0	DPA1*01:03:01:02	DPA1*02:01:01:01
HG02984	AFR	GB97	asian_matched:DogoHLA	DPB1	two_field	complete	1	1	1	2	DPB1*02:01:19:01	DPB1*17:01:01:01
HG02984	AFR	GB97	asian_matched:DogoHLA	DPB1	four_field	complete	1	1	1	2	DPB1*02:01:19:01	DPB1*17:01:01:01
HG02984	AFR	GB97	asian_matched:DogoHLA	DQA1	two_field	complete	1	1	0	0	DQA1*01:63:01:02	DQA1*01:100:02
HG02984	AFR	GB97	asian_matched:DogoHLA	DQA1	four_field	complete	0	0	0	0	DQA1*01:63:01:02	DQA1*01:100:02
HG02984	AFR	GB97	asian_matched:DogoHLA	DQB1	two_field	complete	1	1	0	1	DQB1*05:01:01:01	DQB1*05:03:01:03
HG02984	AFR	GB97	asian_matched:DogoHLA	DQB1	four_field	complete	0	0	0	0	DQB1*05:01:01:01	DQB1*05:03:01:03
HG02984	AFR	GB97	asian_matched:DogoHLA	DRB1	two_field	complete	1	1	1	2	DRB1*10:01:01:03	DRB1*11:01:02:04
HG02984	AFR	GB97	asian_matched:DogoHLA	DRB1	four_field	complete	0	0	0	0	DRB1*10:01:01:03	DRB1*11:01:02:04
HG02984	AFR	GB97	asian_matched:DogoHLA-no-graph	A	two_field	complete	1	1	0	0	A*02:603	A*02:1064Q
HG02984	AFR	GB97	asian_matched:DogoHLA-no-graph	A	four_field	complete	1	0	0	0	A*02:603	A*02:1064Q
HG02984	AFR	GB97	asian_matched:DogoHLA-no-graph	B	two_field	complete	1	1	1	2	B*58:01:01:10	B*58:01:01:01
HG02984	AFR	GB97	asian_matched:DogoHLA-no-graph	B	four_field	complete	0	0	0	0	B*58:01:01:10	B*58:01:01:01
HG02984	AFR	GB97	asian_matched:DogoHLA-no-graph	C	two_field	complete	1	1	1	2	C*07:18:01:01	C*07:18:01:01
HG02984	AFR	GB97	asian_matched:DogoHLA-no-graph	C	four_field	complete	0	0	0	0	C*07:18:01:01	C*07:18:01:01
HG02984	AFR	GB97	asian_matched:DogoHLA-no-graph	DPA1	two_field	complete	1	1	1	2	DPA1*01:03:01:02	DPA1*02:01:01:01
HG02984	AFR	GB97	asian_matched:DogoHLA-no-graph	DPA1	four_field	complete	0	0	0	0	DPA1*01:03:01:02	DPA1*02:01:01:01
HG02984	AFR	GB97	asian_matched:DogoHLA-no-graph	DPB1	two_field	complete	1	1	1	2	DPB1*02:01:19:01	DPB1*17:01:01:01
HG02984	AFR	GB97	asian_matched:DogoHLA-no-graph	DPB1	four_field	complete	1	1	1	2	DPB1*02:01:19:01	DPB1*17:01:01:01
HG02984	AFR	GB97	asian_matched:DogoHLA-no-graph	DQA1	two_field	complete	1	1	0	0	DQA1*01:63:01:02	DQA1*01:100:02
HG02984	AFR	GB97	asian_matched:DogoHLA-no-graph	DQA1	four_field	complete	0	0	0	0	DQA1*01:63:01:02	DQA1*01:100:02
HG02984	AFR	GB97	asian_matched:DogoHLA-no-graph	DQB1	two_field	complete	1	1	0	1	DQB1*05:01:01:01	DQB1*05:03:01:03
HG02984	AFR	GB97	asian_matched:DogoHLA-no-graph	DQB1	four_field	complete	0	0	0	0	DQB1*05:01:01:01	DQB1*05:03:01:03
HG02984	AFR	GB97	asian_matched:DogoHLA-no-graph	DRB1	two_field	complete	1	1	1	2	DRB1*10:01:01:03	DRB1*11:01:02:04
HG02984	AFR	GB97	asian_matched:DogoHLA-no-graph	DRB1	four_field	complete	0	0	0	0	DRB1*10:01:01:03	DRB1*11:01:02:04
HG01960	AFR	BB11	SpecHLA-IPD365-noFreq	A	two_field	complete	1	1	0	1	A*03:43	A*34:02:01:01
HG01960	AFR	BB11	SpecHLA-IPD365-noFreq	A	four_field	complete	1	0	0	1	A*03:43	A*34:02:01:01
HG01960	AFR	BB11	SpecHLA-IPD365-noFreq	B	two_field	complete	1	1	1	2	B*35:01:01:61	B*35:01:01:06
HG01960	AFR	BB11	SpecHLA-IPD365-noFreq	B	four_field	complete	0	0	0	0	B*35:01:01:61	B*35:01:01:06
HG01960	AFR	BB11	SpecHLA-IPD365-noFreq	C	two_field	complete	1	1	1	2	C*04:01:01:01	C*04:01:01:01
HG01960	AFR	BB11	SpecHLA-IPD365-noFreq	C	four_field	complete	1	1	0	0	C*04:01:01:01	C*04:01:01:01
HG01960	AFR	BB11	SpecHLA-IPD365-noFreq	DPA1	two_field	complete	1	1	1	2	DPA1*02:01:02:02	DPA1*01:03:01:02
HG01960	AFR	BB11	SpecHLA-IPD365-noFreq	DPA1	four_field	complete	0	0	0	0	DPA1*02:01:02:02	DPA1*01:03:01:02
HG01960	AFR	BB11	SpecHLA-IPD365-noFreq	DPB1	two_field	complete	1	1	1	2	DPB1*01:01:01:31	DPB1*104:01:01:01
HG01960	AFR	BB11	SpecHLA-IPD365-noFreq	DPB1	four_field	complete	0	0	0	0	DPB1*01:01:01:31	DPB1*104:01:01:01
HG01960	AFR	BB11	SpecHLA-IPD365-noFreq	DQA1	two_field	complete	1	1	1	2	DQA1*01:02:28	DQA1*02:01:07
HG01960	AFR	BB11	SpecHLA-IPD365-noFreq	DQA1	four_field	complete	0	0	0	0	DQA1*01:02:28	DQA1*02:01:07
HG01960	AFR	BB11	SpecHLA-IPD365-noFreq	DQB1	two_field	complete	1	1	1	2	DQB1*02:02:01:01	DQB1*05:01:01:01
HG01960	AFR	BB11	SpecHLA-IPD365-noFreq	DQB1	four_field	complete	1	1	0	1	DQB1*02:02:01:01	DQB1*05:01:01:01
HG01960	AFR	BB11	SpecHLA-IPD365-noFreq	DRB1	two_field	complete	1	1	0	0	DRB1*07:07	DRB1*13:16:01:01
HG01960	AFR	BB11	SpecHLA-IPD365-noFreq	DRB1	four_field	complete	0	0	0	0	DRB1*07:07	DRB1*13:16:01:01
HG01960	AFR	BB11	SpecHLA-IPD365-long-noFreq	A	two_field	complete	1	1	0	1	A*03:43	A*34:02:01:01
HG01960	AFR	BB11	SpecHLA-IPD365-long-noFreq	A	four_field	complete	1	0	0	1	A*03:43	A*34:02:01:01
HG01960	AFR	BB11	SpecHLA-IPD365-long-noFreq	B	two_field	complete	1	1	1	2	B*35:01:01:61	B*35:01:01:06
HG01960	AFR	BB11	SpecHLA-IPD365-long-noFreq	B	four_field	complete	0	0	0	0	B*35:01:01:61	B*35:01:01:06
HG01960	AFR	BB11	SpecHLA-IPD365-long-noFreq	C	two_field	complete	1	1	1	2	C*04:01:01:01	C*04:01:01:01
HG01960	AFR	BB11	SpecHLA-IPD365-long-noFreq	C	four_field	complete	1	1	0	0	C*04:01:01:01	C*04:01:01:01
HG01960	AFR	BB11	SpecHLA-IPD365-long-noFreq	DPA1	two_field	complete	1	1	1	2	DPA1*02:01:02:02	DPA1*01:03:01:02
HG01960	AFR	BB11	SpecHLA-IPD365-long-noFreq	DPA1	four_field	complete	0	0	0	0	DPA1*02:01:02:02	DPA1*01:03:01:02
HG01960	AFR	BB11	SpecHLA-IPD365-long-noFreq	DPB1	two_field	complete	1	1	1	2	DPB1*01:01:01:31	DPB1*104:01:01:01
HG01960	AFR	BB11	SpecHLA-IPD365-long-noFreq	DPB1	four_field	complete	0	0	0	0	DPB1*01:01:01:31	DPB1*104:01:01:01
HG01960	AFR	BB11	SpecHLA-IPD365-long-noFreq	DQA1	two_field	complete	1	1	0	1	DQA1*02:01:07	DQA1*01:19:01:01
HG01960	AFR	BB11	SpecHLA-IPD365-long-noFreq	DQA1	four_field	complete	0	0	0	0	DQA1*02:01:07	DQA1*01:19:01:01
HG01960	AFR	BB11	SpecHLA-IPD365-long-noFreq	DQB1	two_field	complete	1	1	1	2	DQB1*02:02:01:01	DQB1*05:01:01:01
HG01960	AFR	BB11	SpecHLA-IPD365-long-noFreq	DQB1	four_field	complete	1	1	0	1	DQB1*02:02:01:01	DQB1*05:01:01:01
HG01960	AFR	BB11	SpecHLA-IPD365-long-noFreq	DRB1	two_field	complete	1	1	0	0	DRB1*07:34:01	DRB1*13:16:01:01
HG01960	AFR	BB11	SpecHLA-IPD365-long-noFreq	DRB1	four_field	complete	0	0	0	0	DRB1*07:34:01	DRB1*13:16:01:01
HG01960	AFR	BB11	T1K-four-field	A	two_field	complete	1	1	1	2	A*03:01:01:05	A*34:02:01:01
HG01960	AFR	BB11	T1K-four-field	A	four_field	complete	1	1	1	2	A*03:01:01:05	A*34:02:01:01
HG01960	AFR	BB11	T1K-four-field	B	two_field	complete	1	1	1	2	B*35:01:01:01	B*35:01:01:01
HG01960	AFR	BB11	T1K-four-field	B	four_field	complete	0	0	0	0	B*35:01:01:01	B*35:01:01:01
HG01960	AFR	BB11	T1K-four-field	C	two_field	complete	1	1	1	2	C*04:01:01:01	C*04:01:01:01
HG01960	AFR	BB11	T1K-four-field	C	four_field	complete	1	1	0	0	C*04:01:01:01	C*04:01:01:01
HG01960	AFR	BB11	T1K-four-field	DPA1	two_field	complete	1	1	1	2	DPA1*02:01:02:02	DPA1*01:03:01:02
HG01960	AFR	BB11	T1K-four-field	DPA1	four_field	complete	0	0	0	0	DPA1*02:01:02:02	DPA1*01:03:01:02
HG01960	AFR	BB11	T1K-four-field	DPB1	two_field	complete	1	1	1	2	DPB1*01:01:01:01	DPB1*104:01:01:01
HG01960	AFR	BB11	T1K-four-field	DPB1	four_field	complete	0	0	0	0	DPB1*01:01:01:01	DPB1*104:01:01:01
HG01960	AFR	BB11	T1K-four-field	DQA1	two_field	complete	1	1	1	2	DQA1*01:02:01:04	DQA1*02:01:01:01
HG01960	AFR	BB11	T1K-four-field	DQA1	four_field	complete	0	0	0	0	DQA1*01:02:01:04	DQA1*02:01:01:01
HG01960	AFR	BB11	T1K-four-field	DQB1	two_field	complete	1	1	1	2	DQB1*02:02:01:01	DQB1*05:01:01:01
HG01960	AFR	BB11	T1K-four-field	DQB1	four_field	complete	1	1	0	1	DQB1*02:02:01:01	DQB1*05:01:01:01
HG01960	AFR	BB11	T1K-four-field	DRB1	two_field	complete	1	1	1	2	DRB1*07:01:01:01	DRB1*13:01:01:10
HG01960	AFR	BB11	T1K-four-field	DRB1	four_field	complete	0	0	0	0	DRB1*07:01:01:01	DRB1*13:01:01:10
HG01960	AFR	BB11	full:DogoHLA	A	two_field	complete	1	1	0	1	A*34:02:01:01	A*03:43
HG01960	AFR	BB11	full:DogoHLA	A	four_field	complete	1	0	0	1	A*34:02:01:01	A*03:43
HG01960	AFR	BB11	full:DogoHLA	B	two_field	complete	1	1	1	2	B*35:01:01:06	B*35:01:01:61
HG01960	AFR	BB11	full:DogoHLA	B	four_field	complete	0	0	0	0	B*35:01:01:06	B*35:01:01:61
HG01960	AFR	BB11	full:DogoHLA	C	two_field	complete	1	1	1	2	C*04:01:01:01	C*04:01:01:01
HG01960	AFR	BB11	full:DogoHLA	C	four_field	complete	1	1	0	0	C*04:01:01:01	C*04:01:01:01
HG01960	AFR	BB11	full:DogoHLA	DPA1	two_field	complete	1	1	1	2	DPA1*02:01:02:02	DPA1*01:03:01:02
HG01960	AFR	BB11	full:DogoHLA	DPA1	four_field	complete	0	0	0	0	DPA1*02:01:02:02	DPA1*01:03:01:02
HG01960	AFR	BB11	full:DogoHLA	DPB1	two_field	complete	1	1	1	2	DPB1*104:01:01:01	DPB1*01:01:01:01
HG01960	AFR	BB11	full:DogoHLA	DPB1	four_field	complete	0	0	0	0	DPB1*104:01:01:01	DPB1*01:01:01:01
HG01960	AFR	BB11	full:DogoHLA	DQA1	two_field	complete	1	1	1	2	DQA1*01:02:01:04	DQA1*02:01:01:01
HG01960	AFR	BB11	full:DogoHLA	DQA1	four_field	complete	0	0	0	0	DQA1*01:02:01:04	DQA1*02:01:01:01
HG01960	AFR	BB11	full:DogoHLA	DQB1	two_field	complete	1	1	1	2	DQB1*02:02:01:01	DQB1*05:01:01:01
HG01960	AFR	BB11	full:DogoHLA	DQB1	four_field	complete	1	1	0	1	DQB1*02:02:01:01	DQB1*05:01:01:01
HG01960	AFR	BB11	full:DogoHLA	DRB1	two_field	complete	1	1	0	0	DRB1*07:07	DRB1*13:16:01:01
HG01960	AFR	BB11	full:DogoHLA	DRB1	four_field	complete	0	0	0	0	DRB1*07:07	DRB1*13:16:01:01
HG01960	AFR	BB11	full:DogoHLA-no-graph	A	two_field	complete	1	1	0	1	A*34:02:01:01	A*03:43
HG01960	AFR	BB11	full:DogoHLA-no-graph	A	four_field	complete	1	0	0	1	A*34:02:01:01	A*03:43
HG01960	AFR	BB11	full:DogoHLA-no-graph	B	two_field	complete	1	1	1	2	B*35:01:01:06	B*35:01:01:61
HG01960	AFR	BB11	full:DogoHLA-no-graph	B	four_field	complete	0	0	0	0	B*35:01:01:06	B*35:01:01:61
HG01960	AFR	BB11	full:DogoHLA-no-graph	C	two_field	complete	1	1	1	2	C*04:01:01:01	C*04:01:01:01
HG01960	AFR	BB11	full:DogoHLA-no-graph	C	four_field	complete	1	1	0	0	C*04:01:01:01	C*04:01:01:01
HG01960	AFR	BB11	full:DogoHLA-no-graph	DPA1	two_field	complete	1	1	1	2	DPA1*02:01:02:02	DPA1*01:03:01:02
HG01960	AFR	BB11	full:DogoHLA-no-graph	DPA1	four_field	complete	0	0	0	0	DPA1*02:01:02:02	DPA1*01:03:01:02
HG01960	AFR	BB11	full:DogoHLA-no-graph	DPB1	two_field	complete	1	1	1	2	DPB1*104:01:01:01	DPB1*01:01:01:01
HG01960	AFR	BB11	full:DogoHLA-no-graph	DPB1	four_field	complete	0	0	0	0	DPB1*104:01:01:01	DPB1*01:01:01:01
HG01960	AFR	BB11	full:DogoHLA-no-graph	DQA1	two_field	complete	1	1	1	2	DQA1*01:02:01:04	DQA1*02:01:01:01
HG01960	AFR	BB11	full:DogoHLA-no-graph	DQA1	four_field	complete	0	0	0	0	DQA1*01:02:01:04	DQA1*02:01:01:01
HG01960	AFR	BB11	full:DogoHLA-no-graph	DQB1	two_field	complete	1	1	1	2	DQB1*02:02:01:01	DQB1*05:01:01:01
HG01960	AFR	BB11	full:DogoHLA-no-graph	DQB1	four_field	complete	1	1	0	1	DQB1*02:02:01:01	DQB1*05:01:01:01
HG01960	AFR	BB11	full:DogoHLA-no-graph	DRB1	two_field	complete	1	1	0	0	DRB1*07:07	DRB1*13:16:01:01
HG01960	AFR	BB11	full:DogoHLA-no-graph	DRB1	four_field	complete	0	0	0	0	DRB1*07:07	DRB1*13:16:01:01
HG01960	AFR	BB11	hprc:DogoHLA	A	two_field	complete	1	1	0	1	A*34:02:01:01	A*03:43
HG01960	AFR	BB11	hprc:DogoHLA	A	four_field	complete	1	0	0	1	A*34:02:01:01	A*03:43
HG01960	AFR	BB11	hprc:DogoHLA	B	two_field	complete	1	1	1	2	B*35:01:01:61	B*35:01:01:06
HG01960	AFR	BB11	hprc:DogoHLA	B	four_field	complete	0	0	0	0	B*35:01:01:61	B*35:01:01:06
HG01960	AFR	BB11	hprc:DogoHLA	C	two_field	complete	1	1	1	2	C*04:01:01:01	C*04:01:01:01
HG01960	AFR	BB11	hprc:DogoHLA	C	four_field	complete	1	1	0	0	C*04:01:01:01	C*04:01:01:01
HG01960	AFR	BB11	hprc:DogoHLA	DPA1	two_field	complete	1	1	1	2	DPA1*02:01:02:02	DPA1*01:03:01:02
HG01960	AFR	BB11	hprc:DogoHLA	DPA1	four_field	complete	0	0	0	0	DPA1*02:01:02:02	DPA1*01:03:01:02
HG01960	AFR	BB11	hprc:DogoHLA	DPB1	two_field	complete	1	1	1	2	DPB1*104:01:01:01	DPB1*01:01:01:01
HG01960	AFR	BB11	hprc:DogoHLA	DPB1	four_field	complete	0	0	0	0	DPB1*104:01:01:01	DPB1*01:01:01:01
HG01960	AFR	BB11	hprc:DogoHLA	DQA1	two_field	complete	1	1	1	2	DQA1*01:02:01:04	DQA1*02:01:01:01
HG01960	AFR	BB11	hprc:DogoHLA	DQA1	four_field	complete	0	0	0	0	DQA1*01:02:01:04	DQA1*02:01:01:01
HG01960	AFR	BB11	hprc:DogoHLA	DQB1	two_field	complete	1	1	1	2	DQB1*02:02:01:01	DQB1*05:01:01:01
HG01960	AFR	BB11	hprc:DogoHLA	DQB1	four_field	complete	1	1	0	1	DQB1*02:02:01:01	DQB1*05:01:01:01
HG01960	AFR	BB11	hprc:DogoHLA	DRB1	two_field	complete	1	1	0	0	DRB1*07:07	DRB1*13:16:01:01
HG01960	AFR	BB11	hprc:DogoHLA	DRB1	four_field	complete	0	0	0	0	DRB1*07:07	DRB1*13:16:01:01
HG01960	AFR	BB11	hprc:DogoHLA-no-graph	A	two_field	complete	1	1	0	1	A*34:02:01:01	A*03:43
HG01960	AFR	BB11	hprc:DogoHLA-no-graph	A	four_field	complete	1	0	0	1	A*34:02:01:01	A*03:43
HG01960	AFR	BB11	hprc:DogoHLA-no-graph	B	two_field	complete	1	1	1	2	B*35:01:01:61	B*35:01:01:06
HG01960	AFR	BB11	hprc:DogoHLA-no-graph	B	four_field	complete	0	0	0	0	B*35:01:01:61	B*35:01:01:06
HG01960	AFR	BB11	hprc:DogoHLA-no-graph	C	two_field	complete	1	1	1	2	C*04:01:01:01	C*04:01:01:01
HG01960	AFR	BB11	hprc:DogoHLA-no-graph	C	four_field	complete	1	1	0	0	C*04:01:01:01	C*04:01:01:01
HG01960	AFR	BB11	hprc:DogoHLA-no-graph	DPA1	two_field	complete	1	1	1	2	DPA1*02:01:02:02	DPA1*01:03:01:02
HG01960	AFR	BB11	hprc:DogoHLA-no-graph	DPA1	four_field	complete	0	0	0	0	DPA1*02:01:02:02	DPA1*01:03:01:02
HG01960	AFR	BB11	hprc:DogoHLA-no-graph	DPB1	two_field	complete	1	1	1	2	DPB1*104:01:01:01	DPB1*01:01:01:01
HG01960	AFR	BB11	hprc:DogoHLA-no-graph	DPB1	four_field	complete	0	0	0	0	DPB1*104:01:01:01	DPB1*01:01:01:01
HG01960	AFR	BB11	hprc:DogoHLA-no-graph	DQA1	two_field	complete	1	1	1	2	DQA1*01:02:01:04	DQA1*02:01:01:01
HG01960	AFR	BB11	hprc:DogoHLA-no-graph	DQA1	four_field	complete	0	0	0	0	DQA1*01:02:01:04	DQA1*02:01:01:01
HG01960	AFR	BB11	hprc:DogoHLA-no-graph	DQB1	two_field	complete	1	1	1	2	DQB1*02:02:01:01	DQB1*05:01:01:01
HG01960	AFR	BB11	hprc:DogoHLA-no-graph	DQB1	four_field	complete	1	1	0	1	DQB1*02:02:01:01	DQB1*05:01:01:01
HG01960	AFR	BB11	hprc:DogoHLA-no-graph	DRB1	two_field	complete	1	1	0	0	DRB1*07:07	DRB1*13:16:01:01
HG01960	AFR	BB11	hprc:DogoHLA-no-graph	DRB1	four_field	complete	0	0	0	0	DRB1*07:07	DRB1*13:16:01:01
HG01960	AFR	BB11	asian_matched:DogoHLA	A	two_field	complete	1	1	0	1	A*34:02:01:01	A*03:43
HG01960	AFR	BB11	asian_matched:DogoHLA	A	four_field	complete	1	0	0	1	A*34:02:01:01	A*03:43
HG01960	AFR	BB11	asian_matched:DogoHLA	B	two_field	complete	1	1	1	2	B*35:01:01:61	B*35:01:01:06
HG01960	AFR	BB11	asian_matched:DogoHLA	B	four_field	complete	0	0	0	0	B*35:01:01:61	B*35:01:01:06
HG01960	AFR	BB11	asian_matched:DogoHLA	C	two_field	complete	1	1	1	2	C*04:01:01:01	C*04:01:01:01
HG01960	AFR	BB11	asian_matched:DogoHLA	C	four_field	complete	1	1	0	0	C*04:01:01:01	C*04:01:01:01
HG01960	AFR	BB11	asian_matched:DogoHLA	DPA1	two_field	complete	1	1	1	2	DPA1*02:01:02:02	DPA1*01:03:01:02
HG01960	AFR	BB11	asian_matched:DogoHLA	DPA1	four_field	complete	0	0	0	0	DPA1*02:01:02:02	DPA1*01:03:01:02
HG01960	AFR	BB11	asian_matched:DogoHLA	DPB1	two_field	complete	1	1	1	2	DPB1*104:01:01:01	DPB1*01:01:01:01
HG01960	AFR	BB11	asian_matched:DogoHLA	DPB1	four_field	complete	0	0	0	0	DPB1*104:01:01:01	DPB1*01:01:01:01
HG01960	AFR	BB11	asian_matched:DogoHLA	DQA1	two_field	complete	1	1	1	2	DQA1*01:02:01:04	DQA1*02:01:01:01
HG01960	AFR	BB11	asian_matched:DogoHLA	DQA1	four_field	complete	0	0	0	0	DQA1*01:02:01:04	DQA1*02:01:01:01
HG01960	AFR	BB11	asian_matched:DogoHLA	DQB1	two_field	complete	1	1	1	2	DQB1*02:02:01:01	DQB1*05:01:01:01
HG01960	AFR	BB11	asian_matched:DogoHLA	DQB1	four_field	complete	1	1	0	1	DQB1*02:02:01:01	DQB1*05:01:01:01
HG01960	AFR	BB11	asian_matched:DogoHLA	DRB1	two_field	complete	1	1	0	0	DRB1*07:07	DRB1*13:16:01:01
HG01960	AFR	BB11	asian_matched:DogoHLA	DRB1	four_field	complete	0	0	0	0	DRB1*07:07	DRB1*13:16:01:01
HG01960	AFR	BB11	asian_matched:DogoHLA-no-graph	A	two_field	complete	1	1	0	1	A*34:02:01:01	A*03:43
HG01960	AFR	BB11	asian_matched:DogoHLA-no-graph	A	four_field	complete	1	0	0	1	A*34:02:01:01	A*03:43
HG01960	AFR	BB11	asian_matched:DogoHLA-no-graph	B	two_field	complete	1	1	1	2	B*35:01:01:61	B*35:01:01:06
HG01960	AFR	BB11	asian_matched:DogoHLA-no-graph	B	four_field	complete	0	0	0	0	B*35:01:01:61	B*35:01:01:06
HG01960	AFR	BB11	asian_matched:DogoHLA-no-graph	C	two_field	complete	1	1	1	2	C*04:01:01:01	C*04:01:01:01
HG01960	AFR	BB11	asian_matched:DogoHLA-no-graph	C	four_field	complete	1	1	0	0	C*04:01:01:01	C*04:01:01:01
HG01960	AFR	BB11	asian_matched:DogoHLA-no-graph	DPA1	two_field	complete	1	1	1	2	DPA1*02:01:02:02	DPA1*01:03:01:02
HG01960	AFR	BB11	asian_matched:DogoHLA-no-graph	DPA1	four_field	complete	0	0	0	0	DPA1*02:01:02:02	DPA1*01:03:01:02
HG01960	AFR	BB11	asian_matched:DogoHLA-no-graph	DPB1	two_field	complete	1	1	1	2	DPB1*104:01:01:01	DPB1*01:01:01:01
HG01960	AFR	BB11	asian_matched:DogoHLA-no-graph	DPB1	four_field	complete	0	0	0	0	DPB1*104:01:01:01	DPB1*01:01:01:01
HG01960	AFR	BB11	asian_matched:DogoHLA-no-graph	DQA1	two_field	complete	1	1	1	2	DQA1*01:02:01:04	DQA1*02:01:01:01
HG01960	AFR	BB11	asian_matched:DogoHLA-no-graph	DQA1	four_field	complete	0	0	0	0	DQA1*01:02:01:04	DQA1*02:01:01:01
HG01960	AFR	BB11	asian_matched:DogoHLA-no-graph	DQB1	two_field	complete	1	1	1	2	DQB1*02:02:01:01	DQB1*05:01:01:01
HG01960	AFR	BB11	asian_matched:DogoHLA-no-graph	DQB1	four_field	complete	1	1	0	1	DQB1*02:02:01:01	DQB1*05:01:01:01
HG01960	AFR	BB11	asian_matched:DogoHLA-no-graph	DRB1	two_field	complete	1	1	0	0	DRB1*07:07	DRB1*13:16:01:01
HG01960	AFR	BB11	asian_matched:DogoHLA-no-graph	DRB1	four_field	complete	0	0	0	0	DRB1*07:07	DRB1*13:16:01:01
NA20282	AFR	2469	SpecHLA-IPD365-noFreq	A	two_field	complete	1	1	0	1	A*23:01:01:01	A*03:370
NA20282	AFR	2469	SpecHLA-IPD365-noFreq	A	four_field	complete	1	0	0	1	A*23:01:01:01	A*03:370
NA20282	AFR	2469	SpecHLA-IPD365-noFreq	B	two_field	complete	1	1	1	2	B*81:01:01:01	B*53:01:01:01
NA20282	AFR	2469	SpecHLA-IPD365-noFreq	B	four_field	complete	0	0	0	0	B*81:01:01:01	B*53:01:01:01
NA20282	AFR	2469	SpecHLA-IPD365-noFreq	C	two_field	complete	1	1	1	2	C*04:01:01:01	C*08:04:01:03
NA20282	AFR	2469	SpecHLA-IPD365-noFreq	C	four_field	complete	0	0	0	0	C*04:01:01:01	C*08:04:01:03
NA20282	AFR	2469	SpecHLA-IPD365-noFreq	DPA1	two_field	complete	1	1	0	1	DPA1*02:01:08:03	DPA1*02:07:04
NA20282	AFR	2469	SpecHLA-IPD365-noFreq	DPA1	four_field	complete	0	0	0	0	DPA1*02:01:08:03	DPA1*02:07:04
NA20282	AFR	2469	SpecHLA-IPD365-noFreq	DPB1	two_field	complete	1	1	1	2	DPB1*11:01:01:01	DPB1*01:01:01:01
NA20282	AFR	2469	SpecHLA-IPD365-noFreq	DPB1	four_field	complete	1	1	0	1	DPB1*11:01:01:01	DPB1*01:01:01:01
NA20282	AFR	2469	SpecHLA-IPD365-noFreq	DQA1	two_field	complete	1	1	1	2	DQA1*04:01:02:01	DQA1*05:05:01:31
NA20282	AFR	2469	SpecHLA-IPD365-noFreq	DQA1	four_field	complete	1	1	0	0	DQA1*04:01:02:01	DQA1*05:05:01:31
NA20282	AFR	2469	SpecHLA-IPD365-noFreq	DQB1	two_field	complete	1	1	1	2	DQB1*03:01:04:01	DQB1*04:02:01:08
NA20282	AFR	2469	SpecHLA-IPD365-noFreq	DQB1	four_field	complete	1	1	0	1	DQB1*03:01:04:01	DQB1*04:02:01:08
NA20282	AFR	2469	SpecHLA-IPD365-noFreq	DRB1	two_field	complete	1	1	1	2	DRB1*08:04:01:07	DRB1*03:02:01:01
NA20282	AFR	2469	SpecHLA-IPD365-noFreq	DRB1	four_field	complete	0	0	0	0	DRB1*08:04:01:07	DRB1*03:02:01:01
NA20282	AFR	2469	SpecHLA-IPD365-long-noFreq	A	two_field	complete	1	1	0	1	A*23:01:01:01	A*03:370
NA20282	AFR	2469	SpecHLA-IPD365-long-noFreq	A	four_field	complete	1	0	0	1	A*23:01:01:01	A*03:370
NA20282	AFR	2469	SpecHLA-IPD365-long-noFreq	B	two_field	complete	1	1	1	2	B*81:01:01:01	B*53:01:01:01
NA20282	AFR	2469	SpecHLA-IPD365-long-noFreq	B	four_field	complete	0	0	0	0	B*81:01:01:01	B*53:01:01:01
NA20282	AFR	2469	SpecHLA-IPD365-long-noFreq	C	two_field	complete	1	1	1	2	C*04:01:01:01	C*08:04:01:03
NA20282	AFR	2469	SpecHLA-IPD365-long-noFreq	C	four_field	complete	0	0	0	0	C*04:01:01:01	C*08:04:01:03
NA20282	AFR	2469	SpecHLA-IPD365-long-noFreq	DPA1	two_field	complete	1	1	0	1	DPA1*02:07:04	DPA1*02:01:08:03
NA20282	AFR	2469	SpecHLA-IPD365-long-noFreq	DPA1	four_field	complete	0	0	0	0	DPA1*02:07:04	DPA1*02:01:08:03
NA20282	AFR	2469	SpecHLA-IPD365-long-noFreq	DPB1	two_field	complete	1	1	1	2	DPB1*01:01:01:01	DPB1*11:01:01:01
NA20282	AFR	2469	SpecHLA-IPD365-long-noFreq	DPB1	four_field	complete	1	1	0	1	DPB1*01:01:01:01	DPB1*11:01:01:01
NA20282	AFR	2469	SpecHLA-IPD365-long-noFreq	DQA1	two_field	complete	1	1	1	2	DQA1*05:05:01:31	DQA1*04:01:02:01
NA20282	AFR	2469	SpecHLA-IPD365-long-noFreq	DQA1	four_field	complete	1	1	0	0	DQA1*05:05:01:31	DQA1*04:01:02:01
NA20282	AFR	2469	SpecHLA-IPD365-long-noFreq	DQB1	two_field	complete	1	1	0	1	DQB1*03:01:01:03	DQB1*04:57
NA20282	AFR	2469	SpecHLA-IPD365-long-noFreq	DQB1	four_field	complete	1	0	0	0	DQB1*03:01:01:03	DQB1*04:57
NA20282	AFR	2469	SpecHLA-IPD365-long-noFreq	DRB1	two_field	complete	1	1	1	2	DRB1*08:04:01:07	DRB1*03:02:01:01
NA20282	AFR	2469	SpecHLA-IPD365-long-noFreq	DRB1	four_field	complete	0	0	0	0	DRB1*08:04:01:07	DRB1*03:02:01:01
NA20282	AFR	2469	T1K-four-field	A	two_field	complete	1	1	1	2	A*23:01:01:01	A*03:01:01:05
NA20282	AFR	2469	T1K-four-field	A	four_field	complete	1	1	1	2	A*23:01:01:01	A*03:01:01:05
NA20282	AFR	2469	T1K-four-field	B	two_field	complete	1	1	1	2	B*81:01:01:01	B*53:01:01:01
NA20282	AFR	2469	T1K-four-field	B	four_field	complete	0	0	0	0	B*81:01:01:01	B*53:01:01:01
NA20282	AFR	2469	T1K-four-field	C	two_field	complete	1	1	1	2	C*04:01:01:32	C*08:04:01:01
NA20282	AFR	2469	T1K-four-field	C	four_field	complete	0	0	0	0	C*04:01:01:32	C*08:04:01:01
NA20282	AFR	2469	T1K-four-field	DPA1	two_field	complete	1	1	0	1	DPA1*02:01:01:01	DPA1*02:38Q
NA20282	AFR	2469	T1K-four-field	DPA1	four_field	complete	0	0	0	0	DPA1*02:01:01:01	DPA1*02:38Q
NA20282	AFR	2469	T1K-four-field	DPB1	two_field	complete	1	1	1	2	DPB1*01:01:01:01	DPB1*11:01:01:01
NA20282	AFR	2469	T1K-four-field	DPB1	four_field	complete	1	1	0	1	DPB1*01:01:01:01	DPB1*11:01:01:01
NA20282	AFR	2469	T1K-four-field	DQA1	two_field	complete	1	1	1	2	DQA1*05:05:01:19,HLA-DQA1*05:05:01:53	DQA1*04:01:01:01
NA20282	AFR	2469	T1K-four-field	DQA1	four_field	complete	1	1	0	0	DQA1*05:05:01:19,HLA-DQA1*05:05:01:53	DQA1*04:01:01:01
NA20282	AFR	2469	T1K-four-field	DQB1	two_field	complete	1	1	1	2	DQB1*04:02:01:04	DQB1*03:01:04:01
NA20282	AFR	2469	T1K-four-field	DQB1	four_field	complete	1	1	0	0	DQB1*04:02:01:04	DQB1*03:01:04:01
NA20282	AFR	2469	T1K-four-field	DRB1	two_field	complete	1	1	1	2	DRB1*08:04:01:07	DRB1*03:02:01:01
NA20282	AFR	2469	T1K-four-field	DRB1	four_field	complete	0	0	0	0	DRB1*08:04:01:07	DRB1*03:02:01:01
NA20282	AFR	2469	full:DogoHLA	A	two_field	complete	1	1	0	1	A*03:01:01:05	A*23:144
NA20282	AFR	2469	full:DogoHLA	A	four_field	complete	1	0	0	1	A*03:01:01:05	A*23:144
NA20282	AFR	2469	full:DogoHLA	B	two_field	complete	1	1	1	2	B*81:01:01:01	B*53:01:01:01
NA20282	AFR	2469	full:DogoHLA	B	four_field	complete	0	0	0	0	B*81:01:01:01	B*53:01:01:01
NA20282	AFR	2469	full:DogoHLA	C	two_field	complete	1	1	1	2	C*08:04:01:01	C*04:01:01:32
NA20282	AFR	2469	full:DogoHLA	C	four_field	complete	0	0	0	0	C*08:04:01:01	C*04:01:01:32
NA20282	AFR	2469	full:DogoHLA	DPA1	two_field	complete	1	1	1	2	DPA1*02:02:02:01	DPA1*02:01:01:01
NA20282	AFR	2469	full:DogoHLA	DPA1	four_field	complete	0	0	0	0	DPA1*02:02:02:01	DPA1*02:01:01:01
NA20282	AFR	2469	full:DogoHLA	DPB1	two_field	complete	1	1	1	2	DPB1*01:01:01:01	DPB1*11:01:01:01
NA20282	AFR	2469	full:DogoHLA	DPB1	four_field	complete	1	1	0	1	DPB1*01:01:01:01	DPB1*11:01:01:01
NA20282	AFR	2469	full:DogoHLA	DQA1	two_field	complete	1	1	1	2	DQA1*04:01:02:01	DQA1*05:05:01:31
NA20282	AFR	2469	full:DogoHLA	DQA1	four_field	complete	1	1	0	0	DQA1*04:01:02:01	DQA1*05:05:01:31
NA20282	AFR	2469	full:DogoHLA	DQB1	two_field	complete	1	1	1	2	DQB1*04:02:01:08	DQB1*03:01:04:01
NA20282	AFR	2469	full:DogoHLA	DQB1	four_field	complete	1	1	0	1	DQB1*04:02:01:08	DQB1*03:01:04:01
NA20282	AFR	2469	full:DogoHLA	DRB1	two_field	complete	1	1	1	2	DRB1*03:02:01:01	DRB1*08:04:01:05
NA20282	AFR	2469	full:DogoHLA	DRB1	four_field	complete	0	0	0	0	DRB1*03:02:01:01	DRB1*08:04:01:05
NA20282	AFR	2469	full:DogoHLA-no-graph	A	two_field	complete	1	1	0	1	A*03:01:01:05	A*23:144
NA20282	AFR	2469	full:DogoHLA-no-graph	A	four_field	complete	1	0	0	1	A*03:01:01:05	A*23:144
NA20282	AFR	2469	full:DogoHLA-no-graph	B	two_field	complete	1	1	1	2	B*81:01:01:01	B*53:01:01:01
NA20282	AFR	2469	full:DogoHLA-no-graph	B	four_field	complete	0	0	0	0	B*81:01:01:01	B*53:01:01:01
NA20282	AFR	2469	full:DogoHLA-no-graph	C	two_field	complete	1	1	1	2	C*08:04:01:01	C*04:01:01:32
NA20282	AFR	2469	full:DogoHLA-no-graph	C	four_field	complete	0	0	0	0	C*08:04:01:01	C*04:01:01:32
NA20282	AFR	2469	full:DogoHLA-no-graph	DPA1	two_field	complete	1	1	1	2	DPA1*02:02:02:01	DPA1*02:01:01:01
NA20282	AFR	2469	full:DogoHLA-no-graph	DPA1	four_field	complete	0	0	0	0	DPA1*02:02:02:01	DPA1*02:01:01:01
NA20282	AFR	2469	full:DogoHLA-no-graph	DPB1	two_field	complete	1	1	1	2	DPB1*01:01:01:01	DPB1*11:01:01:01
NA20282	AFR	2469	full:DogoHLA-no-graph	DPB1	four_field	complete	1	1	0	1	DPB1*01:01:01:01	DPB1*11:01:01:01
NA20282	AFR	2469	full:DogoHLA-no-graph	DQA1	two_field	complete	1	1	1	2	DQA1*04:01:02:01	DQA1*05:05:01:31
NA20282	AFR	2469	full:DogoHLA-no-graph	DQA1	four_field	complete	1	1	0	0	DQA1*04:01:02:01	DQA1*05:05:01:31
NA20282	AFR	2469	full:DogoHLA-no-graph	DQB1	two_field	complete	1	1	1	2	DQB1*04:02:01:08	DQB1*03:01:04:01
NA20282	AFR	2469	full:DogoHLA-no-graph	DQB1	four_field	complete	1	1	0	1	DQB1*04:02:01:08	DQB1*03:01:04:01
NA20282	AFR	2469	full:DogoHLA-no-graph	DRB1	two_field	complete	1	1	1	2	DRB1*03:02:01:01	DRB1*08:04:01:05
NA20282	AFR	2469	full:DogoHLA-no-graph	DRB1	four_field	complete	0	0	0	0	DRB1*03:02:01:01	DRB1*08:04:01:05
NA20282	AFR	2469	hprc:DogoHLA	A	two_field	complete	1	1	0	1	A*03:01:01:05	A*23:144
NA20282	AFR	2469	hprc:DogoHLA	A	four_field	complete	1	0	0	1	A*03:01:01:05	A*23:144
NA20282	AFR	2469	hprc:DogoHLA	B	two_field	complete	1	1	1	2	B*81:01:01:01	B*53:01:01:01
NA20282	AFR	2469	hprc:DogoHLA	B	four_field	complete	0	0	0	0	B*81:01:01:01	B*53:01:01:01
NA20282	AFR	2469	hprc:DogoHLA	C	two_field	complete	1	1	1	2	C*08:04:01:01	C*04:01:01:32
NA20282	AFR	2469	hprc:DogoHLA	C	four_field	complete	0	0	0	0	C*08:04:01:01	C*04:01:01:32
NA20282	AFR	2469	hprc:DogoHLA	DPA1	two_field	complete	1	1	1	2	DPA1*02:02:02:01	DPA1*02:01:01:01
NA20282	AFR	2469	hprc:DogoHLA	DPA1	four_field	complete	0	0	0	0	DPA1*02:02:02:01	DPA1*02:01:01:01
NA20282	AFR	2469	hprc:DogoHLA	DPB1	two_field	complete	1	1	1	2	DPB1*01:01:01:01	DPB1*11:01:01:01
NA20282	AFR	2469	hprc:DogoHLA	DPB1	four_field	complete	1	1	0	1	DPB1*01:01:01:01	DPB1*11:01:01:01
NA20282	AFR	2469	hprc:DogoHLA	DQA1	two_field	complete	1	1	1	2	DQA1*04:01:02:01	DQA1*05:05:01:31
NA20282	AFR	2469	hprc:DogoHLA	DQA1	four_field	complete	1	1	0	0	DQA1*04:01:02:01	DQA1*05:05:01:31
NA20282	AFR	2469	hprc:DogoHLA	DQB1	two_field	complete	1	1	1	2	DQB1*04:02:01:08	DQB1*03:01:04:01
NA20282	AFR	2469	hprc:DogoHLA	DQB1	four_field	complete	1	1	0	1	DQB1*04:02:01:08	DQB1*03:01:04:01
NA20282	AFR	2469	hprc:DogoHLA	DRB1	two_field	complete	1	1	1	2	DRB1*03:02:01:01	DRB1*08:04:01:05
NA20282	AFR	2469	hprc:DogoHLA	DRB1	four_field	complete	0	0	0	0	DRB1*03:02:01:01	DRB1*08:04:01:05
NA20282	AFR	2469	hprc:DogoHLA-no-graph	A	two_field	complete	1	1	0	1	A*03:01:01:05	A*23:144
NA20282	AFR	2469	hprc:DogoHLA-no-graph	A	four_field	complete	1	0	0	1	A*03:01:01:05	A*23:144
NA20282	AFR	2469	hprc:DogoHLA-no-graph	B	two_field	complete	1	1	1	2	B*81:01:01:01	B*53:01:01:01
NA20282	AFR	2469	hprc:DogoHLA-no-graph	B	four_field	complete	0	0	0	0	B*81:01:01:01	B*53:01:01:01
NA20282	AFR	2469	hprc:DogoHLA-no-graph	C	two_field	complete	1	1	1	2	C*08:04:01:01	C*04:01:01:32
NA20282	AFR	2469	hprc:DogoHLA-no-graph	C	four_field	complete	0	0	0	0	C*08:04:01:01	C*04:01:01:32
NA20282	AFR	2469	hprc:DogoHLA-no-graph	DPA1	two_field	complete	1	1	1	2	DPA1*02:02:02:01	DPA1*02:01:01:01
NA20282	AFR	2469	hprc:DogoHLA-no-graph	DPA1	four_field	complete	0	0	0	0	DPA1*02:02:02:01	DPA1*02:01:01:01
NA20282	AFR	2469	hprc:DogoHLA-no-graph	DPB1	two_field	complete	1	1	1	2	DPB1*01:01:01:01	DPB1*11:01:01:01
NA20282	AFR	2469	hprc:DogoHLA-no-graph	DPB1	four_field	complete	1	1	0	1	DPB1*01:01:01:01	DPB1*11:01:01:01
NA20282	AFR	2469	hprc:DogoHLA-no-graph	DQA1	two_field	complete	1	1	1	2	DQA1*04:01:02:01	DQA1*05:05:01:31
NA20282	AFR	2469	hprc:DogoHLA-no-graph	DQA1	four_field	complete	1	1	0	0	DQA1*04:01:02:01	DQA1*05:05:01:31
NA20282	AFR	2469	hprc:DogoHLA-no-graph	DQB1	two_field	complete	1	1	1	2	DQB1*04:02:01:08	DQB1*03:01:04:01
NA20282	AFR	2469	hprc:DogoHLA-no-graph	DQB1	four_field	complete	1	1	0	1	DQB1*04:02:01:08	DQB1*03:01:04:01
NA20282	AFR	2469	hprc:DogoHLA-no-graph	DRB1	two_field	complete	1	1	1	2	DRB1*03:02:01:01	DRB1*08:04:01:05
NA20282	AFR	2469	hprc:DogoHLA-no-graph	DRB1	four_field	complete	0	0	0	0	DRB1*03:02:01:01	DRB1*08:04:01:05
NA20282	AFR	2469	asian_matched:DogoHLA	A	two_field	complete	1	1	0	1	A*03:01:01:05	A*23:144
NA20282	AFR	2469	asian_matched:DogoHLA	A	four_field	complete	1	0	0	1	A*03:01:01:05	A*23:144
NA20282	AFR	2469	asian_matched:DogoHLA	B	two_field	complete	1	1	1	2	B*81:01:01:01	B*53:01:01:01
NA20282	AFR	2469	asian_matched:DogoHLA	B	four_field	complete	0	0	0	0	B*81:01:01:01	B*53:01:01:01
NA20282	AFR	2469	asian_matched:DogoHLA	C	two_field	complete	1	1	1	2	C*08:04:01:01	C*04:01:01:32
NA20282	AFR	2469	asian_matched:DogoHLA	C	four_field	complete	0	0	0	0	C*08:04:01:01	C*04:01:01:32
NA20282	AFR	2469	asian_matched:DogoHLA	DPA1	two_field	complete	1	1	1	2	DPA1*02:02:02:01	DPA1*02:01:01:01
NA20282	AFR	2469	asian_matched:DogoHLA	DPA1	four_field	complete	0	0	0	0	DPA1*02:02:02:01	DPA1*02:01:01:01
NA20282	AFR	2469	asian_matched:DogoHLA	DPB1	two_field	complete	1	1	1	2	DPB1*01:01:01:01	DPB1*11:01:01:01
NA20282	AFR	2469	asian_matched:DogoHLA	DPB1	four_field	complete	1	1	0	1	DPB1*01:01:01:01	DPB1*11:01:01:01
NA20282	AFR	2469	asian_matched:DogoHLA	DQA1	two_field	complete	1	1	1	2	DQA1*04:01:02:01	DQA1*05:05:01:31
NA20282	AFR	2469	asian_matched:DogoHLA	DQA1	four_field	complete	1	1	0	0	DQA1*04:01:02:01	DQA1*05:05:01:31
NA20282	AFR	2469	asian_matched:DogoHLA	DQB1	two_field	complete	1	1	1	2	DQB1*04:02:01:08	DQB1*03:01:04:01
NA20282	AFR	2469	asian_matched:DogoHLA	DQB1	four_field	complete	1	1	0	1	DQB1*04:02:01:08	DQB1*03:01:04:01
NA20282	AFR	2469	asian_matched:DogoHLA	DRB1	two_field	complete	1	1	1	2	DRB1*03:02:01:01	DRB1*08:04:01:05
NA20282	AFR	2469	asian_matched:DogoHLA	DRB1	four_field	complete	0	0	0	0	DRB1*03:02:01:01	DRB1*08:04:01:05
NA20282	AFR	2469	asian_matched:DogoHLA-no-graph	A	two_field	complete	1	1	0	1	A*03:01:01:05	A*23:144
NA20282	AFR	2469	asian_matched:DogoHLA-no-graph	A	four_field	complete	1	0	0	1	A*03:01:01:05	A*23:144
NA20282	AFR	2469	asian_matched:DogoHLA-no-graph	B	two_field	complete	1	1	1	2	B*81:01:01:01	B*53:01:01:01
NA20282	AFR	2469	asian_matched:DogoHLA-no-graph	B	four_field	complete	0	0	0	0	B*81:01:01:01	B*53:01:01:01
NA20282	AFR	2469	asian_matched:DogoHLA-no-graph	C	two_field	complete	1	1	1	2	C*08:04:01:01	C*04:01:01:32
NA20282	AFR	2469	asian_matched:DogoHLA-no-graph	C	four_field	complete	0	0	0	0	C*08:04:01:01	C*04:01:01:32
NA20282	AFR	2469	asian_matched:DogoHLA-no-graph	DPA1	two_field	complete	1	1	1	2	DPA1*02:02:02:01	DPA1*02:01:01:01
NA20282	AFR	2469	asian_matched:DogoHLA-no-graph	DPA1	four_field	complete	0	0	0	0	DPA1*02:02:02:01	DPA1*02:01:01:01
NA20282	AFR	2469	asian_matched:DogoHLA-no-graph	DPB1	two_field	complete	1	1	1	2	DPB1*01:01:01:01	DPB1*11:01:01:01
NA20282	AFR	2469	asian_matched:DogoHLA-no-graph	DPB1	four_field	complete	1	1	0	1	DPB1*01:01:01:01	DPB1*11:01:01:01
NA20282	AFR	2469	asian_matched:DogoHLA-no-graph	DQA1	two_field	complete	1	1	1	2	DQA1*04:01:02:01	DQA1*05:05:01:31
NA20282	AFR	2469	asian_matched:DogoHLA-no-graph	DQA1	four_field	complete	1	1	0	0	DQA1*04:01:02:01	DQA1*05:05:01:31
NA20282	AFR	2469	asian_matched:DogoHLA-no-graph	DQB1	two_field	complete	1	1	1	2	DQB1*04:02:01:08	DQB1*03:01:04:01
NA20282	AFR	2469	asian_matched:DogoHLA-no-graph	DQB1	four_field	complete	1	1	0	1	DQB1*04:02:01:08	DQB1*03:01:04:01
NA20282	AFR	2469	asian_matched:DogoHLA-no-graph	DRB1	two_field	complete	1	1	1	2	DRB1*03:02:01:01	DRB1*08:04:01:05
NA20282	AFR	2469	asian_matched:DogoHLA-no-graph	DRB1	four_field	complete	0	0	0	0	DRB1*03:02:01:01	DRB1*08:04:01:05
NA19468	AFR	NA19468	SpecHLA-IPD365-noFreq	A	two_field	complete	1	1	0	1	A*74:01:01:01	A*66:56
NA19468	AFR	NA19468	SpecHLA-IPD365-noFreq	A	four_field	complete	1	0	0	1	A*74:01:01:01	A*66:56
NA19468	AFR	NA19468	SpecHLA-IPD365-noFreq	B	two_field	complete	1	1	1	2	B*81:01:01:01	B*81:01:01:01
NA19468	AFR	NA19468	SpecHLA-IPD365-noFreq	B	four_field	complete	1	1	1	2	B*81:01:01:01	B*81:01:01:01
NA19468	AFR	NA19468	SpecHLA-IPD365-noFreq	C	two_field	complete	1	1	1	2	C*18:01:01:01	C*18:01:01:01
NA19468	AFR	NA19468	SpecHLA-IPD365-noFreq	C	four_field	complete	1	1	0	0	C*18:01:01:01	C*18:01:01:01
NA19468	AFR	NA19468	SpecHLA-IPD365-noFreq	DPA1	two_field	complete	1	1	1	2	DPA1*02:01:01:01	DPA1*02:01:08:01
NA19468	AFR	NA19468	SpecHLA-IPD365-noFreq	DPA1	four_field	complete	0	0	0	0	DPA1*02:01:01:01	DPA1*02:01:08:01
NA19468	AFR	NA19468	SpecHLA-IPD365-noFreq	DPB1	two_field	complete	1	1	1	2	DPB1*11:01:01:01	DPB1*01:01:01:01
NA19468	AFR	NA19468	SpecHLA-IPD365-noFreq	DPB1	four_field	complete	1	1	1	2	DPB1*11:01:01:01	DPB1*01:01:01:01
NA19468	AFR	NA19468	SpecHLA-IPD365-noFreq	DQA1	two_field	complete	1	1	0	1	DQA1*01:03:03	DQA1*01:01:01:01
NA19468	AFR	NA19468	SpecHLA-IPD365-noFreq	DQA1	four_field	complete	0	0	0	0	DQA1*01:03:03	DQA1*01:01:01:01
NA19468	AFR	NA19468	SpecHLA-IPD365-noFreq	DQB1	two_field	complete	1	1	1	2	DQB1*06:02:01:01	DQB1*05:01:01:02
NA19468	AFR	NA19468	SpecHLA-IPD365-noFreq	DQB1	four_field	complete	1	1	0	1	DQB1*06:02:01:01	DQB1*05:01:01:02
NA19468	AFR	NA19468	SpecHLA-IPD365-noFreq	DRB1	two_field	complete	1	1	0	1	DRB1*13:370N	DRB1*10:01:01:04
NA19468	AFR	NA19468	SpecHLA-IPD365-noFreq	DRB1	four_field	complete	0	0	0	0	DRB1*13:370N	DRB1*10:01:01:04
NA19468	AFR	NA19468	SpecHLA-IPD365-long-noFreq	A	two_field	complete	1	1	0	1	A*74:01:01:01	A*66:56
NA19468	AFR	NA19468	SpecHLA-IPD365-long-noFreq	A	four_field	complete	1	0	0	1	A*74:01:01:01	A*66:56
NA19468	AFR	NA19468	SpecHLA-IPD365-long-noFreq	B	two_field	complete	1	1	1	2	B*81:01:01:01	B*81:01:01:01
NA19468	AFR	NA19468	SpecHLA-IPD365-long-noFreq	B	four_field	complete	1	1	1	2	B*81:01:01:01	B*81:01:01:01
NA19468	AFR	NA19468	SpecHLA-IPD365-long-noFreq	C	two_field	complete	1	1	1	2	C*18:01:01:01	C*18:01:01:01
NA19468	AFR	NA19468	SpecHLA-IPD365-long-noFreq	C	four_field	complete	1	1	0	0	C*18:01:01:01	C*18:01:01:01
NA19468	AFR	NA19468	SpecHLA-IPD365-long-noFreq	DPA1	two_field	complete	1	1	1	2	DPA1*02:01:01:01	DPA1*02:01:08:01
NA19468	AFR	NA19468	SpecHLA-IPD365-long-noFreq	DPA1	four_field	complete	0	0	0	0	DPA1*02:01:01:01	DPA1*02:01:08:01
NA19468	AFR	NA19468	SpecHLA-IPD365-long-noFreq	DPB1	two_field	complete	1	1	1	2	DPB1*11:01:01:01	DPB1*01:01:01:01
NA19468	AFR	NA19468	SpecHLA-IPD365-long-noFreq	DPB1	four_field	complete	1	1	1	2	DPB1*11:01:01:01	DPB1*01:01:01:01
NA19468	AFR	NA19468	SpecHLA-IPD365-long-noFreq	DQA1	two_field	complete	1	1	0	1	DQA1*01:03:03	DQA1*01:01:01:01
NA19468	AFR	NA19468	SpecHLA-IPD365-long-noFreq	DQA1	four_field	complete	0	0	0	0	DQA1*01:03:03	DQA1*01:01:01:01
NA19468	AFR	NA19468	SpecHLA-IPD365-long-noFreq	DQB1	two_field	complete	1	1	1	2	DQB1*06:02:01:01	DQB1*05:01:01:02
NA19468	AFR	NA19468	SpecHLA-IPD365-long-noFreq	DQB1	four_field	complete	1	1	0	1	DQB1*06:02:01:01	DQB1*05:01:01:02
NA19468	AFR	NA19468	SpecHLA-IPD365-long-noFreq	DRB1	two_field	complete	1	1	1	2	DRB1*13:01:01:09	DRB1*10:01:01:01
NA19468	AFR	NA19468	SpecHLA-IPD365-long-noFreq	DRB1	four_field	complete	0	0	0	0	DRB1*13:01:01:09	DRB1*10:01:01:01
NA19468	AFR	NA19468	T1K-four-field	A	two_field	complete	1	1	1	2	A*74:01:01:01	A*66:01:01:01
NA19468	AFR	NA19468	T1K-four-field	A	four_field	complete	1	1	1	2	A*74:01:01:01	A*66:01:01:01
NA19468	AFR	NA19468	T1K-four-field	B	two_field	complete	1	1	1	2	B*81:01:01:01	B*81:01:01:01
NA19468	AFR	NA19468	T1K-four-field	B	four_field	complete	1	1	1	2	B*81:01:01:01	B*81:01:01:01
NA19468	AFR	NA19468	T1K-four-field	C	two_field	complete	1	1	1	2	C*18:01:01:01	C*18:01:01:01
NA19468	AFR	NA19468	T1K-four-field	C	four_field	complete	1	1	0	0	C*18:01:01:01	C*18:01:01:01
NA19468	AFR	NA19468	T1K-four-field	DPA1	two_field	complete	1	1	1	2	DPA1*02:01:01:01	DPA1*02:01:08:03
NA19468	AFR	NA19468	T1K-four-field	DPA1	four_field	complete	0	0	0	0	DPA1*02:01:01:01	DPA1*02:01:08:03
NA19468	AFR	NA19468	T1K-four-field	DPB1	two_field	complete	1	1	1	2	DPB1*11:01:01:01	DPB1*01:01:01:01
NA19468	AFR	NA19468	T1K-four-field	DPB1	four_field	complete	1	1	1	2	DPB1*11:01:01:01	DPB1*01:01:01:01
NA19468	AFR	NA19468	T1K-four-field	DQA1	two_field	complete	1	1	1	2	DQA1*01:03:01:01	DQA1*01:05:01:01
NA19468	AFR	NA19468	T1K-four-field	DQA1	four_field	complete	0	0	0	0	DQA1*01:03:01:01	DQA1*01:05:01:01
NA19468	AFR	NA19468	T1K-four-field	DQB1	two_field	complete	1	1	1	2	DQB1*05:01:01:01	DQB1*06:02:01:01
NA19468	AFR	NA19468	T1K-four-field	DQB1	four_field	complete	1	1	0	0	DQB1*05:01:01:01	DQB1*06:02:01:01
NA19468	AFR	NA19468	T1K-four-field	DRB1	two_field	complete	1	1	1	2	DRB1*10:01:01:03	DRB1*13:01:01:10
NA19468	AFR	NA19468	T1K-four-field	DRB1	four_field	complete	0	0	0	0	DRB1*10:01:01:03	DRB1*13:01:01:10
NA19468	AFR	NA19468	full:DogoHLA	A	two_field	complete	1	1	0	1	A*66:56	A*74:01:01:01
NA19468	AFR	NA19468	full:DogoHLA	A	four_field	complete	1	0	0	1	A*66:56	A*74:01:01:01
NA19468	AFR	NA19468	full:DogoHLA	B	two_field	complete	1	1	1	2	B*81:01:01:01	B*81:01:01:01
NA19468	AFR	NA19468	full:DogoHLA	B	four_field	complete	1	1	1	2	B*81:01:01:01	B*81:01:01:01
NA19468	AFR	NA19468	full:DogoHLA	C	two_field	complete	1	1	1	2	C*18:01:01:01	C*18:01:01:01
NA19468	AFR	NA19468	full:DogoHLA	C	four_field	complete	1	1	0	0	C*18:01:01:01	C*18:01:01:01
NA19468	AFR	NA19468	full:DogoHLA	DPA1	two_field	complete	1	1	1	2	DPA1*02:01:08:01	DPA1*02:01:01:01
NA19468	AFR	NA19468	full:DogoHLA	DPA1	four_field	complete	0	0	0	0	DPA1*02:01:08:01	DPA1*02:01:01:01
NA19468	AFR	NA19468	full:DogoHLA	DPB1	two_field	complete	1	1	0	0	DPB1*1147:01	DPB1*417:01:02
NA19468	AFR	NA19468	full:DogoHLA	DPB1	four_field	complete	1	0	0	0	DPB1*1147:01	DPB1*417:01:02
NA19468	AFR	NA19468	full:DogoHLA	DQA1	two_field	complete	1	1	1	2	DQA1*01:05:01:01	DQA1*01:03:03
NA19468	AFR	NA19468	full:DogoHLA	DQA1	four_field	complete	0	0	0	0	DQA1*01:05:01:01	DQA1*01:03:03
NA19468	AFR	NA19468	full:DogoHLA	DQB1	two_field	complete	1	1	1	2	DQB1*06:02:01:01	DQB1*05:01:01:02
NA19468	AFR	NA19468	full:DogoHLA	DQB1	four_field	complete	1	1	0	1	DQB1*06:02:01:01	DQB1*05:01:01:02
NA19468	AFR	NA19468	full:DogoHLA	DRB1	two_field	complete	1	1	1	2	DRB1*10:01:01:03	DRB1*13:01:01:10
NA19468	AFR	NA19468	full:DogoHLA	DRB1	four_field	complete	0	0	0	0	DRB1*10:01:01:03	DRB1*13:01:01:10
NA19468	AFR	NA19468	full:DogoHLA-no-graph	A	two_field	complete	1	1	0	1	A*66:56	A*74:01:01:01
NA19468	AFR	NA19468	full:DogoHLA-no-graph	A	four_field	complete	1	0	0	1	A*66:56	A*74:01:01:01
NA19468	AFR	NA19468	full:DogoHLA-no-graph	B	two_field	complete	1	1	1	2	B*81:01:01:01	B*81:01:01:01
NA19468	AFR	NA19468	full:DogoHLA-no-graph	B	four_field	complete	1	1	1	2	B*81:01:01:01	B*81:01:01:01
NA19468	AFR	NA19468	full:DogoHLA-no-graph	C	two_field	complete	1	1	1	2	C*18:01:01:01	C*18:01:01:01
NA19468	AFR	NA19468	full:DogoHLA-no-graph	C	four_field	complete	1	1	0	0	C*18:01:01:01	C*18:01:01:01
NA19468	AFR	NA19468	full:DogoHLA-no-graph	DPA1	two_field	complete	1	1	1	2	DPA1*02:01:08:01	DPA1*02:01:01:01
NA19468	AFR	NA19468	full:DogoHLA-no-graph	DPA1	four_field	complete	0	0	0	0	DPA1*02:01:08:01	DPA1*02:01:01:01
NA19468	AFR	NA19468	full:DogoHLA-no-graph	DPB1	two_field	complete	1	1	0	0	DPB1*1147:01	DPB1*417:01:02
NA19468	AFR	NA19468	full:DogoHLA-no-graph	DPB1	four_field	complete	1	0	0	0	DPB1*1147:01	DPB1*417:01:02
NA19468	AFR	NA19468	full:DogoHLA-no-graph	DQA1	two_field	complete	1	1	1	2	DQA1*01:05:01:01	DQA1*01:03:03
NA19468	AFR	NA19468	full:DogoHLA-no-graph	DQA1	four_field	complete	0	0	0	0	DQA1*01:05:01:01	DQA1*01:03:03
NA19468	AFR	NA19468	full:DogoHLA-no-graph	DQB1	two_field	complete	1	1	1	2	DQB1*06:02:01:01	DQB1*05:01:01:02
NA19468	AFR	NA19468	full:DogoHLA-no-graph	DQB1	four_field	complete	1	1	0	1	DQB1*06:02:01:01	DQB1*05:01:01:02
NA19468	AFR	NA19468	full:DogoHLA-no-graph	DRB1	two_field	complete	1	1	1	2	DRB1*10:01:01:03	DRB1*13:01:01:10
NA19468	AFR	NA19468	full:DogoHLA-no-graph	DRB1	four_field	complete	0	0	0	0	DRB1*10:01:01:03	DRB1*13:01:01:10
NA19468	AFR	NA19468	hprc:DogoHLA	A	two_field	complete	1	1	0	1	A*66:56	A*74:01:01:01
NA19468	AFR	NA19468	hprc:DogoHLA	A	four_field	complete	1	0	0	1	A*66:56	A*74:01:01:01
NA19468	AFR	NA19468	hprc:DogoHLA	B	two_field	complete	1	1	1	2	B*81:01:01:01	B*81:01:01:01
NA19468	AFR	NA19468	hprc:DogoHLA	B	four_field	complete	1	1	1	2	B*81:01:01:01	B*81:01:01:01
NA19468	AFR	NA19468	hprc:DogoHLA	C	two_field	complete	1	1	1	2	C*18:01:01:01	C*18:01:01:01
NA19468	AFR	NA19468	hprc:DogoHLA	C	four_field	complete	1	1	0	0	C*18:01:01:01	C*18:01:01:01
NA19468	AFR	NA19468	hprc:DogoHLA	DPA1	two_field	complete	1	1	1	2	DPA1*02:01:08:01	DPA1*02:01:01:01
NA19468	AFR	NA19468	hprc:DogoHLA	DPA1	four_field	complete	0	0	0	0	DPA1*02:01:08:01	DPA1*02:01:01:01
NA19468	AFR	NA19468	hprc:DogoHLA	DPB1	two_field	complete	1	1	0	0	DPB1*1147:01	DPB1*417:01:02
NA19468	AFR	NA19468	hprc:DogoHLA	DPB1	four_field	complete	1	0	0	0	DPB1*1147:01	DPB1*417:01:02
NA19468	AFR	NA19468	hprc:DogoHLA	DQA1	two_field	complete	1	1	1	2	DQA1*01:05:01:01	DQA1*01:03:03
NA19468	AFR	NA19468	hprc:DogoHLA	DQA1	four_field	complete	0	0	0	0	DQA1*01:05:01:01	DQA1*01:03:03
NA19468	AFR	NA19468	hprc:DogoHLA	DQB1	two_field	complete	1	1	1	2	DQB1*06:02:01:01	DQB1*05:01:01:02
NA19468	AFR	NA19468	hprc:DogoHLA	DQB1	four_field	complete	1	1	0	1	DQB1*06:02:01:01	DQB1*05:01:01:02
NA19468	AFR	NA19468	hprc:DogoHLA	DRB1	two_field	complete	1	1	1	2	DRB1*10:01:01:03	DRB1*13:01:01:10
NA19468	AFR	NA19468	hprc:DogoHLA	DRB1	four_field	complete	0	0	0	0	DRB1*10:01:01:03	DRB1*13:01:01:10
NA19468	AFR	NA19468	hprc:DogoHLA-no-graph	A	two_field	complete	1	1	0	1	A*66:56	A*74:01:01:01
NA19468	AFR	NA19468	hprc:DogoHLA-no-graph	A	four_field	complete	1	0	0	1	A*66:56	A*74:01:01:01
NA19468	AFR	NA19468	hprc:DogoHLA-no-graph	B	two_field	complete	1	1	1	2	B*81:01:01:01	B*81:01:01:01
NA19468	AFR	NA19468	hprc:DogoHLA-no-graph	B	four_field	complete	1	1	1	2	B*81:01:01:01	B*81:01:01:01
NA19468	AFR	NA19468	hprc:DogoHLA-no-graph	C	two_field	complete	1	1	1	2	C*18:01:01:01	C*18:01:01:01
NA19468	AFR	NA19468	hprc:DogoHLA-no-graph	C	four_field	complete	1	1	0	0	C*18:01:01:01	C*18:01:01:01
NA19468	AFR	NA19468	hprc:DogoHLA-no-graph	DPA1	two_field	complete	1	1	1	2	DPA1*02:01:08:01	DPA1*02:01:01:01
NA19468	AFR	NA19468	hprc:DogoHLA-no-graph	DPA1	four_field	complete	0	0	0	0	DPA1*02:01:08:01	DPA1*02:01:01:01
NA19468	AFR	NA19468	hprc:DogoHLA-no-graph	DPB1	two_field	complete	1	1	0	0	DPB1*1147:01	DPB1*417:01:02
NA19468	AFR	NA19468	hprc:DogoHLA-no-graph	DPB1	four_field	complete	1	0	0	0	DPB1*1147:01	DPB1*417:01:02
NA19468	AFR	NA19468	hprc:DogoHLA-no-graph	DQA1	two_field	complete	1	1	1	2	DQA1*01:05:01:01	DQA1*01:03:03
NA19468	AFR	NA19468	hprc:DogoHLA-no-graph	DQA1	four_field	complete	0	0	0	0	DQA1*01:05:01:01	DQA1*01:03:03
NA19468	AFR	NA19468	hprc:DogoHLA-no-graph	DQB1	two_field	complete	1	1	1	2	DQB1*06:02:01:01	DQB1*05:01:01:02
NA19468	AFR	NA19468	hprc:DogoHLA-no-graph	DQB1	four_field	complete	1	1	0	1	DQB1*06:02:01:01	DQB1*05:01:01:02
NA19468	AFR	NA19468	hprc:DogoHLA-no-graph	DRB1	two_field	complete	1	1	1	2	DRB1*10:01:01:03	DRB1*13:01:01:10
NA19468	AFR	NA19468	hprc:DogoHLA-no-graph	DRB1	four_field	complete	0	0	0	0	DRB1*10:01:01:03	DRB1*13:01:01:10
NA19468	AFR	NA19468	asian_matched:DogoHLA	A	two_field	complete	1	1	0	1	A*74:01:01:01	A*66:56
NA19468	AFR	NA19468	asian_matched:DogoHLA	A	four_field	complete	1	0	0	1	A*74:01:01:01	A*66:56
NA19468	AFR	NA19468	asian_matched:DogoHLA	B	two_field	complete	1	1	1	2	B*81:01:01:01	B*81:01:01:01
NA19468	AFR	NA19468	asian_matched:DogoHLA	B	four_field	complete	1	1	1	2	B*81:01:01:01	B*81:01:01:01
NA19468	AFR	NA19468	asian_matched:DogoHLA	C	two_field	complete	1	1	1	2	C*18:01:01:01	C*18:01:01:01
NA19468	AFR	NA19468	asian_matched:DogoHLA	C	four_field	complete	1	1	0	0	C*18:01:01:01	C*18:01:01:01
NA19468	AFR	NA19468	asian_matched:DogoHLA	DPA1	two_field	complete	1	1	1	2	DPA1*02:01:08:01	DPA1*02:01:01:01
NA19468	AFR	NA19468	asian_matched:DogoHLA	DPA1	four_field	complete	0	0	0	0	DPA1*02:01:08:01	DPA1*02:01:01:01
NA19468	AFR	NA19468	asian_matched:DogoHLA	DPB1	two_field	complete	1	1	0	0	DPB1*1147:01	DPB1*417:01:02
NA19468	AFR	NA19468	asian_matched:DogoHLA	DPB1	four_field	complete	1	0	0	0	DPB1*1147:01	DPB1*417:01:02
NA19468	AFR	NA19468	asian_matched:DogoHLA	DQA1	two_field	complete	1	1	1	2	DQA1*01:05:01:01	DQA1*01:03:03
NA19468	AFR	NA19468	asian_matched:DogoHLA	DQA1	four_field	complete	0	0	0	0	DQA1*01:05:01:01	DQA1*01:03:03
NA19468	AFR	NA19468	asian_matched:DogoHLA	DQB1	two_field	complete	1	1	1	2	DQB1*06:02:01:01	DQB1*05:01:01:02
NA19468	AFR	NA19468	asian_matched:DogoHLA	DQB1	four_field	complete	1	1	0	1	DQB1*06:02:01:01	DQB1*05:01:01:02
NA19468	AFR	NA19468	asian_matched:DogoHLA	DRB1	two_field	complete	1	1	1	2	DRB1*13:01:01:10	DRB1*10:01:01:03
NA19468	AFR	NA19468	asian_matched:DogoHLA	DRB1	four_field	complete	0	0	0	0	DRB1*13:01:01:10	DRB1*10:01:01:03
NA19468	AFR	NA19468	asian_matched:DogoHLA-no-graph	A	two_field	complete	1	1	0	1	A*74:01:01:01	A*66:56
NA19468	AFR	NA19468	asian_matched:DogoHLA-no-graph	A	four_field	complete	1	0	0	1	A*74:01:01:01	A*66:56
NA19468	AFR	NA19468	asian_matched:DogoHLA-no-graph	B	two_field	complete	1	1	1	2	B*81:01:01:01	B*81:01:01:01
NA19468	AFR	NA19468	asian_matched:DogoHLA-no-graph	B	four_field	complete	1	1	1	2	B*81:01:01:01	B*81:01:01:01
NA19468	AFR	NA19468	asian_matched:DogoHLA-no-graph	C	two_field	complete	1	1	1	2	C*18:01:01:01	C*18:01:01:01
NA19468	AFR	NA19468	asian_matched:DogoHLA-no-graph	C	four_field	complete	1	1	0	0	C*18:01:01:01	C*18:01:01:01
NA19468	AFR	NA19468	asian_matched:DogoHLA-no-graph	DPA1	two_field	complete	1	1	1	2	DPA1*02:01:08:01	DPA1*02:01:01:01
NA19468	AFR	NA19468	asian_matched:DogoHLA-no-graph	DPA1	four_field	complete	0	0	0	0	DPA1*02:01:08:01	DPA1*02:01:01:01
NA19468	AFR	NA19468	asian_matched:DogoHLA-no-graph	DPB1	two_field	complete	1	1	0	0	DPB1*1147:01	DPB1*417:01:02
NA19468	AFR	NA19468	asian_matched:DogoHLA-no-graph	DPB1	four_field	complete	1	0	0	0	DPB1*1147:01	DPB1*417:01:02
NA19468	AFR	NA19468	asian_matched:DogoHLA-no-graph	DQA1	two_field	complete	1	1	1	2	DQA1*01:05:01:01	DQA1*01:03:03
NA19468	AFR	NA19468	asian_matched:DogoHLA-no-graph	DQA1	four_field	complete	0	0	0	0	DQA1*01:05:01:01	DQA1*01:03:03
NA19468	AFR	NA19468	asian_matched:DogoHLA-no-graph	DQB1	two_field	complete	1	1	1	2	DQB1*06:02:01:01	DQB1*05:01:01:02
NA19468	AFR	NA19468	asian_matched:DogoHLA-no-graph	DQB1	four_field	complete	1	1	0	1	DQB1*06:02:01:01	DQB1*05:01:01:02
NA19468	AFR	NA19468	asian_matched:DogoHLA-no-graph	DRB1	two_field	complete	1	1	1	2	DRB1*13:01:01:10	DRB1*10:01:01:03
NA19468	AFR	NA19468	asian_matched:DogoHLA-no-graph	DRB1	four_field	complete	0	0	0	0	DRB1*13:01:01:10	DRB1*10:01:01:03
HG03453	AFR	SL50	SpecHLA-IPD365-noFreq	A	two_field	complete	1	1	1	2	A*66:03:01:02	A*74:01:01:01
HG03453	AFR	SL50	SpecHLA-IPD365-noFreq	A	four_field	complete	1	1	1	2	A*66:03:01:02	A*74:01:01:01
HG03453	AFR	SL50	SpecHLA-IPD365-noFreq	B	two_field	complete	1	1	1	2	B*15:10:01:01	B*53:01:01:01
HG03453	AFR	SL50	SpecHLA-IPD365-noFreq	B	four_field	complete	0	0	0	0	B*15:10:01:01	B*53:01:01:01
HG03453	AFR	SL50	SpecHLA-IPD365-noFreq	C	two_field	complete	1	1	1	2	C*06:02:01:01	C*03:04:02:01
HG03453	AFR	SL50	SpecHLA-IPD365-noFreq	C	four_field	complete	0	0	0	0	C*06:02:01:01	C*03:04:02:01
HG03453	AFR	SL50	SpecHLA-IPD365-noFreq	DPA1	two_field	complete	1	1	1	2	DPA1*02:01:07:01	DPA1*02:01:08:01
HG03453	AFR	SL50	SpecHLA-IPD365-noFreq	DPA1	four_field	complete	1	1	0	1	DPA1*02:01:07:01	DPA1*02:01:08:01
HG03453	AFR	SL50	SpecHLA-IPD365-noFreq	DPB1	two_field	complete	1	1	1	2	DPB1*01:01:01:01	DPB1*13:01:01:03
HG03453	AFR	SL50	SpecHLA-IPD365-noFreq	DPB1	four_field	complete	0	0	0	0	DPB1*01:01:01:01	DPB1*13:01:01:03
HG03453	AFR	SL50	SpecHLA-IPD365-noFreq	DQA1	two_field	complete	1	1	1	2	DQA1*05:01:08:02	DQA1*03:03:01:01
HG03453	AFR	SL50	SpecHLA-IPD365-noFreq	DQA1	four_field	complete	0	0	0	0	DQA1*05:01:08:02	DQA1*03:03:01:01
HG03453	AFR	SL50	SpecHLA-IPD365-noFreq	DQB1	two_field	complete	1	1	1	2	DQB1*02:02:01:02	DQB1*02:01:01:01
HG03453	AFR	SL50	SpecHLA-IPD365-noFreq	DQB1	four_field	complete	1	1	1	2	DQB1*02:02:01:02	DQB1*02:01:01:01
HG03453	AFR	SL50	SpecHLA-IPD365-noFreq	DRB1	two_field	complete	1	1	0	1	DRB1*09:01:02:07	DRB1*03:194
HG03453	AFR	SL50	SpecHLA-IPD365-noFreq	DRB1	four_field	complete	0	0	0	0	DRB1*09:01:02:07	DRB1*03:194
HG03453	AFR	SL50	SpecHLA-IPD365-long-noFreq	A	two_field	complete	1	1	1	2	A*66:03:01:02	A*74:01:01:01
HG03453	AFR	SL50	SpecHLA-IPD365-long-noFreq	A	four_field	complete	1	1	1	2	A*66:03:01:02	A*74:01:01:01
HG03453	AFR	SL50	SpecHLA-IPD365-long-noFreq	B	two_field	complete	1	1	1	2	B*15:10:01:01	B*53:01:01:01
HG03453	AFR	SL50	SpecHLA-IPD365-long-noFreq	B	four_field	complete	0	0	0	0	B*15:10:01:01	B*53:01:01:01
HG03453	AFR	SL50	SpecHLA-IPD365-long-noFreq	C	two_field	complete	1	1	1	2	C*06:02:01:01	C*03:04:02:01
HG03453	AFR	SL50	SpecHLA-IPD365-long-noFreq	C	four_field	complete	0	0	0	0	C*06:02:01:01	C*03:04:02:01
HG03453	AFR	SL50	SpecHLA-IPD365-long-noFreq	DPA1	two_field	complete	1	1	1	2	DPA1*02:01:07:01	DPA1*02:01:08:01
HG03453	AFR	SL50	SpecHLA-IPD365-long-noFreq	DPA1	four_field	complete	1	1	0	1	DPA1*02:01:07:01	DPA1*02:01:08:01
HG03453	AFR	SL50	SpecHLA-IPD365-long-noFreq	DPB1	two_field	complete	1	1	1	2	DPB1*01:01:01:01	DPB1*13:01:01:03
HG03453	AFR	SL50	SpecHLA-IPD365-long-noFreq	DPB1	four_field	complete	0	0	0	0	DPB1*01:01:01:01	DPB1*13:01:01:03
HG03453	AFR	SL50	SpecHLA-IPD365-long-noFreq	DQA1	two_field	complete	1	1	1	2	DQA1*05:01:08:02	DQA1*03:03:01:01
HG03453	AFR	SL50	SpecHLA-IPD365-long-noFreq	DQA1	four_field	complete	0	0	0	0	DQA1*05:01:08:02	DQA1*03:03:01:01
HG03453	AFR	SL50	SpecHLA-IPD365-long-noFreq	DQB1	two_field	complete	1	1	1	2	DQB1*02:02:01:02	DQB1*02:01:01:01
HG03453	AFR	SL50	SpecHLA-IPD365-long-noFreq	DQB1	four_field	complete	1	1	1	2	DQB1*02:02:01:02	DQB1*02:01:01:01
HG03453	AFR	SL50	SpecHLA-IPD365-long-noFreq	DRB1	two_field	complete	1	1	1	2	DRB1*09:01:02:07	DRB1*03:01:01:04
HG03453	AFR	SL50	SpecHLA-IPD365-long-noFreq	DRB1	four_field	complete	0	0	0	0	DRB1*09:01:02:07	DRB1*03:01:01:04
HG03453	AFR	SL50	T1K-four-field	A	two_field	complete	1	1	1	2	A*66:03:01:02	A*74:01:01:01
HG03453	AFR	SL50	T1K-four-field	A	four_field	complete	1	1	1	2	A*66:03:01:02	A*74:01:01:01
HG03453	AFR	SL50	T1K-four-field	B	two_field	complete	1	1	1	2	B*53:01:01:01	B*15:10:01:01
HG03453	AFR	SL50	T1K-four-field	B	four_field	complete	0	0	0	0	B*53:01:01:01	B*15:10:01:01
HG03453	AFR	SL50	T1K-four-field	C	two_field	complete	1	1	1	2	C*03:04:02:01	C*06:02:01:01
HG03453	AFR	SL50	T1K-four-field	C	four_field	complete	0	0	0	0	C*03:04:02:01	C*06:02:01:01
HG03453	AFR	SL50	T1K-four-field	DPA1	two_field	complete	1	1	1	2	DPA1*02:01:07:01	DPA1*02:01:08:03
HG03453	AFR	SL50	T1K-four-field	DPA1	four_field	complete	1	1	1	2	DPA1*02:01:07:01	DPA1*02:01:08:03
HG03453	AFR	SL50	T1K-four-field	DPB1	two_field	complete	1	1	1	2	DPB1*13:01:01:03	DPB1*01:01:01:01
HG03453	AFR	SL50	T1K-four-field	DPB1	four_field	complete	0	0	0	0	DPB1*13:01:01:03	DPB1*01:01:01:01
HG03453	AFR	SL50	T1K-four-field	DQA1	two_field	complete	1	1	1	2	DQA1*05:01:01:01	DQA1*03:03:01:01
HG03453	AFR	SL50	T1K-four-field	DQA1	four_field	complete	0	0	0	0	DQA1*05:01:01:01	DQA1*03:03:01:01
HG03453	AFR	SL50	T1K-four-field	DQB1	two_field	complete	1	1	1	2	DQB1*02:02:01:02	DQB1*02:01:01:01
HG03453	AFR	SL50	T1K-four-field	DQB1	four_field	complete	1	1	1	2	DQB1*02:02:01:02	DQB1*02:01:01:01
HG03453	AFR	SL50	T1K-four-field	DRB1	two_field	complete	1	1	1	2	DRB1*03:01:01:02	DRB1*09:01:02:06
HG03453	AFR	SL50	T1K-four-field	DRB1	four_field	complete	0	0	0	0	DRB1*03:01:01:02	DRB1*09:01:02:06
HG03453	AFR	SL50	full:DogoHLA	A	two_field	complete	1	1	1	2	A*66:03:01:02	A*74:01:01:01
HG03453	AFR	SL50	full:DogoHLA	A	four_field	complete	1	1	1	2	A*66:03:01:02	A*74:01:01:01
HG03453	AFR	SL50	full:DogoHLA	B	two_field	complete	1	1	1	2	B*15:10:01:01	B*53:01:01:01
HG03453	AFR	SL50	full:DogoHLA	B	four_field	complete	0	0	0	0	B*15:10:01:01	B*53:01:01:01
HG03453	AFR	SL50	full:DogoHLA	C	two_field	complete	1	1	1	2	C*06:02:01:01	C*03:04:02:01
HG03453	AFR	SL50	full:DogoHLA	C	four_field	complete	0	0	0	0	C*06:02:01:01	C*03:04:02:01
HG03453	AFR	SL50	full:DogoHLA	DPA1	two_field	complete	1	1	1	2	DPA1*02:01:08:01	DPA1*02:01:07:01
HG03453	AFR	SL50	full:DogoHLA	DPA1	four_field	complete	1	1	0	1	DPA1*02:01:08:01	DPA1*02:01:07:01
HG03453	AFR	SL50	full:DogoHLA	DPB1	two_field	complete	1	1	1	2	DPB1*13:01:01:03	DPB1*01:01:01:01
HG03453	AFR	SL50	full:DogoHLA	DPB1	four_field	complete	0	0	0	0	DPB1*13:01:01:03	DPB1*01:01:01:01
HG03453	AFR	SL50	full:DogoHLA	DQA1	two_field	complete	1	1	1	2	DQA1*05:01:08:02	DQA1*03:03:01:01
HG03453	AFR	SL50	full:DogoHLA	DQA1	four_field	complete	0	0	0	0	DQA1*05:01:08:02	DQA1*03:03:01:01
HG03453	AFR	SL50	full:DogoHLA	DQB1	two_field	complete	1	1	1	2	DQB1*02:01:01:01	DQB1*02:02:01:02
HG03453	AFR	SL50	full:DogoHLA	DQB1	four_field	complete	1	1	1	2	DQB1*02:01:01:01	DQB1*02:02:01:02
HG03453	AFR	SL50	full:DogoHLA	DRB1	two_field	complete	1	1	1	2	DRB1*09:01:02:07	DRB1*03:01:01:02
HG03453	AFR	SL50	full:DogoHLA	DRB1	four_field	complete	0	0	0	0	DRB1*09:01:02:07	DRB1*03:01:01:02
HG03453	AFR	SL50	full:DogoHLA-no-graph	A	two_field	complete	1	1	1	2	A*66:03:01:02	A*74:01:01:01
HG03453	AFR	SL50	full:DogoHLA-no-graph	A	four_field	complete	1	1	1	2	A*66:03:01:02	A*74:01:01:01
HG03453	AFR	SL50	full:DogoHLA-no-graph	B	two_field	complete	1	1	1	2	B*15:10:01:01	B*53:01:01:01
HG03453	AFR	SL50	full:DogoHLA-no-graph	B	four_field	complete	0	0	0	0	B*15:10:01:01	B*53:01:01:01
HG03453	AFR	SL50	full:DogoHLA-no-graph	C	two_field	complete	1	1	1	2	C*06:02:01:01	C*03:04:02:01
HG03453	AFR	SL50	full:DogoHLA-no-graph	C	four_field	complete	0	0	0	0	C*06:02:01:01	C*03:04:02:01
HG03453	AFR	SL50	full:DogoHLA-no-graph	DPA1	two_field	complete	1	1	1	2	DPA1*02:01:08:01	DPA1*02:01:07:01
HG03453	AFR	SL50	full:DogoHLA-no-graph	DPA1	four_field	complete	1	1	0	1	DPA1*02:01:08:01	DPA1*02:01:07:01
HG03453	AFR	SL50	full:DogoHLA-no-graph	DPB1	two_field	complete	1	1	1	2	DPB1*13:01:01:03	DPB1*01:01:01:01
HG03453	AFR	SL50	full:DogoHLA-no-graph	DPB1	four_field	complete	0	0	0	0	DPB1*13:01:01:03	DPB1*01:01:01:01
HG03453	AFR	SL50	full:DogoHLA-no-graph	DQA1	two_field	complete	1	1	1	2	DQA1*05:01:08:02	DQA1*03:03:01:01
HG03453	AFR	SL50	full:DogoHLA-no-graph	DQA1	four_field	complete	0	0	0	0	DQA1*05:01:08:02	DQA1*03:03:01:01
HG03453	AFR	SL50	full:DogoHLA-no-graph	DQB1	two_field	complete	1	1	1	2	DQB1*02:01:01:01	DQB1*02:02:01:02
HG03453	AFR	SL50	full:DogoHLA-no-graph	DQB1	four_field	complete	1	1	1	2	DQB1*02:01:01:01	DQB1*02:02:01:02
HG03453	AFR	SL50	full:DogoHLA-no-graph	DRB1	two_field	complete	1	1	1	2	DRB1*09:01:02:07	DRB1*03:01:01:02
HG03453	AFR	SL50	full:DogoHLA-no-graph	DRB1	four_field	complete	0	0	0	0	DRB1*09:01:02:07	DRB1*03:01:01:02
HG03453	AFR	SL50	hprc:DogoHLA	A	two_field	complete	1	1	1	2	A*66:03:01:02	A*74:01:01:01
HG03453	AFR	SL50	hprc:DogoHLA	A	four_field	complete	1	1	1	2	A*66:03:01:02	A*74:01:01:01
HG03453	AFR	SL50	hprc:DogoHLA	B	two_field	complete	1	1	1	2	B*15:10:01:01	B*53:01:01:01
HG03453	AFR	SL50	hprc:DogoHLA	B	four_field	complete	0	0	0	0	B*15:10:01:01	B*53:01:01:01
HG03453	AFR	SL50	hprc:DogoHLA	C	two_field	complete	1	1	1	2	C*06:02:01:01	C*03:04:02:01
HG03453	AFR	SL50	hprc:DogoHLA	C	four_field	complete	0	0	0	0	C*06:02:01:01	C*03:04:02:01
HG03453	AFR	SL50	hprc:DogoHLA	DPA1	two_field	complete	1	1	1	2	DPA1*02:01:08:01	DPA1*02:01:07:01
HG03453	AFR	SL50	hprc:DogoHLA	DPA1	four_field	complete	1	1	0	1	DPA1*02:01:08:01	DPA1*02:01:07:01
HG03453	AFR	SL50	hprc:DogoHLA	DPB1	two_field	complete	1	1	1	2	DPB1*13:01:01:03	DPB1*01:01:01:01
HG03453	AFR	SL50	hprc:DogoHLA	DPB1	four_field	complete	0	0	0	0	DPB1*13:01:01:03	DPB1*01:01:01:01
HG03453	AFR	SL50	hprc:DogoHLA	DQA1	two_field	complete	1	1	1	2	DQA1*05:01:01:01	DQA1*03:03:01:01
HG03453	AFR	SL50	hprc:DogoHLA	DQA1	four_field	complete	0	0	0	0	DQA1*05:01:01:01	DQA1*03:03:01:01
HG03453	AFR	SL50	hprc:DogoHLA	DQB1	two_field	complete	1	1	1	2	DQB1*02:01:01:01	DQB1*02:02:01:02
HG03453	AFR	SL50	hprc:DogoHLA	DQB1	four_field	complete	1	1	1	2	DQB1*02:01:01:01	DQB1*02:02:01:02
HG03453	AFR	SL50	hprc:DogoHLA	DRB1	two_field	complete	1	1	1	2	DRB1*09:01:02:07	DRB1*03:01:01:02
HG03453	AFR	SL50	hprc:DogoHLA	DRB1	four_field	complete	0	0	0	0	DRB1*09:01:02:07	DRB1*03:01:01:02
HG03453	AFR	SL50	hprc:DogoHLA-no-graph	A	two_field	complete	1	1	1	2	A*66:03:01:02	A*74:01:01:01
HG03453	AFR	SL50	hprc:DogoHLA-no-graph	A	four_field	complete	1	1	1	2	A*66:03:01:02	A*74:01:01:01
HG03453	AFR	SL50	hprc:DogoHLA-no-graph	B	two_field	complete	1	1	1	2	B*15:10:01:01	B*53:01:01:01
HG03453	AFR	SL50	hprc:DogoHLA-no-graph	B	four_field	complete	0	0	0	0	B*15:10:01:01	B*53:01:01:01
HG03453	AFR	SL50	hprc:DogoHLA-no-graph	C	two_field	complete	1	1	1	2	C*06:02:01:01	C*03:04:02:01
HG03453	AFR	SL50	hprc:DogoHLA-no-graph	C	four_field	complete	0	0	0	0	C*06:02:01:01	C*03:04:02:01
HG03453	AFR	SL50	hprc:DogoHLA-no-graph	DPA1	two_field	complete	1	1	1	2	DPA1*02:01:08:01	DPA1*02:01:07:01
HG03453	AFR	SL50	hprc:DogoHLA-no-graph	DPA1	four_field	complete	1	1	0	1	DPA1*02:01:08:01	DPA1*02:01:07:01
HG03453	AFR	SL50	hprc:DogoHLA-no-graph	DPB1	two_field	complete	1	1	1	2	DPB1*13:01:01:03	DPB1*01:01:01:01
HG03453	AFR	SL50	hprc:DogoHLA-no-graph	DPB1	four_field	complete	0	0	0	0	DPB1*13:01:01:03	DPB1*01:01:01:01
HG03453	AFR	SL50	hprc:DogoHLA-no-graph	DQA1	two_field	complete	1	1	1	2	DQA1*05:01:01:01	DQA1*03:03:01:01
HG03453	AFR	SL50	hprc:DogoHLA-no-graph	DQA1	four_field	complete	0	0	0	0	DQA1*05:01:01:01	DQA1*03:03:01:01
HG03453	AFR	SL50	hprc:DogoHLA-no-graph	DQB1	two_field	complete	1	1	1	2	DQB1*02:01:01:01	DQB1*02:02:01:02
HG03453	AFR	SL50	hprc:DogoHLA-no-graph	DQB1	four_field	complete	1	1	1	2	DQB1*02:01:01:01	DQB1*02:02:01:02
HG03453	AFR	SL50	hprc:DogoHLA-no-graph	DRB1	two_field	complete	1	1	1	2	DRB1*09:01:02:07	DRB1*03:01:01:02
HG03453	AFR	SL50	hprc:DogoHLA-no-graph	DRB1	four_field	complete	0	0	0	0	DRB1*09:01:02:07	DRB1*03:01:01:02
HG03453	AFR	SL50	asian_matched:DogoHLA	A	two_field	complete	1	1	1	2	A*66:03:01:02	A*74:01:01:01
HG03453	AFR	SL50	asian_matched:DogoHLA	A	four_field	complete	1	1	1	2	A*66:03:01:02	A*74:01:01:01
HG03453	AFR	SL50	asian_matched:DogoHLA	B	two_field	complete	1	1	1	2	B*15:10:01:01	B*53:01:01:01
HG03453	AFR	SL50	asian_matched:DogoHLA	B	four_field	complete	0	0	0	0	B*15:10:01:01	B*53:01:01:01
HG03453	AFR	SL50	asian_matched:DogoHLA	C	two_field	complete	1	1	1	2	C*06:02:01:01	C*03:04:02:01
HG03453	AFR	SL50	asian_matched:DogoHLA	C	four_field	complete	0	0	0	0	C*06:02:01:01	C*03:04:02:01
HG03453	AFR	SL50	asian_matched:DogoHLA	DPA1	two_field	complete	1	1	1	2	DPA1*02:01:08:01	DPA1*02:01:07:01
HG03453	AFR	SL50	asian_matched:DogoHLA	DPA1	four_field	complete	1	1	0	1	DPA1*02:01:08:01	DPA1*02:01:07:01
HG03453	AFR	SL50	asian_matched:DogoHLA	DPB1	two_field	complete	1	1	1	2	DPB1*13:01:01:03	DPB1*01:01:01:01
HG03453	AFR	SL50	asian_matched:DogoHLA	DPB1	four_field	complete	0	0	0	0	DPB1*13:01:01:03	DPB1*01:01:01:01
HG03453	AFR	SL50	asian_matched:DogoHLA	DQA1	two_field	complete	1	1	1	2	DQA1*05:01:08:02	DQA1*03:03:01:01
HG03453	AFR	SL50	asian_matched:DogoHLA	DQA1	four_field	complete	0	0	0	0	DQA1*05:01:08:02	DQA1*03:03:01:01
HG03453	AFR	SL50	asian_matched:DogoHLA	DQB1	two_field	complete	1	1	1	2	DQB1*02:01:01:01	DQB1*02:02:01:02
HG03453	AFR	SL50	asian_matched:DogoHLA	DQB1	four_field	complete	1	1	1	2	DQB1*02:01:01:01	DQB1*02:02:01:02
HG03453	AFR	SL50	asian_matched:DogoHLA	DRB1	two_field	complete	1	1	0	1	DRB1*09:01:02:06	DRB1*03:194
HG03453	AFR	SL50	asian_matched:DogoHLA	DRB1	four_field	complete	0	0	0	0	DRB1*09:01:02:06	DRB1*03:194
HG03453	AFR	SL50	asian_matched:DogoHLA-no-graph	A	two_field	complete	1	1	1	2	A*66:03:01:02	A*74:01:01:01
HG03453	AFR	SL50	asian_matched:DogoHLA-no-graph	A	four_field	complete	1	1	1	2	A*66:03:01:02	A*74:01:01:01
HG03453	AFR	SL50	asian_matched:DogoHLA-no-graph	B	two_field	complete	1	1	1	2	B*15:10:01:01	B*53:01:01:01
HG03453	AFR	SL50	asian_matched:DogoHLA-no-graph	B	four_field	complete	0	0	0	0	B*15:10:01:01	B*53:01:01:01
HG03453	AFR	SL50	asian_matched:DogoHLA-no-graph	C	two_field	complete	1	1	1	2	C*06:02:01:01	C*03:04:02:01
HG03453	AFR	SL50	asian_matched:DogoHLA-no-graph	C	four_field	complete	0	0	0	0	C*06:02:01:01	C*03:04:02:01
HG03453	AFR	SL50	asian_matched:DogoHLA-no-graph	DPA1	two_field	complete	1	1	1	2	DPA1*02:01:08:01	DPA1*02:01:07:01
HG03453	AFR	SL50	asian_matched:DogoHLA-no-graph	DPA1	four_field	complete	1	1	0	1	DPA1*02:01:08:01	DPA1*02:01:07:01
HG03453	AFR	SL50	asian_matched:DogoHLA-no-graph	DPB1	two_field	complete	1	1	1	2	DPB1*13:01:01:03	DPB1*01:01:01:01
HG03453	AFR	SL50	asian_matched:DogoHLA-no-graph	DPB1	four_field	complete	0	0	0	0	DPB1*13:01:01:03	DPB1*01:01:01:01
HG03453	AFR	SL50	asian_matched:DogoHLA-no-graph	DQA1	two_field	complete	1	1	1	2	DQA1*05:01:08:02	DQA1*03:03:01:01
HG03453	AFR	SL50	asian_matched:DogoHLA-no-graph	DQA1	four_field	complete	0	0	0	0	DQA1*05:01:08:02	DQA1*03:03:01:01
HG03453	AFR	SL50	asian_matched:DogoHLA-no-graph	DQB1	two_field	complete	1	1	1	2	DQB1*02:01:01:01	DQB1*02:02:01:02
HG03453	AFR	SL50	asian_matched:DogoHLA-no-graph	DQB1	four_field	complete	1	1	1	2	DQB1*02:01:01:01	DQB1*02:02:01:02
HG03453	AFR	SL50	asian_matched:DogoHLA-no-graph	DRB1	two_field	complete	1	1	0	1	DRB1*09:01:02:06	DRB1*03:194
HG03453	AFR	SL50	asian_matched:DogoHLA-no-graph	DRB1	four_field	complete	0	0	0	0	DRB1*09:01:02:06	DRB1*03:194
HG03369	AFR	NG98	SpecHLA-IPD365-noFreq	A	two_field	complete	1	1	0	1	A*30:187:02	A*03:01:01:01
HG03369	AFR	NG98	SpecHLA-IPD365-noFreq	A	four_field	complete	1	0	0	1	A*30:187:02	A*03:01:01:01
HG03369	AFR	NG98	SpecHLA-IPD365-noFreq	B	two_field	complete	1	1	1	2	B*52:01:02:05	B*35:01:01:53
HG03369	AFR	NG98	SpecHLA-IPD365-noFreq	B	four_field	complete	0	0	0	0	B*52:01:02:05	B*35:01:01:53
HG03369	AFR	NG98	SpecHLA-IPD365-noFreq	C	two_field	complete	1	1	1	2	C*16:01:01:01	C*04:01:01:01
HG03369	AFR	NG98	SpecHLA-IPD365-noFreq	C	four_field	complete	1	1	0	1	C*16:01:01:01	C*04:01:01:01
HG03369	AFR	NG98	SpecHLA-IPD365-noFreq	DPA1	two_field	complete	1	1	1	2	DPA1*01:03:01:02	DPA1*02:02:02:01
HG03369	AFR	NG98	SpecHLA-IPD365-noFreq	DPA1	four_field	complete	0	0	0	0	DPA1*01:03:01:02	DPA1*02:02:02:01
HG03369	AFR	NG98	SpecHLA-IPD365-noFreq	DPB1	two_field	complete	1	1	1	2	DPB1*18:01:01:01	DPB1*01:01:01:01
HG03369	AFR	NG98	SpecHLA-IPD365-noFreq	DPB1	four_field	complete	0	0	0	0	DPB1*18:01:01:01	DPB1*01:01:01:01
HG03369	AFR	NG98	SpecHLA-IPD365-noFreq	DQA1	two_field	complete	1	1	1	2	DQA1*01:02:22	DQA1*01:03:01:01
HG03369	AFR	NG98	SpecHLA-IPD365-noFreq	DQA1	four_field	complete	1	0	0	0	DQA1*01:02:22	DQA1*01:03:01:01
HG03369	AFR	NG98	SpecHLA-IPD365-noFreq	DQB1	two_field	complete	1	1	1	2	DQB1*05:01:01:01	DQB1*05:02:01:04
HG03369	AFR	NG98	SpecHLA-IPD365-noFreq	DQB1	four_field	complete	1	1	0	1	DQB1*05:01:01:01	DQB1*05:02:01:04
HG03369	AFR	NG98	SpecHLA-IPD365-noFreq	DRB1	two_field	complete	1	1	0	1	DRB1*13:01:01:10	DRB1*13:16:01:01
HG03369	AFR	NG98	SpecHLA-IPD365-noFreq	DRB1	four_field	complete	0	0	0	0	DRB1*13:01:01:10	DRB1*13:16:01:01
HG03369	AFR	NG98	SpecHLA-IPD365-long-noFreq	A	two_field	complete	1	1	0	1	A*30:187:02	A*03:01:01:01
HG03369	AFR	NG98	SpecHLA-IPD365-long-noFreq	A	four_field	complete	1	0	0	1	A*30:187:02	A*03:01:01:01
HG03369	AFR	NG98	SpecHLA-IPD365-long-noFreq	B	two_field	complete	1	1	1	2	B*52:01:02:05	B*35:01:01:53
HG03369	AFR	NG98	SpecHLA-IPD365-long-noFreq	B	four_field	complete	0	0	0	0	B*52:01:02:05	B*35:01:01:53
HG03369	AFR	NG98	SpecHLA-IPD365-long-noFreq	C	two_field	complete	1	1	1	2	C*16:01:01:01	C*04:01:01:01
HG03369	AFR	NG98	SpecHLA-IPD365-long-noFreq	C	four_field	complete	1	1	0	1	C*16:01:01:01	C*04:01:01:01
HG03369	AFR	NG98	SpecHLA-IPD365-long-noFreq	DPA1	two_field	complete	1	1	1	2	DPA1*01:03:01:02	DPA1*02:02:02:01
HG03369	AFR	NG98	SpecHLA-IPD365-long-noFreq	DPA1	four_field	complete	0	0	0	0	DPA1*01:03:01:02	DPA1*02:02:02:01
HG03369	AFR	NG98	SpecHLA-IPD365-long-noFreq	DPB1	two_field	complete	1	1	1	2	DPB1*18:01:01:01	DPB1*01:01:01:01
HG03369	AFR	NG98	SpecHLA-IPD365-long-noFreq	DPB1	four_field	complete	0	0	0	0	DPB1*18:01:01:01	DPB1*01:01:01:01
HG03369	AFR	NG98	SpecHLA-IPD365-long-noFreq	DQA1	two_field	complete	1	1	1	2	DQA1*01:02:22	DQA1*01:03:01:01
HG03369	AFR	NG98	SpecHLA-IPD365-long-noFreq	DQA1	four_field	complete	1	0	0	0	DQA1*01:02:22	DQA1*01:03:01:01
HG03369	AFR	NG98	SpecHLA-IPD365-long-noFreq	DQB1	two_field	complete	1	1	1	2	DQB1*05:02:01:04	DQB1*05:01:01:01
HG03369	AFR	NG98	SpecHLA-IPD365-long-noFreq	DQB1	four_field	complete	1	1	0	1	DQB1*05:02:01:04	DQB1*05:01:01:01
HG03369	AFR	NG98	SpecHLA-IPD365-long-noFreq	DRB1	two_field	complete	1	1	1	2	DRB1*13:01:01:10	DRB1*13:02:01:07
HG03369	AFR	NG98	SpecHLA-IPD365-long-noFreq	DRB1	four_field	complete	0	0	0	0	DRB1*13:01:01:10	DRB1*13:02:01:07
HG03369	AFR	NG98	T1K-four-field	A	two_field	complete	1	1	1	2	A*03:01:01:01	A*30:01:01:01
HG03369	AFR	NG98	T1K-four-field	A	four_field	complete	1	1	1	2	A*03:01:01:01	A*30:01:01:01
HG03369	AFR	NG98	T1K-four-field	B	two_field	complete	1	1	1	2	B*35:01:01:01	B*52:01:02:01
HG03369	AFR	NG98	T1K-four-field	B	four_field	complete	0	0	0	0	B*35:01:01:01	B*52:01:02:01
HG03369	AFR	NG98	T1K-four-field	C	two_field	complete	1	1	1	2	C*16:01:01:01	C*04:01:01:01,HLA-C*04:01:01:32,HLA-C*04:01:01:129
HG03369	AFR	NG98	T1K-four-field	C	four_field	complete	1	1	0	1	C*16:01:01:01	C*04:01:01:01,HLA-C*04:01:01:32,HLA-C*04:01:01:129
HG03369	AFR	NG98	T1K-four-field	DPA1	two_field	complete	1	1	1	2	DPA1*02:02:02:01	DPA1*01:03:01:02
HG03369	AFR	NG98	T1K-four-field	DPA1	four_field	complete	0	0	0	0	DPA1*02:02:02:01	DPA1*01:03:01:02
HG03369	AFR	NG98	T1K-four-field	DPB1	two_field	complete	1	1	1	2	DPB1*01:01:01:01	DPB1*18:01:01:01
HG03369	AFR	NG98	T1K-four-field	DPB1	four_field	complete	0	0	0	0	DPB1*01:01:01:01	DPB1*18:01:01:01
HG03369	AFR	NG98	T1K-four-field	DQA1	two_field	complete	1	1	1	2	DQA1*01:02:01:04	DQA1*01:03:01:01
HG03369	AFR	NG98	T1K-four-field	DQA1	four_field	complete	1	1	0	1	DQA1*01:02:01:04	DQA1*01:03:01:01
HG03369	AFR	NG98	T1K-four-field	DQB1	two_field	complete	1	1	1	2	DQB1*05:01:01:01	DQB1*05:02:01:04
HG03369	AFR	NG98	T1K-four-field	DQB1	four_field	complete	1	1	0	1	DQB1*05:01:01:01	DQB1*05:02:01:04
HG03369	AFR	NG98	T1K-four-field	DRB1	two_field	complete	1	1	1	2	DRB1*13:02:01:01	DRB1*13:01:01:10
HG03369	AFR	NG98	T1K-four-field	DRB1	four_field	complete	0	0	0	0	DRB1*13:02:01:01	DRB1*13:01:01:10
HG03369	AFR	NG98	full:DogoHLA	A	two_field	complete	1	1	0	1	A*30:187:02	A*03:01:01:01
HG03369	AFR	NG98	full:DogoHLA	A	four_field	complete	1	0	0	1	A*30:187:02	A*03:01:01:01
HG03369	AFR	NG98	full:DogoHLA	B	two_field	complete	1	1	1	2	B*52:01:02:05	B*35:01:01:53
HG03369	AFR	NG98	full:DogoHLA	B	four_field	complete	0	0	0	0	B*52:01:02:05	B*35:01:01:53
HG03369	AFR	NG98	full:DogoHLA	C	two_field	complete	1	1	1	2	C*16:01:01:01	C*04:01:01:01
HG03369	AFR	NG98	full:DogoHLA	C	four_field	complete	1	1	0	1	C*16:01:01:01	C*04:01:01:01
HG03369	AFR	NG98	full:DogoHLA	DPA1	two_field	complete	1	1	1	2	DPA1*01:03:01:02	DPA1*02:02:02:01
HG03369	AFR	NG98	full:DogoHLA	DPA1	four_field	complete	0	0	0	0	DPA1*01:03:01:02	DPA1*02:02:02:01
HG03369	AFR	NG98	full:DogoHLA	DPB1	two_field	complete	1	1	1	2	DPB1*01:01:01:01	DPB1*18:01:01:01
HG03369	AFR	NG98	full:DogoHLA	DPB1	four_field	complete	0	0	0	0	DPB1*01:01:01:01	DPB1*18:01:01:01
HG03369	AFR	NG98	full:DogoHLA	DQA1	two_field	complete	1	1	1	2	DQA1*01:02:22	DQA1*01:03:01:01
HG03369	AFR	NG98	full:DogoHLA	DQA1	four_field	complete	1	0	0	0	DQA1*01:02:22	DQA1*01:03:01:01
HG03369	AFR	NG98	full:DogoHLA	DQB1	two_field	complete	1	1	1	2	DQB1*05:02:01:04	DQB1*05:01:01:01
HG03369	AFR	NG98	full:DogoHLA	DQB1	four_field	complete	1	1	0	1	DQB1*05:02:01:04	DQB1*05:01:01:01
HG03369	AFR	NG98	full:DogoHLA	DRB1	two_field	complete	1	1	1	2	DRB1*13:02:01:04	DRB1*13:01:01:10
HG03369	AFR	NG98	full:DogoHLA	DRB1	four_field	complete	0	0	0	0	DRB1*13:02:01:04	DRB1*13:01:01:10
HG03369	AFR	NG98	full:DogoHLA-no-graph	A	two_field	complete	1	1	0	1	A*30:187:02	A*03:01:01:01
HG03369	AFR	NG98	full:DogoHLA-no-graph	A	four_field	complete	1	0	0	1	A*30:187:02	A*03:01:01:01
HG03369	AFR	NG98	full:DogoHLA-no-graph	B	two_field	complete	1	1	1	2	B*52:01:02:05	B*35:01:01:53
HG03369	AFR	NG98	full:DogoHLA-no-graph	B	four_field	complete	0	0	0	0	B*52:01:02:05	B*35:01:01:53
HG03369	AFR	NG98	full:DogoHLA-no-graph	C	two_field	complete	1	1	1	2	C*16:01:01:01	C*04:01:01:01
HG03369	AFR	NG98	full:DogoHLA-no-graph	C	four_field	complete	1	1	0	1	C*16:01:01:01	C*04:01:01:01
HG03369	AFR	NG98	full:DogoHLA-no-graph	DPA1	two_field	complete	1	1	1	2	DPA1*01:03:01:02	DPA1*02:02:02:01
HG03369	AFR	NG98	full:DogoHLA-no-graph	DPA1	four_field	complete	0	0	0	0	DPA1*01:03:01:02	DPA1*02:02:02:01
HG03369	AFR	NG98	full:DogoHLA-no-graph	DPB1	two_field	complete	1	1	1	2	DPB1*01:01:01:01	DPB1*18:01:01:01
HG03369	AFR	NG98	full:DogoHLA-no-graph	DPB1	four_field	complete	0	0	0	0	DPB1*01:01:01:01	DPB1*18:01:01:01
HG03369	AFR	NG98	full:DogoHLA-no-graph	DQA1	two_field	complete	1	1	1	2	DQA1*01:02:22	DQA1*01:03:01:01
HG03369	AFR	NG98	full:DogoHLA-no-graph	DQA1	four_field	complete	1	0	0	0	DQA1*01:02:22	DQA1*01:03:01:01
HG03369	AFR	NG98	full:DogoHLA-no-graph	DQB1	two_field	complete	1	1	1	2	DQB1*05:02:01:04	DQB1*05:01:01:01
HG03369	AFR	NG98	full:DogoHLA-no-graph	DQB1	four_field	complete	1	1	0	1	DQB1*05:02:01:04	DQB1*05:01:01:01
HG03369	AFR	NG98	full:DogoHLA-no-graph	DRB1	two_field	complete	1	1	1	2	DRB1*13:02:01:04	DRB1*13:01:01:10
HG03369	AFR	NG98	full:DogoHLA-no-graph	DRB1	four_field	complete	0	0	0	0	DRB1*13:02:01:04	DRB1*13:01:01:10
HG03369	AFR	NG98	hprc:DogoHLA	A	two_field	complete	1	1	0	1	A*30:187:02	A*03:01:01:01
HG03369	AFR	NG98	hprc:DogoHLA	A	four_field	complete	1	0	0	1	A*30:187:02	A*03:01:01:01
HG03369	AFR	NG98	hprc:DogoHLA	B	two_field	complete	1	1	1	2	B*35:01:01:06	B*52:01:02:02
HG03369	AFR	NG98	hprc:DogoHLA	B	four_field	complete	0	0	0	0	B*35:01:01:06	B*52:01:02:02
HG03369	AFR	NG98	hprc:DogoHLA	C	two_field	complete	1	1	1	2	C*16:01:01:01	C*04:01:01:01
HG03369	AFR	NG98	hprc:DogoHLA	C	four_field	complete	1	1	0	1	C*16:01:01:01	C*04:01:01:01
HG03369	AFR	NG98	hprc:DogoHLA	DPA1	two_field	complete	1	1	1	2	DPA1*01:03:01:02	DPA1*02:02:02:01
HG03369	AFR	NG98	hprc:DogoHLA	DPA1	four_field	complete	0	0	0	0	DPA1*01:03:01:02	DPA1*02:02:02:01
HG03369	AFR	NG98	hprc:DogoHLA	DPB1	two_field	complete	1	1	1	2	DPB1*01:01:01:01	DPB1*18:01:01:01
HG03369	AFR	NG98	hprc:DogoHLA	DPB1	four_field	complete	0	0	0	0	DPB1*01:01:01:01	DPB1*18:01:01:01
HG03369	AFR	NG98	hprc:DogoHLA	DQA1	two_field	complete	1	1	1	2	DQA1*01:02:22	DQA1*01:03:01:01
HG03369	AFR	NG98	hprc:DogoHLA	DQA1	four_field	complete	1	0	0	0	DQA1*01:02:22	DQA1*01:03:01:01
HG03369	AFR	NG98	hprc:DogoHLA	DQB1	two_field	complete	1	1	1	2	DQB1*05:02:01:04	DQB1*05:01:01:01
HG03369	AFR	NG98	hprc:DogoHLA	DQB1	four_field	complete	1	1	0	1	DQB1*05:02:01:04	DQB1*05:01:01:01
HG03369	AFR	NG98	hprc:DogoHLA	DRB1	two_field	complete	1	1	1	2	DRB1*13:02:01:10	DRB1*13:01:01:10
HG03369	AFR	NG98	hprc:DogoHLA	DRB1	four_field	complete	0	0	0	0	DRB1*13:02:01:10	DRB1*13:01:01:10
HG03369	AFR	NG98	hprc:DogoHLA-no-graph	A	two_field	complete	1	1	0	1	A*30:187:02	A*03:01:01:01
HG03369	AFR	NG98	hprc:DogoHLA-no-graph	A	four_field	complete	1	0	0	1	A*30:187:02	A*03:01:01:01
HG03369	AFR	NG98	hprc:DogoHLA-no-graph	B	two_field	complete	1	1	1	2	B*35:01:01:06	B*52:01:02:02
HG03369	AFR	NG98	hprc:DogoHLA-no-graph	B	four_field	complete	0	0	0	0	B*35:01:01:06	B*52:01:02:02
HG03369	AFR	NG98	hprc:DogoHLA-no-graph	C	two_field	complete	1	1	1	2	C*16:01:01:01	C*04:01:01:01
HG03369	AFR	NG98	hprc:DogoHLA-no-graph	C	four_field	complete	1	1	0	1	C*16:01:01:01	C*04:01:01:01
HG03369	AFR	NG98	hprc:DogoHLA-no-graph	DPA1	two_field	complete	1	1	1	2	DPA1*01:03:01:02	DPA1*02:02:02:01
HG03369	AFR	NG98	hprc:DogoHLA-no-graph	DPA1	four_field	complete	0	0	0	0	DPA1*01:03:01:02	DPA1*02:02:02:01
HG03369	AFR	NG98	hprc:DogoHLA-no-graph	DPB1	two_field	complete	1	1	1	2	DPB1*01:01:01:01	DPB1*18:01:01:01
HG03369	AFR	NG98	hprc:DogoHLA-no-graph	DPB1	four_field	complete	0	0	0	0	DPB1*01:01:01:01	DPB1*18:01:01:01
HG03369	AFR	NG98	hprc:DogoHLA-no-graph	DQA1	two_field	complete	1	1	1	2	DQA1*01:02:22	DQA1*01:03:01:01
HG03369	AFR	NG98	hprc:DogoHLA-no-graph	DQA1	four_field	complete	1	0	0	0	DQA1*01:02:22	DQA1*01:03:01:01
HG03369	AFR	NG98	hprc:DogoHLA-no-graph	DQB1	two_field	complete	1	1	1	2	DQB1*05:02:01:04	DQB1*05:01:01:01
HG03369	AFR	NG98	hprc:DogoHLA-no-graph	DQB1	four_field	complete	1	1	0	1	DQB1*05:02:01:04	DQB1*05:01:01:01
HG03369	AFR	NG98	hprc:DogoHLA-no-graph	DRB1	two_field	complete	1	1	1	2	DRB1*13:02:01:10	DRB1*13:01:01:10
HG03369	AFR	NG98	hprc:DogoHLA-no-graph	DRB1	four_field	complete	0	0	0	0	DRB1*13:02:01:10	DRB1*13:01:01:10
HG03369	AFR	NG98	asian_matched:DogoHLA	A	two_field	complete	1	1	0	1	A*30:187:02	A*03:01:01:01
HG03369	AFR	NG98	asian_matched:DogoHLA	A	four_field	complete	1	0	0	1	A*30:187:02	A*03:01:01:01
HG03369	AFR	NG98	asian_matched:DogoHLA	B	two_field	complete	1	1	1	2	B*35:01:01:06	B*52:01:02:02
HG03369	AFR	NG98	asian_matched:DogoHLA	B	four_field	complete	0	0	0	0	B*35:01:01:06	B*52:01:02:02
HG03369	AFR	NG98	asian_matched:DogoHLA	C	two_field	complete	1	1	1	2	C*16:01:01:01	C*04:01:01:01
HG03369	AFR	NG98	asian_matched:DogoHLA	C	four_field	complete	1	1	0	1	C*16:01:01:01	C*04:01:01:01
HG03369	AFR	NG98	asian_matched:DogoHLA	DPA1	two_field	complete	1	1	1	2	DPA1*01:03:01:02	DPA1*02:02:02:01
HG03369	AFR	NG98	asian_matched:DogoHLA	DPA1	four_field	complete	0	0	0	0	DPA1*01:03:01:02	DPA1*02:02:02:01
HG03369	AFR	NG98	asian_matched:DogoHLA	DPB1	two_field	complete	1	1	1	2	DPB1*01:01:01:01	DPB1*18:01:01:01
HG03369	AFR	NG98	asian_matched:DogoHLA	DPB1	four_field	complete	0	0	0	0	DPB1*01:01:01:01	DPB1*18:01:01:01
HG03369	AFR	NG98	asian_matched:DogoHLA	DQA1	two_field	complete	1	1	1	2	DQA1*01:02:22	DQA1*01:03:01:01
HG03369	AFR	NG98	asian_matched:DogoHLA	DQA1	four_field	complete	1	0	0	0	DQA1*01:02:22	DQA1*01:03:01:01
HG03369	AFR	NG98	asian_matched:DogoHLA	DQB1	two_field	complete	1	1	1	2	DQB1*05:02:01:04	DQB1*05:01:01:01
HG03369	AFR	NG98	asian_matched:DogoHLA	DQB1	four_field	complete	1	1	0	1	DQB1*05:02:01:04	DQB1*05:01:01:01
HG03369	AFR	NG98	asian_matched:DogoHLA	DRB1	two_field	complete	1	1	1	2	DRB1*13:02:01:10	DRB1*13:01:01:10
HG03369	AFR	NG98	asian_matched:DogoHLA	DRB1	four_field	complete	0	0	0	0	DRB1*13:02:01:10	DRB1*13:01:01:10
HG03369	AFR	NG98	asian_matched:DogoHLA-no-graph	A	two_field	complete	1	1	0	1	A*30:187:02	A*03:01:01:01
HG03369	AFR	NG98	asian_matched:DogoHLA-no-graph	A	four_field	complete	1	0	0	1	A*30:187:02	A*03:01:01:01
HG03369	AFR	NG98	asian_matched:DogoHLA-no-graph	B	two_field	complete	1	1	1	2	B*35:01:01:06	B*52:01:02:02
HG03369	AFR	NG98	asian_matched:DogoHLA-no-graph	B	four_field	complete	0	0	0	0	B*35:01:01:06	B*52:01:02:02
HG03369	AFR	NG98	asian_matched:DogoHLA-no-graph	C	two_field	complete	1	1	1	2	C*16:01:01:01	C*04:01:01:01
HG03369	AFR	NG98	asian_matched:DogoHLA-no-graph	C	four_field	complete	1	1	0	1	C*16:01:01:01	C*04:01:01:01
HG03369	AFR	NG98	asian_matched:DogoHLA-no-graph	DPA1	two_field	complete	1	1	1	2	DPA1*01:03:01:02	DPA1*02:02:02:01
HG03369	AFR	NG98	asian_matched:DogoHLA-no-graph	DPA1	four_field	complete	0	0	0	0	DPA1*01:03:01:02	DPA1*02:02:02:01
HG03369	AFR	NG98	asian_matched:DogoHLA-no-graph	DPB1	two_field	complete	1	1	1	2	DPB1*01:01:01:01	DPB1*18:01:01:01
HG03369	AFR	NG98	asian_matched:DogoHLA-no-graph	DPB1	four_field	complete	0	0	0	0	DPB1*01:01:01:01	DPB1*18:01:01:01
HG03369	AFR	NG98	asian_matched:DogoHLA-no-graph	DQA1	two_field	complete	1	1	1	2	DQA1*01:02:22	DQA1*01:03:01:01
HG03369	AFR	NG98	asian_matched:DogoHLA-no-graph	DQA1	four_field	complete	1	0	0	0	DQA1*01:02:22	DQA1*01:03:01:01
HG03369	AFR	NG98	asian_matched:DogoHLA-no-graph	DQB1	two_field	complete	1	1	1	2	DQB1*05:02:01:04	DQB1*05:01:01:01
HG03369	AFR	NG98	asian_matched:DogoHLA-no-graph	DQB1	four_field	complete	1	1	0	1	DQB1*05:02:01:04	DQB1*05:01:01:01
HG03369	AFR	NG98	asian_matched:DogoHLA-no-graph	DRB1	two_field	complete	1	1	1	2	DRB1*13:02:01:10	DRB1*13:01:01:10
HG03369	AFR	NG98	asian_matched:DogoHLA-no-graph	DRB1	four_field	complete	0	0	0	0	DRB1*13:02:01:10	DRB1*13:01:01:10
NA19159	AFR	Y056	SpecHLA-IPD365-noFreq	A	two_field	complete	1	1	0	1	A*23:01:01:01	A*03:370
NA19159	AFR	Y056	SpecHLA-IPD365-noFreq	A	four_field	complete	1	0	0	1	A*23:01:01:01	A*03:370
NA19159	AFR	Y056	SpecHLA-IPD365-noFreq	B	two_field	complete	1	1	0	1	B*52:127	B*57:02:01:02
NA19159	AFR	Y056	SpecHLA-IPD365-noFreq	B	four_field	complete	0	0	0	0	B*52:127	B*57:02:01:02
NA19159	AFR	Y056	SpecHLA-IPD365-noFreq	C	two_field	complete	1	1	1	2	C*16:01:01:01	C*18:02:01:01
NA19159	AFR	Y056	SpecHLA-IPD365-noFreq	C	four_field	complete	1	1	1	2	C*16:01:01:01	C*18:02:01:01
NA19159	AFR	Y056	SpecHLA-IPD365-noFreq	DPA1	two_field	complete	1	1	1	2	DPA1*01:03:01:02	DPA1*02:02:02:01
NA19159	AFR	Y056	SpecHLA-IPD365-noFreq	DPA1	four_field	complete	0	0	0	0	DPA1*01:03:01:02	DPA1*02:02:02:01
NA19159	AFR	Y056	SpecHLA-IPD365-noFreq	DPB1	two_field	complete	1	1	1	2	DPB1*03:01:01:01	DPB1*01:01:01:01
NA19159	AFR	Y056	SpecHLA-IPD365-noFreq	DPB1	four_field	complete	1	1	0	1	DPB1*03:01:01:01	DPB1*01:01:01:01
NA19159	AFR	Y056	SpecHLA-IPD365-noFreq	DQA1	two_field	complete	1	1	1	2	DQA1*02:01:01:01	DQA1*01:03:01:01
NA19159	AFR	Y056	SpecHLA-IPD365-noFreq	DQA1	four_field	complete	1	1	0	1	DQA1*02:01:01:01	DQA1*01:03:01:01
NA19159	AFR	Y056	SpecHLA-IPD365-noFreq	DQB1	two_field	complete	1	1	1	2	DQB1*02:02:01:01	DQB1*06:03:01:02
NA19159	AFR	Y056	SpecHLA-IPD365-noFreq	DQB1	four_field	complete	1	1	1	2	DQB1*02:02:01:01	DQB1*06:03:01:02
NA19159	AFR	Y056	SpecHLA-IPD365-noFreq	DRB1	two_field	complete	0	0	0	0	DRB1*13:01:01:01	DRB1*07:01:01:02
NA19159	AFR	Y056	SpecHLA-IPD365-noFreq	DRB1	four_field	complete	0	0	0	0	DRB1*13:01:01:01	DRB1*07:01:01:02
NA19159	AFR	Y056	SpecHLA-IPD365-long-noFreq	A	two_field	complete	1	1	0	1	A*23:01:01:01	A*03:370
NA19159	AFR	Y056	SpecHLA-IPD365-long-noFreq	A	four_field	complete	1	0	0	1	A*23:01:01:01	A*03:370
NA19159	AFR	Y056	SpecHLA-IPD365-long-noFreq	B	two_field	complete	1	1	0	1	B*57:02:01:02	B*52:127
NA19159	AFR	Y056	SpecHLA-IPD365-long-noFreq	B	four_field	complete	0	0	0	0	B*57:02:01:02	B*52:127
NA19159	AFR	Y056	SpecHLA-IPD365-long-noFreq	C	two_field	complete	1	1	1	2	C*16:01:01:01	C*18:02:01:01
NA19159	AFR	Y056	SpecHLA-IPD365-long-noFreq	C	four_field	complete	1	1	1	2	C*16:01:01:01	C*18:02:01:01
NA19159	AFR	Y056	SpecHLA-IPD365-long-noFreq	DPA1	two_field	complete	1	1	1	2	DPA1*01:03:01:02	DPA1*02:02:02:01
NA19159	AFR	Y056	SpecHLA-IPD365-long-noFreq	DPA1	four_field	complete	0	0	0	0	DPA1*01:03:01:02	DPA1*02:02:02:01
NA19159	AFR	Y056	SpecHLA-IPD365-long-noFreq	DPB1	two_field	complete	1	1	1	2	DPB1*03:01:01:01	DPB1*01:01:01:01
NA19159	AFR	Y056	SpecHLA-IPD365-long-noFreq	DPB1	four_field	complete	1	1	0	1	DPB1*03:01:01:01	DPB1*01:01:01:01
NA19159	AFR	Y056	SpecHLA-IPD365-long-noFreq	DQA1	two_field	complete	1	1	1	2	DQA1*02:01:01:01	DQA1*01:03:01:01
NA19159	AFR	Y056	SpecHLA-IPD365-long-noFreq	DQA1	four_field	complete	1	1	0	1	DQA1*02:01:01:01	DQA1*01:03:01:01
NA19159	AFR	Y056	SpecHLA-IPD365-long-noFreq	DQB1	two_field	complete	1	1	1	2	DQB1*02:02:01:01	DQB1*06:03:01:02
NA19159	AFR	Y056	SpecHLA-IPD365-long-noFreq	DQB1	four_field	complete	1	1	1	2	DQB1*02:02:01:01	DQB1*06:03:01:02
NA19159	AFR	Y056	SpecHLA-IPD365-long-noFreq	DRB1	two_field	complete	0	0	0	0	DRB1*13:01:01:10	DRB1*07:01:01:04
NA19159	AFR	Y056	SpecHLA-IPD365-long-noFreq	DRB1	four_field	complete	0	0	0	0	DRB1*13:01:01:10	DRB1*07:01:01:04
NA19159	AFR	Y056	T1K-four-field	A	two_field	complete	1	1	1	2	A*23:01:01:01	A*03:01:01:05
NA19159	AFR	Y056	T1K-four-field	A	four_field	complete	1	1	1	2	A*23:01:01:01	A*03:01:01:05
NA19159	AFR	Y056	T1K-four-field	B	two_field	complete	1	1	1	2	B*57:02:01:01	B*52:01:02:01
NA19159	AFR	Y056	T1K-four-field	B	four_field	complete	0	0	0	0	B*57:02:01:01	B*52:01:02:01
NA19159	AFR	Y056	T1K-four-field	C	two_field	complete	1	1	1	2	C*18:02:01:01	C*16:01:01:01
NA19159	AFR	Y056	T1K-four-field	C	four_field	complete	1	1	1	2	C*18:02:01:01	C*16:01:01:01
NA19159	AFR	Y056	T1K-four-field	DPA1	two_field	complete	1	1	1	2	DPA1*01:03:01:03	DPA1*02:02:02:01
NA19159	AFR	Y056	T1K-four-field	DPA1	four_field	complete	0	0	0	0	DPA1*01:03:01:03	DPA1*02:02:02:01
NA19159	AFR	Y056	T1K-four-field	DPB1	two_field	complete	1	1	1	2	DPB1*01:01:01:31	DPB1*03:01:01:02
NA19159	AFR	Y056	T1K-four-field	DPB1	four_field	complete	1	1	0	0	DPB1*01:01:01:31	DPB1*03:01:01:02
NA19159	AFR	Y056	T1K-four-field	DQA1	two_field	complete	1	1	1	2	DQA1*01:03:01:01	DQA1*02:01:01:01
NA19159	AFR	Y056	T1K-four-field	DQA1	four_field	complete	1	1	0	1	DQA1*01:03:01:01	DQA1*02:01:01:01
NA19159	AFR	Y056	T1K-four-field	DQB1	two_field	complete	1	1	1	2	DQB1*06:03:01:01	DQB1*02:02:01:01
NA19159	AFR	Y056	T1K-four-field	DQB1	four_field	complete	1	1	0	1	DQB1*06:03:01:01	DQB1*02:02:01:01
NA19159	AFR	Y056	T1K-four-field	DRB1	two_field	complete	0	0	0	0	DRB1*07:01:01:01	DRB1*13:01:01:10
NA19159	AFR	Y056	T1K-four-field	DRB1	four_field	complete	0	0	0	0	DRB1*07:01:01:01	DRB1*13:01:01:10
NA19159	AFR	Y056	full:DogoHLA	A	two_field	complete	1	1	0	1	A*03:370	A*23:01:01:01
NA19159	AFR	Y056	full:DogoHLA	A	four_field	complete	1	0	0	1	A*03:370	A*23:01:01:01
NA19159	AFR	Y056	full:DogoHLA	B	two_field	complete	1	1	0	1	B*52:131	B*57:02:01:02
NA19159	AFR	Y056	full:DogoHLA	B	four_field	complete	0	0	0	0	B*52:131	B*57:02:01:02
NA19159	AFR	Y056	full:DogoHLA	C	two_field	complete	1	1	1	2	C*18:02:01:01	C*16:01:01:01
NA19159	AFR	Y056	full:DogoHLA	C	four_field	complete	1	1	1	2	C*18:02:01:01	C*16:01:01:01
NA19159	AFR	Y056	full:DogoHLA	DPA1	two_field	complete	1	1	1	2	DPA1*01:03:01:02	DPA1*02:02:02:01
NA19159	AFR	Y056	full:DogoHLA	DPA1	four_field	complete	0	0	0	0	DPA1*01:03:01:02	DPA1*02:02:02:01
NA19159	AFR	Y056	full:DogoHLA	DPB1	two_field	complete	1	1	1	2	DPB1*03:01:01:01	DPB1*01:01:01:01
NA19159	AFR	Y056	full:DogoHLA	DPB1	four_field	complete	1	1	0	1	DPB1*03:01:01:01	DPB1*01:01:01:01
NA19159	AFR	Y056	full:DogoHLA	DQA1	two_field	complete	1	1	1	2	DQA1*02:01:01:01	DQA1*01:03:01:01
NA19159	AFR	Y056	full:DogoHLA	DQA1	four_field	complete	1	1	0	1	DQA1*02:01:01:01	DQA1*01:03:01:01
NA19159	AFR	Y056	full:DogoHLA	DQB1	two_field	complete	1	1	1	2	DQB1*02:02:01:01	DQB1*06:03:01:02
NA19159	AFR	Y056	full:DogoHLA	DQB1	four_field	complete	1	1	1	2	DQB1*02:02:01:01	DQB1*06:03:01:02
NA19159	AFR	Y056	full:DogoHLA	DRB1	two_field	complete	0	0	0	0	DRB1*07:01:01:04	DRB1*13:01:01:20
NA19159	AFR	Y056	full:DogoHLA	DRB1	four_field	complete	0	0	0	0	DRB1*07:01:01:04	DRB1*13:01:01:20
NA19159	AFR	Y056	full:DogoHLA-no-graph	A	two_field	complete	1	1	0	1	A*03:370	A*23:01:01:01
NA19159	AFR	Y056	full:DogoHLA-no-graph	A	four_field	complete	1	0	0	1	A*03:370	A*23:01:01:01
NA19159	AFR	Y056	full:DogoHLA-no-graph	B	two_field	complete	1	1	0	1	B*52:127	B*57:02:01:02
NA19159	AFR	Y056	full:DogoHLA-no-graph	B	four_field	complete	0	0	0	0	B*52:127	B*57:02:01:02
NA19159	AFR	Y056	full:DogoHLA-no-graph	C	two_field	complete	1	1	1	2	C*18:02:01:01	C*16:01:01:01
NA19159	AFR	Y056	full:DogoHLA-no-graph	C	four_field	complete	1	1	1	2	C*18:02:01:01	C*16:01:01:01
NA19159	AFR	Y056	full:DogoHLA-no-graph	DPA1	two_field	complete	1	1	1	2	DPA1*01:03:01:02	DPA1*02:02:02:01
NA19159	AFR	Y056	full:DogoHLA-no-graph	DPA1	four_field	complete	0	0	0	0	DPA1*01:03:01:02	DPA1*02:02:02:01
NA19159	AFR	Y056	full:DogoHLA-no-graph	DPB1	two_field	complete	1	1	1	2	DPB1*03:01:01:01	DPB1*01:01:01:01
NA19159	AFR	Y056	full:DogoHLA-no-graph	DPB1	four_field	complete	1	1	0	1	DPB1*03:01:01:01	DPB1*01:01:01:01
NA19159	AFR	Y056	full:DogoHLA-no-graph	DQA1	two_field	complete	1	1	1	2	DQA1*02:01:01:01	DQA1*01:03:01:01
NA19159	AFR	Y056	full:DogoHLA-no-graph	DQA1	four_field	complete	1	1	0	1	DQA1*02:01:01:01	DQA1*01:03:01:01
NA19159	AFR	Y056	full:DogoHLA-no-graph	DQB1	two_field	complete	1	1	1	2	DQB1*02:02:01:01	DQB1*06:03:01:02
NA19159	AFR	Y056	full:DogoHLA-no-graph	DQB1	four_field	complete	1	1	1	2	DQB1*02:02:01:01	DQB1*06:03:01:02
NA19159	AFR	Y056	full:DogoHLA-no-graph	DRB1	two_field	complete	0	0	0	0	DRB1*07:01:01:04	DRB1*13:01:01:20
NA19159	AFR	Y056	full:DogoHLA-no-graph	DRB1	four_field	complete	0	0	0	0	DRB1*07:01:01:04	DRB1*13:01:01:20
NA19159	AFR	Y056	hprc:DogoHLA	A	two_field	complete	1	1	1	2	A*03:01:01:05	A*23:01:01:01
NA19159	AFR	Y056	hprc:DogoHLA	A	four_field	complete	1	1	1	2	A*03:01:01:05	A*23:01:01:01
NA19159	AFR	Y056	hprc:DogoHLA	B	two_field	complete	1	1	0	1	B*52:131	B*57:02:01:02
NA19159	AFR	Y056	hprc:DogoHLA	B	four_field	complete	0	0	0	0	B*52:131	B*57:02:01:02
NA19159	AFR	Y056	hprc:DogoHLA	C	two_field	complete	1	1	1	2	C*18:02:01:01	C*16:01:01:01
NA19159	AFR	Y056	hprc:DogoHLA	C	four_field	complete	1	1	1	2	C*18:02:01:01	C*16:01:01:01
NA19159	AFR	Y056	hprc:DogoHLA	DPA1	two_field	complete	1	1	1	2	DPA1*01:03:01:02	DPA1*02:02:02:01
NA19159	AFR	Y056	hprc:DogoHLA	DPA1	four_field	complete	0	0	0	0	DPA1*01:03:01:02	DPA1*02:02:02:01
NA19159	AFR	Y056	hprc:DogoHLA	DPB1	two_field	complete	1	1	1	2	DPB1*03:01:01:01	DPB1*01:01:01:01
NA19159	AFR	Y056	hprc:DogoHLA	DPB1	four_field	complete	1	1	0	1	DPB1*03:01:01:01	DPB1*01:01:01:01
NA19159	AFR	Y056	hprc:DogoHLA	DQA1	two_field	complete	1	1	1	2	DQA1*02:01:01:01	DQA1*01:03:01:01
NA19159	AFR	Y056	hprc:DogoHLA	DQA1	four_field	complete	1	1	0	1	DQA1*02:01:01:01	DQA1*01:03:01:01
NA19159	AFR	Y056	hprc:DogoHLA	DQB1	two_field	complete	1	1	1	2	DQB1*02:02:01:01	DQB1*06:03:01:02
NA19159	AFR	Y056	hprc:DogoHLA	DQB1	four_field	complete	1	1	1	2	DQB1*02:02:01:01	DQB1*06:03:01:02
NA19159	AFR	Y056	hprc:DogoHLA	DRB1	two_field	complete	0	0	0	0	DRB1*07:01:01:04	DRB1*13:01:01:20
NA19159	AFR	Y056	hprc:DogoHLA	DRB1	four_field	complete	0	0	0	0	DRB1*07:01:01:04	DRB1*13:01:01:20
NA19159	AFR	Y056	hprc:DogoHLA-no-graph	A	two_field	complete	1	1	1	2	A*03:01:01:05	A*23:01:01:01
NA19159	AFR	Y056	hprc:DogoHLA-no-graph	A	four_field	complete	1	1	1	2	A*03:01:01:05	A*23:01:01:01
NA19159	AFR	Y056	hprc:DogoHLA-no-graph	B	two_field	complete	1	1	0	1	B*52:127	B*57:02:01:02
NA19159	AFR	Y056	hprc:DogoHLA-no-graph	B	four_field	complete	0	0	0	0	B*52:127	B*57:02:01:02
NA19159	AFR	Y056	hprc:DogoHLA-no-graph	C	two_field	complete	1	1	1	2	C*18:02:01:01	C*16:01:01:01
NA19159	AFR	Y056	hprc:DogoHLA-no-graph	C	four_field	complete	1	1	1	2	C*18:02:01:01	C*16:01:01:01
NA19159	AFR	Y056	hprc:DogoHLA-no-graph	DPA1	two_field	complete	1	1	1	2	DPA1*01:03:01:02	DPA1*02:02:02:01
NA19159	AFR	Y056	hprc:DogoHLA-no-graph	DPA1	four_field	complete	0	0	0	0	DPA1*01:03:01:02	DPA1*02:02:02:01
NA19159	AFR	Y056	hprc:DogoHLA-no-graph	DPB1	two_field	complete	1	1	1	2	DPB1*03:01:01:01	DPB1*01:01:01:01
NA19159	AFR	Y056	hprc:DogoHLA-no-graph	DPB1	four_field	complete	1	1	0	1	DPB1*03:01:01:01	DPB1*01:01:01:01
NA19159	AFR	Y056	hprc:DogoHLA-no-graph	DQA1	two_field	complete	1	1	1	2	DQA1*02:01:01:01	DQA1*01:03:01:01
NA19159	AFR	Y056	hprc:DogoHLA-no-graph	DQA1	four_field	complete	1	1	0	1	DQA1*02:01:01:01	DQA1*01:03:01:01
NA19159	AFR	Y056	hprc:DogoHLA-no-graph	DQB1	two_field	complete	1	1	1	2	DQB1*02:02:01:01	DQB1*06:03:01:02
NA19159	AFR	Y056	hprc:DogoHLA-no-graph	DQB1	four_field	complete	1	1	1	2	DQB1*02:02:01:01	DQB1*06:03:01:02
NA19159	AFR	Y056	hprc:DogoHLA-no-graph	DRB1	two_field	complete	0	0	0	0	DRB1*07:01:01:04	DRB1*13:01:01:20
NA19159	AFR	Y056	hprc:DogoHLA-no-graph	DRB1	four_field	complete	0	0	0	0	DRB1*07:01:01:04	DRB1*13:01:01:20
NA19159	AFR	Y056	asian_matched:DogoHLA	A	two_field	complete	1	1	0	1	A*03:370	A*23:01:01:01
NA19159	AFR	Y056	asian_matched:DogoHLA	A	four_field	complete	1	0	0	1	A*03:370	A*23:01:01:01
NA19159	AFR	Y056	asian_matched:DogoHLA	B	two_field	complete	1	1	0	1	B*52:131	B*57:02:01:02
NA19159	AFR	Y056	asian_matched:DogoHLA	B	four_field	complete	0	0	0	0	B*52:131	B*57:02:01:02
NA19159	AFR	Y056	asian_matched:DogoHLA	C	two_field	complete	1	1	1	2	C*18:02:01:01	C*16:01:01:01
NA19159	AFR	Y056	asian_matched:DogoHLA	C	four_field	complete	1	1	1	2	C*18:02:01:01	C*16:01:01:01
NA19159	AFR	Y056	asian_matched:DogoHLA	DPA1	two_field	complete	1	1	1	2	DPA1*01:03:01:02	DPA1*02:02:02:01
NA19159	AFR	Y056	asian_matched:DogoHLA	DPA1	four_field	complete	0	0	0	0	DPA1*01:03:01:02	DPA1*02:02:02:01
NA19159	AFR	Y056	asian_matched:DogoHLA	DPB1	two_field	complete	1	1	1	2	DPB1*03:01:01:01	DPB1*01:01:01:01
NA19159	AFR	Y056	asian_matched:DogoHLA	DPB1	four_field	complete	1	1	0	1	DPB1*03:01:01:01	DPB1*01:01:01:01
NA19159	AFR	Y056	asian_matched:DogoHLA	DQA1	two_field	complete	1	1	1	2	DQA1*02:01:01:01	DQA1*01:03:01:01
NA19159	AFR	Y056	asian_matched:DogoHLA	DQA1	four_field	complete	1	1	0	1	DQA1*02:01:01:01	DQA1*01:03:01:01
NA19159	AFR	Y056	asian_matched:DogoHLA	DQB1	two_field	complete	1	1	1	2	DQB1*02:02:01:01	DQB1*06:03:01:02
NA19159	AFR	Y056	asian_matched:DogoHLA	DQB1	four_field	complete	1	1	1	2	DQB1*02:02:01:01	DQB1*06:03:01:02
NA19159	AFR	Y056	asian_matched:DogoHLA	DRB1	two_field	complete	0	0	0	0	DRB1*07:01:01:04	DRB1*13:01:01:20
NA19159	AFR	Y056	asian_matched:DogoHLA	DRB1	four_field	complete	0	0	0	0	DRB1*07:01:01:04	DRB1*13:01:01:20
NA19159	AFR	Y056	asian_matched:DogoHLA-no-graph	A	two_field	complete	1	1	0	1	A*03:370	A*23:01:01:01
NA19159	AFR	Y056	asian_matched:DogoHLA-no-graph	A	four_field	complete	1	0	0	1	A*03:370	A*23:01:01:01
NA19159	AFR	Y056	asian_matched:DogoHLA-no-graph	B	two_field	complete	1	1	0	1	B*52:131	B*57:02:01:02
NA19159	AFR	Y056	asian_matched:DogoHLA-no-graph	B	four_field	complete	0	0	0	0	B*52:131	B*57:02:01:02
NA19159	AFR	Y056	asian_matched:DogoHLA-no-graph	C	two_field	complete	1	1	1	2	C*18:02:01:01	C*16:01:01:01
NA19159	AFR	Y056	asian_matched:DogoHLA-no-graph	C	four_field	complete	1	1	1	2	C*18:02:01:01	C*16:01:01:01
NA19159	AFR	Y056	asian_matched:DogoHLA-no-graph	DPA1	two_field	complete	1	1	1	2	DPA1*01:03:01:02	DPA1*02:02:02:01
NA19159	AFR	Y056	asian_matched:DogoHLA-no-graph	DPA1	four_field	complete	0	0	0	0	DPA1*01:03:01:02	DPA1*02:02:02:01
NA19159	AFR	Y056	asian_matched:DogoHLA-no-graph	DPB1	two_field	complete	1	1	1	2	DPB1*03:01:01:01	DPB1*01:01:01:01
NA19159	AFR	Y056	asian_matched:DogoHLA-no-graph	DPB1	four_field	complete	1	1	0	1	DPB1*03:01:01:01	DPB1*01:01:01:01
NA19159	AFR	Y056	asian_matched:DogoHLA-no-graph	DQA1	two_field	complete	1	1	1	2	DQA1*02:01:01:01	DQA1*01:03:01:01
NA19159	AFR	Y056	asian_matched:DogoHLA-no-graph	DQA1	four_field	complete	1	1	0	1	DQA1*02:01:01:01	DQA1*01:03:01:01
NA19159	AFR	Y056	asian_matched:DogoHLA-no-graph	DQB1	two_field	complete	1	1	1	2	DQB1*02:02:01:01	DQB1*06:03:01:02
NA19159	AFR	Y056	asian_matched:DogoHLA-no-graph	DQB1	four_field	complete	1	1	1	2	DQB1*02:02:01:01	DQB1*06:03:01:02
NA19159	AFR	Y056	asian_matched:DogoHLA-no-graph	DRB1	two_field	complete	0	0	0	0	DRB1*07:01:01:04	DRB1*13:01:01:20
NA19159	AFR	Y056	asian_matched:DogoHLA-no-graph	DRB1	four_field	complete	0	0	0	0	DRB1*07:01:01:04	DRB1*13:01:01:20
HG02809	AFR	GB63	SpecHLA-IPD365-noFreq	A	two_field	complete	1	1	0	1	A*30:208N	A*26:01:01:13
HG02809	AFR	GB63	SpecHLA-IPD365-noFreq	A	four_field	complete	1	0	0	1	A*30:208N	A*26:01:01:13
HG02809	AFR	GB63	SpecHLA-IPD365-noFreq	B	two_field	complete	1	1	1	2	B*57:03:01:11	B*08:01:01:01
HG02809	AFR	GB63	SpecHLA-IPD365-noFreq	B	four_field	complete	0	0	0	0	B*57:03:01:11	B*08:01:01:01
HG02809	AFR	GB63	SpecHLA-IPD365-noFreq	C	two_field	complete	1	1	1	2	C*07:28	C*03:04:01:10
HG02809	AFR	GB63	SpecHLA-IPD365-noFreq	C	four_field	complete	0	0	0	0	C*07:28	C*03:04:01:10
HG02809	AFR	GB63	SpecHLA-IPD365-noFreq	DPA1	two_field	complete	1	1	1	2	DPA1*02:01:01:01	DPA1*02:01:01:01
HG02809	AFR	GB63	SpecHLA-IPD365-noFreq	DPA1	four_field	complete	0	0	0	0	DPA1*02:01:01:01	DPA1*02:01:01:01
HG02809	AFR	GB63	SpecHLA-IPD365-noFreq	DPB1	two_field	complete	1	1	1	2	DPB1*131:01:01:01	DPB1*17:01:01:01
HG02809	AFR	GB63	SpecHLA-IPD365-noFreq	DPB1	four_field	complete	1	1	1	2	DPB1*131:01:01:01	DPB1*17:01:01:01
HG02809	AFR	GB63	SpecHLA-IPD365-noFreq	DQA1	two_field	complete	1	1	1	2	DQA1*03:03:01:01	DQA1*05:05:01:51
HG02809	AFR	GB63	SpecHLA-IPD365-noFreq	DQA1	four_field	complete	0	0	0	0	DQA1*03:03:01:01	DQA1*05:05:01:51
HG02809	AFR	GB63	SpecHLA-IPD365-noFreq	DQB1	two_field	complete	1	1	1	2	DQB1*03:19:01:01	DQB1*03:02:01:01
HG02809	AFR	GB63	SpecHLA-IPD365-noFreq	DQB1	four_field	complete	1	1	1	2	DQB1*03:19:01:01	DQB1*03:02:01:01
HG02809	AFR	GB63	SpecHLA-IPD365-noFreq	DRB1	two_field	complete	1	1	0	1	DRB1*04:01:01:03	DRB1*11:03:01:01
HG02809	AFR	GB63	SpecHLA-IPD365-noFreq	DRB1	four_field	complete	0	0	0	0	DRB1*04:01:01:03	DRB1*11:03:01:01
HG02809	AFR	GB63	SpecHLA-IPD365-long-noFreq	A	two_field	complete	1	1	0	0	A*30:208N	A*26:130
HG02809	AFR	GB63	SpecHLA-IPD365-long-noFreq	A	four_field	complete	1	0	0	0	A*30:208N	A*26:130
HG02809	AFR	GB63	SpecHLA-IPD365-long-noFreq	B	two_field	complete	1	1	1	2	B*57:03:01:11	B*08:01:01:01
HG02809	AFR	GB63	SpecHLA-IPD365-long-noFreq	B	four_field	complete	0	0	0	0	B*57:03:01:11	B*08:01:01:01
HG02809	AFR	GB63	SpecHLA-IPD365-long-noFreq	C	two_field	complete	1	1	1	2	C*07:28	C*03:04:01:10
HG02809	AFR	GB63	SpecHLA-IPD365-long-noFreq	C	four_field	complete	0	0	0	0	C*07:28	C*03:04:01:10
HG02809	AFR	GB63	SpecHLA-IPD365-long-noFreq	DPA1	two_field	complete	1	1	1	2	DPA1*02:01:01:01	DPA1*02:01:01:01
HG02809	AFR	GB63	SpecHLA-IPD365-long-noFreq	DPA1	four_field	complete	0	0	0	0	DPA1*02:01:01:01	DPA1*02:01:01:01
HG02809	AFR	GB63	SpecHLA-IPD365-long-noFreq	DPB1	two_field	complete	1	1	1	2	DPB1*17:01:01:01	DPB1*131:01:01:01
HG02809	AFR	GB63	SpecHLA-IPD365-long-noFreq	DPB1	four_field	complete	1	1	1	2	DPB1*17:01:01:01	DPB1*131:01:01:01
HG02809	AFR	GB63	SpecHLA-IPD365-long-noFreq	DQA1	two_field	complete	1	1	1	2	DQA1*03:03:01:01	DQA1*05:05:01:51
HG02809	AFR	GB63	SpecHLA-IPD365-long-noFreq	DQA1	four_field	complete	0	0	0	0	DQA1*03:03:01:01	DQA1*05:05:01:51
HG02809	AFR	GB63	SpecHLA-IPD365-long-noFreq	DQB1	two_field	complete	1	1	1	2	DQB1*03:19:01:01	DQB1*03:02:01:01
HG02809	AFR	GB63	SpecHLA-IPD365-long-noFreq	DQB1	four_field	complete	1	1	1	2	DQB1*03:19:01:01	DQB1*03:02:01:01
HG02809	AFR	GB63	SpecHLA-IPD365-long-noFreq	DRB1	two_field	complete	1	1	0	1	DRB1*04:01:01:03	DRB1*11:03:01:01
HG02809	AFR	GB63	SpecHLA-IPD365-long-noFreq	DRB1	four_field	complete	0	0	0	0	DRB1*04:01:01:03	DRB1*11:03:01:01
HG02809	AFR	GB63	T1K-four-field	A	two_field	complete	1	1	1	2	A*26:01:01:13	A*30:02:01:02
HG02809	AFR	GB63	T1K-four-field	A	four_field	complete	1	1	1	2	A*26:01:01:13	A*30:02:01:02
HG02809	AFR	GB63	T1K-four-field	B	two_field	complete	1	1	1	2	B*08:01:01:01	B*57:03:01:02
HG02809	AFR	GB63	T1K-four-field	B	four_field	complete	0	0	0	0	B*08:01:01:01	B*57:03:01:02
HG02809	AFR	GB63	T1K-four-field	C	two_field	complete	1	1	1	2	C*07:28	C*03:04:01:01,HLA-C*03:04:01:68
HG02809	AFR	GB63	T1K-four-field	C	four_field	complete	0	0	0	0	C*07:28	C*03:04:01:01,HLA-C*03:04:01:68
HG02809	AFR	GB63	T1K-four-field	DPA1	two_field	complete	1	1	1	2	DPA1*02:01:01:01	DPA1*02:01:01:01
HG02809	AFR	GB63	T1K-four-field	DPA1	four_field	complete	0	0	0	0	DPA1*02:01:01:01	DPA1*02:01:01:01
HG02809	AFR	GB63	T1K-four-field	DPB1	two_field	complete	1	1	1	2	DPB1*131:01:01:01	DPB1*17:01:01:01
HG02809	AFR	GB63	T1K-four-field	DPB1	four_field	complete	1	1	1	2	DPB1*131:01:01:01	DPB1*17:01:01:01
HG02809	AFR	GB63	T1K-four-field	DQA1	two_field	complete	1	1	1	2	DQA1*03:03:01:01	DQA1*05:05:01:53
HG02809	AFR	GB63	T1K-four-field	DQA1	four_field	complete	0	0	0	0	DQA1*03:03:01:01	DQA1*05:05:01:53
HG02809	AFR	GB63	T1K-four-field	DQB1	two_field	complete	1	1	1	2	DQB1*03:02:01:01	DQB1*03:19:01:01
HG02809	AFR	GB63	T1K-four-field	DQB1	four_field	complete	1	1	1	2	DQB1*03:02:01:01	DQB1*03:19:01:01
HG02809	AFR	GB63	T1K-four-field	DRB1	two_field	complete	1	1	1	2	DRB1*13:04	DRB1*04:01:01:01
HG02809	AFR	GB63	T1K-four-field	DRB1	four_field	complete	0	0	0	0	DRB1*13:04	DRB1*04:01:01:01
HG02809	AFR	GB63	full:DogoHLA	A	two_field	complete	1	1	0	0	A*30:208N	A*26:130
HG02809	AFR	GB63	full:DogoHLA	A	four_field	complete	1	0	0	0	A*30:208N	A*26:130
HG02809	AFR	GB63	full:DogoHLA	B	two_field	complete	1	1	1	2	B*08:01:01:01	B*57:03:01:11
HG02809	AFR	GB63	full:DogoHLA	B	four_field	complete	0	0	0	0	B*08:01:01:01	B*57:03:01:11
HG02809	AFR	GB63	full:DogoHLA	C	two_field	complete	1	1	1	2	C*03:04:01:10	C*07:28
HG02809	AFR	GB63	full:DogoHLA	C	four_field	complete	0	0	0	0	C*03:04:01:10	C*07:28
HG02809	AFR	GB63	full:DogoHLA	DPA1	two_field	complete	1	1	1	2	DPA1*02:01:01:01	DPA1*02:01:01:01
HG02809	AFR	GB63	full:DogoHLA	DPA1	four_field	complete	0	0	0	0	DPA1*02:01:01:01	DPA1*02:01:01:01
HG02809	AFR	GB63	full:DogoHLA	DPB1	two_field	complete	1	1	1	2	DPB1*131:01:01:01	DPB1*17:01:01:01
HG02809	AFR	GB63	full:DogoHLA	DPB1	four_field	complete	1	1	1	2	DPB1*131:01:01:01	DPB1*17:01:01:01
HG02809	AFR	GB63	full:DogoHLA	DQA1	two_field	complete	1	1	1	2	DQA1*03:03:01:01	DQA1*05:05:01:51
HG02809	AFR	GB63	full:DogoHLA	DQA1	four_field	complete	0	0	0	0	DQA1*03:03:01:01	DQA1*05:05:01:51
HG02809	AFR	GB63	full:DogoHLA	DQB1	two_field	complete	1	1	1	2	DQB1*03:02:01:01	DQB1*03:19:01:01
HG02809	AFR	GB63	full:DogoHLA	DQB1	four_field	complete	1	1	1	2	DQB1*03:02:01:01	DQB1*03:19:01:01
HG02809	AFR	GB63	full:DogoHLA	DRB1	two_field	complete	1	1	0	1	DRB1*04:01:01:03	DRB1*11:03:01:01
HG02809	AFR	GB63	full:DogoHLA	DRB1	four_field	complete	0	0	0	0	DRB1*04:01:01:03	DRB1*11:03:01:01
HG02809	AFR	GB63	full:DogoHLA-no-graph	A	two_field	complete	1	1	0	1	A*30:208N	A*26:01:01:13
HG02809	AFR	GB63	full:DogoHLA-no-graph	A	four_field	complete	1	0	0	1	A*30:208N	A*26:01:01:13
HG02809	AFR	GB63	full:DogoHLA-no-graph	B	two_field	complete	1	1	1	2	B*08:01:01:01	B*57:03:01:11
HG02809	AFR	GB63	full:DogoHLA-no-graph	B	four_field	complete	0	0	0	0	B*08:01:01:01	B*57:03:01:11
HG02809	AFR	GB63	full:DogoHLA-no-graph	C	two_field	complete	1	1	1	2	C*03:04:01:10	C*07:28
HG02809	AFR	GB63	full:DogoHLA-no-graph	C	four_field	complete	0	0	0	0	C*03:04:01:10	C*07:28
HG02809	AFR	GB63	full:DogoHLA-no-graph	DPA1	two_field	complete	1	1	1	2	DPA1*02:01:01:01	DPA1*02:01:01:01
HG02809	AFR	GB63	full:DogoHLA-no-graph	DPA1	four_field	complete	0	0	0	0	DPA1*02:01:01:01	DPA1*02:01:01:01
HG02809	AFR	GB63	full:DogoHLA-no-graph	DPB1	two_field	complete	1	1	1	2	DPB1*131:01:01:01	DPB1*17:01:01:01
HG02809	AFR	GB63	full:DogoHLA-no-graph	DPB1	four_field	complete	1	1	1	2	DPB1*131:01:01:01	DPB1*17:01:01:01
HG02809	AFR	GB63	full:DogoHLA-no-graph	DQA1	two_field	complete	1	1	1	2	DQA1*03:03:01:01	DQA1*05:05:01:51
HG02809	AFR	GB63	full:DogoHLA-no-graph	DQA1	four_field	complete	0	0	0	0	DQA1*03:03:01:01	DQA1*05:05:01:51
HG02809	AFR	GB63	full:DogoHLA-no-graph	DQB1	two_field	complete	1	1	1	2	DQB1*03:02:01:01	DQB1*03:19:01:01
HG02809	AFR	GB63	full:DogoHLA-no-graph	DQB1	four_field	complete	1	1	1	2	DQB1*03:02:01:01	DQB1*03:19:01:01
HG02809	AFR	GB63	full:DogoHLA-no-graph	DRB1	two_field	complete	1	1	0	1	DRB1*04:01:01:03	DRB1*11:03:01:01
HG02809	AFR	GB63	full:DogoHLA-no-graph	DRB1	four_field	complete	0	0	0	0	DRB1*04:01:01:03	DRB1*11:03:01:01
HG02809	AFR	GB63	hprc:DogoHLA	A	two_field	complete	1	1	0	0	A*30:208N	A*26:130
HG02809	AFR	GB63	hprc:DogoHLA	A	four_field	complete	1	0	0	0	A*30:208N	A*26:130
HG02809	AFR	GB63	hprc:DogoHLA	B	two_field	complete	1	1	1	2	B*08:01:01:01	B*57:03:01:11
HG02809	AFR	GB63	hprc:DogoHLA	B	four_field	complete	0	0	0	0	B*08:01:01:01	B*57:03:01:11
HG02809	AFR	GB63	hprc:DogoHLA	C	two_field	complete	1	1	1	2	C*03:04:01:10	C*07:28
HG02809	AFR	GB63	hprc:DogoHLA	C	four_field	complete	0	0	0	0	C*03:04:01:10	C*07:28
HG02809	AFR	GB63	hprc:DogoHLA	DPA1	two_field	complete	1	1	1	2	DPA1*02:01:01:01	DPA1*02:01:01:01
HG02809	AFR	GB63	hprc:DogoHLA	DPA1	four_field	complete	0	0	0	0	DPA1*02:01:01:01	DPA1*02:01:01:01
HG02809	AFR	GB63	hprc:DogoHLA	DPB1	two_field	complete	1	1	1	2	DPB1*131:01:01:01	DPB1*17:01:01:01
HG02809	AFR	GB63	hprc:DogoHLA	DPB1	four_field	complete	1	1	1	2	DPB1*131:01:01:01	DPB1*17:01:01:01
HG02809	AFR	GB63	hprc:DogoHLA	DQA1	two_field	complete	1	1	1	2	DQA1*03:03:01:01	DQA1*05:05:01:51
HG02809	AFR	GB63	hprc:DogoHLA	DQA1	four_field	complete	0	0	0	0	DQA1*03:03:01:01	DQA1*05:05:01:51
HG02809	AFR	GB63	hprc:DogoHLA	DQB1	two_field	complete	1	1	1	2	DQB1*03:02:01:01	DQB1*03:19:01:01
HG02809	AFR	GB63	hprc:DogoHLA	DQB1	four_field	complete	1	1	1	2	DQB1*03:02:01:01	DQB1*03:19:01:01
HG02809	AFR	GB63	hprc:DogoHLA	DRB1	two_field	complete	1	1	0	1	DRB1*04:01:01:03	DRB1*11:03:01:01
HG02809	AFR	GB63	hprc:DogoHLA	DRB1	four_field	complete	0	0	0	0	DRB1*04:01:01:03	DRB1*11:03:01:01
HG02809	AFR	GB63	hprc:DogoHLA-no-graph	A	two_field	complete	1	1	0	1	A*30:208N	A*26:01:01:13
HG02809	AFR	GB63	hprc:DogoHLA-no-graph	A	four_field	complete	1	0	0	1	A*30:208N	A*26:01:01:13
HG02809	AFR	GB63	hprc:DogoHLA-no-graph	B	two_field	complete	1	1	1	2	B*08:01:01:01	B*57:03:01:11
HG02809	AFR	GB63	hprc:DogoHLA-no-graph	B	four_field	complete	0	0	0	0	B*08:01:01:01	B*57:03:01:11
HG02809	AFR	GB63	hprc:DogoHLA-no-graph	C	two_field	complete	1	1	1	2	C*03:04:01:10	C*07:28
HG02809	AFR	GB63	hprc:DogoHLA-no-graph	C	four_field	complete	0	0	0	0	C*03:04:01:10	C*07:28
HG02809	AFR	GB63	hprc:DogoHLA-no-graph	DPA1	two_field	complete	1	1	1	2	DPA1*02:01:01:01	DPA1*02:01:01:01
HG02809	AFR	GB63	hprc:DogoHLA-no-graph	DPA1	four_field	complete	0	0	0	0	DPA1*02:01:01:01	DPA1*02:01:01:01
HG02809	AFR	GB63	hprc:DogoHLA-no-graph	DPB1	two_field	complete	1	1	1	2	DPB1*131:01:01:01	DPB1*17:01:01:01
HG02809	AFR	GB63	hprc:DogoHLA-no-graph	DPB1	four_field	complete	1	1	1	2	DPB1*131:01:01:01	DPB1*17:01:01:01
HG02809	AFR	GB63	hprc:DogoHLA-no-graph	DQA1	two_field	complete	1	1	1	2	DQA1*03:03:01:01	DQA1*05:05:01:51
HG02809	AFR	GB63	hprc:DogoHLA-no-graph	DQA1	four_field	complete	0	0	0	0	DQA1*03:03:01:01	DQA1*05:05:01:51
HG02809	AFR	GB63	hprc:DogoHLA-no-graph	DQB1	two_field	complete	1	1	1	2	DQB1*03:02:01:01	DQB1*03:19:01:01
HG02809	AFR	GB63	hprc:DogoHLA-no-graph	DQB1	four_field	complete	1	1	1	2	DQB1*03:02:01:01	DQB1*03:19:01:01
HG02809	AFR	GB63	hprc:DogoHLA-no-graph	DRB1	two_field	complete	1	1	0	1	DRB1*04:01:01:03	DRB1*11:03:01:01
HG02809	AFR	GB63	hprc:DogoHLA-no-graph	DRB1	four_field	complete	0	0	0	0	DRB1*04:01:01:03	DRB1*11:03:01:01
HG02809	AFR	GB63	asian_matched:DogoHLA	A	two_field	complete	1	1	0	0	A*26:130	A*30:208N
HG02809	AFR	GB63	asian_matched:DogoHLA	A	four_field	complete	1	0	0	0	A*26:130	A*30:208N
HG02809	AFR	GB63	asian_matched:DogoHLA	B	two_field	complete	1	1	1	2	B*08:01:01:01	B*57:03:01:11
HG02809	AFR	GB63	asian_matched:DogoHLA	B	four_field	complete	0	0	0	0	B*08:01:01:01	B*57:03:01:11
HG02809	AFR	GB63	asian_matched:DogoHLA	C	two_field	complete	1	1	1	2	C*03:04:01:10	C*07:28
HG02809	AFR	GB63	asian_matched:DogoHLA	C	four_field	complete	0	0	0	0	C*03:04:01:10	C*07:28
HG02809	AFR	GB63	asian_matched:DogoHLA	DPA1	two_field	complete	1	1	1	2	DPA1*02:01:01:01	DPA1*02:01:01:01
HG02809	AFR	GB63	asian_matched:DogoHLA	DPA1	four_field	complete	0	0	0	0	DPA1*02:01:01:01	DPA1*02:01:01:01
HG02809	AFR	GB63	asian_matched:DogoHLA	DPB1	two_field	complete	1	1	1	2	DPB1*131:01:01:01	DPB1*17:01:01:01
HG02809	AFR	GB63	asian_matched:DogoHLA	DPB1	four_field	complete	1	1	1	2	DPB1*131:01:01:01	DPB1*17:01:01:01
HG02809	AFR	GB63	asian_matched:DogoHLA	DQA1	two_field	complete	1	1	1	2	DQA1*03:03:01:01	DQA1*05:05:01:51
HG02809	AFR	GB63	asian_matched:DogoHLA	DQA1	four_field	complete	0	0	0	0	DQA1*03:03:01:01	DQA1*05:05:01:51
HG02809	AFR	GB63	asian_matched:DogoHLA	DQB1	two_field	complete	1	1	1	2	DQB1*03:02:01:01	DQB1*03:19:01:01
HG02809	AFR	GB63	asian_matched:DogoHLA	DQB1	four_field	complete	1	1	1	2	DQB1*03:02:01:01	DQB1*03:19:01:01
HG02809	AFR	GB63	asian_matched:DogoHLA	DRB1	two_field	complete	1	1	0	1	DRB1*04:01:01:03	DRB1*11:03:01:01
HG02809	AFR	GB63	asian_matched:DogoHLA	DRB1	four_field	complete	0	0	0	0	DRB1*04:01:01:03	DRB1*11:03:01:01
HG02809	AFR	GB63	asian_matched:DogoHLA-no-graph	A	two_field	complete	1	1	0	1	A*26:01:01:13	A*30:208N
HG02809	AFR	GB63	asian_matched:DogoHLA-no-graph	A	four_field	complete	1	0	0	1	A*26:01:01:13	A*30:208N
HG02809	AFR	GB63	asian_matched:DogoHLA-no-graph	B	two_field	complete	1	1	1	2	B*08:01:01:01	B*57:03:01:11
HG02809	AFR	GB63	asian_matched:DogoHLA-no-graph	B	four_field	complete	0	0	0	0	B*08:01:01:01	B*57:03:01:11
HG02809	AFR	GB63	asian_matched:DogoHLA-no-graph	C	two_field	complete	1	1	1	2	C*03:04:01:10	C*07:28
HG02809	AFR	GB63	asian_matched:DogoHLA-no-graph	C	four_field	complete	0	0	0	0	C*03:04:01:10	C*07:28
HG02809	AFR	GB63	asian_matched:DogoHLA-no-graph	DPA1	two_field	complete	1	1	1	2	DPA1*02:01:01:01	DPA1*02:01:01:01
HG02809	AFR	GB63	asian_matched:DogoHLA-no-graph	DPA1	four_field	complete	0	0	0	0	DPA1*02:01:01:01	DPA1*02:01:01:01
HG02809	AFR	GB63	asian_matched:DogoHLA-no-graph	DPB1	two_field	complete	1	1	1	2	DPB1*131:01:01:01	DPB1*17:01:01:01
HG02809	AFR	GB63	asian_matched:DogoHLA-no-graph	DPB1	four_field	complete	1	1	1	2	DPB1*131:01:01:01	DPB1*17:01:01:01
HG02809	AFR	GB63	asian_matched:DogoHLA-no-graph	DQA1	two_field	complete	1	1	1	2	DQA1*03:03:01:01	DQA1*05:05:01:51
HG02809	AFR	GB63	asian_matched:DogoHLA-no-graph	DQA1	four_field	complete	0	0	0	0	DQA1*03:03:01:01	DQA1*05:05:01:51
HG02809	AFR	GB63	asian_matched:DogoHLA-no-graph	DQB1	two_field	complete	1	1	1	2	DQB1*03:02:01:01	DQB1*03:19:01:01
HG02809	AFR	GB63	asian_matched:DogoHLA-no-graph	DQB1	four_field	complete	1	1	1	2	DQB1*03:02:01:01	DQB1*03:19:01:01
HG02809	AFR	GB63	asian_matched:DogoHLA-no-graph	DRB1	two_field	complete	1	1	0	1	DRB1*04:01:01:03	DRB1*11:03:01:01
HG02809	AFR	GB63	asian_matched:DogoHLA-no-graph	DRB1	four_field	complete	0	0	0	0	DRB1*04:01:01:03	DRB1*11:03:01:01
HG02145	AFR	BB20	SpecHLA-IPD365-noFreq	A	two_field	complete	1	1	0	0	A*31:200	A*01:200
HG02145	AFR	BB20	SpecHLA-IPD365-noFreq	A	four_field	complete	1	0	0	0	A*31:200	A*01:200
HG02145	AFR	BB20	SpecHLA-IPD365-noFreq	B	two_field	complete	1	1	0	1	B*15:198	B*78:01:01:02
HG02145	AFR	BB20	SpecHLA-IPD365-noFreq	B	four_field	complete	0	0	0	0	B*15:198	B*78:01:01:02
HG02145	AFR	BB20	SpecHLA-IPD365-noFreq	C	two_field	complete	1	1	1	2	C*07:01:01:01	C*16:01:01:01
HG02145	AFR	BB20	SpecHLA-IPD365-noFreq	C	four_field	complete	1	1	0	1	C*07:01:01:01	C*16:01:01:01
HG02145	AFR	BB20	SpecHLA-IPD365-noFreq	DPA1	two_field	complete	1	1	0	1	DPA1*02:01:08:03	DPA1*02:07:04
HG02145	AFR	BB20	SpecHLA-IPD365-noFreq	DPA1	four_field	complete	0	0	0	0	DPA1*02:01:08:03	DPA1*02:07:04
HG02145	AFR	BB20	SpecHLA-IPD365-noFreq	DPB1	two_field	complete	1	1	1	2	DPB1*01:01:01:01	DPB1*131:01:01:01
HG02145	AFR	BB20	SpecHLA-IPD365-noFreq	DPB1	four_field	complete	1	1	0	1	DPB1*01:01:01:01	DPB1*131:01:01:01
HG02145	AFR	BB20	SpecHLA-IPD365-noFreq	DQA1	two_field	complete	1	1	1	2	DQA1*01:03:03	DQA1*01:02:01:01
HG02145	AFR	BB20	SpecHLA-IPD365-noFreq	DQA1	four_field	complete	1	0	0	0	DQA1*01:03:03	DQA1*01:02:01:01
HG02145	AFR	BB20	SpecHLA-IPD365-noFreq	DQB1	two_field	complete	1	1	1	2	DQB1*06:03:01:02	DQB1*06:02:01:01
HG02145	AFR	BB20	SpecHLA-IPD365-noFreq	DQB1	four_field	complete	1	1	1	2	DQB1*06:03:01:02	DQB1*06:02:01:01
HG02145	AFR	BB20	SpecHLA-IPD365-noFreq	DRB1	two_field	complete	1	1	0	0	DRB1*12:17	DRB1*15:01:01:33
HG02145	AFR	BB20	SpecHLA-IPD365-noFreq	DRB1	four_field	complete	0	0	0	0	DRB1*12:17	DRB1*15:01:01:33
HG02145	AFR	BB20	SpecHLA-IPD365-long-noFreq	A	two_field	complete	1	1	0	0	A*31:200	A*01:200
HG02145	AFR	BB20	SpecHLA-IPD365-long-noFreq	A	four_field	complete	1	0	0	0	A*31:200	A*01:200
HG02145	AFR	BB20	SpecHLA-IPD365-long-noFreq	B	two_field	complete	1	1	0	1	B*15:198	B*78:01:01:02
HG02145	AFR	BB20	SpecHLA-IPD365-long-noFreq	B	four_field	complete	0	0	0	0	B*15:198	B*78:01:01:02
HG02145	AFR	BB20	SpecHLA-IPD365-long-noFreq	C	two_field	complete	1	1	1	2	C*07:01:01:01	C*16:01:01:01
HG02145	AFR	BB20	SpecHLA-IPD365-long-noFreq	C	four_field	complete	1	1	0	1	C*07:01:01:01	C*16:01:01:01
HG02145	AFR	BB20	SpecHLA-IPD365-long-noFreq	DPA1	two_field	complete	1	1	0	1	DPA1*02:07:04	DPA1*02:01:08:03
HG02145	AFR	BB20	SpecHLA-IPD365-long-noFreq	DPA1	four_field	complete	0	0	0	0	DPA1*02:07:04	DPA1*02:01:08:03
HG02145	AFR	BB20	SpecHLA-IPD365-long-noFreq	DPB1	two_field	complete	1	1	1	2	DPB1*131:01:01:01	DPB1*01:01:01:01
HG02145	AFR	BB20	SpecHLA-IPD365-long-noFreq	DPB1	four_field	complete	1	1	0	1	DPB1*131:01:01:01	DPB1*01:01:01:01
HG02145	AFR	BB20	SpecHLA-IPD365-long-noFreq	DQA1	two_field	complete	1	1	1	2	DQA1*01:03:03	DQA1*01:02:01:01
HG02145	AFR	BB20	SpecHLA-IPD365-long-noFreq	DQA1	four_field	complete	1	0	0	0	DQA1*01:03:03	DQA1*01:02:01:01
HG02145	AFR	BB20	SpecHLA-IPD365-long-noFreq	DQB1	two_field	complete	1	1	1	2	DQB1*06:02:01:01	DQB1*06:03:01:02
HG02145	AFR	BB20	SpecHLA-IPD365-long-noFreq	DQB1	four_field	complete	1	1	1	2	DQB1*06:02:01:01	DQB1*06:03:01:02
HG02145	AFR	BB20	SpecHLA-IPD365-long-noFreq	DRB1	two_field	complete	1	1	0	0	DRB1*12:17	DRB1*15:01:01:33
HG02145	AFR	BB20	SpecHLA-IPD365-long-noFreq	DRB1	four_field	complete	0	0	0	0	DRB1*12:17	DRB1*15:01:01:33
HG02145	AFR	BB20	T1K-four-field	A	two_field	complete	1	1	1	2	A*01:01:01:01	A*33:01:01:01
HG02145	AFR	BB20	T1K-four-field	A	four_field	complete	1	1	1	2	A*01:01:01:01	A*33:01:01:01
HG02145	AFR	BB20	T1K-four-field	B	two_field	complete	1	1	1	2	B*78:01:01:02	B*15:18:01:01
HG02145	AFR	BB20	T1K-four-field	B	four_field	complete	0	0	0	0	B*78:01:01:02	B*15:18:01:01
HG02145	AFR	BB20	T1K-four-field	C	two_field	complete	1	1	1	2	C*16:01:01:01	C*07:01:01:01
HG02145	AFR	BB20	T1K-four-field	C	four_field	complete	1	1	0	1	C*16:01:01:01	C*07:01:01:01
HG02145	AFR	BB20	T1K-four-field	DPA1	two_field	complete	1	1	1	2	DPA1*02:01:01:01	DPA1*02:02:02:01
HG02145	AFR	BB20	T1K-four-field	DPA1	four_field	complete	0	0	0	0	DPA1*02:01:01:01	DPA1*02:02:02:01
HG02145	AFR	BB20	T1K-four-field	DPB1	two_field	complete	1	1	1	2	DPB1*01:01:01:01	DPB1*131:01:01:01
HG02145	AFR	BB20	T1K-four-field	DPB1	four_field	complete	1	1	0	1	DPB1*01:01:01:01	DPB1*131:01:01:01
HG02145	AFR	BB20	T1K-four-field	DQA1	two_field	complete	1	1	1	2	DQA1*01:02:01:01	DQA1*01:03:01:01
HG02145	AFR	BB20	T1K-four-field	DQA1	four_field	complete	1	1	0	0	DQA1*01:02:01:01	DQA1*01:03:01:01
HG02145	AFR	BB20	T1K-four-field	DQB1	two_field	complete	1	1	1	2	DQB1*06:02:01:01	DQB1*06:03:01:01,HLA-DQB1*06:03:01:10
HG02145	AFR	BB20	T1K-four-field	DQB1	four_field	complete	1	1	0	1	DQB1*06:02:01:01	DQB1*06:03:01:01,HLA-DQB1*06:03:01:10
HG02145	AFR	BB20	T1K-four-field	DRB1	two_field	complete	1	1	1	2	DRB1*13:01:01:10	DRB1*15:03:01:01
HG02145	AFR	BB20	T1K-four-field	DRB1	four_field	complete	0	0	0	0	DRB1*13:01:01:10	DRB1*15:03:01:01
HG02145	AFR	BB20	full:DogoHLA	A	two_field	complete	1	1	0	0	A*31:200	A*01:200
HG02145	AFR	BB20	full:DogoHLA	A	four_field	complete	1	0	0	0	A*31:200	A*01:200
HG02145	AFR	BB20	full:DogoHLA	B	two_field	complete	1	1	0	1	B*78:01:01:02	B*15:198
HG02145	AFR	BB20	full:DogoHLA	B	four_field	complete	0	0	0	0	B*78:01:01:02	B*15:198
HG02145	AFR	BB20	full:DogoHLA	C	two_field	complete	1	1	1	2	C*16:01:01:01	C*07:01:01:01
HG02145	AFR	BB20	full:DogoHLA	C	four_field	complete	1	1	0	1	C*16:01:01:01	C*07:01:01:01
HG02145	AFR	BB20	full:DogoHLA	DPA1	two_field	complete	1	1	1	2	DPA1*02:02:02:01	DPA1*02:01:01:01
HG02145	AFR	BB20	full:DogoHLA	DPA1	four_field	complete	0	0	0	0	DPA1*02:02:02:01	DPA1*02:01:01:01
HG02145	AFR	BB20	full:DogoHLA	DPB1	two_field	complete	1	1	1	2	DPB1*01:01:01:01	DPB1*131:01:01:01
HG02145	AFR	BB20	full:DogoHLA	DPB1	four_field	complete	1	1	0	1	DPB1*01:01:01:01	DPB1*131:01:01:01
HG02145	AFR	BB20	full:DogoHLA	DQA1	two_field	complete	1	1	1	2	DQA1*01:03:03	DQA1*01:02:01:01
HG02145	AFR	BB20	full:DogoHLA	DQA1	four_field	complete	1	0	0	0	DQA1*01:03:03	DQA1*01:02:01:01
HG02145	AFR	BB20	full:DogoHLA	DQB1	two_field	complete	1	1	1	2	DQB1*06:02:01:01	DQB1*06:03:01:02
HG02145	AFR	BB20	full:DogoHLA	DQB1	four_field	complete	1	1	1	2	DQB1*06:02:01:01	DQB1*06:03:01:02
HG02145	AFR	BB20	full:DogoHLA	DRB1	two_field	complete	1	1	0	1	DRB1*15:01:01:25	DRB1*13:01:01:20
HG02145	AFR	BB20	full:DogoHLA	DRB1	four_field	complete	0	0	0	0	DRB1*15:01:01:25	DRB1*13:01:01:20
HG02145	AFR	BB20	full:DogoHLA-no-graph	A	two_field	complete	1	1	0	0	A*31:200	A*01:200
HG02145	AFR	BB20	full:DogoHLA-no-graph	A	four_field	complete	1	0	0	0	A*31:200	A*01:200
HG02145	AFR	BB20	full:DogoHLA-no-graph	B	two_field	complete	1	1	0	1	B*78:01:01:02	B*15:198
HG02145	AFR	BB20	full:DogoHLA-no-graph	B	four_field	complete	0	0	0	0	B*78:01:01:02	B*15:198
HG02145	AFR	BB20	full:DogoHLA-no-graph	C	two_field	complete	1	1	1	2	C*16:01:01:01	C*07:01:01:01
HG02145	AFR	BB20	full:DogoHLA-no-graph	C	four_field	complete	1	1	0	1	C*16:01:01:01	C*07:01:01:01
HG02145	AFR	BB20	full:DogoHLA-no-graph	DPA1	two_field	complete	1	1	1	2	DPA1*02:02:02:01	DPA1*02:01:01:01
HG02145	AFR	BB20	full:DogoHLA-no-graph	DPA1	four_field	complete	0	0	0	0	DPA1*02:02:02:01	DPA1*02:01:01:01
HG02145	AFR	BB20	full:DogoHLA-no-graph	DPB1	two_field	complete	1	1	1	2	DPB1*01:01:01:01	DPB1*131:01:01:01
HG02145	AFR	BB20	full:DogoHLA-no-graph	DPB1	four_field	complete	1	1	0	1	DPB1*01:01:01:01	DPB1*131:01:01:01
HG02145	AFR	BB20	full:DogoHLA-no-graph	DQA1	two_field	complete	1	1	1	2	DQA1*01:03:03	DQA1*01:02:01:01
HG02145	AFR	BB20	full:DogoHLA-no-graph	DQA1	four_field	complete	1	0	0	0	DQA1*01:03:03	DQA1*01:02:01:01
HG02145	AFR	BB20	full:DogoHLA-no-graph	DQB1	two_field	complete	1	1	1	2	DQB1*06:02:01:01	DQB1*06:03:01:02
HG02145	AFR	BB20	full:DogoHLA-no-graph	DQB1	four_field	complete	1	1	1	2	DQB1*06:02:01:01	DQB1*06:03:01:02
HG02145	AFR	BB20	full:DogoHLA-no-graph	DRB1	two_field	complete	1	1	0	1	DRB1*15:01:01:25	DRB1*13:01:01:20
HG02145	AFR	BB20	full:DogoHLA-no-graph	DRB1	four_field	complete	0	0	0	0	DRB1*15:01:01:25	DRB1*13:01:01:20
HG02145	AFR	BB20	hprc:DogoHLA	A	two_field	complete	1	1	0	0	A*31:200	A*01:200
HG02145	AFR	BB20	hprc:DogoHLA	A	four_field	complete	1	0	0	0	A*31:200	A*01:200
HG02145	AFR	BB20	hprc:DogoHLA	B	two_field	complete	1	1	0	1	B*78:01:01:02	B*15:198
HG02145	AFR	BB20	hprc:DogoHLA	B	four_field	complete	0	0	0	0	B*78:01:01:02	B*15:198
HG02145	AFR	BB20	hprc:DogoHLA	C	two_field	complete	1	1	1	2	C*16:01:01:01	C*07:01:01:01
HG02145	AFR	BB20	hprc:DogoHLA	C	four_field	complete	1	1	0	1	C*16:01:01:01	C*07:01:01:01
HG02145	AFR	BB20	hprc:DogoHLA	DPA1	two_field	complete	1	1	1	2	DPA1*02:02:02:01	DPA1*02:01:01:01
HG02145	AFR	BB20	hprc:DogoHLA	DPA1	four_field	complete	0	0	0	0	DPA1*02:02:02:01	DPA1*02:01:01:01
HG02145	AFR	BB20	hprc:DogoHLA	DPB1	two_field	complete	1	1	1	2	DPB1*01:01:01:01	DPB1*131:01:01:01
HG02145	AFR	BB20	hprc:DogoHLA	DPB1	four_field	complete	1	1	0	1	DPB1*01:01:01:01	DPB1*131:01:01:01
HG02145	AFR	BB20	hprc:DogoHLA	DQA1	two_field	complete	1	1	1	2	DQA1*01:03:03	DQA1*01:02:01:01
HG02145	AFR	BB20	hprc:DogoHLA	DQA1	four_field	complete	1	0	0	0	DQA1*01:03:03	DQA1*01:02:01:01
HG02145	AFR	BB20	hprc:DogoHLA	DQB1	two_field	complete	1	1	1	2	DQB1*06:02:01:01	DQB1*06:03:01:02
HG02145	AFR	BB20	hprc:DogoHLA	DQB1	four_field	complete	1	1	1	2	DQB1*06:02:01:01	DQB1*06:03:01:02
HG02145	AFR	BB20	hprc:DogoHLA	DRB1	two_field	complete	1	1	0	1	DRB1*15:01:01:25	DRB1*13:01:01:20
HG02145	AFR	BB20	hprc:DogoHLA	DRB1	four_field	complete	0	0	0	0	DRB1*15:01:01:25	DRB1*13:01:01:20
HG02145	AFR	BB20	hprc:DogoHLA-no-graph	A	two_field	complete	1	1	0	0	A*31:200	A*01:200
HG02145	AFR	BB20	hprc:DogoHLA-no-graph	A	four_field	complete	1	0	0	0	A*31:200	A*01:200
HG02145	AFR	BB20	hprc:DogoHLA-no-graph	B	two_field	complete	1	1	0	1	B*78:01:01:02	B*15:198
HG02145	AFR	BB20	hprc:DogoHLA-no-graph	B	four_field	complete	0	0	0	0	B*78:01:01:02	B*15:198
HG02145	AFR	BB20	hprc:DogoHLA-no-graph	C	two_field	complete	1	1	1	2	C*16:01:01:01	C*07:01:01:01
HG02145	AFR	BB20	hprc:DogoHLA-no-graph	C	four_field	complete	1	1	0	1	C*16:01:01:01	C*07:01:01:01
HG02145	AFR	BB20	hprc:DogoHLA-no-graph	DPA1	two_field	complete	1	1	1	2	DPA1*02:02:02:01	DPA1*02:01:01:01
HG02145	AFR	BB20	hprc:DogoHLA-no-graph	DPA1	four_field	complete	0	0	0	0	DPA1*02:02:02:01	DPA1*02:01:01:01
HG02145	AFR	BB20	hprc:DogoHLA-no-graph	DPB1	two_field	complete	1	1	1	2	DPB1*01:01:01:01	DPB1*131:01:01:01
HG02145	AFR	BB20	hprc:DogoHLA-no-graph	DPB1	four_field	complete	1	1	0	1	DPB1*01:01:01:01	DPB1*131:01:01:01
HG02145	AFR	BB20	hprc:DogoHLA-no-graph	DQA1	two_field	complete	1	1	1	2	DQA1*01:03:03	DQA1*01:02:01:01
HG02145	AFR	BB20	hprc:DogoHLA-no-graph	DQA1	four_field	complete	1	0	0	0	DQA1*01:03:03	DQA1*01:02:01:01
HG02145	AFR	BB20	hprc:DogoHLA-no-graph	DQB1	two_field	complete	1	1	1	2	DQB1*06:02:01:01	DQB1*06:03:01:02
HG02145	AFR	BB20	hprc:DogoHLA-no-graph	DQB1	four_field	complete	1	1	1	2	DQB1*06:02:01:01	DQB1*06:03:01:02
HG02145	AFR	BB20	hprc:DogoHLA-no-graph	DRB1	two_field	complete	1	1	0	1	DRB1*15:01:01:25	DRB1*13:01:01:20
HG02145	AFR	BB20	hprc:DogoHLA-no-graph	DRB1	four_field	complete	0	0	0	0	DRB1*15:01:01:25	DRB1*13:01:01:20
HG02145	AFR	BB20	asian_matched:DogoHLA	A	two_field	complete	1	1	0	0	A*01:200	A*31:200
HG02145	AFR	BB20	asian_matched:DogoHLA	A	four_field	complete	1	0	0	0	A*01:200	A*31:200
HG02145	AFR	BB20	asian_matched:DogoHLA	B	two_field	complete	1	1	0	1	B*78:01:01:02	B*15:198
HG02145	AFR	BB20	asian_matched:DogoHLA	B	four_field	complete	0	0	0	0	B*78:01:01:02	B*15:198
HG02145	AFR	BB20	asian_matched:DogoHLA	C	two_field	complete	1	1	1	2	C*16:01:01:01	C*07:01:01:01
HG02145	AFR	BB20	asian_matched:DogoHLA	C	four_field	complete	1	1	0	1	C*16:01:01:01	C*07:01:01:01
HG02145	AFR	BB20	asian_matched:DogoHLA	DPA1	two_field	complete	1	1	1	2	DPA1*02:02:02:01	DPA1*02:01:01:01
HG02145	AFR	BB20	asian_matched:DogoHLA	DPA1	four_field	complete	0	0	0	0	DPA1*02:02:02:01	DPA1*02:01:01:01
HG02145	AFR	BB20	asian_matched:DogoHLA	DPB1	two_field	complete	1	1	1	2	DPB1*01:01:01:01	DPB1*131:01:01:01
HG02145	AFR	BB20	asian_matched:DogoHLA	DPB1	four_field	complete	1	1	0	1	DPB1*01:01:01:01	DPB1*131:01:01:01
HG02145	AFR	BB20	asian_matched:DogoHLA	DQA1	two_field	complete	1	1	1	2	DQA1*01:03:03	DQA1*01:02:01:01
HG02145	AFR	BB20	asian_matched:DogoHLA	DQA1	four_field	complete	1	0	0	0	DQA1*01:03:03	DQA1*01:02:01:01
HG02145	AFR	BB20	asian_matched:DogoHLA	DQB1	two_field	complete	1	1	1	2	DQB1*06:02:01:01	DQB1*06:03:01:02
HG02145	AFR	BB20	asian_matched:DogoHLA	DQB1	four_field	complete	1	1	1	2	DQB1*06:02:01:01	DQB1*06:03:01:02
HG02145	AFR	BB20	asian_matched:DogoHLA	DRB1	two_field	complete	1	1	0	1	DRB1*15:01:01:25	DRB1*13:01:01:20
HG02145	AFR	BB20	asian_matched:DogoHLA	DRB1	four_field	complete	0	0	0	0	DRB1*15:01:01:25	DRB1*13:01:01:20
HG02145	AFR	BB20	asian_matched:DogoHLA-no-graph	A	two_field	complete	1	1	0	0	A*01:200	A*31:200
HG02145	AFR	BB20	asian_matched:DogoHLA-no-graph	A	four_field	complete	1	0	0	0	A*01:200	A*31:200
HG02145	AFR	BB20	asian_matched:DogoHLA-no-graph	B	two_field	complete	1	1	0	1	B*78:01:01:02	B*15:198
HG02145	AFR	BB20	asian_matched:DogoHLA-no-graph	B	four_field	complete	0	0	0	0	B*78:01:01:02	B*15:198
HG02145	AFR	BB20	asian_matched:DogoHLA-no-graph	C	two_field	complete	1	1	1	2	C*16:01:01:01	C*07:01:01:01
HG02145	AFR	BB20	asian_matched:DogoHLA-no-graph	C	four_field	complete	1	1	0	1	C*16:01:01:01	C*07:01:01:01
HG02145	AFR	BB20	asian_matched:DogoHLA-no-graph	DPA1	two_field	complete	1	1	1	2	DPA1*02:02:02:01	DPA1*02:01:01:01
HG02145	AFR	BB20	asian_matched:DogoHLA-no-graph	DPA1	four_field	complete	0	0	0	0	DPA1*02:02:02:01	DPA1*02:01:01:01
HG02145	AFR	BB20	asian_matched:DogoHLA-no-graph	DPB1	two_field	complete	1	1	1	2	DPB1*01:01:01:01	DPB1*131:01:01:01
HG02145	AFR	BB20	asian_matched:DogoHLA-no-graph	DPB1	four_field	complete	1	1	0	1	DPB1*01:01:01:01	DPB1*131:01:01:01
HG02145	AFR	BB20	asian_matched:DogoHLA-no-graph	DQA1	two_field	complete	1	1	1	2	DQA1*01:03:03	DQA1*01:02:01:01
HG02145	AFR	BB20	asian_matched:DogoHLA-no-graph	DQA1	four_field	complete	1	0	0	0	DQA1*01:03:03	DQA1*01:02:01:01
HG02145	AFR	BB20	asian_matched:DogoHLA-no-graph	DQB1	two_field	complete	1	1	1	2	DQB1*06:02:01:01	DQB1*06:03:01:02
HG02145	AFR	BB20	asian_matched:DogoHLA-no-graph	DQB1	four_field	complete	1	1	1	2	DQB1*06:02:01:01	DQB1*06:03:01:02
HG02145	AFR	BB20	asian_matched:DogoHLA-no-graph	DRB1	two_field	complete	1	1	0	1	DRB1*15:01:01:25	DRB1*13:01:01:20
HG02145	AFR	BB20	asian_matched:DogoHLA-no-graph	DRB1	four_field	complete	0	0	0	0	DRB1*15:01:01:25	DRB1*13:01:01:20
NA19909	AFR	2427	SpecHLA-IPD365-noFreq	A	two_field	complete	1	1	0	1	A*30:01:01:01	A*30:228
NA19909	AFR	2427	SpecHLA-IPD365-noFreq	A	four_field	complete	1	0	0	1	A*30:01:01:01	A*30:228
NA19909	AFR	2427	SpecHLA-IPD365-noFreq	B	two_field	complete	1	1	1	2	B*42:01:01:01	B*42:01:01:01
NA19909	AFR	2427	SpecHLA-IPD365-noFreq	B	four_field	complete	1	1	1	2	B*42:01:01:01	B*42:01:01:01
NA19909	AFR	2427	SpecHLA-IPD365-noFreq	C	two_field	complete	1	1	0	1	C*17:51:02	C*17:01:01:02
NA19909	AFR	2427	SpecHLA-IPD365-noFreq	C	four_field	complete	1	0	0	1	C*17:51:02	C*17:01:01:02
NA19909	AFR	2427	SpecHLA-IPD365-noFreq	DPA1	two_field	complete	1	1	1	2	DPA1*02:02:02:01	DPA1*02:02:02:01
NA19909	AFR	2427	SpecHLA-IPD365-noFreq	DPA1	four_field	complete	0	0	0	0	DPA1*02:02:02:01	DPA1*02:02:02:01
NA19909	AFR	2427	SpecHLA-IPD365-noFreq	DPB1	two_field	complete	1	1	1	2	DPB1*01:01:01:01	DPB1*01:01:01:01
NA19909	AFR	2427	SpecHLA-IPD365-noFreq	DPB1	four_field	complete	1	1	0	0	DPB1*01:01:01:01	DPB1*01:01:01:01
NA19909	AFR	2427	SpecHLA-IPD365-noFreq	DQA1	two_field	complete	1	1	1	2	DQA1*04:01:01:14	DQA1*04:01:01:01
NA19909	AFR	2427	SpecHLA-IPD365-noFreq	DQA1	four_field	complete	1	1	0	0	DQA1*04:01:01:14	DQA1*04:01:01:01
NA19909	AFR	2427	SpecHLA-IPD365-noFreq	DQB1	two_field	complete	1	1	1	2	DQB1*04:02:01:08	DQB1*04:02:01:08
NA19909	AFR	2427	SpecHLA-IPD365-noFreq	DQB1	four_field	complete	1	1	1	2	DQB1*04:02:01:08	DQB1*04:02:01:08
NA19909	AFR	2427	SpecHLA-IPD365-noFreq	DRB1	two_field	complete	1	1	1	2	DRB1*03:02:01:01	DRB1*03:02:01:01
NA19909	AFR	2427	SpecHLA-IPD365-noFreq	DRB1	four_field	complete	0	0	0	0	DRB1*03:02:01:01	DRB1*03:02:01:01
NA19909	AFR	2427	SpecHLA-IPD365-long-noFreq	A	two_field	complete	1	1	0	1	A*30:01:01:01	A*30:228
NA19909	AFR	2427	SpecHLA-IPD365-long-noFreq	A	four_field	complete	1	0	0	1	A*30:01:01:01	A*30:228
NA19909	AFR	2427	SpecHLA-IPD365-long-noFreq	B	two_field	complete	1	1	1	2	B*42:01:01:01	B*42:01:01:01
NA19909	AFR	2427	SpecHLA-IPD365-long-noFreq	B	four_field	complete	1	1	1	2	B*42:01:01:01	B*42:01:01:01
NA19909	AFR	2427	SpecHLA-IPD365-long-noFreq	C	two_field	complete	1	1	0	1	C*17:51:02	C*17:01:01:02
NA19909	AFR	2427	SpecHLA-IPD365-long-noFreq	C	four_field	complete	1	0	0	1	C*17:51:02	C*17:01:01:02
NA19909	AFR	2427	SpecHLA-IPD365-long-noFreq	DPA1	two_field	complete	1	1	1	2	DPA1*02:02:02:01	DPA1*02:02:02:01
NA19909	AFR	2427	SpecHLA-IPD365-long-noFreq	DPA1	four_field	complete	0	0	0	0	DPA1*02:02:02:01	DPA1*02:02:02:01
NA19909	AFR	2427	SpecHLA-IPD365-long-noFreq	DPB1	two_field	complete	1	1	1	2	DPB1*01:01:01:01	DPB1*01:01:01:01
NA19909	AFR	2427	SpecHLA-IPD365-long-noFreq	DPB1	four_field	complete	1	1	0	0	DPB1*01:01:01:01	DPB1*01:01:01:01
NA19909	AFR	2427	SpecHLA-IPD365-long-noFreq	DQA1	two_field	complete	1	1	1	2	DQA1*04:01:01:14	DQA1*04:01:01:01
NA19909	AFR	2427	SpecHLA-IPD365-long-noFreq	DQA1	four_field	complete	1	1	0	0	DQA1*04:01:01:14	DQA1*04:01:01:01
NA19909	AFR	2427	SpecHLA-IPD365-long-noFreq	DQB1	two_field	complete	1	1	0	1	DQB1*04:02:01:08	DQB1*04:57
NA19909	AFR	2427	SpecHLA-IPD365-long-noFreq	DQB1	four_field	complete	1	0	0	1	DQB1*04:02:01:08	DQB1*04:57
NA19909	AFR	2427	SpecHLA-IPD365-long-noFreq	DRB1	two_field	complete	1	1	1	2	DRB1*03:02:01:01	DRB1*03:02:01:01
NA19909	AFR	2427	SpecHLA-IPD365-long-noFreq	DRB1	four_field	complete	0	0	0	0	DRB1*03:02:01:01	DRB1*03:02:01:01
NA19909	AFR	2427	T1K-four-field	A	two_field	complete	1	1	1	2	A*30:01:01:01	A*30:01:01:01
NA19909	AFR	2427	T1K-four-field	A	four_field	complete	1	1	1	2	A*30:01:01:01	A*30:01:01:01
NA19909	AFR	2427	T1K-four-field	B	two_field	complete	1	1	1	2	B*42:01:01:01	B*42:01:01:01
NA19909	AFR	2427	T1K-four-field	B	four_field	complete	1	1	1	2	B*42:01:01:01	B*42:01:01:01
NA19909	AFR	2427	T1K-four-field	C	two_field	complete	1	1	1	2	C*17:01:01:02	C*17:01:01:02
NA19909	AFR	2427	T1K-four-field	C	four_field	complete	1	1	1	2	C*17:01:01:02	C*17:01:01:02
NA19909	AFR	2427	T1K-four-field	DPA1	two_field	complete	1	1	1	2	DPA1*02:02:02:01	DPA1*02:02:02:01
NA19909	AFR	2427	T1K-four-field	DPA1	four_field	complete	0	0	0	0	DPA1*02:02:02:01	DPA1*02:02:02:01
NA19909	AFR	2427	T1K-four-field	DPB1	two_field	complete	1	1	1	2	DPB1*01:01:01:01	DPB1*01:01:01:01
NA19909	AFR	2427	T1K-four-field	DPB1	four_field	complete	1	1	0	0	DPB1*01:01:01:01	DPB1*01:01:01:01
NA19909	AFR	2427	T1K-four-field	DQA1	two_field	complete	1	1	1	2	DQA1*04:01:01:01	DQA1*04:01:01:01
NA19909	AFR	2427	T1K-four-field	DQA1	four_field	complete	1	1	0	0	DQA1*04:01:01:01	DQA1*04:01:01:01
NA19909	AFR	2427	T1K-four-field	DQB1	two_field	complete	1	1	1	2	DQB1*04:02:01:04	DQB1*04:02:01:04
NA19909	AFR	2427	T1K-four-field	DQB1	four_field	complete	1	1	0	0	DQB1*04:02:01:04	DQB1*04:02:01:04
NA19909	AFR	2427	T1K-four-field	DRB1	two_field	complete	1	1	1	2	DRB1*03:02:01:01	DRB1*03:02:01:01
NA19909	AFR	2427	T1K-four-field	DRB1	four_field	complete	0	0	0	0	DRB1*03:02:01:01	DRB1*03:02:01:01
NA19909	AFR	2427	full:DogoHLA	A	two_field	complete	1	1	0	1	A*30:01:01:01	A*30:228
NA19909	AFR	2427	full:DogoHLA	A	four_field	complete	1	0	0	1	A*30:01:01:01	A*30:228
NA19909	AFR	2427	full:DogoHLA	B	two_field	complete	1	1	1	2	B*42:01:01:01	B*42:01:01:01
NA19909	AFR	2427	full:DogoHLA	B	four_field	complete	1	1	1	2	B*42:01:01:01	B*42:01:01:01
NA19909	AFR	2427	full:DogoHLA	C	two_field	complete	1	1	0	1	C*17:51:02	C*17:01:01:02
NA19909	AFR	2427	full:DogoHLA	C	four_field	complete	1	0	0	1	C*17:51:02	C*17:01:01:02
NA19909	AFR	2427	full:DogoHLA	DPA1	two_field	complete	1	1	1	2	DPA1*02:02:02:01	DPA1*02:02:02:01
NA19909	AFR	2427	full:DogoHLA	DPA1	four_field	complete	0	0	0	0	DPA1*02:02:02:01	DPA1*02:02:02:01
NA19909	AFR	2427	full:DogoHLA	DPB1	two_field	complete	1	1	1	2	DPB1*01:01:01:01	DPB1*01:01:01:01
NA19909	AFR	2427	full:DogoHLA	DPB1	four_field	complete	1	1	0	0	DPB1*01:01:01:01	DPB1*01:01:01:01
NA19909	AFR	2427	full:DogoHLA	DQA1	two_field	complete	1	1	1	2	DQA1*04:01:01:14	DQA1*04:01:01:01
NA19909	AFR	2427	full:DogoHLA	DQA1	four_field	complete	1	1	0	0	DQA1*04:01:01:14	DQA1*04:01:01:01
NA19909	AFR	2427	full:DogoHLA	DQB1	two_field	complete	1	1	1	2	DQB1*04:02:01:08	DQB1*04:02:01:08
NA19909	AFR	2427	full:DogoHLA	DQB1	four_field	complete	1	1	1	2	DQB1*04:02:01:08	DQB1*04:02:01:08
NA19909	AFR	2427	full:DogoHLA	DRB1	two_field	complete	1	1	1	2	DRB1*03:02:01:01	DRB1*03:02:01:01
NA19909	AFR	2427	full:DogoHLA	DRB1	four_field	complete	0	0	0	0	DRB1*03:02:01:01	DRB1*03:02:01:01
NA19909	AFR	2427	full:DogoHLA-no-graph	A	two_field	complete	1	1	0	0	A*30:187:02	A*30:228
NA19909	AFR	2427	full:DogoHLA-no-graph	A	four_field	complete	1	0	0	0	A*30:187:02	A*30:228
NA19909	AFR	2427	full:DogoHLA-no-graph	B	two_field	complete	1	1	1	2	B*42:01:01:01	B*42:01:01:01
NA19909	AFR	2427	full:DogoHLA-no-graph	B	four_field	complete	1	1	1	2	B*42:01:01:01	B*42:01:01:01
NA19909	AFR	2427	full:DogoHLA-no-graph	C	two_field	complete	1	1	0	1	C*17:51:02	C*17:01:01:02
NA19909	AFR	2427	full:DogoHLA-no-graph	C	four_field	complete	1	0	0	1	C*17:51:02	C*17:01:01:02
NA19909	AFR	2427	full:DogoHLA-no-graph	DPA1	two_field	complete	1	1	1	2	DPA1*02:02:02:01	DPA1*02:02:02:01
NA19909	AFR	2427	full:DogoHLA-no-graph	DPA1	four_field	complete	0	0	0	0	DPA1*02:02:02:01	DPA1*02:02:02:01
NA19909	AFR	2427	full:DogoHLA-no-graph	DPB1	two_field	complete	1	1	1	2	DPB1*01:01:01:01	DPB1*01:01:01:01
NA19909	AFR	2427	full:DogoHLA-no-graph	DPB1	four_field	complete	1	1	0	0	DPB1*01:01:01:01	DPB1*01:01:01:01
NA19909	AFR	2427	full:DogoHLA-no-graph	DQA1	two_field	complete	1	1	1	2	DQA1*04:01:01:14	DQA1*04:01:01:01
NA19909	AFR	2427	full:DogoHLA-no-graph	DQA1	four_field	complete	1	1	0	0	DQA1*04:01:01:14	DQA1*04:01:01:01
NA19909	AFR	2427	full:DogoHLA-no-graph	DQB1	two_field	complete	1	1	1	2	DQB1*04:02:01:08	DQB1*04:02:01:08
NA19909	AFR	2427	full:DogoHLA-no-graph	DQB1	four_field	complete	1	1	1	2	DQB1*04:02:01:08	DQB1*04:02:01:08
NA19909	AFR	2427	full:DogoHLA-no-graph	DRB1	two_field	complete	1	1	1	2	DRB1*03:02:01:01	DRB1*03:02:01:01
NA19909	AFR	2427	full:DogoHLA-no-graph	DRB1	four_field	complete	0	0	0	0	DRB1*03:02:01:01	DRB1*03:02:01:01
NA19909	AFR	2427	hprc:DogoHLA	A	two_field	complete	1	1	0	1	A*30:01:01:01	A*30:228
NA19909	AFR	2427	hprc:DogoHLA	A	four_field	complete	1	0	0	1	A*30:01:01:01	A*30:228
NA19909	AFR	2427	hprc:DogoHLA	B	two_field	complete	1	1	1	2	B*42:01:01:01	B*42:01:01:01
NA19909	AFR	2427	hprc:DogoHLA	B	four_field	complete	1	1	1	2	B*42:01:01:01	B*42:01:01:01
NA19909	AFR	2427	hprc:DogoHLA	C	two_field	complete	1	1	0	1	C*17:51:02	C*17:01:01:02
NA19909	AFR	2427	hprc:DogoHLA	C	four_field	complete	1	0	0	1	C*17:51:02	C*17:01:01:02
NA19909	AFR	2427	hprc:DogoHLA	DPA1	two_field	complete	1	1	1	2	DPA1*02:02:02:01	DPA1*02:02:02:01
NA19909	AFR	2427	hprc:DogoHLA	DPA1	four_field	complete	0	0	0	0	DPA1*02:02:02:01	DPA1*02:02:02:01
NA19909	AFR	2427	hprc:DogoHLA	DPB1	two_field	complete	1	1	1	2	DPB1*01:01:01:01	DPB1*01:01:01:01
NA19909	AFR	2427	hprc:DogoHLA	DPB1	four_field	complete	1	1	0	0	DPB1*01:01:01:01	DPB1*01:01:01:01
NA19909	AFR	2427	hprc:DogoHLA	DQA1	two_field	complete	1	1	1	2	DQA1*04:01:01:14	DQA1*04:01:01:01
NA19909	AFR	2427	hprc:DogoHLA	DQA1	four_field	complete	1	1	0	0	DQA1*04:01:01:14	DQA1*04:01:01:01
NA19909	AFR	2427	hprc:DogoHLA	DQB1	two_field	complete	1	1	1	2	DQB1*04:02:01:08	DQB1*04:02:01:08
NA19909	AFR	2427	hprc:DogoHLA	DQB1	four_field	complete	1	1	1	2	DQB1*04:02:01:08	DQB1*04:02:01:08
NA19909	AFR	2427	hprc:DogoHLA	DRB1	two_field	complete	1	1	1	2	DRB1*03:02:01:01	DRB1*03:02:01:01
NA19909	AFR	2427	hprc:DogoHLA	DRB1	four_field	complete	0	0	0	0	DRB1*03:02:01:01	DRB1*03:02:01:01
NA19909	AFR	2427	hprc:DogoHLA-no-graph	A	two_field	complete	1	1	0	1	A*30:01:01:01	A*30:228
NA19909	AFR	2427	hprc:DogoHLA-no-graph	A	four_field	complete	1	0	0	1	A*30:01:01:01	A*30:228
NA19909	AFR	2427	hprc:DogoHLA-no-graph	B	two_field	complete	1	1	1	2	B*42:01:01:01	B*42:01:01:01
NA19909	AFR	2427	hprc:DogoHLA-no-graph	B	four_field	complete	1	1	1	2	B*42:01:01:01	B*42:01:01:01
NA19909	AFR	2427	hprc:DogoHLA-no-graph	C	two_field	complete	1	1	0	1	C*17:51:02	C*17:01:01:02
NA19909	AFR	2427	hprc:DogoHLA-no-graph	C	four_field	complete	1	0	0	1	C*17:51:02	C*17:01:01:02
NA19909	AFR	2427	hprc:DogoHLA-no-graph	DPA1	two_field	complete	1	1	1	2	DPA1*02:02:02:01	DPA1*02:02:02:01
NA19909	AFR	2427	hprc:DogoHLA-no-graph	DPA1	four_field	complete	0	0	0	0	DPA1*02:02:02:01	DPA1*02:02:02:01
NA19909	AFR	2427	hprc:DogoHLA-no-graph	DPB1	two_field	complete	1	1	1	2	DPB1*01:01:01:01	DPB1*01:01:01:01
NA19909	AFR	2427	hprc:DogoHLA-no-graph	DPB1	four_field	complete	1	1	0	0	DPB1*01:01:01:01	DPB1*01:01:01:01
NA19909	AFR	2427	hprc:DogoHLA-no-graph	DQA1	two_field	complete	1	1	1	2	DQA1*04:01:01:14	DQA1*04:01:01:01
NA19909	AFR	2427	hprc:DogoHLA-no-graph	DQA1	four_field	complete	1	1	0	0	DQA1*04:01:01:14	DQA1*04:01:01:01
NA19909	AFR	2427	hprc:DogoHLA-no-graph	DQB1	two_field	complete	1	1	1	2	DQB1*04:02:01:08	DQB1*04:02:01:08
NA19909	AFR	2427	hprc:DogoHLA-no-graph	DQB1	four_field	complete	1	1	1	2	DQB1*04:02:01:08	DQB1*04:02:01:08
NA19909	AFR	2427	hprc:DogoHLA-no-graph	DRB1	two_field	complete	1	1	1	2	DRB1*03:02:01:01	DRB1*03:02:01:01
NA19909	AFR	2427	hprc:DogoHLA-no-graph	DRB1	four_field	complete	0	0	0	0	DRB1*03:02:01:01	DRB1*03:02:01:01
NA19909	AFR	2427	asian_matched:DogoHLA	A	two_field	complete	1	1	0	1	A*30:01:01:01	A*30:228
NA19909	AFR	2427	asian_matched:DogoHLA	A	four_field	complete	1	0	0	1	A*30:01:01:01	A*30:228
NA19909	AFR	2427	asian_matched:DogoHLA	B	two_field	complete	1	1	1	2	B*42:01:01:01	B*42:01:01:01
NA19909	AFR	2427	asian_matched:DogoHLA	B	four_field	complete	1	1	1	2	B*42:01:01:01	B*42:01:01:01
NA19909	AFR	2427	asian_matched:DogoHLA	C	two_field	complete	1	1	0	1	C*17:51:02	C*17:01:01:02
NA19909	AFR	2427	asian_matched:DogoHLA	C	four_field	complete	1	0	0	1	C*17:51:02	C*17:01:01:02
NA19909	AFR	2427	asian_matched:DogoHLA	DPA1	two_field	complete	1	1	1	2	DPA1*02:02:02:01	DPA1*02:02:02:01
NA19909	AFR	2427	asian_matched:DogoHLA	DPA1	four_field	complete	0	0	0	0	DPA1*02:02:02:01	DPA1*02:02:02:01
NA19909	AFR	2427	asian_matched:DogoHLA	DPB1	two_field	complete	1	1	1	2	DPB1*01:01:01:01	DPB1*01:01:01:01
NA19909	AFR	2427	asian_matched:DogoHLA	DPB1	four_field	complete	1	1	0	0	DPB1*01:01:01:01	DPB1*01:01:01:01
NA19909	AFR	2427	asian_matched:DogoHLA	DQA1	two_field	complete	1	1	1	2	DQA1*04:01:01:14	DQA1*04:01:01:01
NA19909	AFR	2427	asian_matched:DogoHLA	DQA1	four_field	complete	1	1	0	0	DQA1*04:01:01:14	DQA1*04:01:01:01
NA19909	AFR	2427	asian_matched:DogoHLA	DQB1	two_field	complete	1	1	1	2	DQB1*04:02:01:08	DQB1*04:02:01:08
NA19909	AFR	2427	asian_matched:DogoHLA	DQB1	four_field	complete	1	1	1	2	DQB1*04:02:01:08	DQB1*04:02:01:08
NA19909	AFR	2427	asian_matched:DogoHLA	DRB1	two_field	complete	1	1	1	2	DRB1*03:02:01:01	DRB1*03:02:01:01
NA19909	AFR	2427	asian_matched:DogoHLA	DRB1	four_field	complete	0	0	0	0	DRB1*03:02:01:01	DRB1*03:02:01:01
NA19909	AFR	2427	asian_matched:DogoHLA-no-graph	A	two_field	complete	1	1	0	0	A*30:187:02	A*30:228
NA19909	AFR	2427	asian_matched:DogoHLA-no-graph	A	four_field	complete	1	0	0	0	A*30:187:02	A*30:228
NA19909	AFR	2427	asian_matched:DogoHLA-no-graph	B	two_field	complete	1	1	1	2	B*42:01:01:01	B*42:01:01:01
NA19909	AFR	2427	asian_matched:DogoHLA-no-graph	B	four_field	complete	1	1	1	2	B*42:01:01:01	B*42:01:01:01
NA19909	AFR	2427	asian_matched:DogoHLA-no-graph	C	two_field	complete	1	1	0	1	C*17:51:02	C*17:01:01:02
NA19909	AFR	2427	asian_matched:DogoHLA-no-graph	C	four_field	complete	1	0	0	1	C*17:51:02	C*17:01:01:02
NA19909	AFR	2427	asian_matched:DogoHLA-no-graph	DPA1	two_field	complete	1	1	1	2	DPA1*02:02:02:01	DPA1*02:02:02:01
NA19909	AFR	2427	asian_matched:DogoHLA-no-graph	DPA1	four_field	complete	0	0	0	0	DPA1*02:02:02:01	DPA1*02:02:02:01
NA19909	AFR	2427	asian_matched:DogoHLA-no-graph	DPB1	two_field	complete	1	1	1	2	DPB1*01:01:01:01	DPB1*01:01:01:01
NA19909	AFR	2427	asian_matched:DogoHLA-no-graph	DPB1	four_field	complete	1	1	0	0	DPB1*01:01:01:01	DPB1*01:01:01:01
NA19909	AFR	2427	asian_matched:DogoHLA-no-graph	DQA1	two_field	complete	1	1	1	2	DQA1*04:01:01:14	DQA1*04:01:01:01
NA19909	AFR	2427	asian_matched:DogoHLA-no-graph	DQA1	four_field	complete	1	1	0	0	DQA1*04:01:01:14	DQA1*04:01:01:01
NA19909	AFR	2427	asian_matched:DogoHLA-no-graph	DQB1	two_field	complete	1	1	1	2	DQB1*04:02:01:08	DQB1*04:02:01:08
NA19909	AFR	2427	asian_matched:DogoHLA-no-graph	DQB1	four_field	complete	1	1	1	2	DQB1*04:02:01:08	DQB1*04:02:01:08
NA19909	AFR	2427	asian_matched:DogoHLA-no-graph	DRB1	two_field	complete	1	1	1	2	DRB1*03:02:01:01	DRB1*03:02:01:01
NA19909	AFR	2427	asian_matched:DogoHLA-no-graph	DRB1	four_field	complete	0	0	0	0	DRB1*03:02:01:01	DRB1*03:02:01:01
NA19338	AFR	NA19338	SpecHLA-IPD365-noFreq	A	two_field	complete	1	1	0	1	A*30:02:01:02	A*11:335:01
NA19338	AFR	NA19338	SpecHLA-IPD365-noFreq	A	four_field	complete	1	0	0	0	A*30:02:01:02	A*11:335:01
NA19338	AFR	NA19338	SpecHLA-IPD365-noFreq	B	two_field	complete	1	1	1	2	B*81:01:01:01	B*14:02:01:01
NA19338	AFR	NA19338	SpecHLA-IPD365-noFreq	B	four_field	complete	1	1	1	2	B*81:01:01:01	B*14:02:01:01
NA19338	AFR	NA19338	SpecHLA-IPD365-noFreq	C	two_field	complete	1	1	1	2	C*08:02:01:01	C*18:01:01:01
NA19338	AFR	NA19338	SpecHLA-IPD365-noFreq	C	four_field	complete	1	1	0	1	C*08:02:01:01	C*18:01:01:01
NA19338	AFR	NA19338	SpecHLA-IPD365-noFreq	DPA1	two_field	complete	1	1	1	2	DPA1*02:01:08:01	DPA1*02:01:01:01
NA19338	AFR	NA19338	SpecHLA-IPD365-noFreq	DPA1	four_field	complete	0	0	0	0	DPA1*02:01:08:01	DPA1*02:01:01:01
NA19338	AFR	NA19338	SpecHLA-IPD365-noFreq	DPB1	two_field	complete	1	1	1	2	DPB1*01:01:01:01	DPB1*17:01:01:01
NA19338	AFR	NA19338	SpecHLA-IPD365-noFreq	DPB1	four_field	complete	1	1	1	2	DPB1*01:01:01:01	DPB1*17:01:01:01
NA19338	AFR	NA19338	SpecHLA-IPD365-noFreq	DQA1	two_field	complete	1	1	1	2	DQA1*01:02:01:04	DQA1*01:02:01:01
NA19338	AFR	NA19338	SpecHLA-IPD365-noFreq	DQA1	four_field	complete	1	1	0	1	DQA1*01:02:01:04	DQA1*01:02:01:01
NA19338	AFR	NA19338	SpecHLA-IPD365-noFreq	DQB1	two_field	complete	1	1	0	0	DQB1*06:88:01:01	DQB1*06:84:01:01
NA19338	AFR	NA19338	SpecHLA-IPD365-noFreq	DQB1	four_field	complete	1	1	0	0	DQB1*06:88:01:01	DQB1*06:84:01:01
NA19338	AFR	NA19338	SpecHLA-IPD365-noFreq	DRB1	two_field	complete	1	1	0	1	DRB1*15:01:01:25	DRB1*13:02:01:03
NA19338	AFR	NA19338	SpecHLA-IPD365-noFreq	DRB1	four_field	complete	0	0	0	0	DRB1*15:01:01:25	DRB1*13:02:01:03
NA19338	AFR	NA19338	SpecHLA-IPD365-long-noFreq	A	two_field	complete	1	1	0	1	A*30:02:01:02	A*11:335:01
NA19338	AFR	NA19338	SpecHLA-IPD365-long-noFreq	A	four_field	complete	1	0	0	0	A*30:02:01:02	A*11:335:01
NA19338	AFR	NA19338	SpecHLA-IPD365-long-noFreq	B	two_field	complete	1	1	1	2	B*81:01:01:01	B*14:02:01:01
NA19338	AFR	NA19338	SpecHLA-IPD365-long-noFreq	B	four_field	complete	1	1	1	2	B*81:01:01:01	B*14:02:01:01
NA19338	AFR	NA19338	SpecHLA-IPD365-long-noFreq	C	two_field	complete	1	1	1	2	C*08:02:01:01	C*18:01:01:01
NA19338	AFR	NA19338	SpecHLA-IPD365-long-noFreq	C	four_field	complete	1	1	0	1	C*08:02:01:01	C*18:01:01:01
NA19338	AFR	NA19338	SpecHLA-IPD365-long-noFreq	DPA1	two_field	complete	1	1	1	2	DPA1*02:01:08:01	DPA1*02:01:01:01
NA19338	AFR	NA19338	SpecHLA-IPD365-long-noFreq	DPA1	four_field	complete	0	0	0	0	DPA1*02:01:08:01	DPA1*02:01:01:01
NA19338	AFR	NA19338	SpecHLA-IPD365-long-noFreq	DPB1	two_field	complete	1	1	1	2	DPB1*01:01:01:01	DPB1*17:01:01:01
NA19338	AFR	NA19338	SpecHLA-IPD365-long-noFreq	DPB1	four_field	complete	1	1	1	2	DPB1*01:01:01:01	DPB1*17:01:01:01
NA19338	AFR	NA19338	SpecHLA-IPD365-long-noFreq	DQA1	two_field	complete	1	1	1	2	DQA1*01:02:01:04	DQA1*01:02:01:01
NA19338	AFR	NA19338	SpecHLA-IPD365-long-noFreq	DQA1	four_field	complete	1	1	0	1	DQA1*01:02:01:04	DQA1*01:02:01:01
NA19338	AFR	NA19338	SpecHLA-IPD365-long-noFreq	DQB1	two_field	complete	1	1	0	1	DQB1*06:02:01:01	DQB1*06:88:01:01
NA19338	AFR	NA19338	SpecHLA-IPD365-long-noFreq	DQB1	four_field	complete	1	1	0	1	DQB1*06:02:01:01	DQB1*06:88:01:01
NA19338	AFR	NA19338	SpecHLA-IPD365-long-noFreq	DRB1	two_field	complete	1	1	0	1	DRB1*15:01:01:25	DRB1*13:02:01:03
NA19338	AFR	NA19338	SpecHLA-IPD365-long-noFreq	DRB1	four_field	complete	0	0	0	0	DRB1*15:01:01:25	DRB1*13:02:01:03
NA19338	AFR	NA19338	T1K-four-field	A	two_field	complete	1	1	1	2	A*30:02:01:01	A*01:01:01:01
NA19338	AFR	NA19338	T1K-four-field	A	four_field	complete	1	1	1	2	A*30:02:01:01	A*01:01:01:01
NA19338	AFR	NA19338	T1K-four-field	B	two_field	complete	1	1	1	2	B*14:02:01:01	B*81:01:01:01
NA19338	AFR	NA19338	T1K-four-field	B	four_field	complete	1	1	1	2	B*14:02:01:01	B*81:01:01:01
NA19338	AFR	NA19338	T1K-four-field	C	two_field	complete	1	1	1	2	C*08:02:01:01	C*18:01:01:01
NA19338	AFR	NA19338	T1K-four-field	C	four_field	complete	1	1	0	1	C*08:02:01:01	C*18:01:01:01
NA19338	AFR	NA19338	T1K-four-field	DPA1	two_field	complete	1	1	1	2	DPA1*02:01:01:01	DPA1*02:01:08:05
NA19338	AFR	NA19338	T1K-four-field	DPA1	four_field	complete	0	0	0	0	DPA1*02:01:01:01	DPA1*02:01:08:05
NA19338	AFR	NA19338	T1K-four-field	DPB1	two_field	complete	1	1	1	2	DPB1*01:01:01:01	DPB1*17:01:01:01
NA19338	AFR	NA19338	T1K-four-field	DPB1	four_field	complete	1	1	1	2	DPB1*01:01:01:01	DPB1*17:01:01:01
NA19338	AFR	NA19338	T1K-four-field	DQA1	two_field	complete	1	1	1	2	DQA1*01:02:01:01	DQA1*01:02:01:04
NA19338	AFR	NA19338	T1K-four-field	DQA1	four_field	complete	1	1	0	1	DQA1*01:02:01:01	DQA1*01:02:01:04
NA19338	AFR	NA19338	T1K-four-field	DQB1	two_field	complete	1	1	1	2	DQB1*06:09:01:01	DQB1*06:02:01:01
NA19338	AFR	NA19338	T1K-four-field	DQB1	four_field	complete	1	1	1	2	DQB1*06:09:01:01	DQB1*06:02:01:01
NA19338	AFR	NA19338	T1K-four-field	DRB1	two_field	complete	1	1	1	2	DRB1*15:03:01:02	DRB1*13:02:01:01,HLA-DRB1*13:02:01:03,HLA-DRB1*13:02:01:04,HLA-DRB1*13:02:01:14
NA19338	AFR	NA19338	T1K-four-field	DRB1	four_field	complete	0	0	0	0	DRB1*15:03:01:02	DRB1*13:02:01:01,HLA-DRB1*13:02:01:03,HLA-DRB1*13:02:01:04,HLA-DRB1*13:02:01:14
NA19338	AFR	NA19338	full:DogoHLA	A	two_field	complete	1	1	0	0	A*30:208N	A*36:01:01:01
NA19338	AFR	NA19338	full:DogoHLA	A	four_field	complete	1	0	0	0	A*30:208N	A*36:01:01:01
NA19338	AFR	NA19338	full:DogoHLA	B	two_field	complete	1	1	1	2	B*81:01:01:01	B*14:02:01:01
NA19338	AFR	NA19338	full:DogoHLA	B	four_field	complete	1	1	1	2	B*81:01:01:01	B*14:02:01:01
NA19338	AFR	NA19338	full:DogoHLA	C	two_field	complete	1	1	1	2	C*18:01:01:01	C*08:02:01:01
NA19338	AFR	NA19338	full:DogoHLA	C	four_field	complete	1	1	0	1	C*18:01:01:01	C*08:02:01:01
NA19338	AFR	NA19338	full:DogoHLA	DPA1	two_field	complete	1	1	1	2	DPA1*02:01:08:01	DPA1*02:01:01:01
NA19338	AFR	NA19338	full:DogoHLA	DPA1	four_field	complete	0	0	0	0	DPA1*02:01:08:01	DPA1*02:01:01:01
NA19338	AFR	NA19338	full:DogoHLA	DPB1	two_field	complete	1	1	1	2	DPB1*17:01:01:01	DPB1*01:01:01:01
NA19338	AFR	NA19338	full:DogoHLA	DPB1	four_field	complete	1	1	1	2	DPB1*17:01:01:01	DPB1*01:01:01:01
NA19338	AFR	NA19338	full:DogoHLA	DQA1	two_field	complete	1	1	1	2	DQA1*01:02:01:01	DQA1*01:02:01:04
NA19338	AFR	NA19338	full:DogoHLA	DQA1	four_field	complete	1	1	0	1	DQA1*01:02:01:01	DQA1*01:02:01:04
NA19338	AFR	NA19338	full:DogoHLA	DQB1	two_field	complete	1	1	1	2	DQB1*06:02:01:01	DQB1*06:09:01:01
NA19338	AFR	NA19338	full:DogoHLA	DQB1	four_field	complete	1	1	1	2	DQB1*06:02:01:01	DQB1*06:09:01:01
NA19338	AFR	NA19338	full:DogoHLA	DRB1	two_field	complete	1	1	0	1	DRB1*15:01:01:25	DRB1*13:02:01:01
NA19338	AFR	NA19338	full:DogoHLA	DRB1	four_field	complete	0	0	0	0	DRB1*15:01:01:25	DRB1*13:02:01:01
NA19338	AFR	NA19338	full:DogoHLA-no-graph	A	two_field	complete	1	1	0	0	A*30:208N	A*36:01:01:01
NA19338	AFR	NA19338	full:DogoHLA-no-graph	A	four_field	complete	1	0	0	0	A*30:208N	A*36:01:01:01
NA19338	AFR	NA19338	full:DogoHLA-no-graph	B	two_field	complete	1	1	1	2	B*81:01:01:01	B*14:02:01:01
NA19338	AFR	NA19338	full:DogoHLA-no-graph	B	four_field	complete	1	1	1	2	B*81:01:01:01	B*14:02:01:01
NA19338	AFR	NA19338	full:DogoHLA-no-graph	C	two_field	complete	1	1	1	2	C*18:01:01:01	C*08:02:01:01
NA19338	AFR	NA19338	full:DogoHLA-no-graph	C	four_field	complete	1	1	0	1	C*18:01:01:01	C*08:02:01:01
NA19338	AFR	NA19338	full:DogoHLA-no-graph	DPA1	two_field	complete	1	1	1	2	DPA1*02:01:08:01	DPA1*02:01:01:01
NA19338	AFR	NA19338	full:DogoHLA-no-graph	DPA1	four_field	complete	0	0	0	0	DPA1*02:01:08:01	DPA1*02:01:01:01
NA19338	AFR	NA19338	full:DogoHLA-no-graph	DPB1	two_field	complete	1	1	1	2	DPB1*17:01:01:01	DPB1*01:01:01:01
NA19338	AFR	NA19338	full:DogoHLA-no-graph	DPB1	four_field	complete	1	1	1	2	DPB1*17:01:01:01	DPB1*01:01:01:01
NA19338	AFR	NA19338	full:DogoHLA-no-graph	DQA1	two_field	complete	1	1	1	2	DQA1*01:02:01:01	DQA1*01:02:01:04
NA19338	AFR	NA19338	full:DogoHLA-no-graph	DQA1	four_field	complete	1	1	0	1	DQA1*01:02:01:01	DQA1*01:02:01:04
NA19338	AFR	NA19338	full:DogoHLA-no-graph	DQB1	two_field	complete	1	1	1	2	DQB1*06:02:01:01	DQB1*06:09:01:01
NA19338	AFR	NA19338	full:DogoHLA-no-graph	DQB1	four_field	complete	1	1	1	2	DQB1*06:02:01:01	DQB1*06:09:01:01
NA19338	AFR	NA19338	full:DogoHLA-no-graph	DRB1	two_field	complete	1	1	0	1	DRB1*15:01:01:25	DRB1*13:02:01:01
NA19338	AFR	NA19338	full:DogoHLA-no-graph	DRB1	four_field	complete	0	0	0	0	DRB1*15:01:01:25	DRB1*13:02:01:01
NA19338	AFR	NA19338	hprc:DogoHLA	A	two_field	complete	1	1	0	0	A*30:208N	A*36:01:01:01
NA19338	AFR	NA19338	hprc:DogoHLA	A	four_field	complete	1	0	0	0	A*30:208N	A*36:01:01:01
NA19338	AFR	NA19338	hprc:DogoHLA	B	two_field	complete	1	1	1	2	B*81:01:01:01	B*14:02:01:01
NA19338	AFR	NA19338	hprc:DogoHLA	B	four_field	complete	1	1	1	2	B*81:01:01:01	B*14:02:01:01
NA19338	AFR	NA19338	hprc:DogoHLA	C	two_field	complete	1	1	1	2	C*18:01:01:01	C*08:02:01:01
NA19338	AFR	NA19338	hprc:DogoHLA	C	four_field	complete	1	1	0	1	C*18:01:01:01	C*08:02:01:01
NA19338	AFR	NA19338	hprc:DogoHLA	DPA1	two_field	complete	1	1	1	2	DPA1*02:01:08:01	DPA1*02:01:01:01
NA19338	AFR	NA19338	hprc:DogoHLA	DPA1	four_field	complete	0	0	0	0	DPA1*02:01:08:01	DPA1*02:01:01:01
NA19338	AFR	NA19338	hprc:DogoHLA	DPB1	two_field	complete	1	1	1	2	DPB1*17:01:01:01	DPB1*01:01:01:01
NA19338	AFR	NA19338	hprc:DogoHLA	DPB1	four_field	complete	1	1	1	2	DPB1*17:01:01:01	DPB1*01:01:01:01
NA19338	AFR	NA19338	hprc:DogoHLA	DQA1	two_field	complete	1	1	1	2	DQA1*01:02:01:01	DQA1*01:02:01:04
NA19338	AFR	NA19338	hprc:DogoHLA	DQA1	four_field	complete	1	1	0	1	DQA1*01:02:01:01	DQA1*01:02:01:04
NA19338	AFR	NA19338	hprc:DogoHLA	DQB1	two_field	complete	1	1	1	2	DQB1*06:02:01:01	DQB1*06:09:01:01
NA19338	AFR	NA19338	hprc:DogoHLA	DQB1	four_field	complete	1	1	1	2	DQB1*06:02:01:01	DQB1*06:09:01:01
NA19338	AFR	NA19338	hprc:DogoHLA	DRB1	two_field	complete	1	1	0	1	DRB1*15:01:01:25	DRB1*13:02:01:01
NA19338	AFR	NA19338	hprc:DogoHLA	DRB1	four_field	complete	0	0	0	0	DRB1*15:01:01:25	DRB1*13:02:01:01
NA19338	AFR	NA19338	hprc:DogoHLA-no-graph	A	two_field	complete	1	1	0	0	A*30:208N	A*36:01:01:01
NA19338	AFR	NA19338	hprc:DogoHLA-no-graph	A	four_field	complete	1	0	0	0	A*30:208N	A*36:01:01:01
NA19338	AFR	NA19338	hprc:DogoHLA-no-graph	B	two_field	complete	1	1	1	2	B*81:01:01:01	B*14:02:01:01
NA19338	AFR	NA19338	hprc:DogoHLA-no-graph	B	four_field	complete	1	1	1	2	B*81:01:01:01	B*14:02:01:01
NA19338	AFR	NA19338	hprc:DogoHLA-no-graph	C	two_field	complete	1	1	1	2	C*18:01:01:01	C*08:02:01:01
NA19338	AFR	NA19338	hprc:DogoHLA-no-graph	C	four_field	complete	1	1	0	1	C*18:01:01:01	C*08:02:01:01
NA19338	AFR	NA19338	hprc:DogoHLA-no-graph	DPA1	two_field	complete	1	1	1	2	DPA1*02:01:08:01	DPA1*02:01:01:01
NA19338	AFR	NA19338	hprc:DogoHLA-no-graph	DPA1	four_field	complete	0	0	0	0	DPA1*02:01:08:01	DPA1*02:01:01:01
NA19338	AFR	NA19338	hprc:DogoHLA-no-graph	DPB1	two_field	complete	1	1	1	2	DPB1*17:01:01:01	DPB1*01:01:01:01
NA19338	AFR	NA19338	hprc:DogoHLA-no-graph	DPB1	four_field	complete	1	1	1	2	DPB1*17:01:01:01	DPB1*01:01:01:01
NA19338	AFR	NA19338	hprc:DogoHLA-no-graph	DQA1	two_field	complete	1	1	1	2	DQA1*01:02:01:01	DQA1*01:02:01:04
NA19338	AFR	NA19338	hprc:DogoHLA-no-graph	DQA1	four_field	complete	1	1	0	1	DQA1*01:02:01:01	DQA1*01:02:01:04
NA19338	AFR	NA19338	hprc:DogoHLA-no-graph	DQB1	two_field	complete	1	1	1	2	DQB1*06:02:01:01	DQB1*06:09:01:01
NA19338	AFR	NA19338	hprc:DogoHLA-no-graph	DQB1	four_field	complete	1	1	1	2	DQB1*06:02:01:01	DQB1*06:09:01:01
NA19338	AFR	NA19338	hprc:DogoHLA-no-graph	DRB1	two_field	complete	1	1	0	1	DRB1*15:01:01:25	DRB1*13:02:01:01
NA19338	AFR	NA19338	hprc:DogoHLA-no-graph	DRB1	four_field	complete	0	0	0	0	DRB1*15:01:01:25	DRB1*13:02:01:01
NA19338	AFR	NA19338	asian_matched:DogoHLA	A	two_field	complete	1	1	0	0	A*30:208N	A*36:01:01:01
NA19338	AFR	NA19338	asian_matched:DogoHLA	A	four_field	complete	1	0	0	0	A*30:208N	A*36:01:01:01
NA19338	AFR	NA19338	asian_matched:DogoHLA	B	two_field	complete	1	1	1	2	B*81:01:01:01	B*14:02:01:01
NA19338	AFR	NA19338	asian_matched:DogoHLA	B	four_field	complete	1	1	1	2	B*81:01:01:01	B*14:02:01:01
NA19338	AFR	NA19338	asian_matched:DogoHLA	C	two_field	complete	1	1	1	2	C*18:01:01:01	C*08:02:01:01
NA19338	AFR	NA19338	asian_matched:DogoHLA	C	four_field	complete	1	1	0	1	C*18:01:01:01	C*08:02:01:01
NA19338	AFR	NA19338	asian_matched:DogoHLA	DPA1	two_field	complete	1	1	1	2	DPA1*02:01:08:01	DPA1*02:01:01:01
NA19338	AFR	NA19338	asian_matched:DogoHLA	DPA1	four_field	complete	0	0	0	0	DPA1*02:01:08:01	DPA1*02:01:01:01
NA19338	AFR	NA19338	asian_matched:DogoHLA	DPB1	two_field	complete	1	1	1	2	DPB1*17:01:01:01	DPB1*01:01:01:01
NA19338	AFR	NA19338	asian_matched:DogoHLA	DPB1	four_field	complete	1	1	1	2	DPB1*17:01:01:01	DPB1*01:01:01:01
NA19338	AFR	NA19338	asian_matched:DogoHLA	DQA1	two_field	complete	1	1	1	2	DQA1*01:02:01:01	DQA1*01:02:01:04
NA19338	AFR	NA19338	asian_matched:DogoHLA	DQA1	four_field	complete	1	1	0	1	DQA1*01:02:01:01	DQA1*01:02:01:04
NA19338	AFR	NA19338	asian_matched:DogoHLA	DQB1	two_field	complete	1	1	1	2	DQB1*06:02:01:01	DQB1*06:09:01:01
NA19338	AFR	NA19338	asian_matched:DogoHLA	DQB1	four_field	complete	1	1	1	2	DQB1*06:02:01:01	DQB1*06:09:01:01
NA19338	AFR	NA19338	asian_matched:DogoHLA	DRB1	two_field	complete	1	1	0	1	DRB1*15:01:01:25	DRB1*13:02:01:01
NA19338	AFR	NA19338	asian_matched:DogoHLA	DRB1	four_field	complete	0	0	0	0	DRB1*15:01:01:25	DRB1*13:02:01:01
NA19338	AFR	NA19338	asian_matched:DogoHLA-no-graph	A	two_field	complete	1	1	0	0	A*30:208N	A*36:01:01:01
NA19338	AFR	NA19338	asian_matched:DogoHLA-no-graph	A	four_field	complete	1	0	0	0	A*30:208N	A*36:01:01:01
NA19338	AFR	NA19338	asian_matched:DogoHLA-no-graph	B	two_field	complete	1	1	1	2	B*81:01:01:01	B*14:02:01:01
NA19338	AFR	NA19338	asian_matched:DogoHLA-no-graph	B	four_field	complete	1	1	1	2	B*81:01:01:01	B*14:02:01:01
NA19338	AFR	NA19338	asian_matched:DogoHLA-no-graph	C	two_field	complete	1	1	1	2	C*18:01:01:01	C*08:02:01:01
NA19338	AFR	NA19338	asian_matched:DogoHLA-no-graph	C	four_field	complete	1	1	0	1	C*18:01:01:01	C*08:02:01:01
NA19338	AFR	NA19338	asian_matched:DogoHLA-no-graph	DPA1	two_field	complete	1	1	1	2	DPA1*02:01:08:01	DPA1*02:01:01:01
NA19338	AFR	NA19338	asian_matched:DogoHLA-no-graph	DPA1	four_field	complete	0	0	0	0	DPA1*02:01:08:01	DPA1*02:01:01:01
NA19338	AFR	NA19338	asian_matched:DogoHLA-no-graph	DPB1	two_field	complete	1	1	1	2	DPB1*17:01:01:01	DPB1*01:01:01:01
NA19338	AFR	NA19338	asian_matched:DogoHLA-no-graph	DPB1	four_field	complete	1	1	1	2	DPB1*17:01:01:01	DPB1*01:01:01:01
NA19338	AFR	NA19338	asian_matched:DogoHLA-no-graph	DQA1	two_field	complete	1	1	1	2	DQA1*01:02:01:01	DQA1*01:02:01:04
NA19338	AFR	NA19338	asian_matched:DogoHLA-no-graph	DQA1	four_field	complete	1	1	0	1	DQA1*01:02:01:01	DQA1*01:02:01:04
NA19338	AFR	NA19338	asian_matched:DogoHLA-no-graph	DQB1	two_field	complete	1	1	1	2	DQB1*06:02:01:01	DQB1*06:09:01:01
NA19338	AFR	NA19338	asian_matched:DogoHLA-no-graph	DQB1	four_field	complete	1	1	1	2	DQB1*06:02:01:01	DQB1*06:09:01:01
NA19338	AFR	NA19338	asian_matched:DogoHLA-no-graph	DRB1	two_field	complete	1	1	0	1	DRB1*15:01:01:25	DRB1*13:02:01:01
NA19338	AFR	NA19338	asian_matched:DogoHLA-no-graph	DRB1	four_field	complete	0	0	0	0	DRB1*15:01:01:25	DRB1*13:02:01:01
HG03209	AFR	SL17	SpecHLA-IPD365-noFreq	A	two_field	complete	1	1	0	1	A*30:189	A*01:01:01:34
HG03209	AFR	SL17	SpecHLA-IPD365-noFreq	A	four_field	complete	1	0	0	0	A*30:189	A*01:01:01:34
HG03209	AFR	SL17	SpecHLA-IPD365-noFreq	B	two_field	complete	1	1	1	2	B*27:03:01:01	B*50:01:01:01
HG03209	AFR	SL17	SpecHLA-IPD365-noFreq	B	four_field	complete	0	0	0	0	B*27:03:01:01	B*50:01:01:01
HG03209	AFR	SL17	SpecHLA-IPD365-noFreq	C	two_field	complete	1	1	1	2	C*07:18:01:01	C*06:02:01:01
HG03209	AFR	SL17	SpecHLA-IPD365-noFreq	C	four_field	complete	0	0	0	0	C*07:18:01:01	C*06:02:01:01
HG03209	AFR	SL17	SpecHLA-IPD365-noFreq	DPA1	two_field	complete	1	1	1	2	DPA1*02:01:01:01	DPA1*03:05:02Q
HG03209	AFR	SL17	SpecHLA-IPD365-noFreq	DPA1	four_field	complete	0	0	0	0	DPA1*02:01:01:01	DPA1*03:05:02Q
HG03209	AFR	SL17	SpecHLA-IPD365-noFreq	DPB1	two_field	complete	1	1	1	2	DPB1*584:01:02:01	DPB1*01:01:01:01
HG03209	AFR	SL17	SpecHLA-IPD365-noFreq	DPB1	four_field	complete	0	0	0	0	DPB1*584:01:02:01	DPB1*01:01:01:01
HG03209	AFR	SL17	SpecHLA-IPD365-noFreq	DQA1	two_field	complete	1	1	1	2	DQA1*01:02:01:01	DQA1*03:03:01:01
HG03209	AFR	SL17	SpecHLA-IPD365-noFreq	DQA1	four_field	complete	1	1	0	1	DQA1*01:02:01:01	DQA1*03:03:01:01
HG03209	AFR	SL17	SpecHLA-IPD365-noFreq	DQB1	two_field	complete	1	1	1	2	DQB1*03:02:01:01	DQB1*06:02:01:01
HG03209	AFR	SL17	SpecHLA-IPD365-noFreq	DQB1	four_field	complete	0	0	0	0	DQB1*03:02:01:01	DQB1*06:02:01:01
HG03209	AFR	SL17	SpecHLA-IPD365-noFreq	DRB1	two_field	complete	1	1	1	2	DRB1*04:05:01:03	DRB1*08:06:01:01
HG03209	AFR	SL17	SpecHLA-IPD365-noFreq	DRB1	four_field	complete	0	0	0	0	DRB1*04:05:01:03	DRB1*08:06:01:01
HG03209	AFR	SL17	SpecHLA-IPD365-long-noFreq	A	two_field	complete	1	1	0	1	A*30:189	A*01:01:01:34
HG03209	AFR	SL17	SpecHLA-IPD365-long-noFreq	A	four_field	complete	1	0	0	0	A*30:189	A*01:01:01:34
HG03209	AFR	SL17	SpecHLA-IPD365-long-noFreq	B	two_field	complete	1	1	1	2	B*27:03:01:01	B*50:01:01:01
HG03209	AFR	SL17	SpecHLA-IPD365-long-noFreq	B	four_field	complete	0	0	0	0	B*27:03:01:01	B*50:01:01:01
HG03209	AFR	SL17	SpecHLA-IPD365-long-noFreq	C	two_field	complete	1	1	1	2	C*07:18:01:01	C*06:02:01:01
HG03209	AFR	SL17	SpecHLA-IPD365-long-noFreq	C	four_field	complete	0	0	0	0	C*07:18:01:01	C*06:02:01:01
HG03209	AFR	SL17	SpecHLA-IPD365-long-noFreq	DPA1	two_field	complete	1	1	1	2	DPA1*02:01:01:01	DPA1*03:05:02Q
HG03209	AFR	SL17	SpecHLA-IPD365-long-noFreq	DPA1	four_field	complete	0	0	0	0	DPA1*02:01:01:01	DPA1*03:05:02Q
HG03209	AFR	SL17	SpecHLA-IPD365-long-noFreq	DPB1	two_field	complete	1	1	1	2	DPB1*01:01:01:01	DPB1*584:01:02:01
HG03209	AFR	SL17	SpecHLA-IPD365-long-noFreq	DPB1	four_field	complete	0	0	0	0	DPB1*01:01:01:01	DPB1*584:01:02:01
HG03209	AFR	SL17	SpecHLA-IPD365-long-noFreq	DQA1	two_field	complete	1	1	1	2	DQA1*01:02:01:01	DQA1*03:03:01:01
HG03209	AFR	SL17	SpecHLA-IPD365-long-noFreq	DQA1	four_field	complete	1	1	0	1	DQA1*01:02:01:01	DQA1*03:03:01:01
HG03209	AFR	SL17	SpecHLA-IPD365-long-noFreq	DQB1	two_field	complete	1	1	1	2	DQB1*03:02:01:01	DQB1*06:02:01:01
HG03209	AFR	SL17	SpecHLA-IPD365-long-noFreq	DQB1	four_field	complete	0	0	0	0	DQB1*03:02:01:01	DQB1*06:02:01:01
HG03209	AFR	SL17	SpecHLA-IPD365-long-noFreq	DRB1	two_field	complete	1	1	1	2	DRB1*04:05:01:03	DRB1*08:06:01:01
HG03209	AFR	SL17	SpecHLA-IPD365-long-noFreq	DRB1	four_field	complete	0	0	0	0	DRB1*04:05:01:03	DRB1*08:06:01:01
HG03209	AFR	SL17	T1K-four-field	A	two_field	complete	1	1	1	2	A*30:02:01:01	A*01:01:01:01
HG03209	AFR	SL17	T1K-four-field	A	four_field	complete	1	1	1	2	A*30:02:01:01	A*01:01:01:01
HG03209	AFR	SL17	T1K-four-field	B	two_field	complete	1	1	1	2	B*50:01:01:01	B*27:03:01:01
HG03209	AFR	SL17	T1K-four-field	B	four_field	complete	0	0	0	0	B*50:01:01:01	B*27:03:01:01
HG03209	AFR	SL17	T1K-four-field	C	two_field	complete	1	1	1	2	C*07:18:01:01	C*06:02:01:01
HG03209	AFR	SL17	T1K-four-field	C	four_field	complete	0	0	0	0	C*07:18:01:01	C*06:02:01:01
HG03209	AFR	SL17	T1K-four-field	DPA1	two_field	complete	1	1	1	2	DPA1*02:01:01:01	DPA1*03:05:02Q
HG03209	AFR	SL17	T1K-four-field	DPA1	four_field	complete	0	0	0	0	DPA1*02:01:01:01	DPA1*03:05:02Q
HG03209	AFR	SL17	T1K-four-field	DPB1	two_field	complete	1	1	1	2	DPB1*584:01:02:01	DPB1*01:01:01:01
HG03209	AFR	SL17	T1K-four-field	DPB1	four_field	complete	0	0	0	0	DPB1*584:01:02:01	DPB1*01:01:01:01
HG03209	AFR	SL17	T1K-four-field	DQA1	two_field	complete	1	1	1	2	DQA1*01:02:01:01	DQA1*03:03:01:01
HG03209	AFR	SL17	T1K-four-field	DQA1	four_field	complete	1	1	0	1	DQA1*01:02:01:01	DQA1*03:03:01:01
HG03209	AFR	SL17	T1K-four-field	DQB1	two_field	complete	1	1	1	2	DQB1*03:02:01:01	DQB1*06:02:01:01
HG03209	AFR	SL17	T1K-four-field	DQB1	four_field	complete	0	0	0	0	DQB1*03:02:01:01	DQB1*06:02:01:01
HG03209	AFR	SL17	T1K-four-field	DRB1	two_field	complete	1	1	1	2	DRB1*08:06:01:01	DRB1*04:05:01:05,HLA-DRB1*04:05:01:07,HLA-DRB1*04:05:01:09
HG03209	AFR	SL17	T1K-four-field	DRB1	four_field	complete	0	0	0	0	DRB1*08:06:01:01	DRB1*04:05:01:05,HLA-DRB1*04:05:01:07,HLA-DRB1*04:05:01:09
HG03209	AFR	SL17	full:DogoHLA	A	two_field	complete	1	1	0	1	A*01:01:01:34	A*30:189
HG03209	AFR	SL17	full:DogoHLA	A	four_field	complete	1	0	0	0	A*01:01:01:34	A*30:189
HG03209	AFR	SL17	full:DogoHLA	B	two_field	complete	1	1	1	2	B*50:01:01:01	B*27:03:01:01
HG03209	AFR	SL17	full:DogoHLA	B	four_field	complete	0	0	0	0	B*50:01:01:01	B*27:03:01:01
HG03209	AFR	SL17	full:DogoHLA	C	two_field	complete	1	1	1	2	C*06:02:01:01	C*07:18:01:01
HG03209	AFR	SL17	full:DogoHLA	C	four_field	complete	0	0	0	0	C*06:02:01:01	C*07:18:01:01
HG03209	AFR	SL17	full:DogoHLA	DPA1	two_field	complete	1	1	1	2	DPA1*02:01:01:01	DPA1*03:05:02Q
HG03209	AFR	SL17	full:DogoHLA	DPA1	four_field	complete	0	0	0	0	DPA1*02:01:01:01	DPA1*03:05:02Q
HG03209	AFR	SL17	full:DogoHLA	DPB1	two_field	complete	1	1	0	0	DPB1*158:01	DPB1*417:01:02
HG03209	AFR	SL17	full:DogoHLA	DPB1	four_field	complete	0	0	0	0	DPB1*158:01	DPB1*417:01:02
HG03209	AFR	SL17	full:DogoHLA	DQA1	two_field	complete	1	1	1	2	DQA1*03:03:01:01	DQA1*01:02:01:01
HG03209	AFR	SL17	full:DogoHLA	DQA1	four_field	complete	1	1	0	1	DQA1*03:03:01:01	DQA1*01:02:01:01
HG03209	AFR	SL17	full:DogoHLA	DQB1	two_field	complete	1	1	1	2	DQB1*06:02:01:01	DQB1*03:02:01:01
HG03209	AFR	SL17	full:DogoHLA	DQB1	four_field	complete	0	0	0	0	DQB1*06:02:01:01	DQB1*03:02:01:01
HG03209	AFR	SL17	full:DogoHLA	DRB1	two_field	complete	1	1	1	2	DRB1*04:05:01:03	DRB1*08:06:01:01
HG03209	AFR	SL17	full:DogoHLA	DRB1	four_field	complete	0	0	0	0	DRB1*04:05:01:03	DRB1*08:06:01:01
HG03209	AFR	SL17	full:DogoHLA-no-graph	A	two_field	complete	1	1	0	1	A*01:01:01:34	A*30:189
HG03209	AFR	SL17	full:DogoHLA-no-graph	A	four_field	complete	1	0	0	0	A*01:01:01:34	A*30:189
HG03209	AFR	SL17	full:DogoHLA-no-graph	B	two_field	complete	1	1	1	2	B*50:01:01:01	B*27:03:01:01
HG03209	AFR	SL17	full:DogoHLA-no-graph	B	four_field	complete	0	0	0	0	B*50:01:01:01	B*27:03:01:01
HG03209	AFR	SL17	full:DogoHLA-no-graph	C	two_field	complete	1	1	1	2	C*06:02:01:01	C*07:18:01:01
HG03209	AFR	SL17	full:DogoHLA-no-graph	C	four_field	complete	0	0	0	0	C*06:02:01:01	C*07:18:01:01
HG03209	AFR	SL17	full:DogoHLA-no-graph	DPA1	two_field	complete	1	1	1	2	DPA1*02:01:01:01	DPA1*03:05:02Q
HG03209	AFR	SL17	full:DogoHLA-no-graph	DPA1	four_field	complete	0	0	0	0	DPA1*02:01:01:01	DPA1*03:05:02Q
HG03209	AFR	SL17	full:DogoHLA-no-graph	DPB1	two_field	complete	1	1	0	0	DPB1*158:01	DPB1*417:01:02
HG03209	AFR	SL17	full:DogoHLA-no-graph	DPB1	four_field	complete	0	0	0	0	DPB1*158:01	DPB1*417:01:02
HG03209	AFR	SL17	full:DogoHLA-no-graph	DQA1	two_field	complete	1	1	1	2	DQA1*03:03:01:01	DQA1*01:02:01:01
HG03209	AFR	SL17	full:DogoHLA-no-graph	DQA1	four_field	complete	1	1	0	1	DQA1*03:03:01:01	DQA1*01:02:01:01
HG03209	AFR	SL17	full:DogoHLA-no-graph	DQB1	two_field	complete	1	1	1	2	DQB1*06:02:01:01	DQB1*03:02:01:01
HG03209	AFR	SL17	full:DogoHLA-no-graph	DQB1	four_field	complete	0	0	0	0	DQB1*06:02:01:01	DQB1*03:02:01:01
HG03209	AFR	SL17	full:DogoHLA-no-graph	DRB1	two_field	complete	1	1	1	2	DRB1*04:05:01:03	DRB1*08:06:01:01
HG03209	AFR	SL17	full:DogoHLA-no-graph	DRB1	four_field	complete	0	0	0	0	DRB1*04:05:01:03	DRB1*08:06:01:01
HG03209	AFR	SL17	hprc:DogoHLA	A	two_field	complete	1	1	0	1	A*01:01:01:34	A*30:189
HG03209	AFR	SL17	hprc:DogoHLA	A	four_field	complete	1	0	0	0	A*01:01:01:34	A*30:189
HG03209	AFR	SL17	hprc:DogoHLA	B	two_field	complete	1	1	1	2	B*50:01:01:01	B*27:03:01:01
HG03209	AFR	SL17	hprc:DogoHLA	B	four_field	complete	0	0	0	0	B*50:01:01:01	B*27:03:01:01
HG03209	AFR	SL17	hprc:DogoHLA	C	two_field	complete	1	1	1	2	C*06:02:01:01	C*07:18:01:01
HG03209	AFR	SL17	hprc:DogoHLA	C	four_field	complete	0	0	0	0	C*06:02:01:01	C*07:18:01:01
HG03209	AFR	SL17	hprc:DogoHLA	DPA1	two_field	complete	1	1	1	2	DPA1*02:01:01:01	DPA1*03:05:02Q
HG03209	AFR	SL17	hprc:DogoHLA	DPA1	four_field	complete	0	0	0	0	DPA1*02:01:01:01	DPA1*03:05:02Q
HG03209	AFR	SL17	hprc:DogoHLA	DPB1	two_field	complete	1	1	0	0	DPB1*158:01	DPB1*417:01:02
HG03209	AFR	SL17	hprc:DogoHLA	DPB1	four_field	complete	0	0	0	0	DPB1*158:01	DPB1*417:01:02
HG03209	AFR	SL17	hprc:DogoHLA	DQA1	two_field	complete	1	1	1	2	DQA1*01:02:01:01	DQA1*03:03:01:01
HG03209	AFR	SL17	hprc:DogoHLA	DQA1	four_field	complete	1	1	0	1	DQA1*01:02:01:01	DQA1*03:03:01:01
HG03209	AFR	SL17	hprc:DogoHLA	DQB1	two_field	complete	1	1	1	2	DQB1*06:02:01:01	DQB1*03:02:01:01
HG03209	AFR	SL17	hprc:DogoHLA	DQB1	four_field	complete	0	0	0	0	DQB1*06:02:01:01	DQB1*03:02:01:01
HG03209	AFR	SL17	hprc:DogoHLA	DRB1	two_field	complete	1	1	0	1	DRB1*04:09:01:01	DRB1*08:06:01:01
HG03209	AFR	SL17	hprc:DogoHLA	DRB1	four_field	complete	0	0	0	0	DRB1*04:09:01:01	DRB1*08:06:01:01
HG03209	AFR	SL17	hprc:DogoHLA-no-graph	A	two_field	complete	1	1	0	1	A*01:01:01:34	A*30:189
HG03209	AFR	SL17	hprc:DogoHLA-no-graph	A	four_field	complete	1	0	0	0	A*01:01:01:34	A*30:189
HG03209	AFR	SL17	hprc:DogoHLA-no-graph	B	two_field	complete	1	1	1	2	B*50:01:01:01	B*27:03:01:01
HG03209	AFR	SL17	hprc:DogoHLA-no-graph	B	four_field	complete	0	0	0	0	B*50:01:01:01	B*27:03:01:01
HG03209	AFR	SL17	hprc:DogoHLA-no-graph	C	two_field	complete	1	1	1	2	C*06:02:01:01	C*07:18:01:01
HG03209	AFR	SL17	hprc:DogoHLA-no-graph	C	four_field	complete	0	0	0	0	C*06:02:01:01	C*07:18:01:01
HG03209	AFR	SL17	hprc:DogoHLA-no-graph	DPA1	two_field	complete	1	1	1	2	DPA1*02:01:01:01	DPA1*03:05:02Q
HG03209	AFR	SL17	hprc:DogoHLA-no-graph	DPA1	four_field	complete	0	0	0	0	DPA1*02:01:01:01	DPA1*03:05:02Q
HG03209	AFR	SL17	hprc:DogoHLA-no-graph	DPB1	two_field	complete	1	1	0	0	DPB1*158:01	DPB1*417:01:02
HG03209	AFR	SL17	hprc:DogoHLA-no-graph	DPB1	four_field	complete	0	0	0	0	DPB1*158:01	DPB1*417:01:02
HG03209	AFR	SL17	hprc:DogoHLA-no-graph	DQA1	two_field	complete	1	1	1	2	DQA1*01:02:01:01	DQA1*03:03:01:01
HG03209	AFR	SL17	hprc:DogoHLA-no-graph	DQA1	four_field	complete	1	1	0	1	DQA1*01:02:01:01	DQA1*03:03:01:01
HG03209	AFR	SL17	hprc:DogoHLA-no-graph	DQB1	two_field	complete	1	1	1	2	DQB1*06:02:01:01	DQB1*03:02:01:01
HG03209	AFR	SL17	hprc:DogoHLA-no-graph	DQB1	four_field	complete	0	0	0	0	DQB1*06:02:01:01	DQB1*03:02:01:01
HG03209	AFR	SL17	hprc:DogoHLA-no-graph	DRB1	two_field	complete	1	1	0	1	DRB1*04:09:01:01	DRB1*08:06:01:01
HG03209	AFR	SL17	hprc:DogoHLA-no-graph	DRB1	four_field	complete	0	0	0	0	DRB1*04:09:01:01	DRB1*08:06:01:01
HG03209	AFR	SL17	asian_matched:DogoHLA	A	two_field	complete	1	1	0	1	A*01:01:01:34	A*30:189
HG03209	AFR	SL17	asian_matched:DogoHLA	A	four_field	complete	1	0	0	0	A*01:01:01:34	A*30:189
HG03209	AFR	SL17	asian_matched:DogoHLA	B	two_field	complete	1	1	1	2	B*50:01:01:01	B*27:03:01:01
HG03209	AFR	SL17	asian_matched:DogoHLA	B	four_field	complete	0	0	0	0	B*50:01:01:01	B*27:03:01:01
HG03209	AFR	SL17	asian_matched:DogoHLA	C	two_field	complete	1	1	1	2	C*06:02:01:01	C*07:18:01:01
HG03209	AFR	SL17	asian_matched:DogoHLA	C	four_field	complete	0	0	0	0	C*06:02:01:01	C*07:18:01:01
HG03209	AFR	SL17	asian_matched:DogoHLA	DPA1	two_field	complete	1	1	1	2	DPA1*02:01:01:01	DPA1*03:05:02Q
HG03209	AFR	SL17	asian_matched:DogoHLA	DPA1	four_field	complete	0	0	0	0	DPA1*02:01:01:01	DPA1*03:05:02Q
HG03209	AFR	SL17	asian_matched:DogoHLA	DPB1	two_field	complete	1	1	0	0	DPB1*158:01	DPB1*417:01:02
HG03209	AFR	SL17	asian_matched:DogoHLA	DPB1	four_field	complete	0	0	0	0	DPB1*158:01	DPB1*417:01:02
HG03209	AFR	SL17	asian_matched:DogoHLA	DQA1	two_field	complete	1	1	1	2	DQA1*03:03:01:01	DQA1*01:02:01:01
HG03209	AFR	SL17	asian_matched:DogoHLA	DQA1	four_field	complete	1	1	0	1	DQA1*03:03:01:01	DQA1*01:02:01:01
HG03209	AFR	SL17	asian_matched:DogoHLA	DQB1	two_field	complete	1	1	1	2	DQB1*06:02:01:01	DQB1*03:02:01:01
HG03209	AFR	SL17	asian_matched:DogoHLA	DQB1	four_field	complete	0	0	0	0	DQB1*06:02:01:01	DQB1*03:02:01:01
HG03209	AFR	SL17	asian_matched:DogoHLA	DRB1	two_field	complete	1	1	0	0	DRB1*04:09:01:01	DRB1*04:10:03
HG03209	AFR	SL17	asian_matched:DogoHLA	DRB1	four_field	complete	0	0	0	0	DRB1*04:09:01:01	DRB1*04:10:03
HG03209	AFR	SL17	asian_matched:DogoHLA-no-graph	A	two_field	complete	1	1	0	1	A*01:01:01:34	A*30:189
HG03209	AFR	SL17	asian_matched:DogoHLA-no-graph	A	four_field	complete	1	0	0	0	A*01:01:01:34	A*30:189
HG03209	AFR	SL17	asian_matched:DogoHLA-no-graph	B	two_field	complete	1	1	1	2	B*50:01:01:01	B*27:03:01:01
HG03209	AFR	SL17	asian_matched:DogoHLA-no-graph	B	four_field	complete	0	0	0	0	B*50:01:01:01	B*27:03:01:01
HG03209	AFR	SL17	asian_matched:DogoHLA-no-graph	C	two_field	complete	1	1	1	2	C*06:02:01:01	C*07:18:01:01
HG03209	AFR	SL17	asian_matched:DogoHLA-no-graph	C	four_field	complete	0	0	0	0	C*06:02:01:01	C*07:18:01:01
HG03209	AFR	SL17	asian_matched:DogoHLA-no-graph	DPA1	two_field	complete	1	1	1	2	DPA1*02:01:01:01	DPA1*03:05:02Q
HG03209	AFR	SL17	asian_matched:DogoHLA-no-graph	DPA1	four_field	complete	0	0	0	0	DPA1*02:01:01:01	DPA1*03:05:02Q
HG03209	AFR	SL17	asian_matched:DogoHLA-no-graph	DPB1	two_field	complete	1	1	0	0	DPB1*158:01	DPB1*417:01:02
HG03209	AFR	SL17	asian_matched:DogoHLA-no-graph	DPB1	four_field	complete	0	0	0	0	DPB1*158:01	DPB1*417:01:02
HG03209	AFR	SL17	asian_matched:DogoHLA-no-graph	DQA1	two_field	complete	1	1	1	2	DQA1*03:03:01:01	DQA1*01:02:01:01
HG03209	AFR	SL17	asian_matched:DogoHLA-no-graph	DQA1	four_field	complete	1	1	0	1	DQA1*03:03:01:01	DQA1*01:02:01:01
HG03209	AFR	SL17	asian_matched:DogoHLA-no-graph	DQB1	two_field	complete	1	1	1	2	DQB1*06:02:01:01	DQB1*03:02:01:01
HG03209	AFR	SL17	asian_matched:DogoHLA-no-graph	DQB1	four_field	complete	0	0	0	0	DQB1*06:02:01:01	DQB1*03:02:01:01
HG03209	AFR	SL17	asian_matched:DogoHLA-no-graph	DRB1	two_field	complete	1	1	0	0	DRB1*04:09:01:01	DRB1*04:10:03
HG03209	AFR	SL17	asian_matched:DogoHLA-no-graph	DRB1	four_field	complete	0	0	0	0	DRB1*04:09:01:01	DRB1*04:10:03
HG02976	AFR	NG24	SpecHLA-IPD365-noFreq	A	two_field	complete	1	1	0	1	A*01:01:01:01	A*03:370
HG02976	AFR	NG24	SpecHLA-IPD365-noFreq	A	four_field	complete	1	0	0	1	A*01:01:01:01	A*03:370
HG02976	AFR	NG24	SpecHLA-IPD365-noFreq	B	two_field	complete	1	1	1	2	B*15:03:01:01	B*15:10:01:09
HG02976	AFR	NG24	SpecHLA-IPD365-noFreq	B	four_field	complete	0	0	0	0	B*15:03:01:01	B*15:10:01:09
HG02976	AFR	NG24	SpecHLA-IPD365-noFreq	C	two_field	complete	1	1	1	2	C*04:01:01:01	C*02:10:01:01
HG02976	AFR	NG24	SpecHLA-IPD365-noFreq	C	four_field	complete	0	0	0	0	C*04:01:01:01	C*02:10:01:01
HG02976	AFR	NG24	SpecHLA-IPD365-noFreq	DPA1	two_field	complete	1	1	1	2	DPA1*01:03:01:152	DPA1*02:01:01:25
HG02976	AFR	NG24	SpecHLA-IPD365-noFreq	DPA1	four_field	complete	0	0	0	0	DPA1*01:03:01:152	DPA1*02:01:01:25
HG02976	AFR	NG24	SpecHLA-IPD365-noFreq	DPB1	two_field	complete	1	1	1	2	DPB1*02:01:02:111	DPB1*17:01:01:01
HG02976	AFR	NG24	SpecHLA-IPD365-noFreq	DPB1	four_field	complete	1	1	0	1	DPB1*02:01:02:111	DPB1*17:01:01:01
HG02976	AFR	NG24	SpecHLA-IPD365-noFreq	DQA1	two_field	complete	1	1	1	2	DQA1*01:02:01:01	DQA1*01:02:01:01
HG02976	AFR	NG24	SpecHLA-IPD365-noFreq	DQA1	four_field	complete	1	1	0	0	DQA1*01:02:01:01	DQA1*01:02:01:01
HG02976	AFR	NG24	SpecHLA-IPD365-noFreq	DQB1	two_field	complete	1	1	1	2	DQB1*06:02:01:01	DQB1*06:02:01:01
HG02976	AFR	NG24	SpecHLA-IPD365-noFreq	DQB1	four_field	complete	1	1	0	1	DQB1*06:02:01:01	DQB1*06:02:01:01
HG02976	AFR	NG24	SpecHLA-IPD365-noFreq	DRB1	two_field	complete	0	0	0	0	DRB1*15:01:01:25	DRB1*11:01:02:03
HG02976	AFR	NG24	SpecHLA-IPD365-noFreq	DRB1	four_field	complete	0	0	0	0	DRB1*15:01:01:25	DRB1*11:01:02:03
HG02976	AFR	NG24	SpecHLA-IPD365-long-noFreq	A	two_field	complete	1	1	0	1	A*03:370	A*01:01:01:01
HG02976	AFR	NG24	SpecHLA-IPD365-long-noFreq	A	four_field	complete	1	0	0	1	A*03:370	A*01:01:01:01
HG02976	AFR	NG24	SpecHLA-IPD365-long-noFreq	B	two_field	complete	1	1	1	2	B*15:03:01:01	B*15:10:01:09
HG02976	AFR	NG24	SpecHLA-IPD365-long-noFreq	B	four_field	complete	0	0	0	0	B*15:03:01:01	B*15:10:01:09
HG02976	AFR	NG24	SpecHLA-IPD365-long-noFreq	C	two_field	complete	1	1	1	2	C*04:01:01:01	C*02:10:01:01
HG02976	AFR	NG24	SpecHLA-IPD365-long-noFreq	C	four_field	complete	0	0	0	0	C*04:01:01:01	C*02:10:01:01
HG02976	AFR	NG24	SpecHLA-IPD365-long-noFreq	DPA1	two_field	complete	1	1	1	2	DPA1*01:03:01:152	DPA1*02:01:01:25
HG02976	AFR	NG24	SpecHLA-IPD365-long-noFreq	DPA1	four_field	complete	0	0	0	0	DPA1*01:03:01:152	DPA1*02:01:01:25
HG02976	AFR	NG24	SpecHLA-IPD365-long-noFreq	DPB1	two_field	complete	1	1	1	2	DPB1*02:01:02:111	DPB1*17:01:01:01
HG02976	AFR	NG24	SpecHLA-IPD365-long-noFreq	DPB1	four_field	complete	1	1	0	1	DPB1*02:01:02:111	DPB1*17:01:01:01
HG02976	AFR	NG24	SpecHLA-IPD365-long-noFreq	DQA1	two_field	complete	1	1	1	2	DQA1*01:02:01:01	DQA1*01:02:01:01
HG02976	AFR	NG24	SpecHLA-IPD365-long-noFreq	DQA1	four_field	complete	1	1	0	0	DQA1*01:02:01:01	DQA1*01:02:01:01
HG02976	AFR	NG24	SpecHLA-IPD365-long-noFreq	DQB1	two_field	complete	1	1	1	2	DQB1*06:02:01:01	DQB1*06:02:01:01
HG02976	AFR	NG24	SpecHLA-IPD365-long-noFreq	DQB1	four_field	complete	1	1	0	1	DQB1*06:02:01:01	DQB1*06:02:01:01
HG02976	AFR	NG24	SpecHLA-IPD365-long-noFreq	DRB1	two_field	complete	0	0	0	0	DRB1*15:01:01:25	DRB1*11:01:02:03
HG02976	AFR	NG24	SpecHLA-IPD365-long-noFreq	DRB1	four_field	complete	0	0	0	0	DRB1*15:01:01:25	DRB1*11:01:02:03
HG02976	AFR	NG24	T1K-four-field	A	two_field	complete	1	1	1	2	A*03:01:01:01	A*01:01:01:01
HG02976	AFR	NG24	T1K-four-field	A	four_field	complete	1	1	1	2	A*03:01:01:01	A*01:01:01:01
HG02976	AFR	NG24	T1K-four-field	B	two_field	complete	1	1	1	2	B*15:10:01:01	B*15:03:01:02
HG02976	AFR	NG24	T1K-four-field	B	four_field	complete	0	0	0	0	B*15:10:01:01	B*15:03:01:02
HG02976	AFR	NG24	T1K-four-field	C	two_field	complete	1	1	1	2	C*04:01:01:01	C*02:10:01:01
HG02976	AFR	NG24	T1K-four-field	C	four_field	complete	0	0	0	0	C*04:01:01:01	C*02:10:01:01
HG02976	AFR	NG24	T1K-four-field	DPA1	two_field	complete	1	1	1	2	DPA1*01:03:01:01	DPA1*02:01:01:01
HG02976	AFR	NG24	T1K-four-field	DPA1	four_field	complete	0	0	0	0	DPA1*01:03:01:01	DPA1*02:01:01:01
HG02976	AFR	NG24	T1K-four-field	DPB1	two_field	complete	1	1	1	2	DPB1*02:01:02:09	DPB1*17:01:01:01
HG02976	AFR	NG24	T1K-four-field	DPB1	four_field	complete	1	1	0	1	DPB1*02:01:02:09	DPB1*17:01:01:01
HG02976	AFR	NG24	T1K-four-field	DQA1	two_field	complete	1	1	1	2	DQA1*01:02:01:01	DQA1*01:02:01:01
HG02976	AFR	NG24	T1K-four-field	DQA1	four_field	complete	1	1	0	0	DQA1*01:02:01:01	DQA1*01:02:01:01
HG02976	AFR	NG24	T1K-four-field	DQB1	two_field	complete	1	1	1	2	DQB1*06:02:01:01	DQB1*06:02:01:01
HG02976	AFR	NG24	T1K-four-field	DQB1	four_field	complete	1	1	0	1	DQB1*06:02:01:01	DQB1*06:02:01:01
HG02976	AFR	NG24	T1K-four-field	DRB1	two_field	complete	0	0	0	0	DRB1*15:03:01:02	DRB1*11:01:02:03
HG02976	AFR	NG24	T1K-four-field	DRB1	four_field	complete	0	0	0	0	DRB1*15:03:01:02	DRB1*11:01:02:03
HG02976	AFR	NG24	full:DogoHLA	A	two_field	complete	1	1	0	0	A*11:335:01	A*03:43
HG02976	AFR	NG24	full:DogoHLA	A	four_field	complete	1	0	0	0	A*11:335:01	A*03:43
HG02976	AFR	NG24	full:DogoHLA	B	two_field	complete	1	1	1	2	B*15:03:01:02	B*15:10:01:01
HG02976	AFR	NG24	full:DogoHLA	B	four_field	complete	0	0	0	0	B*15:03:01:02	B*15:10:01:01
HG02976	AFR	NG24	full:DogoHLA	C	two_field	complete	1	1	1	2	C*02:10:01:01	C*04:01:01:01
HG02976	AFR	NG24	full:DogoHLA	C	four_field	complete	0	0	0	0	C*02:10:01:01	C*04:01:01:01
HG02976	AFR	NG24	full:DogoHLA	DPA1	two_field	complete	1	1	1	2	DPA1*02:01:01:01	DPA1*01:03:01:01
HG02976	AFR	NG24	full:DogoHLA	DPA1	four_field	complete	0	0	0	0	DPA1*02:01:01:01	DPA1*01:03:01:01
HG02976	AFR	NG24	full:DogoHLA	DPB1	two_field	complete	1	1	1	2	DPB1*17:01:01:01	DPB1*02:01:02:111
HG02976	AFR	NG24	full:DogoHLA	DPB1	four_field	complete	1	1	0	1	DPB1*17:01:01:01	DPB1*02:01:02:111
HG02976	AFR	NG24	full:DogoHLA	DQA1	two_field	complete	1	1	1	2	DQA1*01:02:01:01	DQA1*01:02:01:01
HG02976	AFR	NG24	full:DogoHLA	DQA1	four_field	complete	1	1	0	0	DQA1*01:02:01:01	DQA1*01:02:01:01
HG02976	AFR	NG24	full:DogoHLA	DQB1	two_field	complete	1	1	1	2	DQB1*06:02:01:01	DQB1*06:02:01:01
HG02976	AFR	NG24	full:DogoHLA	DQB1	four_field	complete	1	1	0	1	DQB1*06:02:01:01	DQB1*06:02:01:01
HG02976	AFR	NG24	full:DogoHLA	DRB1	two_field	complete	0	0	0	0	DRB1*15:01:01:25	DRB1*11:01:01:03
HG02976	AFR	NG24	full:DogoHLA	DRB1	four_field	complete	0	0	0	0	DRB1*15:01:01:25	DRB1*11:01:01:03
HG02976	AFR	NG24	full:DogoHLA-no-graph	A	two_field	complete	1	1	0	0	A*11:335:01	A*03:43
HG02976	AFR	NG24	full:DogoHLA-no-graph	A	four_field	complete	1	0	0	0	A*11:335:01	A*03:43
HG02976	AFR	NG24	full:DogoHLA-no-graph	B	two_field	complete	1	1	1	2	B*15:03:01:02	B*15:10:01:01
HG02976	AFR	NG24	full:DogoHLA-no-graph	B	four_field	complete	0	0	0	0	B*15:03:01:02	B*15:10:01:01
HG02976	AFR	NG24	full:DogoHLA-no-graph	C	two_field	complete	1	1	1	2	C*02:10:01:01	C*04:01:01:01
HG02976	AFR	NG24	full:DogoHLA-no-graph	C	four_field	complete	0	0	0	0	C*02:10:01:01	C*04:01:01:01
HG02976	AFR	NG24	full:DogoHLA-no-graph	DPA1	two_field	complete	1	1	1	2	DPA1*02:01:01:01	DPA1*01:03:01:01
HG02976	AFR	NG24	full:DogoHLA-no-graph	DPA1	four_field	complete	0	0	0	0	DPA1*02:01:01:01	DPA1*01:03:01:01
HG02976	AFR	NG24	full:DogoHLA-no-graph	DPB1	two_field	complete	1	1	1	2	DPB1*17:01:01:01	DPB1*02:01:02:111
HG02976	AFR	NG24	full:DogoHLA-no-graph	DPB1	four_field	complete	1	1	0	1	DPB1*17:01:01:01	DPB1*02:01:02:111
HG02976	AFR	NG24	full:DogoHLA-no-graph	DQA1	two_field	complete	1	1	1	2	DQA1*01:02:01:01	DQA1*01:02:01:01
HG02976	AFR	NG24	full:DogoHLA-no-graph	DQA1	four_field	complete	1	1	0	0	DQA1*01:02:01:01	DQA1*01:02:01:01
HG02976	AFR	NG24	full:DogoHLA-no-graph	DQB1	two_field	complete	1	1	1	2	DQB1*06:02:01:01	DQB1*06:02:01:01
HG02976	AFR	NG24	full:DogoHLA-no-graph	DQB1	four_field	complete	1	1	0	1	DQB1*06:02:01:01	DQB1*06:02:01:01
HG02976	AFR	NG24	full:DogoHLA-no-graph	DRB1	two_field	complete	0	0	0	0	DRB1*15:01:01:25	DRB1*11:01:01:03
HG02976	AFR	NG24	full:DogoHLA-no-graph	DRB1	four_field	complete	0	0	0	0	DRB1*15:01:01:25	DRB1*11:01:01:03
HG02976	AFR	NG24	hprc:DogoHLA	A	two_field	complete	1	1	0	0	A*11:335:01	A*03:43
HG02976	AFR	NG24	hprc:DogoHLA	A	four_field	complete	1	0	0	0	A*11:335:01	A*03:43
HG02976	AFR	NG24	hprc:DogoHLA	B	two_field	complete	1	1	1	2	B*15:03:01:02	B*15:10:01:01
HG02976	AFR	NG24	hprc:DogoHLA	B	four_field	complete	0	0	0	0	B*15:03:01:02	B*15:10:01:01
HG02976	AFR	NG24	hprc:DogoHLA	C	two_field	complete	1	1	1	2	C*02:10:01:01	C*04:01:01:01
HG02976	AFR	NG24	hprc:DogoHLA	C	four_field	complete	0	0	0	0	C*02:10:01:01	C*04:01:01:01
HG02976	AFR	NG24	hprc:DogoHLA	DPA1	two_field	complete	1	1	1	2	DPA1*02:01:01:01	DPA1*01:03:01:01
HG02976	AFR	NG24	hprc:DogoHLA	DPA1	four_field	complete	0	0	0	0	DPA1*02:01:01:01	DPA1*01:03:01:01
HG02976	AFR	NG24	hprc:DogoHLA	DPB1	two_field	complete	1	1	1	2	DPB1*17:01:01:01	DPB1*02:01:02:111
HG02976	AFR	NG24	hprc:DogoHLA	DPB1	four_field	complete	1	1	0	1	DPB1*17:01:01:01	DPB1*02:01:02:111
HG02976	AFR	NG24	hprc:DogoHLA	DQA1	two_field	complete	1	1	1	2	DQA1*01:02:01:01	DQA1*01:02:01:01
HG02976	AFR	NG24	hprc:DogoHLA	DQA1	four_field	complete	1	1	0	0	DQA1*01:02:01:01	DQA1*01:02:01:01
HG02976	AFR	NG24	hprc:DogoHLA	DQB1	two_field	complete	1	1	1	2	DQB1*06:02:01:01	DQB1*06:02:01:01
HG02976	AFR	NG24	hprc:DogoHLA	DQB1	four_field	complete	1	1	0	1	DQB1*06:02:01:01	DQB1*06:02:01:01
HG02976	AFR	NG24	hprc:DogoHLA	DRB1	two_field	complete	0	0	0	0	DRB1*15:01:01:25	DRB1*11:01:01:03
HG02976	AFR	NG24	hprc:DogoHLA	DRB1	four_field	complete	0	0	0	0	DRB1*15:01:01:25	DRB1*11:01:01:03
HG02976	AFR	NG24	hprc:DogoHLA-no-graph	A	two_field	complete	1	1	0	0	A*11:335:01	A*03:43
HG02976	AFR	NG24	hprc:DogoHLA-no-graph	A	four_field	complete	1	0	0	0	A*11:335:01	A*03:43
HG02976	AFR	NG24	hprc:DogoHLA-no-graph	B	two_field	complete	1	1	1	2	B*15:03:01:02	B*15:10:01:01
HG02976	AFR	NG24	hprc:DogoHLA-no-graph	B	four_field	complete	0	0	0	0	B*15:03:01:02	B*15:10:01:01
HG02976	AFR	NG24	hprc:DogoHLA-no-graph	C	two_field	complete	1	1	1	2	C*02:10:01:01	C*04:01:01:01
HG02976	AFR	NG24	hprc:DogoHLA-no-graph	C	four_field	complete	0	0	0	0	C*02:10:01:01	C*04:01:01:01
HG02976	AFR	NG24	hprc:DogoHLA-no-graph	DPA1	two_field	complete	1	1	1	2	DPA1*02:01:01:01	DPA1*01:03:01:01
HG02976	AFR	NG24	hprc:DogoHLA-no-graph	DPA1	four_field	complete	0	0	0	0	DPA1*02:01:01:01	DPA1*01:03:01:01
HG02976	AFR	NG24	hprc:DogoHLA-no-graph	DPB1	two_field	complete	1	1	1	2	DPB1*17:01:01:01	DPB1*02:01:02:111
HG02976	AFR	NG24	hprc:DogoHLA-no-graph	DPB1	four_field	complete	1	1	0	1	DPB1*17:01:01:01	DPB1*02:01:02:111
HG02976	AFR	NG24	hprc:DogoHLA-no-graph	DQA1	two_field	complete	1	1	1	2	DQA1*01:02:01:01	DQA1*01:02:01:01
HG02976	AFR	NG24	hprc:DogoHLA-no-graph	DQA1	four_field	complete	1	1	0	0	DQA1*01:02:01:01	DQA1*01:02:01:01
HG02976	AFR	NG24	hprc:DogoHLA-no-graph	DQB1	two_field	complete	1	1	1	2	DQB1*06:02:01:01	DQB1*06:02:01:01
HG02976	AFR	NG24	hprc:DogoHLA-no-graph	DQB1	four_field	complete	1	1	0	1	DQB1*06:02:01:01	DQB1*06:02:01:01
HG02976	AFR	NG24	hprc:DogoHLA-no-graph	DRB1	two_field	complete	0	0	0	0	DRB1*15:01:01:25	DRB1*11:01:01:03
HG02976	AFR	NG24	hprc:DogoHLA-no-graph	DRB1	four_field	complete	0	0	0	0	DRB1*15:01:01:25	DRB1*11:01:01:03
HG02976	AFR	NG24	asian_matched:DogoHLA	A	two_field	complete	1	1	0	0	A*11:335:01	A*03:43
HG02976	AFR	NG24	asian_matched:DogoHLA	A	four_field	complete	1	0	0	0	A*11:335:01	A*03:43
HG02976	AFR	NG24	asian_matched:DogoHLA	B	two_field	complete	1	1	1	2	B*15:03:01:02	B*15:10:01:01
HG02976	AFR	NG24	asian_matched:DogoHLA	B	four_field	complete	0	0	0	0	B*15:03:01:02	B*15:10:01:01
HG02976	AFR	NG24	asian_matched:DogoHLA	C	two_field	complete	1	1	1	2	C*02:10:01:01	C*04:01:01:01
HG02976	AFR	NG24	asian_matched:DogoHLA	C	four_field	complete	0	0	0	0	C*02:10:01:01	C*04:01:01:01
HG02976	AFR	NG24	asian_matched:DogoHLA	DPA1	two_field	complete	1	1	1	2	DPA1*02:01:01:01	DPA1*01:03:01:01
HG02976	AFR	NG24	asian_matched:DogoHLA	DPA1	four_field	complete	0	0	0	0	DPA1*02:01:01:01	DPA1*01:03:01:01
HG02976	AFR	NG24	asian_matched:DogoHLA	DPB1	two_field	complete	1	1	1	2	DPB1*17:01:01:01	DPB1*02:01:02:111
HG02976	AFR	NG24	asian_matched:DogoHLA	DPB1	four_field	complete	1	1	0	1	DPB1*17:01:01:01	DPB1*02:01:02:111
HG02976	AFR	NG24	asian_matched:DogoHLA	DQA1	two_field	complete	1	1	1	2	DQA1*01:02:01:01	DQA1*01:02:01:01
HG02976	AFR	NG24	asian_matched:DogoHLA	DQA1	four_field	complete	1	1	0	0	DQA1*01:02:01:01	DQA1*01:02:01:01
HG02976	AFR	NG24	asian_matched:DogoHLA	DQB1	two_field	complete	1	1	1	2	DQB1*06:02:01:01	DQB1*06:02:01:01
HG02976	AFR	NG24	asian_matched:DogoHLA	DQB1	four_field	complete	1	1	0	1	DQB1*06:02:01:01	DQB1*06:02:01:01
HG02976	AFR	NG24	asian_matched:DogoHLA	DRB1	two_field	complete	0	0	0	0	DRB1*15:01:01:25	DRB1*11:01:01:03
HG02976	AFR	NG24	asian_matched:DogoHLA	DRB1	four_field	complete	0	0	0	0	DRB1*15:01:01:25	DRB1*11:01:01:03
HG02976	AFR	NG24	asian_matched:DogoHLA-no-graph	A	two_field	complete	1	1	0	0	A*11:335:01	A*03:43
HG02976	AFR	NG24	asian_matched:DogoHLA-no-graph	A	four_field	complete	1	0	0	0	A*11:335:01	A*03:43
HG02976	AFR	NG24	asian_matched:DogoHLA-no-graph	B	two_field	complete	1	1	1	2	B*15:03:01:02	B*15:10:01:01
HG02976	AFR	NG24	asian_matched:DogoHLA-no-graph	B	four_field	complete	0	0	0	0	B*15:03:01:02	B*15:10:01:01
HG02976	AFR	NG24	asian_matched:DogoHLA-no-graph	C	two_field	complete	1	1	1	2	C*02:10:01:01	C*04:01:01:01
HG02976	AFR	NG24	asian_matched:DogoHLA-no-graph	C	four_field	complete	0	0	0	0	C*02:10:01:01	C*04:01:01:01
HG02976	AFR	NG24	asian_matched:DogoHLA-no-graph	DPA1	two_field	complete	1	1	1	2	DPA1*02:01:01:01	DPA1*01:03:01:01
HG02976	AFR	NG24	asian_matched:DogoHLA-no-graph	DPA1	four_field	complete	0	0	0	0	DPA1*02:01:01:01	DPA1*01:03:01:01
HG02976	AFR	NG24	asian_matched:DogoHLA-no-graph	DPB1	two_field	complete	1	1	1	2	DPB1*17:01:01:01	DPB1*02:01:02:111
HG02976	AFR	NG24	asian_matched:DogoHLA-no-graph	DPB1	four_field	complete	1	1	0	1	DPB1*17:01:01:01	DPB1*02:01:02:111
HG02976	AFR	NG24	asian_matched:DogoHLA-no-graph	DQA1	two_field	complete	1	1	1	2	DQA1*01:02:01:01	DQA1*01:02:01:01
HG02976	AFR	NG24	asian_matched:DogoHLA-no-graph	DQA1	four_field	complete	1	1	0	0	DQA1*01:02:01:01	DQA1*01:02:01:01
HG02976	AFR	NG24	asian_matched:DogoHLA-no-graph	DQB1	two_field	complete	1	1	1	2	DQB1*06:02:01:01	DQB1*06:02:01:01
HG02976	AFR	NG24	asian_matched:DogoHLA-no-graph	DQB1	four_field	complete	1	1	0	1	DQB1*06:02:01:01	DQB1*06:02:01:01
HG02976	AFR	NG24	asian_matched:DogoHLA-no-graph	DRB1	two_field	complete	0	0	0	0	DRB1*15:01:01:25	DRB1*11:01:01:03
HG02976	AFR	NG24	asian_matched:DogoHLA-no-graph	DRB1	four_field	complete	0	0	0	0	DRB1*15:01:01:25	DRB1*11:01:01:03
NA18879	AFR	Y021	SpecHLA-IPD365-noFreq	A	two_field	complete	1	1	1	2	A*23:17:01:01	A*03:01:02
NA18879	AFR	Y021	SpecHLA-IPD365-noFreq	A	four_field	complete	1	0	0	1	A*23:17:01:01	A*03:01:02
NA18879	AFR	Y021	SpecHLA-IPD365-noFreq	B	two_field	complete	1	1	1	2	B*42:01:01:01	B*35:01:01:06
NA18879	AFR	Y021	SpecHLA-IPD365-noFreq	B	four_field	complete	0	0	0	0	B*42:01:01:01	B*35:01:01:06
NA18879	AFR	Y021	SpecHLA-IPD365-noFreq	C	two_field	complete	1	1	1	2	C*04:01:01:01	C*17:01:01:02
NA18879	AFR	Y021	SpecHLA-IPD365-noFreq	C	four_field	complete	1	1	0	1	C*04:01:01:01	C*17:01:01:02
NA18879	AFR	Y021	SpecHLA-IPD365-noFreq	DPA1	two_field	complete	1	1	1	2	DPA1*02:02:02:01	DPA1*02:02:02:01
NA18879	AFR	Y021	SpecHLA-IPD365-noFreq	DPA1	four_field	complete	0	0	0	0	DPA1*02:02:02:01	DPA1*02:02:02:01
NA18879	AFR	Y021	SpecHLA-IPD365-noFreq	DPB1	two_field	complete	1	1	1	2	DPB1*01:01:01:01	DPB1*01:01:01:01
NA18879	AFR	Y021	SpecHLA-IPD365-noFreq	DPB1	four_field	complete	0	0	0	0	DPB1*01:01:01:01	DPB1*01:01:01:01
NA18879	AFR	Y021	SpecHLA-IPD365-noFreq	DQA1	two_field	complete	1	1	0	1	DQA1*01:03:03	DQA1*01:01:01:01
NA18879	AFR	Y021	SpecHLA-IPD365-noFreq	DQA1	four_field	complete	0	0	0	0	DQA1*01:03:03	DQA1*01:01:01:01
NA18879	AFR	Y021	SpecHLA-IPD365-noFreq	DQB1	two_field	complete	1	1	1	2	DQB1*06:03:01:02	DQB1*05:01:01:02
NA18879	AFR	Y021	SpecHLA-IPD365-noFreq	DQB1	four_field	complete	1	1	1	2	DQB1*06:03:01:02	DQB1*05:01:01:02
NA18879	AFR	Y021	SpecHLA-IPD365-noFreq	DRB1	two_field	complete	1	1	0	0	DRB1*14:21	DRB1*13:15
NA18879	AFR	Y021	SpecHLA-IPD365-noFreq	DRB1	four_field	complete	0	0	0	0	DRB1*14:21	DRB1*13:15
NA18879	AFR	Y021	SpecHLA-IPD365-long-noFreq	A	two_field	complete	1	1	1	2	A*23:17:01:01	A*03:01:02
NA18879	AFR	Y021	SpecHLA-IPD365-long-noFreq	A	four_field	complete	1	0	0	1	A*23:17:01:01	A*03:01:02
NA18879	AFR	Y021	SpecHLA-IPD365-long-noFreq	B	two_field	complete	1	1	1	2	B*42:01:01:01	B*35:01:01:06
NA18879	AFR	Y021	SpecHLA-IPD365-long-noFreq	B	four_field	complete	0	0	0	0	B*42:01:01:01	B*35:01:01:06
NA18879	AFR	Y021	SpecHLA-IPD365-long-noFreq	C	two_field	complete	1	1	1	2	C*04:01:01:01	C*17:01:01:02
NA18879	AFR	Y021	SpecHLA-IPD365-long-noFreq	C	four_field	complete	1	1	0	1	C*04:01:01:01	C*17:01:01:02
NA18879	AFR	Y021	SpecHLA-IPD365-long-noFreq	DPA1	two_field	complete	1	1	1	2	DPA1*02:02:02:01	DPA1*02:02:02:01
NA18879	AFR	Y021	SpecHLA-IPD365-long-noFreq	DPA1	four_field	complete	0	0	0	0	DPA1*02:02:02:01	DPA1*02:02:02:01
NA18879	AFR	Y021	SpecHLA-IPD365-long-noFreq	DPB1	two_field	complete	1	1	1	2	DPB1*01:01:01:01	DPB1*01:01:01:01
NA18879	AFR	Y021	SpecHLA-IPD365-long-noFreq	DPB1	four_field	complete	0	0	0	0	DPB1*01:01:01:01	DPB1*01:01:01:01
NA18879	AFR	Y021	SpecHLA-IPD365-long-noFreq	DQA1	two_field	complete	1	1	0	1	DQA1*01:03:03	DQA1*01:01:01:01
NA18879	AFR	Y021	SpecHLA-IPD365-long-noFreq	DQA1	four_field	complete	0	0	0	0	DQA1*01:03:03	DQA1*01:01:01:01
NA18879	AFR	Y021	SpecHLA-IPD365-long-noFreq	DQB1	two_field	complete	1	1	1	2	DQB1*06:03:01:02	DQB1*05:01:01:02
NA18879	AFR	Y021	SpecHLA-IPD365-long-noFreq	DQB1	four_field	complete	1	1	1	2	DQB1*06:03:01:02	DQB1*05:01:01:02
NA18879	AFR	Y021	SpecHLA-IPD365-long-noFreq	DRB1	two_field	complete	1	1	0	0	DRB1*13:15	DRB1*14:21
NA18879	AFR	Y021	SpecHLA-IPD365-long-noFreq	DRB1	four_field	complete	0	0	0	0	DRB1*13:15	DRB1*14:21
NA18879	AFR	Y021	T1K-four-field	A	two_field	complete	1	1	1	2	A*03:01:01:05	A*23:17:01:01
NA18879	AFR	Y021	T1K-four-field	A	four_field	complete	1	1	1	2	A*03:01:01:05	A*23:17:01:01
NA18879	AFR	Y021	T1K-four-field	B	two_field	complete	1	1	0	1	B*42:01:01:01	B*35:01:01:01,HLA-B*35:01:01:17,HLA-B*35:615
NA18879	AFR	Y021	T1K-four-field	B	four_field	complete	0	0	0	0	B*42:01:01:01	B*35:01:01:01,HLA-B*35:01:01:17,HLA-B*35:615
NA18879	AFR	Y021	T1K-four-field	C	two_field	complete	1	1	0	1	C*17:01:01:02	C*04:30
NA18879	AFR	Y021	T1K-four-field	C	four_field	complete	1	0	0	1	C*17:01:01:02	C*04:30
NA18879	AFR	Y021	T1K-four-field	DPA1	two_field	complete	1	1	1	2	DPA1*02:02:02:01	DPA1*02:02:02:01
NA18879	AFR	Y021	T1K-four-field	DPA1	four_field	complete	0	0	0	0	DPA1*02:02:02:01	DPA1*02:02:02:01
NA18879	AFR	Y021	T1K-four-field	DPB1	two_field	complete	1	1	1	2	DPB1*01:01:01:01	DPB1*01:01:01:01
NA18879	AFR	Y021	T1K-four-field	DPB1	four_field	complete	0	0	0	0	DPB1*01:01:01:01	DPB1*01:01:01:01
NA18879	AFR	Y021	T1K-four-field	DQA1	two_field	complete	1	1	1	2	DQA1*01:05:01:02	DQA1*01:03:01:01
NA18879	AFR	Y021	T1K-four-field	DQA1	four_field	complete	0	0	0	0	DQA1*01:05:01:02	DQA1*01:03:01:01
NA18879	AFR	Y021	T1K-four-field	DQB1	two_field	complete	1	1	1	2	DQB1*06:03:01:01	DQB1*05:01:01:01
NA18879	AFR	Y021	T1K-four-field	DQB1	four_field	complete	1	1	0	0	DQB1*06:03:01:01	DQB1*05:01:01:01
NA18879	AFR	Y021	T1K-four-field	DRB1	two_field	complete	1	1	1	2	DRB1*13:01:01:10	DRB1*03:02:01:01
NA18879	AFR	Y021	T1K-four-field	DRB1	four_field	complete	0	0	0	0	DRB1*13:01:01:10	DRB1*03:02:01:01
NA18879	AFR	Y021	full:DogoHLA	A	two_field	complete	1	1	0	0	A*11:335:02	A*23:148
NA18879	AFR	Y021	full:DogoHLA	A	four_field	complete	1	0	0	0	A*11:335:02	A*23:148
NA18879	AFR	Y021	full:DogoHLA	B	two_field	complete	1	1	1	2	B*35:01:01:06	B*42:01:01:01
NA18879	AFR	Y021	full:DogoHLA	B	four_field	complete	0	0	0	0	B*35:01:01:06	B*42:01:01:01
NA18879	AFR	Y021	full:DogoHLA	C	two_field	complete	1	1	1	2	C*17:01:01:02	C*04:01:01:01
NA18879	AFR	Y021	full:DogoHLA	C	four_field	complete	1	1	0	1	C*17:01:01:02	C*04:01:01:01
NA18879	AFR	Y021	full:DogoHLA	DPA1	two_field	complete	1	1	1	2	DPA1*02:02:02:01	DPA1*02:02:02:01
NA18879	AFR	Y021	full:DogoHLA	DPA1	four_field	complete	0	0	0	0	DPA1*02:02:02:01	DPA1*02:02:02:01
NA18879	AFR	Y021	full:DogoHLA	DPB1	two_field	complete	1	1	1	2	DPB1*01:01:01:01	DPB1*01:01:01:01
NA18879	AFR	Y021	full:DogoHLA	DPB1	four_field	complete	0	0	0	0	DPB1*01:01:01:01	DPB1*01:01:01:01
NA18879	AFR	Y021	full:DogoHLA	DQA1	two_field	complete	1	1	1	2	DQA1*01:05:01:01	DQA1*01:03:03
NA18879	AFR	Y021	full:DogoHLA	DQA1	four_field	complete	0	0	0	0	DQA1*01:05:01:01	DQA1*01:03:03
NA18879	AFR	Y021	full:DogoHLA	DQB1	two_field	complete	1	1	1	2	DQB1*05:01:01:02	DQB1*06:03:01:02
NA18879	AFR	Y021	full:DogoHLA	DQB1	four_field	complete	1	1	1	2	DQB1*05:01:01:02	DQB1*06:03:01:02
NA18879	AFR	Y021	full:DogoHLA	DRB1	two_field	complete	1	1	1	2	DRB1*03:02:01:01	DRB1*13:01:01:23
NA18879	AFR	Y021	full:DogoHLA	DRB1	four_field	complete	0	0	0	0	DRB1*03:02:01:01	DRB1*13:01:01:23
NA18879	AFR	Y021	full:DogoHLA-no-graph	A	two_field	complete	1	1	0	0	A*11:335:02	A*23:148
NA18879	AFR	Y021	full:DogoHLA-no-graph	A	four_field	complete	1	0	0	0	A*11:335:02	A*23:148
NA18879	AFR	Y021	full:DogoHLA-no-graph	B	two_field	complete	1	1	1	2	B*35:01:01:06	B*42:01:01:01
NA18879	AFR	Y021	full:DogoHLA-no-graph	B	four_field	complete	0	0	0	0	B*35:01:01:06	B*42:01:01:01
NA18879	AFR	Y021	full:DogoHLA-no-graph	C	two_field	complete	1	1	1	2	C*17:01:01:02	C*04:01:01:01
NA18879	AFR	Y021	full:DogoHLA-no-graph	C	four_field	complete	1	1	0	1	C*17:01:01:02	C*04:01:01:01
NA18879	AFR	Y021	full:DogoHLA-no-graph	DPA1	two_field	complete	1	1	1	2	DPA1*02:02:02:01	DPA1*02:02:02:01
NA18879	AFR	Y021	full:DogoHLA-no-graph	DPA1	four_field	complete	0	0	0	0	DPA1*02:02:02:01	DPA1*02:02:02:01
NA18879	AFR	Y021	full:DogoHLA-no-graph	DPB1	two_field	complete	1	1	1	2	DPB1*01:01:01:01	DPB1*01:01:01:01
NA18879	AFR	Y021	full:DogoHLA-no-graph	DPB1	four_field	complete	0	0	0	0	DPB1*01:01:01:01	DPB1*01:01:01:01
NA18879	AFR	Y021	full:DogoHLA-no-graph	DQA1	two_field	complete	1	1	1	2	DQA1*01:05:01:01	DQA1*01:03:03
NA18879	AFR	Y021	full:DogoHLA-no-graph	DQA1	four_field	complete	0	0	0	0	DQA1*01:05:01:01	DQA1*01:03:03
NA18879	AFR	Y021	full:DogoHLA-no-graph	DQB1	two_field	complete	1	1	1	2	DQB1*05:01:01:02	DQB1*06:03:01:02
NA18879	AFR	Y021	full:DogoHLA-no-graph	DQB1	four_field	complete	1	1	1	2	DQB1*05:01:01:02	DQB1*06:03:01:02
NA18879	AFR	Y021	full:DogoHLA-no-graph	DRB1	two_field	complete	1	1	1	2	DRB1*03:02:01:01	DRB1*13:01:01:23
NA18879	AFR	Y021	full:DogoHLA-no-graph	DRB1	four_field	complete	0	0	0	0	DRB1*03:02:01:01	DRB1*13:01:01:23
NA18879	AFR	Y021	hprc:DogoHLA	A	two_field	complete	1	1	0	0	A*23:148	A*11:335:02
NA18879	AFR	Y021	hprc:DogoHLA	A	four_field	complete	1	0	0	0	A*23:148	A*11:335:02
NA18879	AFR	Y021	hprc:DogoHLA	B	two_field	complete	1	1	1	2	B*35:01:01:06	B*42:01:01:01
NA18879	AFR	Y021	hprc:DogoHLA	B	four_field	complete	0	0	0	0	B*35:01:01:06	B*42:01:01:01
NA18879	AFR	Y021	hprc:DogoHLA	C	two_field	complete	1	1	1	2	C*17:01:01:02	C*04:01:01:01
NA18879	AFR	Y021	hprc:DogoHLA	C	four_field	complete	1	1	0	1	C*17:01:01:02	C*04:01:01:01
NA18879	AFR	Y021	hprc:DogoHLA	DPA1	two_field	complete	1	1	1	2	DPA1*02:02:02:01	DPA1*02:02:02:01
NA18879	AFR	Y021	hprc:DogoHLA	DPA1	four_field	complete	0	0	0	0	DPA1*02:02:02:01	DPA1*02:02:02:01
NA18879	AFR	Y021	hprc:DogoHLA	DPB1	two_field	complete	1	1	1	2	DPB1*01:01:01:01	DPB1*01:01:01:01
NA18879	AFR	Y021	hprc:DogoHLA	DPB1	four_field	complete	0	0	0	0	DPB1*01:01:01:01	DPB1*01:01:01:01
NA18879	AFR	Y021	hprc:DogoHLA	DQA1	two_field	complete	1	1	1	2	DQA1*01:05:01:01	DQA1*01:03:03
NA18879	AFR	Y021	hprc:DogoHLA	DQA1	four_field	complete	0	0	0	0	DQA1*01:05:01:01	DQA1*01:03:03
NA18879	AFR	Y021	hprc:DogoHLA	DQB1	two_field	complete	1	1	1	2	DQB1*05:01:01:02	DQB1*06:03:01:02
NA18879	AFR	Y021	hprc:DogoHLA	DQB1	four_field	complete	1	1	1	2	DQB1*05:01:01:02	DQB1*06:03:01:02
NA18879	AFR	Y021	hprc:DogoHLA	DRB1	two_field	complete	1	1	1	2	DRB1*03:02:01:01	DRB1*13:01:01:23
NA18879	AFR	Y021	hprc:DogoHLA	DRB1	four_field	complete	0	0	0	0	DRB1*03:02:01:01	DRB1*13:01:01:23
NA18879	AFR	Y021	hprc:DogoHLA-no-graph	A	two_field	complete	1	1	0	0	A*23:148	A*11:335:02
NA18879	AFR	Y021	hprc:DogoHLA-no-graph	A	four_field	complete	1	0	0	0	A*23:148	A*11:335:02
NA18879	AFR	Y021	hprc:DogoHLA-no-graph	B	two_field	complete	1	1	1	2	B*35:01:01:06	B*42:01:01:01
NA18879	AFR	Y021	hprc:DogoHLA-no-graph	B	four_field	complete	0	0	0	0	B*35:01:01:06	B*42:01:01:01
NA18879	AFR	Y021	hprc:DogoHLA-no-graph	C	two_field	complete	1	1	1	2	C*17:01:01:02	C*04:01:01:01
NA18879	AFR	Y021	hprc:DogoHLA-no-graph	C	four_field	complete	1	1	0	1	C*17:01:01:02	C*04:01:01:01
NA18879	AFR	Y021	hprc:DogoHLA-no-graph	DPA1	two_field	complete	1	1	1	2	DPA1*02:02:02:01	DPA1*02:02:02:01
NA18879	AFR	Y021	hprc:DogoHLA-no-graph	DPA1	four_field	complete	0	0	0	0	DPA1*02:02:02:01	DPA1*02:02:02:01
NA18879	AFR	Y021	hprc:DogoHLA-no-graph	DPB1	two_field	complete	1	1	1	2	DPB1*01:01:01:01	DPB1*01:01:01:01
NA18879	AFR	Y021	hprc:DogoHLA-no-graph	DPB1	four_field	complete	0	0	0	0	DPB1*01:01:01:01	DPB1*01:01:01:01
NA18879	AFR	Y021	hprc:DogoHLA-no-graph	DQA1	two_field	complete	1	1	1	2	DQA1*01:05:01:01	DQA1*01:03:03
NA18879	AFR	Y021	hprc:DogoHLA-no-graph	DQA1	four_field	complete	0	0	0	0	DQA1*01:05:01:01	DQA1*01:03:03
NA18879	AFR	Y021	hprc:DogoHLA-no-graph	DQB1	two_field	complete	1	1	1	2	DQB1*05:01:01:02	DQB1*06:03:01:02
NA18879	AFR	Y021	hprc:DogoHLA-no-graph	DQB1	four_field	complete	1	1	1	2	DQB1*05:01:01:02	DQB1*06:03:01:02
NA18879	AFR	Y021	hprc:DogoHLA-no-graph	DRB1	two_field	complete	1	1	1	2	DRB1*03:02:01:01	DRB1*13:01:01:23
NA18879	AFR	Y021	hprc:DogoHLA-no-graph	DRB1	four_field	complete	0	0	0	0	DRB1*03:02:01:01	DRB1*13:01:01:23
NA18879	AFR	Y021	asian_matched:DogoHLA	A	two_field	complete	1	1	0	0	A*23:148	A*11:335:02
NA18879	AFR	Y021	asian_matched:DogoHLA	A	four_field	complete	1	0	0	0	A*23:148	A*11:335:02
NA18879	AFR	Y021	asian_matched:DogoHLA	B	two_field	complete	1	1	1	2	B*35:01:01:06	B*42:01:01:01
NA18879	AFR	Y021	asian_matched:DogoHLA	B	four_field	complete	0	0	0	0	B*35:01:01:06	B*42:01:01:01
NA18879	AFR	Y021	asian_matched:DogoHLA	C	two_field	complete	1	1	1	2	C*17:01:01:02	C*04:01:01:01
NA18879	AFR	Y021	asian_matched:DogoHLA	C	four_field	complete	1	1	0	1	C*17:01:01:02	C*04:01:01:01
NA18879	AFR	Y021	asian_matched:DogoHLA	DPA1	two_field	complete	1	1	1	2	DPA1*02:02:02:01	DPA1*02:02:02:01
NA18879	AFR	Y021	asian_matched:DogoHLA	DPA1	four_field	complete	0	0	0	0	DPA1*02:02:02:01	DPA1*02:02:02:01
NA18879	AFR	Y021	asian_matched:DogoHLA	DPB1	two_field	complete	1	1	1	2	DPB1*01:01:01:01	DPB1*01:01:01:01
NA18879	AFR	Y021	asian_matched:DogoHLA	DPB1	four_field	complete	0	0	0	0	DPB1*01:01:01:01	DPB1*01:01:01:01
NA18879	AFR	Y021	asian_matched:DogoHLA	DQA1	two_field	complete	1	1	1	2	DQA1*01:05:01:01	DQA1*01:03:03
NA18879	AFR	Y021	asian_matched:DogoHLA	DQA1	four_field	complete	0	0	0	0	DQA1*01:05:01:01	DQA1*01:03:03
NA18879	AFR	Y021	asian_matched:DogoHLA	DQB1	two_field	complete	1	1	1	2	DQB1*05:01:01:02	DQB1*06:03:01:02
NA18879	AFR	Y021	asian_matched:DogoHLA	DQB1	four_field	complete	1	1	1	2	DQB1*05:01:01:02	DQB1*06:03:01:02
NA18879	AFR	Y021	asian_matched:DogoHLA	DRB1	two_field	complete	1	1	1	2	DRB1*03:02:01:01	DRB1*13:01:01:23
NA18879	AFR	Y021	asian_matched:DogoHLA	DRB1	four_field	complete	0	0	0	0	DRB1*03:02:01:01	DRB1*13:01:01:23
NA18879	AFR	Y021	asian_matched:DogoHLA-no-graph	A	two_field	complete	1	1	0	0	A*23:148	A*11:335:02
NA18879	AFR	Y021	asian_matched:DogoHLA-no-graph	A	four_field	complete	1	0	0	0	A*23:148	A*11:335:02
NA18879	AFR	Y021	asian_matched:DogoHLA-no-graph	B	two_field	complete	1	1	1	2	B*35:01:01:06	B*42:01:01:01
NA18879	AFR	Y021	asian_matched:DogoHLA-no-graph	B	four_field	complete	0	0	0	0	B*35:01:01:06	B*42:01:01:01
NA18879	AFR	Y021	asian_matched:DogoHLA-no-graph	C	two_field	complete	1	1	1	2	C*17:01:01:02	C*04:01:01:01
NA18879	AFR	Y021	asian_matched:DogoHLA-no-graph	C	four_field	complete	1	1	0	1	C*17:01:01:02	C*04:01:01:01
NA18879	AFR	Y021	asian_matched:DogoHLA-no-graph	DPA1	two_field	complete	1	1	1	2	DPA1*02:02:02:01	DPA1*02:02:02:01
NA18879	AFR	Y021	asian_matched:DogoHLA-no-graph	DPA1	four_field	complete	0	0	0	0	DPA1*02:02:02:01	DPA1*02:02:02:01
NA18879	AFR	Y021	asian_matched:DogoHLA-no-graph	DPB1	two_field	complete	1	1	1	2	DPB1*01:01:01:01	DPB1*01:01:01:01
NA18879	AFR	Y021	asian_matched:DogoHLA-no-graph	DPB1	four_field	complete	0	0	0	0	DPB1*01:01:01:01	DPB1*01:01:01:01
NA18879	AFR	Y021	asian_matched:DogoHLA-no-graph	DQA1	two_field	complete	1	1	1	2	DQA1*01:05:01:01	DQA1*01:03:03
NA18879	AFR	Y021	asian_matched:DogoHLA-no-graph	DQA1	four_field	complete	0	0	0	0	DQA1*01:05:01:01	DQA1*01:03:03
NA18879	AFR	Y021	asian_matched:DogoHLA-no-graph	DQB1	two_field	complete	1	1	1	2	DQB1*05:01:01:02	DQB1*06:03:01:02
NA18879	AFR	Y021	asian_matched:DogoHLA-no-graph	DQB1	four_field	complete	1	1	1	2	DQB1*05:01:01:02	DQB1*06:03:01:02
NA18879	AFR	Y021	asian_matched:DogoHLA-no-graph	DRB1	two_field	complete	1	1	1	2	DRB1*03:02:01:01	DRB1*13:01:01:23
NA18879	AFR	Y021	asian_matched:DogoHLA-no-graph	DRB1	four_field	complete	0	0	0	0	DRB1*03:02:01:01	DRB1*13:01:01:23
