cohort	donor	family	population	superpopulation	dev	gourraud	cram
test_A_loo	HG00097	HG00097	GBR	EUR	0	1	/usr/local/shared_data/public-human-genomes/GRCh38/1000Genomes/CRAM/HG00097/HG00097.cram
test_A_loo	HG00099	HG00099	GBR	EUR	0	1	/usr/local/shared_data/public-human-genomes/GRCh38/1000Genomes/CRAM/HG00099/HG00099.cram
test_A_loo	HG00126	HG00126	GBR	EUR	0	1	/usr/local/shared_data/public-human-genomes/GRCh38/1000Genomes/CRAM/HG00126/HG00126.cram
test_A_loo	HG00128	HG00128	GBR	EUR	0	1	/usr/local/shared_data/public-human-genomes/GRCh38/1000Genomes/CRAM/HG00128/HG00128.cram
test_A_loo	HG00133	HG00133	GBR	EUR	0	1	/usr/local/shared_data/public-human-genomes/GRCh38/1000Genomes/CRAM/HG00133/HG00133.cram
test_A_loo	HG00140	HG00140	GBR	EUR	0	1	/usr/local/shared_data/public-human-genomes/GRCh38/1000Genomes/CRAM/HG00140/HG00140.cram
test_A_loo	HG00146	GBR002	GBR	EUR	0	1	/usr/local/shared_data/public-human-genomes/GRCh38/1000Genomes/CRAM/HG00146/HG00146.cram
test_A_loo	HG00232	HG00232	GBR	EUR	0	1	/usr/local/shared_data/public-human-genomes/GRCh38/1000Genomes/CRAM/HG00232/HG00232.cram
test_A_loo	HG00235	HG00235	GBR	EUR	0	1	/usr/local/shared_data/public-human-genomes/GRCh38/1000Genomes/CRAM/HG00235/HG00235.cram
test_A_loo	HG00253	HG00253	GBR	EUR	0	1	/usr/local/shared_data/public-human-genomes/GRCh38/1000Genomes/CRAM/HG00253/HG00253.cram
test_A_loo	HG00272	HG00272	FIN	EUR	0	1	/usr/local/shared_data/public-human-genomes/GRCh38/1000Genomes/CRAM/HG00272/HG00272.cram
test_A_loo	HG00280	HG00280	FIN	EUR	0	1	/usr/local/shared_data/public-human-genomes/GRCh38/1000Genomes/CRAM/HG00280/HG00280.cram
test_A_loo	HG00290	HG00290	FIN	EUR	0	0	/usr/local/shared_data/public-human-genomes/GRCh38/1000Genomes/CRAM/HG00290/HG00290.cram
test_A_loo	HG00320	HG00320	FIN	EUR	0	1	/usr/local/shared_data/public-human-genomes/GRCh38/1000Genomes/CRAM/HG00320/HG00320.cram
test_A_loo	HG00321	HG00321	FIN	EUR	0	1	/usr/local/shared_data/public-human-genomes/GRCh38/1000Genomes/CRAM/HG00321/HG00321.cram
test_A_loo	HG00323	HG00323	FIN	EUR	0	1	/usr/local/shared_data/public-human-genomes/GRCh38/1000Genomes/CRAM/HG00323/HG00323.cram
test_A_loo	HG00329	HG00329	FIN	EUR	0	1	/usr/local/shared_data/public-human-genomes/GRCh38/1000Genomes/CRAM/HG00329/HG00329.cram
test_A_loo	HG00344	HG00344	FIN	EUR	0	1	/usr/local/shared_data/public-human-genomes/GRCh38/1000Genomes/CRAM/HG00344/HG00344.cram
test_A_loo	HG00350	HG00350	FIN	EUR	0	1	/usr/local/shared_data/public-human-genomes/GRCh38/1000Genomes/CRAM/HG00350/HG00350.cram
test_A_loo	HG00408	SH002	CHS	EAS	0	0	https://s3.amazonaws.com/1000genomes/1000G_2504_high_coverage/additional_698_related/data/ERR3988762/HG00408.final.cram
test_A_loo	HG00423	SH007	CHS	EAS	0	0	https://s3.amazonaws.com/1000genomes/1000G_2504_high_coverage/additional_698_related/data/ERR3988765/HG00423.final.cram
test_A_loo	HG00438	SH012	CHS	EAS	0	0	https://s3.amazonaws.com/1000genomes/1000G_2504_high_coverage/additional_698_related/data/ERR3988768/HG00438.final.cram
test_A_loo	HG00544	SH042	CHS	EAS	0	0	https://s3.amazonaws.com/1000genomes/1000G_2504_high_coverage/additional_698_related/data/ERR3988786/HG00544.final.cram
test_A_loo	HG00558	SH045	CHS	EAS	1	0	https://s3.amazonaws.com/1000genomes/1000G_2504_high_coverage/additional_698_related/data/ERR3988789/HG00558.final.cram
test_A_loo	HG00597	SH058	CHS	EAS	0	0	https://s3.amazonaws.com/1000genomes/1000G_2504_high_coverage/additional_698_related/data/ERR3988799/HG00597.final.cram
test_A_loo	HG00609	SH062	CHS	EAS	1	0	https://s3.amazonaws.com/1000genomes/1000G_2504_high_coverage/additional_698_related/data/ERR3988800/HG00609.final.cram
test_A_loo	HG00621	SH066	CHS	EAS	0	0	https://s3.amazonaws.com/1000genomes/1000G_2504_high_coverage/additional_698_related/data/ERR3988803/HG00621.final.cram
test_A_loo	HG00639	PR03	PUR	AMR	0	0	https://s3.amazonaws.com/1000genomes/1000G_2504_high_coverage/additional_698_related/data/ERR3988808/HG00639.final.cram
test_A_loo	HG00642	PR04	PUR	AMR	0	0	https://s3.amazonaws.com/1000genomes/1000G_2504_high_coverage/additional_698_related/data/ERR3988809/HG00642.final.cram
test_A_loo	HG00658	SH074	CHS	EAS	1	0	https://s3.amazonaws.com/1000genomes/1000G_2504_high_coverage/additional_698_related/data/ERR3988812/HG00658.final.cram
test_A_loo	HG00673	SH079	CHS	EAS	0	0	https://s3.amazonaws.com/1000genomes/1000G_2504_high_coverage/additional_698_related/data/ERR3988814/HG00673.final.cram
test_A_loo	HG00706	SH090	CHS	EAS	1	0	https://s3.amazonaws.com/1000genomes/1000G_2504_high_coverage/additional_698_related/data/ERR3988821/HG00706.final.cram
test_A_loo	HG00733	PR05	PUR	AMR	0	0	https://s3.amazonaws.com/1000genomes/1000G_2504_high_coverage/additional_698_related/data/ERR3988823/HG00733.final.cram
test_A_loo	HG00735	PR06	PUR	AMR	0	0	https://s3.amazonaws.com/1000genomes/1000G_2504_high_coverage/additional_698_related/data/ERR3988824/HG00735.final.cram
test_A_loo	HG00738	PR07	PUR	AMR	0	0	https://s3.amazonaws.com/1000genomes/1000G_2504_high_coverage/additional_698_related/data/ERR3988825/HG00738.final.cram
test_A_loo	HG00741	PR09	PUR	AMR	0	0	https://s3.amazonaws.com/1000genomes/1000G_2504_high_coverage/additional_698_related/data/ERR3988826/HG00741.final.cram
test_A_loo	HG01071	PR17	PUR	AMR	0	0	https://s3.amazonaws.com/1000genomes/1000G_2504_high_coverage/additional_698_related/data/ERR3988832/HG01071.final.cram
test_A_loo	HG01074	PR18	PUR	AMR	0	0	https://s3.amazonaws.com/1000genomes/1000G_2504_high_coverage/additional_698_related/data/ERR3988833/HG01074.final.cram
test_A_loo	HG01081	PR21	PUR	AMR	0	0	https://s3.amazonaws.com/1000genomes/1000G_2504_high_coverage/additional_698_related/data/ERR3988834/HG01081.final.cram
test_A_loo	HG01099	PR31	PUR	AMR	0	0	https://s3.amazonaws.com/1000genomes/1000G_2504_high_coverage/additional_698_related/data/ERR3988838/HG01099.final.cram
test_A_loo	HG01106	PR25	PUR	AMR	0	0	https://s3.amazonaws.com/1000genomes/1000G_2504_high_coverage/additional_698_related/data/ERR3988841/HG01106.final.cram
test_A_loo	HG01109	PR33	PUR	AMR	0	0	https://s3.amazonaws.com/1000genomes/1000G_2504_high_coverage/additional_698_related/data/ERR3988842/HG01109.final.cram
test_A_loo	HG01150	CLM12	CLM	AMR	0	0	https://s3.amazonaws.com/1000genomes/1000G_2504_high_coverage/additional_698_related/data/ERR3988848/HG01150.final.cram
test_A_loo	HG01167	PR39	PUR	AMR	0	1	/usr/local/shared_data/public-human-genomes/GRCh38/1000Genomes/CRAM/HG01167/HG01167.cram
test_A_loo	HG01175	PR36	PUR	AMR	0	0	https://s3.amazonaws.com/1000genomes/1000G_2504_high_coverage/additional_698_related/data/ERR3988851/HG01175.final.cram
test_A_loo	HG01192	PR40	PUR	AMR	0	0	https://s3.amazonaws.com/1000genomes/1000G_2504_high_coverage/additional_698_related/data/ERR3988855/HG01192.final.cram
test_A_loo	HG01243	PR22	PUR	AMR	0	0	https://s3.amazonaws.com/1000genomes/1000G_2504_high_coverage/additional_698_related/data/ERR3988858/HG01243.final.cram
test_A_loo	HG01252	CLM14	CLM	AMR	0	0	https://s3.amazonaws.com/1000genomes/1000G_2504_high_coverage/additional_698_related/data/ERR3988860/HG01252.final.cram
test_A_loo	HG01255	CLM15	CLM	AMR	0	0	https://s3.amazonaws.com/1000genomes/1000G_2504_high_coverage/additional_698_related/data/ERR3988861/HG01255.final.cram
test_A_loo	HG01258	CLM16	CLM	AMR	0	0	https://s3.amazonaws.com/1000genomes/1000G_2504_high_coverage/additional_698_related/data/ERR3988862/HG01258.final.cram
test_A_loo	HG01261	CLM17	CLM	AMR	0	0	https://s3.amazonaws.com/1000genomes/1000G_2504_high_coverage/additional_698_related/data/ERR3988863/HG01261.final.cram
test_A_loo	HG01346	CLM27	CLM	AMR	0	0	https://s3.amazonaws.com/1000genomes/1000G_2504_high_coverage/additional_698_related/data/ERR3988870/HG01346.final.cram
test_A_loo	HG01358	CLM31	CLM	AMR	0	0	https://s3.amazonaws.com/1000genomes/1000G_2504_high_coverage/additional_698_related/data/ERR3988875/HG01358.final.cram
test_A_loo	HG01361	CLM32	CLM	AMR	0	0	https://s3.amazonaws.com/1000genomes/1000G_2504_high_coverage/additional_698_related/data/ERR3988876/HG01361.final.cram
test_A_loo	HG01433	CLM43	CLM	AMR	0	0	https://s3.amazonaws.com/1000genomes/1000G_2504_high_coverage/additional_698_related/data/ERR3988882/HG01433.final.cram
test_A_loo	HG01496	CLM64	CLM	AMR	0	0	https://s3.amazonaws.com/1000genomes/1000G_2504_high_coverage/additional_698_related/data/ERR3988889/HG01496.final.cram
test_A_loo	HG01530	IBS011	IBS	EUR	0	0	/usr/local/shared_data/public-human-genomes/GRCh38/1000Genomes/CRAM/HG01530/HG01530.cram
test_A_loo	HG01784	IBS053	IBS	EUR	0	0	/usr/local/shared_data/public-human-genomes/GRCh38/1000Genomes/CRAM/HG01784/HG01784.cram
test_A_loo	HG01786	IBS054	IBS	EUR	0	0	/usr/local/shared_data/public-human-genomes/GRCh38/1000Genomes/CRAM/HG01786/HG01786.cram
test_A_loo	HG01884	BB03	ACB	AFR	0	0	https://s3.amazonaws.com/1000genomes/1000G_2504_high_coverage/additional_698_related/data/ERR3988940/HG01884.final.cram
test_A_loo	HG01891	BB05	ACB	AFR	0	0	https://s3.amazonaws.com/1000genomes/1000G_2504_high_coverage/additional_698_related/data/ERR3988943/HG01891.final.cram
test_A_loo	HG01928	PEL011	PEL	AMR	0	0	https://s3.amazonaws.com/1000genomes/1000G_2504_high_coverage/additional_698_related/data/ERR3988951/HG01928.final.cram
test_A_loo	HG01934	PEL013	PEL	AMR	0	0	https://s3.amazonaws.com/1000genomes/1000G_2504_high_coverage/additional_698_related/data/ERR3988952/HG01934.final.cram
test_A_loo	HG01940	PEL015	PEL	AMR	0	0	https://s3.amazonaws.com/1000genomes/1000G_2504_high_coverage/additional_698_related/data/ERR3988954/HG01940.final.cram
test_A_loo	HG01943	PEL016	PEL	AMR	0	0	https://s3.amazonaws.com/1000genomes/1000G_2504_high_coverage/additional_698_related/data/ERR3988955/HG01943.final.cram
test_A_loo	HG01952	PEL019	PEL	AMR	0	0	https://s3.amazonaws.com/1000genomes/1000G_2504_high_coverage/additional_698_related/data/ERR3988958/HG01952.final.cram
test_A_loo	HG01960	BB11	ACB	AFR	0	0	https://s3.amazonaws.com/1000genomes/1000G_2504_high_coverage/additional_698_related/data/ERR3988961/HG01960.final.cram
test_A_loo	HG01969	PEL023	PEL	AMR	0	0	https://s3.amazonaws.com/1000genomes/1000G_2504_high_coverage/additional_698_related/data/ERR3988962/HG01969.final.cram
test_A_loo	HG01975	PEL25	PEL	AMR	0	0	https://s3.amazonaws.com/1000genomes/1000G_2504_high_coverage/additional_698_related/data/ERR3988964/HG01975.final.cram
test_A_loo	HG01978	PEL26	PEL	AMR	0	0	https://s3.amazonaws.com/1000genomes/1000G_2504_high_coverage/additional_698_related/data/ERR3988965/HG01978.final.cram
test_A_loo	HG01981	PEL27	PEL	AMR	0	0	https://s3.amazonaws.com/1000genomes/1000G_2504_high_coverage/additional_698_related/data/ERR3988966/HG01981.final.cram
test_A_loo	HG01993	PEL29	PEL	AMR	0	0	https://s3.amazonaws.com/1000genomes/1000G_2504_high_coverage/additional_698_related/data/ERR3988970/HG01993.final.cram
test_A_loo	HG02004	PEL33	PEL	AMR	0	0	https://s3.amazonaws.com/1000genomes/1000G_2504_high_coverage/additional_698_related/data/ERR3988972/HG02004.final.cram
test_A_loo	HG02015	VN046	KHV	EAS	0	0	https://s3.amazonaws.com/1000genomes/1000G_2504_high_coverage/additional_698_related/data/ERR3988974/HG02015.final.cram
test_A_loo	HG02027	VN050	KHV	EAS	1	0	https://s3.amazonaws.com/1000genomes/1000G_2504_high_coverage/additional_698_related/data/ERR3988977/HG02027.final.cram
test_A_loo	HG02040	VN054	KHV	EAS	0	0	/usr/local/shared_data/public-human-genomes/GRCh38/1000Genomes/CRAM/HG02040/HG02040.cram
test_A_loo	HG02055	BB15	ACB	AFR	0	0	https://s3.amazonaws.com/1000genomes/1000G_2504_high_coverage/additional_698_related/data/ERR3988979/HG02055.final.cram
test_A_loo	HG02056	VN060	KHV	EAS	0	0	https://s3.amazonaws.com/1000genomes/1000G_2504_high_coverage/additional_698_related/data/ERR3988980/HG02056.final.cram
test_A_loo	HG02071	VN065	KHV	EAS	0	0	https://s3.amazonaws.com/1000genomes/1000G_2504_high_coverage/additional_698_related/data/ERR3988983/HG02071.final.cram
test_A_loo	HG02074	VN066	KHV	EAS	1	0	https://s3.amazonaws.com/1000genomes/1000G_2504_high_coverage/additional_698_related/data/ERR3988984/HG02074.final.cram
test_A_loo	HG02080	VN068	KHV	EAS	0	0	https://s3.amazonaws.com/1000genomes/1000G_2504_high_coverage/additional_698_related/data/ERR3988986/HG02080.final.cram
test_A_loo	HG02083	VN069	KHV	EAS	0	0	https://s3.amazonaws.com/1000genomes/1000G_2504_high_coverage/additional_698_related/data/ERR3988987/HG02083.final.cram
test_A_loo	HG02129	VN079	KHV	EAS	0	0	https://s3.amazonaws.com/1000genomes/1000G_2504_high_coverage/additional_698_related/data/ERR3988992/HG02129.final.cram
test_A_loo	HG02132	VN080	KHV	EAS	1	0	https://s3.amazonaws.com/1000genomes/1000G_2504_high_coverage/additional_698_related/data/ERR3988993/HG02132.final.cram
test_A_loo	HG02135	VN081	KHV	EAS	0	0	https://s3.amazonaws.com/1000genomes/1000G_2504_high_coverage/additional_698_related/data/ERR3988994/HG02135.final.cram
test_A_loo	HG02145	BB20	ACB	AFR	0	0	https://s3.amazonaws.com/1000genomes/1000G_2504_high_coverage/additional_698_related/data/ERR3988995/HG02145.final.cram
test_A_loo	HG02148	PEL39	PEL	AMR	0	0	https://s3.amazonaws.com/1000genomes/1000G_2504_high_coverage/additional_698_related/data/ERR3988996/HG02148.final.cram
test_A_loo	HG02155	HG02155	CDX	EAS	1	0	/usr/local/shared_data/public-human-genomes/GRCh38/1000Genomes/CRAM/HG02155/HG02155.cram
test_A_loo	HG02165	HG02165	CDX	EAS	1	0	/usr/local/shared_data/public-human-genomes/GRCh38/1000Genomes/CRAM/HG02165/HG02165.cram
test_A_loo	HG02178	HG02178	CDX	EAS	1	0	/usr/local/shared_data/public-human-genomes/GRCh38/1000Genomes/CRAM/HG02178/HG02178.cram
test_A_loo	HG02257	BB21	ACB	AFR	0	0	https://s3.amazonaws.com/1000genomes/1000G_2504_high_coverage/additional_698_related/data/ERR3989003/HG02257.final.cram
test_A_loo	HG02258	BB22	ACB	AFR	0	0	https://s3.amazonaws.com/1000genomes/1000G_2504_high_coverage/additional_698_related/data/ERR3989004/HG02258.final.cram
test_A_loo	HG02273	PEL46	PEL	AMR	0	0	https://s3.amazonaws.com/1000genomes/1000G_2504_high_coverage/additional_698_related/data/ERR3989006/HG02273.final.cram
test_A_loo	HG02280	BB23	ACB	AFR	0	0	https://s3.amazonaws.com/1000genomes/1000G_2504_high_coverage/additional_698_related/data/ERR3989008/HG02280.final.cram
test_A_loo	HG02293	PEL51	PEL	AMR	0	0	https://s3.amazonaws.com/1000genomes/1000G_2504_high_coverage/additional_698_related/data/ERR3989010/HG02293.final.cram
test_A_loo	HG02300	PEL52	PEL	AMR	0	0	https://s3.amazonaws.com/1000genomes/1000G_2504_high_coverage/additional_698_related/data/ERR3989011/HG02300.final.cram
test_A_loo	HG02391	HG02391	CDX	EAS	1	0	/usr/local/shared_data/public-human-genomes/GRCh38/1000Genomes/CRAM/HG02391/HG02391.cram
test_A_loo	HG02392	HG02392	CDX	EAS	0	0	/usr/local/shared_data/public-human-genomes/GRCh38/1000Genomes/CRAM/HG02392/HG02392.cram
test_A_loo	HG02451	BB46	ACB	AFR	0	0	https://s3.amazonaws.com/1000genomes/1000G_2504_high_coverage/additional_698_related/data/ERR3989016/HG02451.final.cram
test_A_loo	HG02514	VN087	KHV	EAS	0	0	https://s3.amazonaws.com/1000genomes/1000G_2504_high_coverage/additional_698_related/data/ERR3989021/HG02514.final.cram
test_A_loo	HG02523	VN090	KHV	EAS	1	0	https://s3.amazonaws.com/1000genomes/1000G_2504_high_coverage/additional_698_related/data/ERR3989022/HG02523.final.cram
test_A_loo	HG02572	GB21	GWD	AFR	0	0	https://s3.amazonaws.com/1000genomes/1000G_2504_high_coverage/additional_698_related/data/ERR3989028/HG02572.final.cram
test_A_loo	HG02583	GB23	GWD	AFR	0	0	/usr/local/shared_data/public-human-genomes/GRCh38/1000Genomes/CRAM/HG02583/HG02583.cram
test_A_loo	HG02602	PK09	PJL	SAS	1	0	https://s3.amazonaws.com/1000genomes/1000G_2504_high_coverage/additional_698_related/data/ERR3989034/HG02602.final.cram
test_A_loo	HG02615	GB29	GWD	AFR	0	0	https://s3.amazonaws.com/1000genomes/1000G_2504_high_coverage/additional_698_related/data/ERR3989037/HG02615.final.cram
test_A_loo	HG02622	GB31	GWD	AFR	0	0	https://s3.amazonaws.com/1000genomes/1000G_2504_high_coverage/additional_698_related/data/ERR3989038/HG02622.final.cram
test_A_loo	HG02630	GB33	GWD	AFR	0	0	https://s3.amazonaws.com/1000genomes/1000G_2504_high_coverage/additional_698_related/data/ERR3989040/HG02630.final.cram
test_A_loo	HG02647	GB38	GWD	AFR	0	0	https://s3.amazonaws.com/1000genomes/1000G_2504_high_coverage/additional_698_related/data/ERR3989043/HG02647.final.cram
test_A_loo	HG02668	GB40	GWD	AFR	0	0	https://s3.amazonaws.com/1000genomes/1000G_2504_high_coverage/additional_698_related/data/ERR3989049/HG02668.final.cram
test_A_loo	HG02698	PK21	PJL	SAS	0	0	https://s3.amazonaws.com/1000genomes/1000G_2504_high_coverage/additional_698_related/data/ERR3989056/HG02698.final.cram
test_A_loo	HG02717	GB50	GWD	AFR	0	0	https://s3.amazonaws.com/1000genomes/1000G_2504_high_coverage/additional_698_related/data/ERR3989059/HG02717.final.cram
test_A_loo	HG02723	GB52	GWD	AFR	0	0	https://s3.amazonaws.com/1000genomes/1000G_2504_high_coverage/additional_698_related/data/ERR3989060/HG02723.final.cram
test_A_loo	HG02735	PK26	PJL	SAS	0	0	https://s3.amazonaws.com/1000genomes/1000G_2504_high_coverage/additional_698_related/data/ERR3989063/HG02735.final.cram
test_A_loo	HG02738	PK27	PJL	SAS	1	0	https://s3.amazonaws.com/1000genomes/1000G_2504_high_coverage/additional_698_related/data/ERR3989064/HG02738.final.cram
test_A_loo	HG02809	GB63	GWD	AFR	0	0	https://s3.amazonaws.com/1000genomes/1000G_2504_high_coverage/additional_698_related/data/ERR3989077/HG02809.final.cram
test_A_loo	HG02818	GB66	GWD	AFR	0	0	https://s3.amazonaws.com/1000genomes/1000G_2504_high_coverage/additional_698_related/data/ERR3989080/HG02818.final.cram
test_A_loo	HG02841	GB74	GWD	AFR	0	0	https://s3.amazonaws.com/1000genomes/1000G_2504_high_coverage/additional_698_related/data/ERR3989083/HG02841.final.cram
test_A_loo	HG02886	GB89	GWD	AFR	0	0	https://s3.amazonaws.com/1000genomes/1000G_2504_high_coverage/additional_698_related/data/ERR3989091/HG02886.final.cram
test_A_loo	HG02922	NG06	ESN	AFR	0	0	/usr/local/shared_data/public-human-genomes/GRCh38/1000Genomes/CRAM/HG02922/HG02922.cram
test_A_loo	HG02965	NG20	ESN	AFR	0	0	https://s3.amazonaws.com/1000genomes/1000G_2504_high_coverage/additional_698_related/data/ERR3989100/HG02965.final.cram
test_A_loo	HG02976	NG24	ESN	AFR	0	0	/usr/local/shared_data/public-human-genomes/GRCh38/1000Genomes/CRAM/HG02976/HG02976.cram
test_A_loo	HG02984	GB97	GWD	AFR	0	0	https://s3.amazonaws.com/1000genomes/1000G_2504_high_coverage/additional_698_related/data/ERR3989106/HG02984.final.cram
test_A_loo	HG03017	PK35	PJL	SAS	1	0	https://s3.amazonaws.com/1000genomes/1000G_2504_high_coverage/additional_698_related/data/ERR3989108/HG03017.final.cram
test_A_loo	HG03041	GB110	GWD	AFR	0	0	https://s3.amazonaws.com/1000genomes/1000G_2504_high_coverage/additional_698_related/data/ERR3989114/HG03041.final.cram
test_A_loo	HG03050	GB113	GWD	AFR	0	0	https://s3.amazonaws.com/1000genomes/1000G_2504_high_coverage/additional_698_related/data/ERR3989116/HG03050.final.cram
test_A_loo	HG03098	SL16	MSL	AFR	0	0	https://s3.amazonaws.com/1000genomes/1000G_2504_high_coverage/additional_698_related/data/ERR3989119/HG03098.final.cram
test_A_loo	HG03130	NG36	ESN	AFR	0	0	/usr/local/shared_data/public-human-genomes/GRCh38/1000Genomes/CRAM/HG03130/HG03130.cram
test_A_loo	HG03139	NG39	ESN	AFR	0	0	/usr/local/shared_data/public-human-genomes/GRCh38/1000Genomes/CRAM/HG03139/HG03139.cram
test_A_loo	HG03195	NG58	ESN	AFR	0	0	/usr/local/shared_data/public-human-genomes/GRCh38/1000Genomes/CRAM/HG03195/HG03195.cram
test_A_loo	HG03209	SL17	MSL	AFR	0	0	/usr/local/shared_data/public-human-genomes/GRCh38/1000Genomes/CRAM/HG03209/HG03209.cram
test_A_loo	HG03225	SL23	MSL	AFR	0	0	/usr/local/shared_data/public-human-genomes/GRCh38/1000Genomes/CRAM/HG03225/HG03225.cram
test_A_loo	HG03239	PK41	PJL	SAS	1	0	https://s3.amazonaws.com/1000genomes/1000G_2504_high_coverage/additional_698_related/data/ERR3989139/HG03239.final.cram
test_A_loo	HG03270	NG65	ESN	AFR	0	0	/usr/local/shared_data/public-human-genomes/GRCh38/1000Genomes/CRAM/HG03270/HG03270.cram
test_A_loo	HG03369	NG98	ESN	AFR	0	0	/usr/local/shared_data/public-human-genomes/GRCh38/1000Genomes/CRAM/HG03369/HG03369.cram
test_A_loo	HG03453	SL50	MSL	AFR	0	0	https://s3.amazonaws.com/1000genomes/1000G_2504_high_coverage/additional_698_related/data/ERR3989166/HG03453.final.cram
test_A_loo	HG03470	SL56	MSL	AFR	0	0	/usr/local/shared_data/public-human-genomes/GRCh38/1000Genomes/CRAM/HG03470/HG03470.cram
test_A_loo	HG03486	SL61	MSL	AFR	0	0	https://s3.amazonaws.com/1000genomes/1000G_2504_high_coverage/additional_698_related/data/ERR3989170/HG03486.final.cram
test_A_loo	HG03516	NG107	ESN	AFR	0	0	https://s3.amazonaws.com/1000genomes/1000G_2504_high_coverage/additional_698_related/data/ERR3989174/HG03516.final.cram
test_A_loo	HG03521	NG109	ESN	AFR	0	0	/usr/local/shared_data/public-human-genomes/GRCh38/1000Genomes/CRAM/HG03521/HG03521.cram
test_A_loo	HG03540	GB125	GWD	AFR	0	0	https://s3.amazonaws.com/1000genomes/1000G_2504_high_coverage/additional_698_related/data/ERR3989177/HG03540.final.cram
test_A_loo	HG03579	SL72	MSL	AFR	0	0	https://s3.amazonaws.com/1000genomes/1000G_2504_high_coverage/additional_698_related/data/ERR3989180/HG03579.final.cram
test_A_loo	HG03583	SL73	MSL	AFR	0	0	/usr/local/shared_data/public-human-genomes/GRCh38/1000Genomes/CRAM/HG03583/HG03583.cram
test_A_loo	HG03654	PK53	PJL	SAS	0	0	https://s3.amazonaws.com/1000genomes/1000G_2504_high_coverage/additional_698_related/data/ERR3989196/HG03654.final.cram
test_A_loo	HG03669	PK58	PJL	SAS	0	0	https://s3.amazonaws.com/1000genomes/1000G_2504_high_coverage/additional_698_related/data/ERR3989197/HG03669.final.cram
test_A_loo	HG03688	ST016	STU	SAS	1	0	https://s3.amazonaws.com/1000genomes/1000G_2504_high_coverage/additional_698_related/data/ERR3989200/HG03688.final.cram
test_A_loo	HG03704	PK60	PJL	SAS	0	0	https://s3.amazonaws.com/1000genomes/1000G_2504_high_coverage/additional_698_related/data/ERR3989204/HG03704.final.cram
test_A_loo	HG03710	PK62	PJL	SAS	0	0	https://s3.amazonaws.com/1000genomes/1000G_2504_high_coverage/additional_698_related/data/ERR3989206/HG03710.final.cram
test_A_loo	HG03742	IT015	ITU	SAS	1	0	/usr/local/shared_data/public-human-genomes/GRCh38/1000Genomes/CRAM/HG03742/HG03742.cram
test_A_loo	HG03784	IT023	ITU	SAS	1	0	/usr/local/shared_data/public-human-genomes/GRCh38/1000Genomes/CRAM/HG03784/HG03784.cram
test_A_loo	HG03804	BD18	BEB	SAS	1	0	https://s3.amazonaws.com/1000genomes/1000G_2504_high_coverage/additional_698_related/data/ERR3989219/HG03804.final.cram
test_A_loo	HG03816	BD22	BEB	SAS	0	0	https://s3.amazonaws.com/1000genomes/1000G_2504_high_coverage/additional_698_related/data/ERR3989222/HG03816.final.cram
test_A_loo	HG03831	BD27	BEB	SAS	1	0	https://s3.amazonaws.com/1000genomes/1000G_2504_high_coverage/additional_698_related/data/ERR3989224/HG03831.final.cram
test_A_loo	HG03834	BD28	BEB	SAS	0	0	https://s3.amazonaws.com/1000genomes/1000G_2504_high_coverage/additional_698_related/data/ERR3989225/HG03834.final.cram
test_A_loo	HG03874	IT006	ITU	SAS	1	0	/usr/local/shared_data/public-human-genomes/GRCh38/1000Genomes/CRAM/HG03874/HG03874.cram
test_A_loo	HG03927	BD37	BEB	SAS	1	0	https://s3.amazonaws.com/1000genomes/1000G_2504_high_coverage/additional_698_related/data/ERR3989230/HG03927.final.cram
test_A_loo	HG03942	BD42	BEB	SAS	0	0	https://s3.amazonaws.com/1000genomes/1000G_2504_high_coverage/additional_698_related/data/ERR3989233/HG03942.final.cram
test_A_loo	HG04115	ST111	STU	SAS	1	0	https://s3.amazonaws.com/1000genomes/1000G_2504_high_coverage/additional_698_related/data/ERR3989236/HG04115.final.cram
test_A_loo	HG04157	BD52	BEB	SAS	1	0	https://s3.amazonaws.com/1000genomes/1000G_2504_high_coverage/additional_698_related/data/ERR3989249/HG04157.final.cram
test_A_loo	HG04160	BD53	BEB	SAS	0	0	https://s3.amazonaws.com/1000genomes/1000G_2504_high_coverage/additional_698_related/data/ERR3989250/HG04160.final.cram
test_A_loo	HG04184	BD61	BEB	SAS	0	0	https://s3.amazonaws.com/1000genomes/1000G_2504_high_coverage/additional_698_related/data/ERR3989253/HG04184.final.cram
test_A_loo	HG04187	BD62	BEB	SAS	1	0	https://s3.amazonaws.com/1000genomes/1000G_2504_high_coverage/additional_698_related/data/ERR3989254/HG04187.final.cram
test_A_loo	HG04199	ST203	STU	SAS	1	0	https://s3.amazonaws.com/1000genomes/1000G_2504_high_coverage/additional_698_related/data/ERR3989258/HG04199.final.cram
test_A_loo	HG04204	ST006	STU	SAS	1	0	https://s3.amazonaws.com/1000genomes/1000G_2504_high_coverage/additional_698_related/data/ERR3989259/HG04204.final.cram
test_A_loo	HG04228	ST232	STU	SAS	0	0	https://s3.amazonaws.com/1000genomes/1000G_2504_high_coverage/additional_698_related/data/ERR3989262/HG04228.final.cram
test_A_loo	NA18505	Y005	YRI	AFR	0	1	/usr/local/shared_data/public-human-genomes/GRCh38/1000Genomes/CRAM/NA18505/NA18505.cram
test_A_loo	NA18508	Y009	YRI	AFR	0	1	/usr/local/shared_data/public-human-genomes/GRCh38/1000Genomes/CRAM/NA18508/NA18508.cram
test_A_loo	NA18522	Y016	YRI	AFR	0	1	/usr/local/shared_data/public-human-genomes/GRCh38/1000Genomes/CRAM/NA18522/NA18522.cram
test_A_loo	NA18565	NA18565	CHB	EAS	0	0	/usr/local/shared_data/public-human-genomes/GRCh38/1000Genomes/CRAM/NA18565/NA18565.cram
test_A_loo	NA18570	NA18570	CHB	EAS	1	1	/usr/local/shared_data/public-human-genomes/GRCh38/1000Genomes/CRAM/NA18570/NA18570.cram
test_A_loo	NA18608	NA18608	CHB	EAS	1	1	/usr/local/shared_data/public-human-genomes/GRCh38/1000Genomes/CRAM/NA18608/NA18608.cram
test_A_loo	NA18620	NA18620	CHB	EAS	1	1	/usr/local/shared_data/public-human-genomes/GRCh38/1000Genomes/CRAM/NA18620/NA18620.cram
test_A_loo	NA18747	NA18747	CHB	EAS	1	1	/usr/local/shared_data/public-human-genomes/GRCh38/1000Genomes/CRAM/NA18747/NA18747.cram
test_A_loo	NA18879	Y021	YRI	AFR	0	0	/usr/local/shared_data/public-human-genomes/GRCh38/1000Genomes/CRAM/NA18879/NA18879.cram
test_A_loo	NA18906	Y020	YRI	AFR	0	0	https://s3.amazonaws.com/1000genomes/1000G_2504_high_coverage/additional_698_related/data/ERR3989364/NA18906.final.cram
test_A_loo	NA18940	NA18940	JPT	EAS	1	1	/usr/local/shared_data/public-human-genomes/GRCh38/1000Genomes/CRAM/NA18940/NA18940.cram
test_A_loo	NA18943	NA18943	JPT	EAS	0	1	/usr/local/shared_data/public-human-genomes/GRCh38/1000Genomes/CRAM/NA18943/NA18943.cram
test_A_loo	NA18944	NA18944	JPT	EAS	0	1	/usr/local/shared_data/public-human-genomes/GRCh38/1000Genomes/CRAM/NA18944/NA18944.cram
test_A_loo	NA18945	NA18945	JPT	EAS	0	1	/usr/local/shared_data/public-human-genomes/GRCh38/1000Genomes/CRAM/NA18945/NA18945.cram
test_A_loo	NA18948	NA18948	JPT	EAS	0	1	/usr/local/shared_data/public-human-genomes/GRCh38/1000Genomes/CRAM/NA18948/NA18948.cram
test_A_loo	NA18952	NA18952	JPT	EAS	1	1	/usr/local/shared_data/public-human-genomes/GRCh38/1000Genomes/CRAM/NA18952/NA18952.cram
test_A_loo	NA18959	NA18959	JPT	EAS	0	1	/usr/local/shared_data/public-human-genomes/GRCh38/1000Genomes/CRAM/NA18959/NA18959.cram
test_A_loo	NA18960	NA18960	JPT	EAS	0	1	/usr/local/shared_data/public-human-genomes/GRCh38/1000Genomes/CRAM/NA18960/NA18960.cram
test_A_loo	NA18967	NA18967	JPT	EAS	0	1	/usr/local/shared_data/public-human-genomes/GRCh38/1000Genomes/CRAM/NA18967/NA18967.cram
test_A_loo	NA18970	NA18970	JPT	EAS	0	1	/usr/local/shared_data/public-human-genomes/GRCh38/1000Genomes/CRAM/NA18970/NA18970.cram
test_A_loo	NA18971	NA18971	JPT	EAS	0	1	/usr/local/shared_data/public-human-genomes/GRCh38/1000Genomes/CRAM/NA18971/NA18971.cram
test_A_loo	NA18974	NA18974	JPT	EAS	0	1	/usr/local/shared_data/public-human-genomes/GRCh38/1000Genomes/CRAM/NA18974/NA18974.cram
test_A_loo	NA18976	NA18976	JPT	EAS	0	1	/usr/local/shared_data/public-human-genomes/GRCh38/1000Genomes/CRAM/NA18976/NA18976.cram
test_A_loo	NA18982	NA18982	JPT	EAS	0	0	/usr/local/shared_data/public-human-genomes/GRCh38/1000Genomes/CRAM/NA18982/NA18982.cram
test_A_loo	NA18983	NA18983	JPT	EAS	0	0	/usr/local/shared_data/public-human-genomes/GRCh38/1000Genomes/CRAM/NA18983/NA18983.cram
test_A_loo	NA18990	NA18990	JPT	EAS	0	1	/usr/local/shared_data/public-human-genomes/GRCh38/1000Genomes/CRAM/NA18990/NA18990.cram
test_A_loo	NA19007	NA19007	JPT	EAS	0	1	/usr/local/shared_data/public-human-genomes/GRCh38/1000Genomes/CRAM/NA19007/NA19007.cram
test_A_loo	NA19036	NA19036	LWK	AFR	0	1	/usr/local/shared_data/public-human-genomes/GRCh38/1000Genomes/CRAM/NA19036/NA19036.cram
test_A_loo	NA19043	NA19043	LWK	AFR	0	0	/usr/local/shared_data/public-human-genomes/GRCh38/1000Genomes/CRAM/NA19043/NA19043.cram
test_A_loo	NA19066	NA19066	JPT	EAS	0	1	/usr/local/shared_data/public-human-genomes/GRCh38/1000Genomes/CRAM/NA19066/NA19066.cram
test_A_loo	NA19079	NA19079	JPT	EAS	0	1	/usr/local/shared_data/public-human-genomes/GRCh38/1000Genomes/CRAM/NA19079/NA19079.cram
test_A_loo	NA19087	NA19087	JPT	EAS	1	1	/usr/local/shared_data/public-human-genomes/GRCh38/1000Genomes/CRAM/NA19087/NA19087.cram
test_A_loo	NA19088	NA19088	JPT	EAS	1	1	/usr/local/shared_data/public-human-genomes/GRCh38/1000Genomes/CRAM/NA19088/NA19088.cram
test_A_loo	NA19159	Y056	YRI	AFR	0	1	/usr/local/shared_data/public-human-genomes/GRCh38/1000Genomes/CRAM/NA19159/NA19159.cram
test_A_loo	NA19185	Y039	YRI	AFR	0	0	/usr/local/shared_data/public-human-genomes/GRCh38/1000Genomes/CRAM/NA19185/NA19185.cram
test_A_loo	NA19240	Y117	YRI	AFR	0	1	https://s3.amazonaws.com/1000genomes/1000G_2504_high_coverage/additional_698_related/data/ERR3989410/NA19240.final.cram
test_A_loo	NA19338	NA19338	LWK	AFR	0	0	/usr/local/shared_data/public-human-genomes/GRCh38/1000Genomes/CRAM/NA19338/NA19338.cram
test_A_loo	NA19391	NA19391	LWK	AFR	0	1	/usr/local/shared_data/public-human-genomes/GRCh38/1000Genomes/CRAM/NA19391/NA19391.cram
test_A_loo	NA19443	NA19443	LWK	AFR	0	1	/usr/local/shared_data/public-human-genomes/GRCh38/1000Genomes/CRAM/NA19443/NA19443.cram
test_A_loo	NA19468	NA19468	LWK	AFR	0	1	/usr/local/shared_data/public-human-genomes/GRCh38/1000Genomes/CRAM/NA19468/NA19468.cram
test_A_loo	NA19682	m010	MXL	AMR	0	1	/usr/local/shared_data/public-human-genomes/GRCh38/1000Genomes/CRAM/NA19682/NA19682.cram
test_A_loo	NA19700	2367	ASW	AFR	0	1	/usr/local/shared_data/public-human-genomes/GRCh38/1000Genomes/CRAM/NA19700/NA19700.cram
test_A_loo	NA19776	m034	MXL	AMR	0	1	/usr/local/shared_data/public-human-genomes/GRCh38/1000Genomes/CRAM/NA19776/NA19776.cram
test_A_loo	NA19835	2424	ASW	AFR	0	1	/usr/local/shared_data/public-human-genomes/GRCh38/1000Genomes/CRAM/NA19835/NA19835.cram
test_A_loo	NA19909	2427	ASW	AFR	0	1	/usr/local/shared_data/public-human-genomes/GRCh38/1000Genomes/CRAM/NA19909/NA19909.cram
test_A_loo	NA20129	2433	ASW	AFR	0	1	https://s3.amazonaws.com/1000genomes/1000G_2504_high_coverage/additional_698_related/data/ERR3989456/NA20129.final.cram
test_A_loo	NA20282	2469	ASW	AFR	0	1	/usr/local/shared_data/public-human-genomes/GRCh38/1000Genomes/CRAM/NA20282/NA20282.cram
test_A_loo	NA20346	2490	ASW	AFR	0	1	/usr/local/shared_data/public-human-genomes/GRCh38/1000Genomes/CRAM/NA20346/NA20346.cram
test_A_loo	NA20503	NA20503	TSI	EUR	0	0	/usr/local/shared_data/public-human-genomes/GRCh38/1000Genomes/CRAM/NA20503/NA20503.cram
test_A_loo	NA20752	NA20752	TSI	EUR	0	1	/usr/local/shared_data/public-human-genomes/GRCh38/1000Genomes/CRAM/NA20752/NA20752.cram
test_A_loo	NA20762	NA20762	TSI	EUR	0	0	/usr/local/shared_data/public-human-genomes/GRCh38/1000Genomes/CRAM/NA20762/NA20762.cram
test_A_loo	NA20799	NA20799	TSI	EUR	0	1	/usr/local/shared_data/public-human-genomes/GRCh38/1000Genomes/CRAM/NA20799/NA20799.cram
test_A_loo	NA20805	NA20805	TSI	EUR	0	1	/usr/local/shared_data/public-human-genomes/GRCh38/1000Genomes/CRAM/NA20805/NA20805.cram
test_A_loo	NA20806	NA20806	TSI	EUR	0	1	/usr/local/shared_data/public-human-genomes/GRCh38/1000Genomes/CRAM/NA20806/NA20806.cram
test_A_loo	NA20809	NA20809	TSI	EUR	0	1	/usr/local/shared_data/public-human-genomes/GRCh38/1000Genomes/CRAM/NA20809/NA20809.cram
test_A_loo	NA20827	NA20827	TSI	EUR	0	0	/usr/local/shared_data/public-human-genomes/GRCh38/1000Genomes/CRAM/NA20827/NA20827.cram
test_A_loo	NA20850	NA20850	GIH	SAS	0	0	/usr/local/shared_data/public-human-genomes/GRCh38/1000Genomes/CRAM/NA20850/NA20850.cram
test_A_loo	NA20870	NA20870	GIH	SAS	0	0	/usr/local/shared_data/public-human-genomes/GRCh38/1000Genomes/CRAM/NA20870/NA20870.cram
test_A_loo	NA20905	NA20905	GIH	SAS	1	0	/usr/local/shared_data/public-human-genomes/GRCh38/1000Genomes/CRAM/NA20905/NA20905.cram
test_A_loo	NA21093	NA21093	GIH	SAS	1	0	/usr/local/shared_data/public-human-genomes/GRCh38/1000Genomes/CRAM/NA21093/NA21093.cram
test_A_loo	NA21102	NA21102	GIH	SAS	0	0	/usr/local/shared_data/public-human-genomes/GRCh38/1000Genomes/CRAM/NA21102/NA21102.cram
test_A_loo	NA21106	NA21106	GIH	SAS	1	0	/usr/local/shared_data/public-human-genomes/GRCh38/1000Genomes/CRAM/NA21106/NA21106.cram
test_A_loo	NA21110	NA21110	GIH	SAS	0	0	/usr/local/shared_data/public-human-genomes/GRCh38/1000Genomes/CRAM/NA21110/NA21110.cram
test_A_loo	NA21144	NA21144	GIH	SAS	1	0	/usr/local/shared_data/public-human-genomes/GRCh38/1000Genomes/CRAM/NA21144/NA21144.cram
test_B_gourraud	HG00096	HG00096	GBR	EUR	0	1	/usr/local/shared_data/public-human-genomes/GRCh38/1000Genomes/CRAM/HG00096/HG00096.cram
test_B_gourraud	HG00100	HG00100	GBR	EUR	0	1	/usr/local/shared_data/public-human-genomes/GRCh38/1000Genomes/CRAM/HG00100/HG00100.cram
test_B_gourraud	HG00101	HG00101	GBR	EUR	0	1	/usr/local/shared_data/public-human-genomes/GRCh38/1000Genomes/CRAM/HG00101/HG00101.cram
test_B_gourraud	HG00102	HG00102	GBR	EUR	0	1	/usr/local/shared_data/public-human-genomes/GRCh38/1000Genomes/CRAM/HG00102/HG00102.cram
test_B_gourraud	HG00103	HG00103	GBR	EUR	0	1	/usr/local/shared_data/public-human-genomes/GRCh38/1000Genomes/CRAM/HG00103/HG00103.cram
test_B_gourraud	HG00105	HG00105	GBR	EUR	0	1	/usr/local/shared_data/public-human-genomes/GRCh38/1000Genomes/CRAM/HG00105/HG00105.cram
test_B_gourraud	HG00106	HG00106	GBR	EUR	0	1	/usr/local/shared_data/public-human-genomes/GRCh38/1000Genomes/CRAM/HG00106/HG00106.cram
test_B_gourraud	HG00107	HG00107	GBR	EUR	0	1	/usr/local/shared_data/public-human-genomes/GRCh38/1000Genomes/CRAM/HG00107/HG00107.cram
test_B_gourraud	HG00108	HG00108	GBR	EUR	0	1	/usr/local/shared_data/public-human-genomes/GRCh38/1000Genomes/CRAM/HG00108/HG00108.cram
test_B_gourraud	HG00109	HG00109	GBR	EUR	0	1	/usr/local/shared_data/public-human-genomes/GRCh38/1000Genomes/CRAM/HG00109/HG00109.cram
test_B_gourraud	HG00110	HG00110	GBR	EUR	0	1	/usr/local/shared_data/public-human-genomes/GRCh38/1000Genomes/CRAM/HG00110/HG00110.cram
test_B_gourraud	HG00111	HG00111	GBR	EUR	0	1	/usr/local/shared_data/public-human-genomes/GRCh38/1000Genomes/CRAM/HG00111/HG00111.cram
test_B_gourraud	HG00112	HG00112	GBR	EUR	0	1	/usr/local/shared_data/public-human-genomes/GRCh38/1000Genomes/CRAM/HG00112/HG00112.cram
test_B_gourraud	HG00113	HG00113	GBR	EUR	0	1	/usr/local/shared_data/public-human-genomes/GRCh38/1000Genomes/CRAM/HG00113/HG00113.cram
test_B_gourraud	HG00114	HG00114	GBR	EUR	0	1	/usr/local/shared_data/public-human-genomes/GRCh38/1000Genomes/CRAM/HG00114/HG00114.cram
test_B_gourraud	HG00115	HG00115	GBR	EUR	0	1	/usr/local/shared_data/public-human-genomes/GRCh38/1000Genomes/CRAM/HG00115/HG00115.cram
test_B_gourraud	HG00116	HG00116	GBR	EUR	0	1	/usr/local/shared_data/public-human-genomes/GRCh38/1000Genomes/CRAM/HG00116/HG00116.cram
test_B_gourraud	HG00117	HG00117	GBR	EUR	0	1	/usr/local/shared_data/public-human-genomes/GRCh38/1000Genomes/CRAM/HG00117/HG00117.cram
test_B_gourraud	HG00118	HG00118	GBR	EUR	0	1	/usr/local/shared_data/public-human-genomes/GRCh38/1000Genomes/CRAM/HG00118/HG00118.cram
test_B_gourraud	HG00119	HG00119	GBR	EUR	0	1	/usr/local/shared_data/public-human-genomes/GRCh38/1000Genomes/CRAM/HG00119/HG00119.cram
test_B_gourraud	HG00120	HG00120	GBR	EUR	0	1	/usr/local/shared_data/public-human-genomes/GRCh38/1000Genomes/CRAM/HG00120/HG00120.cram
test_B_gourraud	HG00121	HG00121	GBR	EUR	0	1	/usr/local/shared_data/public-human-genomes/GRCh38/1000Genomes/CRAM/HG00121/HG00121.cram
test_B_gourraud	HG00122	HG00122	GBR	EUR	0	1	/usr/local/shared_data/public-human-genomes/GRCh38/1000Genomes/CRAM/HG00122/HG00122.cram
test_B_gourraud	HG00123	HG00123	GBR	EUR	0	1	/usr/local/shared_data/public-human-genomes/GRCh38/1000Genomes/CRAM/HG00123/HG00123.cram
test_B_gourraud	HG00125	HG00125	GBR	EUR	0	1	/usr/local/shared_data/public-human-genomes/GRCh38/1000Genomes/CRAM/HG00125/HG00125.cram
test_B_gourraud	HG00127	HG00127	GBR	EUR	0	1	/usr/local/shared_data/public-human-genomes/GRCh38/1000Genomes/CRAM/HG00127/HG00127.cram
test_B_gourraud	HG00129	HG00129	GBR	EUR	0	1	/usr/local/shared_data/public-human-genomes/GRCh38/1000Genomes/CRAM/HG00129/HG00129.cram
test_B_gourraud	HG00130	HG00130	GBR	EUR	0	1	/usr/local/shared_data/public-human-genomes/GRCh38/1000Genomes/CRAM/HG00130/HG00130.cram
test_B_gourraud	HG00131	HG00131	GBR	EUR	0	1	/usr/local/shared_data/public-human-genomes/GRCh38/1000Genomes/CRAM/HG00131/HG00131.cram
test_B_gourraud	HG00132	HG00132	GBR	EUR	0	1	/usr/local/shared_data/public-human-genomes/GRCh38/1000Genomes/CRAM/HG00132/HG00132.cram
test_B_gourraud	HG00136	HG00136	GBR	EUR	0	1	/usr/local/shared_data/public-human-genomes/GRCh38/1000Genomes/CRAM/HG00136/HG00136.cram
test_B_gourraud	HG00137	HG00137	GBR	EUR	0	1	/usr/local/shared_data/public-human-genomes/GRCh38/1000Genomes/CRAM/HG00137/HG00137.cram
test_B_gourraud	HG00138	HG00138	GBR	EUR	0	1	/usr/local/shared_data/public-human-genomes/GRCh38/1000Genomes/CRAM/HG00138/HG00138.cram
test_B_gourraud	HG00139	HG00139	GBR	EUR	0	1	/usr/local/shared_data/public-human-genomes/GRCh38/1000Genomes/CRAM/HG00139/HG00139.cram
test_B_gourraud	HG00141	HG00141	GBR	EUR	0	1	/usr/local/shared_data/public-human-genomes/GRCh38/1000Genomes/CRAM/HG00141/HG00141.cram
test_B_gourraud	HG00142	HG00142	GBR	EUR	0	1	/usr/local/shared_data/public-human-genomes/GRCh38/1000Genomes/CRAM/HG00142/HG00142.cram
test_B_gourraud	HG00143	HG00143	GBR	EUR	0	1	/usr/local/shared_data/public-human-genomes/GRCh38/1000Genomes/CRAM/HG00143/HG00143.cram
test_B_gourraud	HG00145	HG00145	GBR	EUR	0	1	/usr/local/shared_data/public-human-genomes/GRCh38/1000Genomes/CRAM/HG00145/HG00145.cram
test_B_gourraud	HG00148	HG00148	GBR	EUR	0	1	/usr/local/shared_data/public-human-genomes/GRCh38/1000Genomes/CRAM/HG00148/HG00148.cram
test_B_gourraud	HG00149	HG00149	GBR	EUR	0	1	/usr/local/shared_data/public-human-genomes/GRCh38/1000Genomes/CRAM/HG00149/HG00149.cram
test_B_gourraud	HG00150	HG00150	GBR	EUR	0	1	/usr/local/shared_data/public-human-genomes/GRCh38/1000Genomes/CRAM/HG00150/HG00150.cram
test_B_gourraud	HG00151	HG00151	GBR	EUR	0	1	/usr/local/shared_data/public-human-genomes/GRCh38/1000Genomes/CRAM/HG00151/HG00151.cram
test_B_gourraud	HG00154	HG00154	GBR	EUR	0	1	/usr/local/shared_data/public-human-genomes/GRCh38/1000Genomes/CRAM/HG00154/HG00154.cram
test_B_gourraud	HG00155	GBR001	GBR	EUR	0	1	/usr/local/shared_data/public-human-genomes/GRCh38/1000Genomes/CRAM/HG00155/HG00155.cram
test_B_gourraud	HG00157	HG00157	GBR	EUR	0	1	/usr/local/shared_data/public-human-genomes/GRCh38/1000Genomes/CRAM/HG00157/HG00157.cram
test_B_gourraud	HG00158	GBR003	GBR	EUR	0	1	/usr/local/shared_data/public-human-genomes/GRCh38/1000Genomes/CRAM/HG00158/HG00158.cram
test_B_gourraud	HG00159	HG00159	GBR	EUR	0	1	/usr/local/shared_data/public-human-genomes/GRCh38/1000Genomes/CRAM/HG00159/HG00159.cram
test_B_gourraud	HG00160	HG00160	GBR	EUR	0	1	/usr/local/shared_data/public-human-genomes/GRCh38/1000Genomes/CRAM/HG00160/HG00160.cram
test_B_gourraud	HG00171	HG00171	FIN	EUR	0	1	/usr/local/shared_data/public-human-genomes/GRCh38/1000Genomes/CRAM/HG00171/HG00171.cram
test_B_gourraud	HG00173	HG00173	FIN	EUR	0	1	/usr/local/shared_data/public-human-genomes/GRCh38/1000Genomes/CRAM/HG00173/HG00173.cram
test_B_gourraud	HG00174	HG00174	FIN	EUR	0	1	/usr/local/shared_data/public-human-genomes/GRCh38/1000Genomes/CRAM/HG00174/HG00174.cram
test_B_gourraud	HG00176	HG00176	FIN	EUR	0	1	/usr/local/shared_data/public-human-genomes/GRCh38/1000Genomes/CRAM/HG00176/HG00176.cram
test_B_gourraud	HG00177	HG00177	FIN	EUR	0	1	/usr/local/shared_data/public-human-genomes/GRCh38/1000Genomes/CRAM/HG00177/HG00177.cram
test_B_gourraud	HG00178	HG00178	FIN	EUR	0	1	/usr/local/shared_data/public-human-genomes/GRCh38/1000Genomes/CRAM/HG00178/HG00178.cram
test_B_gourraud	HG00179	HG00179	FIN	EUR	0	1	/usr/local/shared_data/public-human-genomes/GRCh38/1000Genomes/CRAM/HG00179/HG00179.cram
test_B_gourraud	HG00180	HG00180	FIN	EUR	0	1	/usr/local/shared_data/public-human-genomes/GRCh38/1000Genomes/CRAM/HG00180/HG00180.cram
test_B_gourraud	HG00181	HG00181	FIN	EUR	0	1	/usr/local/shared_data/public-human-genomes/GRCh38/1000Genomes/CRAM/HG00181/HG00181.cram
test_B_gourraud	HG00182	HG00182	FIN	EUR	0	1	/usr/local/shared_data/public-human-genomes/GRCh38/1000Genomes/CRAM/HG00182/HG00182.cram
test_B_gourraud	HG00183	HG00183	FIN	EUR	0	1	/usr/local/shared_data/public-human-genomes/GRCh38/1000Genomes/CRAM/HG00183/HG00183.cram
test_B_gourraud	HG00185	HG00185	FIN	EUR	0	1	/usr/local/shared_data/public-human-genomes/GRCh38/1000Genomes/CRAM/HG00185/HG00185.cram
test_B_gourraud	HG00186	HG00186	FIN	EUR	0	1	/usr/local/shared_data/public-human-genomes/GRCh38/1000Genomes/CRAM/HG00186/HG00186.cram
test_B_gourraud	HG00187	HG00187	FIN	EUR	0	1	/usr/local/shared_data/public-human-genomes/GRCh38/1000Genomes/CRAM/HG00187/HG00187.cram
test_B_gourraud	HG00188	HG00188	FIN	EUR	0	1	/usr/local/shared_data/public-human-genomes/GRCh38/1000Genomes/CRAM/HG00188/HG00188.cram
test_B_gourraud	HG00189	HG00189	FIN	EUR	0	1	/usr/local/shared_data/public-human-genomes/GRCh38/1000Genomes/CRAM/HG00189/HG00189.cram
test_B_gourraud	HG00190	HG00190	FIN	EUR	0	1	/usr/local/shared_data/public-human-genomes/GRCh38/1000Genomes/CRAM/HG00190/HG00190.cram
test_B_gourraud	HG00231	HG00231	GBR	EUR	0	1	/usr/local/shared_data/public-human-genomes/GRCh38/1000Genomes/CRAM/HG00231/HG00231.cram
test_B_gourraud	HG00233	HG00233	GBR	EUR	0	1	/usr/local/shared_data/public-human-genomes/GRCh38/1000Genomes/CRAM/HG00233/HG00233.cram
test_B_gourraud	HG00234	HG00234	GBR	EUR	0	1	/usr/local/shared_data/public-human-genomes/GRCh38/1000Genomes/CRAM/HG00234/HG00234.cram
test_B_gourraud	HG00236	HG00236	GBR	EUR	0	1	/usr/local/shared_data/public-human-genomes/GRCh38/1000Genomes/CRAM/HG00236/HG00236.cram
test_B_gourraud	HG00237	HG00237	GBR	EUR	0	1	/usr/local/shared_data/public-human-genomes/GRCh38/1000Genomes/CRAM/HG00237/HG00237.cram
test_B_gourraud	HG00238	HG00238	GBR	EUR	0	1	/usr/local/shared_data/public-human-genomes/GRCh38/1000Genomes/CRAM/HG00238/HG00238.cram
test_B_gourraud	HG00239	HG00239	GBR	EUR	0	1	/usr/local/shared_data/public-human-genomes/GRCh38/1000Genomes/CRAM/HG00239/HG00239.cram
test_B_gourraud	HG00240	HG00240	GBR	EUR	0	1	/usr/local/shared_data/public-human-genomes/GRCh38/1000Genomes/CRAM/HG00240/HG00240.cram
test_B_gourraud	HG00242	HG00242	GBR	EUR	0	1	/usr/local/shared_data/public-human-genomes/GRCh38/1000Genomes/CRAM/HG00242/HG00242.cram
test_B_gourraud	HG00243	HG00243	GBR	EUR	0	1	/usr/local/shared_data/public-human-genomes/GRCh38/1000Genomes/CRAM/HG00243/HG00243.cram
test_B_gourraud	HG00244	HG00244	GBR	EUR	0	1	/usr/local/shared_data/public-human-genomes/GRCh38/1000Genomes/CRAM/HG00244/HG00244.cram
test_B_gourraud	HG00245	HG00245	GBR	EUR	0	1	/usr/local/shared_data/public-human-genomes/GRCh38/1000Genomes/CRAM/HG00245/HG00245.cram
test_B_gourraud	HG00246	HG00246	GBR	EUR	0	1	/usr/local/shared_data/public-human-genomes/GRCh38/1000Genomes/CRAM/HG00246/HG00246.cram
test_B_gourraud	HG00250	HG00250	GBR	EUR	0	1	/usr/local/shared_data/public-human-genomes/GRCh38/1000Genomes/CRAM/HG00250/HG00250.cram
test_B_gourraud	HG00251	HG00251	GBR	EUR	0	1	/usr/local/shared_data/public-human-genomes/GRCh38/1000Genomes/CRAM/HG00251/HG00251.cram
test_B_gourraud	HG00252	HG00252	GBR	EUR	0	1	/usr/local/shared_data/public-human-genomes/GRCh38/1000Genomes/CRAM/HG00252/HG00252.cram
test_B_gourraud	HG00254	HG00254	GBR	EUR	0	1	/usr/local/shared_data/public-human-genomes/GRCh38/1000Genomes/CRAM/HG00254/HG00254.cram
test_B_gourraud	HG00255	HG00255	GBR	EUR	0	1	/usr/local/shared_data/public-human-genomes/GRCh38/1000Genomes/CRAM/HG00255/HG00255.cram
test_B_gourraud	HG00256	HG00256	GBR	EUR	0	1	/usr/local/shared_data/public-human-genomes/GRCh38/1000Genomes/CRAM/HG00256/HG00256.cram
test_B_gourraud	HG00257	HG00257	GBR	EUR	0	1	/usr/local/shared_data/public-human-genomes/GRCh38/1000Genomes/CRAM/HG00257/HG00257.cram
test_B_gourraud	HG00258	HG00258	GBR	EUR	0	1	/usr/local/shared_data/public-human-genomes/GRCh38/1000Genomes/CRAM/HG00258/HG00258.cram
test_B_gourraud	HG00259	HG00259	GBR	EUR	0	1	/usr/local/shared_data/public-human-genomes/GRCh38/1000Genomes/CRAM/HG00259/HG00259.cram
test_B_gourraud	HG00260	HG00260	GBR	EUR	0	1	/usr/local/shared_data/public-human-genomes/GRCh38/1000Genomes/CRAM/HG00260/HG00260.cram
test_B_gourraud	HG00261	HG00261	GBR	EUR	0	1	/usr/local/shared_data/public-human-genomes/GRCh38/1000Genomes/CRAM/HG00261/HG00261.cram
test_B_gourraud	HG00262	HG00262	GBR	EUR	0	1	/usr/local/shared_data/public-human-genomes/GRCh38/1000Genomes/CRAM/HG00262/HG00262.cram
test_B_gourraud	HG00263	HG00263	GBR	EUR	0	1	/usr/local/shared_data/public-human-genomes/GRCh38/1000Genomes/CRAM/HG00263/HG00263.cram
test_B_gourraud	HG00264	HG00264	GBR	EUR	0	1	/usr/local/shared_data/public-human-genomes/GRCh38/1000Genomes/CRAM/HG00264/HG00264.cram
test_B_gourraud	HG00265	HG00265	GBR	EUR	0	1	/usr/local/shared_data/public-human-genomes/GRCh38/1000Genomes/CRAM/HG00265/HG00265.cram
test_B_gourraud	HG00266	HG00266	FIN	EUR	0	1	/usr/local/shared_data/public-human-genomes/GRCh38/1000Genomes/CRAM/HG00266/HG00266.cram
test_B_gourraud	HG00267	HG00267	FIN	EUR	0	1	/usr/local/shared_data/public-human-genomes/GRCh38/1000Genomes/CRAM/HG00267/HG00267.cram
test_B_gourraud	HG00268	HG00268	FIN	EUR	0	1	/usr/local/shared_data/public-human-genomes/GRCh38/1000Genomes/CRAM/HG00268/HG00268.cram
test_B_gourraud	HG00269	HG00269	FIN	EUR	0	1	/usr/local/shared_data/public-human-genomes/GRCh38/1000Genomes/CRAM/HG00269/HG00269.cram
test_B_gourraud	HG00271	HG00271	FIN	EUR	0	1	/usr/local/shared_data/public-human-genomes/GRCh38/1000Genomes/CRAM/HG00271/HG00271.cram
test_B_gourraud	HG00273	HG00273	FIN	EUR	0	1	/usr/local/shared_data/public-human-genomes/GRCh38/1000Genomes/CRAM/HG00273/HG00273.cram
test_B_gourraud	HG00274	HG00274	FIN	EUR	0	1	/usr/local/shared_data/public-human-genomes/GRCh38/1000Genomes/CRAM/HG00274/HG00274.cram
test_B_gourraud	HG00275	HG00275	FIN	EUR	0	1	/usr/local/shared_data/public-human-genomes/GRCh38/1000Genomes/CRAM/HG00275/HG00275.cram
test_B_gourraud	HG00276	HG00276	FIN	EUR	0	1	/usr/local/shared_data/public-human-genomes/GRCh38/1000Genomes/CRAM/HG00276/HG00276.cram
test_B_gourraud	HG00277	HG00277	FIN	EUR	0	1	/usr/local/shared_data/public-human-genomes/GRCh38/1000Genomes/CRAM/HG00277/HG00277.cram
test_B_gourraud	HG00278	HG00278	FIN	EUR	0	1	/usr/local/shared_data/public-human-genomes/GRCh38/1000Genomes/CRAM/HG00278/HG00278.cram
test_B_gourraud	HG00281	HG00281	FIN	EUR	0	1	/usr/local/shared_data/public-human-genomes/GRCh38/1000Genomes/CRAM/HG00281/HG00281.cram
test_B_gourraud	HG00282	HG00282	FIN	EUR	0	1	/usr/local/shared_data/public-human-genomes/GRCh38/1000Genomes/CRAM/HG00282/HG00282.cram
test_B_gourraud	HG00284	HG00284	FIN	EUR	0	1	/usr/local/shared_data/public-human-genomes/GRCh38/1000Genomes/CRAM/HG00284/HG00284.cram
test_B_gourraud	HG00285	HG00285	FIN	EUR	0	1	/usr/local/shared_data/public-human-genomes/GRCh38/1000Genomes/CRAM/HG00285/HG00285.cram
test_B_gourraud	HG00306	HG00306	FIN	EUR	0	1	/usr/local/shared_data/public-human-genomes/GRCh38/1000Genomes/CRAM/HG00306/HG00306.cram
test_B_gourraud	HG00308	HG00308	FIN	EUR	0	1	/usr/local/shared_data/public-human-genomes/GRCh38/1000Genomes/CRAM/HG00308/HG00308.cram
test_B_gourraud	HG00309	HG00309	FIN	EUR	0	1	/usr/local/shared_data/public-human-genomes/GRCh38/1000Genomes/CRAM/HG00309/HG00309.cram
test_B_gourraud	HG00310	HG00310	FIN	EUR	0	1	/usr/local/shared_data/public-human-genomes/GRCh38/1000Genomes/CRAM/HG00310/HG00310.cram
test_B_gourraud	HG00311	HG00311	FIN	EUR	0	1	/usr/local/shared_data/public-human-genomes/GRCh38/1000Genomes/CRAM/HG00311/HG00311.cram
test_B_gourraud	HG00313	HG00313	FIN	EUR	0	1	/usr/local/shared_data/public-human-genomes/GRCh38/1000Genomes/CRAM/HG00313/HG00313.cram
test_B_gourraud	HG00315	HG00315	FIN	EUR	0	1	/usr/local/shared_data/public-human-genomes/GRCh38/1000Genomes/CRAM/HG00315/HG00315.cram
test_B_gourraud	HG00318	HG00318	FIN	EUR	0	1	/usr/local/shared_data/public-human-genomes/GRCh38/1000Genomes/CRAM/HG00318/HG00318.cram
test_B_gourraud	HG00319	HG00319	FIN	EUR	0	1	/usr/local/shared_data/public-human-genomes/GRCh38/1000Genomes/CRAM/HG00319/HG00319.cram
test_B_gourraud	HG00324	HG00324	FIN	EUR	0	1	/usr/local/shared_data/public-human-genomes/GRCh38/1000Genomes/CRAM/HG00324/HG00324.cram
test_B_gourraud	HG00325	HG00325	FIN	EUR	0	1	/usr/local/shared_data/public-human-genomes/GRCh38/1000Genomes/CRAM/HG00325/HG00325.cram
test_B_gourraud	HG00326	HG00326	FIN	EUR	0	1	/usr/local/shared_data/public-human-genomes/GRCh38/1000Genomes/CRAM/HG00326/HG00326.cram
test_B_gourraud	HG00327	HG00327	FIN	EUR	0	1	/usr/local/shared_data/public-human-genomes/GRCh38/1000Genomes/CRAM/HG00327/HG00327.cram
test_B_gourraud	HG00328	HG00328	FIN	EUR	0	1	/usr/local/shared_data/public-human-genomes/GRCh38/1000Genomes/CRAM/HG00328/HG00328.cram
test_B_gourraud	HG00330	HG00330	FIN	EUR	0	1	/usr/local/shared_data/public-human-genomes/GRCh38/1000Genomes/CRAM/HG00330/HG00330.cram
test_B_gourraud	HG00331	HG00331	FIN	EUR	0	1	/usr/local/shared_data/public-human-genomes/GRCh38/1000Genomes/CRAM/HG00331/HG00331.cram
test_B_gourraud	HG00332	HG00332	FIN	EUR	0	1	/usr/local/shared_data/public-human-genomes/GRCh38/1000Genomes/CRAM/HG00332/HG00332.cram
test_B_gourraud	HG00334	HG00334	FIN	EUR	0	1	/usr/local/shared_data/public-human-genomes/GRCh38/1000Genomes/CRAM/HG00334/HG00334.cram
test_B_gourraud	HG00335	HG00335	FIN	EUR	0	1	/usr/local/shared_data/public-human-genomes/GRCh38/1000Genomes/CRAM/HG00335/HG00335.cram
test_B_gourraud	HG00336	HG00336	FIN	EUR	0	1	/usr/local/shared_data/public-human-genomes/GRCh38/1000Genomes/CRAM/HG00336/HG00336.cram
test_B_gourraud	HG00337	HG00337	FIN	EUR	0	1	/usr/local/shared_data/public-human-genomes/GRCh38/1000Genomes/CRAM/HG00337/HG00337.cram
test_B_gourraud	HG00338	HG00338	FIN	EUR	0	1	/usr/local/shared_data/public-human-genomes/GRCh38/1000Genomes/CRAM/HG00338/HG00338.cram
test_B_gourraud	HG00339	HG00339	FIN	EUR	0	1	/usr/local/shared_data/public-human-genomes/GRCh38/1000Genomes/CRAM/HG00339/HG00339.cram
test_B_gourraud	HG00341	HG00341	FIN	EUR	0	1	/usr/local/shared_data/public-human-genomes/GRCh38/1000Genomes/CRAM/HG00341/HG00341.cram
test_B_gourraud	HG00342	HG00342	FIN	EUR	0	1	/usr/local/shared_data/public-human-genomes/GRCh38/1000Genomes/CRAM/HG00342/HG00342.cram
test_B_gourraud	HG00343	HG00343	FIN	EUR	0	1	/usr/local/shared_data/public-human-genomes/GRCh38/1000Genomes/CRAM/HG00343/HG00343.cram
test_B_gourraud	HG00345	HG00345	FIN	EUR	0	1	/usr/local/shared_data/public-human-genomes/GRCh38/1000Genomes/CRAM/HG00345/HG00345.cram
test_B_gourraud	HG00346	HG00346	FIN	EUR	0	1	/usr/local/shared_data/public-human-genomes/GRCh38/1000Genomes/CRAM/HG00346/HG00346.cram
test_B_gourraud	HG00349	HG00349	FIN	EUR	0	1	/usr/local/shared_data/public-human-genomes/GRCh38/1000Genomes/CRAM/HG00349/HG00349.cram
test_B_gourraud	HG00351	HG00351	FIN	EUR	0	1	/usr/local/shared_data/public-human-genomes/GRCh38/1000Genomes/CRAM/HG00351/HG00351.cram
test_B_gourraud	HG00353	HG00353	FIN	EUR	0	1	/usr/local/shared_data/public-human-genomes/GRCh38/1000Genomes/CRAM/HG00353/HG00353.cram
test_B_gourraud	HG00355	HG00355	FIN	EUR	0	1	/usr/local/shared_data/public-human-genomes/GRCh38/1000Genomes/CRAM/HG00355/HG00355.cram
test_B_gourraud	HG00356	HG00356	FIN	EUR	0	1	/usr/local/shared_data/public-human-genomes/GRCh38/1000Genomes/CRAM/HG00356/HG00356.cram
test_B_gourraud	HG00357	HG00357	FIN	EUR	0	1	/usr/local/shared_data/public-human-genomes/GRCh38/1000Genomes/CRAM/HG00357/HG00357.cram
test_B_gourraud	HG00358	HG00358	FIN	EUR	0	1	/usr/local/shared_data/public-human-genomes/GRCh38/1000Genomes/CRAM/HG00358/HG00358.cram
test_B_gourraud	HG00360	HG00360	FIN	EUR	0	1	/usr/local/shared_data/public-human-genomes/GRCh38/1000Genomes/CRAM/HG00360/HG00360.cram
test_B_gourraud	HG00361	HG00361	FIN	EUR	0	1	/usr/local/shared_data/public-human-genomes/GRCh38/1000Genomes/CRAM/HG00361/HG00361.cram
test_B_gourraud	HG00362	HG00362	FIN	EUR	0	1	/usr/local/shared_data/public-human-genomes/GRCh38/1000Genomes/CRAM/HG00362/HG00362.cram
test_B_gourraud	HG00364	HG00364	FIN	EUR	0	1	/usr/local/shared_data/public-human-genomes/GRCh38/1000Genomes/CRAM/HG00364/HG00364.cram
test_B_gourraud	HG00365	HG00365	FIN	EUR	0	1	/usr/local/shared_data/public-human-genomes/GRCh38/1000Genomes/CRAM/HG00365/HG00365.cram
test_B_gourraud	HG00366	HG00366	FIN	EUR	0	1	/usr/local/shared_data/public-human-genomes/GRCh38/1000Genomes/CRAM/HG00366/HG00366.cram
test_B_gourraud	HG00367	HG00367	FIN	EUR	0	1	/usr/local/shared_data/public-human-genomes/GRCh38/1000Genomes/CRAM/HG00367/HG00367.cram
test_B_gourraud	HG00368	HG00368	FIN	EUR	0	1	/usr/local/shared_data/public-human-genomes/GRCh38/1000Genomes/CRAM/HG00368/HG00368.cram
test_B_gourraud	HG00369	HG00369	FIN	EUR	0	1	/usr/local/shared_data/public-human-genomes/GRCh38/1000Genomes/CRAM/HG00369/HG00369.cram
test_B_gourraud	HG00371	HG00371	FIN	EUR	0	1	/usr/local/shared_data/public-human-genomes/GRCh38/1000Genomes/CRAM/HG00371/HG00371.cram
test_B_gourraud	HG00372	HG00372	FIN	EUR	0	1	/usr/local/shared_data/public-human-genomes/GRCh38/1000Genomes/CRAM/HG00372/HG00372.cram
test_B_gourraud	HG00373	HG00373	FIN	EUR	0	1	/usr/local/shared_data/public-human-genomes/GRCh38/1000Genomes/CRAM/HG00373/HG00373.cram
test_B_gourraud	HG00375	HG00375	FIN	EUR	0	1	/usr/local/shared_data/public-human-genomes/GRCh38/1000Genomes/CRAM/HG00375/HG00375.cram
test_B_gourraud	HG00376	HG00376	FIN	EUR	0	1	/usr/local/shared_data/public-human-genomes/GRCh38/1000Genomes/CRAM/HG00376/HG00376.cram
test_B_gourraud	HG00378	HG00378	FIN	EUR	0	1	/usr/local/shared_data/public-human-genomes/GRCh38/1000Genomes/CRAM/HG00378/HG00378.cram
test_B_gourraud	HG00379	HG00379	FIN	EUR	0	1	/usr/local/shared_data/public-human-genomes/GRCh38/1000Genomes/CRAM/HG00379/HG00379.cram
test_B_gourraud	HG00380	HG00380	FIN	EUR	0	1	/usr/local/shared_data/public-human-genomes/GRCh38/1000Genomes/CRAM/HG00380/HG00380.cram
test_B_gourraud	HG00381	HG00381	FIN	EUR	0	1	/usr/local/shared_data/public-human-genomes/GRCh38/1000Genomes/CRAM/HG00381/HG00381.cram
test_B_gourraud	HG00382	HG00382	FIN	EUR	0	1	/usr/local/shared_data/public-human-genomes/GRCh38/1000Genomes/CRAM/HG00382/HG00382.cram
test_B_gourraud	HG00383	HG00383	FIN	EUR	0	1	/usr/local/shared_data/public-human-genomes/GRCh38/1000Genomes/CRAM/HG00383/HG00383.cram
test_B_gourraud	HG00384	HG00384	FIN	EUR	0	1	/usr/local/shared_data/public-human-genomes/GRCh38/1000Genomes/CRAM/HG00384/HG00384.cram
test_B_gourraud	HG00403	SH001	CHS	EAS	0	1	/usr/local/shared_data/public-human-genomes/GRCh38/1000Genomes/CRAM/HG00403/HG00403.cram
test_B_gourraud	HG00404	SH001	CHS	EAS	0	1	/usr/local/shared_data/public-human-genomes/GRCh38/1000Genomes/CRAM/HG00404/HG00404.cram
leak_gourraud	HG00406	SH002	CHS	EAS	0	1	/usr/local/shared_data/public-human-genomes/GRCh38/1000Genomes/CRAM/HG00406/HG00406.cram
leak_gourraud	HG00407	SH002	CHS	EAS	0	1	/usr/local/shared_data/public-human-genomes/GRCh38/1000Genomes/CRAM/HG00407/HG00407.cram
test_B_gourraud	HG00418	SH006	CHS	EAS	0	1	https://s3.amazonaws.com/1000genomes/1000G_2504_high_coverage/additional_698_related/data/ERR3988763/HG00418.final.cram
test_B_gourraud	HG00419	SH006	CHS	EAS	0	1	/usr/local/shared_data/public-human-genomes/GRCh38/1000Genomes/CRAM/HG00419/HG00419.cram
leak_gourraud	HG00421	SH007	CHS	EAS	0	1	/usr/local/shared_data/public-human-genomes/GRCh38/1000Genomes/CRAM/HG00421/HG00421.cram
leak_gourraud	HG00422	SH007	CHS	EAS	0	1	/usr/local/shared_data/public-human-genomes/GRCh38/1000Genomes/CRAM/HG00422/HG00422.cram
test_B_gourraud	HG00427	SH009	CHS	EAS	0	1	https://s3.amazonaws.com/1000genomes/1000G_2504_high_coverage/additional_698_related/data/ERR3988766/HG00427.final.cram
test_B_gourraud	HG00428	SH009	CHS	EAS	0	1	/usr/local/shared_data/public-human-genomes/GRCh38/1000Genomes/CRAM/HG00428/HG00428.cram
leak_gourraud	HG00436	SH012	CHS	EAS	0	1	/usr/local/shared_data/public-human-genomes/GRCh38/1000Genomes/CRAM/HG00436/HG00436.cram
leak_gourraud	HG00437	SH012	CHS	EAS	0	1	/usr/local/shared_data/public-human-genomes/GRCh38/1000Genomes/CRAM/HG00437/HG00437.cram
test_B_gourraud	HG00442	SH014	CHS	EAS	0	1	/usr/local/shared_data/public-human-genomes/GRCh38/1000Genomes/CRAM/HG00442/HG00442.cram
test_B_gourraud	HG00443	SH014	CHS	EAS	0	1	/usr/local/shared_data/public-human-genomes/GRCh38/1000Genomes/CRAM/HG00443/HG00443.cram
test_B_gourraud	HG00445	SH015	CHS	EAS	0	1	/usr/local/shared_data/public-human-genomes/GRCh38/1000Genomes/CRAM/HG00445/HG00445.cram
test_B_gourraud	HG00446	SH015	CHS	EAS	0	1	/usr/local/shared_data/public-human-genomes/GRCh38/1000Genomes/CRAM/HG00446/HG00446.cram
test_B_gourraud	HG00448	SH016	CHS	EAS	0	1	/usr/local/shared_data/public-human-genomes/GRCh38/1000Genomes/CRAM/HG00448/HG00448.cram
test_B_gourraud	HG00449	SH016	CHS	EAS	0	1	/usr/local/shared_data/public-human-genomes/GRCh38/1000Genomes/CRAM/HG00449/HG00449.cram
test_B_gourraud	HG00451	SH017	CHS	EAS	0	1	/usr/local/shared_data/public-human-genomes/GRCh38/1000Genomes/CRAM/HG00451/HG00451.cram
test_B_gourraud	HG00452	SH017	CHS	EAS	0	1	/usr/local/shared_data/public-human-genomes/GRCh38/1000Genomes/CRAM/HG00452/HG00452.cram
test_B_gourraud	HG00457	SH019	CHS	EAS	0	1	/usr/local/shared_data/public-human-genomes/GRCh38/1000Genomes/CRAM/HG00457/HG00457.cram
test_B_gourraud	HG00458	SH019	CHS	EAS	0	1	/usr/local/shared_data/public-human-genomes/GRCh38/1000Genomes/CRAM/HG00458/HG00458.cram
test_B_gourraud	HG00463	SH021	CHS	EAS	0	1	/usr/local/shared_data/public-human-genomes/GRCh38/1000Genomes/CRAM/HG00463/HG00463.cram
test_B_gourraud	HG00464	SH021	CHS	EAS	0	1	/usr/local/shared_data/public-human-genomes/GRCh38/1000Genomes/CRAM/HG00464/HG00464.cram
test_B_gourraud	HG00472	SH024	CHS	EAS	0	1	/usr/local/shared_data/public-human-genomes/GRCh38/1000Genomes/CRAM/HG00472/HG00472.cram
test_B_gourraud	HG00473	SH024	CHS	EAS	0	1	/usr/local/shared_data/public-human-genomes/GRCh38/1000Genomes/CRAM/HG00473/HG00473.cram
test_B_gourraud	HG00475	SH025	CHS	EAS	0	1	/usr/local/shared_data/public-human-genomes/GRCh38/1000Genomes/CRAM/HG00475/HG00475.cram
test_B_gourraud	HG00476	SH025	CHS	EAS	0	1	/usr/local/shared_data/public-human-genomes/GRCh38/1000Genomes/CRAM/HG00476/HG00476.cram
test_B_gourraud	HG00478	SH026	CHS	EAS	0	1	/usr/local/shared_data/public-human-genomes/GRCh38/1000Genomes/CRAM/HG00478/HG00478.cram
test_B_gourraud	HG00479	SH026	CHS	EAS	0	1	/usr/local/shared_data/public-human-genomes/GRCh38/1000Genomes/CRAM/HG00479/HG00479.cram
test_B_gourraud	HG00500	SH028	CHS	EAS	0	1	/usr/local/shared_data/public-human-genomes/GRCh38/1000Genomes/CRAM/HG00500/HG00500.cram
test_B_gourraud	HG00501	SH028	CHS	EAS	0	1	https://s3.amazonaws.com/1000genomes/1000G_2504_high_coverage/additional_698_related/data/ERR3988778/HG00501.final.cram
test_B_gourraud	HG00512	SH032	CHS	EAS	0	1	https://s3.amazonaws.com/1000genomes/1000G_2504_high_coverage/additional_698_related/data/ERR3988780/HG00512.final.cram
test_B_gourraud	HG00513	SH032	CHS	EAS	0	1	/usr/local/shared_data/public-human-genomes/GRCh38/1000Genomes/CRAM/HG00513/HG00513.cram
test_B_gourraud	HG00524	SH036	CHS	EAS	0	1	/usr/local/shared_data/public-human-genomes/GRCh38/1000Genomes/CRAM/HG00524/HG00524.cram
test_B_gourraud	HG00525	SH036	CHS	EAS	0	1	/usr/local/shared_data/public-human-genomes/GRCh38/1000Genomes/CRAM/HG00525/HG00525.cram
test_B_gourraud	HG00530	SH038	CHS	EAS	0	1	/usr/local/shared_data/public-human-genomes/GRCh38/1000Genomes/CRAM/HG00530/HG00530.cram
test_B_gourraud	HG00531	SH038	CHS	EAS	0	1	/usr/local/shared_data/public-human-genomes/GRCh38/1000Genomes/CRAM/HG00531/HG00531.cram
test_B_gourraud	HG00533	SH039	CHS	EAS	0	1	/usr/local/shared_data/public-human-genomes/GRCh38/1000Genomes/CRAM/HG00533/HG00533.cram
test_B_gourraud	HG00534	SH039	CHS	EAS	0	1	/usr/local/shared_data/public-human-genomes/GRCh38/1000Genomes/CRAM/HG00534/HG00534.cram
test_B_gourraud	HG00536	SH040	CHS	EAS	0	1	/usr/local/shared_data/public-human-genomes/GRCh38/1000Genomes/CRAM/HG00536/HG00536.cram
test_B_gourraud	HG00537	SH040	CHS	EAS	0	1	/usr/local/shared_data/public-human-genomes/GRCh38/1000Genomes/CRAM/HG00537/HG00537.cram
leak_gourraud	HG00542	SH042	CHS	EAS	0	1	/usr/local/shared_data/public-human-genomes/GRCh38/1000Genomes/CRAM/HG00542/HG00542.cram
leak_gourraud	HG00543	SH042	CHS	EAS	0	1	/usr/local/shared_data/public-human-genomes/GRCh38/1000Genomes/CRAM/HG00543/HG00543.cram
test_B_gourraud	HG00551	PR01	PUR	AMR	0	1	/usr/local/shared_data/public-human-genomes/GRCh38/1000Genomes/CRAM/HG00551/HG00551.cram
test_B_gourraud	HG00553	PR02	PUR	AMR	0	1	/usr/local/shared_data/public-human-genomes/GRCh38/1000Genomes/CRAM/HG00553/HG00553.cram
test_B_gourraud	HG00554	PR02	PUR	AMR	0	1	/usr/local/shared_data/public-human-genomes/GRCh38/1000Genomes/CRAM/HG00554/HG00554.cram
leak_gourraud	HG00556	SH045	CHS	EAS	0	1	/usr/local/shared_data/public-human-genomes/GRCh38/1000Genomes/CRAM/HG00556/HG00556.cram
leak_gourraud	HG00557	SH045	CHS	EAS	0	1	/usr/local/shared_data/public-human-genomes/GRCh38/1000Genomes/CRAM/HG00557/HG00557.cram
test_B_gourraud	HG00559	SH046	CHS	EAS	0	1	/usr/local/shared_data/public-human-genomes/GRCh38/1000Genomes/CRAM/HG00559/HG00559.cram
test_B_gourraud	HG00560	SH046	CHS	EAS	0	1	/usr/local/shared_data/public-human-genomes/GRCh38/1000Genomes/CRAM/HG00560/HG00560.cram
test_B_gourraud	HG00565	SH048	CHS	EAS	0	1	/usr/local/shared_data/public-human-genomes/GRCh38/1000Genomes/CRAM/HG00565/HG00565.cram
test_B_gourraud	HG00566	SH048	CHS	EAS	0	1	/usr/local/shared_data/public-human-genomes/GRCh38/1000Genomes/CRAM/HG00566/HG00566.cram
test_B_gourraud	HG00577	SH052	CHS	EAS	0	1	https://s3.amazonaws.com/1000genomes/1000G_2504_high_coverage/additional_698_related/data/ERR3988792/HG00577.final.cram
test_B_gourraud	HG00578	SH052	CHS	EAS	0	1	https://s3.amazonaws.com/1000genomes/1000G_2504_high_coverage/additional_698_related/data/ERR3988793/HG00578.final.cram
test_B_gourraud	HG00580	SH053	CHS	EAS	0	1	/usr/local/shared_data/public-human-genomes/GRCh38/1000Genomes/CRAM/HG00580/HG00580.cram
test_B_gourraud	HG00581	SH053	CHS	EAS	0	1	/usr/local/shared_data/public-human-genomes/GRCh38/1000Genomes/CRAM/HG00581/HG00581.cram
test_B_gourraud	HG00583	SH054	CHS	EAS	0	1	/usr/local/shared_data/public-human-genomes/GRCh38/1000Genomes/CRAM/HG00583/HG00583.cram
test_B_gourraud	HG00584	SH054	CHS	EAS	0	1	/usr/local/shared_data/public-human-genomes/GRCh38/1000Genomes/CRAM/HG00584/HG00584.cram
test_B_gourraud	HG00589	SH056	CHS	EAS	0	1	/usr/local/shared_data/public-human-genomes/GRCh38/1000Genomes/CRAM/HG00589/HG00589.cram
test_B_gourraud	HG00590	SH056	CHS	EAS	0	1	/usr/local/shared_data/public-human-genomes/GRCh38/1000Genomes/CRAM/HG00590/HG00590.cram
test_B_gourraud	HG00592	SH057	CHS	EAS	0	1	/usr/local/shared_data/public-human-genomes/GRCh38/1000Genomes/CRAM/HG00592/HG00592.cram
test_B_gourraud	HG00593	SH057	CHS	EAS	0	1	/usr/local/shared_data/public-human-genomes/GRCh38/1000Genomes/CRAM/HG00593/HG00593.cram
leak_gourraud	HG00595	SH058	CHS	EAS	0	1	/usr/local/shared_data/public-human-genomes/GRCh38/1000Genomes/CRAM/HG00595/HG00595.cram
leak_gourraud	HG00596	SH058	CHS	EAS	0	1	/usr/local/shared_data/public-human-genomes/GRCh38/1000Genomes/CRAM/HG00596/HG00596.cram
leak_gourraud	HG00607	SH062	CHS	EAS	0	1	/usr/local/shared_data/public-human-genomes/GRCh38/1000Genomes/CRAM/HG00607/HG00607.cram
leak_gourraud	HG00608	SH062	CHS	EAS	0	1	/usr/local/shared_data/public-human-genomes/GRCh38/1000Genomes/CRAM/HG00608/HG00608.cram
test_B_gourraud	HG00610	SH063	CHS	EAS	0	1	/usr/local/shared_data/public-human-genomes/GRCh38/1000Genomes/CRAM/HG00610/HG00610.cram
test_B_gourraud	HG00611	SH063	CHS	EAS	0	1	/usr/local/shared_data/public-human-genomes/GRCh38/1000Genomes/CRAM/HG00611/HG00611.cram
test_B_gourraud	HG00613	SH064	CHS	EAS	0	1	/usr/local/shared_data/public-human-genomes/GRCh38/1000Genomes/CRAM/HG00613/HG00613.cram
test_B_gourraud	HG00614	SH064	CHS	EAS	0	1	/usr/local/shared_data/public-human-genomes/GRCh38/1000Genomes/CRAM/HG00614/HG00614.cram
leak_gourraud	HG00619	SH066	CHS	EAS	0	1	/usr/local/shared_data/public-human-genomes/GRCh38/1000Genomes/CRAM/HG00619/HG00619.cram
leak_gourraud	HG00620	SH066	CHS	EAS	0	1	/usr/local/shared_data/public-human-genomes/GRCh38/1000Genomes/CRAM/HG00620/HG00620.cram
test_B_gourraud	HG00625	SH068	CHS	EAS	0	1	/usr/local/shared_data/public-human-genomes/GRCh38/1000Genomes/CRAM/HG00625/HG00625.cram
test_B_gourraud	HG00626	SH068	CHS	EAS	0	1	/usr/local/shared_data/public-human-genomes/GRCh38/1000Genomes/CRAM/HG00626/HG00626.cram
test_B_gourraud	HG00628	SH069	CHS	EAS	0	1	/usr/local/shared_data/public-human-genomes/GRCh38/1000Genomes/CRAM/HG00628/HG00628.cram
test_B_gourraud	HG00629	SH069	CHS	EAS	0	1	/usr/local/shared_data/public-human-genomes/GRCh38/1000Genomes/CRAM/HG00629/HG00629.cram
test_B_gourraud	HG00634	SH071	CHS	EAS	0	1	/usr/local/shared_data/public-human-genomes/GRCh38/1000Genomes/CRAM/HG00634/HG00634.cram
test_B_gourraud	HG00635	SH071	CHS	EAS	0	1	https://s3.amazonaws.com/1000genomes/1000G_2504_high_coverage/additional_698_related/data/ERR3988806/HG00635.final.cram
leak_gourraud	HG00637	PR03	PUR	AMR	0	1	/usr/local/shared_data/public-human-genomes/GRCh38/1000Genomes/CRAM/HG00637/HG00637.cram
leak_gourraud	HG00638	PR03	PUR	AMR	0	1	/usr/local/shared_data/public-human-genomes/GRCh38/1000Genomes/CRAM/HG00638/HG00638.cram
leak_gourraud	HG00640	PR04	PUR	AMR	0	1	/usr/local/shared_data/public-human-genomes/GRCh38/1000Genomes/CRAM/HG00640/HG00640.cram
leak_gourraud	HG00641	PR04	PUR	AMR	0	1	/usr/local/shared_data/public-human-genomes/GRCh38/1000Genomes/CRAM/HG00641/HG00641.cram
test_B_gourraud	HG00650	SH072	CHS	EAS	0	1	/usr/local/shared_data/public-human-genomes/GRCh38/1000Genomes/CRAM/HG00650/HG00650.cram
test_B_gourraud	HG00651	SH072	CHS	EAS	0	1	/usr/local/shared_data/public-human-genomes/GRCh38/1000Genomes/CRAM/HG00651/HG00651.cram
test_B_gourraud	HG00653	SH073	CHS	EAS	0	1	/usr/local/shared_data/public-human-genomes/GRCh38/1000Genomes/CRAM/HG00653/HG00653.cram
test_B_gourraud	HG00654	SH073	CHS	EAS	0	1	/usr/local/shared_data/public-human-genomes/GRCh38/1000Genomes/CRAM/HG00654/HG00654.cram
leak_gourraud	HG00656	SH074	CHS	EAS	0	1	/usr/local/shared_data/public-human-genomes/GRCh38/1000Genomes/CRAM/HG00656/HG00656.cram
leak_gourraud	HG00657	SH074	CHS	EAS	0	1	/usr/local/shared_data/public-human-genomes/GRCh38/1000Genomes/CRAM/HG00657/HG00657.cram
test_B_gourraud	HG00662	SH076	CHS	EAS	0	1	/usr/local/shared_data/public-human-genomes/GRCh38/1000Genomes/CRAM/HG00662/HG00662.cram
test_B_gourraud	HG00663	SH076	CHS	EAS	0	1	/usr/local/shared_data/public-human-genomes/GRCh38/1000Genomes/CRAM/HG00663/HG00663.cram
leak_gourraud	HG00671	SH079	CHS	EAS	0	1	/usr/local/shared_data/public-human-genomes/GRCh38/1000Genomes/CRAM/HG00671/HG00671.cram
leak_gourraud	HG00672	SH079	CHS	EAS	0	1	/usr/local/shared_data/public-human-genomes/GRCh38/1000Genomes/CRAM/HG00672/HG00672.cram
test_B_gourraud	HG00683	SH083	CHS	EAS	0	1	/usr/local/shared_data/public-human-genomes/GRCh38/1000Genomes/CRAM/HG00683/HG00683.cram
test_B_gourraud	HG00684	SH083	CHS	EAS	0	1	/usr/local/shared_data/public-human-genomes/GRCh38/1000Genomes/CRAM/HG00684/HG00684.cram
test_B_gourraud	HG00689	SH085	CHS	EAS	0	1	/usr/local/shared_data/public-human-genomes/GRCh38/1000Genomes/CRAM/HG00689/HG00689.cram
test_B_gourraud	HG00690	SH085	CHS	EAS	0	1	/usr/local/shared_data/public-human-genomes/GRCh38/1000Genomes/CRAM/HG00690/HG00690.cram
test_B_gourraud	HG00692	SH086	CHS	EAS	0	1	/usr/local/shared_data/public-human-genomes/GRCh38/1000Genomes/CRAM/HG00692/HG00692.cram
test_B_gourraud	HG00693	SH086	CHS	EAS	0	1	/usr/local/shared_data/public-human-genomes/GRCh38/1000Genomes/CRAM/HG00693/HG00693.cram
test_B_gourraud	HG00698	SH088	CHS	EAS	0	1	/usr/local/shared_data/public-human-genomes/GRCh38/1000Genomes/CRAM/HG00698/HG00698.cram
test_B_gourraud	HG00699	SH088	CHS	EAS	0	1	/usr/local/shared_data/public-human-genomes/GRCh38/1000Genomes/CRAM/HG00699/HG00699.cram
test_B_gourraud	HG00701	SH089	CHS	EAS	0	1	/usr/local/shared_data/public-human-genomes/GRCh38/1000Genomes/CRAM/HG00701/HG00701.cram
test_B_gourraud	HG00702	SH089	CHS	EAS	0	1	https://s3.amazonaws.com/1000genomes/1000G_2504_high_coverage/additional_698_related/data/ERR3988819/HG00702.final.cram
leak_gourraud	HG00704	SH090	CHS	EAS	0	1	/usr/local/shared_data/public-human-genomes/GRCh38/1000Genomes/CRAM/HG00704/HG00704.cram
leak_gourraud	HG00705	SH090	CHS	EAS	0	1	/usr/local/shared_data/public-human-genomes/GRCh38/1000Genomes/CRAM/HG00705/HG00705.cram
test_B_gourraud	HG00707	SH091	CHS	EAS	0	1	/usr/local/shared_data/public-human-genomes/GRCh38/1000Genomes/CRAM/HG00707/HG00707.cram
test_B_gourraud	HG00708	SH091	CHS	EAS	0	1	/usr/local/shared_data/public-human-genomes/GRCh38/1000Genomes/CRAM/HG00708/HG00708.cram
leak_gourraud	HG00731	PR05	PUR	AMR	0	1	/usr/local/shared_data/public-human-genomes/GRCh38/1000Genomes/CRAM/HG00731/HG00731.cram
leak_gourraud	HG00732	PR05	PUR	AMR	0	1	/usr/local/shared_data/public-human-genomes/GRCh38/1000Genomes/CRAM/HG00732/HG00732.cram
leak_gourraud	HG00734	PR06	PUR	AMR	0	1	/usr/local/shared_data/public-human-genomes/GRCh38/1000Genomes/CRAM/HG00734/HG00734.cram
leak_gourraud	HG00736	PR07	PUR	AMR	0	1	/usr/local/shared_data/public-human-genomes/GRCh38/1000Genomes/CRAM/HG00736/HG00736.cram
leak_gourraud	HG00737	PR07	PUR	AMR	0	1	/usr/local/shared_data/public-human-genomes/GRCh38/1000Genomes/CRAM/HG00737/HG00737.cram
leak_gourraud	HG00739	PR09	PUR	AMR	0	1	/usr/local/shared_data/public-human-genomes/GRCh38/1000Genomes/CRAM/HG00739/HG00739.cram
leak_gourraud	HG00740	PR09	PUR	AMR	0	1	/usr/local/shared_data/public-human-genomes/GRCh38/1000Genomes/CRAM/HG00740/HG00740.cram
leak_gourraud	HG01047	PR06	PUR	AMR	0	1	/usr/local/shared_data/public-human-genomes/GRCh38/1000Genomes/CRAM/HG01047/HG01047.cram
test_B_gourraud	HG01048	PR08	PUR	AMR	0	1	/usr/local/shared_data/public-human-genomes/GRCh38/1000Genomes/CRAM/HG01048/HG01048.cram
test_B_gourraud	HG01049	PR08	PUR	AMR	0	1	/usr/local/shared_data/public-human-genomes/GRCh38/1000Genomes/CRAM/HG01049/HG01049.cram
test_B_gourraud	HG01051	PR11	PUR	AMR	0	1	/usr/local/shared_data/public-human-genomes/GRCh38/1000Genomes/CRAM/HG01051/HG01051.cram
test_B_gourraud	HG01052	PR11	PUR	AMR	0	1	/usr/local/shared_data/public-human-genomes/GRCh38/1000Genomes/CRAM/HG01052/HG01052.cram
test_B_gourraud	HG01054	PR12	PUR	AMR	0	1	/usr/local/shared_data/public-human-genomes/GRCh38/1000Genomes/CRAM/HG01054/HG01054.cram
test_B_gourraud	HG01055	PR12	PUR	AMR	0	1	/usr/local/shared_data/public-human-genomes/GRCh38/1000Genomes/CRAM/HG01055/HG01055.cram
test_B_gourraud	HG01060	PR14	PUR	AMR	0	1	/usr/local/shared_data/public-human-genomes/GRCh38/1000Genomes/CRAM/HG01060/HG01060.cram
test_B_gourraud	HG01061	PR14	PUR	AMR	0	1	/usr/local/shared_data/public-human-genomes/GRCh38/1000Genomes/CRAM/HG01061/HG01061.cram
test_B_gourraud	HG01066	PR16	PUR	AMR	0	1	/usr/local/shared_data/public-human-genomes/GRCh38/1000Genomes/CRAM/HG01066/HG01066.cram
test_B_gourraud	HG01067	PR16	PUR	AMR	0	1	/usr/local/shared_data/public-human-genomes/GRCh38/1000Genomes/CRAM/HG01067/HG01067.cram
leak_gourraud	HG01069	PR17	PUR	AMR	0	1	/usr/local/shared_data/public-human-genomes/GRCh38/1000Genomes/CRAM/HG01069/HG01069.cram
leak_gourraud	HG01070	PR17	PUR	AMR	0	1	/usr/local/shared_data/public-human-genomes/GRCh38/1000Genomes/CRAM/HG01070/HG01070.cram
leak_gourraud	HG01072	PR18	PUR	AMR	0	1	/usr/local/shared_data/public-human-genomes/GRCh38/1000Genomes/CRAM/HG01072/HG01072.cram
leak_gourraud	HG01073	PR18	PUR	AMR	0	1	/usr/local/shared_data/public-human-genomes/GRCh38/1000Genomes/CRAM/HG01073/HG01073.cram
test_B_gourraud	HG01075	PR01	PUR	AMR	0	1	/usr/local/shared_data/public-human-genomes/GRCh38/1000Genomes/CRAM/HG01075/HG01075.cram
leak_gourraud	HG01079	PR21	PUR	AMR	0	1	/usr/local/shared_data/public-human-genomes/GRCh38/1000Genomes/CRAM/HG01079/HG01079.cram
leak_gourraud	HG01080	PR21	PUR	AMR	0	1	/usr/local/shared_data/public-human-genomes/GRCh38/1000Genomes/CRAM/HG01080/HG01080.cram
test_B_gourraud	HG01082	PR28	PUR	AMR	0	1	/usr/local/shared_data/public-human-genomes/GRCh38/1000Genomes/CRAM/HG01082/HG01082.cram
test_B_gourraud	HG01083	PR28	PUR	AMR	0	1	/usr/local/shared_data/public-human-genomes/GRCh38/1000Genomes/CRAM/HG01083/HG01083.cram
test_B_gourraud	HG01085	PR26	PUR	AMR	0	1	/usr/local/shared_data/public-human-genomes/GRCh38/1000Genomes/CRAM/HG01085/HG01085.cram
test_B_gourraud	HG01086	PR26	PUR	AMR	0	1	/usr/local/shared_data/public-human-genomes/GRCh38/1000Genomes/CRAM/HG01086/HG01086.cram
test_B_gourraud	HG01094	PR29	PUR	AMR	0	1	/usr/local/shared_data/public-human-genomes/GRCh38/1000Genomes/CRAM/HG01094/HG01094.cram
test_B_gourraud	HG01095	PR29	PUR	AMR	0	1	/usr/local/shared_data/public-human-genomes/GRCh38/1000Genomes/CRAM/HG01095/HG01095.cram
leak_gourraud	HG01097	PR31	PUR	AMR	0	1	/usr/local/shared_data/public-human-genomes/GRCh38/1000Genomes/CRAM/HG01097/HG01097.cram
leak_gourraud	HG01098	PR31	PUR	AMR	0	1	/usr/local/shared_data/public-human-genomes/GRCh38/1000Genomes/CRAM/HG01098/HG01098.cram
test_B_gourraud	HG01101	PR19	PUR	AMR	0	1	/usr/local/shared_data/public-human-genomes/GRCh38/1000Genomes/CRAM/HG01101/HG01101.cram
test_B_gourraud	HG01102	PR19	PUR	AMR	0	1	/usr/local/shared_data/public-human-genomes/GRCh38/1000Genomes/CRAM/HG01102/HG01102.cram
leak_gourraud	HG01104	PR25	PUR	AMR	0	1	/usr/local/shared_data/public-human-genomes/GRCh38/1000Genomes/CRAM/HG01104/HG01104.cram
leak_gourraud	HG01105	PR25	PUR	AMR	0	1	/usr/local/shared_data/public-human-genomes/GRCh38/1000Genomes/CRAM/HG01105/HG01105.cram
leak_gourraud	HG01107	PR33	PUR	AMR	0	1	/usr/local/shared_data/public-human-genomes/GRCh38/1000Genomes/CRAM/HG01107/HG01107.cram
leak_gourraud	HG01108	PR33	PUR	AMR	0	1	/usr/local/shared_data/public-human-genomes/GRCh38/1000Genomes/CRAM/HG01108/HG01108.cram
test_B_gourraud	HG01110	PR34	PUR	AMR	0	1	/usr/local/shared_data/public-human-genomes/GRCh38/1000Genomes/CRAM/HG01110/HG01110.cram
test_B_gourraud	HG01111	PR34	PUR	AMR	0	1	/usr/local/shared_data/public-human-genomes/GRCh38/1000Genomes/CRAM/HG01111/HG01111.cram
test_B_gourraud	HG01112	CLM03	CLM	AMR	0	1	/usr/local/shared_data/public-human-genomes/GRCh38/1000Genomes/CRAM/HG01112/HG01112.cram
test_B_gourraud	HG01113	CLM03	CLM	AMR	0	1	/usr/local/shared_data/public-human-genomes/GRCh38/1000Genomes/CRAM/HG01113/HG01113.cram
test_B_gourraud	HG01124	CLM04	CLM	AMR	0	1	/usr/local/shared_data/public-human-genomes/GRCh38/1000Genomes/CRAM/HG01124/HG01124.cram
test_B_gourraud	HG01125	CLM04	CLM	AMR	0	1	/usr/local/shared_data/public-human-genomes/GRCh38/1000Genomes/CRAM/HG01125/HG01125.cram
test_B_gourraud	HG01133	CLM07	CLM	AMR	0	1	/usr/local/shared_data/public-human-genomes/GRCh38/1000Genomes/CRAM/HG01133/HG01133.cram
test_B_gourraud	HG01134	CLM07	CLM	AMR	0	1	/usr/local/shared_data/public-human-genomes/GRCh38/1000Genomes/CRAM/HG01134/HG01134.cram
test_B_gourraud	HG01136	CLM08	CLM	AMR	0	1	/usr/local/shared_data/public-human-genomes/GRCh38/1000Genomes/CRAM/HG01136/HG01136.cram
test_B_gourraud	HG01137	CLM08	CLM	AMR	0	1	/usr/local/shared_data/public-human-genomes/GRCh38/1000Genomes/CRAM/HG01137/HG01137.cram
test_B_gourraud	HG01139	CLM09	CLM	AMR	0	1	/usr/local/shared_data/public-human-genomes/GRCh38/1000Genomes/CRAM/HG01139/HG01139.cram
test_B_gourraud	HG01140	CLM09	CLM	AMR	0	1	/usr/local/shared_data/public-human-genomes/GRCh38/1000Genomes/CRAM/HG01140/HG01140.cram
leak_gourraud	HG01148	CLM12	CLM	AMR	0	1	/usr/local/shared_data/public-human-genomes/GRCh38/1000Genomes/CRAM/HG01148/HG01148.cram
leak_gourraud	HG01149	CLM12	CLM	AMR	0	1	/usr/local/shared_data/public-human-genomes/GRCh38/1000Genomes/CRAM/HG01149/HG01149.cram
leak_gourraud	HG01168	PR39	PUR	AMR	0	1	/usr/local/shared_data/public-human-genomes/GRCh38/1000Genomes/CRAM/HG01168/HG01168.cram
test_B_gourraud	HG01170	PR24	PUR	AMR	0	1	/usr/local/shared_data/public-human-genomes/GRCh38/1000Genomes/CRAM/HG01170/HG01170.cram
test_B_gourraud	HG01171	PR24	PUR	AMR	0	1	/usr/local/shared_data/public-human-genomes/GRCh38/1000Genomes/CRAM/HG01171/HG01171.cram
leak_gourraud	HG01173	PR36	PUR	AMR	0	1	/usr/local/shared_data/public-human-genomes/GRCh38/1000Genomes/CRAM/HG01173/HG01173.cram
leak_gourraud	HG01174	PR36	PUR	AMR	0	1	/usr/local/shared_data/public-human-genomes/GRCh38/1000Genomes/CRAM/HG01174/HG01174.cram
test_B_gourraud	HG01176	PR42	PUR	AMR	0	1	/usr/local/shared_data/public-human-genomes/GRCh38/1000Genomes/CRAM/HG01176/HG01176.cram
test_B_gourraud	HG01177	PR42	PUR	AMR	0	1	/usr/local/shared_data/public-human-genomes/GRCh38/1000Genomes/CRAM/HG01177/HG01177.cram
test_B_gourraud	HG01182	PR44	PUR	AMR	0	1	/usr/local/shared_data/public-human-genomes/GRCh38/1000Genomes/CRAM/HG01182/HG01182.cram
test_B_gourraud	HG01183	PR44	PUR	AMR	0	1	/usr/local/shared_data/public-human-genomes/GRCh38/1000Genomes/CRAM/HG01183/HG01183.cram
test_B_gourraud	HG01187	PR38	PUR	AMR	0	1	/usr/local/shared_data/public-human-genomes/GRCh38/1000Genomes/CRAM/HG01187/HG01187.cram
test_B_gourraud	HG01188	PR38	PUR	AMR	0	1	/usr/local/shared_data/public-human-genomes/GRCh38/1000Genomes/CRAM/HG01188/HG01188.cram
leak_gourraud	HG01190	PR40	PUR	AMR	0	1	/usr/local/shared_data/public-human-genomes/GRCh38/1000Genomes/CRAM/HG01190/HG01190.cram
leak_gourraud	HG01191	PR40	PUR	AMR	0	1	/usr/local/shared_data/public-human-genomes/GRCh38/1000Genomes/CRAM/HG01191/HG01191.cram
test_B_gourraud	HG01197	PR46	PUR	AMR	0	1	/usr/local/shared_data/public-human-genomes/GRCh38/1000Genomes/CRAM/HG01197/HG01197.cram
test_B_gourraud	HG01198	PR46	PUR	AMR	0	1	/usr/local/shared_data/public-human-genomes/GRCh38/1000Genomes/CRAM/HG01198/HG01198.cram
test_B_gourraud	HG01204	PR49	PUR	AMR	0	1	/usr/local/shared_data/public-human-genomes/GRCh38/1000Genomes/CRAM/HG01204/HG01204.cram
test_B_gourraud	HG01205	PR49	PUR	AMR	0	1	/usr/local/shared_data/public-human-genomes/GRCh38/1000Genomes/CRAM/HG01205/HG01205.cram
leak_gourraud	HG01241	PR22	PUR	AMR	0	1	/usr/local/shared_data/public-human-genomes/GRCh38/1000Genomes/CRAM/HG01241/HG01241.cram
leak_gourraud	HG01242	PR22	PUR	AMR	0	1	/usr/local/shared_data/public-human-genomes/GRCh38/1000Genomes/CRAM/HG01242/HG01242.cram
test_B_gourraud	HG01247	PR32	PUR	AMR	0	1	/usr/local/shared_data/public-human-genomes/GRCh38/1000Genomes/CRAM/HG01247/HG01247.cram
test_B_gourraud	HG01248	PR32	PUR	AMR	0	1	/usr/local/shared_data/public-human-genomes/GRCh38/1000Genomes/CRAM/HG01248/HG01248.cram
leak_gourraud	HG01250	CLM14	CLM	AMR	0	1	/usr/local/shared_data/public-human-genomes/GRCh38/1000Genomes/CRAM/HG01250/HG01250.cram
leak_gourraud	HG01251	CLM14	CLM	AMR	0	1	/usr/local/shared_data/public-human-genomes/GRCh38/1000Genomes/CRAM/HG01251/HG01251.cram
leak_gourraud	HG01253	CLM15	CLM	AMR	0	1	/usr/local/shared_data/public-human-genomes/GRCh38/1000Genomes/CRAM/HG01253/HG01253.cram
leak_gourraud	HG01254	CLM15	CLM	AMR	0	1	/usr/local/shared_data/public-human-genomes/GRCh38/1000Genomes/CRAM/HG01254/HG01254.cram
leak_gourraud	HG01256	CLM16	CLM	AMR	0	1	/usr/local/shared_data/public-human-genomes/GRCh38/1000Genomes/CRAM/HG01256/HG01256.cram
leak_gourraud	HG01257	CLM16	CLM	AMR	0	1	/usr/local/shared_data/public-human-genomes/GRCh38/1000Genomes/CRAM/HG01257/HG01257.cram
leak_gourraud	HG01259	CLM17	CLM	AMR	0	1	/usr/local/shared_data/public-human-genomes/GRCh38/1000Genomes/CRAM/HG01259/HG01259.cram
leak_gourraud	HG01260	CLM17	CLM	AMR	0	1	/usr/local/shared_data/public-human-genomes/GRCh38/1000Genomes/CRAM/HG01260/HG01260.cram
test_B_gourraud	HG01271	CLM21	CLM	AMR	0	1	/usr/local/shared_data/public-human-genomes/GRCh38/1000Genomes/CRAM/HG01271/HG01271.cram
test_B_gourraud	HG01272	CLM21	CLM	AMR	0	1	/usr/local/shared_data/public-human-genomes/GRCh38/1000Genomes/CRAM/HG01272/HG01272.cram
test_B_gourraud	HG01274	CLM22	CLM	AMR	0	1	https://s3.amazonaws.com/1000genomes/1000G_2504_high_coverage/additional_698_related/data/ERR3988865/HG01274.final.cram
test_B_gourraud	HG01275	CLM22	CLM	AMR	0	1	/usr/local/shared_data/public-human-genomes/GRCh38/1000Genomes/CRAM/HG01275/HG01275.cram
test_B_gourraud	HG01277	CLM23	CLM	AMR	0	1	/usr/local/shared_data/public-human-genomes/GRCh38/1000Genomes/CRAM/HG01277/HG01277.cram
test_B_gourraud	HG01278	CLM23	CLM	AMR	0	1	https://s3.amazonaws.com/1000genomes/1000G_2504_high_coverage/additional_698_related/data/ERR3988867/HG01278.final.cram
test_B_gourraud	HG01334	HG01334	GBR	EUR	0	1	/usr/local/shared_data/public-human-genomes/GRCh38/1000Genomes/CRAM/HG01334/HG01334.cram
test_B_gourraud	HG01341	CLM26	CLM	AMR	0	1	/usr/local/shared_data/public-human-genomes/GRCh38/1000Genomes/CRAM/HG01341/HG01341.cram
test_B_gourraud	HG01342	CLM26	CLM	AMR	0	1	/usr/local/shared_data/public-human-genomes/GRCh38/1000Genomes/CRAM/HG01342/HG01342.cram
leak_gourraud	HG01344	CLM27	CLM	AMR	0	1	/usr/local/shared_data/public-human-genomes/GRCh38/1000Genomes/CRAM/HG01344/HG01344.cram
leak_gourraud	HG01345	CLM27	CLM	AMR	0	1	/usr/local/shared_data/public-human-genomes/GRCh38/1000Genomes/CRAM/HG01345/HG01345.cram
test_B_gourraud	HG01347	CLM28	CLM	AMR	0	1	https://s3.amazonaws.com/1000genomes/1000G_2504_high_coverage/additional_698_related/data/ERR3988871/HG01347.final.cram
test_B_gourraud	HG01348	CLM28	CLM	AMR	0	1	/usr/local/shared_data/public-human-genomes/GRCh38/1000Genomes/CRAM/HG01348/HG01348.cram
test_B_gourraud	HG01350	CLM29	CLM	AMR	0	1	/usr/local/shared_data/public-human-genomes/GRCh38/1000Genomes/CRAM/HG01350/HG01350.cram
test_B_gourraud	HG01351	CLM29	CLM	AMR	0	1	/usr/local/shared_data/public-human-genomes/GRCh38/1000Genomes/CRAM/HG01351/HG01351.cram
test_B_gourraud	HG01353	CLM30	CLM	AMR	0	1	/usr/local/shared_data/public-human-genomes/GRCh38/1000Genomes/CRAM/HG01353/HG01353.cram
test_B_gourraud	HG01354	CLM30	CLM	AMR	0	1	/usr/local/shared_data/public-human-genomes/GRCh38/1000Genomes/CRAM/HG01354/HG01354.cram
leak_gourraud	HG01356	CLM31	CLM	AMR	0	1	/usr/local/shared_data/public-human-genomes/GRCh38/1000Genomes/CRAM/HG01356/HG01356.cram
leak_gourraud	HG01357	CLM31	CLM	AMR	0	1	/usr/local/shared_data/public-human-genomes/GRCh38/1000Genomes/CRAM/HG01357/HG01357.cram
leak_gourraud	HG01359	CLM32	CLM	AMR	0	1	/usr/local/shared_data/public-human-genomes/GRCh38/1000Genomes/CRAM/HG01359/HG01359.cram
leak_gourraud	HG01360	CLM32	CLM	AMR	0	1	/usr/local/shared_data/public-human-genomes/GRCh38/1000Genomes/CRAM/HG01360/HG01360.cram
test_B_gourraud	HG01365	CLM34	CLM	AMR	0	1	/usr/local/shared_data/public-human-genomes/GRCh38/1000Genomes/CRAM/HG01365/HG01365.cram
test_B_gourraud	HG01366	CLM34	CLM	AMR	0	1	/usr/local/shared_data/public-human-genomes/GRCh38/1000Genomes/CRAM/HG01366/HG01366.cram
test_B_gourraud	HG01374	CLM37	CLM	AMR	0	1	/usr/local/shared_data/public-human-genomes/GRCh38/1000Genomes/CRAM/HG01374/HG01374.cram
test_B_gourraud	HG01375	CLM37	CLM	AMR	0	1	/usr/local/shared_data/public-human-genomes/GRCh38/1000Genomes/CRAM/HG01375/HG01375.cram
test_B_gourraud	HG01377	CLM38	CLM	AMR	0	1	/usr/local/shared_data/public-human-genomes/GRCh38/1000Genomes/CRAM/HG01377/HG01377.cram
test_B_gourraud	HG01378	CLM38	CLM	AMR	0	1	/usr/local/shared_data/public-human-genomes/GRCh38/1000Genomes/CRAM/HG01378/HG01378.cram
test_B_gourraud	HG01383	CLM40	CLM	AMR	0	1	/usr/local/shared_data/public-human-genomes/GRCh38/1000Genomes/CRAM/HG01383/HG01383.cram
test_B_gourraud	HG01384	CLM40	CLM	AMR	0	1	/usr/local/shared_data/public-human-genomes/GRCh38/1000Genomes/CRAM/HG01384/HG01384.cram
test_B_gourraud	HG01389	CLM42	CLM	AMR	0	1	/usr/local/shared_data/public-human-genomes/GRCh38/1000Genomes/CRAM/HG01389/HG01389.cram
test_B_gourraud	HG01390	CLM42	CLM	AMR	0	1	/usr/local/shared_data/public-human-genomes/GRCh38/1000Genomes/CRAM/HG01390/HG01390.cram
test_B_gourraud	HG01437	CLM45	CLM	AMR	0	1	/usr/local/shared_data/public-human-genomes/GRCh38/1000Genomes/CRAM/HG01437/HG01437.cram
test_B_gourraud	HG01438	CLM45	CLM	AMR	0	1	/usr/local/shared_data/public-human-genomes/GRCh38/1000Genomes/CRAM/HG01438/HG01438.cram
test_B_gourraud	HG01440	CLM46a	CLM	AMR	0	1	/usr/local/shared_data/public-human-genomes/GRCh38/1000Genomes/CRAM/HG01440/HG01440.cram
test_B_gourraud	HG01441	CLM46	CLM	AMR	0	1	/usr/local/shared_data/public-human-genomes/GRCh38/1000Genomes/CRAM/HG01441/HG01441.cram
test_B_gourraud	HG01455	CLM51	CLM	AMR	0	1	/usr/local/shared_data/public-human-genomes/GRCh38/1000Genomes/CRAM/HG01455/HG01455.cram
test_B_gourraud	HG01456	CLM51	CLM	AMR	0	1	/usr/local/shared_data/public-human-genomes/GRCh38/1000Genomes/CRAM/HG01456/HG01456.cram
test_B_gourraud	HG01461	CLM53	CLM	AMR	0	1	/usr/local/shared_data/public-human-genomes/GRCh38/1000Genomes/CRAM/HG01461/HG01461.cram
test_B_gourraud	HG01462	CLM53	CLM	AMR	0	1	/usr/local/shared_data/public-human-genomes/GRCh38/1000Genomes/CRAM/HG01462/HG01462.cram
test_B_gourraud	HG01464	CLM54	CLM	AMR	0	1	/usr/local/shared_data/public-human-genomes/GRCh38/1000Genomes/CRAM/HG01464/HG01464.cram
test_B_gourraud	HG01465	CLM54	CLM	AMR	0	1	/usr/local/shared_data/public-human-genomes/GRCh38/1000Genomes/CRAM/HG01465/HG01465.cram
test_B_gourraud	HG01488	CLM62	CLM	AMR	0	1	/usr/local/shared_data/public-human-genomes/GRCh38/1000Genomes/CRAM/HG01488/HG01488.cram
test_B_gourraud	HG01489	CLM62	CLM	AMR	0	1	/usr/local/shared_data/public-human-genomes/GRCh38/1000Genomes/CRAM/HG01489/HG01489.cram
test_B_gourraud	HG01491	CLM63	CLM	AMR	0	1	/usr/local/shared_data/public-human-genomes/GRCh38/1000Genomes/CRAM/HG01491/HG01491.cram
test_B_gourraud	HG01492	CLM63	CLM	AMR	0	1	/usr/local/shared_data/public-human-genomes/GRCh38/1000Genomes/CRAM/HG01492/HG01492.cram
leak_gourraud	HG01494	CLM64	CLM	AMR	0	1	/usr/local/shared_data/public-human-genomes/GRCh38/1000Genomes/CRAM/HG01494/HG01494.cram
leak_gourraud	HG01495	CLM64	CLM	AMR	0	1	/usr/local/shared_data/public-human-genomes/GRCh38/1000Genomes/CRAM/HG01495/HG01495.cram
test_B_gourraud	HG01497	CLM65	CLM	AMR	0	1	/usr/local/shared_data/public-human-genomes/GRCh38/1000Genomes/CRAM/HG01497/HG01497.cram
test_B_gourraud	HG01498	CLM65	CLM	AMR	0	1	/usr/local/shared_data/public-human-genomes/GRCh38/1000Genomes/CRAM/HG01498/HG01498.cram
test_B_gourraud	HG01550	CLM66	CLM	AMR	0	1	/usr/local/shared_data/public-human-genomes/GRCh38/1000Genomes/CRAM/HG01550/HG01550.cram
test_B_gourraud	HG01551	CLM66	CLM	AMR	0	1	/usr/local/shared_data/public-human-genomes/GRCh38/1000Genomes/CRAM/HG01551/HG01551.cram
test_B_gourraud	NA06985	1341	CEU	EUR	0	1	/usr/local/shared_data/public-human-genomes/GRCh38/1000Genomes/CRAM/NA06985/NA06985.cram
test_B_gourraud	NA06986	13291	CEU	EUR	0	1	/usr/local/shared_data/public-human-genomes/GRCh38/1000Genomes/CRAM/NA06986/NA06986.cram
test_B_gourraud	NA06991	1341	CEU	EUR	0	1	https://s3.amazonaws.com/1000genomes/1000G_2504_high_coverage/additional_698_related/data/ERR3989263/NA06991.final.cram
test_B_gourraud	NA06993	1341	CEU	EUR	0	1	https://s3.amazonaws.com/1000genomes/1000G_2504_high_coverage/additional_698_related/data/ERR3989264/NA06993.final.cram
test_B_gourraud	NA06994	1340	CEU	EUR	0	1	/usr/local/shared_data/public-human-genomes/GRCh38/1000Genomes/CRAM/NA06994/NA06994.cram
test_B_gourraud	NA06995	13291	CEU	EUR	0	1	https://s3.amazonaws.com/1000genomes/1000G_2504_high_coverage/additional_698_related/data/ERR3989265/NA06995.final.cram
test_B_gourraud	NA06997	13291	CEU	EUR	0	1	https://s3.amazonaws.com/1000genomes/1000G_2504_high_coverage/additional_698_related/data/ERR3989266/NA06997.final.cram
test_B_gourraud	NA07000	1340	CEU	EUR	0	1	/usr/local/shared_data/public-human-genomes/GRCh38/1000Genomes/CRAM/NA07000/NA07000.cram
test_B_gourraud	NA07014	13292	CEU	EUR	0	1	https://s3.amazonaws.com/1000genomes/1000G_2504_high_coverage/additional_698_related/data/ERR3989267/NA07014.final.cram
test_B_gourraud	NA07019	1340	CEU	EUR	0	1	https://s3.amazonaws.com/1000genomes/1000G_2504_high_coverage/additional_698_related/data/ERR3989268/NA07019.final.cram
test_B_gourraud	NA07022	1340	CEU	EUR	0	1	https://s3.amazonaws.com/1000genomes/1000G_2504_high_coverage/additional_698_related/data/ERR3989269/NA07022.final.cram
test_B_gourraud	NA07029	1340	CEU	EUR	0	1	https://s3.amazonaws.com/1000genomes/1000G_2504_high_coverage/additional_698_related/data/ERR3989270/NA07029.final.cram
test_B_gourraud	NA07031	13292	CEU	EUR	0	1	https://s3.amazonaws.com/1000genomes/1000G_2504_high_coverage/additional_698_related/data/ERR3989271/NA07031.final.cram
test_B_gourraud	NA07034	1341	CEU	EUR	0	1	https://s3.amazonaws.com/1000genomes/1000G_2504_high_coverage/additional_698_related/data/ERR3989272/NA07034.final.cram
test_B_gourraud	NA07037	13291	CEU	EUR	0	1	/usr/local/shared_data/public-human-genomes/GRCh38/1000Genomes/CRAM/NA07037/NA07037.cram
test_B_gourraud	NA07045	13291	CEU	EUR	0	1	https://s3.amazonaws.com/1000genomes/1000G_2504_high_coverage/additional_698_related/data/ERR3989273/NA07045.final.cram
test_B_gourraud	NA07048	1341	CEU	EUR	0	1	/usr/local/shared_data/public-human-genomes/GRCh38/1000Genomes/CRAM/NA07048/NA07048.cram
test_B_gourraud	NA07051	13292	CEU	EUR	0	1	/usr/local/shared_data/public-human-genomes/GRCh38/1000Genomes/CRAM/NA07051/NA07051.cram
test_B_gourraud	NA07055	1341	CEU	EUR	0	1	https://s3.amazonaws.com/1000genomes/1000G_2504_high_coverage/additional_698_related/data/ERR3989274/NA07055.final.cram
test_B_gourraud	NA07056	1340	CEU	EUR	0	1	/usr/local/shared_data/public-human-genomes/GRCh38/1000Genomes/CRAM/NA07056/NA07056.cram
test_B_gourraud	NA07345	1345	CEU	EUR	0	1	https://s3.amazonaws.com/1000genomes/1000G_2504_high_coverage/additional_698_related/data/ERR3989275/NA07345.final.cram
test_B_gourraud	NA07346	1345	CEU	EUR	0	1	https://s3.amazonaws.com/1000genomes/1000G_2504_high_coverage/additional_698_related/data/ERR3989276/NA07346.final.cram
test_B_gourraud	NA07347	1345	CEU	EUR	0	1	/usr/local/shared_data/public-human-genomes/GRCh38/1000Genomes/CRAM/NA07347/NA07347.cram
test_B_gourraud	NA07348	1345	CEU	EUR	0	1	https://s3.amazonaws.com/1000genomes/1000G_2504_high_coverage/additional_698_related/data/ERR3989277/NA07348.final.cram
test_B_gourraud	NA07349	1345	CEU	EUR	0	1	https://s3.amazonaws.com/1000genomes/1000G_2504_high_coverage/additional_698_related/data/ERR3989278/NA07349.final.cram
test_B_gourraud	NA07357	1345	CEU	EUR	0	1	/usr/local/shared_data/public-human-genomes/GRCh38/1000Genomes/CRAM/NA07357/NA07357.cram
test_B_gourraud	NA07435	13291	CEU	EUR	0	1	https://s3.amazonaws.com/1000genomes/1000G_2504_high_coverage/additional_698_related/data/ERR3989279/NA07435.final.cram
test_B_gourraud	NA10830	1408	CEU	EUR	0	1	https://s3.amazonaws.com/1000genomes/1000G_2504_high_coverage/additional_698_related/data/ERR3989280/NA10830.final.cram
test_B_gourraud	NA10831	1408	CEU	EUR	0	1	https://s3.amazonaws.com/1000genomes/1000G_2504_high_coverage/additional_698_related/data/ERR3989281/NA10831.final.cram
test_B_gourraud	NA10835	1416	CEU	EUR	0	1	https://s3.amazonaws.com/1000genomes/1000G_2504_high_coverage/additional_698_related/data/ERR3989282/NA10835.final.cram
test_B_gourraud	NA10836	1418	CEU	EUR	0	1	https://s3.amazonaws.com/1000genomes/1000G_2504_high_coverage/additional_698_related/data/ERR3989283/NA10836.final.cram
test_B_gourraud	NA10837	1418	CEU	EUR	0	1	https://s3.amazonaws.com/1000genomes/1000G_2504_high_coverage/additional_698_related/data/ERR3989284/NA10837.final.cram
test_B_gourraud	NA10838	1420	CEU	EUR	0	1	https://s3.amazonaws.com/1000genomes/1000G_2504_high_coverage/additional_698_related/data/ERR3989285/NA10838.final.cram
test_B_gourraud	NA10839	1420	CEU	EUR	0	1	https://s3.amazonaws.com/1000genomes/1000G_2504_high_coverage/additional_698_related/data/ERR3989286/NA10839.final.cram
test_B_gourraud	NA10840	1421	CEU	EUR	0	1	https://s3.amazonaws.com/1000genomes/1000G_2504_high_coverage/additional_698_related/data/ERR3989287/NA10840.final.cram
test_B_gourraud	NA10842	1423	CEU	EUR	0	1	https://s3.amazonaws.com/1000genomes/1000G_2504_high_coverage/additional_698_related/data/ERR3989288/NA10842.final.cram
test_B_gourraud	NA10843	1423	CEU	EUR	0	1	https://s3.amazonaws.com/1000genomes/1000G_2504_high_coverage/additional_698_related/data/ERR3989289/NA10843.final.cram
test_B_gourraud	NA10845	1424	CEU	EUR	0	1	https://s3.amazonaws.com/1000genomes/1000G_2504_high_coverage/additional_698_related/data/ERR3989290/NA10845.final.cram
test_B_gourraud	NA10846	1334	CEU	EUR	0	1	https://s3.amazonaws.com/1000genomes/1000G_2504_high_coverage/additional_698_related/data/ERR3989291/NA10846.final.cram
test_B_gourraud	NA10847	1334	CEU	EUR	0	1	/usr/local/shared_data/public-human-genomes/GRCh38/1000Genomes/CRAM/NA10847/NA10847.cram
test_B_gourraud	NA10851	1344	CEU	EUR	0	1	/usr/local/shared_data/public-human-genomes/GRCh38/1000Genomes/CRAM/NA10851/NA10851.cram
test_B_gourraud	NA10852	1346	CEU	EUR	0	1	https://s3.amazonaws.com/1000genomes/1000G_2504_high_coverage/additional_698_related/data/ERR3989292/NA10852.final.cram
test_B_gourraud	NA10854	1349	CEU	EUR	0	1	https://s3.amazonaws.com/1000genomes/1000G_2504_high_coverage/additional_698_related/data/ERR3989293/NA10854.final.cram
test_B_gourraud	NA10855	1350	CEU	EUR	0	1	https://s3.amazonaws.com/1000genomes/1000G_2504_high_coverage/additional_698_related/data/ERR3989294/NA10855.final.cram
test_B_gourraud	NA10856	1350	CEU	EUR	0	1	https://s3.amazonaws.com/1000genomes/1000G_2504_high_coverage/additional_698_related/data/ERR3989295/NA10856.final.cram
test_B_gourraud	NA10857	1346	CEU	EUR	0	1	https://s3.amazonaws.com/1000genomes/1000G_2504_high_coverage/additional_698_related/data/ERR3989296/NA10857.final.cram
test_B_gourraud	NA10859	1347	CEU	EUR	0	1	https://s3.amazonaws.com/1000genomes/1000G_2504_high_coverage/additional_698_related/data/ERR3989297/NA10859.final.cram
test_B_gourraud	NA10860	1362	CEU	EUR	0	1	https://s3.amazonaws.com/1000genomes/1000G_2504_high_coverage/additional_698_related/data/ERR3989298/NA10860.final.cram
test_B_gourraud	NA10861	1362	CEU	EUR	0	1	https://s3.amazonaws.com/1000genomes/1000G_2504_high_coverage/additional_698_related/data/ERR3989299/NA10861.final.cram
test_B_gourraud	NA10863	1375	CEU	EUR	0	1	https://s3.amazonaws.com/1000genomes/1000G_2504_high_coverage/additional_698_related/data/ERR3989300/NA10863.final.cram
test_B_gourraud	NA10864	1377	CEU	EUR	0	1	https://s3.amazonaws.com/1000genomes/1000G_2504_high_coverage/additional_698_related/data/ERR3989301/NA10864.final.cram
test_B_gourraud	NA10865	1377	CEU	EUR	0	1	https://s3.amazonaws.com/1000genomes/1000G_2504_high_coverage/additional_698_related/data/ERR3989302/NA10865.final.cram
test_B_gourraud	NA11829	1350	CEU	EUR	0	1	/usr/local/shared_data/public-human-genomes/GRCh38/1000Genomes/CRAM/NA11829/NA11829.cram
test_B_gourraud	NA11830	1350	CEU	EUR	0	1	/usr/local/shared_data/public-human-genomes/GRCh38/1000Genomes/CRAM/NA11830/NA11830.cram
test_B_gourraud	NA11831	1350	CEU	EUR	0	1	/usr/local/shared_data/public-human-genomes/GRCh38/1000Genomes/CRAM/NA11831/NA11831.cram
test_B_gourraud	NA11832	1350	CEU	EUR	0	1	/usr/local/shared_data/public-human-genomes/GRCh38/1000Genomes/CRAM/NA11832/NA11832.cram
test_B_gourraud	NA11839	1349	CEU	EUR	0	1	https://s3.amazonaws.com/1000genomes/1000G_2504_high_coverage/additional_698_related/data/ERR3989303/NA11839.final.cram
test_B_gourraud	NA11840	1349	CEU	EUR	0	1	/usr/local/shared_data/public-human-genomes/GRCh38/1000Genomes/CRAM/NA11840/NA11840.cram
test_B_gourraud	NA11843	1349	CEU	EUR	0	1	/usr/local/shared_data/public-human-genomes/GRCh38/1000Genomes/CRAM/NA11843/NA11843.cram
test_B_gourraud	NA11881	1347	CEU	EUR	0	1	/usr/local/shared_data/public-human-genomes/GRCh38/1000Genomes/CRAM/NA11881/NA11881.cram
test_B_gourraud	NA11882	1347	CEU	EUR	0	1	https://s3.amazonaws.com/1000genomes/1000G_2504_high_coverage/additional_698_related/data/ERR3989304/NA11882.final.cram
test_B_gourraud	NA11891	1377	CEU	EUR	0	1	https://s3.amazonaws.com/1000genomes/1000G_2504_high_coverage/additional_698_related/data/ERR3989305/NA11891.final.cram
test_B_gourraud	NA11892	1377	CEU	EUR	0	1	/usr/local/shared_data/public-human-genomes/GRCh38/1000Genomes/CRAM/NA11892/NA11892.cram
test_B_gourraud	NA11893	1377	CEU	EUR	0	1	/usr/local/shared_data/public-human-genomes/GRCh38/1000Genomes/CRAM/NA11893/NA11893.cram
test_B_gourraud	NA11894	1377	CEU	EUR	0	1	/usr/local/shared_data/public-human-genomes/GRCh38/1000Genomes/CRAM/NA11894/NA11894.cram
test_B_gourraud	NA11917	1423	CEU	EUR	0	1	https://s3.amazonaws.com/1000genomes/1000G_2504_high_coverage/additional_698_related/data/ERR3989306/NA11917.final.cram
test_B_gourraud	NA11918	1423	CEU	EUR	0	1	/usr/local/shared_data/public-human-genomes/GRCh38/1000Genomes/CRAM/NA11918/NA11918.cram
test_B_gourraud	NA11919	1423	CEU	EUR	0	1	/usr/local/shared_data/public-human-genomes/GRCh38/1000Genomes/CRAM/NA11919/NA11919.cram
test_B_gourraud	NA11920	1423	CEU	EUR	0	1	/usr/local/shared_data/public-human-genomes/GRCh38/1000Genomes/CRAM/NA11920/NA11920.cram
test_B_gourraud	NA11930	1424	CEU	EUR	0	1	/usr/local/shared_data/public-human-genomes/GRCh38/1000Genomes/CRAM/NA11930/NA11930.cram
test_B_gourraud	NA11931	1424	CEU	EUR	0	1	/usr/local/shared_data/public-human-genomes/GRCh38/1000Genomes/CRAM/NA11931/NA11931.cram
test_B_gourraud	NA11992	1362	CEU	EUR	0	1	/usr/local/shared_data/public-human-genomes/GRCh38/1000Genomes/CRAM/NA11992/NA11992.cram
test_B_gourraud	NA11993	1362	CEU	EUR	0	1	https://s3.amazonaws.com/1000genomes/1000G_2504_high_coverage/additional_698_related/data/ERR3989307/NA11993.final.cram
test_B_gourraud	NA11994	1362	CEU	EUR	0	1	/usr/local/shared_data/public-human-genomes/GRCh38/1000Genomes/CRAM/NA11994/NA11994.cram
test_B_gourraud	NA11995	1362	CEU	EUR	0	1	/usr/local/shared_data/public-human-genomes/GRCh38/1000Genomes/CRAM/NA11995/NA11995.cram
test_B_gourraud	NA12003	1420	CEU	EUR	0	1	/usr/local/shared_data/public-human-genomes/GRCh38/1000Genomes/CRAM/NA12003/NA12003.cram
test_B_gourraud	NA12004	1420	CEU	EUR	0	1	/usr/local/shared_data/public-human-genomes/GRCh38/1000Genomes/CRAM/NA12004/NA12004.cram
test_B_gourraud	NA12005	1420	CEU	EUR	0	1	/usr/local/shared_data/public-human-genomes/GRCh38/1000Genomes/CRAM/NA12005/NA12005.cram
test_B_gourraud	NA12006	1420	CEU	EUR	0	1	/usr/local/shared_data/public-human-genomes/GRCh38/1000Genomes/CRAM/NA12006/NA12006.cram
test_B_gourraud	NA12043	1346	CEU	EUR	0	1	/usr/local/shared_data/public-human-genomes/GRCh38/1000Genomes/CRAM/NA12043/NA12043.cram
test_B_gourraud	NA12044	1346	CEU	EUR	0	1	/usr/local/shared_data/public-human-genomes/GRCh38/1000Genomes/CRAM/NA12044/NA12044.cram
test_B_gourraud	NA12045	1346	CEU	EUR	0	1	/usr/local/shared_data/public-human-genomes/GRCh38/1000Genomes/CRAM/NA12045/NA12045.cram
test_B_gourraud	NA12046	1346	CEU	EUR	0	1	/usr/local/shared_data/public-human-genomes/GRCh38/1000Genomes/CRAM/NA12046/NA12046.cram
test_B_gourraud	NA12056	1344	CEU	EUR	0	1	https://s3.amazonaws.com/1000genomes/1000G_2504_high_coverage/additional_698_related/data/ERR3989308/NA12056.final.cram
test_B_gourraud	NA12057	1344	CEU	EUR	0	1	https://s3.amazonaws.com/1000genomes/1000G_2504_high_coverage/additional_698_related/data/ERR3989309/NA12057.final.cram
test_B_gourraud	NA12058	1344	CEU	EUR	0	1	/usr/local/shared_data/public-human-genomes/GRCh38/1000Genomes/CRAM/NA12058/NA12058.cram
test_B_gourraud	NA12144	1334	CEU	EUR	0	1	/usr/local/shared_data/public-human-genomes/GRCh38/1000Genomes/CRAM/NA12144/NA12144.cram
test_B_gourraud	NA12145	1334	CEU	EUR	0	1	https://s3.amazonaws.com/1000genomes/1000G_2504_high_coverage/additional_698_related/data/ERR3989310/NA12145.final.cram
test_B_gourraud	NA12146	1334	CEU	EUR	0	1	https://s3.amazonaws.com/1000genomes/1000G_2504_high_coverage/additional_698_related/data/ERR3989311/NA12146.final.cram
test_B_gourraud	NA12154	1408	CEU	EUR	0	1	/usr/local/shared_data/public-human-genomes/GRCh38/1000Genomes/CRAM/NA12154/NA12154.cram
test_B_gourraud	NA12155	1408	CEU	EUR	0	1	/usr/local/shared_data/public-human-genomes/GRCh38/1000Genomes/CRAM/NA12155/NA12155.cram
test_B_gourraud	NA12156	1408	CEU	EUR	0	1	/usr/local/shared_data/public-human-genomes/GRCh38/1000Genomes/CRAM/NA12156/NA12156.cram
test_B_gourraud	NA12234	1375	CEU	EUR	0	1	/usr/local/shared_data/public-human-genomes/GRCh38/1000Genomes/CRAM/NA12234/NA12234.cram
test_B_gourraud	NA12236	1408	CEU	EUR	0	1	https://s3.amazonaws.com/1000genomes/1000G_2504_high_coverage/additional_698_related/data/ERR3989312/NA12236.final.cram
test_B_gourraud	NA12239	1334	CEU	EUR	0	1	https://s3.amazonaws.com/1000genomes/1000G_2504_high_coverage/additional_698_related/data/ERR3989313/NA12239.final.cram
test_B_gourraud	NA12248	1416	CEU	EUR	0	1	https://s3.amazonaws.com/1000genomes/1000G_2504_high_coverage/additional_698_related/data/ERR3989314/NA12248.final.cram
test_B_gourraud	NA12249	1416	CEU	EUR	0	1	/usr/local/shared_data/public-human-genomes/GRCh38/1000Genomes/CRAM/NA12249/NA12249.cram
test_B_gourraud	NA12264	1375	CEU	EUR	0	1	https://s3.amazonaws.com/1000genomes/1000G_2504_high_coverage/additional_698_related/data/ERR3989315/NA12264.final.cram
test_B_gourraud	NA12272	1418	CEU	EUR	0	1	/usr/local/shared_data/public-human-genomes/GRCh38/1000Genomes/CRAM/NA12272/NA12272.cram
test_B_gourraud	NA12273	1418	CEU	EUR	0	1	/usr/local/shared_data/public-human-genomes/GRCh38/1000Genomes/CRAM/NA12273/NA12273.cram
test_B_gourraud	NA12274	1418	CEU	EUR	0	1	https://s3.amazonaws.com/1000genomes/1000G_2504_high_coverage/additional_698_related/data/ERR3989316/NA12274.final.cram
test_B_gourraud	NA12275	1418	CEU	EUR	0	1	/usr/local/shared_data/public-human-genomes/GRCh38/1000Genomes/CRAM/NA12275/NA12275.cram
test_B_gourraud	NA12282	1421a	CEU	EUR	0	1	/usr/local/shared_data/public-human-genomes/GRCh38/1000Genomes/CRAM/NA12282/NA12282.cram
test_B_gourraud	NA12283	1421a	CEU	EUR	0	1	/usr/local/shared_data/public-human-genomes/GRCh38/1000Genomes/CRAM/NA12283/NA12283.cram
test_B_gourraud	NA12286	1421	CEU	EUR	0	1	/usr/local/shared_data/public-human-genomes/GRCh38/1000Genomes/CRAM/NA12286/NA12286.cram
test_B_gourraud	NA12287	1421	CEU	EUR	0	1	/usr/local/shared_data/public-human-genomes/GRCh38/1000Genomes/CRAM/NA12287/NA12287.cram
test_B_gourraud	NA18500	Y004	YRI	AFR	0	1	https://s3.amazonaws.com/1000genomes/1000G_2504_high_coverage/additional_698_related/data/ERR3989347/NA18500.final.cram
test_B_gourraud	NA18501	Y004	YRI	AFR	0	1	/usr/local/shared_data/public-human-genomes/GRCh38/1000Genomes/CRAM/NA18501/NA18501.cram
test_B_gourraud	NA18502	Y004	YRI	AFR	0	1	/usr/local/shared_data/public-human-genomes/GRCh38/1000Genomes/CRAM/NA18502/NA18502.cram
leak_gourraud	NA18503	Y005	YRI	AFR	0	1	https://s3.amazonaws.com/1000genomes/1000G_2504_high_coverage/additional_698_related/data/ERR3989348/NA18503.final.cram
leak_gourraud	NA18504	Y005	YRI	AFR	0	1	/usr/local/shared_data/public-human-genomes/GRCh38/1000Genomes/CRAM/NA18504/NA18504.cram
leak_gourraud	NA18506	Y009	YRI	AFR	0	1	https://s3.amazonaws.com/1000genomes/1000G_2504_high_coverage/additional_698_related/data/ERR3989349/NA18506.final.cram
leak_gourraud	NA18507	Y009	YRI	AFR	0	1	/usr/local/shared_data/public-human-genomes/GRCh38/1000Genomes/CRAM/NA18507/NA18507.cram
test_B_gourraud	NA18515	Y013	YRI	AFR	0	1	https://s3.amazonaws.com/1000genomes/1000G_2504_high_coverage/additional_698_related/data/ERR3989350/NA18515.final.cram
test_B_gourraud	NA18516	Y013	YRI	AFR	0	1	/usr/local/shared_data/public-human-genomes/GRCh38/1000Genomes/CRAM/NA18516/NA18516.cram
test_B_gourraud	NA18517	Y013	YRI	AFR	0	1	/usr/local/shared_data/public-human-genomes/GRCh38/1000Genomes/CRAM/NA18517/NA18517.cram
leak_gourraud	NA18521	Y016	YRI	AFR	0	1	https://s3.amazonaws.com/1000genomes/1000G_2504_high_coverage/additional_698_related/data/ERR3989352/NA18521.final.cram
leak_gourraud	NA18523	Y016	YRI	AFR	0	1	/usr/local/shared_data/public-human-genomes/GRCh38/1000Genomes/CRAM/NA18523/NA18523.cram
test_B_gourraud	NA18526	NA18526	CHB	EAS	0	1	/usr/local/shared_data/public-human-genomes/GRCh38/1000Genomes/CRAM/NA18526/NA18526.cram
test_B_gourraud	NA18530	NA18530	CHB	EAS	0	1	/usr/local/shared_data/public-human-genomes/GRCh38/1000Genomes/CRAM/NA18530/NA18530.cram
test_B_gourraud	NA18532	NA18532	CHB	EAS	0	1	/usr/local/shared_data/public-human-genomes/GRCh38/1000Genomes/CRAM/NA18532/NA18532.cram
test_B_gourraud	NA18534	NA18534	CHB	EAS	0	1	/usr/local/shared_data/public-human-genomes/GRCh38/1000Genomes/CRAM/NA18534/NA18534.cram
test_B_gourraud	NA18536	NA18536	CHB	EAS	0	1	/usr/local/shared_data/public-human-genomes/GRCh38/1000Genomes/CRAM/NA18536/NA18536.cram
test_B_gourraud	NA18537	NA18537	CHB	EAS	0	1	/usr/local/shared_data/public-human-genomes/GRCh38/1000Genomes/CRAM/NA18537/NA18537.cram
test_B_gourraud	NA18542	NA18542	CHB	EAS	0	1	/usr/local/shared_data/public-human-genomes/GRCh38/1000Genomes/CRAM/NA18542/NA18542.cram
test_B_gourraud	NA18543	NA18543	CHB	EAS	0	1	/usr/local/shared_data/public-human-genomes/GRCh38/1000Genomes/CRAM/NA18543/NA18543.cram
test_B_gourraud	NA18544	NA18544	CHB	EAS	0	1	/usr/local/shared_data/public-human-genomes/GRCh38/1000Genomes/CRAM/NA18544/NA18544.cram
test_B_gourraud	NA18545	NA18545	CHB	EAS	0	1	/usr/local/shared_data/public-human-genomes/GRCh38/1000Genomes/CRAM/NA18545/NA18545.cram
test_B_gourraud	NA18546	NA18546	CHB	EAS	0	1	/usr/local/shared_data/public-human-genomes/GRCh38/1000Genomes/CRAM/NA18546/NA18546.cram
test_B_gourraud	NA18547	NA18547	CHB	EAS	0	1	/usr/local/shared_data/public-human-genomes/GRCh38/1000Genomes/CRAM/NA18547/NA18547.cram
test_B_gourraud	NA18548	NA18548	CHB	EAS	0	1	/usr/local/shared_data/public-human-genomes/GRCh38/1000Genomes/CRAM/NA18548/NA18548.cram
test_B_gourraud	NA18549	NA18549	CHB	EAS	0	1	/usr/local/shared_data/public-human-genomes/GRCh38/1000Genomes/CRAM/NA18549/NA18549.cram
test_B_gourraud	NA18550	NA18550	CHB	EAS	0	1	/usr/local/shared_data/public-human-genomes/GRCh38/1000Genomes/CRAM/NA18550/NA18550.cram
test_B_gourraud	NA18552	NA18552	CHB	EAS	0	1	/usr/local/shared_data/public-human-genomes/GRCh38/1000Genomes/CRAM/NA18552/NA18552.cram
test_B_gourraud	NA18555	NA18555	CHB	EAS	0	1	/usr/local/shared_data/public-human-genomes/GRCh38/1000Genomes/CRAM/NA18555/NA18555.cram
test_B_gourraud	NA18557	NA18557	CHB	EAS	0	1	/usr/local/shared_data/public-human-genomes/GRCh38/1000Genomes/CRAM/NA18557/NA18557.cram
test_B_gourraud	NA18558	NA18558	CHB	EAS	0	1	/usr/local/shared_data/public-human-genomes/GRCh38/1000Genomes/CRAM/NA18558/NA18558.cram
test_B_gourraud	NA18559	NA18559	CHB	EAS	0	1	/usr/local/shared_data/public-human-genomes/GRCh38/1000Genomes/CRAM/NA18559/NA18559.cram
test_B_gourraud	NA18561	NA18561	CHB	EAS	0	1	/usr/local/shared_data/public-human-genomes/GRCh38/1000Genomes/CRAM/NA18561/NA18561.cram
test_B_gourraud	NA18562	NA18562	CHB	EAS	0	1	/usr/local/shared_data/public-human-genomes/GRCh38/1000Genomes/CRAM/NA18562/NA18562.cram
test_B_gourraud	NA18563	NA18563	CHB	EAS	0	1	/usr/local/shared_data/public-human-genomes/GRCh38/1000Genomes/CRAM/NA18563/NA18563.cram
test_B_gourraud	NA18564	NA18564	CHB	EAS	0	1	/usr/local/shared_data/public-human-genomes/GRCh38/1000Genomes/CRAM/NA18564/NA18564.cram
test_B_gourraud	NA18566	NA18566	CHB	EAS	0	1	/usr/local/shared_data/public-human-genomes/GRCh38/1000Genomes/CRAM/NA18566/NA18566.cram
test_B_gourraud	NA18571	NA18571	CHB	EAS	0	1	/usr/local/shared_data/public-human-genomes/GRCh38/1000Genomes/CRAM/NA18571/NA18571.cram
test_B_gourraud	NA18572	NA18572	CHB	EAS	0	1	/usr/local/shared_data/public-human-genomes/GRCh38/1000Genomes/CRAM/NA18572/NA18572.cram
test_B_gourraud	NA18573	NA18573	CHB	EAS	0	1	/usr/local/shared_data/public-human-genomes/GRCh38/1000Genomes/CRAM/NA18573/NA18573.cram
test_B_gourraud	NA18577	NA18577	CHB	EAS	0	1	/usr/local/shared_data/public-human-genomes/GRCh38/1000Genomes/CRAM/NA18577/NA18577.cram
test_B_gourraud	NA18579	NA18579	CHB	EAS	0	1	/usr/local/shared_data/public-human-genomes/GRCh38/1000Genomes/CRAM/NA18579/NA18579.cram
test_B_gourraud	NA18582	NA18582	CHB	EAS	0	1	/usr/local/shared_data/public-human-genomes/GRCh38/1000Genomes/CRAM/NA18582/NA18582.cram
test_B_gourraud	NA18592	NA18592	CHB	EAS	0	1	/usr/local/shared_data/public-human-genomes/GRCh38/1000Genomes/CRAM/NA18592/NA18592.cram
test_B_gourraud	NA18593	NA18593	CHB	EAS	0	1	/usr/local/shared_data/public-human-genomes/GRCh38/1000Genomes/CRAM/NA18593/NA18593.cram
test_B_gourraud	NA18595	NA18595	CHB	EAS	0	1	/usr/local/shared_data/public-human-genomes/GRCh38/1000Genomes/CRAM/NA18595/NA18595.cram
test_B_gourraud	NA18596	NA18596	CHB	EAS	0	1	/usr/local/shared_data/public-human-genomes/GRCh38/1000Genomes/CRAM/NA18596/NA18596.cram
test_B_gourraud	NA18597	NA18597	CHB	EAS	0	1	/usr/local/shared_data/public-human-genomes/GRCh38/1000Genomes/CRAM/NA18597/NA18597.cram
test_B_gourraud	NA18599	NA18599	CHB	EAS	0	1	/usr/local/shared_data/public-human-genomes/GRCh38/1000Genomes/CRAM/NA18599/NA18599.cram
test_B_gourraud	NA18602	NA18602	CHB	EAS	0	1	/usr/local/shared_data/public-human-genomes/GRCh38/1000Genomes/CRAM/NA18602/NA18602.cram
test_B_gourraud	NA18603	NA18603	CHB	EAS	0	1	/usr/local/shared_data/public-human-genomes/GRCh38/1000Genomes/CRAM/NA18603/NA18603.cram
test_B_gourraud	NA18605	NA18605	CHB	EAS	0	1	/usr/local/shared_data/public-human-genomes/GRCh38/1000Genomes/CRAM/NA18605/NA18605.cram
test_B_gourraud	NA18606	NA18606	CHB	EAS	0	1	/usr/local/shared_data/public-human-genomes/GRCh38/1000Genomes/CRAM/NA18606/NA18606.cram
test_B_gourraud	NA18609	NA18609	CHB	EAS	0	1	/usr/local/shared_data/public-human-genomes/GRCh38/1000Genomes/CRAM/NA18609/NA18609.cram
test_B_gourraud	NA18610	NA18610	CHB	EAS	0	1	/usr/local/shared_data/public-human-genomes/GRCh38/1000Genomes/CRAM/NA18610/NA18610.cram
test_B_gourraud	NA18611	NA18611	CHB	EAS	0	1	/usr/local/shared_data/public-human-genomes/GRCh38/1000Genomes/CRAM/NA18611/NA18611.cram
test_B_gourraud	NA18612	NA18612	CHB	EAS	0	1	/usr/local/shared_data/public-human-genomes/GRCh38/1000Genomes/CRAM/NA18612/NA18612.cram
test_B_gourraud	NA18613	NA18613	CHB	EAS	0	1	/usr/local/shared_data/public-human-genomes/GRCh38/1000Genomes/CRAM/NA18613/NA18613.cram
test_B_gourraud	NA18614	NA18614	CHB	EAS	0	1	/usr/local/shared_data/public-human-genomes/GRCh38/1000Genomes/CRAM/NA18614/NA18614.cram
test_B_gourraud	NA18615	NA18615	CHB	EAS	0	1	/usr/local/shared_data/public-human-genomes/GRCh38/1000Genomes/CRAM/NA18615/NA18615.cram
test_B_gourraud	NA18616	NA18616	CHB	EAS	0	1	/usr/local/shared_data/public-human-genomes/GRCh38/1000Genomes/CRAM/NA18616/NA18616.cram
test_B_gourraud	NA18617	NA18617	CHB	EAS	0	1	/usr/local/shared_data/public-human-genomes/GRCh38/1000Genomes/CRAM/NA18617/NA18617.cram
test_B_gourraud	NA18618	NA18618	CHB	EAS	0	1	/usr/local/shared_data/public-human-genomes/GRCh38/1000Genomes/CRAM/NA18618/NA18618.cram
test_B_gourraud	NA18619	NA18619	CHB	EAS	0	1	/usr/local/shared_data/public-human-genomes/GRCh38/1000Genomes/CRAM/NA18619/NA18619.cram
test_B_gourraud	NA18621	NA18621	CHB	EAS	0	1	/usr/local/shared_data/public-human-genomes/GRCh38/1000Genomes/CRAM/NA18621/NA18621.cram
test_B_gourraud	NA18622	NA18622	CHB	EAS	0	1	/usr/local/shared_data/public-human-genomes/GRCh38/1000Genomes/CRAM/NA18622/NA18622.cram
test_B_gourraud	NA18623	NA18623	CHB	EAS	0	1	/usr/local/shared_data/public-human-genomes/GRCh38/1000Genomes/CRAM/NA18623/NA18623.cram
test_B_gourraud	NA18624	NA18624	CHB	EAS	0	1	/usr/local/shared_data/public-human-genomes/GRCh38/1000Genomes/CRAM/NA18624/NA18624.cram
test_B_gourraud	NA18625	NA18625	CHB	EAS	0	1	/usr/local/shared_data/public-human-genomes/GRCh38/1000Genomes/CRAM/NA18625/NA18625.cram
test_B_gourraud	NA18626	NA18626	CHB	EAS	0	1	/usr/local/shared_data/public-human-genomes/GRCh38/1000Genomes/CRAM/NA18626/NA18626.cram
test_B_gourraud	NA18627	NA18627	CHB	EAS	0	1	/usr/local/shared_data/public-human-genomes/GRCh38/1000Genomes/CRAM/NA18627/NA18627.cram
test_B_gourraud	NA18628	NA18628	CHB	EAS	0	1	/usr/local/shared_data/public-human-genomes/GRCh38/1000Genomes/CRAM/NA18628/NA18628.cram
test_B_gourraud	NA18630	NA18630	CHB	EAS	0	1	/usr/local/shared_data/public-human-genomes/GRCh38/1000Genomes/CRAM/NA18630/NA18630.cram
test_B_gourraud	NA18631	NA18631	CHB	EAS	0	1	/usr/local/shared_data/public-human-genomes/GRCh38/1000Genomes/CRAM/NA18631/NA18631.cram
test_B_gourraud	NA18632	NA18632	CHB	EAS	0	1	/usr/local/shared_data/public-human-genomes/GRCh38/1000Genomes/CRAM/NA18632/NA18632.cram
test_B_gourraud	NA18633	NA18633	CHB	EAS	0	1	/usr/local/shared_data/public-human-genomes/GRCh38/1000Genomes/CRAM/NA18633/NA18633.cram
test_B_gourraud	NA18634	NA18634	CHB	EAS	0	1	/usr/local/shared_data/public-human-genomes/GRCh38/1000Genomes/CRAM/NA18634/NA18634.cram
test_B_gourraud	NA18635	NA18635	CHB	EAS	0	1	/usr/local/shared_data/public-human-genomes/GRCh38/1000Genomes/CRAM/NA18635/NA18635.cram
test_B_gourraud	NA18636	NA18636	CHB	EAS	0	1	/usr/local/shared_data/public-human-genomes/GRCh38/1000Genomes/CRAM/NA18636/NA18636.cram
test_B_gourraud	NA18637	NA18637	CHB	EAS	0	1	/usr/local/shared_data/public-human-genomes/GRCh38/1000Genomes/CRAM/NA18637/NA18637.cram
test_B_gourraud	NA18638	NA18638	CHB	EAS	0	1	/usr/local/shared_data/public-human-genomes/GRCh38/1000Genomes/CRAM/NA18638/NA18638.cram
test_B_gourraud	NA18639	NA18639	CHB	EAS	0	1	/usr/local/shared_data/public-human-genomes/GRCh38/1000Genomes/CRAM/NA18639/NA18639.cram
test_B_gourraud	NA18640	NA18640	CHB	EAS	0	1	/usr/local/shared_data/public-human-genomes/GRCh38/1000Genomes/CRAM/NA18640/NA18640.cram
test_B_gourraud	NA18641	NA18641	CHB	EAS	0	1	/usr/local/shared_data/public-human-genomes/GRCh38/1000Genomes/CRAM/NA18641/NA18641.cram
test_B_gourraud	NA18642	NA18642	CHB	EAS	0	1	/usr/local/shared_data/public-human-genomes/GRCh38/1000Genomes/CRAM/NA18642/NA18642.cram
test_B_gourraud	NA18643	NA18643	CHB	EAS	0	1	/usr/local/shared_data/public-human-genomes/GRCh38/1000Genomes/CRAM/NA18643/NA18643.cram
test_B_gourraud	NA18645	NA18645	CHB	EAS	0	1	/usr/local/shared_data/public-human-genomes/GRCh38/1000Genomes/CRAM/NA18645/NA18645.cram
test_B_gourraud	NA18647	NA18647	CHB	EAS	0	1	/usr/local/shared_data/public-human-genomes/GRCh38/1000Genomes/CRAM/NA18647/NA18647.cram
test_B_gourraud	NA18740	NA18740	CHB	EAS	0	1	/usr/local/shared_data/public-human-genomes/GRCh38/1000Genomes/CRAM/NA18740/NA18740.cram
test_B_gourraud	NA18745	NA18745	CHB	EAS	0	1	/usr/local/shared_data/public-human-genomes/GRCh38/1000Genomes/CRAM/NA18745/NA18745.cram
test_B_gourraud	NA18748	NA18748	CHB	EAS	0	1	/usr/local/shared_data/public-human-genomes/GRCh38/1000Genomes/CRAM/NA18748/NA18748.cram
test_B_gourraud	NA18749	NA18749	CHB	EAS	0	1	/usr/local/shared_data/public-human-genomes/GRCh38/1000Genomes/CRAM/NA18749/NA18749.cram
test_B_gourraud	NA18757	NA18757	CHB	EAS	0	1	/usr/local/shared_data/public-human-genomes/GRCh38/1000Genomes/CRAM/NA18757/NA18757.cram
test_B_gourraud	NA18852	Y018	YRI	AFR	0	1	https://s3.amazonaws.com/1000genomes/1000G_2504_high_coverage/additional_698_related/data/ERR3989353/NA18852.final.cram
test_B_gourraud	NA18853	Y018	YRI	AFR	0	1	/usr/local/shared_data/public-human-genomes/GRCh38/1000Genomes/CRAM/NA18853/NA18853.cram
test_B_gourraud	NA18854	Y018	YRI	AFR	0	1	https://s3.amazonaws.com/1000genomes/1000G_2504_high_coverage/additional_698_related/data/ERR3989354/NA18854.final.cram
test_B_gourraud	NA18855	Y023	YRI	AFR	0	1	https://s3.amazonaws.com/1000genomes/1000G_2504_high_coverage/additional_698_related/data/ERR3989355/NA18855.final.cram
test_B_gourraud	NA18856	Y023	YRI	AFR	0	1	/usr/local/shared_data/public-human-genomes/GRCh38/1000Genomes/CRAM/NA18856/NA18856.cram
test_B_gourraud	NA18857	Y023	YRI	AFR	0	1	https://s3.amazonaws.com/1000genomes/1000G_2504_high_coverage/additional_698_related/data/ERR3989356/NA18857.final.cram
test_B_gourraud	NA18858	Y012	YRI	AFR	0	1	/usr/local/shared_data/public-human-genomes/GRCh38/1000Genomes/CRAM/NA18858/NA18858.cram
test_B_gourraud	NA18859	Y012	YRI	AFR	0	1	https://s3.amazonaws.com/1000genomes/1000G_2504_high_coverage/additional_698_related/data/ERR3989357/NA18859.final.cram
test_B_gourraud	NA18860	Y012	YRI	AFR	0	1	https://s3.amazonaws.com/1000genomes/1000G_2504_high_coverage/additional_698_related/data/ERR3989358/NA18860.final.cram
test_B_gourraud	NA18861	Y024	YRI	AFR	0	1	/usr/local/shared_data/public-human-genomes/GRCh38/1000Genomes/CRAM/NA18861/NA18861.cram
test_B_gourraud	NA18862	Y024	YRI	AFR	0	1	https://s3.amazonaws.com/1000genomes/1000G_2504_high_coverage/additional_698_related/data/ERR3989359/NA18862.final.cram
test_B_gourraud	NA18863	Y024	YRI	AFR	0	1	https://s3.amazonaws.com/1000genomes/1000G_2504_high_coverage/additional_698_related/data/ERR3989360/NA18863.final.cram
test_B_gourraud	NA18870	Y017	YRI	AFR	0	1	/usr/local/shared_data/public-human-genomes/GRCh38/1000Genomes/CRAM/NA18870/NA18870.cram
test_B_gourraud	NA18871	Y017	YRI	AFR	0	1	/usr/local/shared_data/public-human-genomes/GRCh38/1000Genomes/CRAM/NA18871/NA18871.cram
test_B_gourraud	NA18872	Y017	YRI	AFR	0	1	https://s3.amazonaws.com/1000genomes/1000G_2504_high_coverage/additional_698_related/data/ERR3989362/NA18872.final.cram
test_B_gourraud	NA18912	Y028	YRI	AFR	0	1	/usr/local/shared_data/public-human-genomes/GRCh38/1000Genomes/CRAM/NA18912/NA18912.cram
test_B_gourraud	NA18913	Y028	YRI	AFR	0	1	https://s3.amazonaws.com/1000genomes/1000G_2504_high_coverage/additional_698_related/data/ERR3989366/NA18913.final.cram
test_B_gourraud	NA18914	Y028	YRI	AFR	0	1	https://s3.amazonaws.com/1000genomes/1000G_2504_high_coverage/additional_698_related/data/ERR3989367/NA18914.final.cram
test_B_gourraud	NA18939	NA18939	JPT	EAS	0	1	/usr/local/shared_data/public-human-genomes/GRCh38/1000Genomes/CRAM/NA18939/NA18939.cram
test_B_gourraud	NA18941	NA18941	JPT	EAS	0	1	/usr/local/shared_data/public-human-genomes/GRCh38/1000Genomes/CRAM/NA18941/NA18941.cram
test_B_gourraud	NA18942	NA18942	JPT	EAS	0	1	/usr/local/shared_data/public-human-genomes/GRCh38/1000Genomes/CRAM/NA18942/NA18942.cram
test_B_gourraud	NA18946	NA18946	JPT	EAS	0	1	/usr/local/shared_data/public-human-genomes/GRCh38/1000Genomes/CRAM/NA18946/NA18946.cram
test_B_gourraud	NA18947	NA18947	JPT	EAS	0	1	/usr/local/shared_data/public-human-genomes/GRCh38/1000Genomes/CRAM/NA18947/NA18947.cram
test_B_gourraud	NA18949	NA18949	JPT	EAS	0	1	/usr/local/shared_data/public-human-genomes/GRCh38/1000Genomes/CRAM/NA18949/NA18949.cram
test_B_gourraud	NA18951	NA18951	JPT	EAS	0	1	/usr/local/shared_data/public-human-genomes/GRCh38/1000Genomes/CRAM/NA18951/NA18951.cram
test_B_gourraud	NA18953	NA18953	JPT	EAS	0	1	/usr/local/shared_data/public-human-genomes/GRCh38/1000Genomes/CRAM/NA18953/NA18953.cram
test_B_gourraud	NA18954	NA18954	JPT	EAS	0	1	/usr/local/shared_data/public-human-genomes/GRCh38/1000Genomes/CRAM/NA18954/NA18954.cram
test_B_gourraud	NA18956	NA18956	JPT	EAS	0	1	/usr/local/shared_data/public-human-genomes/GRCh38/1000Genomes/CRAM/NA18956/NA18956.cram
test_B_gourraud	NA18957	NA18957	JPT	EAS	0	1	/usr/local/shared_data/public-human-genomes/GRCh38/1000Genomes/CRAM/NA18957/NA18957.cram
test_B_gourraud	NA18961	NA18961	JPT	EAS	0	1	/usr/local/shared_data/public-human-genomes/GRCh38/1000Genomes/CRAM/NA18961/NA18961.cram
test_B_gourraud	NA18962	NA18962	JPT	EAS	0	1	/usr/local/shared_data/public-human-genomes/GRCh38/1000Genomes/CRAM/NA18962/NA18962.cram
test_B_gourraud	NA18963	NA18963	JPT	EAS	0	1	/usr/local/shared_data/public-human-genomes/GRCh38/1000Genomes/CRAM/NA18963/NA18963.cram
test_B_gourraud	NA18964	NA18964	JPT	EAS	0	1	/usr/local/shared_data/public-human-genomes/GRCh38/1000Genomes/CRAM/NA18964/NA18964.cram
test_B_gourraud	NA18965	NA18965	JPT	EAS	0	1	/usr/local/shared_data/public-human-genomes/GRCh38/1000Genomes/CRAM/NA18965/NA18965.cram
test_B_gourraud	NA18966	NA18966	JPT	EAS	0	1	/usr/local/shared_data/public-human-genomes/GRCh38/1000Genomes/CRAM/NA18966/NA18966.cram
test_B_gourraud	NA18968	NA18968	JPT	EAS	0	1	/usr/local/shared_data/public-human-genomes/GRCh38/1000Genomes/CRAM/NA18968/NA18968.cram
test_B_gourraud	NA18969	NA18969	JPT	EAS	0	1	/usr/local/shared_data/public-human-genomes/GRCh38/1000Genomes/CRAM/NA18969/NA18969.cram
test_B_gourraud	NA18972	NA18972	JPT	EAS	0	1	/usr/local/shared_data/public-human-genomes/GRCh38/1000Genomes/CRAM/NA18972/NA18972.cram
test_B_gourraud	NA18973	NA18973	JPT	EAS	0	1	/usr/local/shared_data/public-human-genomes/GRCh38/1000Genomes/CRAM/NA18973/NA18973.cram
test_B_gourraud	NA18975	NA18975	JPT	EAS	0	1	/usr/local/shared_data/public-human-genomes/GRCh38/1000Genomes/CRAM/NA18975/NA18975.cram
test_B_gourraud	NA18977	NA18977	JPT	EAS	0	1	/usr/local/shared_data/public-human-genomes/GRCh38/1000Genomes/CRAM/NA18977/NA18977.cram
test_B_gourraud	NA18978	NA18978	JPT	EAS	0	1	/usr/local/shared_data/public-human-genomes/GRCh38/1000Genomes/CRAM/NA18978/NA18978.cram
test_B_gourraud	NA18979	NA18979	JPT	EAS	0	1	/usr/local/shared_data/public-human-genomes/GRCh38/1000Genomes/CRAM/NA18979/NA18979.cram
test_B_gourraud	NA18980	NA18980	JPT	EAS	0	1	/usr/local/shared_data/public-human-genomes/GRCh38/1000Genomes/CRAM/NA18980/NA18980.cram
test_B_gourraud	NA18981	NA18981	JPT	EAS	0	1	/usr/local/shared_data/public-human-genomes/GRCh38/1000Genomes/CRAM/NA18981/NA18981.cram
test_B_gourraud	NA18987	NA18987	JPT	EAS	0	1	/usr/local/shared_data/public-human-genomes/GRCh38/1000Genomes/CRAM/NA18987/NA18987.cram
test_B_gourraud	NA18991	NA18991	JPT	EAS	0	1	/usr/local/shared_data/public-human-genomes/GRCh38/1000Genomes/CRAM/NA18991/NA18991.cram
test_B_gourraud	NA18992	NA18992	JPT	EAS	0	1	/usr/local/shared_data/public-human-genomes/GRCh38/1000Genomes/CRAM/NA18992/NA18992.cram
test_B_gourraud	NA18993	NA18993	JPT	EAS	0	1	/usr/local/shared_data/public-human-genomes/GRCh38/1000Genomes/CRAM/NA18993/NA18993.cram
test_B_gourraud	NA18994	NA18994	JPT	EAS	0	1	/usr/local/shared_data/public-human-genomes/GRCh38/1000Genomes/CRAM/NA18994/NA18994.cram
test_B_gourraud	NA18995	NA18995	JPT	EAS	0	1	/usr/local/shared_data/public-human-genomes/GRCh38/1000Genomes/CRAM/NA18995/NA18995.cram
test_B_gourraud	NA18997	NA18997	JPT	EAS	0	1	/usr/local/shared_data/public-human-genomes/GRCh38/1000Genomes/CRAM/NA18997/NA18997.cram
test_B_gourraud	NA18998	NA18998	JPT	EAS	0	1	/usr/local/shared_data/public-human-genomes/GRCh38/1000Genomes/CRAM/NA18998/NA18998.cram
test_B_gourraud	NA18999	NA18999	JPT	EAS	0	1	/usr/local/shared_data/public-human-genomes/GRCh38/1000Genomes/CRAM/NA18999/NA18999.cram
test_B_gourraud	NA19000	NA19000	JPT	EAS	0	1	/usr/local/shared_data/public-human-genomes/GRCh38/1000Genomes/CRAM/NA19000/NA19000.cram
test_B_gourraud	NA19001	NA19001	JPT	EAS	0	1	/usr/local/shared_data/public-human-genomes/GRCh38/1000Genomes/CRAM/NA19001/NA19001.cram
test_B_gourraud	NA19002	NA19002	JPT	EAS	0	1	/usr/local/shared_data/public-human-genomes/GRCh38/1000Genomes/CRAM/NA19002/NA19002.cram
test_B_gourraud	NA19003	NA19003	JPT	EAS	0	1	/usr/local/shared_data/public-human-genomes/GRCh38/1000Genomes/CRAM/NA19003/NA19003.cram
test_B_gourraud	NA19005	NA19005	JPT	EAS	0	1	/usr/local/shared_data/public-human-genomes/GRCh38/1000Genomes/CRAM/NA19005/NA19005.cram
test_B_gourraud	NA19009	NA19009	JPT	EAS	0	1	/usr/local/shared_data/public-human-genomes/GRCh38/1000Genomes/CRAM/NA19009/NA19009.cram
test_B_gourraud	NA19010	NA19010	JPT	EAS	0	1	/usr/local/shared_data/public-human-genomes/GRCh38/1000Genomes/CRAM/NA19010/NA19010.cram
test_B_gourraud	NA19012	NA19012	JPT	EAS	0	1	/usr/local/shared_data/public-human-genomes/GRCh38/1000Genomes/CRAM/NA19012/NA19012.cram
test_B_gourraud	NA19027	NA19027	LWK	AFR	0	1	/usr/local/shared_data/public-human-genomes/GRCh38/1000Genomes/CRAM/NA19027/NA19027.cram
test_B_gourraud	NA19028	NA19028	LWK	AFR	0	1	/usr/local/shared_data/public-human-genomes/GRCh38/1000Genomes/CRAM/NA19028/NA19028.cram
test_B_gourraud	NA19031	NA19031	LWK	AFR	0	1	/usr/local/shared_data/public-human-genomes/GRCh38/1000Genomes/CRAM/NA19031/NA19031.cram
test_B_gourraud	NA19035	NA19035	LWK	AFR	0	1	/usr/local/shared_data/public-human-genomes/GRCh38/1000Genomes/CRAM/NA19035/NA19035.cram
test_B_gourraud	NA19038	NA19038	LWK	AFR	0	1	/usr/local/shared_data/public-human-genomes/GRCh38/1000Genomes/CRAM/NA19038/NA19038.cram
test_B_gourraud	NA19041	NA19041	LWK	AFR	0	1	/usr/local/shared_data/public-human-genomes/GRCh38/1000Genomes/CRAM/NA19041/NA19041.cram
test_B_gourraud	NA19054	NA19054	JPT	EAS	0	1	/usr/local/shared_data/public-human-genomes/GRCh38/1000Genomes/CRAM/NA19054/NA19054.cram
test_B_gourraud	NA19055	NA19055	JPT	EAS	0	1	/usr/local/shared_data/public-human-genomes/GRCh38/1000Genomes/CRAM/NA19055/NA19055.cram
test_B_gourraud	NA19056	NA19056	JPT	EAS	0	1	/usr/local/shared_data/public-human-genomes/GRCh38/1000Genomes/CRAM/NA19056/NA19056.cram
test_B_gourraud	NA19057	NA19057	JPT	EAS	0	1	/usr/local/shared_data/public-human-genomes/GRCh38/1000Genomes/CRAM/NA19057/NA19057.cram
test_B_gourraud	NA19058	NA19058	JPT	EAS	0	1	/usr/local/shared_data/public-human-genomes/GRCh38/1000Genomes/CRAM/NA19058/NA19058.cram
test_B_gourraud	NA19059	NA19059	JPT	EAS	0	1	/usr/local/shared_data/public-human-genomes/GRCh38/1000Genomes/CRAM/NA19059/NA19059.cram
test_B_gourraud	NA19060	NA19060	JPT	EAS	0	1	/usr/local/shared_data/public-human-genomes/GRCh38/1000Genomes/CRAM/NA19060/NA19060.cram
test_B_gourraud	NA19062	NA19062	JPT	EAS	0	1	/usr/local/shared_data/public-human-genomes/GRCh38/1000Genomes/CRAM/NA19062/NA19062.cram
test_B_gourraud	NA19063	NA19063	JPT	EAS	0	1	/usr/local/shared_data/public-human-genomes/GRCh38/1000Genomes/CRAM/NA19063/NA19063.cram
test_B_gourraud	NA19064	NA19064	JPT	EAS	0	1	/usr/local/shared_data/public-human-genomes/GRCh38/1000Genomes/CRAM/NA19064/NA19064.cram
test_B_gourraud	NA19065	NA19065	JPT	EAS	0	1	/usr/local/shared_data/public-human-genomes/GRCh38/1000Genomes/CRAM/NA19065/NA19065.cram
test_B_gourraud	NA19067	NA19067	JPT	EAS	0	1	/usr/local/shared_data/public-human-genomes/GRCh38/1000Genomes/CRAM/NA19067/NA19067.cram
test_B_gourraud	NA19068	NA19068	JPT	EAS	0	1	/usr/local/shared_data/public-human-genomes/GRCh38/1000Genomes/CRAM/NA19068/NA19068.cram
test_B_gourraud	NA19070	NA19070	JPT	EAS	0	1	/usr/local/shared_data/public-human-genomes/GRCh38/1000Genomes/CRAM/NA19070/NA19070.cram
test_B_gourraud	NA19072	NA19072	JPT	EAS	0	1	/usr/local/shared_data/public-human-genomes/GRCh38/1000Genomes/CRAM/NA19072/NA19072.cram
test_B_gourraud	NA19074	NA19074	JPT	EAS	0	1	/usr/local/shared_data/public-human-genomes/GRCh38/1000Genomes/CRAM/NA19074/NA19074.cram
test_B_gourraud	NA19075	NA19075	JPT	EAS	0	1	/usr/local/shared_data/public-human-genomes/GRCh38/1000Genomes/CRAM/NA19075/NA19075.cram
test_B_gourraud	NA19076	NA19076	JPT	EAS	0	1	/usr/local/shared_data/public-human-genomes/GRCh38/1000Genomes/CRAM/NA19076/NA19076.cram
test_B_gourraud	NA19077	NA19077	JPT	EAS	0	1	/usr/local/shared_data/public-human-genomes/GRCh38/1000Genomes/CRAM/NA19077/NA19077.cram
test_B_gourraud	NA19078	NA19078	JPT	EAS	0	1	/usr/local/shared_data/public-human-genomes/GRCh38/1000Genomes/CRAM/NA19078/NA19078.cram
test_B_gourraud	NA19080	NA19080	JPT	EAS	0	1	/usr/local/shared_data/public-human-genomes/GRCh38/1000Genomes/CRAM/NA19080/NA19080.cram
test_B_gourraud	NA19081	NA19081	JPT	EAS	0	1	/usr/local/shared_data/public-human-genomes/GRCh38/1000Genomes/CRAM/NA19081/NA19081.cram
test_B_gourraud	NA19082	NA19082	JPT	EAS	0	1	/usr/local/shared_data/public-human-genomes/GRCh38/1000Genomes/CRAM/NA19082/NA19082.cram
test_B_gourraud	NA19083	NA19083	JPT	EAS	0	1	/usr/local/shared_data/public-human-genomes/GRCh38/1000Genomes/CRAM/NA19083/NA19083.cram
test_B_gourraud	NA19084	NA19084	JPT	EAS	0	1	/usr/local/shared_data/public-human-genomes/GRCh38/1000Genomes/CRAM/NA19084/NA19084.cram
test_B_gourraud	NA19085	NA19085	JPT	EAS	0	1	/usr/local/shared_data/public-human-genomes/GRCh38/1000Genomes/CRAM/NA19085/NA19085.cram
test_B_gourraud	NA19086	NA19086	JPT	EAS	0	1	/usr/local/shared_data/public-human-genomes/GRCh38/1000Genomes/CRAM/NA19086/NA19086.cram
test_B_gourraud	NA19092	Y040	YRI	AFR	0	1	/usr/local/shared_data/public-human-genomes/GRCh38/1000Genomes/CRAM/NA19092/NA19092.cram
test_B_gourraud	NA19093	Y040	YRI	AFR	0	1	/usr/local/shared_data/public-human-genomes/GRCh38/1000Genomes/CRAM/NA19093/NA19093.cram
test_B_gourraud	NA19094	Y040	YRI	AFR	0	1	https://s3.amazonaws.com/1000genomes/1000G_2504_high_coverage/additional_698_related/data/ERR3989371/NA19094.final.cram
test_B_gourraud	NA19098	Y105	YRI	AFR	0	1	/usr/local/shared_data/public-human-genomes/GRCh38/1000Genomes/CRAM/NA19098/NA19098.cram
test_B_gourraud	NA19099	Y105	YRI	AFR	0	1	/usr/local/shared_data/public-human-genomes/GRCh38/1000Genomes/CRAM/NA19099/NA19099.cram
test_B_gourraud	NA19100	Y105	YRI	AFR	0	1	https://s3.amazonaws.com/1000genomes/1000G_2504_high_coverage/additional_698_related/data/ERR3989373/NA19100.final.cram
test_B_gourraud	NA19101	Y042	YRI	AFR	0	1	https://s3.amazonaws.com/1000genomes/1000G_2504_high_coverage/additional_698_related/data/ERR3989374/NA19101.final.cram
test_B_gourraud	NA19102	Y042	YRI	AFR	0	1	/usr/local/shared_data/public-human-genomes/GRCh38/1000Genomes/CRAM/NA19102/NA19102.cram
test_B_gourraud	NA19103	Y042	YRI	AFR	0	1	https://s3.amazonaws.com/1000genomes/1000G_2504_high_coverage/additional_698_related/data/ERR3989375/NA19103.final.cram
test_B_gourraud	NA19116	Y060	YRI	AFR	0	1	/usr/local/shared_data/public-human-genomes/GRCh38/1000Genomes/CRAM/NA19116/NA19116.cram
test_B_gourraud	NA19119	Y060	YRI	AFR	0	1	/usr/local/shared_data/public-human-genomes/GRCh38/1000Genomes/CRAM/NA19119/NA19119.cram
test_B_gourraud	NA19120	Y060	YRI	AFR	0	1	https://s3.amazonaws.com/1000genomes/1000G_2504_high_coverage/additional_698_related/data/ERR3989378/NA19120.final.cram
test_B_gourraud	NA19127	Y077	YRI	AFR	0	1	https://s3.amazonaws.com/1000genomes/1000G_2504_high_coverage/additional_698_related/data/ERR3989381/NA19127.final.cram
test_B_gourraud	NA19128	Y077	YRI	AFR	0	1	https://s3.amazonaws.com/1000genomes/1000G_2504_high_coverage/additional_698_related/data/ERR3989382/NA19128.final.cram
test_B_gourraud	NA19129	Y077	YRI	AFR	0	1	/usr/local/shared_data/public-human-genomes/GRCh38/1000Genomes/CRAM/NA19129/NA19129.cram
test_B_gourraud	NA19130	Y101	YRI	AFR	0	1	/usr/local/shared_data/public-human-genomes/GRCh38/1000Genomes/CRAM/NA19130/NA19130.cram
test_B_gourraud	NA19131	Y101	YRI	AFR	0	1	/usr/local/shared_data/public-human-genomes/GRCh38/1000Genomes/CRAM/NA19131/NA19131.cram
test_B_gourraud	NA19132	Y101	YRI	AFR	0	1	https://s3.amazonaws.com/1000genomes/1000G_2504_high_coverage/additional_698_related/data/ERR3989383/NA19132.final.cram
test_B_gourraud	NA19137	Y043	YRI	AFR	0	1	/usr/local/shared_data/public-human-genomes/GRCh38/1000Genomes/CRAM/NA19137/NA19137.cram
test_B_gourraud	NA19138	Y043	YRI	AFR	0	1	/usr/local/shared_data/public-human-genomes/GRCh38/1000Genomes/CRAM/NA19138/NA19138.cram
test_B_gourraud	NA19139	Y043	YRI	AFR	0	1	https://s3.amazonaws.com/1000genomes/1000G_2504_high_coverage/additional_698_related/data/ERR3989384/NA19139.final.cram
test_B_gourraud	NA19140	Y071	YRI	AFR	0	1	https://s3.amazonaws.com/1000genomes/1000G_2504_high_coverage/additional_698_related/data/ERR3989385/NA19140.final.cram
test_B_gourraud	NA19141	Y071	YRI	AFR	0	1	/usr/local/shared_data/public-human-genomes/GRCh38/1000Genomes/CRAM/NA19141/NA19141.cram
test_B_gourraud	NA19142	Y071	YRI	AFR	0	1	https://s3.amazonaws.com/1000genomes/1000G_2504_high_coverage/additional_698_related/data/ERR3989386/NA19142.final.cram
test_B_gourraud	NA19143	Y074	YRI	AFR	0	1	/usr/local/shared_data/public-human-genomes/GRCh38/1000Genomes/CRAM/NA19143/NA19143.cram
test_B_gourraud	NA19144	Y074	YRI	AFR	0	1	/usr/local/shared_data/public-human-genomes/GRCh38/1000Genomes/CRAM/NA19144/NA19144.cram
test_B_gourraud	NA19145	Y074	YRI	AFR	0	1	https://s3.amazonaws.com/1000genomes/1000G_2504_high_coverage/additional_698_related/data/ERR3989387/NA19145.final.cram
test_B_gourraud	NA19152	Y072	YRI	AFR	0	1	/usr/local/shared_data/public-human-genomes/GRCh38/1000Genomes/CRAM/NA19152/NA19152.cram
test_B_gourraud	NA19153	Y072	YRI	AFR	0	1	/usr/local/shared_data/public-human-genomes/GRCh38/1000Genomes/CRAM/NA19153/NA19153.cram
test_B_gourraud	NA19154	Y072	YRI	AFR	0	1	https://s3.amazonaws.com/1000genomes/1000G_2504_high_coverage/additional_698_related/data/ERR3989391/NA19154.final.cram
leak_gourraud	NA19160	Y056	YRI	AFR	0	1	/usr/local/shared_data/public-human-genomes/GRCh38/1000Genomes/CRAM/NA19160/NA19160.cram
leak_gourraud	NA19161	Y056	YRI	AFR	0	1	https://s3.amazonaws.com/1000genomes/1000G_2504_high_coverage/additional_698_related/data/ERR3989392/NA19161.final.cram
test_B_gourraud	NA19171	Y047	YRI	AFR	0	1	/usr/local/shared_data/public-human-genomes/GRCh38/1000Genomes/CRAM/NA19171/NA19171.cram
test_B_gourraud	NA19172	Y047	YRI	AFR	0	1	/usr/local/shared_data/public-human-genomes/GRCh38/1000Genomes/CRAM/NA19172/NA19172.cram
test_B_gourraud	NA19173	Y047	YRI	AFR	0	1	https://s3.amazonaws.com/1000genomes/1000G_2504_high_coverage/additional_698_related/data/ERR3989393/NA19173.final.cram
test_B_gourraud	NA19200	Y045	YRI	AFR	0	1	/usr/local/shared_data/public-human-genomes/GRCh38/1000Genomes/CRAM/NA19200/NA19200.cram
test_B_gourraud	NA19201	Y045	YRI	AFR	0	1	/usr/local/shared_data/public-human-genomes/GRCh38/1000Genomes/CRAM/NA19201/NA19201.cram
test_B_gourraud	NA19202	Y045	YRI	AFR	0	1	https://s3.amazonaws.com/1000genomes/1000G_2504_high_coverage/additional_698_related/data/ERR3989400/NA19202.final.cram
test_B_gourraud	NA19203	Y048	YRI	AFR	0	1	https://s3.amazonaws.com/1000genomes/1000G_2504_high_coverage/additional_698_related/data/ERR3989401/NA19203.final.cram
test_B_gourraud	NA19204	Y048	YRI	AFR	0	1	/usr/local/shared_data/public-human-genomes/GRCh38/1000Genomes/CRAM/NA19204/NA19204.cram
test_B_gourraud	NA19205	Y048	YRI	AFR	0	1	https://s3.amazonaws.com/1000genomes/1000G_2504_high_coverage/additional_698_related/data/ERR3989402/NA19205.final.cram
test_B_gourraud	NA19206	Y051	YRI	AFR	0	1	/usr/local/shared_data/public-human-genomes/GRCh38/1000Genomes/CRAM/NA19206/NA19206.cram
test_B_gourraud	NA19207	Y051	YRI	AFR	0	1	/usr/local/shared_data/public-human-genomes/GRCh38/1000Genomes/CRAM/NA19207/NA19207.cram
test_B_gourraud	NA19208	Y051	YRI	AFR	0	1	https://s3.amazonaws.com/1000genomes/1000G_2504_high_coverage/additional_698_related/data/ERR3989403/NA19208.final.cram
test_B_gourraud	NA19209	Y050	YRI	AFR	0	1	/usr/local/shared_data/public-human-genomes/GRCh38/1000Genomes/CRAM/NA19209/NA19209.cram
test_B_gourraud	NA19210	Y050	YRI	AFR	0	1	/usr/local/shared_data/public-human-genomes/GRCh38/1000Genomes/CRAM/NA19210/NA19210.cram
test_B_gourraud	NA19211	Y050	YRI	AFR	0	1	https://s3.amazonaws.com/1000genomes/1000G_2504_high_coverage/additional_698_related/data/ERR3989404/NA19211.final.cram
test_B_gourraud	NA19221	Y058	YRI	AFR	0	1	https://s3.amazonaws.com/1000genomes/1000G_2504_high_coverage/additional_698_related/data/ERR3989406/NA19221.final.cram
test_B_gourraud	NA19222	Y058	YRI	AFR	0	1	/usr/local/shared_data/public-human-genomes/GRCh38/1000Genomes/CRAM/NA19222/NA19222.cram
test_B_gourraud	NA19223	Y058	YRI	AFR	0	1	/usr/local/shared_data/public-human-genomes/GRCh38/1000Genomes/CRAM/NA19223/NA19223.cram
leak_gourraud	NA19238	Y117	YRI	AFR	0	1	/usr/local/shared_data/public-human-genomes/GRCh38/1000Genomes/CRAM/NA19238/NA19238.cram
leak_gourraud	NA19239	Y117	YRI	AFR	0	1	/usr/local/shared_data/public-human-genomes/GRCh38/1000Genomes/CRAM/NA19239/NA19239.cram
test_B_gourraud	NA19307	NA19307	LWK	AFR	0	1	/usr/local/shared_data/public-human-genomes/GRCh38/1000Genomes/CRAM/NA19307/NA19307.cram
test_B_gourraud	NA19308	NA19308	LWK	AFR	0	1	/usr/local/shared_data/public-human-genomes/GRCh38/1000Genomes/CRAM/NA19308/NA19308.cram
test_B_gourraud	NA19309	NA19309	LWK	AFR	0	1	/usr/local/shared_data/public-human-genomes/GRCh38/1000Genomes/CRAM/NA19309/NA19309.cram
test_B_gourraud	NA19310	NA19310	LWK	AFR	0	1	/usr/local/shared_data/public-human-genomes/GRCh38/1000Genomes/CRAM/NA19310/NA19310.cram
test_B_gourraud	NA19314	NA19314	LWK	AFR	0	1	/usr/local/shared_data/public-human-genomes/GRCh38/1000Genomes/CRAM/NA19314/NA19314.cram
test_B_gourraud	NA19315	NA19315	LWK	AFR	0	1	/usr/local/shared_data/public-human-genomes/GRCh38/1000Genomes/CRAM/NA19315/NA19315.cram
test_B_gourraud	NA19316	NA19316	LWK	AFR	0	1	/usr/local/shared_data/public-human-genomes/GRCh38/1000Genomes/CRAM/NA19316/NA19316.cram
test_B_gourraud	NA19317	NA19317	LWK	AFR	0	1	/usr/local/shared_data/public-human-genomes/GRCh38/1000Genomes/CRAM/NA19317/NA19317.cram
test_B_gourraud	NA19318	NA19318	LWK	AFR	0	1	/usr/local/shared_data/public-human-genomes/GRCh38/1000Genomes/CRAM/NA19318/NA19318.cram
test_B_gourraud	NA19319	NA19319	LWK	AFR	0	1	/usr/local/shared_data/public-human-genomes/GRCh38/1000Genomes/CRAM/NA19319/NA19319.cram
test_B_gourraud	NA19321	NA19321	LWK	AFR	0	1	/usr/local/shared_data/public-human-genomes/GRCh38/1000Genomes/CRAM/NA19321/NA19321.cram
test_B_gourraud	NA19324	NA19324	LWK	AFR	0	1	/usr/local/shared_data/public-human-genomes/GRCh38/1000Genomes/CRAM/NA19324/NA19324.cram
test_B_gourraud	NA19327	NA19327	LWK	AFR	0	1	/usr/local/shared_data/public-human-genomes/GRCh38/1000Genomes/CRAM/NA19327/NA19327.cram
test_B_gourraud	NA19328	NA19328	LWK	AFR	0	1	/usr/local/shared_data/public-human-genomes/GRCh38/1000Genomes/CRAM/NA19328/NA19328.cram
test_B_gourraud	NA19332	NA19332	LWK	AFR	0	1	/usr/local/shared_data/public-human-genomes/GRCh38/1000Genomes/CRAM/NA19332/NA19332.cram
test_B_gourraud	NA19334	NA19334	LWK	AFR	0	1	/usr/local/shared_data/public-human-genomes/GRCh38/1000Genomes/CRAM/NA19334/NA19334.cram
test_B_gourraud	NA19346	NA19346	LWK	AFR	0	1	/usr/local/shared_data/public-human-genomes/GRCh38/1000Genomes/CRAM/NA19346/NA19346.cram
test_B_gourraud	NA19347	NA19347	LWK	AFR	0	1	/usr/local/shared_data/public-human-genomes/GRCh38/1000Genomes/CRAM/NA19347/NA19347.cram
test_B_gourraud	NA19350	NA19350	LWK	AFR	0	1	/usr/local/shared_data/public-human-genomes/GRCh38/1000Genomes/CRAM/NA19350/NA19350.cram
test_B_gourraud	NA19360	NA19360	LWK	AFR	0	1	/usr/local/shared_data/public-human-genomes/GRCh38/1000Genomes/CRAM/NA19360/NA19360.cram
test_B_gourraud	NA19372	NA19372	LWK	AFR	0	1	/usr/local/shared_data/public-human-genomes/GRCh38/1000Genomes/CRAM/NA19372/NA19372.cram
test_B_gourraud	NA19374	NA19374	LWK	AFR	0	1	/usr/local/shared_data/public-human-genomes/GRCh38/1000Genomes/CRAM/NA19374/NA19374.cram
test_B_gourraud	NA19375	NA19375	LWK	AFR	0	1	/usr/local/shared_data/public-human-genomes/GRCh38/1000Genomes/CRAM/NA19375/NA19375.cram
test_B_gourraud	NA19376	NA19376	LWK	AFR	0	1	/usr/local/shared_data/public-human-genomes/GRCh38/1000Genomes/CRAM/NA19376/NA19376.cram
test_B_gourraud	NA19377	NA19377	LWK	AFR	0	1	/usr/local/shared_data/public-human-genomes/GRCh38/1000Genomes/CRAM/NA19377/NA19377.cram
test_B_gourraud	NA19379	NA19379	LWK	AFR	0	1	/usr/local/shared_data/public-human-genomes/GRCh38/1000Genomes/CRAM/NA19379/NA19379.cram
test_B_gourraud	NA19380	NA19380	LWK	AFR	0	1	/usr/local/shared_data/public-human-genomes/GRCh38/1000Genomes/CRAM/NA19380/NA19380.cram
test_B_gourraud	NA19383	NA19383	LWK	AFR	0	1	/usr/local/shared_data/public-human-genomes/GRCh38/1000Genomes/CRAM/NA19383/NA19383.cram
test_B_gourraud	NA19384	NA19384	LWK	AFR	0	1	/usr/local/shared_data/public-human-genomes/GRCh38/1000Genomes/CRAM/NA19384/NA19384.cram
test_B_gourraud	NA19385	NA19385	LWK	AFR	0	1	/usr/local/shared_data/public-human-genomes/GRCh38/1000Genomes/CRAM/NA19385/NA19385.cram
test_B_gourraud	NA19390	NA19390	LWK	AFR	0	1	/usr/local/shared_data/public-human-genomes/GRCh38/1000Genomes/CRAM/NA19390/NA19390.cram
test_B_gourraud	NA19393	NA19393	LWK	AFR	0	1	/usr/local/shared_data/public-human-genomes/GRCh38/1000Genomes/CRAM/NA19393/NA19393.cram
test_B_gourraud	NA19394	NA19394	LWK	AFR	0	1	/usr/local/shared_data/public-human-genomes/GRCh38/1000Genomes/CRAM/NA19394/NA19394.cram
test_B_gourraud	NA19397	NA19397	LWK	AFR	0	1	/usr/local/shared_data/public-human-genomes/GRCh38/1000Genomes/CRAM/NA19397/NA19397.cram
test_B_gourraud	NA19399	NA19399	LWK	AFR	0	1	/usr/local/shared_data/public-human-genomes/GRCh38/1000Genomes/CRAM/NA19399/NA19399.cram
test_B_gourraud	NA19403	NA19403	LWK	AFR	0	1	/usr/local/shared_data/public-human-genomes/GRCh38/1000Genomes/CRAM/NA19403/NA19403.cram
test_B_gourraud	NA19404	NA19404	LWK	AFR	0	1	/usr/local/shared_data/public-human-genomes/GRCh38/1000Genomes/CRAM/NA19404/NA19404.cram
test_B_gourraud	NA19428	NA19428	LWK	AFR	0	1	/usr/local/shared_data/public-human-genomes/GRCh38/1000Genomes/CRAM/NA19428/NA19428.cram
test_B_gourraud	NA19429	NA19429	LWK	AFR	0	1	/usr/local/shared_data/public-human-genomes/GRCh38/1000Genomes/CRAM/NA19429/NA19429.cram
test_B_gourraud	NA19430	NA19430	LWK	AFR	0	1	/usr/local/shared_data/public-human-genomes/GRCh38/1000Genomes/CRAM/NA19430/NA19430.cram
test_B_gourraud	NA19431	NA19431	LWK	AFR	0	1	/usr/local/shared_data/public-human-genomes/GRCh38/1000Genomes/CRAM/NA19431/NA19431.cram
test_B_gourraud	NA19434	LWK003	LWK	AFR	0	1	/usr/local/shared_data/public-human-genomes/GRCh38/1000Genomes/CRAM/NA19434/NA19434.cram
test_B_gourraud	NA19435	NA19435	LWK	AFR	0	1	/usr/local/shared_data/public-human-genomes/GRCh38/1000Genomes/CRAM/NA19435/NA19435.cram
test_B_gourraud	NA19436	NA19436	LWK	AFR	0	1	/usr/local/shared_data/public-human-genomes/GRCh38/1000Genomes/CRAM/NA19436/NA19436.cram
test_B_gourraud	NA19437	NA19437	LWK	AFR	0	1	/usr/local/shared_data/public-human-genomes/GRCh38/1000Genomes/CRAM/NA19437/NA19437.cram
test_B_gourraud	NA19438	NA19438	LWK	AFR	0	1	/usr/local/shared_data/public-human-genomes/GRCh38/1000Genomes/CRAM/NA19438/NA19438.cram
test_B_gourraud	NA19439	NA19439	LWK	AFR	0	1	/usr/local/shared_data/public-human-genomes/GRCh38/1000Genomes/CRAM/NA19439/NA19439.cram
test_B_gourraud	NA19440	NA19440	LWK	AFR	0	1	/usr/local/shared_data/public-human-genomes/GRCh38/1000Genomes/CRAM/NA19440/NA19440.cram
test_B_gourraud	NA19445	LWK004	LWK	AFR	0	1	/usr/local/shared_data/public-human-genomes/GRCh38/1000Genomes/CRAM/NA19445/NA19445.cram
test_B_gourraud	NA19446	NA19446	LWK	AFR	0	1	/usr/local/shared_data/public-human-genomes/GRCh38/1000Genomes/CRAM/NA19446/NA19446.cram
test_B_gourraud	NA19448	NA19448	LWK	AFR	0	1	/usr/local/shared_data/public-human-genomes/GRCh38/1000Genomes/CRAM/NA19448/NA19448.cram
test_B_gourraud	NA19449	NA19449	LWK	AFR	0	1	/usr/local/shared_data/public-human-genomes/GRCh38/1000Genomes/CRAM/NA19449/NA19449.cram
test_B_gourraud	NA19451	NA19451	LWK	AFR	0	1	/usr/local/shared_data/public-human-genomes/GRCh38/1000Genomes/CRAM/NA19451/NA19451.cram
test_B_gourraud	NA19452	NA19452	LWK	AFR	0	1	/usr/local/shared_data/public-human-genomes/GRCh38/1000Genomes/CRAM/NA19452/NA19452.cram
test_B_gourraud	NA19455	NA19455	LWK	AFR	0	1	/usr/local/shared_data/public-human-genomes/GRCh38/1000Genomes/CRAM/NA19455/NA19455.cram
test_B_gourraud	NA19456	NA19456	LWK	AFR	0	1	/usr/local/shared_data/public-human-genomes/GRCh38/1000Genomes/CRAM/NA19456/NA19456.cram
test_B_gourraud	NA19457	NA19457	LWK	AFR	0	1	/usr/local/shared_data/public-human-genomes/GRCh38/1000Genomes/CRAM/NA19457/NA19457.cram
test_B_gourraud	NA19462	NA19462	LWK	AFR	0	1	/usr/local/shared_data/public-human-genomes/GRCh38/1000Genomes/CRAM/NA19462/NA19462.cram
test_B_gourraud	NA19463	NA19463	LWK	AFR	0	1	/usr/local/shared_data/public-human-genomes/GRCh38/1000Genomes/CRAM/NA19463/NA19463.cram
test_B_gourraud	NA19466	NA19466	LWK	AFR	0	1	/usr/local/shared_data/public-human-genomes/GRCh38/1000Genomes/CRAM/NA19466/NA19466.cram
test_B_gourraud	NA19467	NA19467	LWK	AFR	0	1	/usr/local/shared_data/public-human-genomes/GRCh38/1000Genomes/CRAM/NA19467/NA19467.cram
test_B_gourraud	NA19471	NA19471	LWK	AFR	0	1	/usr/local/shared_data/public-human-genomes/GRCh38/1000Genomes/CRAM/NA19471/NA19471.cram
test_B_gourraud	NA19472	NA19472	LWK	AFR	0	1	/usr/local/shared_data/public-human-genomes/GRCh38/1000Genomes/CRAM/NA19472/NA19472.cram
test_B_gourraud	NA19473	NA19473	LWK	AFR	0	1	/usr/local/shared_data/public-human-genomes/GRCh38/1000Genomes/CRAM/NA19473/NA19473.cram
test_B_gourraud	NA19474	NA19474	LWK	AFR	0	1	/usr/local/shared_data/public-human-genomes/GRCh38/1000Genomes/CRAM/NA19474/NA19474.cram
test_B_gourraud	NA19625	2357	ASW	AFR	0	1	/usr/local/shared_data/public-human-genomes/GRCh38/1000Genomes/CRAM/NA19625/NA19625.cram
test_B_gourraud	NA19648	m001	MXL	AMR	0	1	/usr/local/shared_data/public-human-genomes/GRCh38/1000Genomes/CRAM/NA19648/NA19648.cram
test_B_gourraud	NA19649	m001	MXL	AMR	0	1	/usr/local/shared_data/public-human-genomes/GRCh38/1000Genomes/CRAM/NA19649/NA19649.cram
test_B_gourraud	NA19650	m001	MXL	AMR	0	1	https://s3.amazonaws.com/1000genomes/1000G_2504_high_coverage/additional_698_related/data/ERR3989413/NA19650.final.cram
test_B_gourraud	NA19651	m005	MXL	AMR	0	1	/usr/local/shared_data/public-human-genomes/GRCh38/1000Genomes/CRAM/NA19651/NA19651.cram
test_B_gourraud	NA19652	m005	MXL	AMR	0	1	/usr/local/shared_data/public-human-genomes/GRCh38/1000Genomes/CRAM/NA19652/NA19652.cram
test_B_gourraud	NA19653	m005	MXL	AMR	0	1	https://s3.amazonaws.com/1000genomes/1000G_2504_high_coverage/additional_698_related/data/ERR3989414/NA19653.final.cram
test_B_gourraud	NA19654	m006	MXL	AMR	0	1	/usr/local/shared_data/public-human-genomes/GRCh38/1000Genomes/CRAM/NA19654/NA19654.cram
test_B_gourraud	NA19655	m006	MXL	AMR	0	1	/usr/local/shared_data/public-human-genomes/GRCh38/1000Genomes/CRAM/NA19655/NA19655.cram
test_B_gourraud	NA19656	m006	MXL	AMR	0	1	https://s3.amazonaws.com/1000genomes/1000G_2504_high_coverage/additional_698_related/data/ERR3989415/NA19656.final.cram
test_B_gourraud	NA19657	m007	MXL	AMR	0	1	/usr/local/shared_data/public-human-genomes/GRCh38/1000Genomes/CRAM/NA19657/NA19657.cram
test_B_gourraud	NA19658	m007	MXL	AMR	0	1	/usr/local/shared_data/public-human-genomes/GRCh38/1000Genomes/CRAM/NA19658/NA19658.cram
test_B_gourraud	NA19659	m007	MXL	AMR	0	1	https://s3.amazonaws.com/1000genomes/1000G_2504_high_coverage/additional_698_related/data/ERR3989416/NA19659.final.cram
test_B_gourraud	NA19660	m008	MXL	AMR	0	1	https://s3.amazonaws.com/1000genomes/1000G_2504_high_coverage/additional_698_related/data/ERR3989417/NA19660.final.cram
test_B_gourraud	NA19661	m008	MXL	AMR	0	1	/usr/local/shared_data/public-human-genomes/GRCh38/1000Genomes/CRAM/NA19661/NA19661.cram
test_B_gourraud	NA19662	m008	MXL	AMR	0	1	https://s3.amazonaws.com/1000genomes/1000G_2504_high_coverage/additional_698_related/data/ERR3989418/NA19662.final.cram
test_B_gourraud	NA19663	m012	MXL	AMR	0	1	/usr/local/shared_data/public-human-genomes/GRCh38/1000Genomes/CRAM/NA19663/NA19663.cram
test_B_gourraud	NA19664	m012	MXL	AMR	0	1	/usr/local/shared_data/public-human-genomes/GRCh38/1000Genomes/CRAM/NA19664/NA19664.cram
test_B_gourraud	NA19665	m012	MXL	AMR	0	1	https://s3.amazonaws.com/1000genomes/1000G_2504_high_coverage/additional_698_related/data/ERR3989419/NA19665.final.cram
test_B_gourraud	NA19669	m002	MXL	AMR	0	1	/usr/local/shared_data/public-human-genomes/GRCh38/1000Genomes/CRAM/NA19669/NA19669.cram
test_B_gourraud	NA19670	m002	MXL	AMR	0	1	/usr/local/shared_data/public-human-genomes/GRCh38/1000Genomes/CRAM/NA19670/NA19670.cram
test_B_gourraud	NA19671	m002	MXL	AMR	0	1	https://s3.amazonaws.com/1000genomes/1000G_2504_high_coverage/additional_698_related/data/ERR3989420/NA19671.final.cram
test_B_gourraud	NA19675	m004	MXL	AMR	0	1	https://s3.amazonaws.com/1000genomes/1000G_2504_high_coverage/additional_698_related/data/ERR3989421/NA19675.final.cram
test_B_gourraud	NA19676	m004	MXL	AMR	0	1	/usr/local/shared_data/public-human-genomes/GRCh38/1000Genomes/CRAM/NA19676/NA19676.cram
test_B_gourraud	NA19677	m004	MXL	AMR	0	1	https://s3.amazonaws.com/1000genomes/1000G_2504_high_coverage/additional_698_related/data/ERR3989422/NA19677.final.cram
test_B_gourraud	NA19678	m009	MXL	AMR	0	1	/usr/local/shared_data/public-human-genomes/GRCh38/1000Genomes/CRAM/NA19678/NA19678.cram
test_B_gourraud	NA19679	m009	MXL	AMR	0	1	/usr/local/shared_data/public-human-genomes/GRCh38/1000Genomes/CRAM/NA19679/NA19679.cram
test_B_gourraud	NA19680	m009	MXL	AMR	0	1	https://s3.amazonaws.com/1000genomes/1000G_2504_high_coverage/additional_698_related/data/ERR3989423/NA19680.final.cram
leak_gourraud	NA19681	m010	MXL	AMR	0	1	/usr/local/shared_data/public-human-genomes/GRCh38/1000Genomes/CRAM/NA19681/NA19681.cram
leak_gourraud	NA19683	m010	MXL	AMR	0	1	https://s3.amazonaws.com/1000genomes/1000G_2504_high_coverage/additional_698_related/data/ERR3989424/NA19683.final.cram
test_B_gourraud	NA19684	m011	MXL	AMR	0	1	/usr/local/shared_data/public-human-genomes/GRCh38/1000Genomes/CRAM/NA19684/NA19684.cram
test_B_gourraud	NA19685	m011	MXL	AMR	0	1	https://s3.amazonaws.com/1000genomes/1000G_2504_high_coverage/additional_698_related/data/ERR3989425/NA19685.final.cram
test_B_gourraud	NA19686	m011	MXL	AMR	0	1	https://s3.amazonaws.com/1000genomes/1000G_2504_high_coverage/additional_698_related/data/ERR3989426/NA19686.final.cram
leak_gourraud	NA19701	2367	ASW	AFR	0	1	/usr/local/shared_data/public-human-genomes/GRCh38/1000Genomes/CRAM/NA19701/NA19701.cram
leak_gourraud	NA19702	2367	ASW	AFR	0	1	https://s3.amazonaws.com/1000genomes/1000G_2504_high_coverage/additional_698_related/data/ERR3989427/NA19702.final.cram
test_B_gourraud	NA19703	2368	ASW	AFR	0	1	/usr/local/shared_data/public-human-genomes/GRCh38/1000Genomes/CRAM/NA19703/NA19703.cram
test_B_gourraud	NA19704	2368	ASW	AFR	0	1	/usr/local/shared_data/public-human-genomes/GRCh38/1000Genomes/CRAM/NA19704/NA19704.cram
test_B_gourraud	NA19705	2368	ASW	AFR	0	1	https://s3.amazonaws.com/1000genomes/1000G_2504_high_coverage/additional_698_related/data/ERR3989428/NA19705.final.cram
test_B_gourraud	NA19707	2369	ASW	AFR	0	1	/usr/local/shared_data/public-human-genomes/GRCh38/1000Genomes/CRAM/NA19707/NA19707.cram
test_B_gourraud	NA19711	2371	ASW	AFR	0	1	/usr/local/shared_data/public-human-genomes/GRCh38/1000Genomes/CRAM/NA19711/NA19711.cram
test_B_gourraud	NA19712	2371	ASW	AFR	0	1	/usr/local/shared_data/public-human-genomes/GRCh38/1000Genomes/CRAM/NA19712/NA19712.cram
test_B_gourraud	NA19713	2436	ASW	AFR	0	1	/usr/local/shared_data/public-human-genomes/GRCh38/1000Genomes/CRAM/NA19713/NA19713.cram
test_B_gourraud	NA19716	m014	MXL	AMR	0	1	/usr/local/shared_data/public-human-genomes/GRCh38/1000Genomes/CRAM/NA19716/NA19716.cram
test_B_gourraud	NA19717	m014	MXL	AMR	0	1	/usr/local/shared_data/public-human-genomes/GRCh38/1000Genomes/CRAM/NA19717/NA19717.cram
test_B_gourraud	NA19718	m014	MXL	AMR	0	1	https://s3.amazonaws.com/1000genomes/1000G_2504_high_coverage/additional_698_related/data/ERR3989429/NA19718.final.cram
test_B_gourraud	NA19719	m015	MXL	AMR	0	1	/usr/local/shared_data/public-human-genomes/GRCh38/1000Genomes/CRAM/NA19719/NA19719.cram
test_B_gourraud	NA19720	m015	MXL	AMR	0	1	/usr/local/shared_data/public-human-genomes/GRCh38/1000Genomes/CRAM/NA19720/NA19720.cram
test_B_gourraud	NA19721	m015	MXL	AMR	0	1	https://s3.amazonaws.com/1000genomes/1000G_2504_high_coverage/additional_698_related/data/ERR3989430/NA19721.final.cram
test_B_gourraud	NA19722	m016	MXL	AMR	0	1	/usr/local/shared_data/public-human-genomes/GRCh38/1000Genomes/CRAM/NA19722/NA19722.cram
test_B_gourraud	NA19723	m016	MXL	AMR	0	1	/usr/local/shared_data/public-human-genomes/GRCh38/1000Genomes/CRAM/NA19723/NA19723.cram
test_B_gourraud	NA19724	m016	MXL	AMR	0	1	https://s3.amazonaws.com/1000genomes/1000G_2504_high_coverage/additional_698_related/data/ERR3989431/NA19724.final.cram
test_B_gourraud	NA19725	m017	MXL	AMR	0	1	/usr/local/shared_data/public-human-genomes/GRCh38/1000Genomes/CRAM/NA19725/NA19725.cram
test_B_gourraud	NA19726	m017	MXL	AMR	0	1	/usr/local/shared_data/public-human-genomes/GRCh38/1000Genomes/CRAM/NA19726/NA19726.cram
test_B_gourraud	NA19727	m017	MXL	AMR	0	1	https://s3.amazonaws.com/1000genomes/1000G_2504_high_coverage/additional_698_related/data/ERR3989432/NA19727.final.cram
test_B_gourraud	NA19728	m018	MXL	AMR	0	1	/usr/local/shared_data/public-human-genomes/GRCh38/1000Genomes/CRAM/NA19728/NA19728.cram
test_B_gourraud	NA19729	m018	MXL	AMR	0	1	/usr/local/shared_data/public-human-genomes/GRCh38/1000Genomes/CRAM/NA19729/NA19729.cram
test_B_gourraud	NA19730	m018	MXL	AMR	0	1	https://s3.amazonaws.com/1000genomes/1000G_2504_high_coverage/additional_698_related/data/ERR3989433/NA19730.final.cram
test_B_gourraud	NA19731	m019	MXL	AMR	0	1	/usr/local/shared_data/public-human-genomes/GRCh38/1000Genomes/CRAM/NA19731/NA19731.cram
test_B_gourraud	NA19732	m019	MXL	AMR	0	1	/usr/local/shared_data/public-human-genomes/GRCh38/1000Genomes/CRAM/NA19732/NA19732.cram
test_B_gourraud	NA19733	m019	MXL	AMR	0	1	https://s3.amazonaws.com/1000genomes/1000G_2504_high_coverage/additional_698_related/data/ERR3989434/NA19733.final.cram
test_B_gourraud	NA19746	m023	MXL	AMR	0	1	/usr/local/shared_data/public-human-genomes/GRCh38/1000Genomes/CRAM/NA19746/NA19746.cram
test_B_gourraud	NA19747	m023	MXL	AMR	0	1	/usr/local/shared_data/public-human-genomes/GRCh38/1000Genomes/CRAM/NA19747/NA19747.cram
test_B_gourraud	NA19748	m023	MXL	AMR	0	1	https://s3.amazonaws.com/1000genomes/1000G_2504_high_coverage/additional_698_related/data/ERR3989435/NA19748.final.cram
test_B_gourraud	NA19749	m024	MXL	AMR	0	1	/usr/local/shared_data/public-human-genomes/GRCh38/1000Genomes/CRAM/NA19749/NA19749.cram
test_B_gourraud	NA19750	m024	MXL	AMR	0	1	/usr/local/shared_data/public-human-genomes/GRCh38/1000Genomes/CRAM/NA19750/NA19750.cram
test_B_gourraud	NA19751	m024	MXL	AMR	0	1	https://s3.amazonaws.com/1000genomes/1000G_2504_high_coverage/additional_698_related/data/ERR3989436/NA19751.final.cram
test_B_gourraud	NA19755	m026	MXL	AMR	0	1	/usr/local/shared_data/public-human-genomes/GRCh38/1000Genomes/CRAM/NA19755/NA19755.cram
test_B_gourraud	NA19756	m026	MXL	AMR	0	1	/usr/local/shared_data/public-human-genomes/GRCh38/1000Genomes/CRAM/NA19756/NA19756.cram
test_B_gourraud	NA19757	m026	MXL	AMR	0	1	https://s3.amazonaws.com/1000genomes/1000G_2504_high_coverage/additional_698_related/data/ERR3989437/NA19757.final.cram
test_B_gourraud	NA19758	m027	MXL	AMR	0	1	/usr/local/shared_data/public-human-genomes/GRCh38/1000Genomes/CRAM/NA19758/NA19758.cram
test_B_gourraud	NA19759	m027	MXL	AMR	0	1	/usr/local/shared_data/public-human-genomes/GRCh38/1000Genomes/CRAM/NA19759/NA19759.cram
test_B_gourraud	NA19760	m027	MXL	AMR	0	1	https://s3.amazonaws.com/1000genomes/1000G_2504_high_coverage/additional_698_related/data/ERR3989438/NA19760.final.cram
test_B_gourraud	NA19761	m028	MXL	AMR	0	1	/usr/local/shared_data/public-human-genomes/GRCh38/1000Genomes/CRAM/NA19761/NA19761.cram
test_B_gourraud	NA19762	m028	MXL	AMR	0	1	/usr/local/shared_data/public-human-genomes/GRCh38/1000Genomes/CRAM/NA19762/NA19762.cram
test_B_gourraud	NA19763	m028	MXL	AMR	0	1	https://s3.amazonaws.com/1000genomes/1000G_2504_high_coverage/additional_698_related/data/ERR3989439/NA19763.final.cram
test_B_gourraud	NA19770	m031	MXL	AMR	0	1	/usr/local/shared_data/public-human-genomes/GRCh38/1000Genomes/CRAM/NA19770/NA19770.cram
test_B_gourraud	NA19771	m031	MXL	AMR	0	1	/usr/local/shared_data/public-human-genomes/GRCh38/1000Genomes/CRAM/NA19771/NA19771.cram
test_B_gourraud	NA19772	m031	MXL	AMR	0	1	https://s3.amazonaws.com/1000genomes/1000G_2504_high_coverage/additional_698_related/data/ERR3989440/NA19772.final.cram
test_B_gourraud	NA19773	m033	MXL	AMR	0	1	/usr/local/shared_data/public-human-genomes/GRCh38/1000Genomes/CRAM/NA19773/NA19773.cram
test_B_gourraud	NA19774	m033	MXL	AMR	0	1	/usr/local/shared_data/public-human-genomes/GRCh38/1000Genomes/CRAM/NA19774/NA19774.cram
test_B_gourraud	NA19775	m033	MXL	AMR	0	1	https://s3.amazonaws.com/1000genomes/1000G_2504_high_coverage/additional_698_related/data/ERR3989441/NA19775.final.cram
leak_gourraud	NA19777	m034	MXL	AMR	0	1	/usr/local/shared_data/public-human-genomes/GRCh38/1000Genomes/CRAM/NA19777/NA19777.cram
leak_gourraud	NA19778	m034	MXL	AMR	0	1	https://s3.amazonaws.com/1000genomes/1000G_2504_high_coverage/additional_698_related/data/ERR3989442/NA19778.final.cram
test_B_gourraud	NA19780	m035	MXL	AMR	0	1	/usr/local/shared_data/public-human-genomes/GRCh38/1000Genomes/CRAM/NA19780/NA19780.cram
test_B_gourraud	NA19781	m035	MXL	AMR	0	1	https://s3.amazonaws.com/1000genomes/1000G_2504_high_coverage/additional_698_related/data/ERR3989443/NA19781.final.cram
test_B_gourraud	NA19782	m036	MXL	AMR	0	1	/usr/local/shared_data/public-human-genomes/GRCh38/1000Genomes/CRAM/NA19782/NA19782.cram
test_B_gourraud	NA19783	m036	MXL	AMR	0	1	/usr/local/shared_data/public-human-genomes/GRCh38/1000Genomes/CRAM/NA19783/NA19783.cram
test_B_gourraud	NA19784	m036	MXL	AMR	0	1	https://s3.amazonaws.com/1000genomes/1000G_2504_high_coverage/additional_698_related/data/ERR3989444/NA19784.final.cram
test_B_gourraud	NA19785	m032	MXL	AMR	0	1	/usr/local/shared_data/public-human-genomes/GRCh38/1000Genomes/CRAM/NA19785/NA19785.cram
test_B_gourraud	NA19786	m032	MXL	AMR	0	1	/usr/local/shared_data/public-human-genomes/GRCh38/1000Genomes/CRAM/NA19786/NA19786.cram
test_B_gourraud	NA19787	m032	MXL	AMR	0	1	https://s3.amazonaws.com/1000genomes/1000G_2504_high_coverage/additional_698_related/data/ERR3989445/NA19787.final.cram
test_B_gourraud	NA19788	m037	MXL	AMR	0	1	/usr/local/shared_data/public-human-genomes/GRCh38/1000Genomes/CRAM/NA19788/NA19788.cram
test_B_gourraud	NA19789	m037	MXL	AMR	0	1	/usr/local/shared_data/public-human-genomes/GRCh38/1000Genomes/CRAM/NA19789/NA19789.cram
test_B_gourraud	NA19790	m037	MXL	AMR	0	1	https://s3.amazonaws.com/1000genomes/1000G_2504_high_coverage/additional_698_related/data/ERR3989446/NA19790.final.cram
test_B_gourraud	NA19794	m039	MXL	AMR	0	1	/usr/local/shared_data/public-human-genomes/GRCh38/1000Genomes/CRAM/NA19794/NA19794.cram
test_B_gourraud	NA19795	m039	MXL	AMR	0	1	/usr/local/shared_data/public-human-genomes/GRCh38/1000Genomes/CRAM/NA19795/NA19795.cram
test_B_gourraud	NA19796	m039	MXL	AMR	0	1	https://s3.amazonaws.com/1000genomes/1000G_2504_high_coverage/additional_698_related/data/ERR3989447/NA19796.final.cram
test_B_gourraud	NA19818	2418	ASW	AFR	0	1	/usr/local/shared_data/public-human-genomes/GRCh38/1000Genomes/CRAM/NA19818/NA19818.cram
test_B_gourraud	NA19819	2418	ASW	AFR	0	1	/usr/local/shared_data/public-human-genomes/GRCh38/1000Genomes/CRAM/NA19819/NA19819.cram
test_B_gourraud	NA19828	2418	ASW	AFR	0	1	https://s3.amazonaws.com/1000genomes/1000G_2504_high_coverage/additional_698_related/data/ERR3989448/NA19828.final.cram
leak_gourraud	NA19834	2424	ASW	AFR	0	1	/usr/local/shared_data/public-human-genomes/GRCh38/1000Genomes/CRAM/NA19834/NA19834.cram
leak_gourraud	NA19836	2424	ASW	AFR	0	1	https://s3.amazonaws.com/1000genomes/1000G_2504_high_coverage/additional_698_related/data/ERR3989449/NA19836.final.cram
test_B_gourraud	NA19900	2425	ASW	AFR	0	1	/usr/local/shared_data/public-human-genomes/GRCh38/1000Genomes/CRAM/NA19900/NA19900.cram
test_B_gourraud	NA19901	2425	ASW	AFR	0	1	/usr/local/shared_data/public-human-genomes/GRCh38/1000Genomes/CRAM/NA19901/NA19901.cram
test_B_gourraud	NA19902	2425	ASW	AFR	0	1	https://s3.amazonaws.com/1000genomes/1000G_2504_high_coverage/additional_698_related/data/ERR3989450/NA19902.final.cram
test_B_gourraud	NA19904	2426	ASW	AFR	0	1	/usr/local/shared_data/public-human-genomes/GRCh38/1000Genomes/CRAM/NA19904/NA19904.cram
leak_gourraud	NA19908	2427	ASW	AFR	0	1	/usr/local/shared_data/public-human-genomes/GRCh38/1000Genomes/CRAM/NA19908/NA19908.cram
test_B_gourraud	NA19914	2430	ASW	AFR	0	1	/usr/local/shared_data/public-human-genomes/GRCh38/1000Genomes/CRAM/NA19914/NA19914.cram
test_B_gourraud	NA19916	2431	ASW	AFR	0	1	/usr/local/shared_data/public-human-genomes/GRCh38/1000Genomes/CRAM/NA19916/NA19916.cram
test_B_gourraud	NA19917	2431	ASW	AFR	0	1	/usr/local/shared_data/public-human-genomes/GRCh38/1000Genomes/CRAM/NA19917/NA19917.cram
test_B_gourraud	NA19918	2431	ASW	AFR	0	1	https://s3.amazonaws.com/1000genomes/1000G_2504_high_coverage/additional_698_related/data/ERR3989451/NA19918.final.cram
leak_gourraud	NA19919	2427	ASW	AFR	0	1	https://s3.amazonaws.com/1000genomes/1000G_2504_high_coverage/additional_698_related/data/ERR3989452/NA19919.final.cram
leak_gourraud	NA19920	2433	ASW	AFR	0	1	/usr/local/shared_data/public-human-genomes/GRCh38/1000Genomes/CRAM/NA19920/NA19920.cram
leak_gourraud	NA19921	2433	ASW	AFR	0	1	/usr/local/shared_data/public-human-genomes/GRCh38/1000Genomes/CRAM/NA19921/NA19921.cram
test_B_gourraud	NA19982	2436	ASW	AFR	0	1	/usr/local/shared_data/public-human-genomes/GRCh38/1000Genomes/CRAM/NA19982/NA19982.cram
test_B_gourraud	NA19983	2436	ASW	AFR	0	1	https://s3.amazonaws.com/1000genomes/1000G_2504_high_coverage/additional_698_related/data/ERR3989454/NA19983.final.cram
test_B_gourraud	NA20126	2446	ASW	AFR	0	1	/usr/local/shared_data/public-human-genomes/GRCh38/1000Genomes/CRAM/NA20126/NA20126.cram
test_B_gourraud	NA20127	2446	ASW	AFR	0	1	/usr/local/shared_data/public-human-genomes/GRCh38/1000Genomes/CRAM/NA20127/NA20127.cram
test_B_gourraud	NA20128	2446	ASW	AFR	0	1	https://s3.amazonaws.com/1000genomes/1000G_2504_high_coverage/additional_698_related/data/ERR3989455/NA20128.final.cram
test_B_gourraud	NA20276	2466	ASW	AFR	0	1	/usr/local/shared_data/public-human-genomes/GRCh38/1000Genomes/CRAM/NA20276/NA20276.cram
test_B_gourraud	NA20278	2467	ASW	AFR	0	1	/usr/local/shared_data/public-human-genomes/GRCh38/1000Genomes/CRAM/NA20278/NA20278.cram
test_B_gourraud	NA20279	2467	ASW	AFR	0	1	https://s3.amazonaws.com/1000genomes/1000G_2504_high_coverage/additional_698_related/data/ERR3989457/NA20279.final.cram
test_B_gourraud	NA20281	2469a	ASW	AFR	0	1	/usr/local/shared_data/public-human-genomes/GRCh38/1000Genomes/CRAM/NA20281/NA20281.cram
test_B_gourraud	NA20287	2470	ASW	AFR	0	1	/usr/local/shared_data/public-human-genomes/GRCh38/1000Genomes/CRAM/NA20287/NA20287.cram
test_B_gourraud	NA20289	2471	ASW	AFR	0	1	/usr/local/shared_data/public-human-genomes/GRCh38/1000Genomes/CRAM/NA20289/NA20289.cram
test_B_gourraud	NA20291	2472	ASW	AFR	0	1	/usr/local/shared_data/public-human-genomes/GRCh38/1000Genomes/CRAM/NA20291/NA20291.cram
test_B_gourraud	NA20294	2474	ASW	AFR	0	1	/usr/local/shared_data/public-human-genomes/GRCh38/1000Genomes/CRAM/NA20294/NA20294.cram
test_B_gourraud	NA20296	2475	ASW	AFR	0	1	/usr/local/shared_data/public-human-genomes/GRCh38/1000Genomes/CRAM/NA20296/NA20296.cram
test_B_gourraud	NA20299	2476	ASW	AFR	0	1	/usr/local/shared_data/public-human-genomes/GRCh38/1000Genomes/CRAM/NA20299/NA20299.cram
test_B_gourraud	NA20314	2479	ASW	AFR	0	1	/usr/local/shared_data/public-human-genomes/GRCh38/1000Genomes/CRAM/NA20314/NA20314.cram
test_B_gourraud	NA20317	2480	ASW	AFR	0	1	/usr/local/shared_data/public-human-genomes/GRCh38/1000Genomes/CRAM/NA20317/NA20317.cram
test_B_gourraud	NA20332	2483	ASW	AFR	0	1	/usr/local/shared_data/public-human-genomes/GRCh38/1000Genomes/CRAM/NA20332/NA20332.cram
test_B_gourraud	NA20334	2484	ASW	AFR	0	1	/usr/local/shared_data/public-human-genomes/GRCh38/1000Genomes/CRAM/NA20334/NA20334.cram
test_B_gourraud	NA20340	2487	ASW	AFR	0	1	/usr/local/shared_data/public-human-genomes/GRCh38/1000Genomes/CRAM/NA20340/NA20340.cram
test_B_gourraud	NA20342	2488	ASW	AFR	0	1	/usr/local/shared_data/public-human-genomes/GRCh38/1000Genomes/CRAM/NA20342/NA20342.cram
test_B_gourraud	NA20348	2491	ASW	AFR	0	1	/usr/local/shared_data/public-human-genomes/GRCh38/1000Genomes/CRAM/NA20348/NA20348.cram
test_B_gourraud	NA20356	2494	ASW	AFR	0	1	/usr/local/shared_data/public-human-genomes/GRCh38/1000Genomes/CRAM/NA20356/NA20356.cram
test_B_gourraud	NA20357	2494	ASW	AFR	0	1	/usr/local/shared_data/public-human-genomes/GRCh38/1000Genomes/CRAM/NA20357/NA20357.cram
test_B_gourraud	NA20358	2494	ASW	AFR	0	1	https://s3.amazonaws.com/1000genomes/1000G_2504_high_coverage/additional_698_related/data/ERR3989458/NA20358.final.cram
test_B_gourraud	NA20359	2495	ASW	AFR	0	1	/usr/local/shared_data/public-human-genomes/GRCh38/1000Genomes/CRAM/NA20359/NA20359.cram
test_B_gourraud	NA20502	NA20502	TSI	EUR	0	1	/usr/local/shared_data/public-human-genomes/GRCh38/1000Genomes/CRAM/NA20502/NA20502.cram
test_B_gourraud	NA20504	NA20504	TSI	EUR	0	1	/usr/local/shared_data/public-human-genomes/GRCh38/1000Genomes/CRAM/NA20504/NA20504.cram
test_B_gourraud	NA20505	NA20505	TSI	EUR	0	1	/usr/local/shared_data/public-human-genomes/GRCh38/1000Genomes/CRAM/NA20505/NA20505.cram
test_B_gourraud	NA20506	NA20506	TSI	EUR	0	1	/usr/local/shared_data/public-human-genomes/GRCh38/1000Genomes/CRAM/NA20506/NA20506.cram
test_B_gourraud	NA20508	NA20508	TSI	EUR	0	1	/usr/local/shared_data/public-human-genomes/GRCh38/1000Genomes/CRAM/NA20508/NA20508.cram
test_B_gourraud	NA20509	NA20509	TSI	EUR	0	1	/usr/local/shared_data/public-human-genomes/GRCh38/1000Genomes/CRAM/NA20509/NA20509.cram
test_B_gourraud	NA20510	NA20510	TSI	EUR	0	1	/usr/local/shared_data/public-human-genomes/GRCh38/1000Genomes/CRAM/NA20510/NA20510.cram
test_B_gourraud	NA20512	NA20512	TSI	EUR	0	1	/usr/local/shared_data/public-human-genomes/GRCh38/1000Genomes/CRAM/NA20512/NA20512.cram
test_B_gourraud	NA20515	NA20515	TSI	EUR	0	1	/usr/local/shared_data/public-human-genomes/GRCh38/1000Genomes/CRAM/NA20515/NA20515.cram
test_B_gourraud	NA20516	NA20516	TSI	EUR	0	1	/usr/local/shared_data/public-human-genomes/GRCh38/1000Genomes/CRAM/NA20516/NA20516.cram
test_B_gourraud	NA20517	NA20517	TSI	EUR	0	1	/usr/local/shared_data/public-human-genomes/GRCh38/1000Genomes/CRAM/NA20517/NA20517.cram
test_B_gourraud	NA20518	NA20518	TSI	EUR	0	1	/usr/local/shared_data/public-human-genomes/GRCh38/1000Genomes/CRAM/NA20518/NA20518.cram
test_B_gourraud	NA20519	NA20519	TSI	EUR	0	1	/usr/local/shared_data/public-human-genomes/GRCh38/1000Genomes/CRAM/NA20519/NA20519.cram
test_B_gourraud	NA20520	NA20520	TSI	EUR	0	1	/usr/local/shared_data/public-human-genomes/GRCh38/1000Genomes/CRAM/NA20520/NA20520.cram
test_B_gourraud	NA20521	NA20521	TSI	EUR	0	1	/usr/local/shared_data/public-human-genomes/GRCh38/1000Genomes/CRAM/NA20521/NA20521.cram
test_B_gourraud	NA20522	NA20522	TSI	EUR	0	1	/usr/local/shared_data/public-human-genomes/GRCh38/1000Genomes/CRAM/NA20522/NA20522.cram
test_B_gourraud	NA20524	NA20524	TSI	EUR	0	1	/usr/local/shared_data/public-human-genomes/GRCh38/1000Genomes/CRAM/NA20524/NA20524.cram
test_B_gourraud	NA20525	NA20525	TSI	EUR	0	1	/usr/local/shared_data/public-human-genomes/GRCh38/1000Genomes/CRAM/NA20525/NA20525.cram
test_B_gourraud	NA20527	NA20527	TSI	EUR	0	1	/usr/local/shared_data/public-human-genomes/GRCh38/1000Genomes/CRAM/NA20527/NA20527.cram
test_B_gourraud	NA20528	NA20528	TSI	EUR	0	1	/usr/local/shared_data/public-human-genomes/GRCh38/1000Genomes/CRAM/NA20528/NA20528.cram
test_B_gourraud	NA20529	NA20529	TSI	EUR	0	1	/usr/local/shared_data/public-human-genomes/GRCh38/1000Genomes/CRAM/NA20529/NA20529.cram
test_B_gourraud	NA20530	NA20530	TSI	EUR	0	1	/usr/local/shared_data/public-human-genomes/GRCh38/1000Genomes/CRAM/NA20530/NA20530.cram
test_B_gourraud	NA20531	NA20531	TSI	EUR	0	1	/usr/local/shared_data/public-human-genomes/GRCh38/1000Genomes/CRAM/NA20531/NA20531.cram
test_B_gourraud	NA20534	NA20534	TSI	EUR	0	1	/usr/local/shared_data/public-human-genomes/GRCh38/1000Genomes/CRAM/NA20534/NA20534.cram
test_B_gourraud	NA20535	NA20535	TSI	EUR	0	1	/usr/local/shared_data/public-human-genomes/GRCh38/1000Genomes/CRAM/NA20535/NA20535.cram
test_B_gourraud	NA20538	NA20538	TSI	EUR	0	1	/usr/local/shared_data/public-human-genomes/GRCh38/1000Genomes/CRAM/NA20538/NA20538.cram
test_B_gourraud	NA20539	NA20539	TSI	EUR	0	1	/usr/local/shared_data/public-human-genomes/GRCh38/1000Genomes/CRAM/NA20539/NA20539.cram
test_B_gourraud	NA20540	NA20540	TSI	EUR	0	1	/usr/local/shared_data/public-human-genomes/GRCh38/1000Genomes/CRAM/NA20540/NA20540.cram
test_B_gourraud	NA20541	NA20541	TSI	EUR	0	1	/usr/local/shared_data/public-human-genomes/GRCh38/1000Genomes/CRAM/NA20541/NA20541.cram
test_B_gourraud	NA20542	NA20542	TSI	EUR	0	1	/usr/local/shared_data/public-human-genomes/GRCh38/1000Genomes/CRAM/NA20542/NA20542.cram
test_B_gourraud	NA20543	NA20543	TSI	EUR	0	1	/usr/local/shared_data/public-human-genomes/GRCh38/1000Genomes/CRAM/NA20543/NA20543.cram
test_B_gourraud	NA20544	NA20544	TSI	EUR	0	1	/usr/local/shared_data/public-human-genomes/GRCh38/1000Genomes/CRAM/NA20544/NA20544.cram
test_B_gourraud	NA20581	NA20581	TSI	EUR	0	1	/usr/local/shared_data/public-human-genomes/GRCh38/1000Genomes/CRAM/NA20581/NA20581.cram
test_B_gourraud	NA20582	NA20582	TSI	EUR	0	1	/usr/local/shared_data/public-human-genomes/GRCh38/1000Genomes/CRAM/NA20582/NA20582.cram
test_B_gourraud	NA20585	NA20585	TSI	EUR	0	1	/usr/local/shared_data/public-human-genomes/GRCh38/1000Genomes/CRAM/NA20585/NA20585.cram
test_B_gourraud	NA20586	NA20586	TSI	EUR	0	1	/usr/local/shared_data/public-human-genomes/GRCh38/1000Genomes/CRAM/NA20586/NA20586.cram
test_B_gourraud	NA20588	NA20588	TSI	EUR	0	1	/usr/local/shared_data/public-human-genomes/GRCh38/1000Genomes/CRAM/NA20588/NA20588.cram
test_B_gourraud	NA20589	NA20589	TSI	EUR	0	1	/usr/local/shared_data/public-human-genomes/GRCh38/1000Genomes/CRAM/NA20589/NA20589.cram
test_B_gourraud	NA20753	NA20753	TSI	EUR	0	1	/usr/local/shared_data/public-human-genomes/GRCh38/1000Genomes/CRAM/NA20753/NA20753.cram
test_B_gourraud	NA20754	NA20754	TSI	EUR	0	1	/usr/local/shared_data/public-human-genomes/GRCh38/1000Genomes/CRAM/NA20754/NA20754.cram
test_B_gourraud	NA20755	NA20755	TSI	EUR	0	1	/usr/local/shared_data/public-human-genomes/GRCh38/1000Genomes/CRAM/NA20755/NA20755.cram
test_B_gourraud	NA20756	NA20756	TSI	EUR	0	1	/usr/local/shared_data/public-human-genomes/GRCh38/1000Genomes/CRAM/NA20756/NA20756.cram
test_B_gourraud	NA20757	NA20757	TSI	EUR	0	1	/usr/local/shared_data/public-human-genomes/GRCh38/1000Genomes/CRAM/NA20757/NA20757.cram
test_B_gourraud	NA20758	NA20758	TSI	EUR	0	1	/usr/local/shared_data/public-human-genomes/GRCh38/1000Genomes/CRAM/NA20758/NA20758.cram
test_B_gourraud	NA20759	NA20759	TSI	EUR	0	1	/usr/local/shared_data/public-human-genomes/GRCh38/1000Genomes/CRAM/NA20759/NA20759.cram
test_B_gourraud	NA20760	NA20760	TSI	EUR	0	1	/usr/local/shared_data/public-human-genomes/GRCh38/1000Genomes/CRAM/NA20760/NA20760.cram
test_B_gourraud	NA20761	NA20761	TSI	EUR	0	1	/usr/local/shared_data/public-human-genomes/GRCh38/1000Genomes/CRAM/NA20761/NA20761.cram
test_B_gourraud	NA20765	NA20765	TSI	EUR	0	1	/usr/local/shared_data/public-human-genomes/GRCh38/1000Genomes/CRAM/NA20765/NA20765.cram
test_B_gourraud	NA20766	NA20766	TSI	EUR	0	1	/usr/local/shared_data/public-human-genomes/GRCh38/1000Genomes/CRAM/NA20766/NA20766.cram
test_B_gourraud	NA20768	NA20768	TSI	EUR	0	1	/usr/local/shared_data/public-human-genomes/GRCh38/1000Genomes/CRAM/NA20768/NA20768.cram
test_B_gourraud	NA20769	NA20769	TSI	EUR	0	1	/usr/local/shared_data/public-human-genomes/GRCh38/1000Genomes/CRAM/NA20769/NA20769.cram
test_B_gourraud	NA20770	NA20770	TSI	EUR	0	1	/usr/local/shared_data/public-human-genomes/GRCh38/1000Genomes/CRAM/NA20770/NA20770.cram
test_B_gourraud	NA20771	NA20771	TSI	EUR	0	1	/usr/local/shared_data/public-human-genomes/GRCh38/1000Genomes/CRAM/NA20771/NA20771.cram
test_B_gourraud	NA20772	NA20772	TSI	EUR	0	1	/usr/local/shared_data/public-human-genomes/GRCh38/1000Genomes/CRAM/NA20772/NA20772.cram
test_B_gourraud	NA20773	NA20773	TSI	EUR	0	1	/usr/local/shared_data/public-human-genomes/GRCh38/1000Genomes/CRAM/NA20773/NA20773.cram
test_B_gourraud	NA20774	NA20774	TSI	EUR	0	1	/usr/local/shared_data/public-human-genomes/GRCh38/1000Genomes/CRAM/NA20774/NA20774.cram
test_B_gourraud	NA20775	NA20775	TSI	EUR	0	1	/usr/local/shared_data/public-human-genomes/GRCh38/1000Genomes/CRAM/NA20775/NA20775.cram
test_B_gourraud	NA20778	NA20778	TSI	EUR	0	1	/usr/local/shared_data/public-human-genomes/GRCh38/1000Genomes/CRAM/NA20778/NA20778.cram
test_B_gourraud	NA20783	NA20783	TSI	EUR	0	1	/usr/local/shared_data/public-human-genomes/GRCh38/1000Genomes/CRAM/NA20783/NA20783.cram
test_B_gourraud	NA20785	NA20785	TSI	EUR	0	1	/usr/local/shared_data/public-human-genomes/GRCh38/1000Genomes/CRAM/NA20785/NA20785.cram
test_B_gourraud	NA20786	NA20786	TSI	EUR	0	1	/usr/local/shared_data/public-human-genomes/GRCh38/1000Genomes/CRAM/NA20786/NA20786.cram
test_B_gourraud	NA20787	NA20787	TSI	EUR	0	1	/usr/local/shared_data/public-human-genomes/GRCh38/1000Genomes/CRAM/NA20787/NA20787.cram
test_B_gourraud	NA20790	NA20790	TSI	EUR	0	1	/usr/local/shared_data/public-human-genomes/GRCh38/1000Genomes/CRAM/NA20790/NA20790.cram
test_B_gourraud	NA20792	NA20792	TSI	EUR	0	1	/usr/local/shared_data/public-human-genomes/GRCh38/1000Genomes/CRAM/NA20792/NA20792.cram
test_B_gourraud	NA20795	NA20795	TSI	EUR	0	1	/usr/local/shared_data/public-human-genomes/GRCh38/1000Genomes/CRAM/NA20795/NA20795.cram
test_B_gourraud	NA20796	NA20796	TSI	EUR	0	1	/usr/local/shared_data/public-human-genomes/GRCh38/1000Genomes/CRAM/NA20796/NA20796.cram
test_B_gourraud	NA20797	NA20797	TSI	EUR	0	1	/usr/local/shared_data/public-human-genomes/GRCh38/1000Genomes/CRAM/NA20797/NA20797.cram
test_B_gourraud	NA20798	NA20798	TSI	EUR	0	1	/usr/local/shared_data/public-human-genomes/GRCh38/1000Genomes/CRAM/NA20798/NA20798.cram
test_B_gourraud	NA20800	NA20800	TSI	EUR	0	1	/usr/local/shared_data/public-human-genomes/GRCh38/1000Genomes/CRAM/NA20800/NA20800.cram
test_B_gourraud	NA20801	NA20801	TSI	EUR	0	1	/usr/local/shared_data/public-human-genomes/GRCh38/1000Genomes/CRAM/NA20801/NA20801.cram
test_B_gourraud	NA20802	NA20802	TSI	EUR	0	1	/usr/local/shared_data/public-human-genomes/GRCh38/1000Genomes/CRAM/NA20802/NA20802.cram
test_B_gourraud	NA20803	NA20803	TSI	EUR	0	1	/usr/local/shared_data/public-human-genomes/GRCh38/1000Genomes/CRAM/NA20803/NA20803.cram
test_B_gourraud	NA20804	NA20804	TSI	EUR	0	1	/usr/local/shared_data/public-human-genomes/GRCh38/1000Genomes/CRAM/NA20804/NA20804.cram
test_B_gourraud	NA20807	NA20807	TSI	EUR	0	1	/usr/local/shared_data/public-human-genomes/GRCh38/1000Genomes/CRAM/NA20807/NA20807.cram
test_B_gourraud	NA20808	NA20808	TSI	EUR	0	1	/usr/local/shared_data/public-human-genomes/GRCh38/1000Genomes/CRAM/NA20808/NA20808.cram
test_B_gourraud	NA20810	NA20810	TSI	EUR	0	1	/usr/local/shared_data/public-human-genomes/GRCh38/1000Genomes/CRAM/NA20810/NA20810.cram
test_B_gourraud	NA20811	NA20811	TSI	EUR	0	1	/usr/local/shared_data/public-human-genomes/GRCh38/1000Genomes/CRAM/NA20811/NA20811.cram
test_B_gourraud	NA20812	NA20812	TSI	EUR	0	1	/usr/local/shared_data/public-human-genomes/GRCh38/1000Genomes/CRAM/NA20812/NA20812.cram
test_B_gourraud	NA20813	NA20813	TSI	EUR	0	1	/usr/local/shared_data/public-human-genomes/GRCh38/1000Genomes/CRAM/NA20813/NA20813.cram
test_B_gourraud	NA20815	NA20815	TSI	EUR	0	1	/usr/local/shared_data/public-human-genomes/GRCh38/1000Genomes/CRAM/NA20815/NA20815.cram
test_B_gourraud	NA20818	NA20818	TSI	EUR	0	1	/usr/local/shared_data/public-human-genomes/GRCh38/1000Genomes/CRAM/NA20818/NA20818.cram
test_B_gourraud	NA20819	NA20819	TSI	EUR	0	1	/usr/local/shared_data/public-human-genomes/GRCh38/1000Genomes/CRAM/NA20819/NA20819.cram
test_B_gourraud	NA20826	NA20826	TSI	EUR	0	1	/usr/local/shared_data/public-human-genomes/GRCh38/1000Genomes/CRAM/NA20826/NA20826.cram
test_B_gourraud	NA20828	NA20828	TSI	EUR	0	1	/usr/local/shared_data/public-human-genomes/GRCh38/1000Genomes/CRAM/NA20828/NA20828.cram
