donor	arm	locus	gene	level	picks	quality	truth_haplotypes	called	correct	allele_matches	sources
HG00558	full-ens	HLA-A	A	two_field	HG00321.1,HG02976.2	3.48	HG00558.1,HG00558.2	1	1	2	backbone,backbone
HG00558	full-ens	HLA-A	A	g_group	HG00321.1,HG02976.2	3.48	HG00558.1,HG00558.2	1	1	2	backbone,backbone
HG00558	full-ens	HLA-A	A	cds_exact	HG00321.1,HG02976.2	3.48	HG00558.1,HG00558.2	1	1	2	backbone,backbone
HG00558	full-ens	HLA-A	A	gene_exact	HG00321.1,HG02976.2	3.48	HG00558.1,HG00558.2	1	1	2	backbone,backbone
HG00558	full-ens	HLA-B	B	two_field	HG00597.2,HG03742.2	3.08	HG00558.1,HG00558.2	1	1	2	backbone,backbone
HG00558	full-ens	HLA-B	B	g_group	HG00597.2,HG03742.2	3.08	HG00558.1,HG00558.2	1	1	2	backbone,backbone
HG00558	full-ens	HLA-B	B	cds_exact	HG00597.2,HG03742.2	3.08	HG00558.1,HG00558.2	1	1	2	backbone,backbone
HG00558	full-ens	HLA-B	B	gene_exact	HG00597.2,HG03742.2	3.08	HG00558.1,HG00558.2	1	1	2	backbone,backbone
HG00558	full-ens	HLA-C	C	two_field	HG03742.2,HIFI032591D.1	3.32	HG00558.1,HG00558.2	1	1	2	backbone,backbone
HG00558	full-ens	HLA-C	C	g_group	HG03742.2,HIFI032591D.1	3.32	HG00558.1,HG00558.2	1	1	2	backbone,backbone
HG00558	full-ens	HLA-C	C	cds_exact	HG03742.2,HIFI032591D.1	3.32	HG00558.1,HG00558.2	1	1	2	backbone,backbone
HG00558	full-ens	HLA-C	C	gene_exact	HG03742.2,HIFI032591D.1	3.32	HG00558.1,HG00558.2	1	1	2	backbone,backbone
HG00558	full-ens	HLA-DP	DPA1	two_field	HIFI032586D.1,NA18982.2	2.34	HG00558.1,HG00558.2	1	1	2	backbone,backbone
HG00558	full-ens	HLA-DP	DPA1	g_group	HIFI032586D.1,NA18982.2	2.34	HG00558.1,HG00558.2	1	1	2	backbone,backbone
HG00558	full-ens	HLA-DP	DPA1	cds_exact	HIFI032586D.1,NA18982.2	2.34	HG00558.1,HG00558.2	1	1	2	backbone,backbone
HG00558	full-ens	HLA-DP	DPA1	gene_exact	HIFI032586D.1,NA18982.2	2.34	HG00558.1,HG00558.2	1	1	2	backbone,backbone
HG00558	full-ens	HLA-DP	DPB1	two_field	HIFI032586D.1,NA18982.2	2.34	HG00558.1,HG00558.2	1	1	2	backbone,backbone
HG00558	full-ens	HLA-DP	DPB1	g_group	HIFI032586D.1,NA18982.2	2.34	HG00558.1,HG00558.2	1	1	2	backbone,backbone
HG00558	full-ens	HLA-DP	DPB1	cds_exact	HIFI032586D.1,NA18982.2	2.34	HG00558.1,HG00558.2	1	1	2	backbone,backbone
HG00558	full-ens	HLA-DP	DPB1	gene_exact	HIFI032586D.1,NA18982.2	2.34	HG00558.1,HG00558.2	1	1	2	backbone,backbone
HG00558	full-ens	HLA-DQ	DQA1	two_field	HG00423.1,NA21093.2	1.7	HG00558.1,HG00558.2	1	1	2	backbone,backbone
HG00558	full-ens	HLA-DQ	DQA1	g_group	HG00423.1,NA21093.2	1.7	HG00558.1,HG00558.2	1	1	2	backbone,backbone
HG00558	full-ens	HLA-DQ	DQA1	cds_exact	HG00423.1,NA21093.2	1.7	HG00558.1,HG00558.2	1	1	2	backbone,backbone
HG00558	full-ens	HLA-DQ	DQA1	gene_exact	HG00423.1,NA21093.2	1.7	HG00558.1,HG00558.2	1	1	2	backbone,backbone
HG00558	full-ens	HLA-DQ	DQB1	two_field	HG00423.1,NA21093.2	1.7	HG00558.1,HG00558.2	1	1	2	backbone,backbone
HG00558	full-ens	HLA-DQ	DQB1	g_group	HG00423.1,NA21093.2	1.7	HG00558.1,HG00558.2	1	1	2	backbone,backbone
HG00558	full-ens	HLA-DQ	DQB1	cds_exact	HG00423.1,NA21093.2	1.7	HG00558.1,HG00558.2	1	1	2	backbone,backbone
HG00558	full-ens	HLA-DQ	DQB1	gene_exact	HG00423.1,NA21093.2	1.7	HG00558.1,HG00558.2	1	1	2	backbone,backbone
HG00558	full-ens	HLA-DRB1	DRB1	two_field	HG02135.2,HG02984.2	1.95	HG00558.1,HG00558.2	1	1	2	backbone,backbone
HG00558	full-ens	HLA-DRB1	DRB1	g_group	HG02135.2,HG02984.2	1.95	HG00558.1,HG00558.2	1	1	2	backbone,backbone
HG00558	full-ens	HLA-DRB1	DRB1	cds_exact	HG02135.2,HG02984.2	1.95	HG00558.1,HG00558.2	1	1	2	backbone,backbone
HG00558	full-ens	HLA-DRB1	DRB1	gene_exact	HG02135.2,HG02984.2	1.95	HG00558.1,HG00558.2	1	0	0	backbone,backbone
HG00558	full-ens	HLA-DRB345	DRB3	two_field	HG01258.2,HG02083.2	7.65	HG00558.1,HG00558.2	1	1	2	backbone,backbone
HG00558	full-ens	HLA-DRB345	DRB3	g_group	HG01258.2,HG02083.2	7.65	HG00558.1,HG00558.2	1	1	2	backbone,backbone
HG00558	full-ens	HLA-DRB345	DRB3	cds_exact	HG01258.2,HG02083.2	7.65	HG00558.1,HG00558.2	1	1	2	backbone,backbone
HG00558	full-ens	HLA-DRB345	DRB3	gene_exact	HG01258.2,HG02083.2	7.65	HG00558.1,HG00558.2	1	1	2	backbone,backbone
HG00558	full-ens	HLA-DRB345	DRB4	two_field	HG01258.2,HG02083.2	7.65	HG00558.1,HG00558.2	1	1	2	backbone,backbone
HG00558	full-ens	HLA-DRB345	DRB4	g_group	HG01258.2,HG02083.2	7.65	HG00558.1,HG00558.2	1	1	2	backbone,backbone
HG00558	full-ens	HLA-DRB345	DRB4	cds_exact	HG01258.2,HG02083.2	7.65	HG00558.1,HG00558.2	1	1	2	backbone,backbone
HG00558	full-ens	HLA-DRB345	DRB4	gene_exact	HG01258.2,HG02083.2	7.65	HG00558.1,HG00558.2	1	1	2	backbone,backbone
HG00558	full-ens	HLA-DRB345	DRB5	two_field	HG01258.2,HG02083.2	7.65	HG00558.1,HG00558.2	1	1	2	backbone,backbone
HG00558	full-ens	HLA-DRB345	DRB5	g_group	HG01258.2,HG02083.2	7.65	HG00558.1,HG00558.2	1	1	2	backbone,backbone
HG00558	full-ens	HLA-DRB345	DRB5	cds_exact	HG01258.2,HG02083.2	7.65	HG00558.1,HG00558.2	1	1	2	backbone,backbone
HG00558	full-ens	HLA-DRB345	DRB5	gene_exact	HG01258.2,HG02083.2	7.65	HG00558.1,HG00558.2	1	1	2	backbone,backbone
HG00609	full-ens	HLA-A	A	two_field	NA18565.1,NA18974.1	6.98	HG00609.1,HG00609.2	1	1	2	backbone,backbone
HG00609	full-ens	HLA-A	A	g_group	NA18565.1,NA18974.1	6.98	HG00609.1,HG00609.2	1	1	2	backbone,backbone
HG00609	full-ens	HLA-A	A	cds_exact	NA18565.1,NA18974.1	6.98	HG00609.1,HG00609.2	1	1	2	backbone,backbone
HG00609	full-ens	HLA-A	A	gene_exact	NA18565.1,NA18974.1	6.98	HG00609.1,HG00609.2	1	1	2	backbone,backbone
HG00609	full-ens	HLA-B	B	two_field	HG00597.2,HG00558.1~B_40-559	6.87	HG00609.1,HG00609.2	1	0	1	backbone,ipd_near
HG00609	full-ens	HLA-B	B	g_group	HG00597.2,HG00558.1~B_40-559	6.87	HG00609.1,HG00609.2	1	0	1	backbone,ipd_near
HG00609	full-ens	HLA-B	B	cds_exact	HG00597.2,HG00558.1~B_40-559	6.87	HG00609.1,HG00609.2	1	0	1	backbone,ipd_near
HG00609	full-ens	HLA-B	B	gene_exact	HG00597.2,HG00558.1~B_40-559	6.87	HG00609.1,HG00609.2	0	0	1	backbone,ipd_near
HG00609	full-ens	HLA-C	C	two_field	HG00597.2,HG02083.1	3.04	HG00609.1,HG00609.2	1	1	2	backbone,backbone
HG00609	full-ens	HLA-C	C	g_group	HG00597.2,HG02083.1	3.04	HG00609.1,HG00609.2	1	1	2	backbone,backbone
HG00609	full-ens	HLA-C	C	cds_exact	HG00597.2,HG02083.1	3.04	HG00609.1,HG00609.2	1	1	2	backbone,backbone
HG00609	full-ens	HLA-C	C	gene_exact	HG00597.2,HG02083.1	3.04	HG00609.1,HG00609.2	1	1	2	backbone,backbone
HG00609	full-ens	HLA-DP	DPA1	two_field	NA18570.2,NA18945.2	4.28	HG00609.1,HG00609.2	1	1	2	backbone,backbone
HG00609	full-ens	HLA-DP	DPA1	g_group	NA18570.2,NA18945.2	4.28	HG00609.1,HG00609.2	1	1	2	backbone,backbone
HG00609	full-ens	HLA-DP	DPA1	cds_exact	NA18570.2,NA18945.2	4.28	HG00609.1,HG00609.2	1	1	2	backbone,backbone
HG00609	full-ens	HLA-DP	DPA1	gene_exact	NA18570.2,NA18945.2	4.28	HG00609.1,HG00609.2	1	1	2	backbone,backbone
HG00609	full-ens	HLA-DP	DPB1	two_field	NA18570.2,NA18945.2	4.28	HG00609.1,HG00609.2	1	1	2	backbone,backbone
HG00609	full-ens	HLA-DP	DPB1	g_group	NA18570.2,NA18945.2	4.28	HG00609.1,HG00609.2	1	1	2	backbone,backbone
HG00609	full-ens	HLA-DP	DPB1	cds_exact	NA18570.2,NA18945.2	4.28	HG00609.1,HG00609.2	1	1	2	backbone,backbone
HG00609	full-ens	HLA-DP	DPB1	gene_exact	NA18570.2,NA18945.2	4.28	HG00609.1,HG00609.2	1	0	1	backbone,backbone
HG00609	full-ens	HLA-DQ	DQA1	two_field	HG00408.2,HG005.2	9.13	HG00609.1,HG00609.2	1	1	2	backbone,backbone
HG00609	full-ens	HLA-DQ	DQA1	g_group	HG00408.2,HG005.2	9.13	HG00609.1,HG00609.2	1	1	2	backbone,backbone
HG00609	full-ens	HLA-DQ	DQA1	cds_exact	HG00408.2,HG005.2	9.13	HG00609.1,HG00609.2	1	1	2	backbone,backbone
HG00609	full-ens	HLA-DQ	DQA1	gene_exact	HG00408.2,HG005.2	9.13	HG00609.1,HG00609.2	1	1	2	backbone,backbone
HG00609	full-ens	HLA-DQ	DQB1	two_field	HG00408.2,HG005.2	9.13	HG00609.1,HG00609.2	1	1	2	backbone,backbone
HG00609	full-ens	HLA-DQ	DQB1	g_group	HG00408.2,HG005.2	9.13	HG00609.1,HG00609.2	1	1	2	backbone,backbone
HG00609	full-ens	HLA-DQ	DQB1	cds_exact	HG00408.2,HG005.2	9.13	HG00609.1,HG00609.2	1	1	2	backbone,backbone
HG00609	full-ens	HLA-DQ	DQB1	gene_exact	HG00408.2,HG005.2	9.13	HG00609.1,HG00609.2	1	1	2	backbone,backbone
HG00609	full-ens	HLA-DRB1	DRB1	two_field	HIFI032607D.1,HG02145.1~DRB1_15-01-01-01	23.14	HG00609.1,HG00609.2	1	1	2	backbone,ipd_near
HG00609	full-ens	HLA-DRB1	DRB1	g_group	HIFI032607D.1,HG02145.1~DRB1_15-01-01-01	23.14	HG00609.1,HG00609.2	1	1	2	backbone,ipd_near
HG00609	full-ens	HLA-DRB1	DRB1	cds_exact	HIFI032607D.1,HG02145.1~DRB1_15-01-01-01	23.14	HG00609.1,HG00609.2	1	1	2	backbone,ipd_near
HG00609	full-ens	HLA-DRB1	DRB1	gene_exact	HIFI032607D.1,HG02145.1~DRB1_15-01-01-01	23.14	HG00609.1,HG00609.2	0	0	0	backbone,ipd_near
HG00609	full-ens	HLA-DRB345	DRB3	two_field	HG00558.1,KPanRef-075.1	6.65	HG00609.1,HG00609.2	1	1	2	backbone,backbone
HG00609	full-ens	HLA-DRB345	DRB3	g_group	HG00558.1,KPanRef-075.1	6.65	HG00609.1,HG00609.2	1	1	2	backbone,backbone
HG00609	full-ens	HLA-DRB345	DRB3	cds_exact	HG00558.1,KPanRef-075.1	6.65	HG00609.1,HG00609.2	1	1	2	backbone,backbone
HG00609	full-ens	HLA-DRB345	DRB3	gene_exact	HG00558.1,KPanRef-075.1	6.65	HG00609.1,HG00609.2	1	1	2	backbone,backbone
HG00609	full-ens	HLA-DRB345	DRB4	two_field	HG00558.1,KPanRef-075.1	6.65	HG00609.1,HG00609.2	1	1	2	backbone,backbone
HG00609	full-ens	HLA-DRB345	DRB4	g_group	HG00558.1,KPanRef-075.1	6.65	HG00609.1,HG00609.2	1	1	2	backbone,backbone
HG00609	full-ens	HLA-DRB345	DRB4	cds_exact	HG00558.1,KPanRef-075.1	6.65	HG00609.1,HG00609.2	1	1	2	backbone,backbone
HG00609	full-ens	HLA-DRB345	DRB4	gene_exact	HG00558.1,KPanRef-075.1	6.65	HG00609.1,HG00609.2	1	0	1	backbone,backbone
HG00609	full-ens	HLA-DRB345	DRB5	two_field	HG00558.1,KPanRef-075.1	6.65	HG00609.1,HG00609.2	1	1	2	backbone,backbone
HG00609	full-ens	HLA-DRB345	DRB5	g_group	HG00558.1,KPanRef-075.1	6.65	HG00609.1,HG00609.2	1	1	2	backbone,backbone
HG00609	full-ens	HLA-DRB345	DRB5	cds_exact	HG00558.1,KPanRef-075.1	6.65	HG00609.1,HG00609.2	1	1	2	backbone,backbone
HG00609	full-ens	HLA-DRB345	DRB5	gene_exact	HG00558.1,KPanRef-075.1	6.65	HG00609.1,HG00609.2	1	1	2	backbone,backbone
HG00658	full-ens	HLA-A	A	two_field	HG02083.1,HG02083.1	2.29	HG00658.1,HG00658.2	1	1	2	backbone,backbone
HG00658	full-ens	HLA-A	A	g_group	HG02083.1,HG02083.1	2.29	HG00658.1,HG00658.2	1	1	2	backbone,backbone
HG00658	full-ens	HLA-A	A	cds_exact	HG02083.1,HG02083.1	2.29	HG00658.1,HG00658.2	1	1	2	backbone,backbone
HG00658	full-ens	HLA-A	A	gene_exact	HG02083.1,HG02083.1	2.29	HG00658.1,HG00658.2	1	1	2	backbone,backbone
HG00658	full-ens	HLA-B	B	two_field	apr001.1,NA20752.1~B_51-01-02-01	2.69	HG00658.1,HG00658.2	1	1	2	backbone,ipd_near
HG00658	full-ens	HLA-B	B	g_group	apr001.1,NA20752.1~B_51-01-02-01	2.69	HG00658.1,HG00658.2	1	1	2	backbone,ipd_near
HG00658	full-ens	HLA-B	B	cds_exact	apr001.1,NA20752.1~B_51-01-02-01	2.69	HG00658.1,HG00658.2	1	1	2	backbone,ipd_near
HG00658	full-ens	HLA-B	B	gene_exact	apr001.1,NA20752.1~B_51-01-02-01	2.69	HG00658.1,HG00658.2	0	0	0	backbone,ipd_near
HG00658	full-ens	HLA-C	C	two_field	HG03669.2,HIFI032591D.1	3.35	HG00658.1,HG00658.2	1	1	2	backbone,backbone
HG00658	full-ens	HLA-C	C	g_group	HG03669.2,HIFI032591D.1	3.35	HG00658.1,HG00658.2	1	1	2	backbone,backbone
HG00658	full-ens	HLA-C	C	cds_exact	HG03669.2,HIFI032591D.1	3.35	HG00658.1,HG00658.2	1	1	2	backbone,backbone
HG00658	full-ens	HLA-C	C	gene_exact	HG03669.2,HIFI032591D.1	3.35	HG00658.1,HG00658.2	1	1	2	backbone,backbone
HG00658	full-ens	HLA-DP	DPA1	two_field	HG02040.2,RY04.2	8.58	HG00658.1,HG00658.2	1	1	2	backbone,backbone
HG00658	full-ens	HLA-DP	DPA1	g_group	HG02040.2,RY04.2	8.58	HG00658.1,HG00658.2	1	1	2	backbone,backbone
HG00658	full-ens	HLA-DP	DPA1	cds_exact	HG02040.2,RY04.2	8.58	HG00658.1,HG00658.2	1	1	2	backbone,backbone
HG00658	full-ens	HLA-DP	DPA1	gene_exact	HG02040.2,RY04.2	8.58	HG00658.1,HG00658.2	1	1	2	backbone,backbone
HG00658	full-ens	HLA-DP	DPB1	two_field	HG02040.2,RY04.2	8.58	HG00658.1,HG00658.2	1	1	2	backbone,backbone
HG00658	full-ens	HLA-DP	DPB1	g_group	HG02040.2,RY04.2	8.58	HG00658.1,HG00658.2	1	1	2	backbone,backbone
HG00658	full-ens	HLA-DP	DPB1	cds_exact	HG02040.2,RY04.2	8.58	HG00658.1,HG00658.2	1	1	2	backbone,backbone
HG00658	full-ens	HLA-DP	DPB1	gene_exact	HG02040.2,RY04.2	8.58	HG00658.1,HG00658.2	1	0	1	backbone,backbone
HG00658	full-ens	HLA-DQ	DQA1	two_field	HIFI032302D.1,NA18747.1	5.14	HG00658.1,HG00658.2	1	1	2	backbone,backbone
HG00658	full-ens	HLA-DQ	DQA1	g_group	HIFI032302D.1,NA18747.1	5.14	HG00658.1,HG00658.2	1	1	2	backbone,backbone
HG00658	full-ens	HLA-DQ	DQA1	cds_exact	HIFI032302D.1,NA18747.1	5.14	HG00658.1,HG00658.2	1	1	2	backbone,backbone
HG00658	full-ens	HLA-DQ	DQA1	gene_exact	HIFI032302D.1,NA18747.1	5.14	HG00658.1,HG00658.2	1	1	2	backbone,backbone
HG00658	full-ens	HLA-DQ	DQB1	two_field	HIFI032302D.1,NA18747.1	5.14	HG00658.1,HG00658.2	1	1	2	backbone,backbone
HG00658	full-ens	HLA-DQ	DQB1	g_group	HIFI032302D.1,NA18747.1	5.14	HG00658.1,HG00658.2	1	1	2	backbone,backbone
HG00658	full-ens	HLA-DQ	DQB1	cds_exact	HIFI032302D.1,NA18747.1	5.14	HG00658.1,HG00658.2	1	1	2	backbone,backbone
HG00658	full-ens	HLA-DQ	DQB1	gene_exact	HIFI032302D.1,NA18747.1	5.14	HG00658.1,HG00658.2	1	0	1	backbone,backbone
HG00658	full-ens	HLA-DRB1	DRB1	two_field	HIFI032302D.1,NA18952.1~DRB1_14-04-01-01	10.07	HG00658.1,HG00658.2	1	1	2	backbone,ipd_near
HG00658	full-ens	HLA-DRB1	DRB1	g_group	HIFI032302D.1,NA18952.1~DRB1_14-04-01-01	10.07	HG00658.1,HG00658.2	1	1	2	backbone,ipd_near
HG00658	full-ens	HLA-DRB1	DRB1	cds_exact	HIFI032302D.1,NA18952.1~DRB1_14-04-01-01	10.07	HG00658.1,HG00658.2	1	0	1	backbone,ipd_near
HG00658	full-ens	HLA-DRB1	DRB1	gene_exact	HIFI032302D.1,NA18952.1~DRB1_14-04-01-01	10.07	HG00658.1,HG00658.2	0	0	0	backbone,ipd_near
HG00658	full-ens	HLA-DRB345	DRB3	two_field	HIFI032711D.1~DRB3_02-242,HG02165.1~DRB3_02-24-01-01	1.29	HG00658.1,HG00658.2	1	0	0	ipd_near,ipd_near
HG00658	full-ens	HLA-DRB345	DRB3	g_group	HIFI032711D.1~DRB3_02-242,HG02165.1~DRB3_02-24-01-01	1.29	HG00658.1,HG00658.2	1	0	1	ipd_near,ipd_near
HG00658	full-ens	HLA-DRB345	DRB3	cds_exact	HIFI032711D.1~DRB3_02-242,HG02165.1~DRB3_02-24-01-01	1.29	HG00658.1,HG00658.2	1	0	0	ipd_near,ipd_near
HG00658	full-ens	HLA-DRB345	DRB3	gene_exact	HIFI032711D.1~DRB3_02-242,HG02165.1~DRB3_02-24-01-01	1.29	HG00658.1,HG00658.2	0	0	0	ipd_near,ipd_near
HG00658	full-ens	HLA-DRB345	DRB4	two_field	HIFI032711D.1~DRB3_02-242,HG02165.1~DRB3_02-24-01-01	1.29	HG00658.1,HG00658.2	1	1	2	backbone,backbone
HG00658	full-ens	HLA-DRB345	DRB4	g_group	HIFI032711D.1~DRB3_02-242,HG02165.1~DRB3_02-24-01-01	1.29	HG00658.1,HG00658.2	1	1	2	backbone,backbone
HG00658	full-ens	HLA-DRB345	DRB4	cds_exact	HIFI032711D.1~DRB3_02-242,HG02165.1~DRB3_02-24-01-01	1.29	HG00658.1,HG00658.2	1	1	2	backbone,backbone
HG00658	full-ens	HLA-DRB345	DRB4	gene_exact	HIFI032711D.1~DRB3_02-242,HG02165.1~DRB3_02-24-01-01	1.29	HG00658.1,HG00658.2	1	1	2	backbone,backbone
HG00658	full-ens	HLA-DRB345	DRB5	two_field	HIFI032711D.1~DRB3_02-242,HG02165.1~DRB3_02-24-01-01	1.29	HG00658.1,HG00658.2	1	1	2	backbone,backbone
HG00658	full-ens	HLA-DRB345	DRB5	g_group	HIFI032711D.1~DRB3_02-242,HG02165.1~DRB3_02-24-01-01	1.29	HG00658.1,HG00658.2	1	1	2	backbone,backbone
HG00658	full-ens	HLA-DRB345	DRB5	cds_exact	HIFI032711D.1~DRB3_02-242,HG02165.1~DRB3_02-24-01-01	1.29	HG00658.1,HG00658.2	1	1	2	backbone,backbone
HG00658	full-ens	HLA-DRB345	DRB5	gene_exact	HIFI032711D.1~DRB3_02-242,HG02165.1~DRB3_02-24-01-01	1.29	HG00658.1,HG00658.2	1	1	2	backbone,backbone
HG00706	full-ens	HLA-A	A	two_field	HG01943.2,HIFI032161D.1	5.13	HG00706.1,HG00706.2	1	1	2	backbone,backbone
HG00706	full-ens	HLA-A	A	g_group	HG01943.2,HIFI032161D.1	5.13	HG00706.1,HG00706.2	1	1	2	backbone,backbone
HG00706	full-ens	HLA-A	A	cds_exact	HG01943.2,HIFI032161D.1	5.13	HG00706.1,HG00706.2	1	1	2	backbone,backbone
HG00706	full-ens	HLA-A	A	gene_exact	HG01943.2,HIFI032161D.1	5.13	HG00706.1,HG00706.2	1	1	2	backbone,backbone
HG00706	full-ens	HLA-B	B	two_field	HG02155.1,HG02165.1	1.99	HG00706.1,HG00706.2	1	1	2	backbone,backbone
HG00706	full-ens	HLA-B	B	g_group	HG02155.1,HG02165.1	1.99	HG00706.1,HG00706.2	1	1	2	backbone,backbone
HG00706	full-ens	HLA-B	B	cds_exact	HG02155.1,HG02165.1	1.99	HG00706.1,HG00706.2	1	1	2	backbone,backbone
HG00706	full-ens	HLA-B	B	gene_exact	HG02155.1,HG02165.1	1.99	HG00706.1,HG00706.2	1	1	2	backbone,backbone
HG00706	full-ens	HLA-C	C	two_field	HG02155.1,HIFI032069D.2	1.75	HG00706.1,HG00706.2	1	1	2	backbone,backbone
HG00706	full-ens	HLA-C	C	g_group	HG02155.1,HIFI032069D.2	1.75	HG00706.1,HG00706.2	1	1	2	backbone,backbone
HG00706	full-ens	HLA-C	C	cds_exact	HG02155.1,HIFI032069D.2	1.75	HG00706.1,HG00706.2	1	1	2	backbone,backbone
HG00706	full-ens	HLA-C	C	gene_exact	HG02155.1,HIFI032069D.2	1.75	HG00706.1,HG00706.2	1	0	1	backbone,backbone
HG00706	full-ens	HLA-DP	DPA1	two_field	HIFI032453D.2,apr045.2	6.87	HG00706.1,HG00706.2	1	1	2	backbone,backbone
HG00706	full-ens	HLA-DP	DPA1	g_group	HIFI032453D.2,apr045.2	6.87	HG00706.1,HG00706.2	1	1	2	backbone,backbone
HG00706	full-ens	HLA-DP	DPA1	cds_exact	HIFI032453D.2,apr045.2	6.87	HG00706.1,HG00706.2	1	1	2	backbone,backbone
HG00706	full-ens	HLA-DP	DPA1	gene_exact	HIFI032453D.2,apr045.2	6.87	HG00706.1,HG00706.2	1	1	2	backbone,backbone
HG00706	full-ens	HLA-DP	DPB1	two_field	HIFI032453D.2,apr045.2	6.87	HG00706.1,HG00706.2	1	1	2	backbone,backbone
HG00706	full-ens	HLA-DP	DPB1	g_group	HIFI032453D.2,apr045.2	6.87	HG00706.1,HG00706.2	1	1	2	backbone,backbone
HG00706	full-ens	HLA-DP	DPB1	cds_exact	HIFI032453D.2,apr045.2	6.87	HG00706.1,HG00706.2	1	1	2	backbone,backbone
HG00706	full-ens	HLA-DP	DPB1	gene_exact	HIFI032453D.2,apr045.2	6.87	HG00706.1,HG00706.2	1	0	1	backbone,backbone
HG00706	full-ens	HLA-DQ	DQA1	two_field	HG02155.1,apr007.2	3.38	HG00706.1,HG00706.2	1	1	2	backbone,backbone
HG00706	full-ens	HLA-DQ	DQA1	g_group	HG02155.1,apr007.2	3.38	HG00706.1,HG00706.2	1	1	2	backbone,backbone
HG00706	full-ens	HLA-DQ	DQA1	cds_exact	HG02155.1,apr007.2	3.38	HG00706.1,HG00706.2	1	1	2	backbone,backbone
HG00706	full-ens	HLA-DQ	DQA1	gene_exact	HG02155.1,apr007.2	3.38	HG00706.1,HG00706.2	1	0	1	backbone,backbone
HG00706	full-ens	HLA-DQ	DQB1	two_field	HG02155.1,apr007.2	3.38	HG00706.1,HG00706.2	1	1	2	backbone,backbone
HG00706	full-ens	HLA-DQ	DQB1	g_group	HG02155.1,apr007.2	3.38	HG00706.1,HG00706.2	1	1	2	backbone,backbone
HG00706	full-ens	HLA-DQ	DQB1	cds_exact	HG02155.1,apr007.2	3.38	HG00706.1,HG00706.2	1	1	2	backbone,backbone
HG00706	full-ens	HLA-DQ	DQB1	gene_exact	HG02155.1,apr007.2	3.38	HG00706.1,HG00706.2	1	1	2	backbone,backbone
HG00706	full-ens	HLA-DRB1	DRB1	two_field	HIFI032585D.2,NA18959.2	3.01	HG00706.1,HG00706.2	1	1	2	backbone,backbone
HG00706	full-ens	HLA-DRB1	DRB1	g_group	HIFI032585D.2,NA18959.2	3.01	HG00706.1,HG00706.2	1	1	2	backbone,backbone
HG00706	full-ens	HLA-DRB1	DRB1	cds_exact	HIFI032585D.2,NA18959.2	3.01	HG00706.1,HG00706.2	1	1	2	backbone,backbone
HG00706	full-ens	HLA-DRB1	DRB1	gene_exact	HIFI032585D.2,NA18959.2	3.01	HG00706.1,HG00706.2	1	0	0	backbone,backbone
HG00706	full-ens	HLA-DRB345	DRB3	two_field	HG02155.1,HG02698.1	1.72	HG00706.1,HG00706.2	1	1	2	backbone,backbone
HG00706	full-ens	HLA-DRB345	DRB3	g_group	HG02155.1,HG02698.1	1.72	HG00706.1,HG00706.2	1	1	2	backbone,backbone
HG00706	full-ens	HLA-DRB345	DRB3	cds_exact	HG02155.1,HG02698.1	1.72	HG00706.1,HG00706.2	1	1	2	backbone,backbone
HG00706	full-ens	HLA-DRB345	DRB3	gene_exact	HG02155.1,HG02698.1	1.72	HG00706.1,HG00706.2	1	1	2	backbone,backbone
HG00706	full-ens	HLA-DRB345	DRB4	two_field	HG02155.1,HG02698.1	1.72	HG00706.1,HG00706.2	1	1	2	backbone,backbone
HG00706	full-ens	HLA-DRB345	DRB4	g_group	HG02155.1,HG02698.1	1.72	HG00706.1,HG00706.2	1	1	2	backbone,backbone
HG00706	full-ens	HLA-DRB345	DRB4	cds_exact	HG02155.1,HG02698.1	1.72	HG00706.1,HG00706.2	1	1	2	backbone,backbone
HG00706	full-ens	HLA-DRB345	DRB4	gene_exact	HG02155.1,HG02698.1	1.72	HG00706.1,HG00706.2	1	1	2	backbone,backbone
HG00706	full-ens	HLA-DRB345	DRB5	two_field	HG02155.1,HG02698.1	1.72	HG00706.1,HG00706.2	1	1	2	backbone,backbone
HG00706	full-ens	HLA-DRB345	DRB5	g_group	HG02155.1,HG02698.1	1.72	HG00706.1,HG00706.2	1	1	2	backbone,backbone
HG00706	full-ens	HLA-DRB345	DRB5	cds_exact	HG02155.1,HG02698.1	1.72	HG00706.1,HG00706.2	1	1	2	backbone,backbone
HG00706	full-ens	HLA-DRB345	DRB5	gene_exact	HG02155.1,HG02698.1	1.72	HG00706.1,HG00706.2	1	0	1	backbone,backbone
HG02027	full-ens	HLA-A	A	two_field	HG00597.1,HG00673.2	1.9	HG02027.1,HG02027.2	1	1	2	backbone,backbone
HG02027	full-ens	HLA-A	A	g_group	HG00597.1,HG00673.2	1.9	HG02027.1,HG02027.2	1	1	2	backbone,backbone
HG02027	full-ens	HLA-A	A	cds_exact	HG00597.1,HG00673.2	1.9	HG02027.1,HG02027.2	1	1	2	backbone,backbone
HG02027	full-ens	HLA-A	A	gene_exact	HG00597.1,HG00673.2	1.9	HG02027.1,HG02027.2	1	1	2	backbone,backbone
HG02027	full-ens	HLA-B	B	two_field	HIFI032513D.2,HIFI032711D.2	2.47	HG02027.1,HG02027.2	1	1	2	backbone,backbone
HG02027	full-ens	HLA-B	B	g_group	HIFI032513D.2,HIFI032711D.2	2.47	HG02027.1,HG02027.2	1	1	2	backbone,backbone
HG02027	full-ens	HLA-B	B	cds_exact	HIFI032513D.2,HIFI032711D.2	2.47	HG02027.1,HG02027.2	1	1	2	backbone,backbone
HG02027	full-ens	HLA-B	B	gene_exact	HIFI032513D.2,HIFI032711D.2	2.47	HG02027.1,HG02027.2	1	1	2	backbone,backbone
HG02027	full-ens	HLA-C	C	two_field	HIFI032513D.2,HIFI032604D.2	2.88	HG02027.1,HG02027.2	1	1	2	backbone,backbone
HG02027	full-ens	HLA-C	C	g_group	HIFI032513D.2,HIFI032604D.2	2.88	HG02027.1,HG02027.2	1	1	2	backbone,backbone
HG02027	full-ens	HLA-C	C	cds_exact	HIFI032513D.2,HIFI032604D.2	2.88	HG02027.1,HG02027.2	1	1	2	backbone,backbone
HG02027	full-ens	HLA-C	C	gene_exact	HIFI032513D.2,HIFI032604D.2	2.88	HG02027.1,HG02027.2	1	1	2	backbone,backbone
HG02027	full-ens	HLA-DP	DPA1	two_field	HG02083.2,HIFI032167D.1	7.33	HG02027.1,HG02027.2	1	1	2	backbone,backbone
HG02027	full-ens	HLA-DP	DPA1	g_group	HG02083.2,HIFI032167D.1	7.33	HG02027.1,HG02027.2	1	1	2	backbone,backbone
HG02027	full-ens	HLA-DP	DPA1	cds_exact	HG02083.2,HIFI032167D.1	7.33	HG02027.1,HG02027.2	1	1	2	backbone,backbone
HG02027	full-ens	HLA-DP	DPA1	gene_exact	HG02083.2,HIFI032167D.1	7.33	HG02027.1,HG02027.2	1	1	2	backbone,backbone
HG02027	full-ens	HLA-DP	DPB1	two_field	HG02083.2,HIFI032167D.1	7.33	HG02027.1,HG02027.2	1	1	2	backbone,backbone
HG02027	full-ens	HLA-DP	DPB1	g_group	HG02083.2,HIFI032167D.1	7.33	HG02027.1,HG02027.2	1	1	2	backbone,backbone
HG02027	full-ens	HLA-DP	DPB1	cds_exact	HG02083.2,HIFI032167D.1	7.33	HG02027.1,HG02027.2	1	1	2	backbone,backbone
HG02027	full-ens	HLA-DP	DPB1	gene_exact	HG02083.2,HIFI032167D.1	7.33	HG02027.1,HG02027.2	1	0	1	backbone,backbone
HG02027	full-ens	HLA-DQ	DQA1	two_field	HG02514.2,HIFI032682D.1	1.15	HG02027.1,HG02027.2	1	1	2	backbone,backbone
HG02027	full-ens	HLA-DQ	DQA1	g_group	HG02514.2,HIFI032682D.1	1.15	HG02027.1,HG02027.2	1	1	2	backbone,backbone
HG02027	full-ens	HLA-DQ	DQA1	cds_exact	HG02514.2,HIFI032682D.1	1.15	HG02027.1,HG02027.2	1	1	2	backbone,backbone
HG02027	full-ens	HLA-DQ	DQA1	gene_exact	HG02514.2,HIFI032682D.1	1.15	HG02027.1,HG02027.2	1	1	2	backbone,backbone
HG02027	full-ens	HLA-DQ	DQB1	two_field	HG02514.2,HIFI032682D.1	1.15	HG02027.1,HG02027.2	1	1	2	backbone,backbone
HG02027	full-ens	HLA-DQ	DQB1	g_group	HG02514.2,HIFI032682D.1	1.15	HG02027.1,HG02027.2	1	1	2	backbone,backbone
HG02027	full-ens	HLA-DQ	DQB1	cds_exact	HG02514.2,HIFI032682D.1	1.15	HG02027.1,HG02027.2	1	1	2	backbone,backbone
HG02027	full-ens	HLA-DQ	DQB1	gene_exact	HG02514.2,HIFI032682D.1	1.15	HG02027.1,HG02027.2	1	1	2	backbone,backbone
HG02027	full-ens	HLA-DRB1	DRB1	two_field	HIFI032711D.2,HIFI032302D.1~DRB1_08-26	2.93	HG02027.1,HG02027.2	1	0	1	backbone,ipd_near
HG02027	full-ens	HLA-DRB1	DRB1	g_group	HIFI032711D.2,HIFI032302D.1~DRB1_08-26	2.93	HG02027.1,HG02027.2	1	0	1	backbone,ipd_near
HG02027	full-ens	HLA-DRB1	DRB1	cds_exact	HIFI032711D.2,HIFI032302D.1~DRB1_08-26	2.93	HG02027.1,HG02027.2	1	0	1	backbone,ipd_near
HG02027	full-ens	HLA-DRB1	DRB1	gene_exact	HIFI032711D.2,HIFI032302D.1~DRB1_08-26	2.93	HG02027.1,HG02027.2	0	0	1	backbone,ipd_near
HG02027	full-ens	HLA-DRB345	DRB3	two_field	HG02514.2,HIFI032453D.2	2.16	HG02027.1,HG02027.2	1	1	2	backbone,backbone
HG02027	full-ens	HLA-DRB345	DRB3	g_group	HG02514.2,HIFI032453D.2	2.16	HG02027.1,HG02027.2	1	1	2	backbone,backbone
HG02027	full-ens	HLA-DRB345	DRB3	cds_exact	HG02514.2,HIFI032453D.2	2.16	HG02027.1,HG02027.2	1	1	2	backbone,backbone
HG02027	full-ens	HLA-DRB345	DRB3	gene_exact	HG02514.2,HIFI032453D.2	2.16	HG02027.1,HG02027.2	1	0	1	backbone,backbone
HG02027	full-ens	HLA-DRB345	DRB4	two_field	HG02514.2,HIFI032453D.2	2.16	HG02027.1,HG02027.2	1	1	2	backbone,backbone
HG02027	full-ens	HLA-DRB345	DRB4	g_group	HG02514.2,HIFI032453D.2	2.16	HG02027.1,HG02027.2	1	1	2	backbone,backbone
HG02027	full-ens	HLA-DRB345	DRB4	cds_exact	HG02514.2,HIFI032453D.2	2.16	HG02027.1,HG02027.2	1	1	2	backbone,backbone
HG02027	full-ens	HLA-DRB345	DRB4	gene_exact	HG02514.2,HIFI032453D.2	2.16	HG02027.1,HG02027.2	1	1	2	backbone,backbone
HG02027	full-ens	HLA-DRB345	DRB5	two_field	HG02514.2,HIFI032453D.2	2.16	HG02027.1,HG02027.2	1	1	2	backbone,backbone
HG02027	full-ens	HLA-DRB345	DRB5	g_group	HG02514.2,HIFI032453D.2	2.16	HG02027.1,HG02027.2	1	1	2	backbone,backbone
HG02027	full-ens	HLA-DRB345	DRB5	cds_exact	HG02514.2,HIFI032453D.2	2.16	HG02027.1,HG02027.2	1	1	2	backbone,backbone
HG02027	full-ens	HLA-DRB345	DRB5	gene_exact	HG02514.2,HIFI032453D.2	2.16	HG02027.1,HG02027.2	1	1	2	backbone,backbone
HG02074	full-ens	HLA-A	A	two_field	HIFI032069D.1,KPanRef-072.2	4.45	HG02074.1,HG02074.2	1	1	2	backbone,backbone
HG02074	full-ens	HLA-A	A	g_group	HIFI032069D.1,KPanRef-072.2	4.45	HG02074.1,HG02074.2	1	1	2	backbone,backbone
HG02074	full-ens	HLA-A	A	cds_exact	HIFI032069D.1,KPanRef-072.2	4.45	HG02074.1,HG02074.2	1	1	2	backbone,backbone
HG02074	full-ens	HLA-A	A	gene_exact	HIFI032069D.1,KPanRef-072.2	4.45	HG02074.1,HG02074.2	1	1	2	backbone,backbone
HG02074	full-ens	HLA-B	B	two_field	HG02071.1,HIFI032164D.2	2.1	HG02074.1,HG02074.2	1	1	2	backbone,backbone
HG02074	full-ens	HLA-B	B	g_group	HG02071.1,HIFI032164D.2	2.1	HG02074.1,HG02074.2	1	1	2	backbone,backbone
HG02074	full-ens	HLA-B	B	cds_exact	HG02071.1,HIFI032164D.2	2.1	HG02074.1,HG02074.2	1	1	2	backbone,backbone
HG02074	full-ens	HLA-B	B	gene_exact	HG02071.1,HIFI032164D.2	2.1	HG02074.1,HG02074.2	1	1	2	backbone,backbone
HG02074	full-ens	HLA-C	C	two_field	HG00272.1,HG00423.1	2.81	HG02074.1,HG02074.2	1	1	2	backbone,backbone
HG02074	full-ens	HLA-C	C	g_group	HG00272.1,HG00423.1	2.81	HG02074.1,HG02074.2	1	1	2	backbone,backbone
HG02074	full-ens	HLA-C	C	cds_exact	HG00272.1,HG00423.1	2.81	HG02074.1,HG02074.2	1	1	2	backbone,backbone
HG02074	full-ens	HLA-C	C	gene_exact	HG00272.1,HG00423.1	2.81	HG02074.1,HG02074.2	1	1	2	backbone,backbone
HG02074	full-ens	HLA-DP	DPA1	two_field	HG02165.2,HIFI032302D.1	6.85	HG02074.1,HG02074.2	1	1	2	backbone,backbone
HG02074	full-ens	HLA-DP	DPA1	g_group	HG02165.2,HIFI032302D.1	6.85	HG02074.1,HG02074.2	1	1	2	backbone,backbone
HG02074	full-ens	HLA-DP	DPA1	cds_exact	HG02165.2,HIFI032302D.1	6.85	HG02074.1,HG02074.2	1	1	2	backbone,backbone
HG02074	full-ens	HLA-DP	DPA1	gene_exact	HG02165.2,HIFI032302D.1	6.85	HG02074.1,HG02074.2	1	1	2	backbone,backbone
HG02074	full-ens	HLA-DP	DPB1	two_field	HG02165.2,HIFI032302D.1	6.85	HG02074.1,HG02074.2	1	1	2	backbone,backbone
HG02074	full-ens	HLA-DP	DPB1	g_group	HG02165.2,HIFI032302D.1	6.85	HG02074.1,HG02074.2	1	1	2	backbone,backbone
HG02074	full-ens	HLA-DP	DPB1	cds_exact	HG02165.2,HIFI032302D.1	6.85	HG02074.1,HG02074.2	1	1	2	backbone,backbone
HG02074	full-ens	HLA-DP	DPB1	gene_exact	HG02165.2,HIFI032302D.1	6.85	HG02074.1,HG02074.2	1	1	2	backbone,backbone
HG02074	full-ens	HLA-DQ	DQA1	two_field	HG00423.1,HG02165.2	2.44	HG02074.1,HG02074.2	1	1	2	backbone,backbone
HG02074	full-ens	HLA-DQ	DQA1	g_group	HG00423.1,HG02165.2	2.44	HG02074.1,HG02074.2	1	1	2	backbone,backbone
HG02074	full-ens	HLA-DQ	DQA1	cds_exact	HG00423.1,HG02165.2	2.44	HG02074.1,HG02074.2	1	1	2	backbone,backbone
HG02074	full-ens	HLA-DQ	DQA1	gene_exact	HG00423.1,HG02165.2	2.44	HG02074.1,HG02074.2	1	1	2	backbone,backbone
HG02074	full-ens	HLA-DQ	DQB1	two_field	HG00423.1,HG02165.2	2.44	HG02074.1,HG02074.2	1	1	2	backbone,backbone
HG02074	full-ens	HLA-DQ	DQB1	g_group	HG00423.1,HG02165.2	2.44	HG02074.1,HG02074.2	1	1	2	backbone,backbone
HG02074	full-ens	HLA-DQ	DQB1	cds_exact	HG00423.1,HG02165.2	2.44	HG02074.1,HG02074.2	1	1	2	backbone,backbone
HG02074	full-ens	HLA-DQ	DQB1	gene_exact	HG00423.1,HG02165.2	2.44	HG02074.1,HG02074.2	1	1	2	backbone,backbone
HG02074	full-ens	HLA-DRB1	DRB1	two_field	HG01261.1,HG02165.1	2.77	HG02074.1,HG02074.2	1	1	2	backbone,backbone
HG02074	full-ens	HLA-DRB1	DRB1	g_group	HG01261.1,HG02165.1	2.77	HG02074.1,HG02074.2	1	1	2	backbone,backbone
HG02074	full-ens	HLA-DRB1	DRB1	cds_exact	HG01261.1,HG02165.1	2.77	HG02074.1,HG02074.2	1	1	2	backbone,backbone
HG02074	full-ens	HLA-DRB1	DRB1	gene_exact	HG01261.1,HG02165.1	2.77	HG02074.1,HG02074.2	1	0	1	backbone,backbone
HG02074	full-ens	HLA-DRB345	DRB3	two_field	HG00408.1,KPanRef-072.2	5.0	HG02074.1,HG02074.2	1	1	2	backbone,backbone
HG02074	full-ens	HLA-DRB345	DRB3	g_group	HG00408.1,KPanRef-072.2	5.0	HG02074.1,HG02074.2	1	1	2	backbone,backbone
HG02074	full-ens	HLA-DRB345	DRB3	cds_exact	HG00408.1,KPanRef-072.2	5.0	HG02074.1,HG02074.2	1	1	2	backbone,backbone
HG02074	full-ens	HLA-DRB345	DRB3	gene_exact	HG00408.1,KPanRef-072.2	5.0	HG02074.1,HG02074.2	1	1	2	backbone,backbone
HG02074	full-ens	HLA-DRB345	DRB4	two_field	HG00408.1,KPanRef-072.2	5.0	HG02074.1,HG02074.2	1	1	2	backbone,backbone
HG02074	full-ens	HLA-DRB345	DRB4	g_group	HG00408.1,KPanRef-072.2	5.0	HG02074.1,HG02074.2	1	1	2	backbone,backbone
HG02074	full-ens	HLA-DRB345	DRB4	cds_exact	HG00408.1,KPanRef-072.2	5.0	HG02074.1,HG02074.2	1	1	2	backbone,backbone
HG02074	full-ens	HLA-DRB345	DRB4	gene_exact	HG00408.1,KPanRef-072.2	5.0	HG02074.1,HG02074.2	1	1	2	backbone,backbone
HG02074	full-ens	HLA-DRB345	DRB5	two_field	HG00408.1,KPanRef-072.2	5.0	HG02074.1,HG02074.2	1	1	2	backbone,backbone
HG02074	full-ens	HLA-DRB345	DRB5	g_group	HG00408.1,KPanRef-072.2	5.0	HG02074.1,HG02074.2	1	1	2	backbone,backbone
HG02074	full-ens	HLA-DRB345	DRB5	cds_exact	HG00408.1,KPanRef-072.2	5.0	HG02074.1,HG02074.2	1	1	2	backbone,backbone
HG02074	full-ens	HLA-DRB345	DRB5	gene_exact	HG00408.1,KPanRef-072.2	5.0	HG02074.1,HG02074.2	1	1	2	backbone,backbone
HG02132	full-ens	HLA-A	A	two_field	HG02040.1,NA20806.2	3.85	HG02132.1,HG02132.2	1	1	2	backbone,backbone
HG02132	full-ens	HLA-A	A	g_group	HG02040.1,NA20806.2	3.85	HG02132.1,HG02132.2	1	1	2	backbone,backbone
HG02132	full-ens	HLA-A	A	cds_exact	HG02040.1,NA20806.2	3.85	HG02132.1,HG02132.2	1	1	2	backbone,backbone
HG02132	full-ens	HLA-A	A	gene_exact	HG02040.1,NA20806.2	3.85	HG02132.1,HG02132.2	1	1	2	backbone,backbone
HG02132	full-ens	HLA-B	B	two_field	HIFI032422D.1,apr035.1~B_55-02-01-01	2.66	HG02132.1,HG02132.2	1	1	2	backbone,ipd_near
HG02132	full-ens	HLA-B	B	g_group	HIFI032422D.1,apr035.1~B_55-02-01-01	2.66	HG02132.1,HG02132.2	1	1	2	backbone,ipd_near
HG02132	full-ens	HLA-B	B	cds_exact	HIFI032422D.1,apr035.1~B_55-02-01-01	2.66	HG02132.1,HG02132.2	1	1	2	backbone,ipd_near
HG02132	full-ens	HLA-B	B	gene_exact	HIFI032422D.1,apr035.1~B_55-02-01-01	2.66	HG02132.1,HG02132.2	0	0	1	backbone,ipd_near
HG02132	full-ens	HLA-C	C	two_field	HIFI032289D.1,HIFI032422D.2	2.01	HG02132.1,HG02132.2	1	1	2	backbone,backbone
HG02132	full-ens	HLA-C	C	g_group	HIFI032289D.1,HIFI032422D.2	2.01	HG02132.1,HG02132.2	1	1	2	backbone,backbone
HG02132	full-ens	HLA-C	C	cds_exact	HIFI032289D.1,HIFI032422D.2	2.01	HG02132.1,HG02132.2	1	1	2	backbone,backbone
HG02132	full-ens	HLA-C	C	gene_exact	HIFI032289D.1,HIFI032422D.2	2.01	HG02132.1,HG02132.2	1	1	2	backbone,backbone
HG02132	full-ens	HLA-DP	DPA1	two_field	HG00673.2,HIFI032349D.2	2.37	HG02132.1,HG02132.2	1	1	2	backbone,backbone
HG02132	full-ens	HLA-DP	DPA1	g_group	HG00673.2,HIFI032349D.2	2.37	HG02132.1,HG02132.2	1	1	2	backbone,backbone
HG02132	full-ens	HLA-DP	DPA1	cds_exact	HG00673.2,HIFI032349D.2	2.37	HG02132.1,HG02132.2	1	1	2	backbone,backbone
HG02132	full-ens	HLA-DP	DPA1	gene_exact	HG00673.2,HIFI032349D.2	2.37	HG02132.1,HG02132.2	1	0	1	backbone,backbone
HG02132	full-ens	HLA-DP	DPB1	two_field	HG00673.2,HIFI032349D.2	2.37	HG02132.1,HG02132.2	1	1	2	backbone,backbone
HG02132	full-ens	HLA-DP	DPB1	g_group	HG00673.2,HIFI032349D.2	2.37	HG02132.1,HG02132.2	1	1	2	backbone,backbone
HG02132	full-ens	HLA-DP	DPB1	cds_exact	HG00673.2,HIFI032349D.2	2.37	HG02132.1,HG02132.2	1	1	2	backbone,backbone
HG02132	full-ens	HLA-DP	DPB1	gene_exact	HG00673.2,HIFI032349D.2	2.37	HG02132.1,HG02132.2	1	0	1	backbone,backbone
HG02132	full-ens	HLA-DQ	DQA1	two_field	NA18960.2,HIFI032420D.1~DQA1_03-60	5.51	HG02132.1,HG02132.2	1	0	1	backbone,ipd_near
HG02132	full-ens	HLA-DQ	DQA1	g_group	NA18960.2,HIFI032420D.1~DQA1_03-60	5.51	HG02132.1,HG02132.2	1	1	2	backbone,ipd_near
HG02132	full-ens	HLA-DQ	DQA1	cds_exact	NA18960.2,HIFI032420D.1~DQA1_03-60	5.51	HG02132.1,HG02132.2	1	0	1	backbone,ipd_near
HG02132	full-ens	HLA-DQ	DQA1	gene_exact	NA18960.2,HIFI032420D.1~DQA1_03-60	5.51	HG02132.1,HG02132.2	0	0	1	backbone,ipd_near
HG02132	full-ens	HLA-DQ	DQB1	two_field	NA18960.2,HIFI032420D.1~DQA1_03-60	5.51	HG02132.1,HG02132.2	1	1	2	backbone,backbone
HG02132	full-ens	HLA-DQ	DQB1	g_group	NA18960.2,HIFI032420D.1~DQA1_03-60	5.51	HG02132.1,HG02132.2	1	1	2	backbone,backbone
HG02132	full-ens	HLA-DQ	DQB1	cds_exact	NA18960.2,HIFI032420D.1~DQA1_03-60	5.51	HG02132.1,HG02132.2	1	1	2	backbone,backbone
HG02132	full-ens	HLA-DQ	DQB1	gene_exact	NA18960.2,HIFI032420D.1~DQA1_03-60	5.51	HG02132.1,HG02132.2	1	1	2	backbone,backbone
HG02132	full-ens	HLA-DRB1	DRB1	two_field	HG01261.1,HIFI032501D.1	1.45	HG02132.1,HG02132.2	1	1	2	backbone,backbone
HG02132	full-ens	HLA-DRB1	DRB1	g_group	HG01261.1,HIFI032501D.1	1.45	HG02132.1,HG02132.2	1	1	2	backbone,backbone
HG02132	full-ens	HLA-DRB1	DRB1	cds_exact	HG01261.1,HIFI032501D.1	1.45	HG02132.1,HG02132.2	1	1	2	backbone,backbone
HG02132	full-ens	HLA-DRB1	DRB1	gene_exact	HG01261.1,HIFI032501D.1	1.45	HG02132.1,HG02132.2	1	0	0	backbone,backbone
HG02132	full-ens	HLA-DRB345	DRB3	two_field	HG005.2,HIFI032349D.1~DRB4_01-173	0.78	HG02132.1,HG02132.2	1	1	2	backbone,backbone
HG02132	full-ens	HLA-DRB345	DRB3	g_group	HG005.2,HIFI032349D.1~DRB4_01-173	0.78	HG02132.1,HG02132.2	1	1	2	backbone,backbone
HG02132	full-ens	HLA-DRB345	DRB3	cds_exact	HG005.2,HIFI032349D.1~DRB4_01-173	0.78	HG02132.1,HG02132.2	1	1	2	backbone,backbone
HG02132	full-ens	HLA-DRB345	DRB3	gene_exact	HG005.2,HIFI032349D.1~DRB4_01-173	0.78	HG02132.1,HG02132.2	1	1	2	backbone,backbone
HG02132	full-ens	HLA-DRB345	DRB4	two_field	HG005.2,HIFI032349D.1~DRB4_01-173	0.78	HG02132.1,HG02132.2	1	0	1	backbone,ipd_near
HG02132	full-ens	HLA-DRB345	DRB4	g_group	HG005.2,HIFI032349D.1~DRB4_01-173	0.78	HG02132.1,HG02132.2	1	1	2	backbone,ipd_near
HG02132	full-ens	HLA-DRB345	DRB4	cds_exact	HG005.2,HIFI032349D.1~DRB4_01-173	0.78	HG02132.1,HG02132.2	1	0	1	backbone,ipd_near
HG02132	full-ens	HLA-DRB345	DRB4	gene_exact	HG005.2,HIFI032349D.1~DRB4_01-173	0.78	HG02132.1,HG02132.2	0	0	0	backbone,ipd_near
HG02132	full-ens	HLA-DRB345	DRB5	two_field	HG005.2,HIFI032349D.1~DRB4_01-173	0.78	HG02132.1,HG02132.2	1	1	2	backbone,backbone
HG02132	full-ens	HLA-DRB345	DRB5	g_group	HG005.2,HIFI032349D.1~DRB4_01-173	0.78	HG02132.1,HG02132.2	1	1	2	backbone,backbone
HG02132	full-ens	HLA-DRB345	DRB5	cds_exact	HG005.2,HIFI032349D.1~DRB4_01-173	0.78	HG02132.1,HG02132.2	1	1	2	backbone,backbone
HG02132	full-ens	HLA-DRB345	DRB5	gene_exact	HG005.2,HIFI032349D.1~DRB4_01-173	0.78	HG02132.1,HG02132.2	1	1	2	backbone,backbone
HG02155	full-ens	HLA-A	A	two_field	HG00344.1,HG00658.1	5.11	HG02155.1,HG02155.2	1	1	2	backbone,backbone
HG02155	full-ens	HLA-A	A	g_group	HG00344.1,HG00658.1	5.11	HG02155.1,HG02155.2	1	1	2	backbone,backbone
HG02155	full-ens	HLA-A	A	cds_exact	HG00344.1,HG00658.1	5.11	HG02155.1,HG02155.2	1	1	2	backbone,backbone
HG02155	full-ens	HLA-A	A	gene_exact	HG00344.1,HG00658.1	5.11	HG02155.1,HG02155.2	1	0	1	backbone,backbone
HG02155	full-ens	HLA-B	B	two_field	HG00706.1,HG01952.2	1.89	HG02155.1,HG02155.2	1	1	2	backbone,backbone
HG02155	full-ens	HLA-B	B	g_group	HG00706.1,HG01952.2	1.89	HG02155.1,HG02155.2	1	1	2	backbone,backbone
HG02155	full-ens	HLA-B	B	cds_exact	HG00706.1,HG01952.2	1.89	HG02155.1,HG02155.2	1	1	2	backbone,backbone
HG02155	full-ens	HLA-B	B	gene_exact	HG00706.1,HG01952.2	1.89	HG02155.1,HG02155.2	1	1	2	backbone,backbone
HG02155	full-ens	HLA-C	C	two_field	HG01123.1,RY01.1	4.5	HG02155.1,HG02155.2	1	1	2	backbone,backbone
HG02155	full-ens	HLA-C	C	g_group	HG01123.1,RY01.1	4.5	HG02155.1,HG02155.2	1	1	2	backbone,backbone
HG02155	full-ens	HLA-C	C	cds_exact	HG01123.1,RY01.1	4.5	HG02155.1,HG02155.2	1	1	2	backbone,backbone
HG02155	full-ens	HLA-C	C	gene_exact	HG01123.1,RY01.1	4.5	HG02155.1,HG02155.2	1	1	2	backbone,backbone
HG02155	full-ens	HLA-DP	DPA1	two_field	HG02523.2,NA18620.1	3.01	HG02155.1,HG02155.2	1	1	2	backbone,backbone
HG02155	full-ens	HLA-DP	DPA1	g_group	HG02523.2,NA18620.1	3.01	HG02155.1,HG02155.2	1	1	2	backbone,backbone
HG02155	full-ens	HLA-DP	DPA1	cds_exact	HG02523.2,NA18620.1	3.01	HG02155.1,HG02155.2	1	1	2	backbone,backbone
HG02155	full-ens	HLA-DP	DPA1	gene_exact	HG02523.2,NA18620.1	3.01	HG02155.1,HG02155.2	1	0	1	backbone,backbone
HG02155	full-ens	HLA-DP	DPB1	two_field	HG02523.2,NA18620.1	3.01	HG02155.1,HG02155.2	1	1	2	backbone,backbone
HG02155	full-ens	HLA-DP	DPB1	g_group	HG02523.2,NA18620.1	3.01	HG02155.1,HG02155.2	1	1	2	backbone,backbone
HG02155	full-ens	HLA-DP	DPB1	cds_exact	HG02523.2,NA18620.1	3.01	HG02155.1,HG02155.2	1	1	2	backbone,backbone
HG02155	full-ens	HLA-DP	DPB1	gene_exact	HG02523.2,NA18620.1	3.01	HG02155.1,HG02155.2	1	1	2	backbone,backbone
HG02155	full-ens	HLA-DQ	DQA1	two_field	HG00706.1,HG00706.1	3.32	HG02155.1,HG02155.2	1	1	2	backbone,backbone
HG02155	full-ens	HLA-DQ	DQA1	g_group	HG00706.1,HG00706.1	3.32	HG02155.1,HG02155.2	1	1	2	backbone,backbone
HG02155	full-ens	HLA-DQ	DQA1	cds_exact	HG00706.1,HG00706.1	3.32	HG02155.1,HG02155.2	1	1	2	backbone,backbone
HG02155	full-ens	HLA-DQ	DQA1	gene_exact	HG00706.1,HG00706.1	3.32	HG02155.1,HG02155.2	1	1	2	backbone,backbone
HG02155	full-ens	HLA-DQ	DQB1	two_field	HG00706.1,HG00706.1	3.32	HG02155.1,HG02155.2	1	1	2	backbone,backbone
HG02155	full-ens	HLA-DQ	DQB1	g_group	HG00706.1,HG00706.1	3.32	HG02155.1,HG02155.2	1	1	2	backbone,backbone
HG02155	full-ens	HLA-DQ	DQB1	cds_exact	HG00706.1,HG00706.1	3.32	HG02155.1,HG02155.2	1	1	2	backbone,backbone
HG02155	full-ens	HLA-DQ	DQB1	gene_exact	HG00706.1,HG00706.1	3.32	HG02155.1,HG02155.2	1	1	2	backbone,backbone
HG02155	full-ens	HLA-DRB1	DRB1	two_field	HIFI032585D.2,apr040.1	1.66	HG02155.1,HG02155.2	1	1	2	backbone,backbone
HG02155	full-ens	HLA-DRB1	DRB1	g_group	HIFI032585D.2,apr040.1	1.66	HG02155.1,HG02155.2	1	1	2	backbone,backbone
HG02155	full-ens	HLA-DRB1	DRB1	cds_exact	HIFI032585D.2,apr040.1	1.66	HG02155.1,HG02155.2	1	1	2	backbone,backbone
HG02155	full-ens	HLA-DRB1	DRB1	gene_exact	HIFI032585D.2,apr040.1	1.66	HG02155.1,HG02155.2	1	0	0	backbone,backbone
HG02155	full-ens	HLA-DRB345	DRB3	two_field	HG02391.1,HIFI032097D.2	9.13	HG02155.1,HG02155.2	1	1	2	backbone,backbone
HG02155	full-ens	HLA-DRB345	DRB3	g_group	HG02391.1,HIFI032097D.2	9.13	HG02155.1,HG02155.2	1	1	2	backbone,backbone
HG02155	full-ens	HLA-DRB345	DRB3	cds_exact	HG02391.1,HIFI032097D.2	9.13	HG02155.1,HG02155.2	1	1	2	backbone,backbone
HG02155	full-ens	HLA-DRB345	DRB3	gene_exact	HG02391.1,HIFI032097D.2	9.13	HG02155.1,HG02155.2	1	1	2	backbone,backbone
HG02155	full-ens	HLA-DRB345	DRB4	two_field	HG02391.1,HIFI032097D.2	9.13	HG02155.1,HG02155.2	1	1	2	backbone,backbone
HG02155	full-ens	HLA-DRB345	DRB4	g_group	HG02391.1,HIFI032097D.2	9.13	HG02155.1,HG02155.2	1	1	2	backbone,backbone
HG02155	full-ens	HLA-DRB345	DRB4	cds_exact	HG02391.1,HIFI032097D.2	9.13	HG02155.1,HG02155.2	1	1	2	backbone,backbone
HG02155	full-ens	HLA-DRB345	DRB4	gene_exact	HG02391.1,HIFI032097D.2	9.13	HG02155.1,HG02155.2	1	1	2	backbone,backbone
HG02155	full-ens	HLA-DRB345	DRB5	two_field	HG02391.1,HIFI032097D.2	9.13	HG02155.1,HG02155.2	1	1	2	backbone,backbone
HG02155	full-ens	HLA-DRB345	DRB5	g_group	HG02391.1,HIFI032097D.2	9.13	HG02155.1,HG02155.2	1	1	2	backbone,backbone
HG02155	full-ens	HLA-DRB345	DRB5	cds_exact	HG02391.1,HIFI032097D.2	9.13	HG02155.1,HG02155.2	1	1	2	backbone,backbone
HG02155	full-ens	HLA-DRB345	DRB5	gene_exact	HG02391.1,HIFI032097D.2	9.13	HG02155.1,HG02155.2	1	1	2	backbone,backbone
HG02165	full-ens	HLA-A	A	two_field	HG00408.2,HG02178.1	5.41	HG02165.1,HG02165.2	1	1	2	backbone,backbone
HG02165	full-ens	HLA-A	A	g_group	HG00408.2,HG02178.1	5.41	HG02165.1,HG02165.2	1	1	2	backbone,backbone
HG02165	full-ens	HLA-A	A	cds_exact	HG00408.2,HG02178.1	5.41	HG02165.1,HG02165.2	1	1	2	backbone,backbone
HG02165	full-ens	HLA-A	A	gene_exact	HG00408.2,HG02178.1	5.41	HG02165.1,HG02165.2	1	1	2	backbone,backbone
HG02165	full-ens	HLA-B	B	two_field	HG00706.2,HIFI032164D.2	2.02	HG02165.1,HG02165.2	1	1	2	backbone,backbone
HG02165	full-ens	HLA-B	B	g_group	HG00706.2,HIFI032164D.2	2.02	HG02165.1,HG02165.2	1	1	2	backbone,backbone
HG02165	full-ens	HLA-B	B	cds_exact	HG00706.2,HIFI032164D.2	2.02	HG02165.1,HG02165.2	1	1	2	backbone,backbone
HG02165	full-ens	HLA-B	B	gene_exact	HG00706.2,HIFI032164D.2	2.02	HG02165.1,HG02165.2	1	1	2	backbone,backbone
HG02165	full-ens	HLA-C	C	two_field	HG00423.1,HIFI032510D.2	2.24	HG02165.1,HG02165.2	1	1	2	backbone,backbone
HG02165	full-ens	HLA-C	C	g_group	HG00423.1,HIFI032510D.2	2.24	HG02165.1,HG02165.2	1	1	2	backbone,backbone
HG02165	full-ens	HLA-C	C	cds_exact	HG00423.1,HIFI032510D.2	2.24	HG02165.1,HG02165.2	1	1	2	backbone,backbone
HG02165	full-ens	HLA-C	C	gene_exact	HG00423.1,HIFI032510D.2	2.24	HG02165.1,HG02165.2	1	1	2	backbone,backbone
HG02165	full-ens	HLA-DP	DPA1	two_field	HG02523.2,RY08.2	8.17	HG02165.1,HG02165.2	1	1	2	backbone,backbone
HG02165	full-ens	HLA-DP	DPA1	g_group	HG02523.2,RY08.2	8.17	HG02165.1,HG02165.2	1	1	2	backbone,backbone
HG02165	full-ens	HLA-DP	DPA1	cds_exact	HG02523.2,RY08.2	8.17	HG02165.1,HG02165.2	1	1	2	backbone,backbone
HG02165	full-ens	HLA-DP	DPA1	gene_exact	HG02523.2,RY08.2	8.17	HG02165.1,HG02165.2	1	1	2	backbone,backbone
HG02165	full-ens	HLA-DP	DPB1	two_field	HG02523.2,RY08.2	8.17	HG02165.1,HG02165.2	1	1	2	backbone,backbone
HG02165	full-ens	HLA-DP	DPB1	g_group	HG02523.2,RY08.2	8.17	HG02165.1,HG02165.2	1	1	2	backbone,backbone
HG02165	full-ens	HLA-DP	DPB1	cds_exact	HG02523.2,RY08.2	8.17	HG02165.1,HG02165.2	1	1	2	backbone,backbone
HG02165	full-ens	HLA-DP	DPB1	gene_exact	HG02523.2,RY08.2	8.17	HG02165.1,HG02165.2	1	0	0	backbone,backbone
HG02165	full-ens	HLA-DQ	DQA1	two_field	HG00408.1,HG02074.1	3.11	HG02165.1,HG02165.2	1	1	2	backbone,backbone
HG02165	full-ens	HLA-DQ	DQA1	g_group	HG00408.1,HG02074.1	3.11	HG02165.1,HG02165.2	1	1	2	backbone,backbone
HG02165	full-ens	HLA-DQ	DQA1	cds_exact	HG00408.1,HG02074.1	3.11	HG02165.1,HG02165.2	1	1	2	backbone,backbone
HG02165	full-ens	HLA-DQ	DQA1	gene_exact	HG00408.1,HG02074.1	3.11	HG02165.1,HG02165.2	1	1	2	backbone,backbone
HG02165	full-ens	HLA-DQ	DQB1	two_field	HG00408.1,HG02074.1	3.11	HG02165.1,HG02165.2	1	1	2	backbone,backbone
HG02165	full-ens	HLA-DQ	DQB1	g_group	HG00408.1,HG02074.1	3.11	HG02165.1,HG02165.2	1	1	2	backbone,backbone
HG02165	full-ens	HLA-DQ	DQB1	cds_exact	HG00408.1,HG02074.1	3.11	HG02165.1,HG02165.2	1	1	2	backbone,backbone
HG02165	full-ens	HLA-DQ	DQB1	gene_exact	HG00408.1,HG02074.1	3.11	HG02165.1,HG02165.2	1	1	2	backbone,backbone
HG02165	full-ens	HLA-DRB1	DRB1	two_field	HG02074.1,HIFI032302D.1~DRB1_08-26	8.58	HG02165.1,HG02165.2	1	0	1	backbone,ipd_near
HG02165	full-ens	HLA-DRB1	DRB1	g_group	HG02074.1,HIFI032302D.1~DRB1_08-26	8.58	HG02165.1,HG02165.2	1	0	1	backbone,ipd_near
HG02165	full-ens	HLA-DRB1	DRB1	cds_exact	HG02074.1,HIFI032302D.1~DRB1_08-26	8.58	HG02165.1,HG02165.2	1	0	1	backbone,ipd_near
HG02165	full-ens	HLA-DRB1	DRB1	gene_exact	HG02074.1,HIFI032302D.1~DRB1_08-26	8.58	HG02165.1,HG02165.2	0	0	1	backbone,ipd_near
HG02165	full-ens	HLA-DRB345	DRB3	two_field	HG00408.1~DRB3_02-178,HG00658.2~DRB3_02-24-01-01	1.56	HG02165.1,HG02165.2	1	0	0	ipd_near,ipd_near
HG02165	full-ens	HLA-DRB345	DRB3	g_group	HG00408.1~DRB3_02-178,HG00658.2~DRB3_02-24-01-01	1.56	HG02165.1,HG02165.2	1	0	1	ipd_near,ipd_near
HG02165	full-ens	HLA-DRB345	DRB3	cds_exact	HG00408.1~DRB3_02-178,HG00658.2~DRB3_02-24-01-01	1.56	HG02165.1,HG02165.2	1	0	0	ipd_near,ipd_near
HG02165	full-ens	HLA-DRB345	DRB3	gene_exact	HG00408.1~DRB3_02-178,HG00658.2~DRB3_02-24-01-01	1.56	HG02165.1,HG02165.2	0	0	0	ipd_near,ipd_near
HG02165	full-ens	HLA-DRB345	DRB4	two_field	HG00408.1~DRB3_02-178,HG00658.2~DRB3_02-24-01-01	1.56	HG02165.1,HG02165.2	1	1	2	backbone,backbone
HG02165	full-ens	HLA-DRB345	DRB4	g_group	HG00408.1~DRB3_02-178,HG00658.2~DRB3_02-24-01-01	1.56	HG02165.1,HG02165.2	1	1	2	backbone,backbone
HG02165	full-ens	HLA-DRB345	DRB4	cds_exact	HG00408.1~DRB3_02-178,HG00658.2~DRB3_02-24-01-01	1.56	HG02165.1,HG02165.2	1	1	2	backbone,backbone
HG02165	full-ens	HLA-DRB345	DRB4	gene_exact	HG00408.1~DRB3_02-178,HG00658.2~DRB3_02-24-01-01	1.56	HG02165.1,HG02165.2	1	1	2	backbone,backbone
HG02165	full-ens	HLA-DRB345	DRB5	two_field	HG00408.1~DRB3_02-178,HG00658.2~DRB3_02-24-01-01	1.56	HG02165.1,HG02165.2	1	1	2	backbone,backbone
HG02165	full-ens	HLA-DRB345	DRB5	g_group	HG00408.1~DRB3_02-178,HG00658.2~DRB3_02-24-01-01	1.56	HG02165.1,HG02165.2	1	1	2	backbone,backbone
HG02165	full-ens	HLA-DRB345	DRB5	cds_exact	HG00408.1~DRB3_02-178,HG00658.2~DRB3_02-24-01-01	1.56	HG02165.1,HG02165.2	1	1	2	backbone,backbone
HG02165	full-ens	HLA-DRB345	DRB5	gene_exact	HG00408.1~DRB3_02-178,HG00658.2~DRB3_02-24-01-01	1.56	HG02165.1,HG02165.2	1	1	2	backbone,backbone
HG02178	full-ens	HLA-A	A	two_field	HG02165.1,HIFI032161D.2	2.84	HG02178.1,HG02178.2	1	1	2	backbone,backbone
HG02178	full-ens	HLA-A	A	g_group	HG02165.1,HIFI032161D.2	2.84	HG02178.1,HG02178.2	1	1	2	backbone,backbone
HG02178	full-ens	HLA-A	A	cds_exact	HG02165.1,HIFI032161D.2	2.84	HG02178.1,HG02178.2	1	1	2	backbone,backbone
HG02178	full-ens	HLA-A	A	gene_exact	HG02165.1,HIFI032161D.2	2.84	HG02178.1,HG02178.2	1	1	2	backbone,backbone
HG02178	full-ens	HLA-B	B	two_field	HIFI032501D.2,HIFI032711D.1	3.04	HG02178.1,HG02178.2	1	1	2	backbone,backbone
HG02178	full-ens	HLA-B	B	g_group	HIFI032501D.2,HIFI032711D.1	3.04	HG02178.1,HG02178.2	1	1	2	backbone,backbone
HG02178	full-ens	HLA-B	B	cds_exact	HIFI032501D.2,HIFI032711D.1	3.04	HG02178.1,HG02178.2	1	1	2	backbone,backbone
HG02178	full-ens	HLA-B	B	gene_exact	HIFI032501D.2,HIFI032711D.1	3.04	HG02178.1,HG02178.2	1	1	2	backbone,backbone
HG02178	full-ens	HLA-C	C	two_field	HG01940.1,HIFI032373D.1	2.97	HG02178.1,HG02178.2	1	1	2	backbone,backbone
HG02178	full-ens	HLA-C	C	g_group	HG01940.1,HIFI032373D.1	2.97	HG02178.1,HG02178.2	1	1	2	backbone,backbone
HG02178	full-ens	HLA-C	C	cds_exact	HG01940.1,HIFI032373D.1	2.97	HG02178.1,HG02178.2	1	1	2	backbone,backbone
HG02178	full-ens	HLA-C	C	gene_exact	HG01940.1,HIFI032373D.1	2.97	HG02178.1,HG02178.2	1	1	2	backbone,backbone
HG02178	full-ens	HLA-DP	DPA1	two_field	HG02015.2,HG02392.1	2.25	HG02178.1,HG02178.2	1	1	2	backbone,backbone
HG02178	full-ens	HLA-DP	DPA1	g_group	HG02015.2,HG02392.1	2.25	HG02178.1,HG02178.2	1	1	2	backbone,backbone
HG02178	full-ens	HLA-DP	DPA1	cds_exact	HG02015.2,HG02392.1	2.25	HG02178.1,HG02178.2	1	1	2	backbone,backbone
HG02178	full-ens	HLA-DP	DPA1	gene_exact	HG02015.2,HG02392.1	2.25	HG02178.1,HG02178.2	1	1	2	backbone,backbone
HG02178	full-ens	HLA-DP	DPB1	two_field	HG02015.2,HG02392.1	2.25	HG02178.1,HG02178.2	1	1	2	backbone,backbone
HG02178	full-ens	HLA-DP	DPB1	g_group	HG02015.2,HG02392.1	2.25	HG02178.1,HG02178.2	1	1	2	backbone,backbone
HG02178	full-ens	HLA-DP	DPB1	cds_exact	HG02015.2,HG02392.1	2.25	HG02178.1,HG02178.2	1	1	2	backbone,backbone
HG02178	full-ens	HLA-DP	DPB1	gene_exact	HG02015.2,HG02392.1	2.25	HG02178.1,HG02178.2	1	0	1	backbone,backbone
HG02178	full-ens	HLA-DQ	DQA1	two_field	HG00423.1,HG02392.1	2.39	HG02178.1,HG02178.2	1	1	2	backbone,backbone
HG02178	full-ens	HLA-DQ	DQA1	g_group	HG00423.1,HG02392.1	2.39	HG02178.1,HG02178.2	1	1	2	backbone,backbone
HG02178	full-ens	HLA-DQ	DQA1	cds_exact	HG00423.1,HG02392.1	2.39	HG02178.1,HG02178.2	1	1	2	backbone,backbone
HG02178	full-ens	HLA-DQ	DQA1	gene_exact	HG00423.1,HG02392.1	2.39	HG02178.1,HG02178.2	1	1	2	backbone,backbone
HG02178	full-ens	HLA-DQ	DQB1	two_field	HG00423.1,HG02392.1	2.39	HG02178.1,HG02178.2	1	1	2	backbone,backbone
HG02178	full-ens	HLA-DQ	DQB1	g_group	HG00423.1,HG02392.1	2.39	HG02178.1,HG02178.2	1	1	2	backbone,backbone
HG02178	full-ens	HLA-DQ	DQB1	cds_exact	HG00423.1,HG02392.1	2.39	HG02178.1,HG02178.2	1	1	2	backbone,backbone
HG02178	full-ens	HLA-DQ	DQB1	gene_exact	HG00423.1,HG02392.1	2.39	HG02178.1,HG02178.2	1	1	2	backbone,backbone
HG02178	full-ens	HLA-DRB1	DRB1	two_field	HG02392.1,NA18971.1	8.36	HG02178.1,HG02178.2	1	1	2	backbone,backbone
HG02178	full-ens	HLA-DRB1	DRB1	g_group	HG02392.1,NA18971.1	8.36	HG02178.1,HG02178.2	1	1	2	backbone,backbone
HG02178	full-ens	HLA-DRB1	DRB1	cds_exact	HG02392.1,NA18971.1	8.36	HG02178.1,HG02178.2	1	1	2	backbone,backbone
HG02178	full-ens	HLA-DRB1	DRB1	gene_exact	HG02392.1,NA18971.1	8.36	HG02178.1,HG02178.2	1	0	1	backbone,backbone
HG02178	full-ens	HLA-DRB345	DRB3	two_field	HG02392.1,KOREF1.1	26.09	HG02178.1,HG02178.2	1	1	2	backbone,backbone
HG02178	full-ens	HLA-DRB345	DRB3	g_group	HG02392.1,KOREF1.1	26.09	HG02178.1,HG02178.2	1	1	2	backbone,backbone
HG02178	full-ens	HLA-DRB345	DRB3	cds_exact	HG02392.1,KOREF1.1	26.09	HG02178.1,HG02178.2	1	1	2	backbone,backbone
HG02178	full-ens	HLA-DRB345	DRB3	gene_exact	HG02392.1,KOREF1.1	26.09	HG02178.1,HG02178.2	1	1	2	backbone,backbone
HG02178	full-ens	HLA-DRB345	DRB4	two_field	HG02392.1,KOREF1.1	26.09	HG02178.1,HG02178.2	1	1	2	backbone,backbone
HG02178	full-ens	HLA-DRB345	DRB4	g_group	HG02392.1,KOREF1.1	26.09	HG02178.1,HG02178.2	1	1	2	backbone,backbone
HG02178	full-ens	HLA-DRB345	DRB4	cds_exact	HG02392.1,KOREF1.1	26.09	HG02178.1,HG02178.2	1	1	2	backbone,backbone
HG02178	full-ens	HLA-DRB345	DRB4	gene_exact	HG02392.1,KOREF1.1	26.09	HG02178.1,HG02178.2	1	1	2	backbone,backbone
HG02178	full-ens	HLA-DRB345	DRB5	gene_exact	HG02392.1,KOREF1.1	26.09	HG02178.1,HG02178.2	1	1	2	backbone,backbone
HG02391	full-ens	HLA-A	A	two_field	HG00423.2,HIFI032422D.2	4.35	HG02391.1,HG02391.2	1	1	2	backbone,backbone
HG02391	full-ens	HLA-A	A	g_group	HG00423.2,HIFI032422D.2	4.35	HG02391.1,HG02391.2	1	1	2	backbone,backbone
HG02391	full-ens	HLA-A	A	cds_exact	HG00423.2,HIFI032422D.2	4.35	HG02391.1,HG02391.2	1	1	2	backbone,backbone
HG02391	full-ens	HLA-A	A	gene_exact	HG00423.2,HIFI032422D.2	4.35	HG02391.1,HG02391.2	1	1	2	backbone,backbone
HG02391	full-ens	HLA-B	B	two_field	HIFI032662D.2,RY01.1	5.37	HG02391.1,HG02391.2	1	1	2	backbone,backbone
HG02391	full-ens	HLA-B	B	g_group	HIFI032662D.2,RY01.1	5.37	HG02391.1,HG02391.2	1	1	2	backbone,backbone
HG02391	full-ens	HLA-B	B	cds_exact	HIFI032662D.2,RY01.1	5.37	HG02391.1,HG02391.2	1	1	2	backbone,backbone
HG02391	full-ens	HLA-B	B	gene_exact	HIFI032662D.2,RY01.1	5.37	HG02391.1,HG02391.2	1	0	1	backbone,backbone
HG02391	full-ens	HLA-C	C	two_field	HG00706.1,HG01940.1	6.18	HG02391.1,HG02391.2	1	1	2	backbone,backbone
HG02391	full-ens	HLA-C	C	g_group	HG00706.1,HG01940.1	6.18	HG02391.1,HG02391.2	1	1	2	backbone,backbone
HG02391	full-ens	HLA-C	C	cds_exact	HG00706.1,HG01940.1	6.18	HG02391.1,HG02391.2	1	1	2	backbone,backbone
HG02391	full-ens	HLA-C	C	gene_exact	HG00706.1,HG01940.1	6.18	HG02391.1,HG02391.2	1	1	2	backbone,backbone
HG02391	full-ens	HLA-DP	DPA1	two_field	HG00423.1,HIFI032373D.2	3.51	HG02391.1,HG02391.2	1	1	2	backbone,backbone
HG02391	full-ens	HLA-DP	DPA1	g_group	HG00423.1,HIFI032373D.2	3.51	HG02391.1,HG02391.2	1	1	2	backbone,backbone
HG02391	full-ens	HLA-DP	DPA1	cds_exact	HG00423.1,HIFI032373D.2	3.51	HG02391.1,HG02391.2	1	1	2	backbone,backbone
HG02391	full-ens	HLA-DP	DPA1	gene_exact	HG00423.1,HIFI032373D.2	3.51	HG02391.1,HG02391.2	1	1	2	backbone,backbone
HG02391	full-ens	HLA-DP	DPB1	two_field	HG00423.1,HIFI032373D.2	3.51	HG02391.1,HG02391.2	1	1	2	backbone,backbone
HG02391	full-ens	HLA-DP	DPB1	g_group	HG00423.1,HIFI032373D.2	3.51	HG02391.1,HG02391.2	1	1	2	backbone,backbone
HG02391	full-ens	HLA-DP	DPB1	cds_exact	HG00423.1,HIFI032373D.2	3.51	HG02391.1,HG02391.2	1	1	2	backbone,backbone
HG02391	full-ens	HLA-DP	DPB1	gene_exact	HG00423.1,HIFI032373D.2	3.51	HG02391.1,HG02391.2	1	1	2	backbone,backbone
HG02391	full-ens	HLA-DQ	DQA1	two_field	HIFI032373D.2,apr031.2	19.56	HG02391.1,HG02391.2	1	1	2	backbone,backbone
HG02391	full-ens	HLA-DQ	DQA1	g_group	HIFI032373D.2,apr031.2	19.56	HG02391.1,HG02391.2	1	1	2	backbone,backbone
HG02391	full-ens	HLA-DQ	DQA1	cds_exact	HIFI032373D.2,apr031.2	19.56	HG02391.1,HG02391.2	1	1	2	backbone,backbone
HG02391	full-ens	HLA-DQ	DQA1	gene_exact	HIFI032373D.2,apr031.2	19.56	HG02391.1,HG02391.2	1	1	2	backbone,backbone
HG02391	full-ens	HLA-DQ	DQB1	two_field	HIFI032373D.2,apr031.2	19.56	HG02391.1,HG02391.2	1	1	2	backbone,backbone
HG02391	full-ens	HLA-DQ	DQB1	g_group	HIFI032373D.2,apr031.2	19.56	HG02391.1,HG02391.2	1	1	2	backbone,backbone
HG02391	full-ens	HLA-DQ	DQB1	cds_exact	HIFI032373D.2,apr031.2	19.56	HG02391.1,HG02391.2	1	1	2	backbone,backbone
HG02391	full-ens	HLA-DQ	DQB1	gene_exact	HIFI032373D.2,apr031.2	19.56	HG02391.1,HG02391.2	1	1	2	backbone,backbone
HG02391	full-ens	HLA-DRB1	DRB1	two_field	HG00408.2,apr024.2	1.8	HG02391.1,HG02391.2	1	1	2	backbone,backbone
HG02391	full-ens	HLA-DRB1	DRB1	g_group	HG00408.2,apr024.2	1.8	HG02391.1,HG02391.2	1	1	2	backbone,backbone
HG02391	full-ens	HLA-DRB1	DRB1	cds_exact	HG00408.2,apr024.2	1.8	HG02391.1,HG02391.2	1	1	2	backbone,backbone
HG02391	full-ens	HLA-DRB1	DRB1	gene_exact	HG00408.2,apr024.2	1.8	HG02391.1,HG02391.2	1	0	1	backbone,backbone
HG02391	full-ens	HLA-DRB345	DRB3	two_field	HG02155.2,HG02698.1	3.0	HG02391.1,HG02391.2	1	1	2	backbone,backbone
HG02391	full-ens	HLA-DRB345	DRB3	g_group	HG02155.2,HG02698.1	3.0	HG02391.1,HG02391.2	1	1	2	backbone,backbone
HG02391	full-ens	HLA-DRB345	DRB3	cds_exact	HG02155.2,HG02698.1	3.0	HG02391.1,HG02391.2	1	1	2	backbone,backbone
HG02391	full-ens	HLA-DRB345	DRB3	gene_exact	HG02155.2,HG02698.1	3.0	HG02391.1,HG02391.2	1	1	2	backbone,backbone
HG02391	full-ens	HLA-DRB345	DRB4	two_field	HG02155.2,HG02698.1	3.0	HG02391.1,HG02391.2	1	1	2	backbone,backbone
HG02391	full-ens	HLA-DRB345	DRB4	g_group	HG02155.2,HG02698.1	3.0	HG02391.1,HG02391.2	1	1	2	backbone,backbone
HG02391	full-ens	HLA-DRB345	DRB4	cds_exact	HG02155.2,HG02698.1	3.0	HG02391.1,HG02391.2	1	1	2	backbone,backbone
HG02391	full-ens	HLA-DRB345	DRB4	gene_exact	HG02155.2,HG02698.1	3.0	HG02391.1,HG02391.2	1	1	2	backbone,backbone
HG02391	full-ens	HLA-DRB345	DRB5	two_field	HG02155.2,HG02698.1	3.0	HG02391.1,HG02391.2	1	1	2	backbone,backbone
HG02391	full-ens	HLA-DRB345	DRB5	g_group	HG02155.2,HG02698.1	3.0	HG02391.1,HG02391.2	1	1	2	backbone,backbone
HG02391	full-ens	HLA-DRB345	DRB5	cds_exact	HG02155.2,HG02698.1	3.0	HG02391.1,HG02391.2	1	1	2	backbone,backbone
HG02391	full-ens	HLA-DRB345	DRB5	gene_exact	HG02155.2,HG02698.1	3.0	HG02391.1,HG02391.2	1	0	1	backbone,backbone
HG02523	full-ens	HLA-A	A	two_field	HG00408.2,HIFI032182D.1	9.59	HG02523.1,HG02523.2	1	1	2	backbone,backbone
HG02523	full-ens	HLA-A	A	g_group	HG00408.2,HIFI032182D.1	9.59	HG02523.1,HG02523.2	1	1	2	backbone,backbone
HG02523	full-ens	HLA-A	A	cds_exact	HG00408.2,HIFI032182D.1	9.59	HG02523.1,HG02523.2	1	1	2	backbone,backbone
HG02523	full-ens	HLA-A	A	gene_exact	HG00408.2,HIFI032182D.1	9.59	HG02523.1,HG02523.2	1	1	2	backbone,backbone
HG02523	full-ens	HLA-B	B	two_field	HIFI032164D.2,GRCh38.0~B_07-05-01-01	3.76	HG02523.1,HG02523.2	1	1	2	backbone,ipd_near
HG02523	full-ens	HLA-B	B	g_group	HIFI032164D.2,GRCh38.0~B_07-05-01-01	3.76	HG02523.1,HG02523.2	1	1	2	backbone,ipd_near
HG02523	full-ens	HLA-B	B	cds_exact	HIFI032164D.2,GRCh38.0~B_07-05-01-01	3.76	HG02523.1,HG02523.2	1	1	2	backbone,ipd_near
HG02523	full-ens	HLA-B	B	gene_exact	HIFI032164D.2,GRCh38.0~B_07-05-01-01	3.76	HG02523.1,HG02523.2	0	0	1	backbone,ipd_near
HG02523	full-ens	HLA-C	C	two_field	HG02040.1,HIFI032373D.1	2.55	HG02523.1,HG02523.2	1	1	2	backbone,backbone
HG02523	full-ens	HLA-C	C	g_group	HG02040.1,HIFI032373D.1	2.55	HG02523.1,HG02523.2	1	1	2	backbone,backbone
HG02523	full-ens	HLA-C	C	cds_exact	HG02040.1,HIFI032373D.1	2.55	HG02523.1,HG02523.2	1	1	2	backbone,backbone
HG02523	full-ens	HLA-C	C	gene_exact	HG02040.1,HIFI032373D.1	2.55	HG02523.1,HG02523.2	1	1	2	backbone,backbone
HG02523	full-ens	HLA-DP	DPA1	two_field	HG02015.2,HG02071.1	4.94	HG02523.1,HG02523.2	1	1	2	backbone,backbone
HG02523	full-ens	HLA-DP	DPA1	g_group	HG02015.2,HG02071.1	4.94	HG02523.1,HG02523.2	1	1	2	backbone,backbone
HG02523	full-ens	HLA-DP	DPA1	cds_exact	HG02015.2,HG02071.1	4.94	HG02523.1,HG02523.2	1	1	2	backbone,backbone
HG02523	full-ens	HLA-DP	DPA1	gene_exact	HG02015.2,HG02071.1	4.94	HG02523.1,HG02523.2	1	1	2	backbone,backbone
HG02523	full-ens	HLA-DP	DPB1	two_field	HG02015.2,HG02071.1	4.94	HG02523.1,HG02523.2	1	1	2	backbone,backbone
HG02523	full-ens	HLA-DP	DPB1	g_group	HG02015.2,HG02071.1	4.94	HG02523.1,HG02523.2	1	1	2	backbone,backbone
HG02523	full-ens	HLA-DP	DPB1	cds_exact	HG02015.2,HG02071.1	4.94	HG02523.1,HG02523.2	1	1	2	backbone,backbone
HG02523	full-ens	HLA-DP	DPB1	gene_exact	HG02015.2,HG02071.1	4.94	HG02523.1,HG02523.2	1	1	2	backbone,backbone
HG02523	full-ens	HLA-DQ	DQA1	two_field	HG00423.1,HG02040.1	2.61	HG02523.1,HG02523.2	1	1	2	backbone,backbone
HG02523	full-ens	HLA-DQ	DQA1	g_group	HG00423.1,HG02040.1	2.61	HG02523.1,HG02523.2	1	1	2	backbone,backbone
HG02523	full-ens	HLA-DQ	DQA1	cds_exact	HG00423.1,HG02040.1	2.61	HG02523.1,HG02523.2	1	1	2	backbone,backbone
HG02523	full-ens	HLA-DQ	DQA1	gene_exact	HG00423.1,HG02040.1	2.61	HG02523.1,HG02523.2	1	1	2	backbone,backbone
HG02523	full-ens	HLA-DQ	DQB1	two_field	HG00423.1,HG02040.1	2.61	HG02523.1,HG02523.2	1	1	2	backbone,backbone
HG02523	full-ens	HLA-DQ	DQB1	g_group	HG00423.1,HG02040.1	2.61	HG02523.1,HG02523.2	1	1	2	backbone,backbone
HG02523	full-ens	HLA-DQ	DQB1	cds_exact	HG00423.1,HG02040.1	2.61	HG02523.1,HG02523.2	1	1	2	backbone,backbone
HG02523	full-ens	HLA-DQ	DQB1	gene_exact	HG00423.1,HG02040.1	2.61	HG02523.1,HG02523.2	1	1	2	backbone,backbone
HG02523	full-ens	HLA-DRB1	DRB1	two_field	HIFI032607D.1,apr002.2	2.39	HG02523.1,HG02523.2	1	1	2	backbone,backbone
HG02523	full-ens	HLA-DRB1	DRB1	g_group	HIFI032607D.1,apr002.2	2.39	HG02523.1,HG02523.2	1	1	2	backbone,backbone
HG02523	full-ens	HLA-DRB1	DRB1	cds_exact	HIFI032607D.1,apr002.2	2.39	HG02523.1,HG02523.2	1	1	2	backbone,backbone
HG02523	full-ens	HLA-DRB1	DRB1	gene_exact	HIFI032607D.1,apr002.2	2.39	HG02523.1,HG02523.2	1	0	0	backbone,backbone
HG02523	full-ens	HLA-DRB345	DRB3	two_field	HG02040.1,HG02040.2	1.57	HG02523.1,HG02523.2	1	1	2	backbone,backbone
HG02523	full-ens	HLA-DRB345	DRB3	g_group	HG02040.1,HG02040.2	1.57	HG02523.1,HG02523.2	1	1	2	backbone,backbone
HG02523	full-ens	HLA-DRB345	DRB3	cds_exact	HG02040.1,HG02040.2	1.57	HG02523.1,HG02523.2	1	1	2	backbone,backbone
HG02523	full-ens	HLA-DRB345	DRB3	gene_exact	HG02040.1,HG02040.2	1.57	HG02523.1,HG02523.2	1	1	2	backbone,backbone
HG02523	full-ens	HLA-DRB345	DRB4	two_field	HG02040.1,HG02040.2	1.57	HG02523.1,HG02523.2	1	1	2	backbone,backbone
HG02523	full-ens	HLA-DRB345	DRB4	g_group	HG02040.1,HG02040.2	1.57	HG02523.1,HG02523.2	1	1	2	backbone,backbone
HG02523	full-ens	HLA-DRB345	DRB4	cds_exact	HG02040.1,HG02040.2	1.57	HG02523.1,HG02523.2	1	1	2	backbone,backbone
HG02523	full-ens	HLA-DRB345	DRB4	gene_exact	HG02040.1,HG02040.2	1.57	HG02523.1,HG02523.2	1	1	2	backbone,backbone
HG02523	full-ens	HLA-DRB345	DRB5	two_field	HG02040.1,HG02040.2	1.57	HG02523.1,HG02523.2	1	1	2	backbone,backbone
HG02523	full-ens	HLA-DRB345	DRB5	g_group	HG02040.1,HG02040.2	1.57	HG02523.1,HG02523.2	1	1	2	backbone,backbone
HG02523	full-ens	HLA-DRB345	DRB5	cds_exact	HG02040.1,HG02040.2	1.57	HG02523.1,HG02523.2	1	1	2	backbone,backbone
HG02523	full-ens	HLA-DRB345	DRB5	gene_exact	HG02040.1,HG02040.2	1.57	HG02523.1,HG02523.2	1	1	2	backbone,backbone
HG02602	full-ens	HLA-A	A	two_field	apr002.1,apr006.2~A_68-190-02	7.59	HG02602.1,HG02602.2	1	0	1	backbone,ipd_near
HG02602	full-ens	HLA-A	A	g_group	apr002.1,apr006.2~A_68-190-02	7.59	HG02602.1,HG02602.2	1	1	2	backbone,ipd_near
HG02602	full-ens	HLA-A	A	cds_exact	apr002.1,apr006.2~A_68-190-02	7.59	HG02602.1,HG02602.2	1	0	1	backbone,ipd_near
HG02602	full-ens	HLA-A	A	gene_exact	apr002.1,apr006.2~A_68-190-02	7.59	HG02602.1,HG02602.2	0	0	1	backbone,ipd_near
HG02602	full-ens	HLA-B	B	two_field	HG00133.2,NA20905.2	6.33	HG02602.1,HG02602.2	1	1	2	backbone,backbone
HG02602	full-ens	HLA-B	B	g_group	HG00133.2,NA20905.2	6.33	HG02602.1,HG02602.2	1	1	2	backbone,backbone
HG02602	full-ens	HLA-B	B	cds_exact	HG00133.2,NA20905.2	6.33	HG02602.1,HG02602.2	1	1	2	backbone,backbone
HG02602	full-ens	HLA-B	B	gene_exact	HG00133.2,NA20905.2	6.33	HG02602.1,HG02602.2	1	1	2	backbone,backbone
HG02602	full-ens	HLA-C	C	two_field	HG01358.2,HG03688.2	7.6	HG02602.1,HG02602.2	1	1	2	backbone,backbone
HG02602	full-ens	HLA-C	C	g_group	HG01358.2,HG03688.2	7.6	HG02602.1,HG02602.2	1	1	2	backbone,backbone
HG02602	full-ens	HLA-C	C	cds_exact	HG01358.2,HG03688.2	7.6	HG02602.1,HG02602.2	1	1	2	backbone,backbone
HG02602	full-ens	HLA-C	C	gene_exact	HG01358.2,HG03688.2	7.6	HG02602.1,HG02602.2	1	0	1	backbone,backbone
HG02602	full-ens	HLA-DP	DPA1	two_field	NA20762.2,HG02109.2~DPA1_02-28-02	3.54	HG02602.1,HG02602.2	1	0	1	backbone,ipd_near
HG02602	full-ens	HLA-DP	DPA1	g_group	NA20762.2,HG02109.2~DPA1_02-28-02	3.54	HG02602.1,HG02602.2	1	0	1	backbone,ipd_near
HG02602	full-ens	HLA-DP	DPA1	cds_exact	NA20762.2,HG02109.2~DPA1_02-28-02	3.54	HG02602.1,HG02602.2	1	0	1	backbone,ipd_near
HG02602	full-ens	HLA-DP	DPA1	gene_exact	NA20762.2,HG02109.2~DPA1_02-28-02	3.54	HG02602.1,HG02602.2	0	0	1	backbone,ipd_near
HG02602	full-ens	HLA-DP	DPB1	two_field	NA20762.2,HG02109.2~DPA1_02-28-02	3.54	HG02602.1,HG02602.2	1	0	1	backbone,backbone
HG02602	full-ens	HLA-DP	DPB1	g_group	NA20762.2,HG02109.2~DPA1_02-28-02	3.54	HG02602.1,HG02602.2	1	0	1	backbone,backbone
HG02602	full-ens	HLA-DP	DPB1	cds_exact	NA20762.2,HG02109.2~DPA1_02-28-02	3.54	HG02602.1,HG02602.2	1	0	1	backbone,backbone
HG02602	full-ens	HLA-DP	DPB1	gene_exact	NA20762.2,HG02109.2~DPA1_02-28-02	3.54	HG02602.1,HG02602.2	1	0	1	backbone,backbone
HG02602	full-ens	HLA-DQ	DQA1	two_field	apr041.1,apr52.1	2.92	HG02602.1,HG02602.2	1	1	2	backbone,backbone
HG02602	full-ens	HLA-DQ	DQA1	g_group	apr041.1,apr52.1	2.92	HG02602.1,HG02602.2	1	1	2	backbone,backbone
HG02602	full-ens	HLA-DQ	DQA1	cds_exact	apr041.1,apr52.1	2.92	HG02602.1,HG02602.2	1	1	2	backbone,backbone
HG02602	full-ens	HLA-DQ	DQA1	gene_exact	apr041.1,apr52.1	2.92	HG02602.1,HG02602.2	1	1	2	backbone,backbone
HG02602	full-ens	HLA-DQ	DQB1	two_field	apr041.1,apr52.1	2.92	HG02602.1,HG02602.2	1	1	2	backbone,backbone
HG02602	full-ens	HLA-DQ	DQB1	g_group	apr041.1,apr52.1	2.92	HG02602.1,HG02602.2	1	1	2	backbone,backbone
HG02602	full-ens	HLA-DQ	DQB1	cds_exact	apr041.1,apr52.1	2.92	HG02602.1,HG02602.2	1	1	2	backbone,backbone
HG02602	full-ens	HLA-DQ	DQB1	gene_exact	apr041.1,apr52.1	2.92	HG02602.1,HG02602.2	1	1	2	backbone,backbone
HG02602	full-ens	HLA-DRB1	DRB1	two_field	HG03784.2,NA21144.1	3.6	HG02602.1,HG02602.2	1	1	2	backbone,backbone
HG02602	full-ens	HLA-DRB1	DRB1	g_group	HG03784.2,NA21144.1	3.6	HG02602.1,HG02602.2	1	1	2	backbone,backbone
HG02602	full-ens	HLA-DRB1	DRB1	cds_exact	HG03784.2,NA21144.1	3.6	HG02602.1,HG02602.2	1	1	2	backbone,backbone
HG02602	full-ens	HLA-DRB1	DRB1	gene_exact	HG03784.2,NA21144.1	3.6	HG02602.1,HG02602.2	1	0	1	backbone,backbone
HG02602	full-ens	HLA-DRB345	DRB3	two_field	HG03874.2,NA18952.1	12.28	HG02602.1,HG02602.2	1	1	2	backbone,backbone
HG02602	full-ens	HLA-DRB345	DRB3	g_group	HG03874.2,NA18952.1	12.28	HG02602.1,HG02602.2	1	1	2	backbone,backbone
HG02602	full-ens	HLA-DRB345	DRB3	cds_exact	HG03874.2,NA18952.1	12.28	HG02602.1,HG02602.2	1	1	2	backbone,backbone
HG02602	full-ens	HLA-DRB345	DRB3	gene_exact	HG03874.2,NA18952.1	12.28	HG02602.1,HG02602.2	1	1	2	backbone,backbone
HG02602	full-ens	HLA-DRB345	DRB4	gene_exact	HG03874.2,NA18952.1	12.28	HG02602.1,HG02602.2	1	1	2	backbone,backbone
HG02602	full-ens	HLA-DRB345	DRB5	two_field	HG03874.2,NA18952.1	12.28	HG02602.1,HG02602.2	1	1	2	backbone,backbone
HG02602	full-ens	HLA-DRB345	DRB5	g_group	HG03874.2,NA18952.1	12.28	HG02602.1,HG02602.2	1	1	2	backbone,backbone
HG02602	full-ens	HLA-DRB345	DRB5	cds_exact	HG03874.2,NA18952.1	12.28	HG02602.1,HG02602.2	1	1	2	backbone,backbone
HG02602	full-ens	HLA-DRB345	DRB5	gene_exact	HG03874.2,NA18952.1	12.28	HG02602.1,HG02602.2	1	1	2	backbone,backbone
HG02738	full-ens	HLA-A	A	two_field	HG03470.2,HG03654.2	3.12	HG02738.1,HG02738.2	1	1	2	backbone,backbone
HG02738	full-ens	HLA-A	A	g_group	HG03470.2,HG03654.2	3.12	HG02738.1,HG02738.2	1	1	2	backbone,backbone
HG02738	full-ens	HLA-A	A	cds_exact	HG03470.2,HG03654.2	3.12	HG02738.1,HG02738.2	1	1	2	backbone,backbone
HG02738	full-ens	HLA-A	A	gene_exact	HG03470.2,HG03654.2	3.12	HG02738.1,HG02738.2	1	1	2	backbone,backbone
HG02738	full-ens	HLA-B	B	two_field	HG01074.1,HG03654.2	7.58	HG02738.1,HG02738.2	1	1	2	backbone,backbone
HG02738	full-ens	HLA-B	B	g_group	HG01074.1,HG03654.2	7.58	HG02738.1,HG02738.2	1	1	2	backbone,backbone
HG02738	full-ens	HLA-B	B	cds_exact	HG01074.1,HG03654.2	7.58	HG02738.1,HG02738.2	1	1	2	backbone,backbone
HG02738	full-ens	HLA-B	B	gene_exact	HG01074.1,HG03654.2	7.58	HG02738.1,HG02738.2	1	1	2	backbone,backbone
HG02738	full-ens	HLA-C	C	two_field	NA19835.2,apr011.2	3.11	HG02738.1,HG02738.2	1	1	2	backbone,backbone
HG02738	full-ens	HLA-C	C	g_group	NA19835.2,apr011.2	3.11	HG02738.1,HG02738.2	1	1	2	backbone,backbone
HG02738	full-ens	HLA-C	C	cds_exact	NA19835.2,apr011.2	3.11	HG02738.1,HG02738.2	1	1	2	backbone,backbone
HG02738	full-ens	HLA-C	C	gene_exact	NA19835.2,apr011.2	3.11	HG02738.1,HG02738.2	1	1	2	backbone,backbone
HG02738	full-ens	HLA-DP	DPA1	two_field	apr-m.2,apr046.2	3.45	HG02738.1,HG02738.2	1	1	2	backbone,backbone
HG02738	full-ens	HLA-DP	DPA1	g_group	apr-m.2,apr046.2	3.45	HG02738.1,HG02738.2	1	1	2	backbone,backbone
HG02738	full-ens	HLA-DP	DPA1	cds_exact	apr-m.2,apr046.2	3.45	HG02738.1,HG02738.2	1	1	2	backbone,backbone
HG02738	full-ens	HLA-DP	DPA1	gene_exact	apr-m.2,apr046.2	3.45	HG02738.1,HG02738.2	1	1	2	backbone,backbone
HG02738	full-ens	HLA-DP	DPB1	two_field	apr-m.2,apr046.2	3.45	HG02738.1,HG02738.2	1	1	2	backbone,backbone
HG02738	full-ens	HLA-DP	DPB1	g_group	apr-m.2,apr046.2	3.45	HG02738.1,HG02738.2	1	1	2	backbone,backbone
HG02738	full-ens	HLA-DP	DPB1	cds_exact	apr-m.2,apr046.2	3.45	HG02738.1,HG02738.2	1	1	2	backbone,backbone
HG02738	full-ens	HLA-DP	DPB1	gene_exact	apr-m.2,apr046.2	3.45	HG02738.1,HG02738.2	1	1	2	backbone,backbone
HG02738	full-ens	HLA-DQ	DQA1	two_field	apr021.2,HG03225.1~DQB1_02-07-01	1.23	HG02738.1,HG02738.2	1	1	2	backbone,backbone
HG02738	full-ens	HLA-DQ	DQA1	g_group	apr021.2,HG03225.1~DQB1_02-07-01	1.23	HG02738.1,HG02738.2	1	1	2	backbone,backbone
HG02738	full-ens	HLA-DQ	DQA1	cds_exact	apr021.2,HG03225.1~DQB1_02-07-01	1.23	HG02738.1,HG02738.2	1	1	2	backbone,backbone
HG02738	full-ens	HLA-DQ	DQA1	gene_exact	apr021.2,HG03225.1~DQB1_02-07-01	1.23	HG02738.1,HG02738.2	1	0	1	backbone,backbone
HG02738	full-ens	HLA-DQ	DQB1	two_field	apr021.2,HG03225.1~DQB1_02-07-01	1.23	HG02738.1,HG02738.2	1	0	1	backbone,ipd_near
HG02738	full-ens	HLA-DQ	DQB1	g_group	apr021.2,HG03225.1~DQB1_02-07-01	1.23	HG02738.1,HG02738.2	1	0	1	backbone,ipd_near
HG02738	full-ens	HLA-DQ	DQB1	cds_exact	apr021.2,HG03225.1~DQB1_02-07-01	1.23	HG02738.1,HG02738.2	1	0	1	backbone,ipd_near
HG02738	full-ens	HLA-DQ	DQB1	gene_exact	apr021.2,HG03225.1~DQB1_02-07-01	1.23	HG02738.1,HG02738.2	0	0	1	backbone,ipd_near
HG02738	full-ens	HLA-DRB1	DRB1	two_field	HIFI032487D.1,HG02109.2~DRB1_08-01-01-01	5.57	HG02738.1,HG02738.2	1	0	1	backbone,ipd_near
HG02738	full-ens	HLA-DRB1	DRB1	g_group	HIFI032487D.1,HG02109.2~DRB1_08-01-01-01	5.57	HG02738.1,HG02738.2	1	0	1	backbone,ipd_near
HG02738	full-ens	HLA-DRB1	DRB1	cds_exact	HIFI032487D.1,HG02109.2~DRB1_08-01-01-01	5.57	HG02738.1,HG02738.2	1	0	1	backbone,ipd_near
HG02738	full-ens	HLA-DRB1	DRB1	gene_exact	HIFI032487D.1,HG02109.2~DRB1_08-01-01-01	5.57	HG02738.1,HG02738.2	0	0	0	backbone,ipd_near
HG02738	full-ens	HLA-DRB345	DRB3	two_field	HG03654.2,KPanRef-078.2	0.32	HG02738.1,HG02738.2	1	1	2	backbone,backbone
HG02738	full-ens	HLA-DRB345	DRB3	g_group	HG03654.2,KPanRef-078.2	0.32	HG02738.1,HG02738.2	1	1	2	backbone,backbone
HG02738	full-ens	HLA-DRB345	DRB3	cds_exact	HG03654.2,KPanRef-078.2	0.32	HG02738.1,HG02738.2	1	1	2	backbone,backbone
HG02738	full-ens	HLA-DRB345	DRB3	gene_exact	HG03654.2,KPanRef-078.2	0.32	HG02738.1,HG02738.2	1	1	2	backbone,backbone
HG02738	full-ens	HLA-DRB345	DRB4	two_field	HG03654.2,KPanRef-078.2	0.32	HG02738.1,HG02738.2	1	1	2	backbone,backbone
HG02738	full-ens	HLA-DRB345	DRB4	g_group	HG03654.2,KPanRef-078.2	0.32	HG02738.1,HG02738.2	1	1	2	backbone,backbone
HG02738	full-ens	HLA-DRB345	DRB4	cds_exact	HG03654.2,KPanRef-078.2	0.32	HG02738.1,HG02738.2	1	1	2	backbone,backbone
HG02738	full-ens	HLA-DRB345	DRB4	gene_exact	HG03654.2,KPanRef-078.2	0.32	HG02738.1,HG02738.2	1	1	2	backbone,backbone
HG02738	full-ens	HLA-DRB345	DRB5	two_field	HG03654.2,KPanRef-078.2	0.32	HG02738.1,HG02738.2	1	1	2	backbone,backbone
HG02738	full-ens	HLA-DRB345	DRB5	g_group	HG03654.2,KPanRef-078.2	0.32	HG02738.1,HG02738.2	1	1	2	backbone,backbone
HG02738	full-ens	HLA-DRB345	DRB5	cds_exact	HG03654.2,KPanRef-078.2	0.32	HG02738.1,HG02738.2	1	1	2	backbone,backbone
HG02738	full-ens	HLA-DRB345	DRB5	gene_exact	HG03654.2,KPanRef-078.2	0.32	HG02738.1,HG02738.2	1	1	2	backbone,backbone
HG03017	full-ens	HLA-A	A	two_field	HG00423.2,KPanRef-076.2	2.66	HG03017.1,HG03017.2	1	1	2	backbone,backbone
HG03017	full-ens	HLA-A	A	g_group	HG00423.2,KPanRef-076.2	2.66	HG03017.1,HG03017.2	1	1	2	backbone,backbone
HG03017	full-ens	HLA-A	A	cds_exact	HG00423.2,KPanRef-076.2	2.66	HG03017.1,HG03017.2	1	1	2	backbone,backbone
HG03017	full-ens	HLA-A	A	gene_exact	HG00423.2,KPanRef-076.2	2.66	HG03017.1,HG03017.2	1	1	2	backbone,backbone
HG03017	full-ens	HLA-B	B	two_field	HG03927.2,HIFI032711D.2	2.15	HG03017.1,HG03017.2	1	1	2	backbone,backbone
HG03017	full-ens	HLA-B	B	g_group	HG03927.2,HIFI032711D.2	2.15	HG03017.1,HG03017.2	1	1	2	backbone,backbone
HG03017	full-ens	HLA-B	B	cds_exact	HG03927.2,HIFI032711D.2	2.15	HG03017.1,HG03017.2	1	1	2	backbone,backbone
HG03017	full-ens	HLA-B	B	gene_exact	HG03927.2,HIFI032711D.2	2.15	HG03017.1,HG03017.2	1	1	2	backbone,backbone
HG03017	full-ens	HLA-C	C	two_field	HG01150.2,HIFI032711D.2	4.3	HG03017.1,HG03017.2	1	1	2	backbone,backbone
HG03017	full-ens	HLA-C	C	g_group	HG01150.2,HIFI032711D.2	4.3	HG03017.1,HG03017.2	1	1	2	backbone,backbone
HG03017	full-ens	HLA-C	C	cds_exact	HG01150.2,HIFI032711D.2	4.3	HG03017.1,HG03017.2	1	1	2	backbone,backbone
HG03017	full-ens	HLA-C	C	gene_exact	HG01150.2,HIFI032711D.2	4.3	HG03017.1,HG03017.2	1	1	2	backbone,backbone
HG03017	full-ens	HLA-DP	DPA1	two_field	HG02148.1,apr040.1	19.48	HG03017.1,HG03017.2	1	1	2	backbone,backbone
HG03017	full-ens	HLA-DP	DPA1	g_group	HG02148.1,apr040.1	19.48	HG03017.1,HG03017.2	1	1	2	backbone,backbone
HG03017	full-ens	HLA-DP	DPA1	cds_exact	HG02148.1,apr040.1	19.48	HG03017.1,HG03017.2	1	1	2	backbone,backbone
HG03017	full-ens	HLA-DP	DPA1	gene_exact	HG02148.1,apr040.1	19.48	HG03017.1,HG03017.2	1	1	2	backbone,backbone
HG03017	full-ens	HLA-DP	DPB1	two_field	HG02148.1,apr040.1	19.48	HG03017.1,HG03017.2	1	1	2	backbone,backbone
HG03017	full-ens	HLA-DP	DPB1	g_group	HG02148.1,apr040.1	19.48	HG03017.1,HG03017.2	1	1	2	backbone,backbone
HG03017	full-ens	HLA-DP	DPB1	cds_exact	HG02148.1,apr040.1	19.48	HG03017.1,HG03017.2	1	1	2	backbone,backbone
HG03017	full-ens	HLA-DP	DPB1	gene_exact	HG02148.1,apr040.1	19.48	HG03017.1,HG03017.2	1	1	2	backbone,backbone
HG03017	full-ens	HLA-DQ	DQA1	two_field	HIFI032706D.1,apr040.1	8.58	HG03017.1,HG03017.2	1	1	2	backbone,backbone
HG03017	full-ens	HLA-DQ	DQA1	g_group	HIFI032706D.1,apr040.1	8.58	HG03017.1,HG03017.2	1	1	2	backbone,backbone
HG03017	full-ens	HLA-DQ	DQA1	cds_exact	HIFI032706D.1,apr040.1	8.58	HG03017.1,HG03017.2	1	1	2	backbone,backbone
HG03017	full-ens	HLA-DQ	DQA1	gene_exact	HIFI032706D.1,apr040.1	8.58	HG03017.1,HG03017.2	1	1	2	backbone,backbone
HG03017	full-ens	HLA-DQ	DQB1	two_field	HIFI032706D.1,apr040.1	8.58	HG03017.1,HG03017.2	1	1	2	backbone,backbone
HG03017	full-ens	HLA-DQ	DQB1	g_group	HIFI032706D.1,apr040.1	8.58	HG03017.1,HG03017.2	1	1	2	backbone,backbone
HG03017	full-ens	HLA-DQ	DQB1	cds_exact	HIFI032706D.1,apr040.1	8.58	HG03017.1,HG03017.2	1	1	2	backbone,backbone
HG03017	full-ens	HLA-DQ	DQB1	gene_exact	HIFI032706D.1,apr040.1	8.58	HG03017.1,HG03017.2	1	1	2	backbone,backbone
HG03017	full-ens	HLA-DRB1	DRB1	two_field	HIFI032662D.2,NA18959.2	5.03	HG03017.1,HG03017.2	1	1	2	backbone,backbone
HG03017	full-ens	HLA-DRB1	DRB1	g_group	HIFI032662D.2,NA18959.2	5.03	HG03017.1,HG03017.2	1	1	2	backbone,backbone
HG03017	full-ens	HLA-DRB1	DRB1	cds_exact	HIFI032662D.2,NA18959.2	5.03	HG03017.1,HG03017.2	1	1	2	backbone,backbone
HG03017	full-ens	HLA-DRB1	DRB1	gene_exact	HIFI032662D.2,NA18959.2	5.03	HG03017.1,HG03017.2	1	1	2	backbone,backbone
HG03017	full-ens	HLA-DRB345	DRB3	two_field	NA18943.2,apr040.1	1.28	HG03017.1,HG03017.2	1	1	2	backbone,backbone
HG03017	full-ens	HLA-DRB345	DRB3	g_group	NA18943.2,apr040.1	1.28	HG03017.1,HG03017.2	1	1	2	backbone,backbone
HG03017	full-ens	HLA-DRB345	DRB3	cds_exact	NA18943.2,apr040.1	1.28	HG03017.1,HG03017.2	1	1	2	backbone,backbone
HG03017	full-ens	HLA-DRB345	DRB3	gene_exact	NA18943.2,apr040.1	1.28	HG03017.1,HG03017.2	1	1	2	backbone,backbone
HG03017	full-ens	HLA-DRB345	DRB4	two_field	NA18943.2,apr040.1	1.28	HG03017.1,HG03017.2	1	1	2	backbone,backbone
HG03017	full-ens	HLA-DRB345	DRB4	g_group	NA18943.2,apr040.1	1.28	HG03017.1,HG03017.2	1	1	2	backbone,backbone
HG03017	full-ens	HLA-DRB345	DRB4	cds_exact	NA18943.2,apr040.1	1.28	HG03017.1,HG03017.2	1	1	2	backbone,backbone
HG03017	full-ens	HLA-DRB345	DRB4	gene_exact	NA18943.2,apr040.1	1.28	HG03017.1,HG03017.2	1	1	2	backbone,backbone
HG03017	full-ens	HLA-DRB345	DRB5	two_field	NA18943.2,apr040.1	1.28	HG03017.1,HG03017.2	1	1	2	backbone,backbone
HG03017	full-ens	HLA-DRB345	DRB5	g_group	NA18943.2,apr040.1	1.28	HG03017.1,HG03017.2	1	1	2	backbone,backbone
HG03017	full-ens	HLA-DRB345	DRB5	cds_exact	NA18943.2,apr040.1	1.28	HG03017.1,HG03017.2	1	1	2	backbone,backbone
HG03017	full-ens	HLA-DRB345	DRB5	gene_exact	NA18943.2,apr040.1	1.28	HG03017.1,HG03017.2	1	1	2	backbone,backbone
HG03239	full-ens	HLA-A	A	two_field	HG00609.1,HG02071.2	2.68	HG03239.1,HG03239.2	1	1	2	backbone,backbone
HG03239	full-ens	HLA-A	A	g_group	HG00609.1,HG02071.2	2.68	HG03239.1,HG03239.2	1	1	2	backbone,backbone
HG03239	full-ens	HLA-A	A	cds_exact	HG00609.1,HG02071.2	2.68	HG03239.1,HG03239.2	1	1	2	backbone,backbone
HG03239	full-ens	HLA-A	A	gene_exact	HG00609.1,HG02071.2	2.68	HG03239.1,HG03239.2	1	1	2	backbone,backbone
HG03239	full-ens	HLA-B	B	two_field	HG02514.1,HG03742.1	4.78	HG03239.1,HG03239.2	1	1	2	backbone,backbone
HG03239	full-ens	HLA-B	B	g_group	HG02514.1,HG03742.1	4.78	HG03239.1,HG03239.2	1	1	2	backbone,backbone
HG03239	full-ens	HLA-B	B	cds_exact	HG02514.1,HG03742.1	4.78	HG03239.1,HG03239.2	1	1	2	backbone,backbone
HG03239	full-ens	HLA-B	B	gene_exact	HG02514.1,HG03742.1	4.78	HG03239.1,HG03239.2	1	1	2	backbone,backbone
HG03239	full-ens	HLA-C	C	two_field	HG03669.1,HG04204.2	12.63	HG03239.1,HG03239.2	1	1	2	backbone,backbone
HG03239	full-ens	HLA-C	C	g_group	HG03669.1,HG04204.2	12.63	HG03239.1,HG03239.2	1	1	2	backbone,backbone
HG03239	full-ens	HLA-C	C	cds_exact	HG03669.1,HG04204.2	12.63	HG03239.1,HG03239.2	1	1	2	backbone,backbone
HG03239	full-ens	HLA-C	C	gene_exact	HG03669.1,HG04204.2	12.63	HG03239.1,HG03239.2	1	1	2	backbone,backbone
HG03239	full-ens	HLA-DP	DPA1	two_field	apr016.2,HG01361.2~DPA1_02-01-01-01	8.75	HG03239.1,HG03239.2	1	1	2	backbone,ipd_near
HG03239	full-ens	HLA-DP	DPA1	g_group	apr016.2,HG01361.2~DPA1_02-01-01-01	8.75	HG03239.1,HG03239.2	1	0	1	backbone,ipd_near
HG03239	full-ens	HLA-DP	DPA1	cds_exact	apr016.2,HG01361.2~DPA1_02-01-01-01	8.75	HG03239.1,HG03239.2	1	0	1	backbone,ipd_near
HG03239	full-ens	HLA-DP	DPA1	gene_exact	apr016.2,HG01361.2~DPA1_02-01-01-01	8.75	HG03239.1,HG03239.2	0	0	0	backbone,ipd_near
HG03239	full-ens	HLA-DP	DPB1	two_field	apr016.2,HG01361.2~DPA1_02-01-01-01	8.75	HG03239.1,HG03239.2	1	1	2	backbone,backbone
HG03239	full-ens	HLA-DP	DPB1	g_group	apr016.2,HG01361.2~DPA1_02-01-01-01	8.75	HG03239.1,HG03239.2	1	1	2	backbone,backbone
HG03239	full-ens	HLA-DP	DPB1	cds_exact	apr016.2,HG01361.2~DPA1_02-01-01-01	8.75	HG03239.1,HG03239.2	1	1	2	backbone,backbone
HG03239	full-ens	HLA-DP	DPB1	gene_exact	apr016.2,HG01361.2~DPA1_02-01-01-01	8.75	HG03239.1,HG03239.2	1	0	1	backbone,backbone
HG03239	full-ens	HLA-DQ	DQA1	two_field	HG01252.2,HG04204.2	5.41	HG03239.1,HG03239.2	1	1	2	backbone,backbone
HG03239	full-ens	HLA-DQ	DQA1	g_group	HG01252.2,HG04204.2	5.41	HG03239.1,HG03239.2	1	1	2	backbone,backbone
HG03239	full-ens	HLA-DQ	DQA1	cds_exact	HG01252.2,HG04204.2	5.41	HG03239.1,HG03239.2	1	1	2	backbone,backbone
HG03239	full-ens	HLA-DQ	DQA1	gene_exact	HG01252.2,HG04204.2	5.41	HG03239.1,HG03239.2	1	1	2	backbone,backbone
HG03239	full-ens	HLA-DQ	DQB1	two_field	HG01252.2,HG04204.2	5.41	HG03239.1,HG03239.2	1	1	2	backbone,backbone
HG03239	full-ens	HLA-DQ	DQB1	g_group	HG01252.2,HG04204.2	5.41	HG03239.1,HG03239.2	1	1	2	backbone,backbone
HG03239	full-ens	HLA-DQ	DQB1	cds_exact	HG01252.2,HG04204.2	5.41	HG03239.1,HG03239.2	1	1	2	backbone,backbone
HG03239	full-ens	HLA-DQ	DQB1	gene_exact	HG01252.2,HG04204.2	5.41	HG03239.1,HG03239.2	1	1	2	backbone,backbone
HG03239	full-ens	HLA-DRB1	DRB1	two_field	HG03688.1,NA19159.2	2.63	HG03239.1,HG03239.2	1	1	2	backbone,backbone
HG03239	full-ens	HLA-DRB1	DRB1	g_group	HG03688.1,NA19159.2	2.63	HG03239.1,HG03239.2	1	1	2	backbone,backbone
HG03239	full-ens	HLA-DRB1	DRB1	cds_exact	HG03688.1,NA19159.2	2.63	HG03239.1,HG03239.2	1	1	2	backbone,backbone
HG03239	full-ens	HLA-DRB1	DRB1	gene_exact	HG03688.1,NA19159.2	2.63	HG03239.1,HG03239.2	1	0	1	backbone,backbone
HG03239	full-ens	HLA-DRB345	DRB3	two_field	HG03688.1,HG03710.1~DRB4_01-03-38	0.42	HG03239.1,HG03239.2	1	1	2	backbone,backbone
HG03239	full-ens	HLA-DRB345	DRB3	g_group	HG03688.1,HG03710.1~DRB4_01-03-38	0.42	HG03239.1,HG03239.2	1	1	2	backbone,backbone
HG03239	full-ens	HLA-DRB345	DRB3	cds_exact	HG03688.1,HG03710.1~DRB4_01-03-38	0.42	HG03239.1,HG03239.2	1	1	2	backbone,backbone
HG03239	full-ens	HLA-DRB345	DRB3	gene_exact	HG03688.1,HG03710.1~DRB4_01-03-38	0.42	HG03239.1,HG03239.2	1	1	2	backbone,backbone
HG03239	full-ens	HLA-DRB345	DRB4	two_field	HG03688.1,HG03710.1~DRB4_01-03-38	0.42	HG03239.1,HG03239.2	1	1	2	backbone,ipd_near
HG03239	full-ens	HLA-DRB345	DRB4	g_group	HG03688.1,HG03710.1~DRB4_01-03-38	0.42	HG03239.1,HG03239.2	1	1	2	backbone,ipd_near
HG03239	full-ens	HLA-DRB345	DRB4	cds_exact	HG03688.1,HG03710.1~DRB4_01-03-38	0.42	HG03239.1,HG03239.2	1	0	1	backbone,ipd_near
HG03239	full-ens	HLA-DRB345	DRB4	gene_exact	HG03688.1,HG03710.1~DRB4_01-03-38	0.42	HG03239.1,HG03239.2	0	0	1	backbone,ipd_near
HG03239	full-ens	HLA-DRB345	DRB5	two_field	HG03688.1,HG03710.1~DRB4_01-03-38	0.42	HG03239.1,HG03239.2	1	1	2	backbone,backbone
HG03239	full-ens	HLA-DRB345	DRB5	g_group	HG03688.1,HG03710.1~DRB4_01-03-38	0.42	HG03239.1,HG03239.2	1	1	2	backbone,backbone
HG03239	full-ens	HLA-DRB345	DRB5	cds_exact	HG03688.1,HG03710.1~DRB4_01-03-38	0.42	HG03239.1,HG03239.2	1	1	2	backbone,backbone
HG03239	full-ens	HLA-DRB345	DRB5	gene_exact	HG03688.1,HG03710.1~DRB4_01-03-38	0.42	HG03239.1,HG03239.2	1	1	2	backbone,backbone
HG03688	full-ens	HLA-A	A	two_field	HG00738.2,HG03784.2	8.42	HG03688.1,HG03688.2	1	1	2	backbone,backbone
HG03688	full-ens	HLA-A	A	g_group	HG00738.2,HG03784.2	8.42	HG03688.1,HG03688.2	1	1	2	backbone,backbone
HG03688	full-ens	HLA-A	A	cds_exact	HG00738.2,HG03784.2	8.42	HG03688.1,HG03688.2	1	1	2	backbone,backbone
HG03688	full-ens	HLA-A	A	gene_exact	HG00738.2,HG03784.2	8.42	HG03688.1,HG03688.2	1	1	2	backbone,backbone
HG03688	full-ens	HLA-B	B	two_field	HG00290.2,HG03239.1	5.11	HG03688.1,HG03688.2	1	1	2	backbone,backbone
HG03688	full-ens	HLA-B	B	g_group	HG00290.2,HG03239.1	5.11	HG03688.1,HG03688.2	1	1	2	backbone,backbone
HG03688	full-ens	HLA-B	B	cds_exact	HG00290.2,HG03239.1	5.11	HG03688.1,HG03688.2	1	1	2	backbone,backbone
HG03688	full-ens	HLA-B	B	gene_exact	HG00290.2,HG03239.1	5.11	HG03688.1,HG03688.2	1	1	2	backbone,backbone
HG03688	full-ens	HLA-C	C	two_field	HG00235.1,HG04187.2	4.65	HG03688.1,HG03688.2	1	1	2	backbone,backbone
HG03688	full-ens	HLA-C	C	g_group	HG00235.1,HG04187.2	4.65	HG03688.1,HG03688.2	1	1	2	backbone,backbone
HG03688	full-ens	HLA-C	C	cds_exact	HG00235.1,HG04187.2	4.65	HG03688.1,HG03688.2	1	1	2	backbone,backbone
HG03688	full-ens	HLA-C	C	gene_exact	HG00235.1,HG04187.2	4.65	HG03688.1,HG03688.2	1	1	2	backbone,backbone
HG03688	full-ens	HLA-DP	DPA1	two_field	NA20905.2,HG03942.2~DPB1_105-01-01-01	8.77	HG03688.1,HG03688.2	1	1	2	backbone,backbone
HG03688	full-ens	HLA-DP	DPA1	g_group	NA20905.2,HG03942.2~DPB1_105-01-01-01	8.77	HG03688.1,HG03688.2	1	1	2	backbone,backbone
HG03688	full-ens	HLA-DP	DPA1	cds_exact	NA20905.2,HG03942.2~DPB1_105-01-01-01	8.77	HG03688.1,HG03688.2	1	1	2	backbone,backbone
HG03688	full-ens	HLA-DP	DPA1	gene_exact	NA20905.2,HG03942.2~DPB1_105-01-01-01	8.77	HG03688.1,HG03688.2	1	0	1	backbone,backbone
HG03688	full-ens	HLA-DP	DPB1	two_field	NA20905.2,HG03942.2~DPB1_105-01-01-01	8.77	HG03688.1,HG03688.2	1	0	1	backbone,ipd_near
HG03688	full-ens	HLA-DP	DPB1	g_group	NA20905.2,HG03942.2~DPB1_105-01-01-01	8.77	HG03688.1,HG03688.2	1	1	2	backbone,ipd_near
HG03688	full-ens	HLA-DP	DPB1	cds_exact	NA20905.2,HG03942.2~DPB1_105-01-01-01	8.77	HG03688.1,HG03688.2	1	0	1	backbone,ipd_near
HG03688	full-ens	HLA-DP	DPB1	gene_exact	NA20905.2,HG03942.2~DPB1_105-01-01-01	8.77	HG03688.1,HG03688.2	0	0	1	backbone,ipd_near
HG03688	full-ens	HLA-DQ	DQA1	two_field	HG01981.2,NA21106.1	12.57	HG03688.1,HG03688.2	1	1	2	backbone,backbone
HG03688	full-ens	HLA-DQ	DQA1	g_group	HG01981.2,NA21106.1	12.57	HG03688.1,HG03688.2	1	1	2	backbone,backbone
HG03688	full-ens	HLA-DQ	DQA1	cds_exact	HG01981.2,NA21106.1	12.57	HG03688.1,HG03688.2	1	1	2	backbone,backbone
HG03688	full-ens	HLA-DQ	DQA1	gene_exact	HG01981.2,NA21106.1	12.57	HG03688.1,HG03688.2	1	1	2	backbone,backbone
HG03688	full-ens	HLA-DQ	DQB1	two_field	HG01981.2,NA21106.1	12.57	HG03688.1,HG03688.2	1	1	2	backbone,backbone
HG03688	full-ens	HLA-DQ	DQB1	g_group	HG01981.2,NA21106.1	12.57	HG03688.1,HG03688.2	1	1	2	backbone,backbone
HG03688	full-ens	HLA-DQ	DQB1	cds_exact	HG01981.2,NA21106.1	12.57	HG03688.1,HG03688.2	1	1	2	backbone,backbone
HG03688	full-ens	HLA-DQ	DQB1	gene_exact	HG01981.2,NA21106.1	12.57	HG03688.1,HG03688.2	1	1	2	backbone,backbone
HG03688	full-ens	HLA-DRB1	DRB1	two_field	HG03239.1,NA18959.2	3.57	HG03688.1,HG03688.2	1	1	2	backbone,backbone
HG03688	full-ens	HLA-DRB1	DRB1	g_group	HG03239.1,NA18959.2	3.57	HG03688.1,HG03688.2	1	1	2	backbone,backbone
HG03688	full-ens	HLA-DRB1	DRB1	cds_exact	HG03239.1,NA18959.2	3.57	HG03688.1,HG03688.2	1	1	2	backbone,backbone
HG03688	full-ens	HLA-DRB1	DRB1	gene_exact	HG03239.1,NA18959.2	3.57	HG03688.1,HG03688.2	1	1	2	backbone,backbone
HG03688	full-ens	HLA-DRB345	DRB3	two_field	HG03239.1,apr006.2	11.89	HG03688.1,HG03688.2	1	1	2	backbone,backbone
HG03688	full-ens	HLA-DRB345	DRB3	g_group	HG03239.1,apr006.2	11.89	HG03688.1,HG03688.2	1	1	2	backbone,backbone
HG03688	full-ens	HLA-DRB345	DRB3	cds_exact	HG03239.1,apr006.2	11.89	HG03688.1,HG03688.2	1	1	2	backbone,backbone
HG03688	full-ens	HLA-DRB345	DRB3	gene_exact	HG03239.1,apr006.2	11.89	HG03688.1,HG03688.2	1	1	2	backbone,backbone
HG03688	full-ens	HLA-DRB345	DRB4	two_field	HG03239.1,apr006.2	11.89	HG03688.1,HG03688.2	1	1	2	backbone,backbone
HG03688	full-ens	HLA-DRB345	DRB4	g_group	HG03239.1,apr006.2	11.89	HG03688.1,HG03688.2	1	1	2	backbone,backbone
HG03688	full-ens	HLA-DRB345	DRB4	cds_exact	HG03239.1,apr006.2	11.89	HG03688.1,HG03688.2	1	1	2	backbone,backbone
HG03688	full-ens	HLA-DRB345	DRB4	gene_exact	HG03239.1,apr006.2	11.89	HG03688.1,HG03688.2	1	1	2	backbone,backbone
HG03688	full-ens	HLA-DRB345	DRB5	two_field	HG03239.1,apr006.2	11.89	HG03688.1,HG03688.2	1	1	2	backbone,backbone
HG03688	full-ens	HLA-DRB345	DRB5	g_group	HG03239.1,apr006.2	11.89	HG03688.1,HG03688.2	1	1	2	backbone,backbone
HG03688	full-ens	HLA-DRB345	DRB5	cds_exact	HG03239.1,apr006.2	11.89	HG03688.1,HG03688.2	1	1	2	backbone,backbone
HG03688	full-ens	HLA-DRB345	DRB5	gene_exact	HG03239.1,apr006.2	11.89	HG03688.1,HG03688.2	1	0	1	backbone,backbone
HG03742	full-ens	HLA-A	A	two_field	HG00128.2,HG00140.2	2.58	HG03742.1,HG03742.2	1	1	2	backbone,backbone
HG03742	full-ens	HLA-A	A	g_group	HG00128.2,HG00140.2	2.58	HG03742.1,HG03742.2	1	1	2	backbone,backbone
HG03742	full-ens	HLA-A	A	cds_exact	HG00128.2,HG00140.2	2.58	HG03742.1,HG03742.2	1	1	2	backbone,backbone
HG03742	full-ens	HLA-A	A	gene_exact	HG00128.2,HG00140.2	2.58	HG03742.1,HG03742.2	1	1	2	backbone,backbone
HG03742	full-ens	HLA-B	B	two_field	HG03239.1,HG03834.2	1.66	HG03742.1,HG03742.2	1	1	2	backbone,backbone
HG03742	full-ens	HLA-B	B	g_group	HG03239.1,HG03834.2	1.66	HG03742.1,HG03742.2	1	1	2	backbone,backbone
HG03742	full-ens	HLA-B	B	cds_exact	HG03239.1,HG03834.2	1.66	HG03742.1,HG03742.2	1	1	2	backbone,backbone
HG03742	full-ens	HLA-B	B	gene_exact	HG03239.1,HG03834.2	1.66	HG03742.1,HG03742.2	1	1	2	backbone,backbone
HG03742	full-ens	HLA-C	C	two_field	HG00140.2,apr-f.1	3.73	HG03742.1,HG03742.2	1	1	2	backbone,backbone
HG03742	full-ens	HLA-C	C	g_group	HG00140.2,apr-f.1	3.73	HG03742.1,HG03742.2	1	1	2	backbone,backbone
HG03742	full-ens	HLA-C	C	cds_exact	HG00140.2,apr-f.1	3.73	HG03742.1,HG03742.2	1	1	2	backbone,backbone
HG03742	full-ens	HLA-C	C	gene_exact	HG00140.2,apr-f.1	3.73	HG03742.1,HG03742.2	1	1	2	backbone,backbone
HG03742	full-ens	HLA-DP	DPA1	two_field	NA20805.1,RY06.2	3.06	HG03742.1,HG03742.2	1	1	2	backbone,backbone
HG03742	full-ens	HLA-DP	DPA1	g_group	NA20805.1,RY06.2	3.06	HG03742.1,HG03742.2	1	1	2	backbone,backbone
HG03742	full-ens	HLA-DP	DPA1	cds_exact	NA20805.1,RY06.2	3.06	HG03742.1,HG03742.2	1	1	2	backbone,backbone
HG03742	full-ens	HLA-DP	DPA1	gene_exact	NA20805.1,RY06.2	3.06	HG03742.1,HG03742.2	1	1	2	backbone,backbone
HG03742	full-ens	HLA-DP	DPB1	two_field	NA20805.1,RY06.2	3.06	HG03742.1,HG03742.2	1	1	2	backbone,backbone
HG03742	full-ens	HLA-DP	DPB1	g_group	NA20805.1,RY06.2	3.06	HG03742.1,HG03742.2	1	1	2	backbone,backbone
HG03742	full-ens	HLA-DP	DPB1	cds_exact	NA20805.1,RY06.2	3.06	HG03742.1,HG03742.2	1	1	2	backbone,backbone
HG03742	full-ens	HLA-DP	DPB1	gene_exact	NA20805.1,RY06.2	3.06	HG03742.1,HG03742.2	1	1	2	backbone,backbone
HG03742	full-ens	HLA-DQ	DQA1	two_field	HG00558.2,HG02300.1	4.7	HG03742.1,HG03742.2	1	1	2	backbone,backbone
HG03742	full-ens	HLA-DQ	DQA1	g_group	HG00558.2,HG02300.1	4.7	HG03742.1,HG03742.2	1	1	2	backbone,backbone
HG03742	full-ens	HLA-DQ	DQA1	cds_exact	HG00558.2,HG02300.1	4.7	HG03742.1,HG03742.2	1	1	2	backbone,backbone
HG03742	full-ens	HLA-DQ	DQA1	gene_exact	HG00558.2,HG02300.1	4.7	HG03742.1,HG03742.2	1	1	2	backbone,backbone
HG03742	full-ens	HLA-DQ	DQB1	two_field	HG00558.2,HG02300.1	4.7	HG03742.1,HG03742.2	1	1	2	backbone,backbone
HG03742	full-ens	HLA-DQ	DQB1	g_group	HG00558.2,HG02300.1	4.7	HG03742.1,HG03742.2	1	1	2	backbone,backbone
HG03742	full-ens	HLA-DQ	DQB1	cds_exact	HG00558.2,HG02300.1	4.7	HG03742.1,HG03742.2	1	1	2	backbone,backbone
HG03742	full-ens	HLA-DQ	DQB1	gene_exact	HG00558.2,HG02300.1	4.7	HG03742.1,HG03742.2	1	1	2	backbone,backbone
HG03742	full-ens	HLA-DRB1	DRB1	two_field	HG03239.1,apr002.2	1.94	HG03742.1,HG03742.2	1	1	2	backbone,backbone
HG03742	full-ens	HLA-DRB1	DRB1	g_group	HG03239.1,apr002.2	1.94	HG03742.1,HG03742.2	1	1	2	backbone,backbone
HG03742	full-ens	HLA-DRB1	DRB1	cds_exact	HG03239.1,apr002.2	1.94	HG03742.1,HG03742.2	1	1	2	backbone,backbone
HG03742	full-ens	HLA-DRB1	DRB1	gene_exact	HG03239.1,apr002.2	1.94	HG03742.1,HG03742.2	1	0	1	backbone,backbone
HG03742	full-ens	HLA-DRB345	DRB3	two_field	HG00558.2,HG03688.1	2.41	HG03742.1,HG03742.2	1	1	2	backbone,backbone
HG03742	full-ens	HLA-DRB345	DRB3	g_group	HG00558.2,HG03688.1	2.41	HG03742.1,HG03742.2	1	1	2	backbone,backbone
HG03742	full-ens	HLA-DRB345	DRB3	cds_exact	HG00558.2,HG03688.1	2.41	HG03742.1,HG03742.2	1	1	2	backbone,backbone
HG03742	full-ens	HLA-DRB345	DRB3	gene_exact	HG00558.2,HG03688.1	2.41	HG03742.1,HG03742.2	1	1	2	backbone,backbone
HG03742	full-ens	HLA-DRB345	DRB4	two_field	HG00558.2,HG03688.1	2.41	HG03742.1,HG03742.2	1	1	2	backbone,backbone
HG03742	full-ens	HLA-DRB345	DRB4	g_group	HG00558.2,HG03688.1	2.41	HG03742.1,HG03742.2	1	1	2	backbone,backbone
HG03742	full-ens	HLA-DRB345	DRB4	cds_exact	HG00558.2,HG03688.1	2.41	HG03742.1,HG03742.2	1	1	2	backbone,backbone
HG03742	full-ens	HLA-DRB345	DRB4	gene_exact	HG00558.2,HG03688.1	2.41	HG03742.1,HG03742.2	1	0	1	backbone,backbone
HG03742	full-ens	HLA-DRB345	DRB5	two_field	HG00558.2,HG03688.1	2.41	HG03742.1,HG03742.2	1	1	2	backbone,backbone
HG03742	full-ens	HLA-DRB345	DRB5	g_group	HG00558.2,HG03688.1	2.41	HG03742.1,HG03742.2	1	1	2	backbone,backbone
HG03742	full-ens	HLA-DRB345	DRB5	cds_exact	HG00558.2,HG03688.1	2.41	HG03742.1,HG03742.2	1	1	2	backbone,backbone
HG03742	full-ens	HLA-DRB345	DRB5	gene_exact	HG00558.2,HG03688.1	2.41	HG03742.1,HG03742.2	1	1	2	backbone,backbone
HG03784	full-ens	HLA-A	A	two_field	apr013.2,HG00128.1~A_02-09-01-01	4.82	HG03784.1,HG03784.2	1	1	2	backbone,ipd_near
HG03784	full-ens	HLA-A	A	g_group	apr013.2,HG00128.1~A_02-09-01-01	4.82	HG03784.1,HG03784.2	1	1	2	backbone,ipd_near
HG03784	full-ens	HLA-A	A	cds_exact	apr013.2,HG00128.1~A_02-09-01-01	4.82	HG03784.1,HG03784.2	1	1	2	backbone,ipd_near
HG03784	full-ens	HLA-A	A	gene_exact	apr013.2,HG00128.1~A_02-09-01-01	4.82	HG03784.1,HG03784.2	0	0	1	backbone,ipd_near
HG03784	full-ens	HLA-B	B	two_field	HG01109.2,HG03688.1~B_35-03-01-01	6.96	HG03784.1,HG03784.2	1	1	2	backbone,ipd_near
HG03784	full-ens	HLA-B	B	g_group	HG01109.2,HG03688.1~B_35-03-01-01	6.96	HG03784.1,HG03784.2	1	1	2	backbone,ipd_near
HG03784	full-ens	HLA-B	B	cds_exact	HG01109.2,HG03688.1~B_35-03-01-01	6.96	HG03784.1,HG03784.2	1	1	2	backbone,ipd_near
HG03784	full-ens	HLA-B	B	gene_exact	HG01109.2,HG03688.1~B_35-03-01-01	6.96	HG03784.1,HG03784.2	0	0	1	backbone,ipd_near
HG03784	full-ens	HLA-C	C	two_field	HG01109.1,HG01960.1	3.03	HG03784.1,HG03784.2	1	1	2	backbone,backbone
HG03784	full-ens	HLA-C	C	g_group	HG01109.1,HG01960.1	3.03	HG03784.1,HG03784.2	1	1	2	backbone,backbone
HG03784	full-ens	HLA-C	C	cds_exact	HG01109.1,HG01960.1	3.03	HG03784.1,HG03784.2	1	1	2	backbone,backbone
HG03784	full-ens	HLA-C	C	gene_exact	HG01109.1,HG01960.1	3.03	HG03784.1,HG03784.2	1	1	2	backbone,backbone
HG03784	full-ens	HLA-DP	DPA1	two_field	HG03710.1,HIFI032529D.2	5.64	HG03784.1,HG03784.2	1	1	2	backbone,backbone
HG03784	full-ens	HLA-DP	DPA1	g_group	HG03710.1,HIFI032529D.2	5.64	HG03784.1,HG03784.2	1	1	2	backbone,backbone
HG03784	full-ens	HLA-DP	DPA1	cds_exact	HG03710.1,HIFI032529D.2	5.64	HG03784.1,HG03784.2	1	1	2	backbone,backbone
HG03784	full-ens	HLA-DP	DPA1	gene_exact	HG03710.1,HIFI032529D.2	5.64	HG03784.1,HG03784.2	1	0	1	backbone,backbone
HG03784	full-ens	HLA-DP	DPB1	two_field	HG03710.1,HIFI032529D.2	5.64	HG03784.1,HG03784.2	1	1	2	backbone,backbone
HG03784	full-ens	HLA-DP	DPB1	g_group	HG03710.1,HIFI032529D.2	5.64	HG03784.1,HG03784.2	1	1	2	backbone,backbone
HG03784	full-ens	HLA-DP	DPB1	cds_exact	HG03710.1,HIFI032529D.2	5.64	HG03784.1,HG03784.2	1	1	2	backbone,backbone
HG03784	full-ens	HLA-DP	DPB1	gene_exact	HG03710.1,HIFI032529D.2	5.64	HG03784.1,HG03784.2	1	1	2	backbone,backbone
HG03784	full-ens	HLA-DQ	DQA1	two_field	HG00128.2,HG03710.2	3.06	HG03784.1,HG03784.2	1	1	2	backbone,backbone
HG03784	full-ens	HLA-DQ	DQA1	g_group	HG00128.2,HG03710.2	3.06	HG03784.1,HG03784.2	1	1	2	backbone,backbone
HG03784	full-ens	HLA-DQ	DQA1	cds_exact	HG00128.2,HG03710.2	3.06	HG03784.1,HG03784.2	1	1	2	backbone,backbone
HG03784	full-ens	HLA-DQ	DQA1	gene_exact	HG00128.2,HG03710.2	3.06	HG03784.1,HG03784.2	1	0	1	backbone,backbone
HG03784	full-ens	HLA-DQ	DQB1	two_field	HG00128.2,HG03710.2	3.06	HG03784.1,HG03784.2	1	1	2	backbone,backbone
HG03784	full-ens	HLA-DQ	DQB1	g_group	HG00128.2,HG03710.2	3.06	HG03784.1,HG03784.2	1	1	2	backbone,backbone
HG03784	full-ens	HLA-DQ	DQB1	cds_exact	HG00128.2,HG03710.2	3.06	HG03784.1,HG03784.2	1	1	2	backbone,backbone
HG03784	full-ens	HLA-DQ	DQB1	gene_exact	HG00128.2,HG03710.2	3.06	HG03784.1,HG03784.2	1	1	2	backbone,backbone
HG03784	full-ens	HLA-DRB1	DRB1	two_field	HG00280.1,apr041.1	8.37	HG03784.1,HG03784.2	1	1	2	backbone,backbone
HG03784	full-ens	HLA-DRB1	DRB1	g_group	HG00280.1,apr041.1	8.37	HG03784.1,HG03784.2	1	1	2	backbone,backbone
HG03784	full-ens	HLA-DRB1	DRB1	cds_exact	HG00280.1,apr041.1	8.37	HG03784.1,HG03784.2	1	1	2	backbone,backbone
HG03784	full-ens	HLA-DRB1	DRB1	gene_exact	HG00280.1,apr041.1	8.37	HG03784.1,HG03784.2	1	0	0	backbone,backbone
HG03784	full-ens	HLA-DRB345	DRB3	two_field	HG00280.1,HG03710.2	2.19	HG03784.1,HG03784.2	1	1	2	backbone,backbone
HG03784	full-ens	HLA-DRB345	DRB3	g_group	HG00280.1,HG03710.2	2.19	HG03784.1,HG03784.2	1	1	2	backbone,backbone
HG03784	full-ens	HLA-DRB345	DRB3	cds_exact	HG00280.1,HG03710.2	2.19	HG03784.1,HG03784.2	1	1	2	backbone,backbone
HG03784	full-ens	HLA-DRB345	DRB3	gene_exact	HG00280.1,HG03710.2	2.19	HG03784.1,HG03784.2	1	0	1	backbone,backbone
HG03784	full-ens	HLA-DRB345	DRB4	two_field	HG00280.1,HG03710.2	2.19	HG03784.1,HG03784.2	1	1	2	backbone,backbone
HG03784	full-ens	HLA-DRB345	DRB4	g_group	HG00280.1,HG03710.2	2.19	HG03784.1,HG03784.2	1	1	2	backbone,backbone
HG03784	full-ens	HLA-DRB345	DRB4	cds_exact	HG00280.1,HG03710.2	2.19	HG03784.1,HG03784.2	1	1	2	backbone,backbone
HG03784	full-ens	HLA-DRB345	DRB4	gene_exact	HG00280.1,HG03710.2	2.19	HG03784.1,HG03784.2	1	1	2	backbone,backbone
HG03784	full-ens	HLA-DRB345	DRB5	two_field	HG00280.1,HG03710.2	2.19	HG03784.1,HG03784.2	1	1	2	backbone,backbone
HG03784	full-ens	HLA-DRB345	DRB5	g_group	HG00280.1,HG03710.2	2.19	HG03784.1,HG03784.2	1	1	2	backbone,backbone
HG03784	full-ens	HLA-DRB345	DRB5	cds_exact	HG00280.1,HG03710.2	2.19	HG03784.1,HG03784.2	1	1	2	backbone,backbone
HG03784	full-ens	HLA-DRB345	DRB5	gene_exact	HG00280.1,HG03710.2	2.19	HG03784.1,HG03784.2	1	1	2	backbone,backbone
HG03804	full-ens	HLA-A	A	two_field	HG00140.2,HG01530.2	5.86	HG03804.1,HG03804.2	1	1	2	backbone,backbone
HG03804	full-ens	HLA-A	A	g_group	HG00140.2,HG01530.2	5.86	HG03804.1,HG03804.2	1	1	2	backbone,backbone
HG03804	full-ens	HLA-A	A	cds_exact	HG00140.2,HG01530.2	5.86	HG03804.1,HG03804.2	1	1	2	backbone,backbone
HG03804	full-ens	HLA-A	A	gene_exact	HG00140.2,HG01530.2	5.86	HG03804.1,HG03804.2	1	1	2	backbone,backbone
HG03804	full-ens	HLA-B	B	two_field	HG02080.2,NA21093.1	2.77	HG03804.1,HG03804.2	1	1	2	backbone,backbone
HG03804	full-ens	HLA-B	B	g_group	HG02080.2,NA21093.1	2.77	HG03804.1,HG03804.2	1	1	2	backbone,backbone
HG03804	full-ens	HLA-B	B	cds_exact	HG02080.2,NA21093.1	2.77	HG03804.1,HG03804.2	1	1	2	backbone,backbone
HG03804	full-ens	HLA-B	B	gene_exact	HG02080.2,NA21093.1	2.77	HG03804.1,HG03804.2	1	0	1	backbone,backbone
HG03804	full-ens	HLA-C	C	two_field	HG00558.2,RY03.1	4.68	HG03804.1,HG03804.2	1	1	2	backbone,backbone
HG03804	full-ens	HLA-C	C	g_group	HG00558.2,RY03.1	4.68	HG03804.1,HG03804.2	1	1	2	backbone,backbone
HG03804	full-ens	HLA-C	C	cds_exact	HG00558.2,RY03.1	4.68	HG03804.1,HG03804.2	1	1	2	backbone,backbone
HG03804	full-ens	HLA-C	C	gene_exact	HG00558.2,RY03.1	4.68	HG03804.1,HG03804.2	1	1	2	backbone,backbone
HG03804	full-ens	HLA-DP	DPA1	two_field	HG00290.1,HG02040.1	5.27	HG03804.1,HG03804.2	1	1	2	backbone,backbone
HG03804	full-ens	HLA-DP	DPA1	g_group	HG00290.1,HG02040.1	5.27	HG03804.1,HG03804.2	1	1	2	backbone,backbone
HG03804	full-ens	HLA-DP	DPA1	cds_exact	HG00290.1,HG02040.1	5.27	HG03804.1,HG03804.2	1	1	2	backbone,backbone
HG03804	full-ens	HLA-DP	DPA1	gene_exact	HG00290.1,HG02040.1	5.27	HG03804.1,HG03804.2	1	1	2	backbone,backbone
HG03804	full-ens	HLA-DP	DPB1	two_field	HG00290.1,HG02040.1	5.27	HG03804.1,HG03804.2	1	1	2	backbone,backbone
HG03804	full-ens	HLA-DP	DPB1	g_group	HG00290.1,HG02040.1	5.27	HG03804.1,HG03804.2	1	1	2	backbone,backbone
HG03804	full-ens	HLA-DP	DPB1	cds_exact	HG00290.1,HG02040.1	5.27	HG03804.1,HG03804.2	1	1	2	backbone,backbone
HG03804	full-ens	HLA-DP	DPB1	gene_exact	HG00290.1,HG02040.1	5.27	HG03804.1,HG03804.2	1	1	2	backbone,backbone
HG03804	full-ens	HLA-DQ	DQA1	two_field	HIFI032529D.2,NA21106.1	2.09	HG03804.1,HG03804.2	1	1	2	backbone,backbone
HG03804	full-ens	HLA-DQ	DQA1	g_group	HIFI032529D.2,NA21106.1	2.09	HG03804.1,HG03804.2	1	1	2	backbone,backbone
HG03804	full-ens	HLA-DQ	DQA1	cds_exact	HIFI032529D.2,NA21106.1	2.09	HG03804.1,HG03804.2	1	1	2	backbone,backbone
HG03804	full-ens	HLA-DQ	DQA1	gene_exact	HIFI032529D.2,NA21106.1	2.09	HG03804.1,HG03804.2	1	1	2	backbone,backbone
HG03804	full-ens	HLA-DQ	DQB1	two_field	HIFI032529D.2,NA21106.1	2.09	HG03804.1,HG03804.2	1	1	2	backbone,backbone
HG03804	full-ens	HLA-DQ	DQB1	g_group	HIFI032529D.2,NA21106.1	2.09	HG03804.1,HG03804.2	1	1	2	backbone,backbone
HG03804	full-ens	HLA-DQ	DQB1	cds_exact	HIFI032529D.2,NA21106.1	2.09	HG03804.1,HG03804.2	1	1	2	backbone,backbone
HG03804	full-ens	HLA-DQ	DQB1	gene_exact	HIFI032529D.2,NA21106.1	2.09	HG03804.1,HG03804.2	1	1	2	backbone,backbone
HG03804	full-ens	HLA-DRB1	DRB1	two_field	HG04160.2,HIFI032373D.2	1.75	HG03804.1,HG03804.2	1	1	2	backbone,backbone
HG03804	full-ens	HLA-DRB1	DRB1	g_group	HG04160.2,HIFI032373D.2	1.75	HG03804.1,HG03804.2	1	1	2	backbone,backbone
HG03804	full-ens	HLA-DRB1	DRB1	cds_exact	HG04160.2,HIFI032373D.2	1.75	HG03804.1,HG03804.2	1	1	2	backbone,backbone
HG03804	full-ens	HLA-DRB1	DRB1	gene_exact	HG04160.2,HIFI032373D.2	1.75	HG03804.1,HG03804.2	1	0	1	backbone,backbone
HG03804	full-ens	HLA-DRB345	DRB3	two_field	HG02698.1,NA20850.2	2.85	HG03804.1,HG03804.2	1	1	2	backbone,backbone
HG03804	full-ens	HLA-DRB345	DRB3	g_group	HG02698.1,NA20850.2	2.85	HG03804.1,HG03804.2	1	1	2	backbone,backbone
HG03804	full-ens	HLA-DRB345	DRB3	cds_exact	HG02698.1,NA20850.2	2.85	HG03804.1,HG03804.2	1	1	2	backbone,backbone
HG03804	full-ens	HLA-DRB345	DRB3	gene_exact	HG02698.1,NA20850.2	2.85	HG03804.1,HG03804.2	1	1	2	backbone,backbone
HG03804	full-ens	HLA-DRB345	DRB4	two_field	HG02698.1,NA20850.2	2.85	HG03804.1,HG03804.2	1	1	2	backbone,backbone
HG03804	full-ens	HLA-DRB345	DRB4	g_group	HG02698.1,NA20850.2	2.85	HG03804.1,HG03804.2	1	1	2	backbone,backbone
HG03804	full-ens	HLA-DRB345	DRB4	cds_exact	HG02698.1,NA20850.2	2.85	HG03804.1,HG03804.2	1	1	2	backbone,backbone
HG03804	full-ens	HLA-DRB345	DRB4	gene_exact	HG02698.1,NA20850.2	2.85	HG03804.1,HG03804.2	1	1	2	backbone,backbone
HG03804	full-ens	HLA-DRB345	DRB5	two_field	HG02698.1,NA20850.2	2.85	HG03804.1,HG03804.2	1	1	2	backbone,backbone
HG03804	full-ens	HLA-DRB345	DRB5	g_group	HG02698.1,NA20850.2	2.85	HG03804.1,HG03804.2	1	1	2	backbone,backbone
HG03804	full-ens	HLA-DRB345	DRB5	cds_exact	HG02698.1,NA20850.2	2.85	HG03804.1,HG03804.2	1	1	2	backbone,backbone
HG03804	full-ens	HLA-DRB345	DRB5	gene_exact	HG02698.1,NA20850.2	2.85	HG03804.1,HG03804.2	1	0	1	backbone,backbone
HG03831	full-ens	HLA-A	A	two_field	apr014.1,HG01884.1~A_33-146	4.41	HG03831.1,HG03831.2	1	0	1	backbone,ipd_near
HG03831	full-ens	HLA-A	A	g_group	apr014.1,HG01884.1~A_33-146	4.41	HG03831.1,HG03831.2	1	1	2	backbone,ipd_near
HG03831	full-ens	HLA-A	A	cds_exact	apr014.1,HG01884.1~A_33-146	4.41	HG03831.1,HG03831.2	1	0	1	backbone,ipd_near
HG03831	full-ens	HLA-A	A	gene_exact	apr014.1,HG01884.1~A_33-146	4.41	HG03831.1,HG03831.2	0	0	0	backbone,ipd_near
HG03831	full-ens	HLA-B	B	two_field	HG03927.2,NA18940.1	4.15	HG03831.1,HG03831.2	1	1	2	backbone,backbone
HG03831	full-ens	HLA-B	B	g_group	HG03927.2,NA18940.1	4.15	HG03831.1,HG03831.2	1	1	2	backbone,backbone
HG03831	full-ens	HLA-B	B	cds_exact	HG03927.2,NA18940.1	4.15	HG03831.1,HG03831.2	1	1	2	backbone,backbone
HG03831	full-ens	HLA-B	B	gene_exact	HG03927.2,NA18940.1	4.15	HG03831.1,HG03831.2	1	1	2	backbone,backbone
HG03831	full-ens	HLA-C	C	two_field	HG02132.2,NA18940_JaSaPaGe.1	3.09	HG03831.1,HG03831.2	1	1	2	backbone,backbone
HG03831	full-ens	HLA-C	C	g_group	HG02132.2,NA18940_JaSaPaGe.1	3.09	HG03831.1,HG03831.2	1	1	2	backbone,backbone
HG03831	full-ens	HLA-C	C	cds_exact	HG02132.2,NA18940_JaSaPaGe.1	3.09	HG03831.1,HG03831.2	1	1	2	backbone,backbone
HG03831	full-ens	HLA-C	C	gene_exact	HG02132.2,NA18940_JaSaPaGe.1	3.09	HG03831.1,HG03831.2	1	1	2	backbone,backbone
HG03831	full-ens	HLA-DP	DPA1	two_field	HG04204.2,apr013.1	2.83	HG03831.1,HG03831.2	1	1	2	backbone,backbone
HG03831	full-ens	HLA-DP	DPA1	g_group	HG04204.2,apr013.1	2.83	HG03831.1,HG03831.2	1	1	2	backbone,backbone
HG03831	full-ens	HLA-DP	DPA1	cds_exact	HG04204.2,apr013.1	2.83	HG03831.1,HG03831.2	1	1	2	backbone,backbone
HG03831	full-ens	HLA-DP	DPA1	gene_exact	HG04204.2,apr013.1	2.83	HG03831.1,HG03831.2	1	1	2	backbone,backbone
HG03831	full-ens	HLA-DP	DPB1	two_field	HG04204.2,apr013.1	2.83	HG03831.1,HG03831.2	1	1	2	backbone,backbone
HG03831	full-ens	HLA-DP	DPB1	g_group	HG04204.2,apr013.1	2.83	HG03831.1,HG03831.2	1	1	2	backbone,backbone
HG03831	full-ens	HLA-DP	DPB1	cds_exact	HG04204.2,apr013.1	2.83	HG03831.1,HG03831.2	1	1	2	backbone,backbone
HG03831	full-ens	HLA-DP	DPB1	gene_exact	HG04204.2,apr013.1	2.83	HG03831.1,HG03831.2	1	1	2	backbone,backbone
HG03831	full-ens	HLA-DQ	DQA1	two_field	HG04157.2,apr006.2	11.43	HG03831.1,HG03831.2	1	1	2	backbone,backbone
HG03831	full-ens	HLA-DQ	DQA1	g_group	HG04157.2,apr006.2	11.43	HG03831.1,HG03831.2	1	1	2	backbone,backbone
HG03831	full-ens	HLA-DQ	DQA1	cds_exact	HG04157.2,apr006.2	11.43	HG03831.1,HG03831.2	1	1	2	backbone,backbone
HG03831	full-ens	HLA-DQ	DQA1	gene_exact	HG04157.2,apr006.2	11.43	HG03831.1,HG03831.2	1	1	2	backbone,backbone
HG03831	full-ens	HLA-DQ	DQB1	two_field	HG04157.2,apr006.2	11.43	HG03831.1,HG03831.2	1	1	2	backbone,backbone
HG03831	full-ens	HLA-DQ	DQB1	g_group	HG04157.2,apr006.2	11.43	HG03831.1,HG03831.2	1	1	2	backbone,backbone
HG03831	full-ens	HLA-DQ	DQB1	cds_exact	HG04157.2,apr006.2	11.43	HG03831.1,HG03831.2	1	1	2	backbone,backbone
HG03831	full-ens	HLA-DQ	DQB1	gene_exact	HG04157.2,apr006.2	11.43	HG03831.1,HG03831.2	1	1	2	backbone,backbone
HG03831	full-ens	HLA-DRB1	DRB1	two_field	HG03669.1,apr040.1~DRB1_15-06-01	3.58	HG03831.1,HG03831.2	1	1	2	backbone,ipd_near
HG03831	full-ens	HLA-DRB1	DRB1	g_group	HG03669.1,apr040.1~DRB1_15-06-01	3.58	HG03831.1,HG03831.2	1	1	2	backbone,ipd_near
HG03831	full-ens	HLA-DRB1	DRB1	cds_exact	HG03669.1,apr040.1~DRB1_15-06-01	3.58	HG03831.1,HG03831.2	1	1	2	backbone,ipd_near
HG03831	full-ens	HLA-DRB1	DRB1	gene_exact	HG03669.1,apr040.1~DRB1_15-06-01	3.58	HG03831.1,HG03831.2	0	0	0	backbone,ipd_near
HG03831	full-ens	HLA-DRB345	DRB3	two_field	HIFI032529D.2,RY02.2	4.72	HG03831.1,HG03831.2	1	1	2	backbone,backbone
HG03831	full-ens	HLA-DRB345	DRB3	g_group	HIFI032529D.2,RY02.2	4.72	HG03831.1,HG03831.2	1	1	2	backbone,backbone
HG03831	full-ens	HLA-DRB345	DRB3	cds_exact	HIFI032529D.2,RY02.2	4.72	HG03831.1,HG03831.2	1	1	2	backbone,backbone
HG03831	full-ens	HLA-DRB345	DRB3	gene_exact	HIFI032529D.2,RY02.2	4.72	HG03831.1,HG03831.2	1	1	2	backbone,backbone
HG03831	full-ens	HLA-DRB345	DRB4	two_field	HIFI032529D.2,RY02.2	4.72	HG03831.1,HG03831.2	1	1	2	backbone,backbone
HG03831	full-ens	HLA-DRB345	DRB4	g_group	HIFI032529D.2,RY02.2	4.72	HG03831.1,HG03831.2	1	1	2	backbone,backbone
HG03831	full-ens	HLA-DRB345	DRB4	cds_exact	HIFI032529D.2,RY02.2	4.72	HG03831.1,HG03831.2	1	1	2	backbone,backbone
HG03831	full-ens	HLA-DRB345	DRB4	gene_exact	HIFI032529D.2,RY02.2	4.72	HG03831.1,HG03831.2	1	1	2	backbone,backbone
HG03831	full-ens	HLA-DRB345	DRB5	two_field	HIFI032529D.2,RY02.2	4.72	HG03831.1,HG03831.2	1	1	2	backbone,backbone
HG03831	full-ens	HLA-DRB345	DRB5	g_group	HIFI032529D.2,RY02.2	4.72	HG03831.1,HG03831.2	1	1	2	backbone,backbone
HG03831	full-ens	HLA-DRB345	DRB5	cds_exact	HIFI032529D.2,RY02.2	4.72	HG03831.1,HG03831.2	1	1	2	backbone,backbone
HG03831	full-ens	HLA-DRB345	DRB5	gene_exact	HIFI032529D.2,RY02.2	4.72	HG03831.1,HG03831.2	1	0	1	backbone,backbone
HG03874	full-ens	HLA-A	A	two_field	HG02976.2,apr001.1	2.65	HG03874.1,HG03874.2	1	1	2	backbone,backbone
HG03874	full-ens	HLA-A	A	g_group	HG02976.2,apr001.1	2.65	HG03874.1,HG03874.2	1	1	2	backbone,backbone
HG03874	full-ens	HLA-A	A	cds_exact	HG02976.2,apr001.1	2.65	HG03874.1,HG03874.2	1	1	2	backbone,backbone
HG03874	full-ens	HLA-A	A	gene_exact	HG02976.2,apr001.1	2.65	HG03874.1,HG03874.2	1	1	2	backbone,backbone
HG03874	full-ens	HLA-B	B	two_field	HG00133.2,HG03704.2	2.64	HG03874.1,HG03874.2	1	1	2	backbone,backbone
HG03874	full-ens	HLA-B	B	g_group	HG00133.2,HG03704.2	2.64	HG03874.1,HG03874.2	1	1	2	backbone,backbone
HG03874	full-ens	HLA-B	B	cds_exact	HG00133.2,HG03704.2	2.64	HG03874.1,HG03874.2	1	1	2	backbone,backbone
HG03874	full-ens	HLA-B	B	gene_exact	HG00133.2,HG03704.2	2.64	HG03874.1,HG03874.2	1	1	2	backbone,backbone
HG03874	full-ens	HLA-C	C	two_field	HG00558.2,HG01981.1	5.32	HG03874.1,HG03874.2	1	1	2	backbone,backbone
HG03874	full-ens	HLA-C	C	g_group	HG00558.2,HG01981.1	5.32	HG03874.1,HG03874.2	1	1	2	backbone,backbone
HG03874	full-ens	HLA-C	C	cds_exact	HG00558.2,HG01981.1	5.32	HG03874.1,HG03874.2	1	1	2	backbone,backbone
HG03874	full-ens	HLA-C	C	gene_exact	HG00558.2,HG01981.1	5.32	HG03874.1,HG03874.2	1	1	2	backbone,backbone
HG03874	full-ens	HLA-DP	DPA1	two_field	HG03831.2,HG03834.2	3.89	HG03874.1,HG03874.2	1	1	2	backbone,backbone
HG03874	full-ens	HLA-DP	DPA1	g_group	HG03831.2,HG03834.2	3.89	HG03874.1,HG03874.2	1	1	2	backbone,backbone
HG03874	full-ens	HLA-DP	DPA1	cds_exact	HG03831.2,HG03834.2	3.89	HG03874.1,HG03874.2	1	1	2	backbone,backbone
HG03874	full-ens	HLA-DP	DPA1	gene_exact	HG03831.2,HG03834.2	3.89	HG03874.1,HG03874.2	1	1	2	backbone,backbone
HG03874	full-ens	HLA-DP	DPB1	two_field	HG03831.2,HG03834.2	3.89	HG03874.1,HG03874.2	1	1	2	backbone,backbone
HG03874	full-ens	HLA-DP	DPB1	g_group	HG03831.2,HG03834.2	3.89	HG03874.1,HG03874.2	1	1	2	backbone,backbone
HG03874	full-ens	HLA-DP	DPB1	cds_exact	HG03831.2,HG03834.2	3.89	HG03874.1,HG03874.2	1	1	2	backbone,backbone
HG03874	full-ens	HLA-DP	DPB1	gene_exact	HG03831.2,HG03834.2	3.89	HG03874.1,HG03874.2	1	0	1	backbone,backbone
HG03874	full-ens	HLA-DQ	DQA1	two_field	apr52.1,HIFI032164D.2~DQA1_05-09-01-01	2.08	HG03874.1,HG03874.2	1	1	2	backbone,ipd_near
HG03874	full-ens	HLA-DQ	DQA1	g_group	apr52.1,HIFI032164D.2~DQA1_05-09-01-01	2.08	HG03874.1,HG03874.2	1	1	2	backbone,ipd_near
HG03874	full-ens	HLA-DQ	DQA1	cds_exact	apr52.1,HIFI032164D.2~DQA1_05-09-01-01	2.08	HG03874.1,HG03874.2	1	1	2	backbone,ipd_near
HG03874	full-ens	HLA-DQ	DQA1	gene_exact	apr52.1,HIFI032164D.2~DQA1_05-09-01-01	2.08	HG03874.1,HG03874.2	0	0	1	backbone,ipd_near
HG03874	full-ens	HLA-DQ	DQB1	two_field	apr52.1,HIFI032164D.2~DQA1_05-09-01-01	2.08	HG03874.1,HG03874.2	1	1	2	backbone,backbone
HG03874	full-ens	HLA-DQ	DQB1	g_group	apr52.1,HIFI032164D.2~DQA1_05-09-01-01	2.08	HG03874.1,HG03874.2	1	1	2	backbone,backbone
HG03874	full-ens	HLA-DQ	DQB1	cds_exact	apr52.1,HIFI032164D.2~DQA1_05-09-01-01	2.08	HG03874.1,HG03874.2	1	1	2	backbone,backbone
HG03874	full-ens	HLA-DQ	DQB1	gene_exact	apr52.1,HIFI032164D.2~DQA1_05-09-01-01	2.08	HG03874.1,HG03874.2	1	1	2	backbone,backbone
HG03874	full-ens	HLA-DRB1	DRB1	two_field	HG02080.2,apr011.1	6.13	HG03874.1,HG03874.2	1	1	2	backbone,backbone
HG03874	full-ens	HLA-DRB1	DRB1	g_group	HG02080.2,apr011.1	6.13	HG03874.1,HG03874.2	1	1	2	backbone,backbone
HG03874	full-ens	HLA-DRB1	DRB1	cds_exact	HG02080.2,apr011.1	6.13	HG03874.1,HG03874.2	1	1	2	backbone,backbone
HG03874	full-ens	HLA-DRB1	DRB1	gene_exact	HG02080.2,apr011.1	6.13	HG03874.1,HG03874.2	1	0	1	backbone,backbone
HG03874	full-ens	HLA-DRB345	DRB3	two_field	HG00733.1,HG03927.2	2.66	HG03874.1,HG03874.2	1	1	2	backbone,backbone
HG03874	full-ens	HLA-DRB345	DRB3	g_group	HG00733.1,HG03927.2	2.66	HG03874.1,HG03874.2	1	1	2	backbone,backbone
HG03874	full-ens	HLA-DRB345	DRB3	cds_exact	HG00733.1,HG03927.2	2.66	HG03874.1,HG03874.2	1	1	2	backbone,backbone
HG03874	full-ens	HLA-DRB345	DRB3	gene_exact	HG00733.1,HG03927.2	2.66	HG03874.1,HG03874.2	1	0	1	backbone,backbone
HG03874	full-ens	HLA-DRB345	DRB4	gene_exact	HG00733.1,HG03927.2	2.66	HG03874.1,HG03874.2	1	1	2	backbone,backbone
HG03874	full-ens	HLA-DRB345	DRB5	two_field	HG00733.1,HG03927.2	2.66	HG03874.1,HG03874.2	1	1	2	backbone,backbone
HG03874	full-ens	HLA-DRB345	DRB5	g_group	HG00733.1,HG03927.2	2.66	HG03874.1,HG03874.2	1	1	2	backbone,backbone
HG03874	full-ens	HLA-DRB345	DRB5	cds_exact	HG00733.1,HG03927.2	2.66	HG03874.1,HG03874.2	1	1	2	backbone,backbone
HG03874	full-ens	HLA-DRB345	DRB5	gene_exact	HG00733.1,HG03927.2	2.66	HG03874.1,HG03874.2	1	1	2	backbone,backbone
HG03927	full-ens	HLA-A	A	two_field	HG00097.2,HG00735.1	2.87	HG03927.1,HG03927.2	1	1	2	backbone,backbone
HG03927	full-ens	HLA-A	A	g_group	HG00097.2,HG00735.1	2.87	HG03927.1,HG03927.2	1	1	2	backbone,backbone
HG03927	full-ens	HLA-A	A	cds_exact	HG00097.2,HG00735.1	2.87	HG03927.1,HG03927.2	1	1	2	backbone,backbone
HG03927	full-ens	HLA-A	A	gene_exact	HG00097.2,HG00735.1	2.87	HG03927.1,HG03927.2	1	1	2	backbone,backbone
HG03927	full-ens	HLA-B	B	two_field	HG03017.1,HG03669.1	4.37	HG03927.1,HG03927.2	1	1	2	backbone,backbone
HG03927	full-ens	HLA-B	B	g_group	HG03017.1,HG03669.1	4.37	HG03927.1,HG03927.2	1	1	2	backbone,backbone
HG03927	full-ens	HLA-B	B	cds_exact	HG03017.1,HG03669.1	4.37	HG03927.1,HG03927.2	1	1	2	backbone,backbone
HG03927	full-ens	HLA-B	B	gene_exact	HG03017.1,HG03669.1	4.37	HG03927.1,HG03927.2	1	1	2	backbone,backbone
HG03927	full-ens	HLA-C	C	two_field	HG01150.2,apr-f.1	1.73	HG03927.1,HG03927.2	1	1	2	backbone,backbone
HG03927	full-ens	HLA-C	C	g_group	HG01150.2,apr-f.1	1.73	HG03927.1,HG03927.2	1	1	2	backbone,backbone
HG03927	full-ens	HLA-C	C	cds_exact	HG01150.2,apr-f.1	1.73	HG03927.1,HG03927.2	1	1	2	backbone,backbone
HG03927	full-ens	HLA-C	C	gene_exact	HG01150.2,apr-f.1	1.73	HG03927.1,HG03927.2	1	1	2	backbone,backbone
HG03927	full-ens	HLA-DP	DPA1	two_field	HG03654.1,HG03742.2	4.11	HG03927.1,HG03927.2	1	1	2	backbone,backbone
HG03927	full-ens	HLA-DP	DPA1	g_group	HG03654.1,HG03742.2	4.11	HG03927.1,HG03927.2	1	1	2	backbone,backbone
HG03927	full-ens	HLA-DP	DPA1	cds_exact	HG03654.1,HG03742.2	4.11	HG03927.1,HG03927.2	1	1	2	backbone,backbone
HG03927	full-ens	HLA-DP	DPA1	gene_exact	HG03654.1,HG03742.2	4.11	HG03927.1,HG03927.2	1	1	2	backbone,backbone
HG03927	full-ens	HLA-DP	DPB1	two_field	HG03654.1,HG03742.2	4.11	HG03927.1,HG03927.2	1	1	2	backbone,backbone
HG03927	full-ens	HLA-DP	DPB1	g_group	HG03654.1,HG03742.2	4.11	HG03927.1,HG03927.2	1	1	2	backbone,backbone
HG03927	full-ens	HLA-DP	DPB1	cds_exact	HG03654.1,HG03742.2	4.11	HG03927.1,HG03927.2	1	1	2	backbone,backbone
HG03927	full-ens	HLA-DP	DPB1	gene_exact	HG03654.1,HG03742.2	4.11	HG03927.1,HG03927.2	1	1	2	backbone,backbone
HG03927	full-ens	HLA-DQ	DQA1	two_field	HG02080.2,HG03710.2	6.63	HG03927.1,HG03927.2	1	1	2	backbone,backbone
HG03927	full-ens	HLA-DQ	DQA1	g_group	HG02080.2,HG03710.2	6.63	HG03927.1,HG03927.2	1	1	2	backbone,backbone
HG03927	full-ens	HLA-DQ	DQA1	cds_exact	HG02080.2,HG03710.2	6.63	HG03927.1,HG03927.2	1	1	2	backbone,backbone
HG03927	full-ens	HLA-DQ	DQA1	gene_exact	HG02080.2,HG03710.2	6.63	HG03927.1,HG03927.2	1	1	2	backbone,backbone
HG03927	full-ens	HLA-DQ	DQB1	two_field	HG02080.2,HG03710.2	6.63	HG03927.1,HG03927.2	1	1	2	backbone,backbone
HG03927	full-ens	HLA-DQ	DQB1	g_group	HG02080.2,HG03710.2	6.63	HG03927.1,HG03927.2	1	1	2	backbone,backbone
HG03927	full-ens	HLA-DQ	DQB1	cds_exact	HG02080.2,HG03710.2	6.63	HG03927.1,HG03927.2	1	1	2	backbone,backbone
HG03927	full-ens	HLA-DQ	DQB1	gene_exact	HG02080.2,HG03710.2	6.63	HG03927.1,HG03927.2	1	1	2	backbone,backbone
HG03927	full-ens	HLA-DRB1	DRB1	two_field	HG03874.2,apr041.1	11.18	HG03927.1,HG03927.2	1	1	2	backbone,backbone
HG03927	full-ens	HLA-DRB1	DRB1	g_group	HG03874.2,apr041.1	11.18	HG03927.1,HG03927.2	1	1	2	backbone,backbone
HG03927	full-ens	HLA-DRB1	DRB1	cds_exact	HG03874.2,apr041.1	11.18	HG03927.1,HG03927.2	1	1	2	backbone,backbone
HG03927	full-ens	HLA-DRB1	DRB1	gene_exact	HG03874.2,apr041.1	11.18	HG03927.1,HG03927.2	1	0	1	backbone,backbone
HG03927	full-ens	HLA-DRB345	DRB3	two_field	HG02602.2,HG04184.1	4.1	HG03927.1,HG03927.2	1	1	2	backbone,backbone
HG03927	full-ens	HLA-DRB345	DRB3	g_group	HG02602.2,HG04184.1	4.1	HG03927.1,HG03927.2	1	1	2	backbone,backbone
HG03927	full-ens	HLA-DRB345	DRB3	cds_exact	HG02602.2,HG04184.1	4.1	HG03927.1,HG03927.2	1	1	2	backbone,backbone
HG03927	full-ens	HLA-DRB345	DRB3	gene_exact	HG02602.2,HG04184.1	4.1	HG03927.1,HG03927.2	1	0	1	backbone,backbone
HG03927	full-ens	HLA-DRB345	DRB4	gene_exact	HG02602.2,HG04184.1	4.1	HG03927.1,HG03927.2	1	1	2	backbone,backbone
HG03927	full-ens	HLA-DRB345	DRB5	two_field	HG02602.2,HG04184.1	4.1	HG03927.1,HG03927.2	1	1	2	backbone,backbone
HG03927	full-ens	HLA-DRB345	DRB5	g_group	HG02602.2,HG04184.1	4.1	HG03927.1,HG03927.2	1	1	2	backbone,backbone
HG03927	full-ens	HLA-DRB345	DRB5	cds_exact	HG02602.2,HG04184.1	4.1	HG03927.1,HG03927.2	1	1	2	backbone,backbone
HG03927	full-ens	HLA-DRB345	DRB5	gene_exact	HG02602.2,HG04184.1	4.1	HG03927.1,HG03927.2	1	1	2	backbone,backbone
HG04115	full-ens	HLA-A	A	two_field	HG00741.1,HG02280.2	3.58	HG04115.1,HG04115.2	1	0	1	backbone,backbone
HG04115	full-ens	HLA-A	A	g_group	HG00741.1,HG02280.2	3.58	HG04115.1,HG04115.2	1	1	2	backbone,backbone
HG04115	full-ens	HLA-A	A	cds_exact	HG00741.1,HG02280.2	3.58	HG04115.1,HG04115.2	1	0	1	backbone,backbone
HG04115	full-ens	HLA-A	A	gene_exact	HG00741.1,HG02280.2	3.58	HG04115.1,HG04115.2	1	0	1	backbone,backbone
HG04115	full-ens	HLA-B	B	two_field	HG02080.2,HG03942.1	3.73	HG04115.1,HG04115.2	1	1	2	backbone,backbone
HG04115	full-ens	HLA-B	B	g_group	HG02080.2,HG03942.1	3.73	HG04115.1,HG04115.2	1	1	2	backbone,backbone
HG04115	full-ens	HLA-B	B	cds_exact	HG02080.2,HG03942.1	3.73	HG04115.1,HG04115.2	1	1	2	backbone,backbone
HG04115	full-ens	HLA-B	B	gene_exact	HG02080.2,HG03942.1	3.73	HG04115.1,HG04115.2	1	1	2	backbone,backbone
HG04115	full-ens	HLA-C	C	two_field	HG00558.2,apr016.1	1.87	HG04115.1,HG04115.2	1	1	2	backbone,backbone
HG04115	full-ens	HLA-C	C	g_group	HG00558.2,apr016.1	1.87	HG04115.1,HG04115.2	1	1	2	backbone,backbone
HG04115	full-ens	HLA-C	C	cds_exact	HG00558.2,apr016.1	1.87	HG04115.1,HG04115.2	1	1	2	backbone,backbone
HG04115	full-ens	HLA-C	C	gene_exact	HG00558.2,apr016.1	1.87	HG04115.1,HG04115.2	1	1	2	backbone,backbone
HG04115	full-ens	HLA-DP	DPA1	two_field	HG01784.1,HG04184.1	3.02	HG04115.1,HG04115.2	1	1	2	backbone,backbone
HG04115	full-ens	HLA-DP	DPA1	g_group	HG01784.1,HG04184.1	3.02	HG04115.1,HG04115.2	1	1	2	backbone,backbone
HG04115	full-ens	HLA-DP	DPA1	cds_exact	HG01784.1,HG04184.1	3.02	HG04115.1,HG04115.2	1	1	2	backbone,backbone
HG04115	full-ens	HLA-DP	DPA1	gene_exact	HG01784.1,HG04184.1	3.02	HG04115.1,HG04115.2	1	1	2	backbone,backbone
HG04115	full-ens	HLA-DP	DPB1	two_field	HG01784.1,HG04184.1	3.02	HG04115.1,HG04115.2	1	1	2	backbone,backbone
HG04115	full-ens	HLA-DP	DPB1	g_group	HG01784.1,HG04184.1	3.02	HG04115.1,HG04115.2	1	1	2	backbone,backbone
HG04115	full-ens	HLA-DP	DPB1	cds_exact	HG01784.1,HG04184.1	3.02	HG04115.1,HG04115.2	1	1	2	backbone,backbone
HG04115	full-ens	HLA-DP	DPB1	gene_exact	HG01784.1,HG04184.1	3.02	HG04115.1,HG04115.2	1	1	2	backbone,backbone
HG04115	full-ens	HLA-DQ	DQA1	two_field	HG03704.2,hg002.2	7.34	HG04115.1,HG04115.2	1	1	2	backbone,backbone
HG04115	full-ens	HLA-DQ	DQA1	g_group	HG03704.2,hg002.2	7.34	HG04115.1,HG04115.2	1	1	2	backbone,backbone
HG04115	full-ens	HLA-DQ	DQA1	cds_exact	HG03704.2,hg002.2	7.34	HG04115.1,HG04115.2	1	1	2	backbone,backbone
HG04115	full-ens	HLA-DQ	DQA1	gene_exact	HG03704.2,hg002.2	7.34	HG04115.1,HG04115.2	1	1	2	backbone,backbone
HG04115	full-ens	HLA-DQ	DQB1	two_field	HG03704.2,hg002.2	7.34	HG04115.1,HG04115.2	1	1	2	backbone,backbone
HG04115	full-ens	HLA-DQ	DQB1	g_group	HG03704.2,hg002.2	7.34	HG04115.1,HG04115.2	1	1	2	backbone,backbone
HG04115	full-ens	HLA-DQ	DQB1	cds_exact	HG03704.2,hg002.2	7.34	HG04115.1,HG04115.2	1	1	2	backbone,backbone
HG04115	full-ens	HLA-DQ	DQB1	gene_exact	HG03704.2,hg002.2	7.34	HG04115.1,HG04115.2	1	1	2	backbone,backbone
HG04115	full-ens	HLA-DRB1	DRB1	two_field	HG03927.2,apr030.2	5.43	HG04115.1,HG04115.2	1	1	2	backbone,backbone
HG04115	full-ens	HLA-DRB1	DRB1	g_group	HG03927.2,apr030.2	5.43	HG04115.1,HG04115.2	1	1	2	backbone,backbone
HG04115	full-ens	HLA-DRB1	DRB1	cds_exact	HG03927.2,apr030.2	5.43	HG04115.1,HG04115.2	1	1	2	backbone,backbone
HG04115	full-ens	HLA-DRB1	DRB1	gene_exact	HG03927.2,apr030.2	5.43	HG04115.1,HG04115.2	1	0	0	backbone,backbone
HG04115	full-ens	HLA-DRB345	DRB3	two_field	HG03704.2,KPanRef-073.1	2.03	HG04115.1,HG04115.2	1	1	2	backbone,backbone
HG04115	full-ens	HLA-DRB345	DRB3	g_group	HG03704.2,KPanRef-073.1	2.03	HG04115.1,HG04115.2	1	1	2	backbone,backbone
HG04115	full-ens	HLA-DRB345	DRB3	cds_exact	HG03704.2,KPanRef-073.1	2.03	HG04115.1,HG04115.2	1	1	2	backbone,backbone
HG04115	full-ens	HLA-DRB345	DRB3	gene_exact	HG03704.2,KPanRef-073.1	2.03	HG04115.1,HG04115.2	1	1	2	backbone,backbone
HG04115	full-ens	HLA-DRB345	DRB4	gene_exact	HG03704.2,KPanRef-073.1	2.03	HG04115.1,HG04115.2	1	1	2	backbone,backbone
HG04115	full-ens	HLA-DRB345	DRB5	two_field	HG03704.2,KPanRef-073.1	2.03	HG04115.1,HG04115.2	1	1	2	backbone,backbone
HG04115	full-ens	HLA-DRB345	DRB5	g_group	HG03704.2,KPanRef-073.1	2.03	HG04115.1,HG04115.2	1	1	2	backbone,backbone
HG04115	full-ens	HLA-DRB345	DRB5	cds_exact	HG03704.2,KPanRef-073.1	2.03	HG04115.1,HG04115.2	1	1	2	backbone,backbone
HG04115	full-ens	HLA-DRB345	DRB5	gene_exact	HG03704.2,KPanRef-073.1	2.03	HG04115.1,HG04115.2	1	1	2	backbone,backbone
HG04157	full-ens	HLA-A	A	two_field	HG00099.2,HG01884.1	1.55	HG04157.1,HG04157.2	1	1	2	backbone,backbone
HG04157	full-ens	HLA-A	A	g_group	HG00099.2,HG01884.1	1.55	HG04157.1,HG04157.2	1	1	2	backbone,backbone
HG04157	full-ens	HLA-A	A	cds_exact	HG00099.2,HG01884.1	1.55	HG04157.1,HG04157.2	1	1	2	backbone,backbone
HG04157	full-ens	HLA-A	A	gene_exact	HG00099.2,HG01884.1	1.55	HG04157.1,HG04157.2	1	1	2	backbone,backbone
HG04157	full-ens	HLA-B	B	two_field	HG02514.1,NA18971.2~B_40-11-01-01	17.36	HG04157.1,HG04157.2	1	0	1	backbone,ipd_near
HG04157	full-ens	HLA-B	B	g_group	HG02514.1,NA18971.2~B_40-11-01-01	17.36	HG04157.1,HG04157.2	1	0	1	backbone,ipd_near
HG04157	full-ens	HLA-B	B	cds_exact	HG02514.1,NA18971.2~B_40-11-01-01	17.36	HG04157.1,HG04157.2	1	0	1	backbone,ipd_near
HG04157	full-ens	HLA-B	B	gene_exact	HG02514.1,NA18971.2~B_40-11-01-01	17.36	HG04157.1,HG04157.2	0	0	1	backbone,ipd_near
HG04157	full-ens	HLA-C	C	two_field	HG03834.2,HG04204.2	2.4	HG04157.1,HG04157.2	1	1	2	backbone,backbone
HG04157	full-ens	HLA-C	C	g_group	HG03834.2,HG04204.2	2.4	HG04157.1,HG04157.2	1	1	2	backbone,backbone
HG04157	full-ens	HLA-C	C	cds_exact	HG03834.2,HG04204.2	2.4	HG04157.1,HG04157.2	1	1	2	backbone,backbone
HG04157	full-ens	HLA-C	C	gene_exact	HG03834.2,HG04204.2	2.4	HG04157.1,HG04157.2	1	1	2	backbone,backbone
HG04157	full-ens	HLA-DP	DPA1	two_field	HG02080.2,HG02602.1	5.08	HG04157.1,HG04157.2	1	1	2	backbone,backbone
HG04157	full-ens	HLA-DP	DPA1	g_group	HG02080.2,HG02602.1	5.08	HG04157.1,HG04157.2	1	1	2	backbone,backbone
HG04157	full-ens	HLA-DP	DPA1	cds_exact	HG02080.2,HG02602.1	5.08	HG04157.1,HG04157.2	1	1	2	backbone,backbone
HG04157	full-ens	HLA-DP	DPA1	gene_exact	HG02080.2,HG02602.1	5.08	HG04157.1,HG04157.2	1	0	1	backbone,backbone
HG04157	full-ens	HLA-DP	DPB1	two_field	HG02080.2,HG02602.1	5.08	HG04157.1,HG04157.2	1	0	1	backbone,backbone
HG04157	full-ens	HLA-DP	DPB1	g_group	HG02080.2,HG02602.1	5.08	HG04157.1,HG04157.2	1	0	1	backbone,backbone
HG04157	full-ens	HLA-DP	DPB1	cds_exact	HG02080.2,HG02602.1	5.08	HG04157.1,HG04157.2	1	0	1	backbone,backbone
HG04157	full-ens	HLA-DP	DPB1	gene_exact	HG02080.2,HG02602.1	5.08	HG04157.1,HG04157.2	1	0	1	backbone,backbone
HG04157	full-ens	HLA-DQ	DQA1	two_field	HG02735.1,NA21106.1	7.51	HG04157.1,HG04157.2	1	1	2	backbone,backbone
HG04157	full-ens	HLA-DQ	DQA1	g_group	HG02735.1,NA21106.1	7.51	HG04157.1,HG04157.2	1	1	2	backbone,backbone
HG04157	full-ens	HLA-DQ	DQA1	cds_exact	HG02735.1,NA21106.1	7.51	HG04157.1,HG04157.2	1	1	2	backbone,backbone
HG04157	full-ens	HLA-DQ	DQA1	gene_exact	HG02735.1,NA21106.1	7.51	HG04157.1,HG04157.2	1	1	2	backbone,backbone
HG04157	full-ens	HLA-DQ	DQB1	two_field	HG02735.1,NA21106.1	7.51	HG04157.1,HG04157.2	1	1	2	backbone,backbone
HG04157	full-ens	HLA-DQ	DQB1	g_group	HG02735.1,NA21106.1	7.51	HG04157.1,HG04157.2	1	1	2	backbone,backbone
HG04157	full-ens	HLA-DQ	DQB1	cds_exact	HG02735.1,NA21106.1	7.51	HG04157.1,HG04157.2	1	1	2	backbone,backbone
HG04157	full-ens	HLA-DQ	DQB1	gene_exact	HG02735.1,NA21106.1	7.51	HG04157.1,HG04157.2	1	1	2	backbone,backbone
HG04157	full-ens	HLA-DRB1	DRB1	two_field	NA19159.2,apr-f.1	2.65	HG04157.1,HG04157.2	1	1	2	backbone,backbone
HG04157	full-ens	HLA-DRB1	DRB1	g_group	NA19159.2,apr-f.1	2.65	HG04157.1,HG04157.2	1	1	2	backbone,backbone
HG04157	full-ens	HLA-DRB1	DRB1	cds_exact	NA19159.2,apr-f.1	2.65	HG04157.1,HG04157.2	1	1	2	backbone,backbone
HG04157	full-ens	HLA-DRB1	DRB1	gene_exact	NA19159.2,apr-f.1	2.65	HG04157.1,HG04157.2	1	0	0	backbone,backbone
HG04157	full-ens	HLA-DRB345	DRB3	two_field	HG03239.2,apr047.2	12.71	HG04157.1,HG04157.2	1	1	2	backbone,backbone
HG04157	full-ens	HLA-DRB345	DRB3	g_group	HG03239.2,apr047.2	12.71	HG04157.1,HG04157.2	1	1	2	backbone,backbone
HG04157	full-ens	HLA-DRB345	DRB3	cds_exact	HG03239.2,apr047.2	12.71	HG04157.1,HG04157.2	1	1	2	backbone,backbone
HG04157	full-ens	HLA-DRB345	DRB3	gene_exact	HG03239.2,apr047.2	12.71	HG04157.1,HG04157.2	1	1	2	backbone,backbone
HG04157	full-ens	HLA-DRB345	DRB4	two_field	HG03239.2,apr047.2	12.71	HG04157.1,HG04157.2	1	1	2	backbone,backbone
HG04157	full-ens	HLA-DRB345	DRB4	g_group	HG03239.2,apr047.2	12.71	HG04157.1,HG04157.2	1	1	2	backbone,backbone
HG04157	full-ens	HLA-DRB345	DRB4	cds_exact	HG03239.2,apr047.2	12.71	HG04157.1,HG04157.2	1	1	2	backbone,backbone
HG04157	full-ens	HLA-DRB345	DRB4	gene_exact	HG03239.2,apr047.2	12.71	HG04157.1,HG04157.2	1	1	2	backbone,backbone
HG04157	full-ens	HLA-DRB345	DRB5	two_field	HG03239.2,apr047.2	12.71	HG04157.1,HG04157.2	1	1	2	backbone,backbone
HG04157	full-ens	HLA-DRB345	DRB5	g_group	HG03239.2,apr047.2	12.71	HG04157.1,HG04157.2	1	1	2	backbone,backbone
HG04157	full-ens	HLA-DRB345	DRB5	cds_exact	HG03239.2,apr047.2	12.71	HG04157.1,HG04157.2	1	1	2	backbone,backbone
HG04157	full-ens	HLA-DRB345	DRB5	gene_exact	HG03239.2,apr047.2	12.71	HG04157.1,HG04157.2	1	0	1	backbone,backbone
HG04187	full-ens	HLA-A	A	two_field	HG01150.1,HIFI032302D.1	2.11	HG04187.1,HG04187.2	1	1	2	backbone,backbone
HG04187	full-ens	HLA-A	A	g_group	HG01150.1,HIFI032302D.1	2.11	HG04187.1,HG04187.2	1	1	2	backbone,backbone
HG04187	full-ens	HLA-A	A	cds_exact	HG01150.1,HIFI032302D.1	2.11	HG04187.1,HG04187.2	1	1	2	backbone,backbone
HG04187	full-ens	HLA-A	A	gene_exact	HG01150.1,HIFI032302D.1	2.11	HG04187.1,HG04187.2	1	1	2	backbone,backbone
HG04187	full-ens	HLA-B	B	two_field	HG03654.2,HG01109.2~B_35-03-01-01	2.93	HG04187.1,HG04187.2	1	1	2	backbone,ipd_near
HG04187	full-ens	HLA-B	B	g_group	HG03654.2,HG01109.2~B_35-03-01-01	2.93	HG04187.1,HG04187.2	1	1	2	backbone,ipd_near
HG04187	full-ens	HLA-B	B	cds_exact	HG03654.2,HG01109.2~B_35-03-01-01	2.93	HG04187.1,HG04187.2	1	1	2	backbone,ipd_near
HG04187	full-ens	HLA-B	B	gene_exact	HG03654.2,HG01109.2~B_35-03-01-01	2.93	HG04187.1,HG04187.2	0	0	1	backbone,ipd_near
HG04187	full-ens	HLA-C	C	two_field	HG01106.2,HG03688.1	1.86	HG04187.1,HG04187.2	1	1	2	backbone,backbone
HG04187	full-ens	HLA-C	C	g_group	HG01106.2,HG03688.1	1.86	HG04187.1,HG04187.2	1	1	2	backbone,backbone
HG04187	full-ens	HLA-C	C	cds_exact	HG01106.2,HG03688.1	1.86	HG04187.1,HG04187.2	1	1	2	backbone,backbone
HG04187	full-ens	HLA-C	C	gene_exact	HG01106.2,HG03688.1	1.86	HG04187.1,HG04187.2	1	1	2	backbone,backbone
HG04187	full-ens	HLA-DP	DPA1	two_field	NA21144.1,apr019.2	7.58	HG04187.1,HG04187.2	1	1	2	backbone,backbone
HG04187	full-ens	HLA-DP	DPA1	g_group	NA21144.1,apr019.2	7.58	HG04187.1,HG04187.2	1	1	2	backbone,backbone
HG04187	full-ens	HLA-DP	DPA1	cds_exact	NA21144.1,apr019.2	7.58	HG04187.1,HG04187.2	1	1	2	backbone,backbone
HG04187	full-ens	HLA-DP	DPA1	gene_exact	NA21144.1,apr019.2	7.58	HG04187.1,HG04187.2	1	1	2	backbone,backbone
HG04187	full-ens	HLA-DP	DPB1	two_field	NA21144.1,apr019.2	7.58	HG04187.1,HG04187.2	1	1	2	backbone,backbone
HG04187	full-ens	HLA-DP	DPB1	g_group	NA21144.1,apr019.2	7.58	HG04187.1,HG04187.2	1	1	2	backbone,backbone
HG04187	full-ens	HLA-DP	DPB1	cds_exact	NA21144.1,apr019.2	7.58	HG04187.1,HG04187.2	1	1	2	backbone,backbone
HG04187	full-ens	HLA-DP	DPB1	gene_exact	NA21144.1,apr019.2	7.58	HG04187.1,HG04187.2	1	1	2	backbone,backbone
HG04187	full-ens	HLA-DQ	DQA1	two_field	HG03874.1,HG00642.1~DQB1_02-07-01	4.41	HG04187.1,HG04187.2	1	1	2	backbone,backbone
HG04187	full-ens	HLA-DQ	DQA1	g_group	HG03874.1,HG00642.1~DQB1_02-07-01	4.41	HG04187.1,HG04187.2	1	1	2	backbone,backbone
HG04187	full-ens	HLA-DQ	DQA1	cds_exact	HG03874.1,HG00642.1~DQB1_02-07-01	4.41	HG04187.1,HG04187.2	1	1	2	backbone,backbone
HG04187	full-ens	HLA-DQ	DQA1	gene_exact	HG03874.1,HG00642.1~DQB1_02-07-01	4.41	HG04187.1,HG04187.2	1	0	0	backbone,backbone
HG04187	full-ens	HLA-DQ	DQB1	two_field	HG03874.1,HG00642.1~DQB1_02-07-01	4.41	HG04187.1,HG04187.2	1	1	2	backbone,ipd_near
HG04187	full-ens	HLA-DQ	DQB1	g_group	HG03874.1,HG00642.1~DQB1_02-07-01	4.41	HG04187.1,HG04187.2	1	1	2	backbone,ipd_near
HG04187	full-ens	HLA-DQ	DQB1	cds_exact	HG03874.1,HG00642.1~DQB1_02-07-01	4.41	HG04187.1,HG04187.2	1	1	2	backbone,ipd_near
HG04187	full-ens	HLA-DQ	DQB1	gene_exact	HG03874.1,HG00642.1~DQB1_02-07-01	4.41	HG04187.1,HG04187.2	0	0	1	backbone,ipd_near
HG04187	full-ens	HLA-DRB1	DRB1	two_field	HG01071.2~DRB1_03-221,HG03209.2~DRB1_08-01-01-01	1.89	HG04187.1,HG04187.2	1	0	0	ipd_near,ipd_near
HG04187	full-ens	HLA-DRB1	DRB1	g_group	HG01071.2~DRB1_03-221,HG03209.2~DRB1_08-01-01-01	1.89	HG04187.1,HG04187.2	1	0	1	ipd_near,ipd_near
HG04187	full-ens	HLA-DRB1	DRB1	cds_exact	HG01071.2~DRB1_03-221,HG03209.2~DRB1_08-01-01-01	1.89	HG04187.1,HG04187.2	1	0	0	ipd_near,ipd_near
HG04187	full-ens	HLA-DRB1	DRB1	gene_exact	HG01071.2~DRB1_03-221,HG03209.2~DRB1_08-01-01-01	1.89	HG04187.1,HG04187.2	0	0	0	ipd_near,ipd_near
HG04187	full-ens	HLA-DRB345	DRB3	two_field	HG00597.2,HG02738.2	1.34	HG04187.1,HG04187.2	1	1	2	backbone,backbone
HG04187	full-ens	HLA-DRB345	DRB3	g_group	HG00597.2,HG02738.2	1.34	HG04187.1,HG04187.2	1	1	2	backbone,backbone
HG04187	full-ens	HLA-DRB345	DRB3	cds_exact	HG00597.2,HG02738.2	1.34	HG04187.1,HG04187.2	1	1	2	backbone,backbone
HG04187	full-ens	HLA-DRB345	DRB3	gene_exact	HG00597.2,HG02738.2	1.34	HG04187.1,HG04187.2	1	0	1	backbone,backbone
HG04187	full-ens	HLA-DRB345	DRB4	two_field	HG00597.2,HG02738.2	1.34	HG04187.1,HG04187.2	1	1	2	backbone,backbone
HG04187	full-ens	HLA-DRB345	DRB4	g_group	HG00597.2,HG02738.2	1.34	HG04187.1,HG04187.2	1	1	2	backbone,backbone
HG04187	full-ens	HLA-DRB345	DRB4	cds_exact	HG00597.2,HG02738.2	1.34	HG04187.1,HG04187.2	1	1	2	backbone,backbone
HG04187	full-ens	HLA-DRB345	DRB4	gene_exact	HG00597.2,HG02738.2	1.34	HG04187.1,HG04187.2	1	1	2	backbone,backbone
HG04187	full-ens	HLA-DRB345	DRB5	two_field	HG00597.2,HG02738.2	1.34	HG04187.1,HG04187.2	1	1	2	backbone,backbone
HG04187	full-ens	HLA-DRB345	DRB5	g_group	HG00597.2,HG02738.2	1.34	HG04187.1,HG04187.2	1	1	2	backbone,backbone
HG04187	full-ens	HLA-DRB345	DRB5	cds_exact	HG00597.2,HG02738.2	1.34	HG04187.1,HG04187.2	1	1	2	backbone,backbone
HG04187	full-ens	HLA-DRB345	DRB5	gene_exact	HG00597.2,HG02738.2	1.34	HG04187.1,HG04187.2	1	1	2	backbone,backbone
HG04199	full-ens	HLA-A	A	two_field	HG00097.1,HIFI032302D.1	7.76	HG04199.1,HG04199.2	1	1	2	backbone,backbone
HG04199	full-ens	HLA-A	A	g_group	HG00097.1,HIFI032302D.1	7.76	HG04199.1,HG04199.2	1	1	2	backbone,backbone
HG04199	full-ens	HLA-A	A	cds_exact	HG00097.1,HIFI032302D.1	7.76	HG04199.1,HG04199.2	1	1	2	backbone,backbone
HG04199	full-ens	HLA-A	A	gene_exact	HG00097.1,HIFI032302D.1	7.76	HG04199.1,HG04199.2	1	1	2	backbone,backbone
HG04199	full-ens	HLA-B	B	two_field	GRCh38.0,HG02015.2	4.11	HG04199.1,HG04199.2	1	1	2	backbone,backbone
HG04199	full-ens	HLA-B	B	g_group	GRCh38.0,HG02015.2	4.11	HG04199.1,HG04199.2	1	1	2	backbone,backbone
HG04199	full-ens	HLA-B	B	cds_exact	GRCh38.0,HG02015.2	4.11	HG04199.1,HG04199.2	1	1	2	backbone,backbone
HG04199	full-ens	HLA-B	B	gene_exact	GRCh38.0,HG02015.2	4.11	HG04199.1,HG04199.2	1	1	2	backbone,backbone
HG04199	full-ens	HLA-C	C	two_field	HG00344.2,HIFI032302D.2	4.88	HG04199.1,HG04199.2	1	1	2	backbone,backbone
HG04199	full-ens	HLA-C	C	g_group	HG00344.2,HIFI032302D.2	4.88	HG04199.1,HG04199.2	1	1	2	backbone,backbone
HG04199	full-ens	HLA-C	C	cds_exact	HG00344.2,HIFI032302D.2	4.88	HG04199.1,HG04199.2	1	1	2	backbone,backbone
HG04199	full-ens	HLA-C	C	gene_exact	HG00344.2,HIFI032302D.2	4.88	HG04199.1,HG04199.2	1	1	2	backbone,backbone
HG04199	full-ens	HLA-DP	DPA1	two_field	HG02055.2,apr045.1	2.66	HG04199.1,HG04199.2	1	1	2	backbone,backbone
HG04199	full-ens	HLA-DP	DPA1	g_group	HG02055.2,apr045.1	2.66	HG04199.1,HG04199.2	1	1	2	backbone,backbone
HG04199	full-ens	HLA-DP	DPA1	cds_exact	HG02055.2,apr045.1	2.66	HG04199.1,HG04199.2	1	1	2	backbone,backbone
HG04199	full-ens	HLA-DP	DPA1	gene_exact	HG02055.2,apr045.1	2.66	HG04199.1,HG04199.2	1	0	1	backbone,backbone
HG04199	full-ens	HLA-DP	DPB1	two_field	HG02055.2,apr045.1	2.66	HG04199.1,HG04199.2	1	1	2	backbone,backbone
HG04199	full-ens	HLA-DP	DPB1	g_group	HG02055.2,apr045.1	2.66	HG04199.1,HG04199.2	1	1	2	backbone,backbone
HG04199	full-ens	HLA-DP	DPB1	cds_exact	HG02055.2,apr045.1	2.66	HG04199.1,HG04199.2	1	1	2	backbone,backbone
HG04199	full-ens	HLA-DP	DPB1	gene_exact	HG02055.2,apr045.1	2.66	HG04199.1,HG04199.2	1	0	0	backbone,backbone
HG04199	full-ens	HLA-DQ	DQA1	two_field	HG02300.1,HG03816.2	2.87	HG04199.1,HG04199.2	1	1	2	backbone,backbone
HG04199	full-ens	HLA-DQ	DQA1	g_group	HG02300.1,HG03816.2	2.87	HG04199.1,HG04199.2	1	1	2	backbone,backbone
HG04199	full-ens	HLA-DQ	DQA1	cds_exact	HG02300.1,HG03816.2	2.87	HG04199.1,HG04199.2	1	1	2	backbone,backbone
HG04199	full-ens	HLA-DQ	DQA1	gene_exact	HG02300.1,HG03816.2	2.87	HG04199.1,HG04199.2	1	1	2	backbone,backbone
HG04199	full-ens	HLA-DQ	DQB1	two_field	HG02300.1,HG03816.2	2.87	HG04199.1,HG04199.2	1	1	2	backbone,backbone
HG04199	full-ens	HLA-DQ	DQB1	g_group	HG02300.1,HG03816.2	2.87	HG04199.1,HG04199.2	1	1	2	backbone,backbone
HG04199	full-ens	HLA-DQ	DQB1	cds_exact	HG02300.1,HG03816.2	2.87	HG04199.1,HG04199.2	1	1	2	backbone,backbone
HG04199	full-ens	HLA-DQ	DQB1	gene_exact	HG02300.1,HG03816.2	2.87	HG04199.1,HG04199.2	1	1	2	backbone,backbone
HG04199	full-ens	HLA-DRB1	DRB1	two_field	HG00128.1,HG02273.1	2.21	HG04199.1,HG04199.2	1	1	2	backbone,backbone
HG04199	full-ens	HLA-DRB1	DRB1	g_group	HG00128.1,HG02273.1	2.21	HG04199.1,HG04199.2	1	1	2	backbone,backbone
HG04199	full-ens	HLA-DRB1	DRB1	cds_exact	HG00128.1,HG02273.1	2.21	HG04199.1,HG04199.2	1	1	2	backbone,backbone
HG04199	full-ens	HLA-DRB1	DRB1	gene_exact	HG00128.1,HG02273.1	2.21	HG04199.1,HG04199.2	1	0	0	backbone,backbone
HG04199	full-ens	HLA-DRB345	DRB3	two_field	HG00128.1,HG03239.1	1.74	HG04199.1,HG04199.2	1	1	2	backbone,backbone
HG04199	full-ens	HLA-DRB345	DRB3	g_group	HG00128.1,HG03239.1	1.74	HG04199.1,HG04199.2	1	1	2	backbone,backbone
HG04199	full-ens	HLA-DRB345	DRB3	cds_exact	HG00128.1,HG03239.1	1.74	HG04199.1,HG04199.2	1	1	2	backbone,backbone
HG04199	full-ens	HLA-DRB345	DRB3	gene_exact	HG00128.1,HG03239.1	1.74	HG04199.1,HG04199.2	1	1	2	backbone,backbone
HG04199	full-ens	HLA-DRB345	DRB4	two_field	HG00128.1,HG03239.1	1.74	HG04199.1,HG04199.2	1	1	2	backbone,backbone
HG04199	full-ens	HLA-DRB345	DRB4	g_group	HG00128.1,HG03239.1	1.74	HG04199.1,HG04199.2	1	1	2	backbone,backbone
HG04199	full-ens	HLA-DRB345	DRB4	cds_exact	HG00128.1,HG03239.1	1.74	HG04199.1,HG04199.2	1	1	2	backbone,backbone
HG04199	full-ens	HLA-DRB345	DRB4	gene_exact	HG00128.1,HG03239.1	1.74	HG04199.1,HG04199.2	1	1	2	backbone,backbone
HG04199	full-ens	HLA-DRB345	DRB5	two_field	HG00128.1,HG03239.1	1.74	HG04199.1,HG04199.2	1	1	2	backbone,backbone
HG04199	full-ens	HLA-DRB345	DRB5	g_group	HG00128.1,HG03239.1	1.74	HG04199.1,HG04199.2	1	1	2	backbone,backbone
HG04199	full-ens	HLA-DRB345	DRB5	cds_exact	HG00128.1,HG03239.1	1.74	HG04199.1,HG04199.2	1	1	2	backbone,backbone
HG04199	full-ens	HLA-DRB345	DRB5	gene_exact	HG00128.1,HG03239.1	1.74	HG04199.1,HG04199.2	1	1	2	backbone,backbone
HG04204	full-ens	HLA-A	A	two_field	HG01081.1,HG02976.2	2.32	HG04204.1,HG04204.2	1	1	2	backbone,backbone
HG04204	full-ens	HLA-A	A	g_group	HG01081.1,HG02976.2	2.32	HG04204.1,HG04204.2	1	1	2	backbone,backbone
HG04204	full-ens	HLA-A	A	cds_exact	HG01081.1,HG02976.2	2.32	HG04204.1,HG04204.2	1	1	2	backbone,backbone
HG04204	full-ens	HLA-A	A	gene_exact	HG01081.1,HG02976.2	2.32	HG04204.1,HG04204.2	1	0	1	backbone,backbone
HG04204	full-ens	HLA-B	B	two_field	HG02514.1,HIFI032420D.1	10.86	HG04204.1,HG04204.2	1	1	2	backbone,backbone
HG04204	full-ens	HLA-B	B	g_group	HG02514.1,HIFI032420D.1	10.86	HG04204.1,HG04204.2	1	1	2	backbone,backbone
HG04204	full-ens	HLA-B	B	cds_exact	HG02514.1,HIFI032420D.1	10.86	HG04204.1,HG04204.2	1	1	2	backbone,backbone
HG04204	full-ens	HLA-B	B	gene_exact	HG02514.1,HIFI032420D.1	10.86	HG04204.1,HG04204.2	1	0	1	backbone,backbone
HG04204	full-ens	HLA-C	C	two_field	HG00272.1,HG02514.1	1.77	HG04204.1,HG04204.2	1	1	2	backbone,backbone
HG04204	full-ens	HLA-C	C	g_group	HG00272.1,HG02514.1	1.77	HG04204.1,HG04204.2	1	1	2	backbone,backbone
HG04204	full-ens	HLA-C	C	cds_exact	HG00272.1,HG02514.1	1.77	HG04204.1,HG04204.2	1	1	2	backbone,backbone
HG04204	full-ens	HLA-C	C	gene_exact	HG00272.1,HG02514.1	1.77	HG04204.1,HG04204.2	1	0	1	backbone,backbone
HG04204	full-ens	HLA-DP	DPA1	two_field	HG00146.1,apr049.1	5.6	HG04204.1,HG04204.2	1	1	2	backbone,backbone
HG04204	full-ens	HLA-DP	DPA1	g_group	HG00146.1,apr049.1	5.6	HG04204.1,HG04204.2	1	1	2	backbone,backbone
HG04204	full-ens	HLA-DP	DPA1	cds_exact	HG00146.1,apr049.1	5.6	HG04204.1,HG04204.2	1	1	2	backbone,backbone
HG04204	full-ens	HLA-DP	DPA1	gene_exact	HG00146.1,apr049.1	5.6	HG04204.1,HG04204.2	1	1	2	backbone,backbone
HG04204	full-ens	HLA-DP	DPB1	two_field	HG00146.1,apr049.1	5.6	HG04204.1,HG04204.2	1	1	2	backbone,backbone
HG04204	full-ens	HLA-DP	DPB1	g_group	HG00146.1,apr049.1	5.6	HG04204.1,HG04204.2	1	1	2	backbone,backbone
HG04204	full-ens	HLA-DP	DPB1	cds_exact	HG00146.1,apr049.1	5.6	HG04204.1,HG04204.2	1	1	2	backbone,backbone
HG04204	full-ens	HLA-DP	DPB1	gene_exact	HG00146.1,apr049.1	5.6	HG04204.1,HG04204.2	1	1	2	backbone,backbone
HG04204	full-ens	HLA-DQ	DQA1	two_field	HG02735.1,apr047.2	10.54	HG04204.1,HG04204.2	1	1	2	backbone,backbone
HG04204	full-ens	HLA-DQ	DQA1	g_group	HG02735.1,apr047.2	10.54	HG04204.1,HG04204.2	1	1	2	backbone,backbone
HG04204	full-ens	HLA-DQ	DQA1	cds_exact	HG02735.1,apr047.2	10.54	HG04204.1,HG04204.2	1	1	2	backbone,backbone
HG04204	full-ens	HLA-DQ	DQA1	gene_exact	HG02735.1,apr047.2	10.54	HG04204.1,HG04204.2	1	1	2	backbone,backbone
HG04204	full-ens	HLA-DQ	DQB1	two_field	HG02735.1,apr047.2	10.54	HG04204.1,HG04204.2	1	1	2	backbone,backbone
HG04204	full-ens	HLA-DQ	DQB1	g_group	HG02735.1,apr047.2	10.54	HG04204.1,HG04204.2	1	1	2	backbone,backbone
HG04204	full-ens	HLA-DQ	DQB1	cds_exact	HG02735.1,apr047.2	10.54	HG04204.1,HG04204.2	1	1	2	backbone,backbone
HG04204	full-ens	HLA-DQ	DQB1	gene_exact	HG02735.1,apr047.2	10.54	HG04204.1,HG04204.2	1	1	2	backbone,backbone
HG04204	full-ens	HLA-DRB1	DRB1	two_field	NA19159.2,apr047.2	2.85	HG04204.1,HG04204.2	1	1	2	backbone,backbone
HG04204	full-ens	HLA-DRB1	DRB1	g_group	NA19159.2,apr047.2	2.85	HG04204.1,HG04204.2	1	1	2	backbone,backbone
HG04204	full-ens	HLA-DRB1	DRB1	cds_exact	NA19159.2,apr047.2	2.85	HG04204.1,HG04204.2	1	1	2	backbone,backbone
HG04204	full-ens	HLA-DRB1	DRB1	gene_exact	NA19159.2,apr047.2	2.85	HG04204.1,HG04204.2	1	0	0	backbone,backbone
HG04204	full-ens	HLA-DRB345	DRB3	two_field	HG03710.1,apr047.2	2.24	HG04204.1,HG04204.2	1	1	2	backbone,backbone
HG04204	full-ens	HLA-DRB345	DRB3	g_group	HG03710.1,apr047.2	2.24	HG04204.1,HG04204.2	1	1	2	backbone,backbone
HG04204	full-ens	HLA-DRB345	DRB3	cds_exact	HG03710.1,apr047.2	2.24	HG04204.1,HG04204.2	1	1	2	backbone,backbone
HG04204	full-ens	HLA-DRB345	DRB3	gene_exact	HG03710.1,apr047.2	2.24	HG04204.1,HG04204.2	1	1	2	backbone,backbone
HG04204	full-ens	HLA-DRB345	DRB4	two_field	HG03710.1,apr047.2	2.24	HG04204.1,HG04204.2	1	1	2	backbone,backbone
HG04204	full-ens	HLA-DRB345	DRB4	g_group	HG03710.1,apr047.2	2.24	HG04204.1,HG04204.2	1	1	2	backbone,backbone
HG04204	full-ens	HLA-DRB345	DRB4	cds_exact	HG03710.1,apr047.2	2.24	HG04204.1,HG04204.2	1	1	2	backbone,backbone
HG04204	full-ens	HLA-DRB345	DRB4	gene_exact	HG03710.1,apr047.2	2.24	HG04204.1,HG04204.2	1	1	2	backbone,backbone
HG04204	full-ens	HLA-DRB345	DRB5	two_field	HG03710.1,apr047.2	2.24	HG04204.1,HG04204.2	1	1	2	backbone,backbone
HG04204	full-ens	HLA-DRB345	DRB5	g_group	HG03710.1,apr047.2	2.24	HG04204.1,HG04204.2	1	1	2	backbone,backbone
HG04204	full-ens	HLA-DRB345	DRB5	cds_exact	HG03710.1,apr047.2	2.24	HG04204.1,HG04204.2	1	1	2	backbone,backbone
HG04204	full-ens	HLA-DRB345	DRB5	gene_exact	HG03710.1,apr047.2	2.24	HG04204.1,HG04204.2	1	0	1	backbone,backbone
NA18570	full-ens	HLA-A	A	two_field	HG00438.2,HG00128.1~A_02-1036	2.38	NA18570.1,NA18570.2	1	0	1	backbone,ipd_near
NA18570	full-ens	HLA-A	A	g_group	HG00438.2,HG00128.1~A_02-1036	2.38	NA18570.1,NA18570.2	1	1	2	backbone,ipd_near
NA18570	full-ens	HLA-A	A	cds_exact	HG00438.2,HG00128.1~A_02-1036	2.38	NA18570.1,NA18570.2	1	0	1	backbone,ipd_near
NA18570	full-ens	HLA-A	A	gene_exact	HG00438.2,HG00128.1~A_02-1036	2.38	NA18570.1,NA18570.2	0	0	1	backbone,ipd_near
NA18570	full-ens	HLA-B	B	two_field	HG00272.1,HG02132.1	6.75	NA18570.1,NA18570.2	1	1	2	backbone,backbone
NA18570	full-ens	HLA-B	B	g_group	HG00272.1,HG02132.1	6.75	NA18570.1,NA18570.2	1	1	2	backbone,backbone
NA18570	full-ens	HLA-B	B	cds_exact	HG00272.1,HG02132.1	6.75	NA18570.1,NA18570.2	1	1	2	backbone,backbone
NA18570	full-ens	HLA-B	B	gene_exact	HG00272.1,HG02132.1	6.75	NA18570.1,NA18570.2	1	1	2	backbone,backbone
NA18570	full-ens	HLA-C	C	two_field	HG00272.1,HG00272.1	1.35	NA18570.1,NA18570.2	1	1	2	backbone,backbone
NA18570	full-ens	HLA-C	C	g_group	HG00272.1,HG00272.1	1.35	NA18570.1,NA18570.2	1	1	2	backbone,backbone
NA18570	full-ens	HLA-C	C	cds_exact	HG00272.1,HG00272.1	1.35	NA18570.1,NA18570.2	1	1	2	backbone,backbone
NA18570	full-ens	HLA-C	C	gene_exact	HG00272.1,HG00272.1	1.35	NA18570.1,NA18570.2	1	1	2	backbone,backbone
NA18570	full-ens	HLA-DP	DPA1	two_field	HG00609.1,HIFI032731D.2	4.38	NA18570.1,NA18570.2	1	1	2	backbone,backbone
NA18570	full-ens	HLA-DP	DPA1	g_group	HG00609.1,HIFI032731D.2	4.38	NA18570.1,NA18570.2	1	1	2	backbone,backbone
NA18570	full-ens	HLA-DP	DPA1	cds_exact	HG00609.1,HIFI032731D.2	4.38	NA18570.1,NA18570.2	1	1	2	backbone,backbone
NA18570	full-ens	HLA-DP	DPA1	gene_exact	HG00609.1,HIFI032731D.2	4.38	NA18570.1,NA18570.2	1	0	1	backbone,backbone
NA18570	full-ens	HLA-DP	DPB1	two_field	HG00609.1,HIFI032731D.2	4.38	NA18570.1,NA18570.2	1	1	2	backbone,backbone
NA18570	full-ens	HLA-DP	DPB1	g_group	HG00609.1,HIFI032731D.2	4.38	NA18570.1,NA18570.2	1	1	2	backbone,backbone
NA18570	full-ens	HLA-DP	DPB1	cds_exact	HG00609.1,HIFI032731D.2	4.38	NA18570.1,NA18570.2	1	1	2	backbone,backbone
NA18570	full-ens	HLA-DP	DPB1	gene_exact	HG00609.1,HIFI032731D.2	4.38	NA18570.1,NA18570.2	1	1	2	backbone,backbone
NA18570	full-ens	HLA-DQ	DQA1	two_field	HG00673.1,HIFI032685D.2	2.65	NA18570.1,NA18570.2	1	1	2	backbone,backbone
NA18570	full-ens	HLA-DQ	DQA1	g_group	HG00673.1,HIFI032685D.2	2.65	NA18570.1,NA18570.2	1	1	2	backbone,backbone
NA18570	full-ens	HLA-DQ	DQA1	cds_exact	HG00673.1,HIFI032685D.2	2.65	NA18570.1,NA18570.2	1	1	2	backbone,backbone
NA18570	full-ens	HLA-DQ	DQA1	gene_exact	HG00673.1,HIFI032685D.2	2.65	NA18570.1,NA18570.2	1	0	1	backbone,backbone
NA18570	full-ens	HLA-DQ	DQB1	two_field	HG00673.1,HIFI032685D.2	2.65	NA18570.1,NA18570.2	1	1	2	backbone,backbone
NA18570	full-ens	HLA-DQ	DQB1	g_group	HG00673.1,HIFI032685D.2	2.65	NA18570.1,NA18570.2	1	1	2	backbone,backbone
NA18570	full-ens	HLA-DQ	DQB1	cds_exact	HG00673.1,HIFI032685D.2	2.65	NA18570.1,NA18570.2	1	1	2	backbone,backbone
NA18570	full-ens	HLA-DQ	DQB1	gene_exact	HG00673.1,HIFI032685D.2	2.65	NA18570.1,NA18570.2	1	1	2	backbone,backbone
NA18570	full-ens	HLA-DRB1	DRB1	two_field	HG01928.1,NA20905.1	3.96	NA18570.1,NA18570.2	1	1	2	backbone,backbone
NA18570	full-ens	HLA-DRB1	DRB1	g_group	HG01928.1,NA20905.1	3.96	NA18570.1,NA18570.2	1	1	2	backbone,backbone
NA18570	full-ens	HLA-DRB1	DRB1	cds_exact	HG01928.1,NA20905.1	3.96	NA18570.1,NA18570.2	1	1	2	backbone,backbone
NA18570	full-ens	HLA-DRB1	DRB1	gene_exact	HG01928.1,NA20905.1	3.96	NA18570.1,NA18570.2	1	0	0	backbone,backbone
NA18570	full-ens	HLA-DRB345	DRB3	two_field	KPanRef-080.1,NA20905.1	2.7	NA18570.1,NA18570.2	1	1	2	backbone,backbone
NA18570	full-ens	HLA-DRB345	DRB3	g_group	KPanRef-080.1,NA20905.1	2.7	NA18570.1,NA18570.2	1	1	2	backbone,backbone
NA18570	full-ens	HLA-DRB345	DRB3	cds_exact	KPanRef-080.1,NA20905.1	2.7	NA18570.1,NA18570.2	1	1	2	backbone,backbone
NA18570	full-ens	HLA-DRB345	DRB3	gene_exact	KPanRef-080.1,NA20905.1	2.7	NA18570.1,NA18570.2	1	0	1	backbone,backbone
NA18570	full-ens	HLA-DRB345	DRB4	two_field	KPanRef-080.1,NA20905.1	2.7	NA18570.1,NA18570.2	1	1	2	backbone,backbone
NA18570	full-ens	HLA-DRB345	DRB4	g_group	KPanRef-080.1,NA20905.1	2.7	NA18570.1,NA18570.2	1	1	2	backbone,backbone
NA18570	full-ens	HLA-DRB345	DRB4	cds_exact	KPanRef-080.1,NA20905.1	2.7	NA18570.1,NA18570.2	1	1	2	backbone,backbone
NA18570	full-ens	HLA-DRB345	DRB4	gene_exact	KPanRef-080.1,NA20905.1	2.7	NA18570.1,NA18570.2	1	0	1	backbone,backbone
NA18570	full-ens	HLA-DRB345	DRB5	two_field	KPanRef-080.1,NA20905.1	2.7	NA18570.1,NA18570.2	1	1	2	backbone,backbone
NA18570	full-ens	HLA-DRB345	DRB5	g_group	KPanRef-080.1,NA20905.1	2.7	NA18570.1,NA18570.2	1	1	2	backbone,backbone
NA18570	full-ens	HLA-DRB345	DRB5	cds_exact	KPanRef-080.1,NA20905.1	2.7	NA18570.1,NA18570.2	1	1	2	backbone,backbone
NA18570	full-ens	HLA-DRB345	DRB5	gene_exact	KPanRef-080.1,NA20905.1	2.7	NA18570.1,NA18570.2	1	1	2	backbone,backbone
NA18608	full-ens	HLA-A	A	two_field	HG00438.1,HG00735.1	3.44	NA18608.1,NA18608.2	1	1	2	backbone,backbone
NA18608	full-ens	HLA-A	A	g_group	HG00438.1,HG00735.1	3.44	NA18608.1,NA18608.2	1	1	2	backbone,backbone
NA18608	full-ens	HLA-A	A	cds_exact	HG00438.1,HG00735.1	3.44	NA18608.1,NA18608.2	1	1	2	backbone,backbone
NA18608	full-ens	HLA-A	A	gene_exact	HG00438.1,HG00735.1	3.44	NA18608.1,NA18608.2	1	1	2	backbone,backbone
NA18608	full-ens	HLA-B	B	two_field	HG02300.2,apr044.1	4.95	NA18608.1,NA18608.2	1	1	2	backbone,backbone
NA18608	full-ens	HLA-B	B	g_group	HG02300.2,apr044.1	4.95	NA18608.1,NA18608.2	1	1	2	backbone,backbone
NA18608	full-ens	HLA-B	B	cds_exact	HG02300.2,apr044.1	4.95	NA18608.1,NA18608.2	1	1	2	backbone,backbone
NA18608	full-ens	HLA-B	B	gene_exact	HG02300.2,apr044.1	4.95	NA18608.1,NA18608.2	1	0	0	backbone,backbone
NA18608	full-ens	HLA-C	C	two_field	HG00329.2,KPanRef-079.2	1.54	NA18608.1,NA18608.2	1	1	2	backbone,backbone
NA18608	full-ens	HLA-C	C	g_group	HG00329.2,KPanRef-079.2	1.54	NA18608.1,NA18608.2	1	1	2	backbone,backbone
NA18608	full-ens	HLA-C	C	cds_exact	HG00329.2,KPanRef-079.2	1.54	NA18608.1,NA18608.2	1	1	2	backbone,backbone
NA18608	full-ens	HLA-C	C	gene_exact	HG00329.2,KPanRef-079.2	1.54	NA18608.1,NA18608.2	1	1	2	backbone,backbone
NA18608	full-ens	HLA-DP	DPA1	two_field	HG00126.1,HG02074.2	2.51	NA18608.1,NA18608.2	1	1	2	backbone,backbone
NA18608	full-ens	HLA-DP	DPA1	g_group	HG00126.1,HG02074.2	2.51	NA18608.1,NA18608.2	1	1	2	backbone,backbone
NA18608	full-ens	HLA-DP	DPA1	cds_exact	HG00126.1,HG02074.2	2.51	NA18608.1,NA18608.2	1	1	2	backbone,backbone
NA18608	full-ens	HLA-DP	DPA1	gene_exact	HG00126.1,HG02074.2	2.51	NA18608.1,NA18608.2	1	0	1	backbone,backbone
NA18608	full-ens	HLA-DP	DPB1	two_field	HG00126.1,HG02074.2	2.51	NA18608.1,NA18608.2	1	1	2	backbone,backbone
NA18608	full-ens	HLA-DP	DPB1	g_group	HG00126.1,HG02074.2	2.51	NA18608.1,NA18608.2	1	1	2	backbone,backbone
NA18608	full-ens	HLA-DP	DPB1	cds_exact	HG00126.1,HG02074.2	2.51	NA18608.1,NA18608.2	1	1	2	backbone,backbone
NA18608	full-ens	HLA-DP	DPB1	gene_exact	HG00126.1,HG02074.2	2.51	NA18608.1,NA18608.2	1	1	2	backbone,backbone
NA18608	full-ens	HLA-DQ	DQA1	two_field	NA18967.1,HG03710.2~DQA1_01-04-01-01	3.3	NA18608.1,NA18608.2	1	1	2	backbone,ipd_near
NA18608	full-ens	HLA-DQ	DQA1	g_group	NA18967.1,HG03710.2~DQA1_01-04-01-01	3.3	NA18608.1,NA18608.2	1	1	2	backbone,ipd_near
NA18608	full-ens	HLA-DQ	DQA1	cds_exact	NA18967.1,HG03710.2~DQA1_01-04-01-01	3.3	NA18608.1,NA18608.2	1	1	2	backbone,ipd_near
NA18608	full-ens	HLA-DQ	DQA1	gene_exact	NA18967.1,HG03710.2~DQA1_01-04-01-01	3.3	NA18608.1,NA18608.2	0	0	1	backbone,ipd_near
NA18608	full-ens	HLA-DQ	DQB1	two_field	NA18967.1,HG03710.2~DQA1_01-04-01-01	3.3	NA18608.1,NA18608.2	1	1	2	backbone,backbone
NA18608	full-ens	HLA-DQ	DQB1	g_group	NA18967.1,HG03710.2~DQA1_01-04-01-01	3.3	NA18608.1,NA18608.2	1	1	2	backbone,backbone
NA18608	full-ens	HLA-DQ	DQB1	cds_exact	NA18967.1,HG03710.2~DQA1_01-04-01-01	3.3	NA18608.1,NA18608.2	1	1	2	backbone,backbone
NA18608	full-ens	HLA-DQ	DQB1	gene_exact	NA18967.1,HG03710.2~DQA1_01-04-01-01	3.3	NA18608.1,NA18608.2	1	0	1	backbone,backbone
NA18608	full-ens	HLA-DRB1	DRB1	two_field	HIFI032302D.1~DRB1_08-26,NA18952.1~DRB1_14-23-01-01	15.14	NA18608.1,NA18608.2	1	0	0	ipd_near,ipd_near
NA18608	full-ens	HLA-DRB1	DRB1	g_group	HIFI032302D.1~DRB1_08-26,NA18952.1~DRB1_14-23-01-01	15.14	NA18608.1,NA18608.2	1	0	0	ipd_near,ipd_near
NA18608	full-ens	HLA-DRB1	DRB1	cds_exact	HIFI032302D.1~DRB1_08-26,NA18952.1~DRB1_14-23-01-01	15.14	NA18608.1,NA18608.2	1	0	0	ipd_near,ipd_near
NA18608	full-ens	HLA-DRB1	DRB1	gene_exact	HIFI032302D.1~DRB1_08-26,NA18952.1~DRB1_14-23-01-01	15.14	NA18608.1,NA18608.2	0	0	0	ipd_near,ipd_near
NA18608	full-ens	HLA-DRB345	DRB3	two_field	NA18971.2,HIFI032711D.1~DRB3_02-178	2.59	NA18608.1,NA18608.2	1	0	1	backbone,ipd_near
NA18608	full-ens	HLA-DRB345	DRB3	g_group	NA18971.2,HIFI032711D.1~DRB3_02-178	2.59	NA18608.1,NA18608.2	1	1	2	backbone,ipd_near
NA18608	full-ens	HLA-DRB345	DRB3	cds_exact	NA18971.2,HIFI032711D.1~DRB3_02-178	2.59	NA18608.1,NA18608.2	1	0	1	backbone,ipd_near
NA18608	full-ens	HLA-DRB345	DRB3	gene_exact	NA18971.2,HIFI032711D.1~DRB3_02-178	2.59	NA18608.1,NA18608.2	0	0	0	backbone,ipd_near
NA18608	full-ens	HLA-DRB345	DRB4	two_field	NA18971.2,HIFI032711D.1~DRB3_02-178	2.59	NA18608.1,NA18608.2	1	1	2	backbone,backbone
NA18608	full-ens	HLA-DRB345	DRB4	g_group	NA18971.2,HIFI032711D.1~DRB3_02-178	2.59	NA18608.1,NA18608.2	1	1	2	backbone,backbone
NA18608	full-ens	HLA-DRB345	DRB4	cds_exact	NA18971.2,HIFI032711D.1~DRB3_02-178	2.59	NA18608.1,NA18608.2	1	1	2	backbone,backbone
NA18608	full-ens	HLA-DRB345	DRB4	gene_exact	NA18971.2,HIFI032711D.1~DRB3_02-178	2.59	NA18608.1,NA18608.2	1	1	2	backbone,backbone
NA18608	full-ens	HLA-DRB345	DRB5	two_field	NA18971.2,HIFI032711D.1~DRB3_02-178	2.59	NA18608.1,NA18608.2	1	1	2	backbone,backbone
NA18608	full-ens	HLA-DRB345	DRB5	g_group	NA18971.2,HIFI032711D.1~DRB3_02-178	2.59	NA18608.1,NA18608.2	1	1	2	backbone,backbone
NA18608	full-ens	HLA-DRB345	DRB5	cds_exact	NA18971.2,HIFI032711D.1~DRB3_02-178	2.59	NA18608.1,NA18608.2	1	1	2	backbone,backbone
NA18608	full-ens	HLA-DRB345	DRB5	gene_exact	NA18971.2,HIFI032711D.1~DRB3_02-178	2.59	NA18608.1,NA18608.2	1	1	2	backbone,backbone
NA18620	full-ens	HLA-A	A	two_field	HG00344.1,apr039.1	3.47	NA18620.1,NA18620.2	1	1	2	backbone,backbone
NA18620	full-ens	HLA-A	A	g_group	HG00344.1,apr039.1	3.47	NA18620.1,NA18620.2	1	1	2	backbone,backbone
NA18620	full-ens	HLA-A	A	cds_exact	HG00344.1,apr039.1	3.47	NA18620.1,NA18620.2	1	1	2	backbone,backbone
NA18620	full-ens	HLA-A	A	gene_exact	HG00344.1,apr039.1	3.47	NA18620.1,NA18620.2	1	1	2	backbone,backbone
NA18620	full-ens	HLA-B	B	two_field	HG02056.2,HG02083.1	2.77	NA18620.1,NA18620.2	1	1	2	backbone,backbone
NA18620	full-ens	HLA-B	B	g_group	HG02056.2,HG02083.1	2.77	NA18620.1,NA18620.2	1	1	2	backbone,backbone
NA18620	full-ens	HLA-B	B	cds_exact	HG02056.2,HG02083.1	2.77	NA18620.1,NA18620.2	1	1	2	backbone,backbone
NA18620	full-ens	HLA-B	B	gene_exact	HG02056.2,HG02083.1	2.77	NA18620.1,NA18620.2	1	0	1	backbone,backbone
NA18620	full-ens	HLA-C	C	cds_exact	HG00423.2,HIFI032591D.1	3.96	NA18620.1,NA18620.2	1	0	1	backbone,backbone
NA18620	full-ens	HLA-C	C	gene_exact	HG00423.2,HIFI032591D.1	3.96	NA18620.1,NA18620.2	1	0	1	backbone,backbone
NA18620	full-ens	HLA-DP	DPA1	two_field	HG02155.2,apr001.2	6.54	NA18620.1,NA18620.2	1	1	2	backbone,backbone
NA18620	full-ens	HLA-DP	DPA1	g_group	HG02155.2,apr001.2	6.54	NA18620.1,NA18620.2	1	1	2	backbone,backbone
NA18620	full-ens	HLA-DP	DPA1	cds_exact	HG02155.2,apr001.2	6.54	NA18620.1,NA18620.2	1	1	2	backbone,backbone
NA18620	full-ens	HLA-DP	DPA1	gene_exact	HG02155.2,apr001.2	6.54	NA18620.1,NA18620.2	1	1	2	backbone,backbone
NA18620	full-ens	HLA-DP	DPB1	two_field	HG02155.2,apr001.2	6.54	NA18620.1,NA18620.2	1	1	2	backbone,backbone
NA18620	full-ens	HLA-DP	DPB1	g_group	HG02155.2,apr001.2	6.54	NA18620.1,NA18620.2	1	1	2	backbone,backbone
NA18620	full-ens	HLA-DP	DPB1	cds_exact	HG02155.2,apr001.2	6.54	NA18620.1,NA18620.2	1	1	2	backbone,backbone
NA18620	full-ens	HLA-DP	DPB1	gene_exact	HG02155.2,apr001.2	6.54	NA18620.1,NA18620.2	1	1	2	backbone,backbone
NA18620	full-ens	HLA-DQ	DQA1	two_field	HG03784.1,HG02027.2~DQB1_03-246	10.19	NA18620.1,NA18620.2	1	1	2	backbone,backbone
NA18620	full-ens	HLA-DQ	DQA1	g_group	HG03784.1,HG02027.2~DQB1_03-246	10.19	NA18620.1,NA18620.2	1	1	2	backbone,backbone
NA18620	full-ens	HLA-DQ	DQA1	cds_exact	HG03784.1,HG02027.2~DQB1_03-246	10.19	NA18620.1,NA18620.2	1	1	2	backbone,backbone
NA18620	full-ens	HLA-DQ	DQA1	gene_exact	HG03784.1,HG02027.2~DQB1_03-246	10.19	NA18620.1,NA18620.2	1	0	1	backbone,backbone
NA18620	full-ens	HLA-DQ	DQB1	two_field	HG03784.1,HG02027.2~DQB1_03-246	10.19	NA18620.1,NA18620.2	1	0	1	backbone,ipd_near
NA18620	full-ens	HLA-DQ	DQB1	g_group	HG03784.1,HG02027.2~DQB1_03-246	10.19	NA18620.1,NA18620.2	1	1	2	backbone,ipd_near
NA18620	full-ens	HLA-DQ	DQB1	cds_exact	HG03784.1,HG02027.2~DQB1_03-246	10.19	NA18620.1,NA18620.2	1	0	1	backbone,ipd_near
NA18620	full-ens	HLA-DQ	DQB1	gene_exact	HG03784.1,HG02027.2~DQB1_03-246	10.19	NA18620.1,NA18620.2	0	0	0	backbone,ipd_near
NA18620	full-ens	HLA-DRB1	DRB1	two_field	HIFI032292D.1~DRB1_12-01-01-01,NA19443.2~DRB1_08-02-01-01	12.41	NA18620.1,NA18620.2	1	0	1	ipd_near,ipd_near
NA18620	full-ens	HLA-DRB1	DRB1	g_group	HIFI032292D.1~DRB1_12-01-01-01,NA19443.2~DRB1_08-02-01-01	12.41	NA18620.1,NA18620.2	1	0	1	ipd_near,ipd_near
NA18620	full-ens	HLA-DRB1	DRB1	cds_exact	HIFI032292D.1~DRB1_12-01-01-01,NA19443.2~DRB1_08-02-01-01	12.41	NA18620.1,NA18620.2	1	0	1	ipd_near,ipd_near
NA18620	full-ens	HLA-DRB1	DRB1	gene_exact	HIFI032292D.1~DRB1_12-01-01-01,NA19443.2~DRB1_08-02-01-01	12.41	NA18620.1,NA18620.2	0	0	0	ipd_near,ipd_near
NA18620	full-ens	HLA-DRB345	DRB3	two_field	HIFI032018D.1,HIFI032422D.2	0.83	NA18620.1,NA18620.2	1	1	2	backbone,backbone
NA18620	full-ens	HLA-DRB345	DRB3	g_group	HIFI032018D.1,HIFI032422D.2	0.83	NA18620.1,NA18620.2	1	1	2	backbone,backbone
NA18620	full-ens	HLA-DRB345	DRB3	cds_exact	HIFI032018D.1,HIFI032422D.2	0.83	NA18620.1,NA18620.2	1	1	2	backbone,backbone
NA18620	full-ens	HLA-DRB345	DRB3	gene_exact	HIFI032018D.1,HIFI032422D.2	0.83	NA18620.1,NA18620.2	1	1	2	backbone,backbone
NA18620	full-ens	HLA-DRB345	DRB4	two_field	HIFI032018D.1,HIFI032422D.2	0.83	NA18620.1,NA18620.2	1	1	2	backbone,backbone
NA18620	full-ens	HLA-DRB345	DRB4	g_group	HIFI032018D.1,HIFI032422D.2	0.83	NA18620.1,NA18620.2	1	1	2	backbone,backbone
NA18620	full-ens	HLA-DRB345	DRB4	cds_exact	HIFI032018D.1,HIFI032422D.2	0.83	NA18620.1,NA18620.2	1	1	2	backbone,backbone
NA18620	full-ens	HLA-DRB345	DRB4	gene_exact	HIFI032018D.1,HIFI032422D.2	0.83	NA18620.1,NA18620.2	1	1	2	backbone,backbone
NA18620	full-ens	HLA-DRB345	DRB5	two_field	HIFI032018D.1,HIFI032422D.2	0.83	NA18620.1,NA18620.2	1	1	2	backbone,backbone
NA18620	full-ens	HLA-DRB345	DRB5	g_group	HIFI032018D.1,HIFI032422D.2	0.83	NA18620.1,NA18620.2	1	1	2	backbone,backbone
NA18620	full-ens	HLA-DRB345	DRB5	cds_exact	HIFI032018D.1,HIFI032422D.2	0.83	NA18620.1,NA18620.2	1	1	2	backbone,backbone
NA18620	full-ens	HLA-DRB345	DRB5	gene_exact	HIFI032018D.1,HIFI032422D.2	0.83	NA18620.1,NA18620.2	1	1	2	backbone,backbone
NA18747	full-ens	HLA-A	A	two_field	HG00128.1,HG00140.2	8.01	NA18747.1,NA18747.2	1	1	2	backbone,backbone
NA18747	full-ens	HLA-A	A	g_group	HG00128.1,HG00140.2	8.01	NA18747.1,NA18747.2	1	1	2	backbone,backbone
NA18747	full-ens	HLA-A	A	cds_exact	HG00128.1,HG00140.2	8.01	NA18747.1,NA18747.2	1	1	2	backbone,backbone
NA18747	full-ens	HLA-A	A	gene_exact	HG00128.1,HG00140.2	8.01	NA18747.1,NA18747.2	1	1	2	backbone,backbone
NA18747	full-ens	HLA-B	B	two_field	NA20850.1,HG00350.2~B_15-27-02	5.58	NA18747.1,NA18747.2	1	1	2	backbone,ipd_near
NA18747	full-ens	HLA-B	B	g_group	NA20850.1,HG00350.2~B_15-27-02	5.58	NA18747.1,NA18747.2	1	0	1	backbone,ipd_near
NA18747	full-ens	HLA-B	B	cds_exact	NA20850.1,HG00350.2~B_15-27-02	5.58	NA18747.1,NA18747.2	1	0	1	backbone,ipd_near
NA18747	full-ens	HLA-B	B	gene_exact	NA20850.1,HG00350.2~B_15-27-02	5.58	NA18747.1,NA18747.2	0	0	1	backbone,ipd_near
NA18747	full-ens	HLA-C	C	two_field	HG01960.1,HG01960.1	14.5	NA18747.1,NA18747.2	1	1	2	backbone,backbone
NA18747	full-ens	HLA-C	C	g_group	HG01960.1,HG01960.1	14.5	NA18747.1,NA18747.2	1	1	2	backbone,backbone
NA18747	full-ens	HLA-C	C	cds_exact	HG01960.1,HG01960.1	14.5	NA18747.1,NA18747.2	1	1	2	backbone,backbone
NA18747	full-ens	HLA-C	C	gene_exact	HG01960.1,HG01960.1	14.5	NA18747.1,NA18747.2	1	1	2	backbone,backbone
NA18747	full-ens	HLA-DP	DPA1	two_field	NA18960.2,NA18967.2	39.03	NA18747.1,NA18747.2	1	1	2	backbone,backbone
NA18747	full-ens	HLA-DP	DPA1	g_group	NA18960.2,NA18967.2	39.03	NA18747.1,NA18747.2	1	1	2	backbone,backbone
NA18747	full-ens	HLA-DP	DPA1	cds_exact	NA18960.2,NA18967.2	39.03	NA18747.1,NA18747.2	1	1	2	backbone,backbone
NA18747	full-ens	HLA-DP	DPA1	gene_exact	NA18960.2,NA18967.2	39.03	NA18747.1,NA18747.2	1	1	2	backbone,backbone
NA18747	full-ens	HLA-DP	DPB1	two_field	NA18960.2,NA18967.2	39.03	NA18747.1,NA18747.2	1	1	2	backbone,backbone
NA18747	full-ens	HLA-DP	DPB1	g_group	NA18960.2,NA18967.2	39.03	NA18747.1,NA18747.2	1	1	2	backbone,backbone
NA18747	full-ens	HLA-DP	DPB1	cds_exact	NA18960.2,NA18967.2	39.03	NA18747.1,NA18747.2	1	1	2	backbone,backbone
NA18747	full-ens	HLA-DP	DPB1	gene_exact	NA18960.2,NA18967.2	39.03	NA18747.1,NA18747.2	1	0	1	backbone,backbone
NA18747	full-ens	HLA-DQ	DQA1	two_field	HG01891.1,NA18970.1	7.45	NA18747.1,NA18747.2	1	1	2	backbone,backbone
NA18747	full-ens	HLA-DQ	DQA1	g_group	HG01891.1,NA18970.1	7.45	NA18747.1,NA18747.2	1	1	2	backbone,backbone
NA18747	full-ens	HLA-DQ	DQA1	cds_exact	HG01891.1,NA18970.1	7.45	NA18747.1,NA18747.2	1	1	2	backbone,backbone
NA18747	full-ens	HLA-DQ	DQA1	gene_exact	HG01891.1,NA18970.1	7.45	NA18747.1,NA18747.2	1	1	2	backbone,backbone
NA18747	full-ens	HLA-DQ	DQB1	two_field	HG01891.1,NA18970.1	7.45	NA18747.1,NA18747.2	1	1	2	backbone,backbone
NA18747	full-ens	HLA-DQ	DQB1	g_group	HG01891.1,NA18970.1	7.45	NA18747.1,NA18747.2	1	1	2	backbone,backbone
NA18747	full-ens	HLA-DQ	DQB1	cds_exact	HG01891.1,NA18970.1	7.45	NA18747.1,NA18747.2	1	1	2	backbone,backbone
NA18747	full-ens	HLA-DQ	DQB1	gene_exact	HG01891.1,NA18970.1	7.45	NA18747.1,NA18747.2	1	1	2	backbone,backbone
NA18747	full-ens	HLA-DRB1	DRB1	two_field	NA18608.1,NA18959.2	10.09	NA18747.1,NA18747.2	1	1	2	backbone,backbone
NA18747	full-ens	HLA-DRB1	DRB1	g_group	NA18608.1,NA18959.2	10.09	NA18747.1,NA18747.2	1	1	2	backbone,backbone
NA18747	full-ens	HLA-DRB1	DRB1	cds_exact	NA18608.1,NA18959.2	10.09	NA18747.1,NA18747.2	1	1	2	backbone,backbone
NA18747	full-ens	HLA-DRB1	DRB1	gene_exact	NA18608.1,NA18959.2	10.09	NA18747.1,NA18747.2	1	0	1	backbone,backbone
NA18747	full-ens	HLA-DRB345	DRB3	two_field	HG00408.2,NA18608.1	6.31	NA18747.1,NA18747.2	1	1	2	backbone,backbone
NA18747	full-ens	HLA-DRB345	DRB3	g_group	HG00408.2,NA18608.1	6.31	NA18747.1,NA18747.2	1	1	2	backbone,backbone
NA18747	full-ens	HLA-DRB345	DRB3	cds_exact	HG00408.2,NA18608.1	6.31	NA18747.1,NA18747.2	1	1	2	backbone,backbone
NA18747	full-ens	HLA-DRB345	DRB3	gene_exact	HG00408.2,NA18608.1	6.31	NA18747.1,NA18747.2	1	0	1	backbone,backbone
NA18747	full-ens	HLA-DRB345	DRB4	two_field	HG00408.2,NA18608.1	6.31	NA18747.1,NA18747.2	1	1	2	backbone,backbone
NA18747	full-ens	HLA-DRB345	DRB4	g_group	HG00408.2,NA18608.1	6.31	NA18747.1,NA18747.2	1	1	2	backbone,backbone
NA18747	full-ens	HLA-DRB345	DRB4	cds_exact	HG00408.2,NA18608.1	6.31	NA18747.1,NA18747.2	1	1	2	backbone,backbone
NA18747	full-ens	HLA-DRB345	DRB4	gene_exact	HG00408.2,NA18608.1	6.31	NA18747.1,NA18747.2	1	1	2	backbone,backbone
NA18747	full-ens	HLA-DRB345	DRB5	two_field	HG00408.2,NA18608.1	6.31	NA18747.1,NA18747.2	1	1	2	backbone,backbone
NA18747	full-ens	HLA-DRB345	DRB5	g_group	HG00408.2,NA18608.1	6.31	NA18747.1,NA18747.2	1	1	2	backbone,backbone
NA18747	full-ens	HLA-DRB345	DRB5	cds_exact	HG00408.2,NA18608.1	6.31	NA18747.1,NA18747.2	1	1	2	backbone,backbone
NA18747	full-ens	HLA-DRB345	DRB5	gene_exact	HG00408.2,NA18608.1	6.31	NA18747.1,NA18747.2	1	1	2	backbone,backbone
NA18940	full-ens	HLA-A	A	two_field	HG00097.2,HG03017.1	2.94	NA18940.1,NA18940.2	1	1	2	backbone,backbone
NA18940	full-ens	HLA-A	A	g_group	HG00097.2,HG03017.1	2.94	NA18940.1,NA18940.2	1	1	2	backbone,backbone
NA18940	full-ens	HLA-A	A	cds_exact	HG00097.2,HG03017.1	2.94	NA18940.1,NA18940.2	1	1	2	backbone,backbone
NA18940	full-ens	HLA-A	A	gene_exact	HG00097.2,HG03017.1	2.94	NA18940.1,NA18940.2	1	1	2	backbone,backbone
NA18940	full-ens	HLA-B	B	two_field	HG00423.1,HG03831.1	3.73	NA18940.1,NA18940.2	1	1	2	backbone,backbone
NA18940	full-ens	HLA-B	B	g_group	HG00423.1,HG03831.1	3.73	NA18940.1,NA18940.2	1	1	2	backbone,backbone
NA18940	full-ens	HLA-B	B	cds_exact	HG00423.1,HG03831.1	3.73	NA18940.1,NA18940.2	1	1	2	backbone,backbone
NA18940	full-ens	HLA-B	B	gene_exact	HG00423.1,HG03831.1	3.73	NA18940.1,NA18940.2	1	1	2	backbone,backbone
NA18940	full-ens	HLA-C	C	two_field	HIFI032164D.2,NA18959.1	3.32	NA18940.1,NA18940.2	1	1	2	backbone,backbone
NA18940	full-ens	HLA-C	C	g_group	HIFI032164D.2,NA18959.1	3.32	NA18940.1,NA18940.2	1	1	2	backbone,backbone
NA18940	full-ens	HLA-C	C	cds_exact	HIFI032164D.2,NA18959.1	3.32	NA18940.1,NA18940.2	1	1	2	backbone,backbone
NA18940	full-ens	HLA-C	C	gene_exact	HIFI032164D.2,NA18959.1	3.32	NA18940.1,NA18940.2	1	1	2	backbone,backbone
NA18940	full-ens	HLA-DP	DPA1	two_field	KPanRef-080.2,apr036.1	4.42	NA18940.1,NA18940.2	1	1	2	backbone,backbone
NA18940	full-ens	HLA-DP	DPA1	g_group	KPanRef-080.2,apr036.1	4.42	NA18940.1,NA18940.2	1	1	2	backbone,backbone
NA18940	full-ens	HLA-DP	DPA1	cds_exact	KPanRef-080.2,apr036.1	4.42	NA18940.1,NA18940.2	1	1	2	backbone,backbone
NA18940	full-ens	HLA-DP	DPA1	gene_exact	KPanRef-080.2,apr036.1	4.42	NA18940.1,NA18940.2	1	0	1	backbone,backbone
NA18940	full-ens	HLA-DP	DPB1	two_field	KPanRef-080.2,apr036.1	4.42	NA18940.1,NA18940.2	1	1	2	backbone,backbone
NA18940	full-ens	HLA-DP	DPB1	g_group	KPanRef-080.2,apr036.1	4.42	NA18940.1,NA18940.2	1	1	2	backbone,backbone
NA18940	full-ens	HLA-DP	DPB1	cds_exact	KPanRef-080.2,apr036.1	4.42	NA18940.1,NA18940.2	1	1	2	backbone,backbone
NA18940	full-ens	HLA-DP	DPB1	gene_exact	KPanRef-080.2,apr036.1	4.42	NA18940.1,NA18940.2	1	0	0	backbone,backbone
NA18940	full-ens	HLA-DQ	DQA1	two_field	HIFI032662D.2,RY10.1	6.27	NA18940.1,NA18940.2	1	1	2	backbone,backbone
NA18940	full-ens	HLA-DQ	DQA1	g_group	HIFI032662D.2,RY10.1	6.27	NA18940.1,NA18940.2	1	1	2	backbone,backbone
NA18940	full-ens	HLA-DQ	DQA1	cds_exact	HIFI032662D.2,RY10.1	6.27	NA18940.1,NA18940.2	1	1	2	backbone,backbone
NA18940	full-ens	HLA-DQ	DQA1	gene_exact	HIFI032662D.2,RY10.1	6.27	NA18940.1,NA18940.2	1	1	2	backbone,backbone
NA18940	full-ens	HLA-DQ	DQB1	two_field	HIFI032662D.2,RY10.1	6.27	NA18940.1,NA18940.2	1	1	2	backbone,backbone
NA18940	full-ens	HLA-DQ	DQB1	g_group	HIFI032662D.2,RY10.1	6.27	NA18940.1,NA18940.2	1	1	2	backbone,backbone
NA18940	full-ens	HLA-DQ	DQB1	cds_exact	HIFI032662D.2,RY10.1	6.27	NA18940.1,NA18940.2	1	1	2	backbone,backbone
NA18940	full-ens	HLA-DQ	DQB1	gene_exact	HIFI032662D.2,RY10.1	6.27	NA18940.1,NA18940.2	1	0	1	backbone,backbone
NA18940	full-ens	HLA-DRB1	DRB1	two_field	HG03017.1,NA18982.1	21.29	NA18940.1,NA18940.2	1	1	2	backbone,backbone
NA18940	full-ens	HLA-DRB1	DRB1	g_group	HG03017.1,NA18982.1	21.29	NA18940.1,NA18940.2	1	1	2	backbone,backbone
NA18940	full-ens	HLA-DRB1	DRB1	cds_exact	HG03017.1,NA18982.1	21.29	NA18940.1,NA18940.2	1	1	2	backbone,backbone
NA18940	full-ens	HLA-DRB1	DRB1	gene_exact	HG03017.1,NA18982.1	21.29	NA18940.1,NA18940.2	1	1	2	backbone,backbone
NA18940	full-ens	HLA-DRB345	DRB3	two_field	NA18943.2,NA18982.1	4.67	NA18940.1,NA18940.2	1	1	2	backbone,backbone
NA18940	full-ens	HLA-DRB345	DRB3	g_group	NA18943.2,NA18982.1	4.67	NA18940.1,NA18940.2	1	1	2	backbone,backbone
NA18940	full-ens	HLA-DRB345	DRB3	cds_exact	NA18943.2,NA18982.1	4.67	NA18940.1,NA18940.2	1	1	2	backbone,backbone
NA18940	full-ens	HLA-DRB345	DRB3	gene_exact	NA18943.2,NA18982.1	4.67	NA18940.1,NA18940.2	1	1	2	backbone,backbone
NA18940	full-ens	HLA-DRB345	DRB4	two_field	NA18943.2,NA18982.1	4.67	NA18940.1,NA18940.2	1	1	2	backbone,backbone
NA18940	full-ens	HLA-DRB345	DRB4	g_group	NA18943.2,NA18982.1	4.67	NA18940.1,NA18940.2	1	1	2	backbone,backbone
NA18940	full-ens	HLA-DRB345	DRB4	cds_exact	NA18943.2,NA18982.1	4.67	NA18940.1,NA18940.2	1	1	2	backbone,backbone
NA18940	full-ens	HLA-DRB345	DRB4	gene_exact	NA18943.2,NA18982.1	4.67	NA18940.1,NA18940.2	1	1	2	backbone,backbone
NA18940	full-ens	HLA-DRB345	DRB5	two_field	NA18943.2,NA18982.1	4.67	NA18940.1,NA18940.2	1	1	2	backbone,backbone
NA18940	full-ens	HLA-DRB345	DRB5	g_group	NA18943.2,NA18982.1	4.67	NA18940.1,NA18940.2	1	1	2	backbone,backbone
NA18940	full-ens	HLA-DRB345	DRB5	cds_exact	NA18943.2,NA18982.1	4.67	NA18940.1,NA18940.2	1	1	2	backbone,backbone
NA18940	full-ens	HLA-DRB345	DRB5	gene_exact	NA18943.2,NA18982.1	4.67	NA18940.1,NA18940.2	1	1	2	backbone,backbone
NA18952	full-ens	HLA-A	A	two_field	HG00438.1,HG00735.1	2.77	NA18952.1,NA18952.2	1	1	2	backbone,backbone
NA18952	full-ens	HLA-A	A	g_group	HG00438.1,HG00735.1	2.77	NA18952.1,NA18952.2	1	1	2	backbone,backbone
NA18952	full-ens	HLA-A	A	cds_exact	HG00438.1,HG00735.1	2.77	NA18952.1,NA18952.2	1	1	2	backbone,backbone
NA18952	full-ens	HLA-A	A	gene_exact	HG00438.1,HG00735.1	2.77	NA18952.1,NA18952.2	1	1	2	backbone,backbone
NA18952	full-ens	HLA-B	B	two_field	GRCh38.0,HG03669.2	6.3	NA18952.1,NA18952.2	1	1	2	backbone,backbone
NA18952	full-ens	HLA-B	B	g_group	GRCh38.0,HG03669.2	6.3	NA18952.1,NA18952.2	1	1	2	backbone,backbone
NA18952	full-ens	HLA-B	B	cds_exact	GRCh38.0,HG03669.2	6.3	NA18952.1,NA18952.2	1	1	2	backbone,backbone
NA18952	full-ens	HLA-B	B	gene_exact	GRCh38.0,HG03669.2	6.3	NA18952.1,NA18952.2	1	1	2	backbone,backbone
NA18952	full-ens	HLA-C	C	two_field	HG00344.2,NA18967.2	7.45	NA18952.1,NA18952.2	1	1	2	backbone,backbone
NA18952	full-ens	HLA-C	C	g_group	HG00344.2,NA18967.2	7.45	NA18952.1,NA18952.2	1	1	2	backbone,backbone
NA18952	full-ens	HLA-C	C	cds_exact	HG00344.2,NA18967.2	7.45	NA18952.1,NA18952.2	1	1	2	backbone,backbone
NA18952	full-ens	HLA-C	C	gene_exact	HG00344.2,NA18967.2	7.45	NA18952.1,NA18952.2	1	1	2	backbone,backbone
NA18952	full-ens	HLA-DP	DPA1	two_field	HG02109.2,KPanRef-078.1	6.15	NA18952.1,NA18952.2	1	1	2	backbone,backbone
NA18952	full-ens	HLA-DP	DPA1	g_group	HG02109.2,KPanRef-078.1	6.15	NA18952.1,NA18952.2	1	1	2	backbone,backbone
NA18952	full-ens	HLA-DP	DPA1	cds_exact	HG02109.2,KPanRef-078.1	6.15	NA18952.1,NA18952.2	1	1	2	backbone,backbone
NA18952	full-ens	HLA-DP	DPA1	gene_exact	HG02109.2,KPanRef-078.1	6.15	NA18952.1,NA18952.2	1	1	2	backbone,backbone
NA18952	full-ens	HLA-DP	DPB1	two_field	HG02109.2,KPanRef-078.1	6.15	NA18952.1,NA18952.2	1	0	1	backbone,backbone
NA18952	full-ens	HLA-DP	DPB1	g_group	HG02109.2,KPanRef-078.1	6.15	NA18952.1,NA18952.2	1	0	1	backbone,backbone
NA18952	full-ens	HLA-DP	DPB1	cds_exact	HG02109.2,KPanRef-078.1	6.15	NA18952.1,NA18952.2	1	0	1	backbone,backbone
NA18952	full-ens	HLA-DP	DPB1	gene_exact	HG02109.2,KPanRef-078.1	6.15	NA18952.1,NA18952.2	1	0	1	backbone,backbone
NA18952	full-ens	HLA-DQ	DQA1	two_field	HG02132.1,RY03.2	4.79	NA18952.1,NA18952.2	1	1	2	backbone,backbone
NA18952	full-ens	HLA-DQ	DQA1	g_group	HG02132.1,RY03.2	4.79	NA18952.1,NA18952.2	1	1	2	backbone,backbone
NA18952	full-ens	HLA-DQ	DQA1	cds_exact	HG02132.1,RY03.2	4.79	NA18952.1,NA18952.2	1	1	2	backbone,backbone
NA18952	full-ens	HLA-DQ	DQA1	gene_exact	HG02132.1,RY03.2	4.79	NA18952.1,NA18952.2	1	1	2	backbone,backbone
NA18952	full-ens	HLA-DQ	DQB1	two_field	HG02132.1,RY03.2	4.79	NA18952.1,NA18952.2	1	1	2	backbone,backbone
NA18952	full-ens	HLA-DQ	DQB1	g_group	HG02132.1,RY03.2	4.79	NA18952.1,NA18952.2	1	1	2	backbone,backbone
NA18952	full-ens	HLA-DQ	DQB1	cds_exact	HG02132.1,RY03.2	4.79	NA18952.1,NA18952.2	1	1	2	backbone,backbone
NA18952	full-ens	HLA-DQ	DQB1	gene_exact	HG02132.1,RY03.2	4.79	NA18952.1,NA18952.2	1	1	2	backbone,backbone
NA18952	full-ens	HLA-DRB1	DRB1	two_field	RY03.2,ksa003.2	3.31	NA18952.1,NA18952.2	1	1	2	backbone,backbone
NA18952	full-ens	HLA-DRB1	DRB1	g_group	RY03.2,ksa003.2	3.31	NA18952.1,NA18952.2	1	1	2	backbone,backbone
NA18952	full-ens	HLA-DRB1	DRB1	cds_exact	RY03.2,ksa003.2	3.31	NA18952.1,NA18952.2	1	1	2	backbone,backbone
NA18952	full-ens	HLA-DRB1	DRB1	gene_exact	RY03.2,ksa003.2	3.31	NA18952.1,NA18952.2	1	1	2	backbone,backbone
NA18952	full-ens	HLA-DRB345	DRB3	two_field	HG005.2,HG02602.2	3.43	NA18952.1,NA18952.2	1	1	2	backbone,backbone
NA18952	full-ens	HLA-DRB345	DRB3	g_group	HG005.2,HG02602.2	3.43	NA18952.1,NA18952.2	1	1	2	backbone,backbone
NA18952	full-ens	HLA-DRB345	DRB3	cds_exact	HG005.2,HG02602.2	3.43	NA18952.1,NA18952.2	1	1	2	backbone,backbone
NA18952	full-ens	HLA-DRB345	DRB3	gene_exact	HG005.2,HG02602.2	3.43	NA18952.1,NA18952.2	1	1	2	backbone,backbone
NA18952	full-ens	HLA-DRB345	DRB4	two_field	HG005.2,HG02602.2	3.43	NA18952.1,NA18952.2	1	1	2	backbone,backbone
NA18952	full-ens	HLA-DRB345	DRB4	g_group	HG005.2,HG02602.2	3.43	NA18952.1,NA18952.2	1	1	2	backbone,backbone
NA18952	full-ens	HLA-DRB345	DRB4	cds_exact	HG005.2,HG02602.2	3.43	NA18952.1,NA18952.2	1	1	2	backbone,backbone
NA18952	full-ens	HLA-DRB345	DRB4	gene_exact	HG005.2,HG02602.2	3.43	NA18952.1,NA18952.2	1	0	1	backbone,backbone
NA18952	full-ens	HLA-DRB345	DRB5	two_field	HG005.2,HG02602.2	3.43	NA18952.1,NA18952.2	1	1	2	backbone,backbone
NA18952	full-ens	HLA-DRB345	DRB5	g_group	HG005.2,HG02602.2	3.43	NA18952.1,NA18952.2	1	1	2	backbone,backbone
NA18952	full-ens	HLA-DRB345	DRB5	cds_exact	HG005.2,HG02602.2	3.43	NA18952.1,NA18952.2	1	1	2	backbone,backbone
NA18952	full-ens	HLA-DRB345	DRB5	gene_exact	HG005.2,HG02602.2	3.43	NA18952.1,NA18952.2	1	1	2	backbone,backbone
NA19087	full-ens	HLA-A	A	two_field	HG00329.1,HG01884.1	8.27	NA19087.1,NA19087.2	1	1	2	backbone,backbone
NA19087	full-ens	HLA-A	A	g_group	HG00329.1,HG01884.1	8.27	NA19087.1,NA19087.2	1	1	2	backbone,backbone
NA19087	full-ens	HLA-A	A	cds_exact	HG00329.1,HG01884.1	8.27	NA19087.1,NA19087.2	1	1	2	backbone,backbone
NA19087	full-ens	HLA-A	A	gene_exact	HG00329.1,HG01884.1	8.27	NA19087.1,NA19087.2	1	1	2	backbone,backbone
NA19087	full-ens	HLA-B	B	two_field	HG00320.1,KOREF1.2	4.72	NA19087.1,NA19087.2	1	1	2	backbone,backbone
NA19087	full-ens	HLA-B	B	g_group	HG00320.1,KOREF1.2	4.72	NA19087.1,NA19087.2	1	1	2	backbone,backbone
NA19087	full-ens	HLA-B	B	cds_exact	HG00320.1,KOREF1.2	4.72	NA19087.1,NA19087.2	1	1	2	backbone,backbone
NA19087	full-ens	HLA-B	B	gene_exact	HG00320.1,KOREF1.2	4.72	NA19087.1,NA19087.2	1	0	1	backbone,backbone
NA19087	full-ens	HLA-C	C	two_field	HG00272.1,HIFI032097D.1	3.26	NA19087.1,NA19087.2	1	1	2	backbone,backbone
NA19087	full-ens	HLA-C	C	g_group	HG00272.1,HIFI032097D.1	3.26	NA19087.1,NA19087.2	1	1	2	backbone,backbone
NA19087	full-ens	HLA-C	C	cds_exact	HG00272.1,HIFI032097D.1	3.26	NA19087.1,NA19087.2	1	1	2	backbone,backbone
NA19087	full-ens	HLA-C	C	gene_exact	HG00272.1,HIFI032097D.1	3.26	NA19087.1,NA19087.2	1	1	2	backbone,backbone
NA19087	full-ens	HLA-DP	DPA1	two_field	HG01993.1,HG02109.2	7.23	NA19087.1,NA19087.2	1	1	2	backbone,backbone
NA19087	full-ens	HLA-DP	DPA1	g_group	HG01993.1,HG02109.2	7.23	NA19087.1,NA19087.2	1	1	2	backbone,backbone
NA19087	full-ens	HLA-DP	DPA1	cds_exact	HG01993.1,HG02109.2	7.23	NA19087.1,NA19087.2	1	1	2	backbone,backbone
NA19087	full-ens	HLA-DP	DPA1	gene_exact	HG01993.1,HG02109.2	7.23	NA19087.1,NA19087.2	1	0	1	backbone,backbone
NA19087	full-ens	HLA-DP	DPB1	two_field	HG01993.1,HG02109.2	7.23	NA19087.1,NA19087.2	1	0	1	backbone,backbone
NA19087	full-ens	HLA-DP	DPB1	g_group	HG01993.1,HG02109.2	7.23	NA19087.1,NA19087.2	1	0	1	backbone,backbone
NA19087	full-ens	HLA-DP	DPB1	cds_exact	HG01993.1,HG02109.2	7.23	NA19087.1,NA19087.2	1	0	1	backbone,backbone
NA19087	full-ens	HLA-DP	DPB1	gene_exact	HG01993.1,HG02109.2	7.23	NA19087.1,NA19087.2	1	0	1	backbone,backbone
NA19087	full-ens	HLA-DQ	DQA1	two_field	HIFI032097D.1,HIFI032103D.2	18.07	NA19087.1,NA19087.2	1	1	2	backbone,backbone
NA19087	full-ens	HLA-DQ	DQA1	g_group	HIFI032097D.1,HIFI032103D.2	18.07	NA19087.1,NA19087.2	1	1	2	backbone,backbone
NA19087	full-ens	HLA-DQ	DQA1	cds_exact	HIFI032097D.1,HIFI032103D.2	18.07	NA19087.1,NA19087.2	1	1	2	backbone,backbone
NA19087	full-ens	HLA-DQ	DQA1	gene_exact	HIFI032097D.1,HIFI032103D.2	18.07	NA19087.1,NA19087.2	1	0	1	backbone,backbone
NA19087	full-ens	HLA-DQ	DQB1	two_field	HIFI032097D.1,HIFI032103D.2	18.07	NA19087.1,NA19087.2	1	1	2	backbone,backbone
NA19087	full-ens	HLA-DQ	DQB1	g_group	HIFI032097D.1,HIFI032103D.2	18.07	NA19087.1,NA19087.2	1	1	2	backbone,backbone
NA19087	full-ens	HLA-DQ	DQB1	cds_exact	HIFI032097D.1,HIFI032103D.2	18.07	NA19087.1,NA19087.2	1	1	2	backbone,backbone
NA19087	full-ens	HLA-DQ	DQB1	gene_exact	HIFI032097D.1,HIFI032103D.2	18.07	NA19087.1,NA19087.2	1	1	2	backbone,backbone
NA19087	full-ens	HLA-DRB1	DRB1	two_field	HG01358.2,HG01952.2~DRB1_04-10-03	2.83	NA19087.1,NA19087.2	1	1	2	backbone,ipd_near
NA19087	full-ens	HLA-DRB1	DRB1	g_group	HG01358.2,HG01952.2~DRB1_04-10-03	2.83	NA19087.1,NA19087.2	1	1	2	backbone,ipd_near
NA19087	full-ens	HLA-DRB1	DRB1	cds_exact	HG01358.2,HG01952.2~DRB1_04-10-03	2.83	NA19087.1,NA19087.2	1	1	2	backbone,ipd_near
NA19087	full-ens	HLA-DRB1	DRB1	gene_exact	HG01358.2,HG01952.2~DRB1_04-10-03	2.83	NA19087.1,NA19087.2	0	0	1	backbone,ipd_near
NA19087	full-ens	HLA-DRB345	DRB3	two_field	HIFI032103D.2,NA18976.2	3.17	NA19087.1,NA19087.2	1	1	2	backbone,backbone
NA19087	full-ens	HLA-DRB345	DRB3	g_group	HIFI032103D.2,NA18976.2	3.17	NA19087.1,NA19087.2	1	1	2	backbone,backbone
NA19087	full-ens	HLA-DRB345	DRB3	cds_exact	HIFI032103D.2,NA18976.2	3.17	NA19087.1,NA19087.2	1	1	2	backbone,backbone
NA19087	full-ens	HLA-DRB345	DRB3	gene_exact	HIFI032103D.2,NA18976.2	3.17	NA19087.1,NA19087.2	1	1	2	backbone,backbone
NA19087	full-ens	HLA-DRB345	DRB4	two_field	HIFI032103D.2,NA18976.2	3.17	NA19087.1,NA19087.2	1	1	2	backbone,backbone
NA19087	full-ens	HLA-DRB345	DRB4	g_group	HIFI032103D.2,NA18976.2	3.17	NA19087.1,NA19087.2	1	1	2	backbone,backbone
NA19087	full-ens	HLA-DRB345	DRB4	cds_exact	HIFI032103D.2,NA18976.2	3.17	NA19087.1,NA19087.2	1	1	2	backbone,backbone
NA19087	full-ens	HLA-DRB345	DRB4	gene_exact	HIFI032103D.2,NA18976.2	3.17	NA19087.1,NA19087.2	1	1	2	backbone,backbone
NA19087	full-ens	HLA-DRB345	DRB5	two_field	HIFI032103D.2,NA18976.2	3.17	NA19087.1,NA19087.2	1	1	2	backbone,backbone
NA19087	full-ens	HLA-DRB345	DRB5	g_group	HIFI032103D.2,NA18976.2	3.17	NA19087.1,NA19087.2	1	1	2	backbone,backbone
NA19087	full-ens	HLA-DRB345	DRB5	cds_exact	HIFI032103D.2,NA18976.2	3.17	NA19087.1,NA19087.2	1	1	2	backbone,backbone
NA19087	full-ens	HLA-DRB345	DRB5	gene_exact	HIFI032103D.2,NA18976.2	3.17	NA19087.1,NA19087.2	1	1	2	backbone,backbone
NA19088	full-ens	HLA-A	A	two_field	HG00438.1,NA19007.1	4.36	NA19088.1,NA19088.2	1	1	2	backbone,backbone
NA19088	full-ens	HLA-A	A	g_group	HG00438.1,NA19007.1	4.36	NA19088.1,NA19088.2	1	1	2	backbone,backbone
NA19088	full-ens	HLA-A	A	cds_exact	HG00438.1,NA19007.1	4.36	NA19088.1,NA19088.2	1	1	2	backbone,backbone
NA19088	full-ens	HLA-A	A	gene_exact	HG00438.1,NA19007.1	4.36	NA19088.1,NA19088.2	1	1	2	backbone,backbone
NA19088	full-ens	HLA-B	B	two_field	RY11.1,HG00272.1~B_15-07-01-01	8.99	NA19088.1,NA19088.2	1	1	2	backbone,ipd_near
NA19088	full-ens	HLA-B	B	g_group	RY11.1,HG00272.1~B_15-07-01-01	8.99	NA19088.1,NA19088.2	1	1	2	backbone,ipd_near
NA19088	full-ens	HLA-B	B	cds_exact	RY11.1,HG00272.1~B_15-07-01-01	8.99	NA19088.1,NA19088.2	1	1	2	backbone,ipd_near
NA19088	full-ens	HLA-B	B	gene_exact	RY11.1,HG00272.1~B_15-07-01-01	8.99	NA19088.1,NA19088.2	0	0	0	backbone,ipd_near
NA19088	full-ens	HLA-C	C	two_field	HG00320.2,HG00329.1	5.79	NA19088.1,NA19088.2	1	1	2	backbone,backbone
NA19088	full-ens	HLA-C	C	g_group	HG00320.2,HG00329.1	5.79	NA19088.1,NA19088.2	1	1	2	backbone,backbone
NA19088	full-ens	HLA-C	C	cds_exact	HG00320.2,HG00329.1	5.79	NA19088.1,NA19088.2	1	1	2	backbone,backbone
NA19088	full-ens	HLA-C	C	gene_exact	HG00320.2,HG00329.1	5.79	NA19088.1,NA19088.2	1	1	2	backbone,backbone
NA19088	full-ens	HLA-DP	DPA1	two_field	HG01928.2,NA18974.1	5.12	NA19088.1,NA19088.2	1	1	2	backbone,backbone
NA19088	full-ens	HLA-DP	DPA1	g_group	HG01928.2,NA18974.1	5.12	NA19088.1,NA19088.2	1	1	2	backbone,backbone
NA19088	full-ens	HLA-DP	DPA1	cds_exact	HG01928.2,NA18974.1	5.12	NA19088.1,NA19088.2	1	1	2	backbone,backbone
NA19088	full-ens	HLA-DP	DPA1	gene_exact	HG01928.2,NA18974.1	5.12	NA19088.1,NA19088.2	1	1	2	backbone,backbone
NA19088	full-ens	HLA-DP	DPB1	two_field	HG01928.2,NA18974.1	5.12	NA19088.1,NA19088.2	1	1	2	backbone,backbone
NA19088	full-ens	HLA-DP	DPB1	g_group	HG01928.2,NA18974.1	5.12	NA19088.1,NA19088.2	1	1	2	backbone,backbone
NA19088	full-ens	HLA-DP	DPB1	cds_exact	HG01928.2,NA18974.1	5.12	NA19088.1,NA19088.2	1	1	2	backbone,backbone
NA19088	full-ens	HLA-DP	DPB1	gene_exact	HG01928.2,NA18974.1	5.12	NA19088.1,NA19088.2	1	0	0	backbone,backbone
NA19088	full-ens	HLA-DQ	DQA1	two_field	HG01252.2,HIFI032501D.2	4.42	NA19088.1,NA19088.2	1	1	2	backbone,backbone
NA19088	full-ens	HLA-DQ	DQA1	g_group	HG01252.2,HIFI032501D.2	4.42	NA19088.1,NA19088.2	1	1	2	backbone,backbone
NA19088	full-ens	HLA-DQ	DQA1	cds_exact	HG01252.2,HIFI032501D.2	4.42	NA19088.1,NA19088.2	1	1	2	backbone,backbone
NA19088	full-ens	HLA-DQ	DQA1	gene_exact	HG01252.2,HIFI032501D.2	4.42	NA19088.1,NA19088.2	1	1	2	backbone,backbone
NA19088	full-ens	HLA-DQ	DQB1	two_field	HG01252.2,HIFI032501D.2	4.42	NA19088.1,NA19088.2	1	1	2	backbone,backbone
NA19088	full-ens	HLA-DQ	DQB1	g_group	HG01252.2,HIFI032501D.2	4.42	NA19088.1,NA19088.2	1	1	2	backbone,backbone
NA19088	full-ens	HLA-DQ	DQB1	cds_exact	HG01252.2,HIFI032501D.2	4.42	NA19088.1,NA19088.2	1	1	2	backbone,backbone
NA19088	full-ens	HLA-DQ	DQB1	gene_exact	HG01252.2,HIFI032501D.2	4.42	NA19088.1,NA19088.2	1	1	2	backbone,backbone
NA19088	full-ens	HLA-DRB1	DRB1	two_field	HG02300.1,HIFI032422D.1	2.39	NA19088.1,NA19088.2	1	1	2	backbone,backbone
NA19088	full-ens	HLA-DRB1	DRB1	g_group	HG02300.1,HIFI032422D.1	2.39	NA19088.1,NA19088.2	1	1	2	backbone,backbone
NA19088	full-ens	HLA-DRB1	DRB1	cds_exact	HG02300.1,HIFI032422D.1	2.39	NA19088.1,NA19088.2	1	1	2	backbone,backbone
NA19088	full-ens	HLA-DRB1	DRB1	gene_exact	HG02300.1,HIFI032422D.1	2.39	NA19088.1,NA19088.2	1	0	1	backbone,backbone
NA19088	full-ens	HLA-DRB345	DRB3	two_field	HG02300.1,HIFI032501D.2	3.42	NA19088.1,NA19088.2	1	1	2	backbone,backbone
NA19088	full-ens	HLA-DRB345	DRB3	g_group	HG02300.1,HIFI032501D.2	3.42	NA19088.1,NA19088.2	1	1	2	backbone,backbone
NA19088	full-ens	HLA-DRB345	DRB3	cds_exact	HG02300.1,HIFI032501D.2	3.42	NA19088.1,NA19088.2	1	1	2	backbone,backbone
NA19088	full-ens	HLA-DRB345	DRB3	gene_exact	HG02300.1,HIFI032501D.2	3.42	NA19088.1,NA19088.2	1	1	2	backbone,backbone
NA19088	full-ens	HLA-DRB345	DRB4	two_field	HG02300.1,HIFI032501D.2	3.42	NA19088.1,NA19088.2	1	1	2	backbone,backbone
NA19088	full-ens	HLA-DRB345	DRB4	g_group	HG02300.1,HIFI032501D.2	3.42	NA19088.1,NA19088.2	1	1	2	backbone,backbone
NA19088	full-ens	HLA-DRB345	DRB4	cds_exact	HG02300.1,HIFI032501D.2	3.42	NA19088.1,NA19088.2	1	1	2	backbone,backbone
NA19088	full-ens	HLA-DRB345	DRB4	gene_exact	HG02300.1,HIFI032501D.2	3.42	NA19088.1,NA19088.2	1	1	2	backbone,backbone
NA19088	full-ens	HLA-DRB345	DRB5	two_field	HG02300.1,HIFI032501D.2	3.42	NA19088.1,NA19088.2	1	1	2	backbone,backbone
NA19088	full-ens	HLA-DRB345	DRB5	g_group	HG02300.1,HIFI032501D.2	3.42	NA19088.1,NA19088.2	1	1	2	backbone,backbone
NA19088	full-ens	HLA-DRB345	DRB5	cds_exact	HG02300.1,HIFI032501D.2	3.42	NA19088.1,NA19088.2	1	1	2	backbone,backbone
NA19088	full-ens	HLA-DRB345	DRB5	gene_exact	HG02300.1,HIFI032501D.2	3.42	NA19088.1,NA19088.2	1	1	2	backbone,backbone
NA20905	full-ens	HLA-A	A	two_field	HG01099.1,NA18620.1	4.99	NA20905.1,NA20905.2	1	1	2	backbone,backbone
NA20905	full-ens	HLA-A	A	g_group	HG01099.1,NA18620.1	4.99	NA20905.1,NA20905.2	1	1	2	backbone,backbone
NA20905	full-ens	HLA-A	A	cds_exact	HG01099.1,NA18620.1	4.99	NA20905.1,NA20905.2	1	1	2	backbone,backbone
NA20905	full-ens	HLA-A	A	gene_exact	HG01099.1,NA18620.1	4.99	NA20905.1,NA20905.2	1	0	1	backbone,backbone
NA20905	full-ens	HLA-B	B	two_field	HG02602.2,HG04115.1	3.53	NA20905.1,NA20905.2	1	1	2	backbone,backbone
NA20905	full-ens	HLA-B	B	g_group	HG02602.2,HG04115.1	3.53	NA20905.1,NA20905.2	1	1	2	backbone,backbone
NA20905	full-ens	HLA-B	B	cds_exact	HG02602.2,HG04115.1	3.53	NA20905.1,NA20905.2	1	1	2	backbone,backbone
NA20905	full-ens	HLA-B	B	gene_exact	HG02602.2,HG04115.1	3.53	NA20905.1,NA20905.2	1	1	2	backbone,backbone
NA20905	full-ens	HLA-C	C	two_field	HG01358.2,HG02698.1	5.14	NA20905.1,NA20905.2	1	1	2	backbone,backbone
NA20905	full-ens	HLA-C	C	g_group	HG01358.2,HG02698.1	5.14	NA20905.1,NA20905.2	1	1	2	backbone,backbone
NA20905	full-ens	HLA-C	C	cds_exact	HG01358.2,HG02698.1	5.14	NA20905.1,NA20905.2	1	1	2	backbone,backbone
NA20905	full-ens	HLA-C	C	gene_exact	HG01358.2,HG02698.1	5.14	NA20905.1,NA20905.2	1	1	2	backbone,backbone
NA20905	full-ens	HLA-DP	DPA1	two_field	HIFI032731D.1,HG03688.1~DPB1_1226-01	3.03	NA20905.1,NA20905.2	1	1	2	backbone,backbone
NA20905	full-ens	HLA-DP	DPA1	g_group	HIFI032731D.1,HG03688.1~DPB1_1226-01	3.03	NA20905.1,NA20905.2	1	1	2	backbone,backbone
NA20905	full-ens	HLA-DP	DPA1	cds_exact	HIFI032731D.1,HG03688.1~DPB1_1226-01	3.03	NA20905.1,NA20905.2	1	1	2	backbone,backbone
NA20905	full-ens	HLA-DP	DPA1	gene_exact	HIFI032731D.1,HG03688.1~DPB1_1226-01	3.03	NA20905.1,NA20905.2	1	0	1	backbone,backbone
NA20905	full-ens	HLA-DP	DPB1	two_field	HIFI032731D.1,HG03688.1~DPB1_1226-01	3.03	NA20905.1,NA20905.2	1	0	1	backbone,ipd_near
NA20905	full-ens	HLA-DP	DPB1	g_group	HIFI032731D.1,HG03688.1~DPB1_1226-01	3.03	NA20905.1,NA20905.2	1	1	2	backbone,ipd_near
NA20905	full-ens	HLA-DP	DPB1	cds_exact	HIFI032731D.1,HG03688.1~DPB1_1226-01	3.03	NA20905.1,NA20905.2	1	0	1	backbone,ipd_near
NA20905	full-ens	HLA-DP	DPB1	gene_exact	HIFI032731D.1,HG03688.1~DPB1_1226-01	3.03	NA20905.1,NA20905.2	0	0	1	backbone,ipd_near
NA20905	full-ens	HLA-DQ	DQA1	two_field	NA21106.2,RY05.1	6.51	NA20905.1,NA20905.2	1	1	2	backbone,backbone
NA20905	full-ens	HLA-DQ	DQA1	g_group	NA21106.2,RY05.1	6.51	NA20905.1,NA20905.2	1	1	2	backbone,backbone
NA20905	full-ens	HLA-DQ	DQA1	cds_exact	NA21106.2,RY05.1	6.51	NA20905.1,NA20905.2	1	1	2	backbone,backbone
NA20905	full-ens	HLA-DQ	DQA1	gene_exact	NA21106.2,RY05.1	6.51	NA20905.1,NA20905.2	1	1	2	backbone,backbone
NA20905	full-ens	HLA-DQ	DQB1	two_field	NA21106.2,RY05.1	6.51	NA20905.1,NA20905.2	1	1	2	backbone,backbone
NA20905	full-ens	HLA-DQ	DQB1	g_group	NA21106.2,RY05.1	6.51	NA20905.1,NA20905.2	1	1	2	backbone,backbone
NA20905	full-ens	HLA-DQ	DQB1	cds_exact	NA21106.2,RY05.1	6.51	NA20905.1,NA20905.2	1	1	2	backbone,backbone
NA20905	full-ens	HLA-DQ	DQB1	gene_exact	NA21106.2,RY05.1	6.51	NA20905.1,NA20905.2	1	0	1	backbone,backbone
NA20905	full-ens	HLA-DRB1	DRB1	two_field	HG04187.2,ksa007.2	7.38	NA20905.1,NA20905.2	1	1	2	backbone,backbone
NA20905	full-ens	HLA-DRB1	DRB1	g_group	HG04187.2,ksa007.2	7.38	NA20905.1,NA20905.2	1	1	2	backbone,backbone
NA20905	full-ens	HLA-DRB1	DRB1	cds_exact	HG04187.2,ksa007.2	7.38	NA20905.1,NA20905.2	1	1	2	backbone,backbone
NA20905	full-ens	HLA-DRB1	DRB1	gene_exact	HG04187.2,ksa007.2	7.38	NA20905.1,NA20905.2	1	0	0	backbone,backbone
NA20905	full-ens	HLA-DRB345	DRB3	two_field	NA20503.2,RY02.2	3.76	NA20905.1,NA20905.2	1	1	2	backbone,backbone
NA20905	full-ens	HLA-DRB345	DRB3	g_group	NA20503.2,RY02.2	3.76	NA20905.1,NA20905.2	1	1	2	backbone,backbone
NA20905	full-ens	HLA-DRB345	DRB3	cds_exact	NA20503.2,RY02.2	3.76	NA20905.1,NA20905.2	1	1	2	backbone,backbone
NA20905	full-ens	HLA-DRB345	DRB3	gene_exact	NA20503.2,RY02.2	3.76	NA20905.1,NA20905.2	1	0	1	backbone,backbone
NA20905	full-ens	HLA-DRB345	DRB4	two_field	NA20503.2,RY02.2	3.76	NA20905.1,NA20905.2	1	1	2	backbone,backbone
NA20905	full-ens	HLA-DRB345	DRB4	g_group	NA20503.2,RY02.2	3.76	NA20905.1,NA20905.2	1	1	2	backbone,backbone
NA20905	full-ens	HLA-DRB345	DRB4	cds_exact	NA20503.2,RY02.2	3.76	NA20905.1,NA20905.2	1	1	2	backbone,backbone
NA20905	full-ens	HLA-DRB345	DRB4	gene_exact	NA20503.2,RY02.2	3.76	NA20905.1,NA20905.2	1	1	2	backbone,backbone
NA20905	full-ens	HLA-DRB345	DRB5	two_field	NA20503.2,RY02.2	3.76	NA20905.1,NA20905.2	1	1	2	backbone,backbone
NA20905	full-ens	HLA-DRB345	DRB5	g_group	NA20503.2,RY02.2	3.76	NA20905.1,NA20905.2	1	1	2	backbone,backbone
NA20905	full-ens	HLA-DRB345	DRB5	cds_exact	NA20503.2,RY02.2	3.76	NA20905.1,NA20905.2	1	1	2	backbone,backbone
NA20905	full-ens	HLA-DRB345	DRB5	gene_exact	NA20503.2,RY02.2	3.76	NA20905.1,NA20905.2	1	1	2	backbone,backbone
NA21093	full-ens	HLA-A	A	two_field	HG00099.2,apr001.1	1.88	NA21093.1,NA21093.2	1	1	2	backbone,backbone
NA21093	full-ens	HLA-A	A	g_group	HG00099.2,apr001.1	1.88	NA21093.1,NA21093.2	1	1	2	backbone,backbone
NA21093	full-ens	HLA-A	A	cds_exact	HG00099.2,apr001.1	1.88	NA21093.1,NA21093.2	1	1	2	backbone,backbone
NA21093	full-ens	HLA-A	A	gene_exact	HG00099.2,apr001.1	1.88	NA21093.1,NA21093.2	1	1	2	backbone,backbone
NA21093	full-ens	HLA-B	B	two_field	HG00558.2,HG02080.2	4.59	NA21093.1,NA21093.2	1	1	2	backbone,backbone
NA21093	full-ens	HLA-B	B	g_group	HG00558.2,HG02080.2	4.59	NA21093.1,NA21093.2	1	1	2	backbone,backbone
NA21093	full-ens	HLA-B	B	cds_exact	HG00558.2,HG02080.2	4.59	NA21093.1,NA21093.2	1	1	2	backbone,backbone
NA21093	full-ens	HLA-B	B	gene_exact	HG00558.2,HG02080.2	4.59	NA21093.1,NA21093.2	1	0	1	backbone,backbone
NA21093	full-ens	HLA-C	C	two_field	HG00558.2,HG03834.2	5.44	NA21093.1,NA21093.2	1	1	2	backbone,backbone
NA21093	full-ens	HLA-C	C	g_group	HG00558.2,HG03834.2	5.44	NA21093.1,NA21093.2	1	1	2	backbone,backbone
NA21093	full-ens	HLA-C	C	cds_exact	HG00558.2,HG03834.2	5.44	NA21093.1,NA21093.2	1	1	2	backbone,backbone
NA21093	full-ens	HLA-C	C	gene_exact	HG00558.2,HG03834.2	5.44	NA21093.1,NA21093.2	1	1	2	backbone,backbone
NA21093	full-ens	HLA-DP	DPA1	two_field	HIFI032306D.2,RY09.1	2.36	NA21093.1,NA21093.2	1	1	2	backbone,backbone
NA21093	full-ens	HLA-DP	DPA1	g_group	HIFI032306D.2,RY09.1	2.36	NA21093.1,NA21093.2	1	1	2	backbone,backbone
NA21093	full-ens	HLA-DP	DPA1	cds_exact	HIFI032306D.2,RY09.1	2.36	NA21093.1,NA21093.2	1	1	2	backbone,backbone
NA21093	full-ens	HLA-DP	DPA1	gene_exact	HIFI032306D.2,RY09.1	2.36	NA21093.1,NA21093.2	1	0	1	backbone,backbone
NA21093	full-ens	HLA-DP	DPB1	two_field	HIFI032306D.2,RY09.1	2.36	NA21093.1,NA21093.2	1	1	2	backbone,backbone
NA21093	full-ens	HLA-DP	DPB1	g_group	HIFI032306D.2,RY09.1	2.36	NA21093.1,NA21093.2	1	1	2	backbone,backbone
NA21093	full-ens	HLA-DP	DPB1	cds_exact	HIFI032306D.2,RY09.1	2.36	NA21093.1,NA21093.2	1	1	2	backbone,backbone
NA21093	full-ens	HLA-DP	DPB1	gene_exact	HIFI032306D.2,RY09.1	2.36	NA21093.1,NA21093.2	1	0	1	backbone,backbone
NA21093	full-ens	HLA-DQ	DQA1	two_field	apr52.1,hg002.2	3.68	NA21093.1,NA21093.2	1	1	2	backbone,backbone
NA21093	full-ens	HLA-DQ	DQA1	g_group	apr52.1,hg002.2	3.68	NA21093.1,NA21093.2	1	1	2	backbone,backbone
NA21093	full-ens	HLA-DQ	DQA1	cds_exact	apr52.1,hg002.2	3.68	NA21093.1,NA21093.2	1	1	2	backbone,backbone
NA21093	full-ens	HLA-DQ	DQA1	gene_exact	apr52.1,hg002.2	3.68	NA21093.1,NA21093.2	1	1	2	backbone,backbone
NA21093	full-ens	HLA-DQ	DQB1	two_field	apr52.1,hg002.2	3.68	NA21093.1,NA21093.2	1	1	2	backbone,backbone
NA21093	full-ens	HLA-DQ	DQB1	g_group	apr52.1,hg002.2	3.68	NA21093.1,NA21093.2	1	1	2	backbone,backbone
NA21093	full-ens	HLA-DQ	DQB1	cds_exact	apr52.1,hg002.2	3.68	NA21093.1,NA21093.2	1	1	2	backbone,backbone
NA21093	full-ens	HLA-DQ	DQB1	gene_exact	apr52.1,hg002.2	3.68	NA21093.1,NA21093.2	1	1	2	backbone,backbone
NA21093	full-ens	HLA-DRB1	DRB1	two_field	NA19468.1,apr032.2	1.57	NA21093.1,NA21093.2	1	1	2	backbone,backbone
NA21093	full-ens	HLA-DRB1	DRB1	g_group	NA19468.1,apr032.2	1.57	NA21093.1,NA21093.2	1	1	2	backbone,backbone
NA21093	full-ens	HLA-DRB1	DRB1	cds_exact	NA19468.1,apr032.2	1.57	NA21093.1,NA21093.2	1	1	2	backbone,backbone
NA21093	full-ens	HLA-DRB1	DRB1	gene_exact	NA19468.1,apr032.2	1.57	NA21093.1,NA21093.2	1	0	0	backbone,backbone
NA21093	full-ens	HLA-DRB345	DRB3	two_field	HG03742.2,HG04115.2	1.62	NA21093.1,NA21093.2	1	1	2	backbone,backbone
NA21093	full-ens	HLA-DRB345	DRB3	g_group	HG03742.2,HG04115.2	1.62	NA21093.1,NA21093.2	1	1	2	backbone,backbone
NA21093	full-ens	HLA-DRB345	DRB3	cds_exact	HG03742.2,HG04115.2	1.62	NA21093.1,NA21093.2	1	1	2	backbone,backbone
NA21093	full-ens	HLA-DRB345	DRB3	gene_exact	HG03742.2,HG04115.2	1.62	NA21093.1,NA21093.2	1	1	2	backbone,backbone
NA21093	full-ens	HLA-DRB345	DRB4	gene_exact	HG03742.2,HG04115.2	1.62	NA21093.1,NA21093.2	1	1	2	backbone,backbone
NA21093	full-ens	HLA-DRB345	DRB5	two_field	HG03742.2,HG04115.2	1.62	NA21093.1,NA21093.2	1	1	2	backbone,backbone
NA21093	full-ens	HLA-DRB345	DRB5	g_group	HG03742.2,HG04115.2	1.62	NA21093.1,NA21093.2	1	1	2	backbone,backbone
NA21093	full-ens	HLA-DRB345	DRB5	cds_exact	HG03742.2,HG04115.2	1.62	NA21093.1,NA21093.2	1	1	2	backbone,backbone
NA21093	full-ens	HLA-DRB345	DRB5	gene_exact	HG03742.2,HG04115.2	1.62	NA21093.1,NA21093.2	1	1	2	backbone,backbone
NA21106	full-ens	HLA-A	A	two_field	HG01099.1,HG01150.1	8.97	NA21106.1,NA21106.2	1	1	2	backbone,backbone
NA21106	full-ens	HLA-A	A	g_group	HG01099.1,HG01150.1	8.97	NA21106.1,NA21106.2	1	1	2	backbone,backbone
NA21106	full-ens	HLA-A	A	cds_exact	HG01099.1,HG01150.1	8.97	NA21106.1,NA21106.2	1	1	2	backbone,backbone
NA21106	full-ens	HLA-A	A	gene_exact	HG01099.1,HG01150.1	8.97	NA21106.1,NA21106.2	1	1	2	backbone,backbone
NA21106	full-ens	HLA-B	B	two_field	HG02080.2,HG03831.1	2.67	NA21106.1,NA21106.2	1	1	2	backbone,backbone
NA21106	full-ens	HLA-B	B	g_group	HG02080.2,HG03831.1	2.67	NA21106.1,NA21106.2	1	1	2	backbone,backbone
NA21106	full-ens	HLA-B	B	cds_exact	HG02080.2,HG03831.1	2.67	NA21106.1,NA21106.2	1	1	2	backbone,backbone
NA21106	full-ens	HLA-B	B	gene_exact	HG02080.2,HG03831.1	2.67	NA21106.1,NA21106.2	1	1	2	backbone,backbone
NA21106	full-ens	HLA-C	C	two_field	HG00140.2,HG03831.1	14.71	NA21106.1,NA21106.2	1	1	2	backbone,backbone
NA21106	full-ens	HLA-C	C	g_group	HG00140.2,HG03831.1	14.71	NA21106.1,NA21106.2	1	1	2	backbone,backbone
NA21106	full-ens	HLA-C	C	cds_exact	HG00140.2,HG03831.1	14.71	NA21106.1,NA21106.2	1	1	2	backbone,backbone
NA21106	full-ens	HLA-C	C	gene_exact	HG00140.2,HG03831.1	14.71	NA21106.1,NA21106.2	1	1	2	backbone,backbone
NA21106	full-ens	HLA-DP	DPA1	two_field	NA19088.1,NA21110.2	28.17	NA21106.1,NA21106.2	1	1	2	backbone,backbone
NA21106	full-ens	HLA-DP	DPA1	g_group	NA19088.1,NA21110.2	28.17	NA21106.1,NA21106.2	1	1	2	backbone,backbone
NA21106	full-ens	HLA-DP	DPA1	cds_exact	NA19088.1,NA21110.2	28.17	NA21106.1,NA21106.2	1	1	2	backbone,backbone
NA21106	full-ens	HLA-DP	DPA1	gene_exact	NA19088.1,NA21110.2	28.17	NA21106.1,NA21106.2	1	0	1	backbone,backbone
NA21106	full-ens	HLA-DP	DPB1	two_field	NA19088.1,NA21110.2	28.17	NA21106.1,NA21106.2	1	1	2	backbone,backbone
NA21106	full-ens	HLA-DP	DPB1	g_group	NA19088.1,NA21110.2	28.17	NA21106.1,NA21106.2	1	1	2	backbone,backbone
NA21106	full-ens	HLA-DP	DPB1	cds_exact	NA19088.1,NA21110.2	28.17	NA21106.1,NA21106.2	1	1	2	backbone,backbone
NA21106	full-ens	HLA-DP	DPB1	gene_exact	NA19088.1,NA21110.2	28.17	NA21106.1,NA21106.2	1	0	1	backbone,backbone
NA21106	full-ens	HLA-DQ	DQA1	two_field	HG02698.1,NA20905.2	1.9	NA21106.1,NA21106.2	1	1	2	backbone,backbone
NA21106	full-ens	HLA-DQ	DQA1	g_group	HG02698.1,NA20905.2	1.9	NA21106.1,NA21106.2	1	1	2	backbone,backbone
NA21106	full-ens	HLA-DQ	DQA1	cds_exact	HG02698.1,NA20905.2	1.9	NA21106.1,NA21106.2	1	1	2	backbone,backbone
NA21106	full-ens	HLA-DQ	DQA1	gene_exact	HG02698.1,NA20905.2	1.9	NA21106.1,NA21106.2	1	1	2	backbone,backbone
NA21106	full-ens	HLA-DQ	DQB1	two_field	HG02698.1,NA20905.2	1.9	NA21106.1,NA21106.2	1	1	2	backbone,backbone
NA21106	full-ens	HLA-DQ	DQB1	g_group	HG02698.1,NA20905.2	1.9	NA21106.1,NA21106.2	1	1	2	backbone,backbone
NA21106	full-ens	HLA-DQ	DQB1	cds_exact	HG02698.1,NA20905.2	1.9	NA21106.1,NA21106.2	1	1	2	backbone,backbone
NA21106	full-ens	HLA-DQ	DQB1	gene_exact	HG02698.1,NA20905.2	1.9	NA21106.1,NA21106.2	1	1	2	backbone,backbone
NA21106	full-ens	HLA-DRB1	DRB1	two_field	NA18959.1,NA18959.2	3.53	NA21106.1,NA21106.2	1	1	2	backbone,backbone
NA21106	full-ens	HLA-DRB1	DRB1	g_group	NA18959.1,NA18959.2	3.53	NA21106.1,NA21106.2	1	1	2	backbone,backbone
NA21106	full-ens	HLA-DRB1	DRB1	cds_exact	NA18959.1,NA18959.2	3.53	NA21106.1,NA21106.2	1	1	2	backbone,backbone
NA21106	full-ens	HLA-DRB1	DRB1	gene_exact	NA18959.1,NA18959.2	3.53	NA21106.1,NA21106.2	1	1	2	backbone,backbone
NA21106	full-ens	HLA-DRB345	DRB3	two_field	HG02698.1,NA20905.2	2.06	NA21106.1,NA21106.2	1	1	2	backbone,backbone
NA21106	full-ens	HLA-DRB345	DRB3	g_group	HG02698.1,NA20905.2	2.06	NA21106.1,NA21106.2	1	1	2	backbone,backbone
NA21106	full-ens	HLA-DRB345	DRB3	cds_exact	HG02698.1,NA20905.2	2.06	NA21106.1,NA21106.2	1	1	2	backbone,backbone
NA21106	full-ens	HLA-DRB345	DRB3	gene_exact	HG02698.1,NA20905.2	2.06	NA21106.1,NA21106.2	1	1	2	backbone,backbone
NA21106	full-ens	HLA-DRB345	DRB4	two_field	HG02698.1,NA20905.2	2.06	NA21106.1,NA21106.2	1	1	2	backbone,backbone
NA21106	full-ens	HLA-DRB345	DRB4	g_group	HG02698.1,NA20905.2	2.06	NA21106.1,NA21106.2	1	1	2	backbone,backbone
NA21106	full-ens	HLA-DRB345	DRB4	cds_exact	HG02698.1,NA20905.2	2.06	NA21106.1,NA21106.2	1	1	2	backbone,backbone
NA21106	full-ens	HLA-DRB345	DRB4	gene_exact	HG02698.1,NA20905.2	2.06	NA21106.1,NA21106.2	1	1	2	backbone,backbone
NA21106	full-ens	HLA-DRB345	DRB5	two_field	HG02698.1,NA20905.2	2.06	NA21106.1,NA21106.2	1	1	2	backbone,backbone
NA21106	full-ens	HLA-DRB345	DRB5	g_group	HG02698.1,NA20905.2	2.06	NA21106.1,NA21106.2	1	1	2	backbone,backbone
NA21106	full-ens	HLA-DRB345	DRB5	cds_exact	HG02698.1,NA20905.2	2.06	NA21106.1,NA21106.2	1	1	2	backbone,backbone
NA21106	full-ens	HLA-DRB345	DRB5	gene_exact	HG02698.1,NA20905.2	2.06	NA21106.1,NA21106.2	1	1	2	backbone,backbone
NA21144	full-ens	HLA-A	A	two_field	HG00128.1,HG01884.1	4.69	NA21144.1,NA21144.2	1	1	2	backbone,backbone
NA21144	full-ens	HLA-A	A	g_group	HG00128.1,HG01884.1	4.69	NA21144.1,NA21144.2	1	1	2	backbone,backbone
NA21144	full-ens	HLA-A	A	cds_exact	HG00128.1,HG01884.1	4.69	NA21144.1,NA21144.2	1	1	2	backbone,backbone
NA21144	full-ens	HLA-A	A	gene_exact	HG00128.1,HG01884.1	4.69	NA21144.1,NA21144.2	1	1	2	backbone,backbone
NA21144	full-ens	HLA-B	B	two_field	HG02080.2,apr050.2	3.47	NA21144.1,NA21144.2	1	1	2	backbone,backbone
NA21144	full-ens	HLA-B	B	g_group	HG02080.2,apr050.2	3.47	NA21144.1,NA21144.2	1	1	2	backbone,backbone
NA21144	full-ens	HLA-B	B	cds_exact	HG02080.2,apr050.2	3.47	NA21144.1,NA21144.2	1	1	2	backbone,backbone
NA21144	full-ens	HLA-B	B	gene_exact	HG02080.2,apr050.2	3.47	NA21144.1,NA21144.2	1	1	2	backbone,backbone
NA21144	full-ens	HLA-C	C	two_field	HG00140.2,HG02015.2	3.25	NA21144.1,NA21144.2	1	1	2	backbone,backbone
NA21144	full-ens	HLA-C	C	g_group	HG00140.2,HG02015.2	3.25	NA21144.1,NA21144.2	1	1	2	backbone,backbone
NA21144	full-ens	HLA-C	C	cds_exact	HG00140.2,HG02015.2	3.25	NA21144.1,NA21144.2	1	1	2	backbone,backbone
NA21144	full-ens	HLA-C	C	gene_exact	HG00140.2,HG02015.2	3.25	NA21144.1,NA21144.2	1	1	2	backbone,backbone
NA21144	full-ens	HLA-DP	DPA1	two_field	HG01934.1,HG03834.2	5.37	NA21144.1,NA21144.2	1	1	2	backbone,backbone
NA21144	full-ens	HLA-DP	DPA1	g_group	HG01934.1,HG03834.2	5.37	NA21144.1,NA21144.2	1	1	2	backbone,backbone
NA21144	full-ens	HLA-DP	DPA1	cds_exact	HG01934.1,HG03834.2	5.37	NA21144.1,NA21144.2	1	1	2	backbone,backbone
NA21144	full-ens	HLA-DP	DPA1	gene_exact	HG01934.1,HG03834.2	5.37	NA21144.1,NA21144.2	1	1	2	backbone,backbone
NA21144	full-ens	HLA-DP	DPB1	two_field	HG01934.1,HG03834.2	5.37	NA21144.1,NA21144.2	1	1	2	backbone,backbone
NA21144	full-ens	HLA-DP	DPB1	g_group	HG01934.1,HG03834.2	5.37	NA21144.1,NA21144.2	1	1	2	backbone,backbone
NA21144	full-ens	HLA-DP	DPB1	cds_exact	HG01934.1,HG03834.2	5.37	NA21144.1,NA21144.2	1	1	2	backbone,backbone
NA21144	full-ens	HLA-DP	DPB1	gene_exact	HG01934.1,HG03834.2	5.37	NA21144.1,NA21144.2	1	1	2	backbone,backbone
NA21144	full-ens	HLA-DQ	DQA1	two_field	HG01071.2,NA21093.1	1.93	NA21144.1,NA21144.2	1	1	2	backbone,backbone
NA21144	full-ens	HLA-DQ	DQA1	g_group	HG01071.2,NA21093.1	1.93	NA21144.1,NA21144.2	1	1	2	backbone,backbone
NA21144	full-ens	HLA-DQ	DQA1	cds_exact	HG01071.2,NA21093.1	1.93	NA21144.1,NA21144.2	1	1	2	backbone,backbone
NA21144	full-ens	HLA-DQ	DQA1	gene_exact	HG01071.2,NA21093.1	1.93	NA21144.1,NA21144.2	1	1	2	backbone,backbone
NA21144	full-ens	HLA-DQ	DQB1	two_field	HG01071.2,NA21093.1	1.93	NA21144.1,NA21144.2	1	1	2	backbone,backbone
NA21144	full-ens	HLA-DQ	DQB1	g_group	HG01071.2,NA21093.1	1.93	NA21144.1,NA21144.2	1	1	2	backbone,backbone
NA21144	full-ens	HLA-DQ	DQB1	cds_exact	HG01071.2,NA21093.1	1.93	NA21144.1,NA21144.2	1	1	2	backbone,backbone
NA21144	full-ens	HLA-DQ	DQB1	gene_exact	HG01071.2,NA21093.1	1.93	NA21144.1,NA21144.2	1	1	2	backbone,backbone
NA21144	full-ens	HLA-DRB1	DRB1	two_field	HG01071.2,HG03927.2	3.71	NA21144.1,NA21144.2	1	1	2	backbone,backbone
NA21144	full-ens	HLA-DRB1	DRB1	g_group	HG01071.2,HG03927.2	3.71	NA21144.1,NA21144.2	1	1	2	backbone,backbone
NA21144	full-ens	HLA-DRB1	DRB1	cds_exact	HG01071.2,HG03927.2	3.71	NA21144.1,NA21144.2	1	1	2	backbone,backbone
NA21144	full-ens	HLA-DRB1	DRB1	gene_exact	HG01071.2,HG03927.2	3.71	NA21144.1,NA21144.2	1	0	1	backbone,backbone
NA21144	full-ens	HLA-DRB345	DRB3	two_field	HG03927.2,HIFI032487D.1	2.21	NA21144.1,NA21144.2	1	1	2	backbone,backbone
NA21144	full-ens	HLA-DRB345	DRB3	g_group	HG03927.2,HIFI032487D.1	2.21	NA21144.1,NA21144.2	1	1	2	backbone,backbone
NA21144	full-ens	HLA-DRB345	DRB3	cds_exact	HG03927.2,HIFI032487D.1	2.21	NA21144.1,NA21144.2	1	1	2	backbone,backbone
NA21144	full-ens	HLA-DRB345	DRB3	gene_exact	HG03927.2,HIFI032487D.1	2.21	NA21144.1,NA21144.2	1	1	2	backbone,backbone
NA21144	full-ens	HLA-DRB345	DRB4	gene_exact	HG03927.2,HIFI032487D.1	2.21	NA21144.1,NA21144.2	1	1	2	backbone,backbone
NA21144	full-ens	HLA-DRB345	DRB5	two_field	HG03927.2,HIFI032487D.1	2.21	NA21144.1,NA21144.2	1	1	2	backbone,backbone
NA21144	full-ens	HLA-DRB345	DRB5	g_group	HG03927.2,HIFI032487D.1	2.21	NA21144.1,NA21144.2	1	1	2	backbone,backbone
NA21144	full-ens	HLA-DRB345	DRB5	cds_exact	HG03927.2,HIFI032487D.1	2.21	NA21144.1,NA21144.2	1	1	2	backbone,backbone
NA21144	full-ens	HLA-DRB345	DRB5	gene_exact	HG03927.2,HIFI032487D.1	2.21	NA21144.1,NA21144.2	1	1	2	backbone,backbone
HG00706	full-ens-p	HLA-A	A	two_field	HG00423.2,HG01943.2	2.49	HG00706.1,HG00706.2	1	1	2	backbone,backbone
HG00706	full-ens-p	HLA-A	A	g_group	HG00423.2,HG01943.2	2.49	HG00706.1,HG00706.2	1	1	2	backbone,backbone
HG00706	full-ens-p	HLA-A	A	cds_exact	HG00423.2,HG01943.2	2.49	HG00706.1,HG00706.2	1	1	2	backbone,backbone
HG00706	full-ens-p	HLA-A	A	gene_exact	HG00423.2,HG01943.2	2.49	HG00706.1,HG00706.2	1	1	2	backbone,backbone
HG00706	full-ens-p	HLA-B	B	two_field	HG02165.1,HIFI032429D.2	4.54	HG00706.1,HG00706.2	1	1	2	backbone,backbone
HG00706	full-ens-p	HLA-B	B	g_group	HG02165.1,HIFI032429D.2	4.54	HG00706.1,HG00706.2	1	1	2	backbone,backbone
HG00706	full-ens-p	HLA-B	B	cds_exact	HG02165.1,HIFI032429D.2	4.54	HG00706.1,HG00706.2	1	1	2	backbone,backbone
HG00706	full-ens-p	HLA-B	B	gene_exact	HG02165.1,HIFI032429D.2	4.54	HG00706.1,HG00706.2	1	0	1	backbone,backbone
HG00706	full-ens-p	HLA-C	C	two_field	HG00673.1,HG02391.1	2.27	HG00706.1,HG00706.2	1	1	2	backbone,backbone
HG00706	full-ens-p	HLA-C	C	g_group	HG00673.1,HG02391.1	2.27	HG00706.1,HG00706.2	1	1	2	backbone,backbone
HG00706	full-ens-p	HLA-C	C	cds_exact	HG00673.1,HG02391.1	2.27	HG00706.1,HG00706.2	1	1	2	backbone,backbone
HG00706	full-ens-p	HLA-C	C	gene_exact	HG00673.1,HG02391.1	2.27	HG00706.1,HG00706.2	1	0	1	backbone,backbone
HG00706	full-ens-p	HLA-DP	DPA1	two_field	HIFI032453D.2,apr045.2	7.5	HG00706.1,HG00706.2	1	1	2	backbone,backbone
HG00706	full-ens-p	HLA-DP	DPA1	g_group	HIFI032453D.2,apr045.2	7.5	HG00706.1,HG00706.2	1	1	2	backbone,backbone
HG00706	full-ens-p	HLA-DP	DPA1	cds_exact	HIFI032453D.2,apr045.2	7.5	HG00706.1,HG00706.2	1	1	2	backbone,backbone
HG00706	full-ens-p	HLA-DP	DPA1	gene_exact	HIFI032453D.2,apr045.2	7.5	HG00706.1,HG00706.2	1	1	2	backbone,backbone
HG00706	full-ens-p	HLA-DP	DPB1	two_field	HIFI032453D.2,apr045.2	7.5	HG00706.1,HG00706.2	1	1	2	backbone,backbone
HG00706	full-ens-p	HLA-DP	DPB1	g_group	HIFI032453D.2,apr045.2	7.5	HG00706.1,HG00706.2	1	1	2	backbone,backbone
HG00706	full-ens-p	HLA-DP	DPB1	cds_exact	HIFI032453D.2,apr045.2	7.5	HG00706.1,HG00706.2	1	1	2	backbone,backbone
HG00706	full-ens-p	HLA-DP	DPB1	gene_exact	HIFI032453D.2,apr045.2	7.5	HG00706.1,HG00706.2	1	0	1	backbone,backbone
HG00706	full-ens-p	HLA-DQ	DQA1	two_field	HG02155.2,GRCh38.0	4.8	HG00706.1,HG00706.2	1	1	2	backbone,backbone
HG00706	full-ens-p	HLA-DQ	DQA1	g_group	HG02155.2,GRCh38.0	4.8	HG00706.1,HG00706.2	1	1	2	backbone,backbone
HG00706	full-ens-p	HLA-DQ	DQA1	cds_exact	HG02155.2,GRCh38.0	4.8	HG00706.1,HG00706.2	1	1	2	backbone,backbone
HG00706	full-ens-p	HLA-DQ	DQA1	gene_exact	HG02155.2,GRCh38.0	4.8	HG00706.1,HG00706.2	1	0	1	backbone,backbone
HG00706	full-ens-p	HLA-DQ	DQB1	two_field	HG02155.2,GRCh38.0	4.8	HG00706.1,HG00706.2	1	1	2	backbone,backbone
HG00706	full-ens-p	HLA-DQ	DQB1	g_group	HG02155.2,GRCh38.0	4.8	HG00706.1,HG00706.2	1	1	2	backbone,backbone
HG00706	full-ens-p	HLA-DQ	DQB1	cds_exact	HG02155.2,GRCh38.0	4.8	HG00706.1,HG00706.2	1	1	2	backbone,backbone
HG00706	full-ens-p	HLA-DQ	DQB1	gene_exact	HG02155.2,GRCh38.0	4.8	HG00706.1,HG00706.2	1	1	2	backbone,backbone
HG00706	full-ens-p	HLA-DRB1	DRB1	two_field	HIFI032585D.2,NA18959.2	8.13	HG00706.1,HG00706.2	1	1	2	backbone,backbone
HG00706	full-ens-p	HLA-DRB1	DRB1	g_group	HIFI032585D.2,NA18959.2	8.13	HG00706.1,HG00706.2	1	1	2	backbone,backbone
HG00706	full-ens-p	HLA-DRB1	DRB1	cds_exact	HIFI032585D.2,NA18959.2	8.13	HG00706.1,HG00706.2	1	1	2	backbone,backbone
HG00706	full-ens-p	HLA-DRB1	DRB1	gene_exact	HIFI032585D.2,NA18959.2	8.13	HG00706.1,HG00706.2	1	0	0	backbone,backbone
HG00706	full-ens-p	HLA-DRB345	DRB3	two_field	HG02155.1,apr006.2	4.04	HG00706.1,HG00706.2	1	1	2	backbone,backbone
HG00706	full-ens-p	HLA-DRB345	DRB3	g_group	HG02155.1,apr006.2	4.04	HG00706.1,HG00706.2	1	1	2	backbone,backbone
HG00706	full-ens-p	HLA-DRB345	DRB3	cds_exact	HG02155.1,apr006.2	4.04	HG00706.1,HG00706.2	1	1	2	backbone,backbone
HG00706	full-ens-p	HLA-DRB345	DRB3	gene_exact	HG02155.1,apr006.2	4.04	HG00706.1,HG00706.2	1	1	2	backbone,backbone
HG00706	full-ens-p	HLA-DRB345	DRB4	two_field	HG02155.1,apr006.2	4.04	HG00706.1,HG00706.2	1	1	2	backbone,backbone
HG00706	full-ens-p	HLA-DRB345	DRB4	g_group	HG02155.1,apr006.2	4.04	HG00706.1,HG00706.2	1	1	2	backbone,backbone
HG00706	full-ens-p	HLA-DRB345	DRB4	cds_exact	HG02155.1,apr006.2	4.04	HG00706.1,HG00706.2	1	1	2	backbone,backbone
HG00706	full-ens-p	HLA-DRB345	DRB4	gene_exact	HG02155.1,apr006.2	4.04	HG00706.1,HG00706.2	1	1	2	backbone,backbone
HG00706	full-ens-p	HLA-DRB345	DRB5	two_field	HG02155.1,apr006.2	4.04	HG00706.1,HG00706.2	1	1	2	backbone,backbone
HG00706	full-ens-p	HLA-DRB345	DRB5	g_group	HG02155.1,apr006.2	4.04	HG00706.1,HG00706.2	1	1	2	backbone,backbone
HG00706	full-ens-p	HLA-DRB345	DRB5	cds_exact	HG02155.1,apr006.2	4.04	HG00706.1,HG00706.2	1	1	2	backbone,backbone
HG00706	full-ens-p	HLA-DRB345	DRB5	gene_exact	HG02155.1,apr006.2	4.04	HG00706.1,HG00706.2	1	0	1	backbone,backbone
HG02155	full-ens-p	HLA-A	A	two_field	HG00658.1,apr051.2	10.89	HG02155.1,HG02155.2	1	1	2	backbone,backbone
HG02155	full-ens-p	HLA-A	A	g_group	HG00658.1,apr051.2	10.89	HG02155.1,HG02155.2	1	1	2	backbone,backbone
HG02155	full-ens-p	HLA-A	A	cds_exact	HG00658.1,apr051.2	10.89	HG02155.1,HG02155.2	1	1	2	backbone,backbone
HG02155	full-ens-p	HLA-A	A	gene_exact	HG00658.1,apr051.2	10.89	HG02155.1,HG02155.2	1	0	1	backbone,backbone
HG02155	full-ens-p	HLA-B	B	two_field	HG00706.1,HG01952.2	1.88	HG02155.1,HG02155.2	1	1	2	backbone,backbone
HG02155	full-ens-p	HLA-B	B	g_group	HG00706.1,HG01952.2	1.88	HG02155.1,HG02155.2	1	1	2	backbone,backbone
HG02155	full-ens-p	HLA-B	B	cds_exact	HG00706.1,HG01952.2	1.88	HG02155.1,HG02155.2	1	1	2	backbone,backbone
HG02155	full-ens-p	HLA-B	B	gene_exact	HG00706.1,HG01952.2	1.88	HG02155.1,HG02155.2	1	1	2	backbone,backbone
HG02155	full-ens-p	HLA-C	C	two_field	HG00329.2,RY01.1	2.77	HG02155.1,HG02155.2	1	1	2	backbone,backbone
HG02155	full-ens-p	HLA-C	C	g_group	HG00329.2,RY01.1	2.77	HG02155.1,HG02155.2	1	1	2	backbone,backbone
HG02155	full-ens-p	HLA-C	C	cds_exact	HG00329.2,RY01.1	2.77	HG02155.1,HG02155.2	1	1	2	backbone,backbone
HG02155	full-ens-p	HLA-C	C	gene_exact	HG00329.2,RY01.1	2.77	HG02155.1,HG02155.2	1	1	2	backbone,backbone
HG02155	full-ens-p	HLA-DP	DPA1	two_field	KPanRef-079.2,NA18620.1	4.93	HG02155.1,HG02155.2	1	1	2	backbone,backbone
HG02155	full-ens-p	HLA-DP	DPA1	g_group	KPanRef-079.2,NA18620.1	4.93	HG02155.1,HG02155.2	1	1	2	backbone,backbone
HG02155	full-ens-p	HLA-DP	DPA1	cds_exact	KPanRef-079.2,NA18620.1	4.93	HG02155.1,HG02155.2	1	1	2	backbone,backbone
HG02155	full-ens-p	HLA-DP	DPA1	gene_exact	KPanRef-079.2,NA18620.1	4.93	HG02155.1,HG02155.2	1	0	1	backbone,backbone
HG02155	full-ens-p	HLA-DP	DPB1	two_field	KPanRef-079.2,NA18620.1	4.93	HG02155.1,HG02155.2	1	1	2	backbone,backbone
HG02155	full-ens-p	HLA-DP	DPB1	g_group	KPanRef-079.2,NA18620.1	4.93	HG02155.1,HG02155.2	1	1	2	backbone,backbone
HG02155	full-ens-p	HLA-DP	DPB1	cds_exact	KPanRef-079.2,NA18620.1	4.93	HG02155.1,HG02155.2	1	1	2	backbone,backbone
HG02155	full-ens-p	HLA-DP	DPB1	gene_exact	KPanRef-079.2,NA18620.1	4.93	HG02155.1,HG02155.2	1	1	2	backbone,backbone
HG02155	full-ens-p	HLA-DQ	DQA1	two_field	HIFI032097D.2,HIFI032097D.2	2.72	HG02155.1,HG02155.2	1	1	2	backbone,backbone
HG02155	full-ens-p	HLA-DQ	DQA1	g_group	HIFI032097D.2,HIFI032097D.2	2.72	HG02155.1,HG02155.2	1	1	2	backbone,backbone
HG02155	full-ens-p	HLA-DQ	DQA1	cds_exact	HIFI032097D.2,HIFI032097D.2	2.72	HG02155.1,HG02155.2	1	1	2	backbone,backbone
HG02155	full-ens-p	HLA-DQ	DQA1	gene_exact	HIFI032097D.2,HIFI032097D.2	2.72	HG02155.1,HG02155.2	1	1	2	backbone,backbone
HG02155	full-ens-p	HLA-DQ	DQB1	two_field	HIFI032097D.2,HIFI032097D.2	2.72	HG02155.1,HG02155.2	1	1	2	backbone,backbone
HG02155	full-ens-p	HLA-DQ	DQB1	g_group	HIFI032097D.2,HIFI032097D.2	2.72	HG02155.1,HG02155.2	1	1	2	backbone,backbone
HG02155	full-ens-p	HLA-DQ	DQB1	cds_exact	HIFI032097D.2,HIFI032097D.2	2.72	HG02155.1,HG02155.2	1	1	2	backbone,backbone
HG02155	full-ens-p	HLA-DQ	DQB1	gene_exact	HIFI032097D.2,HIFI032097D.2	2.72	HG02155.1,HG02155.2	1	1	2	backbone,backbone
HG02155	full-ens-p	HLA-DRB1	DRB1	two_field	HG00706.1,NA20806.1	1.69	HG02155.1,HG02155.2	1	1	2	backbone,backbone
HG02155	full-ens-p	HLA-DRB1	DRB1	g_group	HG00706.1,NA20806.1	1.69	HG02155.1,HG02155.2	1	1	2	backbone,backbone
HG02155	full-ens-p	HLA-DRB1	DRB1	cds_exact	HG00706.1,NA20806.1	1.69	HG02155.1,HG02155.2	1	1	2	backbone,backbone
HG02155	full-ens-p	HLA-DRB1	DRB1	gene_exact	HG00706.1,NA20806.1	1.69	HG02155.1,HG02155.2	1	0	0	backbone,backbone
HG02155	full-ens-p	HLA-DRB345	DRB3	two_field	HG02391.1,HIFI032097D.2	8.59	HG02155.1,HG02155.2	1	1	2	backbone,backbone
HG02155	full-ens-p	HLA-DRB345	DRB3	g_group	HG02391.1,HIFI032097D.2	8.59	HG02155.1,HG02155.2	1	1	2	backbone,backbone
HG02155	full-ens-p	HLA-DRB345	DRB3	cds_exact	HG02391.1,HIFI032097D.2	8.59	HG02155.1,HG02155.2	1	1	2	backbone,backbone
HG02155	full-ens-p	HLA-DRB345	DRB3	gene_exact	HG02391.1,HIFI032097D.2	8.59	HG02155.1,HG02155.2	1	1	2	backbone,backbone
HG02155	full-ens-p	HLA-DRB345	DRB4	two_field	HG02391.1,HIFI032097D.2	8.59	HG02155.1,HG02155.2	1	1	2	backbone,backbone
HG02155	full-ens-p	HLA-DRB345	DRB4	g_group	HG02391.1,HIFI032097D.2	8.59	HG02155.1,HG02155.2	1	1	2	backbone,backbone
HG02155	full-ens-p	HLA-DRB345	DRB4	cds_exact	HG02391.1,HIFI032097D.2	8.59	HG02155.1,HG02155.2	1	1	2	backbone,backbone
HG02155	full-ens-p	HLA-DRB345	DRB4	gene_exact	HG02391.1,HIFI032097D.2	8.59	HG02155.1,HG02155.2	1	1	2	backbone,backbone
HG02155	full-ens-p	HLA-DRB345	DRB5	two_field	HG02391.1,HIFI032097D.2	8.59	HG02155.1,HG02155.2	1	1	2	backbone,backbone
HG02155	full-ens-p	HLA-DRB345	DRB5	g_group	HG02391.1,HIFI032097D.2	8.59	HG02155.1,HG02155.2	1	1	2	backbone,backbone
HG02155	full-ens-p	HLA-DRB345	DRB5	cds_exact	HG02391.1,HIFI032097D.2	8.59	HG02155.1,HG02155.2	1	1	2	backbone,backbone
HG02155	full-ens-p	HLA-DRB345	DRB5	gene_exact	HG02391.1,HIFI032097D.2	8.59	HG02155.1,HG02155.2	1	1	2	backbone,backbone
NA18620	full-ens-p	HLA-A	A	two_field	HG00344.1,apr039.1	6.86	NA18620.1,NA18620.2	1	1	2	backbone,backbone
NA18620	full-ens-p	HLA-A	A	g_group	HG00344.1,apr039.1	6.86	NA18620.1,NA18620.2	1	1	2	backbone,backbone
NA18620	full-ens-p	HLA-A	A	cds_exact	HG00344.1,apr039.1	6.86	NA18620.1,NA18620.2	1	1	2	backbone,backbone
NA18620	full-ens-p	HLA-A	A	gene_exact	HG00344.1,apr039.1	6.86	NA18620.1,NA18620.2	1	1	2	backbone,backbone
NA18620	full-ens-p	HLA-B	B	two_field	HG02056.2,HG02083.1	3.44	NA18620.1,NA18620.2	1	1	2	backbone,backbone
NA18620	full-ens-p	HLA-B	B	g_group	HG02056.2,HG02083.1	3.44	NA18620.1,NA18620.2	1	1	2	backbone,backbone
NA18620	full-ens-p	HLA-B	B	cds_exact	HG02056.2,HG02083.1	3.44	NA18620.1,NA18620.2	1	1	2	backbone,backbone
NA18620	full-ens-p	HLA-B	B	gene_exact	HG02056.2,HG02083.1	3.44	NA18620.1,NA18620.2	1	0	1	backbone,backbone
NA18620	full-ens-p	HLA-C	C	cds_exact	HG01960.1,HG02083.1	3.37	NA18620.1,NA18620.2	1	0	1	backbone,backbone
NA18620	full-ens-p	HLA-C	C	gene_exact	HG01960.1,HG02083.1	3.37	NA18620.1,NA18620.2	1	0	1	backbone,backbone
NA18620	full-ens-p	HLA-DP	DPA1	two_field	HG00146.2,HG02155.2	5.78	NA18620.1,NA18620.2	1	1	2	backbone,backbone
NA18620	full-ens-p	HLA-DP	DPA1	g_group	HG00146.2,HG02155.2	5.78	NA18620.1,NA18620.2	1	1	2	backbone,backbone
NA18620	full-ens-p	HLA-DP	DPA1	cds_exact	HG00146.2,HG02155.2	5.78	NA18620.1,NA18620.2	1	1	2	backbone,backbone
NA18620	full-ens-p	HLA-DP	DPA1	gene_exact	HG00146.2,HG02155.2	5.78	NA18620.1,NA18620.2	1	1	2	backbone,backbone
NA18620	full-ens-p	HLA-DP	DPB1	two_field	HG00146.2,HG02155.2	5.78	NA18620.1,NA18620.2	1	1	2	backbone,backbone
NA18620	full-ens-p	HLA-DP	DPB1	g_group	HG00146.2,HG02155.2	5.78	NA18620.1,NA18620.2	1	1	2	backbone,backbone
NA18620	full-ens-p	HLA-DP	DPB1	cds_exact	HG00146.2,HG02155.2	5.78	NA18620.1,NA18620.2	1	1	2	backbone,backbone
NA18620	full-ens-p	HLA-DP	DPB1	gene_exact	HG00146.2,HG02155.2	5.78	NA18620.1,NA18620.2	1	1	2	backbone,backbone
NA18620	full-ens-p	HLA-DQ	DQA1	two_field	HG00128.2,HG02027.2~DQB1_03-587	2.13	NA18620.1,NA18620.2	1	1	2	backbone,backbone
NA18620	full-ens-p	HLA-DQ	DQA1	g_group	HG00128.2,HG02027.2~DQB1_03-587	2.13	NA18620.1,NA18620.2	1	1	2	backbone,backbone
NA18620	full-ens-p	HLA-DQ	DQA1	cds_exact	HG00128.2,HG02027.2~DQB1_03-587	2.13	NA18620.1,NA18620.2	1	1	2	backbone,backbone
NA18620	full-ens-p	HLA-DQ	DQA1	gene_exact	HG00128.2,HG02027.2~DQB1_03-587	2.13	NA18620.1,NA18620.2	1	0	1	backbone,backbone
NA18620	full-ens-p	HLA-DQ	DQB1	two_field	HG00128.2,HG02027.2~DQB1_03-587	2.13	NA18620.1,NA18620.2	1	0	1	backbone,ipd_near
NA18620	full-ens-p	HLA-DQ	DQB1	g_group	HG00128.2,HG02027.2~DQB1_03-587	2.13	NA18620.1,NA18620.2	1	1	2	backbone,ipd_near
NA18620	full-ens-p	HLA-DQ	DQB1	cds_exact	HG00128.2,HG02027.2~DQB1_03-587	2.13	NA18620.1,NA18620.2	1	0	1	backbone,ipd_near
NA18620	full-ens-p	HLA-DQ	DQB1	gene_exact	HG00128.2,HG02027.2~DQB1_03-587	2.13	NA18620.1,NA18620.2	0	0	0	backbone,ipd_near
NA18620	full-ens-p	HLA-DRB1	DRB1	two_field	HIFI032292D.1~DRB1_12-01-01-01,NA19443.2~DRB1_08-02-01-01	7.51	NA18620.1,NA18620.2	1	0	1	ipd_near,ipd_near
NA18620	full-ens-p	HLA-DRB1	DRB1	g_group	HIFI032292D.1~DRB1_12-01-01-01,NA19443.2~DRB1_08-02-01-01	7.51	NA18620.1,NA18620.2	1	0	1	ipd_near,ipd_near
NA18620	full-ens-p	HLA-DRB1	DRB1	cds_exact	HIFI032292D.1~DRB1_12-01-01-01,NA19443.2~DRB1_08-02-01-01	7.51	NA18620.1,NA18620.2	1	0	1	ipd_near,ipd_near
NA18620	full-ens-p	HLA-DRB1	DRB1	gene_exact	HIFI032292D.1~DRB1_12-01-01-01,NA19443.2~DRB1_08-02-01-01	7.51	NA18620.1,NA18620.2	0	0	0	ipd_near,ipd_near
NA18620	full-ens-p	HLA-DRB345	DRB3	two_field	HIFI032422D.2,NA18565.2	1.1	NA18620.1,NA18620.2	1	1	2	backbone,backbone
NA18620	full-ens-p	HLA-DRB345	DRB3	g_group	HIFI032422D.2,NA18565.2	1.1	NA18620.1,NA18620.2	1	1	2	backbone,backbone
NA18620	full-ens-p	HLA-DRB345	DRB3	cds_exact	HIFI032422D.2,NA18565.2	1.1	NA18620.1,NA18620.2	1	1	2	backbone,backbone
NA18620	full-ens-p	HLA-DRB345	DRB3	gene_exact	HIFI032422D.2,NA18565.2	1.1	NA18620.1,NA18620.2	1	1	2	backbone,backbone
NA18620	full-ens-p	HLA-DRB345	DRB4	two_field	HIFI032422D.2,NA18565.2	1.1	NA18620.1,NA18620.2	1	1	2	backbone,backbone
NA18620	full-ens-p	HLA-DRB345	DRB4	g_group	HIFI032422D.2,NA18565.2	1.1	NA18620.1,NA18620.2	1	1	2	backbone,backbone
NA18620	full-ens-p	HLA-DRB345	DRB4	cds_exact	HIFI032422D.2,NA18565.2	1.1	NA18620.1,NA18620.2	1	1	2	backbone,backbone
NA18620	full-ens-p	HLA-DRB345	DRB4	gene_exact	HIFI032422D.2,NA18565.2	1.1	NA18620.1,NA18620.2	1	1	2	backbone,backbone
NA18620	full-ens-p	HLA-DRB345	DRB5	two_field	HIFI032422D.2,NA18565.2	1.1	NA18620.1,NA18620.2	1	1	2	backbone,backbone
NA18620	full-ens-p	HLA-DRB345	DRB5	g_group	HIFI032422D.2,NA18565.2	1.1	NA18620.1,NA18620.2	1	1	2	backbone,backbone
NA18620	full-ens-p	HLA-DRB345	DRB5	cds_exact	HIFI032422D.2,NA18565.2	1.1	NA18620.1,NA18620.2	1	1	2	backbone,backbone
NA18620	full-ens-p	HLA-DRB345	DRB5	gene_exact	HIFI032422D.2,NA18565.2	1.1	NA18620.1,NA18620.2	1	1	2	backbone,backbone
NA19087	full-ens-p	HLA-A	A	two_field	HG01884.1,HG00321.1~A_02-1193	9.67	NA19087.1,NA19087.2	1	0	1	backbone,ipd_near
NA19087	full-ens-p	HLA-A	A	g_group	HG01884.1,HG00321.1~A_02-1193	9.67	NA19087.1,NA19087.2	1	1	2	backbone,ipd_near
NA19087	full-ens-p	HLA-A	A	cds_exact	HG01884.1,HG00321.1~A_02-1193	9.67	NA19087.1,NA19087.2	1	0	1	backbone,ipd_near
NA19087	full-ens-p	HLA-A	A	gene_exact	HG01884.1,HG00321.1~A_02-1193	9.67	NA19087.1,NA19087.2	0	0	1	backbone,ipd_near
NA19087	full-ens-p	HLA-B	B	two_field	HIFI032349D.2,KOREF1.2	5.79	NA19087.1,NA19087.2	1	1	2	backbone,backbone
NA19087	full-ens-p	HLA-B	B	g_group	HIFI032349D.2,KOREF1.2	5.79	NA19087.1,NA19087.2	1	1	2	backbone,backbone
NA19087	full-ens-p	HLA-B	B	cds_exact	HIFI032349D.2,KOREF1.2	5.79	NA19087.1,NA19087.2	1	1	2	backbone,backbone
NA19087	full-ens-p	HLA-B	B	gene_exact	HIFI032349D.2,KOREF1.2	5.79	NA19087.1,NA19087.2	1	0	1	backbone,backbone
NA19087	full-ens-p	HLA-C	C	two_field	HG00272.1,HIFI032097D.1	1.73	NA19087.1,NA19087.2	1	1	2	backbone,backbone
NA19087	full-ens-p	HLA-C	C	g_group	HG00272.1,HIFI032097D.1	1.73	NA19087.1,NA19087.2	1	1	2	backbone,backbone
NA19087	full-ens-p	HLA-C	C	cds_exact	HG00272.1,HIFI032097D.1	1.73	NA19087.1,NA19087.2	1	1	2	backbone,backbone
NA19087	full-ens-p	HLA-C	C	gene_exact	HG00272.1,HIFI032097D.1	1.73	NA19087.1,NA19087.2	1	1	2	backbone,backbone
NA19087	full-ens-p	HLA-DP	DPA1	two_field	HG02109.2,HIFI032069D.1	6.06	NA19087.1,NA19087.2	1	1	2	backbone,backbone
NA19087	full-ens-p	HLA-DP	DPA1	g_group	HG02109.2,HIFI032069D.1	6.06	NA19087.1,NA19087.2	1	1	2	backbone,backbone
NA19087	full-ens-p	HLA-DP	DPA1	cds_exact	HG02109.2,HIFI032069D.1	6.06	NA19087.1,NA19087.2	1	1	2	backbone,backbone
NA19087	full-ens-p	HLA-DP	DPA1	gene_exact	HG02109.2,HIFI032069D.1	6.06	NA19087.1,NA19087.2	1	0	1	backbone,backbone
NA19087	full-ens-p	HLA-DP	DPB1	two_field	HG02109.2,HIFI032069D.1	6.06	NA19087.1,NA19087.2	1	0	1	backbone,backbone
NA19087	full-ens-p	HLA-DP	DPB1	g_group	HG02109.2,HIFI032069D.1	6.06	NA19087.1,NA19087.2	1	0	1	backbone,backbone
NA19087	full-ens-p	HLA-DP	DPB1	cds_exact	HG02109.2,HIFI032069D.1	6.06	NA19087.1,NA19087.2	1	0	1	backbone,backbone
NA19087	full-ens-p	HLA-DP	DPB1	gene_exact	HG02109.2,HIFI032069D.1	6.06	NA19087.1,NA19087.2	1	0	0	backbone,backbone
NA19087	full-ens-p	HLA-DQ	DQA1	two_field	HIFI032097D.1,HG00438.2~DQB1_04-02-01-01	7.76	NA19087.1,NA19087.2	1	1	2	backbone,backbone
NA19087	full-ens-p	HLA-DQ	DQA1	g_group	HIFI032097D.1,HG00438.2~DQB1_04-02-01-01	7.76	NA19087.1,NA19087.2	1	1	2	backbone,backbone
NA19087	full-ens-p	HLA-DQ	DQA1	cds_exact	HIFI032097D.1,HG00438.2~DQB1_04-02-01-01	7.76	NA19087.1,NA19087.2	1	1	2	backbone,backbone
NA19087	full-ens-p	HLA-DQ	DQA1	gene_exact	HIFI032097D.1,HG00438.2~DQB1_04-02-01-01	7.76	NA19087.1,NA19087.2	1	0	1	backbone,backbone
NA19087	full-ens-p	HLA-DQ	DQB1	two_field	HIFI032097D.1,HG00438.2~DQB1_04-02-01-01	7.76	NA19087.1,NA19087.2	1	1	2	backbone,ipd_near
NA19087	full-ens-p	HLA-DQ	DQB1	g_group	HIFI032097D.1,HG00438.2~DQB1_04-02-01-01	7.76	NA19087.1,NA19087.2	1	1	2	backbone,ipd_near
NA19087	full-ens-p	HLA-DQ	DQB1	cds_exact	HIFI032097D.1,HG00438.2~DQB1_04-02-01-01	7.76	NA19087.1,NA19087.2	1	1	2	backbone,ipd_near
NA19087	full-ens-p	HLA-DQ	DQB1	gene_exact	HIFI032097D.1,HG00438.2~DQB1_04-02-01-01	7.76	NA19087.1,NA19087.2	0	0	1	backbone,ipd_near
NA19087	full-ens-p	HLA-DRB1	DRB1	two_field	HG01358.2,HG01952.2~DRB1_04-10-03	4.16	NA19087.1,NA19087.2	1	1	2	backbone,ipd_near
NA19087	full-ens-p	HLA-DRB1	DRB1	g_group	HG01358.2,HG01952.2~DRB1_04-10-03	4.16	NA19087.1,NA19087.2	1	1	2	backbone,ipd_near
NA19087	full-ens-p	HLA-DRB1	DRB1	cds_exact	HG01358.2,HG01952.2~DRB1_04-10-03	4.16	NA19087.1,NA19087.2	1	1	2	backbone,ipd_near
NA19087	full-ens-p	HLA-DRB1	DRB1	gene_exact	HG01358.2,HG01952.2~DRB1_04-10-03	4.16	NA19087.1,NA19087.2	0	0	1	backbone,ipd_near
NA19087	full-ens-p	HLA-DRB345	DRB3	two_field	HIFI032103D.2,KOREF1.2	11.77	NA19087.1,NA19087.2	1	1	2	backbone,backbone
NA19087	full-ens-p	HLA-DRB345	DRB3	g_group	HIFI032103D.2,KOREF1.2	11.77	NA19087.1,NA19087.2	1	1	2	backbone,backbone
NA19087	full-ens-p	HLA-DRB345	DRB3	cds_exact	HIFI032103D.2,KOREF1.2	11.77	NA19087.1,NA19087.2	1	1	2	backbone,backbone
NA19087	full-ens-p	HLA-DRB345	DRB3	gene_exact	HIFI032103D.2,KOREF1.2	11.77	NA19087.1,NA19087.2	1	1	2	backbone,backbone
NA19087	full-ens-p	HLA-DRB345	DRB4	two_field	HIFI032103D.2,KOREF1.2	11.77	NA19087.1,NA19087.2	1	1	2	backbone,backbone
NA19087	full-ens-p	HLA-DRB345	DRB4	g_group	HIFI032103D.2,KOREF1.2	11.77	NA19087.1,NA19087.2	1	1	2	backbone,backbone
NA19087	full-ens-p	HLA-DRB345	DRB4	cds_exact	HIFI032103D.2,KOREF1.2	11.77	NA19087.1,NA19087.2	1	1	2	backbone,backbone
NA19087	full-ens-p	HLA-DRB345	DRB4	gene_exact	HIFI032103D.2,KOREF1.2	11.77	NA19087.1,NA19087.2	1	1	2	backbone,backbone
NA19087	full-ens-p	HLA-DRB345	DRB5	two_field	HIFI032103D.2,KOREF1.2	11.77	NA19087.1,NA19087.2	1	1	2	backbone,backbone
NA19087	full-ens-p	HLA-DRB345	DRB5	g_group	HIFI032103D.2,KOREF1.2	11.77	NA19087.1,NA19087.2	1	1	2	backbone,backbone
NA19087	full-ens-p	HLA-DRB345	DRB5	cds_exact	HIFI032103D.2,KOREF1.2	11.77	NA19087.1,NA19087.2	1	1	2	backbone,backbone
NA19087	full-ens-p	HLA-DRB345	DRB5	gene_exact	HIFI032103D.2,KOREF1.2	11.77	NA19087.1,NA19087.2	1	1	2	backbone,backbone
HG00706	full-t1k	HLA-A	A	two_field	HG01943.2,HG02083.1	7.99	HG00706.1,HG00706.2	1	1	2	backbone,backbone
HG00706	full-t1k	HLA-A	A	g_group	HG01943.2,HG02083.1	7.99	HG00706.1,HG00706.2	1	1	2	backbone,backbone
HG00706	full-t1k	HLA-A	A	cds_exact	HG01943.2,HG02083.1	7.99	HG00706.1,HG00706.2	1	1	2	backbone,backbone
HG00706	full-t1k	HLA-A	A	gene_exact	HG01943.2,HG02083.1	7.99	HG00706.1,HG00706.2	1	1	2	backbone,backbone
HG00706	full-t1k	HLA-B	B	two_field	HG02165.1,apr039.1	1.65	HG00706.1,HG00706.2	1	1	2	backbone,backbone
HG00706	full-t1k	HLA-B	B	g_group	HG02165.1,apr039.1	1.65	HG00706.1,HG00706.2	1	1	2	backbone,backbone
HG00706	full-t1k	HLA-B	B	cds_exact	HG02165.1,apr039.1	1.65	HG00706.1,HG00706.2	1	1	2	backbone,backbone
HG00706	full-t1k	HLA-B	B	gene_exact	HG02165.1,apr039.1	1.65	HG00706.1,HG00706.2	1	0	1	backbone,backbone
HG00706	full-t1k	HLA-C	C	two_field	HG02391.1,HIFI032069D.2	2.53	HG00706.1,HG00706.2	1	1	2	backbone,backbone
HG00706	full-t1k	HLA-C	C	g_group	HG02391.1,HIFI032069D.2	2.53	HG00706.1,HG00706.2	1	1	2	backbone,backbone
HG00706	full-t1k	HLA-C	C	cds_exact	HG02391.1,HIFI032069D.2	2.53	HG00706.1,HG00706.2	1	1	2	backbone,backbone
HG00706	full-t1k	HLA-C	C	gene_exact	HG02391.1,HIFI032069D.2	2.53	HG00706.1,HG00706.2	1	0	1	backbone,backbone
HG00706	full-t1k	HLA-DP	DPA1	two_field	HIFI032453D.2,apr045.2	4.0	HG00706.1,HG00706.2	1	1	2	backbone,backbone
HG00706	full-t1k	HLA-DP	DPA1	g_group	HIFI032453D.2,apr045.2	4.0	HG00706.1,HG00706.2	1	1	2	backbone,backbone
HG00706	full-t1k	HLA-DP	DPA1	cds_exact	HIFI032453D.2,apr045.2	4.0	HG00706.1,HG00706.2	1	1	2	backbone,backbone
HG00706	full-t1k	HLA-DP	DPA1	gene_exact	HIFI032453D.2,apr045.2	4.0	HG00706.1,HG00706.2	1	1	2	backbone,backbone
HG00706	full-t1k	HLA-DP	DPB1	two_field	HIFI032453D.2,apr045.2	4.0	HG00706.1,HG00706.2	1	1	2	backbone,backbone
HG00706	full-t1k	HLA-DP	DPB1	g_group	HIFI032453D.2,apr045.2	4.0	HG00706.1,HG00706.2	1	1	2	backbone,backbone
HG00706	full-t1k	HLA-DP	DPB1	cds_exact	HIFI032453D.2,apr045.2	4.0	HG00706.1,HG00706.2	1	1	2	backbone,backbone
HG00706	full-t1k	HLA-DP	DPB1	gene_exact	HIFI032453D.2,apr045.2	4.0	HG00706.1,HG00706.2	1	0	1	backbone,backbone
HG00706	full-t1k	HLA-DQ	DQA1	two_field	HG00323.2,HG02155.2	3.04	HG00706.1,HG00706.2	1	1	2	backbone,backbone
HG00706	full-t1k	HLA-DQ	DQA1	g_group	HG00323.2,HG02155.2	3.04	HG00706.1,HG00706.2	1	1	2	backbone,backbone
HG00706	full-t1k	HLA-DQ	DQA1	cds_exact	HG00323.2,HG02155.2	3.04	HG00706.1,HG00706.2	1	1	2	backbone,backbone
HG00706	full-t1k	HLA-DQ	DQA1	gene_exact	HG00323.2,HG02155.2	3.04	HG00706.1,HG00706.2	1	0	1	backbone,backbone
HG00706	full-t1k	HLA-DQ	DQB1	two_field	HG00323.2,HG02155.2	3.04	HG00706.1,HG00706.2	1	1	2	backbone,backbone
HG00706	full-t1k	HLA-DQ	DQB1	g_group	HG00323.2,HG02155.2	3.04	HG00706.1,HG00706.2	1	1	2	backbone,backbone
HG00706	full-t1k	HLA-DQ	DQB1	cds_exact	HG00323.2,HG02155.2	3.04	HG00706.1,HG00706.2	1	1	2	backbone,backbone
HG00706	full-t1k	HLA-DQ	DQB1	gene_exact	HG00323.2,HG02155.2	3.04	HG00706.1,HG00706.2	1	1	2	backbone,backbone
HG00706	full-t1k	HLA-DRB1	DRB1	two_field	HIFI032585D.2,NA18959.2	5.49	HG00706.1,HG00706.2	1	1	2	backbone,backbone
HG00706	full-t1k	HLA-DRB1	DRB1	g_group	HIFI032585D.2,NA18959.2	5.49	HG00706.1,HG00706.2	1	1	2	backbone,backbone
HG00706	full-t1k	HLA-DRB1	DRB1	cds_exact	HIFI032585D.2,NA18959.2	5.49	HG00706.1,HG00706.2	1	1	2	backbone,backbone
HG00706	full-t1k	HLA-DRB1	DRB1	gene_exact	HIFI032585D.2,NA18959.2	5.49	HG00706.1,HG00706.2	1	0	0	backbone,backbone
HG00706	full-t1k	HLA-DRB345	DRB3	two_field	HG02155.1,NA21106.1	4.25	HG00706.1,HG00706.2	1	1	2	backbone,backbone
HG00706	full-t1k	HLA-DRB345	DRB3	g_group	HG02155.1,NA21106.1	4.25	HG00706.1,HG00706.2	1	1	2	backbone,backbone
HG00706	full-t1k	HLA-DRB345	DRB3	cds_exact	HG02155.1,NA21106.1	4.25	HG00706.1,HG00706.2	1	1	2	backbone,backbone
HG00706	full-t1k	HLA-DRB345	DRB3	gene_exact	HG02155.1,NA21106.1	4.25	HG00706.1,HG00706.2	1	1	2	backbone,backbone
HG00706	full-t1k	HLA-DRB345	DRB4	two_field	HG02155.1,NA21106.1	4.25	HG00706.1,HG00706.2	1	1	2	backbone,backbone
HG00706	full-t1k	HLA-DRB345	DRB4	g_group	HG02155.1,NA21106.1	4.25	HG00706.1,HG00706.2	1	1	2	backbone,backbone
HG00706	full-t1k	HLA-DRB345	DRB4	cds_exact	HG02155.1,NA21106.1	4.25	HG00706.1,HG00706.2	1	1	2	backbone,backbone
HG00706	full-t1k	HLA-DRB345	DRB4	gene_exact	HG02155.1,NA21106.1	4.25	HG00706.1,HG00706.2	1	1	2	backbone,backbone
HG00706	full-t1k	HLA-DRB345	DRB5	two_field	HG02155.1,NA21106.1	4.25	HG00706.1,HG00706.2	1	1	2	backbone,backbone
HG00706	full-t1k	HLA-DRB345	DRB5	g_group	HG02155.1,NA21106.1	4.25	HG00706.1,HG00706.2	1	1	2	backbone,backbone
HG00706	full-t1k	HLA-DRB345	DRB5	cds_exact	HG02155.1,NA21106.1	4.25	HG00706.1,HG00706.2	1	1	2	backbone,backbone
HG00706	full-t1k	HLA-DRB345	DRB5	gene_exact	HG02155.1,NA21106.1	4.25	HG00706.1,HG00706.2	1	0	1	backbone,backbone
HG02155	full-t1k	HLA-A	A	two_field	HG00658.1,HIFI032567D.1	4.05	HG02155.1,HG02155.2	1	1	2	backbone,backbone
HG02155	full-t1k	HLA-A	A	g_group	HG00658.1,HIFI032567D.1	4.05	HG02155.1,HG02155.2	1	1	2	backbone,backbone
HG02155	full-t1k	HLA-A	A	cds_exact	HG00658.1,HIFI032567D.1	4.05	HG02155.1,HG02155.2	1	1	2	backbone,backbone
HG02155	full-t1k	HLA-A	A	gene_exact	HG00658.1,HIFI032567D.1	4.05	HG02155.1,HG02155.2	1	0	1	backbone,backbone
HG02155	full-t1k	HLA-B	B	two_field	HG00706.1,HG01952.2	4.19	HG02155.1,HG02155.2	1	1	2	backbone,backbone
HG02155	full-t1k	HLA-B	B	g_group	HG00706.1,HG01952.2	4.19	HG02155.1,HG02155.2	1	1	2	backbone,backbone
HG02155	full-t1k	HLA-B	B	cds_exact	HG00706.1,HG01952.2	4.19	HG02155.1,HG02155.2	1	1	2	backbone,backbone
HG02155	full-t1k	HLA-B	B	gene_exact	HG00706.1,HG01952.2	4.19	HG02155.1,HG02155.2	1	1	2	backbone,backbone
HG02155	full-t1k	HLA-C	C	two_field	HG01123.1,RY01.1	3.06	HG02155.1,HG02155.2	1	1	2	backbone,backbone
HG02155	full-t1k	HLA-C	C	g_group	HG01123.1,RY01.1	3.06	HG02155.1,HG02155.2	1	1	2	backbone,backbone
HG02155	full-t1k	HLA-C	C	cds_exact	HG01123.1,RY01.1	3.06	HG02155.1,HG02155.2	1	1	2	backbone,backbone
HG02155	full-t1k	HLA-C	C	gene_exact	HG01123.1,RY01.1	3.06	HG02155.1,HG02155.2	1	1	2	backbone,backbone
HG02155	full-t1k	HLA-DP	DPA1	two_field	HG02523.2,NA18620.1	4.08	HG02155.1,HG02155.2	1	1	2	backbone,backbone
HG02155	full-t1k	HLA-DP	DPA1	g_group	HG02523.2,NA18620.1	4.08	HG02155.1,HG02155.2	1	1	2	backbone,backbone
HG02155	full-t1k	HLA-DP	DPA1	cds_exact	HG02523.2,NA18620.1	4.08	HG02155.1,HG02155.2	1	1	2	backbone,backbone
HG02155	full-t1k	HLA-DP	DPA1	gene_exact	HG02523.2,NA18620.1	4.08	HG02155.1,HG02155.2	1	0	1	backbone,backbone
HG02155	full-t1k	HLA-DP	DPB1	two_field	HG02523.2,NA18620.1	4.08	HG02155.1,HG02155.2	1	1	2	backbone,backbone
HG02155	full-t1k	HLA-DP	DPB1	g_group	HG02523.2,NA18620.1	4.08	HG02155.1,HG02155.2	1	1	2	backbone,backbone
HG02155	full-t1k	HLA-DP	DPB1	cds_exact	HG02523.2,NA18620.1	4.08	HG02155.1,HG02155.2	1	1	2	backbone,backbone
HG02155	full-t1k	HLA-DP	DPB1	gene_exact	HG02523.2,NA18620.1	4.08	HG02155.1,HG02155.2	1	1	2	backbone,backbone
HG02155	full-t1k	HLA-DQ	DQA1	two_field	HIFI032097D.2,HIFI032097D.2	6.77	HG02155.1,HG02155.2	1	1	2	backbone,backbone
HG02155	full-t1k	HLA-DQ	DQA1	g_group	HIFI032097D.2,HIFI032097D.2	6.77	HG02155.1,HG02155.2	1	1	2	backbone,backbone
HG02155	full-t1k	HLA-DQ	DQA1	cds_exact	HIFI032097D.2,HIFI032097D.2	6.77	HG02155.1,HG02155.2	1	1	2	backbone,backbone
HG02155	full-t1k	HLA-DQ	DQA1	gene_exact	HIFI032097D.2,HIFI032097D.2	6.77	HG02155.1,HG02155.2	1	1	2	backbone,backbone
HG02155	full-t1k	HLA-DQ	DQB1	two_field	HIFI032097D.2,HIFI032097D.2	6.77	HG02155.1,HG02155.2	1	1	2	backbone,backbone
HG02155	full-t1k	HLA-DQ	DQB1	g_group	HIFI032097D.2,HIFI032097D.2	6.77	HG02155.1,HG02155.2	1	1	2	backbone,backbone
HG02155	full-t1k	HLA-DQ	DQB1	cds_exact	HIFI032097D.2,HIFI032097D.2	6.77	HG02155.1,HG02155.2	1	1	2	backbone,backbone
HG02155	full-t1k	HLA-DQ	DQB1	gene_exact	HIFI032097D.2,HIFI032097D.2	6.77	HG02155.1,HG02155.2	1	1	2	backbone,backbone
HG02155	full-t1k	HLA-DRB1	DRB1	two_field	HG00706.1,apr040.1	2.33	HG02155.1,HG02155.2	1	1	2	backbone,backbone
HG02155	full-t1k	HLA-DRB1	DRB1	g_group	HG00706.1,apr040.1	2.33	HG02155.1,HG02155.2	1	1	2	backbone,backbone
HG02155	full-t1k	HLA-DRB1	DRB1	cds_exact	HG00706.1,apr040.1	2.33	HG02155.1,HG02155.2	1	1	2	backbone,backbone
HG02155	full-t1k	HLA-DRB1	DRB1	gene_exact	HG00706.1,apr040.1	2.33	HG02155.1,HG02155.2	1	0	0	backbone,backbone
HG02155	full-t1k	HLA-DRB345	DRB3	two_field	HG02391.1,HIFI032097D.2	11.58	HG02155.1,HG02155.2	1	1	2	backbone,backbone
HG02155	full-t1k	HLA-DRB345	DRB3	g_group	HG02391.1,HIFI032097D.2	11.58	HG02155.1,HG02155.2	1	1	2	backbone,backbone
HG02155	full-t1k	HLA-DRB345	DRB3	cds_exact	HG02391.1,HIFI032097D.2	11.58	HG02155.1,HG02155.2	1	1	2	backbone,backbone
HG02155	full-t1k	HLA-DRB345	DRB3	gene_exact	HG02391.1,HIFI032097D.2	11.58	HG02155.1,HG02155.2	1	1	2	backbone,backbone
HG02155	full-t1k	HLA-DRB345	DRB4	two_field	HG02391.1,HIFI032097D.2	11.58	HG02155.1,HG02155.2	1	1	2	backbone,backbone
HG02155	full-t1k	HLA-DRB345	DRB4	g_group	HG02391.1,HIFI032097D.2	11.58	HG02155.1,HG02155.2	1	1	2	backbone,backbone
HG02155	full-t1k	HLA-DRB345	DRB4	cds_exact	HG02391.1,HIFI032097D.2	11.58	HG02155.1,HG02155.2	1	1	2	backbone,backbone
HG02155	full-t1k	HLA-DRB345	DRB4	gene_exact	HG02391.1,HIFI032097D.2	11.58	HG02155.1,HG02155.2	1	1	2	backbone,backbone
HG02155	full-t1k	HLA-DRB345	DRB5	two_field	HG02391.1,HIFI032097D.2	11.58	HG02155.1,HG02155.2	1	1	2	backbone,backbone
HG02155	full-t1k	HLA-DRB345	DRB5	g_group	HG02391.1,HIFI032097D.2	11.58	HG02155.1,HG02155.2	1	1	2	backbone,backbone
HG02155	full-t1k	HLA-DRB345	DRB5	cds_exact	HG02391.1,HIFI032097D.2	11.58	HG02155.1,HG02155.2	1	1	2	backbone,backbone
HG02155	full-t1k	HLA-DRB345	DRB5	gene_exact	HG02391.1,HIFI032097D.2	11.58	HG02155.1,HG02155.2	1	1	2	backbone,backbone
NA19087	full-t1k	HLA-C	C	two_field	HG00408.2,HIFI032097D.1	3.74	NA19087.1,NA19087.2	1	1	2	backbone,backbone
NA19087	full-t1k	HLA-C	C	g_group	HG00408.2,HIFI032097D.1	3.74	NA19087.1,NA19087.2	1	1	2	backbone,backbone
NA19087	full-t1k	HLA-C	C	cds_exact	HG00408.2,HIFI032097D.1	3.74	NA19087.1,NA19087.2	1	1	2	backbone,backbone
NA19087	full-t1k	HLA-C	C	gene_exact	HG00408.2,HIFI032097D.1	3.74	NA19087.1,NA19087.2	1	1	2	backbone,backbone
NA19087	full-t1k	HLA-DP	DPA1	two_field	HG01993.1,HG02109.2~DPB1_05-01-01-01	3.65	NA19087.1,NA19087.2	1	1	2	backbone,backbone
NA19087	full-t1k	HLA-DP	DPA1	g_group	HG01993.1,HG02109.2~DPB1_05-01-01-01	3.65	NA19087.1,NA19087.2	1	1	2	backbone,backbone
NA19087	full-t1k	HLA-DP	DPA1	cds_exact	HG01993.1,HG02109.2~DPB1_05-01-01-01	3.65	NA19087.1,NA19087.2	1	1	2	backbone,backbone
NA19087	full-t1k	HLA-DP	DPA1	gene_exact	HG01993.1,HG02109.2~DPB1_05-01-01-01	3.65	NA19087.1,NA19087.2	1	0	1	backbone,backbone
NA19087	full-t1k	HLA-DP	DPB1	two_field	HG01993.1,HG02109.2~DPB1_05-01-01-01	3.65	NA19087.1,NA19087.2	1	1	2	backbone,ipd_near
NA19087	full-t1k	HLA-DP	DPB1	g_group	HG01993.1,HG02109.2~DPB1_05-01-01-01	3.65	NA19087.1,NA19087.2	1	1	2	backbone,ipd_near
NA19087	full-t1k	HLA-DP	DPB1	cds_exact	HG01993.1,HG02109.2~DPB1_05-01-01-01	3.65	NA19087.1,NA19087.2	1	1	2	backbone,ipd_near
NA19087	full-t1k	HLA-DP	DPB1	gene_exact	HG01993.1,HG02109.2~DPB1_05-01-01-01	3.65	NA19087.1,NA19087.2	0	0	1	backbone,ipd_near
NA19087	full-t1k	HLA-DQ	DQA1	two_field	HIFI032097D.1,HG02015.2~DQB1_04-02-01-01	8.99	NA19087.1,NA19087.2	1	1	2	backbone,backbone
NA19087	full-t1k	HLA-DQ	DQA1	g_group	HIFI032097D.1,HG02015.2~DQB1_04-02-01-01	8.99	NA19087.1,NA19087.2	1	1	2	backbone,backbone
NA19087	full-t1k	HLA-DQ	DQA1	cds_exact	HIFI032097D.1,HG02015.2~DQB1_04-02-01-01	8.99	NA19087.1,NA19087.2	1	1	2	backbone,backbone
NA19087	full-t1k	HLA-DQ	DQA1	gene_exact	HIFI032097D.1,HG02015.2~DQB1_04-02-01-01	8.99	NA19087.1,NA19087.2	1	0	1	backbone,backbone
NA19087	full-t1k	HLA-DQ	DQB1	two_field	HIFI032097D.1,HG02015.2~DQB1_04-02-01-01	8.99	NA19087.1,NA19087.2	1	1	2	backbone,ipd_near
NA19087	full-t1k	HLA-DQ	DQB1	g_group	HIFI032097D.1,HG02015.2~DQB1_04-02-01-01	8.99	NA19087.1,NA19087.2	1	1	2	backbone,ipd_near
NA19087	full-t1k	HLA-DQ	DQB1	cds_exact	HIFI032097D.1,HG02015.2~DQB1_04-02-01-01	8.99	NA19087.1,NA19087.2	1	1	2	backbone,ipd_near
NA19087	full-t1k	HLA-DQ	DQB1	gene_exact	HIFI032097D.1,HG02015.2~DQB1_04-02-01-01	8.99	NA19087.1,NA19087.2	0	0	1	backbone,ipd_near
