level	cohort	donor	superpopulation	gene	prediction	called	correct	allele_matches
two_field	test_A_loo	HG00097	EUR	A	HLA-A*03:01:01;HLA-A*24:02:01	1	1	2
two_field	test_A_loo	HG00097	EUR	B	HLA-B*07:02:01;HLA-B*07:02:01	1	1	2
two_field	test_A_loo	HG00097	EUR	C	HLA-C*07:02:01;HLA-C*07:02:01	1	1	2
two_field	test_A_loo	HG00097	EUR	DRB1	HLA-DRB1*13:03:01;HLA-DRB1*15:01:01	1	1	2
two_field	test_A_loo	HG00097	EUR	DQB1	HLA-DQB1*06:02:01;HLA-DQB1*03:01:01	1	1	2
two_field	test_A_loo	HG00099	EUR	A	HLA-A*01:01:01;HLA-A*68:01:02	1	1	2
two_field	test_A_loo	HG00099	EUR	B	HLA-B*44:02:01;HLA-B*08:01:01	1	1	2
two_field	test_A_loo	HG00099	EUR	C	HLA-C*07:04:01;HLA-C*07:01:01	1	1	2
two_field	test_A_loo	HG00099	EUR	DRB1	HLA-DRB1*03:01:01;HLA-DRB1*11:01:01	1	1	2
two_field	test_A_loo	HG00099	EUR	DQB1	HLA-DQB1*02:01:01;HLA-DQB1*03:01:01	1	1	2
two_field	test_A_loo	HG00126	EUR	A	HLA-A*29:02:01;HLA-A*24:02:01	1	1	2
two_field	test_A_loo	HG00126	EUR	B	HLA-B*44:03:01;HLA-B*35:03:01	1	1	2
two_field	test_A_loo	HG00126	EUR	C	HLA-C*16:01:01;HLA-C*12:03:01	1	1	2
two_field	test_A_loo	HG00126	EUR	DRB1	HLA-DRB1*07:01:01;HLA-DRB1*14:54:01	1	1	2
two_field	test_A_loo	HG00126	EUR	DQB1	HLA-DQB1*02:02:01;HLA-DQB1*05:03:01	1	1	2
two_field	test_A_loo	HG00128	EUR	A	HLA-A*02:01:01;HLA-A*02:01:01	1	1	2
two_field	test_A_loo	HG00128	EUR	B	HLA-B*14:02:01;HLA-B*27:05:02	1	1	2
two_field	test_A_loo	HG00128	EUR	C	HLA-C*02:02:02;HLA-C*08:02:01	1	1	2
two_field	test_A_loo	HG00128	EUR	DRB1	HLA-DRB1*01:01:01;HLA-DRB1*12:01:01	1	1	2
two_field	test_A_loo	HG00128	EUR	DQB1	HLA-DQB1*05:01:01;HLA-DQB1*03:01:01	1	1	2
two_field	test_A_loo	HG00133	EUR	A	HLA-A*32:01:01;HLA-A*02:01:01	1	1	2
two_field	test_A_loo	HG00133	EUR	B	HLA-B*53:01:01;HLA-B*44:02:01	1	1	2
two_field	test_A_loo	HG00133	EUR	C	HLA-C*04:01:01;HLA-C*05:01:01	1	1	2
two_field	test_A_loo	HG00133	EUR	DRB1	HLA-DRB1*04:04:01;HLA-DRB1*13:02:01	1	1	2
two_field	test_A_loo	HG00133	EUR	DQB1	HLA-DQB1*03:02:01;HLA-DQB1*06:04:01	1	1	2
two_field	test_A_loo	HG00140	EUR	A	HLA-A*31:01:02;HLA-A*01:01:01	1	1	2
two_field	test_A_loo	HG00140	EUR	B	HLA-B*57:01:01;HLA-B*40:01:02	1	1	2
two_field	test_A_loo	HG00140	EUR	C	HLA-C*06:02:01;HLA-C*03:04:01,HLA-C*03:04:114	1	1	2
two_field	test_A_loo	HG00140	EUR	DRB1	HLA-DRB1*01:01:01;HLA-DRB1*03:01:01	1	1	2
two_field	test_A_loo	HG00140	EUR	DQB1	HLA-DQB1*02:01:01;HLA-DQB1*05:01:01	1	1	2
two_field	test_A_loo	HG00146	EUR	A	HLA-A*25:01:01;HLA-A*01:01:01	1	1	2
two_field	test_A_loo	HG00146	EUR	B	HLA-B*08:01:01;HLA-B*35:01:01	1	1	2
two_field	test_A_loo	HG00146	EUR	C	HLA-C*07:01:01;HLA-C*04:01:01	1	1	2
two_field	test_A_loo	HG00146	EUR	DRB1	HLA-DRB1*01:01:01;HLA-DRB1*03:01:01	1	1	2
two_field	test_A_loo	HG00146	EUR	DQB1	HLA-DQB1*02:01:01;HLA-DQB1*05:01:01	1	1	2
two_field	test_A_loo	HG00232	EUR	A	HLA-A*03:01:01;HLA-A*03:01:01	1	1	2
two_field	test_A_loo	HG00232	EUR	B	HLA-B*27:05:02;HLA-B*07:02:01	1	1	2
two_field	test_A_loo	HG00232	EUR	C	HLA-C*02:02:02;HLA-C*07:02:01	1	1	2
two_field	test_A_loo	HG00232	EUR	DRB1	HLA-DRB1*15:01:01;HLA-DRB1*14:54:01	1	1	2
two_field	test_A_loo	HG00232	EUR	DQB1	HLA-DQB1*06:02:01;HLA-DQB1*05:03:01	1	1	2
two_field	test_A_loo	HG00235	EUR	A	HLA-A*26:01:01;HLA-A*68:01:02	1	1	2
two_field	test_A_loo	HG00235	EUR	B	HLA-B*07:02:01;HLA-B*44:02:01	1	1	2
two_field	test_A_loo	HG00235	EUR	C	HLA-C*07:02:01;HLA-C*05:01:01	1	1	2
two_field	test_A_loo	HG00235	EUR	DRB1	HLA-DRB1*09:01:02;HLA-DRB1*04:04:01	1	1	2
two_field	test_A_loo	HG00235	EUR	DQB1	HLA-DQB1*03:02:01;HLA-DQB1*03:03:02	1	1	2
two_field	test_A_loo	HG00253	EUR	A	HLA-A*01:01:01;HLA-A*25:01:01	1	1	2
two_field	test_A_loo	HG00253	EUR	B	HLA-B*58:01:01;HLA-B*07:02:01	1	1	2
two_field	test_A_loo	HG00253	EUR	C	HLA-C*07:02:01;HLA-C*07:18:01	1	1	2
two_field	test_A_loo	HG00253	EUR	DRB1	HLA-DRB1*13:03:01;HLA-DRB1*15:01:01	1	1	2
two_field	test_A_loo	HG00253	EUR	DQB1	HLA-DQB1*06:02:01;HLA-DQB1*03:01:01	1	1	2
two_field	test_A_loo	HG00272	EUR	A	HLA-A*32:01:01;HLA-A*01:01:01	1	1	2
two_field	test_A_loo	HG00272	EUR	B	HLA-B*08:01:01;HLA-B*15:01:01	1	1	2
two_field	test_A_loo	HG00272	EUR	C	HLA-C*03:03:01;HLA-C*07:01:01	1	1	2
two_field	test_A_loo	HG00272	EUR	DRB1	HLA-DRB1*03:01:01;HLA-DRB1*13:01:01	1	1	2
two_field	test_A_loo	HG00272	EUR	DQB1	HLA-DQB1*02:01:01;HLA-DQB1*06:03:01	1	1	2
two_field	test_A_loo	HG00280	EUR	A	HLA-A*03:01:01;HLA-A*02:01:01	1	1	2
two_field	test_A_loo	HG00280	EUR	B	HLA-B*08:01:01;HLA-B*27:05:02	1	1	2
two_field	test_A_loo	HG00280	EUR	C	HLA-C*07:01:01;HLA-C*01:02:01	1	1	2
two_field	test_A_loo	HG00280	EUR	DRB1	HLA-DRB1*03:01:01;HLA-DRB1*12:01:01	1	1	2
two_field	test_A_loo	HG00280	EUR	DQB1	HLA-DQB1*02:01:01;HLA-DQB1*03:01:01	1	1	2
two_field	test_A_loo	HG00320	EUR	A	HLA-A*30:01:01;HLA-A*03:01:01	1	1	2
two_field	test_A_loo	HG00320	EUR	B	HLA-B*15:01:01,HLA-B*15:01:84,HLA-B*15:542,HLA-B*15:632;HLA-B*35:01:01	1	0	1
two_field	test_A_loo	HG00320	EUR	C	HLA-C*03:03:01;HLA-C*03:03:01	1	1	2
two_field	test_A_loo	HG00320	EUR	DRB1	HLA-DRB1*08:01:01;HLA-DRB1*08:01:01	1	1	2
two_field	test_A_loo	HG00320	EUR	DQB1	HLA-DQB1*04:02:01;HLA-DQB1*04:02:01	1	1	2
two_field	test_A_loo	HG00321	EUR	A	HLA-A*02:01:01;HLA-A*02:01:01	1	1	2
two_field	test_A_loo	HG00321	EUR	B	HLA-B*40:01:02;HLA-B*15:01:01	1	1	2
two_field	test_A_loo	HG00321	EUR	C	HLA-C*03:04:01;HLA-C*03:03:01	1	1	2
two_field	test_A_loo	HG00321	EUR	DRB1	HLA-DRB1*15:01:01;HLA-DRB1*08:01:01	1	1	2
two_field	test_A_loo	HG00321	EUR	DQB1	HLA-DQB1*04:02:01;HLA-DQB1*05:03:01	1	1	2
two_field	test_A_loo	HG00323	EUR	A	HLA-A*24:02:01;HLA-A*24:02:01	1	1	2
two_field	test_A_loo	HG00323	EUR	B	HLA-B*40:01:02;HLA-B*18:01:01,HLA-B*18:01:26	1	1	2
two_field	test_A_loo	HG00323	EUR	C	HLA-C*03:04:01;HLA-C*12:03:01	1	1	2
two_field	test_A_loo	HG00323	EUR	DRB1	HLA-DRB1*15:01:01;HLA-DRB1*13:02:01	1	1	2
two_field	test_A_loo	HG00323	EUR	DQB1	HLA-DQB1*06:02:01;HLA-DQB1*06:04:01	1	1	2
two_field	test_A_loo	HG00329	EUR	A	HLA-A*31:01:02;HLA-A*02:01:01	1	1	2
two_field	test_A_loo	HG00329	EUR	B	HLA-B*15:01:01,HLA-B*15:01:60,HLA-B*15:01:70,HLA-B*15:01:84,HLA-B*15:456,HLA-B*15:457,HLA-B*15:465,HLA-B*15:535,HLA-B*15:542,HLA-B*15:632;HLA-B*51:224	1	0	0
two_field	test_A_loo	HG00329	EUR	C	HLA-C*03:03:01;HLA-C*15:02:01	1	1	2
two_field	test_A_loo	HG00329	EUR	DRB1	HLA-DRB1*01:01:01;HLA-DRB1*13:01:01	1	1	2
two_field	test_A_loo	HG00329	EUR	DQB1	HLA-DQB1*06:03:01;HLA-DQB1*05:01:01	1	1	2
two_field	test_A_loo	HG00344	EUR	A	HLA-A*03:01:01;HLA-A*02:01:01	1	1	2
two_field	test_A_loo	HG00344	EUR	B	HLA-B*07:02:01;HLA-B*07:02:01	1	1	2
two_field	test_A_loo	HG00344	EUR	C	HLA-C*07:02:01;HLA-C*07:02:01	1	1	2
two_field	test_A_loo	HG00344	EUR	DRB1	HLA-DRB1*15:01:01;HLA-DRB1*15:01:01	1	1	2
two_field	test_A_loo	HG00344	EUR	DQB1	HLA-DQB1*06:02:01;HLA-DQB1*06:02:01	1	1	2
two_field	test_A_loo	HG00350	EUR	A	HLA-A*02:01:01;HLA-A*02:01:01	1	1	2
two_field	test_A_loo	HG00350	EUR	B	HLA-B*15:01:01;HLA-B*15:01:01	1	1	2
two_field	test_A_loo	HG00350	EUR	C	HLA-C*03:04:01;HLA-C*04:01:01,HLA-C*04:275:01	1	0	1
two_field	test_A_loo	HG00350	EUR	DRB1	HLA-DRB1*01:01:01;HLA-DRB1*04:01:01	1	1	2
two_field	test_A_loo	HG00350	EUR	DQB1	HLA-DQB1*05:01:01;HLA-DQB1*03:02:01	1	1	2
two_field	test_A_loo	HG01167	AMR	A	HLA-A*29:02:01;HLA-A*02:11:01	1	1	2
two_field	test_A_loo	HG01167	AMR	B	HLA-B*48:02:01;HLA-B*45:01:01	1	1	2
two_field	test_A_loo	HG01167	AMR	C	HLA-C*16:01:01;HLA-C*04:01:01	1	1	2
two_field	test_A_loo	HG01167	AMR	DRB1	HLA-DRB1*15:01:01;HLA-DRB1*04:11:01	1	1	2
two_field	test_A_loo	HG01167	AMR	DQB1	HLA-DQB1*06:02:01;HLA-DQB1*03:02:01	1	1	2
two_field	test_A_loo	NA18505	AFR	A	HLA-A*26:01:46;HLA-A*74:01:01	1	1	2
two_field	test_A_loo	NA18505	AFR	B	HLA-B*53:01:01;HLA-B*15:03:01	1	1	2
two_field	test_A_loo	NA18505	AFR	C	HLA-C*07:01:01;HLA-C*02:10:01	1	0	1
two_field	test_A_loo	NA18505	AFR	DRB1	HLA-DRB1*15:03:01;HLA-DRB1*03:01:01	1	1	2
two_field	test_A_loo	NA18505	AFR	DQB1	HLA-DQB1*02:01:01;HLA-DQB1*06:02:01	1	1	2
two_field	test_A_loo	NA18508	AFR	A	HLA-A*68:02:01;HLA-A*33:03:01	1	1	2
two_field	test_A_loo	NA18508	AFR	B	HLA-B*42:01:01;HLA-B*53:01:01	1	1	2
two_field	test_A_loo	NA18508	AFR	C	HLA-C*04:01:01;HLA-C*17:01:01	1	1	2
two_field	test_A_loo	NA18508	AFR	DRB1	HLA-DRB1*03:02:01;HLA-DRB1*13:03:01	1	1	2
two_field	test_A_loo	NA18508	AFR	DQB1	HLA-DQB1*04:02:01;HLA-DQB1*02:02:01	1	0	1
two_field	test_A_loo	NA18522	AFR	A	HLA-A*36:01:01;HLA-A*03:01:01	1	1	2
two_field	test_A_loo	NA18522	AFR	B	HLA-B*15:03:01;HLA-B*49:01:01	1	1	2
two_field	test_A_loo	NA18522	AFR	C	HLA-C*07:01:02;HLA-C*02:10:01	1	0	1
two_field	test_A_loo	NA18522	AFR	DRB1	HLA-DRB1*13:03:01;HLA-DRB1*13:01:01	1	1	2
two_field	test_A_loo	NA18522	AFR	DQB1	HLA-DQB1*03:01:01;HLA-DQB1*06:04:01	1	1	2
two_field	test_A_loo	NA18570	EAS	A	HLA-A*02:06:01;HLA-A*02:01:01	1	1	2
two_field	test_A_loo	NA18570	EAS	B	HLA-B*15:11:01;HLA-B*15:542	1	0	1
two_field	test_A_loo	NA18570	EAS	C	HLA-C*03:03:01;HLA-C*03:03:01	1	1	2
two_field	test_A_loo	NA18570	EAS	DRB1	HLA-DRB1*11:01:01;HLA-DRB1*04:04:01	1	1	2
two_field	test_A_loo	NA18570	EAS	DQB1	HLA-DQB1*03:02:01;HLA-DQB1*03:01:01	1	1	2
two_field	test_A_loo	NA18608	EAS	A	HLA-A*24:02:01;HLA-A*31:01:02	1	1	2
two_field	test_A_loo	NA18608	EAS	B	HLA-B*48:01:01;HLA-B*51:01:01,HLA-B*51:01:64	1	1	2
two_field	test_A_loo	NA18608	EAS	C	HLA-C*08:01:01;HLA-C*15:02:01	1	1	2
two_field	test_A_loo	NA18608	EAS	DRB1	HLA-DRB1*14:05:01;HLA-DRB1*14:07:01	1	0	0
two_field	test_A_loo	NA18608	EAS	DQB1	HLA-DQB1*05:03:01;HLA-DQB1*05:03:01	1	1	2
two_field	test_A_loo	NA18620	EAS	A	HLA-A*32:01:01;HLA-A*02:01:01	1	1	2
two_field	test_A_loo	NA18620	EAS	B	HLA-B*40:01:02;HLA-B*48:01:01	1	1	2
two_field	test_A_loo	NA18620	EAS	C	HLA-C*07:02:01;HLA-C*04:82:01	1	0	1
two_field	test_A_loo	NA18620	EAS	DRB1	HLA-DRB1*12:02:01;HLA-DRB1*12:01:01	1	1	2
two_field	test_A_loo	NA18620	EAS	DQB1	HLA-DQB1*03:01:01;HLA-DQB1*03:01:01	1	1	2
two_field	test_A_loo	NA18747	EAS	A	HLA-A*01:01:01;HLA-A*02:01:01	1	1	2
two_field	test_A_loo	NA18747	EAS	B	HLA-B*15:27:01;HLA-B*35:03:01	1	1	2
two_field	test_A_loo	NA18747	EAS	C	HLA-C*04:01:01;HLA-C*04:01:01	1	1	2
two_field	test_A_loo	NA18747	EAS	DRB1	HLA-DRB1*15:01:01;HLA-DRB1*14:05:01	1	1	2
two_field	test_A_loo	NA18747	EAS	DQB1	HLA-DQB1*05:03:01;HLA-DQB1*06:02:01	1	1	2
two_field	test_A_loo	NA18940	EAS	A	HLA-A*24:02:01;HLA-A*24:02:01	1	1	2
two_field	test_A_loo	NA18940	EAS	B	HLA-B*46:01:01;HLA-B*52:01:01	1	1	2
two_field	test_A_loo	NA18940	EAS	C	HLA-C*01:03:01;HLA-C*12:02:02	1	1	2
two_field	test_A_loo	NA18940	EAS	DRB1	HLA-DRB1*08:02:01;HLA-DRB1*15:02:01	1	1	2
two_field	test_A_loo	NA18943	EAS	A	HLA-A*02:06:01;HLA-A*02:07:01	1	0	1
two_field	test_A_loo	NA18943	EAS	B	HLA-B*35:01:01;HLA-B*46:01:01	1	1	2
two_field	test_A_loo	NA18943	EAS	C	HLA-C*03:03:01;HLA-C*01:02:01	1	1	2
two_field	test_A_loo	NA18943	EAS	DRB1	HLA-DRB1*08:03:02;HLA-DRB1*08:02:01	1	0	1
two_field	test_A_loo	NA18944	EAS	A	HLA-A*02:06:01;HLA-A*24:02:01	1	1	2
two_field	test_A_loo	NA18944	EAS	B	HLA-B*40:02:01;HLA-B*51:01:01	1	1	2
two_field	test_A_loo	NA18944	EAS	C	HLA-C*14:02:01;HLA-C*03:04:01	1	1	2
two_field	test_A_loo	NA18944	EAS	DRB1	HLA-DRB1*08:02:01;HLA-DRB1*12:01:01	1	1	2
two_field	test_A_loo	NA18944	EAS	DQB1	HLA-DQB1*03:02:01;HLA-DQB1*03:02:01	1	1	2
two_field	test_A_loo	NA18945	EAS	A	HLA-A*33:03:01;HLA-A*31:01:02	1	1	2
two_field	test_A_loo	NA18945	EAS	B	HLA-B*44:03:01;HLA-B*15:01:01	1	1	2
two_field	test_A_loo	NA18945	EAS	C	HLA-C*14:03:01;HLA-C*07:02:01	1	1	2
two_field	test_A_loo	NA18945	EAS	DRB1	HLA-DRB1*13:02:01;HLA-DRB1*09:01:02	1	1	2
two_field	test_A_loo	NA18945	EAS	DQB1	HLA-DQB1*03:03:02;HLA-DQB1*06:04:01	1	1	2
two_field	test_A_loo	NA18948	EAS	A	HLA-A*26:01:01;HLA-A*30:01:01	1	1	2
two_field	test_A_loo	NA18948	EAS	B	HLA-B*13:02:01;HLA-B*07:02:01	1	1	2
two_field	test_A_loo	NA18948	EAS	C	HLA-C*07:02:01;HLA-C*06:02:01	1	1	2
two_field	test_A_loo	NA18948	EAS	DRB1	HLA-DRB1*07:01:01;HLA-DRB1*01:01:01	1	1	2
two_field	test_A_loo	NA18948	EAS	DQB1	HLA-DQB1*05:01:01;HLA-DQB1*02:02:01	1	0	1
two_field	test_A_loo	NA18952	EAS	A	HLA-A*31:01:02;HLA-A*24:02:01	1	1	2
two_field	test_A_loo	NA18952	EAS	B	HLA-B*51:01:01;HLA-B*07:02:01	1	1	2
two_field	test_A_loo	NA18952	EAS	C	HLA-C*07:02:01;HLA-C*14:02:01	1	1	2
two_field	test_A_loo	NA18952	EAS	DRB1	HLA-DRB1*09:01:02;HLA-DRB1*14:54:01	1	0	1
two_field	test_A_loo	NA18952	EAS	DQB1	HLA-DQB1*05:03:01;HLA-DQB1*03:03:02	1	1	2
two_field	test_A_loo	NA18959	EAS	A	HLA-A*11:01:01;HLA-A*24:02:01	1	1	2
two_field	test_A_loo	NA18959	EAS	B	HLA-B*67:01:01;HLA-B*52:01:01	1	1	2
two_field	test_A_loo	NA18959	EAS	C	HLA-C*07:02:01;HLA-C*12:02:02	1	1	2
two_field	test_A_loo	NA18959	EAS	DRB1	HLA-DRB1*15:01:01;HLA-DRB1*15:02:01	1	1	2
two_field	test_A_loo	NA18959	EAS	DQB1	HLA-DQB1*06:01:01;HLA-DQB1*06:02:01	1	1	2
two_field	test_A_loo	NA18960	EAS	A	HLA-A*24:02:01;HLA-A*24:02:01	1	1	2
two_field	test_A_loo	NA18960	EAS	B	HLA-B*40:06:01;HLA-B*54:01:01	1	1	2
two_field	test_A_loo	NA18960	EAS	C	HLA-C*01:02:01;HLA-C*08:01:01	1	1	2
two_field	test_A_loo	NA18960	EAS	DRB1	HLA-DRB1*09:01:02;HLA-DRB1*04:05:01	1	1	2
two_field	test_A_loo	NA18960	EAS	DQB1	HLA-DQB1*03:03:02;HLA-DQB1*04:01:01	1	1	2
two_field	test_A_loo	NA18967	EAS	A	HLA-A*24:02:01;HLA-A*24:02:01	1	1	2
two_field	test_A_loo	NA18967	EAS	B	HLA-B*40:02:01;HLA-B*51:01:01	1	1	2
two_field	test_A_loo	NA18967	EAS	C	HLA-C*03:04:01;HLA-C*14:02:01	1	1	2
two_field	test_A_loo	NA18967	EAS	DRB1	HLA-DRB1*09:01:02;HLA-DRB1*14:05:01	1	1	2
two_field	test_A_loo	NA18967	EAS	DQB1	HLA-DQB1*03:03:02;HLA-DQB1*05:03:01	1	1	2
two_field	test_A_loo	NA18970	EAS	A	HLA-A*24:02:01;HLA-A*26:01:01	1	1	2
two_field	test_A_loo	NA18970	EAS	B	HLA-B*15:18:01;HLA-B*54:01:01	1	1	2
two_field	test_A_loo	NA18970	EAS	C	HLA-C*07:04:01;HLA-C*01:02:01	1	1	2
two_field	test_A_loo	NA18970	EAS	DRB1	HLA-DRB1*14:05:01;HLA-DRB1*04:01:01	1	1	2
two_field	test_A_loo	NA18970	EAS	DQB1	HLA-DQB1*05:03:01;HLA-DQB1*03:01:01	1	1	2
two_field	test_A_loo	NA18971	EAS	A	HLA-A*02:06:01;HLA-A*24:02:01	1	1	2
two_field	test_A_loo	NA18971	EAS	B	HLA-B*40:02:01;HLA-B*40:02:01	1	1	2
two_field	test_A_loo	NA18971	EAS	C	HLA-C*07:02:01;HLA-C*03:04:01	1	1	2
two_field	test_A_loo	NA18971	EAS	DRB1	HLA-DRB1*09:01:02;HLA-DRB1*14:54:01	1	0	1
two_field	test_A_loo	NA18971	EAS	DQB1	HLA-DQB1*03:03:02;HLA-DQB1*05:03:01	1	1	2
two_field	test_A_loo	NA18974	EAS	A	HLA-A*26:01:01;HLA-A*02:01:01	1	1	2
two_field	test_A_loo	NA18974	EAS	B	HLA-B*40:01:02;HLA-B*39:01:03	1	1	2
two_field	test_A_loo	NA18974	EAS	C	HLA-C*07:02:01;HLA-C*07:02:01	1	1	2
two_field	test_A_loo	NA18974	EAS	DRB1	HLA-DRB1*09:01:02;HLA-DRB1*15:01:01	1	1	2
two_field	test_A_loo	NA18974	EAS	DQB1	HLA-DQB1*06:02:01;HLA-DQB1*03:03:02	1	1	2
two_field	test_A_loo	NA18976	EAS	A	HLA-A*33:03:01;HLA-A*33:03:01	1	1	2
two_field	test_A_loo	NA18976	EAS	B	HLA-B*44:03:01;HLA-B*44:03:01	1	1	2
two_field	test_A_loo	NA18976	EAS	C	HLA-C*14:03:01;HLA-C*14:03:01	1	1	2
two_field	test_A_loo	NA18976	EAS	DRB1	HLA-DRB1*13:02:01;HLA-DRB1*13:02:01	1	1	2
two_field	test_A_loo	NA18976	EAS	DQB1	HLA-DQB1*06:04:01;HLA-DQB1*06:04:01	1	1	2
two_field	test_A_loo	NA18990	EAS	A	HLA-A*33:03:01;HLA-A*24:02:01	1	1	2
two_field	test_A_loo	NA18990	EAS	B	HLA-B*40:02:01;HLA-B*44:03:01	1	1	2
two_field	test_A_loo	NA18990	EAS	C	HLA-C*14:03:01;HLA-C*03:03:01	1	1	2
two_field	test_A_loo	NA18990	EAS	DRB1	HLA-DRB1*09:01:02;HLA-DRB1*13:02:01	1	1	2
two_field	test_A_loo	NA18990	EAS	DQB1	HLA-DQB1*06:04:01;HLA-DQB1*03:03:02	1	1	2
two_field	test_A_loo	NA19007	EAS	A	HLA-A*26:03:01;HLA-A*02:07:01	1	0	1
two_field	test_A_loo	NA19007	EAS	B	HLA-B*46:01:01;HLA-B*35:01:01	1	1	2
two_field	test_A_loo	NA19007	EAS	C	HLA-C*03:03:01;HLA-C*01:02:01,HLA-C*01:172	1	0	1
two_field	test_A_loo	NA19007	EAS	DRB1	HLA-DRB1*08:03:02;HLA-DRB1*09:01:02	1	1	2
two_field	test_A_loo	NA19007	EAS	DQB1	HLA-DQB1*03:03:02;HLA-DQB1*06:01:01	1	1	2
two_field	test_A_loo	NA19036	AFR	A	HLA-A*36:01:01;HLA-A*02:02:01	1	1	2
two_field	test_A_loo	NA19036	AFR	B	HLA-B*58:02:01;HLA-B*53:01:01	1	1	2
two_field	test_A_loo	NA19036	AFR	C	HLA-C*06:02:01;HLA-C*04:01:01	1	1	2
two_field	test_A_loo	NA19036	AFR	DRB1	HLA-DRB1*11:01:02;HLA-DRB1*12:01:01	1	1	2
two_field	test_A_loo	NA19036	AFR	DQB1	HLA-DQB1*05:01:01;HLA-DQB1*06:02:01	1	1	2
two_field	test_A_loo	NA19066	EAS	A	HLA-A*24:02:01;HLA-A*31:01:02	1	1	2
two_field	test_A_loo	NA19066	EAS	B	HLA-B*52:01:01;HLA-B*51:01:01	1	1	2
two_field	test_A_loo	NA19066	EAS	C	HLA-C*14:02:01;HLA-C*12:02:02	1	1	2
two_field	test_A_loo	NA19066	EAS	DRB1	HLA-DRB1*07:01:01;HLA-DRB1*15:02:01	1	1	2
two_field	test_A_loo	NA19066	EAS	DQB1	HLA-DQB1*02:02:01;HLA-DQB1*06:01:01	1	1	2
two_field	test_A_loo	NA19079	EAS	A	HLA-A*24:02:01;HLA-A*33:03:01	1	1	2
two_field	test_A_loo	NA19079	EAS	B	HLA-B*48:01:01;HLA-B*44:03:01	1	1	2
two_field	test_A_loo	NA19079	EAS	C	HLA-C*14:03:01;HLA-C*08:01:01	1	1	2
two_field	test_A_loo	NA19079	EAS	DRB1	HLA-DRB1*04:03:01;HLA-DRB1*13:02:01	1	1	2
two_field	test_A_loo	NA19079	EAS	DQB1	HLA-DQB1*03:02:01;HLA-DQB1*06:04:01	1	1	2
two_field	test_A_loo	NA19087	EAS	A	HLA-A*33:03:01;HLA-A*02:01:01	1	1	2
two_field	test_A_loo	NA19087	EAS	B	HLA-B*35:01:01;HLA-B*44:03:01	1	1	2
two_field	test_A_loo	NA19087	EAS	C	HLA-C*14:03:01;HLA-C*03:03:01	1	1	2
two_field	test_A_loo	NA19087	EAS	DRB1	HLA-DRB1*13:02:01;HLA-DRB1*04:10:03	1	1	2
two_field	test_A_loo	NA19087	EAS	DQB1	HLA-DQB1*04:02:01;HLA-DQB1*06:04:01	1	1	2
two_field	test_A_loo	NA19088	EAS	A	HLA-A*26:03:01;HLA-A*24:02:01	1	1	2
two_field	test_A_loo	NA19088	EAS	B	HLA-B*15:01:01;HLA-B*15:07:01	1	1	2
two_field	test_A_loo	NA19088	EAS	C	HLA-C*03:03:01;HLA-C*03:03:01	1	1	2
two_field	test_A_loo	NA19088	EAS	DRB1	HLA-DRB1*04:03:01;HLA-DRB1*14:03:01	1	1	2
two_field	test_A_loo	NA19088	EAS	DQB1	HLA-DQB1*03:02:01;HLA-DQB1*03:01:01	1	1	2
two_field	test_A_loo	NA19159	AFR	A	HLA-A*23:01:01;HLA-A*03:01:01	1	1	2
two_field	test_A_loo	NA19159	AFR	B	HLA-B*52:01:02;HLA-B*57:02:01	1	1	2
two_field	test_A_loo	NA19159	AFR	C	HLA-C*18:02:01;HLA-C*16:01:01	1	0	1
two_field	test_A_loo	NA19159	AFR	DRB1	HLA-DRB1*07:01:01;HLA-DRB1*13:01:01	1	0	1
two_field	test_A_loo	NA19159	AFR	DQB1	HLA-DQB1*02:02:01;HLA-DQB1*06:03:01	1	0	1
two_field	test_A_loo	NA19391	AFR	A	HLA-A*66:02:01;HLA-A*34:02:01	1	1	2
two_field	test_A_loo	NA19391	AFR	B	HLA-B*57:03:01,HLA-B*57:03:08;HLA-B*53:01:01	1	1	2
two_field	test_A_loo	NA19391	AFR	C	HLA-C*07:01:02;HLA-C*06:02:01	1	1	2
two_field	test_A_loo	NA19391	AFR	DRB1	HLA-DRB1*14:54:01;HLA-DRB1*11:334	1	0	1
two_field	test_A_loo	NA19391	AFR	DQB1	HLA-DQB1*03:02:01;HLA-DQB1*03:01:01	1	1	2
two_field	test_A_loo	NA19443	AFR	A	HLA-A*68:02:01;HLA-A*30:01:01	1	1	2
two_field	test_A_loo	NA19443	AFR	B	HLA-B*08:01:01;HLA-B*53:01:01	1	1	2
two_field	test_A_loo	NA19443	AFR	C	HLA-C*07:02:01;HLA-C*04:01:01	1	1	2
two_field	test_A_loo	NA19443	AFR	DRB1	HLA-DRB1*13:02:01;HLA-DRB1*08:04:01	1	1	2
two_field	test_A_loo	NA19443	AFR	DQB1	HLA-DQB1*06:09:01;HLA-DQB1*03:01:04	1	1	2
two_field	test_A_loo	NA19468	AFR	A	HLA-A*66:01:01;HLA-A*74:01:01	1	1	2
two_field	test_A_loo	NA19468	AFR	B	HLA-B*81:01:01;HLA-B*81:01:01	1	1	2
two_field	test_A_loo	NA19468	AFR	C	HLA-C*18:01:01;HLA-C*18:01:01	1	1	2
two_field	test_A_loo	NA19468	AFR	DRB1	HLA-DRB1*10:01:01;HLA-DRB1*13:01:01	1	1	2
two_field	test_A_loo	NA19468	AFR	DQB1	HLA-DQB1*05:01:01;HLA-DQB1*06:02:01	1	1	2
two_field	test_A_loo	NA19682	AMR	A	HLA-A*30:01:01;HLA-A*02:06:01	1	1	2
two_field	test_A_loo	NA19682	AMR	B	HLA-B*47:01:01;HLA-B*35:17:01	1	1	2
two_field	test_A_loo	NA19682	AMR	C	HLA-C*03:03:01;HLA-C*06:02:01	1	1	2
two_field	test_A_loo	NA19682	AMR	DRB1	HLA-DRB1*03:01:01;HLA-DRB1*14:02:01	1	1	2
two_field	test_A_loo	NA19682	AMR	DQB1	HLA-DQB1*02:01:01;HLA-DQB1*03:04:01	1	1	2
two_field	test_A_loo	NA19700	AFR	A	HLA-A*03:01:01;HLA-A*30:01:01	1	1	2
two_field	test_A_loo	NA19700	AFR	B	HLA-B*15:10:01;HLA-B*42:01:01	1	1	2
two_field	test_A_loo	NA19700	AFR	C	HLA-C*17:01:01;HLA-C*08:04:01	1	1	2
two_field	test_A_loo	NA19700	AFR	DRB1	HLA-DRB1*11:04:02;HLA-DRB1*09:01:02	1	1	2
two_field	test_A_loo	NA19700	AFR	DQB1	HLA-DQB1*05:02:01;HLA-DQB1*02:02:01	1	1	2
two_field	test_A_loo	NA19776	AMR	A	HLA-A*24:02:01;HLA-A*31:01:02	1	1	2
two_field	test_A_loo	NA19776	AMR	B	HLA-B*35:01:01;HLA-B*07:02:01	1	1	2
two_field	test_A_loo	NA19776	AMR	C	HLA-C*07:02:01;HLA-C*04:01:01	1	1	2
two_field	test_A_loo	NA19776	AMR	DRB1	HLA-DRB1*04:03:01;HLA-DRB1*14:06:01	1	1	2
two_field	test_A_loo	NA19776	AMR	DQB1	HLA-DQB1*03:02:01;HLA-DQB1*03:01:01	1	1	2
two_field	test_A_loo	NA19835	AFR	A	HLA-A*24:02:01;HLA-A*02:01:01	1	1	2
two_field	test_A_loo	NA19835	AFR	B	HLA-B*50:01:01;HLA-B*53:01:01	1	1	2
two_field	test_A_loo	NA19835	AFR	C	HLA-C*06:02:01;HLA-C*04:01:01	1	1	2
two_field	test_A_loo	NA19835	AFR	DRB1	HLA-DRB1*08:04:01;HLA-DRB1*14:54:01	1	1	2
two_field	test_A_loo	NA19835	AFR	DQB1	HLA-DQB1*05:01:01;HLA-DQB1*03:19:01	1	1	2
two_field	test_A_loo	NA19909	AFR	A	HLA-A*30:01:01;HLA-A*30:01:01	1	1	2
two_field	test_A_loo	NA19909	AFR	B	HLA-B*42:01:01;HLA-B*42:01:01	1	1	2
two_field	test_A_loo	NA19909	AFR	C	HLA-C*17:01:01;HLA-C*17:01:01	1	1	2
two_field	test_A_loo	NA19909	AFR	DRB1	HLA-DRB1*03:02:01;HLA-DRB1*03:02:01	1	1	2
two_field	test_A_loo	NA19909	AFR	DQB1	HLA-DQB1*04:02:01;HLA-DQB1*04:02:01	1	1	2
two_field	test_A_loo	NA20282	AFR	A	HLA-A*23:01:01;HLA-A*03:01:01	1	1	2
two_field	test_A_loo	NA20282	AFR	B	HLA-B*81:01:01;HLA-B*53:01:01	1	1	2
two_field	test_A_loo	NA20282	AFR	C	HLA-C*04:01:01;HLA-C*08:04:01	1	1	2
two_field	test_A_loo	NA20282	AFR	DRB1	HLA-DRB1*08:04:01;HLA-DRB1*03:02:01	1	1	2
two_field	test_A_loo	NA20282	AFR	DQB1	HLA-DQB1*04:02:01;HLA-DQB1*03:01:04	1	1	2
two_field	test_A_loo	NA20346	AFR	A	HLA-A*68:02:01;HLA-A*30:02:01	1	1	2
two_field	test_A_loo	NA20346	AFR	B	HLA-B*53:01:01;HLA-B*15:10:01	1	1	2
two_field	test_A_loo	NA20346	AFR	C	HLA-C*08:04:01;HLA-C*04:01:01	1	1	2
two_field	test_A_loo	NA20346	AFR	DRB1	HLA-DRB1*13:03:01;HLA-DRB1*13:02:01	1	1	2
two_field	test_A_loo	NA20346	AFR	DQB1	HLA-DQB1*06:04:01;HLA-DQB1*02:02:01	1	1	2
two_field	test_A_loo	NA20752	EUR	A	HLA-A*26:01:01;HLA-A*24:02:01	1	1	2
two_field	test_A_loo	NA20752	EUR	B	HLA-B*13:02:01;HLA-B*51:01:01	1	1	2
two_field	test_A_loo	NA20752	EUR	C	HLA-C*14:02:01;HLA-C*06:02:01	1	1	2
two_field	test_A_loo	NA20752	EUR	DRB1	HLA-DRB1*01:01:01;HLA-DRB1*07:01:01	1	1	2
two_field	test_A_loo	NA20752	EUR	DQB1	HLA-DQB1*05:01:01;HLA-DQB1*03:01:01	1	1	2
two_field	test_A_loo	NA20799	EUR	A	HLA-A*03:01:01;HLA-A*03:01:01	1	1	2
two_field	test_A_loo	NA20799	EUR	B	HLA-B*57:02:01;HLA-B*15:18:01,HLA-B*15:548	1	0	1
two_field	test_A_loo	NA20799	EUR	C	HLA-C*18:02:01,HLA-C*18:02:04;HLA-C*03:03:01	1	1	2
two_field	test_A_loo	NA20799	EUR	DRB1	HLA-DRB1*01:02:01;HLA-DRB1*11:01:01	1	1	2
two_field	test_A_loo	NA20799	EUR	DQB1	HLA-DQB1*05:01:01;HLA-DQB1*03:01:01	1	1	2
two_field	test_A_loo	NA20805	EUR	A	HLA-A*30:02:01;HLA-A*24:02:01	1	1	2
two_field	test_A_loo	NA20805	EUR	B	HLA-B*18:01:01;HLA-B*44:02:01	1	1	2
two_field	test_A_loo	NA20805	EUR	C	HLA-C*05:37;HLA-C*16:04:01	1	0	1
two_field	test_A_loo	NA20805	EUR	DRB1	HLA-DRB1*03:01:01;HLA-DRB1*11:04:01	1	1	2
two_field	test_A_loo	NA20805	EUR	DQB1	HLA-DQB1*03:03:02;HLA-DQB1*03:01:01	1	1	2
two_field	test_A_loo	NA20806	EUR	A	HLA-A*26:01:01;HLA-A*02:01:01	1	1	2
two_field	test_A_loo	NA20806	EUR	B	HLA-B*35:03:01;HLA-B*51:01:01	1	1	2
two_field	test_A_loo	NA20806	EUR	C	HLA-C*07:02:01;HLA-C*04:01:01	1	1	2
two_field	test_A_loo	NA20806	EUR	DRB1	HLA-DRB1*15:01:01;HLA-DRB1*15:01:01	1	1	2
two_field	test_A_loo	NA20806	EUR	DQB1	HLA-DQB1*06:02:01;HLA-DQB1*06:02:01	1	1	2
two_field	test_A_loo	NA20809	EUR	A	HLA-A*29:02:01;HLA-A*03:01:01	1	1	2
two_field	test_A_loo	NA20809	EUR	B	HLA-B*07:02:01;HLA-B*44:03:01	1	1	2
two_field	test_A_loo	NA20809	EUR	C	HLA-C*07:02:01;HLA-C*16:01:01	1	1	2
two_field	test_A_loo	NA20809	EUR	DRB1	HLA-DRB1*01:01:01;HLA-DRB1*04:04:01	1	1	2
two_field	test_A_loo	NA20809	EUR	DQB1	HLA-DQB1*03:02:01;HLA-DQB1*05:01:01	1	1	2
two_field	test_B_gourraud	HG00096	EUR	A	HLA-A*29:02:01;HLA-A*01:01:01	1	1	2
two_field	test_B_gourraud	HG00096	EUR	B	HLA-B*08:01:01;HLA-B*44:03:01	1	1	2
two_field	test_B_gourraud	HG00096	EUR	C	HLA-C*07:01:01;HLA-C*16:01:01	1	1	2
two_field	test_B_gourraud	HG00096	EUR	DRB1	HLA-DRB1*07:01:01;HLA-DRB1*03:01:01	1	1	2
two_field	test_B_gourraud	HG00096	EUR	DQB1	HLA-DQB1*02:01:01;HLA-DQB1*02:02:01	1	1	2
two_field	test_B_gourraud	HG00100	EUR	A	HLA-A*01:01:01;HLA-A*01:01:01	1	1	2
two_field	test_B_gourraud	HG00100	EUR	B	HLA-B*57:01:01;HLA-B*08:01:01	1	1	2
two_field	test_B_gourraud	HG00100	EUR	C	HLA-C*07:01:01;HLA-C*06:02:01	1	1	2
two_field	test_B_gourraud	HG00100	EUR	DRB1	HLA-DRB1*07:01:01;HLA-DRB1*03:01:01	1	1	2
two_field	test_B_gourraud	HG00100	EUR	DQB1	HLA-DQB1*02:01:01;HLA-DQB1*03:03:02	1	1	2
two_field	test_B_gourraud	HG00101	EUR	A	HLA-A*11:01:01;HLA-A*32:01:01	1	1	2
two_field	test_B_gourraud	HG00101	EUR	B	HLA-B*27:05:02;HLA-B*57:01:01	1	1	2
two_field	test_B_gourraud	HG00101	EUR	C	HLA-C*02:02:02;HLA-C*06:02:01	1	1	2
two_field	test_B_gourraud	HG00101	EUR	DRB1	HLA-DRB1*15:01:01;HLA-DRB1*04:04:01	1	1	2
two_field	test_B_gourraud	HG00101	EUR	DQB1	HLA-DQB1*06:02:01;HLA-DQB1*03:02:01	1	1	2
two_field	test_B_gourraud	HG00102	EUR	A	HLA-A*01:01:01;HLA-A*01:01:01	1	1	2
two_field	test_B_gourraud	HG00102	EUR	B	HLA-B*08:01:01;HLA-B*07:02:01	1	1	2
two_field	test_B_gourraud	HG00102	EUR	C	HLA-C*07:02:01;HLA-C*07:01:01	1	1	2
two_field	test_B_gourraud	HG00102	EUR	DRB1	HLA-DRB1*01:01:01;HLA-DRB1*12:01:01	1	1	2
two_field	test_B_gourraud	HG00102	EUR	DQB1	HLA-DQB1*05:01:01;HLA-DQB1*03:01:01	1	1	2
two_field	test_B_gourraud	HG00103	EUR	A	HLA-A*11:01:01;HLA-A*02:01:01	1	1	2
two_field	test_B_gourraud	HG00103	EUR	B	HLA-B*40:01:02;HLA-B*35:01:01	1	1	2
two_field	test_B_gourraud	HG00103	EUR	C	HLA-C*03:04:01;HLA-C*04:01:01	1	1	2
two_field	test_B_gourraud	HG00103	EUR	DRB1	HLA-DRB1*13:02:01;HLA-DRB1*01:01:01	1	1	2
two_field	test_B_gourraud	HG00103	EUR	DQB1	HLA-DQB1*06:04:01;HLA-DQB1*05:01:01	1	1	2
two_field	test_B_gourraud	HG00105	EUR	A	HLA-A*03:01:01;HLA-A*02:01:01	1	1	2
two_field	test_B_gourraud	HG00105	EUR	B	HLA-B*44:03:01;HLA-B*07:02:01	1	1	2
two_field	test_B_gourraud	HG00105	EUR	C	HLA-C*04:01:01;HLA-C*07:02:01	1	1	2
two_field	test_B_gourraud	HG00105	EUR	DRB1	HLA-DRB1*15:01:01;HLA-DRB1*07:01:01	1	1	2
two_field	test_B_gourraud	HG00105	EUR	DQB1	HLA-DQB1*06:03:01;HLA-DQB1*02:02:01	1	1	2
two_field	test_B_gourraud	HG00106	EUR	A	HLA-A*01:01:01;HLA-A*11:01:01	1	1	2
two_field	test_B_gourraud	HG00106	EUR	B	HLA-B*35:03:01;HLA-B*08:01:01	1	1	2
two_field	test_B_gourraud	HG00106	EUR	C	HLA-C*07:01:01;HLA-C*04:01:01	1	1	2
two_field	test_B_gourraud	HG00106	EUR	DRB1	HLA-DRB1*03:01:01;HLA-DRB1*11:01:01	1	1	2
two_field	test_B_gourraud	HG00106	EUR	DQB1	HLA-DQB1*02:01:01;HLA-DQB1*03:01:01	1	1	2
two_field	test_B_gourraud	HG00107	EUR	A	HLA-A*03:01:01;HLA-A*03:01:01	1	1	2
two_field	test_B_gourraud	HG00107	EUR	B	HLA-B*40:01:02;HLA-B*07:02:01	1	1	2
two_field	test_B_gourraud	HG00107	EUR	C	HLA-C*03:04:01;HLA-C*07:02:01	1	1	2
two_field	test_B_gourraud	HG00107	EUR	DRB1	HLA-DRB1*15:01:01;HLA-DRB1*15:01:01	1	1	2
two_field	test_B_gourraud	HG00107	EUR	DQB1	HLA-DQB1*06:02:01;HLA-DQB1*06:02:01	1	1	2
two_field	test_B_gourraud	HG00108	EUR	A	HLA-A*03:01:01;HLA-A*24:02:01	1	1	2
two_field	test_B_gourraud	HG00108	EUR	B	HLA-B*35:02:01;HLA-B*40:01:02	1	1	2
two_field	test_B_gourraud	HG00108	EUR	C	HLA-C*03:04:01;HLA-C*04:01:01	1	1	2
two_field	test_B_gourraud	HG00108	EUR	DRB1	HLA-DRB1*04:04:01;HLA-DRB1*11:04:01	1	1	2
two_field	test_B_gourraud	HG00108	EUR	DQB1	HLA-DQB1*03:02:01;HLA-DQB1*03:01:01	1	1	2
two_field	test_B_gourraud	HG00109	EUR	A	HLA-A*01:01:01;HLA-A*02:05:01	1	1	2
two_field	test_B_gourraud	HG00109	EUR	B	HLA-B*08:01:01;HLA-B*44:02:01	1	1	2
two_field	test_B_gourraud	HG00109	EUR	C	HLA-C*05:01:01;HLA-C*07:01:01	1	1	2
two_field	test_B_gourraud	HG00109	EUR	DRB1	HLA-DRB1*15:01:01;HLA-DRB1*03:01:01	1	1	2
two_field	test_B_gourraud	HG00109	EUR	DQB1	HLA-DQB1*02:01:01;HLA-DQB1*06:02:01	1	1	2
two_field	test_B_gourraud	HG00110	EUR	A	HLA-A*11:01:01;HLA-A*02:01:01	1	1	2
two_field	test_B_gourraud	HG00110	EUR	B	HLA-B*55:01:01,HLA-B*55:01:35;HLA-B*44:02:01	1	1	2
two_field	test_B_gourraud	HG00110	EUR	C	HLA-C*05:01:01;HLA-C*03:03:01	1	1	2
two_field	test_B_gourraud	HG00110	EUR	DRB1	HLA-DRB1*04:01:01;HLA-DRB1*13:01:01	1	1	2
two_field	test_B_gourraud	HG00110	EUR	DQB1	HLA-DQB1*06:03:01;HLA-DQB1*03:01:01	1	1	2
two_field	test_B_gourraud	HG00111	EUR	A	HLA-A*11:01:01;HLA-A*30:02:01	1	1	2
two_field	test_B_gourraud	HG00111	EUR	B	HLA-B*27:05:02;HLA-B*57:01:01	1	1	2
two_field	test_B_gourraud	HG00111	EUR	C	HLA-C*02:02:02;HLA-C*05:01:01	1	1	2
two_field	test_B_gourraud	HG00111	EUR	DRB1	HLA-DRB1*07:01:01;HLA-DRB1*04:03:01	1	1	2
two_field	test_B_gourraud	HG00111	EUR	DQB1	HLA-DQB1*03:02:01;HLA-DQB1*03:03:02	1	1	2
two_field	test_B_gourraud	HG00112	EUR	A	HLA-A*02:01:01;HLA-A*24:02:01	1	1	2
two_field	test_B_gourraud	HG00112	EUR	B	HLA-B*14:02:01;HLA-B*51:01:01	1	1	2
two_field	test_B_gourraud	HG00112	EUR	C	HLA-C*14:02:01;HLA-C*08:02:01	1	1	2
two_field	test_B_gourraud	HG00112	EUR	DRB1	HLA-DRB1*08:01:01;HLA-DRB1*13:03:01	1	1	2
two_field	test_B_gourraud	HG00112	EUR	DQB1	HLA-DQB1*04:02:01;HLA-DQB1*03:01:01	1	1	2
two_field	test_B_gourraud	HG00113	EUR	A	HLA-A*29:02:01;HLA-A*02:01:01	1	1	2
two_field	test_B_gourraud	HG00113	EUR	B	HLA-B*07:02:01;HLA-B*44:03:01	1	1	2
two_field	test_B_gourraud	HG00113	EUR	C	HLA-C*07:02:01;HLA-C*16:01:01	1	1	2
two_field	test_B_gourraud	HG00113	EUR	DRB1	HLA-DRB1*07:01:01;HLA-DRB1*15:01:01	1	1	2
two_field	test_B_gourraud	HG00113	EUR	DQB1	HLA-DQB1*02:02:01;HLA-DQB1*06:02:01	1	1	2
two_field	test_B_gourraud	HG00114	EUR	A	HLA-A*03:01:01;HLA-A*01:01:01	1	1	2
two_field	test_B_gourraud	HG00114	EUR	B	HLA-B*08:01:01;HLA-B*07:02:01	1	1	2
two_field	test_B_gourraud	HG00114	EUR	C	HLA-C*07:01:01;HLA-C*07:02:01	1	1	2
two_field	test_B_gourraud	HG00114	EUR	DRB1	HLA-DRB1*03:01:01;HLA-DRB1*15:01:01	1	1	2
two_field	test_B_gourraud	HG00114	EUR	DQB1	HLA-DQB1*02:01:01;HLA-DQB1*06:02:01	1	1	2
two_field	test_B_gourraud	HG00115	EUR	A	HLA-A*11:01:01;HLA-A*03:01:01	1	1	2
two_field	test_B_gourraud	HG00115	EUR	B	HLA-B*27:05:02;HLA-B*27:05:02	1	1	2
two_field	test_B_gourraud	HG00115	EUR	C	HLA-C*01:02:01;HLA-C*01:02:01	1	1	2
two_field	test_B_gourraud	HG00115	EUR	DRB1	HLA-DRB1*01:01:01;HLA-DRB1*01:01:01	1	1	2
two_field	test_B_gourraud	HG00115	EUR	DQB1	HLA-DQB1*05:01:01;HLA-DQB1*05:01:01	1	1	2
two_field	test_B_gourraud	HG00116	EUR	A	HLA-A*29:02:01;HLA-A*01:01:01	1	1	2
two_field	test_B_gourraud	HG00116	EUR	B	HLA-B*14:02:01;HLA-B*07:02:01	1	1	2
two_field	test_B_gourraud	HG00116	EUR	C	HLA-C*07:02:01;HLA-C*08:02:01	1	1	2
two_field	test_B_gourraud	HG00116	EUR	DRB1	HLA-DRB1*01:01:01;HLA-DRB1*13:02:01	1	1	2
two_field	test_B_gourraud	HG00116	EUR	DQB1	HLA-DQB1*06:09:01;HLA-DQB1*05:01:01	1	1	2
two_field	test_B_gourraud	HG00117	EUR	A	HLA-A*01:01:01;HLA-A*11:01:01	1	1	2
two_field	test_B_gourraud	HG00117	EUR	B	HLA-B*08:01:01;HLA-B*55:01:01	1	1	2
two_field	test_B_gourraud	HG00117	EUR	C	HLA-C*07:01:01;HLA-C*03:03:01	1	1	2
two_field	test_B_gourraud	HG00117	EUR	DRB1	HLA-DRB1*03:01:01;HLA-DRB1*04:07:01	1	1	2
two_field	test_B_gourraud	HG00117	EUR	DQB1	HLA-DQB1*02:01:01;HLA-DQB1*03:01:01	1	1	2
two_field	test_B_gourraud	HG00118	EUR	A	HLA-A*24:02:01;HLA-A*02:01:01	1	1	2
two_field	test_B_gourraud	HG00118	EUR	B	HLA-B*07:02:01;HLA-B*40:01:02	1	1	2
two_field	test_B_gourraud	HG00118	EUR	C	HLA-C*07:02:01;HLA-C*03:04:01	1	1	2
two_field	test_B_gourraud	HG00118	EUR	DRB1	HLA-DRB1*15:01:01;HLA-DRB1*15:01:01	1	1	2
two_field	test_B_gourraud	HG00118	EUR	DQB1	HLA-DQB1*06:02:01;HLA-DQB1*06:02:01	1	1	2
two_field	test_B_gourraud	HG00119	EUR	A	HLA-A*03:01:01;HLA-A*26:01:01	1	1	2
two_field	test_B_gourraud	HG00119	EUR	B	HLA-B*38:01:01;HLA-B*35:03:01	1	1	2
two_field	test_B_gourraud	HG00119	EUR	C	HLA-C*04:01:01,HLA-C*04:275:01,HLA-C*04:391;HLA-C*12:03:01	1	0	1
two_field	test_B_gourraud	HG00119	EUR	DRB1	HLA-DRB1*03:01:01;HLA-DRB1*14:01:01	1	1	2
two_field	test_B_gourraud	HG00119	EUR	DQB1	HLA-DQB1*02:01:01;HLA-DQB1*05:03:01	1	1	2
two_field	test_B_gourraud	HG00120	EUR	A	HLA-A*01:01:01;HLA-A*02:01:01	1	1	2
two_field	test_B_gourraud	HG00120	EUR	B	HLA-B*27:05:02;HLA-B*08:01:01	1	1	2
two_field	test_B_gourraud	HG00120	EUR	C	HLA-C*07:01:01;HLA-C*02:02:02	1	1	2
two_field	test_B_gourraud	HG00120	EUR	DRB1	HLA-DRB1*15:01:01;HLA-DRB1*03:01:01	1	1	2
two_field	test_B_gourraud	HG00120	EUR	DQB1	HLA-DQB1*06:02:01;HLA-DQB1*06:02:01	1	1	2
two_field	test_B_gourraud	HG00121	EUR	A	HLA-A*24:02:01;HLA-A*03:01:01	1	1	2
two_field	test_B_gourraud	HG00121	EUR	B	HLA-B*40:01:02;HLA-B*07:02:01	1	1	2
two_field	test_B_gourraud	HG00121	EUR	C	HLA-C*07:02:01;HLA-C*03:04:01	1	1	2
two_field	test_B_gourraud	HG00121	EUR	DRB1	HLA-DRB1*15:01:01;HLA-DRB1*04:04:01	1	1	2
two_field	test_B_gourraud	HG00121	EUR	DQB1	HLA-DQB1*03:02:01;HLA-DQB1*06:02:01	1	1	2
two_field	test_B_gourraud	HG00122	EUR	A	HLA-A*02:01:01;HLA-A*01:01:01	1	1	2
two_field	test_B_gourraud	HG00122	EUR	B	HLA-B*14:01:01;HLA-B*57:01:01	1	1	2
two_field	test_B_gourraud	HG00122	EUR	C	HLA-C*08:02:01;HLA-C*06:02:01	1	1	2
two_field	test_B_gourraud	HG00122	EUR	DRB1	HLA-DRB1*07:01:01;HLA-DRB1*07:01:01	1	1	2
two_field	test_B_gourraud	HG00122	EUR	DQB1	HLA-DQB1*02:02:01;HLA-DQB1*03:03:02	1	1	2
two_field	test_B_gourraud	HG00123	EUR	A	HLA-A*11:01:01;HLA-A*01:01:01	1	1	2
two_field	test_B_gourraud	HG00123	EUR	B	HLA-B*57:01:01;HLA-B*44:03:01	1	1	2
two_field	test_B_gourraud	HG00123	EUR	C	HLA-C*05:01:01;HLA-C*06:02:01	1	1	2
two_field	test_B_gourraud	HG00123	EUR	DRB1	HLA-DRB1*07:01:01;HLA-DRB1*07:01:01	1	1	2
two_field	test_B_gourraud	HG00123	EUR	DQB1	HLA-DQB1*03:03:02;HLA-DQB1*02:02:01	1	1	2
two_field	test_B_gourraud	HG00125	EUR	A	HLA-A*24:02:01;HLA-A*02:01:01	1	1	2
two_field	test_B_gourraud	HG00125	EUR	B	HLA-B*14:02:01;HLA-B*44:02:01	1	1	2
two_field	test_B_gourraud	HG00125	EUR	C	HLA-C*05:01:01;HLA-C*08:02:01	1	1	2
two_field	test_B_gourraud	HG00125	EUR	DRB1	HLA-DRB1*04:01:01;HLA-DRB1*13:03:01	1	1	2
two_field	test_B_gourraud	HG00125	EUR	DQB1	HLA-DQB1*03:01:01;HLA-DQB1*03:01:01	1	1	2
two_field	test_B_gourraud	HG00127	EUR	A	HLA-A*26:01:01;HLA-A*26:01:01	1	1	2
two_field	test_B_gourraud	HG00127	EUR	B	HLA-B*38:01:01;HLA-B*45:01:01	1	1	2
two_field	test_B_gourraud	HG00127	EUR	C	HLA-C*12:03:01;HLA-C*06:02:01	1	1	2
two_field	test_B_gourraud	HG00127	EUR	DRB1	HLA-DRB1*04:01:01;HLA-DRB1*04:03:01	1	1	2
two_field	test_B_gourraud	HG00127	EUR	DQB1	HLA-DQB1*03:02:01;HLA-DQB1*03:04:01	1	1	2
two_field	test_B_gourraud	HG00129	EUR	A	HLA-A*01:01:01;HLA-A*02:01:01	1	1	2
two_field	test_B_gourraud	HG00129	EUR	B	HLA-B*13:02:01;HLA-B*35:01:01	1	1	2
two_field	test_B_gourraud	HG00129	EUR	C	HLA-C*06:02:01;HLA-C*04:01:01	1	1	2
two_field	test_B_gourraud	HG00129	EUR	DRB1	HLA-DRB1*07:01:01;HLA-DRB1*01:01:01	1	1	2
two_field	test_B_gourraud	HG00129	EUR	DQB1	HLA-DQB1*02:02:01;HLA-DQB1*05:01:01	1	1	2
two_field	test_B_gourraud	HG00130	EUR	A	HLA-A*29:02:01;HLA-A*23:01:01	1	1	2
two_field	test_B_gourraud	HG00130	EUR	B	HLA-B*44:03:01;HLA-B*15:03:01	1	1	2
two_field	test_B_gourraud	HG00130	EUR	C	HLA-C*02:10:01;HLA-C*16:01:01	1	1	2
two_field	test_B_gourraud	HG00130	EUR	DRB1	HLA-DRB1*07:01:01;HLA-DRB1*10:01:01	1	1	2
two_field	test_B_gourraud	HG00130	EUR	DQB1	HLA-DQB1*05:01:01;HLA-DQB1*02:02:01	1	1	2
two_field	test_B_gourraud	HG00131	EUR	A	HLA-A*01:01:01;HLA-A*03:01:01	1	1	2
two_field	test_B_gourraud	HG00131	EUR	B	HLA-B*57:01:01;HLA-B*37:01:01	1	1	2
two_field	test_B_gourraud	HG00131	EUR	C	HLA-C*06:02:01;HLA-C*06:02:01	1	1	2
two_field	test_B_gourraud	HG00131	EUR	DRB1	HLA-DRB1*07:01:01;HLA-DRB1*11:01:01	1	1	2
two_field	test_B_gourraud	HG00131	EUR	DQB1	HLA-DQB1*03:03:02;HLA-DQB1*03:01:01	1	1	2
two_field	test_B_gourraud	HG00132	EUR	A	HLA-A*68:01:01;HLA-A*02:01:01	1	1	2
two_field	test_B_gourraud	HG00132	EUR	B	HLA-B*35:03:01;HLA-B*44:02:01	1	1	2
two_field	test_B_gourraud	HG00132	EUR	C	HLA-C*05:01:01;HLA-C*04:01:01	1	1	2
two_field	test_B_gourraud	HG00132	EUR	DRB1	HLA-DRB1*01:01:01;HLA-DRB1*04:01:01	1	1	2
two_field	test_B_gourraud	HG00132	EUR	DQB1	HLA-DQB1*05:01:01;HLA-DQB1*03:01:01	1	1	2
two_field	test_B_gourraud	HG00136	EUR	A	HLA-A*02:01:01;HLA-A*02:01:01	1	1	2
two_field	test_B_gourraud	HG00136	EUR	B	HLA-B*44:02:01;HLA-B*51:01:01,HLA-B*51:01:64	1	1	2
two_field	test_B_gourraud	HG00136	EUR	C	HLA-C*16:02:01;HLA-C*05:01:01	1	1	2
two_field	test_B_gourraud	HG00136	EUR	DRB1	HLA-DRB1*13:01:01;HLA-DRB1*04:01:01	1	1	2
two_field	test_B_gourraud	HG00136	EUR	DQB1	HLA-DQB1*06:03:01;HLA-DQB1*03:01:01	1	1	2
two_field	test_B_gourraud	HG00137	EUR	A	HLA-A*01:01:01;HLA-A*02:01:01	1	1	2
two_field	test_B_gourraud	HG00137	EUR	B	HLA-B*44:02:01;HLA-B*08:01:01	1	1	2
two_field	test_B_gourraud	HG00137	EUR	C	HLA-C*05:01:01;HLA-C*07:01:01	1	1	2
two_field	test_B_gourraud	HG00137	EUR	DRB1	HLA-DRB1*03:01:01;HLA-DRB1*13:01:01	1	1	2
two_field	test_B_gourraud	HG00137	EUR	DQB1	HLA-DQB1*02:01:01;HLA-DQB1*06:03:01	1	1	2
two_field	test_B_gourraud	HG00138	EUR	A	HLA-A*11:01:01;HLA-A*02:01:01	1	1	2
two_field	test_B_gourraud	HG00138	EUR	B	HLA-B*51:01:01;HLA-B*35:01:01	1	1	2
two_field	test_B_gourraud	HG00138	EUR	C	HLA-C*14:02:01;HLA-C*04:01:01	1	1	2
two_field	test_B_gourraud	HG00138	EUR	DRB1	HLA-DRB1*01:01:01;HLA-DRB1*13:01:01	1	1	2
two_field	test_B_gourraud	HG00138	EUR	DQB1	HLA-DQB1*05:01:01;HLA-DQB1*06:03:01	1	1	2
two_field	test_B_gourraud	HG00139	EUR	A	HLA-A*23:01:01;HLA-A*02:01:01	1	1	2
two_field	test_B_gourraud	HG00139	EUR	B	HLA-B*44:03:01;HLA-B*44:03:01	1	1	2
two_field	test_B_gourraud	HG00139	EUR	C	HLA-C*16:01:01;HLA-C*16:01:01	1	1	2
two_field	test_B_gourraud	HG00139	EUR	DRB1	HLA-DRB1*07:01:01;HLA-DRB1*07:01:01	1	1	2
two_field	test_B_gourraud	HG00139	EUR	DQB1	HLA-DQB1*02:02:01;HLA-DQB1*02:02:01	1	1	2
two_field	test_B_gourraud	HG00141	EUR	A	HLA-A*03:01:01;HLA-A*24:02:01	1	1	2
two_field	test_B_gourraud	HG00141	EUR	B	HLA-B*35:01:01;HLA-B*15:01:01,HLA-B*15:01:84,HLA-B*15:542,HLA-B*15:632	1	0	1
two_field	test_B_gourraud	HG00141	EUR	C	HLA-C*03:03:01;HLA-C*04:01:01	1	1	2
two_field	test_B_gourraud	HG00141	EUR	DRB1	HLA-DRB1*01:01:01;HLA-DRB1*04:01:01	1	1	2
two_field	test_B_gourraud	HG00141	EUR	DQB1	HLA-DQB1*03:02:01;HLA-DQB1*05:01:01	1	1	2
two_field	test_B_gourraud	HG00142	EUR	A	HLA-A*29:02:01;HLA-A*02:01:01	1	1	2
two_field	test_B_gourraud	HG00142	EUR	B	HLA-B*45:01:01;HLA-B*57:01:01	1	1	2
two_field	test_B_gourraud	HG00142	EUR	C	HLA-C*06:02:01;HLA-C*06:02:01	1	1	2
two_field	test_B_gourraud	HG00142	EUR	DRB1	HLA-DRB1*07:01:01;HLA-DRB1*04:01:01	1	1	2
two_field	test_B_gourraud	HG00142	EUR	DQB1	HLA-DQB1*03:03:02;HLA-DQB1*03:01:01	1	1	2
two_field	test_B_gourraud	HG00143	EUR	A	HLA-A*02:01:01;HLA-A*02:01:01	1	1	2
two_field	test_B_gourraud	HG00143	EUR	B	HLA-B*57:01:01;HLA-B*07:02:01	1	1	2
two_field	test_B_gourraud	HG00143	EUR	C	HLA-C*07:02:01;HLA-C*06:02:01	1	1	2
two_field	test_B_gourraud	HG00143	EUR	DRB1	HLA-DRB1*07:01:01;HLA-DRB1*15:01:01	1	1	2
two_field	test_B_gourraud	HG00143	EUR	DQB1	HLA-DQB1*03:03:02;HLA-DQB1*06:03:01	1	1	2
two_field	test_B_gourraud	HG00145	EUR	A	HLA-A*24:02:01;HLA-A*01:01:01	1	1	2
two_field	test_B_gourraud	HG00145	EUR	B	HLA-B*40:01:02;HLA-B*07:02:01	1	1	2
two_field	test_B_gourraud	HG00145	EUR	C	HLA-C*03:04:01;HLA-C*07:02:01	1	1	2
two_field	test_B_gourraud	HG00145	EUR	DRB1	HLA-DRB1*13:02:01;HLA-DRB1*15:01:01	1	1	2
two_field	test_B_gourraud	HG00145	EUR	DQB1	HLA-DQB1*06:02:01;HLA-DQB1*06:04:01	1	1	2
two_field	test_B_gourraud	HG00148	EUR	A	HLA-A*11:01:01;HLA-A*02:01:01	1	1	2
two_field	test_B_gourraud	HG00148	EUR	B	HLA-B*44:02:01;HLA-B*40:01:02	1	1	2
two_field	test_B_gourraud	HG00148	EUR	C	HLA-C*05:01:01;HLA-C*03:04:01	1	1	2
two_field	test_B_gourraud	HG00148	EUR	DRB1	HLA-DRB1*04:01:01;HLA-DRB1*13:02:01	1	1	2
two_field	test_B_gourraud	HG00148	EUR	DQB1	HLA-DQB1*06:04:01;HLA-DQB1*03:01:01	1	1	2
two_field	test_B_gourraud	HG00149	EUR	A	HLA-A*02:01:01;HLA-A*02:01:01	1	1	2
two_field	test_B_gourraud	HG00149	EUR	B	HLA-B*44:03:01;HLA-B*13:02:01	1	1	2
two_field	test_B_gourraud	HG00149	EUR	C	HLA-C*06:02:01;HLA-C*16:01:01	1	1	2
two_field	test_B_gourraud	HG00149	EUR	DRB1	HLA-DRB1*01:01:01;HLA-DRB1*07:01:01	1	1	2
two_field	test_B_gourraud	HG00149	EUR	DQB1	HLA-DQB1*05:01:01;HLA-DQB1*02:02:01	1	1	2
two_field	test_B_gourraud	HG00150	EUR	A	HLA-A*11:01:01;HLA-A*02:01:01	1	1	2
two_field	test_B_gourraud	HG00150	EUR	B	HLA-B*27:05:02;HLA-B*51:01:01	1	1	2
two_field	test_B_gourraud	HG00150	EUR	C	HLA-C*02:02:02;HLA-C*15:02:01	1	1	2
two_field	test_B_gourraud	HG00150	EUR	DRB1	HLA-DRB1*14:54:01;HLA-DRB1*04:04:01	1	1	2
two_field	test_B_gourraud	HG00150	EUR	DQB1	HLA-DQB1*03:02:01;HLA-DQB1*05:03:01	1	1	2
two_field	test_B_gourraud	HG00151	EUR	A	HLA-A*11:01:01;HLA-A*30:02:01	1	1	2
two_field	test_B_gourraud	HG00151	EUR	B	HLA-B*08:01:01;HLA-B*55:01:01	1	1	2
two_field	test_B_gourraud	HG00151	EUR	C	HLA-C*03:03:01;HLA-C*07:18:01	1	1	2
two_field	test_B_gourraud	HG00151	EUR	DRB1	HLA-DRB1*01:01:01;HLA-DRB1*03:01:01	1	1	2
two_field	test_B_gourraud	HG00151	EUR	DQB1	HLA-DQB1*02:01:01;HLA-DQB1*05:01:01	1	1	2
two_field	test_B_gourraud	HG00154	EUR	A	HLA-A*03:01:01;HLA-A*02:01:01	1	1	2
two_field	test_B_gourraud	HG00154	EUR	B	HLA-B*39:01:01;HLA-B*35:01:01,HLA-B*35:370,HLA-B*35:615	1	0	1
two_field	test_B_gourraud	HG00154	EUR	C	HLA-C*04:01:01;HLA-C*12:03:01	1	1	2
two_field	test_B_gourraud	HG00154	EUR	DRB1	HLA-DRB1*04:04:01;HLA-DRB1*01:01:01	1	1	2
two_field	test_B_gourraud	HG00154	EUR	DQB1	HLA-DQB1*03:02:01;HLA-DQB1*05:01:01	1	1	2
two_field	test_B_gourraud	HG00155	EUR	A	HLA-A*32:01:01;HLA-A*02:01:01	1	1	2
two_field	test_B_gourraud	HG00155	EUR	B	HLA-B*57:01:01;HLA-B*14:01:01	1	1	2
two_field	test_B_gourraud	HG00155	EUR	C	HLA-C*06:02:01;HLA-C*08:02:01	1	1	2
two_field	test_B_gourraud	HG00155	EUR	DRB1	HLA-DRB1*07:01:01;HLA-DRB1*07:01:01	1	1	2
two_field	test_B_gourraud	HG00155	EUR	DQB1	HLA-DQB1*03:03:02;HLA-DQB1*02:02:01	1	1	2
two_field	test_B_gourraud	HG00157	EUR	A	HLA-A*68:01:01;HLA-A*02:01:01	1	1	2
two_field	test_B_gourraud	HG00157	EUR	B	HLA-B*45:01:01;HLA-B*07:02:01	1	1	2
two_field	test_B_gourraud	HG00157	EUR	C	HLA-C*03:04:01;HLA-C*06:02:01	1	1	2
two_field	test_B_gourraud	HG00157	EUR	DRB1	HLA-DRB1*15:01:01;HLA-DRB1*04:05:01	1	1	2
two_field	test_B_gourraud	HG00157	EUR	DQB1	HLA-DQB1*03:02:01;HLA-DQB1*06:02:01	1	1	2
two_field	test_B_gourraud	HG00158	EUR	A	HLA-A*32:01:01;HLA-A*02:01:01	1	1	2
two_field	test_B_gourraud	HG00158	EUR	B	HLA-B*07:02:01;HLA-B*56:01:01	1	1	2
two_field	test_B_gourraud	HG00158	EUR	C	HLA-C*01:02:01;HLA-C*07:02:01	1	1	2
two_field	test_B_gourraud	HG00158	EUR	DRB1	HLA-DRB1*04:01:01;HLA-DRB1*15:01:01	1	1	2
two_field	test_B_gourraud	HG00158	EUR	DQB1	HLA-DQB1*03:02:01;HLA-DQB1*06:02:01	1	1	2
two_field	test_B_gourraud	HG00159	EUR	A	HLA-A*02:01:01;HLA-A*11:01:01	1	1	2
two_field	test_B_gourraud	HG00159	EUR	B	HLA-B*55:01:01,HLA-B*55:01:35;HLA-B*07:02:01	1	1	2
two_field	test_B_gourraud	HG00159	EUR	C	HLA-C*07:02:01;HLA-C*03:03:01	1	1	2
two_field	test_B_gourraud	HG00159	EUR	DRB1	HLA-DRB1*08:01:01;HLA-DRB1*15:01:01	1	1	2
two_field	test_B_gourraud	HG00159	EUR	DQB1	HLA-DQB1*04:02:01;HLA-DQB1*06:02:01	1	1	2
two_field	test_B_gourraud	HG00160	EUR	A	HLA-A*02:01:01;HLA-A*24:02:01	1	1	2
two_field	test_B_gourraud	HG00160	EUR	B	HLA-B*39:06:02;HLA-B*13:02:01	1	1	2
two_field	test_B_gourraud	HG00160	EUR	C	HLA-C*07:02:01;HLA-C*06:02:01	1	1	2
two_field	test_B_gourraud	HG00160	EUR	DRB1	HLA-DRB1*08:01:01;HLA-DRB1*07:01:01	1	1	2
two_field	test_B_gourraud	HG00160	EUR	DQB1	HLA-DQB1*02:02:01;HLA-DQB1*04:02:01	1	1	2
two_field	test_B_gourraud	HG00171	EUR	A	HLA-A*02:01:01;HLA-A*02:01:01	1	1	2
two_field	test_B_gourraud	HG00171	EUR	B	HLA-B*51:01:01;HLA-B*13:02:01	1	1	2
two_field	test_B_gourraud	HG00171	EUR	C	HLA-C*06:02:01;HLA-C*15:02:01	1	1	2
two_field	test_B_gourraud	HG00171	EUR	DRB1	HLA-DRB1*09:01:02;HLA-DRB1*07:01:01	1	1	2
two_field	test_B_gourraud	HG00171	EUR	DQB1	HLA-DQB1*03:03:02;HLA-DQB1*02:02:01	1	1	2
two_field	test_B_gourraud	HG00173	EUR	A	HLA-A*02:01:01;HLA-A*31:01:02	1	1	2
two_field	test_B_gourraud	HG00173	EUR	B	HLA-B*44:27:01;HLA-B*40:01:02	1	1	2
two_field	test_B_gourraud	HG00173	EUR	C	HLA-C*07:04:01;HLA-C*03:04:01	1	1	2
two_field	test_B_gourraud	HG00173	EUR	DRB1	HLA-DRB1*08:01:01;HLA-DRB1*16:01:01	1	1	2
two_field	test_B_gourraud	HG00173	EUR	DQB1	HLA-DQB1*04:02:01;HLA-DQB1*05:02:01	1	1	2
two_field	test_B_gourraud	HG00174	EUR	A	HLA-A*23:01:01;HLA-A*02:01:01	1	1	2
two_field	test_B_gourraud	HG00174	EUR	B	HLA-B*38:01:01;HLA-B*15:01:01	1	1	2
two_field	test_B_gourraud	HG00174	EUR	C	HLA-C*12:03:01;HLA-C*04:01:01	1	1	2
two_field	test_B_gourraud	HG00174	EUR	DRB1	HLA-DRB1*08:01:01;HLA-DRB1*01:01:01	1	1	2
two_field	test_B_gourraud	HG00174	EUR	DQB1	HLA-DQB1*05:01:01;HLA-DQB1*04:02:01	1	1	2
two_field	test_B_gourraud	HG00176	EUR	A	HLA-A*02:01:01;HLA-A*01:01:01	1	1	2
two_field	test_B_gourraud	HG00176	EUR	B	HLA-B*35:01:01,HLA-B*35:370,HLA-B*35:615;HLA-B*15:01:01	1	0	1
two_field	test_B_gourraud	HG00176	EUR	C	HLA-C*03:03:01;HLA-C*04:01:01	1	1	2
two_field	test_B_gourraud	HG00176	EUR	DRB1	HLA-DRB1*04:01:01;HLA-DRB1*13:01:01	1	1	2
two_field	test_B_gourraud	HG00176	EUR	DQB1	HLA-DQB1*03:02:01;HLA-DQB1*06:03:01	1	1	2
two_field	test_B_gourraud	HG00177	EUR	A	HLA-A*02:01:01;HLA-A*02:01:01	1	1	2
two_field	test_B_gourraud	HG00177	EUR	B	HLA-B*40:01:02;HLA-B*13:02:01	1	1	2
two_field	test_B_gourraud	HG00177	EUR	C	HLA-C*03:04:01;HLA-C*06:02:01	1	1	2
two_field	test_B_gourraud	HG00177	EUR	DRB1	HLA-DRB1*07:01:01;HLA-DRB1*08:01:01	1	1	2
two_field	test_B_gourraud	HG00177	EUR	DQB1	HLA-DQB1*04:02:01;HLA-DQB1*02:02:01	1	1	2
two_field	test_B_gourraud	HG00178	EUR	A	HLA-A*03:01:01;HLA-A*01:01:01	1	1	2
two_field	test_B_gourraud	HG00178	EUR	B	HLA-B*08:01:01;HLA-B*07:02:01	1	1	2
two_field	test_B_gourraud	HG00178	EUR	C	HLA-C*07:01:01;HLA-C*07:02:01	1	1	2
two_field	test_B_gourraud	HG00178	EUR	DRB1	HLA-DRB1*15:01:01;HLA-DRB1*04:01:01	1	1	2
two_field	test_B_gourraud	HG00178	EUR	DQB1	HLA-DQB1*06:02:01;HLA-DQB1*03:02:01	1	1	2
two_field	test_B_gourraud	HG00179	EUR	A	HLA-A*03:01:01;HLA-A*03:01:01	1	1	2
two_field	test_B_gourraud	HG00179	EUR	B	HLA-B*07:02:01;HLA-B*35:01:01,HLA-B*35:370,HLA-B*35:615	1	0	1
two_field	test_B_gourraud	HG00179	EUR	C	HLA-C*07:02:01;HLA-C*04:01:01	1	1	2
two_field	test_B_gourraud	HG00179	EUR	DRB1	HLA-DRB1*01:01:01;HLA-DRB1*15:01:01	1	1	2
two_field	test_B_gourraud	HG00179	EUR	DQB1	HLA-DQB1*06:02:01;HLA-DQB1*05:01:01	1	1	2
two_field	test_B_gourraud	HG00180	EUR	A	HLA-A*02:01:01;HLA-A*03:01:01	1	1	2
two_field	test_B_gourraud	HG00180	EUR	B	HLA-B*40:02:01;HLA-B*41:01:01	1	1	2
two_field	test_B_gourraud	HG00180	EUR	C	HLA-C*07:01:01;HLA-C*02:02:02	1	1	2
two_field	test_B_gourraud	HG00180	EUR	DRB1	HLA-DRB1*11:01:01;HLA-DRB1*11:01:02	1	1	2
two_field	test_B_gourraud	HG00180	EUR	DQB1	HLA-DQB1*03:01:01;HLA-DQB1*03:01:01	1	1	2
two_field	test_B_gourraud	HG00181	EUR	A	HLA-A*69:01:01;HLA-A*02:01:01	1	1	2
two_field	test_B_gourraud	HG00181	EUR	B	HLA-B*55:01:01,HLA-B*55:01:35;HLA-B*15:01:01	1	1	2
two_field	test_B_gourraud	HG00181	EUR	C	HLA-C*03:03:01;HLA-C*04:01:01	1	1	2
two_field	test_B_gourraud	HG00181	EUR	DRB1	HLA-DRB1*15:01:01;HLA-DRB1*08:01:01	1	1	2
two_field	test_B_gourraud	HG00181	EUR	DQB1	HLA-DQB1*04:02:01;HLA-DQB1*06:03:01	1	1	2
two_field	test_B_gourraud	HG00182	EUR	A	HLA-A*32:01:01;HLA-A*02:01:01	1	1	2
two_field	test_B_gourraud	HG00182	EUR	B	HLA-B*35:01:01,HLA-B*35:370,HLA-B*35:615;HLA-B*44:02:01	1	0	1
two_field	test_B_gourraud	HG00182	EUR	C	HLA-C*05:01:01;HLA-C*04:01:01	1	1	2
two_field	test_B_gourraud	HG00182	EUR	DRB1	HLA-DRB1*01:01:01;HLA-DRB1*03:01:01	1	1	2
two_field	test_B_gourraud	HG00182	EUR	DQB1	HLA-DQB1*05:01:01;HLA-DQB1*02:01:01	1	1	2
two_field	test_B_gourraud	HG00183	EUR	A	HLA-A*11:01:01,HLA-A*11:01:130,HLA-A*11:328;HLA-A*02:01:01	1	0	1
two_field	test_B_gourraud	HG00183	EUR	B	HLA-B*55:01:01;HLA-B*40:02:01	1	1	2
two_field	test_B_gourraud	HG00183	EUR	C	HLA-C*02:02:02;HLA-C*03:03:01	1	1	2
two_field	test_B_gourraud	HG00183	EUR	DRB1	HLA-DRB1*11:01:01;HLA-DRB1*04:07:01	1	1	2
two_field	test_B_gourraud	HG00183	EUR	DQB1	HLA-DQB1*03:01:01;HLA-DQB1*03:01:01	1	1	2
two_field	test_B_gourraud	HG00185	EUR	A	HLA-A*26:01:01;HLA-A*02:01:01	1	1	2
two_field	test_B_gourraud	HG00185	EUR	B	HLA-B*44:02:01;HLA-B*40:02:01	1	1	2
two_field	test_B_gourraud	HG00185	EUR	C	HLA-C*03:04:01;HLA-C*05:01:01	1	1	2
two_field	test_B_gourraud	HG00185	EUR	DRB1	HLA-DRB1*01:01:01;HLA-DRB1*13:02:01	1	1	2
two_field	test_B_gourraud	HG00185	EUR	DQB1	HLA-DQB1*05:01:01;HLA-DQB1*06:04:01	1	1	2
two_field	test_B_gourraud	HG00186	EUR	A	HLA-A*32:01:01;HLA-A*02:01:01	1	1	2
two_field	test_B_gourraud	HG00186	EUR	B	HLA-B*15:18:01;HLA-B*27:05:02	1	1	2
two_field	test_B_gourraud	HG00186	EUR	C	HLA-C*07:04:01;HLA-C*02:02:02	1	1	2
two_field	test_B_gourraud	HG00186	EUR	DRB1	HLA-DRB1*04:04:01;HLA-DRB1*08:01:01	1	1	2
two_field	test_B_gourraud	HG00186	EUR	DQB1	HLA-DQB1*04:02:01;HLA-DQB1*03:02:01	1	1	2
two_field	test_B_gourraud	HG00187	EUR	A	HLA-A*68:01:02;HLA-A*11:01:01	1	1	2
two_field	test_B_gourraud	HG00187	EUR	B	HLA-B*55:01:01;HLA-B*15:01:01	1	1	2
two_field	test_B_gourraud	HG00187	EUR	C	HLA-C*03:04:01;HLA-C*03:03:01	1	1	2
two_field	test_B_gourraud	HG00187	EUR	DRB1	HLA-DRB1*04:03:01;HLA-DRB1*15:01:01	1	1	2
two_field	test_B_gourraud	HG00187	EUR	DQB1	HLA-DQB1*03:02:01;HLA-DQB1*06:02:01	1	1	2
two_field	test_B_gourraud	HG00188	EUR	A	HLA-A*31:01:02;HLA-A*29:02:01	1	1	2
two_field	test_B_gourraud	HG00188	EUR	B	HLA-B*39:01:01;HLA-B*44:03:01	1	1	2
two_field	test_B_gourraud	HG00188	EUR	C	HLA-C*12:03:01;HLA-C*16:01:01	1	1	2
two_field	test_B_gourraud	HG00188	EUR	DRB1	HLA-DRB1*07:01:01;HLA-DRB1*12:01:01	1	1	2
two_field	test_B_gourraud	HG00188	EUR	DQB1	HLA-DQB1*03:03:02;HLA-DQB1*03:01:01	1	1	2
two_field	test_B_gourraud	HG00189	EUR	A	HLA-A*03:01:01;HLA-A*02:01:01	1	1	2
two_field	test_B_gourraud	HG00189	EUR	B	HLA-B*08:01:01;HLA-B*07:02:01	1	1	2
two_field	test_B_gourraud	HG00189	EUR	C	HLA-C*07:02:01;HLA-C*07:01:01	1	1	2
two_field	test_B_gourraud	HG00189	EUR	DRB1	HLA-DRB1*13:01:01;HLA-DRB1*03:01:01	1	1	2
two_field	test_B_gourraud	HG00189	EUR	DQB1	HLA-DQB1*02:01:01;HLA-DQB1*06:03:01	1	1	2
two_field	test_B_gourraud	HG00190	EUR	A	HLA-A*11:01:01;HLA-A*68:01:02	1	1	2
two_field	test_B_gourraud	HG00190	EUR	B	HLA-B*35:01:01;HLA-B*35:01:01	1	1	2
two_field	test_B_gourraud	HG00190	EUR	C	HLA-C*04:01:01;HLA-C*03:03:01	1	1	2
two_field	test_B_gourraud	HG00190	EUR	DRB1	HLA-DRB1*04:01:01;HLA-DRB1*08:01:01	1	1	2
two_field	test_B_gourraud	HG00190	EUR	DQB1	HLA-DQB1*03:02:01;HLA-DQB1*04:02:01	1	1	2
two_field	test_B_gourraud	HG00231	EUR	A	HLA-A*25:01:01;HLA-A*02:01:01	1	1	2
two_field	test_B_gourraud	HG00231	EUR	B	HLA-B*44:02:01;HLA-B*51:01:01,HLA-B*51:01:64	1	1	2
two_field	test_B_gourraud	HG00231	EUR	C	HLA-C*07:04:01;HLA-C*15:02:01	1	1	2
two_field	test_B_gourraud	HG00231	EUR	DRB1	HLA-DRB1*13:02:01;HLA-DRB1*04:04:01	1	1	2
two_field	test_B_gourraud	HG00231	EUR	DQB1	HLA-DQB1*03:02:01;HLA-DQB1*06:04:01	1	1	2
two_field	test_B_gourraud	HG00233	EUR	A	HLA-A*29:02:01;HLA-A*02:01:01	1	1	2
two_field	test_B_gourraud	HG00233	EUR	B	HLA-B*44:02:01;HLA-B*35:01:01	1	1	2
two_field	test_B_gourraud	HG00233	EUR	C	HLA-C*05:01:01;HLA-C*04:01:01	1	1	2
two_field	test_B_gourraud	HG00233	EUR	DRB1	HLA-DRB1*01:01:01;HLA-DRB1*04:04:01	1	1	2
two_field	test_B_gourraud	HG00233	EUR	DQB1	HLA-DQB1*03:02:01;HLA-DQB1*05:01:01	1	1	2
two_field	test_B_gourraud	HG00234	EUR	A	HLA-A*25:01:01;HLA-A*02:01:01	1	1	2
two_field	test_B_gourraud	HG00234	EUR	B	HLA-B*18:01:01;HLA-B*44:02:01	1	1	2
two_field	test_B_gourraud	HG00234	EUR	C	HLA-C*05:01:01;HLA-C*12:03:01	1	1	2
two_field	test_B_gourraud	HG00234	EUR	DRB1	HLA-DRB1*15:01:01;HLA-DRB1*04:04:01	1	1	2
two_field	test_B_gourraud	HG00234	EUR	DQB1	HLA-DQB1*03:02:01;HLA-DQB1*06:02:01	1	1	2
two_field	test_B_gourraud	HG00236	EUR	A	HLA-A*24:02:01;HLA-A*03:01:01	1	1	2
two_field	test_B_gourraud	HG00236	EUR	B	HLA-B*39:06:02;HLA-B*07:02:01	1	1	2
two_field	test_B_gourraud	HG00236	EUR	C	HLA-C*07:02:01;HLA-C*07:02:01	1	1	2
two_field	test_B_gourraud	HG00236	EUR	DRB1	HLA-DRB1*04:04:01;HLA-DRB1*15:01:01	1	1	2
two_field	test_B_gourraud	HG00236	EUR	DQB1	HLA-DQB1*06:02:01;HLA-DQB1*03:02:01	1	1	2
two_field	test_B_gourraud	HG00237	EUR	A	HLA-A*03:01:01;HLA-A*24:02:01	1	1	2
two_field	test_B_gourraud	HG00237	EUR	B	HLA-B*35:01:01;HLA-B*39:06:02	1	1	2
two_field	test_B_gourraud	HG00237	EUR	C	HLA-C*04:01:01;HLA-C*07:02:01	1	1	2
two_field	test_B_gourraud	HG00237	EUR	DRB1	HLA-DRB1*08:01:01;HLA-DRB1*01:01:01	1	1	2
two_field	test_B_gourraud	HG00237	EUR	DQB1	HLA-DQB1*04:02:01;HLA-DQB1*05:01:01	1	1	2
two_field	test_B_gourraud	HG00238	EUR	A	HLA-A*11:01:01;HLA-A*02:01:01	1	1	2
two_field	test_B_gourraud	HG00238	EUR	B	HLA-B*56:01:01;HLA-B*51:01:01	1	1	2
two_field	test_B_gourraud	HG00238	EUR	C	HLA-C*01:02:01;HLA-C*15:02:01	1	1	2
two_field	test_B_gourraud	HG00238	EUR	DRB1	HLA-DRB1*11:01:01;HLA-DRB1*15:01:01	1	1	2
two_field	test_B_gourraud	HG00238	EUR	DQB1	HLA-DQB1*06:02:01;HLA-DQB1*03:01:01	1	1	2
two_field	test_B_gourraud	HG00239	EUR	A	HLA-A*24:02:01;HLA-A*02:01:01	1	1	2
two_field	test_B_gourraud	HG00239	EUR	B	HLA-B*37:01:01;HLA-B*44:02:01	1	1	2
two_field	test_B_gourraud	HG00239	EUR	C	HLA-C*05:01:01;HLA-C*06:02:01	1	1	2
two_field	test_B_gourraud	HG00239	EUR	DRB1	HLA-DRB1*12:01:01;HLA-DRB1*11:03:01	1	1	2
two_field	test_B_gourraud	HG00239	EUR	DQB1	HLA-DQB1*03:01:01;HLA-DQB1*03:01:01	1	1	2
two_field	test_B_gourraud	HG00240	EUR	A	HLA-A*02:01:01;HLA-A*02:01:01	1	1	2
two_field	test_B_gourraud	HG00240	EUR	B	HLA-B*56:01:01;HLA-B*51:01:01	1	1	2
two_field	test_B_gourraud	HG00240	EUR	C	HLA-C*14:02:01;HLA-C*01:02:01	1	1	2
two_field	test_B_gourraud	HG00240	EUR	DRB1	HLA-DRB1*08:01:01;HLA-DRB1*11:01:01	1	1	2
two_field	test_B_gourraud	HG00240	EUR	DQB1	HLA-DQB1*04:02:01;HLA-DQB1*03:01:01	1	1	2
two_field	test_B_gourraud	HG00242	EUR	A	HLA-A*31:01:02;HLA-A*68:01:01	1	1	2
two_field	test_B_gourraud	HG00242	EUR	B	HLA-B*27:05:02;HLA-B*27:05:02	1	1	2
two_field	test_B_gourraud	HG00242	EUR	C	HLA-C*02:02:02;HLA-C*02:02:02	1	1	2
two_field	test_B_gourraud	HG00242	EUR	DRB1	HLA-DRB1*04:01:01;HLA-DRB1*13:01:01	1	1	2
two_field	test_B_gourraud	HG00242	EUR	DQB1	HLA-DQB1*03:02:01;HLA-DQB1*06:03:01	1	1	2
two_field	test_B_gourraud	HG00243	EUR	A	HLA-A*68:01:01;HLA-A*29:02:01	1	1	2
two_field	test_B_gourraud	HG00243	EUR	B	HLA-B*44:03:01;HLA-B*44:02:01	1	1	2
two_field	test_B_gourraud	HG00243	EUR	C	HLA-C*16:01:01;HLA-C*16:04:01	1	1	2
two_field	test_B_gourraud	HG00243	EUR	DRB1	HLA-DRB1*07:01:01;HLA-DRB1*15:01:01	1	1	2
two_field	test_B_gourraud	HG00243	EUR	DQB1	HLA-DQB1*02:02:01;HLA-DQB1*06:02:01	1	1	2
two_field	test_B_gourraud	HG00244	EUR	A	HLA-A*02:05:01;HLA-A*02:01:01	1	1	2
two_field	test_B_gourraud	HG00244	EUR	B	HLA-B*58:01:01;HLA-B*15:01:01,HLA-B*15:01:70	1	1	2
two_field	test_B_gourraud	HG00244	EUR	C	HLA-C*07:18:01;HLA-C*03:04:01	1	1	2
two_field	test_B_gourraud	HG00244	EUR	DRB1	HLA-DRB1*03:01:01;HLA-DRB1*04:01:01	1	1	2
two_field	test_B_gourraud	HG00244	EUR	DQB1	HLA-DQB1*02:01:01;HLA-DQB1*03:02:01	1	1	2
two_field	test_B_gourraud	HG00245	EUR	A	HLA-A*32:01:01;HLA-A*02:01:01	1	1	2
two_field	test_B_gourraud	HG00245	EUR	B	HLA-B*40:01:02;HLA-B*40:01:02	1	1	2
two_field	test_B_gourraud	HG00245	EUR	C	HLA-C*03:04:01;HLA-C*03:04:01	1	1	2
two_field	test_B_gourraud	HG00245	EUR	DRB1	HLA-DRB1*11:02:01;HLA-DRB1*04:04:01	1	1	2
two_field	test_B_gourraud	HG00245	EUR	DQB1	HLA-DQB1*03:02:01;HLA-DQB1*03:19:01	1	1	2
two_field	test_B_gourraud	HG00246	EUR	A	HLA-A*11:01:01;HLA-A*03:01:01	1	1	2
two_field	test_B_gourraud	HG00246	EUR	B	HLA-B*51:01:01;HLA-B*27:05:02	1	1	2
two_field	test_B_gourraud	HG00246	EUR	C	HLA-C*01:02:01;HLA-C*01:02:01	1	1	2
two_field	test_B_gourraud	HG00246	EUR	DRB1	HLA-DRB1*01:01:01;HLA-DRB1*11:01:01	1	1	2
two_field	test_B_gourraud	HG00246	EUR	DQB1	HLA-DQB1*05:01:01;HLA-DQB1*03:01:01	1	1	2
two_field	test_B_gourraud	HG00250	EUR	A	HLA-A*01:01:01;HLA-A*02:01:01	1	1	2
two_field	test_B_gourraud	HG00250	EUR	B	HLA-B*57:01:01;HLA-B*40:01:02	1	1	2
two_field	test_B_gourraud	HG00250	EUR	C	HLA-C*03:04:01;HLA-C*06:02:01	1	1	2
two_field	test_B_gourraud	HG00250	EUR	DRB1	HLA-DRB1*04:01:01;HLA-DRB1*04:04:01	1	1	2
two_field	test_B_gourraud	HG00250	EUR	DQB1	HLA-DQB1*03:02:01;HLA-DQB1*03:01:01	1	1	2
two_field	test_B_gourraud	HG00251	EUR	A	HLA-A*01:01:01;HLA-A*02:01:01	1	1	2
two_field	test_B_gourraud	HG00251	EUR	B	HLA-B*39:01:01;HLA-B*08:01:01	1	1	2
two_field	test_B_gourraud	HG00251	EUR	C	HLA-C*07:01:01;HLA-C*07:02:01	1	1	2
two_field	test_B_gourraud	HG00251	EUR	DRB1	HLA-DRB1*03:01:01;HLA-DRB1*08:01:01	1	1	2
two_field	test_B_gourraud	HG00251	EUR	DQB1	HLA-DQB1*02:01:01;HLA-DQB1*04:02:01	1	1	2
two_field	test_B_gourraud	HG00252	EUR	A	HLA-A*29:02:01;HLA-A*02:01:01	1	1	2
two_field	test_B_gourraud	HG00252	EUR	B	HLA-B*40:02:01;HLA-B*44:03:01	1	1	2
two_field	test_B_gourraud	HG00252	EUR	C	HLA-C*16:01:01;HLA-C*02:02:02	1	1	2
two_field	test_B_gourraud	HG00252	EUR	DRB1	HLA-DRB1*07:01:01;HLA-DRB1*09:01:02	1	1	2
two_field	test_B_gourraud	HG00252	EUR	DQB1	HLA-DQB1*03:03:02;HLA-DQB1*02:02:01	1	1	2
two_field	test_B_gourraud	HG00254	EUR	A	HLA-A*33:01:01;HLA-A*03:01:01	1	1	2
two_field	test_B_gourraud	HG00254	EUR	B	HLA-B*14:02:01;HLA-B*14:02:01	1	1	2
two_field	test_B_gourraud	HG00254	EUR	C	HLA-C*08:02:01;HLA-C*08:02:01	1	1	2
two_field	test_B_gourraud	HG00254	EUR	DRB1	HLA-DRB1*13:02:01;HLA-DRB1*01:02:01	1	1	2
two_field	test_B_gourraud	HG00254	EUR	DQB1	HLA-DQB1*05:01:01;HLA-DQB1*06:09:01	1	1	2
two_field	test_B_gourraud	HG00255	EUR	A	HLA-A*29:02:01;HLA-A*02:01:01	1	1	2
two_field	test_B_gourraud	HG00255	EUR	B	HLA-B*39:01:01;HLA-B*44:03:01	1	1	2
two_field	test_B_gourraud	HG00255	EUR	C	HLA-C*16:01:01;HLA-C*07:02:01	1	1	2
two_field	test_B_gourraud	HG00255	EUR	DRB1	HLA-DRB1*08:01:01;HLA-DRB1*07:01:01	1	1	2
two_field	test_B_gourraud	HG00255	EUR	DQB1	HLA-DQB1*04:02:01;HLA-DQB1*02:02:01	1	1	2
two_field	test_B_gourraud	HG00256	EUR	A	HLA-A*32:01:01;HLA-A*02:01:01	1	1	2
two_field	test_B_gourraud	HG00256	EUR	B	HLA-B*14:01:01;HLA-B*15:01:01	1	1	2
two_field	test_B_gourraud	HG00256	EUR	C	HLA-C*08:02:01;HLA-C*03:03:01	1	1	2
two_field	test_B_gourraud	HG00256	EUR	DRB1	HLA-DRB1*07:01:01;HLA-DRB1*13:01:01	1	1	2
two_field	test_B_gourraud	HG00256	EUR	DQB1	HLA-DQB1*02:02:15;HLA-DQB1*06:03:01	1	1	2
two_field	test_B_gourraud	HG00257	EUR	A	HLA-A*68:01:02;HLA-A*02:01:01	1	1	2
two_field	test_B_gourraud	HG00257	EUR	B	HLA-B*40:02:01;HLA-B*08:01:01	1	1	2
two_field	test_B_gourraud	HG00257	EUR	C	HLA-C*07:01:01;HLA-C*01:02:01	1	1	2
two_field	test_B_gourraud	HG00257	EUR	DRB1	HLA-DRB1*03:01:01;HLA-DRB1*13:01:01	1	1	2
two_field	test_B_gourraud	HG00257	EUR	DQB1	HLA-DQB1*02:01:01;HLA-DQB1*06:03:01	1	1	2
two_field	test_B_gourraud	HG00258	EUR	A	HLA-A*68:01:01;HLA-A*02:01:01	1	1	2
two_field	test_B_gourraud	HG00258	EUR	B	HLA-B*40:01:02;HLA-B*40:01:02	1	1	2
two_field	test_B_gourraud	HG00258	EUR	C	HLA-C*03:04:01;HLA-C*03:04:01	1	1	2
two_field	test_B_gourraud	HG00258	EUR	DRB1	HLA-DRB1*14:54:01;HLA-DRB1*04:04:01	1	1	2
two_field	test_B_gourraud	HG00258	EUR	DQB1	HLA-DQB1*05:03:01;HLA-DQB1*03:02:01	1	1	2
two_field	test_B_gourraud	HG00259	EUR	A	HLA-A*11:01:01;HLA-A*02:01:01	1	1	2
two_field	test_B_gourraud	HG00259	EUR	B	HLA-B*13:02:01;HLA-B*40:01:02	1	1	2
two_field	test_B_gourraud	HG00259	EUR	C	HLA-C*03:04:01;HLA-C*06:02:01	1	1	2
two_field	test_B_gourraud	HG00259	EUR	DRB1	HLA-DRB1*04:03:01;HLA-DRB1*11:04:01	1	1	2
two_field	test_B_gourraud	HG00259	EUR	DQB1	HLA-DQB1*03:02:01;HLA-DQB1*03:01:01	1	1	2
two_field	test_B_gourraud	HG00260	EUR	A	HLA-A*25:01:01;HLA-A*02:01:01	1	1	2
two_field	test_B_gourraud	HG00260	EUR	B	HLA-B*44:02:01;HLA-B*18:01:01	1	1	2
two_field	test_B_gourraud	HG00260	EUR	C	HLA-C*05:01:01;HLA-C*07:01:01	1	1	2
two_field	test_B_gourraud	HG00260	EUR	DRB1	HLA-DRB1*01:01:01;HLA-DRB1*04:01:01	1	1	2
two_field	test_B_gourraud	HG00260	EUR	DQB1	HLA-DQB1*03:02:01;HLA-DQB1*05:01:01	1	1	2
two_field	test_B_gourraud	HG00261	EUR	A	HLA-A*01:01:01;HLA-A*25:01:01	1	1	2
two_field	test_B_gourraud	HG00261	EUR	B	HLA-B*55:01:01;HLA-B*57:01:01	1	1	2
two_field	test_B_gourraud	HG00261	EUR	C	HLA-C*06:02:01;HLA-C*03:03:01	1	1	2
two_field	test_B_gourraud	HG00261	EUR	DRB1	HLA-DRB1*03:01:01;HLA-DRB1*14:54:01	1	1	2
two_field	test_B_gourraud	HG00261	EUR	DQB1	HLA-DQB1*02:01:01;HLA-DQB1*05:03:01	1	1	2
two_field	test_B_gourraud	HG00262	EUR	A	HLA-A*03:01:01;HLA-A*03:01:01	1	1	2
two_field	test_B_gourraud	HG00262	EUR	B	HLA-B*44:02:01;HLA-B*44:03:01	1	1	2
two_field	test_B_gourraud	HG00262	EUR	C	HLA-C*05:01:01;HLA-C*04:01:01	1	1	2
two_field	test_B_gourraud	HG00262	EUR	DRB1	HLA-DRB1*04:01:01;HLA-DRB1*04:04:01	1	1	2
two_field	test_B_gourraud	HG00262	EUR	DQB1	HLA-DQB1*03:02:01;HLA-DQB1*03:01:01	1	1	2
two_field	test_B_gourraud	HG00263	EUR	A	HLA-A*03:01:01;HLA-A*30:04:01	1	1	2
two_field	test_B_gourraud	HG00263	EUR	B	HLA-B*41:01:01;HLA-B*07:02:01	1	1	2
two_field	test_B_gourraud	HG00263	EUR	C	HLA-C*17:01:01;HLA-C*07:02:01	1	1	2
two_field	test_B_gourraud	HG00263	EUR	DRB1	HLA-DRB1*11:02:01;HLA-DRB1*15:01:01	1	1	2
two_field	test_B_gourraud	HG00263	EUR	DQB1	HLA-DQB1*06:02:01;HLA-DQB1*03:19:01	1	1	2
two_field	test_B_gourraud	HG00264	EUR	A	HLA-A*03:01:01;HLA-A*02:01:01	1	1	2
two_field	test_B_gourraud	HG00264	EUR	B	HLA-B*44:02:01;HLA-B*27:05:02	1	1	2
two_field	test_B_gourraud	HG00264	EUR	C	HLA-C*02:02:02;HLA-C*05:01:01	1	1	2
two_field	test_B_gourraud	HG00264	EUR	DRB1	HLA-DRB1*04:01:01;HLA-DRB1*04:07:01	1	1	2
two_field	test_B_gourraud	HG00264	EUR	DQB1	HLA-DQB1*03:01:01;HLA-DQB1*03:01:01	1	1	2
two_field	test_B_gourraud	HG00265	EUR	A	HLA-A*01:01:01;HLA-A*01:01:01	1	1	2
two_field	test_B_gourraud	HG00265	EUR	B	HLA-B*08:01:01;HLA-B*08:01:01	1	1	2
two_field	test_B_gourraud	HG00265	EUR	C	HLA-C*07:01:01;HLA-C*07:01:01	1	1	2
two_field	test_B_gourraud	HG00265	EUR	DRB1	HLA-DRB1*03:01:01;HLA-DRB1*03:01:01	1	1	2
two_field	test_B_gourraud	HG00265	EUR	DQB1	HLA-DQB1*02:01:01;HLA-DQB1*02:01:01	1	1	2
two_field	test_B_gourraud	HG00266	EUR	A	HLA-A*01:01:01;HLA-A*03:01:01	1	1	2
two_field	test_B_gourraud	HG00266	EUR	B	HLA-B*35:01:01;HLA-B*08:01:01	1	1	2
two_field	test_B_gourraud	HG00266	EUR	C	HLA-C*07:01:01;HLA-C*04:01:01	1	1	2
two_field	test_B_gourraud	HG00266	EUR	DRB1	HLA-DRB1*01:01:01;HLA-DRB1*03:01:01	1	1	2
two_field	test_B_gourraud	HG00266	EUR	DQB1	HLA-DQB1*05:01:01;HLA-DQB1*02:01:01	1	1	2
two_field	test_B_gourraud	HG00267	EUR	A	HLA-A*24:02:01;HLA-A*02:01:01	1	1	2
two_field	test_B_gourraud	HG00267	EUR	B	HLA-B*57:01:01;HLA-B*41:01:01	1	1	2
two_field	test_B_gourraud	HG00267	EUR	C	HLA-C*17:01:01;HLA-C*06:02:01	1	1	2
two_field	test_B_gourraud	HG00267	EUR	DRB1	HLA-DRB1*07:01:01;HLA-DRB1*07:01:01	1	1	2
two_field	test_B_gourraud	HG00267	EUR	DQB1	HLA-DQB1*03:03:02;HLA-DQB1*03:03:02	1	1	2
two_field	test_B_gourraud	HG00268	EUR	A	HLA-A*03:01:01;HLA-A*25:01:01	1	1	2
two_field	test_B_gourraud	HG00268	EUR	B	HLA-B*07:02:01;HLA-B*18:01:01	1	1	2
two_field	test_B_gourraud	HG00268	EUR	C	HLA-C*07:02:01;HLA-C*12:03:01	1	1	2
two_field	test_B_gourraud	HG00268	EUR	DRB1	HLA-DRB1*15:01:01;HLA-DRB1*15:01:01	1	1	2
two_field	test_B_gourraud	HG00268	EUR	DQB1	HLA-DQB1*06:02:01;HLA-DQB1*06:02:01	1	1	2
two_field	test_B_gourraud	HG00269	EUR	A	HLA-A*03:01:01;HLA-A*03:01:01	1	1	2
two_field	test_B_gourraud	HG00269	EUR	B	HLA-B*07:02:01;HLA-B*35:01:01,HLA-B*35:370	1	0	1
two_field	test_B_gourraud	HG00269	EUR	C	HLA-C*03:04:01;HLA-C*04:01:01	1	1	2
two_field	test_B_gourraud	HG00269	EUR	DRB1	HLA-DRB1*01:01:01;HLA-DRB1*01:01:01	1	1	2
two_field	test_B_gourraud	HG00269	EUR	DQB1	HLA-DQB1*05:01:01;HLA-DQB1*05:01:01	1	1	2
two_field	test_B_gourraud	HG00271	EUR	A	HLA-A*03:01:01;HLA-A*02:01:01	1	1	2
two_field	test_B_gourraud	HG00271	EUR	B	HLA-B*27:05:02;HLA-B*47:01:01	1	1	2
two_field	test_B_gourraud	HG00271	EUR	C	HLA-C*02:02:02;HLA-C*06:02:01	1	1	2
two_field	test_B_gourraud	HG00271	EUR	DRB1	HLA-DRB1*08:01:01;HLA-DRB1*15:01:01	1	1	2
two_field	test_B_gourraud	HG00271	EUR	DQB1	HLA-DQB1*04:02:01;HLA-DQB1*06:02:01	1	1	2
two_field	test_B_gourraud	HG00273	EUR	A	HLA-A*11:01:01;HLA-A*03:01:01	1	1	2
two_field	test_B_gourraud	HG00273	EUR	B	HLA-B*35:01:01;HLA-B*07:02:01	1	1	2
two_field	test_B_gourraud	HG00273	EUR	C	HLA-C*07:02:01;HLA-C*04:01:01	1	1	2
two_field	test_B_gourraud	HG00273	EUR	DRB1	HLA-DRB1*11:01:01;HLA-DRB1*01:01:01	1	1	2
two_field	test_B_gourraud	HG00273	EUR	DQB1	HLA-DQB1*05:01:01;HLA-DQB1*03:01:01	1	1	2
two_field	test_B_gourraud	HG00274	EUR	A	HLA-A*03:01:01;HLA-A*03:01:01	1	1	2
two_field	test_B_gourraud	HG00274	EUR	B	HLA-B*15:01:01;HLA-B*35:01:01	1	1	2
two_field	test_B_gourraud	HG00274	EUR	C	HLA-C*04:01:01;HLA-C*03:03:01	1	1	2
two_field	test_B_gourraud	HG00274	EUR	DRB1	HLA-DRB1*08:01:01;HLA-DRB1*07:01:01	1	1	2
two_field	test_B_gourraud	HG00274	EUR	DQB1	HLA-DQB1*03:03:02;HLA-DQB1*04:02:01	1	1	2
two_field	test_B_gourraud	HG00275	EUR	A	HLA-A*03:01:01;HLA-A*02:01:01	1	1	2
two_field	test_B_gourraud	HG00275	EUR	B	HLA-B*15:01:01;HLA-B*07:02:01	1	1	2
two_field	test_B_gourraud	HG00275	EUR	C	HLA-C*07:02:01;HLA-C*04:01:01	1	1	2
two_field	test_B_gourraud	HG00275	EUR	DRB1	HLA-DRB1*15:01:01;HLA-DRB1*15:01:01	1	1	2
two_field	test_B_gourraud	HG00275	EUR	DQB1	HLA-DQB1*06:02:01;HLA-DQB1*06:02:01	1	1	2
two_field	test_B_gourraud	HG00276	EUR	A	HLA-A*03:01:01;HLA-A*03:01:01	1	1	2
two_field	test_B_gourraud	HG00276	EUR	B	HLA-B*35:01:01;HLA-B*51:01:01	1	1	2
two_field	test_B_gourraud	HG00276	EUR	C	HLA-C*04:01:01;HLA-C*15:02:01	1	1	2
two_field	test_B_gourraud	HG00276	EUR	DRB1	HLA-DRB1*01:01:01;HLA-DRB1*09:01:02	1	1	2
two_field	test_B_gourraud	HG00276	EUR	DQB1	HLA-DQB1*03:03:02;HLA-DQB1*05:01:01	1	1	2
two_field	test_B_gourraud	HG00277	EUR	A	HLA-A*31:01:02;HLA-A*02:01:01	1	1	2
two_field	test_B_gourraud	HG00277	EUR	B	HLA-B*07:02:01;HLA-B*56:01:01	1	1	2
two_field	test_B_gourraud	HG00277	EUR	C	HLA-C*01:02:01;HLA-C*07:02:01	1	1	2
two_field	test_B_gourraud	HG00277	EUR	DRB1	HLA-DRB1*04:01:01;HLA-DRB1*15:01:01	1	1	2
two_field	test_B_gourraud	HG00277	EUR	DQB1	HLA-DQB1*03:02:01;HLA-DQB1*06:02:01	1	1	2
two_field	test_B_gourraud	HG00278	EUR	A	HLA-A*02:01:01;HLA-A*02:01:01	1	1	2
two_field	test_B_gourraud	HG00278	EUR	B	HLA-B*39:01:01;HLA-B*51:01:01	1	1	2
two_field	test_B_gourraud	HG00278	EUR	C	HLA-C*15:02:01;HLA-C*07:02:01	1	1	2
two_field	test_B_gourraud	HG00278	EUR	DRB1	HLA-DRB1*09:01:02;HLA-DRB1*08:01:01	1	1	2
two_field	test_B_gourraud	HG00278	EUR	DQB1	HLA-DQB1*03:03:02;HLA-DQB1*04:02:01	1	1	2
two_field	test_B_gourraud	HG00281	EUR	A	HLA-A*02:01:01;HLA-A*02:01:01	1	1	2
two_field	test_B_gourraud	HG00281	EUR	B	HLA-B*15:01:01;HLA-B*35:01:01	1	1	2
two_field	test_B_gourraud	HG00281	EUR	C	HLA-C*04:01:01;HLA-C*04:01:01	1	1	2
two_field	test_B_gourraud	HG00281	EUR	DRB1	HLA-DRB1*01:01:01;HLA-DRB1*08:01:01	1	1	2
two_field	test_B_gourraud	HG00281	EUR	DQB1	HLA-DQB1*04:02:01;HLA-DQB1*05:01:01	1	1	2
two_field	test_B_gourraud	HG00282	EUR	A	HLA-A*03:01:01;HLA-A*02:01:01	1	1	2
two_field	test_B_gourraud	HG00282	EUR	B	HLA-B*40:01:02;HLA-B*07:02:01	1	1	2
two_field	test_B_gourraud	HG00282	EUR	C	HLA-C*07:02:01;HLA-C*03:04:01	1	1	2
two_field	test_B_gourraud	HG00282	EUR	DRB1	HLA-DRB1*15:01:01;HLA-DRB1*13:02:01	1	1	2
two_field	test_B_gourraud	HG00282	EUR	DQB1	HLA-DQB1*06:02:01;HLA-DQB1*06:04:01	1	1	2
two_field	test_B_gourraud	HG00284	EUR	A	HLA-A*11:01:01;HLA-A*01:01:01	1	1	2
two_field	test_B_gourraud	HG00284	EUR	B	HLA-B*57:01:01;HLA-B*08:01:01	1	1	2
two_field	test_B_gourraud	HG00284	EUR	C	HLA-C*07:01:01;HLA-C*06:02:01	1	1	2
two_field	test_B_gourraud	HG00284	EUR	DRB1	HLA-DRB1*03:01:01;HLA-DRB1*08:105	1	0	1
two_field	test_B_gourraud	HG00284	EUR	DQB1	HLA-DQB1*04:02:01;HLA-DQB1*02:01:01	1	1	2
two_field	test_B_gourraud	HG00285	EUR	A	HLA-A*02:01:01;HLA-A*68:01:02	1	1	2
two_field	test_B_gourraud	HG00285	EUR	B	HLA-B*15:01:01;HLA-B*40:01:02	1	1	2
two_field	test_B_gourraud	HG00285	EUR	C	HLA-C*03:04:01;HLA-C*03:04:01	1	1	2
two_field	test_B_gourraud	HG00285	EUR	DRB1	HLA-DRB1*04:01:01;HLA-DRB1*04:04:01	1	1	2
two_field	test_B_gourraud	HG00285	EUR	DQB1	HLA-DQB1*03:02:01;HLA-DQB1*03:02:01	1	1	2
two_field	test_B_gourraud	HG00306	EUR	A	HLA-A*01:01:01;HLA-A*02:01:01	1	1	2
two_field	test_B_gourraud	HG00306	EUR	B	HLA-B*27:05:02;HLA-B*08:01:01	1	1	2
two_field	test_B_gourraud	HG00306	EUR	C	HLA-C*07:01:01;HLA-C*02:02:02	1	1	2
two_field	test_B_gourraud	HG00306	EUR	DRB1	HLA-DRB1*08:01:01;HLA-DRB1*03:01:01	1	1	2
two_field	test_B_gourraud	HG00306	EUR	DQB1	HLA-DQB1*02:01:01;HLA-DQB1*04:02:01	1	1	2
two_field	test_B_gourraud	HG00308	EUR	A	HLA-A*03:01:01;HLA-A*03:01:01	1	1	2
two_field	test_B_gourraud	HG00308	EUR	B	HLA-B*35:01:01;HLA-B*35:01:01	1	1	2
two_field	test_B_gourraud	HG00308	EUR	C	HLA-C*04:01:01;HLA-C*04:01:01	1	1	2
two_field	test_B_gourraud	HG00308	EUR	DRB1	HLA-DRB1*01:01:01;HLA-DRB1*01:01:01	1	1	2
two_field	test_B_gourraud	HG00308	EUR	DQB1	HLA-DQB1*05:01:01;HLA-DQB1*05:01:01	1	1	2
two_field	test_B_gourraud	HG00309	EUR	A	HLA-A*03:01:01;HLA-A*01:01:01	1	1	2
two_field	test_B_gourraud	HG00309	EUR	B	HLA-B*35:01:01;HLA-B*27:05:02	1	1	2
two_field	test_B_gourraud	HG00309	EUR	C	HLA-C*04:01:01;HLA-C*01:02:01	1	1	2
two_field	test_B_gourraud	HG00309	EUR	DRB1	HLA-DRB1*01:01:01;HLA-DRB1*04:08:01	1	1	2
two_field	test_B_gourraud	HG00309	EUR	DQB1	HLA-DQB1*05:01:01;HLA-DQB1*03:01:01	1	1	2
two_field	test_B_gourraud	HG00310	EUR	A	HLA-A*03:01:01;HLA-A*03:01:01	1	1	2
two_field	test_B_gourraud	HG00310	EUR	B	HLA-B*15:01:01;HLA-B*07:02:01	1	1	2
two_field	test_B_gourraud	HG00310	EUR	C	HLA-C*07:02:01;HLA-C*03:03:01	1	1	2
two_field	test_B_gourraud	HG00310	EUR	DRB1	HLA-DRB1*15:01:01;HLA-DRB1*13:01:01	1	1	2
two_field	test_B_gourraud	HG00310	EUR	DQB1	HLA-DQB1*06:03:01;HLA-DQB1*06:02:01	1	1	2
two_field	test_B_gourraud	HG00311	EUR	A	HLA-A*11:01:01;HLA-A*03:01:01	1	1	2
two_field	test_B_gourraud	HG00311	EUR	B	HLA-B*07:02:01;HLA-B*44:02:01	1	1	2
two_field	test_B_gourraud	HG00311	EUR	C	HLA-C*03:04:01;HLA-C*05:01:01	1	1	2
two_field	test_B_gourraud	HG00311	EUR	DRB1	HLA-DRB1*01:01:01;HLA-DRB1*01:01:01	1	1	2
two_field	test_B_gourraud	HG00311	EUR	DQB1	HLA-DQB1*05:01:01;HLA-DQB1*05:01:01	1	1	2
two_field	test_B_gourraud	HG00313	EUR	A	HLA-A*03:01:01;HLA-A*03:01:01	1	1	2
two_field	test_B_gourraud	HG00313	EUR	B	HLA-B*35:01:01;HLA-B*07:02:01	1	1	2
two_field	test_B_gourraud	HG00313	EUR	C	HLA-C*07:02:01;HLA-C*04:01:01	1	1	2
two_field	test_B_gourraud	HG00313	EUR	DRB1	HLA-DRB1*01:01:01;HLA-DRB1*04:01:01	1	1	2
two_field	test_B_gourraud	HG00313	EUR	DQB1	HLA-DQB1*05:01:01;HLA-DQB1*03:02:01	1	1	2
two_field	test_B_gourraud	HG00315	EUR	A	HLA-A*30:01:01;HLA-A*02:01:01	1	1	2
two_field	test_B_gourraud	HG00315	EUR	B	HLA-B*13:02:01;HLA-B*56:01:01	1	1	2
two_field	test_B_gourraud	HG00315	EUR	C	HLA-C*01:02:01;HLA-C*06:02:01	1	1	2
two_field	test_B_gourraud	HG00315	EUR	DRB1	HLA-DRB1*07:01:01;HLA-DRB1*04:01:01	1	1	2
two_field	test_B_gourraud	HG00315	EUR	DQB1	HLA-DQB1*03:02:01;HLA-DQB1*02:02:01	1	1	2
two_field	test_B_gourraud	HG00318	EUR	A	HLA-A*03:01:01;HLA-A*03:01:01	1	1	2
two_field	test_B_gourraud	HG00318	EUR	B	HLA-B*13:02:01;HLA-B*07:02:01	1	1	2
two_field	test_B_gourraud	HG00318	EUR	C	HLA-C*07:02:01;HLA-C*06:02:01	1	1	2
two_field	test_B_gourraud	HG00318	EUR	DRB1	HLA-DRB1*04:04:01;HLA-DRB1*07:01:01	1	1	2
two_field	test_B_gourraud	HG00318	EUR	DQB1	HLA-DQB1*02:02:01;HLA-DQB1*03:02:01	1	1	2
two_field	test_B_gourraud	HG00319	EUR	A	HLA-A*03:01:01;HLA-A*02:01:01	1	1	2
two_field	test_B_gourraud	HG00319	EUR	B	HLA-B*07:02:01;HLA-B*56:01:01	1	1	2
two_field	test_B_gourraud	HG00319	EUR	C	HLA-C*03:04:01;HLA-C*01:02:01	1	1	2
two_field	test_B_gourraud	HG00319	EUR	DRB1	HLA-DRB1*01:01:01;HLA-DRB1*15:01:01	1	1	2
two_field	test_B_gourraud	HG00319	EUR	DQB1	HLA-DQB1*06:02:01;HLA-DQB1*05:01:01	1	1	2
two_field	test_B_gourraud	HG00324	EUR	A	HLA-A*68:01:02;HLA-A*03:01:01	1	1	2
two_field	test_B_gourraud	HG00324	EUR	B	HLA-B*40:01:02;HLA-B*35:01:01	1	1	2
two_field	test_B_gourraud	HG00324	EUR	C	HLA-C*04:01:01;HLA-C*03:04:01	1	1	2
two_field	test_B_gourraud	HG00324	EUR	DRB1	HLA-DRB1*01:01:01;HLA-DRB1*04:04:01	1	1	2
two_field	test_B_gourraud	HG00324	EUR	DQB1	HLA-DQB1*03:02:01;HLA-DQB1*05:01:01	1	1	2
two_field	test_B_gourraud	HG00325	EUR	A	HLA-A*68:01:02;HLA-A*03:01:01	1	1	2
two_field	test_B_gourraud	HG00325	EUR	B	HLA-B*35:01:01;HLA-B*35:01:01	1	1	2
two_field	test_B_gourraud	HG00325	EUR	C	HLA-C*03:03:01;HLA-C*04:01:01	1	1	2
two_field	test_B_gourraud	HG00325	EUR	DRB1	HLA-DRB1*08:01:01;HLA-DRB1*01:01:01	1	1	2
two_field	test_B_gourraud	HG00325	EUR	DQB1	HLA-DQB1*04:02:01;HLA-DQB1*05:01:01	1	1	2
two_field	test_B_gourraud	HG00326	EUR	A	HLA-A*02:01:01;HLA-A*02:01:01	1	1	2
two_field	test_B_gourraud	HG00326	EUR	B	HLA-B*40:01:02;HLA-B*57:01:01	1	1	2
two_field	test_B_gourraud	HG00326	EUR	C	HLA-C*03:04:01;HLA-C*06:02:01	1	1	2
two_field	test_B_gourraud	HG00326	EUR	DRB1	HLA-DRB1*07:01:01;HLA-DRB1*04:01:01	1	1	2
two_field	test_B_gourraud	HG00326	EUR	DQB1	HLA-DQB1*03:03:02;HLA-DQB1*03:02:01	1	1	2
two_field	test_B_gourraud	HG00327	EUR	A	HLA-A*02:01:01;HLA-A*02:01:01	1	1	2
two_field	test_B_gourraud	HG00327	EUR	B	HLA-B*44:02:01;HLA-B*08:01:01	1	1	2
two_field	test_B_gourraud	HG00327	EUR	C	HLA-C*05:01:01;HLA-C*07:01:01	1	1	2
two_field	test_B_gourraud	HG00327	EUR	DRB1	HLA-DRB1*03:01:01;HLA-DRB1*12:01:01	1	1	2
two_field	test_B_gourraud	HG00327	EUR	DQB1	HLA-DQB1*02:01:01;HLA-DQB1*03:01:01	1	1	2
two_field	test_B_gourraud	HG00328	EUR	A	HLA-A*02:01:01;HLA-A*02:01:01	1	1	2
two_field	test_B_gourraud	HG00328	EUR	B	HLA-B*27:05:02;HLA-B*15:01:01	1	1	2
two_field	test_B_gourraud	HG00328	EUR	C	HLA-C*03:03:01;HLA-C*01:02:01	1	1	2
two_field	test_B_gourraud	HG00328	EUR	DRB1	HLA-DRB1*10:01:01;HLA-DRB1*04:08:01	1	1	2
two_field	test_B_gourraud	HG00328	EUR	DQB1	HLA-DQB1*05:01:01;HLA-DQB1*03:01:01	1	1	2
two_field	test_B_gourraud	HG00330	EUR	A	HLA-A*01:01:01;HLA-A*02:01:01	1	1	2
two_field	test_B_gourraud	HG00330	EUR	B	HLA-B*57:01:01;HLA-B*15:01:01	1	1	2
two_field	test_B_gourraud	HG00330	EUR	C	HLA-C*03:03:01;HLA-C*06:02:01	1	1	2
two_field	test_B_gourraud	HG00330	EUR	DRB1	HLA-DRB1*13:01:01;HLA-DRB1*07:01:01	1	1	2
two_field	test_B_gourraud	HG00330	EUR	DQB1	HLA-DQB1*03:03:02;HLA-DQB1*06:03:01	1	1	2
two_field	test_B_gourraud	HG00331	EUR	A	HLA-A*02:01:01;HLA-A*02:01:01	1	1	2
two_field	test_B_gourraud	HG00331	EUR	B	HLA-B*15:01:01;HLA-B*35:01:01	1	1	2
two_field	test_B_gourraud	HG00331	EUR	C	HLA-C*03:04:01;HLA-C*04:01:01	1	1	2
two_field	test_B_gourraud	HG00331	EUR	DRB1	HLA-DRB1*14:01:01;HLA-DRB1*04:04:01	1	1	2
two_field	test_B_gourraud	HG00331	EUR	DQB1	HLA-DQB1*03:02:01;HLA-DQB1*05:03:01	1	1	2
two_field	test_B_gourraud	HG00332	EUR	A	HLA-A*03:01:01;HLA-A*02:01:01	1	1	2
two_field	test_B_gourraud	HG00332	EUR	B	HLA-B*35:01:01,HLA-B*35:370,HLA-B*35:615;HLA-B*07:02:01,HLA-B*07:529	1	0	0
two_field	test_B_gourraud	HG00332	EUR	C	HLA-C*07:02:01;HLA-C*04:01:01	1	1	2
two_field	test_B_gourraud	HG00332	EUR	DRB1	HLA-DRB1*01:01:01;HLA-DRB1*15:01:01	1	1	2
two_field	test_B_gourraud	HG00332	EUR	DQB1	HLA-DQB1*06:02:01;HLA-DQB1*05:01:01	1	1	2
two_field	test_B_gourraud	HG00334	EUR	A	HLA-A*32:01:01;HLA-A*02:01:01	1	1	2
two_field	test_B_gourraud	HG00334	EUR	B	HLA-B*39:01:01;HLA-B*15:01:01	1	1	2
two_field	test_B_gourraud	HG00334	EUR	C	HLA-C*07:02:01;HLA-C*04:01:01,HLA-C*04:275:01	1	0	1
two_field	test_B_gourraud	HG00334	EUR	DRB1	HLA-DRB1*08:01:01;HLA-DRB1*11:01:01	1	1	2
two_field	test_B_gourraud	HG00334	EUR	DQB1	HLA-DQB1*04:02:01;HLA-DQB1*03:01:01	1	1	2
two_field	test_B_gourraud	HG00335	EUR	A	HLA-A*01:01:01;HLA-A*02:01:01	1	1	2
two_field	test_B_gourraud	HG00335	EUR	B	HLA-B*27:05:02;HLA-B*15:01:01	1	1	2
two_field	test_B_gourraud	HG00335	EUR	C	HLA-C*04:01:01;HLA-C*02:02:02	1	1	2
two_field	test_B_gourraud	HG00335	EUR	DRB1	HLA-DRB1*04:01:01;HLA-DRB1*11:01:01	1	1	2
two_field	test_B_gourraud	HG00335	EUR	DQB1	HLA-DQB1*03:02:01;HLA-DQB1*03:01:01	1	1	2
two_field	test_B_gourraud	HG00336	EUR	A	HLA-A*01:01:01;HLA-A*03:01:01	1	1	2
two_field	test_B_gourraud	HG00336	EUR	B	HLA-B*08:01:01;HLA-B*35:01:01	1	1	2
two_field	test_B_gourraud	HG00336	EUR	C	HLA-C*04:01:01,HLA-C*04:01:118;HLA-C*07:01:01	1	1	2
two_field	test_B_gourraud	HG00336	EUR	DRB1	HLA-DRB1*01:01:01;HLA-DRB1*15:01:01	1	1	2
two_field	test_B_gourraud	HG00336	EUR	DQB1	HLA-DQB1*06:02:01;HLA-DQB1*05:01:01	1	1	2
two_field	test_B_gourraud	HG00337	EUR	A	HLA-A*03:01:01;HLA-A*03:01:01	1	1	2
two_field	test_B_gourraud	HG00337	EUR	B	HLA-B*07:02:01;HLA-B*07:02:01	1	1	2
two_field	test_B_gourraud	HG00337	EUR	C	HLA-C*07:02:01;HLA-C*07:02:01	1	1	2
two_field	test_B_gourraud	HG00337	EUR	DRB1	HLA-DRB1*13:01:01;HLA-DRB1*13:02:01	1	1	2
two_field	test_B_gourraud	HG00337	EUR	DQB1	HLA-DQB1*06:04:01;HLA-DQB1*06:03:01	1	1	2
two_field	test_B_gourraud	HG00338	EUR	A	HLA-A*68:01:02;HLA-A*03:01:01	1	1	2
two_field	test_B_gourraud	HG00338	EUR	B	HLA-B*35:01:01;HLA-B*44:02:01	1	1	2
two_field	test_B_gourraud	HG00338	EUR	C	HLA-C*05:01:01;HLA-C*04:01:01	1	1	2
two_field	test_B_gourraud	HG00338	EUR	DRB1	HLA-DRB1*13:01:01;HLA-DRB1*01:01:01	1	1	2
two_field	test_B_gourraud	HG00338	EUR	DQB1	HLA-DQB1*05:01:01;HLA-DQB1*06:03:01	1	1	2
two_field	test_B_gourraud	HG00339	EUR	A	HLA-A*68:01:01;HLA-A*01:01:01	1	1	2
two_field	test_B_gourraud	HG00339	EUR	B	HLA-B*27:05:02;HLA-B*40:02:01	1	1	2
two_field	test_B_gourraud	HG00339	EUR	C	HLA-C*02:02:02;HLA-C*03:04:01	1	1	2
two_field	test_B_gourraud	HG00339	EUR	DRB1	HLA-DRB1*08:02:01;HLA-DRB1*01:01:01	1	1	2
two_field	test_B_gourraud	HG00339	EUR	DQB1	HLA-DQB1*04:02:01;HLA-DQB1*05:01:01	1	1	2
two_field	test_B_gourraud	HG00341	EUR	A	HLA-A*01:02:01;HLA-A*68:01:02	1	1	2
two_field	test_B_gourraud	HG00341	EUR	B	HLA-B*40:01:02;HLA-B*57:01:01	1	1	2
two_field	test_B_gourraud	HG00341	EUR	C	HLA-C*03:04:01;HLA-C*06:02:01	1	1	2
two_field	test_B_gourraud	HG00341	EUR	DRB1	HLA-DRB1*09:01:02;HLA-DRB1*04:02:01	1	1	2
two_field	test_B_gourraud	HG00341	EUR	DQB1	HLA-DQB1*03:03:02;HLA-DQB1*03:02:01	1	1	2
two_field	test_B_gourraud	HG00342	EUR	A	HLA-A*11:01:01;HLA-A*02:01:01	1	1	2
two_field	test_B_gourraud	HG00342	EUR	B	HLA-B*13:02:01;HLA-B*44:02:01	1	1	2
two_field	test_B_gourraud	HG00342	EUR	C	HLA-C*06:02:01;HLA-C*05:01:01	1	1	2
two_field	test_B_gourraud	HG00342	EUR	DRB1	HLA-DRB1*09:01:02;HLA-DRB1*12:01:01	1	1	2
two_field	test_B_gourraud	HG00342	EUR	DQB1	HLA-DQB1*03:03:02;HLA-DQB1*03:01:01	1	1	2
two_field	test_B_gourraud	HG00343	EUR	A	HLA-A*32:01:01;HLA-A*03:01:01	1	1	2
two_field	test_B_gourraud	HG00343	EUR	B	HLA-B*39:01:01;HLA-B*35:01:01	1	1	2
two_field	test_B_gourraud	HG00343	EUR	C	HLA-C*07:02:01;HLA-C*04:01:01	1	1	2
two_field	test_B_gourraud	HG00343	EUR	DRB1	HLA-DRB1*01:01:01;HLA-DRB1*08:01:01	1	1	2
two_field	test_B_gourraud	HG00343	EUR	DQB1	HLA-DQB1*04:02:01;HLA-DQB1*05:01:01	1	1	2
two_field	test_B_gourraud	HG00345	EUR	A	HLA-A*01:01:01;HLA-A*03:01:01	1	1	2
two_field	test_B_gourraud	HG00345	EUR	B	HLA-B*35:01:01;HLA-B*08:01:01	1	1	2
two_field	test_B_gourraud	HG00345	EUR	C	HLA-C*07:01:01;HLA-C*04:01:01	1	1	2
two_field	test_B_gourraud	HG00345	EUR	DRB1	HLA-DRB1*01:01:01;HLA-DRB1*03:01:01	1	1	2
two_field	test_B_gourraud	HG00345	EUR	DQB1	HLA-DQB1*02:01:01;HLA-DQB1*05:01:01	1	1	2
two_field	test_B_gourraud	HG00346	EUR	A	HLA-A*03:01:01;HLA-A*31:01:02	1	1	2
two_field	test_B_gourraud	HG00346	EUR	B	HLA-B*18:01:01;HLA-B*51:01:01,HLA-B*51:01:64	1	1	2
two_field	test_B_gourraud	HG00346	EUR	C	HLA-C*07:01:01;HLA-C*14:02:01	1	1	2
two_field	test_B_gourraud	HG00346	EUR	DRB1	HLA-DRB1*15:01:01;HLA-DRB1*13:01:01	1	1	2
two_field	test_B_gourraud	HG00346	EUR	DQB1	HLA-DQB1*06:02:01;HLA-DQB1*06:03:01	1	1	2
two_field	test_B_gourraud	HG00349	EUR	A	HLA-A*68:01:01;HLA-A*01:01:01	1	1	2
two_field	test_B_gourraud	HG00349	EUR	B	HLA-B*08:01:01;HLA-B*27:05:02	1	1	2
two_field	test_B_gourraud	HG00349	EUR	C	HLA-C*07:01:01;HLA-C*02:02:02	1	1	2
two_field	test_B_gourraud	HG00349	EUR	DRB1	HLA-DRB1*01:01:01;HLA-DRB1*03:01:01	1	1	2
two_field	test_B_gourraud	HG00349	EUR	DQB1	HLA-DQB1*05:01:01;HLA-DQB1*02:01:01	1	1	2
two_field	test_B_gourraud	HG00351	EUR	A	HLA-A*02:01:01;HLA-A*24:02:01	1	1	2
two_field	test_B_gourraud	HG00351	EUR	B	HLA-B*38:01:01;HLA-B*07:02:01	1	1	2
two_field	test_B_gourraud	HG00351	EUR	C	HLA-C*07:02:01;HLA-C*12:03:01,HLA-C*12:03:67,HLA-C*12:143,HLA-C*12:278,HLA-C*12:407	1	0	1
two_field	test_B_gourraud	HG00351	EUR	DRB1	HLA-DRB1*13:01:01;HLA-DRB1*15:01:01	1	1	2
two_field	test_B_gourraud	HG00351	EUR	DQB1	HLA-DQB1*06:03:01;HLA-DQB1*06:02:01	1	1	2
two_field	test_B_gourraud	HG00353	EUR	A	HLA-A*31:01:02;HLA-A*32:01:01	1	1	2
two_field	test_B_gourraud	HG00353	EUR	B	HLA-B*44:02:01;HLA-B*18:01:01	1	1	2
two_field	test_B_gourraud	HG00353	EUR	C	HLA-C*07:01:01;HLA-C*05:01:01	1	1	2
two_field	test_B_gourraud	HG00353	EUR	DRB1	HLA-DRB1*15:01:01;HLA-DRB1*15:01:01	1	1	2
two_field	test_B_gourraud	HG00353	EUR	DQB1	HLA-DQB1*06:02:01;HLA-DQB1*06:02:01	1	1	2
two_field	test_B_gourraud	HG00355	EUR	A	HLA-A*29:02:01;HLA-A*03:01:01	1	1	2
two_field	test_B_gourraud	HG00355	EUR	B	HLA-B*47:01:01;HLA-B*44:03:01	1	1	2
two_field	test_B_gourraud	HG00355	EUR	C	HLA-C*06:02:01;HLA-C*16:01:01	1	1	2
two_field	test_B_gourraud	HG00355	EUR	DRB1	HLA-DRB1*07:01:01;HLA-DRB1*15:01:01	1	1	2
two_field	test_B_gourraud	HG00355	EUR	DQB1	HLA-DQB1*02:02:01;HLA-DQB1*06:02:01	1	1	2
two_field	test_B_gourraud	HG00356	EUR	A	HLA-A*24:02:01;HLA-A*01:01:01	1	1	2
two_field	test_B_gourraud	HG00356	EUR	B	HLA-B*40:01:02;HLA-B*08:01:01	1	1	2
two_field	test_B_gourraud	HG00356	EUR	C	HLA-C*07:01:01;HLA-C*03:04:01	1	1	2
two_field	test_B_gourraud	HG00356	EUR	DRB1	HLA-DRB1*03:01:01;HLA-DRB1*08:01:01	1	1	2
two_field	test_B_gourraud	HG00356	EUR	DQB1	HLA-DQB1*02:01:01;HLA-DQB1*04:02:01	1	1	2
two_field	test_B_gourraud	HG00357	EUR	A	HLA-A*02:01:01;HLA-A*01:01:01	1	1	2
two_field	test_B_gourraud	HG00357	EUR	B	HLA-B*57:01:01;HLA-B*08:01:01	1	1	2
two_field	test_B_gourraud	HG00357	EUR	C	HLA-C*07:01:01;HLA-C*06:02:01	1	1	2
two_field	test_B_gourraud	HG00357	EUR	DRB1	HLA-DRB1*07:01:01;HLA-DRB1*03:01:01	1	1	2
two_field	test_B_gourraud	HG00357	EUR	DQB1	HLA-DQB1*03:03:02;HLA-DQB1*02:01:01	1	1	2
two_field	test_B_gourraud	HG00358	EUR	A	HLA-A*03:01:01;HLA-A*02:01:01	1	1	2
two_field	test_B_gourraud	HG00358	EUR	B	HLA-B*47:01:01;HLA-B*27:05:02	1	1	2
two_field	test_B_gourraud	HG00358	EUR	C	HLA-C*01:02:01;HLA-C*06:02:01	1	1	2
two_field	test_B_gourraud	HG00358	EUR	DRB1	HLA-DRB1*04:08:01;HLA-DRB1*15:01:01	1	1	2
two_field	test_B_gourraud	HG00358	EUR	DQB1	HLA-DQB1*06:02:01;HLA-DQB1*03:01:01	1	1	2
two_field	test_B_gourraud	HG00360	EUR	A	HLA-A*24:02:01;HLA-A*02:01:01	1	1	2
two_field	test_B_gourraud	HG00360	EUR	B	HLA-B*39:01:01;HLA-B*44:02:01	1	1	2
two_field	test_B_gourraud	HG00360	EUR	C	HLA-C*05:01:01;HLA-C*07:02:01	1	1	2
two_field	test_B_gourraud	HG00360	EUR	DRB1	HLA-DRB1*04:01:01;HLA-DRB1*04:04:01	1	1	2
two_field	test_B_gourraud	HG00360	EUR	DQB1	HLA-DQB1*03:02:01;HLA-DQB1*03:01:01	1	1	2
two_field	test_B_gourraud	HG00361	EUR	A	HLA-A*03:01:01;HLA-A*24:02:01	1	1	2
two_field	test_B_gourraud	HG00361	EUR	B	HLA-B*07:02:01;HLA-B*35:01:01,HLA-B*35:370,HLA-B*35:615	1	0	1
two_field	test_B_gourraud	HG00361	EUR	C	HLA-C*07:02:01;HLA-C*04:01:01	1	1	2
two_field	test_B_gourraud	HG00361	EUR	DRB1	HLA-DRB1*01:01:01;HLA-DRB1*15:01:01	1	1	2
two_field	test_B_gourraud	HG00361	EUR	DQB1	HLA-DQB1*05:01:01;HLA-DQB1*06:02:01	1	1	2
two_field	test_B_gourraud	HG00362	EUR	A	HLA-A*11:01:01;HLA-A*02:01:01	1	1	2
two_field	test_B_gourraud	HG00362	EUR	B	HLA-B*27:05:02;HLA-B*44:02:01	1	1	2
two_field	test_B_gourraud	HG00362	EUR	C	HLA-C*05:01:01;HLA-C*01:02:01	1	1	2
two_field	test_B_gourraud	HG00362	EUR	DRB1	HLA-DRB1*01:01:01;HLA-DRB1*04:04:01	1	1	2
two_field	test_B_gourraud	HG00362	EUR	DQB1	HLA-DQB1*05:01:01;HLA-DQB1*03:02:01	1	1	2
two_field	test_B_gourraud	HG00364	EUR	A	HLA-A*03:01:01;HLA-A*03:01:01	1	1	2
two_field	test_B_gourraud	HG00364	EUR	B	HLA-B*67:01:02;HLA-B*35:01:01	1	1	2
two_field	test_B_gourraud	HG00364	EUR	C	HLA-C*04:01:01;HLA-C*12:03:01	1	1	2
two_field	test_B_gourraud	HG00364	EUR	DRB1	HLA-DRB1*01:01:01;HLA-DRB1*01:01:01	1	1	2
two_field	test_B_gourraud	HG00364	EUR	DQB1	HLA-DQB1*05:01:01;HLA-DQB1*05:01:01	1	1	2
two_field	test_B_gourraud	HG00365	EUR	A	HLA-A*31:01:02;HLA-A*26:01:01	1	1	2
two_field	test_B_gourraud	HG00365	EUR	B	HLA-B*44:02:01;HLA-B*56:01:01	1	1	2
two_field	test_B_gourraud	HG00365	EUR	C	HLA-C*07:04:01;HLA-C*03:04:01	1	1	2
two_field	test_B_gourraud	HG00365	EUR	DRB1	HLA-DRB1*01:01:01;HLA-DRB1*11:01:01	1	1	2
two_field	test_B_gourraud	HG00365	EUR	DQB1	HLA-DQB1*05:01:01;HLA-DQB1*03:01:01	1	1	2
two_field	test_B_gourraud	HG00366	EUR	A	HLA-A*24:02:01;HLA-A*02:01:01	1	1	2
two_field	test_B_gourraud	HG00366	EUR	B	HLA-B*15:01:01;HLA-B*07:02:01	1	1	2
two_field	test_B_gourraud	HG00366	EUR	C	HLA-C*03:03:01;HLA-C*07:02:01	1	1	2
two_field	test_B_gourraud	HG00366	EUR	DRB1	HLA-DRB1*09:01:02;HLA-DRB1*04:01:01	1	1	2
two_field	test_B_gourraud	HG00366	EUR	DQB1	HLA-DQB1*03:02:01;HLA-DQB1*03:03:02	1	1	2
two_field	test_B_gourraud	HG00367	EUR	A	HLA-A*68:01:02;HLA-A*03:01:01	1	1	2
two_field	test_B_gourraud	HG00367	EUR	B	HLA-B*37:01:01;HLA-B*35:01:01	1	1	2
two_field	test_B_gourraud	HG00367	EUR	C	HLA-C*04:01:01;HLA-C*06:02:01	1	1	2
two_field	test_B_gourraud	HG00367	EUR	DRB1	HLA-DRB1*10:01:01;HLA-DRB1*04:01:01	1	1	2
two_field	test_B_gourraud	HG00367	EUR	DQB1	HLA-DQB1*05:01:01;HLA-DQB1*03:01:01	1	1	2
two_field	test_B_gourraud	HG00368	EUR	A	HLA-A*02:01:01;HLA-A*02:01:01	1	1	2
two_field	test_B_gourraud	HG00368	EUR	B	HLA-B*13:02:01;HLA-B*56:01:01	1	1	2
two_field	test_B_gourraud	HG00368	EUR	C	HLA-C*01:02:01;HLA-C*06:02:01	1	1	2
two_field	test_B_gourraud	HG00368	EUR	DRB1	HLA-DRB1*04:01:01;HLA-DRB1*07:01:01	1	1	2
two_field	test_B_gourraud	HG00368	EUR	DQB1	HLA-DQB1*02:02:01;HLA-DQB1*03:02:01	1	1	2
two_field	test_B_gourraud	HG00369	EUR	A	HLA-A*03:01:01;HLA-A*02:01:01	1	1	2
two_field	test_B_gourraud	HG00369	EUR	B	HLA-B*44:02:01;HLA-B*27:05:02	1	1	2
two_field	test_B_gourraud	HG00369	EUR	C	HLA-C*07:04:01;HLA-C*02:02:02	1	1	2
two_field	test_B_gourraud	HG00369	EUR	DRB1	HLA-DRB1*10:01:01;HLA-DRB1*08:01:01	1	1	2
two_field	test_B_gourraud	HG00369	EUR	DQB1	HLA-DQB1*05:01:01;HLA-DQB1*04:02:01	1	1	2
two_field	test_B_gourraud	HG00371	EUR	A	HLA-A*68:01:02;HLA-A*02:01:01	1	1	2
two_field	test_B_gourraud	HG00371	EUR	B	HLA-B*35:01:01;HLA-B*40:01:02	1	1	2
two_field	test_B_gourraud	HG00371	EUR	C	HLA-C*03:04:01;HLA-C*03:03:01	1	1	2
two_field	test_B_gourraud	HG00371	EUR	DRB1	HLA-DRB1*08:01:01;HLA-DRB1*08:01:01	1	1	2
two_field	test_B_gourraud	HG00371	EUR	DQB1	HLA-DQB1*04:02:01;HLA-DQB1*04:02:01	1	1	2
two_field	test_B_gourraud	HG00372	EUR	A	HLA-A*02:01:01;HLA-A*02:01:01	1	1	2
two_field	test_B_gourraud	HG00372	EUR	B	HLA-B*27:05:02;HLA-B*40:01:02	1	1	2
two_field	test_B_gourraud	HG00372	EUR	C	HLA-C*02:02:02;HLA-C*03:04:01	1	1	2
two_field	test_B_gourraud	HG00372	EUR	DRB1	HLA-DRB1*08:01:01;HLA-DRB1*13:02:01	1	1	2
two_field	test_B_gourraud	HG00372	EUR	DQB1	HLA-DQB1*04:02:01;HLA-DQB1*06:04:01	1	1	2
two_field	test_B_gourraud	HG00373	EUR	A	HLA-A*01:01:01;HLA-A*02:01:01	1	1	2
two_field	test_B_gourraud	HG00373	EUR	B	HLA-B*15:01:01;HLA-B*56:01:01	1	1	2
two_field	test_B_gourraud	HG00373	EUR	C	HLA-C*03:03:01;HLA-C*01:02:01	1	1	2
two_field	test_B_gourraud	HG00373	EUR	DRB1	HLA-DRB1*04:01:01;HLA-DRB1*13:01:01	1	1	2
two_field	test_B_gourraud	HG00373	EUR	DQB1	HLA-DQB1*06:03:01;HLA-DQB1*03:02:01	1	1	2
two_field	test_B_gourraud	HG00375	EUR	A	HLA-A*03:01:01;HLA-A*02:01:01	1	1	2
two_field	test_B_gourraud	HG00375	EUR	B	HLA-B*13:02:01;HLA-B*40:01:02	1	1	2
two_field	test_B_gourraud	HG00375	EUR	C	HLA-C*06:02:01;HLA-C*03:04:01	1	1	2
two_field	test_B_gourraud	HG00375	EUR	DRB1	HLA-DRB1*01:01:01;HLA-DRB1*07:01:01	1	1	2
two_field	test_B_gourraud	HG00375	EUR	DQB1	HLA-DQB1*05:01:01;HLA-DQB1*02:02:01	1	1	2
two_field	test_B_gourraud	HG00376	EUR	A	HLA-A*03:01:01;HLA-A*02:01:01	1	1	2
two_field	test_B_gourraud	HG00376	EUR	B	HLA-B*40:01:02;HLA-B*51:01:01	1	1	2
two_field	test_B_gourraud	HG00376	EUR	C	HLA-C*03:04:01;HLA-C*14:02:01	1	1	2
two_field	test_B_gourraud	HG00376	EUR	DRB1	HLA-DRB1*13:01:01;HLA-DRB1*13:02:01	1	1	2
two_field	test_B_gourraud	HG00376	EUR	DQB1	HLA-DQB1*06:03:01;HLA-DQB1*06:04:01	1	1	2
two_field	test_B_gourraud	HG00378	EUR	A	HLA-A*24:02:01;HLA-A*02:01:01	1	1	2
two_field	test_B_gourraud	HG00378	EUR	B	HLA-B*40:01:02;HLA-B*35:01:01	1	1	2
two_field	test_B_gourraud	HG00378	EUR	C	HLA-C*03:04:01,HLA-C*03:04:63,HLA-C*03:455,HLA-C*03:656;HLA-C*04:01:01	1	0	1
two_field	test_B_gourraud	HG00378	EUR	DRB1	HLA-DRB1*01:01:01;HLA-DRB1*13:02:01	1	1	2
two_field	test_B_gourraud	HG00378	EUR	DQB1	HLA-DQB1*06:04:01;HLA-DQB1*05:01:01	1	1	2
two_field	test_B_gourraud	HG00379	EUR	A	HLA-A*02:01:01;HLA-A*03:01:01	1	1	2
two_field	test_B_gourraud	HG00379	EUR	B	HLA-B*44:02:01;HLA-B*07:02:01	1	1	2
two_field	test_B_gourraud	HG00379	EUR	C	HLA-C*07:02:01;HLA-C*05:01:01	1	1	2
two_field	test_B_gourraud	HG00379	EUR	DRB1	HLA-DRB1*04:01:01;HLA-DRB1*13:01:01	1	1	2
two_field	test_B_gourraud	HG00379	EUR	DQB1	HLA-DQB1*03:02:01;HLA-DQB1*06:03:01	1	1	2
two_field	test_B_gourraud	HG00380	EUR	A	HLA-A*01:01:01;HLA-A*03:01:01	1	1	2
two_field	test_B_gourraud	HG00380	EUR	B	HLA-B*07:02:01;HLA-B*08:01:01	1	1	2
two_field	test_B_gourraud	HG00380	EUR	C	HLA-C*07:01:01;HLA-C*03:04:01	1	1	2
two_field	test_B_gourraud	HG00380	EUR	DRB1	HLA-DRB1*01:01:01;HLA-DRB1*13:01:01	1	1	2
two_field	test_B_gourraud	HG00380	EUR	DQB1	HLA-DQB1*05:01:01;HLA-DQB1*06:03:01	1	1	2
two_field	test_B_gourraud	HG00381	EUR	A	HLA-A*32:01:01;HLA-A*02:01:01	1	1	2
two_field	test_B_gourraud	HG00381	EUR	B	HLA-B*15:01:01;HLA-B*39:01:01	1	1	2
two_field	test_B_gourraud	HG00381	EUR	C	HLA-C*07:02:01;HLA-C*03:04:01	1	1	2
two_field	test_B_gourraud	HG00381	EUR	DRB1	HLA-DRB1*08:01:01;HLA-DRB1*04:01:01	1	1	2
two_field	test_B_gourraud	HG00381	EUR	DQB1	HLA-DQB1*04:02:01;HLA-DQB1*03:01:01	1	1	2
two_field	test_B_gourraud	HG00382	EUR	A	HLA-A*24:02:01;HLA-A*03:01:01	1	1	2
two_field	test_B_gourraud	HG00382	EUR	B	HLA-B*07:02:01;HLA-B*44:02:01	1	1	2
two_field	test_B_gourraud	HG00382	EUR	C	HLA-C*07:02:01;HLA-C*05:01:01	1	1	2
two_field	test_B_gourraud	HG00382	EUR	DRB1	HLA-DRB1*15:01:01;HLA-DRB1*15:01:01	1	1	2
two_field	test_B_gourraud	HG00382	EUR	DQB1	HLA-DQB1*06:02:01;HLA-DQB1*06:02:01	1	1	2
two_field	test_B_gourraud	HG00383	EUR	A	HLA-A*24:02:01;HLA-A*02:01:01	1	1	2
two_field	test_B_gourraud	HG00383	EUR	B	HLA-B*27:05:02;HLA-B*18:01:01	1	1	2
two_field	test_B_gourraud	HG00383	EUR	C	HLA-C*02:02:02;HLA-C*07:01:01	1	1	2
two_field	test_B_gourraud	HG00383	EUR	DRB1	HLA-DRB1*08:01:01;HLA-DRB1*11:04:01	1	1	2
two_field	test_B_gourraud	HG00383	EUR	DQB1	HLA-DQB1*04:02:01;HLA-DQB1*03:01:01	1	1	2
two_field	test_B_gourraud	HG00384	EUR	A	HLA-A*02:01:01;HLA-A*03:01:01	1	1	2
two_field	test_B_gourraud	HG00384	EUR	B	HLA-B*35:01:01;HLA-B*40:02:01	1	1	2
two_field	test_B_gourraud	HG00384	EUR	C	HLA-C*07:04:01;HLA-C*04:01:01	1	1	2
two_field	test_B_gourraud	HG00384	EUR	DRB1	HLA-DRB1*01:01:01;HLA-DRB1*12:01:01	1	1	2
two_field	test_B_gourraud	HG00384	EUR	DQB1	HLA-DQB1*05:01:01;HLA-DQB1*03:01:01	1	1	2
two_field	test_B_gourraud	HG00403	EAS	A	HLA-A*31:01:02;HLA-A*02:01:01	1	1	2
two_field	test_B_gourraud	HG00403	EAS	B	HLA-B*13:01:01;HLA-B*35:01:01	1	1	2
two_field	test_B_gourraud	HG00403	EAS	C	HLA-C*03:03:01;HLA-C*03:04:01	1	1	2
two_field	test_B_gourraud	HG00403	EAS	DRB1	HLA-DRB1*12:02:01;HLA-DRB1*15:01:01	1	1	2
two_field	test_B_gourraud	HG00403	EAS	DQB1	HLA-DQB1*03:01:01;HLA-DQB1*06:02:01	1	1	2
two_field	test_B_gourraud	HG00404	EAS	A	HLA-A*11:01:01;HLA-A*24:02:01	1	1	2
two_field	test_B_gourraud	HG00404	EAS	B	HLA-B*27:04:01;HLA-B*15:19	1	1	2
two_field	test_B_gourraud	HG00404	EAS	C	HLA-C*03:03:01;HLA-C*03:03:01	1	1	2
two_field	test_B_gourraud	HG00404	EAS	DRB1	HLA-DRB1*12:01:01;HLA-DRB1*11:01:01	1	1	2
two_field	test_B_gourraud	HG00404	EAS	DQB1	HLA-DQB1*03:01:01;HLA-DQB1*03:01:01	1	1	2
two_field	leak_gourraud	HG00406	EAS	A	HLA-A*11:01:01;HLA-A*11:01:01	1	1	2
two_field	leak_gourraud	HG00406	EAS	B	HLA-B*15:02:01;HLA-B*07:02:01	1	1	2
two_field	leak_gourraud	HG00406	EAS	C	HLA-C*08:01:01;HLA-C*07:02:01	1	1	2
two_field	leak_gourraud	HG00406	EAS	DRB1	HLA-DRB1*01:01:01;HLA-DRB1*14:54:01	1	1	2
two_field	leak_gourraud	HG00406	EAS	DQB1	HLA-DQB1*05:02:01;HLA-DQB1*05:01:01	1	1	2
two_field	leak_gourraud	HG00407	EAS	A	HLA-A*02:07:01;HLA-A*02:01:01	1	1	2
two_field	leak_gourraud	HG00407	EAS	B	HLA-B*40:01:02;HLA-B*40:02:01	1	1	2
two_field	leak_gourraud	HG00407	EAS	C	HLA-C*07:02:01;HLA-C*03:03:01	1	1	2
two_field	leak_gourraud	HG00407	EAS	DRB1	HLA-DRB1*15:01:01;HLA-DRB1*14:54:01	1	1	2
two_field	leak_gourraud	HG00407	EAS	DQB1	HLA-DQB1*05:02:01;HLA-DQB1*06:02:01	1	1	2
two_field	test_B_gourraud	HG00419	EAS	A	HLA-A*24:02:01;HLA-A*02:06:01	1	1	2
two_field	test_B_gourraud	HG00419	EAS	B	HLA-B*13:01:01;HLA-B*40:01:02	1	1	2
two_field	test_B_gourraud	HG00419	EAS	C	HLA-C*03:04:01;HLA-C*03:04:04	1	1	2
two_field	test_B_gourraud	HG00419	EAS	DRB1	HLA-DRB1*09:01:02;HLA-DRB1*08:03:02	1	1	2
two_field	test_B_gourraud	HG00419	EAS	DQB1	HLA-DQB1*03:03:02;HLA-DQB1*06:01:01	1	1	2
two_field	leak_gourraud	HG00421	EAS	A	HLA-A*30:01:01;HLA-A*02:07:01	1	1	2
two_field	leak_gourraud	HG00421	EAS	B	HLA-B*13:02:01;HLA-B*46:01:01	1	1	2
two_field	leak_gourraud	HG00421	EAS	C	HLA-C*01:02:01;HLA-C*06:02:01	1	1	2
two_field	leak_gourraud	HG00421	EAS	DRB1	HLA-DRB1*09:01:02;HLA-DRB1*07:01:01	1	1	2
two_field	leak_gourraud	HG00421	EAS	DQB1	HLA-DQB1*03:03:02;HLA-DQB1*02:02:01	1	1	2
two_field	leak_gourraud	HG00422	EAS	A	HLA-A*11:01:01;HLA-A*11:01:01	1	1	2
two_field	leak_gourraud	HG00422	EAS	B	HLA-B*13:01:01;HLA-B*44:03:01	1	1	2
two_field	leak_gourraud	HG00422	EAS	C	HLA-C*03:04:01;HLA-C*04:01:01	1	1	2
two_field	leak_gourraud	HG00422	EAS	DRB1	HLA-DRB1*08:03:02;HLA-DRB1*04:07:01	1	1	2
two_field	leak_gourraud	HG00422	EAS	DQB1	HLA-DQB1*03:02:01;HLA-DQB1*06:01:01	1	1	2
two_field	test_B_gourraud	HG00428	EAS	A	HLA-A*30:01:01;HLA-A*24:02:01	1	1	2
two_field	test_B_gourraud	HG00428	EAS	B	HLA-B*13:02:01;HLA-B*46:01:01	1	1	2
two_field	test_B_gourraud	HG00428	EAS	C	HLA-C*01:02:01;HLA-C*06:02:01	1	1	2
two_field	test_B_gourraud	HG00428	EAS	DRB1	HLA-DRB1*11:01:01;HLA-DRB1*07:01:01	1	1	2
two_field	test_B_gourraud	HG00428	EAS	DQB1	HLA-DQB1*02:02:01;HLA-DQB1*03:01:01	1	1	2
two_field	leak_gourraud	HG00436	EAS	A	HLA-A*24:02:01;HLA-A*24:02:01	1	1	2
two_field	leak_gourraud	HG00436	EAS	B	HLA-B*48:01:01;HLA-B*54:01:01	1	1	2
two_field	leak_gourraud	HG00436	EAS	C	HLA-C*08:03:01;HLA-C*01:02:01	1	1	2
two_field	leak_gourraud	HG00436	EAS	DRB1	HLA-DRB1*09:01:02;HLA-DRB1*14:05:01	1	1	2
two_field	leak_gourraud	HG00436	EAS	DQB1	HLA-DQB1*05:03:01;HLA-DQB1*03:03:02	1	1	2
two_field	leak_gourraud	HG00437	EAS	A	HLA-A*02:06:01;HLA-A*02:07:01	1	1	2
two_field	leak_gourraud	HG00437	EAS	B	HLA-B*40:01:02;HLA-B*51:01:01	1	1	2
two_field	leak_gourraud	HG00437	EAS	C	HLA-C*14:02:01;HLA-C*07:02:01	1	1	2
two_field	leak_gourraud	HG00437	EAS	DRB1	HLA-DRB1*08:03:02;HLA-DRB1*04:05:01	1	1	2
two_field	leak_gourraud	HG00437	EAS	DQB1	HLA-DQB1*04:01:01;HLA-DQB1*06:01:01	1	1	2
two_field	test_B_gourraud	HG00442	EAS	A	HLA-A*11:01:01;HLA-A*11:01:01	1	1	2
two_field	test_B_gourraud	HG00442	EAS	B	HLA-B*40:01:02;HLA-B*40:02:01	1	1	2
two_field	test_B_gourraud	HG00442	EAS	C	HLA-C*07:02:01;HLA-C*07:02:01	1	1	2
two_field	test_B_gourraud	HG00442	EAS	DRB1	HLA-DRB1*14:54:01;HLA-DRB1*04:06:01	1	1	2
two_field	test_B_gourraud	HG00442	EAS	DQB1	HLA-DQB1*05:02:01;HLA-DQB1*03:02:01	1	1	2
two_field	test_B_gourraud	HG00443	EAS	A	HLA-A*11:02:01;HLA-A*02:07:01	1	1	2
two_field	test_B_gourraud	HG00443	EAS	B	HLA-B*13:01:01;HLA-B*54:01:01,HLA-B*54:48,HLA-B*54:53	1	0	1
two_field	test_B_gourraud	HG00443	EAS	C	HLA-C*15:02:01;HLA-C*03:04:01	1	1	2
two_field	test_B_gourraud	HG00443	EAS	DRB1	HLA-DRB1*15:01:01;HLA-DRB1*11:01:01	1	1	2
two_field	test_B_gourraud	HG00443	EAS	DQB1	HLA-DQB1*06:01:01;HLA-DQB1*03:01:01	1	1	2
two_field	test_B_gourraud	HG00445	EAS	A	HLA-A*24:02:01;HLA-A*24:02:01	1	1	2
two_field	test_B_gourraud	HG00445	EAS	B	HLA-B*67:01:01;HLA-B*07:02:01	1	1	2
two_field	test_B_gourraud	HG00445	EAS	C	HLA-C*07:02:01;HLA-C*07:02:01	1	1	2
two_field	test_B_gourraud	HG00445	EAS	DRB1	HLA-DRB1*01:01:01;HLA-DRB1*16:02:01	1	1	2
two_field	test_B_gourraud	HG00445	EAS	DQB1	HLA-DQB1*05:01:01;HLA-DQB1*05:02:01	1	1	2
two_field	test_B_gourraud	HG00446	EAS	A	HLA-A*11:01:01;HLA-A*11:01:01	1	1	2
two_field	test_B_gourraud	HG00446	EAS	B	HLA-B*13:01:01;HLA-B*40:01:02	1	1	2
two_field	test_B_gourraud	HG00446	EAS	C	HLA-C*03:04:01;HLA-C*03:04:01	1	1	2
two_field	test_B_gourraud	HG00446	EAS	DRB1	HLA-DRB1*16:02:01;HLA-DRB1*11:01:01	1	1	2
two_field	test_B_gourraud	HG00446	EAS	DQB1	HLA-DQB1*05:02:01;HLA-DQB1*03:01:01	1	1	2
two_field	test_B_gourraud	HG00448	EAS	A	HLA-A*11:01:01;HLA-A*02:07:01	1	1	2
two_field	test_B_gourraud	HG00448	EAS	B	HLA-B*46:01:01;HLA-B*56:01:01	1	1	2
two_field	test_B_gourraud	HG00448	EAS	C	HLA-C*01:02:01;HLA-C*01:02:01	1	1	2
two_field	test_B_gourraud	HG00448	EAS	DRB1	HLA-DRB1*13:12:01;HLA-DRB1*14:54:01	1	1	2
two_field	test_B_gourraud	HG00448	EAS	DQB1	HLA-DQB1*05:02:01;HLA-DQB1*03:01:01	1	1	2
two_field	test_B_gourraud	HG00449	EAS	A	HLA-A*02:07:01;HLA-A*11:01:01	1	1	2
two_field	test_B_gourraud	HG00449	EAS	B	HLA-B*46:01:01;HLA-B*39:01:01	1	1	2
two_field	test_B_gourraud	HG00449	EAS	C	HLA-C*01:02:01;HLA-C*07:02:01	1	1	2
two_field	test_B_gourraud	HG00449	EAS	DRB1	HLA-DRB1*14:54:01;HLA-DRB1*08:03:02	1	1	2
two_field	test_B_gourraud	HG00449	EAS	DQB1	HLA-DQB1*06:01:01;HLA-DQB1*05:02:01	1	1	2
two_field	test_B_gourraud	HG00451	EAS	A	HLA-A*11:01:01;HLA-A*11:01:01	1	1	2
two_field	test_B_gourraud	HG00451	EAS	B	HLA-B*40:01:02;HLA-B*15:01:01	1	1	2
two_field	test_B_gourraud	HG00451	EAS	C	HLA-C*03:04:01;HLA-C*03:03:01	1	1	2
two_field	test_B_gourraud	HG00451	EAS	DRB1	HLA-DRB1*11:01:01;HLA-DRB1*12:02:01	1	1	2
two_field	test_B_gourraud	HG00451	EAS	DQB1	HLA-DQB1*03:01:01;HLA-DQB1*03:01:01	1	1	2
two_field	test_B_gourraud	HG00452	EAS	A	HLA-A*11:01:01;HLA-A*11:01:01	1	1	2
two_field	test_B_gourraud	HG00452	EAS	B	HLA-B*40:01:02;HLA-B*55:02:01	1	1	2
two_field	test_B_gourraud	HG00452	EAS	C	HLA-C*03:04:01;HLA-C*12:03:01	1	1	2
two_field	test_B_gourraud	HG00452	EAS	DRB1	HLA-DRB1*01:01:01;HLA-DRB1*11:01:01	1	1	2
two_field	test_B_gourraud	HG00452	EAS	DQB1	HLA-DQB1*05:01:01;HLA-DQB1*03:01:01	1	1	2
two_field	test_B_gourraud	HG00457	EAS	A	HLA-A*02:07:01;HLA-A*11:01:01	1	1	2
two_field	test_B_gourraud	HG00457	EAS	B	HLA-B*39:01:01;HLA-B*46:01:01	1	1	2
two_field	test_B_gourraud	HG00457	EAS	C	HLA-C*01:02:01;HLA-C*07:02:01	1	1	2
two_field	test_B_gourraud	HG00457	EAS	DRB1	HLA-DRB1*09:01:02;HLA-DRB1*15:01:01	1	1	2
two_field	test_B_gourraud	HG00457	EAS	DQB1	HLA-DQB1*03:03:02;HLA-DQB1*06:01:01	1	1	2
two_field	test_B_gourraud	HG00458	EAS	A	HLA-A*11:01:01;HLA-A*02:07:01	1	1	2
two_field	test_B_gourraud	HG00458	EAS	B	HLA-B*46:01:01;HLA-B*15:01:01	1	1	2
two_field	test_B_gourraud	HG00458	EAS	C	HLA-C*01:02:01;HLA-C*04:01:01	1	1	2
two_field	test_B_gourraud	HG00458	EAS	DRB1	HLA-DRB1*09:01:02;HLA-DRB1*04:06:01	1	1	2
two_field	test_B_gourraud	HG00458	EAS	DQB1	HLA-DQB1*03:02:01;HLA-DQB1*03:03:02	1	1	2
two_field	test_B_gourraud	HG00463	EAS	A	HLA-A*11:01:01;HLA-A*02:07:01	1	1	2
two_field	test_B_gourraud	HG00463	EAS	B	HLA-B*15:02:01;HLA-B*46:01:01	1	1	2
two_field	test_B_gourraud	HG00463	EAS	C	HLA-C*08:01:01;HLA-C*01:02:01	1	1	2
two_field	test_B_gourraud	HG00463	EAS	DRB1	HLA-DRB1*09:01:02;HLA-DRB1*12:02:01	1	1	2
two_field	test_B_gourraud	HG00463	EAS	DQB1	HLA-DQB1*03:03:02;HLA-DQB1*03:01:01	1	1	2
two_field	test_B_gourraud	HG00464	EAS	A	HLA-A*11:01:01;HLA-A*02:06:01	1	1	2
two_field	test_B_gourraud	HG00464	EAS	B	HLA-B*15:01:01;HLA-B*40:01:02	1	1	2
two_field	test_B_gourraud	HG00464	EAS	C	HLA-C*07:02:01;HLA-C*04:01:01	1	1	2
two_field	test_B_gourraud	HG00464	EAS	DRB1	HLA-DRB1*08:03:02;HLA-DRB1*04:06:01	1	1	2
two_field	test_B_gourraud	HG00464	EAS	DQB1	HLA-DQB1*06:01:01;HLA-DQB1*03:02:01	1	1	2
two_field	test_B_gourraud	HG00472	EAS	A	HLA-A*24:08;HLA-A*01:01:01	1	1	2
two_field	test_B_gourraud	HG00472	EAS	B	HLA-B*15:01:01;HLA-B*57:01:01	1	1	2
two_field	test_B_gourraud	HG00472	EAS	C	HLA-C*03:03:01;HLA-C*06:02:01	1	1	2
two_field	test_B_gourraud	HG00472	EAS	DRB1	HLA-DRB1*04:07:01;HLA-DRB1*14:05:01	1	1	2
two_field	test_B_gourraud	HG00472	EAS	DQB1	HLA-DQB1*03:02:01;HLA-DQB1*05:03:01	1	1	2
two_field	test_B_gourraud	HG00473	EAS	A	HLA-A*02:07:01;HLA-A*33:03:01	1	1	2
two_field	test_B_gourraud	HG00473	EAS	B	HLA-B*46:01:01;HLA-B*58:01:01	1	1	2
two_field	test_B_gourraud	HG00473	EAS	C	HLA-C*03:02:02;HLA-C*01:02:01	1	1	2
two_field	test_B_gourraud	HG00473	EAS	DRB1	HLA-DRB1*09:01:02;HLA-DRB1*03:01:01	1	1	2
two_field	test_B_gourraud	HG00473	EAS	DQB1	HLA-DQB1*02:01:01;HLA-DQB1*03:03:02	1	1	2
two_field	test_B_gourraud	HG00475	EAS	A	HLA-A*11:01:01;HLA-A*33:03:01	1	1	2
two_field	test_B_gourraud	HG00475	EAS	B	HLA-B*13:01:01;HLA-B*58:01:01	1	1	2
two_field	test_B_gourraud	HG00475	EAS	C	HLA-C*03:04:01;HLA-C*03:02:02	1	1	2
two_field	test_B_gourraud	HG00475	EAS	DRB1	HLA-DRB1*15:01:01;HLA-DRB1*14:54:01	1	1	2
two_field	test_B_gourraud	HG00475	EAS	DQB1	HLA-DQB1*06:01:01;HLA-DQB1*05:03:01	1	1	2
two_field	test_B_gourraud	HG00476	EAS	A	HLA-A*24:02:01;HLA-A*11:01:01	1	1	2
two_field	test_B_gourraud	HG00476	EAS	B	HLA-B*40:01:02;HLA-B*40:01:02	1	1	2
two_field	test_B_gourraud	HG00476	EAS	C	HLA-C*04:82:01;HLA-C*03:04:01	1	0	1
two_field	test_B_gourraud	HG00476	EAS	DRB1	HLA-DRB1*09:01:02;HLA-DRB1*13:12:01	1	1	2
two_field	test_B_gourraud	HG00476	EAS	DQB1	HLA-DQB1*03:03:02;HLA-DQB1*03:01:01	1	1	2
two_field	test_B_gourraud	HG00478	EAS	A	HLA-A*11:01:01;HLA-A*24:02:01	1	1	2
two_field	test_B_gourraud	HG00478	EAS	B	HLA-B*40:01:02;HLA-B*40:01:02	1	1	2
two_field	test_B_gourraud	HG00478	EAS	C	HLA-C*07:02:01;HLA-C*07:02:01	1	1	2
two_field	test_B_gourraud	HG00478	EAS	DRB1	HLA-DRB1*16:02:01;HLA-DRB1*09:01:02	1	1	2
two_field	test_B_gourraud	HG00478	EAS	DQB1	HLA-DQB1*03:03:02;HLA-DQB1*05:02:01	1	1	2
two_field	test_B_gourraud	HG00479	EAS	A	HLA-A*02:07:01;HLA-A*24:02:01	1	1	2
two_field	test_B_gourraud	HG00479	EAS	B	HLA-B*55:02:01;HLA-B*46:01:01,HLA-B*46:99	1	0	1
two_field	test_B_gourraud	HG00479	EAS	C	HLA-C*01:02:01;HLA-C*01:02:01	1	1	2
two_field	test_B_gourraud	HG00479	EAS	DRB1	HLA-DRB1*09:01:02;HLA-DRB1*15:01:01	1	1	2
two_field	test_B_gourraud	HG00479	EAS	DQB1	HLA-DQB1*03:03:02;HLA-DQB1*06:02:01	1	1	2
two_field	test_B_gourraud	HG00500	EAS	A	HLA-A*11:01:01;HLA-A*11:01:01	1	1	2
two_field	test_B_gourraud	HG00500	EAS	B	HLA-B*40:01:02;HLA-B*46:01:01	1	1	2
two_field	test_B_gourraud	HG00500	EAS	C	HLA-C*01:02:01;HLA-C*07:02:01	1	1	2
two_field	test_B_gourraud	HG00500	EAS	DRB1	HLA-DRB1*09:01:02;HLA-DRB1*11:01:01	1	1	2
two_field	test_B_gourraud	HG00500	EAS	DQB1	HLA-DQB1*03:03:02;HLA-DQB1*03:01:01	1	1	2
two_field	test_B_gourraud	HG00513	EAS	A	HLA-A*02:01:01;HLA-A*02:03:01	1	1	2
two_field	test_B_gourraud	HG00513	EAS	B	HLA-B*55:02:01;HLA-B*40:01:02	1	1	2
two_field	test_B_gourraud	HG00513	EAS	C	HLA-C*03:04:01;HLA-C*04:03:01	1	1	2
two_field	test_B_gourraud	HG00513	EAS	DRB1	HLA-DRB1*08:03:02;HLA-DRB1*14:05:01	1	1	2
two_field	test_B_gourraud	HG00513	EAS	DQB1	HLA-DQB1*05:03:01;HLA-DQB1*06:01:01	1	1	2
two_field	test_B_gourraud	HG00524	EAS	A	HLA-A*02:07:01;HLA-A*02:06:01	1	1	2
two_field	test_B_gourraud	HG00524	EAS	B	HLA-B*40:06:01;HLA-B*46:01:01	1	1	2
two_field	test_B_gourraud	HG00524	EAS	C	HLA-C*08:01:01;HLA-C*01:02:01	1	1	2
two_field	test_B_gourraud	HG00524	EAS	DRB1	HLA-DRB1*08:03:02;HLA-DRB1*09:01:02	1	1	2
two_field	test_B_gourraud	HG00524	EAS	DQB1	HLA-DQB1*06:01:01;HLA-DQB1*03:03:02	1	1	2
two_field	test_B_gourraud	HG00525	EAS	A	HLA-A*03:01:01;HLA-A*11:01:01	1	1	2
two_field	test_B_gourraud	HG00525	EAS	B	HLA-B*07:02:01;HLA-B*35:01:01,HLA-B*35:370,HLA-B*35:615	1	0	1
two_field	test_B_gourraud	HG00525	EAS	C	HLA-C*07:02:01;HLA-C*03:03:01	1	1	2
two_field	test_B_gourraud	HG00525	EAS	DRB1	HLA-DRB1*07:01:01;HLA-DRB1*08:03:02	1	1	2
two_field	test_B_gourraud	HG00525	EAS	DQB1	HLA-DQB1*06:01:01;HLA-DQB1*03:03:02	1	1	2
two_field	test_B_gourraud	HG00530	EAS	A	HLA-A*11:01:01;HLA-A*11:01:01	1	1	2
two_field	test_B_gourraud	HG00530	EAS	B	HLA-B*39:01:01;HLA-B*39:01:01	1	1	2
two_field	test_B_gourraud	HG00530	EAS	C	HLA-C*07:02:01;HLA-C*07:02:01	1	1	2
two_field	test_B_gourraud	HG00530	EAS	DRB1	HLA-DRB1*08:03:02;HLA-DRB1*08:03:02	1	1	2
two_field	test_B_gourraud	HG00530	EAS	DQB1	HLA-DQB1*06:01:01;HLA-DQB1*06:01:01	1	1	2
two_field	test_B_gourraud	HG00531	EAS	A	HLA-A*24:02:01;HLA-A*02:07:01	1	1	2
two_field	test_B_gourraud	HG00531	EAS	B	HLA-B*46:01:01;HLA-B*35:01:01,HLA-B*35:370,HLA-B*35:615	1	0	1
two_field	test_B_gourraud	HG00531	EAS	C	HLA-C*03:03:01;HLA-C*01:03:01	1	1	2
two_field	test_B_gourraud	HG00531	EAS	DRB1	HLA-DRB1*15:01:01;HLA-DRB1*12:02:01	1	1	2
two_field	test_B_gourraud	HG00531	EAS	DQB1	HLA-DQB1*03:01:01;HLA-DQB1*06:02:01	1	1	2
two_field	test_B_gourraud	HG00533	EAS	A	HLA-A*02:07:01;HLA-A*31:01:02	1	1	2
two_field	test_B_gourraud	HG00533	EAS	B	HLA-B*48:01:01;HLA-B*39:01:01	1	1	2
two_field	test_B_gourraud	HG00533	EAS	C	HLA-C*07:02:01;HLA-C*08:03:01	1	1	2
two_field	test_B_gourraud	HG00533	EAS	DRB1	HLA-DRB1*08:03:02;HLA-DRB1*15:01:01	1	1	2
two_field	test_B_gourraud	HG00533	EAS	DQB1	HLA-DQB1*06:02:01;HLA-DQB1*06:01:01	1	1	2
two_field	test_B_gourraud	HG00534	EAS	A	HLA-A*11:01:01;HLA-A*02:07:01	1	1	2
two_field	test_B_gourraud	HG00534	EAS	B	HLA-B*57:01:01;HLA-B*46:01:01	1	1	2
two_field	test_B_gourraud	HG00534	EAS	C	HLA-C*01:02:01;HLA-C*06:02:01	1	1	2
two_field	test_B_gourraud	HG00534	EAS	DRB1	HLA-DRB1*09:01:02;HLA-DRB1*07:01:01	1	1	2
two_field	test_B_gourraud	HG00534	EAS	DQB1	HLA-DQB1*03:03:02;HLA-DQB1*03:03:02	1	1	2
two_field	test_B_gourraud	HG00536	EAS	A	HLA-A*33:03:01;HLA-A*02:07:01	1	1	2
two_field	test_B_gourraud	HG00536	EAS	B	HLA-B*15:02:01;HLA-B*46:01:01	1	1	2
two_field	test_B_gourraud	HG00536	EAS	C	HLA-C*01:02:01;HLA-C*08:01:01	1	1	2
two_field	test_B_gourraud	HG00536	EAS	DRB1	HLA-DRB1*09:01:02;HLA-DRB1*12:02:01	1	1	2
two_field	test_B_gourraud	HG00536	EAS	DQB1	HLA-DQB1*03:03:02;HLA-DQB1*03:01:01	1	1	2
two_field	test_B_gourraud	HG00537	EAS	A	HLA-A*11:02:01;HLA-A*02:01:01	1	1	2
two_field	test_B_gourraud	HG00537	EAS	B	HLA-B*46:01:01;HLA-B*46:01:01	1	1	2
two_field	test_B_gourraud	HG00537	EAS	C	HLA-C*01:02:01;HLA-C*01:02:01	1	1	2
two_field	test_B_gourraud	HG00537	EAS	DRB1	HLA-DRB1*09:01:02;HLA-DRB1*04:05:01	1	1	2
two_field	test_B_gourraud	HG00537	EAS	DQB1	HLA-DQB1*03:03:02;HLA-DQB1*04:01:01	1	1	2
two_field	leak_gourraud	HG00542	EAS	A	HLA-A*11:01:01;HLA-A*33:03:01	1	1	2
two_field	leak_gourraud	HG00542	EAS	B	HLA-B*46:01:01;HLA-B*58:01:01	1	1	2
two_field	leak_gourraud	HG00542	EAS	C	HLA-C*03:02:02;HLA-C*01:02:01	1	1	2
two_field	leak_gourraud	HG00542	EAS	DRB1	HLA-DRB1*13:02:01;HLA-DRB1*09:01:02	1	1	2
two_field	leak_gourraud	HG00542	EAS	DQB1	HLA-DQB1*03:03:02;HLA-DQB1*06:09:01	1	1	2
two_field	leak_gourraud	HG00543	EAS	A	HLA-A*02:07:01;HLA-A*26:01:01	1	1	2
two_field	leak_gourraud	HG00543	EAS	B	HLA-B*46:01:01;HLA-B*35:01:01	1	1	2
two_field	leak_gourraud	HG00543	EAS	C	HLA-C*03:03:01;HLA-C*01:02:01	1	1	2
two_field	leak_gourraud	HG00543	EAS	DRB1	HLA-DRB1*09:01:02;HLA-DRB1*15:01:01	1	1	2
two_field	leak_gourraud	HG00543	EAS	DQB1	HLA-DQB1*03:03:02;HLA-DQB1*06:02:01	1	1	2
two_field	test_B_gourraud	HG00551	AMR	A	HLA-A*29:02:01;HLA-A*02:05:01	1	1	2
two_field	test_B_gourraud	HG00551	AMR	B	HLA-B*50:01:01;HLA-B*44:03:01	1	1	2
two_field	test_B_gourraud	HG00551	AMR	C	HLA-C*16:01:01;HLA-C*06:02:01	1	1	2
two_field	test_B_gourraud	HG00551	AMR	DRB1	HLA-DRB1*16:01:01;HLA-DRB1*13:02:01	1	1	2
two_field	test_B_gourraud	HG00551	AMR	DQB1	HLA-DQB1*05:02:01;HLA-DQB1*06:04:01	1	1	2
two_field	test_B_gourraud	HG00553	AMR	A	HLA-A*30:04:01;HLA-A*02:01:01	1	1	2
two_field	test_B_gourraud	HG00553	AMR	B	HLA-B*44:03:02;HLA-B*58:01:01,HLA-B*58:117	1	0	1
two_field	test_B_gourraud	HG00553	AMR	C	HLA-C*07:18:01;HLA-C*07:06:01	1	1	2
two_field	test_B_gourraud	HG00553	AMR	DRB1	HLA-DRB1*07:01:01;HLA-DRB1*01:02:01	1	1	2
two_field	test_B_gourraud	HG00553	AMR	DQB1	HLA-DQB1*05:01:01;HLA-DQB1*02:02:01	1	1	2
two_field	test_B_gourraud	HG00554	AMR	A	HLA-A*30:02:01;HLA-A*02:01:01	1	1	2
two_field	test_B_gourraud	HG00554	AMR	B	HLA-B*39:01:01;HLA-B*35:01:01,HLA-B*35:370,HLA-B*35:615	1	0	1
two_field	test_B_gourraud	HG00554	AMR	C	HLA-C*04:01:01;HLA-C*12:03:01	1	1	2
two_field	test_B_gourraud	HG00554	AMR	DRB1	HLA-DRB1*13:02:01;HLA-DRB1*13:01:01	1	1	2
two_field	test_B_gourraud	HG00554	AMR	DQB1	HLA-DQB1*06:09:01;HLA-DQB1*06:03:01	1	1	2
two_field	leak_gourraud	HG00556	EAS	A	HLA-A*02:03:01;HLA-A*02:01:01	1	1	2
two_field	leak_gourraud	HG00556	EAS	B	HLA-B*40:01:02;HLA-B*40:01:02	1	1	2
two_field	leak_gourraud	HG00556	EAS	C	HLA-C*07:02:01;HLA-C*03:04:01	1	1	2
two_field	leak_gourraud	HG00556	EAS	DRB1	HLA-DRB1*09:01:02;HLA-DRB1*12:02:01	1	1	2
two_field	leak_gourraud	HG00556	EAS	DQB1	HLA-DQB1*03:03:02;HLA-DQB1*03:01:01	1	1	2
two_field	leak_gourraud	HG00557	EAS	A	HLA-A*01:01:01;HLA-A*02:07:01	1	1	2
two_field	leak_gourraud	HG00557	EAS	B	HLA-B*37:01:01;HLA-B*48:01:01	1	1	2
two_field	leak_gourraud	HG00557	EAS	C	HLA-C*12:02:02;HLA-C*06:02:01	1	1	2
two_field	leak_gourraud	HG00557	EAS	DRB1	HLA-DRB1*10:01:01;HLA-DRB1*14:05:01	1	1	2
two_field	leak_gourraud	HG00557	EAS	DQB1	HLA-DQB1*05:03:01;HLA-DQB1*05:01:01	1	1	2
two_field	test_B_gourraud	HG00559	EAS	A	HLA-A*33:03:01;HLA-A*24:02:01	1	1	2
two_field	test_B_gourraud	HG00559	EAS	B	HLA-B*58:01:01;HLA-B*55:02:01	1	1	2
two_field	test_B_gourraud	HG00559	EAS	C	HLA-C*03:02:02;HLA-C*01:02:01	1	1	2
two_field	test_B_gourraud	HG00559	EAS	DRB1	HLA-DRB1*03:01:01;HLA-DRB1*09:01:02	1	1	2
two_field	test_B_gourraud	HG00559	EAS	DQB1	HLA-DQB1*03:03:02;HLA-DQB1*02:01:01	1	1	2
two_field	test_B_gourraud	HG00560	EAS	A	HLA-A*24:02:01;HLA-A*02:03:01	1	1	2
two_field	test_B_gourraud	HG00560	EAS	B	HLA-B*39:01:01;HLA-B*15:02:01	1	1	2
two_field	test_B_gourraud	HG00560	EAS	C	HLA-C*08:01:01;HLA-C*07:02:01	1	1	2
two_field	test_B_gourraud	HG00560	EAS	DRB1	HLA-DRB1*08:03:02;HLA-DRB1*15:01:01	1	1	2
two_field	test_B_gourraud	HG00560	EAS	DQB1	HLA-DQB1*06:01:01;HLA-DQB1*06:02:01	1	1	2
two_field	test_B_gourraud	HG00565	EAS	A	HLA-A*33:03:01;HLA-A*02:03:01	1	1	2
two_field	test_B_gourraud	HG00565	EAS	B	HLA-B*40:01:02;HLA-B*40:01:02	1	1	2
two_field	test_B_gourraud	HG00565	EAS	C	HLA-C*03:04:01;HLA-C*07:02:01	1	1	2
two_field	test_B_gourraud	HG00565	EAS	DRB1	HLA-DRB1*16:02:01;HLA-DRB1*16:02:01	1	1	2
two_field	test_B_gourraud	HG00565	EAS	DQB1	HLA-DQB1*05:02:01;HLA-DQB1*05:02:01	1	1	2
two_field	test_B_gourraud	HG00566	EAS	A	HLA-A*02:07:01;HLA-A*24:02:01	1	1	2
two_field	test_B_gourraud	HG00566	EAS	B	HLA-B*46:01:01;HLA-B*58:01:01,HLA-B*58:117	1	0	1
two_field	test_B_gourraud	HG00566	EAS	C	HLA-C*03:02:02;HLA-C*01:02:01	1	1	2
two_field	test_B_gourraud	HG00566	EAS	DRB1	HLA-DRB1*09:01:02;HLA-DRB1*03:01:01	1	1	2
two_field	test_B_gourraud	HG00566	EAS	DQB1	HLA-DQB1*03:03:02;HLA-DQB1*02:01:01	1	1	2
two_field	test_B_gourraud	HG00580	EAS	A	HLA-A*03:01:01;HLA-A*30:01:01	1	1	2
two_field	test_B_gourraud	HG00580	EAS	B	HLA-B*13:02:01;HLA-B*51:01:01	1	1	2
two_field	test_B_gourraud	HG00580	EAS	C	HLA-C*06:02:01;HLA-C*04:01:01	1	1	2
two_field	test_B_gourraud	HG00580	EAS	DRB1	HLA-DRB1*07:01:01;HLA-DRB1*08:03:02	1	1	2
two_field	test_B_gourraud	HG00580	EAS	DQB1	HLA-DQB1*06:01:01;HLA-DQB1*02:02:01	1	1	2
two_field	test_B_gourraud	HG00581	EAS	A	HLA-A*33:03:01;HLA-A*02:01:01	1	1	2
two_field	test_B_gourraud	HG00581	EAS	B	HLA-B*40:01:02;HLA-B*15:11:01	1	1	2
two_field	test_B_gourraud	HG00581	EAS	C	HLA-C*07:02:01;HLA-C*03:03:01	1	1	2
two_field	test_B_gourraud	HG00581	EAS	DRB1	HLA-DRB1*15:01:01;HLA-DRB1*12:01:01	1	1	2
two_field	test_B_gourraud	HG00581	EAS	DQB1	HLA-DQB1*06:02:01;HLA-DQB1*03:01:01	1	1	2
two_field	test_B_gourraud	HG00583	EAS	A	HLA-A*03:01:01;HLA-A*24:02:01	1	1	2
two_field	test_B_gourraud	HG00583	EAS	B	HLA-B*55:02:01;HLA-B*40:01:02	1	1	2
two_field	test_B_gourraud	HG00583	EAS	C	HLA-C*01:02:01;HLA-C*03:04:01	1	1	2
two_field	test_B_gourraud	HG00583	EAS	DRB1	HLA-DRB1*11:01:01;HLA-DRB1*04:05:01	1	1	2
two_field	test_B_gourraud	HG00583	EAS	DQB1	HLA-DQB1*03:02:01;HLA-DQB1*03:01:01	1	1	2
two_field	test_B_gourraud	HG00584	EAS	A	HLA-A*24:02:01;HLA-A*11:02:01	1	1	2
two_field	test_B_gourraud	HG00584	EAS	B	HLA-B*40:01:02;HLA-B*40:01:02	1	1	2
two_field	test_B_gourraud	HG00584	EAS	C	HLA-C*03:04:01;HLA-C*07:02:01	1	1	2
two_field	test_B_gourraud	HG00584	EAS	DRB1	HLA-DRB1*11:01:01;HLA-DRB1*15:01:01	1	1	2
two_field	test_B_gourraud	HG00584	EAS	DQB1	HLA-DQB1*06:02:01;HLA-DQB1*03:01:01	1	1	2
two_field	test_B_gourraud	HG00589	EAS	A	HLA-A*02:01:01;HLA-A*02:01:01	1	1	2
two_field	test_B_gourraud	HG00589	EAS	B	HLA-B*13:01:01;HLA-B*51:01:01	1	1	2
two_field	test_B_gourraud	HG00589	EAS	C	HLA-C*14:02:01;HLA-C*03:04:01	1	1	2
two_field	test_B_gourraud	HG00589	EAS	DRB1	HLA-DRB1*11:01:01;HLA-DRB1*15:01:01	1	1	2
two_field	test_B_gourraud	HG00589	EAS	DQB1	HLA-DQB1*06:01:01;HLA-DQB1*03:01:01	1	1	2
two_field	test_B_gourraud	HG00590	EAS	A	HLA-A*11:01:01;HLA-A*02:06:01	1	1	2
two_field	test_B_gourraud	HG00590	EAS	B	HLA-B*15:25:01;HLA-B*35:01:01	1	1	2
two_field	test_B_gourraud	HG00590	EAS	C	HLA-C*03:03:01;HLA-C*04:03:01	1	1	2
two_field	test_B_gourraud	HG00590	EAS	DRB1	HLA-DRB1*11:01:01;HLA-DRB1*15:01:01	1	1	2
two_field	test_B_gourraud	HG00590	EAS	DQB1	HLA-DQB1*05:02:01;HLA-DQB1*03:01:01	1	1	2
two_field	test_B_gourraud	HG00592	EAS	A	HLA-A*26:01:01;HLA-A*02:06:01	1	1	2
two_field	test_B_gourraud	HG00592	EAS	B	HLA-B*08:01:01;HLA-B*51:01:01	1	1	2
two_field	test_B_gourraud	HG00592	EAS	C	HLA-C*07:02:01;HLA-C*14:02:01	1	1	2
two_field	test_B_gourraud	HG00592	EAS	DRB1	HLA-DRB1*03:01:01;HLA-DRB1*07:01:01	1	1	2
two_field	test_B_gourraud	HG00592	EAS	DQB1	HLA-DQB1*02:02:01;HLA-DQB1*02:01:01	1	1	2
two_field	test_B_gourraud	HG00593	EAS	A	HLA-A*24:02:01;HLA-A*24:02:01	1	1	2
two_field	test_B_gourraud	HG00593	EAS	B	HLA-B*27:04:01;HLA-B*35:01:01	1	1	2
two_field	test_B_gourraud	HG00593	EAS	C	HLA-C*03:03:01;HLA-C*12:02:02	1	1	2
two_field	test_B_gourraud	HG00593	EAS	DRB1	HLA-DRB1*15:01:01;HLA-DRB1*04:03:01	1	1	2
two_field	test_B_gourraud	HG00593	EAS	DQB1	HLA-DQB1*03:02:01;HLA-DQB1*06:02:01	1	1	2
two_field	leak_gourraud	HG00595	EAS	A	HLA-A*11:01:01;HLA-A*02:01:01	1	1	2
two_field	leak_gourraud	HG00595	EAS	B	HLA-B*15:02:01;HLA-B*40:01:02	1	1	2
two_field	leak_gourraud	HG00595	EAS	C	HLA-C*08:01:01;HLA-C*07:02:01	1	1	2
two_field	leak_gourraud	HG00595	EAS	DRB1	HLA-DRB1*09:01:02;HLA-DRB1*12:02:01	1	1	2
two_field	leak_gourraud	HG00595	EAS	DQB1	HLA-DQB1*03:03:02;HLA-DQB1*03:01:01	1	1	2
two_field	leak_gourraud	HG00596	EAS	A	HLA-A*24:02:01;HLA-A*11:01:01	1	1	2
two_field	leak_gourraud	HG00596	EAS	B	HLA-B*40:01:02;HLA-B*15:01:01	1	1	2
two_field	leak_gourraud	HG00596	EAS	C	HLA-C*04:01:01;HLA-C*03:04:01	1	1	2
two_field	leak_gourraud	HG00596	EAS	DRB1	HLA-DRB1*11:01:01;HLA-DRB1*09:01:02	1	1	2
two_field	leak_gourraud	HG00596	EAS	DQB1	HLA-DQB1*03:03:02;HLA-DQB1*03:01:01	1	1	2
two_field	leak_gourraud	HG00607	EAS	A	HLA-A*33:03:01;HLA-A*26:01:01	1	1	2
two_field	leak_gourraud	HG00607	EAS	B	HLA-B*40:01:02;HLA-B*58:01:35	1	1	2
two_field	leak_gourraud	HG00607	EAS	C	HLA-C*03:02:02;HLA-C*03:04:01	1	1	2
two_field	leak_gourraud	HG00607	EAS	DRB1	HLA-DRB1*15:01:01;HLA-DRB1*08:03:02	1	1	2
two_field	leak_gourraud	HG00607	EAS	DQB1	HLA-DQB1*06:01:01;HLA-DQB1*06:02:01	1	1	2
two_field	leak_gourraud	HG00608	EAS	A	HLA-A*11:02:01;HLA-A*24:02:01	1	1	2
two_field	leak_gourraud	HG00608	EAS	B	HLA-B*40:02:01;HLA-B*40:01:02	1	1	2
two_field	leak_gourraud	HG00608	EAS	C	HLA-C*15:02:01;HLA-C*07:02:01	1	1	2
two_field	leak_gourraud	HG00608	EAS	DRB1	HLA-DRB1*09:01:02;HLA-DRB1*12:02:01	1	1	2
two_field	leak_gourraud	HG00608	EAS	DQB1	HLA-DQB1*03:03:02;HLA-DQB1*03:01:01	1	1	2
two_field	test_B_gourraud	HG00610	EAS	A	HLA-A*02:06:01;HLA-A*02:10	1	1	2
two_field	test_B_gourraud	HG00610	EAS	B	HLA-B*51:01:01;HLA-B*40:06:01	1	1	2
two_field	test_B_gourraud	HG00610	EAS	C	HLA-C*14:02:01;HLA-C*08:01:01	1	1	2
two_field	test_B_gourraud	HG00610	EAS	DRB1	HLA-DRB1*12:01:01;HLA-DRB1*12:01:01	1	1	2
two_field	test_B_gourraud	HG00610	EAS	DQB1	HLA-DQB1*03:01:01;HLA-DQB1*03:01:01	1	1	2
two_field	test_B_gourraud	HG00611	EAS	A	HLA-A*02:07:01;HLA-A*02:07:01	1	1	2
two_field	test_B_gourraud	HG00611	EAS	B	HLA-B*46:01:01;HLA-B*46:01:01	1	1	2
two_field	test_B_gourraud	HG00611	EAS	C	HLA-C*01:02:01;HLA-C*01:02:01	1	1	2
two_field	test_B_gourraud	HG00611	EAS	DRB1	HLA-DRB1*11:01:01;HLA-DRB1*04:05:01	1	1	2
two_field	test_B_gourraud	HG00611	EAS	DQB1	HLA-DQB1*04:01:01;HLA-DQB1*03:01:01	1	1	2
two_field	test_B_gourraud	HG00613	EAS	A	HLA-A*24:02:01;HLA-A*02:03:01	1	1	2
two_field	test_B_gourraud	HG00613	EAS	B	HLA-B*40:01:02;HLA-B*46:01:01	1	1	2
two_field	test_B_gourraud	HG00613	EAS	C	HLA-C*03:04:01;HLA-C*01:02:01	1	1	2
two_field	test_B_gourraud	HG00613	EAS	DRB1	HLA-DRB1*09:01:02;HLA-DRB1*09:01:02	1	1	2
two_field	test_B_gourraud	HG00613	EAS	DQB1	HLA-DQB1*03:03:02;HLA-DQB1*03:03:02	1	1	2
two_field	test_B_gourraud	HG00614	EAS	A	HLA-A*11:01:01;HLA-A*02:01:01	1	1	2
two_field	test_B_gourraud	HG00614	EAS	B	HLA-B*55:02:01;HLA-B*13:01:01	1	1	2
two_field	test_B_gourraud	HG00614	EAS	C	HLA-C*03:04:01;HLA-C*01:02:01	1	1	2
two_field	test_B_gourraud	HG00614	EAS	DRB1	HLA-DRB1*04:05:01;HLA-DRB1*12:02:01	1	1	2
two_field	test_B_gourraud	HG00614	EAS	DQB1	HLA-DQB1*04:01:01;HLA-DQB1*03:01:01	1	1	2
two_field	leak_gourraud	HG00619	EAS	A	HLA-A*02:03:01;HLA-A*02:01:01	1	1	2
two_field	leak_gourraud	HG00619	EAS	B	HLA-B*40:01:02;HLA-B*56:01:01	1	1	2
two_field	leak_gourraud	HG00619	EAS	C	HLA-C*07:02:01;HLA-C*03:04:01	1	1	2
two_field	leak_gourraud	HG00619	EAS	DRB1	HLA-DRB1*09:01:02;HLA-DRB1*14:54:01	1	1	2
two_field	leak_gourraud	HG00619	EAS	DQB1	HLA-DQB1*03:03:02;HLA-DQB1*05:03:01	1	1	2
two_field	leak_gourraud	HG00620	EAS	A	HLA-A*24:02:01;HLA-A*11:01:01	1	1	2
two_field	leak_gourraud	HG00620	EAS	B	HLA-B*15:02:01;HLA-B*51:01:01	1	1	2
two_field	leak_gourraud	HG00620	EAS	C	HLA-C*08:01:01;HLA-C*15:02:01	1	1	2
two_field	leak_gourraud	HG00620	EAS	DRB1	HLA-DRB1*12:02:01;HLA-DRB1*11:01:01	1	1	2
two_field	leak_gourraud	HG00620	EAS	DQB1	HLA-DQB1*03:01:01;HLA-DQB1*03:01:01	1	1	2
two_field	test_B_gourraud	HG00625	EAS	A	HLA-A*11:02:01;HLA-A*11:02:01	1	1	2
two_field	test_B_gourraud	HG00625	EAS	B	HLA-B*35:01:01;HLA-B*15:01:01	1	1	2
two_field	test_B_gourraud	HG00625	EAS	C	HLA-C*04:01:01;HLA-C*15:02:01	1	1	2
two_field	test_B_gourraud	HG00625	EAS	DRB1	HLA-DRB1*15:01:01;HLA-DRB1*04:06:01	1	1	2
two_field	test_B_gourraud	HG00625	EAS	DQB1	HLA-DQB1*03:02:01;HLA-DQB1*06:02:01	1	1	2
two_field	test_B_gourraud	HG00626	EAS	A	HLA-A*11:01:01;HLA-A*02:01:01	1	1	2
two_field	test_B_gourraud	HG00626	EAS	B	HLA-B*15:27:01;HLA-B*40:01:02	1	1	2
two_field	test_B_gourraud	HG00626	EAS	C	HLA-C*07:02:01;HLA-C*04:01:01	1	1	2
two_field	test_B_gourraud	HG00626	EAS	DRB1	HLA-DRB1*15:01:01;HLA-DRB1*04:06:01	1	1	2
two_field	test_B_gourraud	HG00626	EAS	DQB1	HLA-DQB1*06:02:01;HLA-DQB1*03:02:01	1	1	2
two_field	test_B_gourraud	HG00628	EAS	A	HLA-A*24:02:01;HLA-A*02:01:01	1	1	2
two_field	test_B_gourraud	HG00628	EAS	B	HLA-B*38:02:01;HLA-B*13:01:01	1	1	2
two_field	test_B_gourraud	HG00628	EAS	C	HLA-C*03:04:01;HLA-C*07:02:01	1	1	2
two_field	test_B_gourraud	HG00628	EAS	DRB1	HLA-DRB1*07:01:01;HLA-DRB1*15:01:01	1	1	2
two_field	test_B_gourraud	HG00628	EAS	DQB1	HLA-DQB1*06:01:01;HLA-DQB1*02:02:01	1	1	2
two_field	test_B_gourraud	HG00629	EAS	A	HLA-A*11:01:01;HLA-A*11:01:01	1	1	2
two_field	test_B_gourraud	HG00629	EAS	B	HLA-B*40:02:01;HLA-B*35:01:01	1	1	2
two_field	test_B_gourraud	HG00629	EAS	C	HLA-C*03:03:01;HLA-C*07:02:01	1	1	2
two_field	test_B_gourraud	HG00629	EAS	DRB1	HLA-DRB1*08:03:02;HLA-DRB1*12:02:01	1	1	2
two_field	test_B_gourraud	HG00629	EAS	DQB1	HLA-DQB1*06:01:01;HLA-DQB1*03:01:01	1	1	2
two_field	test_B_gourraud	HG00634	EAS	A	HLA-A*11:01:01;HLA-A*24:02:01	1	1	2
two_field	test_B_gourraud	HG00634	EAS	B	HLA-B*39:01:01;HLA-B*39:01:01	1	1	2
two_field	test_B_gourraud	HG00634	EAS	C	HLA-C*07:02:01;HLA-C*07:02:01	1	1	2
two_field	test_B_gourraud	HG00634	EAS	DRB1	HLA-DRB1*09:01:02;HLA-DRB1*08:03:02	1	1	2
two_field	test_B_gourraud	HG00634	EAS	DQB1	HLA-DQB1*03:03:02;HLA-DQB1*06:01:01	1	1	2
two_field	leak_gourraud	HG00637	AMR	A	HLA-A*02:01:01;HLA-A*02:01:01	1	1	2
two_field	leak_gourraud	HG00637	AMR	B	HLA-B*45:01:01;HLA-B*44:02:01	1	1	2
two_field	leak_gourraud	HG00637	AMR	C	HLA-C*05:01:01;HLA-C*16:01:01	1	1	2
two_field	leak_gourraud	HG00637	AMR	DRB1	HLA-DRB1*12:01:01;HLA-DRB1*04:03:01	1	1	2
two_field	leak_gourraud	HG00637	AMR	DQB1	HLA-DQB1*03:02:01;HLA-DQB1*03:01:01	1	1	2
two_field	leak_gourraud	HG00638	AMR	A	HLA-A*32:01:01;HLA-A*03:01:01	1	1	2
two_field	leak_gourraud	HG00638	AMR	B	HLA-B*35:01:01;HLA-B*51:01:01	1	1	2
two_field	leak_gourraud	HG00638	AMR	C	HLA-C*04:01:01;HLA-C*04:01:01	1	1	2
two_field	leak_gourraud	HG00638	AMR	DRB1	HLA-DRB1*11:01:01;HLA-DRB1*04:03:01	1	1	2
two_field	leak_gourraud	HG00638	AMR	DQB1	HLA-DQB1*03:01:01;HLA-DQB1*03:04:01	1	1	2
two_field	leak_gourraud	HG00640	AMR	A	HLA-A*03:01:01;HLA-A*30:02:01	1	1	2
two_field	leak_gourraud	HG00640	AMR	B	HLA-B*07:05:01;HLA-B*18:01:01	1	1	2
two_field	leak_gourraud	HG00640	AMR	C	HLA-C*05:01:01;HLA-C*15:05:02	1	1	2
two_field	leak_gourraud	HG00640	AMR	DRB1	HLA-DRB1*03:01:01;HLA-DRB1*04:14	1	0	1
two_field	leak_gourraud	HG00640	AMR	DQB1	HLA-DQB1*03:02:01;HLA-DQB1*02:01:01	1	1	2
two_field	leak_gourraud	HG00641	AMR	A	HLA-A*23:17:01;HLA-A*02:01:01	1	1	2
two_field	leak_gourraud	HG00641	AMR	B	HLA-B*15:03:01;HLA-B*07:02:01,HLA-B*07:529	1	0	1
two_field	leak_gourraud	HG00641	AMR	C	HLA-C*02:10:01;HLA-C*07:02:01	1	1	2
two_field	leak_gourraud	HG00641	AMR	DRB1	HLA-DRB1*15:01:01;HLA-DRB1*11:01:02	1	1	2
two_field	leak_gourraud	HG00641	AMR	DQB1	HLA-DQB1*06:03:01;HLA-DQB1*06:02:01	1	1	2
two_field	test_B_gourraud	HG00650	EAS	A	HLA-A*11:01:01;HLA-A*02:03:01	1	1	2
two_field	test_B_gourraud	HG00650	EAS	B	HLA-B*58:01:01;HLA-B*46:01:01	1	1	2
two_field	test_B_gourraud	HG00650	EAS	C	HLA-C*03:02:02;HLA-C*01:02:01	1	1	2
two_field	test_B_gourraud	HG00650	EAS	DRB1	HLA-DRB1*12:02:01;HLA-DRB1*11:01:01	1	1	2
two_field	test_B_gourraud	HG00650	EAS	DQB1	HLA-DQB1*03:01:01;HLA-DQB1*03:01:01	1	1	2
two_field	test_B_gourraud	HG00651	EAS	A	HLA-A*02:01:01;HLA-A*11:01:01	1	1	2
two_field	test_B_gourraud	HG00651	EAS	B	HLA-B*46:01:01;HLA-B*13:01:01	1	1	2
two_field	test_B_gourraud	HG00651	EAS	C	HLA-C*01:02:01;HLA-C*03:04:01	1	1	2
two_field	test_B_gourraud	HG00651	EAS	DRB1	HLA-DRB1*08:03:02;HLA-DRB1*04:04:01	1	1	2
two_field	test_B_gourraud	HG00651	EAS	DQB1	HLA-DQB1*03:02:01;HLA-DQB1*06:01:01	1	1	2
two_field	test_B_gourraud	HG00653	EAS	A	HLA-A*33:03:01;HLA-A*02:07:01	1	1	2
two_field	test_B_gourraud	HG00653	EAS	B	HLA-B*51:01:01;HLA-B*58:01:01	1	1	2
two_field	test_B_gourraud	HG00653	EAS	C	HLA-C*03:02:02;HLA-C*15:02:01	1	1	2
two_field	test_B_gourraud	HG00653	EAS	DRB1	HLA-DRB1*08:03:02;HLA-DRB1*03:01:01	1	1	2
two_field	test_B_gourraud	HG00653	EAS	DQB1	HLA-DQB1*02:01:01;HLA-DQB1*06:01:01	1	1	2
two_field	test_B_gourraud	HG00654	EAS	A	HLA-A*11:01:01;HLA-A*24:04	1	1	2
two_field	test_B_gourraud	HG00654	EAS	B	HLA-B*40:01:02;HLA-B*40:01:02	1	1	2
two_field	test_B_gourraud	HG00654	EAS	C	HLA-C*07:02:01;HLA-C*03:04:01	1	1	2
two_field	test_B_gourraud	HG00654	EAS	DRB1	HLA-DRB1*08:03:02;HLA-DRB1*15:01:01	1	1	2
two_field	test_B_gourraud	HG00654	EAS	DQB1	HLA-DQB1*06:02:01;HLA-DQB1*06:01:01	1	1	2
two_field	leak_gourraud	HG00656	EAS	A	HLA-A*11:01:01;HLA-A*11:01:01	1	1	2
two_field	leak_gourraud	HG00656	EAS	B	HLA-B*39:01:01;HLA-B*46:01:01	1	1	2
two_field	leak_gourraud	HG00656	EAS	C	HLA-C*07:02:01;HLA-C*01:02:01	1	1	2
two_field	leak_gourraud	HG00656	EAS	DRB1	HLA-DRB1*08:03:02;HLA-DRB1*14:54:01	1	1	2
two_field	leak_gourraud	HG00656	EAS	DQB1	HLA-DQB1*05:02:01;HLA-DQB1*06:01:01	1	1	2
two_field	leak_gourraud	HG00657	EAS	A	HLA-A*11:01:01;HLA-A*02:07:01	1	1	2
two_field	leak_gourraud	HG00657	EAS	B	HLA-B*46:01:01;HLA-B*51:01:02	1	1	2
two_field	leak_gourraud	HG00657	EAS	C	HLA-C*14:02:01;HLA-C*01:02:01	1	1	2
two_field	leak_gourraud	HG00657	EAS	DRB1	HLA-DRB1*09:01:02;HLA-DRB1*14:04:01	1	1	2
two_field	leak_gourraud	HG00657	EAS	DQB1	HLA-DQB1*03:03:02;HLA-DQB1*05:03:01	1	1	2
two_field	test_B_gourraud	HG00662	EAS	A	HLA-A*02:06:01;HLA-A*02:07:01	1	1	2
two_field	test_B_gourraud	HG00662	EAS	B	HLA-B*40:01:02;HLA-B*46:01:01	1	1	2
two_field	test_B_gourraud	HG00662	EAS	C	HLA-C*03:03:01;HLA-C*03:04:01	1	1	2
two_field	test_B_gourraud	HG00662	EAS	DRB1	HLA-DRB1*09:01:02;HLA-DRB1*15:01:01	1	1	2
two_field	test_B_gourraud	HG00662	EAS	DQB1	HLA-DQB1*03:03:02;HLA-DQB1*06:02:01	1	1	2
two_field	test_B_gourraud	HG00663	EAS	A	HLA-A*24:02:01;HLA-A*74:02:01	1	1	2
two_field	test_B_gourraud	HG00663	EAS	B	HLA-B*40:01:02;HLA-B*51:01:02	1	1	2
two_field	test_B_gourraud	HG00663	EAS	C	HLA-C*14:02:01;HLA-C*12:03:01	1	1	2
two_field	test_B_gourraud	HG00663	EAS	DRB1	HLA-DRB1*15:01:01;HLA-DRB1*04:05:01	1	1	2
two_field	test_B_gourraud	HG00663	EAS	DQB1	HLA-DQB1*04:01:01;HLA-DQB1*05:02:01	1	1	2
two_field	leak_gourraud	HG00671	EAS	A	HLA-A*02:06:01;HLA-A*24:02:01	1	1	2
two_field	leak_gourraud	HG00671	EAS	B	HLA-B*48:03:01;HLA-B*15:02:01	1	1	2
two_field	leak_gourraud	HG00671	EAS	C	HLA-C*08:01:01;HLA-C*08:01:01	1	1	2
two_field	leak_gourraud	HG00671	EAS	DRB1	HLA-DRB1*12:02:01;HLA-DRB1*11:01:01	1	1	2
two_field	leak_gourraud	HG00671	EAS	DQB1	HLA-DQB1*03:01:01;HLA-DQB1*03:01:01	1	1	2
two_field	leak_gourraud	HG00672	EAS	A	HLA-A*31:01:02;HLA-A*02:03:01	1	1	2
two_field	leak_gourraud	HG00672	EAS	B	HLA-B*51:02:01;HLA-B*38:02:01	1	1	2
two_field	leak_gourraud	HG00672	EAS	C	HLA-C*07:02:01;HLA-C*15:02:01	1	1	2
two_field	leak_gourraud	HG00672	EAS	DRB1	HLA-DRB1*08:03:02;HLA-DRB1*08:03:02	1	1	2
two_field	leak_gourraud	HG00672	EAS	DQB1	HLA-DQB1*06:01:01;HLA-DQB1*06:01:01	1	1	2
two_field	test_B_gourraud	HG00683	EAS	A	HLA-A*11:02:01;HLA-A*02:07:01	1	1	2
two_field	test_B_gourraud	HG00683	EAS	B	HLA-B*46:01:01,HLA-B*46:99;HLA-B*40:01:02	1	0	1
two_field	test_B_gourraud	HG00683	EAS	C	HLA-C*01:02:01;HLA-C*07:02:01	1	1	2
two_field	test_B_gourraud	HG00683	EAS	DRB1	HLA-DRB1*09:01:02;HLA-DRB1*11:01:01	1	1	2
two_field	test_B_gourraud	HG00683	EAS	DQB1	HLA-DQB1*03:03:02;HLA-DQB1*03:01:01	1	1	2
two_field	test_B_gourraud	HG00684	EAS	A	HLA-A*11:01:01;HLA-A*02:01:01	1	1	2
two_field	test_B_gourraud	HG00684	EAS	B	HLA-B*13:01:01;HLA-B*13:01:01	1	1	2
two_field	test_B_gourraud	HG00684	EAS	C	HLA-C*03:04:01;HLA-C*03:04:01	1	1	2
two_field	test_B_gourraud	HG00684	EAS	DRB1	HLA-DRB1*15:01:01;HLA-DRB1*15:01:01	1	1	2
two_field	test_B_gourraud	HG00684	EAS	DQB1	HLA-DQB1*06:01:01;HLA-DQB1*06:01:01	1	1	2
two_field	test_B_gourraud	HG00689	EAS	A	HLA-A*11:01:01;HLA-A*24:02:01	1	1	2
two_field	test_B_gourraud	HG00689	EAS	B	HLA-B*48:01:01;HLA-B*40:01:02	1	1	2
two_field	test_B_gourraud	HG00689	EAS	C	HLA-C*08:01:01;HLA-C*03:03:01	1	1	2
two_field	test_B_gourraud	HG00689	EAS	DRB1	HLA-DRB1*04:05:01;HLA-DRB1*09:01:02	1	1	2
two_field	test_B_gourraud	HG00689	EAS	DQB1	HLA-DQB1*03:03:02;HLA-DQB1*04:02:01	1	1	2
two_field	test_B_gourraud	HG00690	EAS	A	HLA-A*24:02:01;HLA-A*24:02:01	1	1	2
two_field	test_B_gourraud	HG00690	EAS	B	HLA-B*40:01:02;HLA-B*39:01:01,HLA-B*39:177	1	0	1
two_field	test_B_gourraud	HG00690	EAS	C	HLA-C*07:02:01;HLA-C*03:04:01	1	1	2
two_field	test_B_gourraud	HG00690	EAS	DRB1	HLA-DRB1*14:54:01;HLA-DRB1*04:06:01	1	1	2
two_field	test_B_gourraud	HG00690	EAS	DQB1	HLA-DQB1*05:02:01;HLA-DQB1*03:02:01	1	1	2
two_field	test_B_gourraud	HG00692	EAS	A	HLA-A*11:01:01;HLA-A*02:01:01	1	1	2
two_field	test_B_gourraud	HG00692	EAS	B	HLA-B*46:01:01;HLA-B*15:01:01	1	1	2
two_field	test_B_gourraud	HG00692	EAS	C	HLA-C*01:02:01;HLA-C*07:02:01	1	1	2
two_field	test_B_gourraud	HG00692	EAS	DRB1	HLA-DRB1*11:01:01;HLA-DRB1*04:04:01	1	1	2
two_field	test_B_gourraud	HG00692	EAS	DQB1	HLA-DQB1*03:02:01;HLA-DQB1*03:01:01	1	1	2
two_field	test_B_gourraud	HG00693	EAS	A	HLA-A*02:07:01;HLA-A*24:02:01	1	1	2
two_field	test_B_gourraud	HG00693	EAS	B	HLA-B*13:01:01;HLA-B*40:01:02	1	1	2
two_field	test_B_gourraud	HG00693	EAS	C	HLA-C*07:02:01;HLA-C*03:04:01	1	1	2
two_field	test_B_gourraud	HG00693	EAS	DRB1	HLA-DRB1*13:12:01;HLA-DRB1*08:03:02	1	1	2
two_field	test_B_gourraud	HG00693	EAS	DQB1	HLA-DQB1*06:01:01;HLA-DQB1*03:01:01	1	1	2
two_field	test_B_gourraud	HG00698	EAS	A	HLA-A*02:03:01;HLA-A*02:03:01	1	1	2
two_field	test_B_gourraud	HG00698	EAS	B	HLA-B*38:02:01;HLA-B*58:01:01	1	1	2
two_field	test_B_gourraud	HG00698	EAS	C	HLA-C*03:36;HLA-C*07:02:01	1	1	2
two_field	test_B_gourraud	HG00698	EAS	DRB1	HLA-DRB1*15:02:01;HLA-DRB1*13:01:01	1	1	2
two_field	test_B_gourraud	HG00698	EAS	DQB1	HLA-DQB1*05:02:01;HLA-DQB1*06:03:01	1	1	2
two_field	test_B_gourraud	HG00699	EAS	A	HLA-A*33:03:01;HLA-A*02:01:01	1	1	2
two_field	test_B_gourraud	HG00699	EAS	B	HLA-B*58:01:01;HLA-B*52:01:01	1	1	2
two_field	test_B_gourraud	HG00699	EAS	C	HLA-C*07:02:01;HLA-C*03:02:02	1	1	2
two_field	test_B_gourraud	HG00699	EAS	DRB1	HLA-DRB1*03:01:01;HLA-DRB1*12:02:01	1	1	2
two_field	test_B_gourraud	HG00699	EAS	DQB1	HLA-DQB1*05:02:01;HLA-DQB1*02:01:01	1	1	2
two_field	test_B_gourraud	HG00701	EAS	A	HLA-A*11:01:01;HLA-A*24:02:01	1	1	2
two_field	test_B_gourraud	HG00701	EAS	B	HLA-B*15:02:01;HLA-B*46:01:01	1	1	2
two_field	test_B_gourraud	HG00701	EAS	C	HLA-C*08:01:01;HLA-C*01:02:01	1	1	2
two_field	test_B_gourraud	HG00701	EAS	DRB1	HLA-DRB1*15:01:01;HLA-DRB1*09:01:02	1	1	2
two_field	test_B_gourraud	HG00701	EAS	DQB1	HLA-DQB1*03:03:02;HLA-DQB1*06:01:01	1	1	2
two_field	leak_gourraud	HG00704	EAS	A	HLA-A*02:03:01;HLA-A*02:01:01	1	1	2
two_field	leak_gourraud	HG00704	EAS	B	HLA-B*38:02:01;HLA-B*13:01:01	1	1	2
two_field	leak_gourraud	HG00704	EAS	C	HLA-C*07:02:01;HLA-C*03:04:01	1	1	2
two_field	leak_gourraud	HG00704	EAS	DRB1	HLA-DRB1*16:02:01;HLA-DRB1*15:01:01	1	1	2
two_field	leak_gourraud	HG00704	EAS	DQB1	HLA-DQB1*05:02:01;HLA-DQB1*06:01:01	1	1	2
two_field	leak_gourraud	HG00705	EAS	A	HLA-A*11:01:01;HLA-A*24:02:01	1	1	2
two_field	leak_gourraud	HG00705	EAS	B	HLA-B*27:04:01;HLA-B*54:01:01	1	1	2
two_field	leak_gourraud	HG00705	EAS	C	HLA-C*01:02:01;HLA-C*08:01:01	1	1	2
two_field	leak_gourraud	HG00705	EAS	DRB1	HLA-DRB1*14:05:01;HLA-DRB1*15:01:01	1	1	2
two_field	leak_gourraud	HG00705	EAS	DQB1	HLA-DQB1*05:03:01;HLA-DQB1*06:02:01	1	1	2
two_field	test_B_gourraud	HG00707	EAS	A	HLA-A*11:01:01;HLA-A*02:07:01	1	1	2
two_field	test_B_gourraud	HG00707	EAS	B	HLA-B*46:01:01;HLA-B*40:01:02	1	1	2
two_field	test_B_gourraud	HG00707	EAS	C	HLA-C*07:02:01;HLA-C*01:02:01	1	1	2
two_field	test_B_gourraud	HG00707	EAS	DRB1	HLA-DRB1*16:02:01;HLA-DRB1*14:07:01	1	1	2
two_field	test_B_gourraud	HG00707	EAS	DQB1	HLA-DQB1*05:02:01;HLA-DQB1*05:03:01	1	1	2
two_field	test_B_gourraud	HG00708	EAS	A	HLA-A*02:07:01;HLA-A*01:01:01	1	1	2
two_field	test_B_gourraud	HG00708	EAS	B	HLA-B*57:01:01;HLA-B*46:01:01	1	1	2
two_field	test_B_gourraud	HG00708	EAS	C	HLA-C*01:02:01;HLA-C*06:02:01	1	1	2
two_field	test_B_gourraud	HG00708	EAS	DRB1	HLA-DRB1*09:01:02;HLA-DRB1*07:01:01	1	1	2
two_field	test_B_gourraud	HG00708	EAS	DQB1	HLA-DQB1*03:03:02;HLA-DQB1*03:03:02	1	1	2
two_field	leak_gourraud	HG00731	AMR	A	HLA-A*24:02:01;HLA-A*24:02:01	1	1	2
two_field	leak_gourraud	HG00731	AMR	B	HLA-B*08:01:01;HLA-B*35:02:01	1	1	2
two_field	leak_gourraud	HG00731	AMR	C	HLA-C*07:01:01;HLA-C*04:01:01	1	1	2
two_field	leak_gourraud	HG00731	AMR	DRB1	HLA-DRB1*11:04:01;HLA-DRB1*12:01:01	1	1	2
two_field	leak_gourraud	HG00731	AMR	DQB1	HLA-DQB1*03:01:01;HLA-DQB1*03:01:01	1	1	2
two_field	leak_gourraud	HG00732	AMR	A	HLA-A*11:01:01;HLA-A*30:02:01	1	1	2
two_field	leak_gourraud	HG00732	AMR	B	HLA-B*18:01:01;HLA-B*35:01:01,HLA-B*35:370,HLA-B*35:615	1	0	1
two_field	leak_gourraud	HG00732	AMR	C	HLA-C*05:01:01;HLA-C*04:01:01	1	1	2
two_field	leak_gourraud	HG00732	AMR	DRB1	HLA-DRB1*14:54:01;HLA-DRB1*03:01:01	1	1	2
two_field	leak_gourraud	HG00732	AMR	DQB1	HLA-DQB1*02:01:01;HLA-DQB1*05:03:01	1	1	2
two_field	leak_gourraud	HG00734	AMR	A	HLA-A*03:01:01;HLA-A*33:01:01	1	1	2
two_field	leak_gourraud	HG00734	AMR	B	HLA-B*07:02:01;HLA-B*14:02:01	1	1	2
two_field	leak_gourraud	HG00734	AMR	C	HLA-C*07:02:01;HLA-C*08:02:01	1	1	2
two_field	leak_gourraud	HG00734	AMR	DRB1	HLA-DRB1*11:01:02;HLA-DRB1*04:11:01	1	1	2
two_field	leak_gourraud	HG00734	AMR	DQB1	HLA-DQB1*03:02:01;HLA-DQB1*06:02:01	1	1	2
two_field	leak_gourraud	HG00736	AMR	A	HLA-A*02:05:01;HLA-A*01:01:01	1	1	2
two_field	leak_gourraud	HG00736	AMR	B	HLA-B*08:01:01;HLA-B*58:01:01	1	1	2
two_field	leak_gourraud	HG00736	AMR	C	HLA-C*07:01:01;HLA-C*07:18:01	1	1	2
two_field	leak_gourraud	HG00736	AMR	DRB1	HLA-DRB1*16:01:01;HLA-DRB1*03:01:01	1	1	2
two_field	leak_gourraud	HG00736	AMR	DQB1	HLA-DQB1*02:01:01;HLA-DQB1*05:02:01	1	1	2
two_field	leak_gourraud	HG00737	AMR	A	HLA-A*03:01:01;HLA-A*68:01:02	1	1	2
two_field	leak_gourraud	HG00737	AMR	B	HLA-B*35:01:01;HLA-B*51:01:01	1	1	2
two_field	leak_gourraud	HG00737	AMR	C	HLA-C*15:02:01;HLA-C*04:01:01	1	1	2
two_field	leak_gourraud	HG00737	AMR	DRB1	HLA-DRB1*13:01:01;HLA-DRB1*14:01:01	1	1	2
two_field	leak_gourraud	HG00737	AMR	DQB1	HLA-DQB1*05:03:01;HLA-DQB1*06:03:01	1	1	2
two_field	leak_gourraud	HG00739	AMR	A	HLA-A*11:01:01;HLA-A*24:02:01	1	1	2
two_field	leak_gourraud	HG00739	AMR	B	HLA-B*35:01:01;HLA-B*57:01:01	1	1	2
two_field	leak_gourraud	HG00739	AMR	C	HLA-C*07:01:01;HLA-C*04:01:01	1	1	2
two_field	leak_gourraud	HG00739	AMR	DRB1	HLA-DRB1*13:03:01;HLA-DRB1*11:01:01	1	1	2
two_field	leak_gourraud	HG00739	AMR	DQB1	HLA-DQB1*03:01:01;HLA-DQB1*03:01:01	1	1	2
two_field	leak_gourraud	HG00740	AMR	A	HLA-A*29:02:01;HLA-A*68:02:01	1	1	2
two_field	leak_gourraud	HG00740	AMR	B	HLA-B*57:03:01;HLA-B*27:05:02	1	1	2
two_field	leak_gourraud	HG00740	AMR	C	HLA-C*07:01:02;HLA-C*01:02:01	1	1	2
two_field	leak_gourraud	HG00740	AMR	DRB1	HLA-DRB1*01:01:01;HLA-DRB1*03:02:01	1	1	2
two_field	leak_gourraud	HG00740	AMR	DQB1	HLA-DQB1*04:02:01;HLA-DQB1*05:01:01	1	1	2
two_field	leak_gourraud	HG01047	AMR	A	HLA-A*31:01:02;HLA-A*03:01:01	1	1	2
two_field	leak_gourraud	HG01047	AMR	B	HLA-B*56:01:01;HLA-B*07:02:01	1	1	2
two_field	leak_gourraud	HG01047	AMR	C	HLA-C*07:02:01;HLA-C*01:02:01	1	1	2
two_field	leak_gourraud	HG01047	AMR	DRB1	HLA-DRB1*01:01:01;HLA-DRB1*01:01:01	1	1	2
two_field	leak_gourraud	HG01047	AMR	DQB1	HLA-DQB1*05:01:01;HLA-DQB1*05:01:01	1	1	2
two_field	test_B_gourraud	HG01048	AMR	A	HLA-A*31:01:02;HLA-A*02:01:01	1	1	2
two_field	test_B_gourraud	HG01048	AMR	B	HLA-B*44:02:01;HLA-B*40:01:02	1	1	2
two_field	test_B_gourraud	HG01048	AMR	C	HLA-C*05:01:01;HLA-C*03:04:01	1	1	2
two_field	test_B_gourraud	HG01048	AMR	DRB1	HLA-DRB1*04:01:01;HLA-DRB1*04:04:01	1	1	2
two_field	test_B_gourraud	HG01048	AMR	DQB1	HLA-DQB1*03:02:01;HLA-DQB1*03:42	1	0	1
two_field	test_B_gourraud	HG01049	AMR	A	HLA-A*31:01:02;HLA-A*29:02:01	1	1	2
two_field	test_B_gourraud	HG01049	AMR	B	HLA-B*44:03:01;HLA-B*51:01:01,HLA-B*51:01:64	1	1	2
two_field	test_B_gourraud	HG01049	AMR	C	HLA-C*16:01:01;HLA-C*15:02:01	1	1	2
two_field	test_B_gourraud	HG01049	AMR	DRB1	HLA-DRB1*07:01:01;HLA-DRB1*16:01:01	1	1	2
two_field	test_B_gourraud	HG01049	AMR	DQB1	HLA-DQB1*05:02:01;HLA-DQB1*02:02:01	1	1	2
two_field	test_B_gourraud	HG01051	AMR	A	HLA-A*24:02:01;HLA-A*02:02:01	1	1	2
two_field	test_B_gourraud	HG01051	AMR	B	HLA-B*15:16:01;HLA-B*35:03:01	1	1	2
two_field	test_B_gourraud	HG01051	AMR	C	HLA-C*14:02:01;HLA-C*12:03:01	1	1	2
two_field	test_B_gourraud	HG01051	AMR	DRB1	HLA-DRB1*07:01:01;HLA-DRB1*03:02:01	1	1	2
two_field	test_B_gourraud	HG01051	AMR	DQB1	HLA-DQB1*02:02:01;HLA-DQB1*04:02:01	1	1	2
two_field	test_B_gourraud	HG01052	AMR	A	HLA-A*01:01:01;HLA-A*33:03:01	1	1	2
two_field	test_B_gourraud	HG01052	AMR	B	HLA-B*52:01:01;HLA-B*15:10:01	1	1	2
two_field	test_B_gourraud	HG01052	AMR	C	HLA-C*03:04:02;HLA-C*12:02:02	1	1	2
two_field	test_B_gourraud	HG01052	AMR	DRB1	HLA-DRB1*15:02:01;HLA-DRB1*04:05:01	1	1	2
two_field	test_B_gourraud	HG01052	AMR	DQB1	HLA-DQB1*03:02:01;HLA-DQB1*06:01:01	1	1	2
two_field	test_B_gourraud	HG01054	AMR	A	HLA-A*68:02:01;HLA-A*01:01:01	1	1	2
two_field	test_B_gourraud	HG01054	AMR	B	HLA-B*08:01:01;HLA-B*57:03:01	1	1	2
two_field	test_B_gourraud	HG01054	AMR	C	HLA-C*07:01:02;HLA-C*07:01:01	1	1	2
two_field	test_B_gourraud	HG01054	AMR	DRB1	HLA-DRB1*03:02:01;HLA-DRB1*03:01:01	1	1	2
two_field	test_B_gourraud	HG01054	AMR	DQB1	HLA-DQB1*02:01:01;HLA-DQB1*04:02:01	1	1	2
two_field	test_B_gourraud	HG01055	AMR	A	HLA-A*24:02:01;HLA-A*02:01:01	1	1	2
two_field	test_B_gourraud	HG01055	AMR	B	HLA-B*40:04:01;HLA-B*35:02:01	1	1	2
two_field	test_B_gourraud	HG01055	AMR	C	HLA-C*03:04:01;HLA-C*04:01:01	1	1	2
two_field	test_B_gourraud	HG01055	AMR	DRB1	HLA-DRB1*04:11:01;HLA-DRB1*11:04:01	1	1	2
two_field	test_B_gourraud	HG01055	AMR	DQB1	HLA-DQB1*03:02:01;HLA-DQB1*03:01:01	1	1	2
two_field	test_B_gourraud	HG01060	AMR	A	HLA-A*03:01:01;HLA-A*24:02:01	1	1	2
two_field	test_B_gourraud	HG01060	AMR	B	HLA-B*56:01:01;HLA-B*35:03:01	1	1	2
two_field	test_B_gourraud	HG01060	AMR	C	HLA-C*04:01:01;HLA-C*01:02:01	1	1	2
two_field	test_B_gourraud	HG01060	AMR	DRB1	HLA-DRB1*13:02:01;HLA-DRB1*01:01:01	1	1	2
two_field	test_B_gourraud	HG01060	AMR	DQB1	HLA-DQB1*06:04:01;HLA-DQB1*05:01:01	1	1	2
two_field	test_B_gourraud	HG01061	AMR	A	HLA-A*23:01:01;HLA-A*23:01:01	1	1	2
two_field	test_B_gourraud	HG01061	AMR	B	HLA-B*44:03:01;HLA-B*44:03:01	1	1	2
two_field	test_B_gourraud	HG01061	AMR	C	HLA-C*16:01:01;HLA-C*04:01:01	1	1	2
two_field	test_B_gourraud	HG01061	AMR	DRB1	HLA-DRB1*07:01:01;HLA-DRB1*04:05:01	1	1	2
two_field	test_B_gourraud	HG01061	AMR	DQB1	HLA-DQB1*03:02:01;HLA-DQB1*02:02:01	1	1	2
two_field	test_B_gourraud	HG01066	AMR	A	HLA-A*32:01:01;HLA-A*02:01:01	1	1	2
two_field	test_B_gourraud	HG01066	AMR	B	HLA-B*51:01:01;HLA-B*18:01:01	1	1	2
two_field	test_B_gourraud	HG01066	AMR	C	HLA-C*15:13:01;HLA-C*05:01:01	1	1	2
two_field	test_B_gourraud	HG01066	AMR	DRB1	HLA-DRB1*03:01:01;HLA-DRB1*04:02:01	1	1	2
two_field	test_B_gourraud	HG01066	AMR	DQB1	HLA-DQB1*03:02:01;HLA-DQB1*02:01:01	1	1	2
two_field	test_B_gourraud	HG01067	AMR	A	HLA-A*30:02:01;HLA-A*24:02:01	1	1	2
two_field	test_B_gourraud	HG01067	AMR	B	HLA-B*18:01:01;HLA-B*07:02:01	1	1	2
two_field	test_B_gourraud	HG01067	AMR	C	HLA-C*12:03:01;HLA-C*07:02:01	1	1	2
two_field	test_B_gourraud	HG01067	AMR	DRB1	HLA-DRB1*09:01:02;HLA-DRB1*11:04:01	1	1	2
two_field	test_B_gourraud	HG01067	AMR	DQB1	HLA-DQB1*02:02:01;HLA-DQB1*03:01:01	1	1	2
two_field	leak_gourraud	HG01069	AMR	A	HLA-A*24:02:01;HLA-A*01:01:01	1	1	2
two_field	leak_gourraud	HG01069	AMR	B	HLA-B*44:02:01;HLA-B*08:01:01	1	1	2
two_field	leak_gourraud	HG01069	AMR	C	HLA-C*07:01:01;HLA-C*05:01:01	1	1	2
two_field	leak_gourraud	HG01069	AMR	DRB1	HLA-DRB1*07:01:01;HLA-DRB1*03:01:01	1	1	2
two_field	leak_gourraud	HG01069	AMR	DQB1	HLA-DQB1*02:02:01;HLA-DQB1*02:01:01	1	1	2
two_field	leak_gourraud	HG01070	AMR	A	HLA-A*03:01:01;HLA-A*01:01:01	1	1	2
two_field	leak_gourraud	HG01070	AMR	B	HLA-B*08:01:01;HLA-B*40:01:02	1	1	2
two_field	leak_gourraud	HG01070	AMR	C	HLA-C*07:01:01;HLA-C*03:04:01	1	1	2
two_field	leak_gourraud	HG01070	AMR	DRB1	HLA-DRB1*03:01:01;HLA-DRB1*03:01:01	1	1	2
two_field	leak_gourraud	HG01070	AMR	DQB1	HLA-DQB1*02:01:01;HLA-DQB1*02:01:01	1	1	2
two_field	leak_gourraud	HG01072	AMR	A	HLA-A*31:01:02;HLA-A*01:01:01	1	1	2
two_field	leak_gourraud	HG01072	AMR	B	HLA-B*14:02:01;HLA-B*50:01:01	1	1	2
two_field	leak_gourraud	HG01072	AMR	C	HLA-C*08:02:01;HLA-C*06:02:01	1	1	2
two_field	leak_gourraud	HG01072	AMR	DRB1	HLA-DRB1*08:02:01;HLA-DRB1*15:01:01	1	1	2
two_field	leak_gourraud	HG01072	AMR	DQB1	HLA-DQB1*04:02:01;HLA-DQB1*06:02:01	1	1	2
two_field	leak_gourraud	HG01073	AMR	A	HLA-A*29:02:01;HLA-A*23:01:01	1	1	2
two_field	leak_gourraud	HG01073	AMR	B	HLA-B*44:03:01;HLA-B*44:03:01	1	1	2
two_field	leak_gourraud	HG01073	AMR	C	HLA-C*16:01:01;HLA-C*16:01:01	1	1	2
two_field	leak_gourraud	HG01073	AMR	DRB1	HLA-DRB1*07:01:01;HLA-DRB1*07:01:01	1	1	2
two_field	leak_gourraud	HG01073	AMR	DQB1	HLA-DQB1*02:02:01;HLA-DQB1*02:02:01	1	1	2
two_field	test_B_gourraud	HG01075	AMR	A	HLA-A*33:01:01;HLA-A*03:01:01	1	1	2
two_field	test_B_gourraud	HG01075	AMR	B	HLA-B*14:02:01;HLA-B*14:02:01	1	1	2
two_field	test_B_gourraud	HG01075	AMR	C	HLA-C*08:02:01;HLA-C*15:05:02	1	1	2
two_field	test_B_gourraud	HG01075	AMR	DRB1	HLA-DRB1*01:02:01;HLA-DRB1*07:01:01	1	1	2
two_field	test_B_gourraud	HG01075	AMR	DQB1	HLA-DQB1*05:01:01;HLA-DQB1*02:02:01	1	1	2
two_field	leak_gourraud	HG01079	AMR	A	HLA-A*80:01:01;HLA-A*24:02:01	1	1	2
two_field	leak_gourraud	HG01079	AMR	B	HLA-B*39:01:01;HLA-B*40:02:01	1	1	2
two_field	leak_gourraud	HG01079	AMR	C	HLA-C*12:03:01;HLA-C*04:01:01	1	1	2
two_field	leak_gourraud	HG01079	AMR	DRB1	HLA-DRB1*11:01:01;HLA-DRB1*11:01:01	1	1	2
two_field	leak_gourraud	HG01079	AMR	DQB1	HLA-DQB1*03:01:01;HLA-DQB1*03:01:01	1	1	2
two_field	leak_gourraud	HG01080	AMR	A	HLA-A*23:17:01;HLA-A*24:02:01	1	1	2
two_field	leak_gourraud	HG01080	AMR	B	HLA-B*15:18:01;HLA-B*15:03:01	1	1	2
two_field	leak_gourraud	HG01080	AMR	C	HLA-C*02:10:01;HLA-C*07:04:01	1	1	2
two_field	leak_gourraud	HG01080	AMR	DRB1	HLA-DRB1*11:01:02;HLA-DRB1*04:02:01	1	1	2
two_field	leak_gourraud	HG01080	AMR	DQB1	HLA-DQB1*03:02:01;HLA-DQB1*06:02:01	1	1	2
two_field	test_B_gourraud	HG01082	AMR	A	HLA-A*29:02:01;HLA-A*31:01:02	1	1	2
two_field	test_B_gourraud	HG01082	AMR	B	HLA-B*44:03:01;HLA-B*39:05:01	1	1	2
two_field	test_B_gourraud	HG01082	AMR	C	HLA-C*07:02:01;HLA-C*16:01:01	1	1	2
two_field	test_B_gourraud	HG01082	AMR	DRB1	HLA-DRB1*07:01:01;HLA-DRB1*04:11:01	1	1	2
two_field	test_B_gourraud	HG01082	AMR	DQB1	HLA-DQB1*03:02:01;HLA-DQB1*02:02:01	1	1	2
two_field	test_B_gourraud	HG01083	AMR	A	HLA-A*68:01:01;HLA-A*02:01:01	1	1	2
two_field	test_B_gourraud	HG01083	AMR	B	HLA-B*51:01:01,HLA-B*51:01:64;HLA-B*44:02:01	1	1	2
two_field	test_B_gourraud	HG01083	AMR	C	HLA-C*05:01:01;HLA-C*15:02:01	1	1	2
two_field	test_B_gourraud	HG01083	AMR	DRB1	HLA-DRB1*04:11:01;HLA-DRB1*13:01:01	1	1	2
two_field	test_B_gourraud	HG01083	AMR	DQB1	HLA-DQB1*04:02:01;HLA-DQB1*06:03:01	1	1	2
two_field	test_B_gourraud	HG01085	AMR	A	HLA-A*24:03:02;HLA-A*30:02:01	1	1	2
two_field	test_B_gourraud	HG01085	AMR	B	HLA-B*18:01:01;HLA-B*35:11:01	1	1	2
two_field	test_B_gourraud	HG01085	AMR	C	HLA-C*05:01:01;HLA-C*03:04:01	1	1	2
two_field	test_B_gourraud	HG01085	AMR	DRB1	HLA-DRB1*16:02:01;HLA-DRB1*03:01:01	1	1	2
two_field	test_B_gourraud	HG01085	AMR	DQB1	HLA-DQB1*02:01:01;HLA-DQB1*03:01:01	1	1	2
two_field	test_B_gourraud	HG01086	AMR	A	HLA-A*02:20:01;HLA-A*30:01:01	1	1	2
two_field	test_B_gourraud	HG01086	AMR	B	HLA-B*42:01:01;HLA-B*07:02:01	1	1	2
two_field	test_B_gourraud	HG01086	AMR	C	HLA-C*17:01:01;HLA-C*07:02:01	1	1	2
two_field	test_B_gourraud	HG01086	AMR	DRB1	HLA-DRB1*15:03:01;HLA-DRB1*03:02:01	1	1	2
two_field	test_B_gourraud	HG01086	AMR	DQB1	HLA-DQB1*04:02:01;HLA-DQB1*06:02:01	1	1	2
two_field	test_B_gourraud	HG01094	AMR	A	HLA-A*68:01:02;HLA-A*24:02:01	1	1	2
two_field	test_B_gourraud	HG01094	AMR	B	HLA-B*52:01:02;HLA-B*44:02:01	1	1	2
two_field	test_B_gourraud	HG01094	AMR	C	HLA-C*03:04:01;HLA-C*04:01:01	1	1	2
two_field	test_B_gourraud	HG01094	AMR	DRB1	HLA-DRB1*08:02:01;HLA-DRB1*11:01:01	1	1	2
two_field	test_B_gourraud	HG01094	AMR	DQB1	HLA-DQB1*04:02:01;HLA-DQB1*03:01:01	1	1	2
two_field	test_B_gourraud	HG01095	AMR	A	HLA-A*33:01:01;HLA-A*24:02:01	1	1	2
two_field	test_B_gourraud	HG01095	AMR	B	HLA-B*35:11:01;HLA-B*14:02:01	1	1	2
two_field	test_B_gourraud	HG01095	AMR	C	HLA-C*03:04:01;HLA-C*08:02:01	1	1	2
two_field	test_B_gourraud	HG01095	AMR	DRB1	HLA-DRB1*14:02:01;HLA-DRB1*03:01:01	1	1	2
two_field	test_B_gourraud	HG01095	AMR	DQB1	HLA-DQB1*02:01:01;HLA-DQB1*03:01:01	1	1	2
two_field	leak_gourraud	HG01097	AMR	A	HLA-A*11:01:01;HLA-A*02:01:01	1	1	2
two_field	leak_gourraud	HG01097	AMR	B	HLA-B*40:02:01;HLA-B*51:01:01	1	1	2
two_field	leak_gourraud	HG01097	AMR	C	HLA-C*02:02:02;HLA-C*03:05:01	1	1	2
two_field	leak_gourraud	HG01097	AMR	DRB1	HLA-DRB1*07:01:01;HLA-DRB1*01:02:01	1	1	2
two_field	leak_gourraud	HG01097	AMR	DQB1	HLA-DQB1*02:02:01;HLA-DQB1*05:01:01	1	1	2
two_field	leak_gourraud	HG01098	AMR	A	HLA-A*32:01:01;HLA-A*29:02:01	1	1	2
two_field	leak_gourraud	HG01098	AMR	B	HLA-B*40:02:01;HLA-B*44:03:01	1	1	2
two_field	leak_gourraud	HG01098	AMR	C	HLA-C*02:02:02;HLA-C*16:01:01	1	1	2
two_field	leak_gourraud	HG01098	AMR	DRB1	HLA-DRB1*08:01:01;HLA-DRB1*07:01:01	1	1	2
two_field	leak_gourraud	HG01098	AMR	DQB1	HLA-DQB1*04:02:01;HLA-DQB1*02:02:01	1	1	2
two_field	test_B_gourraud	HG01101	AMR	A	HLA-A*24:02:01;HLA-A*02:01:01	1	1	2
two_field	test_B_gourraud	HG01101	AMR	B	HLA-B*08:01:01;HLA-B*35:01:01,HLA-B*35:370,HLA-B*35:615	1	0	1
two_field	test_B_gourraud	HG01101	AMR	C	HLA-C*16:01:01;HLA-C*07:01:01	1	1	2
two_field	test_B_gourraud	HG01101	AMR	DRB1	HLA-DRB1*01:02:01;HLA-DRB1*03:01:01	1	1	2
two_field	test_B_gourraud	HG01101	AMR	DQB1	HLA-DQB1*05:01:01;HLA-DQB1*02:01:01	1	1	2
two_field	test_B_gourraud	HG01102	AMR	A	HLA-A*31:01:02;HLA-A*02:02:01	1	1	2
two_field	test_B_gourraud	HG01102	AMR	B	HLA-B*40:01:02;HLA-B*15:16:01	1	1	2
two_field	test_B_gourraud	HG01102	AMR	C	HLA-C*03:04:01;HLA-C*14:02:01	1	1	2
two_field	test_B_gourraud	HG01102	AMR	DRB1	HLA-DRB1*04:04:01;HLA-DRB1*13:03:01	1	1	2
two_field	test_B_gourraud	HG01102	AMR	DQB1	HLA-DQB1*03:02:01;HLA-DQB1*03:01:01	1	1	2
two_field	leak_gourraud	HG01104	AMR	A	HLA-A*68:02:01;HLA-A*29:02:01	1	1	2
two_field	leak_gourraud	HG01104	AMR	B	HLA-B*14:02:01;HLA-B*40:02:01	1	1	2
two_field	leak_gourraud	HG01104	AMR	C	HLA-C*08:02:01;HLA-C*02:02:02	1	1	2
two_field	leak_gourraud	HG01104	AMR	DRB1	HLA-DRB1*03:01:01;HLA-DRB1*13:01:01	1	1	2
two_field	leak_gourraud	HG01104	AMR	DQB1	HLA-DQB1*02:01:01;HLA-DQB1*06:03:01	1	1	2
two_field	leak_gourraud	HG01105	AMR	A	HLA-A*01:01:01;HLA-A*31:01:02	1	1	2
two_field	leak_gourraud	HG01105	AMR	B	HLA-B*35:01:01;HLA-B*49:01:01	1	1	2
two_field	leak_gourraud	HG01105	AMR	C	HLA-C*07:02:01;HLA-C*16:04:01	1	1	2
two_field	leak_gourraud	HG01105	AMR	DRB1	HLA-DRB1*11:02:01;HLA-DRB1*11:03:01	1	1	2
two_field	leak_gourraud	HG01105	AMR	DQB1	HLA-DQB1*03:19:01;HLA-DQB1*03:01:01	1	1	2
two_field	leak_gourraud	HG01107	AMR	A	HLA-A*03:01:01;HLA-A*68:01:02	1	1	2
two_field	leak_gourraud	HG01107	AMR	B	HLA-B*52:01:02;HLA-B*35:03:01	1	1	2
two_field	leak_gourraud	HG01107	AMR	C	HLA-C*03:04:01;HLA-C*04:01:01	1	1	2
two_field	leak_gourraud	HG01107	AMR	DRB1	HLA-DRB1*08:02:01;HLA-DRB1*13:02:01	1	1	2
two_field	leak_gourraud	HG01107	AMR	DQB1	HLA-DQB1*04:02:01;HLA-DQB1*06:04:01	1	1	2
two_field	leak_gourraud	HG01108	AMR	A	HLA-A*30:02:01;HLA-A*02:01:01	1	1	2
two_field	leak_gourraud	HG01108	AMR	B	HLA-B*35:01:01;HLA-B*44:02:01	1	1	2
two_field	leak_gourraud	HG01108	AMR	C	HLA-C*05:01:01;HLA-C*04:01:01	1	1	2
two_field	leak_gourraud	HG01108	AMR	DRB1	HLA-DRB1*04:01:01;HLA-DRB1*01:02:01	1	1	2
two_field	leak_gourraud	HG01108	AMR	DQB1	HLA-DQB1*05:01:01;HLA-DQB1*03:01:01	1	1	2
two_field	test_B_gourraud	HG01110	AMR	A	HLA-A*68:01:01;HLA-A*29:01:01	1	1	2
two_field	test_B_gourraud	HG01110	AMR	B	HLA-B*45:01:01;HLA-B*35:02:01	1	1	2
two_field	test_B_gourraud	HG01110	AMR	C	HLA-C*04:01:01;HLA-C*06:02:01	1	1	2
two_field	test_B_gourraud	HG01110	AMR	DRB1	HLA-DRB1*04:04:01;HLA-DRB1*13:01:01	1	1	2
two_field	test_B_gourraud	HG01110	AMR	DQB1	HLA-DQB1*03:02:01;HLA-DQB1*06:03:01	1	1	2
two_field	test_B_gourraud	HG01111	AMR	A	HLA-A*11:01:01;HLA-A*68:02:01	1	1	2
two_field	test_B_gourraud	HG01111	AMR	B	HLA-B*14:02:01;HLA-B*35:01:01,HLA-B*35:370,HLA-B*35:615	1	0	1
two_field	test_B_gourraud	HG01111	AMR	C	HLA-C*08:02:01;HLA-C*04:01:01	1	1	2
two_field	test_B_gourraud	HG01111	AMR	DRB1	HLA-DRB1*01:03:01;HLA-DRB1*01:02:01	1	1	2
two_field	test_B_gourraud	HG01111	AMR	DQB1	HLA-DQB1*05:01:01;HLA-DQB1*05:01:01	1	1	2
two_field	test_B_gourraud	HG01112	AMR	A	HLA-A*26:01:01;HLA-A*02:01:01	1	1	2
two_field	test_B_gourraud	HG01112	AMR	B	HLA-B*44:02:01;HLA-B*38:01:01	1	1	2
two_field	test_B_gourraud	HG01112	AMR	C	HLA-C*05:01:01;HLA-C*12:03:01	1	1	2
two_field	test_B_gourraud	HG01112	AMR	DRB1	HLA-DRB1*01:01:01;HLA-DRB1*14:01:01	1	1	2
two_field	test_B_gourraud	HG01112	AMR	DQB1	HLA-DQB1*05:03:01;HLA-DQB1*05:01:01	1	1	2
two_field	test_B_gourraud	HG01113	AMR	A	HLA-A*24:02:01;HLA-A*02:01:01	1	1	2
two_field	test_B_gourraud	HG01113	AMR	B	HLA-B*39:11;HLA-B*35:43:01	1	1	2
two_field	test_B_gourraud	HG01113	AMR	C	HLA-C*07:02:01;HLA-C*01:02:01	1	1	2
two_field	test_B_gourraud	HG01113	AMR	DRB1	HLA-DRB1*08:02:01;HLA-DRB1*04:04:01	1	1	2
two_field	test_B_gourraud	HG01113	AMR	DQB1	HLA-DQB1*03:02:01;HLA-DQB1*04:59N	1	0	1
two_field	test_B_gourraud	HG01124	AMR	A	HLA-A*24:02:01;HLA-A*02:11:01	1	1	2
two_field	test_B_gourraud	HG01124	AMR	B	HLA-B*40:04:01;HLA-B*40:02:01	1	0	1
two_field	test_B_gourraud	HG01124	AMR	C	HLA-C*03:04:01;HLA-C*03:05:01	1	1	2
two_field	test_B_gourraud	HG01124	AMR	DRB1	HLA-DRB1*14:02:01;HLA-DRB1*04:07:01	1	1	2
two_field	test_B_gourraud	HG01124	AMR	DQB1	HLA-DQB1*03:02:01;HLA-DQB1*03:01:01	1	1	2
two_field	test_B_gourraud	HG01125	AMR	A	HLA-A*24:02:01;HLA-A*25:01:01	1	1	2
two_field	test_B_gourraud	HG01125	AMR	B	HLA-B*15:01:01;HLA-B*35:12:01	1	1	2
two_field	test_B_gourraud	HG01125	AMR	C	HLA-C*04:01:01;HLA-C*03:03:01	1	1	2
two_field	test_B_gourraud	HG01125	AMR	DRB1	HLA-DRB1*16:02:01;HLA-DRB1*13:01:01	1	1	2
two_field	test_B_gourraud	HG01125	AMR	DQB1	HLA-DQB1*06:03:01;HLA-DQB1*03:01:01	1	1	2
two_field	test_B_gourraud	HG01133	AMR	A	HLA-A*01:01:01;HLA-A*03:01:01	1	1	2
two_field	test_B_gourraud	HG01133	AMR	B	HLA-B*08:01:01;HLA-B*35:01:01	1	1	2
two_field	test_B_gourraud	HG01133	AMR	C	HLA-C*07:01:01;HLA-C*04:01:01	1	1	2
two_field	test_B_gourraud	HG01133	AMR	DRB1	HLA-DRB1*01:01:01;HLA-DRB1*03:01:01	1	1	2
two_field	test_B_gourraud	HG01133	AMR	DQB1	HLA-DQB1*05:01:01;HLA-DQB1*02:01:01	1	1	2
two_field	test_B_gourraud	HG01134	AMR	A	HLA-A*01:01:01;HLA-A*02:22:01	1	1	2
two_field	test_B_gourraud	HG01134	AMR	B	HLA-B*39:08;HLA-B*57:01:01	1	1	2
two_field	test_B_gourraud	HG01134	AMR	C	HLA-C*07:02:01;HLA-C*06:02:01	1	1	2
two_field	test_B_gourraud	HG01134	AMR	DRB1	HLA-DRB1*16:02:01;HLA-DRB1*07:01:01	1	1	2
two_field	test_B_gourraud	HG01134	AMR	DQB1	HLA-DQB1*03:03:02;HLA-DQB1*03:01:01	1	1	2
two_field	test_B_gourraud	HG01136	AMR	A	HLA-A*11:01:01;HLA-A*32:01:01	1	1	2
two_field	test_B_gourraud	HG01136	AMR	B	HLA-B*35:01:01;HLA-B*53:01:01	1	1	2
two_field	test_B_gourraud	HG01136	AMR	C	HLA-C*04:01:01;HLA-C*04:01:01	1	1	2
two_field	test_B_gourraud	HG01136	AMR	DRB1	HLA-DRB1*13:02:01;HLA-DRB1*11:02:01	1	1	2
two_field	test_B_gourraud	HG01136	AMR	DQB1	HLA-DQB1*06:04:01;HLA-DQB1*03:191	1	0	1
two_field	test_B_gourraud	HG01137	AMR	A	HLA-A*02:01:01;HLA-A*03:01:01	1	1	2
two_field	test_B_gourraud	HG01137	AMR	B	HLA-B*15:01:01;HLA-B*07:02:01	1	1	2
two_field	test_B_gourraud	HG01137	AMR	C	HLA-C*03:03:01;HLA-C*07:02:01	1	1	2
two_field	test_B_gourraud	HG01137	AMR	DRB1	HLA-DRB1*04:05:01;HLA-DRB1*15:01:01	1	1	2
two_field	test_B_gourraud	HG01137	AMR	DQB1	HLA-DQB1*03:02:01;HLA-DQB1*06:02:01	1	1	2
two_field	test_B_gourraud	HG01139	AMR	A	HLA-A*23:01:01;HLA-A*68:02:01	1	1	2
two_field	test_B_gourraud	HG01139	AMR	B	HLA-B*41:02:01;HLA-B*50:01:01	1	1	2
two_field	test_B_gourraud	HG01139	AMR	C	HLA-C*05:01:01;HLA-C*17:03:01	1	1	2
two_field	test_B_gourraud	HG01139	AMR	DRB1	HLA-DRB1*09:01:02;HLA-DRB1*13:03:01	1	1	2
two_field	test_B_gourraud	HG01139	AMR	DQB1	HLA-DQB1*02:02:01;HLA-DQB1*03:01:01	1	1	2
two_field	test_B_gourraud	HG01140	AMR	A	HLA-A*02:01:01;HLA-A*23:01:01	1	1	2
two_field	test_B_gourraud	HG01140	AMR	B	HLA-B*39:11;HLA-B*44:03:01	1	1	2
two_field	test_B_gourraud	HG01140	AMR	C	HLA-C*07:02:01;HLA-C*04:01:01	1	1	2
two_field	test_B_gourraud	HG01140	AMR	DRB1	HLA-DRB1*08:02:01;HLA-DRB1*07:01:01	1	1	2
two_field	test_B_gourraud	HG01140	AMR	DQB1	HLA-DQB1*04:59N;HLA-DQB1*02:02:01	1	0	1
two_field	leak_gourraud	HG01148	AMR	A	HLA-A*29:02:01;HLA-A*32:01:01	1	1	2
two_field	leak_gourraud	HG01148	AMR	B	HLA-B*07:02:01;HLA-B*35:08:01	1	1	2
two_field	leak_gourraud	HG01148	AMR	C	HLA-C*07:02:01;HLA-C*04:01:01	1	1	2
two_field	leak_gourraud	HG01148	AMR	DRB1	HLA-DRB1*15:01:01;HLA-DRB1*04:04:01	1	1	2
two_field	leak_gourraud	HG01148	AMR	DQB1	HLA-DQB1*05:02:01;HLA-DQB1*03:02:01	1	1	2
two_field	leak_gourraud	HG01149	AMR	A	HLA-A*02:01:01;HLA-A*31:01:02	1	1	2
two_field	leak_gourraud	HG01149	AMR	B	HLA-B*44:02:01;HLA-B*35:43:01	1	1	2
two_field	leak_gourraud	HG01149	AMR	C	HLA-C*01:02:01;HLA-C*05:01:01	1	1	2
two_field	leak_gourraud	HG01149	AMR	DRB1	HLA-DRB1*01:01:01;HLA-DRB1*14:02:01	1	1	2
two_field	leak_gourraud	HG01149	AMR	DQB1	HLA-DQB1*05:01:01;HLA-DQB1*03:01:01	1	1	2
two_field	leak_gourraud	HG01168	AMR	A	HLA-A*02:11:01;HLA-A*03:01:01	1	1	2
two_field	leak_gourraud	HG01168	AMR	B	HLA-B*18:05:01;HLA-B*52:01:02	1	1	2
two_field	leak_gourraud	HG01168	AMR	C	HLA-C*15:02:01;HLA-C*12:03:01	1	1	2
two_field	leak_gourraud	HG01168	AMR	DRB1	HLA-DRB1*04:11:01;HLA-DRB1*07:01:01	1	1	2
two_field	leak_gourraud	HG01168	AMR	DQB1	HLA-DQB1*03:03:02;HLA-DQB1*03:02:01	1	1	2
two_field	test_B_gourraud	HG01170	AMR	A	HLA-A*11:01:01;HLA-A*02:01:01	1	1	2
two_field	test_B_gourraud	HG01170	AMR	B	HLA-B*35:01:01;HLA-B*15:01:01	1	1	2
two_field	test_B_gourraud	HG01170	AMR	C	HLA-C*03:03:01;HLA-C*04:01:01	1	1	2
two_field	test_B_gourraud	HG01170	AMR	DRB1	HLA-DRB1*13:01:01;HLA-DRB1*14:04:01	1	1	2
two_field	test_B_gourraud	HG01170	AMR	DQB1	HLA-DQB1*05:03:01;HLA-DQB1*06:03:01	1	1	2
two_field	test_B_gourraud	HG01171	AMR	A	HLA-A*02:20:01;HLA-A*02:01:01	1	1	2
two_field	test_B_gourraud	HG01171	AMR	B	HLA-B*07:02:01;HLA-B*56:01:01	1	1	2
two_field	test_B_gourraud	HG01171	AMR	C	HLA-C*07:02:01;HLA-C*01:02:01	1	1	2
two_field	test_B_gourraud	HG01171	AMR	DRB1	HLA-DRB1*03:01:01;HLA-DRB1*13:01:01	1	1	2
two_field	test_B_gourraud	HG01171	AMR	DQB1	HLA-DQB1*02:01:01;HLA-DQB1*06:03:01	1	1	2
two_field	leak_gourraud	HG01173	AMR	A	HLA-A*32:01:01;HLA-A*03:01:01	1	1	2
two_field	leak_gourraud	HG01173	AMR	B	HLA-B*07:02:01;HLA-B*07:02:01	1	1	2
two_field	leak_gourraud	HG01173	AMR	C	HLA-C*07:02:01;HLA-C*07:02:01	1	1	2
two_field	leak_gourraud	HG01173	AMR	DRB1	HLA-DRB1*15:01:01;HLA-DRB1*11:01:01	1	1	2
two_field	leak_gourraud	HG01173	AMR	DQB1	HLA-DQB1*06:02:01;HLA-DQB1*03:01:01	1	1	2
two_field	leak_gourraud	HG01174	AMR	A	HLA-A*02:01:01;HLA-A*03:01:01	1	1	2
two_field	leak_gourraud	HG01174	AMR	B	HLA-B*35:12:01;HLA-B*53:01:01	1	1	2
two_field	leak_gourraud	HG01174	AMR	C	HLA-C*04:01:01;HLA-C*04:01:01	1	1	2
two_field	leak_gourraud	HG01174	AMR	DRB1	HLA-DRB1*01:01:01;HLA-DRB1*04:07:01	1	1	2
two_field	leak_gourraud	HG01174	AMR	DQB1	HLA-DQB1*05:01:01;HLA-DQB1*03:02:01	1	1	2
two_field	test_B_gourraud	HG01176	AMR	A	HLA-A*29:01:01;HLA-A*23:01:01	1	1	2
two_field	test_B_gourraud	HG01176	AMR	B	HLA-B*44:03:01;HLA-B*07:05:01	1	1	2
two_field	test_B_gourraud	HG01176	AMR	C	HLA-C*15:05:02;HLA-C*04:01:01	1	1	2
two_field	test_B_gourraud	HG01176	AMR	DRB1	HLA-DRB1*10:01:01;HLA-DRB1*04:05:01	1	1	2
two_field	test_B_gourraud	HG01176	AMR	DQB1	HLA-DQB1*03:02:01;HLA-DQB1*05:01:01	1	1	2
two_field	test_B_gourraud	HG01177	AMR	A	HLA-A*02:01:01;HLA-A*68:02:01	1	1	2
two_field	test_B_gourraud	HG01177	AMR	B	HLA-B*51:01:01;HLA-B*53:01:01	1	1	2
two_field	test_B_gourraud	HG01177	AMR	C	HLA-C*16:02:01;HLA-C*04:01:01	1	1	2
two_field	test_B_gourraud	HG01177	AMR	DRB1	HLA-DRB1*11:02:01;HLA-DRB1*07:01:01	1	1	2
two_field	test_B_gourraud	HG01177	AMR	DQB1	HLA-DQB1*02:02:01;HLA-DQB1*03:19:01	1	1	2
two_field	test_B_gourraud	HG01182	AMR	A	HLA-A*02:01:01;HLA-A*31:01:02	1	1	2
two_field	test_B_gourraud	HG01182	AMR	B	HLA-B*44:03:01;HLA-B*35:08:01	1	1	2
two_field	test_B_gourraud	HG01182	AMR	C	HLA-C*16:01:01;HLA-C*04:01:01	1	1	2
two_field	test_B_gourraud	HG01182	AMR	DRB1	HLA-DRB1*07:01:01;HLA-DRB1*04:03:01	1	1	2
two_field	test_B_gourraud	HG01182	AMR	DQB1	HLA-DQB1*02:02:01;HLA-DQB1*03:02:01	1	1	2
two_field	test_B_gourraud	HG01183	AMR	A	HLA-A*33:01:01;HLA-A*24:02:01	1	1	2
two_field	test_B_gourraud	HG01183	AMR	B	HLA-B*35:03:01;HLA-B*78:01:01	1	1	2
two_field	test_B_gourraud	HG01183	AMR	C	HLA-C*12:03:01;HLA-C*16:01:01	1	1	2
two_field	test_B_gourraud	HG01183	AMR	DRB1	HLA-DRB1*07:01:01;HLA-DRB1*13:01:01	1	1	2
two_field	test_B_gourraud	HG01183	AMR	DQB1	HLA-DQB1*02:02:01;HLA-DQB1*06:04:01	1	1	2
two_field	test_B_gourraud	HG01187	AMR	A	HLA-A*11:01:01;HLA-A*02:01:01	1	1	2
two_field	test_B_gourraud	HG01187	AMR	B	HLA-B*57:01:01;HLA-B*44:02:01	1	1	2
two_field	test_B_gourraud	HG01187	AMR	C	HLA-C*06:02:01;HLA-C*05:01:01	1	1	2
two_field	test_B_gourraud	HG01187	AMR	DRB1	HLA-DRB1*07:01:01;HLA-DRB1*11:01:01	1	1	2
two_field	test_B_gourraud	HG01187	AMR	DQB1	HLA-DQB1*03:03:02;HLA-DQB1*03:01:01	1	1	2
two_field	test_B_gourraud	HG01188	AMR	A	HLA-A*24:02:01;HLA-A*29:02:01	1	1	2
two_field	test_B_gourraud	HG01188	AMR	B	HLA-B*35:02:01;HLA-B*44:03:01	1	1	2
two_field	test_B_gourraud	HG01188	AMR	C	HLA-C*16:01:01;HLA-C*04:01:01	1	1	2
two_field	test_B_gourraud	HG01188	AMR	DRB1	HLA-DRB1*07:01:01;HLA-DRB1*11:04:01	1	1	2
two_field	test_B_gourraud	HG01188	AMR	DQB1	HLA-DQB1*02:02:01;HLA-DQB1*03:01:01	1	1	2
two_field	leak_gourraud	HG01190	AMR	A	HLA-A*24:02:01;HLA-A*02:01:01	1	1	2
two_field	leak_gourraud	HG01190	AMR	B	HLA-B*15:20;HLA-B*18:01:01	1	1	2
two_field	leak_gourraud	HG01190	AMR	C	HLA-C*07:01:01;HLA-C*01:02:01,HLA-C*01:150,HLA-C*01:217:01,HLA-C*01:237,HLA-C*01:247	1	0	1
two_field	leak_gourraud	HG01190	AMR	DRB1	HLA-DRB1*08:01:01;HLA-DRB1*04:04:01	1	1	2
two_field	leak_gourraud	HG01190	AMR	DQB1	HLA-DQB1*04:02:01;HLA-DQB1*03:02:01	1	1	2
two_field	leak_gourraud	HG01191	AMR	A	HLA-A*03:01:01;HLA-A*02:01:01	1	1	2
two_field	leak_gourraud	HG01191	AMR	B	HLA-B*07:02:01;HLA-B*39:05:01	1	1	2
two_field	leak_gourraud	HG01191	AMR	C	HLA-C*03:05:01;HLA-C*07:02:01	1	1	2
two_field	leak_gourraud	HG01191	AMR	DRB1	HLA-DRB1*15:01:01;HLA-DRB1*03:01:01	1	1	2
two_field	leak_gourraud	HG01191	AMR	DQB1	HLA-DQB1*06:02:01;HLA-DQB1*02:01:01	1	1	2
two_field	test_B_gourraud	HG01197	AMR	A	HLA-A*30:10;HLA-A*02:01:01	1	1	2
two_field	test_B_gourraud	HG01197	AMR	B	HLA-B*56:01:01;HLA-B*07:02:01	1	1	2
two_field	test_B_gourraud	HG01197	AMR	C	HLA-C*06:02:01;HLA-C*07:02:01	1	1	2
two_field	test_B_gourraud	HG01197	AMR	DRB1	HLA-DRB1*03:02:01;HLA-DRB1*12:01:01	1	1	2
two_field	test_B_gourraud	HG01197	AMR	DQB1	HLA-DQB1*04:02:01;HLA-DQB1*03:01:01	1	1	2
two_field	test_B_gourraud	HG01198	AMR	A	HLA-A*11:01:01;HLA-A*24:02:01	1	1	2
two_field	test_B_gourraud	HG01198	AMR	B	HLA-B*44:03:01;HLA-B*40:01:02,HLA-B*40:01:58,HLA-B*40:01:71,HLA-B*40:01:80,HLA-B*40:379:01	1	0	1
two_field	test_B_gourraud	HG01198	AMR	C	HLA-C*03:04:01;HLA-C*04:01:01	1	1	2
two_field	test_B_gourraud	HG01198	AMR	DRB1	HLA-DRB1*04:05:01;HLA-DRB1*04:04:01	1	1	2
two_field	test_B_gourraud	HG01198	AMR	DQB1	HLA-DQB1*03:02:01;HLA-DQB1*03:02:01	1	1	2
two_field	test_B_gourraud	HG01204	AMR	A	HLA-A*29:02:01;HLA-A*02:01:01	1	1	2
two_field	test_B_gourraud	HG01204	AMR	B	HLA-B*15:01:01;HLA-B*44:03:01	1	1	2
two_field	test_B_gourraud	HG01204	AMR	C	HLA-C*03:03:01;HLA-C*16:01:01	1	1	2
two_field	test_B_gourraud	HG01204	AMR	DRB1	HLA-DRB1*07:01:01;HLA-DRB1*07:01:01	1	1	2
two_field	test_B_gourraud	HG01204	AMR	DQB1	HLA-DQB1*02:02:01;HLA-DQB1*02:02:01	1	1	2
two_field	test_B_gourraud	HG01205	AMR	A	HLA-A*11:01:01;HLA-A*03:01:01	1	1	2
two_field	test_B_gourraud	HG01205	AMR	B	HLA-B*07:02:01;HLA-B*35:01:01	1	1	2
two_field	test_B_gourraud	HG01205	AMR	C	HLA-C*07:02:01;HLA-C*04:01:01	1	1	2
two_field	test_B_gourraud	HG01205	AMR	DRB1	HLA-DRB1*13:01:01;HLA-DRB1*01:01:01	1	1	2
two_field	test_B_gourraud	HG01205	AMR	DQB1	HLA-DQB1*05:01:01;HLA-DQB1*06:03:01	1	1	2
two_field	leak_gourraud	HG01241	AMR	A	HLA-A*03:01:01;HLA-A*74:01:01	1	1	2
two_field	leak_gourraud	HG01241	AMR	B	HLA-B*15:03:01;HLA-B*07:02:01	1	1	2
two_field	leak_gourraud	HG01241	AMR	C	HLA-C*07:02:01;HLA-C*02:10:01	1	1	2
two_field	leak_gourraud	HG01241	AMR	DRB1	HLA-DRB1*13:02:01;HLA-DRB1*15:01:01	1	1	2
two_field	leak_gourraud	HG01241	AMR	DQB1	HLA-DQB1*06:02:01;HLA-DQB1*06:09:01	1	1	2
two_field	leak_gourraud	HG01242	AMR	A	HLA-A*24:03:01;HLA-A*02:02:01	1	1	2
two_field	leak_gourraud	HG01242	AMR	B	HLA-B*44:03:01;HLA-B*35:01:01	1	1	2
two_field	leak_gourraud	HG01242	AMR	C	HLA-C*16:01:01;HLA-C*04:01:01	1	1	2
two_field	leak_gourraud	HG01242	AMR	DRB1	HLA-DRB1*13:01:01;HLA-DRB1*13:01:01	1	1	2
two_field	leak_gourraud	HG01242	AMR	DQB1	HLA-DQB1*06:03:01;HLA-DQB1*06:03:01	1	1	2
two_field	test_B_gourraud	HG01247	AMR	A	HLA-A*02:01:01;HLA-A*01:01:01	1	1	2
two_field	test_B_gourraud	HG01247	AMR	B	HLA-B*57:01:01;HLA-B*52:01:01	1	1	2
two_field	test_B_gourraud	HG01247	AMR	C	HLA-C*12:02:02;HLA-C*06:02:01	1	1	2
two_field	test_B_gourraud	HG01247	AMR	DRB1	HLA-DRB1*03:01:01;HLA-DRB1*07:01:01	1	1	2
two_field	test_B_gourraud	HG01247	AMR	DQB1	HLA-DQB1*02:01:01;HLA-DQB1*03:03:02	1	1	2
two_field	test_B_gourraud	HG01248	AMR	A	HLA-A*03:01:01;HLA-A*02:04:01	1	1	2
two_field	test_B_gourraud	HG01248	AMR	B	HLA-B*14:02:01;HLA-B*51:01:01	1	1	2
two_field	test_B_gourraud	HG01248	AMR	C	HLA-C*15:02:01;HLA-C*08:02:01	1	1	2
two_field	test_B_gourraud	HG01248	AMR	DRB1	HLA-DRB1*01:02:01;HLA-DRB1*04:11:01	1	1	2
two_field	test_B_gourraud	HG01248	AMR	DQB1	HLA-DQB1*04:02:01;HLA-DQB1*05:01:01	1	1	2
two_field	leak_gourraud	HG01250	AMR	A	HLA-A*68:01:02;HLA-A*24:02:01	1	1	2
two_field	leak_gourraud	HG01250	AMR	B	HLA-B*35:43:01;HLA-B*35:12:01	1	1	2
two_field	leak_gourraud	HG01250	AMR	C	HLA-C*01:02:01;HLA-C*04:01:01	1	1	2
two_field	leak_gourraud	HG01250	AMR	DRB1	HLA-DRB1*16:02:01;HLA-DRB1*04:04:01	1	1	2
two_field	leak_gourraud	HG01250	AMR	DQB1	HLA-DQB1*03:02:01;HLA-DQB1*03:01:01	1	1	2
two_field	leak_gourraud	HG01251	AMR	A	HLA-A*24:02:01;HLA-A*26:01:01	1	1	2
two_field	leak_gourraud	HG01251	AMR	B	HLA-B*49:01:01;HLA-B*35:43:01	1	1	2
two_field	leak_gourraud	HG01251	AMR	C	HLA-C*07:01:01;HLA-C*01:02:01	1	1	2
two_field	leak_gourraud	HG01251	AMR	DRB1	HLA-DRB1*04:07:01;HLA-DRB1*04:03:01	1	1	2
two_field	leak_gourraud	HG01251	AMR	DQB1	HLA-DQB1*03:02:01;HLA-DQB1*03:02:01	1	1	2
two_field	leak_gourraud	HG01253	AMR	A	HLA-A*30:02:01;HLA-A*68:02:01	1	1	2
two_field	leak_gourraud	HG01253	AMR	B	HLA-B*27:05:02;HLA-B*14:02:01	1	1	2
two_field	leak_gourraud	HG01253	AMR	C	HLA-C*08:02:01;HLA-C*01:02:01	1	1	2
two_field	leak_gourraud	HG01253	AMR	DRB1	HLA-DRB1*13:01:01;HLA-DRB1*01:02:01	1	1	2
two_field	leak_gourraud	HG01253	AMR	DQB1	HLA-DQB1*06:03:01;HLA-DQB1*05:01:01	1	1	2
two_field	leak_gourraud	HG01254	AMR	A	HLA-A*02:02:01;HLA-A*02:01:01	1	1	2
two_field	leak_gourraud	HG01254	AMR	B	HLA-B*44:02:01;HLA-B*07:02:01	1	1	2
two_field	leak_gourraud	HG01254	AMR	C	HLA-C*05:01:01;HLA-C*07:02:01	1	1	2
two_field	leak_gourraud	HG01254	AMR	DRB1	HLA-DRB1*15:03:01;HLA-DRB1*13:01:01	1	1	2
two_field	leak_gourraud	HG01254	AMR	DQB1	HLA-DQB1*06:02:01;HLA-DQB1*06:03:01	1	1	2
two_field	leak_gourraud	HG01256	AMR	A	HLA-A*02:01:01;HLA-A*02:147	1	1	2
two_field	leak_gourraud	HG01256	AMR	B	HLA-B*15:01:01;HLA-B*07:02:01	1	1	2
two_field	leak_gourraud	HG01256	AMR	C	HLA-C*07:02:01;HLA-C*03:03:01	1	1	2
two_field	leak_gourraud	HG01256	AMR	DRB1	HLA-DRB1*01:03:01;HLA-DRB1*13:01:01	1	1	2
two_field	leak_gourraud	HG01256	AMR	DQB1	HLA-DQB1*06:03:01;HLA-DQB1*05:01:01	1	1	2
two_field	leak_gourraud	HG01257	AMR	A	HLA-A*03:01:01;HLA-A*02:01:01	1	1	2
two_field	leak_gourraud	HG01257	AMR	B	HLA-B*18:01:01;HLA-B*07:02:01	1	1	2
two_field	leak_gourraud	HG01257	AMR	C	HLA-C*07:02:01;HLA-C*05:01:01	1	1	2
two_field	leak_gourraud	HG01257	AMR	DRB1	HLA-DRB1*03:01:01;HLA-DRB1*10:01:01	1	1	2
two_field	leak_gourraud	HG01257	AMR	DQB1	HLA-DQB1*05:01:01;HLA-DQB1*02:01:01	1	1	2
two_field	leak_gourraud	HG01259	AMR	A	HLA-A*02:01:01;HLA-A*03:01:01	1	1	2
two_field	leak_gourraud	HG01259	AMR	B	HLA-B*51:193:01;HLA-B*40:01:02	1	0	1
two_field	leak_gourraud	HG01259	AMR	C	HLA-C*15:02:01;HLA-C*03:04:01	1	1	2
two_field	leak_gourraud	HG01259	AMR	DRB1	HLA-DRB1*08:01:01;HLA-DRB1*09:01:02	1	1	2
two_field	leak_gourraud	HG01259	AMR	DQB1	HLA-DQB1*03:03:02;HLA-DQB1*04:02:01	1	1	2
two_field	leak_gourraud	HG01260	AMR	A	HLA-A*03:01:01;HLA-A*02:01:01	1	1	2
two_field	leak_gourraud	HG01260	AMR	B	HLA-B*07:02:01;HLA-B*14:02:01	1	1	2
two_field	leak_gourraud	HG01260	AMR	C	HLA-C*08:02:01;HLA-C*07:02:01	1	1	2
two_field	leak_gourraud	HG01260	AMR	DRB1	HLA-DRB1*01:03:01;HLA-DRB1*08:02:01	1	1	2
two_field	leak_gourraud	HG01260	AMR	DQB1	HLA-DQB1*05:01:01;HLA-DQB1*04:02:01	1	1	2
two_field	test_B_gourraud	HG01271	AMR	A	HLA-A*02:01:01;HLA-A*01:01:01	1	1	2
two_field	test_B_gourraud	HG01271	AMR	B	HLA-B*35:43:01;HLA-B*41:01:01	1	1	2
two_field	test_B_gourraud	HG01271	AMR	C	HLA-C*01:02:01;HLA-C*17:01:01	1	1	2
two_field	test_B_gourraud	HG01271	AMR	DRB1	HLA-DRB1*08:02:01;HLA-DRB1*13:02:01	1	1	2
two_field	test_B_gourraud	HG01271	AMR	DQB1	HLA-DQB1*04:02:01;HLA-DQB1*06:09:01	1	1	2
two_field	test_B_gourraud	HG01272	AMR	A	HLA-A*03:01:01;HLA-A*11:01:01	1	1	2
two_field	test_B_gourraud	HG01272	AMR	B	HLA-B*35:01:01;HLA-B*44:03:01	1	1	2
two_field	test_B_gourraud	HG01272	AMR	C	HLA-C*04:01:01;HLA-C*04:01:01	1	1	2
two_field	test_B_gourraud	HG01272	AMR	DRB1	HLA-DRB1*01:01:01;HLA-DRB1*07:01:01	1	1	2
two_field	test_B_gourraud	HG01272	AMR	DQB1	HLA-DQB1*05:01:01;HLA-DQB1*02:02:01	1	1	2
two_field	test_B_gourraud	HG01275	AMR	A	HLA-A*03:01:01;HLA-A*30:02:01	1	1	2
two_field	test_B_gourraud	HG01275	AMR	B	HLA-B*35:01:01;HLA-B*07:02:01	1	1	2
two_field	test_B_gourraud	HG01275	AMR	C	HLA-C*07:02:01;HLA-C*04:01:01	1	1	2
two_field	test_B_gourraud	HG01275	AMR	DRB1	HLA-DRB1*15:01:01;HLA-DRB1*07:01:01	1	1	2
two_field	test_B_gourraud	HG01275	AMR	DQB1	HLA-DQB1*02:02:01;HLA-DQB1*06:02:01	1	1	2
two_field	test_B_gourraud	HG01277	AMR	A	HLA-A*29:02:01;HLA-A*02:01:01	1	1	2
two_field	test_B_gourraud	HG01277	AMR	B	HLA-B*51:01:01;HLA-B*57:01:01	1	1	2
two_field	test_B_gourraud	HG01277	AMR	C	HLA-C*07:01:01;HLA-C*01:02:01	1	1	2
two_field	test_B_gourraud	HG01277	AMR	DRB1	HLA-DRB1*01:01:01;HLA-DRB1*01:01:01	1	1	2
two_field	test_B_gourraud	HG01277	AMR	DQB1	HLA-DQB1*05:01:01;HLA-DQB1*05:01:01	1	1	2
two_field	test_B_gourraud	HG01334	EUR	A	HLA-A*02:01:01;HLA-A*24:02:01	1	1	2
two_field	test_B_gourraud	HG01334	EUR	B	HLA-B*44:02:01;HLA-B*44:02:01	1	1	2
two_field	test_B_gourraud	HG01334	EUR	C	HLA-C*07:04:01;HLA-C*05:01:01	1	1	2
two_field	test_B_gourraud	HG01334	EUR	DRB1	HLA-DRB1*13:02:01;HLA-DRB1*04:01:01	1	1	2
two_field	test_B_gourraud	HG01334	EUR	DQB1	HLA-DQB1*06:04:01;HLA-DQB1*03:01:01	1	1	2
two_field	test_B_gourraud	HG01341	AMR	A	HLA-A*66:01:01;HLA-A*02:04:01	1	1	2
two_field	test_B_gourraud	HG01341	AMR	B	HLA-B*51:01:01;HLA-B*49:01:01	1	1	2
two_field	test_B_gourraud	HG01341	AMR	C	HLA-C*07:01:01;HLA-C*15:02:01	1	1	2
two_field	test_B_gourraud	HG01341	AMR	DRB1	HLA-DRB1*03:01:01;HLA-DRB1*04:11:01	1	1	2
two_field	test_B_gourraud	HG01341	AMR	DQB1	HLA-DQB1*04:02:01;HLA-DQB1*02:01:01	1	1	2
two_field	test_B_gourraud	HG01342	AMR	A	HLA-A*02:02:01;HLA-A*02:01:01	1	1	2
two_field	test_B_gourraud	HG01342	AMR	B	HLA-B*15:01:01;HLA-B*53:01:01	1	1	2
two_field	test_B_gourraud	HG01342	AMR	C	HLA-C*03:03:01;HLA-C*04:01:01	1	1	2
two_field	test_B_gourraud	HG01342	AMR	DRB1	HLA-DRB1*11:01:01;HLA-DRB1*10:01:01	1	1	2
two_field	test_B_gourraud	HG01342	AMR	DQB1	HLA-DQB1*05:01:01;HLA-DQB1*03:01:01	1	1	2
two_field	leak_gourraud	HG01344	AMR	A	HLA-A*23:01:01;HLA-A*24:02:01	1	1	2
two_field	leak_gourraud	HG01344	AMR	B	HLA-B*35:12:01;HLA-B*51:01:01,HLA-B*51:01:64	1	1	2
two_field	leak_gourraud	HG01344	AMR	C	HLA-C*14:02:01;HLA-C*04:01:01	1	1	2
two_field	leak_gourraud	HG01344	AMR	DRB1	HLA-DRB1*01:01:01;HLA-DRB1*14:02:01	1	1	2
two_field	leak_gourraud	HG01344	AMR	DQB1	HLA-DQB1*05:01:01;HLA-DQB1*03:01:01	1	1	2
two_field	leak_gourraud	HG01345	AMR	A	HLA-A*01:01:01;HLA-A*03:01:01	1	1	2
two_field	leak_gourraud	HG01345	AMR	B	HLA-B*38:01:01;HLA-B*35:08:01	1	1	2
two_field	leak_gourraud	HG01345	AMR	C	HLA-C*04:01:01;HLA-C*12:03:01	1	1	2
two_field	leak_gourraud	HG01345	AMR	DRB1	HLA-DRB1*15:01:01;HLA-DRB1*13:02:01	1	1	2
two_field	leak_gourraud	HG01345	AMR	DQB1	HLA-DQB1*05:03:01;HLA-DQB1*05:02:01	1	1	2
two_field	test_B_gourraud	HG01348	AMR	A	HLA-A*30:01:01;HLA-A*29:02:01	1	1	2
two_field	test_B_gourraud	HG01348	AMR	B	HLA-B*13:02:01;HLA-B*44:03:01	1	1	2
two_field	test_B_gourraud	HG01348	AMR	C	HLA-C*06:02:01;HLA-C*16:01:01	1	1	2
two_field	test_B_gourraud	HG01348	AMR	DRB1	HLA-DRB1*07:01:01;HLA-DRB1*01:01:01	1	1	2
two_field	test_B_gourraud	HG01348	AMR	DQB1	HLA-DQB1*05:01:01;HLA-DQB1*02:02:01	1	1	2
two_field	test_B_gourraud	HG01350	AMR	A	HLA-A*02:11:01;HLA-A*24:02:01	1	1	2
two_field	test_B_gourraud	HG01350	AMR	B	HLA-B*40:04:01;HLA-B*57:01:01	1	1	2
two_field	test_B_gourraud	HG01350	AMR	C	HLA-C*03:04:01;HLA-C*06:02:01	1	1	2
two_field	test_B_gourraud	HG01350	AMR	DRB1	HLA-DRB1*04:11:01;HLA-DRB1*04:11:01	1	1	2
two_field	test_B_gourraud	HG01350	AMR	DQB1	HLA-DQB1*03:02:01;HLA-DQB1*03:02:01	1	1	2
two_field	test_B_gourraud	HG01351	AMR	A	HLA-A*03:01:01;HLA-A*68:02:01	1	1	2
two_field	test_B_gourraud	HG01351	AMR	B	HLA-B*49:01:01;HLA-B*35:01:01	1	1	2
two_field	test_B_gourraud	HG01351	AMR	C	HLA-C*07:01:01;HLA-C*04:01:01	1	1	2
two_field	test_B_gourraud	HG01351	AMR	DRB1	HLA-DRB1*10:01:01;HLA-DRB1*01:01:01	1	1	2
two_field	test_B_gourraud	HG01351	AMR	DQB1	HLA-DQB1*05:01:01;HLA-DQB1*05:01:01	1	1	2
two_field	test_B_gourraud	HG01353	AMR	A	HLA-A*03:01:01;HLA-A*24:02:01	1	1	2
two_field	test_B_gourraud	HG01353	AMR	B	HLA-B*38:01:01;HLA-B*35:43:01	1	1	2
two_field	test_B_gourraud	HG01353	AMR	C	HLA-C*01:02:01;HLA-C*12:03:01	1	1	2
two_field	test_B_gourraud	HG01353	AMR	DRB1	HLA-DRB1*13:01:01;HLA-DRB1*04:07:01	1	1	2
two_field	test_B_gourraud	HG01353	AMR	DQB1	HLA-DQB1*06:03:01;HLA-DQB1*03:02:01	1	1	2
two_field	test_B_gourraud	HG01354	AMR	A	HLA-A*31:01:02;HLA-A*02:01:01	1	1	2
two_field	test_B_gourraud	HG01354	AMR	B	HLA-B*49:01:01;HLA-B*35:43:01	1	1	2
two_field	test_B_gourraud	HG01354	AMR	C	HLA-C*07:01:02;HLA-C*01:02:01	1	1	2
two_field	test_B_gourraud	HG01354	AMR	DRB1	HLA-DRB1*04:07:01;HLA-DRB1*13:02:01	1	1	2
two_field	test_B_gourraud	HG01354	AMR	DQB1	HLA-DQB1*03:02:01;HLA-DQB1*06:04:01	1	1	2
two_field	leak_gourraud	HG01356	AMR	A	HLA-A*24:02:01;HLA-A*68:01:02	1	1	2
two_field	leak_gourraud	HG01356	AMR	B	HLA-B*35:43:01;HLA-B*18:01:01	1	1	2
two_field	leak_gourraud	HG01356	AMR	C	HLA-C*05:01:01;HLA-C*01:02:01	1	1	2
two_field	leak_gourraud	HG01356	AMR	DRB1	HLA-DRB1*03:01:01;HLA-DRB1*04:07:01	1	1	2
two_field	leak_gourraud	HG01356	AMR	DQB1	HLA-DQB1*03:02:01;HLA-DQB1*02:01:01	1	1	2
two_field	leak_gourraud	HG01357	AMR	A	HLA-A*30:02:01;HLA-A*02:01:01	1	1	2
two_field	leak_gourraud	HG01357	AMR	B	HLA-B*27:05:02;HLA-B*49:01:01	1	1	2
two_field	leak_gourraud	HG01357	AMR	C	HLA-C*02:02:02;HLA-C*07:01:01	1	1	2
two_field	leak_gourraud	HG01357	AMR	DRB1	HLA-DRB1*13:02:01;HLA-DRB1*04:03:01	1	1	2
two_field	leak_gourraud	HG01357	AMR	DQB1	HLA-DQB1*03:02:01;HLA-DQB1*06:04:01	1	1	2
two_field	leak_gourraud	HG01359	AMR	A	HLA-A*34:02:01;HLA-A*29:02:01	1	1	2
two_field	leak_gourraud	HG01359	AMR	B	HLA-B*50:01:01;HLA-B*58:02:01	1	1	2
two_field	leak_gourraud	HG01359	AMR	C	HLA-C*06:02:01;HLA-C*06:02:01	1	1	2
two_field	leak_gourraud	HG01359	AMR	DRB1	HLA-DRB1*08:06:01;HLA-DRB1*11:02:01	1	1	2
two_field	leak_gourraud	HG01359	AMR	DQB1	HLA-DQB1*03:01:01;HLA-DQB1*06:02:01	1	1	2
two_field	leak_gourraud	HG01360	AMR	A	HLA-A*30:01:01;HLA-A*02:01:01	1	1	2
two_field	leak_gourraud	HG01360	AMR	B	HLA-B*42:01:01;HLA-B*44:03:01	1	1	2
two_field	leak_gourraud	HG01360	AMR	C	HLA-C*17:01:01;HLA-C*16:01:01	1	1	2
two_field	leak_gourraud	HG01360	AMR	DRB1	HLA-DRB1*07:01:01;HLA-DRB1*08:04:01	1	1	2
two_field	leak_gourraud	HG01360	AMR	DQB1	HLA-DQB1*02:02:01;HLA-DQB1*03:01:04	1	1	2
two_field	test_B_gourraud	HG01365	AMR	A	HLA-A*02:02:01;HLA-A*24:02:01	1	1	2
two_field	test_B_gourraud	HG01365	AMR	B	HLA-B*53:01:01;HLA-B*35:10	1	1	2
two_field	test_B_gourraud	HG01365	AMR	C	HLA-C*03:04:01;HLA-C*04:01:01	1	1	2
two_field	test_B_gourraud	HG01365	AMR	DRB1	HLA-DRB1*13:03:01;HLA-DRB1*04:07:01	1	1	2
two_field	test_B_gourraud	HG01365	AMR	DQB1	HLA-DQB1*03:02:01;HLA-DQB1*03:01:01	1	1	2
two_field	test_B_gourraud	HG01366	AMR	A	HLA-A*30:02:01;HLA-A*29:02:01	1	1	2
two_field	test_B_gourraud	HG01366	AMR	B	HLA-B*44:03:01;HLA-B*57:03:01	1	1	2
two_field	test_B_gourraud	HG01366	AMR	C	HLA-C*07:01:01;HLA-C*16:01:01	1	1	2
two_field	test_B_gourraud	HG01366	AMR	DRB1	HLA-DRB1*07:01:01;HLA-DRB1*15:03:01	1	1	2
two_field	test_B_gourraud	HG01366	AMR	DQB1	HLA-DQB1*02:02:01;HLA-DQB1*06:02:01	1	1	2
two_field	test_B_gourraud	HG01374	AMR	A	HLA-A*03:01:01;HLA-A*26:01:01	1	1	2
two_field	test_B_gourraud	HG01374	AMR	B	HLA-B*35:01:01;HLA-B*35:01:01	1	1	2
two_field	test_B_gourraud	HG01374	AMR	C	HLA-C*04:01:01;HLA-C*04:01:01	1	1	2
two_field	test_B_gourraud	HG01374	AMR	DRB1	HLA-DRB1*01:01:01;HLA-DRB1*11:04:01	1	1	2
two_field	test_B_gourraud	HG01374	AMR	DQB1	HLA-DQB1*05:01:01;HLA-DQB1*02:01:01	1	1	2
two_field	test_B_gourraud	HG01375	AMR	A	HLA-A*33:03:01;HLA-A*33:03:01	1	1	2
two_field	test_B_gourraud	HG01375	AMR	B	HLA-B*15:16:01;HLA-B*14:02:01	1	1	2
two_field	test_B_gourraud	HG01375	AMR	C	HLA-C*08:02:01;HLA-C*16:01:01	1	1	2
two_field	test_B_gourraud	HG01375	AMR	DRB1	HLA-DRB1*13:01:01;HLA-DRB1*13:03:01	1	1	2
two_field	test_B_gourraud	HG01375	AMR	DQB1	HLA-DQB1*02:02:01;HLA-DQB1*06:03:01	1	1	2
two_field	test_B_gourraud	HG01377	AMR	A	HLA-A*02:22:01;HLA-A*02:01:01	1	1	2
two_field	test_B_gourraud	HG01377	AMR	B	HLA-B*40:02:01,HLA-B*40:356;HLA-B*51:01:01	1	0	1
two_field	test_B_gourraud	HG01377	AMR	C	HLA-C*03:04:01;HLA-C*01:02:01	1	1	2
two_field	test_B_gourraud	HG01377	AMR	DRB1	HLA-DRB1*01:01:01;HLA-DRB1*04:04:01	1	1	2
two_field	test_B_gourraud	HG01377	AMR	DQB1	HLA-DQB1*03:02:01;HLA-DQB1*05:01:01	1	1	2
two_field	test_B_gourraud	HG01378	AMR	A	HLA-A*02:01:01;HLA-A*24:02:01	1	1	2
two_field	test_B_gourraud	HG01378	AMR	B	HLA-B*18:01:01;HLA-B*35:10	1	1	2
two_field	test_B_gourraud	HG01378	AMR	C	HLA-C*03:04:01;HLA-C*05:01:01	1	1	2
two_field	test_B_gourraud	HG01378	AMR	DRB1	HLA-DRB1*03:01:01;HLA-DRB1*04:05:01	1	1	2
two_field	test_B_gourraud	HG01378	AMR	DQB1	HLA-DQB1*02:01:01;HLA-DQB1*04:02:01	1	1	2
two_field	test_B_gourraud	HG01383	AMR	A	HLA-A*33:01:01;HLA-A*68:02:01	1	1	2
two_field	test_B_gourraud	HG01383	AMR	B	HLA-B*53:01:01;HLA-B*14:02:01	1	1	2
two_field	test_B_gourraud	HG01383	AMR	C	HLA-C*08:02:01;HLA-C*04:01:01	1	1	2
two_field	test_B_gourraud	HG01383	AMR	DRB1	HLA-DRB1*07:01:01;HLA-DRB1*13:02:01	1	1	2
two_field	test_B_gourraud	HG01383	AMR	DQB1	HLA-DQB1*02:02:01;HLA-DQB1*06:04:01	1	1	2
two_field	test_B_gourraud	HG01384	AMR	A	HLA-A*02:05:01;HLA-A*03:01:01	1	1	2
two_field	test_B_gourraud	HG01384	AMR	B	HLA-B*35:01:01;HLA-B*07:02:01	1	1	2
two_field	test_B_gourraud	HG01384	AMR	C	HLA-C*16:01:01;HLA-C*04:01:01	1	1	2
two_field	test_B_gourraud	HG01384	AMR	DRB1	HLA-DRB1*01:01:01;HLA-DRB1*04:07:01	1	1	2
two_field	test_B_gourraud	HG01384	AMR	DQB1	HLA-DQB1*05:01:01;HLA-DQB1*03:01:01	1	1	2
two_field	test_B_gourraud	HG01389	AMR	A	HLA-A*29:02:01;HLA-A*24:02:01	1	1	2
two_field	test_B_gourraud	HG01389	AMR	B	HLA-B*44:03:01;HLA-B*40:02:01	1	0	1
two_field	test_B_gourraud	HG01389	AMR	C	HLA-C*03:05:01;HLA-C*16:01:01	1	1	2
two_field	test_B_gourraud	HG01389	AMR	DRB1	HLA-DRB1*07:01:01;HLA-DRB1*04:07:01	1	1	2
two_field	test_B_gourraud	HG01389	AMR	DQB1	HLA-DQB1*03:02:01;HLA-DQB1*02:02:01	1	1	2
two_field	test_B_gourraud	HG01390	AMR	A	HLA-A*30:02:01;HLA-A*02:01:01	1	1	2
two_field	test_B_gourraud	HG01390	AMR	B	HLA-B*14:02:01;HLA-B*39:01:01	1	1	2
two_field	test_B_gourraud	HG01390	AMR	C	HLA-C*08:02:01;HLA-C*12:03:01	1	1	2
two_field	test_B_gourraud	HG01390	AMR	DRB1	HLA-DRB1*15:03:01;HLA-DRB1*16:01:01	1	1	2
two_field	test_B_gourraud	HG01390	AMR	DQB1	HLA-DQB1*05:02:01;HLA-DQB1*06:02:01	1	1	2
two_field	test_B_gourraud	HG01437	AMR	A	HLA-A*24:02:01;HLA-A*02:05:01	1	1	2
two_field	test_B_gourraud	HG01437	AMR	B	HLA-B*39:06:02;HLA-B*58:01:01	1	1	2
two_field	test_B_gourraud	HG01437	AMR	C	HLA-C*07:02:01;HLA-C*07:18:01	1	1	2
two_field	test_B_gourraud	HG01437	AMR	DRB1	HLA-DRB1*15:01:01;HLA-DRB1*04:14	1	0	1
two_field	test_B_gourraud	HG01437	AMR	DQB1	HLA-DQB1*03:289;HLA-DQB1*06:02:01	1	0	1
two_field	test_B_gourraud	HG01438	AMR	A	HLA-A*03:01:01;HLA-A*03:01:01	1	1	2
two_field	test_B_gourraud	HG01438	AMR	B	HLA-B*07:02:01;HLA-B*07:02:01	1	1	2
two_field	test_B_gourraud	HG01438	AMR	C	HLA-C*07:02:01;HLA-C*07:02:01	1	1	2
two_field	test_B_gourraud	HG01438	AMR	DRB1	HLA-DRB1*15:01:01;HLA-DRB1*04:04:01	1	1	2
two_field	test_B_gourraud	HG01438	AMR	DQB1	HLA-DQB1*06:02:01;HLA-DQB1*03:02:01	1	1	2
two_field	test_B_gourraud	HG01440	AMR	A	HLA-A*02:04:01;HLA-A*30:02:01	1	1	2
two_field	test_B_gourraud	HG01440	AMR	B	HLA-B*08:01:01;HLA-B*39:05:01	1	1	2
two_field	test_B_gourraud	HG01440	AMR	C	HLA-C*07:02:01;HLA-C*07:01:01	1	1	2
two_field	test_B_gourraud	HG01440	AMR	DRB1	HLA-DRB1*03:01:01;HLA-DRB1*15:02:01	1	1	2
two_field	test_B_gourraud	HG01440	AMR	DQB1	HLA-DQB1*06:01:01;HLA-DQB1*02:01:01	1	1	2
two_field	test_B_gourraud	HG01441	AMR	A	HLA-A*23:01:01;HLA-A*24:02:01	1	1	2
two_field	test_B_gourraud	HG01441	AMR	B	HLA-B*14:02:01;HLA-B*39:05:01	1	1	2
two_field	test_B_gourraud	HG01441	AMR	C	HLA-C*07:02:01;HLA-C*08:02:01	1	1	2
two_field	test_B_gourraud	HG01441	AMR	DRB1	HLA-DRB1*01:02:01;HLA-DRB1*13:01:01	1	1	2
two_field	test_B_gourraud	HG01441	AMR	DQB1	HLA-DQB1*06:03:01;HLA-DQB1*05:01:01	1	1	2
two_field	test_B_gourraud	HG01455	AMR	A	HLA-A*24:03:01;HLA-A*02:01:01	1	1	2
two_field	test_B_gourraud	HG01455	AMR	B	HLA-B*35:05:01;HLA-B*44:02:01	1	1	2
two_field	test_B_gourraud	HG01455	AMR	C	HLA-C*05:01:01;HLA-C*04:01:01	1	1	2
two_field	test_B_gourraud	HG01455	AMR	DRB1	HLA-DRB1*04:03:01;HLA-DRB1*04:11:01	1	1	2
two_field	test_B_gourraud	HG01455	AMR	DQB1	HLA-DQB1*03:02:01;HLA-DQB1*03:02:01	1	1	2
two_field	test_B_gourraud	HG01456	AMR	A	HLA-A*32:01:01;HLA-A*31:01:02	1	1	2
two_field	test_B_gourraud	HG01456	AMR	B	HLA-B*35:08:01;HLA-B*40:02:01	1	1	2
two_field	test_B_gourraud	HG01456	AMR	C	HLA-C*03:05:01;HLA-C*04:01:01,HLA-C*04:275:01	1	0	1
two_field	test_B_gourraud	HG01456	AMR	DRB1	HLA-DRB1*14:02:01;HLA-DRB1*15:01:01	1	1	2
two_field	test_B_gourraud	HG01456	AMR	DQB1	HLA-DQB1*05:02:01;HLA-DQB1*03:01:01	1	1	2
two_field	test_B_gourraud	HG01461	AMR	A	HLA-A*68:02:01;HLA-A*24:02:01	1	1	2
two_field	test_B_gourraud	HG01461	AMR	B	HLA-B*40:02:01;HLA-B*58:01:01,HLA-B*58:120	1	0	1
two_field	test_B_gourraud	HG01461	AMR	C	HLA-C*03:04:01;HLA-C*07:18:01	1	1	2
two_field	test_B_gourraud	HG01461	AMR	DRB1	HLA-DRB1*03:02:01;HLA-DRB1*14:02:01	1	0	1
two_field	test_B_gourraud	HG01461	AMR	DQB1	HLA-DQB1*04:02:01;HLA-DQB1*03:01:01	1	1	2
two_field	test_B_gourraud	HG01462	AMR	A	HLA-A*74:01:01;HLA-A*03:01:01	1	1	2
two_field	test_B_gourraud	HG01462	AMR	B	HLA-B*81:01:01;HLA-B*35:08:01	1	1	2
two_field	test_B_gourraud	HG01462	AMR	C	HLA-C*08:04:01;HLA-C*04:01:01	1	1	2
two_field	test_B_gourraud	HG01462	AMR	DRB1	HLA-DRB1*12:01:01;HLA-DRB1*13:03:01	1	1	2
two_field	test_B_gourraud	HG01462	AMR	DQB1	HLA-DQB1*05:01:01;HLA-DQB1*03:01:01	1	1	2
two_field	test_B_gourraud	HG01464	AMR	A	HLA-A*02:01:01;HLA-A*24:02:01	1	1	2
two_field	test_B_gourraud	HG01464	AMR	B	HLA-B*35:43:01;HLA-B*44:02:01	1	1	2
two_field	test_B_gourraud	HG01464	AMR	C	HLA-C*01:02:01;HLA-C*05:01:01	1	1	2
two_field	test_B_gourraud	HG01464	AMR	DRB1	HLA-DRB1*01:01:01;HLA-DRB1*04:11:01	1	1	2
two_field	test_B_gourraud	HG01464	AMR	DQB1	HLA-DQB1*05:01:01;HLA-DQB1*03:02:01	1	1	2
two_field	test_B_gourraud	HG01465	AMR	A	HLA-A*03:01:01;HLA-A*02:01:01	1	1	2
two_field	test_B_gourraud	HG01465	AMR	B	HLA-B*51:01:01;HLA-B*51:193:01	1	0	1
two_field	test_B_gourraud	HG01465	AMR	C	HLA-C*15:02:01;HLA-C*01:02:01	1	1	2
two_field	test_B_gourraud	HG01465	AMR	DRB1	HLA-DRB1*09:01:02;HLA-DRB1*13:01:01	1	1	2
two_field	test_B_gourraud	HG01465	AMR	DQB1	HLA-DQB1*03:03:02;HLA-DQB1*03:03:02	1	1	2
two_field	test_B_gourraud	HG01488	AMR	A	HLA-A*68:01:02;HLA-A*23:01:01	1	1	2
two_field	test_B_gourraud	HG01488	AMR	B	HLA-B*44:03:01;HLA-B*39:11	1	1	2
two_field	test_B_gourraud	HG01488	AMR	C	HLA-C*07:02:01;HLA-C*04:01:01	1	1	2
two_field	test_B_gourraud	HG01488	AMR	DRB1	HLA-DRB1*07:01:01;HLA-DRB1*16:02:01	1	1	2
two_field	test_B_gourraud	HG01488	AMR	DQB1	HLA-DQB1*02:02:01;HLA-DQB1*03:01:01	1	1	2
two_field	test_B_gourraud	HG01489	AMR	A	HLA-A*03:01:01;HLA-A*01:01:01	1	1	2
two_field	test_B_gourraud	HG01489	AMR	B	HLA-B*15:17:01;HLA-B*35:01:01	1	1	2
two_field	test_B_gourraud	HG01489	AMR	C	HLA-C*07:01:02;HLA-C*04:01:01,HLA-C*04:01:108,HLA-C*04:01:109,HLA-C*04:09L,HLA-C*04:409,HLA-C*04:456Q,HLA-C*04:470,HLA-C*04:502,HLA-C*04:521,HLA-C*04:527	1	0	1
two_field	test_B_gourraud	HG01489	AMR	DRB1	HLA-DRB1*01:01:01;HLA-DRB1*13:02:01	1	1	2
two_field	test_B_gourraud	HG01489	AMR	DQB1	HLA-DQB1*06:04:01;HLA-DQB1*05:01:01	1	1	2
two_field	test_B_gourraud	HG01491	AMR	A	HLA-A*01:01:01;HLA-A*01:01:01	1	1	2
two_field	test_B_gourraud	HG01491	AMR	B	HLA-B*57:01:01;HLA-B*14:02:01	1	1	2
two_field	test_B_gourraud	HG01491	AMR	C	HLA-C*08:02:01;HLA-C*06:02:01	1	1	2
two_field	test_B_gourraud	HG01491	AMR	DRB1	HLA-DRB1*07:01:01;HLA-DRB1*13:01:01	1	0	1
two_field	test_B_gourraud	HG01491	AMR	DQB1	HLA-DQB1*02:02:01;HLA-DQB1*06:03:01	1	1	2
two_field	test_B_gourraud	HG01492	AMR	A	HLA-A*24:02:01;HLA-A*30:01:01	1	1	2
two_field	test_B_gourraud	HG01492	AMR	B	HLA-B*42:02:01;HLA-B*39:06:02	1	1	2
two_field	test_B_gourraud	HG01492	AMR	C	HLA-C*07:02:01;HLA-C*17:01:01	1	1	2
two_field	test_B_gourraud	HG01492	AMR	DRB1	HLA-DRB1*15:01:01;HLA-DRB1*13:03:01	1	1	2
two_field	test_B_gourraud	HG01492	AMR	DQB1	HLA-DQB1*06:02:01;HLA-DQB1*03:01:01	1	1	2
two_field	leak_gourraud	HG01494	AMR	A	HLA-A*02:01:01;HLA-A*24:02:01	1	1	2
two_field	leak_gourraud	HG01494	AMR	B	HLA-B*07:02:01;HLA-B*35:43:01	1	1	2
two_field	leak_gourraud	HG01494	AMR	C	HLA-C*01:02:01;HLA-C*07:02:01	1	1	2
two_field	leak_gourraud	HG01494	AMR	DRB1	HLA-DRB1*01:03:01;HLA-DRB1*08:02:01	1	1	2
two_field	leak_gourraud	HG01494	AMR	DQB1	HLA-DQB1*04:02:01;HLA-DQB1*05:01:01	1	1	2
two_field	leak_gourraud	HG01495	AMR	A	HLA-A*68:01:01;HLA-A*24:02:01	1	1	2
two_field	leak_gourraud	HG01495	AMR	B	HLA-B*40:02:01;HLA-B*18:01:01	1	1	2
two_field	leak_gourraud	HG01495	AMR	C	HLA-C*05:01:01;HLA-C*03:05:01	1	1	2
two_field	leak_gourraud	HG01495	AMR	DRB1	HLA-DRB1*03:02:01;HLA-DRB1*04:03:01	1	1	2
two_field	leak_gourraud	HG01495	AMR	DQB1	HLA-DQB1*03:02:01;HLA-DQB1*04:02:01	1	1	2
two_field	test_B_gourraud	HG01497	AMR	A	HLA-A*24:02:01;HLA-A*03:01:01	1	1	2
two_field	test_B_gourraud	HG01497	AMR	B	HLA-B*14:02:01;HLA-B*15:01:01	1	1	2
two_field	test_B_gourraud	HG01497	AMR	C	HLA-C*08:02:01;HLA-C*01:02:01	1	1	2
two_field	test_B_gourraud	HG01497	AMR	DRB1	HLA-DRB1*16:02:01;HLA-DRB1*08:02:01	1	1	2
two_field	test_B_gourraud	HG01497	AMR	DQB1	HLA-DQB1*04:02:01;HLA-DQB1*03:01:01	1	1	2
two_field	test_B_gourraud	HG01498	AMR	A	HLA-A*03:01:01;HLA-A*24:02:01	1	1	2
two_field	test_B_gourraud	HG01498	AMR	B	HLA-B*40:02:01;HLA-B*35:01:01,HLA-B*35:370,HLA-B*35:615	1	0	1
two_field	test_B_gourraud	HG01498	AMR	C	HLA-C*03:05:01;HLA-C*04:01:01	1	1	2
two_field	test_B_gourraud	HG01498	AMR	DRB1	HLA-DRB1*01:01:01;HLA-DRB1*04:07:01	1	1	2
two_field	test_B_gourraud	HG01498	AMR	DQB1	HLA-DQB1*05:01:01;HLA-DQB1*03:02:01	1	1	2
two_field	test_B_gourraud	HG01550	AMR	A	HLA-A*31:01:02;HLA-A*24:02:01	1	1	2
two_field	test_B_gourraud	HG01550	AMR	B	HLA-B*35:12:01;HLA-B*51:01:01	1	1	2
two_field	test_B_gourraud	HG01550	AMR	C	HLA-C*04:01:01;HLA-C*15:02:01	1	1	2
two_field	test_B_gourraud	HG01550	AMR	DRB1	HLA-DRB1*04:08:01;HLA-DRB1*04:07:01	1	1	2
two_field	test_B_gourraud	HG01550	AMR	DQB1	HLA-DQB1*03:02:01;HLA-DQB1*03:01:01	1	1	2
two_field	test_B_gourraud	HG01551	AMR	A	HLA-A*33:03:01;HLA-A*29:02:01	1	1	2
two_field	test_B_gourraud	HG01551	AMR	B	HLA-B*15:16:01;HLA-B*07:06:01	1	1	2
two_field	test_B_gourraud	HG01551	AMR	C	HLA-C*14:02:01;HLA-C*15:05:02	1	1	2
two_field	test_B_gourraud	HG01551	AMR	DRB1	HLA-DRB1*01:02:01;HLA-DRB1*11:01:02	1	1	2
two_field	test_B_gourraud	HG01551	AMR	DQB1	HLA-DQB1*05:01:01;HLA-DQB1*03:01:01	1	1	2
two_field	test_B_gourraud	NA06985	EUR	A	HLA-A*03:01:01;HLA-A*02:01:01	1	1	2
two_field	test_B_gourraud	NA06985	EUR	B	HLA-B*57:01:01;HLA-B*07:02:01,HLA-B*07:529	1	0	1
two_field	test_B_gourraud	NA06985	EUR	C	HLA-C*07:02:01;HLA-C*06:02:01	1	1	2
two_field	test_B_gourraud	NA06985	EUR	DRB1	HLA-DRB1*15:01:01;HLA-DRB1*15:01:01	1	1	2
two_field	test_B_gourraud	NA06985	EUR	DQB1	HLA-DQB1*06:02:01;HLA-DQB1*06:02:01	1	1	2
two_field	test_B_gourraud	NA06986	EUR	A	HLA-A*32:01:01;HLA-A*03:01:01	1	1	2
two_field	test_B_gourraud	NA06986	EUR	B	HLA-B*44:03:01;HLA-B*44:03:01	1	1	2
two_field	test_B_gourraud	NA06986	EUR	C	HLA-C*16:01:01;HLA-C*04:01:01	1	1	2
two_field	test_B_gourraud	NA06986	EUR	DRB1	HLA-DRB1*07:01:01;HLA-DRB1*07:01:01	1	1	2
two_field	test_B_gourraud	NA06986	EUR	DQB1	HLA-DQB1*02:02:01;HLA-DQB1*02:02:01	1	0	0
two_field	test_B_gourraud	NA06994	EUR	A	HLA-A*32:01:01;HLA-A*02:01:01	1	1	2
two_field	test_B_gourraud	NA06994	EUR	B	HLA-B*08:01:01;HLA-B*40:02:01	1	1	2
two_field	test_B_gourraud	NA06994	EUR	C	HLA-C*07:01:01;HLA-C*02:02:02	1	1	2
two_field	test_B_gourraud	NA06994	EUR	DRB1	HLA-DRB1*01:01:01;HLA-DRB1*04:04:01	1	1	2
two_field	test_B_gourraud	NA06994	EUR	DQB1	HLA-DQB1*03:02:01;HLA-DQB1*05:01:01	1	1	2
two_field	test_B_gourraud	NA07000	EUR	A	HLA-A*02:01:01;HLA-A*68:01:02	1	1	2
two_field	test_B_gourraud	NA07000	EUR	B	HLA-B*44:02:01;HLA-B*40:01:02	1	1	2
two_field	test_B_gourraud	NA07000	EUR	C	HLA-C*07:04:01;HLA-C*03:04:01	1	1	2
two_field	test_B_gourraud	NA07000	EUR	DRB1	HLA-DRB1*03:01:01;HLA-DRB1*11:01:01	1	1	2
two_field	test_B_gourraud	NA07000	EUR	DQB1	HLA-DQB1*02:01:01;HLA-DQB1*03:01:01	1	1	2
two_field	test_B_gourraud	NA07037	EUR	A	HLA-A*31:01:02;HLA-A*30:01:01	1	1	2
two_field	test_B_gourraud	NA07037	EUR	B	HLA-B*40:01:02;HLA-B*15:10:01	1	1	2
two_field	test_B_gourraud	NA07037	EUR	C	HLA-C*03:04:01;HLA-C*03:04:02	1	1	2
two_field	test_B_gourraud	NA07037	EUR	DRB1	HLA-DRB1*04:04:01;HLA-DRB1*13:02:01	1	1	2
two_field	test_B_gourraud	NA07037	EUR	DQB1	HLA-DQB1*03:02:01;HLA-DQB1*06:04:01	1	1	2
two_field	test_B_gourraud	NA07048	EUR	A	HLA-A*02:01:01;HLA-A*02:01:01	1	1	2
two_field	test_B_gourraud	NA07048	EUR	B	HLA-B*07:02:01;HLA-B*44:02:01	1	1	2
two_field	test_B_gourraud	NA07048	EUR	C	HLA-C*05:01:01;HLA-C*07:02:01	1	1	2
two_field	test_B_gourraud	NA07048	EUR	DRB1	HLA-DRB1*04:01:01;HLA-DRB1*15:01:01	1	1	2
two_field	test_B_gourraud	NA07048	EUR	DQB1	HLA-DQB1*06:02:01;HLA-DQB1*03:01:01	1	1	2
two_field	test_B_gourraud	NA07051	EUR	A	HLA-A*68:01:02;HLA-A*02:01:01	1	1	2
two_field	test_B_gourraud	NA07051	EUR	B	HLA-B*07:02:01;HLA-B*15:01:01	1	1	2
two_field	test_B_gourraud	NA07051	EUR	C	HLA-C*07:02:01;HLA-C*03:03:01	1	1	2
two_field	test_B_gourraud	NA07051	EUR	DRB1	HLA-DRB1*15:01:01;HLA-DRB1*04:01:01	1	1	2
two_field	test_B_gourraud	NA07051	EUR	DQB1	HLA-DQB1*06:02:01;HLA-DQB1*03:01:01	1	1	2
two_field	test_B_gourraud	NA07056	EUR	A	HLA-A*01:01:01;HLA-A*02:01:01	1	1	2
two_field	test_B_gourraud	NA07056	EUR	B	HLA-B*57:01:01;HLA-B*08:01:01	1	1	2
two_field	test_B_gourraud	NA07056	EUR	C	HLA-C*07:01:01;HLA-C*06:02:01	1	1	2
two_field	test_B_gourraud	NA07056	EUR	DRB1	HLA-DRB1*07:01:01;HLA-DRB1*03:01:01	1	1	2
two_field	test_B_gourraud	NA07056	EUR	DQB1	HLA-DQB1*03:03:02;HLA-DQB1*02:01:01	1	1	2
two_field	test_B_gourraud	NA07347	EUR	A	HLA-A*26:01:01;HLA-A*30:02:01	1	1	2
two_field	test_B_gourraud	NA07347	EUR	B	HLA-B*18:01:01;HLA-B*44:02:01	1	1	2
two_field	test_B_gourraud	NA07347	EUR	C	HLA-C*05:01:01;HLA-C*05:01:01	1	1	2
two_field	test_B_gourraud	NA07347	EUR	DRB1	HLA-DRB1*03:01:01;HLA-DRB1*11:04:01	1	1	2
two_field	test_B_gourraud	NA07347	EUR	DQB1	HLA-DQB1*02:01:01;HLA-DQB1*03:01:01	1	1	2
two_field	test_B_gourraud	NA07357	EUR	A	HLA-A*01:01:01;HLA-A*24:02:01	1	1	2
two_field	test_B_gourraud	NA07357	EUR	B	HLA-B*39:06:02;HLA-B*08:01:01	1	1	2
two_field	test_B_gourraud	NA07357	EUR	C	HLA-C*07:02:01;HLA-C*07:01:01	1	1	2
two_field	test_B_gourraud	NA07357	EUR	DRB1	HLA-DRB1*03:01:01;HLA-DRB1*04:04:01	1	1	2
two_field	test_B_gourraud	NA07357	EUR	DQB1	HLA-DQB1*02:01:01;HLA-DQB1*03:02:01	1	1	2
two_field	test_B_gourraud	NA10847	EUR	A	HLA-A*03:01:01;HLA-A*25:01:01	1	1	2
two_field	test_B_gourraud	NA10847	EUR	B	HLA-B*18:01:01;HLA-B*08:01:01	1	1	2
two_field	test_B_gourraud	NA10847	EUR	C	HLA-C*07:01:01;HLA-C*12:03:01	1	0	1
two_field	test_B_gourraud	NA10847	EUR	DRB1	HLA-DRB1*01:01:01;HLA-DRB1*01:01:01	1	1	2
two_field	test_B_gourraud	NA10847	EUR	DQB1	HLA-DQB1*05:01:01;HLA-DQB1*05:01:01	1	1	2
two_field	test_B_gourraud	NA10851	EUR	A	HLA-A*01:01:01;HLA-A*24:02:01	1	1	2
two_field	test_B_gourraud	NA10851	EUR	B	HLA-B*08:01:01;HLA-B*40:01:02	1	1	2
two_field	test_B_gourraud	NA10851	EUR	C	HLA-C*07:01:01;HLA-C*03:04:01	1	1	2
two_field	test_B_gourraud	NA10851	EUR	DRB1	HLA-DRB1*07:01:01;HLA-DRB1*04:04:01	1	1	2
two_field	test_B_gourraud	NA10851	EUR	DQB1	HLA-DQB1*03:03:02;HLA-DQB1*03:02:01	1	1	2
two_field	test_B_gourraud	NA11829	EUR	A	HLA-A*02:01:01;HLA-A*02:01:01	1	1	2
two_field	test_B_gourraud	NA11829	EUR	B	HLA-B*44:02:01;HLA-B*15:01:01	1	1	2
two_field	test_B_gourraud	NA11829	EUR	C	HLA-C*05:01:01;HLA-C*03:04:01	1	1	2
two_field	test_B_gourraud	NA11829	EUR	DRB1	HLA-DRB1*04:01:01;HLA-DRB1*04:01:01	1	1	2
two_field	test_B_gourraud	NA11829	EUR	DQB1	HLA-DQB1*03:02:01;HLA-DQB1*03:01:01	1	1	2
two_field	test_B_gourraud	NA11830	EUR	A	HLA-A*02:01:01;HLA-A*02:01:01	1	1	2
two_field	test_B_gourraud	NA11830	EUR	B	HLA-B*14:01:01;HLA-B*14:02:01	1	1	2
two_field	test_B_gourraud	NA11830	EUR	C	HLA-C*08:02:01;HLA-C*08:02:01	1	1	2
two_field	test_B_gourraud	NA11830	EUR	DRB1	HLA-DRB1*07:01:01;HLA-DRB1*13:03:01	1	1	2
two_field	test_B_gourraud	NA11830	EUR	DQB1	HLA-DQB1*02:02:01;HLA-DQB1*03:01:01	1	0	1
two_field	test_B_gourraud	NA11831	EUR	A	HLA-A*03:01:01;HLA-A*01:01:01	1	1	2
two_field	test_B_gourraud	NA11831	EUR	B	HLA-B*07:02:01;HLA-B*08:01:01	1	1	2
two_field	test_B_gourraud	NA11831	EUR	C	HLA-C*07:01:01;HLA-C*07:02:01	1	1	2
two_field	test_B_gourraud	NA11831	EUR	DRB1	HLA-DRB1*03:01:01;HLA-DRB1*15:01:01	1	1	2
two_field	test_B_gourraud	NA11831	EUR	DQB1	HLA-DQB1*02:01:01;HLA-DQB1*06:02:01	1	1	2
two_field	test_B_gourraud	NA11832	EUR	A	HLA-A*02:01:01;HLA-A*32:01:01	1	1	2
two_field	test_B_gourraud	NA11832	EUR	B	HLA-B*27:05:02;HLA-B*40:02:01	1	0	1
two_field	test_B_gourraud	NA11832	EUR	C	HLA-C*02:02:02;HLA-C*07:04:01	1	1	2
two_field	test_B_gourraud	NA11832	EUR	DRB1	HLA-DRB1*15:01:01;HLA-DRB1*13:01:01	1	1	2
two_field	test_B_gourraud	NA11832	EUR	DQB1	HLA-DQB1*06:03:01;HLA-DQB1*06:02:01	1	1	2
two_field	test_B_gourraud	NA11840	EUR	A	HLA-A*02:01:01;HLA-A*02:01:01	1	1	2
two_field	test_B_gourraud	NA11840	EUR	B	HLA-B*57:01:01;HLA-B*27:05:03	1	0	1
two_field	test_B_gourraud	NA11840	EUR	C	HLA-C*02:02:02;HLA-C*06:02:01	1	1	2
two_field	test_B_gourraud	NA11840	EUR	DRB1	HLA-DRB1*07:01:01;HLA-DRB1*04:04:01	1	1	2
two_field	test_B_gourraud	NA11840	EUR	DQB1	HLA-DQB1*03:03:02;HLA-DQB1*03:02:01	1	1	2
two_field	test_B_gourraud	NA11843	EUR	A	HLA-A*11:01:01;HLA-A*02:01:01	1	1	2
two_field	test_B_gourraud	NA11843	EUR	B	HLA-B*51:01:01;HLA-B*15:01:01	1	1	2
two_field	test_B_gourraud	NA11843	EUR	C	HLA-C*03:04:01;HLA-C*15:02:01	1	1	2
two_field	test_B_gourraud	NA11843	EUR	DRB1	HLA-DRB1*04:04:01;HLA-DRB1*04:01:01	1	1	2
two_field	test_B_gourraud	NA11843	EUR	DQB1	HLA-DQB1*03:02:01;HLA-DQB1*03:01:01	1	1	2
two_field	test_B_gourraud	NA11881	EUR	A	HLA-A*03:01:01;HLA-A*26:01:01	1	1	2
two_field	test_B_gourraud	NA11881	EUR	B	HLA-B*07:02:01;HLA-B*07:02:01	1	1	2
two_field	test_B_gourraud	NA11881	EUR	C	HLA-C*07:02:01;HLA-C*07:02:01	1	1	2
two_field	test_B_gourraud	NA11881	EUR	DRB1	HLA-DRB1*15:01:01;HLA-DRB1*15:01:01	1	1	2
two_field	test_B_gourraud	NA11881	EUR	DQB1	HLA-DQB1*06:02:01;HLA-DQB1*06:02:01	1	1	2
two_field	test_B_gourraud	NA11892	EUR	A	HLA-A*23:01:01;HLA-A*02:01:01	1	1	2
two_field	test_B_gourraud	NA11892	EUR	B	HLA-B*49:01:01;HLA-B*13:02:01	1	1	2
two_field	test_B_gourraud	NA11892	EUR	C	HLA-C*07:01:01;HLA-C*06:02:01	1	1	2
two_field	test_B_gourraud	NA11892	EUR	DRB1	HLA-DRB1*07:01:01;HLA-DRB1*08:01:01	1	1	2
two_field	test_B_gourraud	NA11892	EUR	DQB1	HLA-DQB1*04:02:01;HLA-DQB1*02:02:01	1	0	1
two_field	test_B_gourraud	NA11893	EUR	A	HLA-A*02:01:01;HLA-A*02:01:01	1	1	2
two_field	test_B_gourraud	NA11893	EUR	B	HLA-B*15:01:01,HLA-B*15:01:84,HLA-B*15:542,HLA-B*15:632;HLA-B*44:02:01	1	0	1
two_field	test_B_gourraud	NA11893	EUR	C	HLA-C*03:04:01;HLA-C*05:01:01	1	1	2
two_field	test_B_gourraud	NA11893	EUR	DRB1	HLA-DRB1*04:01:01;HLA-DRB1*04:01:01	1	1	2
two_field	test_B_gourraud	NA11893	EUR	DQB1	HLA-DQB1*03:02:01;HLA-DQB1*03:01:01	1	1	2
two_field	test_B_gourraud	NA11894	EUR	A	HLA-A*24:02:01;HLA-A*01:01:01	1	1	2
two_field	test_B_gourraud	NA11894	EUR	B	HLA-B*08:01:01;HLA-B*55:01:01	1	1	2
two_field	test_B_gourraud	NA11894	EUR	C	HLA-C*03:03:01;HLA-C*07:01:01	1	1	2
two_field	test_B_gourraud	NA11894	EUR	DRB1	HLA-DRB1*03:01:01;HLA-DRB1*15:01:01	1	1	2
two_field	test_B_gourraud	NA11894	EUR	DQB1	HLA-DQB1*02:01:01;HLA-DQB1*06:02:01	1	1	2
two_field	test_B_gourraud	NA11918	EUR	A	HLA-A*01:01:01;HLA-A*02:01:01	1	1	2
two_field	test_B_gourraud	NA11918	EUR	B	HLA-B*44:02:01;HLA-B*07:02:01	1	1	2
two_field	test_B_gourraud	NA11918	EUR	C	HLA-C*07:01:01;HLA-C*05:01:01	1	1	2
two_field	test_B_gourraud	NA11918	EUR	DRB1	HLA-DRB1*04:01:01;HLA-DRB1*15:01:01	1	1	2
two_field	test_B_gourraud	NA11918	EUR	DQB1	HLA-DQB1*06:02:01;HLA-DQB1*03:01:01	1	1	2
two_field	test_B_gourraud	NA11919	EUR	A	HLA-A*11:01:01;HLA-A*02:01:01	1	1	2
two_field	test_B_gourraud	NA11919	EUR	B	HLA-B*57:01:01;HLA-B*15:01:01	1	1	2
two_field	test_B_gourraud	NA11919	EUR	C	HLA-C*06:02:01;HLA-C*04:01:01	1	1	2
two_field	test_B_gourraud	NA11919	EUR	DRB1	HLA-DRB1*01:01:01;HLA-DRB1*07:01:01	1	1	2
two_field	test_B_gourraud	NA11919	EUR	DQB1	HLA-DQB1*05:01:01;HLA-DQB1*03:03:02	1	1	2
two_field	test_B_gourraud	NA11920	EUR	A	HLA-A*02:01:01;HLA-A*02:01:01	1	1	2
two_field	test_B_gourraud	NA11920	EUR	B	HLA-B*44:02:01;HLA-B*55:01:01	1	1	2
two_field	test_B_gourraud	NA11920	EUR	C	HLA-C*03:03:01;HLA-C*05:01:01	1	1	2
two_field	test_B_gourraud	NA11920	EUR	DRB1	HLA-DRB1*14:54:01;HLA-DRB1*04:01:01	1	0	1
two_field	test_B_gourraud	NA11920	EUR	DQB1	HLA-DQB1*05:03:01;HLA-DQB1*03:01:01	1	1	2
two_field	test_B_gourraud	NA11930	EUR	A	HLA-A*24:02:01;HLA-A*02:01:01	1	1	2
two_field	test_B_gourraud	NA11930	EUR	B	HLA-B*13:02:01;HLA-B*13:02:01	1	1	2
two_field	test_B_gourraud	NA11930	EUR	C	HLA-C*06:02:01;HLA-C*06:02:01	1	1	2
two_field	test_B_gourraud	NA11930	EUR	DRB1	HLA-DRB1*07:01:01;HLA-DRB1*15:01:01	1	1	2
two_field	test_B_gourraud	NA11930	EUR	DQB1	HLA-DQB1*06:02:01;HLA-DQB1*02:02:01	1	0	1
two_field	test_B_gourraud	NA11931	EUR	A	HLA-A*03:01:01;HLA-A*02:01:01	1	1	2
two_field	test_B_gourraud	NA11931	EUR	B	HLA-B*07:02:01;HLA-B*44:02:01	1	1	2
two_field	test_B_gourraud	NA11931	EUR	C	HLA-C*07:02:01;HLA-C*05:01:01	1	1	2
two_field	test_B_gourraud	NA11931	EUR	DRB1	HLA-DRB1*15:01:01;HLA-DRB1*03:01:01	1	1	2
two_field	test_B_gourraud	NA11931	EUR	DQB1	HLA-DQB1*02:01:01;HLA-DQB1*06:02:01	1	1	2
two_field	test_B_gourraud	NA11992	EUR	A	HLA-A*02:01:01;HLA-A*01:01:01	1	1	2
two_field	test_B_gourraud	NA11992	EUR	B	HLA-B*08:01:01;HLA-B*35:01:01,HLA-B*35:370,HLA-B*35:615	1	0	1
two_field	test_B_gourraud	NA11992	EUR	C	HLA-C*04:01:01;HLA-C*07:01:01	1	1	2
two_field	test_B_gourraud	NA11992	EUR	DRB1	HLA-DRB1*03:01:01;HLA-DRB1*01:01:01	1	1	2
two_field	test_B_gourraud	NA11992	EUR	DQB1	HLA-DQB1*05:01:01;HLA-DQB1*02:01:01	1	1	2
two_field	test_B_gourraud	NA11994	EUR	A	HLA-A*01:01:01;HLA-A*11:01:01	1	1	2
two_field	test_B_gourraud	NA11994	EUR	B	HLA-B*07:02:01;HLA-B*51:01:01	1	1	2
two_field	test_B_gourraud	NA11994	EUR	C	HLA-C*07:02:01;HLA-C*15:13:01	1	0	1
two_field	test_B_gourraud	NA11994	EUR	DRB1	HLA-DRB1*04:04:01;HLA-DRB1*04:02:01	1	1	2
two_field	test_B_gourraud	NA11994	EUR	DQB1	HLA-DQB1*03:02:01;HLA-DQB1*03:02:01	1	1	2
two_field	test_B_gourraud	NA11995	EUR	A	HLA-A*01:01:01;HLA-A*01:01:01	1	1	2
two_field	test_B_gourraud	NA11995	EUR	B	HLA-B*57:01:01;HLA-B*08:01:01	1	1	2
two_field	test_B_gourraud	NA11995	EUR	C	HLA-C*07:01:01;HLA-C*06:02:01	1	1	2
two_field	test_B_gourraud	NA11995	EUR	DRB1	HLA-DRB1*15:01:01;HLA-DRB1*13:01:01	1	1	2
two_field	test_B_gourraud	NA11995	EUR	DQB1	HLA-DQB1*06:02:01;HLA-DQB1*06:03:01	1	1	2
two_field	test_B_gourraud	NA12003	EUR	A	HLA-A*02:01:01;HLA-A*02:01:01	1	1	2
two_field	test_B_gourraud	NA12003	EUR	B	HLA-B*13:02:01;HLA-B*08:01:01	1	1	2
two_field	test_B_gourraud	NA12003	EUR	C	HLA-C*07:01:01;HLA-C*06:02:01	1	1	2
two_field	test_B_gourraud	NA12003	EUR	DRB1	HLA-DRB1*15:01:01;HLA-DRB1*04:01:01	1	1	2
two_field	test_B_gourraud	NA12003	EUR	DQB1	HLA-DQB1*03:02:01;HLA-DQB1*06:02:01	1	1	2
two_field	test_B_gourraud	NA12004	EUR	A	HLA-A*02:01:01;HLA-A*24:02:01	1	1	2
two_field	test_B_gourraud	NA12004	EUR	B	HLA-B*07:02:01;HLA-B*07:02:01	1	1	2
two_field	test_B_gourraud	NA12004	EUR	C	HLA-C*07:02:01;HLA-C*07:02:01	1	1	2
two_field	test_B_gourraud	NA12004	EUR	DRB1	HLA-DRB1*01:01:01;HLA-DRB1*15:01:01	1	1	2
two_field	test_B_gourraud	NA12004	EUR	DQB1	HLA-DQB1*05:01:01;HLA-DQB1*06:02:01	1	1	2
two_field	test_B_gourraud	NA12005	EUR	A	HLA-A*29:02:01;HLA-A*02:01:01	1	1	2
two_field	test_B_gourraud	NA12005	EUR	B	HLA-B*27:05:02;HLA-B*07:02:01	1	0	1
two_field	test_B_gourraud	NA12005	EUR	C	HLA-C*07:02:01;HLA-C*01:02:01,HLA-C*01:194	1	0	1
two_field	test_B_gourraud	NA12005	EUR	DRB1	HLA-DRB1*15:01:01;HLA-DRB1*15:01:01	1	1	2
two_field	test_B_gourraud	NA12005	EUR	DQB1	HLA-DQB1*06:02:01;HLA-DQB1*06:02:01	1	1	2
two_field	test_B_gourraud	NA12006	EUR	A	HLA-A*11:01:01;HLA-A*25:01:01	1	1	2
two_field	test_B_gourraud	NA12006	EUR	B	HLA-B*18:01:01;HLA-B*15:01:01	1	1	2
two_field	test_B_gourraud	NA12006	EUR	C	HLA-C*03:03:01;HLA-C*12:03:01	1	1	2
two_field	test_B_gourraud	NA12006	EUR	DRB1	HLA-DRB1*04:04:01;HLA-DRB1*15:01:01	1	1	2
two_field	test_B_gourraud	NA12006	EUR	DQB1	HLA-DQB1*06:02:01;HLA-DQB1*03:02:01	1	1	2
two_field	test_B_gourraud	NA12043	EUR	A	HLA-A*02:06:01;HLA-A*26:01:01	1	1	2
two_field	test_B_gourraud	NA12043	EUR	B	HLA-B*38:01:01;HLA-B*35:01:01	1	1	2
two_field	test_B_gourraud	NA12043	EUR	C	HLA-C*12:03:01,HLA-C*12:03:67,HLA-C*12:143,HLA-C*12:278,HLA-C*12:290,HLA-C*12:407,HLA-C*12:430;HLA-C*04:01:01	1	0	1
two_field	test_B_gourraud	NA12043	EUR	DRB1	HLA-DRB1*01:01:01;HLA-DRB1*04:04:01	1	1	2
two_field	test_B_gourraud	NA12043	EUR	DQB1	HLA-DQB1*05:01:01;HLA-DQB1*03:02:01	1	1	2
two_field	test_B_gourraud	NA12044	EUR	A	HLA-A*01:01:01;HLA-A*02:01:01	1	1	2
two_field	test_B_gourraud	NA12044	EUR	B	HLA-B*07:02:01;HLA-B*07:02:01	1	1	2
two_field	test_B_gourraud	NA12044	EUR	C	HLA-C*07:02:01;HLA-C*07:02:01	1	1	2
two_field	test_B_gourraud	NA12044	EUR	DRB1	HLA-DRB1*15:01:01;HLA-DRB1*13:01:01	1	1	2
two_field	test_B_gourraud	NA12044	EUR	DQB1	HLA-DQB1*06:02:01;HLA-DQB1*06:03:01	1	1	2
two_field	test_B_gourraud	NA12045	EUR	A	HLA-A*11:01:01;HLA-A*02:01:01	1	1	2
two_field	test_B_gourraud	NA12045	EUR	B	HLA-B*44:02:01;HLA-B*35:01:01	1	1	2
two_field	test_B_gourraud	NA12045	EUR	C	HLA-C*04:01:01;HLA-C*05:01:01	1	1	2
two_field	test_B_gourraud	NA12045	EUR	DRB1	HLA-DRB1*13:01:01;HLA-DRB1*14:54:01	1	0	1
two_field	test_B_gourraud	NA12045	EUR	DQB1	HLA-DQB1*05:03:01;HLA-DQB1*06:03:01	1	1	2
two_field	test_B_gourraud	NA12046	EUR	A	HLA-A*02:05:01;HLA-A*01:01:01	1	1	2
two_field	test_B_gourraud	NA12046	EUR	B	HLA-B*57:01:01;HLA-B*50:01:01	1	1	2
two_field	test_B_gourraud	NA12046	EUR	C	HLA-C*06:02:01;HLA-C*06:02:01	1	1	2
two_field	test_B_gourraud	NA12046	EUR	DRB1	HLA-DRB1*03:01:01;HLA-DRB1*07:01:01	1	1	2
two_field	test_B_gourraud	NA12046	EUR	DQB1	HLA-DQB1*02:02:01;HLA-DQB1*02:01:01	1	0	1
two_field	test_B_gourraud	NA12058	EUR	A	HLA-A*03:01:01;HLA-A*02:01:01	1	1	2
two_field	test_B_gourraud	NA12058	EUR	B	HLA-B*40:01:02;HLA-B*35:03:01	1	0	1
two_field	test_B_gourraud	NA12058	EUR	C	HLA-C*04:01:01;HLA-C*03:04:01	1	0	1
two_field	test_B_gourraud	NA12058	EUR	DRB1	HLA-DRB1*08:01:01;HLA-DRB1*04:04:01	1	1	2
two_field	test_B_gourraud	NA12058	EUR	DQB1	HLA-DQB1*03:02:01;HLA-DQB1*04:02:01	1	1	2
two_field	test_B_gourraud	NA12144	EUR	A	HLA-A*02:01:01;HLA-A*03:01:01	1	1	2
two_field	test_B_gourraud	NA12144	EUR	B	HLA-B*44:02:01;HLA-B*35:01:01	1	1	2
two_field	test_B_gourraud	NA12144	EUR	C	HLA-C*07:04:01;HLA-C*04:01:01	1	1	2
two_field	test_B_gourraud	NA12144	EUR	DRB1	HLA-DRB1*04:07:01;HLA-DRB1*01:01:01	1	1	2
two_field	test_B_gourraud	NA12144	EUR	DQB1	HLA-DQB1*05:01:01;HLA-DQB1*03:01:01	1	1	2
two_field	test_B_gourraud	NA12154	EUR	A	HLA-A*31:01:02;HLA-A*01:01:01	1	1	2
two_field	test_B_gourraud	NA12154	EUR	B	HLA-B*08:01:01;HLA-B*40:01:02	1	1	2
two_field	test_B_gourraud	NA12154	EUR	C	HLA-C*07:01:01;HLA-C*03:04:01	1	1	2
two_field	test_B_gourraud	NA12154	EUR	DRB1	HLA-DRB1*03:01:01;HLA-DRB1*04:04:01	1	1	2
two_field	test_B_gourraud	NA12154	EUR	DQB1	HLA-DQB1*03:02:01;HLA-DQB1*02:01:01	1	1	2
two_field	test_B_gourraud	NA12155	EUR	A	HLA-A*01:01:01;HLA-A*02:01:01	1	1	2
two_field	test_B_gourraud	NA12155	EUR	B	HLA-B*44:02:01;HLA-B*08:01:01	1	1	2
two_field	test_B_gourraud	NA12155	EUR	C	HLA-C*07:01:01;HLA-C*05:01:01	1	1	2
two_field	test_B_gourraud	NA12155	EUR	DRB1	HLA-DRB1*03:01:01;HLA-DRB1*04:01:01	1	1	2
two_field	test_B_gourraud	NA12155	EUR	DQB1	HLA-DQB1*02:01:01;HLA-DQB1*03:01:01	1	1	2
two_field	test_B_gourraud	NA12156	EUR	A	HLA-A*11:01:01;HLA-A*01:01:01	1	1	2
two_field	test_B_gourraud	NA12156	EUR	B	HLA-B*50:01:01;HLA-B*51:01:01,HLA-B*51:01:64	1	1	2
two_field	test_B_gourraud	NA12156	EUR	C	HLA-C*15:02:01;HLA-C*06:06:01	1	0	1
two_field	test_B_gourraud	NA12156	EUR	DRB1	HLA-DRB1*07:01:01;HLA-DRB1*04:07:01	1	1	2
two_field	test_B_gourraud	NA12156	EUR	DQB1	HLA-DQB1*02:02:01;HLA-DQB1*03:01:01	1	0	1
two_field	test_B_gourraud	NA12234	EUR	A	HLA-A*32:01:01;HLA-A*11:01:01	1	1	2
two_field	test_B_gourraud	NA12234	EUR	B	HLA-B*40:02:01;HLA-B*44:03:01	1	1	2
two_field	test_B_gourraud	NA12234	EUR	DRB1	HLA-DRB1*07:01:01;HLA-DRB1*14:04:01	1	1	2
two_field	test_B_gourraud	NA12234	EUR	DQB1	HLA-DQB1*02:02:01;HLA-DQB1*05:03:01	1	0	1
two_field	test_B_gourraud	NA12249	EUR	A	HLA-A*25:01:01;HLA-A*02:01:01	1	1	2
two_field	test_B_gourraud	NA12249	EUR	C	HLA-C*05:01:01;HLA-C*03:04:01	1	1	2
two_field	test_B_gourraud	NA12249	EUR	DRB1	HLA-DRB1*13:02:01;HLA-DRB1*04:01:01	1	1	2
two_field	test_B_gourraud	NA12249	EUR	DQB1	HLA-DQB1*03:02:01;HLA-DQB1*06:04:01	1	1	2
two_field	test_B_gourraud	NA12272	EUR	A	HLA-A*68:01:02;HLA-A*02:01:01	1	1	2
two_field	test_B_gourraud	NA12272	EUR	B	HLA-B*44:02:01;HLA-B*44:02:01	1	1	2
two_field	test_B_gourraud	NA12272	EUR	C	HLA-C*07:04:01;HLA-C*07:04:01	1	1	2
two_field	test_B_gourraud	NA12272	EUR	DRB1	HLA-DRB1*10:01:01;HLA-DRB1*14:54:01	1	0	1
two_field	test_B_gourraud	NA12272	EUR	DQB1	HLA-DQB1*05:01:01;HLA-DQB1*05:03:01	1	1	2
two_field	test_B_gourraud	NA12273	EUR	A	HLA-A*32:01:01;HLA-A*02:01:01	1	1	2
two_field	test_B_gourraud	NA12273	EUR	B	HLA-B*44:02:01;HLA-B*35:01:01	1	1	2
two_field	test_B_gourraud	NA12273	EUR	C	HLA-C*07:04:01;HLA-C*04:01:01,HLA-C*04:275:01	1	0	1
two_field	test_B_gourraud	NA12273	EUR	DRB1	HLA-DRB1*11:01:01;HLA-DRB1*13:05:01	1	1	2
two_field	test_B_gourraud	NA12273	EUR	DQB1	HLA-DQB1*03:01:01;HLA-DQB1*03:01:01	1	1	2
two_field	test_B_gourraud	NA12275	EUR	A	HLA-A*03:01:01;HLA-A*23:01:01	1	1	2
two_field	test_B_gourraud	NA12275	EUR	B	HLA-B*14:01:01;HLA-B*07:02:01	1	1	2
two_field	test_B_gourraud	NA12275	EUR	C	HLA-C*07:02:01;HLA-C*08:02:01	1	1	2
two_field	test_B_gourraud	NA12275	EUR	DRB1	HLA-DRB1*15:01:01;HLA-DRB1*12:01:01	1	1	2
two_field	test_B_gourraud	NA12275	EUR	DQB1	HLA-DQB1*06:02:01;HLA-DQB1*03:01:01	1	1	2
two_field	test_B_gourraud	NA12282	EUR	A	HLA-A*01:01:01;HLA-A*02:01:01	1	1	2
two_field	test_B_gourraud	NA12282	EUR	B	HLA-B*08:01:01;HLA-B*37:01:01	1	1	2
two_field	test_B_gourraud	NA12282	EUR	C	HLA-C*03:04:01;HLA-C*06:02:01	1	1	2
two_field	test_B_gourraud	NA12282	EUR	DRB1	HLA-DRB1*03:01:01;HLA-DRB1*10:01:01	1	1	2
two_field	test_B_gourraud	NA12282	EUR	DQB1	HLA-DQB1*05:01:01;HLA-DQB1*02:01:01	1	1	2
two_field	test_B_gourraud	NA12283	EUR	A	HLA-A*02:01:01;HLA-A*03:01:01	1	1	2
two_field	test_B_gourraud	NA12283	EUR	B	HLA-B*15:01:01;HLA-B*57:01:01	1	1	2
two_field	test_B_gourraud	NA12283	EUR	C	HLA-C*03:03:01;HLA-C*06:02:01	1	1	2
two_field	test_B_gourraud	NA12283	EUR	DRB1	HLA-DRB1*01:01:01;HLA-DRB1*07:01:01	1	1	2
two_field	test_B_gourraud	NA12283	EUR	DQB1	HLA-DQB1*03:03:02;HLA-DQB1*05:01:01	1	1	2
two_field	test_B_gourraud	NA12286	EUR	A	HLA-A*24:02:01;HLA-A*02:01:01	1	1	2
two_field	test_B_gourraud	NA12286	EUR	B	HLA-B*57:01:01;HLA-B*13:02:01	1	1	2
two_field	test_B_gourraud	NA12286	EUR	C	HLA-C*06:02:01;HLA-C*06:02:01	1	1	2
two_field	test_B_gourraud	NA12286	EUR	DRB1	HLA-DRB1*07:01:01;HLA-DRB1*07:01:01	1	1	2
two_field	test_B_gourraud	NA12286	EUR	DQB1	HLA-DQB1*03:03:02;HLA-DQB1*02:02:01	1	0	1
two_field	test_B_gourraud	NA12287	EUR	A	HLA-A*11:01:01;HLA-A*02:01:01	1	1	2
two_field	test_B_gourraud	NA12287	EUR	B	HLA-B*51:01:01;HLA-B*15:01:01	1	0	1
two_field	test_B_gourraud	NA12287	EUR	C	HLA-C*03:04:01;HLA-C*15:02:01	1	1	2
two_field	test_B_gourraud	NA12287	EUR	DRB1	HLA-DRB1*04:01:01;HLA-DRB1*04:04:01	1	1	2
two_field	test_B_gourraud	NA12287	EUR	DQB1	HLA-DQB1*03:02:01;HLA-DQB1*03:02:01	1	1	2
two_field	test_B_gourraud	NA18501	AFR	A	HLA-A*66:02:01;HLA-A*33:01:01	1	1	2
two_field	test_B_gourraud	NA18501	AFR	B	HLA-B*14:01:01;HLA-B*78:01:01	1	1	2
two_field	test_B_gourraud	NA18501	AFR	C	HLA-C*08:02:01;HLA-C*16:01:01	1	1	2
two_field	test_B_gourraud	NA18501	AFR	DRB1	HLA-DRB1*01:02:01;HLA-DRB1*13:01:01	1	1	2
two_field	test_B_gourraud	NA18501	AFR	DQB1	HLA-DQB1*06:03:01;HLA-DQB1*05:01:01	1	1	2
two_field	test_B_gourraud	NA18502	AFR	A	HLA-A*74:01:01;HLA-A*24:24	1	1	2
two_field	test_B_gourraud	NA18502	AFR	B	HLA-B*14:03;HLA-B*58:01:01	1	1	2
two_field	test_B_gourraud	NA18502	AFR	C	HLA-C*07:01:01;HLA-C*08:02:01	1	1	2
two_field	test_B_gourraud	NA18502	AFR	DRB1	HLA-DRB1*07:01:01;HLA-DRB1*13:02:01,HLA-DRB1*13:16:01	1	0	1
two_field	test_B_gourraud	NA18502	AFR	DQB1	HLA-DQB1*05:01:01;HLA-DQB1*02:02:01	1	0	1
two_field	leak_gourraud	NA18504	AFR	A	HLA-A*36:01:01;HLA-A*36:01:01	1	1	2
two_field	leak_gourraud	NA18504	AFR	B	HLA-B*39:10:01;HLA-B*15:03:01	1	1	2
two_field	leak_gourraud	NA18504	AFR	C	HLA-C*02:10:01;HLA-C*12:03:01	1	0	1
two_field	leak_gourraud	NA18504	AFR	DRB1	HLA-DRB1*01:02:01;HLA-DRB1*03:01:01	1	1	2
two_field	leak_gourraud	NA18504	AFR	DQB1	HLA-DQB1*02:01:01;HLA-DQB1*05:01:01	1	1	2
two_field	leak_gourraud	NA18507	AFR	A	HLA-A*30:01:01;HLA-A*23:01:01	1	1	2
two_field	leak_gourraud	NA18507	AFR	B	HLA-B*42:01:01;HLA-B*15:03:01	1	1	2
two_field	leak_gourraud	NA18507	AFR	C	HLA-C*17:01:01;HLA-C*02:10:01	1	0	1
two_field	leak_gourraud	NA18507	AFR	DRB1	HLA-DRB1*13:02:01;HLA-DRB1*08:04:01	1	0	1
two_field	leak_gourraud	NA18507	AFR	DQB1	HLA-DQB1*06:09:01;HLA-DQB1*03:01:04	1	0	1
two_field	test_B_gourraud	NA18516	AFR	A	HLA-A*29:02:01;HLA-A*03:01:01	1	1	2
two_field	test_B_gourraud	NA18516	AFR	B	HLA-B*53:01:01;HLA-B*15:10:01	1	1	2
two_field	test_B_gourraud	NA18516	AFR	C	HLA-C*04:01:01;HLA-C*04:01:01	1	1	2
two_field	test_B_gourraud	NA18516	AFR	DRB1	HLA-DRB1*08:04:01;HLA-DRB1*03:02:01	1	1	2
two_field	test_B_gourraud	NA18516	AFR	DQB1	HLA-DQB1*04:02:01;HLA-DQB1*03:19:01	1	0	1
two_field	test_B_gourraud	NA18517	AFR	A	HLA-A*03:01:01;HLA-A*74:01:01	1	1	2
two_field	test_B_gourraud	NA18517	AFR	B	HLA-B*49:01:01;HLA-B*51:01:01	1	1	2
two_field	test_B_gourraud	NA18517	AFR	C	HLA-C*16:01:01;HLA-C*07:01:02	1	1	2
two_field	test_B_gourraud	NA18517	AFR	DRB1	HLA-DRB1*13:03:01;HLA-DRB1*12:01:01	1	1	2
two_field	test_B_gourraud	NA18517	AFR	DQB1	HLA-DQB1*02:02:01;HLA-DQB1*03:01:01	1	0	1
two_field	leak_gourraud	NA18523	AFR	A	HLA-A*03:01:01;HLA-A*01:01:01	1	1	2
two_field	leak_gourraud	NA18523	AFR	B	HLA-B*35:01:01,HLA-B*35:370,HLA-B*35:615;HLA-B*07:02:01	1	0	1
two_field	leak_gourraud	NA18523	AFR	C	HLA-C*04:01:01;HLA-C*15:05:02	1	1	2
two_field	leak_gourraud	NA18523	AFR	DRB1	HLA-DRB1*03:02:01;HLA-DRB1*12:01:01	1	1	2
two_field	leak_gourraud	NA18523	AFR	DQB1	HLA-DQB1*05:01:01;HLA-DQB1*04:02:01	1	1	2
two_field	test_B_gourraud	NA18526	EAS	A	HLA-A*33:03:01;HLA-A*24:02:01	1	1	2
two_field	test_B_gourraud	NA18526	EAS	B	HLA-B*40:01:02;HLA-B*58:01:01	1	1	2
two_field	test_B_gourraud	NA18526	EAS	C	HLA-C*03:02:02;HLA-C*07:02:01	1	1	2
two_field	test_B_gourraud	NA18526	EAS	DRB1	HLA-DRB1*12:02:01;HLA-DRB1*03:01:01	1	1	2
two_field	test_B_gourraud	NA18526	EAS	DQB1	HLA-DQB1*02:01:01;HLA-DQB1*03:01:01	1	1	2
two_field	test_B_gourraud	NA18530	EAS	A	HLA-A*24:02:01;HLA-A*02:01:01	1	1	2
two_field	test_B_gourraud	NA18530	EAS	B	HLA-B*48:01:01;HLA-B*44:03:01	1	1	2
two_field	test_B_gourraud	NA18530	EAS	C	HLA-C*08:22:01;HLA-C*04:01:01	1	1	2
two_field	test_B_gourraud	NA18530	EAS	DRB1	HLA-DRB1*07:01:01;HLA-DRB1*15:01:01	1	1	2
two_field	test_B_gourraud	NA18530	EAS	DQB1	HLA-DQB1*02:02:01;HLA-DQB1*06:02:01	1	1	2
two_field	test_B_gourraud	NA18532	EAS	A	HLA-A*30:01:01;HLA-A*68:01:02	1	1	2
two_field	test_B_gourraud	NA18532	EAS	B	HLA-B*13:02:01;HLA-B*15:18:01	1	1	2
two_field	test_B_gourraud	NA18532	EAS	C	HLA-C*07:04:01;HLA-C*06:02:01	1	1	2
two_field	test_B_gourraud	NA18532	EAS	DRB1	HLA-DRB1*04:01:01;HLA-DRB1*07:01:01	1	1	2
two_field	test_B_gourraud	NA18532	EAS	DQB1	HLA-DQB1*02:02:01;HLA-DQB1*03:01:01	1	0	1
two_field	test_B_gourraud	NA18534	EAS	A	HLA-A*11:01:01;HLA-A*02:01:01	1	1	2
two_field	test_B_gourraud	NA18534	EAS	B	HLA-B*15:01:01;HLA-B*58:01:01,HLA-B*58:117	1	0	1
two_field	test_B_gourraud	NA18534	EAS	C	HLA-C*03:02:02;HLA-C*04:01:01	1	1	2
two_field	test_B_gourraud	NA18534	EAS	DRB1	HLA-DRB1*04:06:01;HLA-DRB1*03:01:01	1	1	2
two_field	test_B_gourraud	NA18534	EAS	DQB1	HLA-DQB1*03:02:01;HLA-DQB1*02:01:01	1	1	2
two_field	test_B_gourraud	NA18536	EAS	A	HLA-A*11:01:01;HLA-A*24:02:01	1	1	2
two_field	test_B_gourraud	NA18536	EAS	B	HLA-B*48:01:01;HLA-B*51:02:01	1	1	2
two_field	test_B_gourraud	NA18536	EAS	C	HLA-C*15:02:01;HLA-C*07:02:01	1	1	2
two_field	test_B_gourraud	NA18536	EAS	DRB1	HLA-DRB1*08:03:02;HLA-DRB1*15:01:01	1	1	2
two_field	test_B_gourraud	NA18536	EAS	DQB1	HLA-DQB1*06:01:01;HLA-DQB1*06:02:01	1	1	2
two_field	test_B_gourraud	NA18537	EAS	A	HLA-A*11:01:01;HLA-A*02:07:01	1	0	1
two_field	test_B_gourraud	NA18537	EAS	B	HLA-B*38:02:01;HLA-B*46:01:01	1	1	2
two_field	test_B_gourraud	NA18537	EAS	C	HLA-C*07:02:01;HLA-C*01:02:01	1	1	2
two_field	test_B_gourraud	NA18537	EAS	DRB1	HLA-DRB1*16:02:01;HLA-DRB1*09:01:02	1	1	2
two_field	test_B_gourraud	NA18537	EAS	DQB1	HLA-DQB1*03:03:02;HLA-DQB1*05:02:01	1	1	2
two_field	test_B_gourraud	NA18542	EAS	A	HLA-A*33:03:01;HLA-A*11:01:01	1	1	2
two_field	test_B_gourraud	NA18542	EAS	B	HLA-B*58:01:01;HLA-B*46:01:01	1	1	2
two_field	test_B_gourraud	NA18542	EAS	C	HLA-C*03:02:02;HLA-C*01:02:01	1	1	2
two_field	test_B_gourraud	NA18542	EAS	DRB1	HLA-DRB1*03:01:01;HLA-DRB1*09:01:02	1	1	2
two_field	test_B_gourraud	NA18542	EAS	DQB1	HLA-DQB1*02:01:01;HLA-DQB1*03:03:02	1	1	2
two_field	test_B_gourraud	NA18543	EAS	A	HLA-A*11:01:01;HLA-A*11:01:01	1	1	2
two_field	test_B_gourraud	NA18543	EAS	B	HLA-B*13:01:01;HLA-B*46:01:01	1	1	2
two_field	test_B_gourraud	NA18543	EAS	C	HLA-C*03:04:01;HLA-C*01:02:01	1	1	2
two_field	test_B_gourraud	NA18543	EAS	DRB1	HLA-DRB1*09:01:02;HLA-DRB1*15:01:01	1	1	2
two_field	test_B_gourraud	NA18543	EAS	DQB1	HLA-DQB1*03:03:02;HLA-DQB1*06:01:01	1	1	2
two_field	test_B_gourraud	NA18544	EAS	A	HLA-A*01:01:01;HLA-A*11:01:01	1	1	2
two_field	test_B_gourraud	NA18544	EAS	B	HLA-B*07:02:01;HLA-B*52:01:01	1	1	2
two_field	test_B_gourraud	NA18544	EAS	C	HLA-C*07:02:01;HLA-C*12:02:02	1	1	2
two_field	test_B_gourraud	NA18544	EAS	DRB1	HLA-DRB1*01:01:01;HLA-DRB1*15:02:01	1	1	2
two_field	test_B_gourraud	NA18544	EAS	DQB1	HLA-DQB1*05:01:01;HLA-DQB1*06:01:01	1	1	2
two_field	test_B_gourraud	NA18545	EAS	A	HLA-A*24:02:01;HLA-A*11:01:01	1	1	2
two_field	test_B_gourraud	NA18545	EAS	B	HLA-B*40:01:02;HLA-B*40:01:02	1	1	2
two_field	test_B_gourraud	NA18545	EAS	C	HLA-C*04:82:01;HLA-C*07:02:01	1	0	1
two_field	test_B_gourraud	NA18545	EAS	DRB1	HLA-DRB1*04:03:01;HLA-DRB1*04:05:01	1	1	2
two_field	test_B_gourraud	NA18545	EAS	DQB1	HLA-DQB1*03:02:01;HLA-DQB1*04:01:01	1	1	2
two_field	test_B_gourraud	NA18546	EAS	A	HLA-A*11:01:01;HLA-A*11:01:01	1	1	2
two_field	test_B_gourraud	NA18546	EAS	B	HLA-B*40:01:02;HLA-B*58:01:01,HLA-B*58:117,HLA-B*58:120	1	0	1
two_field	test_B_gourraud	NA18546	EAS	C	HLA-C*03:02:02;HLA-C*03:04:01	1	1	2
two_field	test_B_gourraud	NA18546	EAS	DRB1	HLA-DRB1*03:01:01;HLA-DRB1*04:05:01	1	1	2
two_field	test_B_gourraud	NA18546	EAS	DQB1	HLA-DQB1*02:01:01;HLA-DQB1*04:01:01	1	1	2
two_field	test_B_gourraud	NA18547	EAS	A	HLA-A*68:01:01;HLA-A*02:03:01	1	1	2
two_field	test_B_gourraud	NA18547	EAS	B	HLA-B*38:01:01;HLA-B*15:02:01	1	1	2
two_field	test_B_gourraud	NA18547	EAS	C	HLA-C*08:01:01;HLA-C*12:03:01	1	1	2
two_field	test_B_gourraud	NA18547	EAS	DRB1	HLA-DRB1*13:01:01;HLA-DRB1*04:01:01	1	1	2
two_field	test_B_gourraud	NA18547	EAS	DQB1	HLA-DQB1*03:02:01;HLA-DQB1*06:03:01	1	1	2
two_field	test_B_gourraud	NA18548	EAS	A	HLA-A*30:01:01;HLA-A*31:01:02	1	1	2
two_field	test_B_gourraud	NA18548	EAS	B	HLA-B*40:02:01;HLA-B*51:01:01	1	1	2
two_field	test_B_gourraud	NA18548	EAS	DRB1	HLA-DRB1*09:01:02;HLA-DRB1*01:01:01	1	1	2
two_field	test_B_gourraud	NA18548	EAS	DQB1	HLA-DQB1*03:03:02;HLA-DQB1*05:01:01	1	1	2
two_field	test_B_gourraud	NA18549	EAS	A	HLA-A*33:03:01;HLA-A*02:03:01	1	1	2
two_field	test_B_gourraud	NA18549	EAS	B	HLA-B*58:01:01,HLA-B*58:120;HLA-B*55:02:01	1	0	1
two_field	test_B_gourraud	NA18549	EAS	C	HLA-C*03:02:02;HLA-C*12:03:01	1	1	2
two_field	test_B_gourraud	NA18549	EAS	DRB1	HLA-DRB1*16:02:01;HLA-DRB1*01:01:01	1	1	2
two_field	test_B_gourraud	NA18549	EAS	DQB1	HLA-DQB1*05:02:01;HLA-DQB1*05:01:01	1	1	2
two_field	test_B_gourraud	NA18550	EAS	A	HLA-A*02:07:01;HLA-A*02:07:01	1	0	0
two_field	test_B_gourraud	NA18550	EAS	B	HLA-B*13:01:01;HLA-B*46:01:01	1	1	2
two_field	test_B_gourraud	NA18550	EAS	C	HLA-C*03:04:01;HLA-C*01:02:01	1	1	2
two_field	test_B_gourraud	NA18550	EAS	DRB1	HLA-DRB1*09:01:02;HLA-DRB1*15:01:01	1	1	2
two_field	test_B_gourraud	NA18550	EAS	DQB1	HLA-DQB1*03:03:02;HLA-DQB1*06:01:01	1	1	2
two_field	test_B_gourraud	NA18552	EAS	A	HLA-A*11:01:01;HLA-A*02:07:01	1	0	1
two_field	test_B_gourraud	NA18552	EAS	B	HLA-B*46:01:01;HLA-B*40:02:01	1	1	2
two_field	test_B_gourraud	NA18552	EAS	C	HLA-C*15:02:01,HLA-C*15:176;HLA-C*01:02:01	1	0	1
two_field	test_B_gourraud	NA18552	EAS	DRB1	HLA-DRB1*09:01:02;HLA-DRB1*12:02:01	1	1	2
two_field	test_B_gourraud	NA18552	EAS	DQB1	HLA-DQB1*05:02:01;HLA-DQB1*03:03:02	1	1	2
two_field	test_B_gourraud	NA18555	EAS	A	HLA-A*11:01:01;HLA-A*02:06:01	1	1	2
two_field	test_B_gourraud	NA18555	EAS	B	HLA-B*07:06:01;HLA-B*54:01:01	1	0	1
two_field	test_B_gourraud	NA18555	EAS	C	HLA-C*01:02:01;HLA-C*07:02:01	1	1	2
two_field	test_B_gourraud	NA18555	EAS	DRB1	HLA-DRB1*04:05:01;HLA-DRB1*11:01:01	1	1	2
two_field	test_B_gourraud	NA18555	EAS	DQB1	HLA-DQB1*04:01:01;HLA-DQB1*03:01:01	1	1	2
two_field	test_B_gourraud	NA18557	EAS	A	HLA-A*03:01:01;HLA-A*02:01:01	1	1	2
two_field	test_B_gourraud	NA18557	EAS	B	HLA-B*44:02:01;HLA-B*35:03:01	1	1	2
two_field	test_B_gourraud	NA18557	EAS	C	HLA-C*05:01:01;HLA-C*12:03:01	1	1	2
two_field	test_B_gourraud	NA18557	EAS	DRB1	HLA-DRB1*07:01:01;HLA-DRB1*13:01:01	1	1	2
two_field	test_B_gourraud	NA18557	EAS	DQB1	HLA-DQB1*06:03:01;HLA-DQB1*03:03:02	1	1	2
two_field	test_B_gourraud	NA18558	EAS	A	HLA-A*24:02:01;HLA-A*02:01:01	1	1	2
two_field	test_B_gourraud	NA18558	EAS	B	HLA-B*67:01:01;HLA-B*48:01:01	1	1	2
two_field	test_B_gourraud	NA18558	EAS	C	HLA-C*08:01:01;HLA-C*07:02:01	1	1	2
two_field	test_B_gourraud	NA18558	EAS	DRB1	HLA-DRB1*09:01:02;HLA-DRB1*15:01:01	1	1	2
two_field	test_B_gourraud	NA18558	EAS	DQB1	HLA-DQB1*06:02:01;HLA-DQB1*03:03:02	1	1	2
two_field	test_B_gourraud	NA18559	EAS	A	HLA-A*11:01:01;HLA-A*01:01:01	1	1	2
two_field	test_B_gourraud	NA18559	EAS	B	HLA-B*37:01:01,HLA-B*37:01:39;HLA-B*15:02:01	1	1	2
two_field	test_B_gourraud	NA18559	EAS	C	HLA-C*08:01:01;HLA-C*06:02:01	1	1	2
two_field	test_B_gourraud	NA18559	EAS	DRB1	HLA-DRB1*10:01:01;HLA-DRB1*13:12:01	1	1	2
two_field	test_B_gourraud	NA18559	EAS	DQB1	HLA-DQB1*05:01:01;HLA-DQB1*03:01:01	1	1	2
two_field	test_B_gourraud	NA18561	EAS	A	HLA-A*26:01:01;HLA-A*24:02:01	1	1	2
two_field	test_B_gourraud	NA18561	EAS	B	HLA-B*59:01:01;HLA-B*39:01:01	1	1	2
two_field	test_B_gourraud	NA18561	EAS	C	HLA-C*01:02:01;HLA-C*07:02:01	1	1	2
two_field	test_B_gourraud	NA18561	EAS	DRB1	HLA-DRB1*08:03:02;HLA-DRB1*04:05:01	1	1	2
two_field	test_B_gourraud	NA18561	EAS	DQB1	HLA-DQB1*04:01:01;HLA-DQB1*06:01:01	1	1	2
two_field	test_B_gourraud	NA18562	EAS	A	HLA-A*33:03:01;HLA-A*11:01:01	1	1	2
two_field	test_B_gourraud	NA18562	EAS	B	HLA-B*52:01:01;HLA-B*51:01:01	1	1	2
two_field	test_B_gourraud	NA18562	EAS	C	HLA-C*14:02:01;HLA-C*12:02:02	1	1	2
two_field	test_B_gourraud	NA18562	EAS	DRB1	HLA-DRB1*09:01:02;HLA-DRB1*12:02:01	1	1	2
two_field	test_B_gourraud	NA18562	EAS	DQB1	HLA-DQB1*03:03:02;HLA-DQB1*03:01:01	1	1	2
two_field	test_B_gourraud	NA18563	EAS	A	HLA-A*02:01:01;HLA-A*33:03:01	1	1	2
two_field	test_B_gourraud	NA18563	EAS	B	HLA-B*48:01:01;HLA-B*51:01:01	1	1	2
two_field	test_B_gourraud	NA18563	EAS	C	HLA-C*15:02:01;HLA-C*08:03:01	1	0	1
two_field	test_B_gourraud	NA18563	EAS	DRB1	HLA-DRB1*04:03:01;HLA-DRB1*14:07:01	1	1	2
two_field	test_B_gourraud	NA18563	EAS	DQB1	HLA-DQB1*03:02:01;HLA-DQB1*05:02:01	1	1	2
two_field	test_B_gourraud	NA18564	EAS	A	HLA-A*30:01:01;HLA-A*02:01:01	1	1	2
two_field	test_B_gourraud	NA18564	EAS	B	HLA-B*13:02:01;HLA-B*13:01:01	1	1	2
two_field	test_B_gourraud	NA18564	EAS	C	HLA-C*03:04:01;HLA-C*06:02:01	1	1	2
two_field	test_B_gourraud	NA18564	EAS	DRB1	HLA-DRB1*07:01:01;HLA-DRB1*12:02:01	1	1	2
two_field	test_B_gourraud	NA18564	EAS	DQB1	HLA-DQB1*02:02:01;HLA-DQB1*03:01:01	1	0	1
two_field	test_B_gourraud	NA18566	EAS	A	HLA-A*02:01:01;HLA-A*33:03:01	1	1	2
two_field	test_B_gourraud	NA18566	EAS	B	HLA-B*08:01:01;HLA-B*35:01:01	1	1	2
two_field	test_B_gourraud	NA18566	EAS	C	HLA-C*03:03:01;HLA-C*07:02:01	1	1	2
two_field	test_B_gourraud	NA18566	EAS	DRB1	HLA-DRB1*03:01:01;HLA-DRB1*13:02:01	1	1	2
two_field	test_B_gourraud	NA18566	EAS	DQB1	HLA-DQB1*06:04:01;HLA-DQB1*02:01:01	1	1	2
two_field	test_B_gourraud	NA18571	EAS	A	HLA-A*24:02:01;HLA-A*03:02:01	1	1	2
two_field	test_B_gourraud	NA18571	EAS	B	HLA-B*40:01:02;HLA-B*51:01:01	1	1	2
two_field	test_B_gourraud	NA18571	EAS	C	HLA-C*07:02:01;HLA-C*15:02:01	1	1	2
two_field	test_B_gourraud	NA18571	EAS	DRB1	HLA-DRB1*08:01:01;HLA-DRB1*04:05:01	1	1	2
two_field	test_B_gourraud	NA18571	EAS	DQB1	HLA-DQB1*03:02:01;HLA-DQB1*04:02:01	1	1	2
two_field	test_B_gourraud	NA18572	EAS	A	HLA-A*31:01:02;HLA-A*24:02:01	1	1	2
two_field	test_B_gourraud	NA18572	EAS	B	HLA-B*54:01:01;HLA-B*15:01:01	1	1	2
two_field	test_B_gourraud	NA18572	EAS	C	HLA-C*03:03:01;HLA-C*01:02:01	1	1	2
two_field	test_B_gourraud	NA18572	EAS	DRB1	HLA-DRB1*14:05:01;HLA-DRB1*14:54:01	1	0	0
two_field	test_B_gourraud	NA18572	EAS	DQB1	HLA-DQB1*05:03:01;HLA-DQB1*05:02:01	1	1	2
two_field	test_B_gourraud	NA18573	EAS	A	HLA-A*02:07:01;HLA-A*02:07:01	1	0	0
two_field	test_B_gourraud	NA18573	EAS	B	HLA-B*54:01:01;HLA-B*46:01:01	1	1	2
two_field	test_B_gourraud	NA18573	EAS	C	HLA-C*07:02:01;HLA-C*01:02:01	1	1	2
two_field	test_B_gourraud	NA18573	EAS	DRB1	HLA-DRB1*09:01:02;HLA-DRB1*04:05:01	1	1	2
two_field	test_B_gourraud	NA18573	EAS	DQB1	HLA-DQB1*03:03:02;HLA-DQB1*04:01:01	1	1	2
two_field	test_B_gourraud	NA18577	EAS	A	HLA-A*02:01:01;HLA-A*02:01:01	1	1	2
two_field	test_B_gourraud	NA18577	EAS	B	HLA-B*40:01:02;HLA-B*15:01:01,HLA-B*15:01:60,HLA-B*15:01:70,HLA-B*15:456,HLA-B*15:457,HLA-B*15:465	1	0	1
two_field	test_B_gourraud	NA18577	EAS	C	HLA-C*01:02:01;HLA-C*15:02:01	1	1	2
two_field	test_B_gourraud	NA18577	EAS	DRB1	HLA-DRB1*08:03:02;HLA-DRB1*14:05:01	1	1	2
two_field	test_B_gourraud	NA18577	EAS	DQB1	HLA-DQB1*06:01:01;HLA-DQB1*05:03:01	1	1	2
two_field	test_B_gourraud	NA18579	EAS	A	HLA-A*11:01:01;HLA-A*11:01:01	1	1	2
two_field	test_B_gourraud	NA18579	EAS	B	HLA-B*81:02:01;HLA-B*52:01:01	1	0	1
two_field	test_B_gourraud	NA18579	EAS	C	HLA-C*08:22:01;HLA-C*12:02:02	1	0	1
two_field	test_B_gourraud	NA18579	EAS	DRB1	HLA-DRB1*15:02:01;HLA-DRB1*12:01:01	1	1	2
two_field	test_B_gourraud	NA18579	EAS	DQB1	HLA-DQB1*06:01:01;HLA-DQB1*03:01:01	1	1	2
two_field	test_B_gourraud	NA18582	EAS	A	HLA-A*24:02:01;HLA-A*11:01:01	1	1	2
two_field	test_B_gourraud	NA18582	EAS	B	HLA-B*52:01:01;HLA-B*40:01:02	1	1	2
two_field	test_B_gourraud	NA18582	EAS	C	HLA-C*07:02:01;HLA-C*12:02:02	1	1	2
two_field	test_B_gourraud	NA18582	EAS	DRB1	HLA-DRB1*09:01:02;HLA-DRB1*08:03:02	1	1	2
two_field	test_B_gourraud	NA18582	EAS	DQB1	HLA-DQB1*06:01:01;HLA-DQB1*03:03:02	1	1	2
two_field	test_B_gourraud	NA18592	EAS	A	HLA-A*31:01:02;HLA-A*24:02:01	1	1	2
two_field	test_B_gourraud	NA18592	EAS	B	HLA-B*40:06:01;HLA-B*15:18:01	1	1	2
two_field	test_B_gourraud	NA18592	EAS	C	HLA-C*08:22:01;HLA-C*08:01:01	1	0	1
two_field	test_B_gourraud	NA18592	EAS	DRB1	HLA-DRB1*15:01:01;HLA-DRB1*08:03:02	1	1	2
two_field	test_B_gourraud	NA18592	EAS	DQB1	HLA-DQB1*06:01:01;HLA-DQB1*06:02:01	1	1	2
two_field	test_B_gourraud	NA18593	EAS	A	HLA-A*01:01:01;HLA-A*24:02:01	1	1	2
two_field	test_B_gourraud	NA18593	EAS	B	HLA-B*40:01:02;HLA-B*37:01:01	1	1	2
two_field	test_B_gourraud	NA18593	EAS	C	HLA-C*06:02:01;HLA-C*04:82:01	1	0	1
two_field	test_B_gourraud	NA18593	EAS	DRB1	HLA-DRB1*10:01:01;HLA-DRB1*04:03:01	1	1	2
two_field	test_B_gourraud	NA18593	EAS	DQB1	HLA-DQB1*03:02:01;HLA-DQB1*05:01:01	1	1	2
two_field	test_B_gourraud	NA18595	EAS	A	HLA-A*02:01:01;HLA-A*11:01:01	1	1	2
two_field	test_B_gourraud	NA18595	EAS	B	HLA-B*40:01:02;HLA-B*44:02:01	1	1	2
two_field	test_B_gourraud	NA18595	EAS	C	HLA-C*05:01:01;HLA-C*15:02:01	1	1	2
two_field	test_B_gourraud	NA18595	EAS	DRB1	HLA-DRB1*15:01:01;HLA-DRB1*15:01:01	1	1	2
two_field	test_B_gourraud	NA18595	EAS	DQB1	HLA-DQB1*06:02:01;HLA-DQB1*06:02:01	1	1	2
two_field	test_B_gourraud	NA18596	EAS	A	HLA-A*03:01:01;HLA-A*24:02:01	1	1	2
two_field	test_B_gourraud	NA18596	EAS	B	HLA-B*35:01:01;HLA-B*46:01:01	1	1	2
two_field	test_B_gourraud	NA18596	EAS	C	HLA-C*01:02:01;HLA-C*04:01:01	1	1	2
two_field	test_B_gourraud	NA18596	EAS	DRB1	HLA-DRB1*01:01:01;HLA-DRB1*09:01:02	1	1	2
two_field	test_B_gourraud	NA18596	EAS	DQB1	HLA-DQB1*03:03:02;HLA-DQB1*05:01:01	1	1	2
two_field	test_B_gourraud	NA18597	EAS	A	HLA-A*11:01:01;HLA-A*24:02:01	1	1	2
two_field	test_B_gourraud	NA18597	EAS	B	HLA-B*51:01:01;HLA-B*35:01:01	1	1	2
two_field	test_B_gourraud	NA18597	EAS	C	HLA-C*14:02:01,HLA-C*14:115;HLA-C*04:01:01	1	0	1
two_field	test_B_gourraud	NA18597	EAS	DRB1	HLA-DRB1*09:01:02;HLA-DRB1*07:01:01	1	1	2
two_field	test_B_gourraud	NA18597	EAS	DQB1	HLA-DQB1*02:02:01;HLA-DQB1*03:03:02	1	1	2
two_field	test_B_gourraud	NA18599	EAS	A	HLA-A*24:02:01;HLA-A*26:01:01	1	1	2
two_field	test_B_gourraud	NA18599	EAS	B	HLA-B*13:02:01;HLA-B*54:01:01	1	1	2
two_field	test_B_gourraud	NA18599	EAS	C	HLA-C*06:02:01;HLA-C*01:02:01	1	1	2
two_field	test_B_gourraud	NA18599	EAS	DRB1	HLA-DRB1*07:01:01;HLA-DRB1*04:05:01	1	1	2
two_field	test_B_gourraud	NA18599	EAS	DQB1	HLA-DQB1*02:02:01;HLA-DQB1*04:01:01	1	1	2
two_field	test_B_gourraud	NA18602	EAS	A	HLA-A*31:01:02;HLA-A*24:02:01	1	1	2
two_field	test_B_gourraud	NA18602	EAS	B	HLA-B*15:07:01;HLA-B*54:01:01	1	1	2
two_field	test_B_gourraud	NA18602	EAS	C	HLA-C*03:03:01;HLA-C*01:02:01	1	1	2
two_field	test_B_gourraud	NA18602	EAS	DRB1	HLA-DRB1*04:05:01;HLA-DRB1*04:04:01	1	1	2
two_field	test_B_gourraud	NA18602	EAS	DQB1	HLA-DQB1*04:01:01;HLA-DQB1*03:02:01	1	1	2
two_field	test_B_gourraud	NA18603	EAS	A	HLA-A*02:06:01;HLA-A*30:01:01	1	1	2
two_field	test_B_gourraud	NA18603	EAS	B	HLA-B*13:02:01;HLA-B*40:06:01	1	1	2
two_field	test_B_gourraud	NA18603	EAS	C	HLA-C*08:01:01;HLA-C*06:02:01	1	1	2
two_field	test_B_gourraud	NA18603	EAS	DRB1	HLA-DRB1*07:01:01;HLA-DRB1*09:01:02	1	1	2
two_field	test_B_gourraud	NA18603	EAS	DQB1	HLA-DQB1*03:03:02;HLA-DQB1*02:02:01	1	0	1
two_field	test_B_gourraud	NA18605	EAS	A	HLA-A*02:06:01;HLA-A*02:03:01	1	1	2
two_field	test_B_gourraud	NA18605	EAS	B	HLA-B*38:02:01;HLA-B*15:01:01	1	1	2
two_field	test_B_gourraud	NA18605	EAS	C	HLA-C*03:03:01;HLA-C*07:02:01	1	1	2
two_field	test_B_gourraud	NA18605	EAS	DRB1	HLA-DRB1*15:01:01;HLA-DRB1*08:03:02	1	1	2
two_field	test_B_gourraud	NA18605	EAS	DQB1	HLA-DQB1*06:02:01;HLA-DQB1*06:01:01	1	1	2
two_field	test_B_gourraud	NA18606	EAS	A	HLA-A*11:01:01;HLA-A*02:06:01	1	1	2
two_field	test_B_gourraud	NA18606	EAS	B	HLA-B*13:01:01;HLA-B*46:01:01	1	1	2
two_field	test_B_gourraud	NA18606	EAS	C	HLA-C*03:04:04;HLA-C*03:03:01	1	1	2
two_field	test_B_gourraud	NA18606	EAS	DRB1	HLA-DRB1*09:01:02;HLA-DRB1*09:01:02	1	1	2
two_field	test_B_gourraud	NA18606	EAS	DQB1	HLA-DQB1*03:03:02;HLA-DQB1*03:03:02	1	1	2
two_field	test_B_gourraud	NA18609	EAS	A	HLA-A*03:01:01;HLA-A*02:03:01	1	1	2
two_field	test_B_gourraud	NA18609	EAS	B	HLA-B*38:02:01;HLA-B*35:03:01	1	1	2
two_field	test_B_gourraud	NA18609	EAS	C	HLA-C*07:02:01;HLA-C*12:03:01	1	1	2
two_field	test_B_gourraud	NA18609	EAS	DRB1	HLA-DRB1*08:03:02;HLA-DRB1*14:54:01	1	0	1
two_field	test_B_gourraud	NA18609	EAS	DQB1	HLA-DQB1*05:02:01;HLA-DQB1*06:01:01	1	1	2
two_field	test_B_gourraud	NA18610	EAS	A	HLA-A*11:01:01;HLA-A*24:02:01	1	1	2
two_field	test_B_gourraud	NA18610	EAS	B	HLA-B*35:01:01;HLA-B*52:01:01	1	1	2
two_field	test_B_gourraud	NA18610	EAS	C	HLA-C*03:03:01;HLA-C*12:02:02	1	1	2
two_field	test_B_gourraud	NA18610	EAS	DRB1	HLA-DRB1*10:01:01;HLA-DRB1*15:01:01	1	1	2
two_field	test_B_gourraud	NA18610	EAS	DQB1	HLA-DQB1*05:01:01;HLA-DQB1*06:02:01	1	1	2
two_field	test_B_gourraud	NA18611	EAS	A	HLA-A*11:01:04;HLA-A*11:01:01	1	1	2
two_field	test_B_gourraud	NA18611	EAS	B	HLA-B*46:01:01;HLA-B*51:01:01,HLA-B*51:01:64	1	1	2
two_field	test_B_gourraud	NA18611	EAS	C	HLA-C*14:02:01;HLA-C*07:02:01	1	1	2
two_field	test_B_gourraud	NA18611	EAS	DRB1	HLA-DRB1*16:02:01;HLA-DRB1*11:01:01	1	1	2
two_field	test_B_gourraud	NA18611	EAS	DQB1	HLA-DQB1*05:02:01;HLA-DQB1*03:01:01	1	1	2
two_field	test_B_gourraud	NA18612	EAS	A	HLA-A*02:06:01;HLA-A*01:01:01	1	1	2
two_field	test_B_gourraud	NA18612	EAS	B	HLA-B*57:01:01;HLA-B*40:06:01	1	1	2
two_field	test_B_gourraud	NA18612	EAS	C	HLA-C*06:02:01;HLA-C*08:01:01	1	1	2
two_field	test_B_gourraud	NA18612	EAS	DRB1	HLA-DRB1*15:01:01;HLA-DRB1*13:02:01	1	1	2
two_field	test_B_gourraud	NA18612	EAS	DQB1	HLA-DQB1*06:02:01;HLA-DQB1*06:04:01	1	1	2
two_field	test_B_gourraud	NA18613	EAS	A	HLA-A*11:01:01;HLA-A*24:02:01	1	1	2
two_field	test_B_gourraud	NA18613	EAS	B	HLA-B*13:01:01;HLA-B*51:01:01	1	1	2
two_field	test_B_gourraud	NA18613	EAS	C	HLA-C*03:04:01;HLA-C*14:02:01	1	1	2
two_field	test_B_gourraud	NA18613	EAS	DRB1	HLA-DRB1*08:03:02;HLA-DRB1*03:01:01	1	1	2
two_field	test_B_gourraud	NA18613	EAS	DQB1	HLA-DQB1*02:01:01;HLA-DQB1*06:01:01	1	1	2
two_field	test_B_gourraud	NA18614	EAS	A	HLA-A*31:01:02;HLA-A*33:03:01	1	1	2
two_field	test_B_gourraud	NA18614	EAS	B	HLA-B*46:01:01;HLA-B*58:01:01	1	1	2
two_field	test_B_gourraud	NA18614	EAS	C	HLA-C*03:02:02;HLA-C*01:02:01	1	1	2
two_field	test_B_gourraud	NA18614	EAS	DRB1	HLA-DRB1*03:01:01;HLA-DRB1*09:01:02	1	1	2
two_field	test_B_gourraud	NA18614	EAS	DQB1	HLA-DQB1*03:03:02;HLA-DQB1*02:01:01	1	1	2
two_field	test_B_gourraud	NA18615	EAS	A	HLA-A*02:07:01;HLA-A*30:01:01	1	1	2
two_field	test_B_gourraud	NA18615	EAS	B	HLA-B*13:02:01;HLA-B*46:01:01	1	1	2
two_field	test_B_gourraud	NA18615	EAS	C	HLA-C*01:02:01;HLA-C*06:02:01	1	1	2
two_field	test_B_gourraud	NA18615	EAS	DRB1	HLA-DRB1*08:03:02;HLA-DRB1*07:01:01	1	1	2
two_field	test_B_gourraud	NA18615	EAS	DQB1	HLA-DQB1*06:01:01;HLA-DQB1*02:02:01	1	1	2
two_field	test_B_gourraud	NA18616	EAS	A	HLA-A*24:02:01;HLA-A*02:01:01	1	1	2
two_field	test_B_gourraud	NA18616	EAS	B	HLA-B*40:01:02;HLA-B*15:18:01	1	1	2
two_field	test_B_gourraud	NA18616	EAS	C	HLA-C*07:02:01;HLA-C*08:01:01	1	1	2
two_field	test_B_gourraud	NA18616	EAS	DRB1	HLA-DRB1*11:01:01;HLA-DRB1*11:01:01	1	1	2
two_field	test_B_gourraud	NA18616	EAS	DQB1	HLA-DQB1*03:01:01;HLA-DQB1*03:01:01	1	1	2
two_field	test_B_gourraud	NA18617	EAS	A	HLA-A*02:01:01;HLA-A*33:03:01	1	1	2
two_field	test_B_gourraud	NA18617	EAS	B	HLA-B*40:01:02;HLA-B*58:01:01	1	1	2
two_field	test_B_gourraud	NA18617	EAS	C	HLA-C*03:02:02;HLA-C*15:02:01	1	1	2
two_field	test_B_gourraud	NA18617	EAS	DRB1	HLA-DRB1*04:05:01;HLA-DRB1*03:01:01	1	1	2
two_field	test_B_gourraud	NA18617	EAS	DQB1	HLA-DQB1*02:01:01;HLA-DQB1*04:01:01	1	1	2
two_field	test_B_gourraud	NA18618	EAS	A	HLA-A*24:02:01;HLA-A*02:01:01	1	1	2
two_field	test_B_gourraud	NA18618	EAS	B	HLA-B*40:01:02;HLA-B*15:27:01	1	1	2
two_field	test_B_gourraud	NA18618	EAS	C	HLA-C*03:04:01;HLA-C*04:01:01	1	1	2
two_field	test_B_gourraud	NA18618	EAS	DRB1	HLA-DRB1*11:01:01;HLA-DRB1*12:01:01	1	1	2
two_field	test_B_gourraud	NA18618	EAS	DQB1	HLA-DQB1*03:01:01;HLA-DQB1*03:01:01	1	1	2
two_field	test_B_gourraud	NA18619	EAS	A	HLA-A*33:03:01;HLA-A*02:03:01	1	1	2
two_field	test_B_gourraud	NA18619	EAS	B	HLA-B*40:150;HLA-B*58:01:01	1	0	1
two_field	test_B_gourraud	NA18619	EAS	C	HLA-C*03:04:01;HLA-C*03:02:02	1	1	2
two_field	test_B_gourraud	NA18619	EAS	DRB1	HLA-DRB1*15:02:01;HLA-DRB1*15:02:01	1	1	2
two_field	test_B_gourraud	NA18619	EAS	DQB1	HLA-DQB1*06:01:01;HLA-DQB1*05:01:24	1	1	2
two_field	test_B_gourraud	NA18621	EAS	A	HLA-A*11:01:01;HLA-A*24:02:01	1	1	2
two_field	test_B_gourraud	NA18621	EAS	B	HLA-B*15:01:01;HLA-B*15:18:01	1	1	2
two_field	test_B_gourraud	NA18621	EAS	C	HLA-C*08:01:01;HLA-C*01:02:01	1	1	2
two_field	test_B_gourraud	NA18621	EAS	DRB1	HLA-DRB1*12:01:01;HLA-DRB1*09:01:02	1	1	2
two_field	test_B_gourraud	NA18621	EAS	DQB1	HLA-DQB1*03:03:02;HLA-DQB1*03:01:01	1	1	2
two_field	test_B_gourraud	NA18622	EAS	A	HLA-A*03:01:01;HLA-A*24:02:01	1	1	2
two_field	test_B_gourraud	NA18622	EAS	B	HLA-B*51:01:01;HLA-B*35:03:01	1	1	2
two_field	test_B_gourraud	NA18622	EAS	C	HLA-C*12:03:01;HLA-C*14:02:01	1	1	2
two_field	test_B_gourraud	NA18622	EAS	DRB1	HLA-DRB1*09:01:02;HLA-DRB1*07:01:01	1	1	2
two_field	test_B_gourraud	NA18622	EAS	DQB1	HLA-DQB1*03:03:02;HLA-DQB1*03:03:02	1	1	2
two_field	test_B_gourraud	NA18623	EAS	A	HLA-A*30:01:01;HLA-A*24:02:01	1	1	2
two_field	test_B_gourraud	NA18623	EAS	B	HLA-B*40:01:02;HLA-B*13:02:01	1	1	2
two_field	test_B_gourraud	NA18623	EAS	C	HLA-C*03:04:01;HLA-C*06:02:01	1	1	2
two_field	test_B_gourraud	NA18623	EAS	DRB1	HLA-DRB1*07:01:01;HLA-DRB1*04:10:01	1	1	2
two_field	test_B_gourraud	NA18623	EAS	DQB1	HLA-DQB1*02:02:01;HLA-DQB1*04:02:01	1	0	1
two_field	test_B_gourraud	NA18624	EAS	A	HLA-A*32:01:01;HLA-A*30:01:01	1	1	2
two_field	test_B_gourraud	NA18624	EAS	B	HLA-B*13:02:01;HLA-B*52:01:01	1	1	2
two_field	test_B_gourraud	NA18624	EAS	C	HLA-C*06:02:01;HLA-C*12:02:02	1	1	2
two_field	test_B_gourraud	NA18624	EAS	DRB1	HLA-DRB1*07:01:01;HLA-DRB1*15:02:01	1	1	2
two_field	test_B_gourraud	NA18624	EAS	DQB1	HLA-DQB1*02:02:01;HLA-DQB1*06:01:01	1	0	1
two_field	test_B_gourraud	NA18625	EAS	A	HLA-A*11:01:01;HLA-A*02:07:01	1	1	2
two_field	test_B_gourraud	NA18625	EAS	B	HLA-B*46:01:01;HLA-B*37:01:01	1	1	2
two_field	test_B_gourraud	NA18625	EAS	C	HLA-C*01:02:01;HLA-C*06:02:01	1	1	2
two_field	test_B_gourraud	NA18625	EAS	DRB1	HLA-DRB1*12:01:01;HLA-DRB1*10:01:01	1	1	2
two_field	test_B_gourraud	NA18625	EAS	DQB1	HLA-DQB1*05:01:01;HLA-DQB1*03:01:01	1	1	2
two_field	test_B_gourraud	NA18626	EAS	A	HLA-A*02:05:01;HLA-A*03:01:01	1	1	2
two_field	test_B_gourraud	NA18626	EAS	B	HLA-B*50:01:01;HLA-B*27:07:01	1	1	2
two_field	test_B_gourraud	NA18626	EAS	C	HLA-C*15:02:01;HLA-C*06:02:01	1	1	2
two_field	test_B_gourraud	NA18626	EAS	DRB1	HLA-DRB1*11:04:01;HLA-DRB1*07:01:01	1	1	2
two_field	test_B_gourraud	NA18626	EAS	DQB1	HLA-DQB1*02:02:01;HLA-DQB1*03:01:01	1	1	2
two_field	test_B_gourraud	NA18627	EAS	A	HLA-A*24:02:01;HLA-A*11:01:01	1	1	2
two_field	test_B_gourraud	NA18627	EAS	B	HLA-B*51:01:01;HLA-B*15:542	1	0	1
two_field	test_B_gourraud	NA18627	EAS	C	HLA-C*14:02:01;HLA-C*04:01:01	1	1	2
two_field	test_B_gourraud	NA18627	EAS	DRB1	HLA-DRB1*11:01:01;HLA-DRB1*12:02:01	1	1	2
two_field	test_B_gourraud	NA18627	EAS	DQB1	HLA-DQB1*03:01:01;HLA-DQB1*03:01:01	1	1	2
two_field	test_B_gourraud	NA18628	EAS	A	HLA-A*33:03:01;HLA-A*02:07:01	1	1	2
two_field	test_B_gourraud	NA18628	EAS	B	HLA-B*58:01:01;HLA-B*46:01:01	1	1	2
two_field	test_B_gourraud	NA18628	EAS	C	HLA-C*03:02:02;HLA-C*01:02:01	1	1	2
two_field	test_B_gourraud	NA18628	EAS	DRB1	HLA-DRB1*09:01:02;HLA-DRB1*03:01:01	1	1	2
two_field	test_B_gourraud	NA18628	EAS	DQB1	HLA-DQB1*03:03:02;HLA-DQB1*02:01:01	1	1	2
two_field	test_B_gourraud	NA18630	EAS	A	HLA-A*11:01:01;HLA-A*33:03:01	1	1	2
two_field	test_B_gourraud	NA18630	EAS	B	HLA-B*40:01:02;HLA-B*15:02:01	1	1	2
two_field	test_B_gourraud	NA18630	EAS	C	HLA-C*03:04:01;HLA-C*08:01:01	1	1	2
two_field	test_B_gourraud	NA18630	EAS	DRB1	HLA-DRB1*12:01:01;HLA-DRB1*11:01:01	1	1	2
two_field	test_B_gourraud	NA18630	EAS	DQB1	HLA-DQB1*03:01:01;HLA-DQB1*03:01:01	1	1	2
two_field	test_B_gourraud	NA18631	EAS	A	HLA-A*11:01:01;HLA-A*68:01:02	1	1	2
two_field	test_B_gourraud	NA18631	EAS	B	HLA-B*40:01:02;HLA-B*35:01:01,HLA-B*35:370,HLA-B*35:615	1	0	1
two_field	test_B_gourraud	NA18631	EAS	C	HLA-C*07:02:01;HLA-C*07:02:01	1	1	2
two_field	test_B_gourraud	NA18631	EAS	DRB1	HLA-DRB1*08:03:02;HLA-DRB1*09:01:02	1	1	2
two_field	test_B_gourraud	NA18631	EAS	DQB1	HLA-DQB1*03:03:02;HLA-DQB1*06:01:01	1	1	2
two_field	test_B_gourraud	NA18632	EAS	A	HLA-A*11:01:01;HLA-A*33:03:01	1	1	2
two_field	test_B_gourraud	NA18632	EAS	B	HLA-B*46:01:01;HLA-B*58:01:01	1	1	2
two_field	test_B_gourraud	NA18632	EAS	C	HLA-C*03:02:02;HLA-C*01:02:01	1	1	2
two_field	test_B_gourraud	NA18632	EAS	DRB1	HLA-DRB1*09:01:02;HLA-DRB1*03:01:01	1	1	2
two_field	test_B_gourraud	NA18632	EAS	DQB1	HLA-DQB1*03:03:02;HLA-DQB1*02:01:01	1	1	2
two_field	test_B_gourraud	NA18633	EAS	A	HLA-A*11:01:01;HLA-A*11:01:01	1	1	2
two_field	test_B_gourraud	NA18633	EAS	B	HLA-B*54:01:01;HLA-B*54:01:01	1	1	2
two_field	test_B_gourraud	NA18633	EAS	C	HLA-C*01:02:01;HLA-C*01:02:01	1	1	2
two_field	test_B_gourraud	NA18633	EAS	DRB1	HLA-DRB1*08:03:02;HLA-DRB1*04:05:01	1	1	2
two_field	test_B_gourraud	NA18633	EAS	DQB1	HLA-DQB1*04:01:01;HLA-DQB1*06:01:01	1	1	2
two_field	test_B_gourraud	NA18634	EAS	A	HLA-A*11:01:01;HLA-A*24:02:01	1	1	2
two_field	test_B_gourraud	NA18634	EAS	B	HLA-B*40:02:01;HLA-B*46:01:01	1	1	2
two_field	test_B_gourraud	NA18634	EAS	C	HLA-C*03:03:01;HLA-C*01:02:01	1	1	2
two_field	test_B_gourraud	NA18634	EAS	DRB1	HLA-DRB1*09:01:02;HLA-DRB1*11:01:01	1	1	2
two_field	test_B_gourraud	NA18634	EAS	DQB1	HLA-DQB1*03:03:02;HLA-DQB1*03:01:01	1	1	2
two_field	test_B_gourraud	NA18635	EAS	A	HLA-A*11:01:01;HLA-A*11:01:01	1	1	2
two_field	test_B_gourraud	NA18635	EAS	B	HLA-B*40:06:01;HLA-B*51:01:01	1	1	2
two_field	test_B_gourraud	NA18635	EAS	C	HLA-C*14:02:01;HLA-C*08:01:01	1	1	2
two_field	test_B_gourraud	NA18635	EAS	DRB1	HLA-DRB1*09:01:02;HLA-DRB1*09:01:02	1	1	2
two_field	test_B_gourraud	NA18635	EAS	DQB1	HLA-DQB1*03:03:02;HLA-DQB1*03:03:02	1	1	2
two_field	test_B_gourraud	NA18636	EAS	A	HLA-A*11:01:01;HLA-A*24:02:01	1	1	2
two_field	test_B_gourraud	NA18636	EAS	B	HLA-B*46:01:01;HLA-B*40:01:02	1	1	2
two_field	test_B_gourraud	NA18636	EAS	C	HLA-C*01:02:01;HLA-C*07:02:01	1	1	2
two_field	test_B_gourraud	NA18636	EAS	DRB1	HLA-DRB1*09:01:02;HLA-DRB1*15:01:01	1	1	2
two_field	test_B_gourraud	NA18636	EAS	DQB1	HLA-DQB1*03:03:02;HLA-DQB1*05:02:01	1	1	2
two_field	test_B_gourraud	NA18637	EAS	A	HLA-A*11:01:01;HLA-A*02:01:01	1	1	2
two_field	test_B_gourraud	NA18637	EAS	B	HLA-B*67:01:02;HLA-B*15:01:01	1	1	2
two_field	test_B_gourraud	NA18637	EAS	C	HLA-C*07:02:01;HLA-C*04:01:01	1	1	2
two_field	test_B_gourraud	NA18637	EAS	DRB1	HLA-DRB1*12:02:01;HLA-DRB1*04:05:01	1	1	2
two_field	test_B_gourraud	NA18637	EAS	DQB1	HLA-DQB1*04:01:01;HLA-DQB1*03:01:01	1	1	2
two_field	test_B_gourraud	NA18638	EAS	A	HLA-A*33:03:01;HLA-A*24:02:01	1	1	2
two_field	test_B_gourraud	NA18638	EAS	B	HLA-B*40:01:02;HLA-B*58:01:01	1	1	2
two_field	test_B_gourraud	NA18638	EAS	C	HLA-C*03:02:02;HLA-C*07:02:01	1	1	2
two_field	test_B_gourraud	NA18638	EAS	DRB1	HLA-DRB1*03:01:01;HLA-DRB1*14:54:01	1	1	2
two_field	test_B_gourraud	NA18638	EAS	DQB1	HLA-DQB1*02:01:01;HLA-DQB1*05:02:01	1	1	2
two_field	test_B_gourraud	NA18639	EAS	A	HLA-A*11:01:01;HLA-A*24:02:01	1	1	2
two_field	test_B_gourraud	NA18639	EAS	B	HLA-B*54:01:01;HLA-B*15:02:01	1	1	2
two_field	test_B_gourraud	NA18639	EAS	C	HLA-C*08:01:01;HLA-C*01:02:01	1	1	2
two_field	test_B_gourraud	NA18639	EAS	DRB1	HLA-DRB1*12:02:01;HLA-DRB1*14:05:01	1	1	2
two_field	test_B_gourraud	NA18639	EAS	DQB1	HLA-DQB1*05:03:01;HLA-DQB1*03:01:01	1	1	2
two_field	test_B_gourraud	NA18640	EAS	A	HLA-A*02:06:01;HLA-A*02:01:01	1	1	2
two_field	test_B_gourraud	NA18640	EAS	B	HLA-B*46:01:01;HLA-B*46:01:01	1	1	2
two_field	test_B_gourraud	NA18640	EAS	C	HLA-C*01:02:01;HLA-C*01:02:01	1	1	2
two_field	test_B_gourraud	NA18640	EAS	DRB1	HLA-DRB1*09:01:02;HLA-DRB1*08:03:02	1	1	2
two_field	test_B_gourraud	NA18640	EAS	DQB1	HLA-DQB1*03:03:02;HLA-DQB1*06:01:01	1	1	2
two_field	test_B_gourraud	NA18641	EAS	A	HLA-A*11:02:01;HLA-A*24:02:01	1	1	2
two_field	test_B_gourraud	NA18641	EAS	B	HLA-B*40:01:02;HLA-B*51:01:01	1	1	2
two_field	test_B_gourraud	NA18641	EAS	C	HLA-C*03:04:01;HLA-C*14:02:01	1	1	2
two_field	test_B_gourraud	NA18641	EAS	DRB1	HLA-DRB1*09:01:02;HLA-DRB1*08:03:02	1	1	2
two_field	test_B_gourraud	NA18641	EAS	DQB1	HLA-DQB1*03:03:02;HLA-DQB1*06:01:01	1	1	2
two_field	test_B_gourraud	NA18642	EAS	A	HLA-A*26:01:01;HLA-A*68:01:02	1	1	2
two_field	test_B_gourraud	NA18642	EAS	B	HLA-B*38:01:01;HLA-B*07:02:01	1	1	2
two_field	test_B_gourraud	NA18642	EAS	C	HLA-C*07:02:01;HLA-C*12:03:01	1	1	2
two_field	test_B_gourraud	NA18642	EAS	DRB1	HLA-DRB1*01:01:01;HLA-DRB1*15:01:01	1	1	2
two_field	test_B_gourraud	NA18642	EAS	DQB1	HLA-DQB1*06:02:01;HLA-DQB1*05:01:01	1	1	2
two_field	test_B_gourraud	NA18643	EAS	A	HLA-A*24:02:01;HLA-A*02:07:01	1	1	2
two_field	test_B_gourraud	NA18643	EAS	B	HLA-B*46:01:01;HLA-B*40:06:01	1	1	2
two_field	test_B_gourraud	NA18643	EAS	C	HLA-C*08:01:01;HLA-C*01:03:01	1	1	2
two_field	test_B_gourraud	NA18643	EAS	DRB1	HLA-DRB1*12:01:01;HLA-DRB1*04:03:01	1	1	2
two_field	test_B_gourraud	NA18643	EAS	DQB1	HLA-DQB1*03:02:01;HLA-DQB1*03:01:01	1	1	2
two_field	test_B_gourraud	NA18645	EAS	A	HLA-A*33:03:01;HLA-A*11:01:01	1	1	2
two_field	test_B_gourraud	NA18645	EAS	B	HLA-B*58:01:01;HLA-B*40:02:01	1	1	2
two_field	test_B_gourraud	NA18645	EAS	C	HLA-C*03:02:02;HLA-C*07:02:01	1	1	2
two_field	test_B_gourraud	NA18645	EAS	DRB1	HLA-DRB1*13:02:01;HLA-DRB1*08:03:02	1	1	2
two_field	test_B_gourraud	NA18645	EAS	DQB1	HLA-DQB1*06:09:01;HLA-DQB1*06:01:01	1	1	2
two_field	test_B_gourraud	NA18647	EAS	A	HLA-A*03:01:01;HLA-A*26:01:01	1	1	2
two_field	test_B_gourraud	NA18647	EAS	B	HLA-B*13:02:01;HLA-B*44:02:01	1	1	2
two_field	test_B_gourraud	NA18647	EAS	C	HLA-C*05:01:01;HLA-C*06:02:01	1	1	2
two_field	test_B_gourraud	NA18647	EAS	DRB1	HLA-DRB1*13:01:01;HLA-DRB1*07:01:01	1	1	2
two_field	test_B_gourraud	NA18647	EAS	DQB1	HLA-DQB1*06:03:01;HLA-DQB1*02:02:01	1	1	2
two_field	test_B_gourraud	NA18740	EAS	A	HLA-A*11:01:01;HLA-A*11:01:01	1	1	2
two_field	test_B_gourraud	NA18740	EAS	B	HLA-B*40:01:02;HLA-B*13:01:01	1	1	2
two_field	test_B_gourraud	NA18740	EAS	C	HLA-C*03:04:04;HLA-C*07:02:01	1	1	2
two_field	test_B_gourraud	NA18740	EAS	DRB1	HLA-DRB1*16:02:01;HLA-DRB1*12:01:01	1	1	2
two_field	test_B_gourraud	NA18740	EAS	DQB1	HLA-DQB1*05:02:01;HLA-DQB1*03:01:01	1	1	2
two_field	test_B_gourraud	NA18745	EAS	A	HLA-A*11:01:01;HLA-A*24:02:01	1	1	2
two_field	test_B_gourraud	NA18745	EAS	B	HLA-B*38:02:01;HLA-B*48:01:01	1	1	2
two_field	test_B_gourraud	NA18745	EAS	C	HLA-C*08:03:01;HLA-C*07:02:01	1	1	2
two_field	test_B_gourraud	NA18745	EAS	DRB1	HLA-DRB1*12:02:01;HLA-DRB1*14:02:01	1	1	2
two_field	test_B_gourraud	NA18745	EAS	DQB1	HLA-DQB1*03:01:01;HLA-DQB1*03:01:01	1	1	2
two_field	test_B_gourraud	NA18748	EAS	A	HLA-A*11:02:01;HLA-A*03:01:01	1	1	2
two_field	test_B_gourraud	NA18748	EAS	B	HLA-B*07:02:01;HLA-B*58:01:01	1	1	2
two_field	test_B_gourraud	NA18748	EAS	C	HLA-C*03:02:02;HLA-C*07:02:01	1	1	2
two_field	test_B_gourraud	NA18748	EAS	DRB1	HLA-DRB1*15:01:01;HLA-DRB1*13:02:01	1	1	2
two_field	test_B_gourraud	NA18748	EAS	DQB1	HLA-DQB1*06:09:01;HLA-DQB1*06:02:01	1	1	2
two_field	test_B_gourraud	NA18749	EAS	A	HLA-A*02:06:01;HLA-A*30:01:01	1	1	2
two_field	test_B_gourraud	NA18749	EAS	B	HLA-B*44:03:02;HLA-B*13:02:01	1	1	2
two_field	test_B_gourraud	NA18749	EAS	C	HLA-C*07:06:01;HLA-C*06:02:01	1	1	2
two_field	test_B_gourraud	NA18749	EAS	DRB1	HLA-DRB1*07:01:01;HLA-DRB1*07:01:01	1	1	2
two_field	test_B_gourraud	NA18749	EAS	DQB1	HLA-DQB1*02:02:01;HLA-DQB1*02:02:01	1	1	2
two_field	test_B_gourraud	NA18757	EAS	A	HLA-A*11:01:01;HLA-A*24:02:01	1	1	2
two_field	test_B_gourraud	NA18757	EAS	B	HLA-B*07:02:01;HLA-B*55:02:01	1	1	2
two_field	test_B_gourraud	NA18757	EAS	C	HLA-C*07:02:01;HLA-C*01:02:01	1	1	2
two_field	test_B_gourraud	NA18757	EAS	DRB1	HLA-DRB1*04:05:01;HLA-DRB1*15:01:01	1	1	2
two_field	test_B_gourraud	NA18757	EAS	DQB1	HLA-DQB1*04:01:01;HLA-DQB1*06:02:01	1	1	2
two_field	test_B_gourraud	NA18853	AFR	A	HLA-A*36:01:01;HLA-A*34:02:01	1	1	2
two_field	test_B_gourraud	NA18853	AFR	B	HLA-B*44:03:01;HLA-B*52:01:02	1	1	2
two_field	test_B_gourraud	NA18853	AFR	C	HLA-C*16:01:01;HLA-C*16:01:01	1	1	2
two_field	test_B_gourraud	NA18853	AFR	DRB1	HLA-DRB1*07:01:01;HLA-DRB1*13:01:01	1	1	2
two_field	test_B_gourraud	NA18853	AFR	DQB1	HLA-DQB1*05:01:01;HLA-DQB1*02:02:01	1	0	1
two_field	test_B_gourraud	NA18856	AFR	A	HLA-A*74:01:01;HLA-A*33:03:01	1	1	2
two_field	test_B_gourraud	NA18856	AFR	B	HLA-B*49:01:01;HLA-B*35:01:01,HLA-B*35:370,HLA-B*35:615	1	0	1
two_field	test_B_gourraud	NA18856	AFR	C	HLA-C*07:01:02;HLA-C*04:01:01	1	1	2
two_field	test_B_gourraud	NA18856	AFR	DRB1	HLA-DRB1*15:03:01;HLA-DRB1*10:01:01	1	1	2
two_field	test_B_gourraud	NA18856	AFR	DQB1	HLA-DQB1*05:01:01;HLA-DQB1*06:03:01	1	1	2
two_field	test_B_gourraud	NA18858	AFR	A	HLA-A*29:02:01;HLA-A*30:01:01	1	1	2
two_field	test_B_gourraud	NA18858	AFR	B	HLA-B*18:01:01;HLA-B*49:01:01	1	1	2
two_field	test_B_gourraud	NA18858	AFR	C	HLA-C*02:02:02;HLA-C*07:01:02	1	1	2
two_field	test_B_gourraud	NA18858	AFR	DRB1	HLA-DRB1*08:04:01;HLA-DRB1*03:01:01	1	1	2
two_field	test_B_gourraud	NA18858	AFR	DQB1	HLA-DQB1*02:01:01;HLA-DQB1*03:01:04	1	1	2
two_field	test_B_gourraud	NA18861	AFR	A	HLA-A*03:01:01;HLA-A*68:02:01	1	1	2
two_field	test_B_gourraud	NA18861	AFR	B	HLA-B*13:02:01;HLA-B*57:03:01	1	1	2
two_field	test_B_gourraud	NA18861	AFR	C	HLA-C*07:01:02;HLA-C*03:02:02	1	1	2
two_field	test_B_gourraud	NA18861	AFR	DRB1	HLA-DRB1*08:04:01;HLA-DRB1*14:54:01	1	0	1
two_field	test_B_gourraud	NA18861	AFR	DQB1	HLA-DQB1*04:02:13;HLA-DQB1*05:03:01	1	0	1
two_field	test_B_gourraud	NA18870	AFR	A	HLA-A*30:02:01;HLA-A*30:02:01	1	1	2
two_field	test_B_gourraud	NA18870	AFR	B	HLA-B*57:03:01;HLA-B*15:03:01	1	1	2
two_field	test_B_gourraud	NA18870	AFR	C	HLA-C*02:10:01;HLA-C*08:02:01	1	0	1
two_field	test_B_gourraud	NA18870	AFR	DRB1	HLA-DRB1*07:01:01;HLA-DRB1*13:03:01	1	1	2
two_field	test_B_gourraud	NA18870	AFR	DQB1	HLA-DQB1*02:02:01;HLA-DQB1*02:02:01	1	0	0
two_field	test_B_gourraud	NA18871	AFR	A	HLA-A*30:01:01;HLA-A*36:01:01	1	1	2
two_field	test_B_gourraud	NA18871	AFR	B	HLA-B*52:01:02;HLA-B*42:01:01	1	1	2
two_field	test_B_gourraud	NA18871	AFR	C	HLA-C*17:01:01;HLA-C*16:01:01	1	1	2
two_field	test_B_gourraud	NA18871	AFR	DRB1	HLA-DRB1*15:03:01;HLA-DRB1*08:04:01	1	1	2
two_field	test_B_gourraud	NA18871	AFR	DQB1	HLA-DQB1*02:02:01;HLA-DQB1*03:19:01	1	0	0
two_field	test_B_gourraud	NA18912	AFR	A	HLA-A*74:01:01;HLA-A*34:02:01	1	1	2
two_field	test_B_gourraud	NA18912	AFR	B	HLA-B*53:01:01;HLA-B*53:01:01	1	1	2
two_field	test_B_gourraud	NA18912	AFR	C	HLA-C*04:01:01;HLA-C*04:01:01	1	1	2
two_field	test_B_gourraud	NA18912	AFR	DRB1	HLA-DRB1*13:03:01;HLA-DRB1*11:01:02	1	1	2
two_field	test_B_gourraud	NA18912	AFR	DQB1	HLA-DQB1*06:02:01;HLA-DQB1*02:02:01	1	0	1
two_field	test_B_gourraud	NA18939	EAS	A	HLA-A*11:01:01;HLA-A*31:01:02	1	1	2
two_field	test_B_gourraud	NA18939	EAS	B	HLA-B*27:04:01;HLA-B*67:01:01	1	1	2
two_field	test_B_gourraud	NA18939	EAS	C	HLA-C*07:02:01;HLA-C*12:02:02	1	1	2
two_field	test_B_gourraud	NA18939	EAS	DRB1	HLA-DRB1*15:01:01;HLA-DRB1*15:01:01	1	1	2
two_field	test_B_gourraud	NA18939	EAS	DQB1	HLA-DQB1*06:02:01;HLA-DQB1*06:02:01	1	1	2
two_field	test_B_gourraud	NA18941	EAS	A	HLA-A*24:20:01;HLA-A*24:02:01	1	1	2
two_field	test_B_gourraud	NA18941	EAS	B	HLA-B*40:01:02;HLA-B*15:07:01	1	1	2
two_field	test_B_gourraud	NA18941	EAS	C	HLA-C*03:04:01;HLA-C*03:03:01	1	1	2
two_field	test_B_gourraud	NA18941	EAS	DRB1	HLA-DRB1*04:05:01;HLA-DRB1*14:54:01	1	1	2
two_field	test_B_gourraud	NA18941	EAS	DQB1	HLA-DQB1*04:01:01;HLA-DQB1*05:03:01	1	1	2
two_field	test_B_gourraud	NA18942	EAS	A	HLA-A*24:02:01;HLA-A*33:03:01	1	1	2
two_field	test_B_gourraud	NA18942	EAS	B	HLA-B*44:03:01;HLA-B*35:01:01,HLA-B*35:370,HLA-B*35:615	1	0	1
two_field	test_B_gourraud	NA18942	EAS	C	HLA-C*03:03:01;HLA-C*14:03:01	1	1	2
two_field	test_B_gourraud	NA18942	EAS	DRB1	HLA-DRB1*12:01:01;HLA-DRB1*04:05:01	1	1	2
two_field	test_B_gourraud	NA18942	EAS	DQB1	HLA-DQB1*04:01:01;HLA-DQB1*03:01:01	1	1	2
two_field	test_B_gourraud	NA18946	EAS	A	HLA-A*24:02:01;HLA-A*02:01:01	1	1	2
two_field	test_B_gourraud	NA18946	EAS	B	HLA-B*52:01:01;HLA-B*07:02:01	1	1	2
two_field	test_B_gourraud	NA18946	EAS	C	HLA-C*12:02:02;HLA-C*07:02:01	1	1	2
two_field	test_B_gourraud	NA18946	EAS	DRB1	HLA-DRB1*01:01:01;HLA-DRB1*04:05:01	1	1	2
two_field	test_B_gourraud	NA18946	EAS	DQB1	HLA-DQB1*04:01:01;HLA-DQB1*05:01:01	1	1	2
two_field	test_B_gourraud	NA18947	EAS	A	HLA-A*02:06:01;HLA-A*24:02:01	1	1	2
two_field	test_B_gourraud	NA18947	EAS	B	HLA-B*52:01:01;HLA-B*52:01:01	1	1	2
two_field	test_B_gourraud	NA18947	EAS	C	HLA-C*12:02:02;HLA-C*12:02:02	1	1	2
two_field	test_B_gourraud	NA18947	EAS	DRB1	HLA-DRB1*15:02:01;HLA-DRB1*15:02:01	1	1	2
two_field	test_B_gourraud	NA18947	EAS	DQB1	HLA-DQB1*06:01:01;HLA-DQB1*06:01:01	1	1	2
two_field	test_B_gourraud	NA18949	EAS	A	HLA-A*26:03:01;HLA-A*24:02:01	1	1	2
two_field	test_B_gourraud	NA18949	EAS	B	HLA-B*40:02:01;HLA-B*07:02:01	1	1	2
two_field	test_B_gourraud	NA18949	EAS	C	HLA-C*07:02:01;HLA-C*03:04:01	1	1	2
two_field	test_B_gourraud	NA18949	EAS	DRB1	HLA-DRB1*09:01:02;HLA-DRB1*01:01:01	1	1	2
two_field	test_B_gourraud	NA18949	EAS	DQB1	HLA-DQB1*05:01:01;HLA-DQB1*03:03:02	1	1	2
two_field	test_B_gourraud	NA18951	EAS	A	HLA-A*24:02:01;HLA-A*24:02:01	1	1	2
two_field	test_B_gourraud	NA18951	EAS	B	HLA-B*40:01:02;HLA-B*59:01:01	1	1	2
two_field	test_B_gourraud	NA18951	EAS	C	HLA-C*01:02:01;HLA-C*03:04:01	1	1	2
two_field	test_B_gourraud	NA18951	EAS	DRB1	HLA-DRB1*11:01:01;HLA-DRB1*04:05:01	1	1	2
two_field	test_B_gourraud	NA18951	EAS	DQB1	HLA-DQB1*04:01:01;HLA-DQB1*03:01:01	1	1	2
two_field	test_B_gourraud	NA18953	EAS	A	HLA-A*31:01:02;HLA-A*11:01:01	1	1	2
two_field	test_B_gourraud	NA18953	EAS	B	HLA-B*40:02:01;HLA-B*40:01:02	1	1	2
two_field	test_B_gourraud	NA18953	EAS	C	HLA-C*03:04:01;HLA-C*03:04:01	1	1	2
two_field	test_B_gourraud	NA18953	EAS	DRB1	HLA-DRB1*08:02:01;HLA-DRB1*04:05:01	1	0	1
two_field	test_B_gourraud	NA18953	EAS	DQB1	HLA-DQB1*04:01:01;HLA-DQB1*03:02:01	1	1	2
two_field	test_B_gourraud	NA18954	EAS	A	HLA-A*24:02:01;HLA-A*11:01:01	1	1	2
two_field	test_B_gourraud	NA18954	EAS	B	HLA-B*13:01:01;HLA-B*52:01:01	1	1	2
two_field	test_B_gourraud	NA18954	EAS	C	HLA-C*03:04:01;HLA-C*12:02:02	1	1	2
two_field	test_B_gourraud	NA18954	EAS	DRB1	HLA-DRB1*15:01:01;HLA-DRB1*15:02:01	1	1	2
two_field	test_B_gourraud	NA18954	EAS	DQB1	HLA-DQB1*06:01:01;HLA-DQB1*06:01:01	1	1	2
two_field	test_B_gourraud	NA18956	EAS	A	HLA-A*02:01:01;HLA-A*02:01:01	1	1	2
two_field	test_B_gourraud	NA18956	EAS	B	HLA-B*40:02:01;HLA-B*15:01:01	1	1	2
two_field	test_B_gourraud	NA18956	EAS	C	HLA-C*03:03:01;HLA-C*03:04:01	1	1	2
two_field	test_B_gourraud	NA18956	EAS	DRB1	HLA-DRB1*09:01:02;HLA-DRB1*15:02:01	1	1	2
two_field	test_B_gourraud	NA18956	EAS	DQB1	HLA-DQB1*03:03:02;HLA-DQB1*06:01:01	1	1	2
two_field	test_B_gourraud	NA18957	EAS	A	HLA-A*24:02:01;HLA-A*24:02:01	1	1	2
two_field	test_B_gourraud	NA18957	EAS	B	HLA-B*52:01:01;HLA-B*52:01:01	1	1	2
two_field	test_B_gourraud	NA18957	EAS	C	HLA-C*12:02:02;HLA-C*12:02:02	1	1	2
two_field	test_B_gourraud	NA18957	EAS	DRB1	HLA-DRB1*04:10:01;HLA-DRB1*15:02:01	1	1	2
two_field	test_B_gourraud	NA18957	EAS	DQB1	HLA-DQB1*04:02:01;HLA-DQB1*06:01:01	1	1	2
two_field	test_B_gourraud	NA18961	EAS	A	HLA-A*24:02:01;HLA-A*11:01:01	1	1	2
two_field	test_B_gourraud	NA18961	EAS	B	HLA-B*51:01:01;HLA-B*54:01:01	1	1	2
two_field	test_B_gourraud	NA18961	EAS	C	HLA-C*01:02:01;HLA-C*01:02:01	1	1	2
two_field	test_B_gourraud	NA18961	EAS	DRB1	HLA-DRB1*09:01:02;HLA-DRB1*04:05:01	1	1	2
two_field	test_B_gourraud	NA18961	EAS	DQB1	HLA-DQB1*03:03:02;HLA-DQB1*04:01:01	1	1	2
two_field	test_B_gourraud	NA18962	EAS	A	HLA-A*24:02:01;HLA-A*24:02:01	1	1	2
two_field	test_B_gourraud	NA18962	EAS	B	HLA-B*07:02:01;HLA-B*52:01:01	1	1	2
two_field	test_B_gourraud	NA18962	EAS	C	HLA-C*07:02:01;HLA-C*12:02:02	1	1	2
two_field	test_B_gourraud	NA18962	EAS	DRB1	HLA-DRB1*01:01:01;HLA-DRB1*15:02:01	1	1	2
two_field	test_B_gourraud	NA18962	EAS	DQB1	HLA-DQB1*05:01:01;HLA-DQB1*06:01:01	1	1	2
two_field	test_B_gourraud	NA18963	EAS	A	HLA-A*33:03:01;HLA-A*26:01:01	1	1	2
two_field	test_B_gourraud	NA18963	EAS	B	HLA-B*40:06:01;HLA-B*44:03:01	1	1	2
two_field	test_B_gourraud	NA18963	EAS	C	HLA-C*03:04:01;HLA-C*14:03:01	1	1	2
two_field	test_B_gourraud	NA18963	EAS	DRB1	HLA-DRB1*09:01:02;HLA-DRB1*13:02:01	1	1	2
two_field	test_B_gourraud	NA18963	EAS	DQB1	HLA-DQB1*03:03:02;HLA-DQB1*06:04:01	1	1	2
two_field	test_B_gourraud	NA18964	EAS	A	HLA-A*26:03:01;HLA-A*26:01:01	1	1	2
two_field	test_B_gourraud	NA18964	EAS	B	HLA-B*35:01:01,HLA-B*35:370,HLA-B*35:615;HLA-B*40:02:01	1	0	1
two_field	test_B_gourraud	NA18964	EAS	C	HLA-C*03:04:01;HLA-C*03:03:01	1	1	2
two_field	test_B_gourraud	NA18964	EAS	DRB1	HLA-DRB1*15:01:01;HLA-DRB1*04:05:01	1	1	2
two_field	test_B_gourraud	NA18964	EAS	DQB1	HLA-DQB1*06:02:01;HLA-DQB1*04:01:01	1	1	2
two_field	test_B_gourraud	NA18965	EAS	A	HLA-A*31:01:02;HLA-A*26:02:01	1	0	1
two_field	test_B_gourraud	NA18965	EAS	B	HLA-B*40:06:01;HLA-B*56:01:01	1	1	2
two_field	test_B_gourraud	NA18965	EAS	C	HLA-C*08:01:01;HLA-C*04:01:01	1	1	2
two_field	test_B_gourraud	NA18965	EAS	DRB1	HLA-DRB1*09:01:02;HLA-DRB1*09:01:02	1	1	2
two_field	test_B_gourraud	NA18965	EAS	DQB1	HLA-DQB1*03:03:02;HLA-DQB1*03:03:02	1	1	2
two_field	test_B_gourraud	NA18966	EAS	A	HLA-A*02:07:01;HLA-A*02:06:01	1	0	1
two_field	test_B_gourraud	NA18966	EAS	B	HLA-B*35:01:01;HLA-B*15:01:01,HLA-B*15:01:84,HLA-B*15:542,HLA-B*15:632	1	0	1
two_field	test_B_gourraud	NA18966	EAS	C	HLA-C*03:03:01;HLA-C*03:03:01	1	1	2
two_field	test_B_gourraud	NA18966	EAS	DRB1	HLA-DRB1*15:01:01;HLA-DRB1*15:01:01	1	1	2
two_field	test_B_gourraud	NA18966	EAS	DQB1	HLA-DQB1*06:02:01;HLA-DQB1*06:02:01	1	1	2
two_field	test_B_gourraud	NA18968	EAS	A	HLA-A*11:01:01;HLA-A*31:01:02	1	1	2
two_field	test_B_gourraud	NA18968	EAS	B	HLA-B*40:01:02;HLA-B*51:01:01,HLA-B*51:01:64	1	1	2
two_field	test_B_gourraud	NA18968	EAS	C	HLA-C*14:02:01;HLA-C*07:02:01	1	1	2
two_field	test_B_gourraud	NA18968	EAS	DRB1	HLA-DRB1*15:01:01;HLA-DRB1*14:03:01	1	1	2
two_field	test_B_gourraud	NA18968	EAS	DQB1	HLA-DQB1*06:02:01;HLA-DQB1*03:01:01	1	1	2
two_field	test_B_gourraud	NA18969	EAS	A	HLA-A*31:01:02;HLA-A*24:02:01	1	1	2
two_field	test_B_gourraud	NA18969	EAS	B	HLA-B*52:01:01;HLA-B*48:01:01	1	1	2
two_field	test_B_gourraud	NA18969	EAS	C	HLA-C*08:03:01;HLA-C*12:02:02	1	0	1
two_field	test_B_gourraud	NA18969	EAS	DRB1	HLA-DRB1*14:54:01;HLA-DRB1*15:02:01	1	0	1
two_field	test_B_gourraud	NA18969	EAS	DQB1	HLA-DQB1*05:02:01;HLA-DQB1*06:01:01	1	1	2
two_field	test_B_gourraud	NA18972	EAS	A	HLA-A*24:02:01;HLA-A*24:02:01	1	1	2
two_field	test_B_gourraud	NA18972	EAS	B	HLA-B*59:01:01;HLA-B*40:02:01	1	1	2
two_field	test_B_gourraud	NA18972	EAS	C	HLA-C*03:03:01;HLA-C*01:02:01	1	1	2
two_field	test_B_gourraud	NA18972	EAS	DRB1	HLA-DRB1*04:05:01;HLA-DRB1*15:01:01	1	1	2
two_field	test_B_gourraud	NA18972	EAS	DQB1	HLA-DQB1*04:01:01;HLA-DQB1*06:02:01	1	1	2
two_field	test_B_gourraud	NA18973	EAS	A	HLA-A*24:02:01;HLA-A*33:03:01	1	1	2
two_field	test_B_gourraud	NA18973	EAS	B	HLA-B*46:01:01;HLA-B*15:07:01	1	1	2
two_field	test_B_gourraud	NA18973	EAS	C	HLA-C*03:03:01;HLA-C*01:02:01	1	1	2
two_field	test_B_gourraud	NA18973	EAS	DRB1	HLA-DRB1*14:03:01;HLA-DRB1*08:03:02	1	1	2
two_field	test_B_gourraud	NA18973	EAS	DQB1	HLA-DQB1*06:01:01;HLA-DQB1*03:01:01	1	1	2
two_field	test_B_gourraud	NA18975	EAS	A	HLA-A*02:06:01;HLA-A*02:01:01	1	1	2
two_field	test_B_gourraud	NA18975	EAS	B	HLA-B*07:02:01;HLA-B*15:01:01	1	1	2
two_field	test_B_gourraud	NA18975	EAS	C	HLA-C*07:02:01;HLA-C*04:01:01	1	1	2
two_field	test_B_gourraud	NA18975	EAS	DRB1	HLA-DRB1*01:01:01;HLA-DRB1*04:06:01	1	1	2
two_field	test_B_gourraud	NA18975	EAS	DQB1	HLA-DQB1*03:02:01;HLA-DQB1*05:01:01	1	1	2
two_field	test_B_gourraud	NA18977	EAS	A	HLA-A*02:06:01;HLA-A*24:02:01	1	1	2
two_field	test_B_gourraud	NA18977	EAS	B	HLA-B*35:01:01;HLA-B*55:02:01	1	1	2
two_field	test_B_gourraud	NA18977	EAS	C	HLA-C*03:04:01;HLA-C*01:02:01	1	1	2
two_field	test_B_gourraud	NA18977	EAS	DRB1	HLA-DRB1*12:01:01;HLA-DRB1*04:05:01	1	1	2
two_field	test_B_gourraud	NA18977	EAS	DQB1	HLA-DQB1*04:01:01;HLA-DQB1*03:03:02	1	1	2
two_field	test_B_gourraud	NA18978	EAS	A	HLA-A*03:01:01;HLA-A*31:01:02	1	1	2
two_field	test_B_gourraud	NA18978	EAS	B	HLA-B*44:02:01;HLA-B*40:02:01	1	1	2
two_field	test_B_gourraud	NA18978	EAS	C	HLA-C*14:02:01;HLA-C*05:01:01	1	1	2
two_field	test_B_gourraud	NA18978	EAS	DRB1	HLA-DRB1*04:03:01;HLA-DRB1*13:01:01	1	1	2
two_field	test_B_gourraud	NA18978	EAS	DQB1	HLA-DQB1*06:03:01;HLA-DQB1*03:02:01	1	1	2
two_field	test_B_gourraud	NA18979	EAS	A	HLA-A*24:02:01;HLA-A*02:01:01	1	1	2
two_field	test_B_gourraud	NA18979	EAS	B	HLA-B*52:01:01;HLA-B*55:02:01	1	1	2
two_field	test_B_gourraud	NA18979	EAS	C	HLA-C*01:02:01;HLA-C*12:02:02	1	1	2
two_field	test_B_gourraud	NA18979	EAS	DRB1	HLA-DRB1*04:05:01;HLA-DRB1*15:02:01	1	1	2
two_field	test_B_gourraud	NA18979	EAS	DQB1	HLA-DQB1*04:01:01;HLA-DQB1*06:01:01	1	1	2
two_field	test_B_gourraud	NA18980	EAS	A	HLA-A*11:02:01;HLA-A*31:01:02	1	0	1
two_field	test_B_gourraud	NA18980	EAS	B	HLA-B*13:01:01;HLA-B*40:01:02	1	1	2
two_field	test_B_gourraud	NA18980	EAS	C	HLA-C*03:04:01;HLA-C*03:03:01	1	1	2
two_field	test_B_gourraud	NA18980	EAS	DRB1	HLA-DRB1*08:03:02;HLA-DRB1*12:02:01	1	0	0
two_field	test_B_gourraud	NA18980	EAS	DQB1	HLA-DQB1*06:01:01;HLA-DQB1*03:01:01	1	1	2
two_field	test_B_gourraud	NA18981	EAS	A	HLA-A*31:01:02;HLA-A*02:01:01	1	1	2
two_field	test_B_gourraud	NA18981	EAS	B	HLA-B*51:01:01;HLA-B*51:01:01	1	1	2
two_field	test_B_gourraud	NA18981	EAS	C	HLA-C*14:02:01;HLA-C*14:02:01	1	1	2
two_field	test_B_gourraud	NA18981	EAS	DRB1	HLA-DRB1*08:02:01;HLA-DRB1*15:01:01	1	1	2
two_field	test_B_gourraud	NA18981	EAS	DQB1	HLA-DQB1*04:02:01;HLA-DQB1*03:01:01	1	1	2
two_field	test_B_gourraud	NA18987	EAS	A	HLA-A*26:02:01;HLA-A*02:07:01	1	0	0
two_field	test_B_gourraud	NA18987	EAS	B	HLA-B*40:06:01;HLA-B*46:01:01	1	1	2
two_field	test_B_gourraud	NA18987	EAS	C	HLA-C*08:01:01;HLA-C*01:02:01	1	1	2
two_field	test_B_gourraud	NA18987	EAS	DRB1	HLA-DRB1*08:03:02;HLA-DRB1*12:01:01	1	0	1
two_field	test_B_gourraud	NA18987	EAS	DQB1	HLA-DQB1*06:01:01;HLA-DQB1*03:01:01	1	1	2
two_field	test_B_gourraud	NA18991	EAS	A	HLA-A*24:02:01;HLA-A*02:01:01	1	1	2
two_field	test_B_gourraud	NA18991	EAS	B	HLA-B*40:02:01;HLA-B*52:01:01	1	1	2
two_field	test_B_gourraud	NA18991	EAS	C	HLA-C*15:02:01;HLA-C*12:02:02	1	1	2
two_field	test_B_gourraud	NA18991	EAS	DRB1	HLA-DRB1*15:02:01;HLA-DRB1*04:03:01	1	1	2
two_field	test_B_gourraud	NA18991	EAS	DQB1	HLA-DQB1*06:01:01;HLA-DQB1*03:02:01	1	1	2
two_field	test_B_gourraud	NA18992	EAS	A	HLA-A*33:03:01;HLA-A*24:02:01	1	1	2
two_field	test_B_gourraud	NA18992	EAS	B	HLA-B*52:01:01;HLA-B*44:03:01	1	1	2
two_field	test_B_gourraud	NA18992	EAS	C	HLA-C*14:03:01;HLA-C*12:02:02	1	1	2
two_field	test_B_gourraud	NA18992	EAS	DRB1	HLA-DRB1*15:02:01;HLA-DRB1*13:02:01	1	1	2
two_field	test_B_gourraud	NA18992	EAS	DQB1	HLA-DQB1*06:01:01;HLA-DQB1*06:04:01	1	1	2
two_field	test_B_gourraud	NA18993	EAS	A	HLA-A*02:06:01;HLA-A*02:01:01	1	1	2
two_field	test_B_gourraud	NA18993	EAS	B	HLA-B*39:01:03;HLA-B*35:01:01	1	1	2
two_field	test_B_gourraud	NA18993	EAS	C	HLA-C*07:02:01;HLA-C*03:03:01	1	1	2
two_field	test_B_gourraud	NA18993	EAS	DRB1	HLA-DRB1*08:02:01;HLA-DRB1*04:03:01	1	1	2
two_field	test_B_gourraud	NA18993	EAS	DQB1	HLA-DQB1*03:02:01;HLA-DQB1*04:02:01	1	1	2
two_field	test_B_gourraud	NA18994	EAS	A	HLA-A*31:01:02;HLA-A*24:02:01	1	1	2
two_field	test_B_gourraud	NA18994	EAS	B	HLA-B*40:02:01;HLA-B*07:02:01	1	1	2
two_field	test_B_gourraud	NA18994	EAS	C	HLA-C*07:02:01;HLA-C*03:04:01	1	1	2
two_field	test_B_gourraud	NA18994	EAS	DRB1	HLA-DRB1*08:02:01;HLA-DRB1*01:01:01	1	1	2
two_field	test_B_gourraud	NA18994	EAS	DQB1	HLA-DQB1*03:02:01;HLA-DQB1*05:01:01	1	1	2
two_field	test_B_gourraud	NA18995	EAS	A	HLA-A*24:02:01;HLA-A*33:03:01	1	1	2
two_field	test_B_gourraud	NA18995	EAS	B	HLA-B*15:07:01;HLA-B*44:03:01	1	1	2
two_field	test_B_gourraud	NA18995	EAS	C	HLA-C*14:03:01;HLA-C*03:03:01	1	1	2
two_field	test_B_gourraud	NA18995	EAS	DRB1	HLA-DRB1*13:02:01;HLA-DRB1*11:01:01	1	1	2
two_field	test_B_gourraud	NA18995	EAS	DQB1	HLA-DQB1*06:04:01;HLA-DQB1*03:01:01	1	1	2
two_field	test_B_gourraud	NA18997	EAS	A	HLA-A*26:03:01;HLA-A*24:02:01	1	1	2
two_field	test_B_gourraud	NA18997	EAS	B	HLA-B*15:01:01;HLA-B*39:01:01	1	1	2
two_field	test_B_gourraud	NA18997	EAS	C	HLA-C*03:03:01;HLA-C*07:02:01	1	1	2
two_field	test_B_gourraud	NA18997	EAS	DRB1	HLA-DRB1*04:06:01;HLA-DRB1*09:01:02	1	1	2
two_field	test_B_gourraud	NA18997	EAS	DQB1	HLA-DQB1*03:02:01;HLA-DQB1*03:03:02	1	1	2
two_field	test_B_gourraud	NA18998	EAS	A	HLA-A*24:02:01;HLA-A*02:06:01	1	1	2
two_field	test_B_gourraud	NA18998	EAS	B	HLA-B*54:01:01;HLA-B*52:01:01	1	1	2
two_field	test_B_gourraud	NA18998	EAS	C	HLA-C*01:02:01;HLA-C*12:02:02	1	1	2
two_field	test_B_gourraud	NA18998	EAS	DRB1	HLA-DRB1*15:01:01;HLA-DRB1*15:02:01	1	1	2
two_field	test_B_gourraud	NA18998	EAS	DQB1	HLA-DQB1*06:01:01;HLA-DQB1*06:02:01	1	1	2
two_field	test_B_gourraud	NA18999	EAS	A	HLA-A*33:03:01;HLA-A*24:04	1	1	2
two_field	test_B_gourraud	NA18999	EAS	B	HLA-B*40:06:01;HLA-B*46:01:01	1	1	2
two_field	test_B_gourraud	NA18999	EAS	C	HLA-C*01:03:01;HLA-C*08:01:01	1	0	1
two_field	test_B_gourraud	NA18999	EAS	DRB1	HLA-DRB1*09:01:02;HLA-DRB1*09:01:02	1	1	2
two_field	test_B_gourraud	NA18999	EAS	DQB1	HLA-DQB1*03:03:02;HLA-DQB1*03:03:02	1	1	2
two_field	test_B_gourraud	NA19000	EAS	A	HLA-A*24:02:01;HLA-A*24:02:01	1	1	2
two_field	test_B_gourraud	NA19000	EAS	B	HLA-B*67:01:01;HLA-B*54:01:01	1	1	2
two_field	test_B_gourraud	NA19000	EAS	C	HLA-C*01:02:01;HLA-C*07:02:01	1	1	2
two_field	test_B_gourraud	NA19000	EAS	DRB1	HLA-DRB1*01:01:01;HLA-DRB1*04:05:01	1	1	2
two_field	test_B_gourraud	NA19000	EAS	DQB1	HLA-DQB1*04:01:01;HLA-DQB1*05:01:01	1	1	2
two_field	test_B_gourraud	NA19001	EAS	A	HLA-A*02:06:01;HLA-A*24:02:01	1	1	2
two_field	test_B_gourraud	NA19001	EAS	B	HLA-B*07:02:01;HLA-B*52:01:01	1	1	2
two_field	test_B_gourraud	NA19001	EAS	C	HLA-C*12:02:02;HLA-C*07:02:01	1	1	2
two_field	test_B_gourraud	NA19001	EAS	DRB1	HLA-DRB1*01:01:01;HLA-DRB1*15:02:01	1	1	2
two_field	test_B_gourraud	NA19001	EAS	DQB1	HLA-DQB1*06:01:01;HLA-DQB1*05:01:01	1	1	2
two_field	test_B_gourraud	NA19002	EAS	A	HLA-A*11:01:01;HLA-A*01:01:01	1	1	2
two_field	test_B_gourraud	NA19002	EAS	B	HLA-B*37:01:01;HLA-B*44:03:01	1	1	2
two_field	test_B_gourraud	NA19002	EAS	C	HLA-C*14:03:01;HLA-C*06:02:01	1	1	2
two_field	test_B_gourraud	NA19002	EAS	DRB1	HLA-DRB1*10:01:01;HLA-DRB1*13:02:01	1	1	2
two_field	test_B_gourraud	NA19002	EAS	DQB1	HLA-DQB1*06:04:01;HLA-DQB1*05:01:01	1	1	2
two_field	test_B_gourraud	NA19003	EAS	A	HLA-A*11:01:01;HLA-A*02:06:01	1	1	2
two_field	test_B_gourraud	NA19003	EAS	B	HLA-B*39:01:03;HLA-B*39:01:01	1	1	2
two_field	test_B_gourraud	NA19003	EAS	C	HLA-C*07:02:01;HLA-C*07:02:01	1	1	2
two_field	test_B_gourraud	NA19003	EAS	DRB1	HLA-DRB1*08:03:02;HLA-DRB1*13:02:01	1	1	2
two_field	test_B_gourraud	NA19003	EAS	DQB1	HLA-DQB1*06:01:01;HLA-DQB1*06:04:01	1	1	2
two_field	test_B_gourraud	NA19005	EAS	A	HLA-A*33:03:01;HLA-A*02:01:01	1	1	2
two_field	test_B_gourraud	NA19005	EAS	B	HLA-B*58:01:01;HLA-B*67:01:02	1	1	2
two_field	test_B_gourraud	NA19005	EAS	C	HLA-C*03:02:02;HLA-C*07:02:01	1	1	2
two_field	test_B_gourraud	NA19005	EAS	DRB1	HLA-DRB1*13:02:01;HLA-DRB1*15:01:01	1	1	2
two_field	test_B_gourraud	NA19005	EAS	DQB1	HLA-DQB1*06:02:01;HLA-DQB1*06:09:01	1	0	1
two_field	test_B_gourraud	NA19009	EAS	A	HLA-A*02:01:01;HLA-A*24:02:01	1	1	2
two_field	test_B_gourraud	NA19009	EAS	B	HLA-B*40:01:02;HLA-B*52:01:01	1	1	2
two_field	test_B_gourraud	NA19009	EAS	C	HLA-C*03:04:01;HLA-C*12:02:02	1	1	2
two_field	test_B_gourraud	NA19009	EAS	DRB1	HLA-DRB1*12:01:01;HLA-DRB1*15:02:01	1	1	2
two_field	test_B_gourraud	NA19009	EAS	DQB1	HLA-DQB1*03:03:02;HLA-DQB1*06:01:01	1	1	2
two_field	test_B_gourraud	NA19010	EAS	A	HLA-A*24:02:01;HLA-A*24:02:01	1	1	2
two_field	test_B_gourraud	NA19010	EAS	B	HLA-B*35:01:01;HLA-B*35:01:01	1	1	2
two_field	test_B_gourraud	NA19010	EAS	C	HLA-C*03:03:01;HLA-C*08:01:01	1	1	2
two_field	test_B_gourraud	NA19010	EAS	DRB1	HLA-DRB1*04:10:03;HLA-DRB1*04:03:01	1	1	2
two_field	test_B_gourraud	NA19010	EAS	DQB1	HLA-DQB1*04:02:01;HLA-DQB1*03:02:01	1	1	2
two_field	test_B_gourraud	NA19012	EAS	A	HLA-A*24:02:01;HLA-A*24:02:01	1	1	2
two_field	test_B_gourraud	NA19012	EAS	B	HLA-B*35:01:01;HLA-B*35:01:01	1	1	2
two_field	test_B_gourraud	NA19012	EAS	C	HLA-C*03:03:01;HLA-C*03:03:01	1	1	2
two_field	test_B_gourraud	NA19012	EAS	DRB1	HLA-DRB1*04:03:01;HLA-DRB1*04:04:01	1	0	1
two_field	test_B_gourraud	NA19012	EAS	DQB1	HLA-DQB1*03:02:01;HLA-DQB1*03:02:01	1	1	2
two_field	test_B_gourraud	NA19027	AFR	A	HLA-A*36:01:01;HLA-A*36:01:01	1	1	2
two_field	test_B_gourraud	NA19027	AFR	B	HLA-B*57:03:01;HLA-B*53:01:01	1	1	2
two_field	test_B_gourraud	NA19027	AFR	C	HLA-C*04:01:01;HLA-C*07:18:01	1	1	2
two_field	test_B_gourraud	NA19027	AFR	DRB1	HLA-DRB1*11:01:02;HLA-DRB1*12:01:01	1	1	2
two_field	test_B_gourraud	NA19027	AFR	DQB1	HLA-DQB1*05:01:01;HLA-DQB1*06:02:01	1	1	2
two_field	test_B_gourraud	NA19028	AFR	A	HLA-A*30:02:01;HLA-A*01:01:83	1	1	2
two_field	test_B_gourraud	NA19028	AFR	B	HLA-B*13:02:01;HLA-B*15:03:01	1	1	2
two_field	test_B_gourraud	NA19028	AFR	C	HLA-C*06:02:01;HLA-C*02:10:01	1	1	2
two_field	test_B_gourraud	NA19028	AFR	DRB1	HLA-DRB1*11:01:02;HLA-DRB1*11:01:02	1	1	2
two_field	test_B_gourraud	NA19028	AFR	DQB1	HLA-DQB1*03:19:01;HLA-DQB1*05:01:01	1	1	2
two_field	test_B_gourraud	NA19031	AFR	A	HLA-A*30:01:01;HLA-A*02:01:01	1	1	2
two_field	test_B_gourraud	NA19031	AFR	B	HLA-B*42:01:01;HLA-B*53:01:01	1	1	2
two_field	test_B_gourraud	NA19031	AFR	C	HLA-C*17:01:01;HLA-C*04:01:01	1	1	2
two_field	test_B_gourraud	NA19031	AFR	DRB1	HLA-DRB1*11:02:01;HLA-DRB1*03:02:01	1	1	2
two_field	test_B_gourraud	NA19031	AFR	DQB1	HLA-DQB1*04:02:01;HLA-DQB1*03:01:01	1	1	2
two_field	test_B_gourraud	NA19035	AFR	A	HLA-A*03:01:01;HLA-A*30:01:01	1	1	2
two_field	test_B_gourraud	NA19035	AFR	B	HLA-B*42:01:01;HLA-B*44:03:01	1	1	2
two_field	test_B_gourraud	NA19035	AFR	C	HLA-C*17:01:01;HLA-C*04:01:01	1	1	2
two_field	test_B_gourraud	NA19035	AFR	DRB1	HLA-DRB1*09:01:02;HLA-DRB1*03:02:01	1	1	2
two_field	test_B_gourraud	NA19035	AFR	DQB1	HLA-DQB1*02:02:01;HLA-DQB1*04:02:01	1	1	2
two_field	test_B_gourraud	NA19038	AFR	A	HLA-A*74:01:01;HLA-A*29:02:01	1	1	2
two_field	test_B_gourraud	NA19038	AFR	B	HLA-B*15:220:01;HLA-B*35:01:01	1	0	1
two_field	test_B_gourraud	NA19038	AFR	C	HLA-C*12:03:01;HLA-C*04:01:01	1	1	2
two_field	test_B_gourraud	NA19038	AFR	DRB1	HLA-DRB1*15:03:01;HLA-DRB1*09:01:02	1	1	2
two_field	test_B_gourraud	NA19038	AFR	DQB1	HLA-DQB1*02:02:01;HLA-DQB1*06:02:01	1	1	2
two_field	test_B_gourraud	NA19041	AFR	A	HLA-A*30:01:01;HLA-A*02:01:01	1	1	2
two_field	test_B_gourraud	NA19041	AFR	B	HLA-B*58:02:01,HLA-B*58:02:03;HLA-B*45:01:01	1	1	2
two_field	test_B_gourraud	NA19041	AFR	C	HLA-C*06:02:01;HLA-C*06:02:01	1	1	2
two_field	test_B_gourraud	NA19041	AFR	DRB1	HLA-DRB1*01:02:01;HLA-DRB1*13:02:01	1	1	2
two_field	test_B_gourraud	NA19041	AFR	DQB1	HLA-DQB1*05:01:01;HLA-DQB1*06:09:01	1	1	2
two_field	test_B_gourraud	NA19054	EAS	A	HLA-A*33:03:01;HLA-A*02:06:01	1	1	2
two_field	test_B_gourraud	NA19054	EAS	B	HLA-B*35:01:01;HLA-B*44:03:01	1	1	2
two_field	test_B_gourraud	NA19054	EAS	C	HLA-C*03:03:01;HLA-C*14:03:01	1	1	2
two_field	test_B_gourraud	NA19054	EAS	DRB1	HLA-DRB1*13:02:01;HLA-DRB1*08:03:02	1	1	2
two_field	test_B_gourraud	NA19054	EAS	DQB1	HLA-DQB1*06:01:01;HLA-DQB1*06:04:01	1	1	2
two_field	test_B_gourraud	NA19055	EAS	A	HLA-A*24:02:01;HLA-A*02:06:01	1	1	2
two_field	test_B_gourraud	NA19055	EAS	B	HLA-B*59:01:01;HLA-B*07:02:01	1	1	2
two_field	test_B_gourraud	NA19055	EAS	C	HLA-C*07:02:01;HLA-C*01:02:01	1	1	2
two_field	test_B_gourraud	NA19055	EAS	DRB1	HLA-DRB1*01:01:01;HLA-DRB1*12:01:01	1	1	2
two_field	test_B_gourraud	NA19055	EAS	DQB1	HLA-DQB1*03:03:02;HLA-DQB1*05:01:01	1	1	2
two_field	test_B_gourraud	NA19056	EAS	A	HLA-A*24:02:01;HLA-A*24:02:01	1	1	2
two_field	test_B_gourraud	NA19056	EAS	B	HLA-B*40:02:01;HLA-B*40:06:01	1	1	2
two_field	test_B_gourraud	NA19056	EAS	C	HLA-C*03:04:01;HLA-C*08:01:01	1	1	2
two_field	test_B_gourraud	NA19056	EAS	DRB1	HLA-DRB1*11:01:01;HLA-DRB1*15:02:01	1	1	2
two_field	test_B_gourraud	NA19056	EAS	DQB1	HLA-DQB1*06:01:01;HLA-DQB1*03:01:01	1	1	2
two_field	test_B_gourraud	NA19057	EAS	A	HLA-A*02:10;HLA-A*31:01:02	1	1	2
two_field	test_B_gourraud	NA19057	EAS	B	HLA-B*59:01:01;HLA-B*40:06:01	1	1	2
two_field	test_B_gourraud	NA19057	EAS	C	HLA-C*08:01:01;HLA-C*01:02:01	1	1	2
two_field	test_B_gourraud	NA19057	EAS	DRB1	HLA-DRB1*04:05:01;HLA-DRB1*04:05:01	1	1	2
two_field	test_B_gourraud	NA19057	EAS	DQB1	HLA-DQB1*04:01:01;HLA-DQB1*04:01:01	1	1	2
two_field	test_B_gourraud	NA19058	EAS	A	HLA-A*11:01:01;HLA-A*24:02:01	1	1	2
two_field	test_B_gourraud	NA19058	EAS	B	HLA-B*54:01:01;HLA-B*39:02:01	1	1	2
two_field	test_B_gourraud	NA19058	EAS	C	HLA-C*01:02:01;HLA-C*07:02:01	1	1	2
two_field	test_B_gourraud	NA19058	EAS	DRB1	HLA-DRB1*09:01:02;HLA-DRB1*08:03:02	1	1	2
two_field	test_B_gourraud	NA19058	EAS	DQB1	HLA-DQB1*03:03:02;HLA-DQB1*06:01:01	1	1	2
two_field	test_B_gourraud	NA19059	EAS	A	HLA-A*02:06:01;HLA-A*24:02:01	1	1	2
two_field	test_B_gourraud	NA19059	EAS	B	HLA-B*46:01:01;HLA-B*52:01:01	1	1	2
two_field	test_B_gourraud	NA19059	EAS	C	HLA-C*01:02:01;HLA-C*12:02:02	1	1	2
two_field	test_B_gourraud	NA19059	EAS	DRB1	HLA-DRB1*04:05:01;HLA-DRB1*15:02:01	1	1	2
two_field	test_B_gourraud	NA19059	EAS	DQB1	HLA-DQB1*04:01:01;HLA-DQB1*06:01:01	1	1	2
two_field	test_B_gourraud	NA19060	EAS	A	HLA-A*31:01:02;HLA-A*02:01:01	1	1	2
two_field	test_B_gourraud	NA19060	EAS	B	HLA-B*40:02:01;HLA-B*51:01:01,HLA-B*51:01:64	1	1	2
two_field	test_B_gourraud	NA19060	EAS	C	HLA-C*14:02:01;HLA-C*07:02:01	1	1	2
two_field	test_B_gourraud	NA19060	EAS	DRB1	HLA-DRB1*14:03:01;HLA-DRB1*14:54:01	1	1	2
two_field	test_B_gourraud	NA19060	EAS	DQB1	HLA-DQB1*05:02:01;HLA-DQB1*03:01:01	1	1	2
two_field	test_B_gourraud	NA19062	EAS	A	HLA-A*26:02:01;HLA-A*24:02:01	1	1	2
two_field	test_B_gourraud	NA19062	EAS	B	HLA-B*44:03:01;HLA-B*07:02:01	1	1	2
two_field	test_B_gourraud	NA19062	EAS	C	HLA-C*14:03:01;HLA-C*07:02:01	1	1	2
two_field	test_B_gourraud	NA19062	EAS	DRB1	HLA-DRB1*04:10:03;HLA-DRB1*13:02:01	1	1	2
two_field	test_B_gourraud	NA19062	EAS	DQB1	HLA-DQB1*06:04:01;HLA-DQB1*04:02:01	1	1	2
two_field	test_B_gourraud	NA19063	EAS	A	HLA-A*24:02:01;HLA-A*11:01:01	1	1	2
two_field	test_B_gourraud	NA19063	EAS	B	HLA-B*15:01:01;HLA-B*15:18:01	1	1	2
two_field	test_B_gourraud	NA19063	EAS	C	HLA-C*08:01:01;HLA-C*04:01:01	1	1	2
two_field	test_B_gourraud	NA19063	EAS	DRB1	HLA-DRB1*04:06:01;HLA-DRB1*09:01:02	1	1	2
two_field	test_B_gourraud	NA19063	EAS	DQB1	HLA-DQB1*03:03:02;HLA-DQB1*03:02:01	1	1	2
two_field	test_B_gourraud	NA19064	EAS	A	HLA-A*24:02:01;HLA-A*02:07:01	1	1	2
two_field	test_B_gourraud	NA19064	EAS	B	HLA-B*15:18:01;HLA-B*46:01:01	1	1	2
two_field	test_B_gourraud	NA19064	EAS	C	HLA-C*07:04:01;HLA-C*01:02:01	1	1	2
two_field	test_B_gourraud	NA19064	EAS	DRB1	HLA-DRB1*08:03:02;HLA-DRB1*04:01:01	1	1	2
two_field	test_B_gourraud	NA19064	EAS	DQB1	HLA-DQB1*06:01:01;HLA-DQB1*03:01:01	1	1	2
two_field	test_B_gourraud	NA19065	EAS	A	HLA-A*31:01:02;HLA-A*02:06:01	1	1	2
two_field	test_B_gourraud	NA19065	EAS	B	HLA-B*51:01:01;HLA-B*39:01:03	1	1	2
two_field	test_B_gourraud	NA19065	EAS	C	HLA-C*07:02:01;HLA-C*14:02:01	1	1	2
two_field	test_B_gourraud	NA19065	EAS	DRB1	HLA-DRB1*15:01:01;HLA-DRB1*08:02:01	1	1	2
two_field	test_B_gourraud	NA19065	EAS	DQB1	HLA-DQB1*06:02:01;HLA-DQB1*04:02:01	1	1	2
two_field	test_B_gourraud	NA19067	EAS	A	HLA-A*31:01:02;HLA-A*24:02:01	1	1	2
two_field	test_B_gourraud	NA19067	EAS	B	HLA-B*54:01:01;HLA-B*15:18:01	1	1	2
two_field	test_B_gourraud	NA19067	EAS	C	HLA-C*08:01:01;HLA-C*01:02:01	1	1	2
two_field	test_B_gourraud	NA19067	EAS	DRB1	HLA-DRB1*04:03:01;HLA-DRB1*04:05:01	1	1	2
two_field	test_B_gourraud	NA19067	EAS	DQB1	HLA-DQB1*04:01:01;HLA-DQB1*03:02:01	1	1	2
two_field	test_B_gourraud	NA19068	EAS	A	HLA-A*26:01:01;HLA-A*11:01:01	1	1	2
two_field	test_B_gourraud	NA19068	EAS	B	HLA-B*51:01:01;HLA-B*40:02:01	1	1	2
two_field	test_B_gourraud	NA19068	EAS	C	HLA-C*03:04:01;HLA-C*01:02:01	1	1	2
two_field	test_B_gourraud	NA19068	EAS	DRB1	HLA-DRB1*09:01:02;HLA-DRB1*08:02:01	1	1	2
two_field	test_B_gourraud	NA19068	EAS	DQB1	HLA-DQB1*03:03:02;HLA-DQB1*03:02:01	1	1	2
two_field	test_B_gourraud	NA19070	EAS	A	HLA-A*02:07:01;HLA-A*26:01:01	1	1	2
two_field	test_B_gourraud	NA19070	EAS	B	HLA-B*52:01:01;HLA-B*46:01:01	1	1	2
two_field	test_B_gourraud	NA19070	EAS	C	HLA-C*12:02:02;HLA-C*01:02:01	1	1	2
two_field	test_B_gourraud	NA19070	EAS	DRB1	HLA-DRB1*09:01:02;HLA-DRB1*15:02:01	1	1	2
two_field	test_B_gourraud	NA19070	EAS	DQB1	HLA-DQB1*03:03:02;HLA-DQB1*06:01:01	1	1	2
two_field	test_B_gourraud	NA19072	EAS	A	HLA-A*33:03:01;HLA-A*24:02:01	1	1	2
two_field	test_B_gourraud	NA19072	EAS	B	HLA-B*46:01:01,HLA-B*46:99;HLA-B*58:01:01	1	0	1
two_field	test_B_gourraud	NA19072	EAS	C	HLA-C*03:02:02;HLA-C*01:03:01	1	1	2
two_field	test_B_gourraud	NA19072	EAS	DRB1	HLA-DRB1*13:02:01;HLA-DRB1*04:05:01	1	1	2
two_field	test_B_gourraud	NA19072	EAS	DQB1	HLA-DQB1*03:02:01;HLA-DQB1*06:09:01	1	1	2
two_field	test_B_gourraud	NA19074	EAS	A	HLA-A*24:02:01;HLA-A*24:02:01	1	1	2
two_field	test_B_gourraud	NA19074	EAS	B	HLA-B*40:02:01;HLA-B*52:01:01	1	1	2
two_field	test_B_gourraud	NA19074	EAS	C	HLA-C*03:04:01;HLA-C*12:02:02	1	1	2
two_field	test_B_gourraud	NA19074	EAS	DRB1	HLA-DRB1*08:02:01;HLA-DRB1*15:02:01	1	1	2
two_field	test_B_gourraud	NA19074	EAS	DQB1	HLA-DQB1*03:02:01;HLA-DQB1*06:01:01	1	1	2
two_field	test_B_gourraud	NA19075	EAS	A	HLA-A*26:03:01;HLA-A*02:01:01	1	1	2
two_field	test_B_gourraud	NA19075	EAS	B	HLA-B*15:01:01;HLA-B*56:01:01	1	1	2
two_field	test_B_gourraud	NA19075	EAS	C	HLA-C*03:03:01;HLA-C*04:01:01	1	1	2
two_field	test_B_gourraud	NA19075	EAS	DRB1	HLA-DRB1*15:01:01;HLA-DRB1*09:01:02	1	1	2
two_field	test_B_gourraud	NA19075	EAS	DQB1	HLA-DQB1*06:02:01;HLA-DQB1*03:03:02	1	1	2
two_field	test_B_gourraud	NA19076	EAS	A	HLA-A*24:02:01;HLA-A*31:01:02	1	1	2
two_field	test_B_gourraud	NA19076	EAS	B	HLA-B*40:02:01;HLA-B*40:02:01	1	1	2
two_field	test_B_gourraud	NA19076	EAS	C	HLA-C*03:04:01;HLA-C*03:04:01	1	1	2
two_field	test_B_gourraud	NA19076	EAS	DRB1	HLA-DRB1*04:05:01;HLA-DRB1*08:02:01	1	1	2
two_field	test_B_gourraud	NA19076	EAS	DQB1	HLA-DQB1*04:01:01;HLA-DQB1*03:02:01	1	1	2
two_field	test_B_gourraud	NA19077	EAS	A	HLA-A*24:02:01;HLA-A*24:02:01	1	1	2
two_field	test_B_gourraud	NA19077	EAS	B	HLA-B*51:01:01;HLA-B*37:01:01,HLA-B*37:01:39	1	1	2
two_field	test_B_gourraud	NA19077	EAS	C	HLA-C*14:02:01;HLA-C*06:02:01	1	1	2
two_field	test_B_gourraud	NA19077	EAS	DRB1	HLA-DRB1*09:01:02;HLA-DRB1*10:01:01	1	1	2
two_field	test_B_gourraud	NA19077	EAS	DQB1	HLA-DQB1*03:03:02;HLA-DQB1*05:01:01	1	1	2
two_field	test_B_gourraud	NA19078	EAS	A	HLA-A*24:02:01;HLA-A*02:06:01	1	1	2
two_field	test_B_gourraud	NA19078	EAS	B	HLA-B*40:06:01;HLA-B*54:01:01	1	1	2
two_field	test_B_gourraud	NA19078	EAS	C	HLA-C*08:01:01;HLA-C*01:02:01	1	1	2
two_field	test_B_gourraud	NA19078	EAS	DRB1	HLA-DRB1*08:03:02;HLA-DRB1*14:54:01	1	1	2
two_field	test_B_gourraud	NA19078	EAS	DQB1	HLA-DQB1*05:03:01;HLA-DQB1*06:01:01	1	1	2
two_field	test_B_gourraud	NA19080	EAS	A	HLA-A*31:01:02;HLA-A*33:03:01	1	1	2
two_field	test_B_gourraud	NA19080	EAS	B	HLA-B*58:01:01;HLA-B*48:01:01	1	1	2
two_field	test_B_gourraud	NA19080	EAS	C	HLA-C*03:02:02;HLA-C*03:04:01	1	1	2
two_field	test_B_gourraud	NA19080	EAS	DRB1	HLA-DRB1*13:02:01;HLA-DRB1*09:01:02	1	1	2
two_field	test_B_gourraud	NA19080	EAS	DQB1	HLA-DQB1*03:03:02;HLA-DQB1*06:09:01	1	1	2
two_field	test_B_gourraud	NA19081	EAS	A	HLA-A*24:02:01;HLA-A*26:01:01	1	1	2
two_field	test_B_gourraud	NA19081	EAS	B	HLA-B*35:01:01;HLA-B*52:01:01	1	1	2
two_field	test_B_gourraud	NA19081	EAS	C	HLA-C*03:03:01;HLA-C*12:02:02	1	1	2
two_field	test_B_gourraud	NA19081	EAS	DRB1	HLA-DRB1*09:01:02;HLA-DRB1*15:02:01	1	1	2
two_field	test_B_gourraud	NA19081	EAS	DQB1	HLA-DQB1*06:01:01;HLA-DQB1*03:03:02	1	1	2
two_field	test_B_gourraud	NA19082	EAS	A	HLA-A*11:01:01;HLA-A*26:01:01	1	1	2
two_field	test_B_gourraud	NA19082	EAS	B	HLA-B*40:02:01;HLA-B*51:01:01	1	1	2
two_field	test_B_gourraud	NA19082	EAS	C	HLA-C*03:04:01;HLA-C*14:02:01	1	1	2
two_field	test_B_gourraud	NA19082	EAS	DRB1	HLA-DRB1*09:01:02;HLA-DRB1*15:01:01	1	1	2
two_field	test_B_gourraud	NA19082	EAS	DQB1	HLA-DQB1*03:03:02;HLA-DQB1*06:02:01	1	1	2
two_field	test_B_gourraud	NA19083	EAS	A	HLA-A*33:03:01;HLA-A*26:03:01	1	1	2
two_field	test_B_gourraud	NA19083	EAS	B	HLA-B*44:03:01;HLA-B*15:01:01,HLA-B*15:01:60,HLA-B*15:01:70,HLA-B*15:456,HLA-B*15:457,HLA-B*15:465	1	0	1
two_field	test_B_gourraud	NA19083	EAS	C	HLA-C*14:03:01;HLA-C*03:03:01	1	1	2
two_field	test_B_gourraud	NA19083	EAS	DRB1	HLA-DRB1*14:03:01;HLA-DRB1*13:02:01	1	1	2
two_field	test_B_gourraud	NA19083	EAS	DQB1	HLA-DQB1*06:04:01;HLA-DQB1*03:01:01	1	1	2
two_field	test_B_gourraud	NA19084	EAS	A	HLA-A*02:06:01;HLA-A*02:01:01	1	1	2
two_field	test_B_gourraud	NA19084	EAS	B	HLA-B*40:01:02;HLA-B*40:01:02	1	1	2
two_field	test_B_gourraud	NA19084	EAS	C	HLA-C*03:04:01;HLA-C*03:04:01	1	1	2
two_field	test_B_gourraud	NA19084	EAS	DRB1	HLA-DRB1*12:02:01;HLA-DRB1*08:03:02	1	1	2
two_field	test_B_gourraud	NA19084	EAS	DQB1	HLA-DQB1*06:01:01;HLA-DQB1*03:01:01	1	1	2
two_field	test_B_gourraud	NA19085	EAS	A	HLA-A*24:02:01;HLA-A*33:03:01	1	1	2
two_field	test_B_gourraud	NA19085	EAS	B	HLA-B*44:03:01;HLA-B*52:01:01,HLA-B*52:95	1	0	1
two_field	test_B_gourraud	NA19085	EAS	C	HLA-C*14:03:01;HLA-C*12:02:02	1	1	2
two_field	test_B_gourraud	NA19085	EAS	DRB1	HLA-DRB1*15:02:01;HLA-DRB1*13:02:01	1	1	2
two_field	test_B_gourraud	NA19085	EAS	DQB1	HLA-DQB1*06:04:01;HLA-DQB1*06:01:01	1	1	2
two_field	test_B_gourraud	NA19086	EAS	A	HLA-A*24:02:01;HLA-A*26:02:01	1	1	2
two_field	test_B_gourraud	NA19086	EAS	B	HLA-B*40:06:01;HLA-B*51:01:01	1	1	2
two_field	test_B_gourraud	NA19086	EAS	C	HLA-C*08:01:01;HLA-C*14:02:01	1	1	2
two_field	test_B_gourraud	NA19086	EAS	DRB1	HLA-DRB1*09:01:02;HLA-DRB1*08:02:01	1	1	2
two_field	test_B_gourraud	NA19086	EAS	DQB1	HLA-DQB1*03:03:02;HLA-DQB1*04:02:01	1	1	2
two_field	test_B_gourraud	NA19092	AFR	A	HLA-A*68:02:01;HLA-A*36:01:01	1	1	2
two_field	test_B_gourraud	NA19092	AFR	B	HLA-B*81:01:01;HLA-B*42:01:01	1	1	2
two_field	test_B_gourraud	NA19092	AFR	C	HLA-C*08:04:01;HLA-C*17:01:01	1	1	2
two_field	test_B_gourraud	NA19092	AFR	DRB1	HLA-DRB1*03:02:01;HLA-DRB1*13:01:01	1	1	2
two_field	test_B_gourraud	NA19092	AFR	DQB1	HLA-DQB1*04:02:01;HLA-DQB1*05:01:01	1	1	2
two_field	test_B_gourraud	NA19093	AFR	A	HLA-A*30:01:01;HLA-A*23:01:01	1	1	2
two_field	test_B_gourraud	NA19093	AFR	B	HLA-B*53:01:01;HLA-B*35:01:01	1	1	2
two_field	test_B_gourraud	NA19093	AFR	C	HLA-C*04:01:01;HLA-C*08:02:01	1	1	2
two_field	test_B_gourraud	NA19093	AFR	DRB1	HLA-DRB1*13:02:01;HLA-DRB1*15:03:01	1	0	1
two_field	test_B_gourraud	NA19093	AFR	DQB1	HLA-DQB1*06:02:01;HLA-DQB1*05:01:01	1	1	2
two_field	test_B_gourraud	NA19098	AFR	A	HLA-A*36:01:01;HLA-A*02:01:01	1	1	2
two_field	test_B_gourraud	NA19098	AFR	B	HLA-B*53:01:01;HLA-B*51:01:01	1	1	2
two_field	test_B_gourraud	NA19098	AFR	C	HLA-C*06:02:01;HLA-C*16:01:01	1	1	2
two_field	test_B_gourraud	NA19098	AFR	DRB1	HLA-DRB1*01:02:01;HLA-DRB1*07:01:01	1	1	2
two_field	test_B_gourraud	NA19098	AFR	DQB1	HLA-DQB1*02:02:01;HLA-DQB1*05:01:01	1	0	1
two_field	test_B_gourraud	NA19099	AFR	A	HLA-A*36:01:01;HLA-A*23:01:01	1	1	2
two_field	test_B_gourraud	NA19099	AFR	B	HLA-B*07:02:01;HLA-B*07:02:01	1	1	2
two_field	test_B_gourraud	NA19099	AFR	C	HLA-C*07:629;HLA-C*15:05:02	1	0	1
two_field	test_B_gourraud	NA19099	AFR	DRB1	HLA-DRB1*15:03:01;HLA-DRB1*09:01:02	1	1	2
two_field	test_B_gourraud	NA19099	AFR	DQB1	HLA-DQB1*05:02:01;HLA-DQB1*02:02:01	1	0	1
two_field	test_B_gourraud	NA19102	AFR	A	HLA-A*03:01:01;HLA-A*30:01:01	1	1	2
two_field	test_B_gourraud	NA19102	AFR	B	HLA-B*42:01:01;HLA-B*18:01:01	1	1	2
two_field	test_B_gourraud	NA19102	AFR	C	HLA-C*02:02:02;HLA-C*17:01:01	1	1	2
two_field	test_B_gourraud	NA19102	AFR	DRB1	HLA-DRB1*15:03:01;HLA-DRB1*15:03:01	1	1	2
two_field	test_B_gourraud	NA19102	AFR	DQB1	HLA-DQB1*06:02:01;HLA-DQB1*06:02:01	1	1	2
two_field	test_B_gourraud	NA19116	AFR	A	HLA-A*33:03:01;HLA-A*23:01:01	1	1	2
two_field	test_B_gourraud	NA19116	AFR	B	HLA-B*39:24:01;HLA-B*07:02:01	1	0	1
two_field	test_B_gourraud	NA19116	AFR	C	HLA-C*07:02:01;HLA-C*07:01:01	1	1	2
two_field	test_B_gourraud	NA19116	AFR	DRB1	HLA-DRB1*03:02:01;HLA-DRB1*13:02:01	1	1	2
two_field	test_B_gourraud	NA19116	AFR	DQB1	HLA-DQB1*04:02:01;HLA-DQB1*06:09:01	1	0	1
two_field	test_B_gourraud	NA19119	AFR	A	HLA-A*23:17:01;HLA-A*36:01:01	1	0	1
two_field	test_B_gourraud	NA19119	AFR	B	HLA-B*49:01:01;HLA-B*35:01:01,HLA-B*35:370,HLA-B*35:615	1	0	1
two_field	test_B_gourraud	NA19119	AFR	C	HLA-C*07:01:02;HLA-C*04:01:01	1	1	2
two_field	test_B_gourraud	NA19119	AFR	DRB1	HLA-DRB1*07:01:01;HLA-DRB1*03:01:01	1	1	2
two_field	test_B_gourraud	NA19119	AFR	DQB1	HLA-DQB1*05:01:01;HLA-DQB1*02:02:01	1	1	2
two_field	test_B_gourraud	NA19129	AFR	A	HLA-A*23:01:01;HLA-A*02:02:01	1	1	2
two_field	test_B_gourraud	NA19129	AFR	B	HLA-B*58:01:01,HLA-B*58:117;HLA-B*07:02:01,HLA-B*07:529	1	0	0
two_field	test_B_gourraud	NA19129	AFR	C	HLA-C*07:18:01;HLA-C*07:02:01	1	0	1
two_field	test_B_gourraud	NA19129	AFR	DRB1	HLA-DRB1*11:02:01;HLA-DRB1*01:01:01	1	1	2
two_field	test_B_gourraud	NA19129	AFR	DQB1	HLA-DQB1*05:01:01;HLA-DQB1*03:19:01	1	0	1
two_field	test_B_gourraud	NA19130	AFR	A	HLA-A*33:03:01;HLA-A*36:01:01	1	1	2
two_field	test_B_gourraud	NA19130	AFR	B	HLA-B*13:02:01;HLA-B*35:01:01	1	1	2
two_field	test_B_gourraud	NA19130	AFR	C	HLA-C*04:01:01;HLA-C*04:01:01	1	1	2
two_field	test_B_gourraud	NA19130	AFR	DRB1	HLA-DRB1*08:04:01;HLA-DRB1*13:03:01	1	0	1
two_field	test_B_gourraud	NA19130	AFR	DQB1	HLA-DQB1*04:02:13;HLA-DQB1*03:01:01	1	1	2
two_field	test_B_gourraud	NA19131	AFR	A	HLA-A*66:03:01;HLA-A*68:02:01	1	0	1
two_field	test_B_gourraud	NA19131	AFR	B	HLA-B*42:01:01;HLA-B*53:01:01	1	1	2
two_field	test_B_gourraud	NA19131	AFR	C	HLA-C*17:01:01;HLA-C*04:01:01	1	1	2
two_field	test_B_gourraud	NA19131	AFR	DRB1	HLA-DRB1*08:04:01;HLA-DRB1*03:02:01	1	1	2
two_field	test_B_gourraud	NA19131	AFR	DQB1	HLA-DQB1*04:02:01;HLA-DQB1*03:01:04	1	1	2
two_field	test_B_gourraud	NA19137	AFR	A	HLA-A*02:01:01;HLA-A*30:01:01	1	1	2
two_field	test_B_gourraud	NA19137	AFR	B	HLA-B*45:01:01;HLA-B*07:02:01	1	1	2
two_field	test_B_gourraud	NA19137	AFR	C	HLA-C*16:01:01;HLA-C*07:02:01	1	1	2
two_field	test_B_gourraud	NA19137	AFR	DRB1	HLA-DRB1*15:03:01;HLA-DRB1*11:02:01	1	1	2
two_field	test_B_gourraud	NA19137	AFR	DQB1	HLA-DQB1*06:02:01;HLA-DQB1*03:19:01	1	0	1
two_field	test_B_gourraud	NA19138	AFR	A	HLA-A*23:01:01;HLA-A*02:01:01	1	1	2
two_field	test_B_gourraud	NA19138	AFR	B	HLA-B*58:01:01,HLA-B*58:120;HLA-B*07:02:01	1	0	1
two_field	test_B_gourraud	NA19138	AFR	C	HLA-C*07:18:01;HLA-C*07:02:01	1	0	1
two_field	test_B_gourraud	NA19138	AFR	DRB1	HLA-DRB1*15:03:01;HLA-DRB1*13:03:01	1	1	2
two_field	test_B_gourraud	NA19138	AFR	DQB1	HLA-DQB1*06:09:01;HLA-DQB1*03:09	1	0	0
two_field	test_B_gourraud	NA19141	AFR	A	HLA-A*02:11:01;HLA-A*36:01:01	1	1	2
two_field	test_B_gourraud	NA19141	AFR	B	HLA-B*35:01:01;HLA-B*52:01:02	1	1	2
two_field	test_B_gourraud	NA19141	AFR	C	HLA-C*07:18:01;HLA-C*16:01:01	1	0	1
two_field	test_B_gourraud	NA19141	AFR	DRB1	HLA-DRB1*13:01:01;HLA-DRB1*13:02:01	1	1	2
two_field	test_B_gourraud	NA19141	AFR	DQB1	HLA-DQB1*06:09:01;HLA-DQB1*06:03:01	1	0	1
two_field	test_B_gourraud	NA19143	AFR	A	HLA-A*23:01:01;HLA-A*02:02:01	1	1	2
two_field	test_B_gourraud	NA19143	AFR	B	HLA-B*52:01:02;HLA-B*53:01:01	1	1	2
two_field	test_B_gourraud	NA19143	AFR	C	HLA-C*16:01:01;HLA-C*04:01:01	1	1	2
two_field	test_B_gourraud	NA19143	AFR	DRB1	HLA-DRB1*13:02:19;HLA-DRB1*03:01:08	1	1	2
two_field	test_B_gourraud	NA19143	AFR	DQB1	HLA-DQB1*02:01:01;HLA-DQB1*06:04:01	1	1	2
two_field	test_B_gourraud	NA19144	AFR	A	HLA-A*33:03:01;HLA-A*32:01:01	1	1	2
two_field	test_B_gourraud	NA19144	AFR	B	HLA-B*53:01:01;HLA-B*58:01:01	1	1	2
two_field	test_B_gourraud	NA19144	AFR	C	HLA-C*03:02:02;HLA-C*04:01:01	1	1	2
two_field	test_B_gourraud	NA19144	AFR	DRB1	HLA-DRB1*03:01:01;HLA-DRB1*13:01:01	1	1	2
two_field	test_B_gourraud	NA19144	AFR	DQB1	HLA-DQB1*06:03:01;HLA-DQB1*02:01:01	1	1	2
two_field	test_B_gourraud	NA19152	AFR	A	HLA-A*03:01:01;HLA-A*26:01:01	1	1	2
two_field	test_B_gourraud	NA19152	AFR	B	HLA-B*56:01:01;HLA-B*15:10:01	1	1	2
two_field	test_B_gourraud	NA19152	AFR	C	HLA-C*08:04:01;HLA-C*01:02:01	1	1	2
two_field	test_B_gourraud	NA19152	AFR	DRB1	HLA-DRB1*11:04:02;HLA-DRB1*14:54:01	1	0	1
two_field	test_B_gourraud	NA19152	AFR	DQB1	HLA-DQB1*05:02:01;HLA-DQB1*05:03:01	1	1	2
two_field	test_B_gourraud	NA19153	AFR	A	HLA-A*36:01:01;HLA-A*33:03:01	1	1	2
two_field	test_B_gourraud	NA19153	AFR	B	HLA-B*18:01:01;HLA-B*53:01:01	1	1	2
two_field	test_B_gourraud	NA19153	AFR	C	HLA-C*04:01:01;HLA-C*05:01:01	1	1	2
two_field	test_B_gourraud	NA19153	AFR	DRB1	HLA-DRB1*03:02:01;HLA-DRB1*14:54:01	1	0	1
two_field	test_B_gourraud	NA19153	AFR	DQB1	HLA-DQB1*05:03:01;HLA-DQB1*04:02:01	1	1	2
two_field	leak_gourraud	NA19160	AFR	A	HLA-A*68:01:01;HLA-A*26:01:01	1	1	2
two_field	leak_gourraud	NA19160	AFR	B	HLA-B*15:10:01;HLA-B*51:01:01,HLA-B*51:01:64	1	1	2
two_field	leak_gourraud	NA19160	AFR	C	HLA-C*16:01:01;HLA-C*04:01:01	1	1	2
two_field	leak_gourraud	NA19160	AFR	DRB1	HLA-DRB1*11:04:02;HLA-DRB1*13:03:01	1	1	2
two_field	leak_gourraud	NA19160	AFR	DQB1	HLA-DQB1*05:02:01;HLA-DQB1*03:01:01	1	1	2
two_field	test_B_gourraud	NA19171	AFR	A	HLA-A*02:02:01;HLA-A*23:01:01	1	1	2
two_field	test_B_gourraud	NA19171	AFR	B	HLA-B*53:01:01;HLA-B*52:01:02	1	1	2
two_field	test_B_gourraud	NA19171	AFR	C	HLA-C*16:01:01;HLA-C*04:01:01	1	1	2
two_field	test_B_gourraud	NA19171	AFR	DRB1	HLA-DRB1*13:02:01;HLA-DRB1*13:03:01	1	1	2
two_field	test_B_gourraud	NA19171	AFR	DQB1	HLA-DQB1*06:09:01;HLA-DQB1*03:09	1	0	0
two_field	test_B_gourraud	NA19172	AFR	A	HLA-A*30:02:01;HLA-A*68:01:01	1	1	2
two_field	test_B_gourraud	NA19172	AFR	B	HLA-B*44:03:01;HLA-B*35:01:01	1	1	2
two_field	test_B_gourraud	NA19172	AFR	C	HLA-C*04:01:01;HLA-C*04:527	1	0	1
two_field	test_B_gourraud	NA19172	AFR	DRB1	HLA-DRB1*15:03:01;HLA-DRB1*07:01:01	1	1	2
two_field	test_B_gourraud	NA19172	AFR	DQB1	HLA-DQB1*02:02:01;HLA-DQB1*02:02:01	1	0	0
two_field	test_B_gourraud	NA19200	AFR	A	HLA-A*23:01:01;HLA-A*30:02:01	1	1	2
two_field	test_B_gourraud	NA19200	AFR	B	HLA-B*52:01:02;HLA-B*07:02:01	1	1	2
two_field	test_B_gourraud	NA19200	AFR	C	HLA-C*07:02:01;HLA-C*16:01:01	1	1	2
two_field	test_B_gourraud	NA19200	AFR	DRB1	HLA-DRB1*13:01:01;HLA-DRB1*01:01:01	1	1	2
two_field	test_B_gourraud	NA19200	AFR	DQB1	HLA-DQB1*05:01:01;HLA-DQB1*05:01:01	1	1	2
two_field	test_B_gourraud	NA19201	AFR	A	HLA-A*03:01:01;HLA-A*33:03:01	1	1	2
two_field	test_B_gourraud	NA19201	AFR	B	HLA-B*18:01:01;HLA-B*15:16:01	1	1	2
two_field	test_B_gourraud	NA19201	AFR	C	HLA-C*02:02:02;HLA-C*14:02:01	1	1	2
two_field	test_B_gourraud	NA19201	AFR	DRB1	HLA-DRB1*07:01:01;HLA-DRB1*03:01:01	1	1	2
two_field	test_B_gourraud	NA19201	AFR	DQB1	HLA-DQB1*02:02:01;HLA-DQB1*02:01:01	1	0	1
two_field	test_B_gourraud	NA19204	AFR	A	HLA-A*30:02:01;HLA-A*02:05:01	1	1	2
two_field	test_B_gourraud	NA19204	AFR	B	HLA-B*18:01:01;HLA-B*58:01:01	1	1	2
two_field	test_B_gourraud	NA19204	AFR	C	HLA-C*07:18:01;HLA-C*08:02:01	1	0	1
two_field	test_B_gourraud	NA19204	AFR	DRB1	HLA-DRB1*07:01:01;HLA-DRB1*07:01:01	1	1	2
two_field	test_B_gourraud	NA19204	AFR	DQB1	HLA-DQB1*02:02:01;HLA-DQB1*02:02:01	1	0	0
two_field	test_B_gourraud	NA19206	AFR	A	HLA-A*02:01:01;HLA-A*01:01:01	1	1	2
two_field	test_B_gourraud	NA19206	AFR	B	HLA-B*42:01:01;HLA-B*53:01:01	1	1	2
two_field	test_B_gourraud	NA19206	AFR	C	HLA-C*17:01:01;HLA-C*04:01:01	1	1	2
two_field	test_B_gourraud	NA19206	AFR	DRB1	HLA-DRB1*11:01:02;HLA-DRB1*03:02:01	1	0	1
two_field	test_B_gourraud	NA19206	AFR	DQB1	HLA-DQB1*04:02:01;HLA-DQB1*06:02:01	1	1	2
two_field	test_B_gourraud	NA19207	AFR	A	HLA-A*30:02:01;HLA-A*68:02:01	1	1	2
two_field	test_B_gourraud	NA19207	AFR	B	HLA-B*08:01:01;HLA-B*15:10:01	1	1	2
two_field	test_B_gourraud	NA19207	AFR	C	HLA-C*07:01:01;HLA-C*03:02:02	1	1	2
two_field	test_B_gourraud	NA19207	AFR	DRB1	HLA-DRB1*03:01:01;HLA-DRB1*11:01:02	1	1	2
two_field	test_B_gourraud	NA19207	AFR	DQB1	HLA-DQB1*02:01:01;HLA-DQB1*03:01:01	1	1	2
two_field	test_B_gourraud	NA19209	AFR	A	HLA-A*03:01:01;HLA-A*30:01:01	1	1	2
two_field	test_B_gourraud	NA19209	AFR	B	HLA-B*52:01:02;HLA-B*15:10:01	1	1	2
two_field	test_B_gourraud	NA19209	AFR	C	HLA-C*08:04:01;HLA-C*16:01:01	1	1	2
two_field	test_B_gourraud	NA19209	AFR	DRB1	HLA-DRB1*11:04:02;HLA-DRB1*13:01:01	1	1	2
two_field	test_B_gourraud	NA19209	AFR	DQB1	HLA-DQB1*06:03:01;HLA-DQB1*05:02:01	1	1	2
two_field	test_B_gourraud	NA19210	AFR	A	HLA-A*03:01:01;HLA-A*33:01:01	1	1	2
two_field	test_B_gourraud	NA19210	AFR	B	HLA-B*58:01:01,HLA-B*58:117;HLA-B*15:10:01	1	0	1
two_field	test_B_gourraud	NA19210	AFR	C	HLA-C*03:02:02;HLA-C*08:04:01	1	1	2
two_field	test_B_gourraud	NA19210	AFR	DRB1	HLA-DRB1*03:01:01;HLA-DRB1*13:01:01	1	1	2
two_field	test_B_gourraud	NA19210	AFR	DQB1	HLA-DQB1*06:03:01;HLA-DQB1*03:19:01	1	1	2
two_field	test_B_gourraud	NA19222	AFR	A	HLA-A*33:03:01;HLA-A*30:01:01	1	1	2
two_field	test_B_gourraud	NA19222	AFR	B	HLA-B*45:01:01;HLA-B*42:02:01	1	1	2
two_field	test_B_gourraud	NA19222	AFR	C	HLA-C*17:01:01;HLA-C*16:01:01	1	1	2
two_field	test_B_gourraud	NA19222	AFR	DRB1	HLA-DRB1*13:03:01;HLA-DRB1*04:03:01	1	1	2
two_field	test_B_gourraud	NA19222	AFR	DQB1	HLA-DQB1*03:02:01;HLA-DQB1*02:02:01	1	0	1
two_field	test_B_gourraud	NA19223	AFR	A	HLA-A*33:03:01;HLA-A*30:01:01	1	1	2
two_field	test_B_gourraud	NA19223	AFR	B	HLA-B*41:04;HLA-B*42:01:01	1	1	2
two_field	test_B_gourraud	NA19223	AFR	C	HLA-C*17:01:01;HLA-C*17:01:01	1	1	2
two_field	test_B_gourraud	NA19223	AFR	DRB1	HLA-DRB1*03:01:01;HLA-DRB1*03:02:01	1	0	1
two_field	test_B_gourraud	NA19223	AFR	DQB1	HLA-DQB1*02:01:01;HLA-DQB1*04:02:01	1	1	2
two_field	leak_gourraud	NA19238	AFR	A	HLA-A*30:01:01;HLA-A*36:01:01	1	1	2
two_field	leak_gourraud	NA19238	AFR	B	HLA-B*57:03:01;HLA-B*53:01:01	1	1	2
two_field	leak_gourraud	NA19238	AFR	C	HLA-C*04:01:01;HLA-C*18:02:01	1	0	1
two_field	leak_gourraud	NA19238	AFR	DRB1	HLA-DRB1*16:02:01;HLA-DRB1*11:01:02	1	1	2
two_field	leak_gourraud	NA19238	AFR	DQB1	HLA-DQB1*05:02:01;HLA-DQB1*06:02:01	1	1	2
two_field	leak_gourraud	NA19239	AFR	A	HLA-A*68:02:01;HLA-A*02:01:01	1	1	2
two_field	leak_gourraud	NA19239	AFR	B	HLA-B*52:01:02;HLA-B*35:01:01	1	1	2
two_field	leak_gourraud	NA19239	AFR	C	HLA-C*16:01:01;HLA-C*04:01:01	1	1	2
two_field	leak_gourraud	NA19239	AFR	DRB1	HLA-DRB1*12:01:01;HLA-DRB1*13:01:01	1	0	1
two_field	leak_gourraud	NA19239	AFR	DQB1	HLA-DQB1*05:01:01;HLA-DQB1*03:01:01	1	1	2
two_field	test_B_gourraud	NA19307	AFR	A	HLA-A*32:01:01;HLA-A*03:01:01	1	1	2
two_field	test_B_gourraud	NA19307	AFR	B	HLA-B*52:01:01;HLA-B*81:01:01	1	1	2
two_field	test_B_gourraud	NA19307	AFR	C	HLA-C*08:04:01;HLA-C*12:02:02	1	1	2
two_field	test_B_gourraud	NA19307	AFR	DRB1	HLA-DRB1*12:01:01;HLA-DRB1*15:02:01	1	1	2
two_field	test_B_gourraud	NA19307	AFR	DQB1	HLA-DQB1*05:01:01;HLA-DQB1*06:01:01	1	1	2
two_field	test_B_gourraud	NA19308	AFR	A	HLA-A*66:02:01;HLA-A*02:14	1	1	2
two_field	test_B_gourraud	NA19308	AFR	B	HLA-B*18:03:01;HLA-B*58:01:01	1	1	2
two_field	test_B_gourraud	NA19308	AFR	C	HLA-C*07:18:01;HLA-C*04:01:01	1	1	2
two_field	test_B_gourraud	NA19308	AFR	DRB1	HLA-DRB1*15:03:01;HLA-DRB1*11:04:01	1	1	2
two_field	test_B_gourraud	NA19308	AFR	DQB1	HLA-DQB1*06:02:01;HLA-DQB1*03:01:01	1	1	2
two_field	test_B_gourraud	NA19309	AFR	A	HLA-A*02:01:01;HLA-A*66:01:01	1	1	2
two_field	test_B_gourraud	NA19309	AFR	B	HLA-B*27:03:01;HLA-B*58:02:01	1	1	2
two_field	test_B_gourraud	NA19309	AFR	C	HLA-C*06:02:01;HLA-C*02:02:02	1	1	2
two_field	test_B_gourraud	NA19309	AFR	DRB1	HLA-DRB1*08:04:01;HLA-DRB1*03:02:01	1	1	2
two_field	test_B_gourraud	NA19309	AFR	DQB1	HLA-DQB1*04:02:01;HLA-DQB1*03:19:01	1	1	2
two_field	test_B_gourraud	NA19310	AFR	A	HLA-A*29:02:01;HLA-A*34:02:01	1	1	2
two_field	test_B_gourraud	NA19310	AFR	B	HLA-B*53:01:01;HLA-B*35:01:01	1	1	2
two_field	test_B_gourraud	NA19310	AFR	C	HLA-C*04:01:01;HLA-C*04:01:01	1	1	2
two_field	test_B_gourraud	NA19310	AFR	DRB1	HLA-DRB1*15:03:01;HLA-DRB1*13:03:01	1	1	2
two_field	test_B_gourraud	NA19310	AFR	DQB1	HLA-DQB1*02:02:01;HLA-DQB1*06:02:01	1	1	2
two_field	test_B_gourraud	NA19314	AFR	A	HLA-A*29:01:01;HLA-A*02:01:01	1	1	2
two_field	test_B_gourraud	NA19314	AFR	B	HLA-B*18:01:01;HLA-B*51:01:01	1	1	2
two_field	test_B_gourraud	NA19314	AFR	C	HLA-C*07:04:01;HLA-C*16:01:01	1	1	2
two_field	test_B_gourraud	NA19314	AFR	DRB1	HLA-DRB1*15:03:01;HLA-DRB1*11:01:02	1	1	2
two_field	test_B_gourraud	NA19314	AFR	DQB1	HLA-DQB1*06:02:01;HLA-DQB1*03:19:01	1	1	2
two_field	test_B_gourraud	NA19315	AFR	A	HLA-A*01:01:83;HLA-A*02:01:01	1	1	2
two_field	test_B_gourraud	NA19315	AFR	B	HLA-B*58:01:01,HLA-B*58:117,HLA-B*58:120;HLA-B*45:07:01	1	0	1
two_field	test_B_gourraud	NA19315	AFR	C	HLA-C*16:01:01;HLA-C*03:02:02	1	1	2
two_field	test_B_gourraud	NA19315	AFR	DRB1	HLA-DRB1*11:02:01;HLA-DRB1*13:01:01	1	1	2
two_field	test_B_gourraud	NA19315	AFR	DQB1	HLA-DQB1*05:01:01;HLA-DQB1*03:01:01	1	1	2
two_field	test_B_gourraud	NA19316	AFR	A	HLA-A*31:04:01;HLA-A*02:01:01	1	1	2
two_field	test_B_gourraud	NA19316	AFR	B	HLA-B*15:03:01;HLA-B*58:01:01,HLA-B*58:117	1	0	1
two_field	test_B_gourraud	NA19316	AFR	C	HLA-C*02:10:01;HLA-C*07:18:01	1	1	2
two_field	test_B_gourraud	NA19316	AFR	DRB1	HLA-DRB1*11:01:02;HLA-DRB1*13:02:01	1	1	2
two_field	test_B_gourraud	NA19316	AFR	DQB1	HLA-DQB1*06:04:01;HLA-DQB1*03:19:01	1	1	2
two_field	test_B_gourraud	NA19317	AFR	A	HLA-A*23:01:01;HLA-A*30:01:01	1	1	2
two_field	test_B_gourraud	NA19317	AFR	B	HLA-B*15:03:01;HLA-B*42:01:01	1	1	2
two_field	test_B_gourraud	NA19317	AFR	C	HLA-C*17:01:01;HLA-C*02:10:01	1	1	2
two_field	test_B_gourraud	NA19317	AFR	DRB1	HLA-DRB1*07:01:01;HLA-DRB1*04:01:01	1	1	2
two_field	test_B_gourraud	NA19317	AFR	DQB1	HLA-DQB1*03:02:01;HLA-DQB1*02:02:01	1	1	2
two_field	test_B_gourraud	NA19318	AFR	A	HLA-A*68:02:01;HLA-A*29:02:01	1	1	2
two_field	test_B_gourraud	NA19318	AFR	B	HLA-B*07:02:01;HLA-B*82:02:01	1	1	2
two_field	test_B_gourraud	NA19318	AFR	C	HLA-C*03:02:02;HLA-C*07:02:01	1	1	2
two_field	test_B_gourraud	NA19318	AFR	DRB1	HLA-DRB1*15:03:01;HLA-DRB1*15:03:01	1	1	2
two_field	test_B_gourraud	NA19318	AFR	DQB1	HLA-DQB1*06:02:01;HLA-DQB1*06:02:01	1	1	2
two_field	test_B_gourraud	NA19319	AFR	A	HLA-A*36:01:01;HLA-A*02:01:01	1	1	2
two_field	test_B_gourraud	NA19319	AFR	B	HLA-B*15:03:01;HLA-B*53:01:01	1	1	2
two_field	test_B_gourraud	NA19319	AFR	C	HLA-C*02:10:01;HLA-C*04:01:01	1	1	2
two_field	test_B_gourraud	NA19319	AFR	DRB1	HLA-DRB1*08:04:01;HLA-DRB1*11:01:02	1	1	2
two_field	test_B_gourraud	NA19319	AFR	DQB1	HLA-DQB1*03:19:01;HLA-DQB1*03:01:01	1	0	1
two_field	test_B_gourraud	NA19321	AFR	A	HLA-A*29:02:01;HLA-A*02:01:01	1	1	2
two_field	test_B_gourraud	NA19321	AFR	B	HLA-B*45:01:01;HLA-B*53:01:01	1	1	2
two_field	test_B_gourraud	NA19321	AFR	C	HLA-C*04:01:01;HLA-C*16:01:01	1	1	2
two_field	test_B_gourraud	NA19321	AFR	DRB1	HLA-DRB1*01:02:01;HLA-DRB1*15:03:01	1	1	2
two_field	test_B_gourraud	NA19321	AFR	DQB1	HLA-DQB1*05:01:01;HLA-DQB1*06:02:01	1	1	2
two_field	test_B_gourraud	NA19324	AFR	A	HLA-A*01:02:01;HLA-A*23:01:01	1	1	2
two_field	test_B_gourraud	NA19324	AFR	B	HLA-B*08:01:01;HLA-B*58:01:01,HLA-B*58:120	1	0	1
two_field	test_B_gourraud	NA19324	AFR	C	HLA-C*03:04:01;HLA-C*03:02:02	1	1	2
two_field	test_B_gourraud	NA19324	AFR	DRB1	HLA-DRB1*08:04:01;HLA-DRB1*10:01:01	1	1	2
two_field	test_B_gourraud	NA19324	AFR	DQB1	HLA-DQB1*05:01:01;HLA-DQB1*03:19:01	1	1	2
two_field	test_B_gourraud	NA19327	AFR	A	HLA-A*26:01:01;HLA-A*23:01:01	1	1	2
two_field	test_B_gourraud	NA19327	AFR	B	HLA-B*45:01:01;HLA-B*45:01:01	1	1	2
two_field	test_B_gourraud	NA19327	AFR	C	HLA-C*16:01:01;HLA-C*06:02:01	1	1	2
two_field	test_B_gourraud	NA19327	AFR	DRB1	HLA-DRB1*01:02:01;HLA-DRB1*13:02:01	1	1	2
two_field	test_B_gourraud	NA19327	AFR	DQB1	HLA-DQB1*05:01:01;HLA-DQB1*05:01:01	1	1	2
two_field	test_B_gourraud	NA19328	AFR	A	HLA-A*33:03:01;HLA-A*02:01:01	1	1	2
two_field	test_B_gourraud	NA19328	AFR	B	HLA-B*53:01:01;HLA-B*18:01:01	1	1	2
two_field	test_B_gourraud	NA19328	AFR	C	HLA-C*07:04:01;HLA-C*04:01:01	1	1	2
two_field	test_B_gourraud	NA19328	AFR	DRB1	HLA-DRB1*08:04:01;HLA-DRB1*01:01:01	1	1	2
two_field	test_B_gourraud	NA19328	AFR	DQB1	HLA-DQB1*05:01:01;HLA-DQB1*03:19:01	1	1	2
two_field	test_B_gourraud	NA19332	AFR	A	HLA-A*30:02:01;HLA-A*66:01:01	1	1	2
two_field	test_B_gourraud	NA19332	AFR	B	HLA-B*15:10:01;HLA-B*58:02:01	1	1	2
two_field	test_B_gourraud	NA19332	AFR	C	HLA-C*03:04:02;HLA-C*06:02:01	1	1	2
two_field	test_B_gourraud	NA19332	AFR	DRB1	HLA-DRB1*03:01:01;HLA-DRB1*13:01:01	1	1	2
two_field	test_B_gourraud	NA19332	AFR	DQB1	HLA-DQB1*02:01:01;HLA-DQB1*03:03:02	1	1	2
two_field	test_B_gourraud	NA19334	AFR	A	HLA-A*02:01:01;HLA-A*33:03:01	1	1	2
two_field	test_B_gourraud	NA19334	AFR	B	HLA-B*15:10:01;HLA-B*45:01:01	1	1	2
two_field	test_B_gourraud	NA19334	AFR	C	HLA-C*03:04:02;HLA-C*16:01:01	1	1	2
two_field	test_B_gourraud	NA19334	AFR	DRB1	HLA-DRB1*08:04:01;HLA-DRB1*03:01:01	1	1	2
two_field	test_B_gourraud	NA19334	AFR	DQB1	HLA-DQB1*02:01:01;HLA-DQB1*03:19:01	1	1	2
two_field	test_B_gourraud	NA19346	AFR	A	HLA-A*23:17:01;HLA-A*74:01:01	1	1	2
two_field	test_B_gourraud	NA19346	AFR	B	HLA-B*18:01:01,HLA-B*18:01:26;HLA-B*15:03:01	1	1	2
two_field	test_B_gourraud	NA19346	AFR	C	HLA-C*07:04:01;HLA-C*02:10:01	1	1	2
two_field	test_B_gourraud	NA19346	AFR	DRB1	HLA-DRB1*11:01:02;HLA-DRB1*15:03:01	1	1	2
two_field	test_B_gourraud	NA19346	AFR	DQB1	HLA-DQB1*06:02:01;HLA-DQB1*06:02:01	1	1	2
two_field	test_B_gourraud	NA19347	AFR	A	HLA-A*68:02:01;HLA-A*02:01:01	1	1	2
two_field	test_B_gourraud	NA19347	AFR	B	HLA-B*07:02:01;HLA-B*58:01:01,HLA-B*58:117,HLA-B*58:120	1	0	1
two_field	test_B_gourraud	NA19347	AFR	C	HLA-C*07:02:01;HLA-C*16:01:01	1	1	2
two_field	test_B_gourraud	NA19347	AFR	DRB1	HLA-DRB1*15:03:01;HLA-DRB1*11:01:02	1	1	2
two_field	test_B_gourraud	NA19347	AFR	DQB1	HLA-DQB1*06:02:01;HLA-DQB1*05:01:01	1	1	2
two_field	test_B_gourraud	NA19350	AFR	A	HLA-A*66:02:01;HLA-A*30:02:01	1	1	2
two_field	test_B_gourraud	NA19350	AFR	B	HLA-B*18:01:01;HLA-B*58:02:01	1	1	2
two_field	test_B_gourraud	NA19350	AFR	C	HLA-C*07:04:01;HLA-C*06:02:01	1	1	2
two_field	test_B_gourraud	NA19350	AFR	DRB1	HLA-DRB1*10:01:01;HLA-DRB1*12:01:01	1	1	2
two_field	test_B_gourraud	NA19350	AFR	DQB1	HLA-DQB1*05:01:01;HLA-DQB1*05:01:01	1	1	2
two_field	test_B_gourraud	NA19360	AFR	A	HLA-A*74:01:01;HLA-A*02:02:01	1	1	2
two_field	test_B_gourraud	NA19360	AFR	B	HLA-B*58:02:01;HLA-B*53:01:01	1	1	2
two_field	test_B_gourraud	NA19360	AFR	C	HLA-C*06:02:01;HLA-C*04:01:01	1	1	2
two_field	test_B_gourraud	NA19360	AFR	DRB1	HLA-DRB1*11:01:02;HLA-DRB1*08:04:01	1	1	2
two_field	test_B_gourraud	NA19360	AFR	DQB1	HLA-DQB1*06:02:01;HLA-DQB1*03:19:01	1	1	2
two_field	test_B_gourraud	NA19372	AFR	A	HLA-A*30:02:01;HLA-A*02:01:01	1	1	2
two_field	test_B_gourraud	NA19372	AFR	B	HLA-B*51:01:01;HLA-B*53:01:01	1	1	2
two_field	test_B_gourraud	NA19372	AFR	C	HLA-C*16:01:01;HLA-C*04:01:01	1	1	2
two_field	test_B_gourraud	NA19372	AFR	DRB1	HLA-DRB1*07:01:01;HLA-DRB1*07:01:01	1	1	2
two_field	test_B_gourraud	NA19372	AFR	DQB1	HLA-DQB1*02:02:01;HLA-DQB1*02:02:01	1	1	2
two_field	test_B_gourraud	NA19374	AFR	A	HLA-A*68:02:01;HLA-A*34:02:01	1	1	2
two_field	test_B_gourraud	NA19374	AFR	B	HLA-B*35:01:01;HLA-B*41:01:01	1	1	2
two_field	test_B_gourraud	NA19374	AFR	C	HLA-C*17:01:01;HLA-C*04:01:01	1	1	2
two_field	test_B_gourraud	NA19374	AFR	DRB1	HLA-DRB1*03:02:01;HLA-DRB1*11:02:01	1	1	2
two_field	test_B_gourraud	NA19374	AFR	DQB1	HLA-DQB1*04:02:01;HLA-DQB1*03:01:01	1	1	2
two_field	test_B_gourraud	NA19375	AFR	A	HLA-A*03:01:01;HLA-A*68:02:01	1	1	2
two_field	test_B_gourraud	NA19375	AFR	B	HLA-B*15:10:01;HLA-B*15:220:01	1	0	1
two_field	test_B_gourraud	NA19375	AFR	C	HLA-C*03:04:02;HLA-C*04:01:01	1	1	2
two_field	test_B_gourraud	NA19375	AFR	DRB1	HLA-DRB1*11:02:01;HLA-DRB1*13:02:01	1	1	2
two_field	test_B_gourraud	NA19375	AFR	DQB1	HLA-DQB1*03:01:01;HLA-DQB1*06:04:01	1	1	2
two_field	test_B_gourraud	NA19376	AFR	A	HLA-A*68:02:01;HLA-A*66:01:01	1	1	2
two_field	test_B_gourraud	NA19376	AFR	B	HLA-B*15:17:01;HLA-B*58:02:01,HLA-B*58:02:03	1	1	2
two_field	test_B_gourraud	NA19376	AFR	C	HLA-C*06:02:01;HLA-C*05:01:01	1	1	2
two_field	test_B_gourraud	NA19376	AFR	DRB1	HLA-DRB1*11:02:01;HLA-DRB1*13:01:01	1	1	2
two_field	test_B_gourraud	NA19376	AFR	DQB1	HLA-DQB1*06:03:01;HLA-DQB1*03:01:01	1	1	2
two_field	test_B_gourraud	NA19377	AFR	A	HLA-A*03:01:01;HLA-A*02:01:01	1	1	2
two_field	test_B_gourraud	NA19377	AFR	B	HLA-B*82:02:01;HLA-B*42:01:01	1	1	2
two_field	test_B_gourraud	NA19377	AFR	C	HLA-C*03:02:02;HLA-C*17:01:01	1	1	2
two_field	test_B_gourraud	NA19377	AFR	DRB1	HLA-DRB1*08:04:01;HLA-DRB1*03:01:01	1	1	2
two_field	test_B_gourraud	NA19377	AFR	DQB1	HLA-DQB1*02:01:01;HLA-DQB1*03:01:04	1	1	2
two_field	test_B_gourraud	NA19379	AFR	A	HLA-A*36:01:01;HLA-A*02:05:01	1	1	2
two_field	test_B_gourraud	NA19379	AFR	B	HLA-B*51:01:01;HLA-B*53:01:01	1	1	2
two_field	test_B_gourraud	NA19379	AFR	C	HLA-C*16:01:01;HLA-C*04:01:01	1	1	2
two_field	test_B_gourraud	NA19379	AFR	DRB1	HLA-DRB1*11:01:02;HLA-DRB1*03:01:01	1	1	2
two_field	test_B_gourraud	NA19379	AFR	DQB1	HLA-DQB1*02:01:01;HLA-DQB1*06:02:01	1	1	2
two_field	test_B_gourraud	NA19380	AFR	A	HLA-A*29:02:01;HLA-A*02:01:01	1	1	2
two_field	test_B_gourraud	NA19380	AFR	B	HLA-B*45:01:01;HLA-B*51:01:01	1	1	2
two_field	test_B_gourraud	NA19380	AFR	C	HLA-C*16:01:01;HLA-C*16:01:01	1	1	2
two_field	test_B_gourraud	NA19380	AFR	DRB1	HLA-DRB1*13:02:01;HLA-DRB1*03:02:01	1	1	2
two_field	test_B_gourraud	NA19380	AFR	DQB1	HLA-DQB1*04:02:01;HLA-DQB1*05:01:01	1	1	2
two_field	test_B_gourraud	NA19383	AFR	A	HLA-A*30:01:01;HLA-A*02:01:01	1	1	2
two_field	test_B_gourraud	NA19383	AFR	B	HLA-B*53:01:01;HLA-B*15:10:01	1	1	2
two_field	test_B_gourraud	NA19383	AFR	C	HLA-C*03:04:02;HLA-C*04:01:01	1	1	2
two_field	test_B_gourraud	NA19383	AFR	DRB1	HLA-DRB1*11:01:02;HLA-DRB1*12:01:01	1	1	2
two_field	test_B_gourraud	NA19383	AFR	DQB1	HLA-DQB1*06:02:01;HLA-DQB1*05:01:01	1	1	2
two_field	test_B_gourraud	NA19384	AFR	A	HLA-A*30:01:01;HLA-A*03:01:01	1	1	2
two_field	test_B_gourraud	NA19384	AFR	B	HLA-B*45:01:01;HLA-B*35:01:01	1	1	2
two_field	test_B_gourraud	NA19384	AFR	C	HLA-C*07:04:01;HLA-C*07:01:01	1	1	2
two_field	test_B_gourraud	NA19384	AFR	DRB1	HLA-DRB1*15:03:01;HLA-DRB1*12:01:01	1	1	2
two_field	test_B_gourraud	NA19384	AFR	DQB1	HLA-DQB1*06:02:01;HLA-DQB1*05:01:01	1	1	2
two_field	test_B_gourraud	NA19385	AFR	A	HLA-A*66:01:01;HLA-A*30:02:01	1	1	2
two_field	test_B_gourraud	NA19385	AFR	B	HLA-B*81:01:01;HLA-B*08:01:01	1	1	2
two_field	test_B_gourraud	NA19385	AFR	C	HLA-C*18:01:01;HLA-C*07:01:01	1	1	2
two_field	test_B_gourraud	NA19385	AFR	DRB1	HLA-DRB1*15:03:01;HLA-DRB1*13:03:01	1	1	2
two_field	test_B_gourraud	NA19385	AFR	DQB1	HLA-DQB1*06:02:01;HLA-DQB1*03:01:01	1	1	2
two_field	test_B_gourraud	NA19390	AFR	A	HLA-A*74:01:01;HLA-A*02:05:01	1	1	2
two_field	test_B_gourraud	NA19390	AFR	B	HLA-B*48:05:01;HLA-B*15:03:01	1	1	2
two_field	test_B_gourraud	NA19390	AFR	C	HLA-C*02:10:01;HLA-C*15:05:02	1	1	2
two_field	test_B_gourraud	NA19390	AFR	DRB1	HLA-DRB1*11:01:02;HLA-DRB1*14:54:01	1	0	1
two_field	test_B_gourraud	NA19390	AFR	DQB1	HLA-DQB1*05:03:01;HLA-DQB1*03:19:01	1	1	2
two_field	test_B_gourraud	NA19393	AFR	A	HLA-A*32:01:01;HLA-A*68:02:01	1	1	2
two_field	test_B_gourraud	NA19393	AFR	B	HLA-B*15:17:01;HLA-B*15:220:01	1	0	1
two_field	test_B_gourraud	NA19393	AFR	C	HLA-C*05:01:01;HLA-C*04:01:01	1	1	2
two_field	test_B_gourraud	NA19393	AFR	DRB1	HLA-DRB1*11:02:01;HLA-DRB1*11:36	1	0	1
two_field	test_B_gourraud	NA19393	AFR	DQB1	HLA-DQB1*03:01:01;HLA-DQB1*03:01:01	1	1	2
two_field	test_B_gourraud	NA19394	AFR	A	HLA-A*34:02:01;HLA-A*30:02:01	1	1	2
two_field	test_B_gourraud	NA19394	AFR	B	HLA-B*14:02:01;HLA-B*13:02:01	1	1	2
two_field	test_B_gourraud	NA19394	AFR	C	HLA-C*08:02:01;HLA-C*06:02:01	1	1	2
two_field	test_B_gourraud	NA19394	AFR	DRB1	HLA-DRB1*15:03:01;HLA-DRB1*11:01:02	1	1	2
two_field	test_B_gourraud	NA19394	AFR	DQB1	HLA-DQB1*06:02:01;HLA-DQB1*06:02:01	1	1	2
two_field	test_B_gourraud	NA19397	AFR	A	HLA-A*66:02:01;HLA-A*29:02:01	1	1	2
two_field	test_B_gourraud	NA19397	AFR	B	HLA-B*58:02:01;HLA-B*08:01:01	1	1	2
two_field	test_B_gourraud	NA19397	AFR	C	HLA-C*07:02:01;HLA-C*06:02:01	1	1	2
two_field	test_B_gourraud	NA19397	AFR	DRB1	HLA-DRB1*15:03:01;HLA-DRB1*12:01:01	1	1	2
two_field	test_B_gourraud	NA19397	AFR	DQB1	HLA-DQB1*05:01:01;HLA-DQB1*05:01:01	1	1	2
two_field	test_B_gourraud	NA19399	AFR	A	HLA-A*68:02:01;HLA-A*03:01:01	1	1	2
two_field	test_B_gourraud	NA19399	AFR	B	HLA-B*18:01:01;HLA-B*58:02:01,HLA-B*58:02:03	1	1	2
two_field	test_B_gourraud	NA19399	AFR	C	HLA-C*07:04:01;HLA-C*06:02:01	1	1	2
two_field	test_B_gourraud	NA19399	AFR	DRB1	HLA-DRB1*15:03:01;HLA-DRB1*11:02:01	1	1	2
two_field	test_B_gourraud	NA19399	AFR	DQB1	HLA-DQB1*06:02:01;HLA-DQB1*03:01:01	1	1	2
two_field	test_B_gourraud	NA19403	AFR	A	HLA-A*34:02:01;HLA-A*23:17:01	1	1	2
two_field	test_B_gourraud	NA19403	AFR	B	HLA-B*44:03:01;HLA-B*35:01:01	1	1	2
two_field	test_B_gourraud	NA19403	AFR	C	HLA-C*04:01:01;HLA-C*04:01:01	1	1	2
two_field	test_B_gourraud	NA19403	AFR	DRB1	HLA-DRB1*15:03:01;HLA-DRB1*15:03:01	1	1	2
two_field	test_B_gourraud	NA19403	AFR	DQB1	HLA-DQB1*06:02:01;HLA-DQB1*06:02:01	1	1	2
two_field	test_B_gourraud	NA19404	AFR	A	HLA-A*36:01:01;HLA-A*02:02:01	1	1	2
two_field	test_B_gourraud	NA19404	AFR	B	HLA-B*58:02:01,HLA-B*58:02:03;HLA-B*53:01:01	1	1	2
two_field	test_B_gourraud	NA19404	AFR	C	HLA-C*04:01:01;HLA-C*06:02:01	1	1	2
two_field	test_B_gourraud	NA19404	AFR	DRB1	HLA-DRB1*11:01:02;HLA-DRB1*11:334	1	0	1
two_field	test_B_gourraud	NA19404	AFR	DQB1	HLA-DQB1*03:01:01;HLA-DQB1*06:02:01	1	1	2
two_field	test_B_gourraud	NA19428	AFR	A	HLA-A*30:02:01;HLA-A*68:02:01	1	1	2
two_field	test_B_gourraud	NA19428	AFR	B	HLA-B*53:01:01;HLA-B*18:01:01	1	1	2
two_field	test_B_gourraud	NA19428	AFR	C	HLA-C*07:04:01;HLA-C*06:02:01	1	1	2
two_field	test_B_gourraud	NA19428	AFR	DRB1	HLA-DRB1*01:02:01;HLA-DRB1*11:01:02	1	1	2
two_field	test_B_gourraud	NA19428	AFR	DQB1	HLA-DQB1*05:01:01;HLA-DQB1*06:02:01	1	1	2
two_field	test_B_gourraud	NA19429	AFR	A	HLA-A*29:02:01;HLA-A*02:05:01	1	1	2
two_field	test_B_gourraud	NA19429	AFR	B	HLA-B*41:01:01;HLA-B*15:220:01	1	0	1
two_field	test_B_gourraud	NA19429	AFR	C	HLA-C*07:01:01;HLA-C*12:03:01	1	1	2
two_field	test_B_gourraud	NA19429	AFR	DRB1	HLA-DRB1*15:03:01;HLA-DRB1*09:01:02	1	1	2
two_field	test_B_gourraud	NA19429	AFR	DQB1	HLA-DQB1*02:02:01;HLA-DQB1*06:02:01	1	1	2
two_field	test_B_gourraud	NA19430	AFR	A	HLA-A*31:04:01;HLA-A*66:02:01	1	1	2
two_field	test_B_gourraud	NA19430	AFR	B	HLA-B*39:10:01;HLA-B*58:01:01	1	1	2
two_field	test_B_gourraud	NA19430	AFR	C	HLA-C*12:03:01;HLA-C*07:18:01	1	1	2
two_field	test_B_gourraud	NA19430	AFR	DRB1	HLA-DRB1*01:02:01;HLA-DRB1*10:01:01	1	1	2
two_field	test_B_gourraud	NA19430	AFR	DQB1	HLA-DQB1*05:01:01;HLA-DQB1*05:01:01	1	1	2
two_field	test_B_gourraud	NA19431	AFR	A	HLA-A*30:02:01;HLA-A*30:02:01	1	1	2
two_field	test_B_gourraud	NA19431	AFR	B	HLA-B*15:10:01;HLA-B*18:01:01,HLA-B*18:01:26	1	1	2
two_field	test_B_gourraud	NA19431	AFR	C	HLA-C*03:04:02;HLA-C*07:04:01	1	1	2
two_field	test_B_gourraud	NA19431	AFR	DRB1	HLA-DRB1*11:01:02;HLA-DRB1*03:01:01	1	1	2
two_field	test_B_gourraud	NA19431	AFR	DQB1	HLA-DQB1*02:01:01;HLA-DQB1*06:02:01	1	1	2
two_field	test_B_gourraud	NA19434	AFR	A	HLA-A*01:02:01;HLA-A*66:01:01	1	1	2
two_field	test_B_gourraud	NA19434	AFR	B	HLA-B*81:01:01;HLA-B*81:01:01	1	1	2
two_field	test_B_gourraud	NA19434	AFR	C	HLA-C*18:01:01;HLA-C*04:01:01	1	1	2
two_field	test_B_gourraud	NA19434	AFR	DRB1	HLA-DRB1*11:01:02;HLA-DRB1*15:03:01	1	1	2
two_field	test_B_gourraud	NA19434	AFR	DQB1	HLA-DQB1*06:02:01;HLA-DQB1*03:19:01	1	1	2
two_field	test_B_gourraud	NA19435	AFR	A	HLA-A*66:01:01;HLA-A*30:01:01	1	1	2
two_field	test_B_gourraud	NA19435	AFR	B	HLA-B*42:01:01;HLA-B*15:10:01	1	1	2
two_field	test_B_gourraud	NA19435	AFR	C	HLA-C*03:04:02;HLA-C*17:01:01	1	1	2
two_field	test_B_gourraud	NA19435	AFR	DRB1	HLA-DRB1*03:01:01;HLA-DRB1*03:02:01	1	1	2
two_field	test_B_gourraud	NA19435	AFR	DQB1	HLA-DQB1*02:01:01;HLA-DQB1*04:02:01	1	1	2
two_field	test_B_gourraud	NA19436	AFR	A	HLA-A*30:01:01;HLA-A*74:01:01	1	1	2
two_field	test_B_gourraud	NA19436	AFR	B	HLA-B*58:02:01;HLA-B*15:10:01	1	1	2
two_field	test_B_gourraud	NA19436	AFR	C	HLA-C*03:04:02;HLA-C*06:02:01	1	1	2
two_field	test_B_gourraud	NA19436	AFR	DRB1	HLA-DRB1*11:02:01;HLA-DRB1*12:01:01	1	1	2
two_field	test_B_gourraud	NA19436	AFR	DQB1	HLA-DQB1*05:01:01;HLA-DQB1*03:01:01	1	1	2
two_field	test_B_gourraud	NA19437	AFR	A	HLA-A*02:05:01;HLA-A*02:951	1	0	1
two_field	test_B_gourraud	NA19437	AFR	B	HLA-B*40:12:01;HLA-B*18:01:01	1	1	2
two_field	test_B_gourraud	NA19437	AFR	C	HLA-C*07:04:01;HLA-C*04:04:01	1	1	2
two_field	test_B_gourraud	NA19437	AFR	DRB1	HLA-DRB1*08:04:01;HLA-DRB1*11:01:02	1	1	2
two_field	test_B_gourraud	NA19437	AFR	DQB1	HLA-DQB1*05:01:01;HLA-DQB1*06:02:01	1	1	2
two_field	test_B_gourraud	NA19438	AFR	A	HLA-A*66:02:01;HLA-A*34:02:01	1	1	2
two_field	test_B_gourraud	NA19438	AFR	B	HLA-B*49:01:01;HLA-B*58:01:01	1	1	2
two_field	test_B_gourraud	NA19438	AFR	C	HLA-C*07:01:01;HLA-C*07:18:01	1	1	2
two_field	test_B_gourraud	NA19438	AFR	DRB1	HLA-DRB1*03:01:01;HLA-DRB1*15:03:01	1	1	2
two_field	test_B_gourraud	NA19438	AFR	DQB1	HLA-DQB1*06:02:01;HLA-DQB1*02:01:01	1	1	2
two_field	test_B_gourraud	NA19439	AFR	A	HLA-A*30:02:01;HLA-A*66:01:01	1	1	2
two_field	test_B_gourraud	NA19439	AFR	B	HLA-B*58:02:01;HLA-B*42:01:01	1	1	2
two_field	test_B_gourraud	NA19439	AFR	C	HLA-C*17:01:01;HLA-C*06:02:01	1	1	2
two_field	test_B_gourraud	NA19439	AFR	DRB1	HLA-DRB1*15:03:01;HLA-DRB1*15:03:01	1	1	2
two_field	test_B_gourraud	NA19439	AFR	DQB1	HLA-DQB1*06:02:01;HLA-DQB1*06:02:01	1	1	2
two_field	test_B_gourraud	NA19440	AFR	A	HLA-A*29:02:01;HLA-A*02:01:01	1	1	2
two_field	test_B_gourraud	NA19440	AFR	B	HLA-B*45:01:01;HLA-B*42:01:01	1	1	2
two_field	test_B_gourraud	NA19440	AFR	C	HLA-C*17:01:01;HLA-C*16:01:01	1	1	2
two_field	test_B_gourraud	NA19440	AFR	DRB1	HLA-DRB1*03:01:01;HLA-DRB1*03:02:01	1	1	2
two_field	test_B_gourraud	NA19440	AFR	DQB1	HLA-DQB1*02:01:01;HLA-DQB1*04:02:01	1	1	2
two_field	test_B_gourraud	NA19445	AFR	A	HLA-A*74:01:01;HLA-A*30:01:01	1	1	2
two_field	test_B_gourraud	NA19445	AFR	B	HLA-B*42:01:01;HLA-B*15:03:01	1	1	2
two_field	test_B_gourraud	NA19445	AFR	C	HLA-C*02:10:01;HLA-C*17:01:01	1	1	2
two_field	test_B_gourraud	NA19445	AFR	DRB1	HLA-DRB1*03:02:01;HLA-DRB1*01:01:01	1	1	2
two_field	test_B_gourraud	NA19445	AFR	DQB1	HLA-DQB1*04:02:01;HLA-DQB1*05:01:01	1	1	2
two_field	test_B_gourraud	NA19446	AFR	A	HLA-A*30:01:01;HLA-A*02:05:01	1	1	2
two_field	test_B_gourraud	NA19446	AFR	B	HLA-B*51:01:01;HLA-B*45:01:01	1	1	2
two_field	test_B_gourraud	NA19446	AFR	C	HLA-C*06:02:01;HLA-C*16:01:01	1	1	2
two_field	test_B_gourraud	NA19446	AFR	DRB1	HLA-DRB1*03:01:01;HLA-DRB1*13:01:01	1	1	2
two_field	test_B_gourraud	NA19446	AFR	DQB1	HLA-DQB1*02:01:01;HLA-DQB1*06:04:01	1	1	2
two_field	test_B_gourraud	NA19448	AFR	A	HLA-A*02:02:01;HLA-A*68:02:01	1	1	2
two_field	test_B_gourraud	NA19448	AFR	B	HLA-B*81:01:01;HLA-B*58:02:01	1	1	2
two_field	test_B_gourraud	NA19448	AFR	C	HLA-C*18:01:01;HLA-C*06:02:01	1	1	2
two_field	test_B_gourraud	NA19448	AFR	DRB1	HLA-DRB1*03:02:01;HLA-DRB1*12:01:01	1	1	2
two_field	test_B_gourraud	NA19448	AFR	DQB1	HLA-DQB1*05:01:01;HLA-DQB1*04:02:01	1	1	2
two_field	test_B_gourraud	NA19449	AFR	A	HLA-A*74:03:01;HLA-A*80:01:01	1	1	2
two_field	test_B_gourraud	NA19449	AFR	B	HLA-B*57:02:01;HLA-B*81:01:01	1	1	2
two_field	test_B_gourraud	NA19449	AFR	C	HLA-C*18:02:01;HLA-C*04:01:01	1	1	2
two_field	test_B_gourraud	NA19449	AFR	DRB1	HLA-DRB1*10:01:01;HLA-DRB1*11:01:02	1	1	2
two_field	test_B_gourraud	NA19449	AFR	DQB1	HLA-DQB1*05:01:01;HLA-DQB1*05:01:01	1	1	2
two_field	test_B_gourraud	NA19451	AFR	A	HLA-A*30:01:01;HLA-A*31:04:01	1	1	2
two_field	test_B_gourraud	NA19451	AFR	B	HLA-B*51:01:01;HLA-B*58:01:01	1	1	2
two_field	test_B_gourraud	NA19451	AFR	C	HLA-C*07:18:01;HLA-C*02:10:01	1	1	2
two_field	test_B_gourraud	NA19451	AFR	DRB1	HLA-DRB1*07:01:01;HLA-DRB1*15:03:01	1	1	2
two_field	test_B_gourraud	NA19451	AFR	DQB1	HLA-DQB1*06:02:01;HLA-DQB1*02:02:01	1	1	2
two_field	test_B_gourraud	NA19452	AFR	A	HLA-A*29:02:01;HLA-A*74:01:01	1	1	2
two_field	test_B_gourraud	NA19452	AFR	B	HLA-B*53:01:01;HLA-B*15:03:01	1	1	2
two_field	test_B_gourraud	NA19452	AFR	C	HLA-C*02:10:01;HLA-C*04:01:01	1	1	2
two_field	test_B_gourraud	NA19452	AFR	DRB1	HLA-DRB1*11:01:02;HLA-DRB1*13:02:01	1	1	2
two_field	test_B_gourraud	NA19452	AFR	DQB1	HLA-DQB1*06:09:01;HLA-DQB1*03:01:01	1	1	2
two_field	test_B_gourraud	NA19455	AFR	A	HLA-A*02:01:01;HLA-A*32:01:01	1	1	2
two_field	test_B_gourraud	NA19455	AFR	B	HLA-B*45:01:01;HLA-B*81:01:01	1	1	2
two_field	test_B_gourraud	NA19455	AFR	C	HLA-C*16:01:01;HLA-C*04:01:01	1	1	2
two_field	test_B_gourraud	NA19455	AFR	DRB1	HLA-DRB1*08:04:01;HLA-DRB1*11:01:02	1	1	2
two_field	test_B_gourraud	NA19455	AFR	DQB1	HLA-DQB1*03:19:01;HLA-DQB1*05:01:01	1	1	2
two_field	test_B_gourraud	NA19456	AFR	A	HLA-A*74:01:01;HLA-A*23:01:01	1	1	2
two_field	test_B_gourraud	NA19456	AFR	B	HLA-B*53:01:01;HLA-B*58:01:01	1	1	2
two_field	test_B_gourraud	NA19456	AFR	C	HLA-C*03:02:02;HLA-C*06:02:01	1	1	2
two_field	test_B_gourraud	NA19456	AFR	DRB1	HLA-DRB1*15:03:01;HLA-DRB1*13:02:01	1	1	2
two_field	test_B_gourraud	NA19456	AFR	DQB1	HLA-DQB1*06:02:01;HLA-DQB1*06:09:01	1	1	2
two_field	test_B_gourraud	NA19457	AFR	A	HLA-A*32:01:01;HLA-A*23:17:01	1	1	2
two_field	test_B_gourraud	NA19457	AFR	B	HLA-B*81:01:01;HLA-B*08:01:01	1	1	2
two_field	test_B_gourraud	NA19457	AFR	C	HLA-C*07:01:01;HLA-C*08:04:01	1	1	2
two_field	test_B_gourraud	NA19457	AFR	DRB1	HLA-DRB1*11:01:02;HLA-DRB1*12:01:01	1	1	2
two_field	test_B_gourraud	NA19457	AFR	DQB1	HLA-DQB1*05:01:01;HLA-DQB1*06:02:01	1	1	2
two_field	test_B_gourraud	NA19462	AFR	A	HLA-A*02:01:01;HLA-A*02:01:01	1	1	2
two_field	test_B_gourraud	NA19462	AFR	B	HLA-B*42:01:01;HLA-B*45:01:01	1	1	2
two_field	test_B_gourraud	NA19462	AFR	C	HLA-C*17:01:01;HLA-C*16:01:01	1	1	2
two_field	test_B_gourraud	NA19462	AFR	DRB1	HLA-DRB1*01:02:01;HLA-DRB1*03:02:01	1	1	2
two_field	test_B_gourraud	NA19462	AFR	DQB1	HLA-DQB1*04:02:01;HLA-DQB1*05:01:01	1	1	2
two_field	test_B_gourraud	NA19463	AFR	A	HLA-A*02:02:01;HLA-A*02:01:01	1	1	2
two_field	test_B_gourraud	NA19463	AFR	B	HLA-B*53:01:01;HLA-B*58:01:01	1	1	2
two_field	test_B_gourraud	NA19463	AFR	C	HLA-C*04:01:01;HLA-C*06:02:01	1	1	2
two_field	test_B_gourraud	NA19463	AFR	DRB1	HLA-DRB1*11:01:02;HLA-DRB1*08:04:01	1	1	2
two_field	test_B_gourraud	NA19463	AFR	DQB1	HLA-DQB1*03:19:01;HLA-DQB1*06:02:01	1	1	2
two_field	test_B_gourraud	NA19466	AFR	A	HLA-A*30:02:01;HLA-A*02:01:01	1	1	2
two_field	test_B_gourraud	NA19466	AFR	B	HLA-B*45:01:01;HLA-B*57:03:01	1	1	2
two_field	test_B_gourraud	NA19466	AFR	C	HLA-C*18:02:01;HLA-C*16:01:01	1	1	2
two_field	test_B_gourraud	NA19466	AFR	DRB1	HLA-DRB1*01:02:01;HLA-DRB1*13:01:01	1	1	2
two_field	test_B_gourraud	NA19466	AFR	DQB1	HLA-DQB1*05:01:01;HLA-DQB1*05:01:01	1	1	2
two_field	test_B_gourraud	NA19467	AFR	A	HLA-A*02:02:01;HLA-A*02:01:01	1	1	2
two_field	test_B_gourraud	NA19467	AFR	B	HLA-B*53:01:01;HLA-B*53:01:01	1	1	2
two_field	test_B_gourraud	NA19467	AFR	C	HLA-C*04:01:01;HLA-C*04:01:01	1	1	2
two_field	test_B_gourraud	NA19467	AFR	DRB1	HLA-DRB1*08:04:01;HLA-DRB1*11:02:01	1	1	2
two_field	test_B_gourraud	NA19467	AFR	DQB1	HLA-DQB1*03:19:01;HLA-DQB1*03:01:01	1	1	2
two_field	test_B_gourraud	NA19471	AFR	A	HLA-A*23:17:01;HLA-A*29:02:01	1	1	2
two_field	test_B_gourraud	NA19471	AFR	B	HLA-B*53:01:01;HLA-B*73:01:01	1	1	2
two_field	test_B_gourraud	NA19471	AFR	C	HLA-C*15:05:01;HLA-C*06:02:01	1	1	2
two_field	test_B_gourraud	NA19471	AFR	DRB1	HLA-DRB1*03:01:01;HLA-DRB1*11:01:02	1	1	2
two_field	test_B_gourraud	NA19471	AFR	DQB1	HLA-DQB1*06:02:01;HLA-DQB1*02:01:01	1	1	2
two_field	test_B_gourraud	NA19472	AFR	A	HLA-A*02:01:01;HLA-A*02:01:01	1	1	2
two_field	test_B_gourraud	NA19472	AFR	B	HLA-B*45:01:01;HLA-B*45:07:01	1	1	2
two_field	test_B_gourraud	NA19472	AFR	C	HLA-C*16:01:01;HLA-C*16:01:01	1	1	2
two_field	test_B_gourraud	NA19472	AFR	DRB1	HLA-DRB1*13:01:01;HLA-DRB1*13:01:01	1	1	2
two_field	test_B_gourraud	NA19472	AFR	DQB1	HLA-DQB1*05:01:01;HLA-DQB1*06:03:01	1	1	2
two_field	test_B_gourraud	NA19473	AFR	A	HLA-A*02:01:01;HLA-A*02:02:01	1	1	2
two_field	test_B_gourraud	NA19473	AFR	B	HLA-B*58:02:01;HLA-B*73:01:01	1	1	2
two_field	test_B_gourraud	NA19473	AFR	C	HLA-C*15:05:01;HLA-C*06:02:01	1	1	2
two_field	test_B_gourraud	NA19473	AFR	DRB1	HLA-DRB1*11:02:01;HLA-DRB1*01:02:01	1	1	2
two_field	test_B_gourraud	NA19473	AFR	DQB1	HLA-DQB1*05:01:01;HLA-DQB1*03:01:01	1	1	2
two_field	test_B_gourraud	NA19474	AFR	A	HLA-A*74:03:01;HLA-A*02:01:01	1	1	2
two_field	test_B_gourraud	NA19474	AFR	B	HLA-B*45:01:01;HLA-B*45:01:01	1	1	2
two_field	test_B_gourraud	NA19474	AFR	C	HLA-C*06:02:01;HLA-C*16:01:01	1	1	2
two_field	test_B_gourraud	NA19474	AFR	DRB1	HLA-DRB1*13:02:01;HLA-DRB1*13:02:01	1	1	2
two_field	test_B_gourraud	NA19474	AFR	DQB1	HLA-DQB1*06:09:01;HLA-DQB1*06:09:01	1	1	2
two_field	test_B_gourraud	NA19625	AFR	A	HLA-A*02:01:01;HLA-A*23:17:01	1	1	2
two_field	test_B_gourraud	NA19625	AFR	B	HLA-B*44:03:02;HLA-B*07:02:01	1	1	2
two_field	test_B_gourraud	NA19625	AFR	C	HLA-C*07:06:01;HLA-C*12:03:01	1	1	2
two_field	test_B_gourraud	NA19625	AFR	DRB1	HLA-DRB1*15:01:01;HLA-DRB1*13:02:01	1	1	2
two_field	test_B_gourraud	NA19625	AFR	DQB1	HLA-DQB1*06:09:01;HLA-DQB1*06:02:01	1	1	2
two_field	test_B_gourraud	NA19648	AMR	A	HLA-A*11:01:01;HLA-A*03:01:01	1	1	2
two_field	test_B_gourraud	NA19648	AMR	B	HLA-B*51:01:01;HLA-B*07:02:01	1	1	2
two_field	test_B_gourraud	NA19648	AMR	C	HLA-C*01:02:01;HLA-C*07:02:01,HLA-C*07:707,HLA-C*07:785	1	0	1
two_field	test_B_gourraud	NA19648	AMR	DRB1	HLA-DRB1*15:01:01;HLA-DRB1*08:105	1	0	1
two_field	test_B_gourraud	NA19648	AMR	DQB1	HLA-DQB1*04:02:01;HLA-DQB1*06:02:01	1	1	2
two_field	test_B_gourraud	NA19649	AMR	A	HLA-A*24:02:01;HLA-A*24:02:01	1	1	2
two_field	test_B_gourraud	NA19649	AMR	B	HLA-B*39:06:02;HLA-B*08:01:01	1	1	2
two_field	test_B_gourraud	NA19649	AMR	C	HLA-C*07:02:01;HLA-C*07:01:01	1	1	2
two_field	test_B_gourraud	NA19649	AMR	DRB1	HLA-DRB1*15:01:01;HLA-DRB1*14:06:01	1	1	2
two_field	test_B_gourraud	NA19649	AMR	DQB1	HLA-DQB1*06:02:01;HLA-DQB1*03:01:01	1	1	2
two_field	test_B_gourraud	NA19651	AMR	A	HLA-A*68:01:02;HLA-A*03:01:01	1	1	2
two_field	test_B_gourraud	NA19651	AMR	B	HLA-B*40:20:01;HLA-B*35:01:01	1	1	2
two_field	test_B_gourraud	NA19651	AMR	C	HLA-C*04:01:01;HLA-C*03:04:01	1	1	2
two_field	test_B_gourraud	NA19651	AMR	DRB1	HLA-DRB1*01:01:01;HLA-DRB1*14:02:01	1	1	2
two_field	test_B_gourraud	NA19651	AMR	DQB1	HLA-DQB1*05:01:01;HLA-DQB1*03:01:01	1	1	2
two_field	test_B_gourraud	NA19652	AMR	A	HLA-A*02:01:01;HLA-A*11:01:01	1	1	2
two_field	test_B_gourraud	NA19652	AMR	B	HLA-B*35:08:01;HLA-B*35:01:01	1	1	2
two_field	test_B_gourraud	NA19652	AMR	C	HLA-C*04:01:01;HLA-C*04:01:01	1	1	2
two_field	test_B_gourraud	NA19652	AMR	DRB1	HLA-DRB1*04:07:01;HLA-DRB1*04:02:01	1	1	2
two_field	test_B_gourraud	NA19652	AMR	DQB1	HLA-DQB1*03:02:01;HLA-DQB1*03:01:01	1	1	2
two_field	test_B_gourraud	NA19654	AMR	A	HLA-A*68:01:02;HLA-A*26:01:01	1	1	2
two_field	test_B_gourraud	NA19654	AMR	B	HLA-B*40:02:01;HLA-B*18:06	1	1	2
two_field	test_B_gourraud	NA19654	AMR	C	HLA-C*03:04:01;HLA-C*07:01:01	1	1	2
two_field	test_B_gourraud	NA19654	AMR	DRB1	HLA-DRB1*04:07:01;HLA-DRB1*11:04:01	1	1	2
two_field	test_B_gourraud	NA19654	AMR	DQB1	HLA-DQB1*03:02:01;HLA-DQB1*03:01:01	1	1	2
two_field	test_B_gourraud	NA19655	AMR	A	HLA-A*29:02:01;HLA-A*23:01:01	1	1	2
two_field	test_B_gourraud	NA19655	AMR	B	HLA-B*44:03:01;HLA-B*35:08:01	1	1	2
two_field	test_B_gourraud	NA19655	AMR	C	HLA-C*04:01:01;HLA-C*04:01:01	1	1	2
two_field	test_B_gourraud	NA19655	AMR	DRB1	HLA-DRB1*07:01:01;HLA-DRB1*13:01:01	1	1	2
two_field	test_B_gourraud	NA19655	AMR	DQB1	HLA-DQB1*06:03:01;HLA-DQB1*02:02:01	1	1	2
two_field	test_B_gourraud	NA19657	AMR	A	HLA-A*01:01:01;HLA-A*02:01:01	1	1	2
two_field	test_B_gourraud	NA19657	AMR	B	HLA-B*08:01:01;HLA-B*52:01:02	1	1	2
two_field	test_B_gourraud	NA19657	AMR	C	HLA-C*07:01:01;HLA-C*03:03:01	1	1	2
two_field	test_B_gourraud	NA19657	AMR	DRB1	HLA-DRB1*03:01:01;HLA-DRB1*14:06:01	1	1	2
two_field	test_B_gourraud	NA19657	AMR	DQB1	HLA-DQB1*02:01:01;HLA-DQB1*03:01:01	1	1	2
two_field	test_B_gourraud	NA19658	AMR	A	HLA-A*29:02:01;HLA-A*26:01:01	1	1	2
two_field	test_B_gourraud	NA19658	AMR	B	HLA-B*44:03:01;HLA-B*55:01:01	1	1	2
two_field	test_B_gourraud	NA19658	AMR	C	HLA-C*03:03:01;HLA-C*16:01:01	1	1	2
two_field	test_B_gourraud	NA19658	AMR	DRB1	HLA-DRB1*07:01:01;HLA-DRB1*11:01:01	1	1	2
two_field	test_B_gourraud	NA19658	AMR	DQB1	HLA-DQB1*02:02:01;HLA-DQB1*03:01:01	1	1	2
two_field	test_B_gourraud	NA19661	AMR	A	HLA-A*03:01:01;HLA-A*24:02:01	1	1	2
two_field	test_B_gourraud	NA19661	AMR	B	HLA-B*14:02:01;HLA-B*40:02:01	1	1	2
two_field	test_B_gourraud	NA19661	AMR	C	HLA-C*08:02:01;HLA-C*03:04:01	1	1	2
two_field	test_B_gourraud	NA19661	AMR	DRB1	HLA-DRB1*01:02:01;HLA-DRB1*04:11:01	1	1	2
two_field	test_B_gourraud	NA19661	AMR	DQB1	HLA-DQB1*03:02:01;HLA-DQB1*05:01:01	1	1	2
two_field	test_B_gourraud	NA19663	AMR	A	HLA-A*24:02:01;HLA-A*30:02:01	1	1	2
two_field	test_B_gourraud	NA19663	AMR	B	HLA-B*14:02:01;HLA-B*44:05:01	1	1	2
two_field	test_B_gourraud	NA19663	AMR	C	HLA-C*02:02:02;HLA-C*08:02:01	1	1	2
two_field	test_B_gourraud	NA19663	AMR	DRB1	HLA-DRB1*01:01:01;HLA-DRB1*01:02:01	1	1	2
two_field	test_B_gourraud	NA19663	AMR	DQB1	HLA-DQB1*05:01:01;HLA-DQB1*05:01:01	1	1	2
two_field	test_B_gourraud	NA19664	AMR	A	HLA-A*11:01:01;HLA-A*24:02:01	1	1	2
two_field	test_B_gourraud	NA19664	AMR	B	HLA-B*39:06:02;HLA-B*35:03:01	1	1	2
two_field	test_B_gourraud	NA19664	AMR	C	HLA-C*04:01:01;HLA-C*07:02:01	1	1	2
two_field	test_B_gourraud	NA19664	AMR	DRB1	HLA-DRB1*15:01:01;HLA-DRB1*14:06:01	1	1	2
two_field	test_B_gourraud	NA19664	AMR	DQB1	HLA-DQB1*06:02:01;HLA-DQB1*03:01:01	1	1	2
two_field	test_B_gourraud	NA19669	AMR	A	HLA-A*11:01:01;HLA-A*03:01:01	1	1	2
two_field	test_B_gourraud	NA19669	AMR	B	HLA-B*15:03:01;HLA-B*07:02:01,HLA-B*07:02:96,HLA-B*07:02:110,HLA-B*07:529,HLA-B*07:536	1	0	1
two_field	test_B_gourraud	NA19669	AMR	C	HLA-C*02:10:01;HLA-C*07:02:01	1	1	2
two_field	test_B_gourraud	NA19669	AMR	DRB1	HLA-DRB1*04:03:01;HLA-DRB1*13:04	1	1	2
two_field	test_B_gourraud	NA19669	AMR	DQB1	HLA-DQB1*03:19:01;HLA-DQB1*03:01:01	1	1	2
two_field	test_B_gourraud	NA19670	AMR	A	HLA-A*26:01:01;HLA-A*26:01:01	1	1	2
two_field	test_B_gourraud	NA19670	AMR	B	HLA-B*38:01:01;HLA-B*14:02:01	1	1	2
two_field	test_B_gourraud	NA19670	AMR	C	HLA-C*08:02:01;HLA-C*12:03:01	1	1	2
two_field	test_B_gourraud	NA19670	AMR	DRB1	HLA-DRB1*07:01:01;HLA-DRB1*03:01:01	1	1	2
two_field	test_B_gourraud	NA19670	AMR	DQB1	HLA-DQB1*02:01:01;HLA-DQB1*02:02:01	1	1	2
two_field	test_B_gourraud	NA19676	AMR	A	HLA-A*31:01:02;HLA-A*01:01:01	1	1	2
two_field	test_B_gourraud	NA19676	AMR	B	HLA-B*14:02:01;HLA-B*35:01:01	1	1	2
two_field	test_B_gourraud	NA19676	AMR	C	HLA-C*08:02:01;HLA-C*04:01:01	1	1	2
two_field	test_B_gourraud	NA19676	AMR	DRB1	HLA-DRB1*04:07:01;HLA-DRB1*12:01:01	1	1	2
two_field	test_B_gourraud	NA19676	AMR	DQB1	HLA-DQB1*03:02:01;HLA-DQB1*03:01:01	1	1	2
two_field	test_B_gourraud	NA19678	AMR	A	HLA-A*30:01:01;HLA-A*24:02:01	1	1	2
two_field	test_B_gourraud	NA19678	AMR	B	HLA-B*14:01:01;HLA-B*35:14:01	1	1	2
two_field	test_B_gourraud	NA19678	AMR	C	HLA-C*08:02:01;HLA-C*04:01:01	1	1	2
two_field	test_B_gourraud	NA19678	AMR	DRB1	HLA-DRB1*16:02:01;HLA-DRB1*03:01:01	1	1	2
two_field	test_B_gourraud	NA19678	AMR	DQB1	HLA-DQB1*02:01:01;HLA-DQB1*03:01:01	1	1	2
two_field	test_B_gourraud	NA19679	AMR	A	HLA-A*02:01:01;HLA-A*03:01:01	1	1	2
two_field	test_B_gourraud	NA19679	AMR	B	HLA-B*14:02:01;HLA-B*57:01:01	1	1	2
two_field	test_B_gourraud	NA19679	AMR	C	HLA-C*08:02:01;HLA-C*06:02:01	1	1	2
two_field	test_B_gourraud	NA19679	AMR	DRB1	HLA-DRB1*07:01:01;HLA-DRB1*15:01:01	1	1	2
two_field	test_B_gourraud	NA19679	AMR	DQB1	HLA-DQB1*03:03:02;HLA-DQB1*06:02:01	1	1	2
two_field	leak_gourraud	NA19681	AMR	A	HLA-A*01:01:01;HLA-A*02:01:01	1	1	2
two_field	leak_gourraud	NA19681	AMR	B	HLA-B*39:06:02;HLA-B*08:01:01	1	1	2
two_field	leak_gourraud	NA19681	AMR	C	HLA-C*07:01:01;HLA-C*07:02:01	1	1	2
two_field	leak_gourraud	NA19681	AMR	DRB1	HLA-DRB1*03:01:01;HLA-DRB1*14:06:01	1	1	2
two_field	leak_gourraud	NA19681	AMR	DQB1	HLA-DQB1*02:01:01;HLA-DQB1*03:01:01	1	1	2
two_field	test_B_gourraud	NA19684	AMR	A	HLA-A*03:01:01;HLA-A*02:01:01	1	1	2
two_field	test_B_gourraud	NA19684	AMR	B	HLA-B*07:02:01;HLA-B*35:17:01	1	1	2
two_field	test_B_gourraud	NA19684	AMR	C	HLA-C*07:02:01;HLA-C*04:01:01	1	1	2
two_field	test_B_gourraud	NA19684	AMR	DRB1	HLA-DRB1*08:02:01;HLA-DRB1*13:01:01	1	1	2
two_field	test_B_gourraud	NA19684	AMR	DQB1	HLA-DQB1*04:02:01;HLA-DQB1*06:03:01	1	1	2
two_field	leak_gourraud	NA19701	AFR	A	HLA-A*24:02:01;HLA-A*68:02:01	1	1	2
two_field	leak_gourraud	NA19701	AFR	B	HLA-B*15:37;HLA-B*40:02:01	1	1	2
two_field	leak_gourraud	NA19701	AFR	C	HLA-C*03:05:01;HLA-C*03:04:02	1	1	2
two_field	leak_gourraud	NA19701	AFR	DRB1	HLA-DRB1*04:07:01;HLA-DRB1*03:01:01	1	1	2
two_field	leak_gourraud	NA19701	AFR	DQB1	HLA-DQB1*02:01:01;HLA-DQB1*03:02:01	1	1	2
two_field	test_B_gourraud	NA19703	AFR	A	HLA-A*30:02:01;HLA-A*02:01:01	1	1	2
two_field	test_B_gourraud	NA19703	AFR	B	HLA-B*44:02:01;HLA-B*58:01:01	1	1	2
two_field	test_B_gourraud	NA19703	AFR	C	HLA-C*07:18:01;HLA-C*05:01:01	1	1	2
two_field	test_B_gourraud	NA19703	AFR	DRB1	HLA-DRB1*04:05:01;HLA-DRB1*04:01:01	1	1	2
two_field	test_B_gourraud	NA19703	AFR	DQB1	HLA-DQB1*03:02:01;HLA-DQB1*03:01:01	1	1	2
two_field	test_B_gourraud	NA19704	AFR	A	HLA-A*11:01:01;HLA-A*68:02:01	1	1	2
two_field	test_B_gourraud	NA19704	AFR	B	HLA-B*15:10:01;HLA-B*51:01:01,HLA-B*51:01:64	1	1	2
two_field	test_B_gourraud	NA19704	AFR	C	HLA-C*03:03:01;HLA-C*03:04:02	1	1	2
two_field	test_B_gourraud	NA19704	AFR	DRB1	HLA-DRB1*04:01:01;HLA-DRB1*11:01:02	1	1	2
two_field	test_B_gourraud	NA19704	AFR	DQB1	HLA-DQB1*03:02:01;HLA-DQB1*02:02:01	1	1	2
two_field	test_B_gourraud	NA19707	AFR	A	HLA-A*26:08:01;HLA-A*02:01:01	1	1	2
two_field	test_B_gourraud	NA19707	AFR	B	HLA-B*40:01:02;HLA-B*07:02:01	1	1	2
two_field	test_B_gourraud	NA19707	AFR	C	HLA-C*03:04:01;HLA-C*07:02:01	1	1	2
two_field	test_B_gourraud	NA19707	AFR	DRB1	HLA-DRB1*13:01:01;HLA-DRB1*04:04:01	1	1	2
two_field	test_B_gourraud	NA19707	AFR	DQB1	HLA-DQB1*03:02:01;HLA-DQB1*06:03:01	1	1	2
two_field	test_B_gourraud	NA19711	AFR	A	HLA-A*68:02:01;HLA-A*02:01:01	1	1	2
two_field	test_B_gourraud	NA19711	AFR	B	HLA-B*35:01:01,HLA-B*35:370,HLA-B*35:615;HLA-B*53:01:01	1	0	1
two_field	test_B_gourraud	NA19711	AFR	C	HLA-C*07:18:01;HLA-C*04:01:01	1	1	2
two_field	test_B_gourraud	NA19711	AFR	DRB1	HLA-DRB1*07:01:01;HLA-DRB1*13:02:01	1	1	2
two_field	test_B_gourraud	NA19711	AFR	DQB1	HLA-DQB1*05:01:01;HLA-DQB1*03:02:01	1	1	2
two_field	test_B_gourraud	NA19712	AFR	A	HLA-A*02:01:01;HLA-A*68:01:01	1	1	2
two_field	test_B_gourraud	NA19712	AFR	B	HLA-B*45:01:01;HLA-B*15:03:01	1	1	2
two_field	test_B_gourraud	NA19712	AFR	C	HLA-C*02:10:01;HLA-C*16:01:01	1	1	2
two_field	test_B_gourraud	NA19712	AFR	DRB1	HLA-DRB1*03:01:01;HLA-DRB1*13:01:01	1	1	2
two_field	test_B_gourraud	NA19712	AFR	DQB1	HLA-DQB1*03:02:01;HLA-DQB1*02:01:01	1	1	2
two_field	test_B_gourraud	NA19713	AFR	A	HLA-A*02:02:01;HLA-A*02:01:01	1	1	2
two_field	test_B_gourraud	NA19713	AFR	B	HLA-B*45:01:01;HLA-B*13:02:01	1	1	2
two_field	test_B_gourraud	NA19713	AFR	C	HLA-C*16:01:01;HLA-C*08:04:01	1	1	2
two_field	test_B_gourraud	NA19713	AFR	DRB1	HLA-DRB1*08:04:01;HLA-DRB1*13:02:01	1	1	2
two_field	test_B_gourraud	NA19713	AFR	DQB1	HLA-DQB1*06:09:01;HLA-DQB1*04:02:13	1	1	2
two_field	test_B_gourraud	NA19716	AMR	A	HLA-A*30:02:01;HLA-A*31:01:02	1	1	2
two_field	test_B_gourraud	NA19716	AMR	B	HLA-B*27:05:02;HLA-B*18:01:01	1	1	2
two_field	test_B_gourraud	NA19716	AMR	C	HLA-C*01:02:01;HLA-C*05:01:01	1	1	2
two_field	test_B_gourraud	NA19716	AMR	DRB1	HLA-DRB1*01:01:01;HLA-DRB1*03:01:01	1	1	2
two_field	test_B_gourraud	NA19716	AMR	DQB1	HLA-DQB1*05:01:01;HLA-DQB1*02:01:01	1	1	2
two_field	test_B_gourraud	NA19717	AMR	A	HLA-A*68:02:01;HLA-A*02:01:01	1	1	2
two_field	test_B_gourraud	NA19717	AMR	B	HLA-B*14:02:01;HLA-B*15:15:01	1	1	2
two_field	test_B_gourraud	NA19717	AMR	C	HLA-C*01:02:01;HLA-C*08:02:01	1	1	2
two_field	test_B_gourraud	NA19717	AMR	DRB1	HLA-DRB1*01:02:01;HLA-DRB1*04:03:01	1	1	2
two_field	test_B_gourraud	NA19717	AMR	DQB1	HLA-DQB1*05:01:01;HLA-DQB1*03:02:01	1	1	2
two_field	test_B_gourraud	NA19719	AMR	A	HLA-A*03:01:01;HLA-A*02:02:01	1	1	2
two_field	test_B_gourraud	NA19719	AMR	B	HLA-B*51:23;HLA-B*35:03:01	1	1	2
two_field	test_B_gourraud	NA19719	AMR	C	HLA-C*16:01:01;HLA-C*04:01:01	1	1	2
two_field	test_B_gourraud	NA19719	AMR	DRB1	HLA-DRB1*14:54:01;HLA-DRB1*11:01:01	1	1	2
two_field	test_B_gourraud	NA19719	AMR	DQB1	HLA-DQB1*05:03:01;HLA-DQB1*03:01:01	1	1	2
two_field	test_B_gourraud	NA19720	AMR	A	HLA-A*31:01:02;HLA-A*68:01:02	1	1	2
two_field	test_B_gourraud	NA19720	AMR	B	HLA-B*48:01:01;HLA-B*15:15:01	1	1	2
two_field	test_B_gourraud	NA19720	AMR	C	HLA-C*01:02:01;HLA-C*08:01:01	1	1	2
two_field	test_B_gourraud	NA19720	AMR	DRB1	HLA-DRB1*08:02:01;HLA-DRB1*04:04:01	1	1	2
two_field	test_B_gourraud	NA19720	AMR	DQB1	HLA-DQB1*03:02:01;HLA-DQB1*04:02:01	1	1	2
two_field	test_B_gourraud	NA19722	AMR	A	HLA-A*25:01:01;HLA-A*03:01:01	1	1	2
two_field	test_B_gourraud	NA19722	AMR	B	HLA-B*18:01:01,HLA-B*18:01:26;HLA-B*44:02:01	1	1	2
two_field	test_B_gourraud	NA19722	AMR	C	HLA-C*05:01:01;HLA-C*12:03:01	1	1	2
two_field	test_B_gourraud	NA19722	AMR	DRB1	HLA-DRB1*15:01:01;HLA-DRB1*04:05:01	1	1	2
two_field	test_B_gourraud	NA19722	AMR	DQB1	HLA-DQB1*03:02:01;HLA-DQB1*06:02:01	1	1	2
two_field	test_B_gourraud	NA19723	AMR	A	HLA-A*31:01:02;HLA-A*68:01:02	1	1	2
two_field	test_B_gourraud	NA19723	AMR	B	HLA-B*40:02:01;HLA-B*15:15:01	1	1	2
two_field	test_B_gourraud	NA19723	AMR	C	HLA-C*03:04:01;HLA-C*01:02:01	1	1	2
two_field	test_B_gourraud	NA19723	AMR	DRB1	HLA-DRB1*16:02:01;HLA-DRB1*08:02:01	1	1	2
two_field	test_B_gourraud	NA19723	AMR	DQB1	HLA-DQB1*04:02:01;HLA-DQB1*03:01:01	1	1	2
two_field	test_B_gourraud	NA19725	AMR	A	HLA-A*01:01:01;HLA-A*02:01:01	1	1	2
two_field	test_B_gourraud	NA19725	AMR	B	HLA-B*38:01:01;HLA-B*52:01:01	1	1	2
two_field	test_B_gourraud	NA19725	AMR	C	HLA-C*12:03:01;HLA-C*12:02:02	1	1	2
two_field	test_B_gourraud	NA19725	AMR	DRB1	HLA-DRB1*03:01:01;HLA-DRB1*15:02:01	1	1	2
two_field	test_B_gourraud	NA19725	AMR	DQB1	HLA-DQB1*06:01:01;HLA-DQB1*02:01:01	1	1	2
two_field	test_B_gourraud	NA19726	AMR	A	HLA-A*02:06:01;HLA-A*02:01:01	1	1	2
two_field	test_B_gourraud	NA19726	AMR	B	HLA-B*39:05:01;HLA-B*15:01:01	1	1	2
two_field	test_B_gourraud	NA19726	AMR	C	HLA-C*07:02:01;HLA-C*01:02:01	1	1	2
two_field	test_B_gourraud	NA19726	AMR	DRB1	HLA-DRB1*08:02:01;HLA-DRB1*04:07:01	1	1	2
two_field	test_B_gourraud	NA19726	AMR	DQB1	HLA-DQB1*04:02:01;HLA-DQB1*03:02:01	1	1	2
two_field	test_B_gourraud	NA19728	AMR	A	HLA-A*24:02:01;HLA-A*24:02:01	1	1	2
two_field	test_B_gourraud	NA19728	AMR	B	HLA-B*35:12:01;HLA-B*40:05:01	1	1	2
two_field	test_B_gourraud	NA19728	AMR	C	HLA-C*03:04:01;HLA-C*04:01:01	1	1	2
two_field	test_B_gourraud	NA19728	AMR	DRB1	HLA-DRB1*14:02:01;HLA-DRB1*04:04:01	1	1	2
two_field	test_B_gourraud	NA19728	AMR	DQB1	HLA-DQB1*03:02:01;HLA-DQB1*03:01:01	1	1	2
two_field	test_B_gourraud	NA19729	AMR	A	HLA-A*02:06:01;HLA-A*02:01:01	1	1	2
two_field	test_B_gourraud	NA19729	AMR	B	HLA-B*48:01:01;HLA-B*35:12:03	1	1	2
two_field	test_B_gourraud	NA19729	AMR	C	HLA-C*08:01:01;HLA-C*04:01:01	1	1	2
two_field	test_B_gourraud	NA19729	AMR	DRB1	HLA-DRB1*08:02:01;HLA-DRB1*08:02:01	1	1	2
two_field	test_B_gourraud	NA19729	AMR	DQB1	HLA-DQB1*04:02:01;HLA-DQB1*04:02:01	1	1	2
two_field	test_B_gourraud	NA19731	AMR	A	HLA-A*68:01:02;HLA-A*02:06:01	1	1	2
two_field	test_B_gourraud	NA19731	AMR	B	HLA-B*35:17:01;HLA-B*51:02:01	1	1	2
two_field	test_B_gourraud	NA19731	AMR	C	HLA-C*08:01:01;HLA-C*04:01:01	1	1	2
two_field	test_B_gourraud	NA19731	AMR	DRB1	HLA-DRB1*08:02:01;HLA-DRB1*04:11:01	1	1	2
two_field	test_B_gourraud	NA19731	AMR	DQB1	HLA-DQB1*03:02:01;HLA-DQB1*04:02:01	1	1	2
two_field	test_B_gourraud	NA19732	AMR	A	HLA-A*31:01:02;HLA-A*02:06:01	1	1	2
two_field	test_B_gourraud	NA19732	AMR	B	HLA-B*48:01:01;HLA-B*51:01:01,HLA-B*51:01:64	1	1	2
two_field	test_B_gourraud	NA19732	AMR	C	HLA-C*08:01:01;HLA-C*08:01:01	1	1	2
two_field	test_B_gourraud	NA19732	AMR	DRB1	HLA-DRB1*08:02:01;HLA-DRB1*08:02:01	1	1	2
two_field	test_B_gourraud	NA19732	AMR	DQB1	HLA-DQB1*04:02:01;HLA-DQB1*04:02:01	1	1	2
two_field	test_B_gourraud	NA19746	AMR	A	HLA-A*34:02:01;HLA-A*02:01:01	1	1	2
two_field	test_B_gourraud	NA19746	AMR	B	HLA-B*35:17:01;HLA-B*58:02:01	1	1	2
two_field	test_B_gourraud	NA19746	AMR	C	HLA-C*06:02:01;HLA-C*04:01:01	1	1	2
two_field	test_B_gourraud	NA19746	AMR	DRB1	HLA-DRB1*08:02:01;HLA-DRB1*11:02:01	1	1	2
two_field	test_B_gourraud	NA19746	AMR	DQB1	HLA-DQB1*04:02:01;HLA-DQB1*02:01:01	1	1	2
two_field	test_B_gourraud	NA19747	AMR	A	HLA-A*30:02:01;HLA-A*68:01:01	1	1	2
two_field	test_B_gourraud	NA19747	AMR	B	HLA-B*45:01:01;HLA-B*14:02:01	1	1	2
two_field	test_B_gourraud	NA19747	AMR	C	HLA-C*08:02:01;HLA-C*06:02:01	1	1	2
two_field	test_B_gourraud	NA19747	AMR	DRB1	HLA-DRB1*01:02:01;HLA-DRB1*04:05:01	1	1	2
two_field	test_B_gourraud	NA19747	AMR	DQB1	HLA-DQB1*03:02:01;HLA-DQB1*05:01:01	1	1	2
two_field	test_B_gourraud	NA19749	AMR	A	HLA-A*24:02:01;HLA-A*11:01:01	1	1	2
two_field	test_B_gourraud	NA19749	AMR	B	HLA-B*07:02:01;HLA-B*18:01:01	1	1	2
two_field	test_B_gourraud	NA19749	AMR	C	HLA-C*07:02:01;HLA-C*05:01:01	1	1	2
two_field	test_B_gourraud	NA19749	AMR	DRB1	HLA-DRB1*01:03:01;HLA-DRB1*04:04:01	1	1	2
two_field	test_B_gourraud	NA19749	AMR	DQB1	HLA-DQB1*03:02:01;HLA-DQB1*05:01:01	1	1	2
two_field	test_B_gourraud	NA19750	AMR	A	HLA-A*03:01:01;HLA-A*02:01:01	1	1	2
two_field	test_B_gourraud	NA19750	AMR	B	HLA-B*51:01:01;HLA-B*41:01:01	1	1	2
two_field	test_B_gourraud	NA19750	AMR	C	HLA-C*07:01:01;HLA-C*01:02:01	1	1	2
two_field	test_B_gourraud	NA19750	AMR	DRB1	HLA-DRB1*08:105;HLA-DRB1*15:02:01	1	0	1
two_field	test_B_gourraud	NA19750	AMR	DQB1	HLA-DQB1*04:02:01;HLA-DQB1*06:01:01	1	1	2
two_field	test_B_gourraud	NA19755	AMR	A	HLA-A*68:02:01;HLA-A*02:06:01	1	1	2
two_field	test_B_gourraud	NA19755	AMR	B	HLA-B*51:01:01;HLA-B*35:17:01	1	1	2
two_field	test_B_gourraud	NA19755	AMR	C	HLA-C*15:02:01;HLA-C*04:01:01	1	1	2
two_field	test_B_gourraud	NA19755	AMR	DRB1	HLA-DRB1*08:02:01;HLA-DRB1*08:02:01	1	1	2
two_field	test_B_gourraud	NA19755	AMR	DQB1	HLA-DQB1*04:02:01;HLA-DQB1*04:02:01	1	1	2
two_field	test_B_gourraud	NA19756	AMR	A	HLA-A*33:01:01;HLA-A*30:01:01	1	1	2
two_field	test_B_gourraud	NA19756	AMR	B	HLA-B*14:01:01;HLA-B*13:02:01	1	1	2
two_field	test_B_gourraud	NA19756	AMR	C	HLA-C*08:02:01;HLA-C*06:02:01	1	1	2
two_field	test_B_gourraud	NA19756	AMR	DRB1	HLA-DRB1*07:01:01;HLA-DRB1*07:01:01	1	1	2
two_field	test_B_gourraud	NA19756	AMR	DQB1	HLA-DQB1*02:02:01;HLA-DQB1*02:02:01	1	1	2
two_field	test_B_gourraud	NA19758	AMR	A	HLA-A*24:02:01;HLA-A*02:06:01	1	1	2
two_field	test_B_gourraud	NA19758	AMR	B	HLA-B*48:03:01;HLA-B*35:14:01	1	1	2
two_field	test_B_gourraud	NA19758	AMR	C	HLA-C*04:01:01;HLA-C*08:01:01	1	1	2
two_field	test_B_gourraud	NA19758	AMR	DRB1	HLA-DRB1*16:02:01;HLA-DRB1*08:02:01	1	1	2
two_field	test_B_gourraud	NA19758	AMR	DQB1	HLA-DQB1*04:02:01;HLA-DQB1*03:01:01	1	1	2
two_field	test_B_gourraud	NA19759	AMR	A	HLA-A*24:03:01;HLA-A*24:02:01	1	1	2
two_field	test_B_gourraud	NA19759	AMR	B	HLA-B*39:06:02;HLA-B*35:05:01	1	1	2
two_field	test_B_gourraud	NA19759	AMR	C	HLA-C*07:02:01;HLA-C*04:01:01	1	1	2
two_field	test_B_gourraud	NA19759	AMR	DRB1	HLA-DRB1*14:06:01;HLA-DRB1*04:04:01	1	1	2
two_field	test_B_gourraud	NA19759	AMR	DQB1	HLA-DQB1*03:02:01;HLA-DQB1*03:01:01	1	1	2
two_field	test_B_gourraud	NA19761	AMR	A	HLA-A*24:02:01;HLA-A*02:01:01	1	1	2
two_field	test_B_gourraud	NA19761	AMR	B	HLA-B*41:01:01;HLA-B*48:01:01	1	1	2
two_field	test_B_gourraud	NA19761	AMR	C	HLA-C*07:01:01;HLA-C*08:01:01	1	1	2
two_field	test_B_gourraud	NA19761	AMR	DRB1	HLA-DRB1*07:01:01;HLA-DRB1*10:01:01	1	1	2
two_field	test_B_gourraud	NA19761	AMR	DQB1	HLA-DQB1*05:01:01;HLA-DQB1*02:02:01	1	1	2
two_field	test_B_gourraud	NA19762	AMR	A	HLA-A*30:02:01;HLA-A*31:01:02	1	1	2
two_field	test_B_gourraud	NA19762	AMR	B	HLA-B*18:01:01;HLA-B*35:17:01	1	1	2
two_field	test_B_gourraud	NA19762	AMR	C	HLA-C*05:01:01;HLA-C*04:01:01	1	1	2
two_field	test_B_gourraud	NA19762	AMR	DRB1	HLA-DRB1*03:01:01;HLA-DRB1*04:07:01	1	1	2
two_field	test_B_gourraud	NA19762	AMR	DQB1	HLA-DQB1*03:02:01;HLA-DQB1*02:01:01	1	1	2
two_field	test_B_gourraud	NA19770	AMR	A	HLA-A*11:01:01;HLA-A*31:01:02	1	1	2
two_field	test_B_gourraud	NA19770	AMR	B	HLA-B*18:01:01;HLA-B*51:02:01	1	1	2
two_field	test_B_gourraud	NA19770	AMR	C	HLA-C*08:01:01;HLA-C*05:01:01	1	1	2
two_field	test_B_gourraud	NA19770	AMR	DRB1	HLA-DRB1*14:02:01;HLA-DRB1*03:01:01	1	1	2
two_field	test_B_gourraud	NA19770	AMR	DQB1	HLA-DQB1*03:02:01;HLA-DQB1*02:01:01	1	1	2
two_field	test_B_gourraud	NA19771	AMR	A	HLA-A*03:01:01;HLA-A*29:02:01	1	1	2
two_field	test_B_gourraud	NA19771	AMR	B	HLA-B*44:03:01;HLA-B*15:16:01	1	1	2
two_field	test_B_gourraud	NA19771	AMR	C	HLA-C*14:02:01;HLA-C*16:01:01	1	1	2
two_field	test_B_gourraud	NA19771	AMR	DRB1	HLA-DRB1*04:11:01;HLA-DRB1*15:01:01	1	1	2
two_field	test_B_gourraud	NA19771	AMR	DQB1	HLA-DQB1*03:02:01;HLA-DQB1*06:02:01	1	1	2
two_field	test_B_gourraud	NA19773	AMR	A	HLA-A*24:02:01;HLA-A*68:03:01	1	1	2
two_field	test_B_gourraud	NA19773	AMR	B	HLA-B*14:02:01;HLA-B*41:02:01	1	1	2
two_field	test_B_gourraud	NA19773	AMR	C	HLA-C*08:02:01;HLA-C*17:03:01	1	1	2
two_field	test_B_gourraud	NA19773	AMR	DRB1	HLA-DRB1*01:02:01;HLA-DRB1*03:01:01	1	1	2
two_field	test_B_gourraud	NA19773	AMR	DQB1	HLA-DQB1*05:01:01;HLA-DQB1*02:01:01	1	1	2
two_field	test_B_gourraud	NA19774	AMR	A	HLA-A*02:06:01;HLA-A*11:01:01	1	1	2
two_field	test_B_gourraud	NA19774	AMR	B	HLA-B*27:05:02;HLA-B*51:01:01	1	1	2
two_field	test_B_gourraud	NA19774	AMR	C	HLA-C*03:04:01;HLA-C*01:02:01	1	1	2
two_field	test_B_gourraud	NA19774	AMR	DRB1	HLA-DRB1*01:01:01;HLA-DRB1*04:11:01	1	1	2
two_field	test_B_gourraud	NA19774	AMR	DQB1	HLA-DQB1*03:02:01;HLA-DQB1*05:01:01	1	1	2
two_field	leak_gourraud	NA19777	AMR	A	HLA-A*31:01:02;HLA-A*31:01:02	1	1	2
two_field	leak_gourraud	NA19777	AMR	B	HLA-B*35:01:01,HLA-B*35:615;HLA-B*15:01:01	1	0	1
two_field	leak_gourraud	NA19777	AMR	C	HLA-C*01:02:01;HLA-C*04:01:01	1	1	2
two_field	leak_gourraud	NA19777	AMR	DRB1	HLA-DRB1*08:02:01;HLA-DRB1*16:02:01	1	1	2
two_field	leak_gourraud	NA19777	AMR	DQB1	HLA-DQB1*04:02:01;HLA-DQB1*03:01:01	1	1	2
two_field	test_B_gourraud	NA19780	AMR	A	HLA-A*68:01:02;HLA-A*68:01:02	1	1	2
two_field	test_B_gourraud	NA19780	AMR	B	HLA-B*48:01:01;HLA-B*40:02:01	1	1	2
two_field	test_B_gourraud	NA19780	AMR	C	HLA-C*03:04:01;HLA-C*08:01:01	1	1	2
two_field	test_B_gourraud	NA19780	AMR	DRB1	HLA-DRB1*04:11:01;HLA-DRB1*04:04:01	1	1	2
two_field	test_B_gourraud	NA19780	AMR	DQB1	HLA-DQB1*03:02:01;HLA-DQB1*03:02:01	1	1	2
two_field	test_B_gourraud	NA19782	AMR	A	HLA-A*11:01:01;HLA-A*30:01:01	1	1	2
two_field	test_B_gourraud	NA19782	AMR	B	HLA-B*42:02:01;HLA-B*35:01:01,HLA-B*35:370,HLA-B*35:615	1	0	1
two_field	test_B_gourraud	NA19782	AMR	C	HLA-C*04:01:01;HLA-C*17:01:01	1	1	2
two_field	test_B_gourraud	NA19782	AMR	DRB1	HLA-DRB1*08:04:01;HLA-DRB1*01:01:01	1	1	2
two_field	test_B_gourraud	NA19782	AMR	DQB1	HLA-DQB1*05:01:01;HLA-DQB1*03:01:01	1	1	2
two_field	test_B_gourraud	NA19783	AMR	A	HLA-A*29:02:01;HLA-A*68:02:01	1	1	2
two_field	test_B_gourraud	NA19783	AMR	B	HLA-B*44:03:01;HLA-B*50:01:01	1	1	2
two_field	test_B_gourraud	NA19783	AMR	C	HLA-C*06:02:01;HLA-C*16:01:01	1	1	2
two_field	test_B_gourraud	NA19783	AMR	DRB1	HLA-DRB1*11:03:01;HLA-DRB1*07:01:01	1	1	2
two_field	test_B_gourraud	NA19783	AMR	DQB1	HLA-DQB1*02:02:01;HLA-DQB1*03:01:01	1	1	2
two_field	test_B_gourraud	NA19785	AMR	A	HLA-A*02:01:01;HLA-A*02:01:01	1	1	2
two_field	test_B_gourraud	NA19785	AMR	B	HLA-B*15:01:01,HLA-B*15:01:84,HLA-B*15:542,HLA-B*15:632;HLA-B*52:01:02	1	0	1
two_field	test_B_gourraud	NA19785	AMR	C	HLA-C*03:03:01;HLA-C*03:03:01	1	1	2
two_field	test_B_gourraud	NA19785	AMR	DRB1	HLA-DRB1*04:04:01;HLA-DRB1*11:01:01	1	1	2
two_field	test_B_gourraud	NA19785	AMR	DQB1	HLA-DQB1*03:02:01;HLA-DQB1*03:01:01	1	1	2
two_field	test_B_gourraud	NA19786	AMR	A	HLA-A*24:02:01;HLA-A*25:01:01	1	1	2
two_field	test_B_gourraud	NA19786	AMR	B	HLA-B*18:01:01;HLA-B*35:02:01	1	1	2
two_field	test_B_gourraud	NA19786	AMR	C	HLA-C*12:03:01;HLA-C*04:01:01	1	1	2
two_field	test_B_gourraud	NA19786	AMR	DRB1	HLA-DRB1*15:01:01;HLA-DRB1*11:04:01	1	1	2
two_field	test_B_gourraud	NA19786	AMR	DQB1	HLA-DQB1*06:02:01;HLA-DQB1*03:01:01	1	1	2
two_field	test_B_gourraud	NA19788	AMR	A	HLA-A*74:01:01;HLA-A*02:01:01	1	1	2
two_field	test_B_gourraud	NA19788	AMR	B	HLA-B*45:01:01;HLA-B*82:01:01	1	1	2
two_field	test_B_gourraud	NA19788	AMR	C	HLA-C*03:02:02;HLA-C*16:01:01	1	1	2
two_field	test_B_gourraud	NA19788	AMR	DRB1	HLA-DRB1*11:02:01;HLA-DRB1*11:02:01	1	1	2
two_field	test_B_gourraud	NA19788	AMR	DQB1	HLA-DQB1*03:19:01;HLA-DQB1*03:276N	1	0	1
two_field	test_B_gourraud	NA19789	AMR	A	HLA-A*25:01:01;HLA-A*24:02:01	1	1	2
two_field	test_B_gourraud	NA19789	AMR	B	HLA-B*35:17:01;HLA-B*18:01:01	1	1	2
two_field	test_B_gourraud	NA19789	AMR	C	HLA-C*12:03:01;HLA-C*04:01:01	1	1	2
two_field	test_B_gourraud	NA19789	AMR	DRB1	HLA-DRB1*04:04:01;HLA-DRB1*16:02:01	1	1	2
two_field	test_B_gourraud	NA19789	AMR	DQB1	HLA-DQB1*04:02:01;HLA-DQB1*03:01:01	1	1	2
two_field	test_B_gourraud	NA19794	AMR	A	HLA-A*01:01:01;HLA-A*02:01:01	1	1	2
two_field	test_B_gourraud	NA19794	AMR	B	HLA-B*51:01:01;HLA-B*56:01:01	1	1	2
two_field	test_B_gourraud	NA19794	AMR	C	HLA-C*16:02:01;HLA-C*01:02:01	1	1	2
two_field	test_B_gourraud	NA19794	AMR	DRB1	HLA-DRB1*01:01:01;HLA-DRB1*11:04:01	1	1	2
two_field	test_B_gourraud	NA19794	AMR	DQB1	HLA-DQB1*05:01:01;HLA-DQB1*03:01:01	1	1	2
two_field	test_B_gourraud	NA19795	AMR	A	HLA-A*68:01:02;HLA-A*02:01:01	1	1	2
two_field	test_B_gourraud	NA19795	AMR	B	HLA-B*35:17:01;HLA-B*48:01:01	1	1	2
two_field	test_B_gourraud	NA19795	AMR	C	HLA-C*08:01:01;HLA-C*04:01:01	1	1	2
two_field	test_B_gourraud	NA19795	AMR	DRB1	HLA-DRB1*08:02:01;HLA-DRB1*16:02:01	1	1	2
two_field	test_B_gourraud	NA19795	AMR	DQB1	HLA-DQB1*04:02:01;HLA-DQB1*03:01:01	1	1	2
two_field	test_B_gourraud	NA19818	AFR	A	HLA-A*30:01:01;HLA-A*36:01:01	1	1	2
two_field	test_B_gourraud	NA19818	AFR	B	HLA-B*42:01:01;HLA-B*39:10:01	1	1	2
two_field	test_B_gourraud	NA19818	AFR	C	HLA-C*12:03:01;HLA-C*17:01:01	1	1	2
two_field	test_B_gourraud	NA19818	AFR	DRB1	HLA-DRB1*08:04:01;HLA-DRB1*13:01:01	1	1	2
two_field	test_B_gourraud	NA19818	AFR	DQB1	HLA-DQB1*06:09:01;HLA-DQB1*03:01:04	1	1	2
two_field	test_B_gourraud	NA19819	AFR	A	HLA-A*68:01:01;HLA-A*02:01:01	1	1	2
two_field	test_B_gourraud	NA19819	AFR	B	HLA-B*40:01:02;HLA-B*58:02:01	1	1	2
two_field	test_B_gourraud	NA19819	AFR	C	HLA-C*03:04:01;HLA-C*06:02:01	1	1	2
two_field	test_B_gourraud	NA19819	AFR	DRB1	HLA-DRB1*01:01:01;HLA-DRB1*12:01:01	1	1	2
two_field	test_B_gourraud	NA19819	AFR	DQB1	HLA-DQB1*05:01:01;HLA-DQB1*05:01:01	1	1	2
two_field	leak_gourraud	NA19834	AFR	A	HLA-A*23:01:01;HLA-A*01:01:01	1	1	2
two_field	leak_gourraud	NA19834	AFR	B	HLA-B*39:10:01;HLA-B*35:01:01	1	1	2
two_field	leak_gourraud	NA19834	AFR	C	HLA-C*12:03:01;HLA-C*04:01:01	1	1	2
two_field	leak_gourraud	NA19834	AFR	DRB1	HLA-DRB1*01:01:01;HLA-DRB1*08:04:01	1	1	2
two_field	leak_gourraud	NA19834	AFR	DQB1	HLA-DQB1*05:01:01;HLA-DQB1*03:19:01	1	1	2
two_field	test_B_gourraud	NA19900	AFR	A	HLA-A*31:04:01;HLA-A*23:17:01	1	1	2
two_field	test_B_gourraud	NA19900	AFR	B	HLA-B*42:01:01;HLA-B*44:03:01	1	1	2
two_field	test_B_gourraud	NA19900	AFR	C	HLA-C*17:01:01;HLA-C*02:10:01	1	1	2
two_field	test_B_gourraud	NA19900	AFR	DRB1	HLA-DRB1*15:03:01;HLA-DRB1*11:02:01	1	1	2
two_field	test_B_gourraud	NA19900	AFR	DQB1	HLA-DQB1*06:02:01;HLA-DQB1*03:19:01	1	1	2
two_field	test_B_gourraud	NA19901	AFR	A	HLA-A*24:02:01;HLA-A*74:01:01	1	1	2
two_field	test_B_gourraud	NA19901	AFR	B	HLA-B*39:06:02;HLA-B*58:02:01	1	1	2
two_field	test_B_gourraud	NA19901	AFR	C	HLA-C*07:02:01;HLA-C*06:02:01	1	1	2
two_field	test_B_gourraud	NA19901	AFR	DRB1	HLA-DRB1*01:01:01;HLA-DRB1*11:02:01	1	1	2
two_field	test_B_gourraud	NA19901	AFR	DQB1	HLA-DQB1*05:04:01;HLA-DQB1*03:01:01	1	1	2
two_field	test_B_gourraud	NA19904	AFR	A	HLA-A*02:01:01;HLA-A*31:01:02	1	1	2
two_field	test_B_gourraud	NA19904	AFR	B	HLA-B*44:02:01;HLA-B*35:03:01	1	1	2
two_field	test_B_gourraud	NA19904	AFR	C	HLA-C*05:01:01;HLA-C*12:03:01	1	1	2
two_field	test_B_gourraud	NA19904	AFR	DRB1	HLA-DRB1*15:01:01;HLA-DRB1*04:01:01	1	1	2
two_field	test_B_gourraud	NA19904	AFR	DQB1	HLA-DQB1*06:02:01;HLA-DQB1*03:01:01	1	1	2
two_field	leak_gourraud	NA19908	AFR	A	HLA-A*36:01:01;HLA-A*02:01:01	1	1	2
two_field	leak_gourraud	NA19908	AFR	B	HLA-B*50:01:01;HLA-B*58:01:01	1	1	2
two_field	leak_gourraud	NA19908	AFR	C	HLA-C*07:18:01;HLA-C*06:02:01	1	1	2
two_field	leak_gourraud	NA19908	AFR	DRB1	HLA-DRB1*08:06:01;HLA-DRB1*15:03:01	1	1	2
two_field	leak_gourraud	NA19908	AFR	DQB1	HLA-DQB1*06:02:01;HLA-DQB1*06:02:01	1	1	2
two_field	test_B_gourraud	NA19914	AFR	A	HLA-A*01:02:01;HLA-A*02:01:01	1	1	2
two_field	test_B_gourraud	NA19914	AFR	B	HLA-B*35:01:01;HLA-B*44:03:01	1	1	2
two_field	test_B_gourraud	NA19914	AFR	C	HLA-C*04:01:01;HLA-C*04:01:01	1	1	2
two_field	test_B_gourraud	NA19914	AFR	DRB1	HLA-DRB1*13:02:01;HLA-DRB1*07:01:01	1	1	2
two_field	test_B_gourraud	NA19914	AFR	DQB1	HLA-DQB1*06:09:01;HLA-DQB1*02:02:01	1	1	2
two_field	test_B_gourraud	NA19916	AFR	A	HLA-A*74:01:01;HLA-A*68:02:01	1	1	2
two_field	test_B_gourraud	NA19916	AFR	B	HLA-B*15:03:01;HLA-B*53:01:01	1	1	2
two_field	test_B_gourraud	NA19916	AFR	C	HLA-C*02:10:01;HLA-C*04:01:01	1	1	2
two_field	test_B_gourraud	NA19916	AFR	DRB1	HLA-DRB1*07:01:01;HLA-DRB1*03:01:01	1	1	2
two_field	test_B_gourraud	NA19916	AFR	DQB1	HLA-DQB1*02:02:01;HLA-DQB1*02:01:01	1	1	2
two_field	test_B_gourraud	NA19917	AFR	A	HLA-A*30:02:01;HLA-A*03:01:01	1	1	2
two_field	test_B_gourraud	NA19917	AFR	B	HLA-B*15:03:01;HLA-B*41:02:01	1	1	2
two_field	test_B_gourraud	NA19917	AFR	C	HLA-C*17:01:01;HLA-C*02:10:01	1	1	2
two_field	test_B_gourraud	NA19917	AFR	DRB1	HLA-DRB1*01:02:01;HLA-DRB1*09:01:02	1	1	2
two_field	test_B_gourraud	NA19917	AFR	DQB1	HLA-DQB1*02:02:01;HLA-DQB1*05:01:01	1	1	2
two_field	leak_gourraud	NA19920	AFR	A	HLA-A*74:01:01;HLA-A*30:02:01	1	1	2
two_field	leak_gourraud	NA19920	AFR	B	HLA-B*08:01:01;HLA-B*57:03:01	1	1	2
two_field	leak_gourraud	NA19920	AFR	C	HLA-C*07:01:02;HLA-C*07:01:01	1	1	2
two_field	leak_gourraud	NA19920	AFR	DRB1	HLA-DRB1*03:01:01;HLA-DRB1*15:03:01	1	1	2
two_field	leak_gourraud	NA19920	AFR	DQB1	HLA-DQB1*06:02:01;HLA-DQB1*02:01:01	1	1	2
two_field	leak_gourraud	NA19921	AFR	A	HLA-A*31:01:02;HLA-A*03:01:01	1	1	2
two_field	leak_gourraud	NA19921	AFR	B	HLA-B*48:01:01;HLA-B*15:01:01	1	1	2
two_field	leak_gourraud	NA19921	AFR	C	HLA-C*07:02:01;HLA-C*04:01:01	1	1	2
two_field	leak_gourraud	NA19921	AFR	DRB1	HLA-DRB1*03:01:01;HLA-DRB1*14:02:01	1	1	2
two_field	leak_gourraud	NA19921	AFR	DQB1	HLA-DQB1*02:01:01;HLA-DQB1*03:01:01	1	1	2
two_field	test_B_gourraud	NA19982	AFR	A	HLA-A*02:01:01;HLA-A*68:01:01	1	1	2
two_field	test_B_gourraud	NA19982	AFR	B	HLA-B*27:05:02;HLA-B*07:02:01	1	1	2
two_field	test_B_gourraud	NA19982	AFR	C	HLA-C*07:02:01;HLA-C*01:02:01,HLA-C*01:150,HLA-C*01:172,HLA-C*01:194,HLA-C*01:217:01,HLA-C*01:237,HLA-C*01:247,HLA-C*01:272,HLA-C*01:278	1	0	1
two_field	test_B_gourraud	NA19982	AFR	DRB1	HLA-DRB1*01:03:01;HLA-DRB1*09:01:02	1	1	2
two_field	test_B_gourraud	NA19982	AFR	DQB1	HLA-DQB1*02:02:01;HLA-DQB1*03:01:01	1	1	2
two_field	test_B_gourraud	NA20126	AFR	A	HLA-A*68:02:01;HLA-A*02:01:01	1	1	2
two_field	test_B_gourraud	NA20126	AFR	B	HLA-B*27:05:02;HLA-B*57:03:01	1	1	2
two_field	test_B_gourraud	NA20126	AFR	C	HLA-C*07:01:02;HLA-C*01:02:01	1	1	2
two_field	test_B_gourraud	NA20126	AFR	DRB1	HLA-DRB1*01:01:01;HLA-DRB1*12:01:01	1	1	2
two_field	test_B_gourraud	NA20126	AFR	DQB1	HLA-DQB1*05:01:01;HLA-DQB1*03:01:01	1	1	2
two_field	test_B_gourraud	NA20127	AFR	A	HLA-A*02:02:01;HLA-A*29:02:01	1	1	2
two_field	test_B_gourraud	NA20127	AFR	B	HLA-B*13:02:01;HLA-B*35:01:01	1	1	2
two_field	test_B_gourraud	NA20127	AFR	C	HLA-C*06:02:01;HLA-C*04:01:01	1	1	2
two_field	test_B_gourraud	NA20127	AFR	DRB1	HLA-DRB1*10:01:01;HLA-DRB1*01:01:01	1	1	2
two_field	test_B_gourraud	NA20127	AFR	DQB1	HLA-DQB1*05:01:01;HLA-DQB1*05:01:01	1	1	2
two_field	test_B_gourraud	NA20276	AFR	A	HLA-A*34:02:01;HLA-A*30:02:01	1	1	2
two_field	test_B_gourraud	NA20276	AFR	B	HLA-B*49:01:01;HLA-B*44:03:01	1	1	2
two_field	test_B_gourraud	NA20276	AFR	C	HLA-C*07:01:01;HLA-C*04:01:01	1	1	2
two_field	test_B_gourraud	NA20276	AFR	DRB1	HLA-DRB1*15:03:01;HLA-DRB1*08:04:01	1	1	2
two_field	test_B_gourraud	NA20276	AFR	DQB1	HLA-DQB1*06:02:01;HLA-DQB1*03:01:04	1	1	2
two_field	test_B_gourraud	NA20278	AFR	A	HLA-A*34:02:01;HLA-A*03:02:01	1	1	2
two_field	test_B_gourraud	NA20278	AFR	B	HLA-B*44:03:01;HLA-B*49:01:01	1	1	2
two_field	test_B_gourraud	NA20278	AFR	C	HLA-C*05:01:01;HLA-C*04:01:01	1	1	2
two_field	test_B_gourraud	NA20278	AFR	DRB1	HLA-DRB1*15:03:01;HLA-DRB1*13:03:01	1	1	2
two_field	test_B_gourraud	NA20278	AFR	DQB1	HLA-DQB1*06:02:01;HLA-DQB1*03:01:01	1	1	2
two_field	test_B_gourraud	NA20281	AFR	A	HLA-A*68:02:01;HLA-A*23:01:01	1	1	2
two_field	test_B_gourraud	NA20281	AFR	B	HLA-B*15:17:01;HLA-B*53:01:01	1	1	2
two_field	test_B_gourraud	NA20281	AFR	C	HLA-C*05:01:01;HLA-C*04:01:01	1	1	2
two_field	test_B_gourraud	NA20281	AFR	DRB1	HLA-DRB1*11:01:02;HLA-DRB1*13:03:01	1	1	2
two_field	test_B_gourraud	NA20281	AFR	DQB1	HLA-DQB1*02:02:01;HLA-DQB1*06:39	1	0	1
two_field	test_B_gourraud	NA20287	AFR	A	HLA-A*74:01:01;HLA-A*24:02:01	1	1	2
two_field	test_B_gourraud	NA20287	AFR	B	HLA-B*15:03:01;HLA-B*55:01:01	1	1	2
two_field	test_B_gourraud	NA20287	AFR	C	HLA-C*03:03:01;HLA-C*02:10:01	1	1	2
two_field	test_B_gourraud	NA20287	AFR	DRB1	HLA-DRB1*04:07:01;HLA-DRB1*11:01:02	1	1	2
two_field	test_B_gourraud	NA20287	AFR	DQB1	HLA-DQB1*03:19:01;HLA-DQB1*03:01:01	1	1	2
two_field	test_B_gourraud	NA20289	AFR	A	HLA-A*30:02:01;HLA-A*30:01:01	1	1	2
two_field	test_B_gourraud	NA20289	AFR	B	HLA-B*42:01:01;HLA-B*53:01:01	1	1	2
two_field	test_B_gourraud	NA20289	AFR	C	HLA-C*17:01:01;HLA-C*04:01:01	1	1	2
two_field	test_B_gourraud	NA20289	AFR	DRB1	HLA-DRB1*08:06:01;HLA-DRB1*16:02:01	1	1	2
two_field	test_B_gourraud	NA20289	AFR	DQB1	HLA-DQB1*06:02:01;HLA-DQB1*05:02:01	1	1	2
two_field	test_B_gourraud	NA20291	AFR	A	HLA-A*30:02:01;HLA-A*68:01:01	1	1	2
two_field	test_B_gourraud	NA20291	AFR	B	HLA-B*14:01:01;HLA-B*58:01:01,HLA-B*58:117,HLA-B*58:120	1	0	1
two_field	test_B_gourraud	NA20291	AFR	C	HLA-C*02:10:01;HLA-C*08:02:01	1	1	2
two_field	test_B_gourraud	NA20291	AFR	DRB1	HLA-DRB1*16:02:01;HLA-DRB1*13:02:01	1	1	2
two_field	test_B_gourraud	NA20291	AFR	DQB1	HLA-DQB1*05:02:01;HLA-DQB1*06:09:01	1	1	2
two_field	test_B_gourraud	NA20294	AFR	A	HLA-A*80:01:01;HLA-A*02:02:01	1	1	2
two_field	test_B_gourraud	NA20294	AFR	B	HLA-B*45:01:01;HLA-B*13:02:01	1	1	2
two_field	test_B_gourraud	NA20294	AFR	C	HLA-C*16:01:01;HLA-C*08:04:01	1	1	2
two_field	test_B_gourraud	NA20294	AFR	DRB1	HLA-DRB1*01:02:01;HLA-DRB1*08:04:01	1	1	2
two_field	test_B_gourraud	NA20294	AFR	DQB1	HLA-DQB1*04:02:13;HLA-DQB1*05:01:01	1	1	2
two_field	test_B_gourraud	NA20296	AFR	A	HLA-A*29:02:01;HLA-A*02:01:01	1	1	2
two_field	test_B_gourraud	NA20296	AFR	B	HLA-B*44:03:01;HLA-B*58:01:01	1	1	2
two_field	test_B_gourraud	NA20296	AFR	C	HLA-C*03:02:02;HLA-C*16:01:01	1	1	2
two_field	test_B_gourraud	NA20296	AFR	DRB1	HLA-DRB1*07:01:01;HLA-DRB1*13:04	1	1	2
two_field	test_B_gourraud	NA20296	AFR	DQB1	HLA-DQB1*02:02:01;HLA-DQB1*03:19:01	1	1	2
two_field	test_B_gourraud	NA20299	AFR	A	HLA-A*31:01:02;HLA-A*02:01:01	1	1	2
two_field	test_B_gourraud	NA20299	AFR	B	HLA-B*35:01:01;HLA-B*44:05:01	1	1	2
two_field	test_B_gourraud	NA20299	AFR	C	HLA-C*02:02:02;HLA-C*04:01:01	1	1	2
two_field	test_B_gourraud	NA20299	AFR	DRB1	HLA-DRB1*04:04:01;HLA-DRB1*04:07:01	1	1	2
two_field	test_B_gourraud	NA20299	AFR	DQB1	HLA-DQB1*03:02:01;HLA-DQB1*03:02:01	1	1	2
two_field	test_B_gourraud	NA20314	AFR	A	HLA-A*31:01:02;HLA-A*29:02:01	1	1	2
two_field	test_B_gourraud	NA20314	AFR	B	HLA-B*51:01:01,HLA-B*51:01:64;HLA-B*07:02:01	1	1	2
two_field	test_B_gourraud	NA20314	AFR	C	HLA-C*15:02:01;HLA-C*07:02:01	1	1	2
two_field	test_B_gourraud	NA20314	AFR	DRB1	HLA-DRB1*15:01:01;HLA-DRB1*08:02:01	1	1	2
two_field	test_B_gourraud	NA20314	AFR	DQB1	HLA-DQB1*06:02:01;HLA-DQB1*03:01:01	1	1	2
two_field	test_B_gourraud	NA20317	AFR	A	HLA-A*33:03:01;HLA-A*68:01:01	1	1	2
two_field	test_B_gourraud	NA20317	AFR	B	HLA-B*58:01:01,HLA-B*58:117;HLA-B*58:01:01,HLA-B*58:117	1	0	0
two_field	test_B_gourraud	NA20317	AFR	C	HLA-C*07:18:01;HLA-C*07:18:01	1	1	2
two_field	test_B_gourraud	NA20317	AFR	DRB1	HLA-DRB1*15:03:01;HLA-DRB1*13:01:01	1	1	2
two_field	test_B_gourraud	NA20317	AFR	DQB1	HLA-DQB1*06:02:01;HLA-DQB1*06:09:01	1	1	2
two_field	test_B_gourraud	NA20332	AFR	A	HLA-A*02:02:01;HLA-A*03:01:01	1	1	2
two_field	test_B_gourraud	NA20332	AFR	B	HLA-B*53:01:01;HLA-B*07:02:01	1	1	2
two_field	test_B_gourraud	NA20332	AFR	C	HLA-C*07:18:01;HLA-C*04:01:01	1	1	2
two_field	test_B_gourraud	NA20332	AFR	DRB1	HLA-DRB1*13:02:01;HLA-DRB1*13:02:01	1	1	2
two_field	test_B_gourraud	NA20332	AFR	DQB1	HLA-DQB1*06:09:01;HLA-DQB1*06:09:01	1	1	2
two_field	test_B_gourraud	NA20334	AFR	A	HLA-A*02:02:01;HLA-A*26:01:01	1	1	2
two_field	test_B_gourraud	NA20334	AFR	B	HLA-B*53:01:01;HLA-B*07:02:01	1	1	2
two_field	test_B_gourraud	NA20334	AFR	C	HLA-C*04:01:01;HLA-C*07:02:01	1	1	2
two_field	test_B_gourraud	NA20334	AFR	DRB1	HLA-DRB1*01:01:01;HLA-DRB1*11:02:01	1	1	2
two_field	test_B_gourraud	NA20334	AFR	DQB1	HLA-DQB1*05:01:01;HLA-DQB1*03:19:01	1	1	2
two_field	test_B_gourraud	NA20340	AFR	A	HLA-A*30:01:01;HLA-A*29:02:01	1	1	2
two_field	test_B_gourraud	NA20340	AFR	B	HLA-B*15:16:01;HLA-B*44:03:01	1	1	2
two_field	test_B_gourraud	NA20340	AFR	C	HLA-C*14:02:01;HLA-C*16:01:01	1	1	2
two_field	test_B_gourraud	NA20340	AFR	DRB1	HLA-DRB1*07:01:01;HLA-DRB1*13:03:01	1	1	2
two_field	test_B_gourraud	NA20340	AFR	DQB1	HLA-DQB1*02:02:01;HLA-DQB1*02:02:01	1	1	2
two_field	test_B_gourraud	NA20342	AFR	A	HLA-A*02:02:01;HLA-A*68:01:01	1	1	2
two_field	test_B_gourraud	NA20342	AFR	B	HLA-B*53:01:01;HLA-B*53:01:01	1	1	2
two_field	test_B_gourraud	NA20342	AFR	C	HLA-C*04:01:01;HLA-C*04:01:01	1	1	2
two_field	test_B_gourraud	NA20342	AFR	DRB1	HLA-DRB1*13:02:01;HLA-DRB1*10:01:01	1	1	2
two_field	test_B_gourraud	NA20342	AFR	DQB1	HLA-DQB1*05:01:01;HLA-DQB1*06:04:01	1	1	2
two_field	test_B_gourraud	NA20348	AFR	A	HLA-A*33:03:01;HLA-A*30:01:01	1	1	2
two_field	test_B_gourraud	NA20348	AFR	B	HLA-B*18:01:01;HLA-B*42:01:01	1	1	2
two_field	test_B_gourraud	NA20348	AFR	C	HLA-C*07:04:01;HLA-C*17:01:01	1	1	2
two_field	test_B_gourraud	NA20348	AFR	DRB1	HLA-DRB1*03:02:01;HLA-DRB1*11:01:02	1	1	2
two_field	test_B_gourraud	NA20348	AFR	DQB1	HLA-DQB1*02:02:01;HLA-DQB1*06:02:01	1	1	2
two_field	test_B_gourraud	NA20356	AFR	A	HLA-A*33:01:01;HLA-A*68:01:01	1	1	2
two_field	test_B_gourraud	NA20356	AFR	B	HLA-B*07:02:01;HLA-B*78:01:01	1	1	2
two_field	test_B_gourraud	NA20356	AFR	C	HLA-C*16:01:01;HLA-C*07:02:01	1	1	2
two_field	test_B_gourraud	NA20356	AFR	DRB1	HLA-DRB1*10:01:01;HLA-DRB1*11:02:01	1	1	2
two_field	test_B_gourraud	NA20356	AFR	DQB1	HLA-DQB1*03:19:01;HLA-DQB1*05:01:01	1	1	2
two_field	test_B_gourraud	NA20357	AFR	A	HLA-A*80:01:01;HLA-A*23:01:01	1	1	2
two_field	test_B_gourraud	NA20357	AFR	B	HLA-B*07:02:01;HLA-B*81:01:01	1	1	2
two_field	test_B_gourraud	NA20357	AFR	C	HLA-C*08:04:01;HLA-C*07:02:01	1	1	2
two_field	test_B_gourraud	NA20357	AFR	DRB1	HLA-DRB1*14:54:01;HLA-DRB1*13:01:01	1	1	2
two_field	test_B_gourraud	NA20357	AFR	DQB1	HLA-DQB1*05:02:01;HLA-DQB1*06:09:01	1	1	2
two_field	test_B_gourraud	NA20359	AFR	A	HLA-A*02:01:01;HLA-A*01:01:01	1	1	2
two_field	test_B_gourraud	NA20359	AFR	B	HLA-B*53:01:01;HLA-B*53:01:01	1	1	2
two_field	test_B_gourraud	NA20359	AFR	C	HLA-C*03:02:02;HLA-C*04:01:01	1	1	2
two_field	test_B_gourraud	NA20359	AFR	DRB1	HLA-DRB1*10:01:01;HLA-DRB1*13:03:01	1	1	2
two_field	test_B_gourraud	NA20359	AFR	DQB1	HLA-DQB1*05:01:01;HLA-DQB1*03:01:01	1	1	2
two_field	test_B_gourraud	NA20502	EUR	A	HLA-A*01:01:01;HLA-A*31:01:02	1	1	2
two_field	test_B_gourraud	NA20502	EUR	B	HLA-B*07:02:01;HLA-B*35:02:01	1	1	2
two_field	test_B_gourraud	NA20502	EUR	C	HLA-C*07:02:01;HLA-C*04:01:01	1	1	2
two_field	test_B_gourraud	NA20502	EUR	DRB1	HLA-DRB1*13:21:01;HLA-DRB1*11:04:01	1	1	2
two_field	test_B_gourraud	NA20502	EUR	DQB1	HLA-DQB1*06:03:01;HLA-DQB1*03:01:01	1	1	2
two_field	test_B_gourraud	NA20504	EUR	A	HLA-A*11:01:01;HLA-A*32:01:01	1	1	2
two_field	test_B_gourraud	NA20504	EUR	B	HLA-B*57:01:01;HLA-B*55:01:01,HLA-B*55:01:35	1	1	2
two_field	test_B_gourraud	NA20504	EUR	C	HLA-C*03:03:01;HLA-C*06:02:01	1	1	2
two_field	test_B_gourraud	NA20504	EUR	DRB1	HLA-DRB1*04:04:01;HLA-DRB1*14:54:01	1	1	2
two_field	test_B_gourraud	NA20504	EUR	DQB1	HLA-DQB1*04:02:01;HLA-DQB1*05:03:01	1	1	2
two_field	test_B_gourraud	NA20505	EUR	A	HLA-A*32:01:01;HLA-A*02:01:01	1	1	2
two_field	test_B_gourraud	NA20505	EUR	B	HLA-B*57:01:01;HLA-B*35:03:01	1	1	2
two_field	test_B_gourraud	NA20505	EUR	C	HLA-C*06:02:01;HLA-C*04:01:01	1	1	2
two_field	test_B_gourraud	NA20505	EUR	DRB1	HLA-DRB1*07:01:01;HLA-DRB1*16:01:01	1	1	2
two_field	test_B_gourraud	NA20505	EUR	DQB1	HLA-DQB1*03:03:02;HLA-DQB1*05:02:01	1	1	2
two_field	test_B_gourraud	NA20506	EUR	A	HLA-A*02:01:01;HLA-A*01:01:01	1	1	2
two_field	test_B_gourraud	NA20506	EUR	B	HLA-B*08:01:01;HLA-B*18:01:01	1	1	2
two_field	test_B_gourraud	NA20506	EUR	C	HLA-C*12:03:01;HLA-C*07:01:01	1	1	2
two_field	test_B_gourraud	NA20506	EUR	DRB1	HLA-DRB1*13:01:01;HLA-DRB1*03:01:01	1	1	2
two_field	test_B_gourraud	NA20506	EUR	DQB1	HLA-DQB1*06:03:01;HLA-DQB1*02:01:01	1	1	2
two_field	test_B_gourraud	NA20508	EUR	A	HLA-A*24:02:01;HLA-A*01:01:01	1	1	2
two_field	test_B_gourraud	NA20508	EUR	B	HLA-B*41:02:01;HLA-B*57:01:01	1	1	2
two_field	test_B_gourraud	NA20508	EUR	C	HLA-C*17:03:01;HLA-C*06:02:01	1	1	2
two_field	test_B_gourraud	NA20508	EUR	DRB1	HLA-DRB1*13:03:01;HLA-DRB1*04:07:01	1	1	2
two_field	test_B_gourraud	NA20508	EUR	DQB1	HLA-DQB1*03:01:01;HLA-DQB1*03:01:01	1	1	2
two_field	test_B_gourraud	NA20509	EUR	A	HLA-A*30:01:01;HLA-A*68:01:01	1	1	2
two_field	test_B_gourraud	NA20509	EUR	B	HLA-B*13:02:01;HLA-B*51:01:01	1	1	2
two_field	test_B_gourraud	NA20509	EUR	C	HLA-C*16:02:01;HLA-C*06:02:01	1	1	2
two_field	test_B_gourraud	NA20509	EUR	DRB1	HLA-DRB1*08:04:01;HLA-DRB1*07:01:01	1	1	2
two_field	test_B_gourraud	NA20509	EUR	DQB1	HLA-DQB1*04:02:01;HLA-DQB1*02:02:01	1	1	2
two_field	test_B_gourraud	NA20510	EUR	A	HLA-A*02:05:01;HLA-A*24:02:01	1	1	2
two_field	test_B_gourraud	NA20510	EUR	B	HLA-B*55:01:01,HLA-B*55:01:35;HLA-B*15:17:01	1	1	2
two_field	test_B_gourraud	NA20510	EUR	C	HLA-C*01:02:01;HLA-C*07:01:02	1	1	2
two_field	test_B_gourraud	NA20510	EUR	DRB1	HLA-DRB1*13:02:01;HLA-DRB1*11:01:01	1	1	2
two_field	test_B_gourraud	NA20510	EUR	DQB1	HLA-DQB1*06:04:01;HLA-DQB1*03:01:01	1	1	2
two_field	test_B_gourraud	NA20512	EUR	A	HLA-A*30:04:01;HLA-A*24:02:01	1	1	2
two_field	test_B_gourraud	NA20512	EUR	B	HLA-B*27:05:02;HLA-B*51:01:01	1	1	2
two_field	test_B_gourraud	NA20512	EUR	C	HLA-C*15:02:01;HLA-C*02:02:02	1	1	2
two_field	test_B_gourraud	NA20512	EUR	DRB1	HLA-DRB1*15:01:01;HLA-DRB1*12:01:01	1	1	2
two_field	test_B_gourraud	NA20512	EUR	DQB1	HLA-DQB1*03:01:01;HLA-DQB1*05:02:01	1	1	2
two_field	test_B_gourraud	NA20515	EUR	A	HLA-A*03:01:01;HLA-A*30:02:01	1	1	2
two_field	test_B_gourraud	NA20515	EUR	B	HLA-B*07:02:01;HLA-B*18:01:01	1	1	2
two_field	test_B_gourraud	NA20515	EUR	C	HLA-C*07:02:01;HLA-C*05:01:01	1	1	2
two_field	test_B_gourraud	NA20515	EUR	DRB1	HLA-DRB1*13:02:01;HLA-DRB1*15:01:01	1	1	2
two_field	test_B_gourraud	NA20515	EUR	DQB1	HLA-DQB1*06:09:01;HLA-DQB1*06:02:01	1	1	2
two_field	test_B_gourraud	NA20516	EUR	A	HLA-A*68:01:02;HLA-A*02:01:01	1	1	2
two_field	test_B_gourraud	NA20516	EUR	B	HLA-B*44:02:01;HLA-B*35:08:01	1	1	2
two_field	test_B_gourraud	NA20516	EUR	C	HLA-C*05:01:01;HLA-C*04:01:01	1	1	2
two_field	test_B_gourraud	NA20516	EUR	DRB1	HLA-DRB1*11:01:01;HLA-DRB1*14:54:01	1	1	2
two_field	test_B_gourraud	NA20516	EUR	DQB1	HLA-DQB1*05:03:01;HLA-DQB1*03:01:01	1	1	2
two_field	test_B_gourraud	NA20517	EUR	A	HLA-A*24:02:01;HLA-A*29:02:01	1	1	2
two_field	test_B_gourraud	NA20517	EUR	B	HLA-B*35:02:01;HLA-B*44:03:01	1	1	2
two_field	test_B_gourraud	NA20517	EUR	C	HLA-C*16:01:01;HLA-C*04:01:01	1	1	2
two_field	test_B_gourraud	NA20517	EUR	DRB1	HLA-DRB1*07:01:01;HLA-DRB1*11:04:01	1	1	2
two_field	test_B_gourraud	NA20517	EUR	DQB1	HLA-DQB1*03:03:02;HLA-DQB1*03:01:01	1	1	2
two_field	test_B_gourraud	NA20518	EUR	A	HLA-A*03:01:01;HLA-A*03:01:01	1	1	2
two_field	test_B_gourraud	NA20518	EUR	B	HLA-B*35:01:01,HLA-B*35:370,HLA-B*35:615;HLA-B*07:02:01	1	0	1
two_field	test_B_gourraud	NA20518	EUR	C	HLA-C*07:02:01;HLA-C*04:01:01	1	1	2
two_field	test_B_gourraud	NA20518	EUR	DRB1	HLA-DRB1*15:01:01;HLA-DRB1*07:01:01	1	1	2
two_field	test_B_gourraud	NA20518	EUR	DQB1	HLA-DQB1*02:02:01;HLA-DQB1*06:02:01	1	1	2
two_field	test_B_gourraud	NA20519	EUR	A	HLA-A*29:01:01;HLA-A*02:01:01	1	1	2
two_field	test_B_gourraud	NA20519	EUR	B	HLA-B*13:02:01;HLA-B*51:01:01,HLA-B*51:01:64	1	1	2
two_field	test_B_gourraud	NA20519	EUR	C	HLA-C*02:02:02;HLA-C*06:02:01	1	1	2
two_field	test_B_gourraud	NA20519	EUR	DRB1	HLA-DRB1*07:01:01;HLA-DRB1*11:01:01	1	1	2
two_field	test_B_gourraud	NA20519	EUR	DQB1	HLA-DQB1*02:02:01;HLA-DQB1*03:01:01	1	1	2
two_field	test_B_gourraud	NA20520	EUR	A	HLA-A*30:01:01;HLA-A*02:01:01	1	1	2
two_field	test_B_gourraud	NA20520	EUR	B	HLA-B*18:01:01;HLA-B*35:01:01	1	1	2
two_field	test_B_gourraud	NA20520	EUR	C	HLA-C*05:37;HLA-C*04:01:01	1	0	1
two_field	test_B_gourraud	NA20520	EUR	DRB1	HLA-DRB1*14:01:01;HLA-DRB1*03:01:01	1	1	2
two_field	test_B_gourraud	NA20520	EUR	DQB1	HLA-DQB1*05:03:01;HLA-DQB1*02:01:01	1	1	2
two_field	test_B_gourraud	NA20521	EUR	A	HLA-A*23:01:01;HLA-A*26:01:01	1	1	2
two_field	test_B_gourraud	NA20521	EUR	B	HLA-B*49:01:01;HLA-B*14:01:01	1	1	2
two_field	test_B_gourraud	NA20521	EUR	C	HLA-C*08:02:01;HLA-C*07:01:01	1	1	2
two_field	test_B_gourraud	NA20521	EUR	DRB1	HLA-DRB1*07:01:01;HLA-DRB1*11:01:01	1	1	2
two_field	test_B_gourraud	NA20521	EUR	DQB1	HLA-DQB1*02:02:01;HLA-DQB1*03:01:01	1	1	2
two_field	test_B_gourraud	NA20522	EUR	A	HLA-A*24:02:01;HLA-A*24:02:01	1	1	2
two_field	test_B_gourraud	NA20522	EUR	B	HLA-B*35:03:01;HLA-B*39:01:01	1	1	2
two_field	test_B_gourraud	NA20522	EUR	C	HLA-C*12:03:01;HLA-C*12:03:01	1	1	2
two_field	test_B_gourraud	NA20522	EUR	DRB1	HLA-DRB1*07:01:01;HLA-DRB1*04:04:01	1	1	2
two_field	test_B_gourraud	NA20522	EUR	DQB1	HLA-DQB1*02:02:01;HLA-DQB1*03:02:01	1	1	2
two_field	test_B_gourraud	NA20524	EUR	A	HLA-A*23:01:01;HLA-A*11:01:01	1	1	2
two_field	test_B_gourraud	NA20524	EUR	B	HLA-B*44:03:01;HLA-B*49:01:01	1	1	2
two_field	test_B_gourraud	NA20524	EUR	C	HLA-C*07:01:01;HLA-C*04:01:01	1	1	2
two_field	test_B_gourraud	NA20524	EUR	DRB1	HLA-DRB1*08:03:02;HLA-DRB1*07:01:01	1	1	2
two_field	test_B_gourraud	NA20524	EUR	DQB1	HLA-DQB1*02:02:01;HLA-DQB1*03:01:01	1	1	2
two_field	test_B_gourraud	NA20525	EUR	A	HLA-A*26:01:01;HLA-A*01:01:01	1	1	2
two_field	test_B_gourraud	NA20525	EUR	B	HLA-B*08:01:01;HLA-B*51:01:01	1	1	2
two_field	test_B_gourraud	NA20525	EUR	C	HLA-C*07:01:01;HLA-C*14:02:01	1	1	2
two_field	test_B_gourraud	NA20525	EUR	DRB1	HLA-DRB1*03:01:01;HLA-DRB1*14:54:01	1	1	2
two_field	test_B_gourraud	NA20525	EUR	DQB1	HLA-DQB1*05:03:01;HLA-DQB1*02:01:01	1	1	2
two_field	test_B_gourraud	NA20527	EUR	A	HLA-A*29:01:01;HLA-A*68:01:01	1	1	2
two_field	test_B_gourraud	NA20527	EUR	B	HLA-B*07:05:01;HLA-B*07:02:01	1	1	2
two_field	test_B_gourraud	NA20527	EUR	C	HLA-C*15:05:02;HLA-C*07:02:01	1	1	2
two_field	test_B_gourraud	NA20527	EUR	DRB1	HLA-DRB1*15:01:01;HLA-DRB1*03:01:01	1	1	2
two_field	test_B_gourraud	NA20527	EUR	DQB1	HLA-DQB1*02:01:01;HLA-DQB1*06:02:01	1	1	2
two_field	test_B_gourraud	NA20528	EUR	A	HLA-A*23:01:01;HLA-A*02:01:01	1	1	2
two_field	test_B_gourraud	NA20528	EUR	B	HLA-B*41:02:01;HLA-B*44:03:01	1	1	2
two_field	test_B_gourraud	NA20528	EUR	C	HLA-C*17:03:01;HLA-C*04:01:01	1	1	2
two_field	test_B_gourraud	NA20528	EUR	DRB1	HLA-DRB1*07:01:01;HLA-DRB1*11:04:01	1	1	2
two_field	test_B_gourraud	NA20528	EUR	DQB1	HLA-DQB1*02:02:01;HLA-DQB1*03:01:01	1	1	2
two_field	test_B_gourraud	NA20529	EUR	A	HLA-A*30:01:01;HLA-A*02:01:01	1	1	2
two_field	test_B_gourraud	NA20529	EUR	B	HLA-B*15:01:01;HLA-B*55:01:01,HLA-B*55:01:35	1	1	2
two_field	test_B_gourraud	NA20529	EUR	C	HLA-C*03:03:01;HLA-C*03:03:01	1	1	2
two_field	test_B_gourraud	NA20529	EUR	DRB1	HLA-DRB1*14:54:01;HLA-DRB1*14:54:01	1	1	2
two_field	test_B_gourraud	NA20529	EUR	DQB1	HLA-DQB1*05:03:01;HLA-DQB1*05:03:01	1	1	2
two_field	test_B_gourraud	NA20530	EUR	A	HLA-A*03:01:01;HLA-A*30:01:01	1	1	2
two_field	test_B_gourraud	NA20530	EUR	B	HLA-B*13:02:01;HLA-B*07:02:01	1	1	2
two_field	test_B_gourraud	NA20530	EUR	C	HLA-C*07:02:01;HLA-C*06:02:01	1	1	2
two_field	test_B_gourraud	NA20530	EUR	DRB1	HLA-DRB1*01:01:01;HLA-DRB1*03:01:01	1	1	2
two_field	test_B_gourraud	NA20530	EUR	DQB1	HLA-DQB1*02:01:01;HLA-DQB1*05:01:01	1	1	2
two_field	test_B_gourraud	NA20531	EUR	A	HLA-A*02:01:01;HLA-A*02:01:01	1	1	2
two_field	test_B_gourraud	NA20531	EUR	B	HLA-B*44:02:01;HLA-B*35:01:01,HLA-B*35:370,HLA-B*35:615	1	0	1
two_field	test_B_gourraud	NA20531	EUR	C	HLA-C*04:01:01;HLA-C*05:01:01	1	1	2
two_field	test_B_gourraud	NA20531	EUR	DRB1	HLA-DRB1*08:01:01;HLA-DRB1*03:01:01	1	1	2
two_field	test_B_gourraud	NA20531	EUR	DQB1	HLA-DQB1*02:01:01;HLA-DQB1*04:02:01	1	1	2
two_field	test_B_gourraud	NA20534	EUR	A	HLA-A*11:01:01;HLA-A*03:01:01	1	1	2
two_field	test_B_gourraud	NA20534	EUR	B	HLA-B*27:05:02;HLA-B*15:01:01	1	1	2
two_field	test_B_gourraud	NA20534	EUR	C	HLA-C*03:03:01;HLA-C*01:02:01	1	1	2
two_field	test_B_gourraud	NA20534	EUR	DRB1	HLA-DRB1*08:01:01;HLA-DRB1*13:01:01	1	1	2
two_field	test_B_gourraud	NA20534	EUR	DQB1	HLA-DQB1*04:02:01;HLA-DQB1*06:03:01	1	1	2
two_field	test_B_gourraud	NA20535	EUR	A	HLA-A*03:01:01;HLA-A*23:01:01	1	1	2
two_field	test_B_gourraud	NA20535	EUR	B	HLA-B*51:01:01;HLA-B*07:02:01	1	1	2
two_field	test_B_gourraud	NA20535	EUR	C	HLA-C*14:02:01;HLA-C*07:02:01	1	1	2
two_field	test_B_gourraud	NA20535	EUR	DRB1	HLA-DRB1*08:02:01;HLA-DRB1*14:54:01	1	1	2
two_field	test_B_gourraud	NA20535	EUR	DQB1	HLA-DQB1*05:03:01;HLA-DQB1*04:02:01	1	1	2
two_field	test_B_gourraud	NA20538	EUR	A	HLA-A*02:01:01;HLA-A*02:01:01	1	1	2
two_field	test_B_gourraud	NA20538	EUR	B	HLA-B*44:02:01;HLA-B*51:01:01	1	1	2
two_field	test_B_gourraud	NA20538	EUR	C	HLA-C*15:02:01;HLA-C*12:03:01	1	1	2
two_field	test_B_gourraud	NA20538	EUR	DRB1	HLA-DRB1*11:04:01;HLA-DRB1*13:01:01	1	1	2
two_field	test_B_gourraud	NA20538	EUR	DQB1	HLA-DQB1*06:03:01;HLA-DQB1*03:01:01	1	1	2
two_field	test_B_gourraud	NA20539	EUR	A	HLA-A*33:03:01;HLA-A*03:01:01	1	1	2
two_field	test_B_gourraud	NA20539	EUR	B	HLA-B*07:02:01;HLA-B*58:01:01	1	1	2
two_field	test_B_gourraud	NA20539	EUR	C	HLA-C*03:02:02;HLA-C*07:02:01	1	1	2
two_field	test_B_gourraud	NA20539	EUR	DRB1	HLA-DRB1*15:01:01;HLA-DRB1*13:02:01	1	1	2
two_field	test_B_gourraud	NA20539	EUR	DQB1	HLA-DQB1*06:09:01;HLA-DQB1*06:02:01	1	1	2
two_field	test_B_gourraud	NA20540	EUR	A	HLA-A*32:01:01;HLA-A*24:02:01	1	1	2
two_field	test_B_gourraud	NA20540	EUR	B	HLA-B*44:02:01;HLA-B*51:01:01	1	1	2
two_field	test_B_gourraud	NA20540	EUR	C	HLA-C*15:02:01;HLA-C*07:01:01	1	1	2
two_field	test_B_gourraud	NA20540	EUR	DRB1	HLA-DRB1*11:04:01;HLA-DRB1*04:01:01	1	1	2
two_field	test_B_gourraud	NA20540	EUR	DQB1	HLA-DQB1*03:02:01;HLA-DQB1*03:01:01	1	1	2
two_field	test_B_gourraud	NA20541	EUR	A	HLA-A*01:01:01;HLA-A*02:01:01	1	1	2
two_field	test_B_gourraud	NA20541	EUR	B	HLA-B*08:01:01;HLA-B*35:03:01	1	1	2
two_field	test_B_gourraud	NA20541	EUR	C	HLA-C*07:01:01;HLA-C*04:01:01	1	1	2
two_field	test_B_gourraud	NA20541	EUR	DRB1	HLA-DRB1*03:01:01;HLA-DRB1*15:01:01	1	1	2
two_field	test_B_gourraud	NA20541	EUR	DQB1	HLA-DQB1*06:02:01;HLA-DQB1*02:01:01	1	1	2
two_field	test_B_gourraud	NA20542	EUR	A	HLA-A*33:01:01;HLA-A*03:01:01	1	1	2
two_field	test_B_gourraud	NA20542	EUR	B	HLA-B*14:02:01;HLA-B*07:02:01	1	1	2
two_field	test_B_gourraud	NA20542	EUR	C	HLA-C*07:02:01;HLA-C*08:02:01	1	1	2
two_field	test_B_gourraud	NA20542	EUR	DRB1	HLA-DRB1*01:02:01;HLA-DRB1*14:54:01	1	1	2
two_field	test_B_gourraud	NA20542	EUR	DQB1	HLA-DQB1*05:01:01;HLA-DQB1*05:03:01	1	1	2
two_field	test_B_gourraud	NA20543	EUR	A	HLA-A*32:01:01;HLA-A*01:01:01	1	1	2
two_field	test_B_gourraud	NA20543	EUR	B	HLA-B*08:01:01;HLA-B*53:01:01	1	1	2
two_field	test_B_gourraud	NA20543	EUR	C	HLA-C*07:01:01;HLA-C*04:01:01	1	1	2
two_field	test_B_gourraud	NA20543	EUR	DRB1	HLA-DRB1*13:02:01;HLA-DRB1*03:01:01	1	1	2
two_field	test_B_gourraud	NA20543	EUR	DQB1	HLA-DQB1*06:09:01;HLA-DQB1*02:01:01	1	1	2
two_field	test_B_gourraud	NA20544	EUR	A	HLA-A*33:01:01;HLA-A*02:01:01	1	1	2
two_field	test_B_gourraud	NA20544	EUR	B	HLA-B*14:02:01;HLA-B*44:02:01	1	1	2
two_field	test_B_gourraud	NA20544	EUR	C	HLA-C*08:02:01;HLA-C*05:01:01	1	1	2
two_field	test_B_gourraud	NA20544	EUR	DRB1	HLA-DRB1*01:01:01;HLA-DRB1*11:01:01	1	1	2
two_field	test_B_gourraud	NA20544	EUR	DQB1	HLA-DQB1*05:01:01;HLA-DQB1*03:01:01	1	1	2
two_field	test_B_gourraud	NA20581	EUR	A	HLA-A*02:01:01;HLA-A*24:02:01	1	1	2
two_field	test_B_gourraud	NA20581	EUR	B	HLA-B*57:01:01;HLA-B*51:01:01	1	1	2
two_field	test_B_gourraud	NA20581	EUR	C	HLA-C*14:02:01;HLA-C*06:02:01	1	1	2
two_field	test_B_gourraud	NA20581	EUR	DRB1	HLA-DRB1*07:01:01;HLA-DRB1*11:01:01	1	1	2
two_field	test_B_gourraud	NA20581	EUR	DQB1	HLA-DQB1*03:03:02;HLA-DQB1*03:01:01	1	1	2
two_field	test_B_gourraud	NA20582	EUR	A	HLA-A*11:01:01;HLA-A*24:02:01	1	1	2
two_field	test_B_gourraud	NA20582	EUR	B	HLA-B*38:01:01;HLA-B*55:01:01,HLA-B*55:01:35	1	1	2
two_field	test_B_gourraud	NA20582	EUR	C	HLA-C*03:03:01;HLA-C*12:03:01	1	1	2
two_field	test_B_gourraud	NA20582	EUR	DRB1	HLA-DRB1*10:01:01;HLA-DRB1*13:01:01	1	1	2
two_field	test_B_gourraud	NA20582	EUR	DQB1	HLA-DQB1*06:03:01;HLA-DQB1*06:03:01	1	1	2
two_field	test_B_gourraud	NA20585	EUR	A	HLA-A*03:01:01;HLA-A*24:02:01	1	1	2
two_field	test_B_gourraud	NA20585	EUR	B	HLA-B*07:02:01;HLA-B*07:02:01	1	1	2
two_field	test_B_gourraud	NA20585	EUR	C	HLA-C*07:02:01;HLA-C*07:02:01	1	1	2
two_field	test_B_gourraud	NA20585	EUR	DRB1	HLA-DRB1*13:01:01;HLA-DRB1*15:01:01	1	1	2
two_field	test_B_gourraud	NA20585	EUR	DQB1	HLA-DQB1*06:02:01;HLA-DQB1*06:03:01	1	1	2
two_field	test_B_gourraud	NA20586	EUR	A	HLA-A*11:01:01;HLA-A*25:01:01	1	1	2
two_field	test_B_gourraud	NA20586	EUR	B	HLA-B*18:01:01,HLA-B*18:01:26;HLA-B*08:01:01	1	1	2
two_field	test_B_gourraud	NA20586	EUR	C	HLA-C*07:01:01;HLA-C*12:03:01	1	1	2
two_field	test_B_gourraud	NA20586	EUR	DRB1	HLA-DRB1*03:01:01;HLA-DRB1*13:01:01	1	1	2
two_field	test_B_gourraud	NA20586	EUR	DQB1	HLA-DQB1*02:01:01;HLA-DQB1*06:03:01	1	1	2
two_field	test_B_gourraud	NA20588	EUR	A	HLA-A*01:01:01;HLA-A*02:01:01	1	1	2
two_field	test_B_gourraud	NA20588	EUR	B	HLA-B*08:01:01;HLA-B*51:01:01,HLA-B*51:01:64	1	1	2
two_field	test_B_gourraud	NA20588	EUR	C	HLA-C*02:02:02;HLA-C*07:01:01	1	1	2
two_field	test_B_gourraud	NA20588	EUR	DRB1	HLA-DRB1*03:01:01;HLA-DRB1*11:01:01	1	1	2
two_field	test_B_gourraud	NA20588	EUR	DQB1	HLA-DQB1*02:01:01;HLA-DQB1*03:01:01	1	1	2
two_field	test_B_gourraud	NA20589	EUR	A	HLA-A*01:01:01;HLA-A*02:01:01	1	1	2
two_field	test_B_gourraud	NA20589	EUR	B	HLA-B*18:01:01;HLA-B*35:03:01	1	1	2
two_field	test_B_gourraud	NA20589	EUR	C	HLA-C*05:01:01;HLA-C*04:01:01	1	1	2
two_field	test_B_gourraud	NA20589	EUR	DRB1	HLA-DRB1*01:02:01;HLA-DRB1*03:01:01	1	1	2
two_field	test_B_gourraud	NA20589	EUR	DQB1	HLA-DQB1*05:01:01;HLA-DQB1*02:01:01	1	1	2
two_field	test_B_gourraud	NA20753	EUR	A	HLA-A*32:01:01;HLA-A*30:01:01	1	1	2
two_field	test_B_gourraud	NA20753	EUR	B	HLA-B*13:02:01;HLA-B*35:02:01	1	1	2
two_field	test_B_gourraud	NA20753	EUR	C	HLA-C*04:01:01;HLA-C*06:02:01	1	1	2
two_field	test_B_gourraud	NA20753	EUR	DRB1	HLA-DRB1*07:01:01;HLA-DRB1*11:04:01	1	1	2
two_field	test_B_gourraud	NA20753	EUR	DQB1	HLA-DQB1*02:02:01;HLA-DQB1*03:01:01	1	1	2
two_field	test_B_gourraud	NA20754	EUR	A	HLA-A*33:03:01;HLA-A*11:01:01	1	1	2
two_field	test_B_gourraud	NA20754	EUR	B	HLA-B*35:01:01;HLA-B*58:01:01,HLA-B*58:120	1	0	1
two_field	test_B_gourraud	NA20754	EUR	C	HLA-C*03:02:02;HLA-C*04:01:01	1	1	2
two_field	test_B_gourraud	NA20754	EUR	DRB1	HLA-DRB1*13:02:01;HLA-DRB1*11:01:01	1	1	2
two_field	test_B_gourraud	NA20754	EUR	DQB1	HLA-DQB1*06:09:01;HLA-DQB1*03:01:01	1	1	2
two_field	test_B_gourraud	NA20755	EUR	A	HLA-A*66:01:01;HLA-A*24:02:01	1	1	2
two_field	test_B_gourraud	NA20755	EUR	B	HLA-B*44:03:01;HLA-B*41:02:01	1	1	2
two_field	test_B_gourraud	NA20755	EUR	C	HLA-C*17:03:01;HLA-C*04:01:01	1	1	2
two_field	test_B_gourraud	NA20755	EUR	DRB1	HLA-DRB1*03:01:01;HLA-DRB1*11:04:01	1	1	2
two_field	test_B_gourraud	NA20755	EUR	DQB1	HLA-DQB1*02:01:01;HLA-DQB1*03:01:01	1	1	2
two_field	test_B_gourraud	NA20756	EUR	A	HLA-A*23:01:01;HLA-A*02:01:01	1	1	2
two_field	test_B_gourraud	NA20756	EUR	B	HLA-B*49:01:01;HLA-B*51:01:01,HLA-B*51:01:64	1	1	2
two_field	test_B_gourraud	NA20756	EUR	C	HLA-C*07:01:01;HLA-C*14:02:01	1	1	2
two_field	test_B_gourraud	NA20756	EUR	DRB1	HLA-DRB1*08:01:01;HLA-DRB1*01:01:01	1	1	2
two_field	test_B_gourraud	NA20756	EUR	DQB1	HLA-DQB1*04:02:01;HLA-DQB1*05:04:01	1	1	2
two_field	test_B_gourraud	NA20757	EUR	A	HLA-A*30:02:01;HLA-A*02:01:01	1	1	2
two_field	test_B_gourraud	NA20757	EUR	B	HLA-B*18:01:01;HLA-B*38:01:01	1	1	2
two_field	test_B_gourraud	NA20757	EUR	C	HLA-C*05:01:01;HLA-C*12:03:01	1	1	2
two_field	test_B_gourraud	NA20757	EUR	DRB1	HLA-DRB1*07:01:01;HLA-DRB1*04:01:01	1	1	2
two_field	test_B_gourraud	NA20757	EUR	DQB1	HLA-DQB1*03:02:01;HLA-DQB1*02:02:01	1	1	2
two_field	test_B_gourraud	NA20758	EUR	A	HLA-A*24:02:01;HLA-A*01:01:01	1	1	2
two_field	test_B_gourraud	NA20758	EUR	B	HLA-B*08:01:01;HLA-B*55:01:01	1	1	2
two_field	test_B_gourraud	NA20758	EUR	C	HLA-C*07:01:01;HLA-C*01:02:01	1	1	2
two_field	test_B_gourraud	NA20758	EUR	DRB1	HLA-DRB1*03:01:01;HLA-DRB1*13:01:01	1	1	2
two_field	test_B_gourraud	NA20758	EUR	DQB1	HLA-DQB1*06:03:01;HLA-DQB1*02:01:01	1	1	2
two_field	test_B_gourraud	NA20759	EUR	A	HLA-A*03:01:01;HLA-A*02:01:01	1	1	2
two_field	test_B_gourraud	NA20759	EUR	B	HLA-B*44:03:01;HLA-B*18:01:01	1	1	2
two_field	test_B_gourraud	NA20759	EUR	C	HLA-C*07:01:01;HLA-C*16:01:01	1	1	2
two_field	test_B_gourraud	NA20759	EUR	DRB1	HLA-DRB1*16:01:01;HLA-DRB1*12:01:01	1	1	2
two_field	test_B_gourraud	NA20759	EUR	DQB1	HLA-DQB1*05:02:01;HLA-DQB1*03:01:01	1	1	2
two_field	test_B_gourraud	NA20760	EUR	A	HLA-A*24:02:01;HLA-A*01:01:01	1	1	2
two_field	test_B_gourraud	NA20760	EUR	B	HLA-B*57:01:01;HLA-B*15:01:01	1	1	2
two_field	test_B_gourraud	NA20760	EUR	C	HLA-C*03:03:01;HLA-C*06:02:01	1	1	2
two_field	test_B_gourraud	NA20760	EUR	DRB1	HLA-DRB1*07:01:01;HLA-DRB1*04:04:01	1	1	2
two_field	test_B_gourraud	NA20760	EUR	DQB1	HLA-DQB1*03:02:01;HLA-DQB1*03:03:02	1	1	2
two_field	test_B_gourraud	NA20761	EUR	A	HLA-A*03:01:01;HLA-A*32:01:01	1	1	2
two_field	test_B_gourraud	NA20761	EUR	B	HLA-B*15:17:01;HLA-B*51:01:01	1	1	2
two_field	test_B_gourraud	NA20761	EUR	C	HLA-C*02:02:02;HLA-C*07:01:02	1	1	2
two_field	test_B_gourraud	NA20761	EUR	DRB1	HLA-DRB1*01:01:01;HLA-DRB1*13:02:01	1	1	2
two_field	test_B_gourraud	NA20761	EUR	DQB1	HLA-DQB1*06:04:01;HLA-DQB1*05:01:01	1	1	2
two_field	test_B_gourraud	NA20765	EUR	A	HLA-A*11:01:01;HLA-A*24:02:01	1	1	2
two_field	test_B_gourraud	NA20765	EUR	B	HLA-B*55:01:01;HLA-B*58:01:01	1	1	2
two_field	test_B_gourraud	NA20765	EUR	C	HLA-C*03:04:01;HLA-C*07:18:01	1	1	2
two_field	test_B_gourraud	NA20765	EUR	DRB1	HLA-DRB1*04:02:01;HLA-DRB1*08:04:01	1	1	2
two_field	test_B_gourraud	NA20765	EUR	DQB1	HLA-DQB1*04:02:01;HLA-DQB1*03:02:01	1	1	2
two_field	test_B_gourraud	NA20766	EUR	A	HLA-A*24:02:01;HLA-A*01:01:01	1	1	2
two_field	test_B_gourraud	NA20766	EUR	B	HLA-B*35:02:01;HLA-B*51:01:01	1	1	2
two_field	test_B_gourraud	NA20766	EUR	C	HLA-C*04:01:01;HLA-C*15:02:01	1	1	2
two_field	test_B_gourraud	NA20766	EUR	DRB1	HLA-DRB1*13:02:01;HLA-DRB1*11:04:01	1	1	2
two_field	test_B_gourraud	NA20766	EUR	DQB1	HLA-DQB1*06:04:01;HLA-DQB1*03:01:01	1	1	2
two_field	test_B_gourraud	NA20768	EUR	A	HLA-A*01:01:01;HLA-A*02:01:01	1	1	2
two_field	test_B_gourraud	NA20768	EUR	B	HLA-B*44:03:01;HLA-B*18:01:01,HLA-B*18:01:26	1	1	2
two_field	test_B_gourraud	NA20768	EUR	C	HLA-C*07:01:01;HLA-C*04:01:01	1	1	2
two_field	test_B_gourraud	NA20768	EUR	DRB1	HLA-DRB1*07:01:01;HLA-DRB1*11:04:01	1	1	2
two_field	test_B_gourraud	NA20768	EUR	DQB1	HLA-DQB1*02:02:01;HLA-DQB1*03:01:01	1	1	2
two_field	test_B_gourraud	NA20769	EUR	A	HLA-A*03:01:01;HLA-A*02:01:01	1	1	2
two_field	test_B_gourraud	NA20769	EUR	B	HLA-B*15:01:01;HLA-B*58:01:01	1	1	2
two_field	test_B_gourraud	NA20769	EUR	C	HLA-C*07:18:01;HLA-C*03:03:01	1	1	2
two_field	test_B_gourraud	NA20769	EUR	DRB1	HLA-DRB1*13:01:01;HLA-DRB1*08:04:01	1	1	2
two_field	test_B_gourraud	NA20769	EUR	DQB1	HLA-DQB1*04:02:01;HLA-DQB1*06:03:01	1	1	2
two_field	test_B_gourraud	NA20770	EUR	A	HLA-A*02:01:01;HLA-A*02:01:01	1	1	2
two_field	test_B_gourraud	NA20770	EUR	B	HLA-B*50:01:01;HLA-B*51:01:01	1	1	2
two_field	test_B_gourraud	NA20770	EUR	C	HLA-C*06:02:01;HLA-C*15:02:01	1	1	2
two_field	test_B_gourraud	NA20770	EUR	DRB1	HLA-DRB1*07:01:01;HLA-DRB1*12:01:01	1	1	2
two_field	test_B_gourraud	NA20770	EUR	DQB1	HLA-DQB1*02:02:01;HLA-DQB1*03:01:01	1	1	2
two_field	test_B_gourraud	NA20771	EUR	A	HLA-A*30:01:01;HLA-A*01:01:01	1	1	2
two_field	test_B_gourraud	NA20771	EUR	B	HLA-B*13:02:01;HLA-B*57:01:01	1	1	2
two_field	test_B_gourraud	NA20771	EUR	C	HLA-C*06:02:01;HLA-C*06:02:01	1	1	2
two_field	test_B_gourraud	NA20771	EUR	DRB1	HLA-DRB1*12:01:01;HLA-DRB1*15:01:01	1	1	2
two_field	test_B_gourraud	NA20771	EUR	DQB1	HLA-DQB1*06:02:01;HLA-DQB1*03:01:01	1	1	2
two_field	test_B_gourraud	NA20772	EUR	A	HLA-A*31:01:02;HLA-A*33:03:01	1	1	2
two_field	test_B_gourraud	NA20772	EUR	B	HLA-B*51:01:01,HLA-B*51:01:64;HLA-B*40:01:02	1	1	2
two_field	test_B_gourraud	NA20772	EUR	C	HLA-C*03:04:01;HLA-C*04:01:01	1	1	2
two_field	test_B_gourraud	NA20772	EUR	DRB1	HLA-DRB1*04:04:01;HLA-DRB1*04:07:01	1	1	2
two_field	test_B_gourraud	NA20772	EUR	DQB1	HLA-DQB1*03:02:01;HLA-DQB1*03:01:01	1	1	2
two_field	test_B_gourraud	NA20773	EUR	A	HLA-A*26:01:01;HLA-A*02:01:01	1	1	2
two_field	test_B_gourraud	NA20773	EUR	B	HLA-B*49:01:01;HLA-B*49:01:01	1	1	2
two_field	test_B_gourraud	NA20773	EUR	C	HLA-C*07:01:01;HLA-C*07:01:01	1	1	2
two_field	test_B_gourraud	NA20773	EUR	DRB1	HLA-DRB1*03:01:01;HLA-DRB1*08:01:01	1	1	2
two_field	test_B_gourraud	NA20773	EUR	DQB1	HLA-DQB1*02:01:01;HLA-DQB1*04:02:01	1	1	2
two_field	test_B_gourraud	NA20774	EUR	A	HLA-A*23:01:01;HLA-A*02:01:01	1	1	2
two_field	test_B_gourraud	NA20774	EUR	B	HLA-B*51:01:01,HLA-B*51:01:64;HLA-B*50:01:01	1	1	2
two_field	test_B_gourraud	NA20774	EUR	C	HLA-C*04:01:01;HLA-C*05:01:01	1	1	2
two_field	test_B_gourraud	NA20774	EUR	DRB1	HLA-DRB1*16:01:01;HLA-DRB1*13:03:01	1	1	2
two_field	test_B_gourraud	NA20774	EUR	DQB1	HLA-DQB1*05:02:01;HLA-DQB1*03:01:01	1	1	2
two_field	test_B_gourraud	NA20775	EUR	A	HLA-A*26:01:01;HLA-A*02:01:01	1	1	2
two_field	test_B_gourraud	NA20775	EUR	B	HLA-B*50:01:01;HLA-B*35:01:01	1	1	2
two_field	test_B_gourraud	NA20775	EUR	C	HLA-C*06:02:01;HLA-C*04:01:01	1	1	2
two_field	test_B_gourraud	NA20775	EUR	DRB1	HLA-DRB1*01:01:01;HLA-DRB1*07:01:01	1	1	2
two_field	test_B_gourraud	NA20775	EUR	DQB1	HLA-DQB1*05:01:01;HLA-DQB1*02:02:01	1	1	2
two_field	test_B_gourraud	NA20778	EUR	A	HLA-A*03:02:01;HLA-A*03:01:01	1	1	2
two_field	test_B_gourraud	NA20778	EUR	B	HLA-B*35:03:01;HLA-B*07:02:01	1	1	2
two_field	test_B_gourraud	NA20778	EUR	C	HLA-C*07:02:01;HLA-C*12:03:01	1	1	2
two_field	test_B_gourraud	NA20778	EUR	DRB1	HLA-DRB1*15:01:01;HLA-DRB1*14:54:01	1	1	2
two_field	test_B_gourraud	NA20778	EUR	DQB1	HLA-DQB1*05:03:01;HLA-DQB1*06:02:01	1	1	2
two_field	test_B_gourraud	NA20783	EUR	A	HLA-A*30:01:01;HLA-A*01:01:01	1	1	2
two_field	test_B_gourraud	NA20783	EUR	B	HLA-B*13:02:01;HLA-B*15:17:01	1	1	2
two_field	test_B_gourraud	NA20783	EUR	C	HLA-C*07:01:02;HLA-C*06:02:01	1	1	2
two_field	test_B_gourraud	NA20783	EUR	DRB1	HLA-DRB1*03:01:01;HLA-DRB1*04:06:02	1	1	2
two_field	test_B_gourraud	NA20783	EUR	DQB1	HLA-DQB1*04:02:01;HLA-DQB1*02:01:01	1	1	2
two_field	test_B_gourraud	NA20785	EUR	A	HLA-A*01:01:01;HLA-A*02:01:01	1	1	2
two_field	test_B_gourraud	NA20785	EUR	B	HLA-B*52:01:01;HLA-B*18:01:01	1	1	2
two_field	test_B_gourraud	NA20785	EUR	C	HLA-C*07:01:01;HLA-C*12:02:02	1	1	2
two_field	test_B_gourraud	NA20785	EUR	DRB1	HLA-DRB1*11:01:01;HLA-DRB1*15:02:01	1	1	2
two_field	test_B_gourraud	NA20785	EUR	DQB1	HLA-DQB1*06:01:01;HLA-DQB1*03:01:01	1	1	2
two_field	test_B_gourraud	NA20786	EUR	A	HLA-A*03:01:01;HLA-A*26:08:01	1	1	2
two_field	test_B_gourraud	NA20786	EUR	B	HLA-B*51:01:01;HLA-B*51:01:01	1	1	2
two_field	test_B_gourraud	NA20786	EUR	C	HLA-C*15:02:01;HLA-C*15:02:01	1	1	2
two_field	test_B_gourraud	NA20786	EUR	DRB1	HLA-DRB1*08:02:01;HLA-DRB1*11:01:01	1	1	2
two_field	test_B_gourraud	NA20786	EUR	DQB1	HLA-DQB1*04:02:01;HLA-DQB1*03:01:01	1	1	2
two_field	test_B_gourraud	NA20787	EUR	A	HLA-A*01:01:01;HLA-A*26:01:01	1	1	2
two_field	test_B_gourraud	NA20787	EUR	B	HLA-B*38:01:01;HLA-B*39:06:02	1	1	2
two_field	test_B_gourraud	NA20787	EUR	C	HLA-C*12:03:01;HLA-C*12:03:01	1	1	2
two_field	test_B_gourraud	NA20787	EUR	DRB1	HLA-DRB1*07:01:01;HLA-DRB1*16:02:01	1	1	2
two_field	test_B_gourraud	NA20787	EUR	DQB1	HLA-DQB1*05:02:01;HLA-DQB1*02:02:01	1	1	2
two_field	test_B_gourraud	NA20790	EUR	A	HLA-A*03:01:01;HLA-A*01:01:01	1	1	2
two_field	test_B_gourraud	NA20790	EUR	B	HLA-B*37:01:01;HLA-B*07:02:01	1	1	2
two_field	test_B_gourraud	NA20790	EUR	C	HLA-C*07:02:01;HLA-C*06:02:01	1	1	2
two_field	test_B_gourraud	NA20790	EUR	DRB1	HLA-DRB1*07:01:01;HLA-DRB1*08:01:01	1	1	2
two_field	test_B_gourraud	NA20790	EUR	DQB1	HLA-DQB1*02:02:01;HLA-DQB1*04:02:01	1	1	2
two_field	test_B_gourraud	NA20792	EUR	A	HLA-A*03:02:01;HLA-A*24:02:01	1	1	2
two_field	test_B_gourraud	NA20792	EUR	B	HLA-B*35:01:01,HLA-B*35:370,HLA-B*35:615;HLA-B*15:09:01	1	0	1
two_field	test_B_gourraud	NA20792	EUR	C	HLA-C*07:04:01;HLA-C*04:01:01,HLA-C*04:275:01	1	0	1
two_field	test_B_gourraud	NA20792	EUR	DRB1	HLA-DRB1*13:02:01;HLA-DRB1*11:01:01	1	1	2
two_field	test_B_gourraud	NA20792	EUR	DQB1	HLA-DQB1*06:04:01;HLA-DQB1*03:01:01	1	1	2
two_field	test_B_gourraud	NA20795	EUR	A	HLA-A*03:01:01;HLA-A*24:02:01	1	1	2
two_field	test_B_gourraud	NA20795	EUR	B	HLA-B*39:06:02;HLA-B*18:01:01	1	1	2
two_field	test_B_gourraud	NA20795	EUR	C	HLA-C*12:03:01;HLA-C*12:03:01	1	1	2
two_field	test_B_gourraud	NA20795	EUR	DRB1	HLA-DRB1*10:01:01;HLA-DRB1*11:03:01	1	1	2
two_field	test_B_gourraud	NA20795	EUR	DQB1	HLA-DQB1*05:01:01;HLA-DQB1*03:01:01	1	1	2
two_field	test_B_gourraud	NA20796	EUR	A	HLA-A*02:01:01;HLA-A*02:01:01	1	1	2
two_field	test_B_gourraud	NA20796	EUR	B	HLA-B*07:02:01,HLA-B*07:312;HLA-B*51:01:01	1	0	1
two_field	test_B_gourraud	NA20796	EUR	C	HLA-C*07:02:01;HLA-C*14:02:01	1	1	2
two_field	test_B_gourraud	NA20796	EUR	DRB1	HLA-DRB1*11:01:01;HLA-DRB1*15:01:01	1	1	2
two_field	test_B_gourraud	NA20796	EUR	DQB1	HLA-DQB1*06:02:01;HLA-DQB1*03:01:01	1	1	2
two_field	test_B_gourraud	NA20797	EUR	A	HLA-A*03:01:01;HLA-A*32:01:01	1	1	2
two_field	test_B_gourraud	NA20797	EUR	B	HLA-B*14:02:01;HLA-B*07:05:01	1	1	2
two_field	test_B_gourraud	NA20797	EUR	C	HLA-C*15:05:02;HLA-C*08:02:01	1	1	2
two_field	test_B_gourraud	NA20797	EUR	DRB1	HLA-DRB1*01:02:01;HLA-DRB1*11:01:01	1	1	2
two_field	test_B_gourraud	NA20797	EUR	DQB1	HLA-DQB1*05:01:01;HLA-DQB1*03:01:01	1	1	2
two_field	test_B_gourraud	NA20798	EUR	A	HLA-A*01:01:01;HLA-A*24:02:01	1	1	2
two_field	test_B_gourraud	NA20798	EUR	B	HLA-B*08:01:01;HLA-B*07:02:01	1	1	2
two_field	test_B_gourraud	NA20798	EUR	C	HLA-C*07:01:01;HLA-C*07:02:01	1	1	2
two_field	test_B_gourraud	NA20798	EUR	DRB1	HLA-DRB1*15:01:01;HLA-DRB1*04:01:01	1	1	2
two_field	test_B_gourraud	NA20798	EUR	DQB1	HLA-DQB1*03:02:01;HLA-DQB1*06:02:01	1	1	2
two_field	test_B_gourraud	NA20800	EUR	A	HLA-A*26:01:01;HLA-A*01:01:01	1	1	2
two_field	test_B_gourraud	NA20800	EUR	B	HLA-B*37:01:01;HLA-B*44:03:01	1	1	2
two_field	test_B_gourraud	NA20800	EUR	C	HLA-C*16:01:01;HLA-C*06:02:01	1	1	2
two_field	test_B_gourraud	NA20800	EUR	DRB1	HLA-DRB1*10:01:01;HLA-DRB1*03:01:01	1	1	2
two_field	test_B_gourraud	NA20800	EUR	DQB1	HLA-DQB1*05:01:01;HLA-DQB1*02:01:01	1	1	2
two_field	test_B_gourraud	NA20801	EUR	A	HLA-A*02:01:01;HLA-A*02:01:01	1	1	2
two_field	test_B_gourraud	NA20801	EUR	B	HLA-B*18:01:01;HLA-B*44:02:01	1	1	2
two_field	test_B_gourraud	NA20801	EUR	C	HLA-C*05:01:01;HLA-C*07:01:01	1	1	2
two_field	test_B_gourraud	NA20801	EUR	DRB1	HLA-DRB1*01:01:01;HLA-DRB1*07:01:01	1	1	2
two_field	test_B_gourraud	NA20801	EUR	DQB1	HLA-DQB1*02:02:01;HLA-DQB1*05:01:01	1	1	2
two_field	test_B_gourraud	NA20802	EUR	A	HLA-A*02:01:01;HLA-A*01:01:01	1	1	2
two_field	test_B_gourraud	NA20802	EUR	B	HLA-B*40:01:02;HLA-B*08:01:01	1	1	2
two_field	test_B_gourraud	NA20802	EUR	C	HLA-C*07:01:01;HLA-C*03:04:01	1	1	2
two_field	test_B_gourraud	NA20802	EUR	DRB1	HLA-DRB1*07:01:01;HLA-DRB1*03:01:01	1	1	2
two_field	test_B_gourraud	NA20802	EUR	DQB1	HLA-DQB1*02:163N;HLA-DQB1*02:02:01	1	0	1
two_field	test_B_gourraud	NA20803	EUR	A	HLA-A*03:01:01;HLA-A*32:01:01	1	1	2
two_field	test_B_gourraud	NA20803	EUR	B	HLA-B*44:03:01;HLA-B*53:01:01	1	1	2
two_field	test_B_gourraud	NA20803	EUR	C	HLA-C*16:01:01;HLA-C*12:03:01	1	1	2
two_field	test_B_gourraud	NA20803	EUR	DRB1	HLA-DRB1*07:01:01;HLA-DRB1*13:02:01	1	1	2
two_field	test_B_gourraud	NA20803	EUR	DQB1	HLA-DQB1*06:04:01;HLA-DQB1*02:02:01	1	1	2
two_field	test_B_gourraud	NA20804	EUR	A	HLA-A*02:01:01;HLA-A*02:01:01	1	1	2
two_field	test_B_gourraud	NA20804	EUR	B	HLA-B*35:02:01;HLA-B*51:01:01	1	1	2
two_field	test_B_gourraud	NA20804	EUR	C	HLA-C*15:02:01,HLA-C*15:176;HLA-C*06:02:01	1	0	1
two_field	test_B_gourraud	NA20804	EUR	DRB1	HLA-DRB1*07:01:01;HLA-DRB1*11:04:01	1	1	2
two_field	test_B_gourraud	NA20804	EUR	DQB1	HLA-DQB1*03:03:02;HLA-DQB1*03:01:01	1	1	2
two_field	test_B_gourraud	NA20807	EUR	A	HLA-A*26:01:01;HLA-A*03:01:01	1	1	2
two_field	test_B_gourraud	NA20807	EUR	B	HLA-B*07:02:01;HLA-B*08:01:01	1	1	2
two_field	test_B_gourraud	NA20807	EUR	C	HLA-C*07:02:01;HLA-C*07:02:01	1	1	2
two_field	test_B_gourraud	NA20807	EUR	DRB1	HLA-DRB1*03:01:01;HLA-DRB1*15:01:01	1	1	2
two_field	test_B_gourraud	NA20807	EUR	DQB1	HLA-DQB1*06:02:01;HLA-DQB1*02:01:01	1	1	2
two_field	test_B_gourraud	NA20808	EUR	A	HLA-A*31:01:02;HLA-A*02:01:01	1	1	2
two_field	test_B_gourraud	NA20808	EUR	B	HLA-B*07:05:01;HLA-B*51:01:01,HLA-B*51:01:64	1	1	2
two_field	test_B_gourraud	NA20808	EUR	C	HLA-C*14:02:01;HLA-C*15:05:02	1	1	2
two_field	test_B_gourraud	NA20808	EUR	DRB1	HLA-DRB1*15:01:01;HLA-DRB1*15:02:01	1	1	2
two_field	test_B_gourraud	NA20808	EUR	DQB1	HLA-DQB1*05:02:01;HLA-DQB1*06:01:01	1	1	2
two_field	test_B_gourraud	NA20810	EUR	A	HLA-A*32:01:01;HLA-A*02:01:01	1	1	2
two_field	test_B_gourraud	NA20810	EUR	B	HLA-B*39:06:02;HLA-B*35:03:01	1	1	2
two_field	test_B_gourraud	NA20810	EUR	C	HLA-C*04:01:01;HLA-C*12:03:01	1	1	2
two_field	test_B_gourraud	NA20810	EUR	DRB1	HLA-DRB1*16:01:01;HLA-DRB1*13:02:01	1	1	2
two_field	test_B_gourraud	NA20810	EUR	DQB1	HLA-DQB1*06:04:01;HLA-DQB1*05:02:01	1	1	2
two_field	test_B_gourraud	NA20811	EUR	A	HLA-A*69:01:01;HLA-A*02:01:01	1	1	2
two_field	test_B_gourraud	NA20811	EUR	B	HLA-B*57:01:01;HLA-B*35:08:01	1	1	2
two_field	test_B_gourraud	NA20811	EUR	C	HLA-C*07:01:01;HLA-C*12:03:01	1	1	2
two_field	test_B_gourraud	NA20811	EUR	DRB1	HLA-DRB1*07:01:01;HLA-DRB1*11:04:01	1	1	2
two_field	test_B_gourraud	NA20811	EUR	DQB1	HLA-DQB1*03:03:02;HLA-DQB1*03:01:01	1	1	2
two_field	test_B_gourraud	NA20812	EUR	A	HLA-A*01:01:01;HLA-A*02:01:01	1	1	2
two_field	test_B_gourraud	NA20812	EUR	B	HLA-B*18:01:01;HLA-B*41:01:01	1	1	2
two_field	test_B_gourraud	NA20812	EUR	C	HLA-C*17:01:01;HLA-C*12:03:01	1	1	2
two_field	test_B_gourraud	NA20812	EUR	DRB1	HLA-DRB1*07:01:01;HLA-DRB1*15:01:01	1	1	2
two_field	test_B_gourraud	NA20812	EUR	DQB1	HLA-DQB1*03:03:02;HLA-DQB1*05:02:01	1	1	2
two_field	test_B_gourraud	NA20813	EUR	A	HLA-A*32:01:01;HLA-A*24:02:01	1	1	2
two_field	test_B_gourraud	NA20813	EUR	B	HLA-B*44:02:01;HLA-B*07:02:01	1	1	2
two_field	test_B_gourraud	NA20813	EUR	C	HLA-C*05:01:01;HLA-C*12:03:01	1	1	2
two_field	test_B_gourraud	NA20813	EUR	DRB1	HLA-DRB1*04:01:01;HLA-DRB1*15:01:01	1	1	2
two_field	test_B_gourraud	NA20813	EUR	DQB1	HLA-DQB1*05:02:01;HLA-DQB1*03:01:01	1	1	2
two_field	test_B_gourraud	NA20815	EUR	A	HLA-A*03:01:01;HLA-A*31:01:02	1	1	2
two_field	test_B_gourraud	NA20815	EUR	B	HLA-B*44:02:01;HLA-B*35:01:01	1	1	2
two_field	test_B_gourraud	NA20815	EUR	C	HLA-C*05:01:01;HLA-C*04:01:01	1	1	2
two_field	test_B_gourraud	NA20815	EUR	DRB1	HLA-DRB1*01:01:01;HLA-DRB1*16:01:01	1	1	2
two_field	test_B_gourraud	NA20815	EUR	DQB1	HLA-DQB1*05:02:01;HLA-DQB1*05:01:01	1	1	2
two_field	test_B_gourraud	NA20818	EUR	A	HLA-A*11:01:01;HLA-A*01:01:01	1	1	2
two_field	test_B_gourraud	NA20818	EUR	B	HLA-B*35:02:01;HLA-B*35:01:01	1	1	2
two_field	test_B_gourraud	NA20818	EUR	C	HLA-C*04:01:01;HLA-C*04:01:01	1	1	2
two_field	test_B_gourraud	NA20818	EUR	DRB1	HLA-DRB1*13:01:01;HLA-DRB1*11:04:01	1	1	2
two_field	test_B_gourraud	NA20818	EUR	DQB1	HLA-DQB1*06:03:01;HLA-DQB1*03:01:01	1	1	2
two_field	test_B_gourraud	NA20819	EUR	A	HLA-A*11:01:01;HLA-A*02:17:02	1	1	2
two_field	test_B_gourraud	NA20819	EUR	B	HLA-B*51:01:01;HLA-B*35:01:01	1	1	2
two_field	test_B_gourraud	NA20819	EUR	C	HLA-C*04:01:01;HLA-C*15:02:01	1	1	2
two_field	test_B_gourraud	NA20819	EUR	DRB1	HLA-DRB1*01:01:01;HLA-DRB1*11:01:01	1	1	2
two_field	test_B_gourraud	NA20819	EUR	DQB1	HLA-DQB1*05:01:01;HLA-DQB1*03:01:01	1	1	2
two_field	test_B_gourraud	NA20826	EUR	A	HLA-A*30:01:01;HLA-A*24:02:01	1	1	2
two_field	test_B_gourraud	NA20826	EUR	B	HLA-B*13:02:01;HLA-B*38:01:01	1	1	2
two_field	test_B_gourraud	NA20826	EUR	C	HLA-C*06:02:01;HLA-C*12:03:01	1	1	2
two_field	test_B_gourraud	NA20826	EUR	DRB1	HLA-DRB1*07:01:01;HLA-DRB1*13:01:01	1	1	2
two_field	test_B_gourraud	NA20826	EUR	DQB1	HLA-DQB1*02:02:01;HLA-DQB1*06:03:01	1	1	2
two_field	test_B_gourraud	NA20828	EUR	A	HLA-A*02:01:01;HLA-A*02:01:01	1	1	2
two_field	test_B_gourraud	NA20828	EUR	B	HLA-B*51:01:01;HLA-B*49:01:01	1	1	2
two_field	test_B_gourraud	NA20828	EUR	C	HLA-C*05:01:01;HLA-C*07:01:01	1	1	2
two_field	test_B_gourraud	NA20828	EUR	DRB1	HLA-DRB1*11:01:01;HLA-DRB1*07:01:01	1	1	2
two_field	test_B_gourraud	NA20828	EUR	DQB1	HLA-DQB1*02:02:01;HLA-DQB1*03:01:01	1	1	2
g_group	test_A_loo	HG00097	EUR	A	HLA-A*03:01:01;HLA-A*24:02:01	1	1	2
g_group	test_A_loo	HG00097	EUR	B	HLA-B*07:02:01;HLA-B*07:02:01	1	1	2
g_group	test_A_loo	HG00097	EUR	C	HLA-C*07:02:01;HLA-C*07:02:01	1	1	2
g_group	test_A_loo	HG00097	EUR	DRB1	HLA-DRB1*13:03:01;HLA-DRB1*15:01:01	1	1	2
g_group	test_A_loo	HG00097	EUR	DQB1	HLA-DQB1*06:02:01;HLA-DQB1*03:01:01	1	1	2
g_group	test_A_loo	HG00099	EUR	A	HLA-A*01:01:01;HLA-A*68:01:02	1	1	2
g_group	test_A_loo	HG00099	EUR	B	HLA-B*44:02:01;HLA-B*08:01:01	1	1	2
g_group	test_A_loo	HG00099	EUR	C	HLA-C*07:04:01;HLA-C*07:01:01	1	1	2
g_group	test_A_loo	HG00099	EUR	DRB1	HLA-DRB1*03:01:01;HLA-DRB1*11:01:01	1	1	2
g_group	test_A_loo	HG00099	EUR	DQB1	HLA-DQB1*02:01:01;HLA-DQB1*03:01:01	1	1	2
g_group	test_A_loo	HG00126	EUR	A	HLA-A*29:02:01;HLA-A*24:02:01	1	1	2
g_group	test_A_loo	HG00126	EUR	B	HLA-B*44:03:01;HLA-B*35:03:01	1	1	2
g_group	test_A_loo	HG00126	EUR	C	HLA-C*16:01:01;HLA-C*12:03:01	1	1	2
g_group	test_A_loo	HG00126	EUR	DRB1	HLA-DRB1*07:01:01;HLA-DRB1*14:54:01	1	1	2
g_group	test_A_loo	HG00126	EUR	DQB1	HLA-DQB1*02:02:01;HLA-DQB1*05:03:01	1	1	2
g_group	test_A_loo	HG00128	EUR	A	HLA-A*02:01:01;HLA-A*02:01:01	1	1	2
g_group	test_A_loo	HG00128	EUR	B	HLA-B*14:02:01;HLA-B*27:05:02	1	1	2
g_group	test_A_loo	HG00128	EUR	C	HLA-C*02:02:02;HLA-C*08:02:01	1	1	2
g_group	test_A_loo	HG00128	EUR	DRB1	HLA-DRB1*01:01:01;HLA-DRB1*12:01:01	1	1	2
g_group	test_A_loo	HG00128	EUR	DQB1	HLA-DQB1*05:01:01;HLA-DQB1*03:01:01	1	1	2
g_group	test_A_loo	HG00133	EUR	A	HLA-A*32:01:01;HLA-A*02:01:01	1	1	2
g_group	test_A_loo	HG00133	EUR	B	HLA-B*53:01:01;HLA-B*44:02:01	1	1	2
g_group	test_A_loo	HG00133	EUR	C	HLA-C*04:01:01;HLA-C*05:01:01	1	1	2
g_group	test_A_loo	HG00133	EUR	DRB1	HLA-DRB1*04:04:01;HLA-DRB1*13:02:01	1	1	2
g_group	test_A_loo	HG00133	EUR	DQB1	HLA-DQB1*03:02:01;HLA-DQB1*06:04:01	1	1	2
g_group	test_A_loo	HG00140	EUR	A	HLA-A*31:01:02;HLA-A*01:01:01	1	1	2
g_group	test_A_loo	HG00140	EUR	B	HLA-B*57:01:01;HLA-B*40:01:02	1	1	2
g_group	test_A_loo	HG00140	EUR	C	HLA-C*06:02:01;HLA-C*03:04:01,HLA-C*03:04:114	1	1	2
g_group	test_A_loo	HG00140	EUR	DRB1	HLA-DRB1*01:01:01;HLA-DRB1*03:01:01	1	1	2
g_group	test_A_loo	HG00140	EUR	DQB1	HLA-DQB1*02:01:01;HLA-DQB1*05:01:01	1	1	2
g_group	test_A_loo	HG00146	EUR	A	HLA-A*25:01:01;HLA-A*01:01:01	1	1	2
g_group	test_A_loo	HG00146	EUR	B	HLA-B*08:01:01;HLA-B*35:01:01	1	1	2
g_group	test_A_loo	HG00146	EUR	C	HLA-C*07:01:01;HLA-C*04:01:01	1	1	2
g_group	test_A_loo	HG00146	EUR	DRB1	HLA-DRB1*01:01:01;HLA-DRB1*03:01:01	1	1	2
g_group	test_A_loo	HG00146	EUR	DQB1	HLA-DQB1*02:01:01;HLA-DQB1*05:01:01	1	1	2
g_group	test_A_loo	HG00232	EUR	A	HLA-A*03:01:01;HLA-A*03:01:01	1	1	2
g_group	test_A_loo	HG00232	EUR	B	HLA-B*27:05:02;HLA-B*07:02:01	1	1	2
g_group	test_A_loo	HG00232	EUR	C	HLA-C*02:02:02;HLA-C*07:02:01	1	1	2
g_group	test_A_loo	HG00232	EUR	DRB1	HLA-DRB1*15:01:01;HLA-DRB1*14:54:01	1	1	2
g_group	test_A_loo	HG00232	EUR	DQB1	HLA-DQB1*06:02:01;HLA-DQB1*05:03:01	1	1	2
g_group	test_A_loo	HG00235	EUR	A	HLA-A*26:01:01;HLA-A*68:01:02	1	1	2
g_group	test_A_loo	HG00235	EUR	B	HLA-B*07:02:01;HLA-B*44:02:01	1	1	2
g_group	test_A_loo	HG00235	EUR	C	HLA-C*07:02:01;HLA-C*05:01:01	1	1	2
g_group	test_A_loo	HG00235	EUR	DRB1	HLA-DRB1*09:01:02;HLA-DRB1*04:04:01	1	1	2
g_group	test_A_loo	HG00235	EUR	DQB1	HLA-DQB1*03:02:01;HLA-DQB1*03:03:02	1	1	2
g_group	test_A_loo	HG00253	EUR	A	HLA-A*01:01:01;HLA-A*25:01:01	1	1	2
g_group	test_A_loo	HG00253	EUR	B	HLA-B*58:01:01;HLA-B*07:02:01	1	1	2
g_group	test_A_loo	HG00253	EUR	C	HLA-C*07:02:01;HLA-C*07:18:01	1	1	2
g_group	test_A_loo	HG00253	EUR	DRB1	HLA-DRB1*13:03:01;HLA-DRB1*15:01:01	1	1	2
g_group	test_A_loo	HG00253	EUR	DQB1	HLA-DQB1*06:02:01;HLA-DQB1*03:01:01	1	1	2
g_group	test_A_loo	HG00272	EUR	A	HLA-A*32:01:01;HLA-A*01:01:01	1	1	2
g_group	test_A_loo	HG00272	EUR	B	HLA-B*08:01:01;HLA-B*15:01:01	1	1	2
g_group	test_A_loo	HG00272	EUR	C	HLA-C*03:03:01;HLA-C*07:01:01	1	1	2
g_group	test_A_loo	HG00272	EUR	DRB1	HLA-DRB1*03:01:01;HLA-DRB1*13:01:01	1	1	2
g_group	test_A_loo	HG00272	EUR	DQB1	HLA-DQB1*02:01:01;HLA-DQB1*06:03:01	1	1	2
g_group	test_A_loo	HG00280	EUR	A	HLA-A*03:01:01;HLA-A*02:01:01	1	1	2
g_group	test_A_loo	HG00280	EUR	B	HLA-B*08:01:01;HLA-B*27:05:02	1	1	2
g_group	test_A_loo	HG00280	EUR	C	HLA-C*07:01:01;HLA-C*01:02:01	1	1	2
g_group	test_A_loo	HG00280	EUR	DRB1	HLA-DRB1*03:01:01;HLA-DRB1*12:01:01	1	1	2
g_group	test_A_loo	HG00280	EUR	DQB1	HLA-DQB1*02:01:01;HLA-DQB1*03:01:01	1	1	2
g_group	test_A_loo	HG00320	EUR	A	HLA-A*30:01:01;HLA-A*03:01:01	1	1	2
g_group	test_A_loo	HG00320	EUR	B	HLA-B*15:01:01,HLA-B*15:01:84,HLA-B*15:542,HLA-B*15:632;HLA-B*35:01:01	1	1	2
g_group	test_A_loo	HG00320	EUR	C	HLA-C*03:03:01;HLA-C*03:03:01	1	1	2
g_group	test_A_loo	HG00320	EUR	DRB1	HLA-DRB1*08:01:01;HLA-DRB1*08:01:01	1	1	2
g_group	test_A_loo	HG00320	EUR	DQB1	HLA-DQB1*04:02:01;HLA-DQB1*04:02:01	1	1	2
g_group	test_A_loo	HG00321	EUR	A	HLA-A*02:01:01;HLA-A*02:01:01	1	1	2
g_group	test_A_loo	HG00321	EUR	B	HLA-B*40:01:02;HLA-B*15:01:01	1	1	2
g_group	test_A_loo	HG00321	EUR	C	HLA-C*03:04:01;HLA-C*03:03:01	1	1	2
g_group	test_A_loo	HG00321	EUR	DRB1	HLA-DRB1*15:01:01;HLA-DRB1*08:01:01	1	1	2
g_group	test_A_loo	HG00321	EUR	DQB1	HLA-DQB1*04:02:01;HLA-DQB1*05:03:01	1	1	2
g_group	test_A_loo	HG00323	EUR	A	HLA-A*24:02:01;HLA-A*24:02:01	1	1	2
g_group	test_A_loo	HG00323	EUR	B	HLA-B*40:01:02;HLA-B*18:01:01,HLA-B*18:01:26	1	1	2
g_group	test_A_loo	HG00323	EUR	C	HLA-C*03:04:01;HLA-C*12:03:01	1	1	2
g_group	test_A_loo	HG00323	EUR	DRB1	HLA-DRB1*15:01:01;HLA-DRB1*13:02:01	1	1	2
g_group	test_A_loo	HG00323	EUR	DQB1	HLA-DQB1*06:02:01;HLA-DQB1*06:04:01	1	1	2
g_group	test_A_loo	HG00329	EUR	A	HLA-A*31:01:02;HLA-A*02:01:01	1	1	2
g_group	test_A_loo	HG00329	EUR	B	HLA-B*15:01:01,HLA-B*15:01:60,HLA-B*15:01:70,HLA-B*15:01:84,HLA-B*15:456,HLA-B*15:457,HLA-B*15:465,HLA-B*15:535,HLA-B*15:542,HLA-B*15:632;HLA-B*51:224	1	1	2
g_group	test_A_loo	HG00329	EUR	C	HLA-C*03:03:01;HLA-C*15:02:01	1	1	2
g_group	test_A_loo	HG00329	EUR	DRB1	HLA-DRB1*01:01:01;HLA-DRB1*13:01:01	1	1	2
g_group	test_A_loo	HG00329	EUR	DQB1	HLA-DQB1*06:03:01;HLA-DQB1*05:01:01	1	1	2
g_group	test_A_loo	HG00344	EUR	A	HLA-A*03:01:01;HLA-A*02:01:01	1	1	2
g_group	test_A_loo	HG00344	EUR	B	HLA-B*07:02:01;HLA-B*07:02:01	1	1	2
g_group	test_A_loo	HG00344	EUR	C	HLA-C*07:02:01;HLA-C*07:02:01	1	1	2
g_group	test_A_loo	HG00344	EUR	DRB1	HLA-DRB1*15:01:01;HLA-DRB1*15:01:01	1	1	2
g_group	test_A_loo	HG00344	EUR	DQB1	HLA-DQB1*06:02:01;HLA-DQB1*06:02:01	1	1	2
g_group	test_A_loo	HG00350	EUR	A	HLA-A*02:01:01;HLA-A*02:01:01	1	1	2
g_group	test_A_loo	HG00350	EUR	B	HLA-B*15:01:01;HLA-B*15:01:01	1	1	2
g_group	test_A_loo	HG00350	EUR	C	HLA-C*03:04:01;HLA-C*04:01:01,HLA-C*04:275:01	1	1	2
g_group	test_A_loo	HG00350	EUR	DRB1	HLA-DRB1*01:01:01;HLA-DRB1*04:01:01	1	1	2
g_group	test_A_loo	HG00350	EUR	DQB1	HLA-DQB1*05:01:01;HLA-DQB1*03:02:01	1	1	2
g_group	test_A_loo	HG01167	AMR	A	HLA-A*29:02:01;HLA-A*02:11:01	1	1	2
g_group	test_A_loo	HG01167	AMR	B	HLA-B*48:02:01;HLA-B*45:01:01	1	1	2
g_group	test_A_loo	HG01167	AMR	C	HLA-C*16:01:01;HLA-C*04:01:01	1	1	2
g_group	test_A_loo	HG01167	AMR	DRB1	HLA-DRB1*15:01:01;HLA-DRB1*04:11:01	1	1	2
g_group	test_A_loo	HG01167	AMR	DQB1	HLA-DQB1*06:02:01;HLA-DQB1*03:02:01	1	1	2
g_group	test_A_loo	NA18505	AFR	A	HLA-A*26:01:46;HLA-A*74:01:01	1	1	2
g_group	test_A_loo	NA18505	AFR	B	HLA-B*53:01:01;HLA-B*15:03:01	1	1	2
g_group	test_A_loo	NA18505	AFR	C	HLA-C*07:01:01;HLA-C*02:10:01	1	1	2
g_group	test_A_loo	NA18505	AFR	DRB1	HLA-DRB1*15:03:01;HLA-DRB1*03:01:01	1	1	2
g_group	test_A_loo	NA18505	AFR	DQB1	HLA-DQB1*02:01:01;HLA-DQB1*06:02:01	1	1	2
g_group	test_A_loo	NA18508	AFR	A	HLA-A*68:02:01;HLA-A*33:03:01	1	1	2
g_group	test_A_loo	NA18508	AFR	B	HLA-B*42:01:01;HLA-B*53:01:01	1	1	2
g_group	test_A_loo	NA18508	AFR	C	HLA-C*04:01:01;HLA-C*17:01:01	1	1	2
g_group	test_A_loo	NA18508	AFR	DRB1	HLA-DRB1*03:02:01;HLA-DRB1*13:03:01	1	1	2
g_group	test_A_loo	NA18508	AFR	DQB1	HLA-DQB1*04:02:01;HLA-DQB1*02:02:01	1	1	2
g_group	test_A_loo	NA18522	AFR	A	HLA-A*36:01:01;HLA-A*03:01:01	1	1	2
g_group	test_A_loo	NA18522	AFR	B	HLA-B*15:03:01;HLA-B*49:01:01	1	1	2
g_group	test_A_loo	NA18522	AFR	C	HLA-C*07:01:02;HLA-C*02:10:01	1	1	2
g_group	test_A_loo	NA18522	AFR	DRB1	HLA-DRB1*13:03:01;HLA-DRB1*13:01:01	1	1	2
g_group	test_A_loo	NA18522	AFR	DQB1	HLA-DQB1*03:01:01;HLA-DQB1*06:04:01	1	1	2
g_group	test_A_loo	NA18570	EAS	A	HLA-A*02:06:01;HLA-A*02:01:01	1	1	2
g_group	test_A_loo	NA18570	EAS	B	HLA-B*15:11:01;HLA-B*15:542	1	1	2
g_group	test_A_loo	NA18570	EAS	C	HLA-C*03:03:01;HLA-C*03:03:01	1	1	2
g_group	test_A_loo	NA18570	EAS	DRB1	HLA-DRB1*11:01:01;HLA-DRB1*04:04:01	1	1	2
g_group	test_A_loo	NA18570	EAS	DQB1	HLA-DQB1*03:02:01;HLA-DQB1*03:01:01	1	1	2
g_group	test_A_loo	NA18608	EAS	A	HLA-A*24:02:01;HLA-A*31:01:02	1	1	2
g_group	test_A_loo	NA18608	EAS	B	HLA-B*48:01:01;HLA-B*51:01:01,HLA-B*51:01:64	1	1	2
g_group	test_A_loo	NA18608	EAS	C	HLA-C*08:01:01;HLA-C*15:02:01	1	1	2
g_group	test_A_loo	NA18608	EAS	DRB1	HLA-DRB1*14:05:01;HLA-DRB1*14:07:01	1	0	0
g_group	test_A_loo	NA18608	EAS	DQB1	HLA-DQB1*05:03:01;HLA-DQB1*05:03:01	1	1	2
g_group	test_A_loo	NA18620	EAS	A	HLA-A*32:01:01;HLA-A*02:01:01	1	1	2
g_group	test_A_loo	NA18620	EAS	B	HLA-B*40:01:02;HLA-B*48:01:01	1	1	2
g_group	test_A_loo	NA18620	EAS	C	HLA-C*07:02:01;HLA-C*04:82:01	1	1	2
g_group	test_A_loo	NA18620	EAS	DRB1	HLA-DRB1*12:02:01;HLA-DRB1*12:01:01	1	1	2
g_group	test_A_loo	NA18620	EAS	DQB1	HLA-DQB1*03:01:01;HLA-DQB1*03:01:01	1	1	2
g_group	test_A_loo	NA18747	EAS	A	HLA-A*01:01:01;HLA-A*02:01:01	1	1	2
g_group	test_A_loo	NA18747	EAS	B	HLA-B*15:27:01;HLA-B*35:03:01	1	1	2
g_group	test_A_loo	NA18747	EAS	C	HLA-C*04:01:01;HLA-C*04:01:01	1	1	2
g_group	test_A_loo	NA18747	EAS	DRB1	HLA-DRB1*15:01:01;HLA-DRB1*14:05:01	1	1	2
g_group	test_A_loo	NA18747	EAS	DQB1	HLA-DQB1*05:03:01;HLA-DQB1*06:02:01	1	1	2
g_group	test_A_loo	NA18940	EAS	A	HLA-A*24:02:01;HLA-A*24:02:01	1	1	2
g_group	test_A_loo	NA18940	EAS	B	HLA-B*46:01:01;HLA-B*52:01:01	1	1	2
g_group	test_A_loo	NA18940	EAS	C	HLA-C*01:03:01;HLA-C*12:02:02	1	1	2
g_group	test_A_loo	NA18940	EAS	DRB1	HLA-DRB1*08:02:01;HLA-DRB1*15:02:01	1	1	2
g_group	test_A_loo	NA18943	EAS	A	HLA-A*02:06:01;HLA-A*02:07:01	1	0	1
g_group	test_A_loo	NA18943	EAS	B	HLA-B*35:01:01;HLA-B*46:01:01	1	1	2
g_group	test_A_loo	NA18943	EAS	C	HLA-C*03:03:01;HLA-C*01:02:01	1	1	2
g_group	test_A_loo	NA18943	EAS	DRB1	HLA-DRB1*08:03:02;HLA-DRB1*08:02:01	1	0	1
g_group	test_A_loo	NA18944	EAS	A	HLA-A*02:06:01;HLA-A*24:02:01	1	1	2
g_group	test_A_loo	NA18944	EAS	B	HLA-B*40:02:01;HLA-B*51:01:01	1	1	2
g_group	test_A_loo	NA18944	EAS	C	HLA-C*14:02:01;HLA-C*03:04:01	1	1	2
g_group	test_A_loo	NA18944	EAS	DRB1	HLA-DRB1*08:02:01;HLA-DRB1*12:01:01	1	1	2
g_group	test_A_loo	NA18944	EAS	DQB1	HLA-DQB1*03:02:01;HLA-DQB1*03:02:01	1	1	2
g_group	test_A_loo	NA18945	EAS	A	HLA-A*33:03:01;HLA-A*31:01:02	1	1	2
g_group	test_A_loo	NA18945	EAS	B	HLA-B*44:03:01;HLA-B*15:01:01	1	1	2
g_group	test_A_loo	NA18945	EAS	C	HLA-C*14:03:01;HLA-C*07:02:01	1	1	2
g_group	test_A_loo	NA18945	EAS	DRB1	HLA-DRB1*13:02:01;HLA-DRB1*09:01:02	1	1	2
g_group	test_A_loo	NA18945	EAS	DQB1	HLA-DQB1*03:03:02;HLA-DQB1*06:04:01	1	1	2
g_group	test_A_loo	NA18948	EAS	A	HLA-A*26:01:01;HLA-A*30:01:01	1	1	2
g_group	test_A_loo	NA18948	EAS	B	HLA-B*13:02:01;HLA-B*07:02:01	1	1	2
g_group	test_A_loo	NA18948	EAS	C	HLA-C*07:02:01;HLA-C*06:02:01	1	1	2
g_group	test_A_loo	NA18948	EAS	DRB1	HLA-DRB1*07:01:01;HLA-DRB1*01:01:01	1	1	2
g_group	test_A_loo	NA18948	EAS	DQB1	HLA-DQB1*05:01:01;HLA-DQB1*02:02:01	1	1	2
g_group	test_A_loo	NA18952	EAS	A	HLA-A*31:01:02;HLA-A*24:02:01	1	1	2
g_group	test_A_loo	NA18952	EAS	B	HLA-B*51:01:01;HLA-B*07:02:01	1	1	2
g_group	test_A_loo	NA18952	EAS	C	HLA-C*07:02:01;HLA-C*14:02:01	1	1	2
g_group	test_A_loo	NA18952	EAS	DRB1	HLA-DRB1*09:01:02;HLA-DRB1*14:54:01	1	1	2
g_group	test_A_loo	NA18952	EAS	DQB1	HLA-DQB1*05:03:01;HLA-DQB1*03:03:02	1	1	2
g_group	test_A_loo	NA18959	EAS	A	HLA-A*11:01:01;HLA-A*24:02:01	1	1	2
g_group	test_A_loo	NA18959	EAS	B	HLA-B*67:01:01;HLA-B*52:01:01	1	1	2
g_group	test_A_loo	NA18959	EAS	C	HLA-C*07:02:01;HLA-C*12:02:02	1	1	2
g_group	test_A_loo	NA18959	EAS	DRB1	HLA-DRB1*15:01:01;HLA-DRB1*15:02:01	1	1	2
g_group	test_A_loo	NA18959	EAS	DQB1	HLA-DQB1*06:01:01;HLA-DQB1*06:02:01	1	1	2
g_group	test_A_loo	NA18960	EAS	A	HLA-A*24:02:01;HLA-A*24:02:01	1	1	2
g_group	test_A_loo	NA18960	EAS	B	HLA-B*40:06:01;HLA-B*54:01:01	1	1	2
g_group	test_A_loo	NA18960	EAS	C	HLA-C*01:02:01;HLA-C*08:01:01	1	1	2
g_group	test_A_loo	NA18960	EAS	DRB1	HLA-DRB1*09:01:02;HLA-DRB1*04:05:01	1	1	2
g_group	test_A_loo	NA18960	EAS	DQB1	HLA-DQB1*03:03:02;HLA-DQB1*04:01:01	1	1	2
g_group	test_A_loo	NA18967	EAS	A	HLA-A*24:02:01;HLA-A*24:02:01	1	1	2
g_group	test_A_loo	NA18967	EAS	B	HLA-B*40:02:01;HLA-B*51:01:01	1	1	2
g_group	test_A_loo	NA18967	EAS	C	HLA-C*03:04:01;HLA-C*14:02:01	1	1	2
g_group	test_A_loo	NA18967	EAS	DRB1	HLA-DRB1*09:01:02;HLA-DRB1*14:05:01	1	1	2
g_group	test_A_loo	NA18967	EAS	DQB1	HLA-DQB1*03:03:02;HLA-DQB1*05:03:01	1	1	2
g_group	test_A_loo	NA18970	EAS	A	HLA-A*24:02:01;HLA-A*26:01:01	1	1	2
g_group	test_A_loo	NA18970	EAS	B	HLA-B*15:18:01;HLA-B*54:01:01	1	1	2
g_group	test_A_loo	NA18970	EAS	C	HLA-C*07:04:01;HLA-C*01:02:01	1	1	2
g_group	test_A_loo	NA18970	EAS	DRB1	HLA-DRB1*14:05:01;HLA-DRB1*04:01:01	1	1	2
g_group	test_A_loo	NA18970	EAS	DQB1	HLA-DQB1*05:03:01;HLA-DQB1*03:01:01	1	1	2
g_group	test_A_loo	NA18971	EAS	A	HLA-A*02:06:01;HLA-A*24:02:01	1	1	2
g_group	test_A_loo	NA18971	EAS	B	HLA-B*40:02:01;HLA-B*40:02:01	1	1	2
g_group	test_A_loo	NA18971	EAS	C	HLA-C*07:02:01;HLA-C*03:04:01	1	1	2
g_group	test_A_loo	NA18971	EAS	DRB1	HLA-DRB1*09:01:02;HLA-DRB1*14:54:01	1	1	2
g_group	test_A_loo	NA18971	EAS	DQB1	HLA-DQB1*03:03:02;HLA-DQB1*05:03:01	1	1	2
g_group	test_A_loo	NA18974	EAS	A	HLA-A*26:01:01;HLA-A*02:01:01	1	1	2
g_group	test_A_loo	NA18974	EAS	B	HLA-B*40:01:02;HLA-B*39:01:03	1	1	2
g_group	test_A_loo	NA18974	EAS	C	HLA-C*07:02:01;HLA-C*07:02:01	1	1	2
g_group	test_A_loo	NA18974	EAS	DRB1	HLA-DRB1*09:01:02;HLA-DRB1*15:01:01	1	1	2
g_group	test_A_loo	NA18974	EAS	DQB1	HLA-DQB1*06:02:01;HLA-DQB1*03:03:02	1	1	2
g_group	test_A_loo	NA18976	EAS	A	HLA-A*33:03:01;HLA-A*33:03:01	1	1	2
g_group	test_A_loo	NA18976	EAS	B	HLA-B*44:03:01;HLA-B*44:03:01	1	1	2
g_group	test_A_loo	NA18976	EAS	C	HLA-C*14:03:01;HLA-C*14:03:01	1	1	2
g_group	test_A_loo	NA18976	EAS	DRB1	HLA-DRB1*13:02:01;HLA-DRB1*13:02:01	1	1	2
g_group	test_A_loo	NA18976	EAS	DQB1	HLA-DQB1*06:04:01;HLA-DQB1*06:04:01	1	1	2
g_group	test_A_loo	NA18990	EAS	A	HLA-A*33:03:01;HLA-A*24:02:01	1	1	2
g_group	test_A_loo	NA18990	EAS	B	HLA-B*40:02:01;HLA-B*44:03:01	1	1	2
g_group	test_A_loo	NA18990	EAS	C	HLA-C*14:03:01;HLA-C*03:03:01	1	1	2
g_group	test_A_loo	NA18990	EAS	DRB1	HLA-DRB1*09:01:02;HLA-DRB1*13:02:01	1	1	2
g_group	test_A_loo	NA18990	EAS	DQB1	HLA-DQB1*06:04:01;HLA-DQB1*03:03:02	1	1	2
g_group	test_A_loo	NA19007	EAS	A	HLA-A*26:03:01;HLA-A*02:07:01	1	0	1
g_group	test_A_loo	NA19007	EAS	B	HLA-B*46:01:01;HLA-B*35:01:01	1	1	2
g_group	test_A_loo	NA19007	EAS	C	HLA-C*03:03:01;HLA-C*01:02:01,HLA-C*01:172	1	1	2
g_group	test_A_loo	NA19007	EAS	DRB1	HLA-DRB1*08:03:02;HLA-DRB1*09:01:02	1	1	2
g_group	test_A_loo	NA19007	EAS	DQB1	HLA-DQB1*03:03:02;HLA-DQB1*06:01:01	1	1	2
g_group	test_A_loo	NA19036	AFR	A	HLA-A*36:01:01;HLA-A*02:02:01	1	1	2
g_group	test_A_loo	NA19036	AFR	B	HLA-B*58:02:01;HLA-B*53:01:01	1	1	2
g_group	test_A_loo	NA19036	AFR	C	HLA-C*06:02:01;HLA-C*04:01:01	1	1	2
g_group	test_A_loo	NA19036	AFR	DRB1	HLA-DRB1*11:01:02;HLA-DRB1*12:01:01	1	1	2
g_group	test_A_loo	NA19036	AFR	DQB1	HLA-DQB1*05:01:01;HLA-DQB1*06:02:01	1	1	2
g_group	test_A_loo	NA19066	EAS	A	HLA-A*24:02:01;HLA-A*31:01:02	1	1	2
g_group	test_A_loo	NA19066	EAS	B	HLA-B*52:01:01;HLA-B*51:01:01	1	1	2
g_group	test_A_loo	NA19066	EAS	C	HLA-C*14:02:01;HLA-C*12:02:02	1	1	2
g_group	test_A_loo	NA19066	EAS	DRB1	HLA-DRB1*07:01:01;HLA-DRB1*15:02:01	1	1	2
g_group	test_A_loo	NA19066	EAS	DQB1	HLA-DQB1*02:02:01;HLA-DQB1*06:01:01	1	1	2
g_group	test_A_loo	NA19079	EAS	A	HLA-A*24:02:01;HLA-A*33:03:01	1	1	2
g_group	test_A_loo	NA19079	EAS	B	HLA-B*48:01:01;HLA-B*44:03:01	1	1	2
g_group	test_A_loo	NA19079	EAS	C	HLA-C*14:03:01;HLA-C*08:01:01	1	1	2
g_group	test_A_loo	NA19079	EAS	DRB1	HLA-DRB1*04:03:01;HLA-DRB1*13:02:01	1	1	2
g_group	test_A_loo	NA19079	EAS	DQB1	HLA-DQB1*03:02:01;HLA-DQB1*06:04:01	1	1	2
g_group	test_A_loo	NA19087	EAS	A	HLA-A*33:03:01;HLA-A*02:01:01	1	1	2
g_group	test_A_loo	NA19087	EAS	B	HLA-B*35:01:01;HLA-B*44:03:01	1	1	2
g_group	test_A_loo	NA19087	EAS	C	HLA-C*14:03:01;HLA-C*03:03:01	1	1	2
g_group	test_A_loo	NA19087	EAS	DRB1	HLA-DRB1*13:02:01;HLA-DRB1*04:10:03	1	1	2
g_group	test_A_loo	NA19087	EAS	DQB1	HLA-DQB1*04:02:01;HLA-DQB1*06:04:01	1	1	2
g_group	test_A_loo	NA19088	EAS	A	HLA-A*26:03:01;HLA-A*24:02:01	1	1	2
g_group	test_A_loo	NA19088	EAS	B	HLA-B*15:01:01;HLA-B*15:07:01	1	1	2
g_group	test_A_loo	NA19088	EAS	C	HLA-C*03:03:01;HLA-C*03:03:01	1	1	2
g_group	test_A_loo	NA19088	EAS	DRB1	HLA-DRB1*04:03:01;HLA-DRB1*14:03:01	1	1	2
g_group	test_A_loo	NA19088	EAS	DQB1	HLA-DQB1*03:02:01;HLA-DQB1*03:01:01	1	1	2
g_group	test_A_loo	NA19159	AFR	A	HLA-A*23:01:01;HLA-A*03:01:01	1	1	2
g_group	test_A_loo	NA19159	AFR	B	HLA-B*52:01:02;HLA-B*57:02:01	1	1	2
g_group	test_A_loo	NA19159	AFR	C	HLA-C*18:02:01;HLA-C*16:01:01	1	1	2
g_group	test_A_loo	NA19159	AFR	DRB1	HLA-DRB1*07:01:01;HLA-DRB1*13:01:01	1	0	1
g_group	test_A_loo	NA19159	AFR	DQB1	HLA-DQB1*02:02:01;HLA-DQB1*06:03:01	1	1	2
g_group	test_A_loo	NA19391	AFR	A	HLA-A*66:02:01;HLA-A*34:02:01	1	1	2
g_group	test_A_loo	NA19391	AFR	B	HLA-B*57:03:01,HLA-B*57:03:08;HLA-B*53:01:01	1	1	2
g_group	test_A_loo	NA19391	AFR	C	HLA-C*07:01:02;HLA-C*06:02:01	1	1	2
g_group	test_A_loo	NA19391	AFR	DRB1	HLA-DRB1*14:54:01;HLA-DRB1*11:334	1	1	2
g_group	test_A_loo	NA19391	AFR	DQB1	HLA-DQB1*03:02:01;HLA-DQB1*03:01:01	1	1	2
g_group	test_A_loo	NA19443	AFR	A	HLA-A*68:02:01;HLA-A*30:01:01	1	1	2
g_group	test_A_loo	NA19443	AFR	B	HLA-B*08:01:01;HLA-B*53:01:01	1	1	2
g_group	test_A_loo	NA19443	AFR	C	HLA-C*07:02:01;HLA-C*04:01:01	1	1	2
g_group	test_A_loo	NA19443	AFR	DRB1	HLA-DRB1*13:02:01;HLA-DRB1*08:04:01	1	1	2
g_group	test_A_loo	NA19443	AFR	DQB1	HLA-DQB1*06:09:01;HLA-DQB1*03:01:04	1	1	2
g_group	test_A_loo	NA19468	AFR	A	HLA-A*66:01:01;HLA-A*74:01:01	1	1	2
g_group	test_A_loo	NA19468	AFR	B	HLA-B*81:01:01;HLA-B*81:01:01	1	1	2
g_group	test_A_loo	NA19468	AFR	C	HLA-C*18:01:01;HLA-C*18:01:01	1	1	2
g_group	test_A_loo	NA19468	AFR	DRB1	HLA-DRB1*10:01:01;HLA-DRB1*13:01:01	1	1	2
g_group	test_A_loo	NA19468	AFR	DQB1	HLA-DQB1*05:01:01;HLA-DQB1*06:02:01	1	1	2
g_group	test_A_loo	NA19682	AMR	A	HLA-A*30:01:01;HLA-A*02:06:01	1	1	2
g_group	test_A_loo	NA19682	AMR	B	HLA-B*47:01:01;HLA-B*35:17:01	1	1	2
g_group	test_A_loo	NA19682	AMR	C	HLA-C*03:03:01;HLA-C*06:02:01	1	1	2
g_group	test_A_loo	NA19682	AMR	DRB1	HLA-DRB1*03:01:01;HLA-DRB1*14:02:01	1	1	2
g_group	test_A_loo	NA19682	AMR	DQB1	HLA-DQB1*02:01:01;HLA-DQB1*03:04:01	1	1	2
g_group	test_A_loo	NA19700	AFR	A	HLA-A*03:01:01;HLA-A*30:01:01	1	1	2
g_group	test_A_loo	NA19700	AFR	B	HLA-B*15:10:01;HLA-B*42:01:01	1	1	2
g_group	test_A_loo	NA19700	AFR	C	HLA-C*17:01:01;HLA-C*08:04:01	1	1	2
g_group	test_A_loo	NA19700	AFR	DRB1	HLA-DRB1*11:04:02;HLA-DRB1*09:01:02	1	1	2
g_group	test_A_loo	NA19700	AFR	DQB1	HLA-DQB1*05:02:01;HLA-DQB1*02:02:01	1	1	2
g_group	test_A_loo	NA19776	AMR	A	HLA-A*24:02:01;HLA-A*31:01:02	1	1	2
g_group	test_A_loo	NA19776	AMR	B	HLA-B*35:01:01;HLA-B*07:02:01	1	1	2
g_group	test_A_loo	NA19776	AMR	C	HLA-C*07:02:01;HLA-C*04:01:01	1	1	2
g_group	test_A_loo	NA19776	AMR	DRB1	HLA-DRB1*04:03:01;HLA-DRB1*14:06:01	1	1	2
g_group	test_A_loo	NA19776	AMR	DQB1	HLA-DQB1*03:02:01;HLA-DQB1*03:01:01	1	1	2
g_group	test_A_loo	NA19835	AFR	A	HLA-A*24:02:01;HLA-A*02:01:01	1	1	2
g_group	test_A_loo	NA19835	AFR	B	HLA-B*50:01:01;HLA-B*53:01:01	1	1	2
g_group	test_A_loo	NA19835	AFR	C	HLA-C*06:02:01;HLA-C*04:01:01	1	1	2
g_group	test_A_loo	NA19835	AFR	DRB1	HLA-DRB1*08:04:01;HLA-DRB1*14:54:01	1	1	2
g_group	test_A_loo	NA19835	AFR	DQB1	HLA-DQB1*05:01:01;HLA-DQB1*03:19:01	1	1	2
g_group	test_A_loo	NA19909	AFR	A	HLA-A*30:01:01;HLA-A*30:01:01	1	1	2
g_group	test_A_loo	NA19909	AFR	B	HLA-B*42:01:01;HLA-B*42:01:01	1	1	2
g_group	test_A_loo	NA19909	AFR	C	HLA-C*17:01:01;HLA-C*17:01:01	1	1	2
g_group	test_A_loo	NA19909	AFR	DRB1	HLA-DRB1*03:02:01;HLA-DRB1*03:02:01	1	1	2
g_group	test_A_loo	NA19909	AFR	DQB1	HLA-DQB1*04:02:01;HLA-DQB1*04:02:01	1	1	2
g_group	test_A_loo	NA20282	AFR	A	HLA-A*23:01:01;HLA-A*03:01:01	1	1	2
g_group	test_A_loo	NA20282	AFR	B	HLA-B*81:01:01;HLA-B*53:01:01	1	1	2
g_group	test_A_loo	NA20282	AFR	C	HLA-C*04:01:01;HLA-C*08:04:01	1	1	2
g_group	test_A_loo	NA20282	AFR	DRB1	HLA-DRB1*08:04:01;HLA-DRB1*03:02:01	1	1	2
g_group	test_A_loo	NA20282	AFR	DQB1	HLA-DQB1*04:02:01;HLA-DQB1*03:01:04	1	1	2
g_group	test_A_loo	NA20346	AFR	A	HLA-A*68:02:01;HLA-A*30:02:01	1	1	2
g_group	test_A_loo	NA20346	AFR	B	HLA-B*53:01:01;HLA-B*15:10:01	1	1	2
g_group	test_A_loo	NA20346	AFR	C	HLA-C*08:04:01;HLA-C*04:01:01	1	1	2
g_group	test_A_loo	NA20346	AFR	DRB1	HLA-DRB1*13:03:01;HLA-DRB1*13:02:01	1	1	2
g_group	test_A_loo	NA20346	AFR	DQB1	HLA-DQB1*06:04:01;HLA-DQB1*02:02:01	1	1	2
g_group	test_A_loo	NA20752	EUR	A	HLA-A*26:01:01;HLA-A*24:02:01	1	1	2
g_group	test_A_loo	NA20752	EUR	B	HLA-B*13:02:01;HLA-B*51:01:01	1	1	2
g_group	test_A_loo	NA20752	EUR	C	HLA-C*14:02:01;HLA-C*06:02:01	1	1	2
g_group	test_A_loo	NA20752	EUR	DRB1	HLA-DRB1*01:01:01;HLA-DRB1*07:01:01	1	1	2
g_group	test_A_loo	NA20752	EUR	DQB1	HLA-DQB1*05:01:01;HLA-DQB1*03:01:01	1	1	2
g_group	test_A_loo	NA20799	EUR	A	HLA-A*03:01:01;HLA-A*03:01:01	1	1	2
g_group	test_A_loo	NA20799	EUR	B	HLA-B*57:02:01;HLA-B*15:18:01,HLA-B*15:548	1	1	2
g_group	test_A_loo	NA20799	EUR	C	HLA-C*18:02:01,HLA-C*18:02:04;HLA-C*03:03:01	1	1	2
g_group	test_A_loo	NA20799	EUR	DRB1	HLA-DRB1*01:02:01;HLA-DRB1*11:01:01	1	1	2
g_group	test_A_loo	NA20799	EUR	DQB1	HLA-DQB1*05:01:01;HLA-DQB1*03:01:01	1	1	2
g_group	test_A_loo	NA20805	EUR	A	HLA-A*30:02:01;HLA-A*24:02:01	1	1	2
g_group	test_A_loo	NA20805	EUR	B	HLA-B*18:01:01;HLA-B*44:02:01	1	1	2
g_group	test_A_loo	NA20805	EUR	C	HLA-C*05:37;HLA-C*16:04:01	1	1	2
g_group	test_A_loo	NA20805	EUR	DRB1	HLA-DRB1*03:01:01;HLA-DRB1*11:04:01	1	1	2
g_group	test_A_loo	NA20805	EUR	DQB1	HLA-DQB1*03:03:02;HLA-DQB1*03:01:01	1	1	2
g_group	test_A_loo	NA20806	EUR	A	HLA-A*26:01:01;HLA-A*02:01:01	1	1	2
g_group	test_A_loo	NA20806	EUR	B	HLA-B*35:03:01;HLA-B*51:01:01	1	1	2
g_group	test_A_loo	NA20806	EUR	C	HLA-C*07:02:01;HLA-C*04:01:01	1	1	2
g_group	test_A_loo	NA20806	EUR	DRB1	HLA-DRB1*15:01:01;HLA-DRB1*15:01:01	1	1	2
g_group	test_A_loo	NA20806	EUR	DQB1	HLA-DQB1*06:02:01;HLA-DQB1*06:02:01	1	1	2
g_group	test_A_loo	NA20809	EUR	A	HLA-A*29:02:01;HLA-A*03:01:01	1	1	2
g_group	test_A_loo	NA20809	EUR	B	HLA-B*07:02:01;HLA-B*44:03:01	1	1	2
g_group	test_A_loo	NA20809	EUR	C	HLA-C*07:02:01;HLA-C*16:01:01	1	1	2
g_group	test_A_loo	NA20809	EUR	DRB1	HLA-DRB1*01:01:01;HLA-DRB1*04:04:01	1	1	2
g_group	test_A_loo	NA20809	EUR	DQB1	HLA-DQB1*03:02:01;HLA-DQB1*05:01:01	1	1	2
g_group	test_B_gourraud	HG00096	EUR	A	HLA-A*29:02:01;HLA-A*01:01:01	1	1	2
g_group	test_B_gourraud	HG00096	EUR	B	HLA-B*08:01:01;HLA-B*44:03:01	1	1	2
g_group	test_B_gourraud	HG00096	EUR	C	HLA-C*07:01:01;HLA-C*16:01:01	1	1	2
g_group	test_B_gourraud	HG00096	EUR	DRB1	HLA-DRB1*07:01:01;HLA-DRB1*03:01:01	1	1	2
g_group	test_B_gourraud	HG00096	EUR	DQB1	HLA-DQB1*02:01:01;HLA-DQB1*02:02:01	1	1	2
g_group	test_B_gourraud	HG00100	EUR	A	HLA-A*01:01:01;HLA-A*01:01:01	1	1	2
g_group	test_B_gourraud	HG00100	EUR	B	HLA-B*57:01:01;HLA-B*08:01:01	1	1	2
g_group	test_B_gourraud	HG00100	EUR	C	HLA-C*07:01:01;HLA-C*06:02:01	1	1	2
g_group	test_B_gourraud	HG00100	EUR	DRB1	HLA-DRB1*07:01:01;HLA-DRB1*03:01:01	1	1	2
g_group	test_B_gourraud	HG00100	EUR	DQB1	HLA-DQB1*02:01:01;HLA-DQB1*03:03:02	1	1	2
g_group	test_B_gourraud	HG00101	EUR	A	HLA-A*11:01:01;HLA-A*32:01:01	1	1	2
g_group	test_B_gourraud	HG00101	EUR	B	HLA-B*27:05:02;HLA-B*57:01:01	1	1	2
g_group	test_B_gourraud	HG00101	EUR	C	HLA-C*02:02:02;HLA-C*06:02:01	1	1	2
g_group	test_B_gourraud	HG00101	EUR	DRB1	HLA-DRB1*15:01:01;HLA-DRB1*04:04:01	1	1	2
g_group	test_B_gourraud	HG00101	EUR	DQB1	HLA-DQB1*06:02:01;HLA-DQB1*03:02:01	1	1	2
g_group	test_B_gourraud	HG00102	EUR	A	HLA-A*01:01:01;HLA-A*01:01:01	1	1	2
g_group	test_B_gourraud	HG00102	EUR	B	HLA-B*08:01:01;HLA-B*07:02:01	1	1	2
g_group	test_B_gourraud	HG00102	EUR	C	HLA-C*07:02:01;HLA-C*07:01:01	1	1	2
g_group	test_B_gourraud	HG00102	EUR	DRB1	HLA-DRB1*01:01:01;HLA-DRB1*12:01:01	1	1	2
g_group	test_B_gourraud	HG00102	EUR	DQB1	HLA-DQB1*05:01:01;HLA-DQB1*03:01:01	1	1	2
g_group	test_B_gourraud	HG00103	EUR	A	HLA-A*11:01:01;HLA-A*02:01:01	1	1	2
g_group	test_B_gourraud	HG00103	EUR	B	HLA-B*40:01:02;HLA-B*35:01:01	1	1	2
g_group	test_B_gourraud	HG00103	EUR	C	HLA-C*03:04:01;HLA-C*04:01:01	1	1	2
g_group	test_B_gourraud	HG00103	EUR	DRB1	HLA-DRB1*13:02:01;HLA-DRB1*01:01:01	1	1	2
g_group	test_B_gourraud	HG00103	EUR	DQB1	HLA-DQB1*06:04:01;HLA-DQB1*05:01:01	1	1	2
g_group	test_B_gourraud	HG00105	EUR	A	HLA-A*03:01:01;HLA-A*02:01:01	1	1	2
g_group	test_B_gourraud	HG00105	EUR	B	HLA-B*44:03:01;HLA-B*07:02:01	1	1	2
g_group	test_B_gourraud	HG00105	EUR	C	HLA-C*04:01:01;HLA-C*07:02:01	1	1	2
g_group	test_B_gourraud	HG00105	EUR	DRB1	HLA-DRB1*15:01:01;HLA-DRB1*07:01:01	1	1	2
g_group	test_B_gourraud	HG00105	EUR	DQB1	HLA-DQB1*06:03:01;HLA-DQB1*02:02:01	1	1	2
g_group	test_B_gourraud	HG00106	EUR	A	HLA-A*01:01:01;HLA-A*11:01:01	1	1	2
g_group	test_B_gourraud	HG00106	EUR	B	HLA-B*35:03:01;HLA-B*08:01:01	1	1	2
g_group	test_B_gourraud	HG00106	EUR	C	HLA-C*07:01:01;HLA-C*04:01:01	1	1	2
g_group	test_B_gourraud	HG00106	EUR	DRB1	HLA-DRB1*03:01:01;HLA-DRB1*11:01:01	1	1	2
g_group	test_B_gourraud	HG00106	EUR	DQB1	HLA-DQB1*02:01:01;HLA-DQB1*03:01:01	1	1	2
g_group	test_B_gourraud	HG00107	EUR	A	HLA-A*03:01:01;HLA-A*03:01:01	1	1	2
g_group	test_B_gourraud	HG00107	EUR	B	HLA-B*40:01:02;HLA-B*07:02:01	1	1	2
g_group	test_B_gourraud	HG00107	EUR	C	HLA-C*03:04:01;HLA-C*07:02:01	1	1	2
g_group	test_B_gourraud	HG00107	EUR	DRB1	HLA-DRB1*15:01:01;HLA-DRB1*15:01:01	1	1	2
g_group	test_B_gourraud	HG00107	EUR	DQB1	HLA-DQB1*06:02:01;HLA-DQB1*06:02:01	1	1	2
g_group	test_B_gourraud	HG00108	EUR	A	HLA-A*03:01:01;HLA-A*24:02:01	1	1	2
g_group	test_B_gourraud	HG00108	EUR	B	HLA-B*35:02:01;HLA-B*40:01:02	1	1	2
g_group	test_B_gourraud	HG00108	EUR	C	HLA-C*03:04:01;HLA-C*04:01:01	1	1	2
g_group	test_B_gourraud	HG00108	EUR	DRB1	HLA-DRB1*04:04:01;HLA-DRB1*11:04:01	1	1	2
g_group	test_B_gourraud	HG00108	EUR	DQB1	HLA-DQB1*03:02:01;HLA-DQB1*03:01:01	1	1	2
g_group	test_B_gourraud	HG00109	EUR	A	HLA-A*01:01:01;HLA-A*02:05:01	1	1	2
g_group	test_B_gourraud	HG00109	EUR	B	HLA-B*08:01:01;HLA-B*44:02:01	1	1	2
g_group	test_B_gourraud	HG00109	EUR	C	HLA-C*05:01:01;HLA-C*07:01:01	1	1	2
g_group	test_B_gourraud	HG00109	EUR	DRB1	HLA-DRB1*15:01:01;HLA-DRB1*03:01:01	1	1	2
g_group	test_B_gourraud	HG00109	EUR	DQB1	HLA-DQB1*02:01:01;HLA-DQB1*06:02:01	1	1	2
g_group	test_B_gourraud	HG00110	EUR	A	HLA-A*11:01:01;HLA-A*02:01:01	1	1	2
g_group	test_B_gourraud	HG00110	EUR	B	HLA-B*55:01:01,HLA-B*55:01:35;HLA-B*44:02:01	1	1	2
g_group	test_B_gourraud	HG00110	EUR	C	HLA-C*05:01:01;HLA-C*03:03:01	1	1	2
g_group	test_B_gourraud	HG00110	EUR	DRB1	HLA-DRB1*04:01:01;HLA-DRB1*13:01:01	1	1	2
g_group	test_B_gourraud	HG00110	EUR	DQB1	HLA-DQB1*06:03:01;HLA-DQB1*03:01:01	1	1	2
g_group	test_B_gourraud	HG00111	EUR	A	HLA-A*11:01:01;HLA-A*30:02:01	1	1	2
g_group	test_B_gourraud	HG00111	EUR	B	HLA-B*27:05:02;HLA-B*57:01:01	1	1	2
g_group	test_B_gourraud	HG00111	EUR	C	HLA-C*02:02:02;HLA-C*05:01:01	1	1	2
g_group	test_B_gourraud	HG00111	EUR	DRB1	HLA-DRB1*07:01:01;HLA-DRB1*04:03:01	1	1	2
g_group	test_B_gourraud	HG00111	EUR	DQB1	HLA-DQB1*03:02:01;HLA-DQB1*03:03:02	1	1	2
g_group	test_B_gourraud	HG00112	EUR	A	HLA-A*02:01:01;HLA-A*24:02:01	1	1	2
g_group	test_B_gourraud	HG00112	EUR	B	HLA-B*14:02:01;HLA-B*51:01:01	1	1	2
g_group	test_B_gourraud	HG00112	EUR	C	HLA-C*14:02:01;HLA-C*08:02:01	1	1	2
g_group	test_B_gourraud	HG00112	EUR	DRB1	HLA-DRB1*08:01:01;HLA-DRB1*13:03:01	1	1	2
g_group	test_B_gourraud	HG00112	EUR	DQB1	HLA-DQB1*04:02:01;HLA-DQB1*03:01:01	1	1	2
g_group	test_B_gourraud	HG00113	EUR	A	HLA-A*29:02:01;HLA-A*02:01:01	1	1	2
g_group	test_B_gourraud	HG00113	EUR	B	HLA-B*07:02:01;HLA-B*44:03:01	1	1	2
g_group	test_B_gourraud	HG00113	EUR	C	HLA-C*07:02:01;HLA-C*16:01:01	1	1	2
g_group	test_B_gourraud	HG00113	EUR	DRB1	HLA-DRB1*07:01:01;HLA-DRB1*15:01:01	1	1	2
g_group	test_B_gourraud	HG00113	EUR	DQB1	HLA-DQB1*02:02:01;HLA-DQB1*06:02:01	1	1	2
g_group	test_B_gourraud	HG00114	EUR	A	HLA-A*03:01:01;HLA-A*01:01:01	1	1	2
g_group	test_B_gourraud	HG00114	EUR	B	HLA-B*08:01:01;HLA-B*07:02:01	1	1	2
g_group	test_B_gourraud	HG00114	EUR	C	HLA-C*07:01:01;HLA-C*07:02:01	1	1	2
g_group	test_B_gourraud	HG00114	EUR	DRB1	HLA-DRB1*03:01:01;HLA-DRB1*15:01:01	1	1	2
g_group	test_B_gourraud	HG00114	EUR	DQB1	HLA-DQB1*02:01:01;HLA-DQB1*06:02:01	1	1	2
g_group	test_B_gourraud	HG00115	EUR	A	HLA-A*11:01:01;HLA-A*03:01:01	1	1	2
g_group	test_B_gourraud	HG00115	EUR	B	HLA-B*27:05:02;HLA-B*27:05:02	1	1	2
g_group	test_B_gourraud	HG00115	EUR	C	HLA-C*01:02:01;HLA-C*01:02:01	1	1	2
g_group	test_B_gourraud	HG00115	EUR	DRB1	HLA-DRB1*01:01:01;HLA-DRB1*01:01:01	1	1	2
g_group	test_B_gourraud	HG00115	EUR	DQB1	HLA-DQB1*05:01:01;HLA-DQB1*05:01:01	1	1	2
g_group	test_B_gourraud	HG00116	EUR	A	HLA-A*29:02:01;HLA-A*01:01:01	1	1	2
g_group	test_B_gourraud	HG00116	EUR	B	HLA-B*14:02:01;HLA-B*07:02:01	1	1	2
g_group	test_B_gourraud	HG00116	EUR	C	HLA-C*07:02:01;HLA-C*08:02:01	1	1	2
g_group	test_B_gourraud	HG00116	EUR	DRB1	HLA-DRB1*01:01:01;HLA-DRB1*13:02:01	1	1	2
g_group	test_B_gourraud	HG00116	EUR	DQB1	HLA-DQB1*06:09:01;HLA-DQB1*05:01:01	1	1	2
g_group	test_B_gourraud	HG00117	EUR	A	HLA-A*01:01:01;HLA-A*11:01:01	1	1	2
g_group	test_B_gourraud	HG00117	EUR	B	HLA-B*08:01:01;HLA-B*55:01:01	1	1	2
g_group	test_B_gourraud	HG00117	EUR	C	HLA-C*07:01:01;HLA-C*03:03:01	1	1	2
g_group	test_B_gourraud	HG00117	EUR	DRB1	HLA-DRB1*03:01:01;HLA-DRB1*04:07:01	1	1	2
g_group	test_B_gourraud	HG00117	EUR	DQB1	HLA-DQB1*02:01:01;HLA-DQB1*03:01:01	1	1	2
g_group	test_B_gourraud	HG00118	EUR	A	HLA-A*24:02:01;HLA-A*02:01:01	1	1	2
g_group	test_B_gourraud	HG00118	EUR	B	HLA-B*07:02:01;HLA-B*40:01:02	1	1	2
g_group	test_B_gourraud	HG00118	EUR	C	HLA-C*07:02:01;HLA-C*03:04:01	1	1	2
g_group	test_B_gourraud	HG00118	EUR	DRB1	HLA-DRB1*15:01:01;HLA-DRB1*15:01:01	1	1	2
g_group	test_B_gourraud	HG00118	EUR	DQB1	HLA-DQB1*06:02:01;HLA-DQB1*06:02:01	1	1	2
g_group	test_B_gourraud	HG00119	EUR	A	HLA-A*03:01:01;HLA-A*26:01:01	1	1	2
g_group	test_B_gourraud	HG00119	EUR	B	HLA-B*38:01:01;HLA-B*35:03:01	1	1	2
g_group	test_B_gourraud	HG00119	EUR	C	HLA-C*04:01:01,HLA-C*04:275:01,HLA-C*04:391;HLA-C*12:03:01	1	1	2
g_group	test_B_gourraud	HG00119	EUR	DRB1	HLA-DRB1*03:01:01;HLA-DRB1*14:01:01	1	1	2
g_group	test_B_gourraud	HG00119	EUR	DQB1	HLA-DQB1*02:01:01;HLA-DQB1*05:03:01	1	1	2
g_group	test_B_gourraud	HG00120	EUR	A	HLA-A*01:01:01;HLA-A*02:01:01	1	1	2
g_group	test_B_gourraud	HG00120	EUR	B	HLA-B*27:05:02;HLA-B*08:01:01	1	1	2
g_group	test_B_gourraud	HG00120	EUR	C	HLA-C*07:01:01;HLA-C*02:02:02	1	1	2
g_group	test_B_gourraud	HG00120	EUR	DRB1	HLA-DRB1*15:01:01;HLA-DRB1*03:01:01	1	1	2
g_group	test_B_gourraud	HG00120	EUR	DQB1	HLA-DQB1*06:02:01;HLA-DQB1*06:02:01	1	1	2
g_group	test_B_gourraud	HG00121	EUR	A	HLA-A*24:02:01;HLA-A*03:01:01	1	1	2
g_group	test_B_gourraud	HG00121	EUR	B	HLA-B*40:01:02;HLA-B*07:02:01	1	1	2
g_group	test_B_gourraud	HG00121	EUR	C	HLA-C*07:02:01;HLA-C*03:04:01	1	1	2
g_group	test_B_gourraud	HG00121	EUR	DRB1	HLA-DRB1*15:01:01;HLA-DRB1*04:04:01	1	1	2
g_group	test_B_gourraud	HG00121	EUR	DQB1	HLA-DQB1*03:02:01;HLA-DQB1*06:02:01	1	1	2
g_group	test_B_gourraud	HG00122	EUR	A	HLA-A*02:01:01;HLA-A*01:01:01	1	1	2
g_group	test_B_gourraud	HG00122	EUR	B	HLA-B*14:01:01;HLA-B*57:01:01	1	1	2
g_group	test_B_gourraud	HG00122	EUR	C	HLA-C*08:02:01;HLA-C*06:02:01	1	1	2
g_group	test_B_gourraud	HG00122	EUR	DRB1	HLA-DRB1*07:01:01;HLA-DRB1*07:01:01	1	1	2
g_group	test_B_gourraud	HG00122	EUR	DQB1	HLA-DQB1*02:02:01;HLA-DQB1*03:03:02	1	1	2
g_group	test_B_gourraud	HG00123	EUR	A	HLA-A*11:01:01;HLA-A*01:01:01	1	1	2
g_group	test_B_gourraud	HG00123	EUR	B	HLA-B*57:01:01;HLA-B*44:03:01	1	1	2
g_group	test_B_gourraud	HG00123	EUR	C	HLA-C*05:01:01;HLA-C*06:02:01	1	1	2
g_group	test_B_gourraud	HG00123	EUR	DRB1	HLA-DRB1*07:01:01;HLA-DRB1*07:01:01	1	1	2
g_group	test_B_gourraud	HG00123	EUR	DQB1	HLA-DQB1*03:03:02;HLA-DQB1*02:02:01	1	1	2
g_group	test_B_gourraud	HG00125	EUR	A	HLA-A*24:02:01;HLA-A*02:01:01	1	1	2
g_group	test_B_gourraud	HG00125	EUR	B	HLA-B*14:02:01;HLA-B*44:02:01	1	1	2
g_group	test_B_gourraud	HG00125	EUR	C	HLA-C*05:01:01;HLA-C*08:02:01	1	1	2
g_group	test_B_gourraud	HG00125	EUR	DRB1	HLA-DRB1*04:01:01;HLA-DRB1*13:03:01	1	1	2
g_group	test_B_gourraud	HG00125	EUR	DQB1	HLA-DQB1*03:01:01;HLA-DQB1*03:01:01	1	1	2
g_group	test_B_gourraud	HG00127	EUR	A	HLA-A*26:01:01;HLA-A*26:01:01	1	1	2
g_group	test_B_gourraud	HG00127	EUR	B	HLA-B*38:01:01;HLA-B*45:01:01	1	1	2
g_group	test_B_gourraud	HG00127	EUR	C	HLA-C*12:03:01;HLA-C*06:02:01	1	1	2
g_group	test_B_gourraud	HG00127	EUR	DRB1	HLA-DRB1*04:01:01;HLA-DRB1*04:03:01	1	1	2
g_group	test_B_gourraud	HG00127	EUR	DQB1	HLA-DQB1*03:02:01;HLA-DQB1*03:04:01	1	1	2
g_group	test_B_gourraud	HG00129	EUR	A	HLA-A*01:01:01;HLA-A*02:01:01	1	1	2
g_group	test_B_gourraud	HG00129	EUR	B	HLA-B*13:02:01;HLA-B*35:01:01	1	1	2
g_group	test_B_gourraud	HG00129	EUR	C	HLA-C*06:02:01;HLA-C*04:01:01	1	1	2
g_group	test_B_gourraud	HG00129	EUR	DRB1	HLA-DRB1*07:01:01;HLA-DRB1*01:01:01	1	1	2
g_group	test_B_gourraud	HG00129	EUR	DQB1	HLA-DQB1*02:02:01;HLA-DQB1*05:01:01	1	1	2
g_group	test_B_gourraud	HG00130	EUR	A	HLA-A*29:02:01;HLA-A*23:01:01	1	1	2
g_group	test_B_gourraud	HG00130	EUR	B	HLA-B*44:03:01;HLA-B*15:03:01	1	1	2
g_group	test_B_gourraud	HG00130	EUR	C	HLA-C*02:10:01;HLA-C*16:01:01	1	1	2
g_group	test_B_gourraud	HG00130	EUR	DRB1	HLA-DRB1*07:01:01;HLA-DRB1*10:01:01	1	1	2
g_group	test_B_gourraud	HG00130	EUR	DQB1	HLA-DQB1*05:01:01;HLA-DQB1*02:02:01	1	1	2
g_group	test_B_gourraud	HG00131	EUR	A	HLA-A*01:01:01;HLA-A*03:01:01	1	1	2
g_group	test_B_gourraud	HG00131	EUR	B	HLA-B*57:01:01;HLA-B*37:01:01	1	1	2
g_group	test_B_gourraud	HG00131	EUR	C	HLA-C*06:02:01;HLA-C*06:02:01	1	1	2
g_group	test_B_gourraud	HG00131	EUR	DRB1	HLA-DRB1*07:01:01;HLA-DRB1*11:01:01	1	1	2
g_group	test_B_gourraud	HG00131	EUR	DQB1	HLA-DQB1*03:03:02;HLA-DQB1*03:01:01	1	1	2
g_group	test_B_gourraud	HG00132	EUR	A	HLA-A*68:01:01;HLA-A*02:01:01	1	1	2
g_group	test_B_gourraud	HG00132	EUR	B	HLA-B*35:03:01;HLA-B*44:02:01	1	1	2
g_group	test_B_gourraud	HG00132	EUR	C	HLA-C*05:01:01;HLA-C*04:01:01	1	1	2
g_group	test_B_gourraud	HG00132	EUR	DRB1	HLA-DRB1*01:01:01;HLA-DRB1*04:01:01	1	1	2
g_group	test_B_gourraud	HG00132	EUR	DQB1	HLA-DQB1*05:01:01;HLA-DQB1*03:01:01	1	1	2
g_group	test_B_gourraud	HG00136	EUR	A	HLA-A*02:01:01;HLA-A*02:01:01	1	1	2
g_group	test_B_gourraud	HG00136	EUR	B	HLA-B*44:02:01;HLA-B*51:01:01,HLA-B*51:01:64	1	1	2
g_group	test_B_gourraud	HG00136	EUR	C	HLA-C*16:02:01;HLA-C*05:01:01	1	1	2
g_group	test_B_gourraud	HG00136	EUR	DRB1	HLA-DRB1*13:01:01;HLA-DRB1*04:01:01	1	1	2
g_group	test_B_gourraud	HG00136	EUR	DQB1	HLA-DQB1*06:03:01;HLA-DQB1*03:01:01	1	1	2
g_group	test_B_gourraud	HG00137	EUR	A	HLA-A*01:01:01;HLA-A*02:01:01	1	1	2
g_group	test_B_gourraud	HG00137	EUR	B	HLA-B*44:02:01;HLA-B*08:01:01	1	1	2
g_group	test_B_gourraud	HG00137	EUR	C	HLA-C*05:01:01;HLA-C*07:01:01	1	1	2
g_group	test_B_gourraud	HG00137	EUR	DRB1	HLA-DRB1*03:01:01;HLA-DRB1*13:01:01	1	1	2
g_group	test_B_gourraud	HG00137	EUR	DQB1	HLA-DQB1*02:01:01;HLA-DQB1*06:03:01	1	1	2
g_group	test_B_gourraud	HG00138	EUR	A	HLA-A*11:01:01;HLA-A*02:01:01	1	1	2
g_group	test_B_gourraud	HG00138	EUR	B	HLA-B*51:01:01;HLA-B*35:01:01	1	1	2
g_group	test_B_gourraud	HG00138	EUR	C	HLA-C*14:02:01;HLA-C*04:01:01	1	1	2
g_group	test_B_gourraud	HG00138	EUR	DRB1	HLA-DRB1*01:01:01;HLA-DRB1*13:01:01	1	1	2
g_group	test_B_gourraud	HG00138	EUR	DQB1	HLA-DQB1*05:01:01;HLA-DQB1*06:03:01	1	1	2
g_group	test_B_gourraud	HG00139	EUR	A	HLA-A*23:01:01;HLA-A*02:01:01	1	1	2
g_group	test_B_gourraud	HG00139	EUR	B	HLA-B*44:03:01;HLA-B*44:03:01	1	1	2
g_group	test_B_gourraud	HG00139	EUR	C	HLA-C*16:01:01;HLA-C*16:01:01	1	1	2
g_group	test_B_gourraud	HG00139	EUR	DRB1	HLA-DRB1*07:01:01;HLA-DRB1*07:01:01	1	1	2
g_group	test_B_gourraud	HG00139	EUR	DQB1	HLA-DQB1*02:02:01;HLA-DQB1*02:02:01	1	1	2
g_group	test_B_gourraud	HG00141	EUR	A	HLA-A*03:01:01;HLA-A*24:02:01	1	1	2
g_group	test_B_gourraud	HG00141	EUR	B	HLA-B*35:01:01;HLA-B*15:01:01,HLA-B*15:01:84,HLA-B*15:542,HLA-B*15:632	1	1	2
g_group	test_B_gourraud	HG00141	EUR	C	HLA-C*03:03:01;HLA-C*04:01:01	1	1	2
g_group	test_B_gourraud	HG00141	EUR	DRB1	HLA-DRB1*01:01:01;HLA-DRB1*04:01:01	1	1	2
g_group	test_B_gourraud	HG00141	EUR	DQB1	HLA-DQB1*03:02:01;HLA-DQB1*05:01:01	1	1	2
g_group	test_B_gourraud	HG00142	EUR	A	HLA-A*29:02:01;HLA-A*02:01:01	1	1	2
g_group	test_B_gourraud	HG00142	EUR	B	HLA-B*45:01:01;HLA-B*57:01:01	1	1	2
g_group	test_B_gourraud	HG00142	EUR	C	HLA-C*06:02:01;HLA-C*06:02:01	1	1	2
g_group	test_B_gourraud	HG00142	EUR	DRB1	HLA-DRB1*07:01:01;HLA-DRB1*04:01:01	1	1	2
g_group	test_B_gourraud	HG00142	EUR	DQB1	HLA-DQB1*03:03:02;HLA-DQB1*03:01:01	1	1	2
g_group	test_B_gourraud	HG00143	EUR	A	HLA-A*02:01:01;HLA-A*02:01:01	1	1	2
g_group	test_B_gourraud	HG00143	EUR	B	HLA-B*57:01:01;HLA-B*07:02:01	1	1	2
g_group	test_B_gourraud	HG00143	EUR	C	HLA-C*07:02:01;HLA-C*06:02:01	1	1	2
g_group	test_B_gourraud	HG00143	EUR	DRB1	HLA-DRB1*07:01:01;HLA-DRB1*15:01:01	1	1	2
g_group	test_B_gourraud	HG00143	EUR	DQB1	HLA-DQB1*03:03:02;HLA-DQB1*06:03:01	1	1	2
g_group	test_B_gourraud	HG00145	EUR	A	HLA-A*24:02:01;HLA-A*01:01:01	1	1	2
g_group	test_B_gourraud	HG00145	EUR	B	HLA-B*40:01:02;HLA-B*07:02:01	1	1	2
g_group	test_B_gourraud	HG00145	EUR	C	HLA-C*03:04:01;HLA-C*07:02:01	1	1	2
g_group	test_B_gourraud	HG00145	EUR	DRB1	HLA-DRB1*13:02:01;HLA-DRB1*15:01:01	1	1	2
g_group	test_B_gourraud	HG00145	EUR	DQB1	HLA-DQB1*06:02:01;HLA-DQB1*06:04:01	1	1	2
g_group	test_B_gourraud	HG00148	EUR	A	HLA-A*11:01:01;HLA-A*02:01:01	1	1	2
g_group	test_B_gourraud	HG00148	EUR	B	HLA-B*44:02:01;HLA-B*40:01:02	1	1	2
g_group	test_B_gourraud	HG00148	EUR	C	HLA-C*05:01:01;HLA-C*03:04:01	1	1	2
g_group	test_B_gourraud	HG00148	EUR	DRB1	HLA-DRB1*04:01:01;HLA-DRB1*13:02:01	1	1	2
g_group	test_B_gourraud	HG00148	EUR	DQB1	HLA-DQB1*06:04:01;HLA-DQB1*03:01:01	1	1	2
g_group	test_B_gourraud	HG00149	EUR	A	HLA-A*02:01:01;HLA-A*02:01:01	1	1	2
g_group	test_B_gourraud	HG00149	EUR	B	HLA-B*44:03:01;HLA-B*13:02:01	1	1	2
g_group	test_B_gourraud	HG00149	EUR	C	HLA-C*06:02:01;HLA-C*16:01:01	1	1	2
g_group	test_B_gourraud	HG00149	EUR	DRB1	HLA-DRB1*01:01:01;HLA-DRB1*07:01:01	1	1	2
g_group	test_B_gourraud	HG00149	EUR	DQB1	HLA-DQB1*05:01:01;HLA-DQB1*02:02:01	1	1	2
g_group	test_B_gourraud	HG00150	EUR	A	HLA-A*11:01:01;HLA-A*02:01:01	1	1	2
g_group	test_B_gourraud	HG00150	EUR	B	HLA-B*27:05:02;HLA-B*51:01:01	1	1	2
g_group	test_B_gourraud	HG00150	EUR	C	HLA-C*02:02:02;HLA-C*15:02:01	1	1	2
g_group	test_B_gourraud	HG00150	EUR	DRB1	HLA-DRB1*14:54:01;HLA-DRB1*04:04:01	1	1	2
g_group	test_B_gourraud	HG00150	EUR	DQB1	HLA-DQB1*03:02:01;HLA-DQB1*05:03:01	1	1	2
g_group	test_B_gourraud	HG00151	EUR	A	HLA-A*11:01:01;HLA-A*30:02:01	1	1	2
g_group	test_B_gourraud	HG00151	EUR	B	HLA-B*08:01:01;HLA-B*55:01:01	1	1	2
g_group	test_B_gourraud	HG00151	EUR	C	HLA-C*03:03:01;HLA-C*07:18:01	1	1	2
g_group	test_B_gourraud	HG00151	EUR	DRB1	HLA-DRB1*01:01:01;HLA-DRB1*03:01:01	1	1	2
g_group	test_B_gourraud	HG00151	EUR	DQB1	HLA-DQB1*02:01:01;HLA-DQB1*05:01:01	1	1	2
g_group	test_B_gourraud	HG00154	EUR	A	HLA-A*03:01:01;HLA-A*02:01:01	1	1	2
g_group	test_B_gourraud	HG00154	EUR	B	HLA-B*39:01:01;HLA-B*35:01:01,HLA-B*35:370,HLA-B*35:615	1	1	2
g_group	test_B_gourraud	HG00154	EUR	C	HLA-C*04:01:01;HLA-C*12:03:01	1	1	2
g_group	test_B_gourraud	HG00154	EUR	DRB1	HLA-DRB1*04:04:01;HLA-DRB1*01:01:01	1	1	2
g_group	test_B_gourraud	HG00154	EUR	DQB1	HLA-DQB1*03:02:01;HLA-DQB1*05:01:01	1	1	2
g_group	test_B_gourraud	HG00155	EUR	A	HLA-A*32:01:01;HLA-A*02:01:01	1	1	2
g_group	test_B_gourraud	HG00155	EUR	B	HLA-B*57:01:01;HLA-B*14:01:01	1	1	2
g_group	test_B_gourraud	HG00155	EUR	C	HLA-C*06:02:01;HLA-C*08:02:01	1	1	2
g_group	test_B_gourraud	HG00155	EUR	DRB1	HLA-DRB1*07:01:01;HLA-DRB1*07:01:01	1	1	2
g_group	test_B_gourraud	HG00155	EUR	DQB1	HLA-DQB1*03:03:02;HLA-DQB1*02:02:01	1	1	2
g_group	test_B_gourraud	HG00157	EUR	A	HLA-A*68:01:01;HLA-A*02:01:01	1	1	2
g_group	test_B_gourraud	HG00157	EUR	B	HLA-B*45:01:01;HLA-B*07:02:01	1	1	2
g_group	test_B_gourraud	HG00157	EUR	C	HLA-C*03:04:01;HLA-C*06:02:01	1	1	2
g_group	test_B_gourraud	HG00157	EUR	DRB1	HLA-DRB1*15:01:01;HLA-DRB1*04:05:01	1	1	2
g_group	test_B_gourraud	HG00157	EUR	DQB1	HLA-DQB1*03:02:01;HLA-DQB1*06:02:01	1	1	2
g_group	test_B_gourraud	HG00158	EUR	A	HLA-A*32:01:01;HLA-A*02:01:01	1	1	2
g_group	test_B_gourraud	HG00158	EUR	B	HLA-B*07:02:01;HLA-B*56:01:01	1	1	2
g_group	test_B_gourraud	HG00158	EUR	C	HLA-C*01:02:01;HLA-C*07:02:01	1	1	2
g_group	test_B_gourraud	HG00158	EUR	DRB1	HLA-DRB1*04:01:01;HLA-DRB1*15:01:01	1	1	2
g_group	test_B_gourraud	HG00158	EUR	DQB1	HLA-DQB1*03:02:01;HLA-DQB1*06:02:01	1	1	2
g_group	test_B_gourraud	HG00159	EUR	A	HLA-A*02:01:01;HLA-A*11:01:01	1	1	2
g_group	test_B_gourraud	HG00159	EUR	B	HLA-B*55:01:01,HLA-B*55:01:35;HLA-B*07:02:01	1	1	2
g_group	test_B_gourraud	HG00159	EUR	C	HLA-C*07:02:01;HLA-C*03:03:01	1	1	2
g_group	test_B_gourraud	HG00159	EUR	DRB1	HLA-DRB1*08:01:01;HLA-DRB1*15:01:01	1	1	2
g_group	test_B_gourraud	HG00159	EUR	DQB1	HLA-DQB1*04:02:01;HLA-DQB1*06:02:01	1	1	2
g_group	test_B_gourraud	HG00160	EUR	A	HLA-A*02:01:01;HLA-A*24:02:01	1	1	2
g_group	test_B_gourraud	HG00160	EUR	B	HLA-B*39:06:02;HLA-B*13:02:01	1	1	2
g_group	test_B_gourraud	HG00160	EUR	C	HLA-C*07:02:01;HLA-C*06:02:01	1	1	2
g_group	test_B_gourraud	HG00160	EUR	DRB1	HLA-DRB1*08:01:01;HLA-DRB1*07:01:01	1	1	2
g_group	test_B_gourraud	HG00160	EUR	DQB1	HLA-DQB1*02:02:01;HLA-DQB1*04:02:01	1	1	2
g_group	test_B_gourraud	HG00171	EUR	A	HLA-A*02:01:01;HLA-A*02:01:01	1	1	2
g_group	test_B_gourraud	HG00171	EUR	B	HLA-B*51:01:01;HLA-B*13:02:01	1	1	2
g_group	test_B_gourraud	HG00171	EUR	C	HLA-C*06:02:01;HLA-C*15:02:01	1	1	2
g_group	test_B_gourraud	HG00171	EUR	DRB1	HLA-DRB1*09:01:02;HLA-DRB1*07:01:01	1	1	2
g_group	test_B_gourraud	HG00171	EUR	DQB1	HLA-DQB1*03:03:02;HLA-DQB1*02:02:01	1	1	2
g_group	test_B_gourraud	HG00173	EUR	A	HLA-A*02:01:01;HLA-A*31:01:02	1	1	2
g_group	test_B_gourraud	HG00173	EUR	B	HLA-B*44:27:01;HLA-B*40:01:02	1	1	2
g_group	test_B_gourraud	HG00173	EUR	C	HLA-C*07:04:01;HLA-C*03:04:01	1	1	2
g_group	test_B_gourraud	HG00173	EUR	DRB1	HLA-DRB1*08:01:01;HLA-DRB1*16:01:01	1	1	2
g_group	test_B_gourraud	HG00173	EUR	DQB1	HLA-DQB1*04:02:01;HLA-DQB1*05:02:01	1	1	2
g_group	test_B_gourraud	HG00174	EUR	A	HLA-A*23:01:01;HLA-A*02:01:01	1	1	2
g_group	test_B_gourraud	HG00174	EUR	B	HLA-B*38:01:01;HLA-B*15:01:01	1	1	2
g_group	test_B_gourraud	HG00174	EUR	C	HLA-C*12:03:01;HLA-C*04:01:01	1	1	2
g_group	test_B_gourraud	HG00174	EUR	DRB1	HLA-DRB1*08:01:01;HLA-DRB1*01:01:01	1	1	2
g_group	test_B_gourraud	HG00174	EUR	DQB1	HLA-DQB1*05:01:01;HLA-DQB1*04:02:01	1	1	2
g_group	test_B_gourraud	HG00176	EUR	A	HLA-A*02:01:01;HLA-A*01:01:01	1	1	2
g_group	test_B_gourraud	HG00176	EUR	B	HLA-B*35:01:01,HLA-B*35:370,HLA-B*35:615;HLA-B*15:01:01	1	1	2
g_group	test_B_gourraud	HG00176	EUR	C	HLA-C*03:03:01;HLA-C*04:01:01	1	1	2
g_group	test_B_gourraud	HG00176	EUR	DRB1	HLA-DRB1*04:01:01;HLA-DRB1*13:01:01	1	1	2
g_group	test_B_gourraud	HG00176	EUR	DQB1	HLA-DQB1*03:02:01;HLA-DQB1*06:03:01	1	1	2
g_group	test_B_gourraud	HG00177	EUR	A	HLA-A*02:01:01;HLA-A*02:01:01	1	1	2
g_group	test_B_gourraud	HG00177	EUR	B	HLA-B*40:01:02;HLA-B*13:02:01	1	1	2
g_group	test_B_gourraud	HG00177	EUR	C	HLA-C*03:04:01;HLA-C*06:02:01	1	1	2
g_group	test_B_gourraud	HG00177	EUR	DRB1	HLA-DRB1*07:01:01;HLA-DRB1*08:01:01	1	1	2
g_group	test_B_gourraud	HG00177	EUR	DQB1	HLA-DQB1*04:02:01;HLA-DQB1*02:02:01	1	1	2
g_group	test_B_gourraud	HG00178	EUR	A	HLA-A*03:01:01;HLA-A*01:01:01	1	1	2
g_group	test_B_gourraud	HG00178	EUR	B	HLA-B*08:01:01;HLA-B*07:02:01	1	1	2
g_group	test_B_gourraud	HG00178	EUR	C	HLA-C*07:01:01;HLA-C*07:02:01	1	1	2
g_group	test_B_gourraud	HG00178	EUR	DRB1	HLA-DRB1*15:01:01;HLA-DRB1*04:01:01	1	1	2
g_group	test_B_gourraud	HG00178	EUR	DQB1	HLA-DQB1*06:02:01;HLA-DQB1*03:02:01	1	1	2
g_group	test_B_gourraud	HG00179	EUR	A	HLA-A*03:01:01;HLA-A*03:01:01	1	1	2
g_group	test_B_gourraud	HG00179	EUR	B	HLA-B*07:02:01;HLA-B*35:01:01,HLA-B*35:370,HLA-B*35:615	1	1	2
g_group	test_B_gourraud	HG00179	EUR	C	HLA-C*07:02:01;HLA-C*04:01:01	1	1	2
g_group	test_B_gourraud	HG00179	EUR	DRB1	HLA-DRB1*01:01:01;HLA-DRB1*15:01:01	1	1	2
g_group	test_B_gourraud	HG00179	EUR	DQB1	HLA-DQB1*06:02:01;HLA-DQB1*05:01:01	1	1	2
g_group	test_B_gourraud	HG00180	EUR	A	HLA-A*02:01:01;HLA-A*03:01:01	1	1	2
g_group	test_B_gourraud	HG00180	EUR	B	HLA-B*40:02:01;HLA-B*41:01:01	1	1	2
g_group	test_B_gourraud	HG00180	EUR	C	HLA-C*07:01:01;HLA-C*02:02:02	1	1	2
g_group	test_B_gourraud	HG00180	EUR	DRB1	HLA-DRB1*11:01:01;HLA-DRB1*11:01:02	1	1	2
g_group	test_B_gourraud	HG00180	EUR	DQB1	HLA-DQB1*03:01:01;HLA-DQB1*03:01:01	1	1	2
g_group	test_B_gourraud	HG00181	EUR	A	HLA-A*69:01:01;HLA-A*02:01:01	1	1	2
g_group	test_B_gourraud	HG00181	EUR	B	HLA-B*55:01:01,HLA-B*55:01:35;HLA-B*15:01:01	1	1	2
g_group	test_B_gourraud	HG00181	EUR	C	HLA-C*03:03:01;HLA-C*04:01:01	1	1	2
g_group	test_B_gourraud	HG00181	EUR	DRB1	HLA-DRB1*15:01:01;HLA-DRB1*08:01:01	1	1	2
g_group	test_B_gourraud	HG00181	EUR	DQB1	HLA-DQB1*04:02:01;HLA-DQB1*06:03:01	1	1	2
g_group	test_B_gourraud	HG00182	EUR	A	HLA-A*32:01:01;HLA-A*02:01:01	1	1	2
g_group	test_B_gourraud	HG00182	EUR	B	HLA-B*35:01:01,HLA-B*35:370,HLA-B*35:615;HLA-B*44:02:01	1	1	2
g_group	test_B_gourraud	HG00182	EUR	C	HLA-C*05:01:01;HLA-C*04:01:01	1	1	2
g_group	test_B_gourraud	HG00182	EUR	DRB1	HLA-DRB1*01:01:01;HLA-DRB1*03:01:01	1	1	2
g_group	test_B_gourraud	HG00182	EUR	DQB1	HLA-DQB1*05:01:01;HLA-DQB1*02:01:01	1	1	2
g_group	test_B_gourraud	HG00183	EUR	A	HLA-A*11:01:01,HLA-A*11:01:130,HLA-A*11:328;HLA-A*02:01:01	1	1	2
g_group	test_B_gourraud	HG00183	EUR	B	HLA-B*55:01:01;HLA-B*40:02:01	1	1	2
g_group	test_B_gourraud	HG00183	EUR	C	HLA-C*02:02:02;HLA-C*03:03:01	1	1	2
g_group	test_B_gourraud	HG00183	EUR	DRB1	HLA-DRB1*11:01:01;HLA-DRB1*04:07:01	1	1	2
g_group	test_B_gourraud	HG00183	EUR	DQB1	HLA-DQB1*03:01:01;HLA-DQB1*03:01:01	1	1	2
g_group	test_B_gourraud	HG00185	EUR	A	HLA-A*26:01:01;HLA-A*02:01:01	1	1	2
g_group	test_B_gourraud	HG00185	EUR	B	HLA-B*44:02:01;HLA-B*40:02:01	1	1	2
g_group	test_B_gourraud	HG00185	EUR	C	HLA-C*03:04:01;HLA-C*05:01:01	1	1	2
g_group	test_B_gourraud	HG00185	EUR	DRB1	HLA-DRB1*01:01:01;HLA-DRB1*13:02:01	1	1	2
g_group	test_B_gourraud	HG00185	EUR	DQB1	HLA-DQB1*05:01:01;HLA-DQB1*06:04:01	1	1	2
g_group	test_B_gourraud	HG00186	EUR	A	HLA-A*32:01:01;HLA-A*02:01:01	1	1	2
g_group	test_B_gourraud	HG00186	EUR	B	HLA-B*15:18:01;HLA-B*27:05:02	1	1	2
g_group	test_B_gourraud	HG00186	EUR	C	HLA-C*07:04:01;HLA-C*02:02:02	1	1	2
g_group	test_B_gourraud	HG00186	EUR	DRB1	HLA-DRB1*04:04:01;HLA-DRB1*08:01:01	1	1	2
g_group	test_B_gourraud	HG00186	EUR	DQB1	HLA-DQB1*04:02:01;HLA-DQB1*03:02:01	1	1	2
g_group	test_B_gourraud	HG00187	EUR	A	HLA-A*68:01:02;HLA-A*11:01:01	1	1	2
g_group	test_B_gourraud	HG00187	EUR	B	HLA-B*55:01:01;HLA-B*15:01:01	1	1	2
g_group	test_B_gourraud	HG00187	EUR	C	HLA-C*03:04:01;HLA-C*03:03:01	1	1	2
g_group	test_B_gourraud	HG00187	EUR	DRB1	HLA-DRB1*04:03:01;HLA-DRB1*15:01:01	1	1	2
g_group	test_B_gourraud	HG00187	EUR	DQB1	HLA-DQB1*03:02:01;HLA-DQB1*06:02:01	1	1	2
g_group	test_B_gourraud	HG00188	EUR	A	HLA-A*31:01:02;HLA-A*29:02:01	1	1	2
g_group	test_B_gourraud	HG00188	EUR	B	HLA-B*39:01:01;HLA-B*44:03:01	1	1	2
g_group	test_B_gourraud	HG00188	EUR	C	HLA-C*12:03:01;HLA-C*16:01:01	1	1	2
g_group	test_B_gourraud	HG00188	EUR	DRB1	HLA-DRB1*07:01:01;HLA-DRB1*12:01:01	1	1	2
g_group	test_B_gourraud	HG00188	EUR	DQB1	HLA-DQB1*03:03:02;HLA-DQB1*03:01:01	1	1	2
g_group	test_B_gourraud	HG00189	EUR	A	HLA-A*03:01:01;HLA-A*02:01:01	1	1	2
g_group	test_B_gourraud	HG00189	EUR	B	HLA-B*08:01:01;HLA-B*07:02:01	1	1	2
g_group	test_B_gourraud	HG00189	EUR	C	HLA-C*07:02:01;HLA-C*07:01:01	1	1	2
g_group	test_B_gourraud	HG00189	EUR	DRB1	HLA-DRB1*13:01:01;HLA-DRB1*03:01:01	1	1	2
g_group	test_B_gourraud	HG00189	EUR	DQB1	HLA-DQB1*02:01:01;HLA-DQB1*06:03:01	1	1	2
g_group	test_B_gourraud	HG00190	EUR	A	HLA-A*11:01:01;HLA-A*68:01:02	1	1	2
g_group	test_B_gourraud	HG00190	EUR	B	HLA-B*35:01:01;HLA-B*35:01:01	1	1	2
g_group	test_B_gourraud	HG00190	EUR	C	HLA-C*04:01:01;HLA-C*03:03:01	1	1	2
g_group	test_B_gourraud	HG00190	EUR	DRB1	HLA-DRB1*04:01:01;HLA-DRB1*08:01:01	1	1	2
g_group	test_B_gourraud	HG00190	EUR	DQB1	HLA-DQB1*03:02:01;HLA-DQB1*04:02:01	1	1	2
g_group	test_B_gourraud	HG00231	EUR	A	HLA-A*25:01:01;HLA-A*02:01:01	1	1	2
g_group	test_B_gourraud	HG00231	EUR	B	HLA-B*44:02:01;HLA-B*51:01:01,HLA-B*51:01:64	1	1	2
g_group	test_B_gourraud	HG00231	EUR	C	HLA-C*07:04:01;HLA-C*15:02:01	1	1	2
g_group	test_B_gourraud	HG00231	EUR	DRB1	HLA-DRB1*13:02:01;HLA-DRB1*04:04:01	1	1	2
g_group	test_B_gourraud	HG00231	EUR	DQB1	HLA-DQB1*03:02:01;HLA-DQB1*06:04:01	1	1	2
g_group	test_B_gourraud	HG00233	EUR	A	HLA-A*29:02:01;HLA-A*02:01:01	1	1	2
g_group	test_B_gourraud	HG00233	EUR	B	HLA-B*44:02:01;HLA-B*35:01:01	1	1	2
g_group	test_B_gourraud	HG00233	EUR	C	HLA-C*05:01:01;HLA-C*04:01:01	1	1	2
g_group	test_B_gourraud	HG00233	EUR	DRB1	HLA-DRB1*01:01:01;HLA-DRB1*04:04:01	1	1	2
g_group	test_B_gourraud	HG00233	EUR	DQB1	HLA-DQB1*03:02:01;HLA-DQB1*05:01:01	1	1	2
g_group	test_B_gourraud	HG00234	EUR	A	HLA-A*25:01:01;HLA-A*02:01:01	1	1	2
g_group	test_B_gourraud	HG00234	EUR	B	HLA-B*18:01:01;HLA-B*44:02:01	1	1	2
g_group	test_B_gourraud	HG00234	EUR	C	HLA-C*05:01:01;HLA-C*12:03:01	1	1	2
g_group	test_B_gourraud	HG00234	EUR	DRB1	HLA-DRB1*15:01:01;HLA-DRB1*04:04:01	1	1	2
g_group	test_B_gourraud	HG00234	EUR	DQB1	HLA-DQB1*03:02:01;HLA-DQB1*06:02:01	1	1	2
g_group	test_B_gourraud	HG00236	EUR	A	HLA-A*24:02:01;HLA-A*03:01:01	1	1	2
g_group	test_B_gourraud	HG00236	EUR	B	HLA-B*39:06:02;HLA-B*07:02:01	1	1	2
g_group	test_B_gourraud	HG00236	EUR	C	HLA-C*07:02:01;HLA-C*07:02:01	1	1	2
g_group	test_B_gourraud	HG00236	EUR	DRB1	HLA-DRB1*04:04:01;HLA-DRB1*15:01:01	1	1	2
g_group	test_B_gourraud	HG00236	EUR	DQB1	HLA-DQB1*06:02:01;HLA-DQB1*03:02:01	1	1	2
g_group	test_B_gourraud	HG00237	EUR	A	HLA-A*03:01:01;HLA-A*24:02:01	1	1	2
g_group	test_B_gourraud	HG00237	EUR	B	HLA-B*35:01:01;HLA-B*39:06:02	1	1	2
g_group	test_B_gourraud	HG00237	EUR	C	HLA-C*04:01:01;HLA-C*07:02:01	1	1	2
g_group	test_B_gourraud	HG00237	EUR	DRB1	HLA-DRB1*08:01:01;HLA-DRB1*01:01:01	1	1	2
g_group	test_B_gourraud	HG00237	EUR	DQB1	HLA-DQB1*04:02:01;HLA-DQB1*05:01:01	1	1	2
g_group	test_B_gourraud	HG00238	EUR	A	HLA-A*11:01:01;HLA-A*02:01:01	1	1	2
g_group	test_B_gourraud	HG00238	EUR	B	HLA-B*56:01:01;HLA-B*51:01:01	1	1	2
g_group	test_B_gourraud	HG00238	EUR	C	HLA-C*01:02:01;HLA-C*15:02:01	1	1	2
g_group	test_B_gourraud	HG00238	EUR	DRB1	HLA-DRB1*11:01:01;HLA-DRB1*15:01:01	1	1	2
g_group	test_B_gourraud	HG00238	EUR	DQB1	HLA-DQB1*06:02:01;HLA-DQB1*03:01:01	1	1	2
g_group	test_B_gourraud	HG00239	EUR	A	HLA-A*24:02:01;HLA-A*02:01:01	1	1	2
g_group	test_B_gourraud	HG00239	EUR	B	HLA-B*37:01:01;HLA-B*44:02:01	1	1	2
g_group	test_B_gourraud	HG00239	EUR	C	HLA-C*05:01:01;HLA-C*06:02:01	1	1	2
g_group	test_B_gourraud	HG00239	EUR	DRB1	HLA-DRB1*12:01:01;HLA-DRB1*11:03:01	1	1	2
g_group	test_B_gourraud	HG00239	EUR	DQB1	HLA-DQB1*03:01:01;HLA-DQB1*03:01:01	1	1	2
g_group	test_B_gourraud	HG00240	EUR	A	HLA-A*02:01:01;HLA-A*02:01:01	1	1	2
g_group	test_B_gourraud	HG00240	EUR	B	HLA-B*56:01:01;HLA-B*51:01:01	1	1	2
g_group	test_B_gourraud	HG00240	EUR	C	HLA-C*14:02:01;HLA-C*01:02:01	1	1	2
g_group	test_B_gourraud	HG00240	EUR	DRB1	HLA-DRB1*08:01:01;HLA-DRB1*11:01:01	1	1	2
g_group	test_B_gourraud	HG00240	EUR	DQB1	HLA-DQB1*04:02:01;HLA-DQB1*03:01:01	1	1	2
g_group	test_B_gourraud	HG00242	EUR	A	HLA-A*31:01:02;HLA-A*68:01:01	1	1	2
g_group	test_B_gourraud	HG00242	EUR	B	HLA-B*27:05:02;HLA-B*27:05:02	1	1	2
g_group	test_B_gourraud	HG00242	EUR	C	HLA-C*02:02:02;HLA-C*02:02:02	1	1	2
g_group	test_B_gourraud	HG00242	EUR	DRB1	HLA-DRB1*04:01:01;HLA-DRB1*13:01:01	1	1	2
g_group	test_B_gourraud	HG00242	EUR	DQB1	HLA-DQB1*03:02:01;HLA-DQB1*06:03:01	1	1	2
g_group	test_B_gourraud	HG00243	EUR	A	HLA-A*68:01:01;HLA-A*29:02:01	1	1	2
g_group	test_B_gourraud	HG00243	EUR	B	HLA-B*44:03:01;HLA-B*44:02:01	1	1	2
g_group	test_B_gourraud	HG00243	EUR	C	HLA-C*16:01:01;HLA-C*16:04:01	1	1	2
g_group	test_B_gourraud	HG00243	EUR	DRB1	HLA-DRB1*07:01:01;HLA-DRB1*15:01:01	1	1	2
g_group	test_B_gourraud	HG00243	EUR	DQB1	HLA-DQB1*02:02:01;HLA-DQB1*06:02:01	1	1	2
g_group	test_B_gourraud	HG00244	EUR	A	HLA-A*02:05:01;HLA-A*02:01:01	1	1	2
g_group	test_B_gourraud	HG00244	EUR	B	HLA-B*58:01:01;HLA-B*15:01:01,HLA-B*15:01:70	1	1	2
g_group	test_B_gourraud	HG00244	EUR	C	HLA-C*07:18:01;HLA-C*03:04:01	1	1	2
g_group	test_B_gourraud	HG00244	EUR	DRB1	HLA-DRB1*03:01:01;HLA-DRB1*04:01:01	1	1	2
g_group	test_B_gourraud	HG00244	EUR	DQB1	HLA-DQB1*02:01:01;HLA-DQB1*03:02:01	1	1	2
g_group	test_B_gourraud	HG00245	EUR	A	HLA-A*32:01:01;HLA-A*02:01:01	1	1	2
g_group	test_B_gourraud	HG00245	EUR	B	HLA-B*40:01:02;HLA-B*40:01:02	1	1	2
g_group	test_B_gourraud	HG00245	EUR	C	HLA-C*03:04:01;HLA-C*03:04:01	1	1	2
g_group	test_B_gourraud	HG00245	EUR	DRB1	HLA-DRB1*11:02:01;HLA-DRB1*04:04:01	1	1	2
g_group	test_B_gourraud	HG00245	EUR	DQB1	HLA-DQB1*03:02:01;HLA-DQB1*03:19:01	1	1	2
g_group	test_B_gourraud	HG00246	EUR	A	HLA-A*11:01:01;HLA-A*03:01:01	1	1	2
g_group	test_B_gourraud	HG00246	EUR	B	HLA-B*51:01:01;HLA-B*27:05:02	1	1	2
g_group	test_B_gourraud	HG00246	EUR	C	HLA-C*01:02:01;HLA-C*01:02:01	1	1	2
g_group	test_B_gourraud	HG00246	EUR	DRB1	HLA-DRB1*01:01:01;HLA-DRB1*11:01:01	1	1	2
g_group	test_B_gourraud	HG00246	EUR	DQB1	HLA-DQB1*05:01:01;HLA-DQB1*03:01:01	1	1	2
g_group	test_B_gourraud	HG00250	EUR	A	HLA-A*01:01:01;HLA-A*02:01:01	1	1	2
g_group	test_B_gourraud	HG00250	EUR	B	HLA-B*57:01:01;HLA-B*40:01:02	1	1	2
g_group	test_B_gourraud	HG00250	EUR	C	HLA-C*03:04:01;HLA-C*06:02:01	1	1	2
g_group	test_B_gourraud	HG00250	EUR	DRB1	HLA-DRB1*04:01:01;HLA-DRB1*04:04:01	1	1	2
g_group	test_B_gourraud	HG00250	EUR	DQB1	HLA-DQB1*03:02:01;HLA-DQB1*03:01:01	1	1	2
g_group	test_B_gourraud	HG00251	EUR	A	HLA-A*01:01:01;HLA-A*02:01:01	1	1	2
g_group	test_B_gourraud	HG00251	EUR	B	HLA-B*39:01:01;HLA-B*08:01:01	1	1	2
g_group	test_B_gourraud	HG00251	EUR	C	HLA-C*07:01:01;HLA-C*07:02:01	1	1	2
g_group	test_B_gourraud	HG00251	EUR	DRB1	HLA-DRB1*03:01:01;HLA-DRB1*08:01:01	1	1	2
g_group	test_B_gourraud	HG00251	EUR	DQB1	HLA-DQB1*02:01:01;HLA-DQB1*04:02:01	1	1	2
g_group	test_B_gourraud	HG00252	EUR	A	HLA-A*29:02:01;HLA-A*02:01:01	1	1	2
g_group	test_B_gourraud	HG00252	EUR	B	HLA-B*40:02:01;HLA-B*44:03:01	1	1	2
g_group	test_B_gourraud	HG00252	EUR	C	HLA-C*16:01:01;HLA-C*02:02:02	1	1	2
g_group	test_B_gourraud	HG00252	EUR	DRB1	HLA-DRB1*07:01:01;HLA-DRB1*09:01:02	1	1	2
g_group	test_B_gourraud	HG00252	EUR	DQB1	HLA-DQB1*03:03:02;HLA-DQB1*02:02:01	1	1	2
g_group	test_B_gourraud	HG00254	EUR	A	HLA-A*33:01:01;HLA-A*03:01:01	1	1	2
g_group	test_B_gourraud	HG00254	EUR	B	HLA-B*14:02:01;HLA-B*14:02:01	1	1	2
g_group	test_B_gourraud	HG00254	EUR	C	HLA-C*08:02:01;HLA-C*08:02:01	1	1	2
g_group	test_B_gourraud	HG00254	EUR	DRB1	HLA-DRB1*13:02:01;HLA-DRB1*01:02:01	1	1	2
g_group	test_B_gourraud	HG00254	EUR	DQB1	HLA-DQB1*05:01:01;HLA-DQB1*06:09:01	1	1	2
g_group	test_B_gourraud	HG00255	EUR	A	HLA-A*29:02:01;HLA-A*02:01:01	1	1	2
g_group	test_B_gourraud	HG00255	EUR	B	HLA-B*39:01:01;HLA-B*44:03:01	1	1	2
g_group	test_B_gourraud	HG00255	EUR	C	HLA-C*16:01:01;HLA-C*07:02:01	1	1	2
g_group	test_B_gourraud	HG00255	EUR	DRB1	HLA-DRB1*08:01:01;HLA-DRB1*07:01:01	1	1	2
g_group	test_B_gourraud	HG00255	EUR	DQB1	HLA-DQB1*04:02:01;HLA-DQB1*02:02:01	1	1	2
g_group	test_B_gourraud	HG00256	EUR	A	HLA-A*32:01:01;HLA-A*02:01:01	1	1	2
g_group	test_B_gourraud	HG00256	EUR	B	HLA-B*14:01:01;HLA-B*15:01:01	1	1	2
g_group	test_B_gourraud	HG00256	EUR	C	HLA-C*08:02:01;HLA-C*03:03:01	1	1	2
g_group	test_B_gourraud	HG00256	EUR	DRB1	HLA-DRB1*07:01:01;HLA-DRB1*13:01:01	1	1	2
g_group	test_B_gourraud	HG00256	EUR	DQB1	HLA-DQB1*02:02:15;HLA-DQB1*06:03:01	1	1	2
g_group	test_B_gourraud	HG00257	EUR	A	HLA-A*68:01:02;HLA-A*02:01:01	1	1	2
g_group	test_B_gourraud	HG00257	EUR	B	HLA-B*40:02:01;HLA-B*08:01:01	1	1	2
g_group	test_B_gourraud	HG00257	EUR	C	HLA-C*07:01:01;HLA-C*01:02:01	1	1	2
g_group	test_B_gourraud	HG00257	EUR	DRB1	HLA-DRB1*03:01:01;HLA-DRB1*13:01:01	1	1	2
g_group	test_B_gourraud	HG00257	EUR	DQB1	HLA-DQB1*02:01:01;HLA-DQB1*06:03:01	1	1	2
g_group	test_B_gourraud	HG00258	EUR	A	HLA-A*68:01:01;HLA-A*02:01:01	1	1	2
g_group	test_B_gourraud	HG00258	EUR	B	HLA-B*40:01:02;HLA-B*40:01:02	1	1	2
g_group	test_B_gourraud	HG00258	EUR	C	HLA-C*03:04:01;HLA-C*03:04:01	1	1	2
g_group	test_B_gourraud	HG00258	EUR	DRB1	HLA-DRB1*14:54:01;HLA-DRB1*04:04:01	1	1	2
g_group	test_B_gourraud	HG00258	EUR	DQB1	HLA-DQB1*05:03:01;HLA-DQB1*03:02:01	1	1	2
g_group	test_B_gourraud	HG00259	EUR	A	HLA-A*11:01:01;HLA-A*02:01:01	1	1	2
g_group	test_B_gourraud	HG00259	EUR	B	HLA-B*13:02:01;HLA-B*40:01:02	1	1	2
g_group	test_B_gourraud	HG00259	EUR	C	HLA-C*03:04:01;HLA-C*06:02:01	1	1	2
g_group	test_B_gourraud	HG00259	EUR	DRB1	HLA-DRB1*04:03:01;HLA-DRB1*11:04:01	1	1	2
g_group	test_B_gourraud	HG00259	EUR	DQB1	HLA-DQB1*03:02:01;HLA-DQB1*03:01:01	1	1	2
g_group	test_B_gourraud	HG00260	EUR	A	HLA-A*25:01:01;HLA-A*02:01:01	1	1	2
g_group	test_B_gourraud	HG00260	EUR	B	HLA-B*44:02:01;HLA-B*18:01:01	1	1	2
g_group	test_B_gourraud	HG00260	EUR	C	HLA-C*05:01:01;HLA-C*07:01:01	1	1	2
g_group	test_B_gourraud	HG00260	EUR	DRB1	HLA-DRB1*01:01:01;HLA-DRB1*04:01:01	1	1	2
g_group	test_B_gourraud	HG00260	EUR	DQB1	HLA-DQB1*03:02:01;HLA-DQB1*05:01:01	1	1	2
g_group	test_B_gourraud	HG00261	EUR	A	HLA-A*01:01:01;HLA-A*25:01:01	1	1	2
g_group	test_B_gourraud	HG00261	EUR	B	HLA-B*55:01:01;HLA-B*57:01:01	1	1	2
g_group	test_B_gourraud	HG00261	EUR	C	HLA-C*06:02:01;HLA-C*03:03:01	1	1	2
g_group	test_B_gourraud	HG00261	EUR	DRB1	HLA-DRB1*03:01:01;HLA-DRB1*14:54:01	1	1	2
g_group	test_B_gourraud	HG00261	EUR	DQB1	HLA-DQB1*02:01:01;HLA-DQB1*05:03:01	1	1	2
g_group	test_B_gourraud	HG00262	EUR	A	HLA-A*03:01:01;HLA-A*03:01:01	1	1	2
g_group	test_B_gourraud	HG00262	EUR	B	HLA-B*44:02:01;HLA-B*44:03:01	1	1	2
g_group	test_B_gourraud	HG00262	EUR	C	HLA-C*05:01:01;HLA-C*04:01:01	1	1	2
g_group	test_B_gourraud	HG00262	EUR	DRB1	HLA-DRB1*04:01:01;HLA-DRB1*04:04:01	1	1	2
g_group	test_B_gourraud	HG00262	EUR	DQB1	HLA-DQB1*03:02:01;HLA-DQB1*03:01:01	1	1	2
g_group	test_B_gourraud	HG00263	EUR	A	HLA-A*03:01:01;HLA-A*30:04:01	1	1	2
g_group	test_B_gourraud	HG00263	EUR	B	HLA-B*41:01:01;HLA-B*07:02:01	1	1	2
g_group	test_B_gourraud	HG00263	EUR	C	HLA-C*17:01:01;HLA-C*07:02:01	1	1	2
g_group	test_B_gourraud	HG00263	EUR	DRB1	HLA-DRB1*11:02:01;HLA-DRB1*15:01:01	1	1	2
g_group	test_B_gourraud	HG00263	EUR	DQB1	HLA-DQB1*06:02:01;HLA-DQB1*03:19:01	1	1	2
g_group	test_B_gourraud	HG00264	EUR	A	HLA-A*03:01:01;HLA-A*02:01:01	1	1	2
g_group	test_B_gourraud	HG00264	EUR	B	HLA-B*44:02:01;HLA-B*27:05:02	1	1	2
g_group	test_B_gourraud	HG00264	EUR	C	HLA-C*02:02:02;HLA-C*05:01:01	1	1	2
g_group	test_B_gourraud	HG00264	EUR	DRB1	HLA-DRB1*04:01:01;HLA-DRB1*04:07:01	1	1	2
g_group	test_B_gourraud	HG00264	EUR	DQB1	HLA-DQB1*03:01:01;HLA-DQB1*03:01:01	1	1	2
g_group	test_B_gourraud	HG00265	EUR	A	HLA-A*01:01:01;HLA-A*01:01:01	1	1	2
g_group	test_B_gourraud	HG00265	EUR	B	HLA-B*08:01:01;HLA-B*08:01:01	1	1	2
g_group	test_B_gourraud	HG00265	EUR	C	HLA-C*07:01:01;HLA-C*07:01:01	1	1	2
g_group	test_B_gourraud	HG00265	EUR	DRB1	HLA-DRB1*03:01:01;HLA-DRB1*03:01:01	1	1	2
g_group	test_B_gourraud	HG00265	EUR	DQB1	HLA-DQB1*02:01:01;HLA-DQB1*02:01:01	1	1	2
g_group	test_B_gourraud	HG00266	EUR	A	HLA-A*01:01:01;HLA-A*03:01:01	1	1	2
g_group	test_B_gourraud	HG00266	EUR	B	HLA-B*35:01:01;HLA-B*08:01:01	1	1	2
g_group	test_B_gourraud	HG00266	EUR	C	HLA-C*07:01:01;HLA-C*04:01:01	1	1	2
g_group	test_B_gourraud	HG00266	EUR	DRB1	HLA-DRB1*01:01:01;HLA-DRB1*03:01:01	1	1	2
g_group	test_B_gourraud	HG00266	EUR	DQB1	HLA-DQB1*05:01:01;HLA-DQB1*02:01:01	1	1	2
g_group	test_B_gourraud	HG00267	EUR	A	HLA-A*24:02:01;HLA-A*02:01:01	1	1	2
g_group	test_B_gourraud	HG00267	EUR	B	HLA-B*57:01:01;HLA-B*41:01:01	1	1	2
g_group	test_B_gourraud	HG00267	EUR	C	HLA-C*17:01:01;HLA-C*06:02:01	1	1	2
g_group	test_B_gourraud	HG00267	EUR	DRB1	HLA-DRB1*07:01:01;HLA-DRB1*07:01:01	1	1	2
g_group	test_B_gourraud	HG00267	EUR	DQB1	HLA-DQB1*03:03:02;HLA-DQB1*03:03:02	1	1	2
g_group	test_B_gourraud	HG00268	EUR	A	HLA-A*03:01:01;HLA-A*25:01:01	1	1	2
g_group	test_B_gourraud	HG00268	EUR	B	HLA-B*07:02:01;HLA-B*18:01:01	1	1	2
g_group	test_B_gourraud	HG00268	EUR	C	HLA-C*07:02:01;HLA-C*12:03:01	1	1	2
g_group	test_B_gourraud	HG00268	EUR	DRB1	HLA-DRB1*15:01:01;HLA-DRB1*15:01:01	1	1	2
g_group	test_B_gourraud	HG00268	EUR	DQB1	HLA-DQB1*06:02:01;HLA-DQB1*06:02:01	1	1	2
g_group	test_B_gourraud	HG00269	EUR	A	HLA-A*03:01:01;HLA-A*03:01:01	1	1	2
g_group	test_B_gourraud	HG00269	EUR	B	HLA-B*07:02:01;HLA-B*35:01:01,HLA-B*35:370	1	1	2
g_group	test_B_gourraud	HG00269	EUR	C	HLA-C*03:04:01;HLA-C*04:01:01	1	1	2
g_group	test_B_gourraud	HG00269	EUR	DRB1	HLA-DRB1*01:01:01;HLA-DRB1*01:01:01	1	1	2
g_group	test_B_gourraud	HG00269	EUR	DQB1	HLA-DQB1*05:01:01;HLA-DQB1*05:01:01	1	1	2
g_group	test_B_gourraud	HG00271	EUR	A	HLA-A*03:01:01;HLA-A*02:01:01	1	1	2
g_group	test_B_gourraud	HG00271	EUR	B	HLA-B*27:05:02;HLA-B*47:01:01	1	1	2
g_group	test_B_gourraud	HG00271	EUR	C	HLA-C*02:02:02;HLA-C*06:02:01	1	1	2
g_group	test_B_gourraud	HG00271	EUR	DRB1	HLA-DRB1*08:01:01;HLA-DRB1*15:01:01	1	1	2
g_group	test_B_gourraud	HG00271	EUR	DQB1	HLA-DQB1*04:02:01;HLA-DQB1*06:02:01	1	1	2
g_group	test_B_gourraud	HG00273	EUR	A	HLA-A*11:01:01;HLA-A*03:01:01	1	1	2
g_group	test_B_gourraud	HG00273	EUR	B	HLA-B*35:01:01;HLA-B*07:02:01	1	1	2
g_group	test_B_gourraud	HG00273	EUR	C	HLA-C*07:02:01;HLA-C*04:01:01	1	1	2
g_group	test_B_gourraud	HG00273	EUR	DRB1	HLA-DRB1*11:01:01;HLA-DRB1*01:01:01	1	1	2
g_group	test_B_gourraud	HG00273	EUR	DQB1	HLA-DQB1*05:01:01;HLA-DQB1*03:01:01	1	1	2
g_group	test_B_gourraud	HG00274	EUR	A	HLA-A*03:01:01;HLA-A*03:01:01	1	1	2
g_group	test_B_gourraud	HG00274	EUR	B	HLA-B*15:01:01;HLA-B*35:01:01	1	1	2
g_group	test_B_gourraud	HG00274	EUR	C	HLA-C*04:01:01;HLA-C*03:03:01	1	1	2
g_group	test_B_gourraud	HG00274	EUR	DRB1	HLA-DRB1*08:01:01;HLA-DRB1*07:01:01	1	1	2
g_group	test_B_gourraud	HG00274	EUR	DQB1	HLA-DQB1*03:03:02;HLA-DQB1*04:02:01	1	1	2
g_group	test_B_gourraud	HG00275	EUR	A	HLA-A*03:01:01;HLA-A*02:01:01	1	1	2
g_group	test_B_gourraud	HG00275	EUR	B	HLA-B*15:01:01;HLA-B*07:02:01	1	1	2
g_group	test_B_gourraud	HG00275	EUR	C	HLA-C*07:02:01;HLA-C*04:01:01	1	1	2
g_group	test_B_gourraud	HG00275	EUR	DRB1	HLA-DRB1*15:01:01;HLA-DRB1*15:01:01	1	1	2
g_group	test_B_gourraud	HG00275	EUR	DQB1	HLA-DQB1*06:02:01;HLA-DQB1*06:02:01	1	1	2
g_group	test_B_gourraud	HG00276	EUR	A	HLA-A*03:01:01;HLA-A*03:01:01	1	1	2
g_group	test_B_gourraud	HG00276	EUR	B	HLA-B*35:01:01;HLA-B*51:01:01	1	1	2
g_group	test_B_gourraud	HG00276	EUR	C	HLA-C*04:01:01;HLA-C*15:02:01	1	1	2
g_group	test_B_gourraud	HG00276	EUR	DRB1	HLA-DRB1*01:01:01;HLA-DRB1*09:01:02	1	1	2
g_group	test_B_gourraud	HG00276	EUR	DQB1	HLA-DQB1*03:03:02;HLA-DQB1*05:01:01	1	1	2
g_group	test_B_gourraud	HG00277	EUR	A	HLA-A*31:01:02;HLA-A*02:01:01	1	1	2
g_group	test_B_gourraud	HG00277	EUR	B	HLA-B*07:02:01;HLA-B*56:01:01	1	1	2
g_group	test_B_gourraud	HG00277	EUR	C	HLA-C*01:02:01;HLA-C*07:02:01	1	1	2
g_group	test_B_gourraud	HG00277	EUR	DRB1	HLA-DRB1*04:01:01;HLA-DRB1*15:01:01	1	1	2
g_group	test_B_gourraud	HG00277	EUR	DQB1	HLA-DQB1*03:02:01;HLA-DQB1*06:02:01	1	1	2
g_group	test_B_gourraud	HG00278	EUR	A	HLA-A*02:01:01;HLA-A*02:01:01	1	1	2
g_group	test_B_gourraud	HG00278	EUR	B	HLA-B*39:01:01;HLA-B*51:01:01	1	1	2
g_group	test_B_gourraud	HG00278	EUR	C	HLA-C*15:02:01;HLA-C*07:02:01	1	1	2
g_group	test_B_gourraud	HG00278	EUR	DRB1	HLA-DRB1*09:01:02;HLA-DRB1*08:01:01	1	1	2
g_group	test_B_gourraud	HG00278	EUR	DQB1	HLA-DQB1*03:03:02;HLA-DQB1*04:02:01	1	1	2
g_group	test_B_gourraud	HG00281	EUR	A	HLA-A*02:01:01;HLA-A*02:01:01	1	1	2
g_group	test_B_gourraud	HG00281	EUR	B	HLA-B*15:01:01;HLA-B*35:01:01	1	1	2
g_group	test_B_gourraud	HG00281	EUR	C	HLA-C*04:01:01;HLA-C*04:01:01	1	1	2
g_group	test_B_gourraud	HG00281	EUR	DRB1	HLA-DRB1*01:01:01;HLA-DRB1*08:01:01	1	1	2
g_group	test_B_gourraud	HG00281	EUR	DQB1	HLA-DQB1*04:02:01;HLA-DQB1*05:01:01	1	1	2
g_group	test_B_gourraud	HG00282	EUR	A	HLA-A*03:01:01;HLA-A*02:01:01	1	1	2
g_group	test_B_gourraud	HG00282	EUR	B	HLA-B*40:01:02;HLA-B*07:02:01	1	1	2
g_group	test_B_gourraud	HG00282	EUR	C	HLA-C*07:02:01;HLA-C*03:04:01	1	1	2
g_group	test_B_gourraud	HG00282	EUR	DRB1	HLA-DRB1*15:01:01;HLA-DRB1*13:02:01	1	1	2
g_group	test_B_gourraud	HG00282	EUR	DQB1	HLA-DQB1*06:02:01;HLA-DQB1*06:04:01	1	1	2
g_group	test_B_gourraud	HG00284	EUR	A	HLA-A*11:01:01;HLA-A*01:01:01	1	1	2
g_group	test_B_gourraud	HG00284	EUR	B	HLA-B*57:01:01;HLA-B*08:01:01	1	1	2
g_group	test_B_gourraud	HG00284	EUR	C	HLA-C*07:01:01;HLA-C*06:02:01	1	1	2
g_group	test_B_gourraud	HG00284	EUR	DRB1	HLA-DRB1*03:01:01;HLA-DRB1*08:105	1	1	2
g_group	test_B_gourraud	HG00284	EUR	DQB1	HLA-DQB1*04:02:01;HLA-DQB1*02:01:01	1	1	2
g_group	test_B_gourraud	HG00285	EUR	A	HLA-A*02:01:01;HLA-A*68:01:02	1	1	2
g_group	test_B_gourraud	HG00285	EUR	B	HLA-B*15:01:01;HLA-B*40:01:02	1	1	2
g_group	test_B_gourraud	HG00285	EUR	C	HLA-C*03:04:01;HLA-C*03:04:01	1	1	2
g_group	test_B_gourraud	HG00285	EUR	DRB1	HLA-DRB1*04:01:01;HLA-DRB1*04:04:01	1	1	2
g_group	test_B_gourraud	HG00285	EUR	DQB1	HLA-DQB1*03:02:01;HLA-DQB1*03:02:01	1	1	2
g_group	test_B_gourraud	HG00306	EUR	A	HLA-A*01:01:01;HLA-A*02:01:01	1	1	2
g_group	test_B_gourraud	HG00306	EUR	B	HLA-B*27:05:02;HLA-B*08:01:01	1	1	2
g_group	test_B_gourraud	HG00306	EUR	C	HLA-C*07:01:01;HLA-C*02:02:02	1	1	2
g_group	test_B_gourraud	HG00306	EUR	DRB1	HLA-DRB1*08:01:01;HLA-DRB1*03:01:01	1	1	2
g_group	test_B_gourraud	HG00306	EUR	DQB1	HLA-DQB1*02:01:01;HLA-DQB1*04:02:01	1	1	2
g_group	test_B_gourraud	HG00308	EUR	A	HLA-A*03:01:01;HLA-A*03:01:01	1	1	2
g_group	test_B_gourraud	HG00308	EUR	B	HLA-B*35:01:01;HLA-B*35:01:01	1	1	2
g_group	test_B_gourraud	HG00308	EUR	C	HLA-C*04:01:01;HLA-C*04:01:01	1	1	2
g_group	test_B_gourraud	HG00308	EUR	DRB1	HLA-DRB1*01:01:01;HLA-DRB1*01:01:01	1	1	2
g_group	test_B_gourraud	HG00308	EUR	DQB1	HLA-DQB1*05:01:01;HLA-DQB1*05:01:01	1	1	2
g_group	test_B_gourraud	HG00309	EUR	A	HLA-A*03:01:01;HLA-A*01:01:01	1	1	2
g_group	test_B_gourraud	HG00309	EUR	B	HLA-B*35:01:01;HLA-B*27:05:02	1	1	2
g_group	test_B_gourraud	HG00309	EUR	C	HLA-C*04:01:01;HLA-C*01:02:01	1	1	2
g_group	test_B_gourraud	HG00309	EUR	DRB1	HLA-DRB1*01:01:01;HLA-DRB1*04:08:01	1	1	2
g_group	test_B_gourraud	HG00309	EUR	DQB1	HLA-DQB1*05:01:01;HLA-DQB1*03:01:01	1	1	2
g_group	test_B_gourraud	HG00310	EUR	A	HLA-A*03:01:01;HLA-A*03:01:01	1	1	2
g_group	test_B_gourraud	HG00310	EUR	B	HLA-B*15:01:01;HLA-B*07:02:01	1	1	2
g_group	test_B_gourraud	HG00310	EUR	C	HLA-C*07:02:01;HLA-C*03:03:01	1	1	2
g_group	test_B_gourraud	HG00310	EUR	DRB1	HLA-DRB1*15:01:01;HLA-DRB1*13:01:01	1	1	2
g_group	test_B_gourraud	HG00310	EUR	DQB1	HLA-DQB1*06:03:01;HLA-DQB1*06:02:01	1	1	2
g_group	test_B_gourraud	HG00311	EUR	A	HLA-A*11:01:01;HLA-A*03:01:01	1	1	2
g_group	test_B_gourraud	HG00311	EUR	B	HLA-B*07:02:01;HLA-B*44:02:01	1	1	2
g_group	test_B_gourraud	HG00311	EUR	C	HLA-C*03:04:01;HLA-C*05:01:01	1	1	2
g_group	test_B_gourraud	HG00311	EUR	DRB1	HLA-DRB1*01:01:01;HLA-DRB1*01:01:01	1	1	2
g_group	test_B_gourraud	HG00311	EUR	DQB1	HLA-DQB1*05:01:01;HLA-DQB1*05:01:01	1	1	2
g_group	test_B_gourraud	HG00313	EUR	A	HLA-A*03:01:01;HLA-A*03:01:01	1	1	2
g_group	test_B_gourraud	HG00313	EUR	B	HLA-B*35:01:01;HLA-B*07:02:01	1	1	2
g_group	test_B_gourraud	HG00313	EUR	C	HLA-C*07:02:01;HLA-C*04:01:01	1	1	2
g_group	test_B_gourraud	HG00313	EUR	DRB1	HLA-DRB1*01:01:01;HLA-DRB1*04:01:01	1	1	2
g_group	test_B_gourraud	HG00313	EUR	DQB1	HLA-DQB1*05:01:01;HLA-DQB1*03:02:01	1	1	2
g_group	test_B_gourraud	HG00315	EUR	A	HLA-A*30:01:01;HLA-A*02:01:01	1	1	2
g_group	test_B_gourraud	HG00315	EUR	B	HLA-B*13:02:01;HLA-B*56:01:01	1	1	2
g_group	test_B_gourraud	HG00315	EUR	C	HLA-C*01:02:01;HLA-C*06:02:01	1	1	2
g_group	test_B_gourraud	HG00315	EUR	DRB1	HLA-DRB1*07:01:01;HLA-DRB1*04:01:01	1	1	2
g_group	test_B_gourraud	HG00315	EUR	DQB1	HLA-DQB1*03:02:01;HLA-DQB1*02:02:01	1	1	2
g_group	test_B_gourraud	HG00318	EUR	A	HLA-A*03:01:01;HLA-A*03:01:01	1	1	2
g_group	test_B_gourraud	HG00318	EUR	B	HLA-B*13:02:01;HLA-B*07:02:01	1	1	2
g_group	test_B_gourraud	HG00318	EUR	C	HLA-C*07:02:01;HLA-C*06:02:01	1	1	2
g_group	test_B_gourraud	HG00318	EUR	DRB1	HLA-DRB1*04:04:01;HLA-DRB1*07:01:01	1	1	2
g_group	test_B_gourraud	HG00318	EUR	DQB1	HLA-DQB1*02:02:01;HLA-DQB1*03:02:01	1	1	2
g_group	test_B_gourraud	HG00319	EUR	A	HLA-A*03:01:01;HLA-A*02:01:01	1	1	2
g_group	test_B_gourraud	HG00319	EUR	B	HLA-B*07:02:01;HLA-B*56:01:01	1	1	2
g_group	test_B_gourraud	HG00319	EUR	C	HLA-C*03:04:01;HLA-C*01:02:01	1	1	2
g_group	test_B_gourraud	HG00319	EUR	DRB1	HLA-DRB1*01:01:01;HLA-DRB1*15:01:01	1	1	2
g_group	test_B_gourraud	HG00319	EUR	DQB1	HLA-DQB1*06:02:01;HLA-DQB1*05:01:01	1	1	2
g_group	test_B_gourraud	HG00324	EUR	A	HLA-A*68:01:02;HLA-A*03:01:01	1	1	2
g_group	test_B_gourraud	HG00324	EUR	B	HLA-B*40:01:02;HLA-B*35:01:01	1	1	2
g_group	test_B_gourraud	HG00324	EUR	C	HLA-C*04:01:01;HLA-C*03:04:01	1	1	2
g_group	test_B_gourraud	HG00324	EUR	DRB1	HLA-DRB1*01:01:01;HLA-DRB1*04:04:01	1	1	2
g_group	test_B_gourraud	HG00324	EUR	DQB1	HLA-DQB1*03:02:01;HLA-DQB1*05:01:01	1	1	2
g_group	test_B_gourraud	HG00325	EUR	A	HLA-A*68:01:02;HLA-A*03:01:01	1	1	2
g_group	test_B_gourraud	HG00325	EUR	B	HLA-B*35:01:01;HLA-B*35:01:01	1	1	2
g_group	test_B_gourraud	HG00325	EUR	C	HLA-C*03:03:01;HLA-C*04:01:01	1	1	2
g_group	test_B_gourraud	HG00325	EUR	DRB1	HLA-DRB1*08:01:01;HLA-DRB1*01:01:01	1	1	2
g_group	test_B_gourraud	HG00325	EUR	DQB1	HLA-DQB1*04:02:01;HLA-DQB1*05:01:01	1	1	2
g_group	test_B_gourraud	HG00326	EUR	A	HLA-A*02:01:01;HLA-A*02:01:01	1	1	2
g_group	test_B_gourraud	HG00326	EUR	B	HLA-B*40:01:02;HLA-B*57:01:01	1	1	2
g_group	test_B_gourraud	HG00326	EUR	C	HLA-C*03:04:01;HLA-C*06:02:01	1	1	2
g_group	test_B_gourraud	HG00326	EUR	DRB1	HLA-DRB1*07:01:01;HLA-DRB1*04:01:01	1	1	2
g_group	test_B_gourraud	HG00326	EUR	DQB1	HLA-DQB1*03:03:02;HLA-DQB1*03:02:01	1	1	2
g_group	test_B_gourraud	HG00327	EUR	A	HLA-A*02:01:01;HLA-A*02:01:01	1	1	2
g_group	test_B_gourraud	HG00327	EUR	B	HLA-B*44:02:01;HLA-B*08:01:01	1	1	2
g_group	test_B_gourraud	HG00327	EUR	C	HLA-C*05:01:01;HLA-C*07:01:01	1	1	2
g_group	test_B_gourraud	HG00327	EUR	DRB1	HLA-DRB1*03:01:01;HLA-DRB1*12:01:01	1	1	2
g_group	test_B_gourraud	HG00327	EUR	DQB1	HLA-DQB1*02:01:01;HLA-DQB1*03:01:01	1	1	2
g_group	test_B_gourraud	HG00328	EUR	A	HLA-A*02:01:01;HLA-A*02:01:01	1	1	2
g_group	test_B_gourraud	HG00328	EUR	B	HLA-B*27:05:02;HLA-B*15:01:01	1	1	2
g_group	test_B_gourraud	HG00328	EUR	C	HLA-C*03:03:01;HLA-C*01:02:01	1	1	2
g_group	test_B_gourraud	HG00328	EUR	DRB1	HLA-DRB1*10:01:01;HLA-DRB1*04:08:01	1	1	2
g_group	test_B_gourraud	HG00328	EUR	DQB1	HLA-DQB1*05:01:01;HLA-DQB1*03:01:01	1	1	2
g_group	test_B_gourraud	HG00330	EUR	A	HLA-A*01:01:01;HLA-A*02:01:01	1	1	2
g_group	test_B_gourraud	HG00330	EUR	B	HLA-B*57:01:01;HLA-B*15:01:01	1	1	2
g_group	test_B_gourraud	HG00330	EUR	C	HLA-C*03:03:01;HLA-C*06:02:01	1	1	2
g_group	test_B_gourraud	HG00330	EUR	DRB1	HLA-DRB1*13:01:01;HLA-DRB1*07:01:01	1	1	2
g_group	test_B_gourraud	HG00330	EUR	DQB1	HLA-DQB1*03:03:02;HLA-DQB1*06:03:01	1	1	2
g_group	test_B_gourraud	HG00331	EUR	A	HLA-A*02:01:01;HLA-A*02:01:01	1	1	2
g_group	test_B_gourraud	HG00331	EUR	B	HLA-B*15:01:01;HLA-B*35:01:01	1	1	2
g_group	test_B_gourraud	HG00331	EUR	C	HLA-C*03:04:01;HLA-C*04:01:01	1	1	2
g_group	test_B_gourraud	HG00331	EUR	DRB1	HLA-DRB1*14:01:01;HLA-DRB1*04:04:01	1	1	2
g_group	test_B_gourraud	HG00331	EUR	DQB1	HLA-DQB1*03:02:01;HLA-DQB1*05:03:01	1	1	2
g_group	test_B_gourraud	HG00332	EUR	A	HLA-A*03:01:01;HLA-A*02:01:01	1	1	2
g_group	test_B_gourraud	HG00332	EUR	B	HLA-B*35:01:01,HLA-B*35:370,HLA-B*35:615;HLA-B*07:02:01,HLA-B*07:529	1	1	2
g_group	test_B_gourraud	HG00332	EUR	C	HLA-C*07:02:01;HLA-C*04:01:01	1	1	2
g_group	test_B_gourraud	HG00332	EUR	DRB1	HLA-DRB1*01:01:01;HLA-DRB1*15:01:01	1	1	2
g_group	test_B_gourraud	HG00332	EUR	DQB1	HLA-DQB1*06:02:01;HLA-DQB1*05:01:01	1	1	2
g_group	test_B_gourraud	HG00334	EUR	A	HLA-A*32:01:01;HLA-A*02:01:01	1	1	2
g_group	test_B_gourraud	HG00334	EUR	B	HLA-B*39:01:01;HLA-B*15:01:01	1	1	2
g_group	test_B_gourraud	HG00334	EUR	C	HLA-C*07:02:01;HLA-C*04:01:01,HLA-C*04:275:01	1	1	2
g_group	test_B_gourraud	HG00334	EUR	DRB1	HLA-DRB1*08:01:01;HLA-DRB1*11:01:01	1	1	2
g_group	test_B_gourraud	HG00334	EUR	DQB1	HLA-DQB1*04:02:01;HLA-DQB1*03:01:01	1	1	2
g_group	test_B_gourraud	HG00335	EUR	A	HLA-A*01:01:01;HLA-A*02:01:01	1	1	2
g_group	test_B_gourraud	HG00335	EUR	B	HLA-B*27:05:02;HLA-B*15:01:01	1	1	2
g_group	test_B_gourraud	HG00335	EUR	C	HLA-C*04:01:01;HLA-C*02:02:02	1	1	2
g_group	test_B_gourraud	HG00335	EUR	DRB1	HLA-DRB1*04:01:01;HLA-DRB1*11:01:01	1	1	2
g_group	test_B_gourraud	HG00335	EUR	DQB1	HLA-DQB1*03:02:01;HLA-DQB1*03:01:01	1	1	2
g_group	test_B_gourraud	HG00336	EUR	A	HLA-A*01:01:01;HLA-A*03:01:01	1	1	2
g_group	test_B_gourraud	HG00336	EUR	B	HLA-B*08:01:01;HLA-B*35:01:01	1	1	2
g_group	test_B_gourraud	HG00336	EUR	C	HLA-C*04:01:01,HLA-C*04:01:118;HLA-C*07:01:01	1	1	2
g_group	test_B_gourraud	HG00336	EUR	DRB1	HLA-DRB1*01:01:01;HLA-DRB1*15:01:01	1	1	2
g_group	test_B_gourraud	HG00336	EUR	DQB1	HLA-DQB1*06:02:01;HLA-DQB1*05:01:01	1	1	2
g_group	test_B_gourraud	HG00337	EUR	A	HLA-A*03:01:01;HLA-A*03:01:01	1	1	2
g_group	test_B_gourraud	HG00337	EUR	B	HLA-B*07:02:01;HLA-B*07:02:01	1	1	2
g_group	test_B_gourraud	HG00337	EUR	C	HLA-C*07:02:01;HLA-C*07:02:01	1	1	2
g_group	test_B_gourraud	HG00337	EUR	DRB1	HLA-DRB1*13:01:01;HLA-DRB1*13:02:01	1	1	2
g_group	test_B_gourraud	HG00337	EUR	DQB1	HLA-DQB1*06:04:01;HLA-DQB1*06:03:01	1	1	2
g_group	test_B_gourraud	HG00338	EUR	A	HLA-A*68:01:02;HLA-A*03:01:01	1	1	2
g_group	test_B_gourraud	HG00338	EUR	B	HLA-B*35:01:01;HLA-B*44:02:01	1	1	2
g_group	test_B_gourraud	HG00338	EUR	C	HLA-C*05:01:01;HLA-C*04:01:01	1	1	2
g_group	test_B_gourraud	HG00338	EUR	DRB1	HLA-DRB1*13:01:01;HLA-DRB1*01:01:01	1	1	2
g_group	test_B_gourraud	HG00338	EUR	DQB1	HLA-DQB1*05:01:01;HLA-DQB1*06:03:01	1	1	2
g_group	test_B_gourraud	HG00339	EUR	A	HLA-A*68:01:01;HLA-A*01:01:01	1	1	2
g_group	test_B_gourraud	HG00339	EUR	B	HLA-B*27:05:02;HLA-B*40:02:01	1	1	2
g_group	test_B_gourraud	HG00339	EUR	C	HLA-C*02:02:02;HLA-C*03:04:01	1	1	2
g_group	test_B_gourraud	HG00339	EUR	DRB1	HLA-DRB1*08:02:01;HLA-DRB1*01:01:01	1	1	2
g_group	test_B_gourraud	HG00339	EUR	DQB1	HLA-DQB1*04:02:01;HLA-DQB1*05:01:01	1	1	2
g_group	test_B_gourraud	HG00341	EUR	A	HLA-A*01:02:01;HLA-A*68:01:02	1	1	2
g_group	test_B_gourraud	HG00341	EUR	B	HLA-B*40:01:02;HLA-B*57:01:01	1	1	2
g_group	test_B_gourraud	HG00341	EUR	C	HLA-C*03:04:01;HLA-C*06:02:01	1	1	2
g_group	test_B_gourraud	HG00341	EUR	DRB1	HLA-DRB1*09:01:02;HLA-DRB1*04:02:01	1	1	2
g_group	test_B_gourraud	HG00341	EUR	DQB1	HLA-DQB1*03:03:02;HLA-DQB1*03:02:01	1	1	2
g_group	test_B_gourraud	HG00342	EUR	A	HLA-A*11:01:01;HLA-A*02:01:01	1	1	2
g_group	test_B_gourraud	HG00342	EUR	B	HLA-B*13:02:01;HLA-B*44:02:01	1	1	2
g_group	test_B_gourraud	HG00342	EUR	C	HLA-C*06:02:01;HLA-C*05:01:01	1	1	2
g_group	test_B_gourraud	HG00342	EUR	DRB1	HLA-DRB1*09:01:02;HLA-DRB1*12:01:01	1	1	2
g_group	test_B_gourraud	HG00342	EUR	DQB1	HLA-DQB1*03:03:02;HLA-DQB1*03:01:01	1	1	2
g_group	test_B_gourraud	HG00343	EUR	A	HLA-A*32:01:01;HLA-A*03:01:01	1	1	2
g_group	test_B_gourraud	HG00343	EUR	B	HLA-B*39:01:01;HLA-B*35:01:01	1	1	2
g_group	test_B_gourraud	HG00343	EUR	C	HLA-C*07:02:01;HLA-C*04:01:01	1	1	2
g_group	test_B_gourraud	HG00343	EUR	DRB1	HLA-DRB1*01:01:01;HLA-DRB1*08:01:01	1	1	2
g_group	test_B_gourraud	HG00343	EUR	DQB1	HLA-DQB1*04:02:01;HLA-DQB1*05:01:01	1	1	2
g_group	test_B_gourraud	HG00345	EUR	A	HLA-A*01:01:01;HLA-A*03:01:01	1	1	2
g_group	test_B_gourraud	HG00345	EUR	B	HLA-B*35:01:01;HLA-B*08:01:01	1	1	2
g_group	test_B_gourraud	HG00345	EUR	C	HLA-C*07:01:01;HLA-C*04:01:01	1	1	2
g_group	test_B_gourraud	HG00345	EUR	DRB1	HLA-DRB1*01:01:01;HLA-DRB1*03:01:01	1	1	2
g_group	test_B_gourraud	HG00345	EUR	DQB1	HLA-DQB1*02:01:01;HLA-DQB1*05:01:01	1	1	2
g_group	test_B_gourraud	HG00346	EUR	A	HLA-A*03:01:01;HLA-A*31:01:02	1	1	2
g_group	test_B_gourraud	HG00346	EUR	B	HLA-B*18:01:01;HLA-B*51:01:01,HLA-B*51:01:64	1	1	2
g_group	test_B_gourraud	HG00346	EUR	C	HLA-C*07:01:01;HLA-C*14:02:01	1	1	2
g_group	test_B_gourraud	HG00346	EUR	DRB1	HLA-DRB1*15:01:01;HLA-DRB1*13:01:01	1	1	2
g_group	test_B_gourraud	HG00346	EUR	DQB1	HLA-DQB1*06:02:01;HLA-DQB1*06:03:01	1	1	2
g_group	test_B_gourraud	HG00349	EUR	A	HLA-A*68:01:01;HLA-A*01:01:01	1	1	2
g_group	test_B_gourraud	HG00349	EUR	B	HLA-B*08:01:01;HLA-B*27:05:02	1	1	2
g_group	test_B_gourraud	HG00349	EUR	C	HLA-C*07:01:01;HLA-C*02:02:02	1	1	2
g_group	test_B_gourraud	HG00349	EUR	DRB1	HLA-DRB1*01:01:01;HLA-DRB1*03:01:01	1	1	2
g_group	test_B_gourraud	HG00349	EUR	DQB1	HLA-DQB1*05:01:01;HLA-DQB1*02:01:01	1	1	2
g_group	test_B_gourraud	HG00351	EUR	A	HLA-A*02:01:01;HLA-A*24:02:01	1	1	2
g_group	test_B_gourraud	HG00351	EUR	B	HLA-B*38:01:01;HLA-B*07:02:01	1	1	2
g_group	test_B_gourraud	HG00351	EUR	C	HLA-C*07:02:01;HLA-C*12:03:01,HLA-C*12:03:67,HLA-C*12:143,HLA-C*12:278,HLA-C*12:407	1	1	2
g_group	test_B_gourraud	HG00351	EUR	DRB1	HLA-DRB1*13:01:01;HLA-DRB1*15:01:01	1	1	2
g_group	test_B_gourraud	HG00351	EUR	DQB1	HLA-DQB1*06:03:01;HLA-DQB1*06:02:01	1	1	2
g_group	test_B_gourraud	HG00353	EUR	A	HLA-A*31:01:02;HLA-A*32:01:01	1	1	2
g_group	test_B_gourraud	HG00353	EUR	B	HLA-B*44:02:01;HLA-B*18:01:01	1	1	2
g_group	test_B_gourraud	HG00353	EUR	C	HLA-C*07:01:01;HLA-C*05:01:01	1	1	2
g_group	test_B_gourraud	HG00353	EUR	DRB1	HLA-DRB1*15:01:01;HLA-DRB1*15:01:01	1	1	2
g_group	test_B_gourraud	HG00353	EUR	DQB1	HLA-DQB1*06:02:01;HLA-DQB1*06:02:01	1	1	2
g_group	test_B_gourraud	HG00355	EUR	A	HLA-A*29:02:01;HLA-A*03:01:01	1	1	2
g_group	test_B_gourraud	HG00355	EUR	B	HLA-B*47:01:01;HLA-B*44:03:01	1	1	2
g_group	test_B_gourraud	HG00355	EUR	C	HLA-C*06:02:01;HLA-C*16:01:01	1	1	2
g_group	test_B_gourraud	HG00355	EUR	DRB1	HLA-DRB1*07:01:01;HLA-DRB1*15:01:01	1	1	2
g_group	test_B_gourraud	HG00355	EUR	DQB1	HLA-DQB1*02:02:01;HLA-DQB1*06:02:01	1	1	2
g_group	test_B_gourraud	HG00356	EUR	A	HLA-A*24:02:01;HLA-A*01:01:01	1	1	2
g_group	test_B_gourraud	HG00356	EUR	B	HLA-B*40:01:02;HLA-B*08:01:01	1	1	2
g_group	test_B_gourraud	HG00356	EUR	C	HLA-C*07:01:01;HLA-C*03:04:01	1	1	2
g_group	test_B_gourraud	HG00356	EUR	DRB1	HLA-DRB1*03:01:01;HLA-DRB1*08:01:01	1	1	2
g_group	test_B_gourraud	HG00356	EUR	DQB1	HLA-DQB1*02:01:01;HLA-DQB1*04:02:01	1	1	2
g_group	test_B_gourraud	HG00357	EUR	A	HLA-A*02:01:01;HLA-A*01:01:01	1	1	2
g_group	test_B_gourraud	HG00357	EUR	B	HLA-B*57:01:01;HLA-B*08:01:01	1	1	2
g_group	test_B_gourraud	HG00357	EUR	C	HLA-C*07:01:01;HLA-C*06:02:01	1	1	2
g_group	test_B_gourraud	HG00357	EUR	DRB1	HLA-DRB1*07:01:01;HLA-DRB1*03:01:01	1	1	2
g_group	test_B_gourraud	HG00357	EUR	DQB1	HLA-DQB1*03:03:02;HLA-DQB1*02:01:01	1	1	2
g_group	test_B_gourraud	HG00358	EUR	A	HLA-A*03:01:01;HLA-A*02:01:01	1	1	2
g_group	test_B_gourraud	HG00358	EUR	B	HLA-B*47:01:01;HLA-B*27:05:02	1	1	2
g_group	test_B_gourraud	HG00358	EUR	C	HLA-C*01:02:01;HLA-C*06:02:01	1	1	2
g_group	test_B_gourraud	HG00358	EUR	DRB1	HLA-DRB1*04:08:01;HLA-DRB1*15:01:01	1	1	2
g_group	test_B_gourraud	HG00358	EUR	DQB1	HLA-DQB1*06:02:01;HLA-DQB1*03:01:01	1	1	2
g_group	test_B_gourraud	HG00360	EUR	A	HLA-A*24:02:01;HLA-A*02:01:01	1	1	2
g_group	test_B_gourraud	HG00360	EUR	B	HLA-B*39:01:01;HLA-B*44:02:01	1	1	2
g_group	test_B_gourraud	HG00360	EUR	C	HLA-C*05:01:01;HLA-C*07:02:01	1	1	2
g_group	test_B_gourraud	HG00360	EUR	DRB1	HLA-DRB1*04:01:01;HLA-DRB1*04:04:01	1	1	2
g_group	test_B_gourraud	HG00360	EUR	DQB1	HLA-DQB1*03:02:01;HLA-DQB1*03:01:01	1	1	2
g_group	test_B_gourraud	HG00361	EUR	A	HLA-A*03:01:01;HLA-A*24:02:01	1	1	2
g_group	test_B_gourraud	HG00361	EUR	B	HLA-B*07:02:01;HLA-B*35:01:01,HLA-B*35:370,HLA-B*35:615	1	1	2
g_group	test_B_gourraud	HG00361	EUR	C	HLA-C*07:02:01;HLA-C*04:01:01	1	1	2
g_group	test_B_gourraud	HG00361	EUR	DRB1	HLA-DRB1*01:01:01;HLA-DRB1*15:01:01	1	1	2
g_group	test_B_gourraud	HG00361	EUR	DQB1	HLA-DQB1*05:01:01;HLA-DQB1*06:02:01	1	1	2
g_group	test_B_gourraud	HG00362	EUR	A	HLA-A*11:01:01;HLA-A*02:01:01	1	1	2
g_group	test_B_gourraud	HG00362	EUR	B	HLA-B*27:05:02;HLA-B*44:02:01	1	1	2
g_group	test_B_gourraud	HG00362	EUR	C	HLA-C*05:01:01;HLA-C*01:02:01	1	1	2
g_group	test_B_gourraud	HG00362	EUR	DRB1	HLA-DRB1*01:01:01;HLA-DRB1*04:04:01	1	1	2
g_group	test_B_gourraud	HG00362	EUR	DQB1	HLA-DQB1*05:01:01;HLA-DQB1*03:02:01	1	1	2
g_group	test_B_gourraud	HG00364	EUR	A	HLA-A*03:01:01;HLA-A*03:01:01	1	1	2
g_group	test_B_gourraud	HG00364	EUR	B	HLA-B*67:01:02;HLA-B*35:01:01	1	1	2
g_group	test_B_gourraud	HG00364	EUR	C	HLA-C*04:01:01;HLA-C*12:03:01	1	1	2
g_group	test_B_gourraud	HG00364	EUR	DRB1	HLA-DRB1*01:01:01;HLA-DRB1*01:01:01	1	1	2
g_group	test_B_gourraud	HG00364	EUR	DQB1	HLA-DQB1*05:01:01;HLA-DQB1*05:01:01	1	1	2
g_group	test_B_gourraud	HG00365	EUR	A	HLA-A*31:01:02;HLA-A*26:01:01	1	1	2
g_group	test_B_gourraud	HG00365	EUR	B	HLA-B*44:02:01;HLA-B*56:01:01	1	1	2
g_group	test_B_gourraud	HG00365	EUR	C	HLA-C*07:04:01;HLA-C*03:04:01	1	1	2
g_group	test_B_gourraud	HG00365	EUR	DRB1	HLA-DRB1*01:01:01;HLA-DRB1*11:01:01	1	1	2
g_group	test_B_gourraud	HG00365	EUR	DQB1	HLA-DQB1*05:01:01;HLA-DQB1*03:01:01	1	1	2
g_group	test_B_gourraud	HG00366	EUR	A	HLA-A*24:02:01;HLA-A*02:01:01	1	1	2
g_group	test_B_gourraud	HG00366	EUR	B	HLA-B*15:01:01;HLA-B*07:02:01	1	1	2
g_group	test_B_gourraud	HG00366	EUR	C	HLA-C*03:03:01;HLA-C*07:02:01	1	1	2
g_group	test_B_gourraud	HG00366	EUR	DRB1	HLA-DRB1*09:01:02;HLA-DRB1*04:01:01	1	1	2
g_group	test_B_gourraud	HG00366	EUR	DQB1	HLA-DQB1*03:02:01;HLA-DQB1*03:03:02	1	1	2
g_group	test_B_gourraud	HG00367	EUR	A	HLA-A*68:01:02;HLA-A*03:01:01	1	1	2
g_group	test_B_gourraud	HG00367	EUR	B	HLA-B*37:01:01;HLA-B*35:01:01	1	1	2
g_group	test_B_gourraud	HG00367	EUR	C	HLA-C*04:01:01;HLA-C*06:02:01	1	1	2
g_group	test_B_gourraud	HG00367	EUR	DRB1	HLA-DRB1*10:01:01;HLA-DRB1*04:01:01	1	1	2
g_group	test_B_gourraud	HG00367	EUR	DQB1	HLA-DQB1*05:01:01;HLA-DQB1*03:01:01	1	1	2
g_group	test_B_gourraud	HG00368	EUR	A	HLA-A*02:01:01;HLA-A*02:01:01	1	1	2
g_group	test_B_gourraud	HG00368	EUR	B	HLA-B*13:02:01;HLA-B*56:01:01	1	1	2
g_group	test_B_gourraud	HG00368	EUR	C	HLA-C*01:02:01;HLA-C*06:02:01	1	1	2
g_group	test_B_gourraud	HG00368	EUR	DRB1	HLA-DRB1*04:01:01;HLA-DRB1*07:01:01	1	1	2
g_group	test_B_gourraud	HG00368	EUR	DQB1	HLA-DQB1*02:02:01;HLA-DQB1*03:02:01	1	1	2
g_group	test_B_gourraud	HG00369	EUR	A	HLA-A*03:01:01;HLA-A*02:01:01	1	1	2
g_group	test_B_gourraud	HG00369	EUR	B	HLA-B*44:02:01;HLA-B*27:05:02	1	1	2
g_group	test_B_gourraud	HG00369	EUR	C	HLA-C*07:04:01;HLA-C*02:02:02	1	1	2
g_group	test_B_gourraud	HG00369	EUR	DRB1	HLA-DRB1*10:01:01;HLA-DRB1*08:01:01	1	1	2
g_group	test_B_gourraud	HG00369	EUR	DQB1	HLA-DQB1*05:01:01;HLA-DQB1*04:02:01	1	1	2
g_group	test_B_gourraud	HG00371	EUR	A	HLA-A*68:01:02;HLA-A*02:01:01	1	1	2
g_group	test_B_gourraud	HG00371	EUR	B	HLA-B*35:01:01;HLA-B*40:01:02	1	1	2
g_group	test_B_gourraud	HG00371	EUR	C	HLA-C*03:04:01;HLA-C*03:03:01	1	1	2
g_group	test_B_gourraud	HG00371	EUR	DRB1	HLA-DRB1*08:01:01;HLA-DRB1*08:01:01	1	1	2
g_group	test_B_gourraud	HG00371	EUR	DQB1	HLA-DQB1*04:02:01;HLA-DQB1*04:02:01	1	1	2
g_group	test_B_gourraud	HG00372	EUR	A	HLA-A*02:01:01;HLA-A*02:01:01	1	1	2
g_group	test_B_gourraud	HG00372	EUR	B	HLA-B*27:05:02;HLA-B*40:01:02	1	1	2
g_group	test_B_gourraud	HG00372	EUR	C	HLA-C*02:02:02;HLA-C*03:04:01	1	1	2
g_group	test_B_gourraud	HG00372	EUR	DRB1	HLA-DRB1*08:01:01;HLA-DRB1*13:02:01	1	1	2
g_group	test_B_gourraud	HG00372	EUR	DQB1	HLA-DQB1*04:02:01;HLA-DQB1*06:04:01	1	1	2
g_group	test_B_gourraud	HG00373	EUR	A	HLA-A*01:01:01;HLA-A*02:01:01	1	1	2
g_group	test_B_gourraud	HG00373	EUR	B	HLA-B*15:01:01;HLA-B*56:01:01	1	1	2
g_group	test_B_gourraud	HG00373	EUR	C	HLA-C*03:03:01;HLA-C*01:02:01	1	1	2
g_group	test_B_gourraud	HG00373	EUR	DRB1	HLA-DRB1*04:01:01;HLA-DRB1*13:01:01	1	1	2
g_group	test_B_gourraud	HG00373	EUR	DQB1	HLA-DQB1*06:03:01;HLA-DQB1*03:02:01	1	1	2
g_group	test_B_gourraud	HG00375	EUR	A	HLA-A*03:01:01;HLA-A*02:01:01	1	1	2
g_group	test_B_gourraud	HG00375	EUR	B	HLA-B*13:02:01;HLA-B*40:01:02	1	1	2
g_group	test_B_gourraud	HG00375	EUR	C	HLA-C*06:02:01;HLA-C*03:04:01	1	1	2
g_group	test_B_gourraud	HG00375	EUR	DRB1	HLA-DRB1*01:01:01;HLA-DRB1*07:01:01	1	1	2
g_group	test_B_gourraud	HG00375	EUR	DQB1	HLA-DQB1*05:01:01;HLA-DQB1*02:02:01	1	1	2
g_group	test_B_gourraud	HG00376	EUR	A	HLA-A*03:01:01;HLA-A*02:01:01	1	1	2
g_group	test_B_gourraud	HG00376	EUR	B	HLA-B*40:01:02;HLA-B*51:01:01	1	1	2
g_group	test_B_gourraud	HG00376	EUR	C	HLA-C*03:04:01;HLA-C*14:02:01	1	1	2
g_group	test_B_gourraud	HG00376	EUR	DRB1	HLA-DRB1*13:01:01;HLA-DRB1*13:02:01	1	1	2
g_group	test_B_gourraud	HG00376	EUR	DQB1	HLA-DQB1*06:03:01;HLA-DQB1*06:04:01	1	1	2
g_group	test_B_gourraud	HG00378	EUR	A	HLA-A*24:02:01;HLA-A*02:01:01	1	1	2
g_group	test_B_gourraud	HG00378	EUR	B	HLA-B*40:01:02;HLA-B*35:01:01	1	1	2
g_group	test_B_gourraud	HG00378	EUR	C	HLA-C*03:04:01,HLA-C*03:04:63,HLA-C*03:455,HLA-C*03:656;HLA-C*04:01:01	1	1	2
g_group	test_B_gourraud	HG00378	EUR	DRB1	HLA-DRB1*01:01:01;HLA-DRB1*13:02:01	1	1	2
g_group	test_B_gourraud	HG00378	EUR	DQB1	HLA-DQB1*06:04:01;HLA-DQB1*05:01:01	1	1	2
g_group	test_B_gourraud	HG00379	EUR	A	HLA-A*02:01:01;HLA-A*03:01:01	1	1	2
g_group	test_B_gourraud	HG00379	EUR	B	HLA-B*44:02:01;HLA-B*07:02:01	1	1	2
g_group	test_B_gourraud	HG00379	EUR	C	HLA-C*07:02:01;HLA-C*05:01:01	1	1	2
g_group	test_B_gourraud	HG00379	EUR	DRB1	HLA-DRB1*04:01:01;HLA-DRB1*13:01:01	1	1	2
g_group	test_B_gourraud	HG00379	EUR	DQB1	HLA-DQB1*03:02:01;HLA-DQB1*06:03:01	1	1	2
g_group	test_B_gourraud	HG00380	EUR	A	HLA-A*01:01:01;HLA-A*03:01:01	1	1	2
g_group	test_B_gourraud	HG00380	EUR	B	HLA-B*07:02:01;HLA-B*08:01:01	1	1	2
g_group	test_B_gourraud	HG00380	EUR	C	HLA-C*07:01:01;HLA-C*03:04:01	1	1	2
g_group	test_B_gourraud	HG00380	EUR	DRB1	HLA-DRB1*01:01:01;HLA-DRB1*13:01:01	1	1	2
g_group	test_B_gourraud	HG00380	EUR	DQB1	HLA-DQB1*05:01:01;HLA-DQB1*06:03:01	1	1	2
g_group	test_B_gourraud	HG00381	EUR	A	HLA-A*32:01:01;HLA-A*02:01:01	1	1	2
g_group	test_B_gourraud	HG00381	EUR	B	HLA-B*15:01:01;HLA-B*39:01:01	1	1	2
g_group	test_B_gourraud	HG00381	EUR	C	HLA-C*07:02:01;HLA-C*03:04:01	1	1	2
g_group	test_B_gourraud	HG00381	EUR	DRB1	HLA-DRB1*08:01:01;HLA-DRB1*04:01:01	1	1	2
g_group	test_B_gourraud	HG00381	EUR	DQB1	HLA-DQB1*04:02:01;HLA-DQB1*03:01:01	1	1	2
g_group	test_B_gourraud	HG00382	EUR	A	HLA-A*24:02:01;HLA-A*03:01:01	1	1	2
g_group	test_B_gourraud	HG00382	EUR	B	HLA-B*07:02:01;HLA-B*44:02:01	1	1	2
g_group	test_B_gourraud	HG00382	EUR	C	HLA-C*07:02:01;HLA-C*05:01:01	1	1	2
g_group	test_B_gourraud	HG00382	EUR	DRB1	HLA-DRB1*15:01:01;HLA-DRB1*15:01:01	1	1	2
g_group	test_B_gourraud	HG00382	EUR	DQB1	HLA-DQB1*06:02:01;HLA-DQB1*06:02:01	1	1	2
g_group	test_B_gourraud	HG00383	EUR	A	HLA-A*24:02:01;HLA-A*02:01:01	1	1	2
g_group	test_B_gourraud	HG00383	EUR	B	HLA-B*27:05:02;HLA-B*18:01:01	1	1	2
g_group	test_B_gourraud	HG00383	EUR	C	HLA-C*02:02:02;HLA-C*07:01:01	1	1	2
g_group	test_B_gourraud	HG00383	EUR	DRB1	HLA-DRB1*08:01:01;HLA-DRB1*11:04:01	1	1	2
g_group	test_B_gourraud	HG00383	EUR	DQB1	HLA-DQB1*04:02:01;HLA-DQB1*03:01:01	1	1	2
g_group	test_B_gourraud	HG00384	EUR	A	HLA-A*02:01:01;HLA-A*03:01:01	1	1	2
g_group	test_B_gourraud	HG00384	EUR	B	HLA-B*35:01:01;HLA-B*40:02:01	1	1	2
g_group	test_B_gourraud	HG00384	EUR	C	HLA-C*07:04:01;HLA-C*04:01:01	1	1	2
g_group	test_B_gourraud	HG00384	EUR	DRB1	HLA-DRB1*01:01:01;HLA-DRB1*12:01:01	1	1	2
g_group	test_B_gourraud	HG00384	EUR	DQB1	HLA-DQB1*05:01:01;HLA-DQB1*03:01:01	1	1	2
g_group	test_B_gourraud	HG00403	EAS	A	HLA-A*31:01:02;HLA-A*02:01:01	1	1	2
g_group	test_B_gourraud	HG00403	EAS	B	HLA-B*13:01:01;HLA-B*35:01:01	1	1	2
g_group	test_B_gourraud	HG00403	EAS	C	HLA-C*03:03:01;HLA-C*03:04:01	1	1	2
g_group	test_B_gourraud	HG00403	EAS	DRB1	HLA-DRB1*12:02:01;HLA-DRB1*15:01:01	1	1	2
g_group	test_B_gourraud	HG00403	EAS	DQB1	HLA-DQB1*03:01:01;HLA-DQB1*06:02:01	1	1	2
g_group	test_B_gourraud	HG00404	EAS	A	HLA-A*11:01:01;HLA-A*24:02:01	1	1	2
g_group	test_B_gourraud	HG00404	EAS	B	HLA-B*27:04:01;HLA-B*15:19	1	1	2
g_group	test_B_gourraud	HG00404	EAS	C	HLA-C*03:03:01;HLA-C*03:03:01	1	1	2
g_group	test_B_gourraud	HG00404	EAS	DRB1	HLA-DRB1*12:01:01;HLA-DRB1*11:01:01	1	1	2
g_group	test_B_gourraud	HG00404	EAS	DQB1	HLA-DQB1*03:01:01;HLA-DQB1*03:01:01	1	1	2
g_group	leak_gourraud	HG00406	EAS	A	HLA-A*11:01:01;HLA-A*11:01:01	1	1	2
g_group	leak_gourraud	HG00406	EAS	B	HLA-B*15:02:01;HLA-B*07:02:01	1	1	2
g_group	leak_gourraud	HG00406	EAS	C	HLA-C*08:01:01;HLA-C*07:02:01	1	1	2
g_group	leak_gourraud	HG00406	EAS	DRB1	HLA-DRB1*01:01:01;HLA-DRB1*14:54:01	1	1	2
g_group	leak_gourraud	HG00406	EAS	DQB1	HLA-DQB1*05:02:01;HLA-DQB1*05:01:01	1	1	2
g_group	leak_gourraud	HG00407	EAS	A	HLA-A*02:07:01;HLA-A*02:01:01	1	1	2
g_group	leak_gourraud	HG00407	EAS	B	HLA-B*40:01:02;HLA-B*40:02:01	1	1	2
g_group	leak_gourraud	HG00407	EAS	C	HLA-C*07:02:01;HLA-C*03:03:01	1	1	2
g_group	leak_gourraud	HG00407	EAS	DRB1	HLA-DRB1*15:01:01;HLA-DRB1*14:54:01	1	1	2
g_group	leak_gourraud	HG00407	EAS	DQB1	HLA-DQB1*05:02:01;HLA-DQB1*06:02:01	1	1	2
g_group	test_B_gourraud	HG00419	EAS	A	HLA-A*24:02:01;HLA-A*02:06:01	1	1	2
g_group	test_B_gourraud	HG00419	EAS	B	HLA-B*13:01:01;HLA-B*40:01:02	1	1	2
g_group	test_B_gourraud	HG00419	EAS	C	HLA-C*03:04:01;HLA-C*03:04:04	1	1	2
g_group	test_B_gourraud	HG00419	EAS	DRB1	HLA-DRB1*09:01:02;HLA-DRB1*08:03:02	1	1	2
g_group	test_B_gourraud	HG00419	EAS	DQB1	HLA-DQB1*03:03:02;HLA-DQB1*06:01:01	1	1	2
g_group	leak_gourraud	HG00421	EAS	A	HLA-A*30:01:01;HLA-A*02:07:01	1	1	2
g_group	leak_gourraud	HG00421	EAS	B	HLA-B*13:02:01;HLA-B*46:01:01	1	1	2
g_group	leak_gourraud	HG00421	EAS	C	HLA-C*01:02:01;HLA-C*06:02:01	1	1	2
g_group	leak_gourraud	HG00421	EAS	DRB1	HLA-DRB1*09:01:02;HLA-DRB1*07:01:01	1	1	2
g_group	leak_gourraud	HG00421	EAS	DQB1	HLA-DQB1*03:03:02;HLA-DQB1*02:02:01	1	1	2
g_group	leak_gourraud	HG00422	EAS	A	HLA-A*11:01:01;HLA-A*11:01:01	1	1	2
g_group	leak_gourraud	HG00422	EAS	B	HLA-B*13:01:01;HLA-B*44:03:01	1	1	2
g_group	leak_gourraud	HG00422	EAS	C	HLA-C*03:04:01;HLA-C*04:01:01	1	1	2
g_group	leak_gourraud	HG00422	EAS	DRB1	HLA-DRB1*08:03:02;HLA-DRB1*04:07:01	1	1	2
g_group	leak_gourraud	HG00422	EAS	DQB1	HLA-DQB1*03:02:01;HLA-DQB1*06:01:01	1	1	2
g_group	test_B_gourraud	HG00428	EAS	A	HLA-A*30:01:01;HLA-A*24:02:01	1	1	2
g_group	test_B_gourraud	HG00428	EAS	B	HLA-B*13:02:01;HLA-B*46:01:01	1	1	2
g_group	test_B_gourraud	HG00428	EAS	C	HLA-C*01:02:01;HLA-C*06:02:01	1	1	2
g_group	test_B_gourraud	HG00428	EAS	DRB1	HLA-DRB1*11:01:01;HLA-DRB1*07:01:01	1	1	2
g_group	test_B_gourraud	HG00428	EAS	DQB1	HLA-DQB1*02:02:01;HLA-DQB1*03:01:01	1	1	2
g_group	leak_gourraud	HG00436	EAS	A	HLA-A*24:02:01;HLA-A*24:02:01	1	1	2
g_group	leak_gourraud	HG00436	EAS	B	HLA-B*48:01:01;HLA-B*54:01:01	1	1	2
g_group	leak_gourraud	HG00436	EAS	C	HLA-C*08:03:01;HLA-C*01:02:01	1	1	2
g_group	leak_gourraud	HG00436	EAS	DRB1	HLA-DRB1*09:01:02;HLA-DRB1*14:05:01	1	1	2
g_group	leak_gourraud	HG00436	EAS	DQB1	HLA-DQB1*05:03:01;HLA-DQB1*03:03:02	1	1	2
g_group	leak_gourraud	HG00437	EAS	A	HLA-A*02:06:01;HLA-A*02:07:01	1	1	2
g_group	leak_gourraud	HG00437	EAS	B	HLA-B*40:01:02;HLA-B*51:01:01	1	1	2
g_group	leak_gourraud	HG00437	EAS	C	HLA-C*14:02:01;HLA-C*07:02:01	1	1	2
g_group	leak_gourraud	HG00437	EAS	DRB1	HLA-DRB1*08:03:02;HLA-DRB1*04:05:01	1	1	2
g_group	leak_gourraud	HG00437	EAS	DQB1	HLA-DQB1*04:01:01;HLA-DQB1*06:01:01	1	1	2
g_group	test_B_gourraud	HG00442	EAS	A	HLA-A*11:01:01;HLA-A*11:01:01	1	1	2
g_group	test_B_gourraud	HG00442	EAS	B	HLA-B*40:01:02;HLA-B*40:02:01	1	1	2
g_group	test_B_gourraud	HG00442	EAS	C	HLA-C*07:02:01;HLA-C*07:02:01	1	1	2
g_group	test_B_gourraud	HG00442	EAS	DRB1	HLA-DRB1*14:54:01;HLA-DRB1*04:06:01	1	1	2
g_group	test_B_gourraud	HG00442	EAS	DQB1	HLA-DQB1*05:02:01;HLA-DQB1*03:02:01	1	1	2
g_group	test_B_gourraud	HG00443	EAS	A	HLA-A*11:02:01;HLA-A*02:07:01	1	1	2
g_group	test_B_gourraud	HG00443	EAS	B	HLA-B*13:01:01;HLA-B*54:01:01,HLA-B*54:48,HLA-B*54:53	1	1	2
g_group	test_B_gourraud	HG00443	EAS	C	HLA-C*15:02:01;HLA-C*03:04:01	1	1	2
g_group	test_B_gourraud	HG00443	EAS	DRB1	HLA-DRB1*15:01:01;HLA-DRB1*11:01:01	1	1	2
g_group	test_B_gourraud	HG00443	EAS	DQB1	HLA-DQB1*06:01:01;HLA-DQB1*03:01:01	1	1	2
g_group	test_B_gourraud	HG00445	EAS	A	HLA-A*24:02:01;HLA-A*24:02:01	1	1	2
g_group	test_B_gourraud	HG00445	EAS	B	HLA-B*67:01:01;HLA-B*07:02:01	1	1	2
g_group	test_B_gourraud	HG00445	EAS	C	HLA-C*07:02:01;HLA-C*07:02:01	1	1	2
g_group	test_B_gourraud	HG00445	EAS	DRB1	HLA-DRB1*01:01:01;HLA-DRB1*16:02:01	1	1	2
g_group	test_B_gourraud	HG00445	EAS	DQB1	HLA-DQB1*05:01:01;HLA-DQB1*05:02:01	1	1	2
g_group	test_B_gourraud	HG00446	EAS	A	HLA-A*11:01:01;HLA-A*11:01:01	1	1	2
g_group	test_B_gourraud	HG00446	EAS	B	HLA-B*13:01:01;HLA-B*40:01:02	1	1	2
g_group	test_B_gourraud	HG00446	EAS	C	HLA-C*03:04:01;HLA-C*03:04:01	1	1	2
g_group	test_B_gourraud	HG00446	EAS	DRB1	HLA-DRB1*16:02:01;HLA-DRB1*11:01:01	1	1	2
g_group	test_B_gourraud	HG00446	EAS	DQB1	HLA-DQB1*05:02:01;HLA-DQB1*03:01:01	1	1	2
g_group	test_B_gourraud	HG00448	EAS	A	HLA-A*11:01:01;HLA-A*02:07:01	1	1	2
g_group	test_B_gourraud	HG00448	EAS	B	HLA-B*46:01:01;HLA-B*56:01:01	1	1	2
g_group	test_B_gourraud	HG00448	EAS	C	HLA-C*01:02:01;HLA-C*01:02:01	1	1	2
g_group	test_B_gourraud	HG00448	EAS	DRB1	HLA-DRB1*13:12:01;HLA-DRB1*14:54:01	1	1	2
g_group	test_B_gourraud	HG00448	EAS	DQB1	HLA-DQB1*05:02:01;HLA-DQB1*03:01:01	1	1	2
g_group	test_B_gourraud	HG00449	EAS	A	HLA-A*02:07:01;HLA-A*11:01:01	1	1	2
g_group	test_B_gourraud	HG00449	EAS	B	HLA-B*46:01:01;HLA-B*39:01:01	1	1	2
g_group	test_B_gourraud	HG00449	EAS	C	HLA-C*01:02:01;HLA-C*07:02:01	1	1	2
g_group	test_B_gourraud	HG00449	EAS	DRB1	HLA-DRB1*14:54:01;HLA-DRB1*08:03:02	1	1	2
g_group	test_B_gourraud	HG00449	EAS	DQB1	HLA-DQB1*06:01:01;HLA-DQB1*05:02:01	1	1	2
g_group	test_B_gourraud	HG00451	EAS	A	HLA-A*11:01:01;HLA-A*11:01:01	1	1	2
g_group	test_B_gourraud	HG00451	EAS	B	HLA-B*40:01:02;HLA-B*15:01:01	1	1	2
g_group	test_B_gourraud	HG00451	EAS	C	HLA-C*03:04:01;HLA-C*03:03:01	1	1	2
g_group	test_B_gourraud	HG00451	EAS	DRB1	HLA-DRB1*11:01:01;HLA-DRB1*12:02:01	1	1	2
g_group	test_B_gourraud	HG00451	EAS	DQB1	HLA-DQB1*03:01:01;HLA-DQB1*03:01:01	1	1	2
g_group	test_B_gourraud	HG00452	EAS	A	HLA-A*11:01:01;HLA-A*11:01:01	1	1	2
g_group	test_B_gourraud	HG00452	EAS	B	HLA-B*40:01:02;HLA-B*55:02:01	1	1	2
g_group	test_B_gourraud	HG00452	EAS	C	HLA-C*03:04:01;HLA-C*12:03:01	1	1	2
g_group	test_B_gourraud	HG00452	EAS	DRB1	HLA-DRB1*01:01:01;HLA-DRB1*11:01:01	1	1	2
g_group	test_B_gourraud	HG00452	EAS	DQB1	HLA-DQB1*05:01:01;HLA-DQB1*03:01:01	1	1	2
g_group	test_B_gourraud	HG00457	EAS	A	HLA-A*02:07:01;HLA-A*11:01:01	1	1	2
g_group	test_B_gourraud	HG00457	EAS	B	HLA-B*39:01:01;HLA-B*46:01:01	1	1	2
g_group	test_B_gourraud	HG00457	EAS	C	HLA-C*01:02:01;HLA-C*07:02:01	1	1	2
g_group	test_B_gourraud	HG00457	EAS	DRB1	HLA-DRB1*09:01:02;HLA-DRB1*15:01:01	1	1	2
g_group	test_B_gourraud	HG00457	EAS	DQB1	HLA-DQB1*03:03:02;HLA-DQB1*06:01:01	1	1	2
g_group	test_B_gourraud	HG00458	EAS	A	HLA-A*11:01:01;HLA-A*02:07:01	1	1	2
g_group	test_B_gourraud	HG00458	EAS	B	HLA-B*46:01:01;HLA-B*15:01:01	1	1	2
g_group	test_B_gourraud	HG00458	EAS	C	HLA-C*01:02:01;HLA-C*04:01:01	1	1	2
g_group	test_B_gourraud	HG00458	EAS	DRB1	HLA-DRB1*09:01:02;HLA-DRB1*04:06:01	1	1	2
g_group	test_B_gourraud	HG00458	EAS	DQB1	HLA-DQB1*03:02:01;HLA-DQB1*03:03:02	1	1	2
g_group	test_B_gourraud	HG00463	EAS	A	HLA-A*11:01:01;HLA-A*02:07:01	1	1	2
g_group	test_B_gourraud	HG00463	EAS	B	HLA-B*15:02:01;HLA-B*46:01:01	1	1	2
g_group	test_B_gourraud	HG00463	EAS	C	HLA-C*08:01:01;HLA-C*01:02:01	1	1	2
g_group	test_B_gourraud	HG00463	EAS	DRB1	HLA-DRB1*09:01:02;HLA-DRB1*12:02:01	1	1	2
g_group	test_B_gourraud	HG00463	EAS	DQB1	HLA-DQB1*03:03:02;HLA-DQB1*03:01:01	1	1	2
g_group	test_B_gourraud	HG00464	EAS	A	HLA-A*11:01:01;HLA-A*02:06:01	1	1	2
g_group	test_B_gourraud	HG00464	EAS	B	HLA-B*15:01:01;HLA-B*40:01:02	1	1	2
g_group	test_B_gourraud	HG00464	EAS	C	HLA-C*07:02:01;HLA-C*04:01:01	1	1	2
g_group	test_B_gourraud	HG00464	EAS	DRB1	HLA-DRB1*08:03:02;HLA-DRB1*04:06:01	1	1	2
g_group	test_B_gourraud	HG00464	EAS	DQB1	HLA-DQB1*06:01:01;HLA-DQB1*03:02:01	1	1	2
g_group	test_B_gourraud	HG00472	EAS	A	HLA-A*24:08;HLA-A*01:01:01	1	1	2
g_group	test_B_gourraud	HG00472	EAS	B	HLA-B*15:01:01;HLA-B*57:01:01	1	1	2
g_group	test_B_gourraud	HG00472	EAS	C	HLA-C*03:03:01;HLA-C*06:02:01	1	1	2
g_group	test_B_gourraud	HG00472	EAS	DRB1	HLA-DRB1*04:07:01;HLA-DRB1*14:05:01	1	1	2
g_group	test_B_gourraud	HG00472	EAS	DQB1	HLA-DQB1*03:02:01;HLA-DQB1*05:03:01	1	1	2
g_group	test_B_gourraud	HG00473	EAS	A	HLA-A*02:07:01;HLA-A*33:03:01	1	1	2
g_group	test_B_gourraud	HG00473	EAS	B	HLA-B*46:01:01;HLA-B*58:01:01	1	1	2
g_group	test_B_gourraud	HG00473	EAS	C	HLA-C*03:02:02;HLA-C*01:02:01	1	1	2
g_group	test_B_gourraud	HG00473	EAS	DRB1	HLA-DRB1*09:01:02;HLA-DRB1*03:01:01	1	1	2
g_group	test_B_gourraud	HG00473	EAS	DQB1	HLA-DQB1*02:01:01;HLA-DQB1*03:03:02	1	1	2
g_group	test_B_gourraud	HG00475	EAS	A	HLA-A*11:01:01;HLA-A*33:03:01	1	1	2
g_group	test_B_gourraud	HG00475	EAS	B	HLA-B*13:01:01;HLA-B*58:01:01	1	1	2
g_group	test_B_gourraud	HG00475	EAS	C	HLA-C*03:04:01;HLA-C*03:02:02	1	1	2
g_group	test_B_gourraud	HG00475	EAS	DRB1	HLA-DRB1*15:01:01;HLA-DRB1*14:54:01	1	1	2
g_group	test_B_gourraud	HG00475	EAS	DQB1	HLA-DQB1*06:01:01;HLA-DQB1*05:03:01	1	1	2
g_group	test_B_gourraud	HG00476	EAS	A	HLA-A*24:02:01;HLA-A*11:01:01	1	1	2
g_group	test_B_gourraud	HG00476	EAS	B	HLA-B*40:01:02;HLA-B*40:01:02	1	1	2
g_group	test_B_gourraud	HG00476	EAS	C	HLA-C*04:82:01;HLA-C*03:04:01	1	1	2
g_group	test_B_gourraud	HG00476	EAS	DRB1	HLA-DRB1*09:01:02;HLA-DRB1*13:12:01	1	1	2
g_group	test_B_gourraud	HG00476	EAS	DQB1	HLA-DQB1*03:03:02;HLA-DQB1*03:01:01	1	1	2
g_group	test_B_gourraud	HG00478	EAS	A	HLA-A*11:01:01;HLA-A*24:02:01	1	1	2
g_group	test_B_gourraud	HG00478	EAS	B	HLA-B*40:01:02;HLA-B*40:01:02	1	1	2
g_group	test_B_gourraud	HG00478	EAS	C	HLA-C*07:02:01;HLA-C*07:02:01	1	1	2
g_group	test_B_gourraud	HG00478	EAS	DRB1	HLA-DRB1*16:02:01;HLA-DRB1*09:01:02	1	1	2
g_group	test_B_gourraud	HG00478	EAS	DQB1	HLA-DQB1*03:03:02;HLA-DQB1*05:02:01	1	1	2
g_group	test_B_gourraud	HG00479	EAS	A	HLA-A*02:07:01;HLA-A*24:02:01	1	1	2
g_group	test_B_gourraud	HG00479	EAS	B	HLA-B*55:02:01;HLA-B*46:01:01,HLA-B*46:99	1	1	2
g_group	test_B_gourraud	HG00479	EAS	C	HLA-C*01:02:01;HLA-C*01:02:01	1	1	2
g_group	test_B_gourraud	HG00479	EAS	DRB1	HLA-DRB1*09:01:02;HLA-DRB1*15:01:01	1	1	2
g_group	test_B_gourraud	HG00479	EAS	DQB1	HLA-DQB1*03:03:02;HLA-DQB1*06:02:01	1	1	2
g_group	test_B_gourraud	HG00500	EAS	A	HLA-A*11:01:01;HLA-A*11:01:01	1	1	2
g_group	test_B_gourraud	HG00500	EAS	B	HLA-B*40:01:02;HLA-B*46:01:01	1	1	2
g_group	test_B_gourraud	HG00500	EAS	C	HLA-C*01:02:01;HLA-C*07:02:01	1	1	2
g_group	test_B_gourraud	HG00500	EAS	DRB1	HLA-DRB1*09:01:02;HLA-DRB1*11:01:01	1	1	2
g_group	test_B_gourraud	HG00500	EAS	DQB1	HLA-DQB1*03:03:02;HLA-DQB1*03:01:01	1	1	2
g_group	test_B_gourraud	HG00513	EAS	A	HLA-A*02:01:01;HLA-A*02:03:01	1	1	2
g_group	test_B_gourraud	HG00513	EAS	B	HLA-B*55:02:01;HLA-B*40:01:02	1	1	2
g_group	test_B_gourraud	HG00513	EAS	C	HLA-C*03:04:01;HLA-C*04:03:01	1	1	2
g_group	test_B_gourraud	HG00513	EAS	DRB1	HLA-DRB1*08:03:02;HLA-DRB1*14:05:01	1	1	2
g_group	test_B_gourraud	HG00513	EAS	DQB1	HLA-DQB1*05:03:01;HLA-DQB1*06:01:01	1	1	2
g_group	test_B_gourraud	HG00524	EAS	A	HLA-A*02:07:01;HLA-A*02:06:01	1	1	2
g_group	test_B_gourraud	HG00524	EAS	B	HLA-B*40:06:01;HLA-B*46:01:01	1	1	2
g_group	test_B_gourraud	HG00524	EAS	C	HLA-C*08:01:01;HLA-C*01:02:01	1	1	2
g_group	test_B_gourraud	HG00524	EAS	DRB1	HLA-DRB1*08:03:02;HLA-DRB1*09:01:02	1	1	2
g_group	test_B_gourraud	HG00524	EAS	DQB1	HLA-DQB1*06:01:01;HLA-DQB1*03:03:02	1	1	2
g_group	test_B_gourraud	HG00525	EAS	A	HLA-A*03:01:01;HLA-A*11:01:01	1	1	2
g_group	test_B_gourraud	HG00525	EAS	B	HLA-B*07:02:01;HLA-B*35:01:01,HLA-B*35:370,HLA-B*35:615	1	1	2
g_group	test_B_gourraud	HG00525	EAS	C	HLA-C*07:02:01;HLA-C*03:03:01	1	1	2
g_group	test_B_gourraud	HG00525	EAS	DRB1	HLA-DRB1*07:01:01;HLA-DRB1*08:03:02	1	1	2
g_group	test_B_gourraud	HG00525	EAS	DQB1	HLA-DQB1*06:01:01;HLA-DQB1*03:03:02	1	1	2
g_group	test_B_gourraud	HG00530	EAS	A	HLA-A*11:01:01;HLA-A*11:01:01	1	1	2
g_group	test_B_gourraud	HG00530	EAS	B	HLA-B*39:01:01;HLA-B*39:01:01	1	1	2
g_group	test_B_gourraud	HG00530	EAS	C	HLA-C*07:02:01;HLA-C*07:02:01	1	1	2
g_group	test_B_gourraud	HG00530	EAS	DRB1	HLA-DRB1*08:03:02;HLA-DRB1*08:03:02	1	1	2
g_group	test_B_gourraud	HG00530	EAS	DQB1	HLA-DQB1*06:01:01;HLA-DQB1*06:01:01	1	1	2
g_group	test_B_gourraud	HG00531	EAS	A	HLA-A*24:02:01;HLA-A*02:07:01	1	1	2
g_group	test_B_gourraud	HG00531	EAS	B	HLA-B*46:01:01;HLA-B*35:01:01,HLA-B*35:370,HLA-B*35:615	1	1	2
g_group	test_B_gourraud	HG00531	EAS	C	HLA-C*03:03:01;HLA-C*01:03:01	1	1	2
g_group	test_B_gourraud	HG00531	EAS	DRB1	HLA-DRB1*15:01:01;HLA-DRB1*12:02:01	1	1	2
g_group	test_B_gourraud	HG00531	EAS	DQB1	HLA-DQB1*03:01:01;HLA-DQB1*06:02:01	1	1	2
g_group	test_B_gourraud	HG00533	EAS	A	HLA-A*02:07:01;HLA-A*31:01:02	1	1	2
g_group	test_B_gourraud	HG00533	EAS	B	HLA-B*48:01:01;HLA-B*39:01:01	1	1	2
g_group	test_B_gourraud	HG00533	EAS	C	HLA-C*07:02:01;HLA-C*08:03:01	1	1	2
g_group	test_B_gourraud	HG00533	EAS	DRB1	HLA-DRB1*08:03:02;HLA-DRB1*15:01:01	1	1	2
g_group	test_B_gourraud	HG00533	EAS	DQB1	HLA-DQB1*06:02:01;HLA-DQB1*06:01:01	1	1	2
g_group	test_B_gourraud	HG00534	EAS	A	HLA-A*11:01:01;HLA-A*02:07:01	1	1	2
g_group	test_B_gourraud	HG00534	EAS	B	HLA-B*57:01:01;HLA-B*46:01:01	1	1	2
g_group	test_B_gourraud	HG00534	EAS	C	HLA-C*01:02:01;HLA-C*06:02:01	1	1	2
g_group	test_B_gourraud	HG00534	EAS	DRB1	HLA-DRB1*09:01:02;HLA-DRB1*07:01:01	1	1	2
g_group	test_B_gourraud	HG00534	EAS	DQB1	HLA-DQB1*03:03:02;HLA-DQB1*03:03:02	1	1	2
g_group	test_B_gourraud	HG00536	EAS	A	HLA-A*33:03:01;HLA-A*02:07:01	1	1	2
g_group	test_B_gourraud	HG00536	EAS	B	HLA-B*15:02:01;HLA-B*46:01:01	1	1	2
g_group	test_B_gourraud	HG00536	EAS	C	HLA-C*01:02:01;HLA-C*08:01:01	1	1	2
g_group	test_B_gourraud	HG00536	EAS	DRB1	HLA-DRB1*09:01:02;HLA-DRB1*12:02:01	1	1	2
g_group	test_B_gourraud	HG00536	EAS	DQB1	HLA-DQB1*03:03:02;HLA-DQB1*03:01:01	1	1	2
g_group	test_B_gourraud	HG00537	EAS	A	HLA-A*11:02:01;HLA-A*02:01:01	1	1	2
g_group	test_B_gourraud	HG00537	EAS	B	HLA-B*46:01:01;HLA-B*46:01:01	1	1	2
g_group	test_B_gourraud	HG00537	EAS	C	HLA-C*01:02:01;HLA-C*01:02:01	1	1	2
g_group	test_B_gourraud	HG00537	EAS	DRB1	HLA-DRB1*09:01:02;HLA-DRB1*04:05:01	1	1	2
g_group	test_B_gourraud	HG00537	EAS	DQB1	HLA-DQB1*03:03:02;HLA-DQB1*04:01:01	1	1	2
g_group	leak_gourraud	HG00542	EAS	A	HLA-A*11:01:01;HLA-A*33:03:01	1	1	2
g_group	leak_gourraud	HG00542	EAS	B	HLA-B*46:01:01;HLA-B*58:01:01	1	1	2
g_group	leak_gourraud	HG00542	EAS	C	HLA-C*03:02:02;HLA-C*01:02:01	1	1	2
g_group	leak_gourraud	HG00542	EAS	DRB1	HLA-DRB1*13:02:01;HLA-DRB1*09:01:02	1	1	2
g_group	leak_gourraud	HG00542	EAS	DQB1	HLA-DQB1*03:03:02;HLA-DQB1*06:09:01	1	1	2
g_group	leak_gourraud	HG00543	EAS	A	HLA-A*02:07:01;HLA-A*26:01:01	1	1	2
g_group	leak_gourraud	HG00543	EAS	B	HLA-B*46:01:01;HLA-B*35:01:01	1	1	2
g_group	leak_gourraud	HG00543	EAS	C	HLA-C*03:03:01;HLA-C*01:02:01	1	1	2
g_group	leak_gourraud	HG00543	EAS	DRB1	HLA-DRB1*09:01:02;HLA-DRB1*15:01:01	1	1	2
g_group	leak_gourraud	HG00543	EAS	DQB1	HLA-DQB1*03:03:02;HLA-DQB1*06:02:01	1	1	2
g_group	test_B_gourraud	HG00551	AMR	A	HLA-A*29:02:01;HLA-A*02:05:01	1	1	2
g_group	test_B_gourraud	HG00551	AMR	B	HLA-B*50:01:01;HLA-B*44:03:01	1	1	2
g_group	test_B_gourraud	HG00551	AMR	C	HLA-C*16:01:01;HLA-C*06:02:01	1	1	2
g_group	test_B_gourraud	HG00551	AMR	DRB1	HLA-DRB1*16:01:01;HLA-DRB1*13:02:01	1	1	2
g_group	test_B_gourraud	HG00551	AMR	DQB1	HLA-DQB1*05:02:01;HLA-DQB1*06:04:01	1	1	2
g_group	test_B_gourraud	HG00553	AMR	A	HLA-A*30:04:01;HLA-A*02:01:01	1	1	2
g_group	test_B_gourraud	HG00553	AMR	B	HLA-B*44:03:02;HLA-B*58:01:01,HLA-B*58:117	1	1	2
g_group	test_B_gourraud	HG00553	AMR	C	HLA-C*07:18:01;HLA-C*07:06:01	1	1	2
g_group	test_B_gourraud	HG00553	AMR	DRB1	HLA-DRB1*07:01:01;HLA-DRB1*01:02:01	1	1	2
g_group	test_B_gourraud	HG00553	AMR	DQB1	HLA-DQB1*05:01:01;HLA-DQB1*02:02:01	1	1	2
g_group	test_B_gourraud	HG00554	AMR	A	HLA-A*30:02:01;HLA-A*02:01:01	1	1	2
g_group	test_B_gourraud	HG00554	AMR	B	HLA-B*39:01:01;HLA-B*35:01:01,HLA-B*35:370,HLA-B*35:615	1	1	2
g_group	test_B_gourraud	HG00554	AMR	C	HLA-C*04:01:01;HLA-C*12:03:01	1	1	2
g_group	test_B_gourraud	HG00554	AMR	DRB1	HLA-DRB1*13:02:01;HLA-DRB1*13:01:01	1	1	2
g_group	test_B_gourraud	HG00554	AMR	DQB1	HLA-DQB1*06:09:01;HLA-DQB1*06:03:01	1	1	2
g_group	leak_gourraud	HG00556	EAS	A	HLA-A*02:03:01;HLA-A*02:01:01	1	1	2
g_group	leak_gourraud	HG00556	EAS	B	HLA-B*40:01:02;HLA-B*40:01:02	1	1	2
g_group	leak_gourraud	HG00556	EAS	C	HLA-C*07:02:01;HLA-C*03:04:01	1	1	2
g_group	leak_gourraud	HG00556	EAS	DRB1	HLA-DRB1*09:01:02;HLA-DRB1*12:02:01	1	1	2
g_group	leak_gourraud	HG00556	EAS	DQB1	HLA-DQB1*03:03:02;HLA-DQB1*03:01:01	1	1	2
g_group	leak_gourraud	HG00557	EAS	A	HLA-A*01:01:01;HLA-A*02:07:01	1	1	2
g_group	leak_gourraud	HG00557	EAS	B	HLA-B*37:01:01;HLA-B*48:01:01	1	1	2
g_group	leak_gourraud	HG00557	EAS	C	HLA-C*12:02:02;HLA-C*06:02:01	1	1	2
g_group	leak_gourraud	HG00557	EAS	DRB1	HLA-DRB1*10:01:01;HLA-DRB1*14:05:01	1	1	2
g_group	leak_gourraud	HG00557	EAS	DQB1	HLA-DQB1*05:03:01;HLA-DQB1*05:01:01	1	1	2
g_group	test_B_gourraud	HG00559	EAS	A	HLA-A*33:03:01;HLA-A*24:02:01	1	1	2
g_group	test_B_gourraud	HG00559	EAS	B	HLA-B*58:01:01;HLA-B*55:02:01	1	1	2
g_group	test_B_gourraud	HG00559	EAS	C	HLA-C*03:02:02;HLA-C*01:02:01	1	1	2
g_group	test_B_gourraud	HG00559	EAS	DRB1	HLA-DRB1*03:01:01;HLA-DRB1*09:01:02	1	1	2
g_group	test_B_gourraud	HG00559	EAS	DQB1	HLA-DQB1*03:03:02;HLA-DQB1*02:01:01	1	1	2
g_group	test_B_gourraud	HG00560	EAS	A	HLA-A*24:02:01;HLA-A*02:03:01	1	1	2
g_group	test_B_gourraud	HG00560	EAS	B	HLA-B*39:01:01;HLA-B*15:02:01	1	1	2
g_group	test_B_gourraud	HG00560	EAS	C	HLA-C*08:01:01;HLA-C*07:02:01	1	1	2
g_group	test_B_gourraud	HG00560	EAS	DRB1	HLA-DRB1*08:03:02;HLA-DRB1*15:01:01	1	1	2
g_group	test_B_gourraud	HG00560	EAS	DQB1	HLA-DQB1*06:01:01;HLA-DQB1*06:02:01	1	1	2
g_group	test_B_gourraud	HG00565	EAS	A	HLA-A*33:03:01;HLA-A*02:03:01	1	1	2
g_group	test_B_gourraud	HG00565	EAS	B	HLA-B*40:01:02;HLA-B*40:01:02	1	1	2
g_group	test_B_gourraud	HG00565	EAS	C	HLA-C*03:04:01;HLA-C*07:02:01	1	1	2
g_group	test_B_gourraud	HG00565	EAS	DRB1	HLA-DRB1*16:02:01;HLA-DRB1*16:02:01	1	1	2
g_group	test_B_gourraud	HG00565	EAS	DQB1	HLA-DQB1*05:02:01;HLA-DQB1*05:02:01	1	1	2
g_group	test_B_gourraud	HG00566	EAS	A	HLA-A*02:07:01;HLA-A*24:02:01	1	1	2
g_group	test_B_gourraud	HG00566	EAS	B	HLA-B*46:01:01;HLA-B*58:01:01,HLA-B*58:117	1	1	2
g_group	test_B_gourraud	HG00566	EAS	C	HLA-C*03:02:02;HLA-C*01:02:01	1	1	2
g_group	test_B_gourraud	HG00566	EAS	DRB1	HLA-DRB1*09:01:02;HLA-DRB1*03:01:01	1	1	2
g_group	test_B_gourraud	HG00566	EAS	DQB1	HLA-DQB1*03:03:02;HLA-DQB1*02:01:01	1	1	2
g_group	test_B_gourraud	HG00580	EAS	A	HLA-A*03:01:01;HLA-A*30:01:01	1	1	2
g_group	test_B_gourraud	HG00580	EAS	B	HLA-B*13:02:01;HLA-B*51:01:01	1	1	2
g_group	test_B_gourraud	HG00580	EAS	C	HLA-C*06:02:01;HLA-C*04:01:01	1	1	2
g_group	test_B_gourraud	HG00580	EAS	DRB1	HLA-DRB1*07:01:01;HLA-DRB1*08:03:02	1	1	2
g_group	test_B_gourraud	HG00580	EAS	DQB1	HLA-DQB1*06:01:01;HLA-DQB1*02:02:01	1	1	2
g_group	test_B_gourraud	HG00581	EAS	A	HLA-A*33:03:01;HLA-A*02:01:01	1	1	2
g_group	test_B_gourraud	HG00581	EAS	B	HLA-B*40:01:02;HLA-B*15:11:01	1	1	2
g_group	test_B_gourraud	HG00581	EAS	C	HLA-C*07:02:01;HLA-C*03:03:01	1	1	2
g_group	test_B_gourraud	HG00581	EAS	DRB1	HLA-DRB1*15:01:01;HLA-DRB1*12:01:01	1	1	2
g_group	test_B_gourraud	HG00581	EAS	DQB1	HLA-DQB1*06:02:01;HLA-DQB1*03:01:01	1	1	2
g_group	test_B_gourraud	HG00583	EAS	A	HLA-A*03:01:01;HLA-A*24:02:01	1	1	2
g_group	test_B_gourraud	HG00583	EAS	B	HLA-B*55:02:01;HLA-B*40:01:02	1	1	2
g_group	test_B_gourraud	HG00583	EAS	C	HLA-C*01:02:01;HLA-C*03:04:01	1	1	2
g_group	test_B_gourraud	HG00583	EAS	DRB1	HLA-DRB1*11:01:01;HLA-DRB1*04:05:01	1	1	2
g_group	test_B_gourraud	HG00583	EAS	DQB1	HLA-DQB1*03:02:01;HLA-DQB1*03:01:01	1	1	2
g_group	test_B_gourraud	HG00584	EAS	A	HLA-A*24:02:01;HLA-A*11:02:01	1	1	2
g_group	test_B_gourraud	HG00584	EAS	B	HLA-B*40:01:02;HLA-B*40:01:02	1	1	2
g_group	test_B_gourraud	HG00584	EAS	C	HLA-C*03:04:01;HLA-C*07:02:01	1	1	2
g_group	test_B_gourraud	HG00584	EAS	DRB1	HLA-DRB1*11:01:01;HLA-DRB1*15:01:01	1	1	2
g_group	test_B_gourraud	HG00584	EAS	DQB1	HLA-DQB1*06:02:01;HLA-DQB1*03:01:01	1	1	2
g_group	test_B_gourraud	HG00589	EAS	A	HLA-A*02:01:01;HLA-A*02:01:01	1	1	2
g_group	test_B_gourraud	HG00589	EAS	B	HLA-B*13:01:01;HLA-B*51:01:01	1	1	2
g_group	test_B_gourraud	HG00589	EAS	C	HLA-C*14:02:01;HLA-C*03:04:01	1	1	2
g_group	test_B_gourraud	HG00589	EAS	DRB1	HLA-DRB1*11:01:01;HLA-DRB1*15:01:01	1	1	2
g_group	test_B_gourraud	HG00589	EAS	DQB1	HLA-DQB1*06:01:01;HLA-DQB1*03:01:01	1	1	2
g_group	test_B_gourraud	HG00590	EAS	A	HLA-A*11:01:01;HLA-A*02:06:01	1	1	2
g_group	test_B_gourraud	HG00590	EAS	B	HLA-B*15:25:01;HLA-B*35:01:01	1	1	2
g_group	test_B_gourraud	HG00590	EAS	C	HLA-C*03:03:01;HLA-C*04:03:01	1	1	2
g_group	test_B_gourraud	HG00590	EAS	DRB1	HLA-DRB1*11:01:01;HLA-DRB1*15:01:01	1	1	2
g_group	test_B_gourraud	HG00590	EAS	DQB1	HLA-DQB1*05:02:01;HLA-DQB1*03:01:01	1	1	2
g_group	test_B_gourraud	HG00592	EAS	A	HLA-A*26:01:01;HLA-A*02:06:01	1	1	2
g_group	test_B_gourraud	HG00592	EAS	B	HLA-B*08:01:01;HLA-B*51:01:01	1	1	2
g_group	test_B_gourraud	HG00592	EAS	C	HLA-C*07:02:01;HLA-C*14:02:01	1	1	2
g_group	test_B_gourraud	HG00592	EAS	DRB1	HLA-DRB1*03:01:01;HLA-DRB1*07:01:01	1	1	2
g_group	test_B_gourraud	HG00592	EAS	DQB1	HLA-DQB1*02:02:01;HLA-DQB1*02:01:01	1	1	2
g_group	test_B_gourraud	HG00593	EAS	A	HLA-A*24:02:01;HLA-A*24:02:01	1	1	2
g_group	test_B_gourraud	HG00593	EAS	B	HLA-B*27:04:01;HLA-B*35:01:01	1	1	2
g_group	test_B_gourraud	HG00593	EAS	C	HLA-C*03:03:01;HLA-C*12:02:02	1	1	2
g_group	test_B_gourraud	HG00593	EAS	DRB1	HLA-DRB1*15:01:01;HLA-DRB1*04:03:01	1	1	2
g_group	test_B_gourraud	HG00593	EAS	DQB1	HLA-DQB1*03:02:01;HLA-DQB1*06:02:01	1	1	2
g_group	leak_gourraud	HG00595	EAS	A	HLA-A*11:01:01;HLA-A*02:01:01	1	1	2
g_group	leak_gourraud	HG00595	EAS	B	HLA-B*15:02:01;HLA-B*40:01:02	1	1	2
g_group	leak_gourraud	HG00595	EAS	C	HLA-C*08:01:01;HLA-C*07:02:01	1	1	2
g_group	leak_gourraud	HG00595	EAS	DRB1	HLA-DRB1*09:01:02;HLA-DRB1*12:02:01	1	1	2
g_group	leak_gourraud	HG00595	EAS	DQB1	HLA-DQB1*03:03:02;HLA-DQB1*03:01:01	1	1	2
g_group	leak_gourraud	HG00596	EAS	A	HLA-A*24:02:01;HLA-A*11:01:01	1	1	2
g_group	leak_gourraud	HG00596	EAS	B	HLA-B*40:01:02;HLA-B*15:01:01	1	1	2
g_group	leak_gourraud	HG00596	EAS	C	HLA-C*04:01:01;HLA-C*03:04:01	1	1	2
g_group	leak_gourraud	HG00596	EAS	DRB1	HLA-DRB1*11:01:01;HLA-DRB1*09:01:02	1	1	2
g_group	leak_gourraud	HG00596	EAS	DQB1	HLA-DQB1*03:03:02;HLA-DQB1*03:01:01	1	1	2
g_group	leak_gourraud	HG00607	EAS	A	HLA-A*33:03:01;HLA-A*26:01:01	1	1	2
g_group	leak_gourraud	HG00607	EAS	B	HLA-B*40:01:02;HLA-B*58:01:35	1	1	2
g_group	leak_gourraud	HG00607	EAS	C	HLA-C*03:02:02;HLA-C*03:04:01	1	1	2
g_group	leak_gourraud	HG00607	EAS	DRB1	HLA-DRB1*15:01:01;HLA-DRB1*08:03:02	1	1	2
g_group	leak_gourraud	HG00607	EAS	DQB1	HLA-DQB1*06:01:01;HLA-DQB1*06:02:01	1	1	2
g_group	leak_gourraud	HG00608	EAS	A	HLA-A*11:02:01;HLA-A*24:02:01	1	1	2
g_group	leak_gourraud	HG00608	EAS	B	HLA-B*40:02:01;HLA-B*40:01:02	1	1	2
g_group	leak_gourraud	HG00608	EAS	C	HLA-C*15:02:01;HLA-C*07:02:01	1	1	2
g_group	leak_gourraud	HG00608	EAS	DRB1	HLA-DRB1*09:01:02;HLA-DRB1*12:02:01	1	1	2
g_group	leak_gourraud	HG00608	EAS	DQB1	HLA-DQB1*03:03:02;HLA-DQB1*03:01:01	1	1	2
g_group	test_B_gourraud	HG00610	EAS	A	HLA-A*02:06:01;HLA-A*02:10	1	1	2
g_group	test_B_gourraud	HG00610	EAS	B	HLA-B*51:01:01;HLA-B*40:06:01	1	1	2
g_group	test_B_gourraud	HG00610	EAS	C	HLA-C*14:02:01;HLA-C*08:01:01	1	1	2
g_group	test_B_gourraud	HG00610	EAS	DRB1	HLA-DRB1*12:01:01;HLA-DRB1*12:01:01	1	1	2
g_group	test_B_gourraud	HG00610	EAS	DQB1	HLA-DQB1*03:01:01;HLA-DQB1*03:01:01	1	1	2
g_group	test_B_gourraud	HG00611	EAS	A	HLA-A*02:07:01;HLA-A*02:07:01	1	1	2
g_group	test_B_gourraud	HG00611	EAS	B	HLA-B*46:01:01;HLA-B*46:01:01	1	1	2
g_group	test_B_gourraud	HG00611	EAS	C	HLA-C*01:02:01;HLA-C*01:02:01	1	1	2
g_group	test_B_gourraud	HG00611	EAS	DRB1	HLA-DRB1*11:01:01;HLA-DRB1*04:05:01	1	1	2
g_group	test_B_gourraud	HG00611	EAS	DQB1	HLA-DQB1*04:01:01;HLA-DQB1*03:01:01	1	1	2
g_group	test_B_gourraud	HG00613	EAS	A	HLA-A*24:02:01;HLA-A*02:03:01	1	1	2
g_group	test_B_gourraud	HG00613	EAS	B	HLA-B*40:01:02;HLA-B*46:01:01	1	1	2
g_group	test_B_gourraud	HG00613	EAS	C	HLA-C*03:04:01;HLA-C*01:02:01	1	1	2
g_group	test_B_gourraud	HG00613	EAS	DRB1	HLA-DRB1*09:01:02;HLA-DRB1*09:01:02	1	1	2
g_group	test_B_gourraud	HG00613	EAS	DQB1	HLA-DQB1*03:03:02;HLA-DQB1*03:03:02	1	1	2
g_group	test_B_gourraud	HG00614	EAS	A	HLA-A*11:01:01;HLA-A*02:01:01	1	1	2
g_group	test_B_gourraud	HG00614	EAS	B	HLA-B*55:02:01;HLA-B*13:01:01	1	1	2
g_group	test_B_gourraud	HG00614	EAS	C	HLA-C*03:04:01;HLA-C*01:02:01	1	1	2
g_group	test_B_gourraud	HG00614	EAS	DRB1	HLA-DRB1*04:05:01;HLA-DRB1*12:02:01	1	1	2
g_group	test_B_gourraud	HG00614	EAS	DQB1	HLA-DQB1*04:01:01;HLA-DQB1*03:01:01	1	1	2
g_group	leak_gourraud	HG00619	EAS	A	HLA-A*02:03:01;HLA-A*02:01:01	1	1	2
g_group	leak_gourraud	HG00619	EAS	B	HLA-B*40:01:02;HLA-B*56:01:01	1	1	2
g_group	leak_gourraud	HG00619	EAS	C	HLA-C*07:02:01;HLA-C*03:04:01	1	1	2
g_group	leak_gourraud	HG00619	EAS	DRB1	HLA-DRB1*09:01:02;HLA-DRB1*14:54:01	1	1	2
g_group	leak_gourraud	HG00619	EAS	DQB1	HLA-DQB1*03:03:02;HLA-DQB1*05:03:01	1	1	2
g_group	leak_gourraud	HG00620	EAS	A	HLA-A*24:02:01;HLA-A*11:01:01	1	1	2
g_group	leak_gourraud	HG00620	EAS	B	HLA-B*15:02:01;HLA-B*51:01:01	1	1	2
g_group	leak_gourraud	HG00620	EAS	C	HLA-C*08:01:01;HLA-C*15:02:01	1	1	2
g_group	leak_gourraud	HG00620	EAS	DRB1	HLA-DRB1*12:02:01;HLA-DRB1*11:01:01	1	1	2
g_group	leak_gourraud	HG00620	EAS	DQB1	HLA-DQB1*03:01:01;HLA-DQB1*03:01:01	1	1	2
g_group	test_B_gourraud	HG00625	EAS	A	HLA-A*11:02:01;HLA-A*11:02:01	1	1	2
g_group	test_B_gourraud	HG00625	EAS	B	HLA-B*35:01:01;HLA-B*15:01:01	1	1	2
g_group	test_B_gourraud	HG00625	EAS	C	HLA-C*04:01:01;HLA-C*15:02:01	1	1	2
g_group	test_B_gourraud	HG00625	EAS	DRB1	HLA-DRB1*15:01:01;HLA-DRB1*04:06:01	1	1	2
g_group	test_B_gourraud	HG00625	EAS	DQB1	HLA-DQB1*03:02:01;HLA-DQB1*06:02:01	1	1	2
g_group	test_B_gourraud	HG00626	EAS	A	HLA-A*11:01:01;HLA-A*02:01:01	1	1	2
g_group	test_B_gourraud	HG00626	EAS	B	HLA-B*15:27:01;HLA-B*40:01:02	1	1	2
g_group	test_B_gourraud	HG00626	EAS	C	HLA-C*07:02:01;HLA-C*04:01:01	1	1	2
g_group	test_B_gourraud	HG00626	EAS	DRB1	HLA-DRB1*15:01:01;HLA-DRB1*04:06:01	1	1	2
g_group	test_B_gourraud	HG00626	EAS	DQB1	HLA-DQB1*06:02:01;HLA-DQB1*03:02:01	1	1	2
g_group	test_B_gourraud	HG00628	EAS	A	HLA-A*24:02:01;HLA-A*02:01:01	1	1	2
g_group	test_B_gourraud	HG00628	EAS	B	HLA-B*38:02:01;HLA-B*13:01:01	1	1	2
g_group	test_B_gourraud	HG00628	EAS	C	HLA-C*03:04:01;HLA-C*07:02:01	1	1	2
g_group	test_B_gourraud	HG00628	EAS	DRB1	HLA-DRB1*07:01:01;HLA-DRB1*15:01:01	1	1	2
g_group	test_B_gourraud	HG00628	EAS	DQB1	HLA-DQB1*06:01:01;HLA-DQB1*02:02:01	1	1	2
g_group	test_B_gourraud	HG00629	EAS	A	HLA-A*11:01:01;HLA-A*11:01:01	1	1	2
g_group	test_B_gourraud	HG00629	EAS	B	HLA-B*40:02:01;HLA-B*35:01:01	1	1	2
g_group	test_B_gourraud	HG00629	EAS	C	HLA-C*03:03:01;HLA-C*07:02:01	1	1	2
g_group	test_B_gourraud	HG00629	EAS	DRB1	HLA-DRB1*08:03:02;HLA-DRB1*12:02:01	1	1	2
g_group	test_B_gourraud	HG00629	EAS	DQB1	HLA-DQB1*06:01:01;HLA-DQB1*03:01:01	1	1	2
g_group	test_B_gourraud	HG00634	EAS	A	HLA-A*11:01:01;HLA-A*24:02:01	1	1	2
g_group	test_B_gourraud	HG00634	EAS	B	HLA-B*39:01:01;HLA-B*39:01:01	1	1	2
g_group	test_B_gourraud	HG00634	EAS	C	HLA-C*07:02:01;HLA-C*07:02:01	1	1	2
g_group	test_B_gourraud	HG00634	EAS	DRB1	HLA-DRB1*09:01:02;HLA-DRB1*08:03:02	1	1	2
g_group	test_B_gourraud	HG00634	EAS	DQB1	HLA-DQB1*03:03:02;HLA-DQB1*06:01:01	1	1	2
g_group	leak_gourraud	HG00637	AMR	A	HLA-A*02:01:01;HLA-A*02:01:01	1	1	2
g_group	leak_gourraud	HG00637	AMR	B	HLA-B*45:01:01;HLA-B*44:02:01	1	1	2
g_group	leak_gourraud	HG00637	AMR	C	HLA-C*05:01:01;HLA-C*16:01:01	1	1	2
g_group	leak_gourraud	HG00637	AMR	DRB1	HLA-DRB1*12:01:01;HLA-DRB1*04:03:01	1	1	2
g_group	leak_gourraud	HG00637	AMR	DQB1	HLA-DQB1*03:02:01;HLA-DQB1*03:01:01	1	1	2
g_group	leak_gourraud	HG00638	AMR	A	HLA-A*32:01:01;HLA-A*03:01:01	1	1	2
g_group	leak_gourraud	HG00638	AMR	B	HLA-B*35:01:01;HLA-B*51:01:01	1	1	2
g_group	leak_gourraud	HG00638	AMR	C	HLA-C*04:01:01;HLA-C*04:01:01	1	1	2
g_group	leak_gourraud	HG00638	AMR	DRB1	HLA-DRB1*11:01:01;HLA-DRB1*04:03:01	1	1	2
g_group	leak_gourraud	HG00638	AMR	DQB1	HLA-DQB1*03:01:01;HLA-DQB1*03:04:01	1	1	2
g_group	leak_gourraud	HG00640	AMR	A	HLA-A*03:01:01;HLA-A*30:02:01	1	1	2
g_group	leak_gourraud	HG00640	AMR	B	HLA-B*07:05:01;HLA-B*18:01:01	1	1	2
g_group	leak_gourraud	HG00640	AMR	C	HLA-C*05:01:01;HLA-C*15:05:02	1	1	2
g_group	leak_gourraud	HG00640	AMR	DRB1	HLA-DRB1*03:01:01;HLA-DRB1*04:14	1	0	1
g_group	leak_gourraud	HG00640	AMR	DQB1	HLA-DQB1*03:02:01;HLA-DQB1*02:01:01	1	1	2
g_group	leak_gourraud	HG00641	AMR	A	HLA-A*23:17:01;HLA-A*02:01:01	1	1	2
g_group	leak_gourraud	HG00641	AMR	B	HLA-B*15:03:01;HLA-B*07:02:01,HLA-B*07:529	1	1	2
g_group	leak_gourraud	HG00641	AMR	C	HLA-C*02:10:01;HLA-C*07:02:01	1	1	2
g_group	leak_gourraud	HG00641	AMR	DRB1	HLA-DRB1*15:01:01;HLA-DRB1*11:01:02	1	1	2
g_group	leak_gourraud	HG00641	AMR	DQB1	HLA-DQB1*06:03:01;HLA-DQB1*06:02:01	1	1	2
g_group	test_B_gourraud	HG00650	EAS	A	HLA-A*11:01:01;HLA-A*02:03:01	1	1	2
g_group	test_B_gourraud	HG00650	EAS	B	HLA-B*58:01:01;HLA-B*46:01:01	1	1	2
g_group	test_B_gourraud	HG00650	EAS	C	HLA-C*03:02:02;HLA-C*01:02:01	1	1	2
g_group	test_B_gourraud	HG00650	EAS	DRB1	HLA-DRB1*12:02:01;HLA-DRB1*11:01:01	1	1	2
g_group	test_B_gourraud	HG00650	EAS	DQB1	HLA-DQB1*03:01:01;HLA-DQB1*03:01:01	1	1	2
g_group	test_B_gourraud	HG00651	EAS	A	HLA-A*02:01:01;HLA-A*11:01:01	1	1	2
g_group	test_B_gourraud	HG00651	EAS	B	HLA-B*46:01:01;HLA-B*13:01:01	1	1	2
g_group	test_B_gourraud	HG00651	EAS	C	HLA-C*01:02:01;HLA-C*03:04:01	1	1	2
g_group	test_B_gourraud	HG00651	EAS	DRB1	HLA-DRB1*08:03:02;HLA-DRB1*04:04:01	1	1	2
g_group	test_B_gourraud	HG00651	EAS	DQB1	HLA-DQB1*03:02:01;HLA-DQB1*06:01:01	1	1	2
g_group	test_B_gourraud	HG00653	EAS	A	HLA-A*33:03:01;HLA-A*02:07:01	1	1	2
g_group	test_B_gourraud	HG00653	EAS	B	HLA-B*51:01:01;HLA-B*58:01:01	1	1	2
g_group	test_B_gourraud	HG00653	EAS	C	HLA-C*03:02:02;HLA-C*15:02:01	1	1	2
g_group	test_B_gourraud	HG00653	EAS	DRB1	HLA-DRB1*08:03:02;HLA-DRB1*03:01:01	1	1	2
g_group	test_B_gourraud	HG00653	EAS	DQB1	HLA-DQB1*02:01:01;HLA-DQB1*06:01:01	1	1	2
g_group	test_B_gourraud	HG00654	EAS	A	HLA-A*11:01:01;HLA-A*24:04	1	1	2
g_group	test_B_gourraud	HG00654	EAS	B	HLA-B*40:01:02;HLA-B*40:01:02	1	1	2
g_group	test_B_gourraud	HG00654	EAS	C	HLA-C*07:02:01;HLA-C*03:04:01	1	1	2
g_group	test_B_gourraud	HG00654	EAS	DRB1	HLA-DRB1*08:03:02;HLA-DRB1*15:01:01	1	1	2
g_group	test_B_gourraud	HG00654	EAS	DQB1	HLA-DQB1*06:02:01;HLA-DQB1*06:01:01	1	1	2
g_group	leak_gourraud	HG00656	EAS	A	HLA-A*11:01:01;HLA-A*11:01:01	1	1	2
g_group	leak_gourraud	HG00656	EAS	B	HLA-B*39:01:01;HLA-B*46:01:01	1	1	2
g_group	leak_gourraud	HG00656	EAS	C	HLA-C*07:02:01;HLA-C*01:02:01	1	1	2
g_group	leak_gourraud	HG00656	EAS	DRB1	HLA-DRB1*08:03:02;HLA-DRB1*14:54:01	1	1	2
g_group	leak_gourraud	HG00656	EAS	DQB1	HLA-DQB1*05:02:01;HLA-DQB1*06:01:01	1	1	2
g_group	leak_gourraud	HG00657	EAS	A	HLA-A*11:01:01;HLA-A*02:07:01	1	1	2
g_group	leak_gourraud	HG00657	EAS	B	HLA-B*46:01:01;HLA-B*51:01:02	1	1	2
g_group	leak_gourraud	HG00657	EAS	C	HLA-C*14:02:01;HLA-C*01:02:01	1	1	2
g_group	leak_gourraud	HG00657	EAS	DRB1	HLA-DRB1*09:01:02;HLA-DRB1*14:04:01	1	1	2
g_group	leak_gourraud	HG00657	EAS	DQB1	HLA-DQB1*03:03:02;HLA-DQB1*05:03:01	1	1	2
g_group	test_B_gourraud	HG00662	EAS	A	HLA-A*02:06:01;HLA-A*02:07:01	1	1	2
g_group	test_B_gourraud	HG00662	EAS	B	HLA-B*40:01:02;HLA-B*46:01:01	1	1	2
g_group	test_B_gourraud	HG00662	EAS	C	HLA-C*03:03:01;HLA-C*03:04:01	1	1	2
g_group	test_B_gourraud	HG00662	EAS	DRB1	HLA-DRB1*09:01:02;HLA-DRB1*15:01:01	1	1	2
g_group	test_B_gourraud	HG00662	EAS	DQB1	HLA-DQB1*03:03:02;HLA-DQB1*06:02:01	1	1	2
g_group	test_B_gourraud	HG00663	EAS	A	HLA-A*24:02:01;HLA-A*74:02:01	1	1	2
g_group	test_B_gourraud	HG00663	EAS	B	HLA-B*40:01:02;HLA-B*51:01:02	1	1	2
g_group	test_B_gourraud	HG00663	EAS	C	HLA-C*14:02:01;HLA-C*12:03:01	1	1	2
g_group	test_B_gourraud	HG00663	EAS	DRB1	HLA-DRB1*15:01:01;HLA-DRB1*04:05:01	1	1	2
g_group	test_B_gourraud	HG00663	EAS	DQB1	HLA-DQB1*04:01:01;HLA-DQB1*05:02:01	1	1	2
g_group	leak_gourraud	HG00671	EAS	A	HLA-A*02:06:01;HLA-A*24:02:01	1	1	2
g_group	leak_gourraud	HG00671	EAS	B	HLA-B*48:03:01;HLA-B*15:02:01	1	1	2
g_group	leak_gourraud	HG00671	EAS	C	HLA-C*08:01:01;HLA-C*08:01:01	1	1	2
g_group	leak_gourraud	HG00671	EAS	DRB1	HLA-DRB1*12:02:01;HLA-DRB1*11:01:01	1	1	2
g_group	leak_gourraud	HG00671	EAS	DQB1	HLA-DQB1*03:01:01;HLA-DQB1*03:01:01	1	1	2
g_group	leak_gourraud	HG00672	EAS	A	HLA-A*31:01:02;HLA-A*02:03:01	1	1	2
g_group	leak_gourraud	HG00672	EAS	B	HLA-B*51:02:01;HLA-B*38:02:01	1	1	2
g_group	leak_gourraud	HG00672	EAS	C	HLA-C*07:02:01;HLA-C*15:02:01	1	1	2
g_group	leak_gourraud	HG00672	EAS	DRB1	HLA-DRB1*08:03:02;HLA-DRB1*08:03:02	1	1	2
g_group	leak_gourraud	HG00672	EAS	DQB1	HLA-DQB1*06:01:01;HLA-DQB1*06:01:01	1	1	2
g_group	test_B_gourraud	HG00683	EAS	A	HLA-A*11:02:01;HLA-A*02:07:01	1	1	2
g_group	test_B_gourraud	HG00683	EAS	B	HLA-B*46:01:01,HLA-B*46:99;HLA-B*40:01:02	1	1	2
g_group	test_B_gourraud	HG00683	EAS	C	HLA-C*01:02:01;HLA-C*07:02:01	1	1	2
g_group	test_B_gourraud	HG00683	EAS	DRB1	HLA-DRB1*09:01:02;HLA-DRB1*11:01:01	1	1	2
g_group	test_B_gourraud	HG00683	EAS	DQB1	HLA-DQB1*03:03:02;HLA-DQB1*03:01:01	1	1	2
g_group	test_B_gourraud	HG00684	EAS	A	HLA-A*11:01:01;HLA-A*02:01:01	1	1	2
g_group	test_B_gourraud	HG00684	EAS	B	HLA-B*13:01:01;HLA-B*13:01:01	1	1	2
g_group	test_B_gourraud	HG00684	EAS	C	HLA-C*03:04:01;HLA-C*03:04:01	1	1	2
g_group	test_B_gourraud	HG00684	EAS	DRB1	HLA-DRB1*15:01:01;HLA-DRB1*15:01:01	1	1	2
g_group	test_B_gourraud	HG00684	EAS	DQB1	HLA-DQB1*06:01:01;HLA-DQB1*06:01:01	1	1	2
g_group	test_B_gourraud	HG00689	EAS	A	HLA-A*11:01:01;HLA-A*24:02:01	1	1	2
g_group	test_B_gourraud	HG00689	EAS	B	HLA-B*48:01:01;HLA-B*40:01:02	1	1	2
g_group	test_B_gourraud	HG00689	EAS	C	HLA-C*08:01:01;HLA-C*03:03:01	1	1	2
g_group	test_B_gourraud	HG00689	EAS	DRB1	HLA-DRB1*04:05:01;HLA-DRB1*09:01:02	1	1	2
g_group	test_B_gourraud	HG00689	EAS	DQB1	HLA-DQB1*03:03:02;HLA-DQB1*04:02:01	1	1	2
g_group	test_B_gourraud	HG00690	EAS	A	HLA-A*24:02:01;HLA-A*24:02:01	1	1	2
g_group	test_B_gourraud	HG00690	EAS	B	HLA-B*40:01:02;HLA-B*39:01:01,HLA-B*39:177	1	1	2
g_group	test_B_gourraud	HG00690	EAS	C	HLA-C*07:02:01;HLA-C*03:04:01	1	1	2
g_group	test_B_gourraud	HG00690	EAS	DRB1	HLA-DRB1*14:54:01;HLA-DRB1*04:06:01	1	1	2
g_group	test_B_gourraud	HG00690	EAS	DQB1	HLA-DQB1*05:02:01;HLA-DQB1*03:02:01	1	1	2
g_group	test_B_gourraud	HG00692	EAS	A	HLA-A*11:01:01;HLA-A*02:01:01	1	1	2
g_group	test_B_gourraud	HG00692	EAS	B	HLA-B*46:01:01;HLA-B*15:01:01	1	1	2
g_group	test_B_gourraud	HG00692	EAS	C	HLA-C*01:02:01;HLA-C*07:02:01	1	1	2
g_group	test_B_gourraud	HG00692	EAS	DRB1	HLA-DRB1*11:01:01;HLA-DRB1*04:04:01	1	1	2
g_group	test_B_gourraud	HG00692	EAS	DQB1	HLA-DQB1*03:02:01;HLA-DQB1*03:01:01	1	1	2
g_group	test_B_gourraud	HG00693	EAS	A	HLA-A*02:07:01;HLA-A*24:02:01	1	1	2
g_group	test_B_gourraud	HG00693	EAS	B	HLA-B*13:01:01;HLA-B*40:01:02	1	1	2
g_group	test_B_gourraud	HG00693	EAS	C	HLA-C*07:02:01;HLA-C*03:04:01	1	1	2
g_group	test_B_gourraud	HG00693	EAS	DRB1	HLA-DRB1*13:12:01;HLA-DRB1*08:03:02	1	1	2
g_group	test_B_gourraud	HG00693	EAS	DQB1	HLA-DQB1*06:01:01;HLA-DQB1*03:01:01	1	1	2
g_group	test_B_gourraud	HG00698	EAS	A	HLA-A*02:03:01;HLA-A*02:03:01	1	1	2
g_group	test_B_gourraud	HG00698	EAS	B	HLA-B*38:02:01;HLA-B*58:01:01	1	1	2
g_group	test_B_gourraud	HG00698	EAS	C	HLA-C*03:36;HLA-C*07:02:01	1	1	2
g_group	test_B_gourraud	HG00698	EAS	DRB1	HLA-DRB1*15:02:01;HLA-DRB1*13:01:01	1	1	2
g_group	test_B_gourraud	HG00698	EAS	DQB1	HLA-DQB1*05:02:01;HLA-DQB1*06:03:01	1	1	2
g_group	test_B_gourraud	HG00699	EAS	A	HLA-A*33:03:01;HLA-A*02:01:01	1	1	2
g_group	test_B_gourraud	HG00699	EAS	B	HLA-B*58:01:01;HLA-B*52:01:01	1	1	2
g_group	test_B_gourraud	HG00699	EAS	C	HLA-C*07:02:01;HLA-C*03:02:02	1	1	2
g_group	test_B_gourraud	HG00699	EAS	DRB1	HLA-DRB1*03:01:01;HLA-DRB1*12:02:01	1	1	2
g_group	test_B_gourraud	HG00699	EAS	DQB1	HLA-DQB1*05:02:01;HLA-DQB1*02:01:01	1	1	2
g_group	test_B_gourraud	HG00701	EAS	A	HLA-A*11:01:01;HLA-A*24:02:01	1	1	2
g_group	test_B_gourraud	HG00701	EAS	B	HLA-B*15:02:01;HLA-B*46:01:01	1	1	2
g_group	test_B_gourraud	HG00701	EAS	C	HLA-C*08:01:01;HLA-C*01:02:01	1	1	2
g_group	test_B_gourraud	HG00701	EAS	DRB1	HLA-DRB1*15:01:01;HLA-DRB1*09:01:02	1	1	2
g_group	test_B_gourraud	HG00701	EAS	DQB1	HLA-DQB1*03:03:02;HLA-DQB1*06:01:01	1	1	2
g_group	leak_gourraud	HG00704	EAS	A	HLA-A*02:03:01;HLA-A*02:01:01	1	1	2
g_group	leak_gourraud	HG00704	EAS	B	HLA-B*38:02:01;HLA-B*13:01:01	1	1	2
g_group	leak_gourraud	HG00704	EAS	C	HLA-C*07:02:01;HLA-C*03:04:01	1	1	2
g_group	leak_gourraud	HG00704	EAS	DRB1	HLA-DRB1*16:02:01;HLA-DRB1*15:01:01	1	1	2
g_group	leak_gourraud	HG00704	EAS	DQB1	HLA-DQB1*05:02:01;HLA-DQB1*06:01:01	1	1	2
g_group	leak_gourraud	HG00705	EAS	A	HLA-A*11:01:01;HLA-A*24:02:01	1	1	2
g_group	leak_gourraud	HG00705	EAS	B	HLA-B*27:04:01;HLA-B*54:01:01	1	1	2
g_group	leak_gourraud	HG00705	EAS	C	HLA-C*01:02:01;HLA-C*08:01:01	1	1	2
g_group	leak_gourraud	HG00705	EAS	DRB1	HLA-DRB1*14:05:01;HLA-DRB1*15:01:01	1	1	2
g_group	leak_gourraud	HG00705	EAS	DQB1	HLA-DQB1*05:03:01;HLA-DQB1*06:02:01	1	1	2
g_group	test_B_gourraud	HG00707	EAS	A	HLA-A*11:01:01;HLA-A*02:07:01	1	1	2
g_group	test_B_gourraud	HG00707	EAS	B	HLA-B*46:01:01;HLA-B*40:01:02	1	1	2
g_group	test_B_gourraud	HG00707	EAS	C	HLA-C*07:02:01;HLA-C*01:02:01	1	1	2
g_group	test_B_gourraud	HG00707	EAS	DRB1	HLA-DRB1*16:02:01;HLA-DRB1*14:07:01	1	1	2
g_group	test_B_gourraud	HG00707	EAS	DQB1	HLA-DQB1*05:02:01;HLA-DQB1*05:03:01	1	1	2
g_group	test_B_gourraud	HG00708	EAS	A	HLA-A*02:07:01;HLA-A*01:01:01	1	1	2
g_group	test_B_gourraud	HG00708	EAS	B	HLA-B*57:01:01;HLA-B*46:01:01	1	1	2
g_group	test_B_gourraud	HG00708	EAS	C	HLA-C*01:02:01;HLA-C*06:02:01	1	1	2
g_group	test_B_gourraud	HG00708	EAS	DRB1	HLA-DRB1*09:01:02;HLA-DRB1*07:01:01	1	1	2
g_group	test_B_gourraud	HG00708	EAS	DQB1	HLA-DQB1*03:03:02;HLA-DQB1*03:03:02	1	1	2
g_group	leak_gourraud	HG00731	AMR	A	HLA-A*24:02:01;HLA-A*24:02:01	1	1	2
g_group	leak_gourraud	HG00731	AMR	B	HLA-B*08:01:01;HLA-B*35:02:01	1	1	2
g_group	leak_gourraud	HG00731	AMR	C	HLA-C*07:01:01;HLA-C*04:01:01	1	1	2
g_group	leak_gourraud	HG00731	AMR	DRB1	HLA-DRB1*11:04:01;HLA-DRB1*12:01:01	1	1	2
g_group	leak_gourraud	HG00731	AMR	DQB1	HLA-DQB1*03:01:01;HLA-DQB1*03:01:01	1	1	2
g_group	leak_gourraud	HG00732	AMR	A	HLA-A*11:01:01;HLA-A*30:02:01	1	1	2
g_group	leak_gourraud	HG00732	AMR	B	HLA-B*18:01:01;HLA-B*35:01:01,HLA-B*35:370,HLA-B*35:615	1	1	2
g_group	leak_gourraud	HG00732	AMR	C	HLA-C*05:01:01;HLA-C*04:01:01	1	1	2
g_group	leak_gourraud	HG00732	AMR	DRB1	HLA-DRB1*14:54:01;HLA-DRB1*03:01:01	1	1	2
g_group	leak_gourraud	HG00732	AMR	DQB1	HLA-DQB1*02:01:01;HLA-DQB1*05:03:01	1	1	2
g_group	leak_gourraud	HG00734	AMR	A	HLA-A*03:01:01;HLA-A*33:01:01	1	1	2
g_group	leak_gourraud	HG00734	AMR	B	HLA-B*07:02:01;HLA-B*14:02:01	1	1	2
g_group	leak_gourraud	HG00734	AMR	C	HLA-C*07:02:01;HLA-C*08:02:01	1	1	2
g_group	leak_gourraud	HG00734	AMR	DRB1	HLA-DRB1*11:01:02;HLA-DRB1*04:11:01	1	1	2
g_group	leak_gourraud	HG00734	AMR	DQB1	HLA-DQB1*03:02:01;HLA-DQB1*06:02:01	1	1	2
g_group	leak_gourraud	HG00736	AMR	A	HLA-A*02:05:01;HLA-A*01:01:01	1	1	2
g_group	leak_gourraud	HG00736	AMR	B	HLA-B*08:01:01;HLA-B*58:01:01	1	1	2
g_group	leak_gourraud	HG00736	AMR	C	HLA-C*07:01:01;HLA-C*07:18:01	1	1	2
g_group	leak_gourraud	HG00736	AMR	DRB1	HLA-DRB1*16:01:01;HLA-DRB1*03:01:01	1	1	2
g_group	leak_gourraud	HG00736	AMR	DQB1	HLA-DQB1*02:01:01;HLA-DQB1*05:02:01	1	1	2
g_group	leak_gourraud	HG00737	AMR	A	HLA-A*03:01:01;HLA-A*68:01:02	1	1	2
g_group	leak_gourraud	HG00737	AMR	B	HLA-B*35:01:01;HLA-B*51:01:01	1	1	2
g_group	leak_gourraud	HG00737	AMR	C	HLA-C*15:02:01;HLA-C*04:01:01	1	1	2
g_group	leak_gourraud	HG00737	AMR	DRB1	HLA-DRB1*13:01:01;HLA-DRB1*14:01:01	1	1	2
g_group	leak_gourraud	HG00737	AMR	DQB1	HLA-DQB1*05:03:01;HLA-DQB1*06:03:01	1	1	2
g_group	leak_gourraud	HG00739	AMR	A	HLA-A*11:01:01;HLA-A*24:02:01	1	1	2
g_group	leak_gourraud	HG00739	AMR	B	HLA-B*35:01:01;HLA-B*57:01:01	1	1	2
g_group	leak_gourraud	HG00739	AMR	C	HLA-C*07:01:01;HLA-C*04:01:01	1	1	2
g_group	leak_gourraud	HG00739	AMR	DRB1	HLA-DRB1*13:03:01;HLA-DRB1*11:01:01	1	1	2
g_group	leak_gourraud	HG00739	AMR	DQB1	HLA-DQB1*03:01:01;HLA-DQB1*03:01:01	1	1	2
g_group	leak_gourraud	HG00740	AMR	A	HLA-A*29:02:01;HLA-A*68:02:01	1	1	2
g_group	leak_gourraud	HG00740	AMR	B	HLA-B*57:03:01;HLA-B*27:05:02	1	1	2
g_group	leak_gourraud	HG00740	AMR	C	HLA-C*07:01:02;HLA-C*01:02:01	1	1	2
g_group	leak_gourraud	HG00740	AMR	DRB1	HLA-DRB1*01:01:01;HLA-DRB1*03:02:01	1	1	2
g_group	leak_gourraud	HG00740	AMR	DQB1	HLA-DQB1*04:02:01;HLA-DQB1*05:01:01	1	1	2
g_group	leak_gourraud	HG01047	AMR	A	HLA-A*31:01:02;HLA-A*03:01:01	1	1	2
g_group	leak_gourraud	HG01047	AMR	B	HLA-B*56:01:01;HLA-B*07:02:01	1	1	2
g_group	leak_gourraud	HG01047	AMR	C	HLA-C*07:02:01;HLA-C*01:02:01	1	1	2
g_group	leak_gourraud	HG01047	AMR	DRB1	HLA-DRB1*01:01:01;HLA-DRB1*01:01:01	1	1	2
g_group	leak_gourraud	HG01047	AMR	DQB1	HLA-DQB1*05:01:01;HLA-DQB1*05:01:01	1	1	2
g_group	test_B_gourraud	HG01048	AMR	A	HLA-A*31:01:02;HLA-A*02:01:01	1	1	2
g_group	test_B_gourraud	HG01048	AMR	B	HLA-B*44:02:01;HLA-B*40:01:02	1	1	2
g_group	test_B_gourraud	HG01048	AMR	C	HLA-C*05:01:01;HLA-C*03:04:01	1	1	2
g_group	test_B_gourraud	HG01048	AMR	DRB1	HLA-DRB1*04:01:01;HLA-DRB1*04:04:01	1	1	2
g_group	test_B_gourraud	HG01048	AMR	DQB1	HLA-DQB1*03:02:01;HLA-DQB1*03:42	1	1	2
g_group	test_B_gourraud	HG01049	AMR	A	HLA-A*31:01:02;HLA-A*29:02:01	1	1	2
g_group	test_B_gourraud	HG01049	AMR	B	HLA-B*44:03:01;HLA-B*51:01:01,HLA-B*51:01:64	1	1	2
g_group	test_B_gourraud	HG01049	AMR	C	HLA-C*16:01:01;HLA-C*15:02:01	1	1	2
g_group	test_B_gourraud	HG01049	AMR	DRB1	HLA-DRB1*07:01:01;HLA-DRB1*16:01:01	1	1	2
g_group	test_B_gourraud	HG01049	AMR	DQB1	HLA-DQB1*05:02:01;HLA-DQB1*02:02:01	1	1	2
g_group	test_B_gourraud	HG01051	AMR	A	HLA-A*24:02:01;HLA-A*02:02:01	1	1	2
g_group	test_B_gourraud	HG01051	AMR	B	HLA-B*15:16:01;HLA-B*35:03:01	1	1	2
g_group	test_B_gourraud	HG01051	AMR	C	HLA-C*14:02:01;HLA-C*12:03:01	1	1	2
g_group	test_B_gourraud	HG01051	AMR	DRB1	HLA-DRB1*07:01:01;HLA-DRB1*03:02:01	1	1	2
g_group	test_B_gourraud	HG01051	AMR	DQB1	HLA-DQB1*02:02:01;HLA-DQB1*04:02:01	1	1	2
g_group	test_B_gourraud	HG01052	AMR	A	HLA-A*01:01:01;HLA-A*33:03:01	1	1	2
g_group	test_B_gourraud	HG01052	AMR	B	HLA-B*52:01:01;HLA-B*15:10:01	1	1	2
g_group	test_B_gourraud	HG01052	AMR	C	HLA-C*03:04:02;HLA-C*12:02:02	1	1	2
g_group	test_B_gourraud	HG01052	AMR	DRB1	HLA-DRB1*15:02:01;HLA-DRB1*04:05:01	1	1	2
g_group	test_B_gourraud	HG01052	AMR	DQB1	HLA-DQB1*03:02:01;HLA-DQB1*06:01:01	1	1	2
g_group	test_B_gourraud	HG01054	AMR	A	HLA-A*68:02:01;HLA-A*01:01:01	1	1	2
g_group	test_B_gourraud	HG01054	AMR	B	HLA-B*08:01:01;HLA-B*57:03:01	1	1	2
g_group	test_B_gourraud	HG01054	AMR	C	HLA-C*07:01:02;HLA-C*07:01:01	1	1	2
g_group	test_B_gourraud	HG01054	AMR	DRB1	HLA-DRB1*03:02:01;HLA-DRB1*03:01:01	1	1	2
g_group	test_B_gourraud	HG01054	AMR	DQB1	HLA-DQB1*02:01:01;HLA-DQB1*04:02:01	1	1	2
g_group	test_B_gourraud	HG01055	AMR	A	HLA-A*24:02:01;HLA-A*02:01:01	1	1	2
g_group	test_B_gourraud	HG01055	AMR	B	HLA-B*40:04:01;HLA-B*35:02:01	1	1	2
g_group	test_B_gourraud	HG01055	AMR	C	HLA-C*03:04:01;HLA-C*04:01:01	1	1	2
g_group	test_B_gourraud	HG01055	AMR	DRB1	HLA-DRB1*04:11:01;HLA-DRB1*11:04:01	1	1	2
g_group	test_B_gourraud	HG01055	AMR	DQB1	HLA-DQB1*03:02:01;HLA-DQB1*03:01:01	1	1	2
g_group	test_B_gourraud	HG01060	AMR	A	HLA-A*03:01:01;HLA-A*24:02:01	1	1	2
g_group	test_B_gourraud	HG01060	AMR	B	HLA-B*56:01:01;HLA-B*35:03:01	1	1	2
g_group	test_B_gourraud	HG01060	AMR	C	HLA-C*04:01:01;HLA-C*01:02:01	1	1	2
g_group	test_B_gourraud	HG01060	AMR	DRB1	HLA-DRB1*13:02:01;HLA-DRB1*01:01:01	1	1	2
g_group	test_B_gourraud	HG01060	AMR	DQB1	HLA-DQB1*06:04:01;HLA-DQB1*05:01:01	1	1	2
g_group	test_B_gourraud	HG01061	AMR	A	HLA-A*23:01:01;HLA-A*23:01:01	1	1	2
g_group	test_B_gourraud	HG01061	AMR	B	HLA-B*44:03:01;HLA-B*44:03:01	1	1	2
g_group	test_B_gourraud	HG01061	AMR	C	HLA-C*16:01:01;HLA-C*04:01:01	1	1	2
g_group	test_B_gourraud	HG01061	AMR	DRB1	HLA-DRB1*07:01:01;HLA-DRB1*04:05:01	1	1	2
g_group	test_B_gourraud	HG01061	AMR	DQB1	HLA-DQB1*03:02:01;HLA-DQB1*02:02:01	1	1	2
g_group	test_B_gourraud	HG01066	AMR	A	HLA-A*32:01:01;HLA-A*02:01:01	1	1	2
g_group	test_B_gourraud	HG01066	AMR	B	HLA-B*51:01:01;HLA-B*18:01:01	1	1	2
g_group	test_B_gourraud	HG01066	AMR	C	HLA-C*15:13:01;HLA-C*05:01:01	1	1	2
g_group	test_B_gourraud	HG01066	AMR	DRB1	HLA-DRB1*03:01:01;HLA-DRB1*04:02:01	1	1	2
g_group	test_B_gourraud	HG01066	AMR	DQB1	HLA-DQB1*03:02:01;HLA-DQB1*02:01:01	1	1	2
g_group	test_B_gourraud	HG01067	AMR	A	HLA-A*30:02:01;HLA-A*24:02:01	1	1	2
g_group	test_B_gourraud	HG01067	AMR	B	HLA-B*18:01:01;HLA-B*07:02:01	1	1	2
g_group	test_B_gourraud	HG01067	AMR	C	HLA-C*12:03:01;HLA-C*07:02:01	1	1	2
g_group	test_B_gourraud	HG01067	AMR	DRB1	HLA-DRB1*09:01:02;HLA-DRB1*11:04:01	1	1	2
g_group	test_B_gourraud	HG01067	AMR	DQB1	HLA-DQB1*02:02:01;HLA-DQB1*03:01:01	1	1	2
g_group	leak_gourraud	HG01069	AMR	A	HLA-A*24:02:01;HLA-A*01:01:01	1	1	2
g_group	leak_gourraud	HG01069	AMR	B	HLA-B*44:02:01;HLA-B*08:01:01	1	1	2
g_group	leak_gourraud	HG01069	AMR	C	HLA-C*07:01:01;HLA-C*05:01:01	1	1	2
g_group	leak_gourraud	HG01069	AMR	DRB1	HLA-DRB1*07:01:01;HLA-DRB1*03:01:01	1	1	2
g_group	leak_gourraud	HG01069	AMR	DQB1	HLA-DQB1*02:02:01;HLA-DQB1*02:01:01	1	1	2
g_group	leak_gourraud	HG01070	AMR	A	HLA-A*03:01:01;HLA-A*01:01:01	1	1	2
g_group	leak_gourraud	HG01070	AMR	B	HLA-B*08:01:01;HLA-B*40:01:02	1	1	2
g_group	leak_gourraud	HG01070	AMR	C	HLA-C*07:01:01;HLA-C*03:04:01	1	1	2
g_group	leak_gourraud	HG01070	AMR	DRB1	HLA-DRB1*03:01:01;HLA-DRB1*03:01:01	1	1	2
g_group	leak_gourraud	HG01070	AMR	DQB1	HLA-DQB1*02:01:01;HLA-DQB1*02:01:01	1	1	2
g_group	leak_gourraud	HG01072	AMR	A	HLA-A*31:01:02;HLA-A*01:01:01	1	1	2
g_group	leak_gourraud	HG01072	AMR	B	HLA-B*14:02:01;HLA-B*50:01:01	1	1	2
g_group	leak_gourraud	HG01072	AMR	C	HLA-C*08:02:01;HLA-C*06:02:01	1	1	2
g_group	leak_gourraud	HG01072	AMR	DRB1	HLA-DRB1*08:02:01;HLA-DRB1*15:01:01	1	1	2
g_group	leak_gourraud	HG01072	AMR	DQB1	HLA-DQB1*04:02:01;HLA-DQB1*06:02:01	1	1	2
g_group	leak_gourraud	HG01073	AMR	A	HLA-A*29:02:01;HLA-A*23:01:01	1	1	2
g_group	leak_gourraud	HG01073	AMR	B	HLA-B*44:03:01;HLA-B*44:03:01	1	1	2
g_group	leak_gourraud	HG01073	AMR	C	HLA-C*16:01:01;HLA-C*16:01:01	1	1	2
g_group	leak_gourraud	HG01073	AMR	DRB1	HLA-DRB1*07:01:01;HLA-DRB1*07:01:01	1	1	2
g_group	leak_gourraud	HG01073	AMR	DQB1	HLA-DQB1*02:02:01;HLA-DQB1*02:02:01	1	1	2
g_group	test_B_gourraud	HG01075	AMR	A	HLA-A*33:01:01;HLA-A*03:01:01	1	1	2
g_group	test_B_gourraud	HG01075	AMR	B	HLA-B*14:02:01;HLA-B*14:02:01	1	1	2
g_group	test_B_gourraud	HG01075	AMR	C	HLA-C*08:02:01;HLA-C*15:05:02	1	1	2
g_group	test_B_gourraud	HG01075	AMR	DRB1	HLA-DRB1*01:02:01;HLA-DRB1*07:01:01	1	1	2
g_group	test_B_gourraud	HG01075	AMR	DQB1	HLA-DQB1*05:01:01;HLA-DQB1*02:02:01	1	1	2
g_group	leak_gourraud	HG01079	AMR	A	HLA-A*80:01:01;HLA-A*24:02:01	1	1	2
g_group	leak_gourraud	HG01079	AMR	B	HLA-B*39:01:01;HLA-B*40:02:01	1	1	2
g_group	leak_gourraud	HG01079	AMR	C	HLA-C*12:03:01;HLA-C*04:01:01	1	1	2
g_group	leak_gourraud	HG01079	AMR	DRB1	HLA-DRB1*11:01:01;HLA-DRB1*11:01:01	1	1	2
g_group	leak_gourraud	HG01079	AMR	DQB1	HLA-DQB1*03:01:01;HLA-DQB1*03:01:01	1	1	2
g_group	leak_gourraud	HG01080	AMR	A	HLA-A*23:17:01;HLA-A*24:02:01	1	1	2
g_group	leak_gourraud	HG01080	AMR	B	HLA-B*15:18:01;HLA-B*15:03:01	1	1	2
g_group	leak_gourraud	HG01080	AMR	C	HLA-C*02:10:01;HLA-C*07:04:01	1	1	2
g_group	leak_gourraud	HG01080	AMR	DRB1	HLA-DRB1*11:01:02;HLA-DRB1*04:02:01	1	1	2
g_group	leak_gourraud	HG01080	AMR	DQB1	HLA-DQB1*03:02:01;HLA-DQB1*06:02:01	1	1	2
g_group	test_B_gourraud	HG01082	AMR	A	HLA-A*29:02:01;HLA-A*31:01:02	1	1	2
g_group	test_B_gourraud	HG01082	AMR	B	HLA-B*44:03:01;HLA-B*39:05:01	1	1	2
g_group	test_B_gourraud	HG01082	AMR	C	HLA-C*07:02:01;HLA-C*16:01:01	1	1	2
g_group	test_B_gourraud	HG01082	AMR	DRB1	HLA-DRB1*07:01:01;HLA-DRB1*04:11:01	1	1	2
g_group	test_B_gourraud	HG01082	AMR	DQB1	HLA-DQB1*03:02:01;HLA-DQB1*02:02:01	1	1	2
g_group	test_B_gourraud	HG01083	AMR	A	HLA-A*68:01:01;HLA-A*02:01:01	1	1	2
g_group	test_B_gourraud	HG01083	AMR	B	HLA-B*51:01:01,HLA-B*51:01:64;HLA-B*44:02:01	1	1	2
g_group	test_B_gourraud	HG01083	AMR	C	HLA-C*05:01:01;HLA-C*15:02:01	1	1	2
g_group	test_B_gourraud	HG01083	AMR	DRB1	HLA-DRB1*04:11:01;HLA-DRB1*13:01:01	1	1	2
g_group	test_B_gourraud	HG01083	AMR	DQB1	HLA-DQB1*04:02:01;HLA-DQB1*06:03:01	1	1	2
g_group	test_B_gourraud	HG01085	AMR	A	HLA-A*24:03:02;HLA-A*30:02:01	1	1	2
g_group	test_B_gourraud	HG01085	AMR	B	HLA-B*18:01:01;HLA-B*35:11:01	1	1	2
g_group	test_B_gourraud	HG01085	AMR	C	HLA-C*05:01:01;HLA-C*03:04:01	1	1	2
g_group	test_B_gourraud	HG01085	AMR	DRB1	HLA-DRB1*16:02:01;HLA-DRB1*03:01:01	1	1	2
g_group	test_B_gourraud	HG01085	AMR	DQB1	HLA-DQB1*02:01:01;HLA-DQB1*03:01:01	1	1	2
g_group	test_B_gourraud	HG01086	AMR	A	HLA-A*02:20:01;HLA-A*30:01:01	1	1	2
g_group	test_B_gourraud	HG01086	AMR	B	HLA-B*42:01:01;HLA-B*07:02:01	1	1	2
g_group	test_B_gourraud	HG01086	AMR	C	HLA-C*17:01:01;HLA-C*07:02:01	1	1	2
g_group	test_B_gourraud	HG01086	AMR	DRB1	HLA-DRB1*15:03:01;HLA-DRB1*03:02:01	1	1	2
g_group	test_B_gourraud	HG01086	AMR	DQB1	HLA-DQB1*04:02:01;HLA-DQB1*06:02:01	1	1	2
g_group	test_B_gourraud	HG01094	AMR	A	HLA-A*68:01:02;HLA-A*24:02:01	1	1	2
g_group	test_B_gourraud	HG01094	AMR	B	HLA-B*52:01:02;HLA-B*44:02:01	1	1	2
g_group	test_B_gourraud	HG01094	AMR	C	HLA-C*03:04:01;HLA-C*04:01:01	1	1	2
g_group	test_B_gourraud	HG01094	AMR	DRB1	HLA-DRB1*08:02:01;HLA-DRB1*11:01:01	1	1	2
g_group	test_B_gourraud	HG01094	AMR	DQB1	HLA-DQB1*04:02:01;HLA-DQB1*03:01:01	1	1	2
g_group	test_B_gourraud	HG01095	AMR	A	HLA-A*33:01:01;HLA-A*24:02:01	1	1	2
g_group	test_B_gourraud	HG01095	AMR	B	HLA-B*35:11:01;HLA-B*14:02:01	1	1	2
g_group	test_B_gourraud	HG01095	AMR	C	HLA-C*03:04:01;HLA-C*08:02:01	1	1	2
g_group	test_B_gourraud	HG01095	AMR	DRB1	HLA-DRB1*14:02:01;HLA-DRB1*03:01:01	1	1	2
g_group	test_B_gourraud	HG01095	AMR	DQB1	HLA-DQB1*02:01:01;HLA-DQB1*03:01:01	1	1	2
g_group	leak_gourraud	HG01097	AMR	A	HLA-A*11:01:01;HLA-A*02:01:01	1	1	2
g_group	leak_gourraud	HG01097	AMR	B	HLA-B*40:02:01;HLA-B*51:01:01	1	1	2
g_group	leak_gourraud	HG01097	AMR	C	HLA-C*02:02:02;HLA-C*03:05:01	1	1	2
g_group	leak_gourraud	HG01097	AMR	DRB1	HLA-DRB1*07:01:01;HLA-DRB1*01:02:01	1	1	2
g_group	leak_gourraud	HG01097	AMR	DQB1	HLA-DQB1*02:02:01;HLA-DQB1*05:01:01	1	1	2
g_group	leak_gourraud	HG01098	AMR	A	HLA-A*32:01:01;HLA-A*29:02:01	1	1	2
g_group	leak_gourraud	HG01098	AMR	B	HLA-B*40:02:01;HLA-B*44:03:01	1	1	2
g_group	leak_gourraud	HG01098	AMR	C	HLA-C*02:02:02;HLA-C*16:01:01	1	1	2
g_group	leak_gourraud	HG01098	AMR	DRB1	HLA-DRB1*08:01:01;HLA-DRB1*07:01:01	1	1	2
g_group	leak_gourraud	HG01098	AMR	DQB1	HLA-DQB1*04:02:01;HLA-DQB1*02:02:01	1	1	2
g_group	test_B_gourraud	HG01101	AMR	A	HLA-A*24:02:01;HLA-A*02:01:01	1	1	2
g_group	test_B_gourraud	HG01101	AMR	B	HLA-B*08:01:01;HLA-B*35:01:01,HLA-B*35:370,HLA-B*35:615	1	1	2
g_group	test_B_gourraud	HG01101	AMR	C	HLA-C*16:01:01;HLA-C*07:01:01	1	1	2
g_group	test_B_gourraud	HG01101	AMR	DRB1	HLA-DRB1*01:02:01;HLA-DRB1*03:01:01	1	1	2
g_group	test_B_gourraud	HG01101	AMR	DQB1	HLA-DQB1*05:01:01;HLA-DQB1*02:01:01	1	1	2
g_group	test_B_gourraud	HG01102	AMR	A	HLA-A*31:01:02;HLA-A*02:02:01	1	1	2
g_group	test_B_gourraud	HG01102	AMR	B	HLA-B*40:01:02;HLA-B*15:16:01	1	1	2
g_group	test_B_gourraud	HG01102	AMR	C	HLA-C*03:04:01;HLA-C*14:02:01	1	1	2
g_group	test_B_gourraud	HG01102	AMR	DRB1	HLA-DRB1*04:04:01;HLA-DRB1*13:03:01	1	1	2
g_group	test_B_gourraud	HG01102	AMR	DQB1	HLA-DQB1*03:02:01;HLA-DQB1*03:01:01	1	1	2
g_group	leak_gourraud	HG01104	AMR	A	HLA-A*68:02:01;HLA-A*29:02:01	1	1	2
g_group	leak_gourraud	HG01104	AMR	B	HLA-B*14:02:01;HLA-B*40:02:01	1	1	2
g_group	leak_gourraud	HG01104	AMR	C	HLA-C*08:02:01;HLA-C*02:02:02	1	1	2
g_group	leak_gourraud	HG01104	AMR	DRB1	HLA-DRB1*03:01:01;HLA-DRB1*13:01:01	1	1	2
g_group	leak_gourraud	HG01104	AMR	DQB1	HLA-DQB1*02:01:01;HLA-DQB1*06:03:01	1	1	2
g_group	leak_gourraud	HG01105	AMR	A	HLA-A*01:01:01;HLA-A*31:01:02	1	1	2
g_group	leak_gourraud	HG01105	AMR	B	HLA-B*35:01:01;HLA-B*49:01:01	1	1	2
g_group	leak_gourraud	HG01105	AMR	C	HLA-C*07:02:01;HLA-C*16:04:01	1	1	2
g_group	leak_gourraud	HG01105	AMR	DRB1	HLA-DRB1*11:02:01;HLA-DRB1*11:03:01	1	1	2
g_group	leak_gourraud	HG01105	AMR	DQB1	HLA-DQB1*03:19:01;HLA-DQB1*03:01:01	1	1	2
g_group	leak_gourraud	HG01107	AMR	A	HLA-A*03:01:01;HLA-A*68:01:02	1	1	2
g_group	leak_gourraud	HG01107	AMR	B	HLA-B*52:01:02;HLA-B*35:03:01	1	1	2
g_group	leak_gourraud	HG01107	AMR	C	HLA-C*03:04:01;HLA-C*04:01:01	1	1	2
g_group	leak_gourraud	HG01107	AMR	DRB1	HLA-DRB1*08:02:01;HLA-DRB1*13:02:01	1	1	2
g_group	leak_gourraud	HG01107	AMR	DQB1	HLA-DQB1*04:02:01;HLA-DQB1*06:04:01	1	1	2
g_group	leak_gourraud	HG01108	AMR	A	HLA-A*30:02:01;HLA-A*02:01:01	1	1	2
g_group	leak_gourraud	HG01108	AMR	B	HLA-B*35:01:01;HLA-B*44:02:01	1	1	2
g_group	leak_gourraud	HG01108	AMR	C	HLA-C*05:01:01;HLA-C*04:01:01	1	1	2
g_group	leak_gourraud	HG01108	AMR	DRB1	HLA-DRB1*04:01:01;HLA-DRB1*01:02:01	1	1	2
g_group	leak_gourraud	HG01108	AMR	DQB1	HLA-DQB1*05:01:01;HLA-DQB1*03:01:01	1	1	2
g_group	test_B_gourraud	HG01110	AMR	A	HLA-A*68:01:01;HLA-A*29:01:01	1	1	2
g_group	test_B_gourraud	HG01110	AMR	B	HLA-B*45:01:01;HLA-B*35:02:01	1	1	2
g_group	test_B_gourraud	HG01110	AMR	C	HLA-C*04:01:01;HLA-C*06:02:01	1	1	2
g_group	test_B_gourraud	HG01110	AMR	DRB1	HLA-DRB1*04:04:01;HLA-DRB1*13:01:01	1	1	2
g_group	test_B_gourraud	HG01110	AMR	DQB1	HLA-DQB1*03:02:01;HLA-DQB1*06:03:01	1	1	2
g_group	test_B_gourraud	HG01111	AMR	A	HLA-A*11:01:01;HLA-A*68:02:01	1	1	2
g_group	test_B_gourraud	HG01111	AMR	B	HLA-B*14:02:01;HLA-B*35:01:01,HLA-B*35:370,HLA-B*35:615	1	1	2
g_group	test_B_gourraud	HG01111	AMR	C	HLA-C*08:02:01;HLA-C*04:01:01	1	1	2
g_group	test_B_gourraud	HG01111	AMR	DRB1	HLA-DRB1*01:03:01;HLA-DRB1*01:02:01	1	1	2
g_group	test_B_gourraud	HG01111	AMR	DQB1	HLA-DQB1*05:01:01;HLA-DQB1*05:01:01	1	1	2
g_group	test_B_gourraud	HG01112	AMR	A	HLA-A*26:01:01;HLA-A*02:01:01	1	1	2
g_group	test_B_gourraud	HG01112	AMR	B	HLA-B*44:02:01;HLA-B*38:01:01	1	1	2
g_group	test_B_gourraud	HG01112	AMR	C	HLA-C*05:01:01;HLA-C*12:03:01	1	1	2
g_group	test_B_gourraud	HG01112	AMR	DRB1	HLA-DRB1*01:01:01;HLA-DRB1*14:01:01	1	1	2
g_group	test_B_gourraud	HG01112	AMR	DQB1	HLA-DQB1*05:03:01;HLA-DQB1*05:01:01	1	1	2
g_group	test_B_gourraud	HG01113	AMR	A	HLA-A*24:02:01;HLA-A*02:01:01	1	1	2
g_group	test_B_gourraud	HG01113	AMR	B	HLA-B*39:11;HLA-B*35:43:01	1	1	2
g_group	test_B_gourraud	HG01113	AMR	C	HLA-C*07:02:01;HLA-C*01:02:01	1	1	2
g_group	test_B_gourraud	HG01113	AMR	DRB1	HLA-DRB1*08:02:01;HLA-DRB1*04:04:01	1	1	2
g_group	test_B_gourraud	HG01113	AMR	DQB1	HLA-DQB1*03:02:01;HLA-DQB1*04:59N	1	1	2
g_group	test_B_gourraud	HG01124	AMR	A	HLA-A*24:02:01;HLA-A*02:11:01	1	1	2
g_group	test_B_gourraud	HG01124	AMR	B	HLA-B*40:04:01;HLA-B*40:02:01	1	0	1
g_group	test_B_gourraud	HG01124	AMR	C	HLA-C*03:04:01;HLA-C*03:05:01	1	1	2
g_group	test_B_gourraud	HG01124	AMR	DRB1	HLA-DRB1*14:02:01;HLA-DRB1*04:07:01	1	1	2
g_group	test_B_gourraud	HG01124	AMR	DQB1	HLA-DQB1*03:02:01;HLA-DQB1*03:01:01	1	1	2
g_group	test_B_gourraud	HG01125	AMR	A	HLA-A*24:02:01;HLA-A*25:01:01	1	1	2
g_group	test_B_gourraud	HG01125	AMR	B	HLA-B*15:01:01;HLA-B*35:12:01	1	1	2
g_group	test_B_gourraud	HG01125	AMR	C	HLA-C*04:01:01;HLA-C*03:03:01	1	1	2
g_group	test_B_gourraud	HG01125	AMR	DRB1	HLA-DRB1*16:02:01;HLA-DRB1*13:01:01	1	1	2
g_group	test_B_gourraud	HG01125	AMR	DQB1	HLA-DQB1*06:03:01;HLA-DQB1*03:01:01	1	1	2
g_group	test_B_gourraud	HG01133	AMR	A	HLA-A*01:01:01;HLA-A*03:01:01	1	1	2
g_group	test_B_gourraud	HG01133	AMR	B	HLA-B*08:01:01;HLA-B*35:01:01	1	1	2
g_group	test_B_gourraud	HG01133	AMR	C	HLA-C*07:01:01;HLA-C*04:01:01	1	1	2
g_group	test_B_gourraud	HG01133	AMR	DRB1	HLA-DRB1*01:01:01;HLA-DRB1*03:01:01	1	1	2
g_group	test_B_gourraud	HG01133	AMR	DQB1	HLA-DQB1*05:01:01;HLA-DQB1*02:01:01	1	1	2
g_group	test_B_gourraud	HG01134	AMR	A	HLA-A*01:01:01;HLA-A*02:22:01	1	1	2
g_group	test_B_gourraud	HG01134	AMR	B	HLA-B*39:08;HLA-B*57:01:01	1	1	2
g_group	test_B_gourraud	HG01134	AMR	C	HLA-C*07:02:01;HLA-C*06:02:01	1	1	2
g_group	test_B_gourraud	HG01134	AMR	DRB1	HLA-DRB1*16:02:01;HLA-DRB1*07:01:01	1	1	2
g_group	test_B_gourraud	HG01134	AMR	DQB1	HLA-DQB1*03:03:02;HLA-DQB1*03:01:01	1	1	2
g_group	test_B_gourraud	HG01136	AMR	A	HLA-A*11:01:01;HLA-A*32:01:01	1	1	2
g_group	test_B_gourraud	HG01136	AMR	B	HLA-B*35:01:01;HLA-B*53:01:01	1	1	2
g_group	test_B_gourraud	HG01136	AMR	C	HLA-C*04:01:01;HLA-C*04:01:01	1	1	2
g_group	test_B_gourraud	HG01136	AMR	DRB1	HLA-DRB1*13:02:01;HLA-DRB1*11:02:01	1	1	2
g_group	test_B_gourraud	HG01136	AMR	DQB1	HLA-DQB1*06:04:01;HLA-DQB1*03:191	1	1	2
g_group	test_B_gourraud	HG01137	AMR	A	HLA-A*02:01:01;HLA-A*03:01:01	1	1	2
g_group	test_B_gourraud	HG01137	AMR	B	HLA-B*15:01:01;HLA-B*07:02:01	1	1	2
g_group	test_B_gourraud	HG01137	AMR	C	HLA-C*03:03:01;HLA-C*07:02:01	1	1	2
g_group	test_B_gourraud	HG01137	AMR	DRB1	HLA-DRB1*04:05:01;HLA-DRB1*15:01:01	1	1	2
g_group	test_B_gourraud	HG01137	AMR	DQB1	HLA-DQB1*03:02:01;HLA-DQB1*06:02:01	1	1	2
g_group	test_B_gourraud	HG01139	AMR	A	HLA-A*23:01:01;HLA-A*68:02:01	1	1	2
g_group	test_B_gourraud	HG01139	AMR	B	HLA-B*41:02:01;HLA-B*50:01:01	1	1	2
g_group	test_B_gourraud	HG01139	AMR	C	HLA-C*05:01:01;HLA-C*17:03:01	1	1	2
g_group	test_B_gourraud	HG01139	AMR	DRB1	HLA-DRB1*09:01:02;HLA-DRB1*13:03:01	1	1	2
g_group	test_B_gourraud	HG01139	AMR	DQB1	HLA-DQB1*02:02:01;HLA-DQB1*03:01:01	1	1	2
g_group	test_B_gourraud	HG01140	AMR	A	HLA-A*02:01:01;HLA-A*23:01:01	1	1	2
g_group	test_B_gourraud	HG01140	AMR	B	HLA-B*39:11;HLA-B*44:03:01	1	1	2
g_group	test_B_gourraud	HG01140	AMR	C	HLA-C*07:02:01;HLA-C*04:01:01	1	1	2
g_group	test_B_gourraud	HG01140	AMR	DRB1	HLA-DRB1*08:02:01;HLA-DRB1*07:01:01	1	1	2
g_group	test_B_gourraud	HG01140	AMR	DQB1	HLA-DQB1*04:59N;HLA-DQB1*02:02:01	1	1	2
g_group	leak_gourraud	HG01148	AMR	A	HLA-A*29:02:01;HLA-A*32:01:01	1	1	2
g_group	leak_gourraud	HG01148	AMR	B	HLA-B*07:02:01;HLA-B*35:08:01	1	1	2
g_group	leak_gourraud	HG01148	AMR	C	HLA-C*07:02:01;HLA-C*04:01:01	1	1	2
g_group	leak_gourraud	HG01148	AMR	DRB1	HLA-DRB1*15:01:01;HLA-DRB1*04:04:01	1	1	2
g_group	leak_gourraud	HG01148	AMR	DQB1	HLA-DQB1*05:02:01;HLA-DQB1*03:02:01	1	1	2
g_group	leak_gourraud	HG01149	AMR	A	HLA-A*02:01:01;HLA-A*31:01:02	1	1	2
g_group	leak_gourraud	HG01149	AMR	B	HLA-B*44:02:01;HLA-B*35:43:01	1	1	2
g_group	leak_gourraud	HG01149	AMR	C	HLA-C*01:02:01;HLA-C*05:01:01	1	1	2
g_group	leak_gourraud	HG01149	AMR	DRB1	HLA-DRB1*01:01:01;HLA-DRB1*14:02:01	1	1	2
g_group	leak_gourraud	HG01149	AMR	DQB1	HLA-DQB1*05:01:01;HLA-DQB1*03:01:01	1	1	2
g_group	leak_gourraud	HG01168	AMR	A	HLA-A*02:11:01;HLA-A*03:01:01	1	1	2
g_group	leak_gourraud	HG01168	AMR	B	HLA-B*18:05:01;HLA-B*52:01:02	1	1	2
g_group	leak_gourraud	HG01168	AMR	C	HLA-C*15:02:01;HLA-C*12:03:01	1	1	2
g_group	leak_gourraud	HG01168	AMR	DRB1	HLA-DRB1*04:11:01;HLA-DRB1*07:01:01	1	1	2
g_group	leak_gourraud	HG01168	AMR	DQB1	HLA-DQB1*03:03:02;HLA-DQB1*03:02:01	1	1	2
g_group	test_B_gourraud	HG01170	AMR	A	HLA-A*11:01:01;HLA-A*02:01:01	1	1	2
g_group	test_B_gourraud	HG01170	AMR	B	HLA-B*35:01:01;HLA-B*15:01:01	1	1	2
g_group	test_B_gourraud	HG01170	AMR	C	HLA-C*03:03:01;HLA-C*04:01:01	1	1	2
g_group	test_B_gourraud	HG01170	AMR	DRB1	HLA-DRB1*13:01:01;HLA-DRB1*14:04:01	1	1	2
g_group	test_B_gourraud	HG01170	AMR	DQB1	HLA-DQB1*05:03:01;HLA-DQB1*06:03:01	1	1	2
g_group	test_B_gourraud	HG01171	AMR	A	HLA-A*02:20:01;HLA-A*02:01:01	1	1	2
g_group	test_B_gourraud	HG01171	AMR	B	HLA-B*07:02:01;HLA-B*56:01:01	1	1	2
g_group	test_B_gourraud	HG01171	AMR	C	HLA-C*07:02:01;HLA-C*01:02:01	1	1	2
g_group	test_B_gourraud	HG01171	AMR	DRB1	HLA-DRB1*03:01:01;HLA-DRB1*13:01:01	1	1	2
g_group	test_B_gourraud	HG01171	AMR	DQB1	HLA-DQB1*02:01:01;HLA-DQB1*06:03:01	1	1	2
g_group	leak_gourraud	HG01173	AMR	A	HLA-A*32:01:01;HLA-A*03:01:01	1	1	2
g_group	leak_gourraud	HG01173	AMR	B	HLA-B*07:02:01;HLA-B*07:02:01	1	1	2
g_group	leak_gourraud	HG01173	AMR	C	HLA-C*07:02:01;HLA-C*07:02:01	1	1	2
g_group	leak_gourraud	HG01173	AMR	DRB1	HLA-DRB1*15:01:01;HLA-DRB1*11:01:01	1	1	2
g_group	leak_gourraud	HG01173	AMR	DQB1	HLA-DQB1*06:02:01;HLA-DQB1*03:01:01	1	1	2
g_group	leak_gourraud	HG01174	AMR	A	HLA-A*02:01:01;HLA-A*03:01:01	1	1	2
g_group	leak_gourraud	HG01174	AMR	B	HLA-B*35:12:01;HLA-B*53:01:01	1	1	2
g_group	leak_gourraud	HG01174	AMR	C	HLA-C*04:01:01;HLA-C*04:01:01	1	1	2
g_group	leak_gourraud	HG01174	AMR	DRB1	HLA-DRB1*01:01:01;HLA-DRB1*04:07:01	1	1	2
g_group	leak_gourraud	HG01174	AMR	DQB1	HLA-DQB1*05:01:01;HLA-DQB1*03:02:01	1	1	2
g_group	test_B_gourraud	HG01176	AMR	A	HLA-A*29:01:01;HLA-A*23:01:01	1	1	2
g_group	test_B_gourraud	HG01176	AMR	B	HLA-B*44:03:01;HLA-B*07:05:01	1	1	2
g_group	test_B_gourraud	HG01176	AMR	C	HLA-C*15:05:02;HLA-C*04:01:01	1	1	2
g_group	test_B_gourraud	HG01176	AMR	DRB1	HLA-DRB1*10:01:01;HLA-DRB1*04:05:01	1	1	2
g_group	test_B_gourraud	HG01176	AMR	DQB1	HLA-DQB1*03:02:01;HLA-DQB1*05:01:01	1	1	2
g_group	test_B_gourraud	HG01177	AMR	A	HLA-A*02:01:01;HLA-A*68:02:01	1	1	2
g_group	test_B_gourraud	HG01177	AMR	B	HLA-B*51:01:01;HLA-B*53:01:01	1	1	2
g_group	test_B_gourraud	HG01177	AMR	C	HLA-C*16:02:01;HLA-C*04:01:01	1	1	2
g_group	test_B_gourraud	HG01177	AMR	DRB1	HLA-DRB1*11:02:01;HLA-DRB1*07:01:01	1	1	2
g_group	test_B_gourraud	HG01177	AMR	DQB1	HLA-DQB1*02:02:01;HLA-DQB1*03:19:01	1	1	2
g_group	test_B_gourraud	HG01182	AMR	A	HLA-A*02:01:01;HLA-A*31:01:02	1	1	2
g_group	test_B_gourraud	HG01182	AMR	B	HLA-B*44:03:01;HLA-B*35:08:01	1	1	2
g_group	test_B_gourraud	HG01182	AMR	C	HLA-C*16:01:01;HLA-C*04:01:01	1	1	2
g_group	test_B_gourraud	HG01182	AMR	DRB1	HLA-DRB1*07:01:01;HLA-DRB1*04:03:01	1	1	2
g_group	test_B_gourraud	HG01182	AMR	DQB1	HLA-DQB1*02:02:01;HLA-DQB1*03:02:01	1	1	2
g_group	test_B_gourraud	HG01183	AMR	A	HLA-A*33:01:01;HLA-A*24:02:01	1	1	2
g_group	test_B_gourraud	HG01183	AMR	B	HLA-B*35:03:01;HLA-B*78:01:01	1	1	2
g_group	test_B_gourraud	HG01183	AMR	C	HLA-C*12:03:01;HLA-C*16:01:01	1	1	2
g_group	test_B_gourraud	HG01183	AMR	DRB1	HLA-DRB1*07:01:01;HLA-DRB1*13:01:01	1	1	2
g_group	test_B_gourraud	HG01183	AMR	DQB1	HLA-DQB1*02:02:01;HLA-DQB1*06:04:01	1	1	2
g_group	test_B_gourraud	HG01187	AMR	A	HLA-A*11:01:01;HLA-A*02:01:01	1	1	2
g_group	test_B_gourraud	HG01187	AMR	B	HLA-B*57:01:01;HLA-B*44:02:01	1	1	2
g_group	test_B_gourraud	HG01187	AMR	C	HLA-C*06:02:01;HLA-C*05:01:01	1	1	2
g_group	test_B_gourraud	HG01187	AMR	DRB1	HLA-DRB1*07:01:01;HLA-DRB1*11:01:01	1	1	2
g_group	test_B_gourraud	HG01187	AMR	DQB1	HLA-DQB1*03:03:02;HLA-DQB1*03:01:01	1	1	2
g_group	test_B_gourraud	HG01188	AMR	A	HLA-A*24:02:01;HLA-A*29:02:01	1	1	2
g_group	test_B_gourraud	HG01188	AMR	B	HLA-B*35:02:01;HLA-B*44:03:01	1	1	2
g_group	test_B_gourraud	HG01188	AMR	C	HLA-C*16:01:01;HLA-C*04:01:01	1	1	2
g_group	test_B_gourraud	HG01188	AMR	DRB1	HLA-DRB1*07:01:01;HLA-DRB1*11:04:01	1	1	2
g_group	test_B_gourraud	HG01188	AMR	DQB1	HLA-DQB1*02:02:01;HLA-DQB1*03:01:01	1	1	2
g_group	leak_gourraud	HG01190	AMR	A	HLA-A*24:02:01;HLA-A*02:01:01	1	1	2
g_group	leak_gourraud	HG01190	AMR	B	HLA-B*15:20;HLA-B*18:01:01	1	1	2
g_group	leak_gourraud	HG01190	AMR	C	HLA-C*07:01:01;HLA-C*01:02:01,HLA-C*01:150,HLA-C*01:217:01,HLA-C*01:237,HLA-C*01:247	1	1	2
g_group	leak_gourraud	HG01190	AMR	DRB1	HLA-DRB1*08:01:01;HLA-DRB1*04:04:01	1	1	2
g_group	leak_gourraud	HG01190	AMR	DQB1	HLA-DQB1*04:02:01;HLA-DQB1*03:02:01	1	1	2
g_group	leak_gourraud	HG01191	AMR	A	HLA-A*03:01:01;HLA-A*02:01:01	1	1	2
g_group	leak_gourraud	HG01191	AMR	B	HLA-B*07:02:01;HLA-B*39:05:01	1	1	2
g_group	leak_gourraud	HG01191	AMR	C	HLA-C*03:05:01;HLA-C*07:02:01	1	1	2
g_group	leak_gourraud	HG01191	AMR	DRB1	HLA-DRB1*15:01:01;HLA-DRB1*03:01:01	1	1	2
g_group	leak_gourraud	HG01191	AMR	DQB1	HLA-DQB1*06:02:01;HLA-DQB1*02:01:01	1	1	2
g_group	test_B_gourraud	HG01197	AMR	A	HLA-A*30:10;HLA-A*02:01:01	1	1	2
g_group	test_B_gourraud	HG01197	AMR	B	HLA-B*56:01:01;HLA-B*07:02:01	1	1	2
g_group	test_B_gourraud	HG01197	AMR	C	HLA-C*06:02:01;HLA-C*07:02:01	1	1	2
g_group	test_B_gourraud	HG01197	AMR	DRB1	HLA-DRB1*03:02:01;HLA-DRB1*12:01:01	1	1	2
g_group	test_B_gourraud	HG01197	AMR	DQB1	HLA-DQB1*04:02:01;HLA-DQB1*03:01:01	1	1	2
g_group	test_B_gourraud	HG01198	AMR	A	HLA-A*11:01:01;HLA-A*24:02:01	1	1	2
g_group	test_B_gourraud	HG01198	AMR	B	HLA-B*44:03:01;HLA-B*40:01:02,HLA-B*40:01:58,HLA-B*40:01:71,HLA-B*40:01:80,HLA-B*40:379:01	1	1	2
g_group	test_B_gourraud	HG01198	AMR	C	HLA-C*03:04:01;HLA-C*04:01:01	1	1	2
g_group	test_B_gourraud	HG01198	AMR	DRB1	HLA-DRB1*04:05:01;HLA-DRB1*04:04:01	1	1	2
g_group	test_B_gourraud	HG01198	AMR	DQB1	HLA-DQB1*03:02:01;HLA-DQB1*03:02:01	1	1	2
g_group	test_B_gourraud	HG01204	AMR	A	HLA-A*29:02:01;HLA-A*02:01:01	1	1	2
g_group	test_B_gourraud	HG01204	AMR	B	HLA-B*15:01:01;HLA-B*44:03:01	1	1	2
g_group	test_B_gourraud	HG01204	AMR	C	HLA-C*03:03:01;HLA-C*16:01:01	1	1	2
g_group	test_B_gourraud	HG01204	AMR	DRB1	HLA-DRB1*07:01:01;HLA-DRB1*07:01:01	1	1	2
g_group	test_B_gourraud	HG01204	AMR	DQB1	HLA-DQB1*02:02:01;HLA-DQB1*02:02:01	1	1	2
g_group	test_B_gourraud	HG01205	AMR	A	HLA-A*11:01:01;HLA-A*03:01:01	1	1	2
g_group	test_B_gourraud	HG01205	AMR	B	HLA-B*07:02:01;HLA-B*35:01:01	1	1	2
g_group	test_B_gourraud	HG01205	AMR	C	HLA-C*07:02:01;HLA-C*04:01:01	1	1	2
g_group	test_B_gourraud	HG01205	AMR	DRB1	HLA-DRB1*13:01:01;HLA-DRB1*01:01:01	1	1	2
g_group	test_B_gourraud	HG01205	AMR	DQB1	HLA-DQB1*05:01:01;HLA-DQB1*06:03:01	1	1	2
g_group	leak_gourraud	HG01241	AMR	A	HLA-A*03:01:01;HLA-A*74:01:01	1	1	2
g_group	leak_gourraud	HG01241	AMR	B	HLA-B*15:03:01;HLA-B*07:02:01	1	1	2
g_group	leak_gourraud	HG01241	AMR	C	HLA-C*07:02:01;HLA-C*02:10:01	1	1	2
g_group	leak_gourraud	HG01241	AMR	DRB1	HLA-DRB1*13:02:01;HLA-DRB1*15:01:01	1	1	2
g_group	leak_gourraud	HG01241	AMR	DQB1	HLA-DQB1*06:02:01;HLA-DQB1*06:09:01	1	1	2
g_group	leak_gourraud	HG01242	AMR	A	HLA-A*24:03:01;HLA-A*02:02:01	1	1	2
g_group	leak_gourraud	HG01242	AMR	B	HLA-B*44:03:01;HLA-B*35:01:01	1	1	2
g_group	leak_gourraud	HG01242	AMR	C	HLA-C*16:01:01;HLA-C*04:01:01	1	1	2
g_group	leak_gourraud	HG01242	AMR	DRB1	HLA-DRB1*13:01:01;HLA-DRB1*13:01:01	1	1	2
g_group	leak_gourraud	HG01242	AMR	DQB1	HLA-DQB1*06:03:01;HLA-DQB1*06:03:01	1	1	2
g_group	test_B_gourraud	HG01247	AMR	A	HLA-A*02:01:01;HLA-A*01:01:01	1	1	2
g_group	test_B_gourraud	HG01247	AMR	B	HLA-B*57:01:01;HLA-B*52:01:01	1	1	2
g_group	test_B_gourraud	HG01247	AMR	C	HLA-C*12:02:02;HLA-C*06:02:01	1	1	2
g_group	test_B_gourraud	HG01247	AMR	DRB1	HLA-DRB1*03:01:01;HLA-DRB1*07:01:01	1	1	2
g_group	test_B_gourraud	HG01247	AMR	DQB1	HLA-DQB1*02:01:01;HLA-DQB1*03:03:02	1	1	2
g_group	test_B_gourraud	HG01248	AMR	A	HLA-A*03:01:01;HLA-A*02:04:01	1	1	2
g_group	test_B_gourraud	HG01248	AMR	B	HLA-B*14:02:01;HLA-B*51:01:01	1	1	2
g_group	test_B_gourraud	HG01248	AMR	C	HLA-C*15:02:01;HLA-C*08:02:01	1	1	2
g_group	test_B_gourraud	HG01248	AMR	DRB1	HLA-DRB1*01:02:01;HLA-DRB1*04:11:01	1	1	2
g_group	test_B_gourraud	HG01248	AMR	DQB1	HLA-DQB1*04:02:01;HLA-DQB1*05:01:01	1	1	2
g_group	leak_gourraud	HG01250	AMR	A	HLA-A*68:01:02;HLA-A*24:02:01	1	1	2
g_group	leak_gourraud	HG01250	AMR	B	HLA-B*35:43:01;HLA-B*35:12:01	1	1	2
g_group	leak_gourraud	HG01250	AMR	C	HLA-C*01:02:01;HLA-C*04:01:01	1	1	2
g_group	leak_gourraud	HG01250	AMR	DRB1	HLA-DRB1*16:02:01;HLA-DRB1*04:04:01	1	1	2
g_group	leak_gourraud	HG01250	AMR	DQB1	HLA-DQB1*03:02:01;HLA-DQB1*03:01:01	1	1	2
g_group	leak_gourraud	HG01251	AMR	A	HLA-A*24:02:01;HLA-A*26:01:01	1	1	2
g_group	leak_gourraud	HG01251	AMR	B	HLA-B*49:01:01;HLA-B*35:43:01	1	1	2
g_group	leak_gourraud	HG01251	AMR	C	HLA-C*07:01:01;HLA-C*01:02:01	1	1	2
g_group	leak_gourraud	HG01251	AMR	DRB1	HLA-DRB1*04:07:01;HLA-DRB1*04:03:01	1	1	2
g_group	leak_gourraud	HG01251	AMR	DQB1	HLA-DQB1*03:02:01;HLA-DQB1*03:02:01	1	1	2
g_group	leak_gourraud	HG01253	AMR	A	HLA-A*30:02:01;HLA-A*68:02:01	1	1	2
g_group	leak_gourraud	HG01253	AMR	B	HLA-B*27:05:02;HLA-B*14:02:01	1	1	2
g_group	leak_gourraud	HG01253	AMR	C	HLA-C*08:02:01;HLA-C*01:02:01	1	1	2
g_group	leak_gourraud	HG01253	AMR	DRB1	HLA-DRB1*13:01:01;HLA-DRB1*01:02:01	1	1	2
g_group	leak_gourraud	HG01253	AMR	DQB1	HLA-DQB1*06:03:01;HLA-DQB1*05:01:01	1	1	2
g_group	leak_gourraud	HG01254	AMR	A	HLA-A*02:02:01;HLA-A*02:01:01	1	1	2
g_group	leak_gourraud	HG01254	AMR	B	HLA-B*44:02:01;HLA-B*07:02:01	1	1	2
g_group	leak_gourraud	HG01254	AMR	C	HLA-C*05:01:01;HLA-C*07:02:01	1	1	2
g_group	leak_gourraud	HG01254	AMR	DRB1	HLA-DRB1*15:03:01;HLA-DRB1*13:01:01	1	1	2
g_group	leak_gourraud	HG01254	AMR	DQB1	HLA-DQB1*06:02:01;HLA-DQB1*06:03:01	1	1	2
g_group	leak_gourraud	HG01256	AMR	A	HLA-A*02:01:01;HLA-A*02:147	1	1	2
g_group	leak_gourraud	HG01256	AMR	B	HLA-B*15:01:01;HLA-B*07:02:01	1	1	2
g_group	leak_gourraud	HG01256	AMR	C	HLA-C*07:02:01;HLA-C*03:03:01	1	1	2
g_group	leak_gourraud	HG01256	AMR	DRB1	HLA-DRB1*01:03:01;HLA-DRB1*13:01:01	1	1	2
g_group	leak_gourraud	HG01256	AMR	DQB1	HLA-DQB1*06:03:01;HLA-DQB1*05:01:01	1	1	2
g_group	leak_gourraud	HG01257	AMR	A	HLA-A*03:01:01;HLA-A*02:01:01	1	1	2
g_group	leak_gourraud	HG01257	AMR	B	HLA-B*18:01:01;HLA-B*07:02:01	1	1	2
g_group	leak_gourraud	HG01257	AMR	C	HLA-C*07:02:01;HLA-C*05:01:01	1	1	2
g_group	leak_gourraud	HG01257	AMR	DRB1	HLA-DRB1*03:01:01;HLA-DRB1*10:01:01	1	1	2
g_group	leak_gourraud	HG01257	AMR	DQB1	HLA-DQB1*05:01:01;HLA-DQB1*02:01:01	1	1	2
g_group	leak_gourraud	HG01259	AMR	A	HLA-A*02:01:01;HLA-A*03:01:01	1	1	2
g_group	leak_gourraud	HG01259	AMR	B	HLA-B*51:193:01;HLA-B*40:01:02	1	1	2
g_group	leak_gourraud	HG01259	AMR	C	HLA-C*15:02:01;HLA-C*03:04:01	1	1	2
g_group	leak_gourraud	HG01259	AMR	DRB1	HLA-DRB1*08:01:01;HLA-DRB1*09:01:02	1	1	2
g_group	leak_gourraud	HG01259	AMR	DQB1	HLA-DQB1*03:03:02;HLA-DQB1*04:02:01	1	1	2
g_group	leak_gourraud	HG01260	AMR	A	HLA-A*03:01:01;HLA-A*02:01:01	1	1	2
g_group	leak_gourraud	HG01260	AMR	B	HLA-B*07:02:01;HLA-B*14:02:01	1	1	2
g_group	leak_gourraud	HG01260	AMR	C	HLA-C*08:02:01;HLA-C*07:02:01	1	1	2
g_group	leak_gourraud	HG01260	AMR	DRB1	HLA-DRB1*01:03:01;HLA-DRB1*08:02:01	1	1	2
g_group	leak_gourraud	HG01260	AMR	DQB1	HLA-DQB1*05:01:01;HLA-DQB1*04:02:01	1	1	2
g_group	test_B_gourraud	HG01271	AMR	A	HLA-A*02:01:01;HLA-A*01:01:01	1	1	2
g_group	test_B_gourraud	HG01271	AMR	B	HLA-B*35:43:01;HLA-B*41:01:01	1	1	2
g_group	test_B_gourraud	HG01271	AMR	C	HLA-C*01:02:01;HLA-C*17:01:01	1	1	2
g_group	test_B_gourraud	HG01271	AMR	DRB1	HLA-DRB1*08:02:01;HLA-DRB1*13:02:01	1	1	2
g_group	test_B_gourraud	HG01271	AMR	DQB1	HLA-DQB1*04:02:01;HLA-DQB1*06:09:01	1	1	2
g_group	test_B_gourraud	HG01272	AMR	A	HLA-A*03:01:01;HLA-A*11:01:01	1	1	2
g_group	test_B_gourraud	HG01272	AMR	B	HLA-B*35:01:01;HLA-B*44:03:01	1	1	2
g_group	test_B_gourraud	HG01272	AMR	C	HLA-C*04:01:01;HLA-C*04:01:01	1	1	2
g_group	test_B_gourraud	HG01272	AMR	DRB1	HLA-DRB1*01:01:01;HLA-DRB1*07:01:01	1	1	2
g_group	test_B_gourraud	HG01272	AMR	DQB1	HLA-DQB1*05:01:01;HLA-DQB1*02:02:01	1	1	2
g_group	test_B_gourraud	HG01275	AMR	A	HLA-A*03:01:01;HLA-A*30:02:01	1	1	2
g_group	test_B_gourraud	HG01275	AMR	B	HLA-B*35:01:01;HLA-B*07:02:01	1	1	2
g_group	test_B_gourraud	HG01275	AMR	C	HLA-C*07:02:01;HLA-C*04:01:01	1	1	2
g_group	test_B_gourraud	HG01275	AMR	DRB1	HLA-DRB1*15:01:01;HLA-DRB1*07:01:01	1	1	2
g_group	test_B_gourraud	HG01275	AMR	DQB1	HLA-DQB1*02:02:01;HLA-DQB1*06:02:01	1	1	2
g_group	test_B_gourraud	HG01277	AMR	A	HLA-A*29:02:01;HLA-A*02:01:01	1	1	2
g_group	test_B_gourraud	HG01277	AMR	B	HLA-B*51:01:01;HLA-B*57:01:01	1	1	2
g_group	test_B_gourraud	HG01277	AMR	C	HLA-C*07:01:01;HLA-C*01:02:01	1	1	2
g_group	test_B_gourraud	HG01277	AMR	DRB1	HLA-DRB1*01:01:01;HLA-DRB1*01:01:01	1	1	2
g_group	test_B_gourraud	HG01277	AMR	DQB1	HLA-DQB1*05:01:01;HLA-DQB1*05:01:01	1	1	2
g_group	test_B_gourraud	HG01334	EUR	A	HLA-A*02:01:01;HLA-A*24:02:01	1	1	2
g_group	test_B_gourraud	HG01334	EUR	B	HLA-B*44:02:01;HLA-B*44:02:01	1	1	2
g_group	test_B_gourraud	HG01334	EUR	C	HLA-C*07:04:01;HLA-C*05:01:01	1	1	2
g_group	test_B_gourraud	HG01334	EUR	DRB1	HLA-DRB1*13:02:01;HLA-DRB1*04:01:01	1	1	2
g_group	test_B_gourraud	HG01334	EUR	DQB1	HLA-DQB1*06:04:01;HLA-DQB1*03:01:01	1	1	2
g_group	test_B_gourraud	HG01341	AMR	A	HLA-A*66:01:01;HLA-A*02:04:01	1	1	2
g_group	test_B_gourraud	HG01341	AMR	B	HLA-B*51:01:01;HLA-B*49:01:01	1	1	2
g_group	test_B_gourraud	HG01341	AMR	C	HLA-C*07:01:01;HLA-C*15:02:01	1	1	2
g_group	test_B_gourraud	HG01341	AMR	DRB1	HLA-DRB1*03:01:01;HLA-DRB1*04:11:01	1	1	2
g_group	test_B_gourraud	HG01341	AMR	DQB1	HLA-DQB1*04:02:01;HLA-DQB1*02:01:01	1	1	2
g_group	test_B_gourraud	HG01342	AMR	A	HLA-A*02:02:01;HLA-A*02:01:01	1	1	2
g_group	test_B_gourraud	HG01342	AMR	B	HLA-B*15:01:01;HLA-B*53:01:01	1	1	2
g_group	test_B_gourraud	HG01342	AMR	C	HLA-C*03:03:01;HLA-C*04:01:01	1	1	2
g_group	test_B_gourraud	HG01342	AMR	DRB1	HLA-DRB1*11:01:01;HLA-DRB1*10:01:01	1	1	2
g_group	test_B_gourraud	HG01342	AMR	DQB1	HLA-DQB1*05:01:01;HLA-DQB1*03:01:01	1	1	2
g_group	leak_gourraud	HG01344	AMR	A	HLA-A*23:01:01;HLA-A*24:02:01	1	1	2
g_group	leak_gourraud	HG01344	AMR	B	HLA-B*35:12:01;HLA-B*51:01:01,HLA-B*51:01:64	1	1	2
g_group	leak_gourraud	HG01344	AMR	C	HLA-C*14:02:01;HLA-C*04:01:01	1	1	2
g_group	leak_gourraud	HG01344	AMR	DRB1	HLA-DRB1*01:01:01;HLA-DRB1*14:02:01	1	1	2
g_group	leak_gourraud	HG01344	AMR	DQB1	HLA-DQB1*05:01:01;HLA-DQB1*03:01:01	1	1	2
g_group	leak_gourraud	HG01345	AMR	A	HLA-A*01:01:01;HLA-A*03:01:01	1	1	2
g_group	leak_gourraud	HG01345	AMR	B	HLA-B*38:01:01;HLA-B*35:08:01	1	1	2
g_group	leak_gourraud	HG01345	AMR	C	HLA-C*04:01:01;HLA-C*12:03:01	1	1	2
g_group	leak_gourraud	HG01345	AMR	DRB1	HLA-DRB1*15:01:01;HLA-DRB1*13:02:01	1	1	2
g_group	leak_gourraud	HG01345	AMR	DQB1	HLA-DQB1*05:03:01;HLA-DQB1*05:02:01	1	1	2
g_group	test_B_gourraud	HG01348	AMR	A	HLA-A*30:01:01;HLA-A*29:02:01	1	1	2
g_group	test_B_gourraud	HG01348	AMR	B	HLA-B*13:02:01;HLA-B*44:03:01	1	1	2
g_group	test_B_gourraud	HG01348	AMR	C	HLA-C*06:02:01;HLA-C*16:01:01	1	1	2
g_group	test_B_gourraud	HG01348	AMR	DRB1	HLA-DRB1*07:01:01;HLA-DRB1*01:01:01	1	1	2
g_group	test_B_gourraud	HG01348	AMR	DQB1	HLA-DQB1*05:01:01;HLA-DQB1*02:02:01	1	1	2
g_group	test_B_gourraud	HG01350	AMR	A	HLA-A*02:11:01;HLA-A*24:02:01	1	1	2
g_group	test_B_gourraud	HG01350	AMR	B	HLA-B*40:04:01;HLA-B*57:01:01	1	1	2
g_group	test_B_gourraud	HG01350	AMR	C	HLA-C*03:04:01;HLA-C*06:02:01	1	1	2
g_group	test_B_gourraud	HG01350	AMR	DRB1	HLA-DRB1*04:11:01;HLA-DRB1*04:11:01	1	1	2
g_group	test_B_gourraud	HG01350	AMR	DQB1	HLA-DQB1*03:02:01;HLA-DQB1*03:02:01	1	1	2
g_group	test_B_gourraud	HG01351	AMR	A	HLA-A*03:01:01;HLA-A*68:02:01	1	1	2
g_group	test_B_gourraud	HG01351	AMR	B	HLA-B*49:01:01;HLA-B*35:01:01	1	1	2
g_group	test_B_gourraud	HG01351	AMR	C	HLA-C*07:01:01;HLA-C*04:01:01	1	1	2
g_group	test_B_gourraud	HG01351	AMR	DRB1	HLA-DRB1*10:01:01;HLA-DRB1*01:01:01	1	1	2
g_group	test_B_gourraud	HG01351	AMR	DQB1	HLA-DQB1*05:01:01;HLA-DQB1*05:01:01	1	1	2
g_group	test_B_gourraud	HG01353	AMR	A	HLA-A*03:01:01;HLA-A*24:02:01	1	1	2
g_group	test_B_gourraud	HG01353	AMR	B	HLA-B*38:01:01;HLA-B*35:43:01	1	1	2
g_group	test_B_gourraud	HG01353	AMR	C	HLA-C*01:02:01;HLA-C*12:03:01	1	1	2
g_group	test_B_gourraud	HG01353	AMR	DRB1	HLA-DRB1*13:01:01;HLA-DRB1*04:07:01	1	1	2
g_group	test_B_gourraud	HG01353	AMR	DQB1	HLA-DQB1*06:03:01;HLA-DQB1*03:02:01	1	1	2
g_group	test_B_gourraud	HG01354	AMR	A	HLA-A*31:01:02;HLA-A*02:01:01	1	1	2
g_group	test_B_gourraud	HG01354	AMR	B	HLA-B*49:01:01;HLA-B*35:43:01	1	1	2
g_group	test_B_gourraud	HG01354	AMR	C	HLA-C*07:01:02;HLA-C*01:02:01	1	1	2
g_group	test_B_gourraud	HG01354	AMR	DRB1	HLA-DRB1*04:07:01;HLA-DRB1*13:02:01	1	1	2
g_group	test_B_gourraud	HG01354	AMR	DQB1	HLA-DQB1*03:02:01;HLA-DQB1*06:04:01	1	1	2
g_group	leak_gourraud	HG01356	AMR	A	HLA-A*24:02:01;HLA-A*68:01:02	1	1	2
g_group	leak_gourraud	HG01356	AMR	B	HLA-B*35:43:01;HLA-B*18:01:01	1	1	2
g_group	leak_gourraud	HG01356	AMR	C	HLA-C*05:01:01;HLA-C*01:02:01	1	1	2
g_group	leak_gourraud	HG01356	AMR	DRB1	HLA-DRB1*03:01:01;HLA-DRB1*04:07:01	1	1	2
g_group	leak_gourraud	HG01356	AMR	DQB1	HLA-DQB1*03:02:01;HLA-DQB1*02:01:01	1	1	2
g_group	leak_gourraud	HG01357	AMR	A	HLA-A*30:02:01;HLA-A*02:01:01	1	1	2
g_group	leak_gourraud	HG01357	AMR	B	HLA-B*27:05:02;HLA-B*49:01:01	1	1	2
g_group	leak_gourraud	HG01357	AMR	C	HLA-C*02:02:02;HLA-C*07:01:01	1	1	2
g_group	leak_gourraud	HG01357	AMR	DRB1	HLA-DRB1*13:02:01;HLA-DRB1*04:03:01	1	1	2
g_group	leak_gourraud	HG01357	AMR	DQB1	HLA-DQB1*03:02:01;HLA-DQB1*06:04:01	1	1	2
g_group	leak_gourraud	HG01359	AMR	A	HLA-A*34:02:01;HLA-A*29:02:01	1	1	2
g_group	leak_gourraud	HG01359	AMR	B	HLA-B*50:01:01;HLA-B*58:02:01	1	1	2
g_group	leak_gourraud	HG01359	AMR	C	HLA-C*06:02:01;HLA-C*06:02:01	1	1	2
g_group	leak_gourraud	HG01359	AMR	DRB1	HLA-DRB1*08:06:01;HLA-DRB1*11:02:01	1	1	2
g_group	leak_gourraud	HG01359	AMR	DQB1	HLA-DQB1*03:01:01;HLA-DQB1*06:02:01	1	1	2
g_group	leak_gourraud	HG01360	AMR	A	HLA-A*30:01:01;HLA-A*02:01:01	1	1	2
g_group	leak_gourraud	HG01360	AMR	B	HLA-B*42:01:01;HLA-B*44:03:01	1	1	2
g_group	leak_gourraud	HG01360	AMR	C	HLA-C*17:01:01;HLA-C*16:01:01	1	1	2
g_group	leak_gourraud	HG01360	AMR	DRB1	HLA-DRB1*07:01:01;HLA-DRB1*08:04:01	1	1	2
g_group	leak_gourraud	HG01360	AMR	DQB1	HLA-DQB1*02:02:01;HLA-DQB1*03:01:04	1	1	2
g_group	test_B_gourraud	HG01365	AMR	A	HLA-A*02:02:01;HLA-A*24:02:01	1	1	2
g_group	test_B_gourraud	HG01365	AMR	B	HLA-B*53:01:01;HLA-B*35:10	1	1	2
g_group	test_B_gourraud	HG01365	AMR	C	HLA-C*03:04:01;HLA-C*04:01:01	1	1	2
g_group	test_B_gourraud	HG01365	AMR	DRB1	HLA-DRB1*13:03:01;HLA-DRB1*04:07:01	1	1	2
g_group	test_B_gourraud	HG01365	AMR	DQB1	HLA-DQB1*03:02:01;HLA-DQB1*03:01:01	1	1	2
g_group	test_B_gourraud	HG01366	AMR	A	HLA-A*30:02:01;HLA-A*29:02:01	1	1	2
g_group	test_B_gourraud	HG01366	AMR	B	HLA-B*44:03:01;HLA-B*57:03:01	1	1	2
g_group	test_B_gourraud	HG01366	AMR	C	HLA-C*07:01:01;HLA-C*16:01:01	1	1	2
g_group	test_B_gourraud	HG01366	AMR	DRB1	HLA-DRB1*07:01:01;HLA-DRB1*15:03:01	1	1	2
g_group	test_B_gourraud	HG01366	AMR	DQB1	HLA-DQB1*02:02:01;HLA-DQB1*06:02:01	1	1	2
g_group	test_B_gourraud	HG01374	AMR	A	HLA-A*03:01:01;HLA-A*26:01:01	1	1	2
g_group	test_B_gourraud	HG01374	AMR	B	HLA-B*35:01:01;HLA-B*35:01:01	1	1	2
g_group	test_B_gourraud	HG01374	AMR	C	HLA-C*04:01:01;HLA-C*04:01:01	1	1	2
g_group	test_B_gourraud	HG01374	AMR	DRB1	HLA-DRB1*01:01:01;HLA-DRB1*11:04:01	1	1	2
g_group	test_B_gourraud	HG01374	AMR	DQB1	HLA-DQB1*05:01:01;HLA-DQB1*02:01:01	1	1	2
g_group	test_B_gourraud	HG01375	AMR	A	HLA-A*33:03:01;HLA-A*33:03:01	1	1	2
g_group	test_B_gourraud	HG01375	AMR	B	HLA-B*15:16:01;HLA-B*14:02:01	1	1	2
g_group	test_B_gourraud	HG01375	AMR	C	HLA-C*08:02:01;HLA-C*16:01:01	1	1	2
g_group	test_B_gourraud	HG01375	AMR	DRB1	HLA-DRB1*13:01:01;HLA-DRB1*13:03:01	1	1	2
g_group	test_B_gourraud	HG01375	AMR	DQB1	HLA-DQB1*02:02:01;HLA-DQB1*06:03:01	1	1	2
g_group	test_B_gourraud	HG01377	AMR	A	HLA-A*02:22:01;HLA-A*02:01:01	1	1	2
g_group	test_B_gourraud	HG01377	AMR	B	HLA-B*40:02:01,HLA-B*40:356;HLA-B*51:01:01	1	1	2
g_group	test_B_gourraud	HG01377	AMR	C	HLA-C*03:04:01;HLA-C*01:02:01	1	1	2
g_group	test_B_gourraud	HG01377	AMR	DRB1	HLA-DRB1*01:01:01;HLA-DRB1*04:04:01	1	1	2
g_group	test_B_gourraud	HG01377	AMR	DQB1	HLA-DQB1*03:02:01;HLA-DQB1*05:01:01	1	1	2
g_group	test_B_gourraud	HG01378	AMR	A	HLA-A*02:01:01;HLA-A*24:02:01	1	1	2
g_group	test_B_gourraud	HG01378	AMR	B	HLA-B*18:01:01;HLA-B*35:10	1	1	2
g_group	test_B_gourraud	HG01378	AMR	C	HLA-C*03:04:01;HLA-C*05:01:01	1	1	2
g_group	test_B_gourraud	HG01378	AMR	DRB1	HLA-DRB1*03:01:01;HLA-DRB1*04:05:01	1	0	1
g_group	test_B_gourraud	HG01378	AMR	DQB1	HLA-DQB1*02:01:01;HLA-DQB1*04:02:01	1	1	2
g_group	test_B_gourraud	HG01383	AMR	A	HLA-A*33:01:01;HLA-A*68:02:01	1	1	2
g_group	test_B_gourraud	HG01383	AMR	B	HLA-B*53:01:01;HLA-B*14:02:01	1	1	2
g_group	test_B_gourraud	HG01383	AMR	C	HLA-C*08:02:01;HLA-C*04:01:01	1	1	2
g_group	test_B_gourraud	HG01383	AMR	DRB1	HLA-DRB1*07:01:01;HLA-DRB1*13:02:01	1	1	2
g_group	test_B_gourraud	HG01383	AMR	DQB1	HLA-DQB1*02:02:01;HLA-DQB1*06:04:01	1	1	2
g_group	test_B_gourraud	HG01384	AMR	A	HLA-A*02:05:01;HLA-A*03:01:01	1	1	2
g_group	test_B_gourraud	HG01384	AMR	B	HLA-B*35:01:01;HLA-B*07:02:01	1	1	2
g_group	test_B_gourraud	HG01384	AMR	C	HLA-C*16:01:01;HLA-C*04:01:01	1	1	2
g_group	test_B_gourraud	HG01384	AMR	DRB1	HLA-DRB1*01:01:01;HLA-DRB1*04:07:01	1	1	2
g_group	test_B_gourraud	HG01384	AMR	DQB1	HLA-DQB1*05:01:01;HLA-DQB1*03:01:01	1	1	2
g_group	test_B_gourraud	HG01389	AMR	A	HLA-A*29:02:01;HLA-A*24:02:01	1	1	2
g_group	test_B_gourraud	HG01389	AMR	B	HLA-B*44:03:01;HLA-B*40:02:01	1	0	1
g_group	test_B_gourraud	HG01389	AMR	C	HLA-C*03:05:01;HLA-C*16:01:01	1	1	2
g_group	test_B_gourraud	HG01389	AMR	DRB1	HLA-DRB1*07:01:01;HLA-DRB1*04:07:01	1	1	2
g_group	test_B_gourraud	HG01389	AMR	DQB1	HLA-DQB1*03:02:01;HLA-DQB1*02:02:01	1	1	2
g_group	test_B_gourraud	HG01390	AMR	A	HLA-A*30:02:01;HLA-A*02:01:01	1	1	2
g_group	test_B_gourraud	HG01390	AMR	B	HLA-B*14:02:01;HLA-B*39:01:01	1	1	2
g_group	test_B_gourraud	HG01390	AMR	C	HLA-C*08:02:01;HLA-C*12:03:01	1	1	2
g_group	test_B_gourraud	HG01390	AMR	DRB1	HLA-DRB1*15:03:01;HLA-DRB1*16:01:01	1	1	2
g_group	test_B_gourraud	HG01390	AMR	DQB1	HLA-DQB1*05:02:01;HLA-DQB1*06:02:01	1	1	2
g_group	test_B_gourraud	HG01437	AMR	A	HLA-A*24:02:01;HLA-A*02:05:01	1	1	2
g_group	test_B_gourraud	HG01437	AMR	B	HLA-B*39:06:02;HLA-B*58:01:01	1	1	2
g_group	test_B_gourraud	HG01437	AMR	C	HLA-C*07:02:01;HLA-C*07:18:01	1	1	2
g_group	test_B_gourraud	HG01437	AMR	DRB1	HLA-DRB1*15:01:01;HLA-DRB1*04:14	1	0	1
g_group	test_B_gourraud	HG01437	AMR	DQB1	HLA-DQB1*03:289;HLA-DQB1*06:02:01	1	1	2
g_group	test_B_gourraud	HG01438	AMR	A	HLA-A*03:01:01;HLA-A*03:01:01	1	1	2
g_group	test_B_gourraud	HG01438	AMR	B	HLA-B*07:02:01;HLA-B*07:02:01	1	1	2
g_group	test_B_gourraud	HG01438	AMR	C	HLA-C*07:02:01;HLA-C*07:02:01	1	1	2
g_group	test_B_gourraud	HG01438	AMR	DRB1	HLA-DRB1*15:01:01;HLA-DRB1*04:04:01	1	1	2
g_group	test_B_gourraud	HG01438	AMR	DQB1	HLA-DQB1*06:02:01;HLA-DQB1*03:02:01	1	1	2
g_group	test_B_gourraud	HG01440	AMR	A	HLA-A*02:04:01;HLA-A*30:02:01	1	1	2
g_group	test_B_gourraud	HG01440	AMR	B	HLA-B*08:01:01;HLA-B*39:05:01	1	1	2
g_group	test_B_gourraud	HG01440	AMR	C	HLA-C*07:02:01;HLA-C*07:01:01	1	1	2
g_group	test_B_gourraud	HG01440	AMR	DRB1	HLA-DRB1*03:01:01;HLA-DRB1*15:02:01	1	1	2
g_group	test_B_gourraud	HG01440	AMR	DQB1	HLA-DQB1*06:01:01;HLA-DQB1*02:01:01	1	1	2
g_group	test_B_gourraud	HG01441	AMR	A	HLA-A*23:01:01;HLA-A*24:02:01	1	1	2
g_group	test_B_gourraud	HG01441	AMR	B	HLA-B*14:02:01;HLA-B*39:05:01	1	1	2
g_group	test_B_gourraud	HG01441	AMR	C	HLA-C*07:02:01;HLA-C*08:02:01	1	1	2
g_group	test_B_gourraud	HG01441	AMR	DRB1	HLA-DRB1*01:02:01;HLA-DRB1*13:01:01	1	1	2
g_group	test_B_gourraud	HG01441	AMR	DQB1	HLA-DQB1*06:03:01;HLA-DQB1*05:01:01	1	1	2
g_group	test_B_gourraud	HG01455	AMR	A	HLA-A*24:03:01;HLA-A*02:01:01	1	1	2
g_group	test_B_gourraud	HG01455	AMR	B	HLA-B*35:05:01;HLA-B*44:02:01	1	1	2
g_group	test_B_gourraud	HG01455	AMR	C	HLA-C*05:01:01;HLA-C*04:01:01	1	1	2
g_group	test_B_gourraud	HG01455	AMR	DRB1	HLA-DRB1*04:03:01;HLA-DRB1*04:11:01	1	1	2
g_group	test_B_gourraud	HG01455	AMR	DQB1	HLA-DQB1*03:02:01;HLA-DQB1*03:02:01	1	1	2
g_group	test_B_gourraud	HG01456	AMR	A	HLA-A*32:01:01;HLA-A*31:01:02	1	1	2
g_group	test_B_gourraud	HG01456	AMR	B	HLA-B*35:08:01;HLA-B*40:02:01	1	1	2
g_group	test_B_gourraud	HG01456	AMR	C	HLA-C*03:05:01;HLA-C*04:01:01,HLA-C*04:275:01	1	1	2
g_group	test_B_gourraud	HG01456	AMR	DRB1	HLA-DRB1*14:02:01;HLA-DRB1*15:01:01	1	1	2
g_group	test_B_gourraud	HG01456	AMR	DQB1	HLA-DQB1*05:02:01;HLA-DQB1*03:01:01	1	1	2
g_group	test_B_gourraud	HG01461	AMR	A	HLA-A*68:02:01;HLA-A*24:02:01	1	1	2
g_group	test_B_gourraud	HG01461	AMR	B	HLA-B*40:02:01;HLA-B*58:01:01,HLA-B*58:120	1	1	2
g_group	test_B_gourraud	HG01461	AMR	C	HLA-C*03:04:01;HLA-C*07:18:01	1	1	2
g_group	test_B_gourraud	HG01461	AMR	DRB1	HLA-DRB1*03:02:01;HLA-DRB1*14:02:01	1	0	1
g_group	test_B_gourraud	HG01461	AMR	DQB1	HLA-DQB1*04:02:01;HLA-DQB1*03:01:01	1	1	2
g_group	test_B_gourraud	HG01462	AMR	A	HLA-A*74:01:01;HLA-A*03:01:01	1	1	2
g_group	test_B_gourraud	HG01462	AMR	B	HLA-B*81:01:01;HLA-B*35:08:01	1	1	2
g_group	test_B_gourraud	HG01462	AMR	C	HLA-C*08:04:01;HLA-C*04:01:01	1	1	2
g_group	test_B_gourraud	HG01462	AMR	DRB1	HLA-DRB1*12:01:01;HLA-DRB1*13:03:01	1	1	2
g_group	test_B_gourraud	HG01462	AMR	DQB1	HLA-DQB1*05:01:01;HLA-DQB1*03:01:01	1	1	2
g_group	test_B_gourraud	HG01464	AMR	A	HLA-A*02:01:01;HLA-A*24:02:01	1	1	2
g_group	test_B_gourraud	HG01464	AMR	B	HLA-B*35:43:01;HLA-B*44:02:01	1	1	2
g_group	test_B_gourraud	HG01464	AMR	C	HLA-C*01:02:01;HLA-C*05:01:01	1	1	2
g_group	test_B_gourraud	HG01464	AMR	DRB1	HLA-DRB1*01:01:01;HLA-DRB1*04:11:01	1	1	2
g_group	test_B_gourraud	HG01464	AMR	DQB1	HLA-DQB1*05:01:01;HLA-DQB1*03:02:01	1	1	2
g_group	test_B_gourraud	HG01465	AMR	A	HLA-A*03:01:01;HLA-A*02:01:01	1	1	2
g_group	test_B_gourraud	HG01465	AMR	B	HLA-B*51:01:01;HLA-B*51:193:01	1	1	2
g_group	test_B_gourraud	HG01465	AMR	C	HLA-C*15:02:01;HLA-C*01:02:01	1	1	2
g_group	test_B_gourraud	HG01465	AMR	DRB1	HLA-DRB1*09:01:02;HLA-DRB1*13:01:01	1	1	2
g_group	test_B_gourraud	HG01465	AMR	DQB1	HLA-DQB1*03:03:02;HLA-DQB1*03:03:02	1	1	2
g_group	test_B_gourraud	HG01488	AMR	A	HLA-A*68:01:02;HLA-A*23:01:01	1	1	2
g_group	test_B_gourraud	HG01488	AMR	B	HLA-B*44:03:01;HLA-B*39:11	1	1	2
g_group	test_B_gourraud	HG01488	AMR	C	HLA-C*07:02:01;HLA-C*04:01:01	1	1	2
g_group	test_B_gourraud	HG01488	AMR	DRB1	HLA-DRB1*07:01:01;HLA-DRB1*16:02:01	1	1	2
g_group	test_B_gourraud	HG01488	AMR	DQB1	HLA-DQB1*02:02:01;HLA-DQB1*03:01:01	1	1	2
g_group	test_B_gourraud	HG01489	AMR	A	HLA-A*03:01:01;HLA-A*01:01:01	1	1	2
g_group	test_B_gourraud	HG01489	AMR	B	HLA-B*15:17:01;HLA-B*35:01:01	1	1	2
g_group	test_B_gourraud	HG01489	AMR	C	HLA-C*07:01:02;HLA-C*04:01:01,HLA-C*04:01:108,HLA-C*04:01:109,HLA-C*04:09L,HLA-C*04:409,HLA-C*04:456Q,HLA-C*04:470,HLA-C*04:502,HLA-C*04:521,HLA-C*04:527	1	1	2
g_group	test_B_gourraud	HG01489	AMR	DRB1	HLA-DRB1*01:01:01;HLA-DRB1*13:02:01	1	1	2
g_group	test_B_gourraud	HG01489	AMR	DQB1	HLA-DQB1*06:04:01;HLA-DQB1*05:01:01	1	1	2
g_group	test_B_gourraud	HG01491	AMR	A	HLA-A*01:01:01;HLA-A*01:01:01	1	1	2
g_group	test_B_gourraud	HG01491	AMR	B	HLA-B*57:01:01;HLA-B*14:02:01	1	1	2
g_group	test_B_gourraud	HG01491	AMR	C	HLA-C*08:02:01;HLA-C*06:02:01	1	1	2
g_group	test_B_gourraud	HG01491	AMR	DRB1	HLA-DRB1*07:01:01;HLA-DRB1*13:01:01	1	0	1
g_group	test_B_gourraud	HG01491	AMR	DQB1	HLA-DQB1*02:02:01;HLA-DQB1*06:03:01	1	1	2
g_group	test_B_gourraud	HG01492	AMR	A	HLA-A*24:02:01;HLA-A*30:01:01	1	1	2
g_group	test_B_gourraud	HG01492	AMR	B	HLA-B*42:02:01;HLA-B*39:06:02	1	1	2
g_group	test_B_gourraud	HG01492	AMR	C	HLA-C*07:02:01;HLA-C*17:01:01	1	1	2
g_group	test_B_gourraud	HG01492	AMR	DRB1	HLA-DRB1*15:01:01;HLA-DRB1*13:03:01	1	1	2
g_group	test_B_gourraud	HG01492	AMR	DQB1	HLA-DQB1*06:02:01;HLA-DQB1*03:01:01	1	1	2
g_group	leak_gourraud	HG01494	AMR	A	HLA-A*02:01:01;HLA-A*24:02:01	1	1	2
g_group	leak_gourraud	HG01494	AMR	B	HLA-B*07:02:01;HLA-B*35:43:01	1	1	2
g_group	leak_gourraud	HG01494	AMR	C	HLA-C*01:02:01;HLA-C*07:02:01	1	1	2
g_group	leak_gourraud	HG01494	AMR	DRB1	HLA-DRB1*01:03:01;HLA-DRB1*08:02:01	1	1	2
g_group	leak_gourraud	HG01494	AMR	DQB1	HLA-DQB1*04:02:01;HLA-DQB1*05:01:01	1	1	2
g_group	leak_gourraud	HG01495	AMR	A	HLA-A*68:01:01;HLA-A*24:02:01	1	1	2
g_group	leak_gourraud	HG01495	AMR	B	HLA-B*40:02:01;HLA-B*18:01:01	1	1	2
g_group	leak_gourraud	HG01495	AMR	C	HLA-C*05:01:01;HLA-C*03:05:01	1	1	2
g_group	leak_gourraud	HG01495	AMR	DRB1	HLA-DRB1*03:02:01;HLA-DRB1*04:03:01	1	1	2
g_group	leak_gourraud	HG01495	AMR	DQB1	HLA-DQB1*03:02:01;HLA-DQB1*04:02:01	1	1	2
g_group	test_B_gourraud	HG01497	AMR	A	HLA-A*24:02:01;HLA-A*03:01:01	1	1	2
g_group	test_B_gourraud	HG01497	AMR	B	HLA-B*14:02:01;HLA-B*15:01:01	1	1	2
g_group	test_B_gourraud	HG01497	AMR	C	HLA-C*08:02:01;HLA-C*01:02:01	1	1	2
g_group	test_B_gourraud	HG01497	AMR	DRB1	HLA-DRB1*16:02:01;HLA-DRB1*08:02:01	1	1	2
g_group	test_B_gourraud	HG01497	AMR	DQB1	HLA-DQB1*04:02:01;HLA-DQB1*03:01:01	1	1	2
g_group	test_B_gourraud	HG01498	AMR	A	HLA-A*03:01:01;HLA-A*24:02:01	1	1	2
g_group	test_B_gourraud	HG01498	AMR	B	HLA-B*40:02:01;HLA-B*35:01:01,HLA-B*35:370,HLA-B*35:615	1	1	2
g_group	test_B_gourraud	HG01498	AMR	C	HLA-C*03:05:01;HLA-C*04:01:01	1	1	2
g_group	test_B_gourraud	HG01498	AMR	DRB1	HLA-DRB1*01:01:01;HLA-DRB1*04:07:01	1	1	2
g_group	test_B_gourraud	HG01498	AMR	DQB1	HLA-DQB1*05:01:01;HLA-DQB1*03:02:01	1	1	2
g_group	test_B_gourraud	HG01550	AMR	A	HLA-A*31:01:02;HLA-A*24:02:01	1	1	2
g_group	test_B_gourraud	HG01550	AMR	B	HLA-B*35:12:01;HLA-B*51:01:01	1	1	2
g_group	test_B_gourraud	HG01550	AMR	C	HLA-C*04:01:01;HLA-C*15:02:01	1	1	2
g_group	test_B_gourraud	HG01550	AMR	DRB1	HLA-DRB1*04:08:01;HLA-DRB1*04:07:01	1	1	2
g_group	test_B_gourraud	HG01550	AMR	DQB1	HLA-DQB1*03:02:01;HLA-DQB1*03:01:01	1	1	2
g_group	test_B_gourraud	HG01551	AMR	A	HLA-A*33:03:01;HLA-A*29:02:01	1	1	2
g_group	test_B_gourraud	HG01551	AMR	B	HLA-B*15:16:01;HLA-B*07:06:01	1	1	2
g_group	test_B_gourraud	HG01551	AMR	C	HLA-C*14:02:01;HLA-C*15:05:02	1	1	2
g_group	test_B_gourraud	HG01551	AMR	DRB1	HLA-DRB1*01:02:01;HLA-DRB1*11:01:02	1	1	2
g_group	test_B_gourraud	HG01551	AMR	DQB1	HLA-DQB1*05:01:01;HLA-DQB1*03:01:01	1	1	2
g_group	test_B_gourraud	NA06985	EUR	A	HLA-A*03:01:01;HLA-A*02:01:01	1	1	2
g_group	test_B_gourraud	NA06985	EUR	B	HLA-B*57:01:01;HLA-B*07:02:01,HLA-B*07:529	1	1	2
g_group	test_B_gourraud	NA06985	EUR	C	HLA-C*07:02:01;HLA-C*06:02:01	1	1	2
g_group	test_B_gourraud	NA06985	EUR	DRB1	HLA-DRB1*15:01:01;HLA-DRB1*15:01:01	1	1	2
g_group	test_B_gourraud	NA06985	EUR	DQB1	HLA-DQB1*06:02:01;HLA-DQB1*06:02:01	1	1	2
g_group	test_B_gourraud	NA06986	EUR	A	HLA-A*32:01:01;HLA-A*03:01:01	1	1	2
g_group	test_B_gourraud	NA06986	EUR	B	HLA-B*44:03:01;HLA-B*44:03:01	1	1	2
g_group	test_B_gourraud	NA06986	EUR	C	HLA-C*16:01:01;HLA-C*04:01:01	1	1	2
g_group	test_B_gourraud	NA06986	EUR	DRB1	HLA-DRB1*07:01:01;HLA-DRB1*07:01:01	1	1	2
g_group	test_B_gourraud	NA06986	EUR	DQB1	HLA-DQB1*02:02:01;HLA-DQB1*02:02:01	1	1	2
g_group	test_B_gourraud	NA06994	EUR	A	HLA-A*32:01:01;HLA-A*02:01:01	1	1	2
g_group	test_B_gourraud	NA06994	EUR	B	HLA-B*08:01:01;HLA-B*40:02:01	1	1	2
g_group	test_B_gourraud	NA06994	EUR	C	HLA-C*07:01:01;HLA-C*02:02:02	1	1	2
g_group	test_B_gourraud	NA06994	EUR	DRB1	HLA-DRB1*01:01:01;HLA-DRB1*04:04:01	1	1	2
g_group	test_B_gourraud	NA06994	EUR	DQB1	HLA-DQB1*03:02:01;HLA-DQB1*05:01:01	1	1	2
g_group	test_B_gourraud	NA07000	EUR	A	HLA-A*02:01:01;HLA-A*68:01:02	1	1	2
g_group	test_B_gourraud	NA07000	EUR	B	HLA-B*44:02:01;HLA-B*40:01:02	1	1	2
g_group	test_B_gourraud	NA07000	EUR	C	HLA-C*07:04:01;HLA-C*03:04:01	1	1	2
g_group	test_B_gourraud	NA07000	EUR	DRB1	HLA-DRB1*03:01:01;HLA-DRB1*11:01:01	1	1	2
g_group	test_B_gourraud	NA07000	EUR	DQB1	HLA-DQB1*02:01:01;HLA-DQB1*03:01:01	1	1	2
g_group	test_B_gourraud	NA07037	EUR	A	HLA-A*31:01:02;HLA-A*30:01:01	1	1	2
g_group	test_B_gourraud	NA07037	EUR	B	HLA-B*40:01:02;HLA-B*15:10:01	1	1	2
g_group	test_B_gourraud	NA07037	EUR	C	HLA-C*03:04:01;HLA-C*03:04:02	1	1	2
g_group	test_B_gourraud	NA07037	EUR	DRB1	HLA-DRB1*04:04:01;HLA-DRB1*13:02:01	1	1	2
g_group	test_B_gourraud	NA07037	EUR	DQB1	HLA-DQB1*03:02:01;HLA-DQB1*06:04:01	1	1	2
g_group	test_B_gourraud	NA07048	EUR	A	HLA-A*02:01:01;HLA-A*02:01:01	1	1	2
g_group	test_B_gourraud	NA07048	EUR	B	HLA-B*07:02:01;HLA-B*44:02:01	1	1	2
g_group	test_B_gourraud	NA07048	EUR	C	HLA-C*05:01:01;HLA-C*07:02:01	1	1	2
g_group	test_B_gourraud	NA07048	EUR	DRB1	HLA-DRB1*04:01:01;HLA-DRB1*15:01:01	1	1	2
g_group	test_B_gourraud	NA07048	EUR	DQB1	HLA-DQB1*06:02:01;HLA-DQB1*03:01:01	1	1	2
g_group	test_B_gourraud	NA07051	EUR	A	HLA-A*68:01:02;HLA-A*02:01:01	1	1	2
g_group	test_B_gourraud	NA07051	EUR	B	HLA-B*07:02:01;HLA-B*15:01:01	1	1	2
g_group	test_B_gourraud	NA07051	EUR	C	HLA-C*07:02:01;HLA-C*03:03:01	1	1	2
g_group	test_B_gourraud	NA07051	EUR	DRB1	HLA-DRB1*15:01:01;HLA-DRB1*04:01:01	1	1	2
g_group	test_B_gourraud	NA07051	EUR	DQB1	HLA-DQB1*06:02:01;HLA-DQB1*03:01:01	1	1	2
g_group	test_B_gourraud	NA07056	EUR	A	HLA-A*01:01:01;HLA-A*02:01:01	1	1	2
g_group	test_B_gourraud	NA07056	EUR	B	HLA-B*57:01:01;HLA-B*08:01:01	1	1	2
g_group	test_B_gourraud	NA07056	EUR	C	HLA-C*07:01:01;HLA-C*06:02:01	1	1	2
g_group	test_B_gourraud	NA07056	EUR	DRB1	HLA-DRB1*07:01:01;HLA-DRB1*03:01:01	1	1	2
g_group	test_B_gourraud	NA07056	EUR	DQB1	HLA-DQB1*03:03:02;HLA-DQB1*02:01:01	1	1	2
g_group	test_B_gourraud	NA07347	EUR	A	HLA-A*26:01:01;HLA-A*30:02:01	1	1	2
g_group	test_B_gourraud	NA07347	EUR	B	HLA-B*18:01:01;HLA-B*44:02:01	1	1	2
g_group	test_B_gourraud	NA07347	EUR	C	HLA-C*05:01:01;HLA-C*05:01:01	1	1	2
g_group	test_B_gourraud	NA07347	EUR	DRB1	HLA-DRB1*03:01:01;HLA-DRB1*11:04:01	1	1	2
g_group	test_B_gourraud	NA07347	EUR	DQB1	HLA-DQB1*02:01:01;HLA-DQB1*03:01:01	1	1	2
g_group	test_B_gourraud	NA07357	EUR	A	HLA-A*01:01:01;HLA-A*24:02:01	1	1	2
g_group	test_B_gourraud	NA07357	EUR	B	HLA-B*39:06:02;HLA-B*08:01:01	1	1	2
g_group	test_B_gourraud	NA07357	EUR	C	HLA-C*07:02:01;HLA-C*07:01:01	1	1	2
g_group	test_B_gourraud	NA07357	EUR	DRB1	HLA-DRB1*03:01:01;HLA-DRB1*04:04:01	1	1	2
g_group	test_B_gourraud	NA07357	EUR	DQB1	HLA-DQB1*02:01:01;HLA-DQB1*03:02:01	1	1	2
g_group	test_B_gourraud	NA10847	EUR	A	HLA-A*03:01:01;HLA-A*25:01:01	1	1	2
g_group	test_B_gourraud	NA10847	EUR	B	HLA-B*18:01:01;HLA-B*08:01:01	1	1	2
g_group	test_B_gourraud	NA10847	EUR	C	HLA-C*07:01:01;HLA-C*12:03:01	1	0	1
g_group	test_B_gourraud	NA10847	EUR	DRB1	HLA-DRB1*01:01:01;HLA-DRB1*01:01:01	1	1	2
g_group	test_B_gourraud	NA10847	EUR	DQB1	HLA-DQB1*05:01:01;HLA-DQB1*05:01:01	1	1	2
g_group	test_B_gourraud	NA10851	EUR	A	HLA-A*01:01:01;HLA-A*24:02:01	1	1	2
g_group	test_B_gourraud	NA10851	EUR	B	HLA-B*08:01:01;HLA-B*40:01:02	1	1	2
g_group	test_B_gourraud	NA10851	EUR	C	HLA-C*07:01:01;HLA-C*03:04:01	1	1	2
g_group	test_B_gourraud	NA10851	EUR	DRB1	HLA-DRB1*07:01:01;HLA-DRB1*04:04:01	1	1	2
g_group	test_B_gourraud	NA10851	EUR	DQB1	HLA-DQB1*03:03:02;HLA-DQB1*03:02:01	1	1	2
g_group	test_B_gourraud	NA11829	EUR	A	HLA-A*02:01:01;HLA-A*02:01:01	1	1	2
g_group	test_B_gourraud	NA11829	EUR	B	HLA-B*44:02:01;HLA-B*15:01:01	1	1	2
g_group	test_B_gourraud	NA11829	EUR	C	HLA-C*05:01:01;HLA-C*03:04:01	1	1	2
g_group	test_B_gourraud	NA11829	EUR	DRB1	HLA-DRB1*04:01:01;HLA-DRB1*04:01:01	1	1	2
g_group	test_B_gourraud	NA11829	EUR	DQB1	HLA-DQB1*03:02:01;HLA-DQB1*03:01:01	1	1	2
g_group	test_B_gourraud	NA11830	EUR	A	HLA-A*02:01:01;HLA-A*02:01:01	1	1	2
g_group	test_B_gourraud	NA11830	EUR	B	HLA-B*14:01:01;HLA-B*14:02:01	1	1	2
g_group	test_B_gourraud	NA11830	EUR	C	HLA-C*08:02:01;HLA-C*08:02:01	1	1	2
g_group	test_B_gourraud	NA11830	EUR	DRB1	HLA-DRB1*07:01:01;HLA-DRB1*13:03:01	1	1	2
g_group	test_B_gourraud	NA11830	EUR	DQB1	HLA-DQB1*02:02:01;HLA-DQB1*03:01:01	1	1	2
g_group	test_B_gourraud	NA11831	EUR	A	HLA-A*03:01:01;HLA-A*01:01:01	1	1	2
g_group	test_B_gourraud	NA11831	EUR	B	HLA-B*07:02:01;HLA-B*08:01:01	1	1	2
g_group	test_B_gourraud	NA11831	EUR	C	HLA-C*07:01:01;HLA-C*07:02:01	1	1	2
g_group	test_B_gourraud	NA11831	EUR	DRB1	HLA-DRB1*03:01:01;HLA-DRB1*15:01:01	1	1	2
g_group	test_B_gourraud	NA11831	EUR	DQB1	HLA-DQB1*02:01:01;HLA-DQB1*06:02:01	1	1	2
g_group	test_B_gourraud	NA11832	EUR	A	HLA-A*02:01:01;HLA-A*32:01:01	1	1	2
g_group	test_B_gourraud	NA11832	EUR	B	HLA-B*27:05:02;HLA-B*40:02:01	1	0	1
g_group	test_B_gourraud	NA11832	EUR	C	HLA-C*02:02:02;HLA-C*07:04:01	1	1	2
g_group	test_B_gourraud	NA11832	EUR	DRB1	HLA-DRB1*15:01:01;HLA-DRB1*13:01:01	1	1	2
g_group	test_B_gourraud	NA11832	EUR	DQB1	HLA-DQB1*06:03:01;HLA-DQB1*06:02:01	1	1	2
g_group	test_B_gourraud	NA11840	EUR	A	HLA-A*02:01:01;HLA-A*02:01:01	1	1	2
g_group	test_B_gourraud	NA11840	EUR	B	HLA-B*57:01:01;HLA-B*27:05:03	1	0	1
g_group	test_B_gourraud	NA11840	EUR	C	HLA-C*02:02:02;HLA-C*06:02:01	1	1	2
g_group	test_B_gourraud	NA11840	EUR	DRB1	HLA-DRB1*07:01:01;HLA-DRB1*04:04:01	1	1	2
g_group	test_B_gourraud	NA11840	EUR	DQB1	HLA-DQB1*03:03:02;HLA-DQB1*03:02:01	1	1	2
g_group	test_B_gourraud	NA11843	EUR	A	HLA-A*11:01:01;HLA-A*02:01:01	1	1	2
g_group	test_B_gourraud	NA11843	EUR	B	HLA-B*51:01:01;HLA-B*15:01:01	1	1	2
g_group	test_B_gourraud	NA11843	EUR	C	HLA-C*03:04:01;HLA-C*15:02:01	1	1	2
g_group	test_B_gourraud	NA11843	EUR	DRB1	HLA-DRB1*04:04:01;HLA-DRB1*04:01:01	1	1	2
g_group	test_B_gourraud	NA11843	EUR	DQB1	HLA-DQB1*03:02:01;HLA-DQB1*03:01:01	1	1	2
g_group	test_B_gourraud	NA11881	EUR	A	HLA-A*03:01:01;HLA-A*26:01:01	1	1	2
g_group	test_B_gourraud	NA11881	EUR	B	HLA-B*07:02:01;HLA-B*07:02:01	1	1	2
g_group	test_B_gourraud	NA11881	EUR	C	HLA-C*07:02:01;HLA-C*07:02:01	1	1	2
g_group	test_B_gourraud	NA11881	EUR	DRB1	HLA-DRB1*15:01:01;HLA-DRB1*15:01:01	1	1	2
g_group	test_B_gourraud	NA11881	EUR	DQB1	HLA-DQB1*06:02:01;HLA-DQB1*06:02:01	1	1	2
g_group	test_B_gourraud	NA11892	EUR	A	HLA-A*23:01:01;HLA-A*02:01:01	1	1	2
g_group	test_B_gourraud	NA11892	EUR	B	HLA-B*49:01:01;HLA-B*13:02:01	1	1	2
g_group	test_B_gourraud	NA11892	EUR	C	HLA-C*07:01:01;HLA-C*06:02:01	1	1	2
g_group	test_B_gourraud	NA11892	EUR	DRB1	HLA-DRB1*07:01:01;HLA-DRB1*08:01:01	1	1	2
g_group	test_B_gourraud	NA11892	EUR	DQB1	HLA-DQB1*04:02:01;HLA-DQB1*02:02:01	1	1	2
g_group	test_B_gourraud	NA11893	EUR	A	HLA-A*02:01:01;HLA-A*02:01:01	1	1	2
g_group	test_B_gourraud	NA11893	EUR	B	HLA-B*15:01:01,HLA-B*15:01:84,HLA-B*15:542,HLA-B*15:632;HLA-B*44:02:01	1	1	2
g_group	test_B_gourraud	NA11893	EUR	C	HLA-C*03:04:01;HLA-C*05:01:01	1	1	2
g_group	test_B_gourraud	NA11893	EUR	DRB1	HLA-DRB1*04:01:01;HLA-DRB1*04:01:01	1	1	2
g_group	test_B_gourraud	NA11893	EUR	DQB1	HLA-DQB1*03:02:01;HLA-DQB1*03:01:01	1	1	2
g_group	test_B_gourraud	NA11894	EUR	A	HLA-A*24:02:01;HLA-A*01:01:01	1	1	2
g_group	test_B_gourraud	NA11894	EUR	B	HLA-B*08:01:01;HLA-B*55:01:01	1	1	2
g_group	test_B_gourraud	NA11894	EUR	C	HLA-C*03:03:01;HLA-C*07:01:01	1	1	2
g_group	test_B_gourraud	NA11894	EUR	DRB1	HLA-DRB1*03:01:01;HLA-DRB1*15:01:01	1	1	2
g_group	test_B_gourraud	NA11894	EUR	DQB1	HLA-DQB1*02:01:01;HLA-DQB1*06:02:01	1	1	2
g_group	test_B_gourraud	NA11918	EUR	A	HLA-A*01:01:01;HLA-A*02:01:01	1	1	2
g_group	test_B_gourraud	NA11918	EUR	B	HLA-B*44:02:01;HLA-B*07:02:01	1	1	2
g_group	test_B_gourraud	NA11918	EUR	C	HLA-C*07:01:01;HLA-C*05:01:01	1	1	2
g_group	test_B_gourraud	NA11918	EUR	DRB1	HLA-DRB1*04:01:01;HLA-DRB1*15:01:01	1	1	2
g_group	test_B_gourraud	NA11918	EUR	DQB1	HLA-DQB1*06:02:01;HLA-DQB1*03:01:01	1	1	2
g_group	test_B_gourraud	NA11919	EUR	A	HLA-A*11:01:01;HLA-A*02:01:01	1	1	2
g_group	test_B_gourraud	NA11919	EUR	B	HLA-B*57:01:01;HLA-B*15:01:01	1	1	2
g_group	test_B_gourraud	NA11919	EUR	C	HLA-C*06:02:01;HLA-C*04:01:01	1	1	2
g_group	test_B_gourraud	NA11919	EUR	DRB1	HLA-DRB1*01:01:01;HLA-DRB1*07:01:01	1	1	2
g_group	test_B_gourraud	NA11919	EUR	DQB1	HLA-DQB1*05:01:01;HLA-DQB1*03:03:02	1	1	2
g_group	test_B_gourraud	NA11920	EUR	A	HLA-A*02:01:01;HLA-A*02:01:01	1	1	2
g_group	test_B_gourraud	NA11920	EUR	B	HLA-B*44:02:01;HLA-B*55:01:01	1	1	2
g_group	test_B_gourraud	NA11920	EUR	C	HLA-C*03:03:01;HLA-C*05:01:01	1	1	2
g_group	test_B_gourraud	NA11920	EUR	DRB1	HLA-DRB1*14:54:01;HLA-DRB1*04:01:01	1	1	2
g_group	test_B_gourraud	NA11920	EUR	DQB1	HLA-DQB1*05:03:01;HLA-DQB1*03:01:01	1	1	2
g_group	test_B_gourraud	NA11930	EUR	A	HLA-A*24:02:01;HLA-A*02:01:01	1	1	2
g_group	test_B_gourraud	NA11930	EUR	B	HLA-B*13:02:01;HLA-B*13:02:01	1	1	2
g_group	test_B_gourraud	NA11930	EUR	C	HLA-C*06:02:01;HLA-C*06:02:01	1	1	2
g_group	test_B_gourraud	NA11930	EUR	DRB1	HLA-DRB1*07:01:01;HLA-DRB1*15:01:01	1	1	2
g_group	test_B_gourraud	NA11930	EUR	DQB1	HLA-DQB1*06:02:01;HLA-DQB1*02:02:01	1	1	2
g_group	test_B_gourraud	NA11931	EUR	A	HLA-A*03:01:01;HLA-A*02:01:01	1	1	2
g_group	test_B_gourraud	NA11931	EUR	B	HLA-B*07:02:01;HLA-B*44:02:01	1	1	2
g_group	test_B_gourraud	NA11931	EUR	C	HLA-C*07:02:01;HLA-C*05:01:01	1	1	2
g_group	test_B_gourraud	NA11931	EUR	DRB1	HLA-DRB1*15:01:01;HLA-DRB1*03:01:01	1	1	2
g_group	test_B_gourraud	NA11931	EUR	DQB1	HLA-DQB1*02:01:01;HLA-DQB1*06:02:01	1	1	2
g_group	test_B_gourraud	NA11992	EUR	A	HLA-A*02:01:01;HLA-A*01:01:01	1	1	2
g_group	test_B_gourraud	NA11992	EUR	B	HLA-B*08:01:01;HLA-B*35:01:01,HLA-B*35:370,HLA-B*35:615	1	1	2
g_group	test_B_gourraud	NA11992	EUR	C	HLA-C*04:01:01;HLA-C*07:01:01	1	1	2
g_group	test_B_gourraud	NA11992	EUR	DRB1	HLA-DRB1*03:01:01;HLA-DRB1*01:01:01	1	1	2
g_group	test_B_gourraud	NA11992	EUR	DQB1	HLA-DQB1*05:01:01;HLA-DQB1*02:01:01	1	1	2
g_group	test_B_gourraud	NA11994	EUR	A	HLA-A*01:01:01;HLA-A*11:01:01	1	1	2
g_group	test_B_gourraud	NA11994	EUR	B	HLA-B*07:02:01;HLA-B*51:01:01	1	1	2
g_group	test_B_gourraud	NA11994	EUR	C	HLA-C*07:02:01;HLA-C*15:13:01	1	1	2
g_group	test_B_gourraud	NA11994	EUR	DRB1	HLA-DRB1*04:04:01;HLA-DRB1*04:02:01	1	1	2
g_group	test_B_gourraud	NA11994	EUR	DQB1	HLA-DQB1*03:02:01;HLA-DQB1*03:02:01	1	1	2
g_group	test_B_gourraud	NA11995	EUR	A	HLA-A*01:01:01;HLA-A*01:01:01	1	1	2
g_group	test_B_gourraud	NA11995	EUR	B	HLA-B*57:01:01;HLA-B*08:01:01	1	1	2
g_group	test_B_gourraud	NA11995	EUR	C	HLA-C*07:01:01;HLA-C*06:02:01	1	1	2
g_group	test_B_gourraud	NA11995	EUR	DRB1	HLA-DRB1*15:01:01;HLA-DRB1*13:01:01	1	1	2
g_group	test_B_gourraud	NA11995	EUR	DQB1	HLA-DQB1*06:02:01;HLA-DQB1*06:03:01	1	1	2
g_group	test_B_gourraud	NA12003	EUR	A	HLA-A*02:01:01;HLA-A*02:01:01	1	1	2
g_group	test_B_gourraud	NA12003	EUR	B	HLA-B*13:02:01;HLA-B*08:01:01	1	1	2
g_group	test_B_gourraud	NA12003	EUR	C	HLA-C*07:01:01;HLA-C*06:02:01	1	1	2
g_group	test_B_gourraud	NA12003	EUR	DRB1	HLA-DRB1*15:01:01;HLA-DRB1*04:01:01	1	1	2
g_group	test_B_gourraud	NA12003	EUR	DQB1	HLA-DQB1*03:02:01;HLA-DQB1*06:02:01	1	1	2
g_group	test_B_gourraud	NA12004	EUR	A	HLA-A*02:01:01;HLA-A*24:02:01	1	1	2
g_group	test_B_gourraud	NA12004	EUR	B	HLA-B*07:02:01;HLA-B*07:02:01	1	1	2
g_group	test_B_gourraud	NA12004	EUR	C	HLA-C*07:02:01;HLA-C*07:02:01	1	1	2
g_group	test_B_gourraud	NA12004	EUR	DRB1	HLA-DRB1*01:01:01;HLA-DRB1*15:01:01	1	1	2
g_group	test_B_gourraud	NA12004	EUR	DQB1	HLA-DQB1*05:01:01;HLA-DQB1*06:02:01	1	1	2
g_group	test_B_gourraud	NA12005	EUR	A	HLA-A*29:02:01;HLA-A*02:01:01	1	1	2
g_group	test_B_gourraud	NA12005	EUR	B	HLA-B*27:05:02;HLA-B*07:02:01	1	0	1
g_group	test_B_gourraud	NA12005	EUR	C	HLA-C*07:02:01;HLA-C*01:02:01,HLA-C*01:194	1	1	2
g_group	test_B_gourraud	NA12005	EUR	DRB1	HLA-DRB1*15:01:01;HLA-DRB1*15:01:01	1	1	2
g_group	test_B_gourraud	NA12005	EUR	DQB1	HLA-DQB1*06:02:01;HLA-DQB1*06:02:01	1	1	2
g_group	test_B_gourraud	NA12006	EUR	A	HLA-A*11:01:01;HLA-A*25:01:01	1	1	2
g_group	test_B_gourraud	NA12006	EUR	B	HLA-B*18:01:01;HLA-B*15:01:01	1	1	2
g_group	test_B_gourraud	NA12006	EUR	C	HLA-C*03:03:01;HLA-C*12:03:01	1	1	2
g_group	test_B_gourraud	NA12006	EUR	DRB1	HLA-DRB1*04:04:01;HLA-DRB1*15:01:01	1	1	2
g_group	test_B_gourraud	NA12006	EUR	DQB1	HLA-DQB1*06:02:01;HLA-DQB1*03:02:01	1	1	2
g_group	test_B_gourraud	NA12043	EUR	A	HLA-A*02:06:01;HLA-A*26:01:01	1	1	2
g_group	test_B_gourraud	NA12043	EUR	B	HLA-B*38:01:01;HLA-B*35:01:01	1	1	2
g_group	test_B_gourraud	NA12043	EUR	C	HLA-C*12:03:01,HLA-C*12:03:67,HLA-C*12:143,HLA-C*12:278,HLA-C*12:290,HLA-C*12:407,HLA-C*12:430;HLA-C*04:01:01	1	1	2
g_group	test_B_gourraud	NA12043	EUR	DRB1	HLA-DRB1*01:01:01;HLA-DRB1*04:04:01	1	1	2
g_group	test_B_gourraud	NA12043	EUR	DQB1	HLA-DQB1*05:01:01;HLA-DQB1*03:02:01	1	1	2
g_group	test_B_gourraud	NA12044	EUR	A	HLA-A*01:01:01;HLA-A*02:01:01	1	1	2
g_group	test_B_gourraud	NA12044	EUR	B	HLA-B*07:02:01;HLA-B*07:02:01	1	1	2
g_group	test_B_gourraud	NA12044	EUR	C	HLA-C*07:02:01;HLA-C*07:02:01	1	1	2
g_group	test_B_gourraud	NA12044	EUR	DRB1	HLA-DRB1*15:01:01;HLA-DRB1*13:01:01	1	1	2
g_group	test_B_gourraud	NA12044	EUR	DQB1	HLA-DQB1*06:02:01;HLA-DQB1*06:03:01	1	1	2
g_group	test_B_gourraud	NA12045	EUR	A	HLA-A*11:01:01;HLA-A*02:01:01	1	1	2
g_group	test_B_gourraud	NA12045	EUR	B	HLA-B*44:02:01;HLA-B*35:01:01	1	1	2
g_group	test_B_gourraud	NA12045	EUR	C	HLA-C*04:01:01;HLA-C*05:01:01	1	1	2
g_group	test_B_gourraud	NA12045	EUR	DRB1	HLA-DRB1*13:01:01;HLA-DRB1*14:54:01	1	1	2
g_group	test_B_gourraud	NA12045	EUR	DQB1	HLA-DQB1*05:03:01;HLA-DQB1*06:03:01	1	1	2
g_group	test_B_gourraud	NA12046	EUR	A	HLA-A*02:05:01;HLA-A*01:01:01	1	1	2
g_group	test_B_gourraud	NA12046	EUR	B	HLA-B*57:01:01;HLA-B*50:01:01	1	1	2
g_group	test_B_gourraud	NA12046	EUR	C	HLA-C*06:02:01;HLA-C*06:02:01	1	1	2
g_group	test_B_gourraud	NA12046	EUR	DRB1	HLA-DRB1*03:01:01;HLA-DRB1*07:01:01	1	1	2
g_group	test_B_gourraud	NA12046	EUR	DQB1	HLA-DQB1*02:02:01;HLA-DQB1*02:01:01	1	1	2
g_group	test_B_gourraud	NA12058	EUR	A	HLA-A*03:01:01;HLA-A*02:01:01	1	1	2
g_group	test_B_gourraud	NA12058	EUR	B	HLA-B*40:01:02;HLA-B*35:03:01	1	0	1
g_group	test_B_gourraud	NA12058	EUR	C	HLA-C*04:01:01;HLA-C*03:04:01	1	0	1
g_group	test_B_gourraud	NA12058	EUR	DRB1	HLA-DRB1*08:01:01;HLA-DRB1*04:04:01	1	1	2
g_group	test_B_gourraud	NA12058	EUR	DQB1	HLA-DQB1*03:02:01;HLA-DQB1*04:02:01	1	1	2
g_group	test_B_gourraud	NA12144	EUR	A	HLA-A*02:01:01;HLA-A*03:01:01	1	1	2
g_group	test_B_gourraud	NA12144	EUR	B	HLA-B*44:02:01;HLA-B*35:01:01	1	1	2
g_group	test_B_gourraud	NA12144	EUR	C	HLA-C*07:04:01;HLA-C*04:01:01	1	1	2
g_group	test_B_gourraud	NA12144	EUR	DRB1	HLA-DRB1*04:07:01;HLA-DRB1*01:01:01	1	1	2
g_group	test_B_gourraud	NA12144	EUR	DQB1	HLA-DQB1*05:01:01;HLA-DQB1*03:01:01	1	1	2
g_group	test_B_gourraud	NA12154	EUR	A	HLA-A*31:01:02;HLA-A*01:01:01	1	1	2
g_group	test_B_gourraud	NA12154	EUR	B	HLA-B*08:01:01;HLA-B*40:01:02	1	1	2
g_group	test_B_gourraud	NA12154	EUR	C	HLA-C*07:01:01;HLA-C*03:04:01	1	1	2
g_group	test_B_gourraud	NA12154	EUR	DRB1	HLA-DRB1*03:01:01;HLA-DRB1*04:04:01	1	1	2
g_group	test_B_gourraud	NA12154	EUR	DQB1	HLA-DQB1*03:02:01;HLA-DQB1*02:01:01	1	1	2
g_group	test_B_gourraud	NA12155	EUR	A	HLA-A*01:01:01;HLA-A*02:01:01	1	1	2
g_group	test_B_gourraud	NA12155	EUR	B	HLA-B*44:02:01;HLA-B*08:01:01	1	1	2
g_group	test_B_gourraud	NA12155	EUR	C	HLA-C*07:01:01;HLA-C*05:01:01	1	1	2
g_group	test_B_gourraud	NA12155	EUR	DRB1	HLA-DRB1*03:01:01;HLA-DRB1*04:01:01	1	1	2
g_group	test_B_gourraud	NA12155	EUR	DQB1	HLA-DQB1*02:01:01;HLA-DQB1*03:01:01	1	1	2
g_group	test_B_gourraud	NA12156	EUR	A	HLA-A*11:01:01;HLA-A*01:01:01	1	1	2
g_group	test_B_gourraud	NA12156	EUR	B	HLA-B*50:01:01;HLA-B*51:01:01,HLA-B*51:01:64	1	1	2
g_group	test_B_gourraud	NA12156	EUR	C	HLA-C*15:02:01;HLA-C*06:06:01	1	0	1
g_group	test_B_gourraud	NA12156	EUR	DRB1	HLA-DRB1*07:01:01;HLA-DRB1*04:07:01	1	1	2
g_group	test_B_gourraud	NA12156	EUR	DQB1	HLA-DQB1*02:02:01;HLA-DQB1*03:01:01	1	1	2
g_group	test_B_gourraud	NA12234	EUR	A	HLA-A*32:01:01;HLA-A*11:01:01	1	1	2
g_group	test_B_gourraud	NA12234	EUR	B	HLA-B*40:02:01;HLA-B*44:03:01	1	1	2
g_group	test_B_gourraud	NA12234	EUR	DRB1	HLA-DRB1*07:01:01;HLA-DRB1*14:04:01	1	1	2
g_group	test_B_gourraud	NA12234	EUR	DQB1	HLA-DQB1*02:02:01;HLA-DQB1*05:03:01	1	1	2
g_group	test_B_gourraud	NA12249	EUR	A	HLA-A*25:01:01;HLA-A*02:01:01	1	1	2
g_group	test_B_gourraud	NA12249	EUR	C	HLA-C*05:01:01;HLA-C*03:04:01	1	1	2
g_group	test_B_gourraud	NA12249	EUR	DRB1	HLA-DRB1*13:02:01;HLA-DRB1*04:01:01	1	1	2
g_group	test_B_gourraud	NA12249	EUR	DQB1	HLA-DQB1*03:02:01;HLA-DQB1*06:04:01	1	1	2
g_group	test_B_gourraud	NA12272	EUR	A	HLA-A*68:01:02;HLA-A*02:01:01	1	1	2
g_group	test_B_gourraud	NA12272	EUR	B	HLA-B*44:02:01;HLA-B*44:02:01	1	1	2
g_group	test_B_gourraud	NA12272	EUR	C	HLA-C*07:04:01;HLA-C*07:04:01	1	1	2
g_group	test_B_gourraud	NA12272	EUR	DRB1	HLA-DRB1*10:01:01;HLA-DRB1*14:54:01	1	1	2
g_group	test_B_gourraud	NA12272	EUR	DQB1	HLA-DQB1*05:01:01;HLA-DQB1*05:03:01	1	1	2
g_group	test_B_gourraud	NA12273	EUR	A	HLA-A*32:01:01;HLA-A*02:01:01	1	1	2
g_group	test_B_gourraud	NA12273	EUR	B	HLA-B*44:02:01;HLA-B*35:01:01	1	1	2
g_group	test_B_gourraud	NA12273	EUR	C	HLA-C*07:04:01;HLA-C*04:01:01,HLA-C*04:275:01	1	1	2
g_group	test_B_gourraud	NA12273	EUR	DRB1	HLA-DRB1*11:01:01;HLA-DRB1*13:05:01	1	1	2
g_group	test_B_gourraud	NA12273	EUR	DQB1	HLA-DQB1*03:01:01;HLA-DQB1*03:01:01	1	1	2
g_group	test_B_gourraud	NA12275	EUR	A	HLA-A*03:01:01;HLA-A*23:01:01	1	1	2
g_group	test_B_gourraud	NA12275	EUR	B	HLA-B*14:01:01;HLA-B*07:02:01	1	1	2
g_group	test_B_gourraud	NA12275	EUR	C	HLA-C*07:02:01;HLA-C*08:02:01	1	1	2
g_group	test_B_gourraud	NA12275	EUR	DRB1	HLA-DRB1*15:01:01;HLA-DRB1*12:01:01	1	1	2
g_group	test_B_gourraud	NA12275	EUR	DQB1	HLA-DQB1*06:02:01;HLA-DQB1*03:01:01	1	1	2
g_group	test_B_gourraud	NA12282	EUR	A	HLA-A*01:01:01;HLA-A*02:01:01	1	1	2
g_group	test_B_gourraud	NA12282	EUR	B	HLA-B*08:01:01;HLA-B*37:01:01	1	1	2
g_group	test_B_gourraud	NA12282	EUR	C	HLA-C*03:04:01;HLA-C*06:02:01	1	1	2
g_group	test_B_gourraud	NA12282	EUR	DRB1	HLA-DRB1*03:01:01;HLA-DRB1*10:01:01	1	1	2
g_group	test_B_gourraud	NA12282	EUR	DQB1	HLA-DQB1*05:01:01;HLA-DQB1*02:01:01	1	1	2
g_group	test_B_gourraud	NA12283	EUR	A	HLA-A*02:01:01;HLA-A*03:01:01	1	1	2
g_group	test_B_gourraud	NA12283	EUR	B	HLA-B*15:01:01;HLA-B*57:01:01	1	1	2
g_group	test_B_gourraud	NA12283	EUR	C	HLA-C*03:03:01;HLA-C*06:02:01	1	1	2
g_group	test_B_gourraud	NA12283	EUR	DRB1	HLA-DRB1*01:01:01;HLA-DRB1*07:01:01	1	1	2
g_group	test_B_gourraud	NA12283	EUR	DQB1	HLA-DQB1*03:03:02;HLA-DQB1*05:01:01	1	1	2
g_group	test_B_gourraud	NA12286	EUR	A	HLA-A*24:02:01;HLA-A*02:01:01	1	1	2
g_group	test_B_gourraud	NA12286	EUR	B	HLA-B*57:01:01;HLA-B*13:02:01	1	1	2
g_group	test_B_gourraud	NA12286	EUR	C	HLA-C*06:02:01;HLA-C*06:02:01	1	1	2
g_group	test_B_gourraud	NA12286	EUR	DRB1	HLA-DRB1*07:01:01;HLA-DRB1*07:01:01	1	1	2
g_group	test_B_gourraud	NA12286	EUR	DQB1	HLA-DQB1*03:03:02;HLA-DQB1*02:02:01	1	1	2
g_group	test_B_gourraud	NA12287	EUR	A	HLA-A*11:01:01;HLA-A*02:01:01	1	1	2
g_group	test_B_gourraud	NA12287	EUR	B	HLA-B*51:01:01;HLA-B*15:01:01	1	0	1
g_group	test_B_gourraud	NA12287	EUR	C	HLA-C*03:04:01;HLA-C*15:02:01	1	1	2
g_group	test_B_gourraud	NA12287	EUR	DRB1	HLA-DRB1*04:01:01;HLA-DRB1*04:04:01	1	1	2
g_group	test_B_gourraud	NA12287	EUR	DQB1	HLA-DQB1*03:02:01;HLA-DQB1*03:02:01	1	1	2
g_group	test_B_gourraud	NA18501	AFR	A	HLA-A*66:02:01;HLA-A*33:01:01	1	1	2
g_group	test_B_gourraud	NA18501	AFR	B	HLA-B*14:01:01;HLA-B*78:01:01	1	1	2
g_group	test_B_gourraud	NA18501	AFR	C	HLA-C*08:02:01;HLA-C*16:01:01	1	1	2
g_group	test_B_gourraud	NA18501	AFR	DRB1	HLA-DRB1*01:02:01;HLA-DRB1*13:01:01	1	1	2
g_group	test_B_gourraud	NA18501	AFR	DQB1	HLA-DQB1*06:03:01;HLA-DQB1*05:01:01	1	1	2
g_group	test_B_gourraud	NA18502	AFR	A	HLA-A*74:01:01;HLA-A*24:24	1	1	2
g_group	test_B_gourraud	NA18502	AFR	B	HLA-B*14:03;HLA-B*58:01:01	1	1	2
g_group	test_B_gourraud	NA18502	AFR	C	HLA-C*07:01:01;HLA-C*08:02:01	1	1	2
g_group	test_B_gourraud	NA18502	AFR	DRB1	HLA-DRB1*07:01:01;HLA-DRB1*13:02:01,HLA-DRB1*13:16:01	1	0	1
g_group	test_B_gourraud	NA18502	AFR	DQB1	HLA-DQB1*05:01:01;HLA-DQB1*02:02:01	1	1	2
g_group	leak_gourraud	NA18504	AFR	A	HLA-A*36:01:01;HLA-A*36:01:01	1	1	2
g_group	leak_gourraud	NA18504	AFR	B	HLA-B*39:10:01;HLA-B*15:03:01	1	1	2
g_group	leak_gourraud	NA18504	AFR	C	HLA-C*02:10:01;HLA-C*12:03:01	1	1	2
g_group	leak_gourraud	NA18504	AFR	DRB1	HLA-DRB1*01:02:01;HLA-DRB1*03:01:01	1	1	2
g_group	leak_gourraud	NA18504	AFR	DQB1	HLA-DQB1*02:01:01;HLA-DQB1*05:01:01	1	1	2
g_group	leak_gourraud	NA18507	AFR	A	HLA-A*30:01:01;HLA-A*23:01:01	1	1	2
g_group	leak_gourraud	NA18507	AFR	B	HLA-B*42:01:01;HLA-B*15:03:01	1	1	2
g_group	leak_gourraud	NA18507	AFR	C	HLA-C*17:01:01;HLA-C*02:10:01	1	1	2
g_group	leak_gourraud	NA18507	AFR	DRB1	HLA-DRB1*13:02:01;HLA-DRB1*08:04:01	1	0	1
g_group	leak_gourraud	NA18507	AFR	DQB1	HLA-DQB1*06:09:01;HLA-DQB1*03:01:04	1	0	1
g_group	test_B_gourraud	NA18516	AFR	A	HLA-A*29:02:01;HLA-A*03:01:01	1	1	2
g_group	test_B_gourraud	NA18516	AFR	B	HLA-B*53:01:01;HLA-B*15:10:01	1	1	2
g_group	test_B_gourraud	NA18516	AFR	C	HLA-C*04:01:01;HLA-C*04:01:01	1	1	2
g_group	test_B_gourraud	NA18516	AFR	DRB1	HLA-DRB1*08:04:01;HLA-DRB1*03:02:01	1	1	2
g_group	test_B_gourraud	NA18516	AFR	DQB1	HLA-DQB1*04:02:01;HLA-DQB1*03:19:01	1	1	2
g_group	test_B_gourraud	NA18517	AFR	A	HLA-A*03:01:01;HLA-A*74:01:01	1	1	2
g_group	test_B_gourraud	NA18517	AFR	B	HLA-B*49:01:01;HLA-B*51:01:01	1	1	2
g_group	test_B_gourraud	NA18517	AFR	C	HLA-C*16:01:01;HLA-C*07:01:02	1	1	2
g_group	test_B_gourraud	NA18517	AFR	DRB1	HLA-DRB1*13:03:01;HLA-DRB1*12:01:01	1	1	2
g_group	test_B_gourraud	NA18517	AFR	DQB1	HLA-DQB1*02:02:01;HLA-DQB1*03:01:01	1	1	2
g_group	leak_gourraud	NA18523	AFR	A	HLA-A*03:01:01;HLA-A*01:01:01	1	1	2
g_group	leak_gourraud	NA18523	AFR	B	HLA-B*35:01:01,HLA-B*35:370,HLA-B*35:615;HLA-B*07:02:01	1	1	2
g_group	leak_gourraud	NA18523	AFR	C	HLA-C*04:01:01;HLA-C*15:05:02	1	1	2
g_group	leak_gourraud	NA18523	AFR	DRB1	HLA-DRB1*03:02:01;HLA-DRB1*12:01:01	1	1	2
g_group	leak_gourraud	NA18523	AFR	DQB1	HLA-DQB1*05:01:01;HLA-DQB1*04:02:01	1	1	2
g_group	test_B_gourraud	NA18526	EAS	A	HLA-A*33:03:01;HLA-A*24:02:01	1	1	2
g_group	test_B_gourraud	NA18526	EAS	B	HLA-B*40:01:02;HLA-B*58:01:01	1	1	2
g_group	test_B_gourraud	NA18526	EAS	C	HLA-C*03:02:02;HLA-C*07:02:01	1	1	2
g_group	test_B_gourraud	NA18526	EAS	DRB1	HLA-DRB1*12:02:01;HLA-DRB1*03:01:01	1	1	2
g_group	test_B_gourraud	NA18526	EAS	DQB1	HLA-DQB1*02:01:01;HLA-DQB1*03:01:01	1	1	2
g_group	test_B_gourraud	NA18530	EAS	A	HLA-A*24:02:01;HLA-A*02:01:01	1	1	2
g_group	test_B_gourraud	NA18530	EAS	B	HLA-B*48:01:01;HLA-B*44:03:01	1	1	2
g_group	test_B_gourraud	NA18530	EAS	C	HLA-C*08:22:01;HLA-C*04:01:01	1	1	2
g_group	test_B_gourraud	NA18530	EAS	DRB1	HLA-DRB1*07:01:01;HLA-DRB1*15:01:01	1	1	2
g_group	test_B_gourraud	NA18530	EAS	DQB1	HLA-DQB1*02:02:01;HLA-DQB1*06:02:01	1	1	2
g_group	test_B_gourraud	NA18532	EAS	A	HLA-A*30:01:01;HLA-A*68:01:02	1	0	1
g_group	test_B_gourraud	NA18532	EAS	B	HLA-B*13:02:01;HLA-B*15:18:01	1	1	2
g_group	test_B_gourraud	NA18532	EAS	C	HLA-C*07:04:01;HLA-C*06:02:01	1	1	2
g_group	test_B_gourraud	NA18532	EAS	DRB1	HLA-DRB1*04:01:01;HLA-DRB1*07:01:01	1	1	2
g_group	test_B_gourraud	NA18532	EAS	DQB1	HLA-DQB1*02:02:01;HLA-DQB1*03:01:01	1	1	2
g_group	test_B_gourraud	NA18534	EAS	A	HLA-A*11:01:01;HLA-A*02:01:01	1	1	2
g_group	test_B_gourraud	NA18534	EAS	B	HLA-B*15:01:01;HLA-B*58:01:01,HLA-B*58:117	1	1	2
g_group	test_B_gourraud	NA18534	EAS	C	HLA-C*03:02:02;HLA-C*04:01:01	1	1	2
g_group	test_B_gourraud	NA18534	EAS	DRB1	HLA-DRB1*04:06:01;HLA-DRB1*03:01:01	1	1	2
g_group	test_B_gourraud	NA18534	EAS	DQB1	HLA-DQB1*03:02:01;HLA-DQB1*02:01:01	1	1	2
g_group	test_B_gourraud	NA18536	EAS	A	HLA-A*11:01:01;HLA-A*24:02:01	1	1	2
g_group	test_B_gourraud	NA18536	EAS	B	HLA-B*48:01:01;HLA-B*51:02:01	1	1	2
g_group	test_B_gourraud	NA18536	EAS	C	HLA-C*15:02:01;HLA-C*07:02:01	1	1	2
g_group	test_B_gourraud	NA18536	EAS	DRB1	HLA-DRB1*08:03:02;HLA-DRB1*15:01:01	1	1	2
g_group	test_B_gourraud	NA18536	EAS	DQB1	HLA-DQB1*06:01:01;HLA-DQB1*06:02:01	1	1	2
g_group	test_B_gourraud	NA18537	EAS	A	HLA-A*11:01:01;HLA-A*02:07:01	1	0	1
g_group	test_B_gourraud	NA18537	EAS	B	HLA-B*38:02:01;HLA-B*46:01:01	1	1	2
g_group	test_B_gourraud	NA18537	EAS	C	HLA-C*07:02:01;HLA-C*01:02:01	1	1	2
g_group	test_B_gourraud	NA18537	EAS	DRB1	HLA-DRB1*16:02:01;HLA-DRB1*09:01:02	1	1	2
g_group	test_B_gourraud	NA18537	EAS	DQB1	HLA-DQB1*03:03:02;HLA-DQB1*05:02:01	1	1	2
g_group	test_B_gourraud	NA18542	EAS	A	HLA-A*33:03:01;HLA-A*11:01:01	1	1	2
g_group	test_B_gourraud	NA18542	EAS	B	HLA-B*58:01:01;HLA-B*46:01:01	1	1	2
g_group	test_B_gourraud	NA18542	EAS	C	HLA-C*03:02:02;HLA-C*01:02:01	1	1	2
g_group	test_B_gourraud	NA18542	EAS	DRB1	HLA-DRB1*03:01:01;HLA-DRB1*09:01:02	1	1	2
g_group	test_B_gourraud	NA18542	EAS	DQB1	HLA-DQB1*02:01:01;HLA-DQB1*03:03:02	1	1	2
g_group	test_B_gourraud	NA18543	EAS	A	HLA-A*11:01:01;HLA-A*11:01:01	1	1	2
g_group	test_B_gourraud	NA18543	EAS	B	HLA-B*13:01:01;HLA-B*46:01:01	1	1	2
g_group	test_B_gourraud	NA18543	EAS	C	HLA-C*03:04:01;HLA-C*01:02:01	1	1	2
g_group	test_B_gourraud	NA18543	EAS	DRB1	HLA-DRB1*09:01:02;HLA-DRB1*15:01:01	1	1	2
g_group	test_B_gourraud	NA18543	EAS	DQB1	HLA-DQB1*03:03:02;HLA-DQB1*06:01:01	1	1	2
g_group	test_B_gourraud	NA18544	EAS	A	HLA-A*01:01:01;HLA-A*11:01:01	1	1	2
g_group	test_B_gourraud	NA18544	EAS	B	HLA-B*07:02:01;HLA-B*52:01:01	1	1	2
g_group	test_B_gourraud	NA18544	EAS	C	HLA-C*07:02:01;HLA-C*12:02:02	1	1	2
g_group	test_B_gourraud	NA18544	EAS	DRB1	HLA-DRB1*01:01:01;HLA-DRB1*15:02:01	1	1	2
g_group	test_B_gourraud	NA18544	EAS	DQB1	HLA-DQB1*05:01:01;HLA-DQB1*06:01:01	1	1	2
g_group	test_B_gourraud	NA18545	EAS	A	HLA-A*24:02:01;HLA-A*11:01:01	1	1	2
g_group	test_B_gourraud	NA18545	EAS	B	HLA-B*40:01:02;HLA-B*40:01:02	1	1	2
g_group	test_B_gourraud	NA18545	EAS	C	HLA-C*04:82:01;HLA-C*07:02:01	1	1	2
g_group	test_B_gourraud	NA18545	EAS	DRB1	HLA-DRB1*04:03:01;HLA-DRB1*04:05:01	1	1	2
g_group	test_B_gourraud	NA18545	EAS	DQB1	HLA-DQB1*03:02:01;HLA-DQB1*04:01:01	1	1	2
g_group	test_B_gourraud	NA18546	EAS	A	HLA-A*11:01:01;HLA-A*11:01:01	1	1	2
g_group	test_B_gourraud	NA18546	EAS	B	HLA-B*40:01:02;HLA-B*58:01:01,HLA-B*58:117,HLA-B*58:120	1	1	2
g_group	test_B_gourraud	NA18546	EAS	C	HLA-C*03:02:02;HLA-C*03:04:01	1	1	2
g_group	test_B_gourraud	NA18546	EAS	DRB1	HLA-DRB1*03:01:01;HLA-DRB1*04:05:01	1	1	2
g_group	test_B_gourraud	NA18546	EAS	DQB1	HLA-DQB1*02:01:01;HLA-DQB1*04:01:01	1	1	2
g_group	test_B_gourraud	NA18547	EAS	A	HLA-A*68:01:01;HLA-A*02:03:01	1	1	2
g_group	test_B_gourraud	NA18547	EAS	B	HLA-B*38:01:01;HLA-B*15:02:01	1	1	2
g_group	test_B_gourraud	NA18547	EAS	C	HLA-C*08:01:01;HLA-C*12:03:01	1	1	2
g_group	test_B_gourraud	NA18547	EAS	DRB1	HLA-DRB1*13:01:01;HLA-DRB1*04:01:01	1	1	2
g_group	test_B_gourraud	NA18547	EAS	DQB1	HLA-DQB1*03:02:01;HLA-DQB1*06:03:01	1	1	2
g_group	test_B_gourraud	NA18548	EAS	A	HLA-A*30:01:01;HLA-A*31:01:02	1	1	2
g_group	test_B_gourraud	NA18548	EAS	B	HLA-B*40:02:01;HLA-B*51:01:01	1	1	2
g_group	test_B_gourraud	NA18548	EAS	DRB1	HLA-DRB1*09:01:02;HLA-DRB1*01:01:01	1	1	2
g_group	test_B_gourraud	NA18548	EAS	DQB1	HLA-DQB1*03:03:02;HLA-DQB1*05:01:01	1	1	2
g_group	test_B_gourraud	NA18549	EAS	A	HLA-A*33:03:01;HLA-A*02:03:01	1	1	2
g_group	test_B_gourraud	NA18549	EAS	B	HLA-B*58:01:01,HLA-B*58:120;HLA-B*55:02:01	1	1	2
g_group	test_B_gourraud	NA18549	EAS	C	HLA-C*03:02:02;HLA-C*12:03:01	1	1	2
g_group	test_B_gourraud	NA18549	EAS	DRB1	HLA-DRB1*16:02:01;HLA-DRB1*01:01:01	1	1	2
g_group	test_B_gourraud	NA18549	EAS	DQB1	HLA-DQB1*05:02:01;HLA-DQB1*05:01:01	1	1	2
g_group	test_B_gourraud	NA18550	EAS	A	HLA-A*02:07:01;HLA-A*02:07:01	1	0	0
g_group	test_B_gourraud	NA18550	EAS	B	HLA-B*13:01:01;HLA-B*46:01:01	1	1	2
g_group	test_B_gourraud	NA18550	EAS	C	HLA-C*03:04:01;HLA-C*01:02:01	1	1	2
g_group	test_B_gourraud	NA18550	EAS	DRB1	HLA-DRB1*09:01:02;HLA-DRB1*15:01:01	1	1	2
g_group	test_B_gourraud	NA18550	EAS	DQB1	HLA-DQB1*03:03:02;HLA-DQB1*06:01:01	1	1	2
g_group	test_B_gourraud	NA18552	EAS	A	HLA-A*11:01:01;HLA-A*02:07:01	1	0	1
g_group	test_B_gourraud	NA18552	EAS	B	HLA-B*46:01:01;HLA-B*40:02:01	1	1	2
g_group	test_B_gourraud	NA18552	EAS	C	HLA-C*15:02:01,HLA-C*15:176;HLA-C*01:02:01	1	1	2
g_group	test_B_gourraud	NA18552	EAS	DRB1	HLA-DRB1*09:01:02;HLA-DRB1*12:02:01	1	1	2
g_group	test_B_gourraud	NA18552	EAS	DQB1	HLA-DQB1*05:02:01;HLA-DQB1*03:03:02	1	1	2
g_group	test_B_gourraud	NA18555	EAS	A	HLA-A*11:01:01;HLA-A*02:06:01	1	1	2
g_group	test_B_gourraud	NA18555	EAS	B	HLA-B*07:06:01;HLA-B*54:01:01	1	1	2
g_group	test_B_gourraud	NA18555	EAS	C	HLA-C*01:02:01;HLA-C*07:02:01	1	1	2
g_group	test_B_gourraud	NA18555	EAS	DRB1	HLA-DRB1*04:05:01;HLA-DRB1*11:01:01	1	1	2
g_group	test_B_gourraud	NA18555	EAS	DQB1	HLA-DQB1*04:01:01;HLA-DQB1*03:01:01	1	1	2
g_group	test_B_gourraud	NA18557	EAS	A	HLA-A*03:01:01;HLA-A*02:01:01	1	1	2
g_group	test_B_gourraud	NA18557	EAS	B	HLA-B*44:02:01;HLA-B*35:03:01	1	1	2
g_group	test_B_gourraud	NA18557	EAS	C	HLA-C*05:01:01;HLA-C*12:03:01	1	1	2
g_group	test_B_gourraud	NA18557	EAS	DRB1	HLA-DRB1*07:01:01;HLA-DRB1*13:01:01	1	1	2
g_group	test_B_gourraud	NA18557	EAS	DQB1	HLA-DQB1*06:03:01;HLA-DQB1*03:03:02	1	1	2
g_group	test_B_gourraud	NA18558	EAS	A	HLA-A*24:02:01;HLA-A*02:01:01	1	1	2
g_group	test_B_gourraud	NA18558	EAS	B	HLA-B*67:01:01;HLA-B*48:01:01	1	1	2
g_group	test_B_gourraud	NA18558	EAS	C	HLA-C*08:01:01;HLA-C*07:02:01	1	1	2
g_group	test_B_gourraud	NA18558	EAS	DRB1	HLA-DRB1*09:01:02;HLA-DRB1*15:01:01	1	1	2
g_group	test_B_gourraud	NA18558	EAS	DQB1	HLA-DQB1*06:02:01;HLA-DQB1*03:03:02	1	1	2
g_group	test_B_gourraud	NA18559	EAS	A	HLA-A*11:01:01;HLA-A*01:01:01	1	1	2
g_group	test_B_gourraud	NA18559	EAS	B	HLA-B*37:01:01,HLA-B*37:01:39;HLA-B*15:02:01	1	1	2
g_group	test_B_gourraud	NA18559	EAS	C	HLA-C*08:01:01;HLA-C*06:02:01	1	1	2
g_group	test_B_gourraud	NA18559	EAS	DRB1	HLA-DRB1*10:01:01;HLA-DRB1*13:12:01	1	1	2
g_group	test_B_gourraud	NA18559	EAS	DQB1	HLA-DQB1*05:01:01;HLA-DQB1*03:01:01	1	1	2
g_group	test_B_gourraud	NA18561	EAS	A	HLA-A*26:01:01;HLA-A*24:02:01	1	1	2
g_group	test_B_gourraud	NA18561	EAS	B	HLA-B*59:01:01;HLA-B*39:01:01	1	1	2
g_group	test_B_gourraud	NA18561	EAS	C	HLA-C*01:02:01;HLA-C*07:02:01	1	1	2
g_group	test_B_gourraud	NA18561	EAS	DRB1	HLA-DRB1*08:03:02;HLA-DRB1*04:05:01	1	1	2
g_group	test_B_gourraud	NA18561	EAS	DQB1	HLA-DQB1*04:01:01;HLA-DQB1*06:01:01	1	1	2
g_group	test_B_gourraud	NA18562	EAS	A	HLA-A*33:03:01;HLA-A*11:01:01	1	1	2
g_group	test_B_gourraud	NA18562	EAS	B	HLA-B*52:01:01;HLA-B*51:01:01	1	1	2
g_group	test_B_gourraud	NA18562	EAS	C	HLA-C*14:02:01;HLA-C*12:02:02	1	1	2
g_group	test_B_gourraud	NA18562	EAS	DRB1	HLA-DRB1*09:01:02;HLA-DRB1*12:02:01	1	1	2
g_group	test_B_gourraud	NA18562	EAS	DQB1	HLA-DQB1*03:03:02;HLA-DQB1*03:01:01	1	1	2
g_group	test_B_gourraud	NA18563	EAS	A	HLA-A*02:01:01;HLA-A*33:03:01	1	1	2
g_group	test_B_gourraud	NA18563	EAS	B	HLA-B*48:01:01;HLA-B*51:01:01	1	1	2
g_group	test_B_gourraud	NA18563	EAS	C	HLA-C*15:02:01;HLA-C*08:03:01	1	0	1
g_group	test_B_gourraud	NA18563	EAS	DRB1	HLA-DRB1*04:03:01;HLA-DRB1*14:07:01	1	1	2
g_group	test_B_gourraud	NA18563	EAS	DQB1	HLA-DQB1*03:02:01;HLA-DQB1*05:02:01	1	1	2
g_group	test_B_gourraud	NA18564	EAS	A	HLA-A*30:01:01;HLA-A*02:01:01	1	1	2
g_group	test_B_gourraud	NA18564	EAS	B	HLA-B*13:02:01;HLA-B*13:01:01	1	1	2
g_group	test_B_gourraud	NA18564	EAS	C	HLA-C*03:04:01;HLA-C*06:02:01	1	1	2
g_group	test_B_gourraud	NA18564	EAS	DRB1	HLA-DRB1*07:01:01;HLA-DRB1*12:02:01	1	1	2
g_group	test_B_gourraud	NA18564	EAS	DQB1	HLA-DQB1*02:02:01;HLA-DQB1*03:01:01	1	1	2
g_group	test_B_gourraud	NA18566	EAS	A	HLA-A*02:01:01;HLA-A*33:03:01	1	1	2
g_group	test_B_gourraud	NA18566	EAS	B	HLA-B*08:01:01;HLA-B*35:01:01	1	1	2
g_group	test_B_gourraud	NA18566	EAS	C	HLA-C*03:03:01;HLA-C*07:02:01	1	1	2
g_group	test_B_gourraud	NA18566	EAS	DRB1	HLA-DRB1*03:01:01;HLA-DRB1*13:02:01	1	1	2
g_group	test_B_gourraud	NA18566	EAS	DQB1	HLA-DQB1*06:04:01;HLA-DQB1*02:01:01	1	1	2
g_group	test_B_gourraud	NA18571	EAS	A	HLA-A*24:02:01;HLA-A*03:02:01	1	1	2
g_group	test_B_gourraud	NA18571	EAS	B	HLA-B*40:01:02;HLA-B*51:01:01	1	1	2
g_group	test_B_gourraud	NA18571	EAS	C	HLA-C*07:02:01;HLA-C*15:02:01	1	1	2
g_group	test_B_gourraud	NA18571	EAS	DRB1	HLA-DRB1*08:01:01;HLA-DRB1*04:05:01	1	1	2
g_group	test_B_gourraud	NA18571	EAS	DQB1	HLA-DQB1*03:02:01;HLA-DQB1*04:02:01	1	1	2
g_group	test_B_gourraud	NA18572	EAS	A	HLA-A*31:01:02;HLA-A*24:02:01	1	1	2
g_group	test_B_gourraud	NA18572	EAS	B	HLA-B*54:01:01;HLA-B*15:01:01	1	1	2
g_group	test_B_gourraud	NA18572	EAS	C	HLA-C*03:03:01;HLA-C*01:02:01	1	1	2
g_group	test_B_gourraud	NA18572	EAS	DRB1	HLA-DRB1*14:05:01;HLA-DRB1*14:54:01	1	0	1
g_group	test_B_gourraud	NA18572	EAS	DQB1	HLA-DQB1*05:03:01;HLA-DQB1*05:02:01	1	1	2
g_group	test_B_gourraud	NA18573	EAS	A	HLA-A*02:07:01;HLA-A*02:07:01	1	0	0
g_group	test_B_gourraud	NA18573	EAS	B	HLA-B*54:01:01;HLA-B*46:01:01	1	1	2
g_group	test_B_gourraud	NA18573	EAS	C	HLA-C*07:02:01;HLA-C*01:02:01	1	1	2
g_group	test_B_gourraud	NA18573	EAS	DRB1	HLA-DRB1*09:01:02;HLA-DRB1*04:05:01	1	1	2
g_group	test_B_gourraud	NA18573	EAS	DQB1	HLA-DQB1*03:03:02;HLA-DQB1*04:01:01	1	1	2
g_group	test_B_gourraud	NA18577	EAS	A	HLA-A*02:01:01;HLA-A*02:01:01	1	1	2
g_group	test_B_gourraud	NA18577	EAS	B	HLA-B*40:01:02;HLA-B*15:01:01,HLA-B*15:01:60,HLA-B*15:01:70,HLA-B*15:456,HLA-B*15:457,HLA-B*15:465	1	1	2
g_group	test_B_gourraud	NA18577	EAS	C	HLA-C*01:02:01;HLA-C*15:02:01	1	1	2
g_group	test_B_gourraud	NA18577	EAS	DRB1	HLA-DRB1*08:03:02;HLA-DRB1*14:05:01	1	1	2
g_group	test_B_gourraud	NA18577	EAS	DQB1	HLA-DQB1*06:01:01;HLA-DQB1*05:03:01	1	1	2
g_group	test_B_gourraud	NA18579	EAS	A	HLA-A*11:01:01;HLA-A*11:01:01	1	1	2
g_group	test_B_gourraud	NA18579	EAS	B	HLA-B*81:02:01;HLA-B*52:01:01	1	1	2
g_group	test_B_gourraud	NA18579	EAS	C	HLA-C*08:22:01;HLA-C*12:02:02	1	1	2
g_group	test_B_gourraud	NA18579	EAS	DRB1	HLA-DRB1*15:02:01;HLA-DRB1*12:01:01	1	1	2
g_group	test_B_gourraud	NA18579	EAS	DQB1	HLA-DQB1*06:01:01;HLA-DQB1*03:01:01	1	1	2
g_group	test_B_gourraud	NA18582	EAS	A	HLA-A*24:02:01;HLA-A*11:01:01	1	1	2
g_group	test_B_gourraud	NA18582	EAS	B	HLA-B*52:01:01;HLA-B*40:01:02	1	1	2
g_group	test_B_gourraud	NA18582	EAS	C	HLA-C*07:02:01;HLA-C*12:02:02	1	1	2
g_group	test_B_gourraud	NA18582	EAS	DRB1	HLA-DRB1*09:01:02;HLA-DRB1*08:03:02	1	1	2
g_group	test_B_gourraud	NA18582	EAS	DQB1	HLA-DQB1*06:01:01;HLA-DQB1*03:03:02	1	1	2
g_group	test_B_gourraud	NA18592	EAS	A	HLA-A*31:01:02;HLA-A*24:02:01	1	1	2
g_group	test_B_gourraud	NA18592	EAS	B	HLA-B*40:06:01;HLA-B*15:18:01	1	1	2
g_group	test_B_gourraud	NA18592	EAS	C	HLA-C*08:22:01;HLA-C*08:01:01	1	1	2
g_group	test_B_gourraud	NA18592	EAS	DRB1	HLA-DRB1*15:01:01;HLA-DRB1*08:03:02	1	1	2
g_group	test_B_gourraud	NA18592	EAS	DQB1	HLA-DQB1*06:01:01;HLA-DQB1*06:02:01	1	1	2
g_group	test_B_gourraud	NA18593	EAS	A	HLA-A*01:01:01;HLA-A*24:02:01	1	1	2
g_group	test_B_gourraud	NA18593	EAS	B	HLA-B*40:01:02;HLA-B*37:01:01	1	1	2
g_group	test_B_gourraud	NA18593	EAS	C	HLA-C*06:02:01;HLA-C*04:82:01	1	1	2
g_group	test_B_gourraud	NA18593	EAS	DRB1	HLA-DRB1*10:01:01;HLA-DRB1*04:03:01	1	1	2
g_group	test_B_gourraud	NA18593	EAS	DQB1	HLA-DQB1*03:02:01;HLA-DQB1*05:01:01	1	1	2
g_group	test_B_gourraud	NA18595	EAS	A	HLA-A*02:01:01;HLA-A*11:01:01	1	1	2
g_group	test_B_gourraud	NA18595	EAS	B	HLA-B*40:01:02;HLA-B*44:02:01	1	1	2
g_group	test_B_gourraud	NA18595	EAS	C	HLA-C*05:01:01;HLA-C*15:02:01	1	1	2
g_group	test_B_gourraud	NA18595	EAS	DRB1	HLA-DRB1*15:01:01;HLA-DRB1*15:01:01	1	1	2
g_group	test_B_gourraud	NA18595	EAS	DQB1	HLA-DQB1*06:02:01;HLA-DQB1*06:02:01	1	1	2
g_group	test_B_gourraud	NA18596	EAS	A	HLA-A*03:01:01;HLA-A*24:02:01	1	1	2
g_group	test_B_gourraud	NA18596	EAS	B	HLA-B*35:01:01;HLA-B*46:01:01	1	1	2
g_group	test_B_gourraud	NA18596	EAS	C	HLA-C*01:02:01;HLA-C*04:01:01	1	1	2
g_group	test_B_gourraud	NA18596	EAS	DRB1	HLA-DRB1*01:01:01;HLA-DRB1*09:01:02	1	1	2
g_group	test_B_gourraud	NA18596	EAS	DQB1	HLA-DQB1*03:03:02;HLA-DQB1*05:01:01	1	1	2
g_group	test_B_gourraud	NA18597	EAS	A	HLA-A*11:01:01;HLA-A*24:02:01	1	1	2
g_group	test_B_gourraud	NA18597	EAS	B	HLA-B*51:01:01;HLA-B*35:01:01	1	1	2
g_group	test_B_gourraud	NA18597	EAS	C	HLA-C*14:02:01,HLA-C*14:115;HLA-C*04:01:01	1	1	2
g_group	test_B_gourraud	NA18597	EAS	DRB1	HLA-DRB1*09:01:02;HLA-DRB1*07:01:01	1	1	2
g_group	test_B_gourraud	NA18597	EAS	DQB1	HLA-DQB1*02:02:01;HLA-DQB1*03:03:02	1	1	2
g_group	test_B_gourraud	NA18599	EAS	A	HLA-A*24:02:01;HLA-A*26:01:01	1	1	2
g_group	test_B_gourraud	NA18599	EAS	B	HLA-B*13:02:01;HLA-B*54:01:01	1	1	2
g_group	test_B_gourraud	NA18599	EAS	C	HLA-C*06:02:01;HLA-C*01:02:01	1	1	2
g_group	test_B_gourraud	NA18599	EAS	DRB1	HLA-DRB1*07:01:01;HLA-DRB1*04:05:01	1	1	2
g_group	test_B_gourraud	NA18599	EAS	DQB1	HLA-DQB1*02:02:01;HLA-DQB1*04:01:01	1	1	2
g_group	test_B_gourraud	NA18602	EAS	A	HLA-A*31:01:02;HLA-A*24:02:01	1	1	2
g_group	test_B_gourraud	NA18602	EAS	B	HLA-B*15:07:01;HLA-B*54:01:01	1	1	2
g_group	test_B_gourraud	NA18602	EAS	C	HLA-C*03:03:01;HLA-C*01:02:01	1	1	2
g_group	test_B_gourraud	NA18602	EAS	DRB1	HLA-DRB1*04:05:01;HLA-DRB1*04:04:01	1	1	2
g_group	test_B_gourraud	NA18602	EAS	DQB1	HLA-DQB1*04:01:01;HLA-DQB1*03:02:01	1	1	2
g_group	test_B_gourraud	NA18603	EAS	A	HLA-A*02:06:01;HLA-A*30:01:01	1	1	2
g_group	test_B_gourraud	NA18603	EAS	B	HLA-B*13:02:01;HLA-B*40:06:01	1	1	2
g_group	test_B_gourraud	NA18603	EAS	C	HLA-C*08:01:01;HLA-C*06:02:01	1	1	2
g_group	test_B_gourraud	NA18603	EAS	DRB1	HLA-DRB1*07:01:01;HLA-DRB1*09:01:02	1	1	2
g_group	test_B_gourraud	NA18603	EAS	DQB1	HLA-DQB1*03:03:02;HLA-DQB1*02:02:01	1	1	2
g_group	test_B_gourraud	NA18605	EAS	A	HLA-A*02:06:01;HLA-A*02:03:01	1	1	2
g_group	test_B_gourraud	NA18605	EAS	B	HLA-B*38:02:01;HLA-B*15:01:01	1	1	2
g_group	test_B_gourraud	NA18605	EAS	C	HLA-C*03:03:01;HLA-C*07:02:01	1	1	2
g_group	test_B_gourraud	NA18605	EAS	DRB1	HLA-DRB1*15:01:01;HLA-DRB1*08:03:02	1	1	2
g_group	test_B_gourraud	NA18605	EAS	DQB1	HLA-DQB1*06:02:01;HLA-DQB1*06:01:01	1	1	2
g_group	test_B_gourraud	NA18606	EAS	A	HLA-A*11:01:01;HLA-A*02:06:01	1	1	2
g_group	test_B_gourraud	NA18606	EAS	B	HLA-B*13:01:01;HLA-B*46:01:01	1	1	2
g_group	test_B_gourraud	NA18606	EAS	C	HLA-C*03:04:04;HLA-C*03:03:01	1	1	2
g_group	test_B_gourraud	NA18606	EAS	DRB1	HLA-DRB1*09:01:02;HLA-DRB1*09:01:02	1	1	2
g_group	test_B_gourraud	NA18606	EAS	DQB1	HLA-DQB1*03:03:02;HLA-DQB1*03:03:02	1	1	2
g_group	test_B_gourraud	NA18609	EAS	A	HLA-A*03:01:01;HLA-A*02:03:01	1	1	2
g_group	test_B_gourraud	NA18609	EAS	B	HLA-B*38:02:01;HLA-B*35:03:01	1	1	2
g_group	test_B_gourraud	NA18609	EAS	C	HLA-C*07:02:01;HLA-C*12:03:01	1	1	2
g_group	test_B_gourraud	NA18609	EAS	DRB1	HLA-DRB1*08:03:02;HLA-DRB1*14:54:01	1	1	2
g_group	test_B_gourraud	NA18609	EAS	DQB1	HLA-DQB1*05:02:01;HLA-DQB1*06:01:01	1	1	2
g_group	test_B_gourraud	NA18610	EAS	A	HLA-A*11:01:01;HLA-A*24:02:01	1	1	2
g_group	test_B_gourraud	NA18610	EAS	B	HLA-B*35:01:01;HLA-B*52:01:01	1	1	2
g_group	test_B_gourraud	NA18610	EAS	C	HLA-C*03:03:01;HLA-C*12:02:02	1	1	2
g_group	test_B_gourraud	NA18610	EAS	DRB1	HLA-DRB1*10:01:01;HLA-DRB1*15:01:01	1	1	2
g_group	test_B_gourraud	NA18610	EAS	DQB1	HLA-DQB1*05:01:01;HLA-DQB1*06:02:01	1	1	2
g_group	test_B_gourraud	NA18611	EAS	A	HLA-A*11:01:04;HLA-A*11:01:01	1	1	2
g_group	test_B_gourraud	NA18611	EAS	B	HLA-B*46:01:01;HLA-B*51:01:01,HLA-B*51:01:64	1	1	2
g_group	test_B_gourraud	NA18611	EAS	C	HLA-C*14:02:01;HLA-C*07:02:01	1	1	2
g_group	test_B_gourraud	NA18611	EAS	DRB1	HLA-DRB1*16:02:01;HLA-DRB1*11:01:01	1	1	2
g_group	test_B_gourraud	NA18611	EAS	DQB1	HLA-DQB1*05:02:01;HLA-DQB1*03:01:01	1	1	2
g_group	test_B_gourraud	NA18612	EAS	A	HLA-A*02:06:01;HLA-A*01:01:01	1	1	2
g_group	test_B_gourraud	NA18612	EAS	B	HLA-B*57:01:01;HLA-B*40:06:01	1	1	2
g_group	test_B_gourraud	NA18612	EAS	C	HLA-C*06:02:01;HLA-C*08:01:01	1	1	2
g_group	test_B_gourraud	NA18612	EAS	DRB1	HLA-DRB1*15:01:01;HLA-DRB1*13:02:01	1	1	2
g_group	test_B_gourraud	NA18612	EAS	DQB1	HLA-DQB1*06:02:01;HLA-DQB1*06:04:01	1	1	2
g_group	test_B_gourraud	NA18613	EAS	A	HLA-A*11:01:01;HLA-A*24:02:01	1	1	2
g_group	test_B_gourraud	NA18613	EAS	B	HLA-B*13:01:01;HLA-B*51:01:01	1	1	2
g_group	test_B_gourraud	NA18613	EAS	C	HLA-C*03:04:01;HLA-C*14:02:01	1	1	2
g_group	test_B_gourraud	NA18613	EAS	DRB1	HLA-DRB1*08:03:02;HLA-DRB1*03:01:01	1	1	2
g_group	test_B_gourraud	NA18613	EAS	DQB1	HLA-DQB1*02:01:01;HLA-DQB1*06:01:01	1	1	2
g_group	test_B_gourraud	NA18614	EAS	A	HLA-A*31:01:02;HLA-A*33:03:01	1	1	2
g_group	test_B_gourraud	NA18614	EAS	B	HLA-B*46:01:01;HLA-B*58:01:01	1	1	2
g_group	test_B_gourraud	NA18614	EAS	C	HLA-C*03:02:02;HLA-C*01:02:01	1	1	2
g_group	test_B_gourraud	NA18614	EAS	DRB1	HLA-DRB1*03:01:01;HLA-DRB1*09:01:02	1	1	2
g_group	test_B_gourraud	NA18614	EAS	DQB1	HLA-DQB1*03:03:02;HLA-DQB1*02:01:01	1	1	2
g_group	test_B_gourraud	NA18615	EAS	A	HLA-A*02:07:01;HLA-A*30:01:01	1	1	2
g_group	test_B_gourraud	NA18615	EAS	B	HLA-B*13:02:01;HLA-B*46:01:01	1	1	2
g_group	test_B_gourraud	NA18615	EAS	C	HLA-C*01:02:01;HLA-C*06:02:01	1	1	2
g_group	test_B_gourraud	NA18615	EAS	DRB1	HLA-DRB1*08:03:02;HLA-DRB1*07:01:01	1	1	2
g_group	test_B_gourraud	NA18615	EAS	DQB1	HLA-DQB1*06:01:01;HLA-DQB1*02:02:01	1	1	2
g_group	test_B_gourraud	NA18616	EAS	A	HLA-A*24:02:01;HLA-A*02:01:01	1	1	2
g_group	test_B_gourraud	NA18616	EAS	B	HLA-B*40:01:02;HLA-B*15:18:01	1	1	2
g_group	test_B_gourraud	NA18616	EAS	C	HLA-C*07:02:01;HLA-C*08:01:01	1	1	2
g_group	test_B_gourraud	NA18616	EAS	DRB1	HLA-DRB1*11:01:01;HLA-DRB1*11:01:01	1	1	2
g_group	test_B_gourraud	NA18616	EAS	DQB1	HLA-DQB1*03:01:01;HLA-DQB1*03:01:01	1	1	2
g_group	test_B_gourraud	NA18617	EAS	A	HLA-A*02:01:01;HLA-A*33:03:01	1	1	2
g_group	test_B_gourraud	NA18617	EAS	B	HLA-B*40:01:02;HLA-B*58:01:01	1	1	2
g_group	test_B_gourraud	NA18617	EAS	C	HLA-C*03:02:02;HLA-C*15:02:01	1	1	2
g_group	test_B_gourraud	NA18617	EAS	DRB1	HLA-DRB1*04:05:01;HLA-DRB1*03:01:01	1	1	2
g_group	test_B_gourraud	NA18617	EAS	DQB1	HLA-DQB1*02:01:01;HLA-DQB1*04:01:01	1	1	2
g_group	test_B_gourraud	NA18618	EAS	A	HLA-A*24:02:01;HLA-A*02:01:01	1	1	2
g_group	test_B_gourraud	NA18618	EAS	B	HLA-B*40:01:02;HLA-B*15:27:01	1	1	2
g_group	test_B_gourraud	NA18618	EAS	C	HLA-C*03:04:01;HLA-C*04:01:01	1	1	2
g_group	test_B_gourraud	NA18618	EAS	DRB1	HLA-DRB1*11:01:01;HLA-DRB1*12:01:01	1	1	2
g_group	test_B_gourraud	NA18618	EAS	DQB1	HLA-DQB1*03:01:01;HLA-DQB1*03:01:01	1	1	2
g_group	test_B_gourraud	NA18619	EAS	A	HLA-A*33:03:01;HLA-A*02:03:01	1	1	2
g_group	test_B_gourraud	NA18619	EAS	B	HLA-B*40:150;HLA-B*58:01:01	1	1	2
g_group	test_B_gourraud	NA18619	EAS	C	HLA-C*03:04:01;HLA-C*03:02:02	1	1	2
g_group	test_B_gourraud	NA18619	EAS	DRB1	HLA-DRB1*15:02:01;HLA-DRB1*15:02:01	1	1	2
g_group	test_B_gourraud	NA18619	EAS	DQB1	HLA-DQB1*06:01:01;HLA-DQB1*05:01:24	1	1	2
g_group	test_B_gourraud	NA18621	EAS	A	HLA-A*11:01:01;HLA-A*24:02:01	1	1	2
g_group	test_B_gourraud	NA18621	EAS	B	HLA-B*15:01:01;HLA-B*15:18:01	1	1	2
g_group	test_B_gourraud	NA18621	EAS	C	HLA-C*08:01:01;HLA-C*01:02:01	1	1	2
g_group	test_B_gourraud	NA18621	EAS	DRB1	HLA-DRB1*12:01:01;HLA-DRB1*09:01:02	1	1	2
g_group	test_B_gourraud	NA18621	EAS	DQB1	HLA-DQB1*03:03:02;HLA-DQB1*03:01:01	1	1	2
g_group	test_B_gourraud	NA18622	EAS	A	HLA-A*03:01:01;HLA-A*24:02:01	1	1	2
g_group	test_B_gourraud	NA18622	EAS	B	HLA-B*51:01:01;HLA-B*35:03:01	1	1	2
g_group	test_B_gourraud	NA18622	EAS	C	HLA-C*12:03:01;HLA-C*14:02:01	1	1	2
g_group	test_B_gourraud	NA18622	EAS	DRB1	HLA-DRB1*09:01:02;HLA-DRB1*07:01:01	1	1	2
g_group	test_B_gourraud	NA18622	EAS	DQB1	HLA-DQB1*03:03:02;HLA-DQB1*03:03:02	1	1	2
g_group	test_B_gourraud	NA18623	EAS	A	HLA-A*30:01:01;HLA-A*24:02:01	1	1	2
g_group	test_B_gourraud	NA18623	EAS	B	HLA-B*40:01:02;HLA-B*13:02:01	1	1	2
g_group	test_B_gourraud	NA18623	EAS	C	HLA-C*03:04:01;HLA-C*06:02:01	1	1	2
g_group	test_B_gourraud	NA18623	EAS	DRB1	HLA-DRB1*07:01:01;HLA-DRB1*04:10:01	1	1	2
g_group	test_B_gourraud	NA18623	EAS	DQB1	HLA-DQB1*02:02:01;HLA-DQB1*04:02:01	1	1	2
g_group	test_B_gourraud	NA18624	EAS	A	HLA-A*32:01:01;HLA-A*30:01:01	1	1	2
g_group	test_B_gourraud	NA18624	EAS	B	HLA-B*13:02:01;HLA-B*52:01:01	1	1	2
g_group	test_B_gourraud	NA18624	EAS	C	HLA-C*06:02:01;HLA-C*12:02:02	1	1	2
g_group	test_B_gourraud	NA18624	EAS	DRB1	HLA-DRB1*07:01:01;HLA-DRB1*15:02:01	1	1	2
g_group	test_B_gourraud	NA18624	EAS	DQB1	HLA-DQB1*02:02:01;HLA-DQB1*06:01:01	1	1	2
g_group	test_B_gourraud	NA18625	EAS	A	HLA-A*11:01:01;HLA-A*02:07:01	1	1	2
g_group	test_B_gourraud	NA18625	EAS	B	HLA-B*46:01:01;HLA-B*37:01:01	1	1	2
g_group	test_B_gourraud	NA18625	EAS	C	HLA-C*01:02:01;HLA-C*06:02:01	1	1	2
g_group	test_B_gourraud	NA18625	EAS	DRB1	HLA-DRB1*12:01:01;HLA-DRB1*10:01:01	1	1	2
g_group	test_B_gourraud	NA18625	EAS	DQB1	HLA-DQB1*05:01:01;HLA-DQB1*03:01:01	1	1	2
g_group	test_B_gourraud	NA18626	EAS	A	HLA-A*02:05:01;HLA-A*03:01:01	1	1	2
g_group	test_B_gourraud	NA18626	EAS	B	HLA-B*50:01:01;HLA-B*27:07:01	1	1	2
g_group	test_B_gourraud	NA18626	EAS	C	HLA-C*15:02:01;HLA-C*06:02:01	1	1	2
g_group	test_B_gourraud	NA18626	EAS	DRB1	HLA-DRB1*11:04:01;HLA-DRB1*07:01:01	1	1	2
g_group	test_B_gourraud	NA18626	EAS	DQB1	HLA-DQB1*02:02:01;HLA-DQB1*03:01:01	1	1	2
g_group	test_B_gourraud	NA18627	EAS	A	HLA-A*24:02:01;HLA-A*11:01:01	1	1	2
g_group	test_B_gourraud	NA18627	EAS	B	HLA-B*51:01:01;HLA-B*15:542	1	1	2
g_group	test_B_gourraud	NA18627	EAS	C	HLA-C*14:02:01;HLA-C*04:01:01	1	1	2
g_group	test_B_gourraud	NA18627	EAS	DRB1	HLA-DRB1*11:01:01;HLA-DRB1*12:02:01	1	1	2
g_group	test_B_gourraud	NA18627	EAS	DQB1	HLA-DQB1*03:01:01;HLA-DQB1*03:01:01	1	1	2
g_group	test_B_gourraud	NA18628	EAS	A	HLA-A*33:03:01;HLA-A*02:07:01	1	1	2
g_group	test_B_gourraud	NA18628	EAS	B	HLA-B*58:01:01;HLA-B*46:01:01	1	1	2
g_group	test_B_gourraud	NA18628	EAS	C	HLA-C*03:02:02;HLA-C*01:02:01	1	1	2
g_group	test_B_gourraud	NA18628	EAS	DRB1	HLA-DRB1*09:01:02;HLA-DRB1*03:01:01	1	1	2
g_group	test_B_gourraud	NA18628	EAS	DQB1	HLA-DQB1*03:03:02;HLA-DQB1*02:01:01	1	1	2
g_group	test_B_gourraud	NA18630	EAS	A	HLA-A*11:01:01;HLA-A*33:03:01	1	1	2
g_group	test_B_gourraud	NA18630	EAS	B	HLA-B*40:01:02;HLA-B*15:02:01	1	1	2
g_group	test_B_gourraud	NA18630	EAS	C	HLA-C*03:04:01;HLA-C*08:01:01	1	1	2
g_group	test_B_gourraud	NA18630	EAS	DRB1	HLA-DRB1*12:01:01;HLA-DRB1*11:01:01	1	1	2
g_group	test_B_gourraud	NA18630	EAS	DQB1	HLA-DQB1*03:01:01;HLA-DQB1*03:01:01	1	1	2
g_group	test_B_gourraud	NA18631	EAS	A	HLA-A*11:01:01;HLA-A*68:01:02	1	1	2
g_group	test_B_gourraud	NA18631	EAS	B	HLA-B*40:01:02;HLA-B*35:01:01,HLA-B*35:370,HLA-B*35:615	1	1	2
g_group	test_B_gourraud	NA18631	EAS	C	HLA-C*07:02:01;HLA-C*07:02:01	1	1	2
g_group	test_B_gourraud	NA18631	EAS	DRB1	HLA-DRB1*08:03:02;HLA-DRB1*09:01:02	1	1	2
g_group	test_B_gourraud	NA18631	EAS	DQB1	HLA-DQB1*03:03:02;HLA-DQB1*06:01:01	1	1	2
g_group	test_B_gourraud	NA18632	EAS	A	HLA-A*11:01:01;HLA-A*33:03:01	1	1	2
g_group	test_B_gourraud	NA18632	EAS	B	HLA-B*46:01:01;HLA-B*58:01:01	1	1	2
g_group	test_B_gourraud	NA18632	EAS	C	HLA-C*03:02:02;HLA-C*01:02:01	1	1	2
g_group	test_B_gourraud	NA18632	EAS	DRB1	HLA-DRB1*09:01:02;HLA-DRB1*03:01:01	1	1	2
g_group	test_B_gourraud	NA18632	EAS	DQB1	HLA-DQB1*03:03:02;HLA-DQB1*02:01:01	1	1	2
g_group	test_B_gourraud	NA18633	EAS	A	HLA-A*11:01:01;HLA-A*11:01:01	1	1	2
g_group	test_B_gourraud	NA18633	EAS	B	HLA-B*54:01:01;HLA-B*54:01:01	1	1	2
g_group	test_B_gourraud	NA18633	EAS	C	HLA-C*01:02:01;HLA-C*01:02:01	1	1	2
g_group	test_B_gourraud	NA18633	EAS	DRB1	HLA-DRB1*08:03:02;HLA-DRB1*04:05:01	1	1	2
g_group	test_B_gourraud	NA18633	EAS	DQB1	HLA-DQB1*04:01:01;HLA-DQB1*06:01:01	1	1	2
g_group	test_B_gourraud	NA18634	EAS	A	HLA-A*11:01:01;HLA-A*24:02:01	1	1	2
g_group	test_B_gourraud	NA18634	EAS	B	HLA-B*40:02:01;HLA-B*46:01:01	1	1	2
g_group	test_B_gourraud	NA18634	EAS	C	HLA-C*03:03:01;HLA-C*01:02:01	1	1	2
g_group	test_B_gourraud	NA18634	EAS	DRB1	HLA-DRB1*09:01:02;HLA-DRB1*11:01:01	1	1	2
g_group	test_B_gourraud	NA18634	EAS	DQB1	HLA-DQB1*03:03:02;HLA-DQB1*03:01:01	1	1	2
g_group	test_B_gourraud	NA18635	EAS	A	HLA-A*11:01:01;HLA-A*11:01:01	1	1	2
g_group	test_B_gourraud	NA18635	EAS	B	HLA-B*40:06:01;HLA-B*51:01:01	1	1	2
g_group	test_B_gourraud	NA18635	EAS	C	HLA-C*14:02:01;HLA-C*08:01:01	1	1	2
g_group	test_B_gourraud	NA18635	EAS	DRB1	HLA-DRB1*09:01:02;HLA-DRB1*09:01:02	1	1	2
g_group	test_B_gourraud	NA18635	EAS	DQB1	HLA-DQB1*03:03:02;HLA-DQB1*03:03:02	1	1	2
g_group	test_B_gourraud	NA18636	EAS	A	HLA-A*11:01:01;HLA-A*24:02:01	1	1	2
g_group	test_B_gourraud	NA18636	EAS	B	HLA-B*46:01:01;HLA-B*40:01:02	1	1	2
g_group	test_B_gourraud	NA18636	EAS	C	HLA-C*01:02:01;HLA-C*07:02:01	1	1	2
g_group	test_B_gourraud	NA18636	EAS	DRB1	HLA-DRB1*09:01:02;HLA-DRB1*15:01:01	1	1	2
g_group	test_B_gourraud	NA18636	EAS	DQB1	HLA-DQB1*03:03:02;HLA-DQB1*05:02:01	1	1	2
g_group	test_B_gourraud	NA18637	EAS	A	HLA-A*11:01:01;HLA-A*02:01:01	1	1	2
g_group	test_B_gourraud	NA18637	EAS	B	HLA-B*67:01:02;HLA-B*15:01:01	1	1	2
g_group	test_B_gourraud	NA18637	EAS	C	HLA-C*07:02:01;HLA-C*04:01:01	1	1	2
g_group	test_B_gourraud	NA18637	EAS	DRB1	HLA-DRB1*12:02:01;HLA-DRB1*04:05:01	1	1	2
g_group	test_B_gourraud	NA18637	EAS	DQB1	HLA-DQB1*04:01:01;HLA-DQB1*03:01:01	1	1	2
g_group	test_B_gourraud	NA18638	EAS	A	HLA-A*33:03:01;HLA-A*24:02:01	1	1	2
g_group	test_B_gourraud	NA18638	EAS	B	HLA-B*40:01:02;HLA-B*58:01:01	1	1	2
g_group	test_B_gourraud	NA18638	EAS	C	HLA-C*03:02:02;HLA-C*07:02:01	1	1	2
g_group	test_B_gourraud	NA18638	EAS	DRB1	HLA-DRB1*03:01:01;HLA-DRB1*14:54:01	1	1	2
g_group	test_B_gourraud	NA18638	EAS	DQB1	HLA-DQB1*02:01:01;HLA-DQB1*05:02:01	1	1	2
g_group	test_B_gourraud	NA18639	EAS	A	HLA-A*11:01:01;HLA-A*24:02:01	1	1	2
g_group	test_B_gourraud	NA18639	EAS	B	HLA-B*54:01:01;HLA-B*15:02:01	1	1	2
g_group	test_B_gourraud	NA18639	EAS	C	HLA-C*08:01:01;HLA-C*01:02:01	1	1	2
g_group	test_B_gourraud	NA18639	EAS	DRB1	HLA-DRB1*12:02:01;HLA-DRB1*14:05:01	1	1	2
g_group	test_B_gourraud	NA18639	EAS	DQB1	HLA-DQB1*05:03:01;HLA-DQB1*03:01:01	1	1	2
g_group	test_B_gourraud	NA18640	EAS	A	HLA-A*02:06:01;HLA-A*02:01:01	1	1	2
g_group	test_B_gourraud	NA18640	EAS	B	HLA-B*46:01:01;HLA-B*46:01:01	1	1	2
g_group	test_B_gourraud	NA18640	EAS	C	HLA-C*01:02:01;HLA-C*01:02:01	1	1	2
g_group	test_B_gourraud	NA18640	EAS	DRB1	HLA-DRB1*09:01:02;HLA-DRB1*08:03:02	1	1	2
g_group	test_B_gourraud	NA18640	EAS	DQB1	HLA-DQB1*03:03:02;HLA-DQB1*06:01:01	1	1	2
g_group	test_B_gourraud	NA18641	EAS	A	HLA-A*11:02:01;HLA-A*24:02:01	1	1	2
g_group	test_B_gourraud	NA18641	EAS	B	HLA-B*40:01:02;HLA-B*51:01:01	1	1	2
g_group	test_B_gourraud	NA18641	EAS	C	HLA-C*03:04:01;HLA-C*14:02:01	1	1	2
g_group	test_B_gourraud	NA18641	EAS	DRB1	HLA-DRB1*09:01:02;HLA-DRB1*08:03:02	1	1	2
g_group	test_B_gourraud	NA18641	EAS	DQB1	HLA-DQB1*03:03:02;HLA-DQB1*06:01:01	1	1	2
g_group	test_B_gourraud	NA18642	EAS	A	HLA-A*26:01:01;HLA-A*68:01:02	1	1	2
g_group	test_B_gourraud	NA18642	EAS	B	HLA-B*38:01:01;HLA-B*07:02:01	1	1	2
g_group	test_B_gourraud	NA18642	EAS	C	HLA-C*07:02:01;HLA-C*12:03:01	1	1	2
g_group	test_B_gourraud	NA18642	EAS	DRB1	HLA-DRB1*01:01:01;HLA-DRB1*15:01:01	1	1	2
g_group	test_B_gourraud	NA18642	EAS	DQB1	HLA-DQB1*06:02:01;HLA-DQB1*05:01:01	1	1	2
g_group	test_B_gourraud	NA18643	EAS	A	HLA-A*24:02:01;HLA-A*02:07:01	1	1	2
g_group	test_B_gourraud	NA18643	EAS	B	HLA-B*46:01:01;HLA-B*40:06:01	1	1	2
g_group	test_B_gourraud	NA18643	EAS	C	HLA-C*08:01:01;HLA-C*01:03:01	1	1	2
g_group	test_B_gourraud	NA18643	EAS	DRB1	HLA-DRB1*12:01:01;HLA-DRB1*04:03:01	1	1	2
g_group	test_B_gourraud	NA18643	EAS	DQB1	HLA-DQB1*03:02:01;HLA-DQB1*03:01:01	1	1	2
g_group	test_B_gourraud	NA18645	EAS	A	HLA-A*33:03:01;HLA-A*11:01:01	1	1	2
g_group	test_B_gourraud	NA18645	EAS	B	HLA-B*58:01:01;HLA-B*40:02:01	1	1	2
g_group	test_B_gourraud	NA18645	EAS	C	HLA-C*03:02:02;HLA-C*07:02:01	1	1	2
g_group	test_B_gourraud	NA18645	EAS	DRB1	HLA-DRB1*13:02:01;HLA-DRB1*08:03:02	1	1	2
g_group	test_B_gourraud	NA18645	EAS	DQB1	HLA-DQB1*06:09:01;HLA-DQB1*06:01:01	1	1	2
g_group	test_B_gourraud	NA18647	EAS	A	HLA-A*03:01:01;HLA-A*26:01:01	1	1	2
g_group	test_B_gourraud	NA18647	EAS	B	HLA-B*13:02:01;HLA-B*44:02:01	1	1	2
g_group	test_B_gourraud	NA18647	EAS	C	HLA-C*05:01:01;HLA-C*06:02:01	1	1	2
g_group	test_B_gourraud	NA18647	EAS	DRB1	HLA-DRB1*13:01:01;HLA-DRB1*07:01:01	1	1	2
g_group	test_B_gourraud	NA18647	EAS	DQB1	HLA-DQB1*06:03:01;HLA-DQB1*02:02:01	1	1	2
g_group	test_B_gourraud	NA18740	EAS	A	HLA-A*11:01:01;HLA-A*11:01:01	1	1	2
g_group	test_B_gourraud	NA18740	EAS	B	HLA-B*40:01:02;HLA-B*13:01:01	1	1	2
g_group	test_B_gourraud	NA18740	EAS	C	HLA-C*03:04:04;HLA-C*07:02:01	1	1	2
g_group	test_B_gourraud	NA18740	EAS	DRB1	HLA-DRB1*16:02:01;HLA-DRB1*12:01:01	1	1	2
g_group	test_B_gourraud	NA18740	EAS	DQB1	HLA-DQB1*05:02:01;HLA-DQB1*03:01:01	1	1	2
g_group	test_B_gourraud	NA18745	EAS	A	HLA-A*11:01:01;HLA-A*24:02:01	1	1	2
g_group	test_B_gourraud	NA18745	EAS	B	HLA-B*38:02:01;HLA-B*48:01:01	1	1	2
g_group	test_B_gourraud	NA18745	EAS	C	HLA-C*08:03:01;HLA-C*07:02:01	1	1	2
g_group	test_B_gourraud	NA18745	EAS	DRB1	HLA-DRB1*12:02:01;HLA-DRB1*14:02:01	1	1	2
g_group	test_B_gourraud	NA18745	EAS	DQB1	HLA-DQB1*03:01:01;HLA-DQB1*03:01:01	1	1	2
g_group	test_B_gourraud	NA18748	EAS	A	HLA-A*11:02:01;HLA-A*03:01:01	1	1	2
g_group	test_B_gourraud	NA18748	EAS	B	HLA-B*07:02:01;HLA-B*58:01:01	1	1	2
g_group	test_B_gourraud	NA18748	EAS	C	HLA-C*03:02:02;HLA-C*07:02:01	1	1	2
g_group	test_B_gourraud	NA18748	EAS	DRB1	HLA-DRB1*15:01:01;HLA-DRB1*13:02:01	1	1	2
g_group	test_B_gourraud	NA18748	EAS	DQB1	HLA-DQB1*06:09:01;HLA-DQB1*06:02:01	1	1	2
g_group	test_B_gourraud	NA18749	EAS	A	HLA-A*02:06:01;HLA-A*30:01:01	1	1	2
g_group	test_B_gourraud	NA18749	EAS	B	HLA-B*44:03:02;HLA-B*13:02:01	1	1	2
g_group	test_B_gourraud	NA18749	EAS	C	HLA-C*07:06:01;HLA-C*06:02:01	1	1	2
g_group	test_B_gourraud	NA18749	EAS	DRB1	HLA-DRB1*07:01:01;HLA-DRB1*07:01:01	1	1	2
g_group	test_B_gourraud	NA18749	EAS	DQB1	HLA-DQB1*02:02:01;HLA-DQB1*02:02:01	1	1	2
g_group	test_B_gourraud	NA18757	EAS	A	HLA-A*11:01:01;HLA-A*24:02:01	1	1	2
g_group	test_B_gourraud	NA18757	EAS	B	HLA-B*07:02:01;HLA-B*55:02:01	1	1	2
g_group	test_B_gourraud	NA18757	EAS	C	HLA-C*07:02:01;HLA-C*01:02:01	1	1	2
g_group	test_B_gourraud	NA18757	EAS	DRB1	HLA-DRB1*04:05:01;HLA-DRB1*15:01:01	1	1	2
g_group	test_B_gourraud	NA18757	EAS	DQB1	HLA-DQB1*04:01:01;HLA-DQB1*06:02:01	1	1	2
g_group	test_B_gourraud	NA18853	AFR	A	HLA-A*36:01:01;HLA-A*34:02:01	1	1	2
g_group	test_B_gourraud	NA18853	AFR	B	HLA-B*44:03:01;HLA-B*52:01:02	1	1	2
g_group	test_B_gourraud	NA18853	AFR	C	HLA-C*16:01:01;HLA-C*16:01:01	1	1	2
g_group	test_B_gourraud	NA18853	AFR	DRB1	HLA-DRB1*07:01:01;HLA-DRB1*13:01:01	1	1	2
g_group	test_B_gourraud	NA18853	AFR	DQB1	HLA-DQB1*05:01:01;HLA-DQB1*02:02:01	1	1	2
g_group	test_B_gourraud	NA18856	AFR	A	HLA-A*74:01:01;HLA-A*33:03:01	1	1	2
g_group	test_B_gourraud	NA18856	AFR	B	HLA-B*49:01:01;HLA-B*35:01:01,HLA-B*35:370,HLA-B*35:615	1	1	2
g_group	test_B_gourraud	NA18856	AFR	C	HLA-C*07:01:02;HLA-C*04:01:01	1	1	2
g_group	test_B_gourraud	NA18856	AFR	DRB1	HLA-DRB1*15:03:01;HLA-DRB1*10:01:01	1	1	2
g_group	test_B_gourraud	NA18856	AFR	DQB1	HLA-DQB1*05:01:01;HLA-DQB1*06:03:01	1	1	2
g_group	test_B_gourraud	NA18858	AFR	A	HLA-A*29:02:01;HLA-A*30:01:01	1	1	2
g_group	test_B_gourraud	NA18858	AFR	B	HLA-B*18:01:01;HLA-B*49:01:01	1	1	2
g_group	test_B_gourraud	NA18858	AFR	C	HLA-C*02:02:02;HLA-C*07:01:02	1	1	2
g_group	test_B_gourraud	NA18858	AFR	DRB1	HLA-DRB1*08:04:01;HLA-DRB1*03:01:01	1	1	2
g_group	test_B_gourraud	NA18858	AFR	DQB1	HLA-DQB1*02:01:01;HLA-DQB1*03:01:04	1	1	2
g_group	test_B_gourraud	NA18861	AFR	A	HLA-A*03:01:01;HLA-A*68:02:01	1	1	2
g_group	test_B_gourraud	NA18861	AFR	B	HLA-B*13:02:01;HLA-B*57:03:01	1	1	2
g_group	test_B_gourraud	NA18861	AFR	C	HLA-C*07:01:02;HLA-C*03:02:02	1	1	2
g_group	test_B_gourraud	NA18861	AFR	DRB1	HLA-DRB1*08:04:01;HLA-DRB1*14:54:01	1	1	2
g_group	test_B_gourraud	NA18861	AFR	DQB1	HLA-DQB1*04:02:13;HLA-DQB1*05:03:01	1	0	1
g_group	test_B_gourraud	NA18870	AFR	A	HLA-A*30:02:01;HLA-A*30:02:01	1	1	2
g_group	test_B_gourraud	NA18870	AFR	B	HLA-B*57:03:01;HLA-B*15:03:01	1	1	2
g_group	test_B_gourraud	NA18870	AFR	C	HLA-C*02:10:01;HLA-C*08:02:01	1	1	2
g_group	test_B_gourraud	NA18870	AFR	DRB1	HLA-DRB1*07:01:01;HLA-DRB1*13:03:01	1	1	2
g_group	test_B_gourraud	NA18870	AFR	DQB1	HLA-DQB1*02:02:01;HLA-DQB1*02:02:01	1	1	2
g_group	test_B_gourraud	NA18871	AFR	A	HLA-A*30:01:01;HLA-A*36:01:01	1	1	2
g_group	test_B_gourraud	NA18871	AFR	B	HLA-B*52:01:02;HLA-B*42:01:01	1	1	2
g_group	test_B_gourraud	NA18871	AFR	C	HLA-C*17:01:01;HLA-C*16:01:01	1	1	2
g_group	test_B_gourraud	NA18871	AFR	DRB1	HLA-DRB1*15:03:01;HLA-DRB1*08:04:01	1	1	2
g_group	test_B_gourraud	NA18871	AFR	DQB1	HLA-DQB1*02:02:01;HLA-DQB1*03:19:01	1	1	2
g_group	test_B_gourraud	NA18912	AFR	A	HLA-A*74:01:01;HLA-A*34:02:01	1	1	2
g_group	test_B_gourraud	NA18912	AFR	B	HLA-B*53:01:01;HLA-B*53:01:01	1	1	2
g_group	test_B_gourraud	NA18912	AFR	C	HLA-C*04:01:01;HLA-C*04:01:01	1	1	2
g_group	test_B_gourraud	NA18912	AFR	DRB1	HLA-DRB1*13:03:01;HLA-DRB1*11:01:02	1	0	1
g_group	test_B_gourraud	NA18912	AFR	DQB1	HLA-DQB1*06:02:01;HLA-DQB1*02:02:01	1	1	2
g_group	test_B_gourraud	NA18939	EAS	A	HLA-A*11:01:01;HLA-A*31:01:02	1	1	2
g_group	test_B_gourraud	NA18939	EAS	B	HLA-B*27:04:01;HLA-B*67:01:01	1	1	2
g_group	test_B_gourraud	NA18939	EAS	C	HLA-C*07:02:01;HLA-C*12:02:02	1	1	2
g_group	test_B_gourraud	NA18939	EAS	DRB1	HLA-DRB1*15:01:01;HLA-DRB1*15:01:01	1	1	2
g_group	test_B_gourraud	NA18939	EAS	DQB1	HLA-DQB1*06:02:01;HLA-DQB1*06:02:01	1	1	2
g_group	test_B_gourraud	NA18941	EAS	A	HLA-A*24:20:01;HLA-A*24:02:01	1	1	2
g_group	test_B_gourraud	NA18941	EAS	B	HLA-B*40:01:02;HLA-B*15:07:01	1	1	2
g_group	test_B_gourraud	NA18941	EAS	C	HLA-C*03:04:01;HLA-C*03:03:01	1	1	2
g_group	test_B_gourraud	NA18941	EAS	DRB1	HLA-DRB1*04:05:01;HLA-DRB1*14:54:01	1	1	2
g_group	test_B_gourraud	NA18941	EAS	DQB1	HLA-DQB1*04:01:01;HLA-DQB1*05:03:01	1	1	2
g_group	test_B_gourraud	NA18942	EAS	A	HLA-A*24:02:01;HLA-A*33:03:01	1	1	2
g_group	test_B_gourraud	NA18942	EAS	B	HLA-B*44:03:01;HLA-B*35:01:01,HLA-B*35:370,HLA-B*35:615	1	1	2
g_group	test_B_gourraud	NA18942	EAS	C	HLA-C*03:03:01;HLA-C*14:03:01	1	1	2
g_group	test_B_gourraud	NA18942	EAS	DRB1	HLA-DRB1*12:01:01;HLA-DRB1*04:05:01	1	1	2
g_group	test_B_gourraud	NA18942	EAS	DQB1	HLA-DQB1*04:01:01;HLA-DQB1*03:01:01	1	1	2
g_group	test_B_gourraud	NA18946	EAS	A	HLA-A*24:02:01;HLA-A*02:01:01	1	1	2
g_group	test_B_gourraud	NA18946	EAS	B	HLA-B*52:01:01;HLA-B*07:02:01	1	1	2
g_group	test_B_gourraud	NA18946	EAS	C	HLA-C*12:02:02;HLA-C*07:02:01	1	1	2
g_group	test_B_gourraud	NA18946	EAS	DRB1	HLA-DRB1*01:01:01;HLA-DRB1*04:05:01	1	1	2
g_group	test_B_gourraud	NA18946	EAS	DQB1	HLA-DQB1*04:01:01;HLA-DQB1*05:01:01	1	1	2
g_group	test_B_gourraud	NA18947	EAS	A	HLA-A*02:06:01;HLA-A*24:02:01	1	1	2
g_group	test_B_gourraud	NA18947	EAS	B	HLA-B*52:01:01;HLA-B*52:01:01	1	1	2
g_group	test_B_gourraud	NA18947	EAS	C	HLA-C*12:02:02;HLA-C*12:02:02	1	1	2
g_group	test_B_gourraud	NA18947	EAS	DRB1	HLA-DRB1*15:02:01;HLA-DRB1*15:02:01	1	1	2
g_group	test_B_gourraud	NA18947	EAS	DQB1	HLA-DQB1*06:01:01;HLA-DQB1*06:01:01	1	1	2
g_group	test_B_gourraud	NA18949	EAS	A	HLA-A*26:03:01;HLA-A*24:02:01	1	1	2
g_group	test_B_gourraud	NA18949	EAS	B	HLA-B*40:02:01;HLA-B*07:02:01	1	1	2
g_group	test_B_gourraud	NA18949	EAS	C	HLA-C*07:02:01;HLA-C*03:04:01	1	1	2
g_group	test_B_gourraud	NA18949	EAS	DRB1	HLA-DRB1*09:01:02;HLA-DRB1*01:01:01	1	1	2
g_group	test_B_gourraud	NA18949	EAS	DQB1	HLA-DQB1*05:01:01;HLA-DQB1*03:03:02	1	1	2
g_group	test_B_gourraud	NA18951	EAS	A	HLA-A*24:02:01;HLA-A*24:02:01	1	1	2
g_group	test_B_gourraud	NA18951	EAS	B	HLA-B*40:01:02;HLA-B*59:01:01	1	1	2
g_group	test_B_gourraud	NA18951	EAS	C	HLA-C*01:02:01;HLA-C*03:04:01	1	1	2
g_group	test_B_gourraud	NA18951	EAS	DRB1	HLA-DRB1*11:01:01;HLA-DRB1*04:05:01	1	1	2
g_group	test_B_gourraud	NA18951	EAS	DQB1	HLA-DQB1*04:01:01;HLA-DQB1*03:01:01	1	1	2
g_group	test_B_gourraud	NA18953	EAS	A	HLA-A*31:01:02;HLA-A*11:01:01	1	1	2
g_group	test_B_gourraud	NA18953	EAS	B	HLA-B*40:02:01;HLA-B*40:01:02	1	1	2
g_group	test_B_gourraud	NA18953	EAS	C	HLA-C*03:04:01;HLA-C*03:04:01	1	1	2
g_group	test_B_gourraud	NA18953	EAS	DRB1	HLA-DRB1*08:02:01;HLA-DRB1*04:05:01	1	0	1
g_group	test_B_gourraud	NA18953	EAS	DQB1	HLA-DQB1*04:01:01;HLA-DQB1*03:02:01	1	1	2
g_group	test_B_gourraud	NA18954	EAS	A	HLA-A*24:02:01;HLA-A*11:01:01	1	1	2
g_group	test_B_gourraud	NA18954	EAS	B	HLA-B*13:01:01;HLA-B*52:01:01	1	1	2
g_group	test_B_gourraud	NA18954	EAS	C	HLA-C*03:04:01;HLA-C*12:02:02	1	1	2
g_group	test_B_gourraud	NA18954	EAS	DRB1	HLA-DRB1*15:01:01;HLA-DRB1*15:02:01	1	1	2
g_group	test_B_gourraud	NA18954	EAS	DQB1	HLA-DQB1*06:01:01;HLA-DQB1*06:01:01	1	1	2
g_group	test_B_gourraud	NA18956	EAS	A	HLA-A*02:01:01;HLA-A*02:01:01	1	1	2
g_group	test_B_gourraud	NA18956	EAS	B	HLA-B*40:02:01;HLA-B*15:01:01	1	1	2
g_group	test_B_gourraud	NA18956	EAS	C	HLA-C*03:03:01;HLA-C*03:04:01	1	1	2
g_group	test_B_gourraud	NA18956	EAS	DRB1	HLA-DRB1*09:01:02;HLA-DRB1*15:02:01	1	1	2
g_group	test_B_gourraud	NA18956	EAS	DQB1	HLA-DQB1*03:03:02;HLA-DQB1*06:01:01	1	1	2
g_group	test_B_gourraud	NA18957	EAS	A	HLA-A*24:02:01;HLA-A*24:02:01	1	1	2
g_group	test_B_gourraud	NA18957	EAS	B	HLA-B*52:01:01;HLA-B*52:01:01	1	1	2
g_group	test_B_gourraud	NA18957	EAS	C	HLA-C*12:02:02;HLA-C*12:02:02	1	1	2
g_group	test_B_gourraud	NA18957	EAS	DRB1	HLA-DRB1*04:10:01;HLA-DRB1*15:02:01	1	1	2
g_group	test_B_gourraud	NA18957	EAS	DQB1	HLA-DQB1*04:02:01;HLA-DQB1*06:01:01	1	1	2
g_group	test_B_gourraud	NA18961	EAS	A	HLA-A*24:02:01;HLA-A*11:01:01	1	1	2
g_group	test_B_gourraud	NA18961	EAS	B	HLA-B*51:01:01;HLA-B*54:01:01	1	1	2
g_group	test_B_gourraud	NA18961	EAS	C	HLA-C*01:02:01;HLA-C*01:02:01	1	1	2
g_group	test_B_gourraud	NA18961	EAS	DRB1	HLA-DRB1*09:01:02;HLA-DRB1*04:05:01	1	1	2
g_group	test_B_gourraud	NA18961	EAS	DQB1	HLA-DQB1*03:03:02;HLA-DQB1*04:01:01	1	1	2
g_group	test_B_gourraud	NA18962	EAS	A	HLA-A*24:02:01;HLA-A*24:02:01	1	1	2
g_group	test_B_gourraud	NA18962	EAS	B	HLA-B*07:02:01;HLA-B*52:01:01	1	1	2
g_group	test_B_gourraud	NA18962	EAS	C	HLA-C*07:02:01;HLA-C*12:02:02	1	1	2
g_group	test_B_gourraud	NA18962	EAS	DRB1	HLA-DRB1*01:01:01;HLA-DRB1*15:02:01	1	1	2
g_group	test_B_gourraud	NA18962	EAS	DQB1	HLA-DQB1*05:01:01;HLA-DQB1*06:01:01	1	1	2
g_group	test_B_gourraud	NA18963	EAS	A	HLA-A*33:03:01;HLA-A*26:01:01	1	1	2
g_group	test_B_gourraud	NA18963	EAS	B	HLA-B*40:06:01;HLA-B*44:03:01	1	1	2
g_group	test_B_gourraud	NA18963	EAS	C	HLA-C*03:04:01;HLA-C*14:03:01	1	1	2
g_group	test_B_gourraud	NA18963	EAS	DRB1	HLA-DRB1*09:01:02;HLA-DRB1*13:02:01	1	1	2
g_group	test_B_gourraud	NA18963	EAS	DQB1	HLA-DQB1*03:03:02;HLA-DQB1*06:04:01	1	1	2
g_group	test_B_gourraud	NA18964	EAS	A	HLA-A*26:03:01;HLA-A*26:01:01	1	1	2
g_group	test_B_gourraud	NA18964	EAS	B	HLA-B*35:01:01,HLA-B*35:370,HLA-B*35:615;HLA-B*40:02:01	1	1	2
g_group	test_B_gourraud	NA18964	EAS	C	HLA-C*03:04:01;HLA-C*03:03:01	1	1	2
g_group	test_B_gourraud	NA18964	EAS	DRB1	HLA-DRB1*15:01:01;HLA-DRB1*04:05:01	1	1	2
g_group	test_B_gourraud	NA18964	EAS	DQB1	HLA-DQB1*06:02:01;HLA-DQB1*04:01:01	1	1	2
g_group	test_B_gourraud	NA18965	EAS	A	HLA-A*31:01:02;HLA-A*26:02:01	1	0	1
g_group	test_B_gourraud	NA18965	EAS	B	HLA-B*40:06:01;HLA-B*56:01:01	1	1	2
g_group	test_B_gourraud	NA18965	EAS	C	HLA-C*08:01:01;HLA-C*04:01:01	1	1	2
g_group	test_B_gourraud	NA18965	EAS	DRB1	HLA-DRB1*09:01:02;HLA-DRB1*09:01:02	1	1	2
g_group	test_B_gourraud	NA18965	EAS	DQB1	HLA-DQB1*03:03:02;HLA-DQB1*03:03:02	1	1	2
g_group	test_B_gourraud	NA18966	EAS	A	HLA-A*02:07:01;HLA-A*02:06:01	1	0	1
g_group	test_B_gourraud	NA18966	EAS	B	HLA-B*35:01:01;HLA-B*15:01:01,HLA-B*15:01:84,HLA-B*15:542,HLA-B*15:632	1	1	2
g_group	test_B_gourraud	NA18966	EAS	C	HLA-C*03:03:01;HLA-C*03:03:01	1	1	2
g_group	test_B_gourraud	NA18966	EAS	DRB1	HLA-DRB1*15:01:01;HLA-DRB1*15:01:01	1	1	2
g_group	test_B_gourraud	NA18966	EAS	DQB1	HLA-DQB1*06:02:01;HLA-DQB1*06:02:01	1	1	2
g_group	test_B_gourraud	NA18968	EAS	A	HLA-A*11:01:01;HLA-A*31:01:02	1	1	2
g_group	test_B_gourraud	NA18968	EAS	B	HLA-B*40:01:02;HLA-B*51:01:01,HLA-B*51:01:64	1	1	2
g_group	test_B_gourraud	NA18968	EAS	C	HLA-C*14:02:01;HLA-C*07:02:01	1	1	2
g_group	test_B_gourraud	NA18968	EAS	DRB1	HLA-DRB1*15:01:01;HLA-DRB1*14:03:01	1	1	2
g_group	test_B_gourraud	NA18968	EAS	DQB1	HLA-DQB1*06:02:01;HLA-DQB1*03:01:01	1	1	2
g_group	test_B_gourraud	NA18969	EAS	A	HLA-A*31:01:02;HLA-A*24:02:01	1	1	2
g_group	test_B_gourraud	NA18969	EAS	B	HLA-B*52:01:01;HLA-B*48:01:01	1	1	2
g_group	test_B_gourraud	NA18969	EAS	C	HLA-C*08:03:01;HLA-C*12:02:02	1	0	1
g_group	test_B_gourraud	NA18969	EAS	DRB1	HLA-DRB1*14:54:01;HLA-DRB1*15:02:01	1	1	2
g_group	test_B_gourraud	NA18969	EAS	DQB1	HLA-DQB1*05:02:01;HLA-DQB1*06:01:01	1	1	2
g_group	test_B_gourraud	NA18972	EAS	A	HLA-A*24:02:01;HLA-A*24:02:01	1	1	2
g_group	test_B_gourraud	NA18972	EAS	B	HLA-B*59:01:01;HLA-B*40:02:01	1	1	2
g_group	test_B_gourraud	NA18972	EAS	C	HLA-C*03:03:01;HLA-C*01:02:01	1	1	2
g_group	test_B_gourraud	NA18972	EAS	DRB1	HLA-DRB1*04:05:01;HLA-DRB1*15:01:01	1	1	2
g_group	test_B_gourraud	NA18972	EAS	DQB1	HLA-DQB1*04:01:01;HLA-DQB1*06:02:01	1	1	2
g_group	test_B_gourraud	NA18973	EAS	A	HLA-A*24:02:01;HLA-A*33:03:01	1	1	2
g_group	test_B_gourraud	NA18973	EAS	B	HLA-B*46:01:01;HLA-B*15:07:01	1	1	2
g_group	test_B_gourraud	NA18973	EAS	C	HLA-C*03:03:01;HLA-C*01:02:01	1	1	2
g_group	test_B_gourraud	NA18973	EAS	DRB1	HLA-DRB1*14:03:01;HLA-DRB1*08:03:02	1	1	2
g_group	test_B_gourraud	NA18973	EAS	DQB1	HLA-DQB1*06:01:01;HLA-DQB1*03:01:01	1	1	2
g_group	test_B_gourraud	NA18975	EAS	A	HLA-A*02:06:01;HLA-A*02:01:01	1	1	2
g_group	test_B_gourraud	NA18975	EAS	B	HLA-B*07:02:01;HLA-B*15:01:01	1	1	2
g_group	test_B_gourraud	NA18975	EAS	C	HLA-C*07:02:01;HLA-C*04:01:01	1	1	2
g_group	test_B_gourraud	NA18975	EAS	DRB1	HLA-DRB1*01:01:01;HLA-DRB1*04:06:01	1	1	2
g_group	test_B_gourraud	NA18975	EAS	DQB1	HLA-DQB1*03:02:01;HLA-DQB1*05:01:01	1	1	2
g_group	test_B_gourraud	NA18977	EAS	A	HLA-A*02:06:01;HLA-A*24:02:01	1	1	2
g_group	test_B_gourraud	NA18977	EAS	B	HLA-B*35:01:01;HLA-B*55:02:01	1	1	2
g_group	test_B_gourraud	NA18977	EAS	C	HLA-C*03:04:01;HLA-C*01:02:01	1	1	2
g_group	test_B_gourraud	NA18977	EAS	DRB1	HLA-DRB1*12:01:01;HLA-DRB1*04:05:01	1	1	2
g_group	test_B_gourraud	NA18977	EAS	DQB1	HLA-DQB1*04:01:01;HLA-DQB1*03:03:02	1	1	2
g_group	test_B_gourraud	NA18978	EAS	A	HLA-A*03:01:01;HLA-A*31:01:02	1	1	2
g_group	test_B_gourraud	NA18978	EAS	B	HLA-B*44:02:01;HLA-B*40:02:01	1	1	2
g_group	test_B_gourraud	NA18978	EAS	C	HLA-C*14:02:01;HLA-C*05:01:01	1	1	2
g_group	test_B_gourraud	NA18978	EAS	DRB1	HLA-DRB1*04:03:01;HLA-DRB1*13:01:01	1	1	2
g_group	test_B_gourraud	NA18978	EAS	DQB1	HLA-DQB1*06:03:01;HLA-DQB1*03:02:01	1	1	2
g_group	test_B_gourraud	NA18979	EAS	A	HLA-A*24:02:01;HLA-A*02:01:01	1	1	2
g_group	test_B_gourraud	NA18979	EAS	B	HLA-B*52:01:01;HLA-B*55:02:01	1	1	2
g_group	test_B_gourraud	NA18979	EAS	C	HLA-C*01:02:01;HLA-C*12:02:02	1	1	2
g_group	test_B_gourraud	NA18979	EAS	DRB1	HLA-DRB1*04:05:01;HLA-DRB1*15:02:01	1	1	2
g_group	test_B_gourraud	NA18979	EAS	DQB1	HLA-DQB1*04:01:01;HLA-DQB1*06:01:01	1	1	2
g_group	test_B_gourraud	NA18980	EAS	A	HLA-A*11:02:01;HLA-A*31:01:02	1	0	1
g_group	test_B_gourraud	NA18980	EAS	B	HLA-B*13:01:01;HLA-B*40:01:02	1	1	2
g_group	test_B_gourraud	NA18980	EAS	C	HLA-C*03:04:01;HLA-C*03:03:01	1	1	2
g_group	test_B_gourraud	NA18980	EAS	DRB1	HLA-DRB1*08:03:02;HLA-DRB1*12:02:01	1	0	0
g_group	test_B_gourraud	NA18980	EAS	DQB1	HLA-DQB1*06:01:01;HLA-DQB1*03:01:01	1	1	2
g_group	test_B_gourraud	NA18981	EAS	A	HLA-A*31:01:02;HLA-A*02:01:01	1	1	2
g_group	test_B_gourraud	NA18981	EAS	B	HLA-B*51:01:01;HLA-B*51:01:01	1	1	2
g_group	test_B_gourraud	NA18981	EAS	C	HLA-C*14:02:01;HLA-C*14:02:01	1	1	2
g_group	test_B_gourraud	NA18981	EAS	DRB1	HLA-DRB1*08:02:01;HLA-DRB1*15:01:01	1	1	2
g_group	test_B_gourraud	NA18981	EAS	DQB1	HLA-DQB1*04:02:01;HLA-DQB1*03:01:01	1	1	2
g_group	test_B_gourraud	NA18987	EAS	A	HLA-A*26:02:01;HLA-A*02:07:01	1	0	0
g_group	test_B_gourraud	NA18987	EAS	B	HLA-B*40:06:01;HLA-B*46:01:01	1	1	2
g_group	test_B_gourraud	NA18987	EAS	C	HLA-C*08:01:01;HLA-C*01:02:01	1	1	2
g_group	test_B_gourraud	NA18987	EAS	DRB1	HLA-DRB1*08:03:02;HLA-DRB1*12:01:01	1	0	1
g_group	test_B_gourraud	NA18987	EAS	DQB1	HLA-DQB1*06:01:01;HLA-DQB1*03:01:01	1	1	2
g_group	test_B_gourraud	NA18991	EAS	A	HLA-A*24:02:01;HLA-A*02:01:01	1	1	2
g_group	test_B_gourraud	NA18991	EAS	B	HLA-B*40:02:01;HLA-B*52:01:01	1	1	2
g_group	test_B_gourraud	NA18991	EAS	C	HLA-C*15:02:01;HLA-C*12:02:02	1	1	2
g_group	test_B_gourraud	NA18991	EAS	DRB1	HLA-DRB1*15:02:01;HLA-DRB1*04:03:01	1	1	2
g_group	test_B_gourraud	NA18991	EAS	DQB1	HLA-DQB1*06:01:01;HLA-DQB1*03:02:01	1	1	2
g_group	test_B_gourraud	NA18992	EAS	A	HLA-A*33:03:01;HLA-A*24:02:01	1	1	2
g_group	test_B_gourraud	NA18992	EAS	B	HLA-B*52:01:01;HLA-B*44:03:01	1	1	2
g_group	test_B_gourraud	NA18992	EAS	C	HLA-C*14:03:01;HLA-C*12:02:02	1	1	2
g_group	test_B_gourraud	NA18992	EAS	DRB1	HLA-DRB1*15:02:01;HLA-DRB1*13:02:01	1	1	2
g_group	test_B_gourraud	NA18992	EAS	DQB1	HLA-DQB1*06:01:01;HLA-DQB1*06:04:01	1	1	2
g_group	test_B_gourraud	NA18993	EAS	A	HLA-A*02:06:01;HLA-A*02:01:01	1	1	2
g_group	test_B_gourraud	NA18993	EAS	B	HLA-B*39:01:03;HLA-B*35:01:01	1	1	2
g_group	test_B_gourraud	NA18993	EAS	C	HLA-C*07:02:01;HLA-C*03:03:01	1	1	2
g_group	test_B_gourraud	NA18993	EAS	DRB1	HLA-DRB1*08:02:01;HLA-DRB1*04:03:01	1	1	2
g_group	test_B_gourraud	NA18993	EAS	DQB1	HLA-DQB1*03:02:01;HLA-DQB1*04:02:01	1	1	2
g_group	test_B_gourraud	NA18994	EAS	A	HLA-A*31:01:02;HLA-A*24:02:01	1	1	2
g_group	test_B_gourraud	NA18994	EAS	B	HLA-B*40:02:01;HLA-B*07:02:01	1	1	2
g_group	test_B_gourraud	NA18994	EAS	C	HLA-C*07:02:01;HLA-C*03:04:01	1	1	2
g_group	test_B_gourraud	NA18994	EAS	DRB1	HLA-DRB1*08:02:01;HLA-DRB1*01:01:01	1	1	2
g_group	test_B_gourraud	NA18994	EAS	DQB1	HLA-DQB1*03:02:01;HLA-DQB1*05:01:01	1	1	2
g_group	test_B_gourraud	NA18995	EAS	A	HLA-A*24:02:01;HLA-A*33:03:01	1	1	2
g_group	test_B_gourraud	NA18995	EAS	B	HLA-B*15:07:01;HLA-B*44:03:01	1	1	2
g_group	test_B_gourraud	NA18995	EAS	C	HLA-C*14:03:01;HLA-C*03:03:01	1	1	2
g_group	test_B_gourraud	NA18995	EAS	DRB1	HLA-DRB1*13:02:01;HLA-DRB1*11:01:01	1	1	2
g_group	test_B_gourraud	NA18995	EAS	DQB1	HLA-DQB1*06:04:01;HLA-DQB1*03:01:01	1	1	2
g_group	test_B_gourraud	NA18997	EAS	A	HLA-A*26:03:01;HLA-A*24:02:01	1	1	2
g_group	test_B_gourraud	NA18997	EAS	B	HLA-B*15:01:01;HLA-B*39:01:01	1	1	2
g_group	test_B_gourraud	NA18997	EAS	C	HLA-C*03:03:01;HLA-C*07:02:01	1	1	2
g_group	test_B_gourraud	NA18997	EAS	DRB1	HLA-DRB1*04:06:01;HLA-DRB1*09:01:02	1	1	2
g_group	test_B_gourraud	NA18997	EAS	DQB1	HLA-DQB1*03:02:01;HLA-DQB1*03:03:02	1	1	2
g_group	test_B_gourraud	NA18998	EAS	A	HLA-A*24:02:01;HLA-A*02:06:01	1	1	2
g_group	test_B_gourraud	NA18998	EAS	B	HLA-B*54:01:01;HLA-B*52:01:01	1	1	2
g_group	test_B_gourraud	NA18998	EAS	C	HLA-C*01:02:01;HLA-C*12:02:02	1	1	2
g_group	test_B_gourraud	NA18998	EAS	DRB1	HLA-DRB1*15:01:01;HLA-DRB1*15:02:01	1	1	2
g_group	test_B_gourraud	NA18998	EAS	DQB1	HLA-DQB1*06:01:01;HLA-DQB1*06:02:01	1	1	2
g_group	test_B_gourraud	NA18999	EAS	A	HLA-A*33:03:01;HLA-A*24:04	1	1	2
g_group	test_B_gourraud	NA18999	EAS	B	HLA-B*40:06:01;HLA-B*46:01:01	1	1	2
g_group	test_B_gourraud	NA18999	EAS	C	HLA-C*01:03:01;HLA-C*08:01:01	1	0	1
g_group	test_B_gourraud	NA18999	EAS	DRB1	HLA-DRB1*09:01:02;HLA-DRB1*09:01:02	1	1	2
g_group	test_B_gourraud	NA18999	EAS	DQB1	HLA-DQB1*03:03:02;HLA-DQB1*03:03:02	1	1	2
g_group	test_B_gourraud	NA19000	EAS	A	HLA-A*24:02:01;HLA-A*24:02:01	1	1	2
g_group	test_B_gourraud	NA19000	EAS	B	HLA-B*67:01:01;HLA-B*54:01:01	1	1	2
g_group	test_B_gourraud	NA19000	EAS	C	HLA-C*01:02:01;HLA-C*07:02:01	1	1	2
g_group	test_B_gourraud	NA19000	EAS	DRB1	HLA-DRB1*01:01:01;HLA-DRB1*04:05:01	1	1	2
g_group	test_B_gourraud	NA19000	EAS	DQB1	HLA-DQB1*04:01:01;HLA-DQB1*05:01:01	1	1	2
g_group	test_B_gourraud	NA19001	EAS	A	HLA-A*02:06:01;HLA-A*24:02:01	1	1	2
g_group	test_B_gourraud	NA19001	EAS	B	HLA-B*07:02:01;HLA-B*52:01:01	1	1	2
g_group	test_B_gourraud	NA19001	EAS	C	HLA-C*12:02:02;HLA-C*07:02:01	1	1	2
g_group	test_B_gourraud	NA19001	EAS	DRB1	HLA-DRB1*01:01:01;HLA-DRB1*15:02:01	1	1	2
g_group	test_B_gourraud	NA19001	EAS	DQB1	HLA-DQB1*06:01:01;HLA-DQB1*05:01:01	1	1	2
g_group	test_B_gourraud	NA19002	EAS	A	HLA-A*11:01:01;HLA-A*01:01:01	1	1	2
g_group	test_B_gourraud	NA19002	EAS	B	HLA-B*37:01:01;HLA-B*44:03:01	1	1	2
g_group	test_B_gourraud	NA19002	EAS	C	HLA-C*14:03:01;HLA-C*06:02:01	1	1	2
g_group	test_B_gourraud	NA19002	EAS	DRB1	HLA-DRB1*10:01:01;HLA-DRB1*13:02:01	1	1	2
g_group	test_B_gourraud	NA19002	EAS	DQB1	HLA-DQB1*06:04:01;HLA-DQB1*05:01:01	1	1	2
g_group	test_B_gourraud	NA19003	EAS	A	HLA-A*11:01:01;HLA-A*02:06:01	1	1	2
g_group	test_B_gourraud	NA19003	EAS	B	HLA-B*39:01:03;HLA-B*39:01:01	1	1	2
g_group	test_B_gourraud	NA19003	EAS	C	HLA-C*07:02:01;HLA-C*07:02:01	1	1	2
g_group	test_B_gourraud	NA19003	EAS	DRB1	HLA-DRB1*08:03:02;HLA-DRB1*13:02:01	1	1	2
g_group	test_B_gourraud	NA19003	EAS	DQB1	HLA-DQB1*06:01:01;HLA-DQB1*06:04:01	1	1	2
g_group	test_B_gourraud	NA19005	EAS	A	HLA-A*33:03:01;HLA-A*02:01:01	1	1	2
g_group	test_B_gourraud	NA19005	EAS	B	HLA-B*58:01:01;HLA-B*67:01:02	1	1	2
g_group	test_B_gourraud	NA19005	EAS	C	HLA-C*03:02:02;HLA-C*07:02:01	1	1	2
g_group	test_B_gourraud	NA19005	EAS	DRB1	HLA-DRB1*13:02:01;HLA-DRB1*15:01:01	1	1	2
g_group	test_B_gourraud	NA19005	EAS	DQB1	HLA-DQB1*06:02:01;HLA-DQB1*06:09:01	1	0	1
g_group	test_B_gourraud	NA19009	EAS	A	HLA-A*02:01:01;HLA-A*24:02:01	1	1	2
g_group	test_B_gourraud	NA19009	EAS	B	HLA-B*40:01:02;HLA-B*52:01:01	1	1	2
g_group	test_B_gourraud	NA19009	EAS	C	HLA-C*03:04:01;HLA-C*12:02:02	1	1	2
g_group	test_B_gourraud	NA19009	EAS	DRB1	HLA-DRB1*12:01:01;HLA-DRB1*15:02:01	1	1	2
g_group	test_B_gourraud	NA19009	EAS	DQB1	HLA-DQB1*03:03:02;HLA-DQB1*06:01:01	1	1	2
g_group	test_B_gourraud	NA19010	EAS	A	HLA-A*24:02:01;HLA-A*24:02:01	1	1	2
g_group	test_B_gourraud	NA19010	EAS	B	HLA-B*35:01:01;HLA-B*35:01:01	1	1	2
g_group	test_B_gourraud	NA19010	EAS	C	HLA-C*03:03:01;HLA-C*08:01:01	1	1	2
g_group	test_B_gourraud	NA19010	EAS	DRB1	HLA-DRB1*04:10:03;HLA-DRB1*04:03:01	1	1	2
g_group	test_B_gourraud	NA19010	EAS	DQB1	HLA-DQB1*04:02:01;HLA-DQB1*03:02:01	1	1	2
g_group	test_B_gourraud	NA19012	EAS	A	HLA-A*24:02:01;HLA-A*24:02:01	1	1	2
g_group	test_B_gourraud	NA19012	EAS	B	HLA-B*35:01:01;HLA-B*35:01:01	1	1	2
g_group	test_B_gourraud	NA19012	EAS	C	HLA-C*03:03:01;HLA-C*03:03:01	1	1	2
g_group	test_B_gourraud	NA19012	EAS	DRB1	HLA-DRB1*04:03:01;HLA-DRB1*04:04:01	1	0	1
g_group	test_B_gourraud	NA19012	EAS	DQB1	HLA-DQB1*03:02:01;HLA-DQB1*03:02:01	1	1	2
g_group	test_B_gourraud	NA19027	AFR	A	HLA-A*36:01:01;HLA-A*36:01:01	1	1	2
g_group	test_B_gourraud	NA19027	AFR	B	HLA-B*57:03:01;HLA-B*53:01:01	1	1	2
g_group	test_B_gourraud	NA19027	AFR	C	HLA-C*04:01:01;HLA-C*07:18:01	1	1	2
g_group	test_B_gourraud	NA19027	AFR	DRB1	HLA-DRB1*11:01:02;HLA-DRB1*12:01:01	1	1	2
g_group	test_B_gourraud	NA19027	AFR	DQB1	HLA-DQB1*05:01:01;HLA-DQB1*06:02:01	1	1	2
g_group	test_B_gourraud	NA19028	AFR	A	HLA-A*30:02:01;HLA-A*01:01:83	1	1	2
g_group	test_B_gourraud	NA19028	AFR	B	HLA-B*13:02:01;HLA-B*15:03:01	1	1	2
g_group	test_B_gourraud	NA19028	AFR	C	HLA-C*06:02:01;HLA-C*02:10:01	1	1	2
g_group	test_B_gourraud	NA19028	AFR	DRB1	HLA-DRB1*11:01:02;HLA-DRB1*11:01:02	1	1	2
g_group	test_B_gourraud	NA19028	AFR	DQB1	HLA-DQB1*03:19:01;HLA-DQB1*05:01:01	1	1	2
g_group	test_B_gourraud	NA19031	AFR	A	HLA-A*30:01:01;HLA-A*02:01:01	1	1	2
g_group	test_B_gourraud	NA19031	AFR	B	HLA-B*42:01:01;HLA-B*53:01:01	1	1	2
g_group	test_B_gourraud	NA19031	AFR	C	HLA-C*17:01:01;HLA-C*04:01:01	1	1	2
g_group	test_B_gourraud	NA19031	AFR	DRB1	HLA-DRB1*11:02:01;HLA-DRB1*03:02:01	1	1	2
g_group	test_B_gourraud	NA19031	AFR	DQB1	HLA-DQB1*04:02:01;HLA-DQB1*03:01:01	1	1	2
g_group	test_B_gourraud	NA19035	AFR	A	HLA-A*03:01:01;HLA-A*30:01:01	1	1	2
g_group	test_B_gourraud	NA19035	AFR	B	HLA-B*42:01:01;HLA-B*44:03:01	1	1	2
g_group	test_B_gourraud	NA19035	AFR	C	HLA-C*17:01:01;HLA-C*04:01:01	1	1	2
g_group	test_B_gourraud	NA19035	AFR	DRB1	HLA-DRB1*09:01:02;HLA-DRB1*03:02:01	1	1	2
g_group	test_B_gourraud	NA19035	AFR	DQB1	HLA-DQB1*02:02:01;HLA-DQB1*04:02:01	1	1	2
g_group	test_B_gourraud	NA19038	AFR	A	HLA-A*74:01:01;HLA-A*29:02:01	1	1	2
g_group	test_B_gourraud	NA19038	AFR	B	HLA-B*15:220:01;HLA-B*35:01:01	1	1	2
g_group	test_B_gourraud	NA19038	AFR	C	HLA-C*12:03:01;HLA-C*04:01:01	1	1	2
g_group	test_B_gourraud	NA19038	AFR	DRB1	HLA-DRB1*15:03:01;HLA-DRB1*09:01:02	1	1	2
g_group	test_B_gourraud	NA19038	AFR	DQB1	HLA-DQB1*02:02:01;HLA-DQB1*06:02:01	1	1	2
g_group	test_B_gourraud	NA19041	AFR	A	HLA-A*30:01:01;HLA-A*02:01:01	1	1	2
g_group	test_B_gourraud	NA19041	AFR	B	HLA-B*58:02:01,HLA-B*58:02:03;HLA-B*45:01:01	1	1	2
g_group	test_B_gourraud	NA19041	AFR	C	HLA-C*06:02:01;HLA-C*06:02:01	1	1	2
g_group	test_B_gourraud	NA19041	AFR	DRB1	HLA-DRB1*01:02:01;HLA-DRB1*13:02:01	1	1	2
g_group	test_B_gourraud	NA19041	AFR	DQB1	HLA-DQB1*05:01:01;HLA-DQB1*06:09:01	1	1	2
g_group	test_B_gourraud	NA19054	EAS	A	HLA-A*33:03:01;HLA-A*02:06:01	1	1	2
g_group	test_B_gourraud	NA19054	EAS	B	HLA-B*35:01:01;HLA-B*44:03:01	1	1	2
g_group	test_B_gourraud	NA19054	EAS	C	HLA-C*03:03:01;HLA-C*14:03:01	1	1	2
g_group	test_B_gourraud	NA19054	EAS	DRB1	HLA-DRB1*13:02:01;HLA-DRB1*08:03:02	1	1	2
g_group	test_B_gourraud	NA19054	EAS	DQB1	HLA-DQB1*06:01:01;HLA-DQB1*06:04:01	1	1	2
g_group	test_B_gourraud	NA19055	EAS	A	HLA-A*24:02:01;HLA-A*02:06:01	1	1	2
g_group	test_B_gourraud	NA19055	EAS	B	HLA-B*59:01:01;HLA-B*07:02:01	1	1	2
g_group	test_B_gourraud	NA19055	EAS	C	HLA-C*07:02:01;HLA-C*01:02:01	1	1	2
g_group	test_B_gourraud	NA19055	EAS	DRB1	HLA-DRB1*01:01:01;HLA-DRB1*12:01:01	1	1	2
g_group	test_B_gourraud	NA19055	EAS	DQB1	HLA-DQB1*03:03:02;HLA-DQB1*05:01:01	1	1	2
g_group	test_B_gourraud	NA19056	EAS	A	HLA-A*24:02:01;HLA-A*24:02:01	1	1	2
g_group	test_B_gourraud	NA19056	EAS	B	HLA-B*40:02:01;HLA-B*40:06:01	1	1	2
g_group	test_B_gourraud	NA19056	EAS	C	HLA-C*03:04:01;HLA-C*08:01:01	1	1	2
g_group	test_B_gourraud	NA19056	EAS	DRB1	HLA-DRB1*11:01:01;HLA-DRB1*15:02:01	1	1	2
g_group	test_B_gourraud	NA19056	EAS	DQB1	HLA-DQB1*06:01:01;HLA-DQB1*03:01:01	1	1	2
g_group	test_B_gourraud	NA19057	EAS	A	HLA-A*02:10;HLA-A*31:01:02	1	1	2
g_group	test_B_gourraud	NA19057	EAS	B	HLA-B*59:01:01;HLA-B*40:06:01	1	1	2
g_group	test_B_gourraud	NA19057	EAS	C	HLA-C*08:01:01;HLA-C*01:02:01	1	1	2
g_group	test_B_gourraud	NA19057	EAS	DRB1	HLA-DRB1*04:05:01;HLA-DRB1*04:05:01	1	1	2
g_group	test_B_gourraud	NA19057	EAS	DQB1	HLA-DQB1*04:01:01;HLA-DQB1*04:01:01	1	1	2
g_group	test_B_gourraud	NA19058	EAS	A	HLA-A*11:01:01;HLA-A*24:02:01	1	1	2
g_group	test_B_gourraud	NA19058	EAS	B	HLA-B*54:01:01;HLA-B*39:02:01	1	1	2
g_group	test_B_gourraud	NA19058	EAS	C	HLA-C*01:02:01;HLA-C*07:02:01	1	1	2
g_group	test_B_gourraud	NA19058	EAS	DRB1	HLA-DRB1*09:01:02;HLA-DRB1*08:03:02	1	1	2
g_group	test_B_gourraud	NA19058	EAS	DQB1	HLA-DQB1*03:03:02;HLA-DQB1*06:01:01	1	1	2
g_group	test_B_gourraud	NA19059	EAS	A	HLA-A*02:06:01;HLA-A*24:02:01	1	1	2
g_group	test_B_gourraud	NA19059	EAS	B	HLA-B*46:01:01;HLA-B*52:01:01	1	1	2
g_group	test_B_gourraud	NA19059	EAS	C	HLA-C*01:02:01;HLA-C*12:02:02	1	1	2
g_group	test_B_gourraud	NA19059	EAS	DRB1	HLA-DRB1*04:05:01;HLA-DRB1*15:02:01	1	1	2
g_group	test_B_gourraud	NA19059	EAS	DQB1	HLA-DQB1*04:01:01;HLA-DQB1*06:01:01	1	1	2
g_group	test_B_gourraud	NA19060	EAS	A	HLA-A*31:01:02;HLA-A*02:01:01	1	1	2
g_group	test_B_gourraud	NA19060	EAS	B	HLA-B*40:02:01;HLA-B*51:01:01,HLA-B*51:01:64	1	1	2
g_group	test_B_gourraud	NA19060	EAS	C	HLA-C*14:02:01;HLA-C*07:02:01	1	1	2
g_group	test_B_gourraud	NA19060	EAS	DRB1	HLA-DRB1*14:03:01;HLA-DRB1*14:54:01	1	1	2
g_group	test_B_gourraud	NA19060	EAS	DQB1	HLA-DQB1*05:02:01;HLA-DQB1*03:01:01	1	1	2
g_group	test_B_gourraud	NA19062	EAS	A	HLA-A*26:02:01;HLA-A*24:02:01	1	1	2
g_group	test_B_gourraud	NA19062	EAS	B	HLA-B*44:03:01;HLA-B*07:02:01	1	1	2
g_group	test_B_gourraud	NA19062	EAS	C	HLA-C*14:03:01;HLA-C*07:02:01	1	1	2
g_group	test_B_gourraud	NA19062	EAS	DRB1	HLA-DRB1*04:10:03;HLA-DRB1*13:02:01	1	1	2
g_group	test_B_gourraud	NA19062	EAS	DQB1	HLA-DQB1*06:04:01;HLA-DQB1*04:02:01	1	1	2
g_group	test_B_gourraud	NA19063	EAS	A	HLA-A*24:02:01;HLA-A*11:01:01	1	1	2
g_group	test_B_gourraud	NA19063	EAS	B	HLA-B*15:01:01;HLA-B*15:18:01	1	1	2
g_group	test_B_gourraud	NA19063	EAS	C	HLA-C*08:01:01;HLA-C*04:01:01	1	1	2
g_group	test_B_gourraud	NA19063	EAS	DRB1	HLA-DRB1*04:06:01;HLA-DRB1*09:01:02	1	1	2
g_group	test_B_gourraud	NA19063	EAS	DQB1	HLA-DQB1*03:03:02;HLA-DQB1*03:02:01	1	1	2
g_group	test_B_gourraud	NA19064	EAS	A	HLA-A*24:02:01;HLA-A*02:07:01	1	1	2
g_group	test_B_gourraud	NA19064	EAS	B	HLA-B*15:18:01;HLA-B*46:01:01	1	1	2
g_group	test_B_gourraud	NA19064	EAS	C	HLA-C*07:04:01;HLA-C*01:02:01	1	1	2
g_group	test_B_gourraud	NA19064	EAS	DRB1	HLA-DRB1*08:03:02;HLA-DRB1*04:01:01	1	1	2
g_group	test_B_gourraud	NA19064	EAS	DQB1	HLA-DQB1*06:01:01;HLA-DQB1*03:01:01	1	1	2
g_group	test_B_gourraud	NA19065	EAS	A	HLA-A*31:01:02;HLA-A*02:06:01	1	1	2
g_group	test_B_gourraud	NA19065	EAS	B	HLA-B*51:01:01;HLA-B*39:01:03	1	1	2
g_group	test_B_gourraud	NA19065	EAS	C	HLA-C*07:02:01;HLA-C*14:02:01	1	1	2
g_group	test_B_gourraud	NA19065	EAS	DRB1	HLA-DRB1*15:01:01;HLA-DRB1*08:02:01	1	1	2
g_group	test_B_gourraud	NA19065	EAS	DQB1	HLA-DQB1*06:02:01;HLA-DQB1*04:02:01	1	1	2
g_group	test_B_gourraud	NA19067	EAS	A	HLA-A*31:01:02;HLA-A*24:02:01	1	1	2
g_group	test_B_gourraud	NA19067	EAS	B	HLA-B*54:01:01;HLA-B*15:18:01	1	1	2
g_group	test_B_gourraud	NA19067	EAS	C	HLA-C*08:01:01;HLA-C*01:02:01	1	1	2
g_group	test_B_gourraud	NA19067	EAS	DRB1	HLA-DRB1*04:03:01;HLA-DRB1*04:05:01	1	1	2
g_group	test_B_gourraud	NA19067	EAS	DQB1	HLA-DQB1*04:01:01;HLA-DQB1*03:02:01	1	1	2
g_group	test_B_gourraud	NA19068	EAS	A	HLA-A*26:01:01;HLA-A*11:01:01	1	1	2
g_group	test_B_gourraud	NA19068	EAS	B	HLA-B*51:01:01;HLA-B*40:02:01	1	1	2
g_group	test_B_gourraud	NA19068	EAS	C	HLA-C*03:04:01;HLA-C*01:02:01	1	1	2
g_group	test_B_gourraud	NA19068	EAS	DRB1	HLA-DRB1*09:01:02;HLA-DRB1*08:02:01	1	1	2
g_group	test_B_gourraud	NA19068	EAS	DQB1	HLA-DQB1*03:03:02;HLA-DQB1*03:02:01	1	1	2
g_group	test_B_gourraud	NA19070	EAS	A	HLA-A*02:07:01;HLA-A*26:01:01	1	1	2
g_group	test_B_gourraud	NA19070	EAS	B	HLA-B*52:01:01;HLA-B*46:01:01	1	1	2
g_group	test_B_gourraud	NA19070	EAS	C	HLA-C*12:02:02;HLA-C*01:02:01	1	1	2
g_group	test_B_gourraud	NA19070	EAS	DRB1	HLA-DRB1*09:01:02;HLA-DRB1*15:02:01	1	1	2
g_group	test_B_gourraud	NA19070	EAS	DQB1	HLA-DQB1*03:03:02;HLA-DQB1*06:01:01	1	1	2
g_group	test_B_gourraud	NA19072	EAS	A	HLA-A*33:03:01;HLA-A*24:02:01	1	1	2
g_group	test_B_gourraud	NA19072	EAS	B	HLA-B*46:01:01,HLA-B*46:99;HLA-B*58:01:01	1	1	2
g_group	test_B_gourraud	NA19072	EAS	C	HLA-C*03:02:02;HLA-C*01:03:01	1	1	2
g_group	test_B_gourraud	NA19072	EAS	DRB1	HLA-DRB1*13:02:01;HLA-DRB1*04:05:01	1	1	2
g_group	test_B_gourraud	NA19072	EAS	DQB1	HLA-DQB1*03:02:01;HLA-DQB1*06:09:01	1	1	2
g_group	test_B_gourraud	NA19074	EAS	A	HLA-A*24:02:01;HLA-A*24:02:01	1	1	2
g_group	test_B_gourraud	NA19074	EAS	B	HLA-B*40:02:01;HLA-B*52:01:01	1	1	2
g_group	test_B_gourraud	NA19074	EAS	C	HLA-C*03:04:01;HLA-C*12:02:02	1	1	2
g_group	test_B_gourraud	NA19074	EAS	DRB1	HLA-DRB1*08:02:01;HLA-DRB1*15:02:01	1	1	2
g_group	test_B_gourraud	NA19074	EAS	DQB1	HLA-DQB1*03:02:01;HLA-DQB1*06:01:01	1	1	2
g_group	test_B_gourraud	NA19075	EAS	A	HLA-A*26:03:01;HLA-A*02:01:01	1	1	2
g_group	test_B_gourraud	NA19075	EAS	B	HLA-B*15:01:01;HLA-B*56:01:01	1	1	2
g_group	test_B_gourraud	NA19075	EAS	C	HLA-C*03:03:01;HLA-C*04:01:01	1	1	2
g_group	test_B_gourraud	NA19075	EAS	DRB1	HLA-DRB1*15:01:01;HLA-DRB1*09:01:02	1	1	2
g_group	test_B_gourraud	NA19075	EAS	DQB1	HLA-DQB1*06:02:01;HLA-DQB1*03:03:02	1	1	2
g_group	test_B_gourraud	NA19076	EAS	A	HLA-A*24:02:01;HLA-A*31:01:02	1	1	2
g_group	test_B_gourraud	NA19076	EAS	B	HLA-B*40:02:01;HLA-B*40:02:01	1	1	2
g_group	test_B_gourraud	NA19076	EAS	C	HLA-C*03:04:01;HLA-C*03:04:01	1	1	2
g_group	test_B_gourraud	NA19076	EAS	DRB1	HLA-DRB1*04:05:01;HLA-DRB1*08:02:01	1	1	2
g_group	test_B_gourraud	NA19076	EAS	DQB1	HLA-DQB1*04:01:01;HLA-DQB1*03:02:01	1	1	2
g_group	test_B_gourraud	NA19077	EAS	A	HLA-A*24:02:01;HLA-A*24:02:01	1	1	2
g_group	test_B_gourraud	NA19077	EAS	B	HLA-B*51:01:01;HLA-B*37:01:01,HLA-B*37:01:39	1	1	2
g_group	test_B_gourraud	NA19077	EAS	C	HLA-C*14:02:01;HLA-C*06:02:01	1	1	2
g_group	test_B_gourraud	NA19077	EAS	DRB1	HLA-DRB1*09:01:02;HLA-DRB1*10:01:01	1	1	2
g_group	test_B_gourraud	NA19077	EAS	DQB1	HLA-DQB1*03:03:02;HLA-DQB1*05:01:01	1	1	2
g_group	test_B_gourraud	NA19078	EAS	A	HLA-A*24:02:01;HLA-A*02:06:01	1	1	2
g_group	test_B_gourraud	NA19078	EAS	B	HLA-B*40:06:01;HLA-B*54:01:01	1	1	2
g_group	test_B_gourraud	NA19078	EAS	C	HLA-C*08:01:01;HLA-C*01:02:01	1	1	2
g_group	test_B_gourraud	NA19078	EAS	DRB1	HLA-DRB1*08:03:02;HLA-DRB1*14:54:01	1	1	2
g_group	test_B_gourraud	NA19078	EAS	DQB1	HLA-DQB1*05:03:01;HLA-DQB1*06:01:01	1	1	2
g_group	test_B_gourraud	NA19080	EAS	A	HLA-A*31:01:02;HLA-A*33:03:01	1	1	2
g_group	test_B_gourraud	NA19080	EAS	B	HLA-B*58:01:01;HLA-B*48:01:01	1	1	2
g_group	test_B_gourraud	NA19080	EAS	C	HLA-C*03:02:02;HLA-C*03:04:01	1	1	2
g_group	test_B_gourraud	NA19080	EAS	DRB1	HLA-DRB1*13:02:01;HLA-DRB1*09:01:02	1	1	2
g_group	test_B_gourraud	NA19080	EAS	DQB1	HLA-DQB1*03:03:02;HLA-DQB1*06:09:01	1	1	2
g_group	test_B_gourraud	NA19081	EAS	A	HLA-A*24:02:01;HLA-A*26:01:01	1	1	2
g_group	test_B_gourraud	NA19081	EAS	B	HLA-B*35:01:01;HLA-B*52:01:01	1	1	2
g_group	test_B_gourraud	NA19081	EAS	C	HLA-C*03:03:01;HLA-C*12:02:02	1	1	2
g_group	test_B_gourraud	NA19081	EAS	DRB1	HLA-DRB1*09:01:02;HLA-DRB1*15:02:01	1	1	2
g_group	test_B_gourraud	NA19081	EAS	DQB1	HLA-DQB1*06:01:01;HLA-DQB1*03:03:02	1	1	2
g_group	test_B_gourraud	NA19082	EAS	A	HLA-A*11:01:01;HLA-A*26:01:01	1	1	2
g_group	test_B_gourraud	NA19082	EAS	B	HLA-B*40:02:01;HLA-B*51:01:01	1	1	2
g_group	test_B_gourraud	NA19082	EAS	C	HLA-C*03:04:01;HLA-C*14:02:01	1	1	2
g_group	test_B_gourraud	NA19082	EAS	DRB1	HLA-DRB1*09:01:02;HLA-DRB1*15:01:01	1	1	2
g_group	test_B_gourraud	NA19082	EAS	DQB1	HLA-DQB1*03:03:02;HLA-DQB1*06:02:01	1	1	2
g_group	test_B_gourraud	NA19083	EAS	A	HLA-A*33:03:01;HLA-A*26:03:01	1	1	2
g_group	test_B_gourraud	NA19083	EAS	B	HLA-B*44:03:01;HLA-B*15:01:01,HLA-B*15:01:60,HLA-B*15:01:70,HLA-B*15:456,HLA-B*15:457,HLA-B*15:465	1	1	2
g_group	test_B_gourraud	NA19083	EAS	C	HLA-C*14:03:01;HLA-C*03:03:01	1	1	2
g_group	test_B_gourraud	NA19083	EAS	DRB1	HLA-DRB1*14:03:01;HLA-DRB1*13:02:01	1	1	2
g_group	test_B_gourraud	NA19083	EAS	DQB1	HLA-DQB1*06:04:01;HLA-DQB1*03:01:01	1	1	2
g_group	test_B_gourraud	NA19084	EAS	A	HLA-A*02:06:01;HLA-A*02:01:01	1	1	2
g_group	test_B_gourraud	NA19084	EAS	B	HLA-B*40:01:02;HLA-B*40:01:02	1	1	2
g_group	test_B_gourraud	NA19084	EAS	C	HLA-C*03:04:01;HLA-C*03:04:01	1	1	2
g_group	test_B_gourraud	NA19084	EAS	DRB1	HLA-DRB1*12:02:01;HLA-DRB1*08:03:02	1	1	2
g_group	test_B_gourraud	NA19084	EAS	DQB1	HLA-DQB1*06:01:01;HLA-DQB1*03:01:01	1	1	2
g_group	test_B_gourraud	NA19085	EAS	A	HLA-A*24:02:01;HLA-A*33:03:01	1	1	2
g_group	test_B_gourraud	NA19085	EAS	B	HLA-B*44:03:01;HLA-B*52:01:01,HLA-B*52:95	1	1	2
g_group	test_B_gourraud	NA19085	EAS	C	HLA-C*14:03:01;HLA-C*12:02:02	1	1	2
g_group	test_B_gourraud	NA19085	EAS	DRB1	HLA-DRB1*15:02:01;HLA-DRB1*13:02:01	1	1	2
g_group	test_B_gourraud	NA19085	EAS	DQB1	HLA-DQB1*06:04:01;HLA-DQB1*06:01:01	1	1	2
g_group	test_B_gourraud	NA19086	EAS	A	HLA-A*24:02:01;HLA-A*26:02:01	1	1	2
g_group	test_B_gourraud	NA19086	EAS	B	HLA-B*40:06:01;HLA-B*51:01:01	1	1	2
g_group	test_B_gourraud	NA19086	EAS	C	HLA-C*08:01:01;HLA-C*14:02:01	1	1	2
g_group	test_B_gourraud	NA19086	EAS	DRB1	HLA-DRB1*09:01:02;HLA-DRB1*08:02:01	1	1	2
g_group	test_B_gourraud	NA19086	EAS	DQB1	HLA-DQB1*03:03:02;HLA-DQB1*04:02:01	1	1	2
g_group	test_B_gourraud	NA19092	AFR	A	HLA-A*68:02:01;HLA-A*36:01:01	1	1	2
g_group	test_B_gourraud	NA19092	AFR	B	HLA-B*81:01:01;HLA-B*42:01:01	1	1	2
g_group	test_B_gourraud	NA19092	AFR	C	HLA-C*08:04:01;HLA-C*17:01:01	1	1	2
g_group	test_B_gourraud	NA19092	AFR	DRB1	HLA-DRB1*03:02:01;HLA-DRB1*13:01:01	1	1	2
g_group	test_B_gourraud	NA19092	AFR	DQB1	HLA-DQB1*04:02:01;HLA-DQB1*05:01:01	1	1	2
g_group	test_B_gourraud	NA19093	AFR	A	HLA-A*30:01:01;HLA-A*23:01:01	1	1	2
g_group	test_B_gourraud	NA19093	AFR	B	HLA-B*53:01:01;HLA-B*35:01:01	1	1	2
g_group	test_B_gourraud	NA19093	AFR	C	HLA-C*04:01:01;HLA-C*08:02:01	1	1	2
g_group	test_B_gourraud	NA19093	AFR	DRB1	HLA-DRB1*13:02:01;HLA-DRB1*15:03:01	1	0	1
g_group	test_B_gourraud	NA19093	AFR	DQB1	HLA-DQB1*06:02:01;HLA-DQB1*05:01:01	1	1	2
g_group	test_B_gourraud	NA19098	AFR	A	HLA-A*36:01:01;HLA-A*02:01:01	1	1	2
g_group	test_B_gourraud	NA19098	AFR	B	HLA-B*53:01:01;HLA-B*51:01:01	1	1	2
g_group	test_B_gourraud	NA19098	AFR	C	HLA-C*06:02:01;HLA-C*16:01:01	1	1	2
g_group	test_B_gourraud	NA19098	AFR	DRB1	HLA-DRB1*01:02:01;HLA-DRB1*07:01:01	1	1	2
g_group	test_B_gourraud	NA19098	AFR	DQB1	HLA-DQB1*02:02:01;HLA-DQB1*05:01:01	1	1	2
g_group	test_B_gourraud	NA19099	AFR	A	HLA-A*36:01:01;HLA-A*23:01:01	1	1	2
g_group	test_B_gourraud	NA19099	AFR	B	HLA-B*07:02:01;HLA-B*07:02:01	1	1	2
g_group	test_B_gourraud	NA19099	AFR	C	HLA-C*07:629;HLA-C*15:05:02	1	0	1
g_group	test_B_gourraud	NA19099	AFR	DRB1	HLA-DRB1*15:03:01;HLA-DRB1*09:01:02	1	1	2
g_group	test_B_gourraud	NA19099	AFR	DQB1	HLA-DQB1*05:02:01;HLA-DQB1*02:02:01	1	1	2
g_group	test_B_gourraud	NA19102	AFR	A	HLA-A*03:01:01;HLA-A*30:01:01	1	1	2
g_group	test_B_gourraud	NA19102	AFR	B	HLA-B*42:01:01;HLA-B*18:01:01	1	1	2
g_group	test_B_gourraud	NA19102	AFR	C	HLA-C*02:02:02;HLA-C*17:01:01	1	1	2
g_group	test_B_gourraud	NA19102	AFR	DRB1	HLA-DRB1*15:03:01;HLA-DRB1*15:03:01	1	1	2
g_group	test_B_gourraud	NA19102	AFR	DQB1	HLA-DQB1*06:02:01;HLA-DQB1*06:02:01	1	1	2
g_group	test_B_gourraud	NA19116	AFR	A	HLA-A*33:03:01;HLA-A*23:01:01	1	1	2
g_group	test_B_gourraud	NA19116	AFR	B	HLA-B*39:24:01;HLA-B*07:02:01	1	0	1
g_group	test_B_gourraud	NA19116	AFR	C	HLA-C*07:02:01;HLA-C*07:01:01	1	1	2
g_group	test_B_gourraud	NA19116	AFR	DRB1	HLA-DRB1*03:02:01;HLA-DRB1*13:02:01	1	1	2
g_group	test_B_gourraud	NA19116	AFR	DQB1	HLA-DQB1*04:02:01;HLA-DQB1*06:09:01	1	0	1
g_group	test_B_gourraud	NA19119	AFR	A	HLA-A*23:17:01;HLA-A*36:01:01	1	1	2
g_group	test_B_gourraud	NA19119	AFR	B	HLA-B*49:01:01;HLA-B*35:01:01,HLA-B*35:370,HLA-B*35:615	1	1	2
g_group	test_B_gourraud	NA19119	AFR	C	HLA-C*07:01:02;HLA-C*04:01:01	1	1	2
g_group	test_B_gourraud	NA19119	AFR	DRB1	HLA-DRB1*07:01:01;HLA-DRB1*03:01:01	1	1	2
g_group	test_B_gourraud	NA19119	AFR	DQB1	HLA-DQB1*05:01:01;HLA-DQB1*02:02:01	1	1	2
g_group	test_B_gourraud	NA19129	AFR	A	HLA-A*23:01:01;HLA-A*02:02:01	1	1	2
g_group	test_B_gourraud	NA19129	AFR	B	HLA-B*58:01:01,HLA-B*58:117;HLA-B*07:02:01,HLA-B*07:529	1	1	2
g_group	test_B_gourraud	NA19129	AFR	C	HLA-C*07:18:01;HLA-C*07:02:01	1	1	2
g_group	test_B_gourraud	NA19129	AFR	DRB1	HLA-DRB1*11:02:01;HLA-DRB1*01:01:01	1	1	2
g_group	test_B_gourraud	NA19129	AFR	DQB1	HLA-DQB1*05:01:01;HLA-DQB1*03:19:01	1	1	2
g_group	test_B_gourraud	NA19130	AFR	A	HLA-A*33:03:01;HLA-A*36:01:01	1	1	2
g_group	test_B_gourraud	NA19130	AFR	B	HLA-B*13:02:01;HLA-B*35:01:01	1	1	2
g_group	test_B_gourraud	NA19130	AFR	C	HLA-C*04:01:01;HLA-C*04:01:01	1	1	2
g_group	test_B_gourraud	NA19130	AFR	DRB1	HLA-DRB1*08:04:01;HLA-DRB1*13:03:01	1	0	1
g_group	test_B_gourraud	NA19130	AFR	DQB1	HLA-DQB1*04:02:13;HLA-DQB1*03:01:01	1	1	2
g_group	test_B_gourraud	NA19131	AFR	A	HLA-A*66:03:01;HLA-A*68:02:01	1	0	1
g_group	test_B_gourraud	NA19131	AFR	B	HLA-B*42:01:01;HLA-B*53:01:01	1	1	2
g_group	test_B_gourraud	NA19131	AFR	C	HLA-C*17:01:01;HLA-C*04:01:01	1	1	2
g_group	test_B_gourraud	NA19131	AFR	DRB1	HLA-DRB1*08:04:01;HLA-DRB1*03:02:01	1	1	2
g_group	test_B_gourraud	NA19131	AFR	DQB1	HLA-DQB1*04:02:01;HLA-DQB1*03:01:04	1	1	2
g_group	test_B_gourraud	NA19137	AFR	A	HLA-A*02:01:01;HLA-A*30:01:01	1	1	2
g_group	test_B_gourraud	NA19137	AFR	B	HLA-B*45:01:01;HLA-B*07:02:01	1	1	2
g_group	test_B_gourraud	NA19137	AFR	C	HLA-C*16:01:01;HLA-C*07:02:01	1	1	2
g_group	test_B_gourraud	NA19137	AFR	DRB1	HLA-DRB1*15:03:01;HLA-DRB1*11:02:01	1	1	2
g_group	test_B_gourraud	NA19137	AFR	DQB1	HLA-DQB1*06:02:01;HLA-DQB1*03:19:01	1	1	2
g_group	test_B_gourraud	NA19138	AFR	A	HLA-A*23:01:01;HLA-A*02:01:01	1	1	2
g_group	test_B_gourraud	NA19138	AFR	B	HLA-B*58:01:01,HLA-B*58:120;HLA-B*07:02:01	1	1	2
g_group	test_B_gourraud	NA19138	AFR	C	HLA-C*07:18:01;HLA-C*07:02:01	1	1	2
g_group	test_B_gourraud	NA19138	AFR	DRB1	HLA-DRB1*15:03:01;HLA-DRB1*13:03:01	1	1	2
g_group	test_B_gourraud	NA19138	AFR	DQB1	HLA-DQB1*06:09:01;HLA-DQB1*03:09	1	0	1
g_group	test_B_gourraud	NA19141	AFR	A	HLA-A*02:11:01;HLA-A*36:01:01	1	1	2
g_group	test_B_gourraud	NA19141	AFR	B	HLA-B*35:01:01;HLA-B*52:01:02	1	1	2
g_group	test_B_gourraud	NA19141	AFR	C	HLA-C*07:18:01;HLA-C*16:01:01	1	1	2
g_group	test_B_gourraud	NA19141	AFR	DRB1	HLA-DRB1*13:01:01;HLA-DRB1*13:02:01	1	1	2
g_group	test_B_gourraud	NA19141	AFR	DQB1	HLA-DQB1*06:09:01;HLA-DQB1*06:03:01	1	0	1
g_group	test_B_gourraud	NA19143	AFR	A	HLA-A*23:01:01;HLA-A*02:02:01	1	1	2
g_group	test_B_gourraud	NA19143	AFR	B	HLA-B*52:01:02;HLA-B*53:01:01	1	1	2
g_group	test_B_gourraud	NA19143	AFR	C	HLA-C*16:01:01;HLA-C*04:01:01	1	1	2
g_group	test_B_gourraud	NA19143	AFR	DRB1	HLA-DRB1*13:02:19;HLA-DRB1*03:01:08	1	1	2
g_group	test_B_gourraud	NA19143	AFR	DQB1	HLA-DQB1*02:01:01;HLA-DQB1*06:04:01	1	1	2
g_group	test_B_gourraud	NA19144	AFR	A	HLA-A*33:03:01;HLA-A*32:01:01	1	1	2
g_group	test_B_gourraud	NA19144	AFR	B	HLA-B*53:01:01;HLA-B*58:01:01	1	1	2
g_group	test_B_gourraud	NA19144	AFR	C	HLA-C*03:02:02;HLA-C*04:01:01	1	1	2
g_group	test_B_gourraud	NA19144	AFR	DRB1	HLA-DRB1*03:01:01;HLA-DRB1*13:01:01	1	1	2
g_group	test_B_gourraud	NA19144	AFR	DQB1	HLA-DQB1*06:03:01;HLA-DQB1*02:01:01	1	1	2
g_group	test_B_gourraud	NA19152	AFR	A	HLA-A*03:01:01;HLA-A*26:01:01	1	1	2
g_group	test_B_gourraud	NA19152	AFR	B	HLA-B*56:01:01;HLA-B*15:10:01	1	1	2
g_group	test_B_gourraud	NA19152	AFR	C	HLA-C*08:04:01;HLA-C*01:02:01	1	1	2
g_group	test_B_gourraud	NA19152	AFR	DRB1	HLA-DRB1*11:04:02;HLA-DRB1*14:54:01	1	1	2
g_group	test_B_gourraud	NA19152	AFR	DQB1	HLA-DQB1*05:02:01;HLA-DQB1*05:03:01	1	1	2
g_group	test_B_gourraud	NA19153	AFR	A	HLA-A*36:01:01;HLA-A*33:03:01	1	1	2
g_group	test_B_gourraud	NA19153	AFR	B	HLA-B*18:01:01;HLA-B*53:01:01	1	1	2
g_group	test_B_gourraud	NA19153	AFR	C	HLA-C*04:01:01;HLA-C*05:01:01	1	1	2
g_group	test_B_gourraud	NA19153	AFR	DRB1	HLA-DRB1*03:02:01;HLA-DRB1*14:54:01	1	1	2
g_group	test_B_gourraud	NA19153	AFR	DQB1	HLA-DQB1*05:03:01;HLA-DQB1*04:02:01	1	1	2
g_group	leak_gourraud	NA19160	AFR	A	HLA-A*68:01:01;HLA-A*26:01:01	1	1	2
g_group	leak_gourraud	NA19160	AFR	B	HLA-B*15:10:01;HLA-B*51:01:01,HLA-B*51:01:64	1	1	2
g_group	leak_gourraud	NA19160	AFR	C	HLA-C*16:01:01;HLA-C*04:01:01	1	1	2
g_group	leak_gourraud	NA19160	AFR	DRB1	HLA-DRB1*11:04:02;HLA-DRB1*13:03:01	1	1	2
g_group	leak_gourraud	NA19160	AFR	DQB1	HLA-DQB1*05:02:01;HLA-DQB1*03:01:01	1	1	2
g_group	test_B_gourraud	NA19171	AFR	A	HLA-A*02:02:01;HLA-A*23:01:01	1	1	2
g_group	test_B_gourraud	NA19171	AFR	B	HLA-B*53:01:01;HLA-B*52:01:02	1	1	2
g_group	test_B_gourraud	NA19171	AFR	C	HLA-C*16:01:01;HLA-C*04:01:01	1	1	2
g_group	test_B_gourraud	NA19171	AFR	DRB1	HLA-DRB1*13:02:01;HLA-DRB1*13:03:01	1	1	2
g_group	test_B_gourraud	NA19171	AFR	DQB1	HLA-DQB1*06:09:01;HLA-DQB1*03:09	1	0	1
g_group	test_B_gourraud	NA19172	AFR	A	HLA-A*30:02:01;HLA-A*68:01:01	1	1	2
g_group	test_B_gourraud	NA19172	AFR	B	HLA-B*44:03:01;HLA-B*35:01:01	1	1	2
g_group	test_B_gourraud	NA19172	AFR	C	HLA-C*04:01:01;HLA-C*04:527	1	1	2
g_group	test_B_gourraud	NA19172	AFR	DRB1	HLA-DRB1*15:03:01;HLA-DRB1*07:01:01	1	1	2
g_group	test_B_gourraud	NA19172	AFR	DQB1	HLA-DQB1*02:02:01;HLA-DQB1*02:02:01	1	1	2
g_group	test_B_gourraud	NA19200	AFR	A	HLA-A*23:01:01;HLA-A*30:02:01	1	1	2
g_group	test_B_gourraud	NA19200	AFR	B	HLA-B*52:01:02;HLA-B*07:02:01	1	1	2
g_group	test_B_gourraud	NA19200	AFR	C	HLA-C*07:02:01;HLA-C*16:01:01	1	1	2
g_group	test_B_gourraud	NA19200	AFR	DRB1	HLA-DRB1*13:01:01;HLA-DRB1*01:01:01	1	1	2
g_group	test_B_gourraud	NA19200	AFR	DQB1	HLA-DQB1*05:01:01;HLA-DQB1*05:01:01	1	1	2
g_group	test_B_gourraud	NA19201	AFR	A	HLA-A*03:01:01;HLA-A*33:03:01	1	1	2
g_group	test_B_gourraud	NA19201	AFR	B	HLA-B*18:01:01;HLA-B*15:16:01	1	1	2
g_group	test_B_gourraud	NA19201	AFR	C	HLA-C*02:02:02;HLA-C*14:02:01	1	1	2
g_group	test_B_gourraud	NA19201	AFR	DRB1	HLA-DRB1*07:01:01;HLA-DRB1*03:01:01	1	1	2
g_group	test_B_gourraud	NA19201	AFR	DQB1	HLA-DQB1*02:02:01;HLA-DQB1*02:01:01	1	1	2
g_group	test_B_gourraud	NA19204	AFR	A	HLA-A*30:02:01;HLA-A*02:05:01	1	1	2
g_group	test_B_gourraud	NA19204	AFR	B	HLA-B*18:01:01;HLA-B*58:01:01	1	1	2
g_group	test_B_gourraud	NA19204	AFR	C	HLA-C*07:18:01;HLA-C*08:02:01	1	1	2
g_group	test_B_gourraud	NA19204	AFR	DRB1	HLA-DRB1*07:01:01;HLA-DRB1*07:01:01	1	1	2
g_group	test_B_gourraud	NA19204	AFR	DQB1	HLA-DQB1*02:02:01;HLA-DQB1*02:02:01	1	1	2
g_group	test_B_gourraud	NA19206	AFR	A	HLA-A*02:01:01;HLA-A*01:01:01	1	1	2
g_group	test_B_gourraud	NA19206	AFR	B	HLA-B*42:01:01;HLA-B*53:01:01	1	1	2
g_group	test_B_gourraud	NA19206	AFR	C	HLA-C*17:01:01;HLA-C*04:01:01	1	1	2
g_group	test_B_gourraud	NA19206	AFR	DRB1	HLA-DRB1*11:01:02;HLA-DRB1*03:02:01	1	0	1
g_group	test_B_gourraud	NA19206	AFR	DQB1	HLA-DQB1*04:02:01;HLA-DQB1*06:02:01	1	1	2
g_group	test_B_gourraud	NA19207	AFR	A	HLA-A*30:02:01;HLA-A*68:02:01	1	1	2
g_group	test_B_gourraud	NA19207	AFR	B	HLA-B*08:01:01;HLA-B*15:10:01	1	1	2
g_group	test_B_gourraud	NA19207	AFR	C	HLA-C*07:01:01;HLA-C*03:02:02	1	1	2
g_group	test_B_gourraud	NA19207	AFR	DRB1	HLA-DRB1*03:01:01;HLA-DRB1*11:01:02	1	0	1
g_group	test_B_gourraud	NA19207	AFR	DQB1	HLA-DQB1*02:01:01;HLA-DQB1*03:01:01	1	1	2
g_group	test_B_gourraud	NA19209	AFR	A	HLA-A*03:01:01;HLA-A*30:01:01	1	1	2
g_group	test_B_gourraud	NA19209	AFR	B	HLA-B*52:01:02;HLA-B*15:10:01	1	1	2
g_group	test_B_gourraud	NA19209	AFR	C	HLA-C*08:04:01;HLA-C*16:01:01	1	1	2
g_group	test_B_gourraud	NA19209	AFR	DRB1	HLA-DRB1*11:04:02;HLA-DRB1*13:01:01	1	1	2
g_group	test_B_gourraud	NA19209	AFR	DQB1	HLA-DQB1*06:03:01;HLA-DQB1*05:02:01	1	1	2
g_group	test_B_gourraud	NA19210	AFR	A	HLA-A*03:01:01;HLA-A*33:01:01	1	1	2
g_group	test_B_gourraud	NA19210	AFR	B	HLA-B*58:01:01,HLA-B*58:117;HLA-B*15:10:01	1	1	2
g_group	test_B_gourraud	NA19210	AFR	C	HLA-C*03:02:02;HLA-C*08:04:01	1	1	2
g_group	test_B_gourraud	NA19210	AFR	DRB1	HLA-DRB1*03:01:01;HLA-DRB1*13:01:01	1	1	2
g_group	test_B_gourraud	NA19210	AFR	DQB1	HLA-DQB1*06:03:01;HLA-DQB1*03:19:01	1	1	2
g_group	test_B_gourraud	NA19222	AFR	A	HLA-A*33:03:01;HLA-A*30:01:01	1	1	2
g_group	test_B_gourraud	NA19222	AFR	B	HLA-B*45:01:01;HLA-B*42:02:01	1	1	2
g_group	test_B_gourraud	NA19222	AFR	C	HLA-C*17:01:01;HLA-C*16:01:01	1	1	2
g_group	test_B_gourraud	NA19222	AFR	DRB1	HLA-DRB1*13:03:01;HLA-DRB1*04:03:01	1	1	2
g_group	test_B_gourraud	NA19222	AFR	DQB1	HLA-DQB1*03:02:01;HLA-DQB1*02:02:01	1	1	2
g_group	test_B_gourraud	NA19223	AFR	A	HLA-A*33:03:01;HLA-A*30:01:01	1	1	2
g_group	test_B_gourraud	NA19223	AFR	B	HLA-B*41:04;HLA-B*42:01:01	1	1	2
g_group	test_B_gourraud	NA19223	AFR	C	HLA-C*17:01:01;HLA-C*17:01:01	1	1	2
g_group	test_B_gourraud	NA19223	AFR	DRB1	HLA-DRB1*03:01:01;HLA-DRB1*03:02:01	1	0	1
g_group	test_B_gourraud	NA19223	AFR	DQB1	HLA-DQB1*02:01:01;HLA-DQB1*04:02:01	1	1	2
g_group	leak_gourraud	NA19238	AFR	A	HLA-A*30:01:01;HLA-A*36:01:01	1	1	2
g_group	leak_gourraud	NA19238	AFR	B	HLA-B*57:03:01;HLA-B*53:01:01	1	1	2
g_group	leak_gourraud	NA19238	AFR	C	HLA-C*04:01:01;HLA-C*18:02:01	1	1	2
g_group	leak_gourraud	NA19238	AFR	DRB1	HLA-DRB1*16:02:01;HLA-DRB1*11:01:02	1	0	1
g_group	leak_gourraud	NA19238	AFR	DQB1	HLA-DQB1*05:02:01;HLA-DQB1*06:02:01	1	1	2
g_group	leak_gourraud	NA19239	AFR	A	HLA-A*68:02:01;HLA-A*02:01:01	1	1	2
g_group	leak_gourraud	NA19239	AFR	B	HLA-B*52:01:02;HLA-B*35:01:01	1	1	2
g_group	leak_gourraud	NA19239	AFR	C	HLA-C*16:01:01;HLA-C*04:01:01	1	1	2
g_group	leak_gourraud	NA19239	AFR	DRB1	HLA-DRB1*12:01:01;HLA-DRB1*13:01:01	1	0	1
g_group	leak_gourraud	NA19239	AFR	DQB1	HLA-DQB1*05:01:01;HLA-DQB1*03:01:01	1	1	2
g_group	test_B_gourraud	NA19307	AFR	A	HLA-A*32:01:01;HLA-A*03:01:01	1	1	2
g_group	test_B_gourraud	NA19307	AFR	B	HLA-B*52:01:01;HLA-B*81:01:01	1	1	2
g_group	test_B_gourraud	NA19307	AFR	C	HLA-C*08:04:01;HLA-C*12:02:02	1	1	2
g_group	test_B_gourraud	NA19307	AFR	DRB1	HLA-DRB1*12:01:01;HLA-DRB1*15:02:01	1	1	2
g_group	test_B_gourraud	NA19307	AFR	DQB1	HLA-DQB1*05:01:01;HLA-DQB1*06:01:01	1	1	2
g_group	test_B_gourraud	NA19308	AFR	A	HLA-A*66:02:01;HLA-A*02:14	1	1	2
g_group	test_B_gourraud	NA19308	AFR	B	HLA-B*18:03:01;HLA-B*58:01:01	1	1	2
g_group	test_B_gourraud	NA19308	AFR	C	HLA-C*07:18:01;HLA-C*04:01:01	1	1	2
g_group	test_B_gourraud	NA19308	AFR	DRB1	HLA-DRB1*15:03:01;HLA-DRB1*11:04:01	1	1	2
g_group	test_B_gourraud	NA19308	AFR	DQB1	HLA-DQB1*06:02:01;HLA-DQB1*03:01:01	1	1	2
g_group	test_B_gourraud	NA19309	AFR	A	HLA-A*02:01:01;HLA-A*66:01:01	1	1	2
g_group	test_B_gourraud	NA19309	AFR	B	HLA-B*27:03:01;HLA-B*58:02:01	1	1	2
g_group	test_B_gourraud	NA19309	AFR	C	HLA-C*06:02:01;HLA-C*02:02:02	1	1	2
g_group	test_B_gourraud	NA19309	AFR	DRB1	HLA-DRB1*08:04:01;HLA-DRB1*03:02:01	1	1	2
g_group	test_B_gourraud	NA19309	AFR	DQB1	HLA-DQB1*04:02:01;HLA-DQB1*03:19:01	1	1	2
g_group	test_B_gourraud	NA19310	AFR	A	HLA-A*29:02:01;HLA-A*34:02:01	1	1	2
g_group	test_B_gourraud	NA19310	AFR	B	HLA-B*53:01:01;HLA-B*35:01:01	1	1	2
g_group	test_B_gourraud	NA19310	AFR	C	HLA-C*04:01:01;HLA-C*04:01:01	1	1	2
g_group	test_B_gourraud	NA19310	AFR	DRB1	HLA-DRB1*15:03:01;HLA-DRB1*13:03:01	1	1	2
g_group	test_B_gourraud	NA19310	AFR	DQB1	HLA-DQB1*02:02:01;HLA-DQB1*06:02:01	1	1	2
g_group	test_B_gourraud	NA19314	AFR	A	HLA-A*29:01:01;HLA-A*02:01:01	1	1	2
g_group	test_B_gourraud	NA19314	AFR	B	HLA-B*18:01:01;HLA-B*51:01:01	1	1	2
g_group	test_B_gourraud	NA19314	AFR	C	HLA-C*07:04:01;HLA-C*16:01:01	1	1	2
g_group	test_B_gourraud	NA19314	AFR	DRB1	HLA-DRB1*15:03:01;HLA-DRB1*11:01:02	1	1	2
g_group	test_B_gourraud	NA19314	AFR	DQB1	HLA-DQB1*06:02:01;HLA-DQB1*03:19:01	1	1	2
g_group	test_B_gourraud	NA19315	AFR	A	HLA-A*01:01:83;HLA-A*02:01:01	1	1	2
g_group	test_B_gourraud	NA19315	AFR	B	HLA-B*58:01:01,HLA-B*58:117,HLA-B*58:120;HLA-B*45:07:01	1	1	2
g_group	test_B_gourraud	NA19315	AFR	C	HLA-C*16:01:01;HLA-C*03:02:02	1	1	2
g_group	test_B_gourraud	NA19315	AFR	DRB1	HLA-DRB1*11:02:01;HLA-DRB1*13:01:01	1	1	2
g_group	test_B_gourraud	NA19315	AFR	DQB1	HLA-DQB1*05:01:01;HLA-DQB1*03:01:01	1	1	2
g_group	test_B_gourraud	NA19316	AFR	A	HLA-A*31:04:01;HLA-A*02:01:01	1	1	2
g_group	test_B_gourraud	NA19316	AFR	B	HLA-B*15:03:01;HLA-B*58:01:01,HLA-B*58:117	1	1	2
g_group	test_B_gourraud	NA19316	AFR	C	HLA-C*02:10:01;HLA-C*07:18:01	1	1	2
g_group	test_B_gourraud	NA19316	AFR	DRB1	HLA-DRB1*11:01:02;HLA-DRB1*13:02:01	1	1	2
g_group	test_B_gourraud	NA19316	AFR	DQB1	HLA-DQB1*06:04:01;HLA-DQB1*03:19:01	1	1	2
g_group	test_B_gourraud	NA19317	AFR	A	HLA-A*23:01:01;HLA-A*30:01:01	1	1	2
g_group	test_B_gourraud	NA19317	AFR	B	HLA-B*15:03:01;HLA-B*42:01:01	1	1	2
g_group	test_B_gourraud	NA19317	AFR	C	HLA-C*17:01:01;HLA-C*02:10:01	1	1	2
g_group	test_B_gourraud	NA19317	AFR	DRB1	HLA-DRB1*07:01:01;HLA-DRB1*04:01:01	1	1	2
g_group	test_B_gourraud	NA19317	AFR	DQB1	HLA-DQB1*03:02:01;HLA-DQB1*02:02:01	1	1	2
g_group	test_B_gourraud	NA19318	AFR	A	HLA-A*68:02:01;HLA-A*29:02:01	1	1	2
g_group	test_B_gourraud	NA19318	AFR	B	HLA-B*07:02:01;HLA-B*82:02:01	1	1	2
g_group	test_B_gourraud	NA19318	AFR	C	HLA-C*03:02:02;HLA-C*07:02:01	1	1	2
g_group	test_B_gourraud	NA19318	AFR	DRB1	HLA-DRB1*15:03:01;HLA-DRB1*15:03:01	1	1	2
g_group	test_B_gourraud	NA19318	AFR	DQB1	HLA-DQB1*06:02:01;HLA-DQB1*06:02:01	1	1	2
g_group	test_B_gourraud	NA19319	AFR	A	HLA-A*36:01:01;HLA-A*02:01:01	1	1	2
g_group	test_B_gourraud	NA19319	AFR	B	HLA-B*15:03:01;HLA-B*53:01:01	1	1	2
g_group	test_B_gourraud	NA19319	AFR	C	HLA-C*02:10:01;HLA-C*04:01:01	1	1	2
g_group	test_B_gourraud	NA19319	AFR	DRB1	HLA-DRB1*08:04:01;HLA-DRB1*11:01:02	1	1	2
g_group	test_B_gourraud	NA19319	AFR	DQB1	HLA-DQB1*03:19:01;HLA-DQB1*03:01:01	1	0	1
g_group	test_B_gourraud	NA19321	AFR	A	HLA-A*29:02:01;HLA-A*02:01:01	1	1	2
g_group	test_B_gourraud	NA19321	AFR	B	HLA-B*45:01:01;HLA-B*53:01:01	1	1	2
g_group	test_B_gourraud	NA19321	AFR	C	HLA-C*04:01:01;HLA-C*16:01:01	1	1	2
g_group	test_B_gourraud	NA19321	AFR	DRB1	HLA-DRB1*01:02:01;HLA-DRB1*15:03:01	1	1	2
g_group	test_B_gourraud	NA19321	AFR	DQB1	HLA-DQB1*05:01:01;HLA-DQB1*06:02:01	1	1	2
g_group	test_B_gourraud	NA19324	AFR	A	HLA-A*01:02:01;HLA-A*23:01:01	1	1	2
g_group	test_B_gourraud	NA19324	AFR	B	HLA-B*08:01:01;HLA-B*58:01:01,HLA-B*58:120	1	1	2
g_group	test_B_gourraud	NA19324	AFR	C	HLA-C*03:04:01;HLA-C*03:02:02	1	1	2
g_group	test_B_gourraud	NA19324	AFR	DRB1	HLA-DRB1*08:04:01;HLA-DRB1*10:01:01	1	1	2
g_group	test_B_gourraud	NA19324	AFR	DQB1	HLA-DQB1*05:01:01;HLA-DQB1*03:19:01	1	1	2
g_group	test_B_gourraud	NA19327	AFR	A	HLA-A*26:01:01;HLA-A*23:01:01	1	1	2
g_group	test_B_gourraud	NA19327	AFR	B	HLA-B*45:01:01;HLA-B*45:01:01	1	1	2
g_group	test_B_gourraud	NA19327	AFR	C	HLA-C*16:01:01;HLA-C*06:02:01	1	1	2
g_group	test_B_gourraud	NA19327	AFR	DRB1	HLA-DRB1*01:02:01;HLA-DRB1*13:02:01	1	1	2
g_group	test_B_gourraud	NA19327	AFR	DQB1	HLA-DQB1*05:01:01;HLA-DQB1*05:01:01	1	1	2
g_group	test_B_gourraud	NA19328	AFR	A	HLA-A*33:03:01;HLA-A*02:01:01	1	1	2
g_group	test_B_gourraud	NA19328	AFR	B	HLA-B*53:01:01;HLA-B*18:01:01	1	1	2
g_group	test_B_gourraud	NA19328	AFR	C	HLA-C*07:04:01;HLA-C*04:01:01	1	1	2
g_group	test_B_gourraud	NA19328	AFR	DRB1	HLA-DRB1*08:04:01;HLA-DRB1*01:01:01	1	1	2
g_group	test_B_gourraud	NA19328	AFR	DQB1	HLA-DQB1*05:01:01;HLA-DQB1*03:19:01	1	1	2
g_group	test_B_gourraud	NA19332	AFR	A	HLA-A*30:02:01;HLA-A*66:01:01	1	1	2
g_group	test_B_gourraud	NA19332	AFR	B	HLA-B*15:10:01;HLA-B*58:02:01	1	1	2
g_group	test_B_gourraud	NA19332	AFR	C	HLA-C*03:04:02;HLA-C*06:02:01	1	1	2
g_group	test_B_gourraud	NA19332	AFR	DRB1	HLA-DRB1*03:01:01;HLA-DRB1*13:01:01	1	1	2
g_group	test_B_gourraud	NA19332	AFR	DQB1	HLA-DQB1*02:01:01;HLA-DQB1*03:03:02	1	1	2
g_group	test_B_gourraud	NA19334	AFR	A	HLA-A*02:01:01;HLA-A*33:03:01	1	1	2
g_group	test_B_gourraud	NA19334	AFR	B	HLA-B*15:10:01;HLA-B*45:01:01	1	1	2
g_group	test_B_gourraud	NA19334	AFR	C	HLA-C*03:04:02;HLA-C*16:01:01	1	1	2
g_group	test_B_gourraud	NA19334	AFR	DRB1	HLA-DRB1*08:04:01;HLA-DRB1*03:01:01	1	1	2
g_group	test_B_gourraud	NA19334	AFR	DQB1	HLA-DQB1*02:01:01;HLA-DQB1*03:19:01	1	1	2
g_group	test_B_gourraud	NA19346	AFR	A	HLA-A*23:17:01;HLA-A*74:01:01	1	1	2
g_group	test_B_gourraud	NA19346	AFR	B	HLA-B*18:01:01,HLA-B*18:01:26;HLA-B*15:03:01	1	1	2
g_group	test_B_gourraud	NA19346	AFR	C	HLA-C*07:04:01;HLA-C*02:10:01	1	1	2
g_group	test_B_gourraud	NA19346	AFR	DRB1	HLA-DRB1*11:01:02;HLA-DRB1*15:03:01	1	1	2
g_group	test_B_gourraud	NA19346	AFR	DQB1	HLA-DQB1*06:02:01;HLA-DQB1*06:02:01	1	1	2
g_group	test_B_gourraud	NA19347	AFR	A	HLA-A*68:02:01;HLA-A*02:01:01	1	1	2
g_group	test_B_gourraud	NA19347	AFR	B	HLA-B*07:02:01;HLA-B*58:01:01,HLA-B*58:117,HLA-B*58:120	1	1	2
g_group	test_B_gourraud	NA19347	AFR	C	HLA-C*07:02:01;HLA-C*16:01:01	1	1	2
g_group	test_B_gourraud	NA19347	AFR	DRB1	HLA-DRB1*15:03:01;HLA-DRB1*11:01:02	1	1	2
g_group	test_B_gourraud	NA19347	AFR	DQB1	HLA-DQB1*06:02:01;HLA-DQB1*05:01:01	1	1	2
g_group	test_B_gourraud	NA19350	AFR	A	HLA-A*66:02:01;HLA-A*30:02:01	1	1	2
g_group	test_B_gourraud	NA19350	AFR	B	HLA-B*18:01:01;HLA-B*58:02:01	1	1	2
g_group	test_B_gourraud	NA19350	AFR	C	HLA-C*07:04:01;HLA-C*06:02:01	1	1	2
g_group	test_B_gourraud	NA19350	AFR	DRB1	HLA-DRB1*10:01:01;HLA-DRB1*12:01:01	1	1	2
g_group	test_B_gourraud	NA19350	AFR	DQB1	HLA-DQB1*05:01:01;HLA-DQB1*05:01:01	1	1	2
g_group	test_B_gourraud	NA19360	AFR	A	HLA-A*74:01:01;HLA-A*02:02:01	1	1	2
g_group	test_B_gourraud	NA19360	AFR	B	HLA-B*58:02:01;HLA-B*53:01:01	1	1	2
g_group	test_B_gourraud	NA19360	AFR	C	HLA-C*06:02:01;HLA-C*04:01:01	1	1	2
g_group	test_B_gourraud	NA19360	AFR	DRB1	HLA-DRB1*11:01:02;HLA-DRB1*08:04:01	1	1	2
g_group	test_B_gourraud	NA19360	AFR	DQB1	HLA-DQB1*06:02:01;HLA-DQB1*03:19:01	1	1	2
g_group	test_B_gourraud	NA19372	AFR	A	HLA-A*30:02:01;HLA-A*02:01:01	1	1	2
g_group	test_B_gourraud	NA19372	AFR	B	HLA-B*51:01:01;HLA-B*53:01:01	1	1	2
g_group	test_B_gourraud	NA19372	AFR	C	HLA-C*16:01:01;HLA-C*04:01:01	1	1	2
g_group	test_B_gourraud	NA19372	AFR	DRB1	HLA-DRB1*07:01:01;HLA-DRB1*07:01:01	1	1	2
g_group	test_B_gourraud	NA19372	AFR	DQB1	HLA-DQB1*02:02:01;HLA-DQB1*02:02:01	1	1	2
g_group	test_B_gourraud	NA19374	AFR	A	HLA-A*68:02:01;HLA-A*34:02:01	1	1	2
g_group	test_B_gourraud	NA19374	AFR	B	HLA-B*35:01:01;HLA-B*41:01:01	1	1	2
g_group	test_B_gourraud	NA19374	AFR	C	HLA-C*17:01:01;HLA-C*04:01:01	1	1	2
g_group	test_B_gourraud	NA19374	AFR	DRB1	HLA-DRB1*03:02:01;HLA-DRB1*11:02:01	1	1	2
g_group	test_B_gourraud	NA19374	AFR	DQB1	HLA-DQB1*04:02:01;HLA-DQB1*03:01:01	1	1	2
g_group	test_B_gourraud	NA19375	AFR	A	HLA-A*03:01:01;HLA-A*68:02:01	1	1	2
g_group	test_B_gourraud	NA19375	AFR	B	HLA-B*15:10:01;HLA-B*15:220:01	1	1	2
g_group	test_B_gourraud	NA19375	AFR	C	HLA-C*03:04:02;HLA-C*04:01:01	1	1	2
g_group	test_B_gourraud	NA19375	AFR	DRB1	HLA-DRB1*11:02:01;HLA-DRB1*13:02:01	1	1	2
g_group	test_B_gourraud	NA19375	AFR	DQB1	HLA-DQB1*03:01:01;HLA-DQB1*06:04:01	1	1	2
g_group	test_B_gourraud	NA19376	AFR	A	HLA-A*68:02:01;HLA-A*66:01:01	1	1	2
g_group	test_B_gourraud	NA19376	AFR	B	HLA-B*15:17:01;HLA-B*58:02:01,HLA-B*58:02:03	1	1	2
g_group	test_B_gourraud	NA19376	AFR	C	HLA-C*06:02:01;HLA-C*05:01:01	1	1	2
g_group	test_B_gourraud	NA19376	AFR	DRB1	HLA-DRB1*11:02:01;HLA-DRB1*13:01:01	1	1	2
g_group	test_B_gourraud	NA19376	AFR	DQB1	HLA-DQB1*06:03:01;HLA-DQB1*03:01:01	1	1	2
g_group	test_B_gourraud	NA19377	AFR	A	HLA-A*03:01:01;HLA-A*02:01:01	1	1	2
g_group	test_B_gourraud	NA19377	AFR	B	HLA-B*82:02:01;HLA-B*42:01:01	1	1	2
g_group	test_B_gourraud	NA19377	AFR	C	HLA-C*03:02:02;HLA-C*17:01:01	1	1	2
g_group	test_B_gourraud	NA19377	AFR	DRB1	HLA-DRB1*08:04:01;HLA-DRB1*03:01:01	1	1	2
g_group	test_B_gourraud	NA19377	AFR	DQB1	HLA-DQB1*02:01:01;HLA-DQB1*03:01:04	1	1	2
g_group	test_B_gourraud	NA19379	AFR	A	HLA-A*36:01:01;HLA-A*02:05:01	1	1	2
g_group	test_B_gourraud	NA19379	AFR	B	HLA-B*51:01:01;HLA-B*53:01:01	1	1	2
g_group	test_B_gourraud	NA19379	AFR	C	HLA-C*16:01:01;HLA-C*04:01:01	1	1	2
g_group	test_B_gourraud	NA19379	AFR	DRB1	HLA-DRB1*11:01:02;HLA-DRB1*03:01:01	1	1	2
g_group	test_B_gourraud	NA19379	AFR	DQB1	HLA-DQB1*02:01:01;HLA-DQB1*06:02:01	1	1	2
g_group	test_B_gourraud	NA19380	AFR	A	HLA-A*29:02:01;HLA-A*02:01:01	1	1	2
g_group	test_B_gourraud	NA19380	AFR	B	HLA-B*45:01:01;HLA-B*51:01:01	1	1	2
g_group	test_B_gourraud	NA19380	AFR	C	HLA-C*16:01:01;HLA-C*16:01:01	1	1	2
g_group	test_B_gourraud	NA19380	AFR	DRB1	HLA-DRB1*13:02:01;HLA-DRB1*03:02:01	1	1	2
g_group	test_B_gourraud	NA19380	AFR	DQB1	HLA-DQB1*04:02:01;HLA-DQB1*05:01:01	1	1	2
g_group	test_B_gourraud	NA19383	AFR	A	HLA-A*30:01:01;HLA-A*02:01:01	1	1	2
g_group	test_B_gourraud	NA19383	AFR	B	HLA-B*53:01:01;HLA-B*15:10:01	1	1	2
g_group	test_B_gourraud	NA19383	AFR	C	HLA-C*03:04:02;HLA-C*04:01:01	1	1	2
g_group	test_B_gourraud	NA19383	AFR	DRB1	HLA-DRB1*11:01:02;HLA-DRB1*12:01:01	1	1	2
g_group	test_B_gourraud	NA19383	AFR	DQB1	HLA-DQB1*06:02:01;HLA-DQB1*05:01:01	1	1	2
g_group	test_B_gourraud	NA19384	AFR	A	HLA-A*30:01:01;HLA-A*03:01:01	1	1	2
g_group	test_B_gourraud	NA19384	AFR	B	HLA-B*45:01:01;HLA-B*35:01:01	1	1	2
g_group	test_B_gourraud	NA19384	AFR	C	HLA-C*07:04:01;HLA-C*07:01:01	1	1	2
g_group	test_B_gourraud	NA19384	AFR	DRB1	HLA-DRB1*15:03:01;HLA-DRB1*12:01:01	1	1	2
g_group	test_B_gourraud	NA19384	AFR	DQB1	HLA-DQB1*06:02:01;HLA-DQB1*05:01:01	1	1	2
g_group	test_B_gourraud	NA19385	AFR	A	HLA-A*66:01:01;HLA-A*30:02:01	1	1	2
g_group	test_B_gourraud	NA19385	AFR	B	HLA-B*81:01:01;HLA-B*08:01:01	1	1	2
g_group	test_B_gourraud	NA19385	AFR	C	HLA-C*18:01:01;HLA-C*07:01:01	1	1	2
g_group	test_B_gourraud	NA19385	AFR	DRB1	HLA-DRB1*15:03:01;HLA-DRB1*13:03:01	1	1	2
g_group	test_B_gourraud	NA19385	AFR	DQB1	HLA-DQB1*06:02:01;HLA-DQB1*03:01:01	1	1	2
g_group	test_B_gourraud	NA19390	AFR	A	HLA-A*74:01:01;HLA-A*02:05:01	1	1	2
g_group	test_B_gourraud	NA19390	AFR	B	HLA-B*48:05:01;HLA-B*15:03:01	1	1	2
g_group	test_B_gourraud	NA19390	AFR	C	HLA-C*02:10:01;HLA-C*15:05:02	1	1	2
g_group	test_B_gourraud	NA19390	AFR	DRB1	HLA-DRB1*11:01:02;HLA-DRB1*14:54:01	1	0	1
g_group	test_B_gourraud	NA19390	AFR	DQB1	HLA-DQB1*05:03:01;HLA-DQB1*03:19:01	1	1	2
g_group	test_B_gourraud	NA19393	AFR	A	HLA-A*32:01:01;HLA-A*68:02:01	1	1	2
g_group	test_B_gourraud	NA19393	AFR	B	HLA-B*15:17:01;HLA-B*15:220:01	1	1	2
g_group	test_B_gourraud	NA19393	AFR	C	HLA-C*05:01:01;HLA-C*04:01:01	1	1	2
g_group	test_B_gourraud	NA19393	AFR	DRB1	HLA-DRB1*11:02:01;HLA-DRB1*11:36	1	0	1
g_group	test_B_gourraud	NA19393	AFR	DQB1	HLA-DQB1*03:01:01;HLA-DQB1*03:01:01	1	1	2
g_group	test_B_gourraud	NA19394	AFR	A	HLA-A*34:02:01;HLA-A*30:02:01	1	1	2
g_group	test_B_gourraud	NA19394	AFR	B	HLA-B*14:02:01;HLA-B*13:02:01	1	1	2
g_group	test_B_gourraud	NA19394	AFR	C	HLA-C*08:02:01;HLA-C*06:02:01	1	1	2
g_group	test_B_gourraud	NA19394	AFR	DRB1	HLA-DRB1*15:03:01;HLA-DRB1*11:01:02	1	1	2
g_group	test_B_gourraud	NA19394	AFR	DQB1	HLA-DQB1*06:02:01;HLA-DQB1*06:02:01	1	1	2
g_group	test_B_gourraud	NA19397	AFR	A	HLA-A*66:02:01;HLA-A*29:02:01	1	1	2
g_group	test_B_gourraud	NA19397	AFR	B	HLA-B*58:02:01;HLA-B*08:01:01	1	1	2
g_group	test_B_gourraud	NA19397	AFR	C	HLA-C*07:02:01;HLA-C*06:02:01	1	1	2
g_group	test_B_gourraud	NA19397	AFR	DRB1	HLA-DRB1*15:03:01;HLA-DRB1*12:01:01	1	1	2
g_group	test_B_gourraud	NA19397	AFR	DQB1	HLA-DQB1*05:01:01;HLA-DQB1*05:01:01	1	1	2
g_group	test_B_gourraud	NA19399	AFR	A	HLA-A*68:02:01;HLA-A*03:01:01	1	1	2
g_group	test_B_gourraud	NA19399	AFR	B	HLA-B*18:01:01;HLA-B*58:02:01,HLA-B*58:02:03	1	1	2
g_group	test_B_gourraud	NA19399	AFR	C	HLA-C*07:04:01;HLA-C*06:02:01	1	1	2
g_group	test_B_gourraud	NA19399	AFR	DRB1	HLA-DRB1*15:03:01;HLA-DRB1*11:02:01	1	1	2
g_group	test_B_gourraud	NA19399	AFR	DQB1	HLA-DQB1*06:02:01;HLA-DQB1*03:01:01	1	1	2
g_group	test_B_gourraud	NA19403	AFR	A	HLA-A*34:02:01;HLA-A*23:17:01	1	1	2
g_group	test_B_gourraud	NA19403	AFR	B	HLA-B*44:03:01;HLA-B*35:01:01	1	1	2
g_group	test_B_gourraud	NA19403	AFR	C	HLA-C*04:01:01;HLA-C*04:01:01	1	1	2
g_group	test_B_gourraud	NA19403	AFR	DRB1	HLA-DRB1*15:03:01;HLA-DRB1*15:03:01	1	1	2
g_group	test_B_gourraud	NA19403	AFR	DQB1	HLA-DQB1*06:02:01;HLA-DQB1*06:02:01	1	1	2
g_group	test_B_gourraud	NA19404	AFR	A	HLA-A*36:01:01;HLA-A*02:02:01	1	1	2
g_group	test_B_gourraud	NA19404	AFR	B	HLA-B*58:02:01,HLA-B*58:02:03;HLA-B*53:01:01	1	1	2
g_group	test_B_gourraud	NA19404	AFR	C	HLA-C*04:01:01;HLA-C*06:02:01	1	1	2
g_group	test_B_gourraud	NA19404	AFR	DRB1	HLA-DRB1*11:01:02;HLA-DRB1*11:334	1	1	2
g_group	test_B_gourraud	NA19404	AFR	DQB1	HLA-DQB1*03:01:01;HLA-DQB1*06:02:01	1	1	2
g_group	test_B_gourraud	NA19428	AFR	A	HLA-A*30:02:01;HLA-A*68:02:01	1	1	2
g_group	test_B_gourraud	NA19428	AFR	B	HLA-B*53:01:01;HLA-B*18:01:01	1	1	2
g_group	test_B_gourraud	NA19428	AFR	C	HLA-C*07:04:01;HLA-C*06:02:01	1	1	2
g_group	test_B_gourraud	NA19428	AFR	DRB1	HLA-DRB1*01:02:01;HLA-DRB1*11:01:02	1	1	2
g_group	test_B_gourraud	NA19428	AFR	DQB1	HLA-DQB1*05:01:01;HLA-DQB1*06:02:01	1	1	2
g_group	test_B_gourraud	NA19429	AFR	A	HLA-A*29:02:01;HLA-A*02:05:01	1	1	2
g_group	test_B_gourraud	NA19429	AFR	B	HLA-B*41:01:01;HLA-B*15:220:01	1	1	2
g_group	test_B_gourraud	NA19429	AFR	C	HLA-C*07:01:01;HLA-C*12:03:01	1	1	2
g_group	test_B_gourraud	NA19429	AFR	DRB1	HLA-DRB1*15:03:01;HLA-DRB1*09:01:02	1	1	2
g_group	test_B_gourraud	NA19429	AFR	DQB1	HLA-DQB1*02:02:01;HLA-DQB1*06:02:01	1	1	2
g_group	test_B_gourraud	NA19430	AFR	A	HLA-A*31:04:01;HLA-A*66:02:01	1	1	2
g_group	test_B_gourraud	NA19430	AFR	B	HLA-B*39:10:01;HLA-B*58:01:01	1	1	2
g_group	test_B_gourraud	NA19430	AFR	C	HLA-C*12:03:01;HLA-C*07:18:01	1	1	2
g_group	test_B_gourraud	NA19430	AFR	DRB1	HLA-DRB1*01:02:01;HLA-DRB1*10:01:01	1	1	2
g_group	test_B_gourraud	NA19430	AFR	DQB1	HLA-DQB1*05:01:01;HLA-DQB1*05:01:01	1	1	2
g_group	test_B_gourraud	NA19431	AFR	A	HLA-A*30:02:01;HLA-A*30:02:01	1	1	2
g_group	test_B_gourraud	NA19431	AFR	B	HLA-B*15:10:01;HLA-B*18:01:01,HLA-B*18:01:26	1	1	2
g_group	test_B_gourraud	NA19431	AFR	C	HLA-C*03:04:02;HLA-C*07:04:01	1	1	2
g_group	test_B_gourraud	NA19431	AFR	DRB1	HLA-DRB1*11:01:02;HLA-DRB1*03:01:01	1	1	2
g_group	test_B_gourraud	NA19431	AFR	DQB1	HLA-DQB1*02:01:01;HLA-DQB1*06:02:01	1	1	2
g_group	test_B_gourraud	NA19434	AFR	A	HLA-A*01:02:01;HLA-A*66:01:01	1	1	2
g_group	test_B_gourraud	NA19434	AFR	B	HLA-B*81:01:01;HLA-B*81:01:01	1	1	2
g_group	test_B_gourraud	NA19434	AFR	C	HLA-C*18:01:01;HLA-C*04:01:01	1	1	2
g_group	test_B_gourraud	NA19434	AFR	DRB1	HLA-DRB1*11:01:02;HLA-DRB1*15:03:01	1	1	2
g_group	test_B_gourraud	NA19434	AFR	DQB1	HLA-DQB1*06:02:01;HLA-DQB1*03:19:01	1	1	2
g_group	test_B_gourraud	NA19435	AFR	A	HLA-A*66:01:01;HLA-A*30:01:01	1	1	2
g_group	test_B_gourraud	NA19435	AFR	B	HLA-B*42:01:01;HLA-B*15:10:01	1	1	2
g_group	test_B_gourraud	NA19435	AFR	C	HLA-C*03:04:02;HLA-C*17:01:01	1	1	2
g_group	test_B_gourraud	NA19435	AFR	DRB1	HLA-DRB1*03:01:01;HLA-DRB1*03:02:01	1	1	2
g_group	test_B_gourraud	NA19435	AFR	DQB1	HLA-DQB1*02:01:01;HLA-DQB1*04:02:01	1	1	2
g_group	test_B_gourraud	NA19436	AFR	A	HLA-A*30:01:01;HLA-A*74:01:01	1	1	2
g_group	test_B_gourraud	NA19436	AFR	B	HLA-B*58:02:01;HLA-B*15:10:01	1	1	2
g_group	test_B_gourraud	NA19436	AFR	C	HLA-C*03:04:02;HLA-C*06:02:01	1	1	2
g_group	test_B_gourraud	NA19436	AFR	DRB1	HLA-DRB1*11:02:01;HLA-DRB1*12:01:01	1	1	2
g_group	test_B_gourraud	NA19436	AFR	DQB1	HLA-DQB1*05:01:01;HLA-DQB1*03:01:01	1	1	2
g_group	test_B_gourraud	NA19437	AFR	A	HLA-A*02:05:01;HLA-A*02:951	1	1	2
g_group	test_B_gourraud	NA19437	AFR	B	HLA-B*40:12:01;HLA-B*18:01:01	1	1	2
g_group	test_B_gourraud	NA19437	AFR	C	HLA-C*07:04:01;HLA-C*04:04:01	1	1	2
g_group	test_B_gourraud	NA19437	AFR	DRB1	HLA-DRB1*08:04:01;HLA-DRB1*11:01:02	1	1	2
g_group	test_B_gourraud	NA19437	AFR	DQB1	HLA-DQB1*05:01:01;HLA-DQB1*06:02:01	1	1	2
g_group	test_B_gourraud	NA19438	AFR	A	HLA-A*66:02:01;HLA-A*34:02:01	1	1	2
g_group	test_B_gourraud	NA19438	AFR	B	HLA-B*49:01:01;HLA-B*58:01:01	1	1	2
g_group	test_B_gourraud	NA19438	AFR	C	HLA-C*07:01:01;HLA-C*07:18:01	1	1	2
g_group	test_B_gourraud	NA19438	AFR	DRB1	HLA-DRB1*03:01:01;HLA-DRB1*15:03:01	1	1	2
g_group	test_B_gourraud	NA19438	AFR	DQB1	HLA-DQB1*06:02:01;HLA-DQB1*02:01:01	1	1	2
g_group	test_B_gourraud	NA19439	AFR	A	HLA-A*30:02:01;HLA-A*66:01:01	1	1	2
g_group	test_B_gourraud	NA19439	AFR	B	HLA-B*58:02:01;HLA-B*42:01:01	1	1	2
g_group	test_B_gourraud	NA19439	AFR	C	HLA-C*17:01:01;HLA-C*06:02:01	1	1	2
g_group	test_B_gourraud	NA19439	AFR	DRB1	HLA-DRB1*15:03:01;HLA-DRB1*15:03:01	1	1	2
g_group	test_B_gourraud	NA19439	AFR	DQB1	HLA-DQB1*06:02:01;HLA-DQB1*06:02:01	1	1	2
g_group	test_B_gourraud	NA19440	AFR	A	HLA-A*29:02:01;HLA-A*02:01:01	1	1	2
g_group	test_B_gourraud	NA19440	AFR	B	HLA-B*45:01:01;HLA-B*42:01:01	1	1	2
g_group	test_B_gourraud	NA19440	AFR	C	HLA-C*17:01:01;HLA-C*16:01:01	1	1	2
g_group	test_B_gourraud	NA19440	AFR	DRB1	HLA-DRB1*03:01:01;HLA-DRB1*03:02:01	1	1	2
g_group	test_B_gourraud	NA19440	AFR	DQB1	HLA-DQB1*02:01:01;HLA-DQB1*04:02:01	1	1	2
g_group	test_B_gourraud	NA19445	AFR	A	HLA-A*74:01:01;HLA-A*30:01:01	1	1	2
g_group	test_B_gourraud	NA19445	AFR	B	HLA-B*42:01:01;HLA-B*15:03:01	1	1	2
g_group	test_B_gourraud	NA19445	AFR	C	HLA-C*02:10:01;HLA-C*17:01:01	1	1	2
g_group	test_B_gourraud	NA19445	AFR	DRB1	HLA-DRB1*03:02:01;HLA-DRB1*01:01:01	1	1	2
g_group	test_B_gourraud	NA19445	AFR	DQB1	HLA-DQB1*04:02:01;HLA-DQB1*05:01:01	1	1	2
g_group	test_B_gourraud	NA19446	AFR	A	HLA-A*30:01:01;HLA-A*02:05:01	1	1	2
g_group	test_B_gourraud	NA19446	AFR	B	HLA-B*51:01:01;HLA-B*45:01:01	1	1	2
g_group	test_B_gourraud	NA19446	AFR	C	HLA-C*06:02:01;HLA-C*16:01:01	1	1	2
g_group	test_B_gourraud	NA19446	AFR	DRB1	HLA-DRB1*03:01:01;HLA-DRB1*13:01:01	1	1	2
g_group	test_B_gourraud	NA19446	AFR	DQB1	HLA-DQB1*02:01:01;HLA-DQB1*06:04:01	1	1	2
g_group	test_B_gourraud	NA19448	AFR	A	HLA-A*02:02:01;HLA-A*68:02:01	1	1	2
g_group	test_B_gourraud	NA19448	AFR	B	HLA-B*81:01:01;HLA-B*58:02:01	1	1	2
g_group	test_B_gourraud	NA19448	AFR	C	HLA-C*18:01:01;HLA-C*06:02:01	1	1	2
g_group	test_B_gourraud	NA19448	AFR	DRB1	HLA-DRB1*03:02:01;HLA-DRB1*12:01:01	1	1	2
g_group	test_B_gourraud	NA19448	AFR	DQB1	HLA-DQB1*05:01:01;HLA-DQB1*04:02:01	1	1	2
g_group	test_B_gourraud	NA19449	AFR	A	HLA-A*74:03:01;HLA-A*80:01:01	1	1	2
g_group	test_B_gourraud	NA19449	AFR	B	HLA-B*57:02:01;HLA-B*81:01:01	1	1	2
g_group	test_B_gourraud	NA19449	AFR	C	HLA-C*18:02:01;HLA-C*04:01:01	1	1	2
g_group	test_B_gourraud	NA19449	AFR	DRB1	HLA-DRB1*10:01:01;HLA-DRB1*11:01:02	1	1	2
g_group	test_B_gourraud	NA19449	AFR	DQB1	HLA-DQB1*05:01:01;HLA-DQB1*05:01:01	1	1	2
g_group	test_B_gourraud	NA19451	AFR	A	HLA-A*30:01:01;HLA-A*31:04:01	1	1	2
g_group	test_B_gourraud	NA19451	AFR	B	HLA-B*51:01:01;HLA-B*58:01:01	1	1	2
g_group	test_B_gourraud	NA19451	AFR	C	HLA-C*07:18:01;HLA-C*02:10:01	1	1	2
g_group	test_B_gourraud	NA19451	AFR	DRB1	HLA-DRB1*07:01:01;HLA-DRB1*15:03:01	1	1	2
g_group	test_B_gourraud	NA19451	AFR	DQB1	HLA-DQB1*06:02:01;HLA-DQB1*02:02:01	1	1	2
g_group	test_B_gourraud	NA19452	AFR	A	HLA-A*29:02:01;HLA-A*74:01:01	1	1	2
g_group	test_B_gourraud	NA19452	AFR	B	HLA-B*53:01:01;HLA-B*15:03:01	1	1	2
g_group	test_B_gourraud	NA19452	AFR	C	HLA-C*02:10:01;HLA-C*04:01:01	1	1	2
g_group	test_B_gourraud	NA19452	AFR	DRB1	HLA-DRB1*11:01:02;HLA-DRB1*13:02:01	1	1	2
g_group	test_B_gourraud	NA19452	AFR	DQB1	HLA-DQB1*06:09:01;HLA-DQB1*03:01:01	1	1	2
g_group	test_B_gourraud	NA19455	AFR	A	HLA-A*02:01:01;HLA-A*32:01:01	1	1	2
g_group	test_B_gourraud	NA19455	AFR	B	HLA-B*45:01:01;HLA-B*81:01:01	1	1	2
g_group	test_B_gourraud	NA19455	AFR	C	HLA-C*16:01:01;HLA-C*04:01:01	1	1	2
g_group	test_B_gourraud	NA19455	AFR	DRB1	HLA-DRB1*08:04:01;HLA-DRB1*11:01:02	1	1	2
g_group	test_B_gourraud	NA19455	AFR	DQB1	HLA-DQB1*03:19:01;HLA-DQB1*05:01:01	1	1	2
g_group	test_B_gourraud	NA19456	AFR	A	HLA-A*74:01:01;HLA-A*23:01:01	1	1	2
g_group	test_B_gourraud	NA19456	AFR	B	HLA-B*53:01:01;HLA-B*58:01:01	1	1	2
g_group	test_B_gourraud	NA19456	AFR	C	HLA-C*03:02:02;HLA-C*06:02:01	1	1	2
g_group	test_B_gourraud	NA19456	AFR	DRB1	HLA-DRB1*15:03:01;HLA-DRB1*13:02:01	1	1	2
g_group	test_B_gourraud	NA19456	AFR	DQB1	HLA-DQB1*06:02:01;HLA-DQB1*06:09:01	1	1	2
g_group	test_B_gourraud	NA19457	AFR	A	HLA-A*32:01:01;HLA-A*23:17:01	1	1	2
g_group	test_B_gourraud	NA19457	AFR	B	HLA-B*81:01:01;HLA-B*08:01:01	1	1	2
g_group	test_B_gourraud	NA19457	AFR	C	HLA-C*07:01:01;HLA-C*08:04:01	1	1	2
g_group	test_B_gourraud	NA19457	AFR	DRB1	HLA-DRB1*11:01:02;HLA-DRB1*12:01:01	1	1	2
g_group	test_B_gourraud	NA19457	AFR	DQB1	HLA-DQB1*05:01:01;HLA-DQB1*06:02:01	1	1	2
g_group	test_B_gourraud	NA19462	AFR	A	HLA-A*02:01:01;HLA-A*02:01:01	1	1	2
g_group	test_B_gourraud	NA19462	AFR	B	HLA-B*42:01:01;HLA-B*45:01:01	1	1	2
g_group	test_B_gourraud	NA19462	AFR	C	HLA-C*17:01:01;HLA-C*16:01:01	1	1	2
g_group	test_B_gourraud	NA19462	AFR	DRB1	HLA-DRB1*01:02:01;HLA-DRB1*03:02:01	1	1	2
g_group	test_B_gourraud	NA19462	AFR	DQB1	HLA-DQB1*04:02:01;HLA-DQB1*05:01:01	1	1	2
g_group	test_B_gourraud	NA19463	AFR	A	HLA-A*02:02:01;HLA-A*02:01:01	1	1	2
g_group	test_B_gourraud	NA19463	AFR	B	HLA-B*53:01:01;HLA-B*58:01:01	1	1	2
g_group	test_B_gourraud	NA19463	AFR	C	HLA-C*04:01:01;HLA-C*06:02:01	1	1	2
g_group	test_B_gourraud	NA19463	AFR	DRB1	HLA-DRB1*11:01:02;HLA-DRB1*08:04:01	1	1	2
g_group	test_B_gourraud	NA19463	AFR	DQB1	HLA-DQB1*03:19:01;HLA-DQB1*06:02:01	1	1	2
g_group	test_B_gourraud	NA19466	AFR	A	HLA-A*30:02:01;HLA-A*02:01:01	1	1	2
g_group	test_B_gourraud	NA19466	AFR	B	HLA-B*45:01:01;HLA-B*57:03:01	1	1	2
g_group	test_B_gourraud	NA19466	AFR	C	HLA-C*18:02:01;HLA-C*16:01:01	1	1	2
g_group	test_B_gourraud	NA19466	AFR	DRB1	HLA-DRB1*01:02:01;HLA-DRB1*13:01:01	1	1	2
g_group	test_B_gourraud	NA19466	AFR	DQB1	HLA-DQB1*05:01:01;HLA-DQB1*05:01:01	1	1	2
g_group	test_B_gourraud	NA19467	AFR	A	HLA-A*02:02:01;HLA-A*02:01:01	1	1	2
g_group	test_B_gourraud	NA19467	AFR	B	HLA-B*53:01:01;HLA-B*53:01:01	1	1	2
g_group	test_B_gourraud	NA19467	AFR	C	HLA-C*04:01:01;HLA-C*04:01:01	1	1	2
g_group	test_B_gourraud	NA19467	AFR	DRB1	HLA-DRB1*08:04:01;HLA-DRB1*11:02:01	1	1	2
g_group	test_B_gourraud	NA19467	AFR	DQB1	HLA-DQB1*03:19:01;HLA-DQB1*03:01:01	1	1	2
g_group	test_B_gourraud	NA19471	AFR	A	HLA-A*23:17:01;HLA-A*29:02:01	1	1	2
g_group	test_B_gourraud	NA19471	AFR	B	HLA-B*53:01:01;HLA-B*73:01:01	1	1	2
g_group	test_B_gourraud	NA19471	AFR	C	HLA-C*15:05:01;HLA-C*06:02:01	1	1	2
g_group	test_B_gourraud	NA19471	AFR	DRB1	HLA-DRB1*03:01:01;HLA-DRB1*11:01:02	1	1	2
g_group	test_B_gourraud	NA19471	AFR	DQB1	HLA-DQB1*06:02:01;HLA-DQB1*02:01:01	1	1	2
g_group	test_B_gourraud	NA19472	AFR	A	HLA-A*02:01:01;HLA-A*02:01:01	1	1	2
g_group	test_B_gourraud	NA19472	AFR	B	HLA-B*45:01:01;HLA-B*45:07:01	1	1	2
g_group	test_B_gourraud	NA19472	AFR	C	HLA-C*16:01:01;HLA-C*16:01:01	1	1	2
g_group	test_B_gourraud	NA19472	AFR	DRB1	HLA-DRB1*13:01:01;HLA-DRB1*13:01:01	1	1	2
g_group	test_B_gourraud	NA19472	AFR	DQB1	HLA-DQB1*05:01:01;HLA-DQB1*06:03:01	1	1	2
g_group	test_B_gourraud	NA19473	AFR	A	HLA-A*02:01:01;HLA-A*02:02:01	1	1	2
g_group	test_B_gourraud	NA19473	AFR	B	HLA-B*58:02:01;HLA-B*73:01:01	1	1	2
g_group	test_B_gourraud	NA19473	AFR	C	HLA-C*15:05:01;HLA-C*06:02:01	1	1	2
g_group	test_B_gourraud	NA19473	AFR	DRB1	HLA-DRB1*11:02:01;HLA-DRB1*01:02:01	1	1	2
g_group	test_B_gourraud	NA19473	AFR	DQB1	HLA-DQB1*05:01:01;HLA-DQB1*03:01:01	1	1	2
g_group	test_B_gourraud	NA19474	AFR	A	HLA-A*74:03:01;HLA-A*02:01:01	1	1	2
g_group	test_B_gourraud	NA19474	AFR	B	HLA-B*45:01:01;HLA-B*45:01:01	1	1	2
g_group	test_B_gourraud	NA19474	AFR	C	HLA-C*06:02:01;HLA-C*16:01:01	1	1	2
g_group	test_B_gourraud	NA19474	AFR	DRB1	HLA-DRB1*13:02:01;HLA-DRB1*13:02:01	1	1	2
g_group	test_B_gourraud	NA19474	AFR	DQB1	HLA-DQB1*06:09:01;HLA-DQB1*06:09:01	1	1	2
g_group	test_B_gourraud	NA19625	AFR	A	HLA-A*02:01:01;HLA-A*23:17:01	1	1	2
g_group	test_B_gourraud	NA19625	AFR	B	HLA-B*44:03:02;HLA-B*07:02:01	1	1	2
g_group	test_B_gourraud	NA19625	AFR	C	HLA-C*07:06:01;HLA-C*12:03:01	1	1	2
g_group	test_B_gourraud	NA19625	AFR	DRB1	HLA-DRB1*15:01:01;HLA-DRB1*13:02:01	1	1	2
g_group	test_B_gourraud	NA19625	AFR	DQB1	HLA-DQB1*06:09:01;HLA-DQB1*06:02:01	1	1	2
g_group	test_B_gourraud	NA19648	AMR	A	HLA-A*11:01:01;HLA-A*03:01:01	1	1	2
g_group	test_B_gourraud	NA19648	AMR	B	HLA-B*51:01:01;HLA-B*07:02:01	1	1	2
g_group	test_B_gourraud	NA19648	AMR	C	HLA-C*01:02:01;HLA-C*07:02:01,HLA-C*07:707,HLA-C*07:785	1	1	2
g_group	test_B_gourraud	NA19648	AMR	DRB1	HLA-DRB1*15:01:01;HLA-DRB1*08:105	1	1	2
g_group	test_B_gourraud	NA19648	AMR	DQB1	HLA-DQB1*04:02:01;HLA-DQB1*06:02:01	1	1	2
g_group	test_B_gourraud	NA19649	AMR	A	HLA-A*24:02:01;HLA-A*24:02:01	1	1	2
g_group	test_B_gourraud	NA19649	AMR	B	HLA-B*39:06:02;HLA-B*08:01:01	1	1	2
g_group	test_B_gourraud	NA19649	AMR	C	HLA-C*07:02:01;HLA-C*07:01:01	1	1	2
g_group	test_B_gourraud	NA19649	AMR	DRB1	HLA-DRB1*15:01:01;HLA-DRB1*14:06:01	1	1	2
g_group	test_B_gourraud	NA19649	AMR	DQB1	HLA-DQB1*06:02:01;HLA-DQB1*03:01:01	1	1	2
g_group	test_B_gourraud	NA19651	AMR	A	HLA-A*68:01:02;HLA-A*03:01:01	1	1	2
g_group	test_B_gourraud	NA19651	AMR	B	HLA-B*40:20:01;HLA-B*35:01:01	1	1	2
g_group	test_B_gourraud	NA19651	AMR	C	HLA-C*04:01:01;HLA-C*03:04:01	1	1	2
g_group	test_B_gourraud	NA19651	AMR	DRB1	HLA-DRB1*01:01:01;HLA-DRB1*14:02:01	1	1	2
g_group	test_B_gourraud	NA19651	AMR	DQB1	HLA-DQB1*05:01:01;HLA-DQB1*03:01:01	1	1	2
g_group	test_B_gourraud	NA19652	AMR	A	HLA-A*02:01:01;HLA-A*11:01:01	1	1	2
g_group	test_B_gourraud	NA19652	AMR	B	HLA-B*35:08:01;HLA-B*35:01:01	1	1	2
g_group	test_B_gourraud	NA19652	AMR	C	HLA-C*04:01:01;HLA-C*04:01:01	1	1	2
g_group	test_B_gourraud	NA19652	AMR	DRB1	HLA-DRB1*04:07:01;HLA-DRB1*04:02:01	1	1	2
g_group	test_B_gourraud	NA19652	AMR	DQB1	HLA-DQB1*03:02:01;HLA-DQB1*03:01:01	1	1	2
g_group	test_B_gourraud	NA19654	AMR	A	HLA-A*68:01:02;HLA-A*26:01:01	1	1	2
g_group	test_B_gourraud	NA19654	AMR	B	HLA-B*40:02:01;HLA-B*18:06	1	1	2
g_group	test_B_gourraud	NA19654	AMR	C	HLA-C*03:04:01;HLA-C*07:01:01	1	1	2
g_group	test_B_gourraud	NA19654	AMR	DRB1	HLA-DRB1*04:07:01;HLA-DRB1*11:04:01	1	1	2
g_group	test_B_gourraud	NA19654	AMR	DQB1	HLA-DQB1*03:02:01;HLA-DQB1*03:01:01	1	1	2
g_group	test_B_gourraud	NA19655	AMR	A	HLA-A*29:02:01;HLA-A*23:01:01	1	1	2
g_group	test_B_gourraud	NA19655	AMR	B	HLA-B*44:03:01;HLA-B*35:08:01	1	1	2
g_group	test_B_gourraud	NA19655	AMR	C	HLA-C*04:01:01;HLA-C*04:01:01	1	1	2
g_group	test_B_gourraud	NA19655	AMR	DRB1	HLA-DRB1*07:01:01;HLA-DRB1*13:01:01	1	1	2
g_group	test_B_gourraud	NA19655	AMR	DQB1	HLA-DQB1*06:03:01;HLA-DQB1*02:02:01	1	1	2
g_group	test_B_gourraud	NA19657	AMR	A	HLA-A*01:01:01;HLA-A*02:01:01	1	1	2
g_group	test_B_gourraud	NA19657	AMR	B	HLA-B*08:01:01;HLA-B*52:01:02	1	1	2
g_group	test_B_gourraud	NA19657	AMR	C	HLA-C*07:01:01;HLA-C*03:03:01	1	1	2
g_group	test_B_gourraud	NA19657	AMR	DRB1	HLA-DRB1*03:01:01;HLA-DRB1*14:06:01	1	1	2
g_group	test_B_gourraud	NA19657	AMR	DQB1	HLA-DQB1*02:01:01;HLA-DQB1*03:01:01	1	1	2
g_group	test_B_gourraud	NA19658	AMR	A	HLA-A*29:02:01;HLA-A*26:01:01	1	1	2
g_group	test_B_gourraud	NA19658	AMR	B	HLA-B*44:03:01;HLA-B*55:01:01	1	1	2
g_group	test_B_gourraud	NA19658	AMR	C	HLA-C*03:03:01;HLA-C*16:01:01	1	1	2
g_group	test_B_gourraud	NA19658	AMR	DRB1	HLA-DRB1*07:01:01;HLA-DRB1*11:01:01	1	1	2
g_group	test_B_gourraud	NA19658	AMR	DQB1	HLA-DQB1*02:02:01;HLA-DQB1*03:01:01	1	1	2
g_group	test_B_gourraud	NA19661	AMR	A	HLA-A*03:01:01;HLA-A*24:02:01	1	1	2
g_group	test_B_gourraud	NA19661	AMR	B	HLA-B*14:02:01;HLA-B*40:02:01	1	1	2
g_group	test_B_gourraud	NA19661	AMR	C	HLA-C*08:02:01;HLA-C*03:04:01	1	1	2
g_group	test_B_gourraud	NA19661	AMR	DRB1	HLA-DRB1*01:02:01;HLA-DRB1*04:11:01	1	1	2
g_group	test_B_gourraud	NA19661	AMR	DQB1	HLA-DQB1*03:02:01;HLA-DQB1*05:01:01	1	1	2
g_group	test_B_gourraud	NA19663	AMR	A	HLA-A*24:02:01;HLA-A*30:02:01	1	1	2
g_group	test_B_gourraud	NA19663	AMR	B	HLA-B*14:02:01;HLA-B*44:05:01	1	1	2
g_group	test_B_gourraud	NA19663	AMR	C	HLA-C*02:02:02;HLA-C*08:02:01	1	1	2
g_group	test_B_gourraud	NA19663	AMR	DRB1	HLA-DRB1*01:01:01;HLA-DRB1*01:02:01	1	1	2
g_group	test_B_gourraud	NA19663	AMR	DQB1	HLA-DQB1*05:01:01;HLA-DQB1*05:01:01	1	1	2
g_group	test_B_gourraud	NA19664	AMR	A	HLA-A*11:01:01;HLA-A*24:02:01	1	1	2
g_group	test_B_gourraud	NA19664	AMR	B	HLA-B*39:06:02;HLA-B*35:03:01	1	1	2
g_group	test_B_gourraud	NA19664	AMR	C	HLA-C*04:01:01;HLA-C*07:02:01	1	1	2
g_group	test_B_gourraud	NA19664	AMR	DRB1	HLA-DRB1*15:01:01;HLA-DRB1*14:06:01	1	1	2
g_group	test_B_gourraud	NA19664	AMR	DQB1	HLA-DQB1*06:02:01;HLA-DQB1*03:01:01	1	1	2
g_group	test_B_gourraud	NA19669	AMR	A	HLA-A*11:01:01;HLA-A*03:01:01	1	1	2
g_group	test_B_gourraud	NA19669	AMR	B	HLA-B*15:03:01;HLA-B*07:02:01,HLA-B*07:02:96,HLA-B*07:02:110,HLA-B*07:529,HLA-B*07:536	1	1	2
g_group	test_B_gourraud	NA19669	AMR	C	HLA-C*02:10:01;HLA-C*07:02:01	1	1	2
g_group	test_B_gourraud	NA19669	AMR	DRB1	HLA-DRB1*04:03:01;HLA-DRB1*13:04	1	1	2
g_group	test_B_gourraud	NA19669	AMR	DQB1	HLA-DQB1*03:19:01;HLA-DQB1*03:01:01	1	1	2
g_group	test_B_gourraud	NA19670	AMR	A	HLA-A*26:01:01;HLA-A*26:01:01	1	1	2
g_group	test_B_gourraud	NA19670	AMR	B	HLA-B*38:01:01;HLA-B*14:02:01	1	1	2
g_group	test_B_gourraud	NA19670	AMR	C	HLA-C*08:02:01;HLA-C*12:03:01	1	1	2
g_group	test_B_gourraud	NA19670	AMR	DRB1	HLA-DRB1*07:01:01;HLA-DRB1*03:01:01	1	1	2
g_group	test_B_gourraud	NA19670	AMR	DQB1	HLA-DQB1*02:01:01;HLA-DQB1*02:02:01	1	1	2
g_group	test_B_gourraud	NA19676	AMR	A	HLA-A*31:01:02;HLA-A*01:01:01	1	1	2
g_group	test_B_gourraud	NA19676	AMR	B	HLA-B*14:02:01;HLA-B*35:01:01	1	1	2
g_group	test_B_gourraud	NA19676	AMR	C	HLA-C*08:02:01;HLA-C*04:01:01	1	1	2
g_group	test_B_gourraud	NA19676	AMR	DRB1	HLA-DRB1*04:07:01;HLA-DRB1*12:01:01	1	1	2
g_group	test_B_gourraud	NA19676	AMR	DQB1	HLA-DQB1*03:02:01;HLA-DQB1*03:01:01	1	1	2
g_group	test_B_gourraud	NA19678	AMR	A	HLA-A*30:01:01;HLA-A*24:02:01	1	1	2
g_group	test_B_gourraud	NA19678	AMR	B	HLA-B*14:01:01;HLA-B*35:14:01	1	1	2
g_group	test_B_gourraud	NA19678	AMR	C	HLA-C*08:02:01;HLA-C*04:01:01	1	1	2
g_group	test_B_gourraud	NA19678	AMR	DRB1	HLA-DRB1*16:02:01;HLA-DRB1*03:01:01	1	1	2
g_group	test_B_gourraud	NA19678	AMR	DQB1	HLA-DQB1*02:01:01;HLA-DQB1*03:01:01	1	1	2
g_group	test_B_gourraud	NA19679	AMR	A	HLA-A*02:01:01;HLA-A*03:01:01	1	1	2
g_group	test_B_gourraud	NA19679	AMR	B	HLA-B*14:02:01;HLA-B*57:01:01	1	1	2
g_group	test_B_gourraud	NA19679	AMR	C	HLA-C*08:02:01;HLA-C*06:02:01	1	1	2
g_group	test_B_gourraud	NA19679	AMR	DRB1	HLA-DRB1*07:01:01;HLA-DRB1*15:01:01	1	1	2
g_group	test_B_gourraud	NA19679	AMR	DQB1	HLA-DQB1*03:03:02;HLA-DQB1*06:02:01	1	1	2
g_group	leak_gourraud	NA19681	AMR	A	HLA-A*01:01:01;HLA-A*02:01:01	1	1	2
g_group	leak_gourraud	NA19681	AMR	B	HLA-B*39:06:02;HLA-B*08:01:01	1	1	2
g_group	leak_gourraud	NA19681	AMR	C	HLA-C*07:01:01;HLA-C*07:02:01	1	1	2
g_group	leak_gourraud	NA19681	AMR	DRB1	HLA-DRB1*03:01:01;HLA-DRB1*14:06:01	1	1	2
g_group	leak_gourraud	NA19681	AMR	DQB1	HLA-DQB1*02:01:01;HLA-DQB1*03:01:01	1	1	2
g_group	test_B_gourraud	NA19684	AMR	A	HLA-A*03:01:01;HLA-A*02:01:01	1	1	2
g_group	test_B_gourraud	NA19684	AMR	B	HLA-B*07:02:01;HLA-B*35:17:01	1	1	2
g_group	test_B_gourraud	NA19684	AMR	C	HLA-C*07:02:01;HLA-C*04:01:01	1	1	2
g_group	test_B_gourraud	NA19684	AMR	DRB1	HLA-DRB1*08:02:01;HLA-DRB1*13:01:01	1	1	2
g_group	test_B_gourraud	NA19684	AMR	DQB1	HLA-DQB1*04:02:01;HLA-DQB1*06:03:01	1	1	2
g_group	leak_gourraud	NA19701	AFR	A	HLA-A*24:02:01;HLA-A*68:02:01	1	1	2
g_group	leak_gourraud	NA19701	AFR	B	HLA-B*15:37;HLA-B*40:02:01	1	1	2
g_group	leak_gourraud	NA19701	AFR	C	HLA-C*03:05:01;HLA-C*03:04:02	1	1	2
g_group	leak_gourraud	NA19701	AFR	DRB1	HLA-DRB1*04:07:01;HLA-DRB1*03:01:01	1	1	2
g_group	leak_gourraud	NA19701	AFR	DQB1	HLA-DQB1*02:01:01;HLA-DQB1*03:02:01	1	1	2
g_group	test_B_gourraud	NA19703	AFR	A	HLA-A*30:02:01;HLA-A*02:01:01	1	1	2
g_group	test_B_gourraud	NA19703	AFR	B	HLA-B*44:02:01;HLA-B*58:01:01	1	1	2
g_group	test_B_gourraud	NA19703	AFR	C	HLA-C*07:18:01;HLA-C*05:01:01	1	1	2
g_group	test_B_gourraud	NA19703	AFR	DRB1	HLA-DRB1*04:05:01;HLA-DRB1*04:01:01	1	1	2
g_group	test_B_gourraud	NA19703	AFR	DQB1	HLA-DQB1*03:02:01;HLA-DQB1*03:01:01	1	1	2
g_group	test_B_gourraud	NA19704	AFR	A	HLA-A*11:01:01;HLA-A*68:02:01	1	1	2
g_group	test_B_gourraud	NA19704	AFR	B	HLA-B*15:10:01;HLA-B*51:01:01,HLA-B*51:01:64	1	1	2
g_group	test_B_gourraud	NA19704	AFR	C	HLA-C*03:03:01;HLA-C*03:04:02	1	0	1
g_group	test_B_gourraud	NA19704	AFR	DRB1	HLA-DRB1*04:01:01;HLA-DRB1*11:01:02	1	1	2
g_group	test_B_gourraud	NA19704	AFR	DQB1	HLA-DQB1*03:02:01;HLA-DQB1*02:02:01	1	1	2
g_group	test_B_gourraud	NA19707	AFR	A	HLA-A*26:08:01;HLA-A*02:01:01	1	1	2
g_group	test_B_gourraud	NA19707	AFR	B	HLA-B*40:01:02;HLA-B*07:02:01	1	1	2
g_group	test_B_gourraud	NA19707	AFR	C	HLA-C*03:04:01;HLA-C*07:02:01	1	1	2
g_group	test_B_gourraud	NA19707	AFR	DRB1	HLA-DRB1*13:01:01;HLA-DRB1*04:04:01	1	1	2
g_group	test_B_gourraud	NA19707	AFR	DQB1	HLA-DQB1*03:02:01;HLA-DQB1*06:03:01	1	1	2
g_group	test_B_gourraud	NA19711	AFR	A	HLA-A*68:02:01;HLA-A*02:01:01	1	1	2
g_group	test_B_gourraud	NA19711	AFR	B	HLA-B*35:01:01,HLA-B*35:370,HLA-B*35:615;HLA-B*53:01:01	1	1	2
g_group	test_B_gourraud	NA19711	AFR	C	HLA-C*07:18:01;HLA-C*04:01:01	1	1	2
g_group	test_B_gourraud	NA19711	AFR	DRB1	HLA-DRB1*07:01:01;HLA-DRB1*13:02:01	1	1	2
g_group	test_B_gourraud	NA19711	AFR	DQB1	HLA-DQB1*05:01:01;HLA-DQB1*03:02:01	1	1	2
g_group	test_B_gourraud	NA19712	AFR	A	HLA-A*02:01:01;HLA-A*68:01:01	1	1	2
g_group	test_B_gourraud	NA19712	AFR	B	HLA-B*45:01:01;HLA-B*15:03:01	1	1	2
g_group	test_B_gourraud	NA19712	AFR	C	HLA-C*02:10:01;HLA-C*16:01:01	1	1	2
g_group	test_B_gourraud	NA19712	AFR	DRB1	HLA-DRB1*03:01:01;HLA-DRB1*13:01:01	1	1	2
g_group	test_B_gourraud	NA19712	AFR	DQB1	HLA-DQB1*03:02:01;HLA-DQB1*02:01:01	1	1	2
g_group	test_B_gourraud	NA19713	AFR	A	HLA-A*02:02:01;HLA-A*02:01:01	1	1	2
g_group	test_B_gourraud	NA19713	AFR	B	HLA-B*45:01:01;HLA-B*13:02:01	1	1	2
g_group	test_B_gourraud	NA19713	AFR	C	HLA-C*16:01:01;HLA-C*08:04:01	1	1	2
g_group	test_B_gourraud	NA19713	AFR	DRB1	HLA-DRB1*08:04:01;HLA-DRB1*13:02:01	1	1	2
g_group	test_B_gourraud	NA19713	AFR	DQB1	HLA-DQB1*06:09:01;HLA-DQB1*04:02:13	1	1	2
g_group	test_B_gourraud	NA19716	AMR	A	HLA-A*30:02:01;HLA-A*31:01:02	1	1	2
g_group	test_B_gourraud	NA19716	AMR	B	HLA-B*27:05:02;HLA-B*18:01:01	1	1	2
g_group	test_B_gourraud	NA19716	AMR	C	HLA-C*01:02:01;HLA-C*05:01:01	1	1	2
g_group	test_B_gourraud	NA19716	AMR	DRB1	HLA-DRB1*01:01:01;HLA-DRB1*03:01:01	1	1	2
g_group	test_B_gourraud	NA19716	AMR	DQB1	HLA-DQB1*05:01:01;HLA-DQB1*02:01:01	1	1	2
g_group	test_B_gourraud	NA19717	AMR	A	HLA-A*68:02:01;HLA-A*02:01:01	1	1	2
g_group	test_B_gourraud	NA19717	AMR	B	HLA-B*14:02:01;HLA-B*15:15:01	1	1	2
g_group	test_B_gourraud	NA19717	AMR	C	HLA-C*01:02:01;HLA-C*08:02:01	1	1	2
g_group	test_B_gourraud	NA19717	AMR	DRB1	HLA-DRB1*01:02:01;HLA-DRB1*04:03:01	1	1	2
g_group	test_B_gourraud	NA19717	AMR	DQB1	HLA-DQB1*05:01:01;HLA-DQB1*03:02:01	1	1	2
g_group	test_B_gourraud	NA19719	AMR	A	HLA-A*03:01:01;HLA-A*02:02:01	1	1	2
g_group	test_B_gourraud	NA19719	AMR	B	HLA-B*51:23;HLA-B*35:03:01	1	1	2
g_group	test_B_gourraud	NA19719	AMR	C	HLA-C*16:01:01;HLA-C*04:01:01	1	1	2
g_group	test_B_gourraud	NA19719	AMR	DRB1	HLA-DRB1*14:54:01;HLA-DRB1*11:01:01	1	1	2
g_group	test_B_gourraud	NA19719	AMR	DQB1	HLA-DQB1*05:03:01;HLA-DQB1*03:01:01	1	1	2
g_group	test_B_gourraud	NA19720	AMR	A	HLA-A*31:01:02;HLA-A*68:01:02	1	1	2
g_group	test_B_gourraud	NA19720	AMR	B	HLA-B*48:01:01;HLA-B*15:15:01	1	1	2
g_group	test_B_gourraud	NA19720	AMR	C	HLA-C*01:02:01;HLA-C*08:01:01	1	1	2
g_group	test_B_gourraud	NA19720	AMR	DRB1	HLA-DRB1*08:02:01;HLA-DRB1*04:04:01	1	1	2
g_group	test_B_gourraud	NA19720	AMR	DQB1	HLA-DQB1*03:02:01;HLA-DQB1*04:02:01	1	1	2
g_group	test_B_gourraud	NA19722	AMR	A	HLA-A*25:01:01;HLA-A*03:01:01	1	1	2
g_group	test_B_gourraud	NA19722	AMR	B	HLA-B*18:01:01,HLA-B*18:01:26;HLA-B*44:02:01	1	1	2
g_group	test_B_gourraud	NA19722	AMR	C	HLA-C*05:01:01;HLA-C*12:03:01	1	1	2
g_group	test_B_gourraud	NA19722	AMR	DRB1	HLA-DRB1*15:01:01;HLA-DRB1*04:05:01	1	1	2
g_group	test_B_gourraud	NA19722	AMR	DQB1	HLA-DQB1*03:02:01;HLA-DQB1*06:02:01	1	1	2
g_group	test_B_gourraud	NA19723	AMR	A	HLA-A*31:01:02;HLA-A*68:01:02	1	1	2
g_group	test_B_gourraud	NA19723	AMR	B	HLA-B*40:02:01;HLA-B*15:15:01	1	1	2
g_group	test_B_gourraud	NA19723	AMR	C	HLA-C*03:04:01;HLA-C*01:02:01	1	1	2
g_group	test_B_gourraud	NA19723	AMR	DRB1	HLA-DRB1*16:02:01;HLA-DRB1*08:02:01	1	1	2
g_group	test_B_gourraud	NA19723	AMR	DQB1	HLA-DQB1*04:02:01;HLA-DQB1*03:01:01	1	1	2
g_group	test_B_gourraud	NA19725	AMR	A	HLA-A*01:01:01;HLA-A*02:01:01	1	1	2
g_group	test_B_gourraud	NA19725	AMR	B	HLA-B*38:01:01;HLA-B*52:01:01	1	1	2
g_group	test_B_gourraud	NA19725	AMR	C	HLA-C*12:03:01;HLA-C*12:02:02	1	1	2
g_group	test_B_gourraud	NA19725	AMR	DRB1	HLA-DRB1*03:01:01;HLA-DRB1*15:02:01	1	1	2
g_group	test_B_gourraud	NA19725	AMR	DQB1	HLA-DQB1*06:01:01;HLA-DQB1*02:01:01	1	1	2
g_group	test_B_gourraud	NA19726	AMR	A	HLA-A*02:06:01;HLA-A*02:01:01	1	1	2
g_group	test_B_gourraud	NA19726	AMR	B	HLA-B*39:05:01;HLA-B*15:01:01	1	1	2
g_group	test_B_gourraud	NA19726	AMR	C	HLA-C*07:02:01;HLA-C*01:02:01	1	1	2
g_group	test_B_gourraud	NA19726	AMR	DRB1	HLA-DRB1*08:02:01;HLA-DRB1*04:07:01	1	1	2
g_group	test_B_gourraud	NA19726	AMR	DQB1	HLA-DQB1*04:02:01;HLA-DQB1*03:02:01	1	1	2
g_group	test_B_gourraud	NA19728	AMR	A	HLA-A*24:02:01;HLA-A*24:02:01	1	1	2
g_group	test_B_gourraud	NA19728	AMR	B	HLA-B*35:12:01;HLA-B*40:05:01	1	1	2
g_group	test_B_gourraud	NA19728	AMR	C	HLA-C*03:04:01;HLA-C*04:01:01	1	1	2
g_group	test_B_gourraud	NA19728	AMR	DRB1	HLA-DRB1*14:02:01;HLA-DRB1*04:04:01	1	1	2
g_group	test_B_gourraud	NA19728	AMR	DQB1	HLA-DQB1*03:02:01;HLA-DQB1*03:01:01	1	1	2
g_group	test_B_gourraud	NA19729	AMR	A	HLA-A*02:06:01;HLA-A*02:01:01	1	1	2
g_group	test_B_gourraud	NA19729	AMR	B	HLA-B*48:01:01;HLA-B*35:12:03	1	1	2
g_group	test_B_gourraud	NA19729	AMR	C	HLA-C*08:01:01;HLA-C*04:01:01	1	1	2
g_group	test_B_gourraud	NA19729	AMR	DRB1	HLA-DRB1*08:02:01;HLA-DRB1*08:02:01	1	1	2
g_group	test_B_gourraud	NA19729	AMR	DQB1	HLA-DQB1*04:02:01;HLA-DQB1*04:02:01	1	1	2
g_group	test_B_gourraud	NA19731	AMR	A	HLA-A*68:01:02;HLA-A*02:06:01	1	1	2
g_group	test_B_gourraud	NA19731	AMR	B	HLA-B*35:17:01;HLA-B*51:02:01	1	1	2
g_group	test_B_gourraud	NA19731	AMR	C	HLA-C*08:01:01;HLA-C*04:01:01	1	1	2
g_group	test_B_gourraud	NA19731	AMR	DRB1	HLA-DRB1*08:02:01;HLA-DRB1*04:11:01	1	1	2
g_group	test_B_gourraud	NA19731	AMR	DQB1	HLA-DQB1*03:02:01;HLA-DQB1*04:02:01	1	1	2
g_group	test_B_gourraud	NA19732	AMR	A	HLA-A*31:01:02;HLA-A*02:06:01	1	1	2
g_group	test_B_gourraud	NA19732	AMR	B	HLA-B*48:01:01;HLA-B*51:01:01,HLA-B*51:01:64	1	1	2
g_group	test_B_gourraud	NA19732	AMR	C	HLA-C*08:01:01;HLA-C*08:01:01	1	1	2
g_group	test_B_gourraud	NA19732	AMR	DRB1	HLA-DRB1*08:02:01;HLA-DRB1*08:02:01	1	1	2
g_group	test_B_gourraud	NA19732	AMR	DQB1	HLA-DQB1*04:02:01;HLA-DQB1*04:02:01	1	1	2
g_group	test_B_gourraud	NA19746	AMR	A	HLA-A*34:02:01;HLA-A*02:01:01	1	1	2
g_group	test_B_gourraud	NA19746	AMR	B	HLA-B*35:17:01;HLA-B*58:02:01	1	1	2
g_group	test_B_gourraud	NA19746	AMR	C	HLA-C*06:02:01;HLA-C*04:01:01	1	1	2
g_group	test_B_gourraud	NA19746	AMR	DRB1	HLA-DRB1*08:02:01;HLA-DRB1*11:02:01	1	1	2
g_group	test_B_gourraud	NA19746	AMR	DQB1	HLA-DQB1*04:02:01;HLA-DQB1*02:01:01	1	1	2
g_group	test_B_gourraud	NA19747	AMR	A	HLA-A*30:02:01;HLA-A*68:01:01	1	1	2
g_group	test_B_gourraud	NA19747	AMR	B	HLA-B*45:01:01;HLA-B*14:02:01	1	1	2
g_group	test_B_gourraud	NA19747	AMR	C	HLA-C*08:02:01;HLA-C*06:02:01	1	1	2
g_group	test_B_gourraud	NA19747	AMR	DRB1	HLA-DRB1*01:02:01;HLA-DRB1*04:05:01	1	1	2
g_group	test_B_gourraud	NA19747	AMR	DQB1	HLA-DQB1*03:02:01;HLA-DQB1*05:01:01	1	1	2
g_group	test_B_gourraud	NA19749	AMR	A	HLA-A*24:02:01;HLA-A*11:01:01	1	1	2
g_group	test_B_gourraud	NA19749	AMR	B	HLA-B*07:02:01;HLA-B*18:01:01	1	1	2
g_group	test_B_gourraud	NA19749	AMR	C	HLA-C*07:02:01;HLA-C*05:01:01	1	1	2
g_group	test_B_gourraud	NA19749	AMR	DRB1	HLA-DRB1*01:03:01;HLA-DRB1*04:04:01	1	1	2
g_group	test_B_gourraud	NA19749	AMR	DQB1	HLA-DQB1*03:02:01;HLA-DQB1*05:01:01	1	1	2
g_group	test_B_gourraud	NA19750	AMR	A	HLA-A*03:01:01;HLA-A*02:01:01	1	1	2
g_group	test_B_gourraud	NA19750	AMR	B	HLA-B*51:01:01;HLA-B*41:01:01	1	1	2
g_group	test_B_gourraud	NA19750	AMR	C	HLA-C*07:01:01;HLA-C*01:02:01	1	1	2
g_group	test_B_gourraud	NA19750	AMR	DRB1	HLA-DRB1*08:105;HLA-DRB1*15:02:01	1	1	2
g_group	test_B_gourraud	NA19750	AMR	DQB1	HLA-DQB1*04:02:01;HLA-DQB1*06:01:01	1	1	2
g_group	test_B_gourraud	NA19755	AMR	A	HLA-A*68:02:01;HLA-A*02:06:01	1	1	2
g_group	test_B_gourraud	NA19755	AMR	B	HLA-B*51:01:01;HLA-B*35:17:01	1	1	2
g_group	test_B_gourraud	NA19755	AMR	C	HLA-C*15:02:01;HLA-C*04:01:01	1	1	2
g_group	test_B_gourraud	NA19755	AMR	DRB1	HLA-DRB1*08:02:01;HLA-DRB1*08:02:01	1	1	2
g_group	test_B_gourraud	NA19755	AMR	DQB1	HLA-DQB1*04:02:01;HLA-DQB1*04:02:01	1	1	2
g_group	test_B_gourraud	NA19756	AMR	A	HLA-A*33:01:01;HLA-A*30:01:01	1	1	2
g_group	test_B_gourraud	NA19756	AMR	B	HLA-B*14:01:01;HLA-B*13:02:01	1	1	2
g_group	test_B_gourraud	NA19756	AMR	C	HLA-C*08:02:01;HLA-C*06:02:01	1	1	2
g_group	test_B_gourraud	NA19756	AMR	DRB1	HLA-DRB1*07:01:01;HLA-DRB1*07:01:01	1	1	2
g_group	test_B_gourraud	NA19756	AMR	DQB1	HLA-DQB1*02:02:01;HLA-DQB1*02:02:01	1	1	2
g_group	test_B_gourraud	NA19758	AMR	A	HLA-A*24:02:01;HLA-A*02:06:01	1	1	2
g_group	test_B_gourraud	NA19758	AMR	B	HLA-B*48:03:01;HLA-B*35:14:01	1	1	2
g_group	test_B_gourraud	NA19758	AMR	C	HLA-C*04:01:01;HLA-C*08:01:01	1	1	2
g_group	test_B_gourraud	NA19758	AMR	DRB1	HLA-DRB1*16:02:01;HLA-DRB1*08:02:01	1	1	2
g_group	test_B_gourraud	NA19758	AMR	DQB1	HLA-DQB1*04:02:01;HLA-DQB1*03:01:01	1	1	2
g_group	test_B_gourraud	NA19759	AMR	A	HLA-A*24:03:01;HLA-A*24:02:01	1	1	2
g_group	test_B_gourraud	NA19759	AMR	B	HLA-B*39:06:02;HLA-B*35:05:01	1	1	2
g_group	test_B_gourraud	NA19759	AMR	C	HLA-C*07:02:01;HLA-C*04:01:01	1	1	2
g_group	test_B_gourraud	NA19759	AMR	DRB1	HLA-DRB1*14:06:01;HLA-DRB1*04:04:01	1	1	2
g_group	test_B_gourraud	NA19759	AMR	DQB1	HLA-DQB1*03:02:01;HLA-DQB1*03:01:01	1	1	2
g_group	test_B_gourraud	NA19761	AMR	A	HLA-A*24:02:01;HLA-A*02:01:01	1	1	2
g_group	test_B_gourraud	NA19761	AMR	B	HLA-B*41:01:01;HLA-B*48:01:01	1	1	2
g_group	test_B_gourraud	NA19761	AMR	C	HLA-C*07:01:01;HLA-C*08:01:01	1	1	2
g_group	test_B_gourraud	NA19761	AMR	DRB1	HLA-DRB1*07:01:01;HLA-DRB1*10:01:01	1	1	2
g_group	test_B_gourraud	NA19761	AMR	DQB1	HLA-DQB1*05:01:01;HLA-DQB1*02:02:01	1	1	2
g_group	test_B_gourraud	NA19762	AMR	A	HLA-A*30:02:01;HLA-A*31:01:02	1	1	2
g_group	test_B_gourraud	NA19762	AMR	B	HLA-B*18:01:01;HLA-B*35:17:01	1	1	2
g_group	test_B_gourraud	NA19762	AMR	C	HLA-C*05:01:01;HLA-C*04:01:01	1	1	2
g_group	test_B_gourraud	NA19762	AMR	DRB1	HLA-DRB1*03:01:01;HLA-DRB1*04:07:01	1	1	2
g_group	test_B_gourraud	NA19762	AMR	DQB1	HLA-DQB1*03:02:01;HLA-DQB1*02:01:01	1	1	2
g_group	test_B_gourraud	NA19770	AMR	A	HLA-A*11:01:01;HLA-A*31:01:02	1	1	2
g_group	test_B_gourraud	NA19770	AMR	B	HLA-B*18:01:01;HLA-B*51:02:01	1	1	2
g_group	test_B_gourraud	NA19770	AMR	C	HLA-C*08:01:01;HLA-C*05:01:01	1	1	2
g_group	test_B_gourraud	NA19770	AMR	DRB1	HLA-DRB1*14:02:01;HLA-DRB1*03:01:01	1	1	2
g_group	test_B_gourraud	NA19770	AMR	DQB1	HLA-DQB1*03:02:01;HLA-DQB1*02:01:01	1	1	2
g_group	test_B_gourraud	NA19771	AMR	A	HLA-A*03:01:01;HLA-A*29:02:01	1	1	2
g_group	test_B_gourraud	NA19771	AMR	B	HLA-B*44:03:01;HLA-B*15:16:01	1	1	2
g_group	test_B_gourraud	NA19771	AMR	C	HLA-C*14:02:01;HLA-C*16:01:01	1	1	2
g_group	test_B_gourraud	NA19771	AMR	DRB1	HLA-DRB1*04:11:01;HLA-DRB1*15:01:01	1	1	2
g_group	test_B_gourraud	NA19771	AMR	DQB1	HLA-DQB1*03:02:01;HLA-DQB1*06:02:01	1	1	2
g_group	test_B_gourraud	NA19773	AMR	A	HLA-A*24:02:01;HLA-A*68:03:01	1	1	2
g_group	test_B_gourraud	NA19773	AMR	B	HLA-B*14:02:01;HLA-B*41:02:01	1	1	2
g_group	test_B_gourraud	NA19773	AMR	C	HLA-C*08:02:01;HLA-C*17:03:01	1	1	2
g_group	test_B_gourraud	NA19773	AMR	DRB1	HLA-DRB1*01:02:01;HLA-DRB1*03:01:01	1	1	2
g_group	test_B_gourraud	NA19773	AMR	DQB1	HLA-DQB1*05:01:01;HLA-DQB1*02:01:01	1	1	2
g_group	test_B_gourraud	NA19774	AMR	A	HLA-A*02:06:01;HLA-A*11:01:01	1	1	2
g_group	test_B_gourraud	NA19774	AMR	B	HLA-B*27:05:02;HLA-B*51:01:01	1	1	2
g_group	test_B_gourraud	NA19774	AMR	C	HLA-C*03:04:01;HLA-C*01:02:01	1	1	2
g_group	test_B_gourraud	NA19774	AMR	DRB1	HLA-DRB1*01:01:01;HLA-DRB1*04:11:01	1	1	2
g_group	test_B_gourraud	NA19774	AMR	DQB1	HLA-DQB1*03:02:01;HLA-DQB1*05:01:01	1	1	2
g_group	leak_gourraud	NA19777	AMR	A	HLA-A*31:01:02;HLA-A*31:01:02	1	1	2
g_group	leak_gourraud	NA19777	AMR	B	HLA-B*35:01:01,HLA-B*35:615;HLA-B*15:01:01	1	1	2
g_group	leak_gourraud	NA19777	AMR	C	HLA-C*01:02:01;HLA-C*04:01:01	1	1	2
g_group	leak_gourraud	NA19777	AMR	DRB1	HLA-DRB1*08:02:01;HLA-DRB1*16:02:01	1	1	2
g_group	leak_gourraud	NA19777	AMR	DQB1	HLA-DQB1*04:02:01;HLA-DQB1*03:01:01	1	1	2
g_group	test_B_gourraud	NA19780	AMR	A	HLA-A*68:01:02;HLA-A*68:01:02	1	1	2
g_group	test_B_gourraud	NA19780	AMR	B	HLA-B*48:01:01;HLA-B*40:02:01	1	1	2
g_group	test_B_gourraud	NA19780	AMR	C	HLA-C*03:04:01;HLA-C*08:01:01	1	1	2
g_group	test_B_gourraud	NA19780	AMR	DRB1	HLA-DRB1*04:11:01;HLA-DRB1*04:04:01	1	1	2
g_group	test_B_gourraud	NA19780	AMR	DQB1	HLA-DQB1*03:02:01;HLA-DQB1*03:02:01	1	1	2
g_group	test_B_gourraud	NA19782	AMR	A	HLA-A*11:01:01;HLA-A*30:01:01	1	1	2
g_group	test_B_gourraud	NA19782	AMR	B	HLA-B*42:02:01;HLA-B*35:01:01,HLA-B*35:370,HLA-B*35:615	1	1	2
g_group	test_B_gourraud	NA19782	AMR	C	HLA-C*04:01:01;HLA-C*17:01:01	1	1	2
g_group	test_B_gourraud	NA19782	AMR	DRB1	HLA-DRB1*08:04:01;HLA-DRB1*01:01:01	1	1	2
g_group	test_B_gourraud	NA19782	AMR	DQB1	HLA-DQB1*05:01:01;HLA-DQB1*03:01:01	1	1	2
g_group	test_B_gourraud	NA19783	AMR	A	HLA-A*29:02:01;HLA-A*68:02:01	1	1	2
g_group	test_B_gourraud	NA19783	AMR	B	HLA-B*44:03:01;HLA-B*50:01:01	1	1	2
g_group	test_B_gourraud	NA19783	AMR	C	HLA-C*06:02:01;HLA-C*16:01:01	1	1	2
g_group	test_B_gourraud	NA19783	AMR	DRB1	HLA-DRB1*11:03:01;HLA-DRB1*07:01:01	1	1	2
g_group	test_B_gourraud	NA19783	AMR	DQB1	HLA-DQB1*02:02:01;HLA-DQB1*03:01:01	1	1	2
g_group	test_B_gourraud	NA19785	AMR	A	HLA-A*02:01:01;HLA-A*02:01:01	1	1	2
g_group	test_B_gourraud	NA19785	AMR	B	HLA-B*15:01:01,HLA-B*15:01:84,HLA-B*15:542,HLA-B*15:632;HLA-B*52:01:02	1	1	2
g_group	test_B_gourraud	NA19785	AMR	C	HLA-C*03:03:01;HLA-C*03:03:01	1	1	2
g_group	test_B_gourraud	NA19785	AMR	DRB1	HLA-DRB1*04:04:01;HLA-DRB1*11:01:01	1	1	2
g_group	test_B_gourraud	NA19785	AMR	DQB1	HLA-DQB1*03:02:01;HLA-DQB1*03:01:01	1	1	2
g_group	test_B_gourraud	NA19786	AMR	A	HLA-A*24:02:01;HLA-A*25:01:01	1	1	2
g_group	test_B_gourraud	NA19786	AMR	B	HLA-B*18:01:01;HLA-B*35:02:01	1	1	2
g_group	test_B_gourraud	NA19786	AMR	C	HLA-C*12:03:01;HLA-C*04:01:01	1	1	2
g_group	test_B_gourraud	NA19786	AMR	DRB1	HLA-DRB1*15:01:01;HLA-DRB1*11:04:01	1	1	2
g_group	test_B_gourraud	NA19786	AMR	DQB1	HLA-DQB1*06:02:01;HLA-DQB1*03:01:01	1	1	2
g_group	test_B_gourraud	NA19788	AMR	A	HLA-A*74:01:01;HLA-A*02:01:01	1	1	2
g_group	test_B_gourraud	NA19788	AMR	B	HLA-B*45:01:01;HLA-B*82:01:01	1	1	2
g_group	test_B_gourraud	NA19788	AMR	C	HLA-C*03:02:02;HLA-C*16:01:01	1	1	2
g_group	test_B_gourraud	NA19788	AMR	DRB1	HLA-DRB1*11:02:01;HLA-DRB1*11:02:01	1	1	2
g_group	test_B_gourraud	NA19788	AMR	DQB1	HLA-DQB1*03:19:01;HLA-DQB1*03:276N	1	1	2
g_group	test_B_gourraud	NA19789	AMR	A	HLA-A*25:01:01;HLA-A*24:02:01	1	1	2
g_group	test_B_gourraud	NA19789	AMR	B	HLA-B*35:17:01;HLA-B*18:01:01	1	1	2
g_group	test_B_gourraud	NA19789	AMR	C	HLA-C*12:03:01;HLA-C*04:01:01	1	1	2
g_group	test_B_gourraud	NA19789	AMR	DRB1	HLA-DRB1*04:04:01;HLA-DRB1*16:02:01	1	1	2
g_group	test_B_gourraud	NA19789	AMR	DQB1	HLA-DQB1*04:02:01;HLA-DQB1*03:01:01	1	1	2
g_group	test_B_gourraud	NA19794	AMR	A	HLA-A*01:01:01;HLA-A*02:01:01	1	1	2
g_group	test_B_gourraud	NA19794	AMR	B	HLA-B*51:01:01;HLA-B*56:01:01	1	1	2
g_group	test_B_gourraud	NA19794	AMR	C	HLA-C*16:02:01;HLA-C*01:02:01	1	1	2
g_group	test_B_gourraud	NA19794	AMR	DRB1	HLA-DRB1*01:01:01;HLA-DRB1*11:04:01	1	1	2
g_group	test_B_gourraud	NA19794	AMR	DQB1	HLA-DQB1*05:01:01;HLA-DQB1*03:01:01	1	1	2
g_group	test_B_gourraud	NA19795	AMR	A	HLA-A*68:01:02;HLA-A*02:01:01	1	1	2
g_group	test_B_gourraud	NA19795	AMR	B	HLA-B*35:17:01;HLA-B*48:01:01	1	1	2
g_group	test_B_gourraud	NA19795	AMR	C	HLA-C*08:01:01;HLA-C*04:01:01	1	1	2
g_group	test_B_gourraud	NA19795	AMR	DRB1	HLA-DRB1*08:02:01;HLA-DRB1*16:02:01	1	1	2
g_group	test_B_gourraud	NA19795	AMR	DQB1	HLA-DQB1*04:02:01;HLA-DQB1*03:01:01	1	1	2
g_group	test_B_gourraud	NA19818	AFR	A	HLA-A*30:01:01;HLA-A*36:01:01	1	1	2
g_group	test_B_gourraud	NA19818	AFR	B	HLA-B*42:01:01;HLA-B*39:10:01	1	1	2
g_group	test_B_gourraud	NA19818	AFR	C	HLA-C*12:03:01;HLA-C*17:01:01	1	1	2
g_group	test_B_gourraud	NA19818	AFR	DRB1	HLA-DRB1*08:04:01;HLA-DRB1*13:01:01	1	1	2
g_group	test_B_gourraud	NA19818	AFR	DQB1	HLA-DQB1*06:09:01;HLA-DQB1*03:01:04	1	1	2
g_group	test_B_gourraud	NA19819	AFR	A	HLA-A*68:01:01;HLA-A*02:01:01	1	1	2
g_group	test_B_gourraud	NA19819	AFR	B	HLA-B*40:01:02;HLA-B*58:02:01	1	1	2
g_group	test_B_gourraud	NA19819	AFR	C	HLA-C*03:04:01;HLA-C*06:02:01	1	1	2
g_group	test_B_gourraud	NA19819	AFR	DRB1	HLA-DRB1*01:01:01;HLA-DRB1*12:01:01	1	1	2
g_group	test_B_gourraud	NA19819	AFR	DQB1	HLA-DQB1*05:01:01;HLA-DQB1*05:01:01	1	1	2
g_group	leak_gourraud	NA19834	AFR	A	HLA-A*23:01:01;HLA-A*01:01:01	1	1	2
g_group	leak_gourraud	NA19834	AFR	B	HLA-B*39:10:01;HLA-B*35:01:01	1	1	2
g_group	leak_gourraud	NA19834	AFR	C	HLA-C*12:03:01;HLA-C*04:01:01	1	1	2
g_group	leak_gourraud	NA19834	AFR	DRB1	HLA-DRB1*01:01:01;HLA-DRB1*08:04:01	1	1	2
g_group	leak_gourraud	NA19834	AFR	DQB1	HLA-DQB1*05:01:01;HLA-DQB1*03:19:01	1	1	2
g_group	test_B_gourraud	NA19900	AFR	A	HLA-A*31:04:01;HLA-A*23:17:01	1	1	2
g_group	test_B_gourraud	NA19900	AFR	B	HLA-B*42:01:01;HLA-B*44:03:01	1	1	2
g_group	test_B_gourraud	NA19900	AFR	C	HLA-C*17:01:01;HLA-C*02:10:01	1	1	2
g_group	test_B_gourraud	NA19900	AFR	DRB1	HLA-DRB1*15:03:01;HLA-DRB1*11:02:01	1	1	2
g_group	test_B_gourraud	NA19900	AFR	DQB1	HLA-DQB1*06:02:01;HLA-DQB1*03:19:01	1	1	2
g_group	test_B_gourraud	NA19901	AFR	A	HLA-A*24:02:01;HLA-A*74:01:01	1	1	2
g_group	test_B_gourraud	NA19901	AFR	B	HLA-B*39:06:02;HLA-B*58:02:01	1	1	2
g_group	test_B_gourraud	NA19901	AFR	C	HLA-C*07:02:01;HLA-C*06:02:01	1	1	2
g_group	test_B_gourraud	NA19901	AFR	DRB1	HLA-DRB1*01:01:01;HLA-DRB1*11:02:01	1	1	2
g_group	test_B_gourraud	NA19901	AFR	DQB1	HLA-DQB1*05:04:01;HLA-DQB1*03:01:01	1	1	2
g_group	test_B_gourraud	NA19904	AFR	A	HLA-A*02:01:01;HLA-A*31:01:02	1	1	2
g_group	test_B_gourraud	NA19904	AFR	B	HLA-B*44:02:01;HLA-B*35:03:01	1	1	2
g_group	test_B_gourraud	NA19904	AFR	C	HLA-C*05:01:01;HLA-C*12:03:01	1	1	2
g_group	test_B_gourraud	NA19904	AFR	DRB1	HLA-DRB1*15:01:01;HLA-DRB1*04:01:01	1	1	2
g_group	test_B_gourraud	NA19904	AFR	DQB1	HLA-DQB1*06:02:01;HLA-DQB1*03:01:01	1	1	2
g_group	leak_gourraud	NA19908	AFR	A	HLA-A*36:01:01;HLA-A*02:01:01	1	1	2
g_group	leak_gourraud	NA19908	AFR	B	HLA-B*50:01:01;HLA-B*58:01:01	1	1	2
g_group	leak_gourraud	NA19908	AFR	C	HLA-C*07:18:01;HLA-C*06:02:01	1	1	2
g_group	leak_gourraud	NA19908	AFR	DRB1	HLA-DRB1*08:06:01;HLA-DRB1*15:03:01	1	1	2
g_group	leak_gourraud	NA19908	AFR	DQB1	HLA-DQB1*06:02:01;HLA-DQB1*06:02:01	1	1	2
g_group	test_B_gourraud	NA19914	AFR	A	HLA-A*01:02:01;HLA-A*02:01:01	1	1	2
g_group	test_B_gourraud	NA19914	AFR	B	HLA-B*35:01:01;HLA-B*44:03:01	1	1	2
g_group	test_B_gourraud	NA19914	AFR	C	HLA-C*04:01:01;HLA-C*04:01:01	1	1	2
g_group	test_B_gourraud	NA19914	AFR	DRB1	HLA-DRB1*13:02:01;HLA-DRB1*07:01:01	1	1	2
g_group	test_B_gourraud	NA19914	AFR	DQB1	HLA-DQB1*06:09:01;HLA-DQB1*02:02:01	1	1	2
g_group	test_B_gourraud	NA19916	AFR	A	HLA-A*74:01:01;HLA-A*68:02:01	1	1	2
g_group	test_B_gourraud	NA19916	AFR	B	HLA-B*15:03:01;HLA-B*53:01:01	1	1	2
g_group	test_B_gourraud	NA19916	AFR	C	HLA-C*02:10:01;HLA-C*04:01:01	1	1	2
g_group	test_B_gourraud	NA19916	AFR	DRB1	HLA-DRB1*07:01:01;HLA-DRB1*03:01:01	1	1	2
g_group	test_B_gourraud	NA19916	AFR	DQB1	HLA-DQB1*02:02:01;HLA-DQB1*02:01:01	1	1	2
g_group	test_B_gourraud	NA19917	AFR	A	HLA-A*30:02:01;HLA-A*03:01:01	1	1	2
g_group	test_B_gourraud	NA19917	AFR	B	HLA-B*15:03:01;HLA-B*41:02:01	1	1	2
g_group	test_B_gourraud	NA19917	AFR	C	HLA-C*17:01:01;HLA-C*02:10:01	1	1	2
g_group	test_B_gourraud	NA19917	AFR	DRB1	HLA-DRB1*01:02:01;HLA-DRB1*09:01:02	1	1	2
g_group	test_B_gourraud	NA19917	AFR	DQB1	HLA-DQB1*02:02:01;HLA-DQB1*05:01:01	1	1	2
g_group	leak_gourraud	NA19920	AFR	A	HLA-A*74:01:01;HLA-A*30:02:01	1	1	2
g_group	leak_gourraud	NA19920	AFR	B	HLA-B*08:01:01;HLA-B*57:03:01	1	1	2
g_group	leak_gourraud	NA19920	AFR	C	HLA-C*07:01:02;HLA-C*07:01:01	1	1	2
g_group	leak_gourraud	NA19920	AFR	DRB1	HLA-DRB1*03:01:01;HLA-DRB1*15:03:01	1	1	2
g_group	leak_gourraud	NA19920	AFR	DQB1	HLA-DQB1*06:02:01;HLA-DQB1*02:01:01	1	1	2
g_group	leak_gourraud	NA19921	AFR	A	HLA-A*31:01:02;HLA-A*03:01:01	1	1	2
g_group	leak_gourraud	NA19921	AFR	B	HLA-B*48:01:01;HLA-B*15:01:01	1	1	2
g_group	leak_gourraud	NA19921	AFR	C	HLA-C*07:02:01;HLA-C*04:01:01	1	1	2
g_group	leak_gourraud	NA19921	AFR	DRB1	HLA-DRB1*03:01:01;HLA-DRB1*14:02:01	1	1	2
g_group	leak_gourraud	NA19921	AFR	DQB1	HLA-DQB1*02:01:01;HLA-DQB1*03:01:01	1	1	2
g_group	test_B_gourraud	NA19982	AFR	A	HLA-A*02:01:01;HLA-A*68:01:01	1	1	2
g_group	test_B_gourraud	NA19982	AFR	B	HLA-B*27:05:02;HLA-B*07:02:01	1	1	2
g_group	test_B_gourraud	NA19982	AFR	C	HLA-C*07:02:01;HLA-C*01:02:01,HLA-C*01:150,HLA-C*01:172,HLA-C*01:194,HLA-C*01:217:01,HLA-C*01:237,HLA-C*01:247,HLA-C*01:272,HLA-C*01:278	1	1	2
g_group	test_B_gourraud	NA19982	AFR	DRB1	HLA-DRB1*01:03:01;HLA-DRB1*09:01:02	1	1	2
g_group	test_B_gourraud	NA19982	AFR	DQB1	HLA-DQB1*02:02:01;HLA-DQB1*03:01:01	1	1	2
g_group	test_B_gourraud	NA20126	AFR	A	HLA-A*68:02:01;HLA-A*02:01:01	1	1	2
g_group	test_B_gourraud	NA20126	AFR	B	HLA-B*27:05:02;HLA-B*57:03:01	1	1	2
g_group	test_B_gourraud	NA20126	AFR	C	HLA-C*07:01:02;HLA-C*01:02:01	1	1	2
g_group	test_B_gourraud	NA20126	AFR	DRB1	HLA-DRB1*01:01:01;HLA-DRB1*12:01:01	1	1	2
g_group	test_B_gourraud	NA20126	AFR	DQB1	HLA-DQB1*05:01:01;HLA-DQB1*03:01:01	1	1	2
g_group	test_B_gourraud	NA20127	AFR	A	HLA-A*02:02:01;HLA-A*29:02:01	1	1	2
g_group	test_B_gourraud	NA20127	AFR	B	HLA-B*13:02:01;HLA-B*35:01:01	1	1	2
g_group	test_B_gourraud	NA20127	AFR	C	HLA-C*06:02:01;HLA-C*04:01:01	1	1	2
g_group	test_B_gourraud	NA20127	AFR	DRB1	HLA-DRB1*10:01:01;HLA-DRB1*01:01:01	1	1	2
g_group	test_B_gourraud	NA20127	AFR	DQB1	HLA-DQB1*05:01:01;HLA-DQB1*05:01:01	1	1	2
g_group	test_B_gourraud	NA20276	AFR	A	HLA-A*34:02:01;HLA-A*30:02:01	1	1	2
g_group	test_B_gourraud	NA20276	AFR	B	HLA-B*49:01:01;HLA-B*44:03:01	1	1	2
g_group	test_B_gourraud	NA20276	AFR	C	HLA-C*07:01:01;HLA-C*04:01:01	1	1	2
g_group	test_B_gourraud	NA20276	AFR	DRB1	HLA-DRB1*15:03:01;HLA-DRB1*08:04:01	1	1	2
g_group	test_B_gourraud	NA20276	AFR	DQB1	HLA-DQB1*06:02:01;HLA-DQB1*03:01:04	1	1	2
g_group	test_B_gourraud	NA20278	AFR	A	HLA-A*34:02:01;HLA-A*03:02:01	1	1	2
g_group	test_B_gourraud	NA20278	AFR	B	HLA-B*44:03:01;HLA-B*49:01:01	1	1	2
g_group	test_B_gourraud	NA20278	AFR	C	HLA-C*05:01:01;HLA-C*04:01:01	1	1	2
g_group	test_B_gourraud	NA20278	AFR	DRB1	HLA-DRB1*15:03:01;HLA-DRB1*13:03:01	1	1	2
g_group	test_B_gourraud	NA20278	AFR	DQB1	HLA-DQB1*06:02:01;HLA-DQB1*03:01:01	1	1	2
g_group	test_B_gourraud	NA20281	AFR	A	HLA-A*68:02:01;HLA-A*23:01:01	1	1	2
g_group	test_B_gourraud	NA20281	AFR	B	HLA-B*15:17:01;HLA-B*53:01:01	1	1	2
g_group	test_B_gourraud	NA20281	AFR	C	HLA-C*05:01:01;HLA-C*04:01:01	1	1	2
g_group	test_B_gourraud	NA20281	AFR	DRB1	HLA-DRB1*11:01:02;HLA-DRB1*13:03:01	1	1	2
g_group	test_B_gourraud	NA20281	AFR	DQB1	HLA-DQB1*02:02:01;HLA-DQB1*06:39	1	1	2
g_group	test_B_gourraud	NA20287	AFR	A	HLA-A*74:01:01;HLA-A*24:02:01	1	1	2
g_group	test_B_gourraud	NA20287	AFR	B	HLA-B*15:03:01;HLA-B*55:01:01	1	1	2
g_group	test_B_gourraud	NA20287	AFR	C	HLA-C*03:03:01;HLA-C*02:10:01	1	1	2
g_group	test_B_gourraud	NA20287	AFR	DRB1	HLA-DRB1*04:07:01;HLA-DRB1*11:01:02	1	1	2
g_group	test_B_gourraud	NA20287	AFR	DQB1	HLA-DQB1*03:19:01;HLA-DQB1*03:01:01	1	1	2
g_group	test_B_gourraud	NA20289	AFR	A	HLA-A*30:02:01;HLA-A*30:01:01	1	1	2
g_group	test_B_gourraud	NA20289	AFR	B	HLA-B*42:01:01;HLA-B*53:01:01	1	1	2
g_group	test_B_gourraud	NA20289	AFR	C	HLA-C*17:01:01;HLA-C*04:01:01	1	1	2
g_group	test_B_gourraud	NA20289	AFR	DRB1	HLA-DRB1*08:06:01;HLA-DRB1*16:02:01	1	1	2
g_group	test_B_gourraud	NA20289	AFR	DQB1	HLA-DQB1*06:02:01;HLA-DQB1*05:02:01	1	1	2
g_group	test_B_gourraud	NA20291	AFR	A	HLA-A*30:02:01;HLA-A*68:01:01	1	1	2
g_group	test_B_gourraud	NA20291	AFR	B	HLA-B*14:01:01;HLA-B*58:01:01,HLA-B*58:117,HLA-B*58:120	1	1	2
g_group	test_B_gourraud	NA20291	AFR	C	HLA-C*02:10:01;HLA-C*08:02:01	1	1	2
g_group	test_B_gourraud	NA20291	AFR	DRB1	HLA-DRB1*16:02:01;HLA-DRB1*13:02:01	1	1	2
g_group	test_B_gourraud	NA20291	AFR	DQB1	HLA-DQB1*05:02:01;HLA-DQB1*06:09:01	1	1	2
g_group	test_B_gourraud	NA20294	AFR	A	HLA-A*80:01:01;HLA-A*02:02:01	1	1	2
g_group	test_B_gourraud	NA20294	AFR	B	HLA-B*45:01:01;HLA-B*13:02:01	1	1	2
g_group	test_B_gourraud	NA20294	AFR	C	HLA-C*16:01:01;HLA-C*08:04:01	1	1	2
g_group	test_B_gourraud	NA20294	AFR	DRB1	HLA-DRB1*01:02:01;HLA-DRB1*08:04:01	1	1	2
g_group	test_B_gourraud	NA20294	AFR	DQB1	HLA-DQB1*04:02:13;HLA-DQB1*05:01:01	1	1	2
g_group	test_B_gourraud	NA20296	AFR	A	HLA-A*29:02:01;HLA-A*02:01:01	1	1	2
g_group	test_B_gourraud	NA20296	AFR	B	HLA-B*44:03:01;HLA-B*58:01:01	1	1	2
g_group	test_B_gourraud	NA20296	AFR	C	HLA-C*03:02:02;HLA-C*16:01:01	1	1	2
g_group	test_B_gourraud	NA20296	AFR	DRB1	HLA-DRB1*07:01:01;HLA-DRB1*13:04	1	1	2
g_group	test_B_gourraud	NA20296	AFR	DQB1	HLA-DQB1*02:02:01;HLA-DQB1*03:19:01	1	1	2
g_group	test_B_gourraud	NA20299	AFR	A	HLA-A*31:01:02;HLA-A*02:01:01	1	1	2
g_group	test_B_gourraud	NA20299	AFR	B	HLA-B*35:01:01;HLA-B*44:05:01	1	1	2
g_group	test_B_gourraud	NA20299	AFR	C	HLA-C*02:02:02;HLA-C*04:01:01	1	1	2
g_group	test_B_gourraud	NA20299	AFR	DRB1	HLA-DRB1*04:04:01;HLA-DRB1*04:07:01	1	1	2
g_group	test_B_gourraud	NA20299	AFR	DQB1	HLA-DQB1*03:02:01;HLA-DQB1*03:02:01	1	1	2
g_group	test_B_gourraud	NA20314	AFR	A	HLA-A*31:01:02;HLA-A*29:02:01	1	1	2
g_group	test_B_gourraud	NA20314	AFR	B	HLA-B*51:01:01,HLA-B*51:01:64;HLA-B*07:02:01	1	1	2
g_group	test_B_gourraud	NA20314	AFR	C	HLA-C*15:02:01;HLA-C*07:02:01	1	1	2
g_group	test_B_gourraud	NA20314	AFR	DRB1	HLA-DRB1*15:01:01;HLA-DRB1*08:02:01	1	1	2
g_group	test_B_gourraud	NA20314	AFR	DQB1	HLA-DQB1*06:02:01;HLA-DQB1*03:01:01	1	1	2
g_group	test_B_gourraud	NA20317	AFR	A	HLA-A*33:03:01;HLA-A*68:01:01	1	1	2
g_group	test_B_gourraud	NA20317	AFR	B	HLA-B*58:01:01,HLA-B*58:117;HLA-B*58:01:01,HLA-B*58:117	1	1	2
g_group	test_B_gourraud	NA20317	AFR	C	HLA-C*07:18:01;HLA-C*07:18:01	1	1	2
g_group	test_B_gourraud	NA20317	AFR	DRB1	HLA-DRB1*15:03:01;HLA-DRB1*13:01:01	1	1	2
g_group	test_B_gourraud	NA20317	AFR	DQB1	HLA-DQB1*06:02:01;HLA-DQB1*06:09:01	1	1	2
g_group	test_B_gourraud	NA20332	AFR	A	HLA-A*02:02:01;HLA-A*03:01:01	1	1	2
g_group	test_B_gourraud	NA20332	AFR	B	HLA-B*53:01:01;HLA-B*07:02:01	1	1	2
g_group	test_B_gourraud	NA20332	AFR	C	HLA-C*07:18:01;HLA-C*04:01:01	1	1	2
g_group	test_B_gourraud	NA20332	AFR	DRB1	HLA-DRB1*13:02:01;HLA-DRB1*13:02:01	1	1	2
g_group	test_B_gourraud	NA20332	AFR	DQB1	HLA-DQB1*06:09:01;HLA-DQB1*06:09:01	1	1	2
g_group	test_B_gourraud	NA20334	AFR	A	HLA-A*02:02:01;HLA-A*26:01:01	1	1	2
g_group	test_B_gourraud	NA20334	AFR	B	HLA-B*53:01:01;HLA-B*07:02:01	1	1	2
g_group	test_B_gourraud	NA20334	AFR	C	HLA-C*04:01:01;HLA-C*07:02:01	1	1	2
g_group	test_B_gourraud	NA20334	AFR	DRB1	HLA-DRB1*01:01:01;HLA-DRB1*11:02:01	1	1	2
g_group	test_B_gourraud	NA20334	AFR	DQB1	HLA-DQB1*05:01:01;HLA-DQB1*03:19:01	1	1	2
g_group	test_B_gourraud	NA20340	AFR	A	HLA-A*30:01:01;HLA-A*29:02:01	1	1	2
g_group	test_B_gourraud	NA20340	AFR	B	HLA-B*15:16:01;HLA-B*44:03:01	1	1	2
g_group	test_B_gourraud	NA20340	AFR	C	HLA-C*14:02:01;HLA-C*16:01:01	1	1	2
g_group	test_B_gourraud	NA20340	AFR	DRB1	HLA-DRB1*07:01:01;HLA-DRB1*13:03:01	1	1	2
g_group	test_B_gourraud	NA20340	AFR	DQB1	HLA-DQB1*02:02:01;HLA-DQB1*02:02:01	1	1	2
g_group	test_B_gourraud	NA20342	AFR	A	HLA-A*02:02:01;HLA-A*68:01:01	1	1	2
g_group	test_B_gourraud	NA20342	AFR	B	HLA-B*53:01:01;HLA-B*53:01:01	1	1	2
g_group	test_B_gourraud	NA20342	AFR	C	HLA-C*04:01:01;HLA-C*04:01:01	1	1	2
g_group	test_B_gourraud	NA20342	AFR	DRB1	HLA-DRB1*13:02:01;HLA-DRB1*10:01:01	1	1	2
g_group	test_B_gourraud	NA20342	AFR	DQB1	HLA-DQB1*05:01:01;HLA-DQB1*06:04:01	1	1	2
g_group	test_B_gourraud	NA20348	AFR	A	HLA-A*33:03:01;HLA-A*30:01:01	1	1	2
g_group	test_B_gourraud	NA20348	AFR	B	HLA-B*18:01:01;HLA-B*42:01:01	1	1	2
g_group	test_B_gourraud	NA20348	AFR	C	HLA-C*07:04:01;HLA-C*17:01:01	1	1	2
g_group	test_B_gourraud	NA20348	AFR	DRB1	HLA-DRB1*03:02:01;HLA-DRB1*11:01:02	1	1	2
g_group	test_B_gourraud	NA20348	AFR	DQB1	HLA-DQB1*02:02:01;HLA-DQB1*06:02:01	1	1	2
g_group	test_B_gourraud	NA20356	AFR	A	HLA-A*33:01:01;HLA-A*68:01:01	1	1	2
g_group	test_B_gourraud	NA20356	AFR	B	HLA-B*07:02:01;HLA-B*78:01:01	1	1	2
g_group	test_B_gourraud	NA20356	AFR	C	HLA-C*16:01:01;HLA-C*07:02:01	1	1	2
g_group	test_B_gourraud	NA20356	AFR	DRB1	HLA-DRB1*10:01:01;HLA-DRB1*11:02:01	1	1	2
g_group	test_B_gourraud	NA20356	AFR	DQB1	HLA-DQB1*03:19:01;HLA-DQB1*05:01:01	1	1	2
g_group	test_B_gourraud	NA20357	AFR	A	HLA-A*80:01:01;HLA-A*23:01:01	1	1	2
g_group	test_B_gourraud	NA20357	AFR	B	HLA-B*07:02:01;HLA-B*81:01:01	1	1	2
g_group	test_B_gourraud	NA20357	AFR	C	HLA-C*08:04:01;HLA-C*07:02:01	1	1	2
g_group	test_B_gourraud	NA20357	AFR	DRB1	HLA-DRB1*14:54:01;HLA-DRB1*13:01:01	1	1	2
g_group	test_B_gourraud	NA20357	AFR	DQB1	HLA-DQB1*05:02:01;HLA-DQB1*06:09:01	1	1	2
g_group	test_B_gourraud	NA20359	AFR	A	HLA-A*02:01:01;HLA-A*01:01:01	1	1	2
g_group	test_B_gourraud	NA20359	AFR	B	HLA-B*53:01:01;HLA-B*53:01:01	1	1	2
g_group	test_B_gourraud	NA20359	AFR	C	HLA-C*03:02:02;HLA-C*04:01:01	1	1	2
g_group	test_B_gourraud	NA20359	AFR	DRB1	HLA-DRB1*10:01:01;HLA-DRB1*13:03:01	1	1	2
g_group	test_B_gourraud	NA20359	AFR	DQB1	HLA-DQB1*05:01:01;HLA-DQB1*03:01:01	1	1	2
g_group	test_B_gourraud	NA20502	EUR	A	HLA-A*01:01:01;HLA-A*31:01:02	1	1	2
g_group	test_B_gourraud	NA20502	EUR	B	HLA-B*07:02:01;HLA-B*35:02:01	1	1	2
g_group	test_B_gourraud	NA20502	EUR	C	HLA-C*07:02:01;HLA-C*04:01:01	1	1	2
g_group	test_B_gourraud	NA20502	EUR	DRB1	HLA-DRB1*13:21:01;HLA-DRB1*11:04:01	1	1	2
g_group	test_B_gourraud	NA20502	EUR	DQB1	HLA-DQB1*06:03:01;HLA-DQB1*03:01:01	1	1	2
g_group	test_B_gourraud	NA20504	EUR	A	HLA-A*11:01:01;HLA-A*32:01:01	1	1	2
g_group	test_B_gourraud	NA20504	EUR	B	HLA-B*57:01:01;HLA-B*55:01:01,HLA-B*55:01:35	1	1	2
g_group	test_B_gourraud	NA20504	EUR	C	HLA-C*03:03:01;HLA-C*06:02:01	1	1	2
g_group	test_B_gourraud	NA20504	EUR	DRB1	HLA-DRB1*04:04:01;HLA-DRB1*14:54:01	1	1	2
g_group	test_B_gourraud	NA20504	EUR	DQB1	HLA-DQB1*04:02:01;HLA-DQB1*05:03:01	1	1	2
g_group	test_B_gourraud	NA20505	EUR	A	HLA-A*32:01:01;HLA-A*02:01:01	1	1	2
g_group	test_B_gourraud	NA20505	EUR	B	HLA-B*57:01:01;HLA-B*35:03:01	1	1	2
g_group	test_B_gourraud	NA20505	EUR	C	HLA-C*06:02:01;HLA-C*04:01:01	1	1	2
g_group	test_B_gourraud	NA20505	EUR	DRB1	HLA-DRB1*07:01:01;HLA-DRB1*16:01:01	1	1	2
g_group	test_B_gourraud	NA20505	EUR	DQB1	HLA-DQB1*03:03:02;HLA-DQB1*05:02:01	1	1	2
g_group	test_B_gourraud	NA20506	EUR	A	HLA-A*02:01:01;HLA-A*01:01:01	1	1	2
g_group	test_B_gourraud	NA20506	EUR	B	HLA-B*08:01:01;HLA-B*18:01:01	1	1	2
g_group	test_B_gourraud	NA20506	EUR	C	HLA-C*12:03:01;HLA-C*07:01:01	1	1	2
g_group	test_B_gourraud	NA20506	EUR	DRB1	HLA-DRB1*13:01:01;HLA-DRB1*03:01:01	1	1	2
g_group	test_B_gourraud	NA20506	EUR	DQB1	HLA-DQB1*06:03:01;HLA-DQB1*02:01:01	1	1	2
g_group	test_B_gourraud	NA20508	EUR	A	HLA-A*24:02:01;HLA-A*01:01:01	1	1	2
g_group	test_B_gourraud	NA20508	EUR	B	HLA-B*41:02:01;HLA-B*57:01:01	1	1	2
g_group	test_B_gourraud	NA20508	EUR	C	HLA-C*17:03:01;HLA-C*06:02:01	1	1	2
g_group	test_B_gourraud	NA20508	EUR	DRB1	HLA-DRB1*13:03:01;HLA-DRB1*04:07:01	1	1	2
g_group	test_B_gourraud	NA20508	EUR	DQB1	HLA-DQB1*03:01:01;HLA-DQB1*03:01:01	1	1	2
g_group	test_B_gourraud	NA20509	EUR	A	HLA-A*30:01:01;HLA-A*68:01:01	1	1	2
g_group	test_B_gourraud	NA20509	EUR	B	HLA-B*13:02:01;HLA-B*51:01:01	1	1	2
g_group	test_B_gourraud	NA20509	EUR	C	HLA-C*16:02:01;HLA-C*06:02:01	1	1	2
g_group	test_B_gourraud	NA20509	EUR	DRB1	HLA-DRB1*08:04:01;HLA-DRB1*07:01:01	1	1	2
g_group	test_B_gourraud	NA20509	EUR	DQB1	HLA-DQB1*04:02:01;HLA-DQB1*02:02:01	1	1	2
g_group	test_B_gourraud	NA20510	EUR	A	HLA-A*02:05:01;HLA-A*24:02:01	1	1	2
g_group	test_B_gourraud	NA20510	EUR	B	HLA-B*55:01:01,HLA-B*55:01:35;HLA-B*15:17:01	1	1	2
g_group	test_B_gourraud	NA20510	EUR	C	HLA-C*01:02:01;HLA-C*07:01:02	1	1	2
g_group	test_B_gourraud	NA20510	EUR	DRB1	HLA-DRB1*13:02:01;HLA-DRB1*11:01:01	1	1	2
g_group	test_B_gourraud	NA20510	EUR	DQB1	HLA-DQB1*06:04:01;HLA-DQB1*03:01:01	1	1	2
g_group	test_B_gourraud	NA20512	EUR	A	HLA-A*30:04:01;HLA-A*24:02:01	1	1	2
g_group	test_B_gourraud	NA20512	EUR	B	HLA-B*27:05:02;HLA-B*51:01:01	1	1	2
g_group	test_B_gourraud	NA20512	EUR	C	HLA-C*15:02:01;HLA-C*02:02:02	1	1	2
g_group	test_B_gourraud	NA20512	EUR	DRB1	HLA-DRB1*15:01:01;HLA-DRB1*12:01:01	1	0	1
g_group	test_B_gourraud	NA20512	EUR	DQB1	HLA-DQB1*03:01:01;HLA-DQB1*05:02:01	1	1	2
g_group	test_B_gourraud	NA20515	EUR	A	HLA-A*03:01:01;HLA-A*30:02:01	1	1	2
g_group	test_B_gourraud	NA20515	EUR	B	HLA-B*07:02:01;HLA-B*18:01:01	1	1	2
g_group	test_B_gourraud	NA20515	EUR	C	HLA-C*07:02:01;HLA-C*05:01:01	1	1	2
g_group	test_B_gourraud	NA20515	EUR	DRB1	HLA-DRB1*13:02:01;HLA-DRB1*15:01:01	1	1	2
g_group	test_B_gourraud	NA20515	EUR	DQB1	HLA-DQB1*06:09:01;HLA-DQB1*06:02:01	1	1	2
g_group	test_B_gourraud	NA20516	EUR	A	HLA-A*68:01:02;HLA-A*02:01:01	1	1	2
g_group	test_B_gourraud	NA20516	EUR	B	HLA-B*44:02:01;HLA-B*35:08:01	1	1	2
g_group	test_B_gourraud	NA20516	EUR	C	HLA-C*05:01:01;HLA-C*04:01:01	1	1	2
g_group	test_B_gourraud	NA20516	EUR	DRB1	HLA-DRB1*11:01:01;HLA-DRB1*14:54:01	1	1	2
g_group	test_B_gourraud	NA20516	EUR	DQB1	HLA-DQB1*05:03:01;HLA-DQB1*03:01:01	1	1	2
g_group	test_B_gourraud	NA20517	EUR	A	HLA-A*24:02:01;HLA-A*29:02:01	1	1	2
g_group	test_B_gourraud	NA20517	EUR	B	HLA-B*35:02:01;HLA-B*44:03:01	1	1	2
g_group	test_B_gourraud	NA20517	EUR	C	HLA-C*16:01:01;HLA-C*04:01:01	1	1	2
g_group	test_B_gourraud	NA20517	EUR	DRB1	HLA-DRB1*07:01:01;HLA-DRB1*11:04:01	1	1	2
g_group	test_B_gourraud	NA20517	EUR	DQB1	HLA-DQB1*03:03:02;HLA-DQB1*03:01:01	1	1	2
g_group	test_B_gourraud	NA20518	EUR	A	HLA-A*03:01:01;HLA-A*03:01:01	1	1	2
g_group	test_B_gourraud	NA20518	EUR	B	HLA-B*35:01:01,HLA-B*35:370,HLA-B*35:615;HLA-B*07:02:01	1	1	2
g_group	test_B_gourraud	NA20518	EUR	C	HLA-C*07:02:01;HLA-C*04:01:01	1	1	2
g_group	test_B_gourraud	NA20518	EUR	DRB1	HLA-DRB1*15:01:01;HLA-DRB1*07:01:01	1	1	2
g_group	test_B_gourraud	NA20518	EUR	DQB1	HLA-DQB1*02:02:01;HLA-DQB1*06:02:01	1	1	2
g_group	test_B_gourraud	NA20519	EUR	A	HLA-A*29:01:01;HLA-A*02:01:01	1	1	2
g_group	test_B_gourraud	NA20519	EUR	B	HLA-B*13:02:01;HLA-B*51:01:01,HLA-B*51:01:64	1	1	2
g_group	test_B_gourraud	NA20519	EUR	C	HLA-C*02:02:02;HLA-C*06:02:01	1	1	2
g_group	test_B_gourraud	NA20519	EUR	DRB1	HLA-DRB1*07:01:01;HLA-DRB1*11:01:01	1	1	2
g_group	test_B_gourraud	NA20519	EUR	DQB1	HLA-DQB1*02:02:01;HLA-DQB1*03:01:01	1	1	2
g_group	test_B_gourraud	NA20520	EUR	A	HLA-A*30:01:01;HLA-A*02:01:01	1	1	2
g_group	test_B_gourraud	NA20520	EUR	B	HLA-B*18:01:01;HLA-B*35:01:01	1	1	2
g_group	test_B_gourraud	NA20520	EUR	C	HLA-C*05:37;HLA-C*04:01:01	1	1	2
g_group	test_B_gourraud	NA20520	EUR	DRB1	HLA-DRB1*14:01:01;HLA-DRB1*03:01:01	1	1	2
g_group	test_B_gourraud	NA20520	EUR	DQB1	HLA-DQB1*05:03:01;HLA-DQB1*02:01:01	1	1	2
g_group	test_B_gourraud	NA20521	EUR	A	HLA-A*23:01:01;HLA-A*26:01:01	1	1	2
g_group	test_B_gourraud	NA20521	EUR	B	HLA-B*49:01:01;HLA-B*14:01:01	1	1	2
g_group	test_B_gourraud	NA20521	EUR	C	HLA-C*08:02:01;HLA-C*07:01:01	1	1	2
g_group	test_B_gourraud	NA20521	EUR	DRB1	HLA-DRB1*07:01:01;HLA-DRB1*11:01:01	1	1	2
g_group	test_B_gourraud	NA20521	EUR	DQB1	HLA-DQB1*02:02:01;HLA-DQB1*03:01:01	1	1	2
g_group	test_B_gourraud	NA20522	EUR	A	HLA-A*24:02:01;HLA-A*24:02:01	1	1	2
g_group	test_B_gourraud	NA20522	EUR	B	HLA-B*35:03:01;HLA-B*39:01:01	1	1	2
g_group	test_B_gourraud	NA20522	EUR	C	HLA-C*12:03:01;HLA-C*12:03:01	1	1	2
g_group	test_B_gourraud	NA20522	EUR	DRB1	HLA-DRB1*07:01:01;HLA-DRB1*04:04:01	1	1	2
g_group	test_B_gourraud	NA20522	EUR	DQB1	HLA-DQB1*02:02:01;HLA-DQB1*03:02:01	1	1	2
g_group	test_B_gourraud	NA20524	EUR	A	HLA-A*23:01:01;HLA-A*11:01:01	1	1	2
g_group	test_B_gourraud	NA20524	EUR	B	HLA-B*44:03:01;HLA-B*49:01:01	1	1	2
g_group	test_B_gourraud	NA20524	EUR	C	HLA-C*07:01:01;HLA-C*04:01:01	1	1	2
g_group	test_B_gourraud	NA20524	EUR	DRB1	HLA-DRB1*08:03:02;HLA-DRB1*07:01:01	1	1	2
g_group	test_B_gourraud	NA20524	EUR	DQB1	HLA-DQB1*02:02:01;HLA-DQB1*03:01:01	1	1	2
g_group	test_B_gourraud	NA20525	EUR	A	HLA-A*26:01:01;HLA-A*01:01:01	1	1	2
g_group	test_B_gourraud	NA20525	EUR	B	HLA-B*08:01:01;HLA-B*51:01:01	1	1	2
g_group	test_B_gourraud	NA20525	EUR	C	HLA-C*07:01:01;HLA-C*14:02:01	1	1	2
g_group	test_B_gourraud	NA20525	EUR	DRB1	HLA-DRB1*03:01:01;HLA-DRB1*14:54:01	1	1	2
g_group	test_B_gourraud	NA20525	EUR	DQB1	HLA-DQB1*05:03:01;HLA-DQB1*02:01:01	1	1	2
g_group	test_B_gourraud	NA20527	EUR	A	HLA-A*29:01:01;HLA-A*68:01:01	1	1	2
g_group	test_B_gourraud	NA20527	EUR	B	HLA-B*07:05:01;HLA-B*07:02:01	1	1	2
g_group	test_B_gourraud	NA20527	EUR	C	HLA-C*15:05:02;HLA-C*07:02:01	1	1	2
g_group	test_B_gourraud	NA20527	EUR	DRB1	HLA-DRB1*15:01:01;HLA-DRB1*03:01:01	1	1	2
g_group	test_B_gourraud	NA20527	EUR	DQB1	HLA-DQB1*02:01:01;HLA-DQB1*06:02:01	1	1	2
g_group	test_B_gourraud	NA20528	EUR	A	HLA-A*23:01:01;HLA-A*02:01:01	1	1	2
g_group	test_B_gourraud	NA20528	EUR	B	HLA-B*41:02:01;HLA-B*44:03:01	1	1	2
g_group	test_B_gourraud	NA20528	EUR	C	HLA-C*17:03:01;HLA-C*04:01:01	1	1	2
g_group	test_B_gourraud	NA20528	EUR	DRB1	HLA-DRB1*07:01:01;HLA-DRB1*11:04:01	1	1	2
g_group	test_B_gourraud	NA20528	EUR	DQB1	HLA-DQB1*02:02:01;HLA-DQB1*03:01:01	1	1	2
g_group	test_B_gourraud	NA20529	EUR	A	HLA-A*30:01:01;HLA-A*02:01:01	1	1	2
g_group	test_B_gourraud	NA20529	EUR	B	HLA-B*15:01:01;HLA-B*55:01:01,HLA-B*55:01:35	1	1	2
g_group	test_B_gourraud	NA20529	EUR	C	HLA-C*03:03:01;HLA-C*03:03:01	1	1	2
g_group	test_B_gourraud	NA20529	EUR	DRB1	HLA-DRB1*14:54:01;HLA-DRB1*14:54:01	1	1	2
g_group	test_B_gourraud	NA20529	EUR	DQB1	HLA-DQB1*05:03:01;HLA-DQB1*05:03:01	1	1	2
g_group	test_B_gourraud	NA20530	EUR	A	HLA-A*03:01:01;HLA-A*30:01:01	1	1	2
g_group	test_B_gourraud	NA20530	EUR	B	HLA-B*13:02:01;HLA-B*07:02:01	1	1	2
g_group	test_B_gourraud	NA20530	EUR	C	HLA-C*07:02:01;HLA-C*06:02:01	1	1	2
g_group	test_B_gourraud	NA20530	EUR	DRB1	HLA-DRB1*01:01:01;HLA-DRB1*03:01:01	1	1	2
g_group	test_B_gourraud	NA20530	EUR	DQB1	HLA-DQB1*02:01:01;HLA-DQB1*05:01:01	1	1	2
g_group	test_B_gourraud	NA20531	EUR	A	HLA-A*02:01:01;HLA-A*02:01:01	1	1	2
g_group	test_B_gourraud	NA20531	EUR	B	HLA-B*44:02:01;HLA-B*35:01:01,HLA-B*35:370,HLA-B*35:615	1	1	2
g_group	test_B_gourraud	NA20531	EUR	C	HLA-C*04:01:01;HLA-C*05:01:01	1	1	2
g_group	test_B_gourraud	NA20531	EUR	DRB1	HLA-DRB1*08:01:01;HLA-DRB1*03:01:01	1	1	2
g_group	test_B_gourraud	NA20531	EUR	DQB1	HLA-DQB1*02:01:01;HLA-DQB1*04:02:01	1	1	2
g_group	test_B_gourraud	NA20534	EUR	A	HLA-A*11:01:01;HLA-A*03:01:01	1	1	2
g_group	test_B_gourraud	NA20534	EUR	B	HLA-B*27:05:02;HLA-B*15:01:01	1	1	2
g_group	test_B_gourraud	NA20534	EUR	C	HLA-C*03:03:01;HLA-C*01:02:01	1	1	2
g_group	test_B_gourraud	NA20534	EUR	DRB1	HLA-DRB1*08:01:01;HLA-DRB1*13:01:01	1	1	2
g_group	test_B_gourraud	NA20534	EUR	DQB1	HLA-DQB1*04:02:01;HLA-DQB1*06:03:01	1	1	2
g_group	test_B_gourraud	NA20535	EUR	A	HLA-A*03:01:01;HLA-A*23:01:01	1	1	2
g_group	test_B_gourraud	NA20535	EUR	B	HLA-B*51:01:01;HLA-B*07:02:01	1	1	2
g_group	test_B_gourraud	NA20535	EUR	C	HLA-C*14:02:01;HLA-C*07:02:01	1	1	2
g_group	test_B_gourraud	NA20535	EUR	DRB1	HLA-DRB1*08:02:01;HLA-DRB1*14:54:01	1	1	2
g_group	test_B_gourraud	NA20535	EUR	DQB1	HLA-DQB1*05:03:01;HLA-DQB1*04:02:01	1	1	2
g_group	test_B_gourraud	NA20538	EUR	A	HLA-A*02:01:01;HLA-A*02:01:01	1	1	2
g_group	test_B_gourraud	NA20538	EUR	B	HLA-B*44:02:01;HLA-B*51:01:01	1	1	2
g_group	test_B_gourraud	NA20538	EUR	C	HLA-C*15:02:01;HLA-C*12:03:01	1	1	2
g_group	test_B_gourraud	NA20538	EUR	DRB1	HLA-DRB1*11:04:01;HLA-DRB1*13:01:01	1	1	2
g_group	test_B_gourraud	NA20538	EUR	DQB1	HLA-DQB1*06:03:01;HLA-DQB1*03:01:01	1	1	2
g_group	test_B_gourraud	NA20539	EUR	A	HLA-A*33:03:01;HLA-A*03:01:01	1	1	2
g_group	test_B_gourraud	NA20539	EUR	B	HLA-B*07:02:01;HLA-B*58:01:01	1	1	2
g_group	test_B_gourraud	NA20539	EUR	C	HLA-C*03:02:02;HLA-C*07:02:01	1	1	2
g_group	test_B_gourraud	NA20539	EUR	DRB1	HLA-DRB1*15:01:01;HLA-DRB1*13:02:01	1	1	2
g_group	test_B_gourraud	NA20539	EUR	DQB1	HLA-DQB1*06:09:01;HLA-DQB1*06:02:01	1	1	2
g_group	test_B_gourraud	NA20540	EUR	A	HLA-A*32:01:01;HLA-A*24:02:01	1	1	2
g_group	test_B_gourraud	NA20540	EUR	B	HLA-B*44:02:01;HLA-B*51:01:01	1	1	2
g_group	test_B_gourraud	NA20540	EUR	C	HLA-C*15:02:01;HLA-C*07:01:01	1	1	2
g_group	test_B_gourraud	NA20540	EUR	DRB1	HLA-DRB1*11:04:01;HLA-DRB1*04:01:01	1	1	2
g_group	test_B_gourraud	NA20540	EUR	DQB1	HLA-DQB1*03:02:01;HLA-DQB1*03:01:01	1	1	2
g_group	test_B_gourraud	NA20541	EUR	A	HLA-A*01:01:01;HLA-A*02:01:01	1	1	2
g_group	test_B_gourraud	NA20541	EUR	B	HLA-B*08:01:01;HLA-B*35:03:01	1	1	2
g_group	test_B_gourraud	NA20541	EUR	C	HLA-C*07:01:01;HLA-C*04:01:01	1	1	2
g_group	test_B_gourraud	NA20541	EUR	DRB1	HLA-DRB1*03:01:01;HLA-DRB1*15:01:01	1	1	2
g_group	test_B_gourraud	NA20541	EUR	DQB1	HLA-DQB1*06:02:01;HLA-DQB1*02:01:01	1	1	2
g_group	test_B_gourraud	NA20542	EUR	A	HLA-A*33:01:01;HLA-A*03:01:01	1	1	2
g_group	test_B_gourraud	NA20542	EUR	B	HLA-B*14:02:01;HLA-B*07:02:01	1	1	2
g_group	test_B_gourraud	NA20542	EUR	C	HLA-C*07:02:01;HLA-C*08:02:01	1	1	2
g_group	test_B_gourraud	NA20542	EUR	DRB1	HLA-DRB1*01:02:01;HLA-DRB1*14:54:01	1	1	2
g_group	test_B_gourraud	NA20542	EUR	DQB1	HLA-DQB1*05:01:01;HLA-DQB1*05:03:01	1	1	2
g_group	test_B_gourraud	NA20543	EUR	A	HLA-A*32:01:01;HLA-A*01:01:01	1	1	2
g_group	test_B_gourraud	NA20543	EUR	B	HLA-B*08:01:01;HLA-B*53:01:01	1	1	2
g_group	test_B_gourraud	NA20543	EUR	C	HLA-C*07:01:01;HLA-C*04:01:01	1	1	2
g_group	test_B_gourraud	NA20543	EUR	DRB1	HLA-DRB1*13:02:01;HLA-DRB1*03:01:01	1	1	2
g_group	test_B_gourraud	NA20543	EUR	DQB1	HLA-DQB1*06:09:01;HLA-DQB1*02:01:01	1	1	2
g_group	test_B_gourraud	NA20544	EUR	A	HLA-A*33:01:01;HLA-A*02:01:01	1	1	2
g_group	test_B_gourraud	NA20544	EUR	B	HLA-B*14:02:01;HLA-B*44:02:01	1	1	2
g_group	test_B_gourraud	NA20544	EUR	C	HLA-C*08:02:01;HLA-C*05:01:01	1	1	2
g_group	test_B_gourraud	NA20544	EUR	DRB1	HLA-DRB1*01:01:01;HLA-DRB1*11:01:01	1	1	2
g_group	test_B_gourraud	NA20544	EUR	DQB1	HLA-DQB1*05:01:01;HLA-DQB1*03:01:01	1	1	2
g_group	test_B_gourraud	NA20581	EUR	A	HLA-A*02:01:01;HLA-A*24:02:01	1	1	2
g_group	test_B_gourraud	NA20581	EUR	B	HLA-B*57:01:01;HLA-B*51:01:01	1	1	2
g_group	test_B_gourraud	NA20581	EUR	C	HLA-C*14:02:01;HLA-C*06:02:01	1	1	2
g_group	test_B_gourraud	NA20581	EUR	DRB1	HLA-DRB1*07:01:01;HLA-DRB1*11:01:01	1	1	2
g_group	test_B_gourraud	NA20581	EUR	DQB1	HLA-DQB1*03:03:02;HLA-DQB1*03:01:01	1	1	2
g_group	test_B_gourraud	NA20582	EUR	A	HLA-A*11:01:01;HLA-A*24:02:01	1	1	2
g_group	test_B_gourraud	NA20582	EUR	B	HLA-B*38:01:01;HLA-B*55:01:01,HLA-B*55:01:35	1	1	2
g_group	test_B_gourraud	NA20582	EUR	C	HLA-C*03:03:01;HLA-C*12:03:01	1	1	2
g_group	test_B_gourraud	NA20582	EUR	DRB1	HLA-DRB1*10:01:01;HLA-DRB1*13:01:01	1	1	2
g_group	test_B_gourraud	NA20582	EUR	DQB1	HLA-DQB1*06:03:01;HLA-DQB1*06:03:01	1	1	2
g_group	test_B_gourraud	NA20585	EUR	A	HLA-A*03:01:01;HLA-A*24:02:01	1	1	2
g_group	test_B_gourraud	NA20585	EUR	B	HLA-B*07:02:01;HLA-B*07:02:01	1	1	2
g_group	test_B_gourraud	NA20585	EUR	C	HLA-C*07:02:01;HLA-C*07:02:01	1	1	2
g_group	test_B_gourraud	NA20585	EUR	DRB1	HLA-DRB1*13:01:01;HLA-DRB1*15:01:01	1	1	2
g_group	test_B_gourraud	NA20585	EUR	DQB1	HLA-DQB1*06:02:01;HLA-DQB1*06:03:01	1	1	2
g_group	test_B_gourraud	NA20586	EUR	A	HLA-A*11:01:01;HLA-A*25:01:01	1	1	2
g_group	test_B_gourraud	NA20586	EUR	B	HLA-B*18:01:01,HLA-B*18:01:26;HLA-B*08:01:01	1	1	2
g_group	test_B_gourraud	NA20586	EUR	C	HLA-C*07:01:01;HLA-C*12:03:01	1	1	2
g_group	test_B_gourraud	NA20586	EUR	DRB1	HLA-DRB1*03:01:01;HLA-DRB1*13:01:01	1	1	2
g_group	test_B_gourraud	NA20586	EUR	DQB1	HLA-DQB1*02:01:01;HLA-DQB1*06:03:01	1	1	2
g_group	test_B_gourraud	NA20588	EUR	A	HLA-A*01:01:01;HLA-A*02:01:01	1	1	2
g_group	test_B_gourraud	NA20588	EUR	B	HLA-B*08:01:01;HLA-B*51:01:01,HLA-B*51:01:64	1	1	2
g_group	test_B_gourraud	NA20588	EUR	C	HLA-C*02:02:02;HLA-C*07:01:01	1	1	2
g_group	test_B_gourraud	NA20588	EUR	DRB1	HLA-DRB1*03:01:01;HLA-DRB1*11:01:01	1	1	2
g_group	test_B_gourraud	NA20588	EUR	DQB1	HLA-DQB1*02:01:01;HLA-DQB1*03:01:01	1	1	2
g_group	test_B_gourraud	NA20589	EUR	A	HLA-A*01:01:01;HLA-A*02:01:01	1	1	2
g_group	test_B_gourraud	NA20589	EUR	B	HLA-B*18:01:01;HLA-B*35:03:01	1	1	2
g_group	test_B_gourraud	NA20589	EUR	C	HLA-C*05:01:01;HLA-C*04:01:01	1	1	2
g_group	test_B_gourraud	NA20589	EUR	DRB1	HLA-DRB1*01:02:01;HLA-DRB1*03:01:01	1	1	2
g_group	test_B_gourraud	NA20589	EUR	DQB1	HLA-DQB1*05:01:01;HLA-DQB1*02:01:01	1	1	2
g_group	test_B_gourraud	NA20753	EUR	A	HLA-A*32:01:01;HLA-A*30:01:01	1	1	2
g_group	test_B_gourraud	NA20753	EUR	B	HLA-B*13:02:01;HLA-B*35:02:01	1	1	2
g_group	test_B_gourraud	NA20753	EUR	C	HLA-C*04:01:01;HLA-C*06:02:01	1	1	2
g_group	test_B_gourraud	NA20753	EUR	DRB1	HLA-DRB1*07:01:01;HLA-DRB1*11:04:01	1	1	2
g_group	test_B_gourraud	NA20753	EUR	DQB1	HLA-DQB1*02:02:01;HLA-DQB1*03:01:01	1	1	2
g_group	test_B_gourraud	NA20754	EUR	A	HLA-A*33:03:01;HLA-A*11:01:01	1	1	2
g_group	test_B_gourraud	NA20754	EUR	B	HLA-B*35:01:01;HLA-B*58:01:01,HLA-B*58:120	1	1	2
g_group	test_B_gourraud	NA20754	EUR	C	HLA-C*03:02:02;HLA-C*04:01:01	1	1	2
g_group	test_B_gourraud	NA20754	EUR	DRB1	HLA-DRB1*13:02:01;HLA-DRB1*11:01:01	1	1	2
g_group	test_B_gourraud	NA20754	EUR	DQB1	HLA-DQB1*06:09:01;HLA-DQB1*03:01:01	1	1	2
g_group	test_B_gourraud	NA20755	EUR	A	HLA-A*66:01:01;HLA-A*24:02:01	1	1	2
g_group	test_B_gourraud	NA20755	EUR	B	HLA-B*44:03:01;HLA-B*41:02:01	1	1	2
g_group	test_B_gourraud	NA20755	EUR	C	HLA-C*17:03:01;HLA-C*04:01:01	1	1	2
g_group	test_B_gourraud	NA20755	EUR	DRB1	HLA-DRB1*03:01:01;HLA-DRB1*11:04:01	1	1	2
g_group	test_B_gourraud	NA20755	EUR	DQB1	HLA-DQB1*02:01:01;HLA-DQB1*03:01:01	1	1	2
g_group	test_B_gourraud	NA20756	EUR	A	HLA-A*23:01:01;HLA-A*02:01:01	1	1	2
g_group	test_B_gourraud	NA20756	EUR	B	HLA-B*49:01:01;HLA-B*51:01:01,HLA-B*51:01:64	1	1	2
g_group	test_B_gourraud	NA20756	EUR	C	HLA-C*07:01:01;HLA-C*14:02:01	1	1	2
g_group	test_B_gourraud	NA20756	EUR	DRB1	HLA-DRB1*08:01:01;HLA-DRB1*01:01:01	1	1	2
g_group	test_B_gourraud	NA20756	EUR	DQB1	HLA-DQB1*04:02:01;HLA-DQB1*05:04:01	1	1	2
g_group	test_B_gourraud	NA20757	EUR	A	HLA-A*30:02:01;HLA-A*02:01:01	1	1	2
g_group	test_B_gourraud	NA20757	EUR	B	HLA-B*18:01:01;HLA-B*38:01:01	1	1	2
g_group	test_B_gourraud	NA20757	EUR	C	HLA-C*05:01:01;HLA-C*12:03:01	1	1	2
g_group	test_B_gourraud	NA20757	EUR	DRB1	HLA-DRB1*07:01:01;HLA-DRB1*04:01:01	1	1	2
g_group	test_B_gourraud	NA20757	EUR	DQB1	HLA-DQB1*03:02:01;HLA-DQB1*02:02:01	1	1	2
g_group	test_B_gourraud	NA20758	EUR	A	HLA-A*24:02:01;HLA-A*01:01:01	1	1	2
g_group	test_B_gourraud	NA20758	EUR	B	HLA-B*08:01:01;HLA-B*55:01:01	1	1	2
g_group	test_B_gourraud	NA20758	EUR	C	HLA-C*07:01:01;HLA-C*01:02:01	1	1	2
g_group	test_B_gourraud	NA20758	EUR	DRB1	HLA-DRB1*03:01:01;HLA-DRB1*13:01:01	1	1	2
g_group	test_B_gourraud	NA20758	EUR	DQB1	HLA-DQB1*06:03:01;HLA-DQB1*02:01:01	1	1	2
g_group	test_B_gourraud	NA20759	EUR	A	HLA-A*03:01:01;HLA-A*02:01:01	1	1	2
g_group	test_B_gourraud	NA20759	EUR	B	HLA-B*44:03:01;HLA-B*18:01:01	1	1	2
g_group	test_B_gourraud	NA20759	EUR	C	HLA-C*07:01:01;HLA-C*16:01:01	1	1	2
g_group	test_B_gourraud	NA20759	EUR	DRB1	HLA-DRB1*16:01:01;HLA-DRB1*12:01:01	1	1	2
g_group	test_B_gourraud	NA20759	EUR	DQB1	HLA-DQB1*05:02:01;HLA-DQB1*03:01:01	1	1	2
g_group	test_B_gourraud	NA20760	EUR	A	HLA-A*24:02:01;HLA-A*01:01:01	1	1	2
g_group	test_B_gourraud	NA20760	EUR	B	HLA-B*57:01:01;HLA-B*15:01:01	1	1	2
g_group	test_B_gourraud	NA20760	EUR	C	HLA-C*03:03:01;HLA-C*06:02:01	1	1	2
g_group	test_B_gourraud	NA20760	EUR	DRB1	HLA-DRB1*07:01:01;HLA-DRB1*04:04:01	1	1	2
g_group	test_B_gourraud	NA20760	EUR	DQB1	HLA-DQB1*03:02:01;HLA-DQB1*03:03:02	1	1	2
g_group	test_B_gourraud	NA20761	EUR	A	HLA-A*03:01:01;HLA-A*32:01:01	1	1	2
g_group	test_B_gourraud	NA20761	EUR	B	HLA-B*15:17:01;HLA-B*51:01:01	1	1	2
g_group	test_B_gourraud	NA20761	EUR	C	HLA-C*02:02:02;HLA-C*07:01:02	1	1	2
g_group	test_B_gourraud	NA20761	EUR	DRB1	HLA-DRB1*01:01:01;HLA-DRB1*13:02:01	1	1	2
g_group	test_B_gourraud	NA20761	EUR	DQB1	HLA-DQB1*06:04:01;HLA-DQB1*05:01:01	1	1	2
g_group	test_B_gourraud	NA20765	EUR	A	HLA-A*11:01:01;HLA-A*24:02:01	1	1	2
g_group	test_B_gourraud	NA20765	EUR	B	HLA-B*55:01:01;HLA-B*58:01:01	1	1	2
g_group	test_B_gourraud	NA20765	EUR	C	HLA-C*03:04:01;HLA-C*07:18:01	1	1	2
g_group	test_B_gourraud	NA20765	EUR	DRB1	HLA-DRB1*04:02:01;HLA-DRB1*08:04:01	1	1	2
g_group	test_B_gourraud	NA20765	EUR	DQB1	HLA-DQB1*04:02:01;HLA-DQB1*03:02:01	1	1	2
g_group	test_B_gourraud	NA20766	EUR	A	HLA-A*24:02:01;HLA-A*01:01:01	1	1	2
g_group	test_B_gourraud	NA20766	EUR	B	HLA-B*35:02:01;HLA-B*51:01:01	1	1	2
g_group	test_B_gourraud	NA20766	EUR	C	HLA-C*04:01:01;HLA-C*15:02:01	1	1	2
g_group	test_B_gourraud	NA20766	EUR	DRB1	HLA-DRB1*13:02:01;HLA-DRB1*11:04:01	1	1	2
g_group	test_B_gourraud	NA20766	EUR	DQB1	HLA-DQB1*06:04:01;HLA-DQB1*03:01:01	1	1	2
g_group	test_B_gourraud	NA20768	EUR	A	HLA-A*01:01:01;HLA-A*02:01:01	1	1	2
g_group	test_B_gourraud	NA20768	EUR	B	HLA-B*44:03:01;HLA-B*18:01:01,HLA-B*18:01:26	1	1	2
g_group	test_B_gourraud	NA20768	EUR	C	HLA-C*07:01:01;HLA-C*04:01:01	1	1	2
g_group	test_B_gourraud	NA20768	EUR	DRB1	HLA-DRB1*07:01:01;HLA-DRB1*11:04:01	1	1	2
g_group	test_B_gourraud	NA20768	EUR	DQB1	HLA-DQB1*02:02:01;HLA-DQB1*03:01:01	1	1	2
g_group	test_B_gourraud	NA20769	EUR	A	HLA-A*03:01:01;HLA-A*02:01:01	1	1	2
g_group	test_B_gourraud	NA20769	EUR	B	HLA-B*15:01:01;HLA-B*58:01:01	1	1	2
g_group	test_B_gourraud	NA20769	EUR	C	HLA-C*07:18:01;HLA-C*03:03:01	1	1	2
g_group	test_B_gourraud	NA20769	EUR	DRB1	HLA-DRB1*13:01:01;HLA-DRB1*08:04:01	1	1	2
g_group	test_B_gourraud	NA20769	EUR	DQB1	HLA-DQB1*04:02:01;HLA-DQB1*06:03:01	1	1	2
g_group	test_B_gourraud	NA20770	EUR	A	HLA-A*02:01:01;HLA-A*02:01:01	1	1	2
g_group	test_B_gourraud	NA20770	EUR	B	HLA-B*50:01:01;HLA-B*51:01:01	1	1	2
g_group	test_B_gourraud	NA20770	EUR	C	HLA-C*06:02:01;HLA-C*15:02:01	1	1	2
g_group	test_B_gourraud	NA20770	EUR	DRB1	HLA-DRB1*07:01:01;HLA-DRB1*12:01:01	1	1	2
g_group	test_B_gourraud	NA20770	EUR	DQB1	HLA-DQB1*02:02:01;HLA-DQB1*03:01:01	1	1	2
g_group	test_B_gourraud	NA20771	EUR	A	HLA-A*30:01:01;HLA-A*01:01:01	1	1	2
g_group	test_B_gourraud	NA20771	EUR	B	HLA-B*13:02:01;HLA-B*57:01:01	1	1	2
g_group	test_B_gourraud	NA20771	EUR	C	HLA-C*06:02:01;HLA-C*06:02:01	1	1	2
g_group	test_B_gourraud	NA20771	EUR	DRB1	HLA-DRB1*12:01:01;HLA-DRB1*15:01:01	1	1	2
g_group	test_B_gourraud	NA20771	EUR	DQB1	HLA-DQB1*06:02:01;HLA-DQB1*03:01:01	1	1	2
g_group	test_B_gourraud	NA20772	EUR	A	HLA-A*31:01:02;HLA-A*33:03:01	1	1	2
g_group	test_B_gourraud	NA20772	EUR	B	HLA-B*51:01:01,HLA-B*51:01:64;HLA-B*40:01:02	1	1	2
g_group	test_B_gourraud	NA20772	EUR	C	HLA-C*03:04:01;HLA-C*04:01:01	1	1	2
g_group	test_B_gourraud	NA20772	EUR	DRB1	HLA-DRB1*04:04:01;HLA-DRB1*04:07:01	1	1	2
g_group	test_B_gourraud	NA20772	EUR	DQB1	HLA-DQB1*03:02:01;HLA-DQB1*03:01:01	1	1	2
g_group	test_B_gourraud	NA20773	EUR	A	HLA-A*26:01:01;HLA-A*02:01:01	1	1	2
g_group	test_B_gourraud	NA20773	EUR	B	HLA-B*49:01:01;HLA-B*49:01:01	1	1	2
g_group	test_B_gourraud	NA20773	EUR	C	HLA-C*07:01:01;HLA-C*07:01:01	1	1	2
g_group	test_B_gourraud	NA20773	EUR	DRB1	HLA-DRB1*03:01:01;HLA-DRB1*08:01:01	1	1	2
g_group	test_B_gourraud	NA20773	EUR	DQB1	HLA-DQB1*02:01:01;HLA-DQB1*04:02:01	1	1	2
g_group	test_B_gourraud	NA20774	EUR	A	HLA-A*23:01:01;HLA-A*02:01:01	1	1	2
g_group	test_B_gourraud	NA20774	EUR	B	HLA-B*51:01:01,HLA-B*51:01:64;HLA-B*50:01:01	1	1	2
g_group	test_B_gourraud	NA20774	EUR	C	HLA-C*04:01:01;HLA-C*05:01:01	1	1	2
g_group	test_B_gourraud	NA20774	EUR	DRB1	HLA-DRB1*16:01:01;HLA-DRB1*13:03:01	1	1	2
g_group	test_B_gourraud	NA20774	EUR	DQB1	HLA-DQB1*05:02:01;HLA-DQB1*03:01:01	1	1	2
g_group	test_B_gourraud	NA20775	EUR	A	HLA-A*26:01:01;HLA-A*02:01:01	1	1	2
g_group	test_B_gourraud	NA20775	EUR	B	HLA-B*50:01:01;HLA-B*35:01:01	1	1	2
g_group	test_B_gourraud	NA20775	EUR	C	HLA-C*06:02:01;HLA-C*04:01:01	1	1	2
g_group	test_B_gourraud	NA20775	EUR	DRB1	HLA-DRB1*01:01:01;HLA-DRB1*07:01:01	1	1	2
g_group	test_B_gourraud	NA20775	EUR	DQB1	HLA-DQB1*05:01:01;HLA-DQB1*02:02:01	1	1	2
g_group	test_B_gourraud	NA20778	EUR	A	HLA-A*03:02:01;HLA-A*03:01:01	1	1	2
g_group	test_B_gourraud	NA20778	EUR	B	HLA-B*35:03:01;HLA-B*07:02:01	1	1	2
g_group	test_B_gourraud	NA20778	EUR	C	HLA-C*07:02:01;HLA-C*12:03:01	1	1	2
g_group	test_B_gourraud	NA20778	EUR	DRB1	HLA-DRB1*15:01:01;HLA-DRB1*14:54:01	1	1	2
g_group	test_B_gourraud	NA20778	EUR	DQB1	HLA-DQB1*05:03:01;HLA-DQB1*06:02:01	1	1	2
g_group	test_B_gourraud	NA20783	EUR	A	HLA-A*30:01:01;HLA-A*01:01:01	1	1	2
g_group	test_B_gourraud	NA20783	EUR	B	HLA-B*13:02:01;HLA-B*15:17:01	1	1	2
g_group	test_B_gourraud	NA20783	EUR	C	HLA-C*07:01:02;HLA-C*06:02:01	1	1	2
g_group	test_B_gourraud	NA20783	EUR	DRB1	HLA-DRB1*03:01:01;HLA-DRB1*04:06:02	1	1	2
g_group	test_B_gourraud	NA20783	EUR	DQB1	HLA-DQB1*04:02:01;HLA-DQB1*02:01:01	1	1	2
g_group	test_B_gourraud	NA20785	EUR	A	HLA-A*01:01:01;HLA-A*02:01:01	1	1	2
g_group	test_B_gourraud	NA20785	EUR	B	HLA-B*52:01:01;HLA-B*18:01:01	1	1	2
g_group	test_B_gourraud	NA20785	EUR	C	HLA-C*07:01:01;HLA-C*12:02:02	1	1	2
g_group	test_B_gourraud	NA20785	EUR	DRB1	HLA-DRB1*11:01:01;HLA-DRB1*15:02:01	1	1	2
g_group	test_B_gourraud	NA20785	EUR	DQB1	HLA-DQB1*06:01:01;HLA-DQB1*03:01:01	1	1	2
g_group	test_B_gourraud	NA20786	EUR	A	HLA-A*03:01:01;HLA-A*26:08:01	1	1	2
g_group	test_B_gourraud	NA20786	EUR	B	HLA-B*51:01:01;HLA-B*51:01:01	1	1	2
g_group	test_B_gourraud	NA20786	EUR	C	HLA-C*15:02:01;HLA-C*15:02:01	1	1	2
g_group	test_B_gourraud	NA20786	EUR	DRB1	HLA-DRB1*08:02:01;HLA-DRB1*11:01:01	1	1	2
g_group	test_B_gourraud	NA20786	EUR	DQB1	HLA-DQB1*04:02:01;HLA-DQB1*03:01:01	1	1	2
g_group	test_B_gourraud	NA20787	EUR	A	HLA-A*01:01:01;HLA-A*26:01:01	1	1	2
g_group	test_B_gourraud	NA20787	EUR	B	HLA-B*38:01:01;HLA-B*39:06:02	1	1	2
g_group	test_B_gourraud	NA20787	EUR	C	HLA-C*12:03:01;HLA-C*12:03:01	1	1	2
g_group	test_B_gourraud	NA20787	EUR	DRB1	HLA-DRB1*07:01:01;HLA-DRB1*16:02:01	1	1	2
g_group	test_B_gourraud	NA20787	EUR	DQB1	HLA-DQB1*05:02:01;HLA-DQB1*02:02:01	1	1	2
g_group	test_B_gourraud	NA20790	EUR	A	HLA-A*03:01:01;HLA-A*01:01:01	1	1	2
g_group	test_B_gourraud	NA20790	EUR	B	HLA-B*37:01:01;HLA-B*07:02:01	1	1	2
g_group	test_B_gourraud	NA20790	EUR	C	HLA-C*07:02:01;HLA-C*06:02:01	1	1	2
g_group	test_B_gourraud	NA20790	EUR	DRB1	HLA-DRB1*07:01:01;HLA-DRB1*08:01:01	1	1	2
g_group	test_B_gourraud	NA20790	EUR	DQB1	HLA-DQB1*02:02:01;HLA-DQB1*04:02:01	1	1	2
g_group	test_B_gourraud	NA20792	EUR	A	HLA-A*03:02:01;HLA-A*24:02:01	1	1	2
g_group	test_B_gourraud	NA20792	EUR	B	HLA-B*35:01:01,HLA-B*35:370,HLA-B*35:615;HLA-B*15:09:01	1	1	2
g_group	test_B_gourraud	NA20792	EUR	C	HLA-C*07:04:01;HLA-C*04:01:01,HLA-C*04:275:01	1	1	2
g_group	test_B_gourraud	NA20792	EUR	DRB1	HLA-DRB1*13:02:01;HLA-DRB1*11:01:01	1	1	2
g_group	test_B_gourraud	NA20792	EUR	DQB1	HLA-DQB1*06:04:01;HLA-DQB1*03:01:01	1	1	2
g_group	test_B_gourraud	NA20795	EUR	A	HLA-A*03:01:01;HLA-A*24:02:01	1	1	2
g_group	test_B_gourraud	NA20795	EUR	B	HLA-B*39:06:02;HLA-B*18:01:01	1	1	2
g_group	test_B_gourraud	NA20795	EUR	C	HLA-C*12:03:01;HLA-C*12:03:01	1	1	2
g_group	test_B_gourraud	NA20795	EUR	DRB1	HLA-DRB1*10:01:01;HLA-DRB1*11:03:01	1	1	2
g_group	test_B_gourraud	NA20795	EUR	DQB1	HLA-DQB1*05:01:01;HLA-DQB1*03:01:01	1	1	2
g_group	test_B_gourraud	NA20796	EUR	A	HLA-A*02:01:01;HLA-A*02:01:01	1	1	2
g_group	test_B_gourraud	NA20796	EUR	B	HLA-B*07:02:01,HLA-B*07:312;HLA-B*51:01:01	1	1	2
g_group	test_B_gourraud	NA20796	EUR	C	HLA-C*07:02:01;HLA-C*14:02:01	1	1	2
g_group	test_B_gourraud	NA20796	EUR	DRB1	HLA-DRB1*11:01:01;HLA-DRB1*15:01:01	1	1	2
g_group	test_B_gourraud	NA20796	EUR	DQB1	HLA-DQB1*06:02:01;HLA-DQB1*03:01:01	1	1	2
g_group	test_B_gourraud	NA20797	EUR	A	HLA-A*03:01:01;HLA-A*32:01:01	1	1	2
g_group	test_B_gourraud	NA20797	EUR	B	HLA-B*14:02:01;HLA-B*07:05:01	1	1	2
g_group	test_B_gourraud	NA20797	EUR	C	HLA-C*15:05:02;HLA-C*08:02:01	1	1	2
g_group	test_B_gourraud	NA20797	EUR	DRB1	HLA-DRB1*01:02:01;HLA-DRB1*11:01:01	1	1	2
g_group	test_B_gourraud	NA20797	EUR	DQB1	HLA-DQB1*05:01:01;HLA-DQB1*03:01:01	1	1	2
g_group	test_B_gourraud	NA20798	EUR	A	HLA-A*01:01:01;HLA-A*24:02:01	1	1	2
g_group	test_B_gourraud	NA20798	EUR	B	HLA-B*08:01:01;HLA-B*07:02:01	1	1	2
g_group	test_B_gourraud	NA20798	EUR	C	HLA-C*07:01:01;HLA-C*07:02:01	1	1	2
g_group	test_B_gourraud	NA20798	EUR	DRB1	HLA-DRB1*15:01:01;HLA-DRB1*04:01:01	1	1	2
g_group	test_B_gourraud	NA20798	EUR	DQB1	HLA-DQB1*03:02:01;HLA-DQB1*06:02:01	1	1	2
g_group	test_B_gourraud	NA20800	EUR	A	HLA-A*26:01:01;HLA-A*01:01:01	1	1	2
g_group	test_B_gourraud	NA20800	EUR	B	HLA-B*37:01:01;HLA-B*44:03:01	1	1	2
g_group	test_B_gourraud	NA20800	EUR	C	HLA-C*16:01:01;HLA-C*06:02:01	1	1	2
g_group	test_B_gourraud	NA20800	EUR	DRB1	HLA-DRB1*10:01:01;HLA-DRB1*03:01:01	1	1	2
g_group	test_B_gourraud	NA20800	EUR	DQB1	HLA-DQB1*05:01:01;HLA-DQB1*02:01:01	1	1	2
g_group	test_B_gourraud	NA20801	EUR	A	HLA-A*02:01:01;HLA-A*02:01:01	1	1	2
g_group	test_B_gourraud	NA20801	EUR	B	HLA-B*18:01:01;HLA-B*44:02:01	1	1	2
g_group	test_B_gourraud	NA20801	EUR	C	HLA-C*05:01:01;HLA-C*07:01:01	1	1	2
g_group	test_B_gourraud	NA20801	EUR	DRB1	HLA-DRB1*01:01:01;HLA-DRB1*07:01:01	1	1	2
g_group	test_B_gourraud	NA20801	EUR	DQB1	HLA-DQB1*02:02:01;HLA-DQB1*05:01:01	1	1	2
g_group	test_B_gourraud	NA20802	EUR	A	HLA-A*02:01:01;HLA-A*01:01:01	1	1	2
g_group	test_B_gourraud	NA20802	EUR	B	HLA-B*40:01:02;HLA-B*08:01:01	1	1	2
g_group	test_B_gourraud	NA20802	EUR	C	HLA-C*07:01:01;HLA-C*03:04:01	1	1	2
g_group	test_B_gourraud	NA20802	EUR	DRB1	HLA-DRB1*07:01:01;HLA-DRB1*03:01:01	1	1	2
g_group	test_B_gourraud	NA20802	EUR	DQB1	HLA-DQB1*02:163N;HLA-DQB1*02:02:01	1	1	2
g_group	test_B_gourraud	NA20803	EUR	A	HLA-A*03:01:01;HLA-A*32:01:01	1	1	2
g_group	test_B_gourraud	NA20803	EUR	B	HLA-B*44:03:01;HLA-B*53:01:01	1	1	2
g_group	test_B_gourraud	NA20803	EUR	C	HLA-C*16:01:01;HLA-C*12:03:01	1	1	2
g_group	test_B_gourraud	NA20803	EUR	DRB1	HLA-DRB1*07:01:01;HLA-DRB1*13:02:01	1	1	2
g_group	test_B_gourraud	NA20803	EUR	DQB1	HLA-DQB1*06:04:01;HLA-DQB1*02:02:01	1	1	2
g_group	test_B_gourraud	NA20804	EUR	A	HLA-A*02:01:01;HLA-A*02:01:01	1	1	2
g_group	test_B_gourraud	NA20804	EUR	B	HLA-B*35:02:01;HLA-B*51:01:01	1	1	2
g_group	test_B_gourraud	NA20804	EUR	C	HLA-C*15:02:01,HLA-C*15:176;HLA-C*06:02:01	1	1	2
g_group	test_B_gourraud	NA20804	EUR	DRB1	HLA-DRB1*07:01:01;HLA-DRB1*11:04:01	1	1	2
g_group	test_B_gourraud	NA20804	EUR	DQB1	HLA-DQB1*03:03:02;HLA-DQB1*03:01:01	1	1	2
g_group	test_B_gourraud	NA20807	EUR	A	HLA-A*26:01:01;HLA-A*03:01:01	1	1	2
g_group	test_B_gourraud	NA20807	EUR	B	HLA-B*07:02:01;HLA-B*08:01:01	1	1	2
g_group	test_B_gourraud	NA20807	EUR	C	HLA-C*07:02:01;HLA-C*07:02:01	1	1	2
g_group	test_B_gourraud	NA20807	EUR	DRB1	HLA-DRB1*03:01:01;HLA-DRB1*15:01:01	1	1	2
g_group	test_B_gourraud	NA20807	EUR	DQB1	HLA-DQB1*06:02:01;HLA-DQB1*02:01:01	1	1	2
g_group	test_B_gourraud	NA20808	EUR	A	HLA-A*31:01:02;HLA-A*02:01:01	1	1	2
g_group	test_B_gourraud	NA20808	EUR	B	HLA-B*07:05:01;HLA-B*51:01:01,HLA-B*51:01:64	1	1	2
g_group	test_B_gourraud	NA20808	EUR	C	HLA-C*14:02:01;HLA-C*15:05:02	1	1	2
g_group	test_B_gourraud	NA20808	EUR	DRB1	HLA-DRB1*15:01:01;HLA-DRB1*15:02:01	1	1	2
g_group	test_B_gourraud	NA20808	EUR	DQB1	HLA-DQB1*05:02:01;HLA-DQB1*06:01:01	1	1	2
g_group	test_B_gourraud	NA20810	EUR	A	HLA-A*32:01:01;HLA-A*02:01:01	1	1	2
g_group	test_B_gourraud	NA20810	EUR	B	HLA-B*39:06:02;HLA-B*35:03:01	1	1	2
g_group	test_B_gourraud	NA20810	EUR	C	HLA-C*04:01:01;HLA-C*12:03:01	1	1	2
g_group	test_B_gourraud	NA20810	EUR	DRB1	HLA-DRB1*16:01:01;HLA-DRB1*13:02:01	1	1	2
g_group	test_B_gourraud	NA20810	EUR	DQB1	HLA-DQB1*06:04:01;HLA-DQB1*05:02:01	1	1	2
g_group	test_B_gourraud	NA20811	EUR	A	HLA-A*69:01:01;HLA-A*02:01:01	1	1	2
g_group	test_B_gourraud	NA20811	EUR	B	HLA-B*57:01:01;HLA-B*35:08:01	1	1	2
g_group	test_B_gourraud	NA20811	EUR	C	HLA-C*07:01:01;HLA-C*12:03:01	1	1	2
g_group	test_B_gourraud	NA20811	EUR	DRB1	HLA-DRB1*07:01:01;HLA-DRB1*11:04:01	1	1	2
g_group	test_B_gourraud	NA20811	EUR	DQB1	HLA-DQB1*03:03:02;HLA-DQB1*03:01:01	1	1	2
g_group	test_B_gourraud	NA20812	EUR	A	HLA-A*01:01:01;HLA-A*02:01:01	1	1	2
g_group	test_B_gourraud	NA20812	EUR	B	HLA-B*18:01:01;HLA-B*41:01:01	1	1	2
g_group	test_B_gourraud	NA20812	EUR	C	HLA-C*17:01:01;HLA-C*12:03:01	1	1	2
g_group	test_B_gourraud	NA20812	EUR	DRB1	HLA-DRB1*07:01:01;HLA-DRB1*15:01:01	1	1	2
g_group	test_B_gourraud	NA20812	EUR	DQB1	HLA-DQB1*03:03:02;HLA-DQB1*05:02:01	1	1	2
g_group	test_B_gourraud	NA20813	EUR	A	HLA-A*32:01:01;HLA-A*24:02:01	1	1	2
g_group	test_B_gourraud	NA20813	EUR	B	HLA-B*44:02:01;HLA-B*07:02:01	1	1	2
g_group	test_B_gourraud	NA20813	EUR	C	HLA-C*05:01:01;HLA-C*12:03:01	1	1	2
g_group	test_B_gourraud	NA20813	EUR	DRB1	HLA-DRB1*04:01:01;HLA-DRB1*15:01:01	1	1	2
g_group	test_B_gourraud	NA20813	EUR	DQB1	HLA-DQB1*05:02:01;HLA-DQB1*03:01:01	1	1	2
g_group	test_B_gourraud	NA20815	EUR	A	HLA-A*03:01:01;HLA-A*31:01:02	1	1	2
g_group	test_B_gourraud	NA20815	EUR	B	HLA-B*44:02:01;HLA-B*35:01:01	1	1	2
g_group	test_B_gourraud	NA20815	EUR	C	HLA-C*05:01:01;HLA-C*04:01:01	1	1	2
g_group	test_B_gourraud	NA20815	EUR	DRB1	HLA-DRB1*01:01:01;HLA-DRB1*16:01:01	1	1	2
g_group	test_B_gourraud	NA20815	EUR	DQB1	HLA-DQB1*05:02:01;HLA-DQB1*05:01:01	1	1	2
g_group	test_B_gourraud	NA20818	EUR	A	HLA-A*11:01:01;HLA-A*01:01:01	1	1	2
g_group	test_B_gourraud	NA20818	EUR	B	HLA-B*35:02:01;HLA-B*35:01:01	1	1	2
g_group	test_B_gourraud	NA20818	EUR	C	HLA-C*04:01:01;HLA-C*04:01:01	1	1	2
g_group	test_B_gourraud	NA20818	EUR	DRB1	HLA-DRB1*13:01:01;HLA-DRB1*11:04:01	1	1	2
g_group	test_B_gourraud	NA20818	EUR	DQB1	HLA-DQB1*06:03:01;HLA-DQB1*03:01:01	1	1	2
g_group	test_B_gourraud	NA20819	EUR	A	HLA-A*11:01:01;HLA-A*02:17:02	1	1	2
g_group	test_B_gourraud	NA20819	EUR	B	HLA-B*51:01:01;HLA-B*35:01:01	1	1	2
g_group	test_B_gourraud	NA20819	EUR	C	HLA-C*04:01:01;HLA-C*15:02:01	1	1	2
g_group	test_B_gourraud	NA20819	EUR	DRB1	HLA-DRB1*01:01:01;HLA-DRB1*11:01:01	1	1	2
g_group	test_B_gourraud	NA20819	EUR	DQB1	HLA-DQB1*05:01:01;HLA-DQB1*03:01:01	1	1	2
g_group	test_B_gourraud	NA20826	EUR	A	HLA-A*30:01:01;HLA-A*24:02:01	1	1	2
g_group	test_B_gourraud	NA20826	EUR	B	HLA-B*13:02:01;HLA-B*38:01:01	1	1	2
g_group	test_B_gourraud	NA20826	EUR	C	HLA-C*06:02:01;HLA-C*12:03:01	1	1	2
g_group	test_B_gourraud	NA20826	EUR	DRB1	HLA-DRB1*07:01:01;HLA-DRB1*13:01:01	1	1	2
g_group	test_B_gourraud	NA20826	EUR	DQB1	HLA-DQB1*02:02:01;HLA-DQB1*06:03:01	1	1	2
g_group	test_B_gourraud	NA20828	EUR	A	HLA-A*02:01:01;HLA-A*02:01:01	1	1	2
g_group	test_B_gourraud	NA20828	EUR	B	HLA-B*51:01:01;HLA-B*49:01:01	1	1	2
g_group	test_B_gourraud	NA20828	EUR	C	HLA-C*05:01:01;HLA-C*07:01:01	1	1	2
g_group	test_B_gourraud	NA20828	EUR	DRB1	HLA-DRB1*11:01:01;HLA-DRB1*07:01:01	1	1	2
g_group	test_B_gourraud	NA20828	EUR	DQB1	HLA-DQB1*02:02:01;HLA-DQB1*03:01:01	1	1	2
