donor	stratum	family	method	gene	fields	state	eligible	called	correct	allele_matches	cohort
HG00658	EAS	HG00656	T1K	A	2	complete	1	1	1	2	development
HG00658	EAS	HG00656	T1K	A	4	complete	1	1	1	2	development
HG00658	EAS	HG00656	T1K	B	2	complete	1	1	1	2	development
HG00658	EAS	HG00656	T1K	B	4	complete	1	1	0	1	development
HG00658	EAS	HG00656	T1K	C	2	complete	1	1	1	2	development
HG00658	EAS	HG00656	T1K	C	4	complete	1	1	0	1	development
HG00658	EAS	HG00656	T1K	DPA1	2	complete	1	1	1	2	development
HG00658	EAS	HG00656	T1K	DPA1	4	complete	0	0	0	0	development
HG00658	EAS	HG00656	T1K	DPB1	2	complete	1	1	1	2	development
HG00658	EAS	HG00656	T1K	DPB1	4	complete	0	0	0	0	development
HG00658	EAS	HG00656	T1K	DQA1	2	complete	1	1	1	2	development
HG00658	EAS	HG00656	T1K	DQA1	4	complete	1	1	0	1	development
HG00658	EAS	HG00656	T1K	DQB1	2	complete	1	1	1	2	development
HG00658	EAS	HG00656	T1K	DQB1	4	complete	1	1	1	2	development
HG00658	EAS	HG00656	T1K	DRB1	2	complete	1	1	1	2	development
HG00658	EAS	HG00656	T1K	DRB1	4	complete	0	0	0	0	development
HG00658	EAS	HG00656	ipd_genome	A	2	complete	1	1	1	2	development
HG00658	EAS	HG00656	ipd_genome	A	4	complete	1	1	1	2	development
HG00658	EAS	HG00656	ipd_genome	B	2	complete	1	1	1	2	development
HG00658	EAS	HG00656	ipd_genome	B	4	complete	1	1	1	2	development
HG00658	EAS	HG00656	ipd_genome	C	2	complete	1	1	1	2	development
HG00658	EAS	HG00656	ipd_genome	C	4	complete	1	1	1	2	development
HG00658	EAS	HG00656	ipd_genome	DPA1	2	complete	1	1	1	2	development
HG00658	EAS	HG00656	ipd_genome	DPA1	4	complete	0	0	0	0	development
HG00658	EAS	HG00656	ipd_genome	DPB1	2	complete	1	1	1	2	development
HG00658	EAS	HG00656	ipd_genome	DPB1	4	complete	0	0	0	0	development
HG00658	EAS	HG00656	ipd_genome	DQA1	2	complete	1	1	1	2	development
HG00658	EAS	HG00656	ipd_genome	DQA1	4	complete	1	1	1	2	development
HG00658	EAS	HG00656	ipd_genome	DQB1	2	complete	1	1	1	2	development
HG00658	EAS	HG00656	ipd_genome	DQB1	4	complete	1	1	1	2	development
HG00658	EAS	HG00656	ipd_genome	DRB1	2	complete	1	1	1	2	development
HG00658	EAS	HG00656	ipd_genome	DRB1	4	complete	0	0	0	0	development
HG02132	EAS	HG02132	T1K	A	2	complete	1	1	1	2	development
HG02132	EAS	HG02132	T1K	A	4	complete	1	1	1	2	development
HG02132	EAS	HG02132	T1K	B	2	complete	1	1	1	2	development
HG02132	EAS	HG02132	T1K	B	4	complete	1	1	0	1	development
HG02132	EAS	HG02132	T1K	C	2	complete	1	1	1	2	development
HG02132	EAS	HG02132	T1K	C	4	complete	1	1	0	1	development
HG02132	EAS	HG02132	T1K	DPA1	2	complete	1	1	1	2	development
HG02132	EAS	HG02132	T1K	DPA1	4	complete	0	0	0	0	development
HG02132	EAS	HG02132	T1K	DPB1	2	complete	1	1	1	2	development
HG02132	EAS	HG02132	T1K	DPB1	4	complete	1	1	0	0	development
HG02132	EAS	HG02132	T1K	DQA1	2	complete	1	1	1	2	development
HG02132	EAS	HG02132	T1K	DQA1	4	complete	1	1	0	1	development
HG02132	EAS	HG02132	T1K	DQB1	2	complete	1	1	1	2	development
HG02132	EAS	HG02132	T1K	DQB1	4	complete	1	1	0	0	development
HG02132	EAS	HG02132	T1K	DRB1	2	complete	1	1	1	2	development
HG02132	EAS	HG02132	T1K	DRB1	4	complete	0	0	0	0	development
HG02132	EAS	HG02132	ipd_genome	A	2	complete	1	1	1	2	development
HG02132	EAS	HG02132	ipd_genome	A	4	complete	1	1	1	2	development
HG02132	EAS	HG02132	ipd_genome	B	2	complete	1	1	1	2	development
HG02132	EAS	HG02132	ipd_genome	B	4	complete	1	1	0	1	development
HG02132	EAS	HG02132	ipd_genome	C	2	complete	1	1	1	2	development
HG02132	EAS	HG02132	ipd_genome	C	4	complete	1	1	1	2	development
HG02132	EAS	HG02132	ipd_genome	DPA1	2	complete	1	1	1	2	development
HG02132	EAS	HG02132	ipd_genome	DPA1	4	complete	0	0	0	0	development
HG02132	EAS	HG02132	ipd_genome	DPB1	2	complete	1	1	1	2	development
HG02132	EAS	HG02132	ipd_genome	DPB1	4	complete	1	1	1	2	development
HG02132	EAS	HG02132	ipd_genome	DQA1	2	complete	1	1	1	2	development
HG02132	EAS	HG02132	ipd_genome	DQA1	4	complete	1	1	1	2	development
HG02132	EAS	HG02132	ipd_genome	DQB1	2	complete	1	1	1	2	development
HG02132	EAS	HG02132	ipd_genome	DQB1	4	complete	1	1	1	2	development
HG02132	EAS	HG02132	ipd_genome	DRB1	2	complete	1	1	1	2	development
HG02132	EAS	HG02132	ipd_genome	DRB1	4	complete	0	0	0	0	development
HG03831	SAS	HG03829	T1K	A	2	complete	1	1	1	2	development
HG03831	SAS	HG03829	T1K	A	4	complete	1	1	1	2	development
HG03831	SAS	HG03829	T1K	B	2	complete	1	1	1	2	development
HG03831	SAS	HG03829	T1K	B	4	complete	1	1	0	1	development
HG03831	SAS	HG03829	T1K	C	2	complete	1	1	1	2	development
HG03831	SAS	HG03829	T1K	C	4	complete	1	1	0	1	development
HG03831	SAS	HG03829	T1K	DPA1	2	complete	1	1	1	2	development
HG03831	SAS	HG03829	T1K	DPA1	4	complete	0	0	0	0	development
HG03831	SAS	HG03829	T1K	DPB1	2	complete	1	1	1	2	development
HG03831	SAS	HG03829	T1K	DPB1	4	complete	1	1	0	1	development
HG03831	SAS	HG03829	T1K	DQA1	2	complete	1	1	1	2	development
HG03831	SAS	HG03829	T1K	DQA1	4	complete	1	1	0	1	development
HG03831	SAS	HG03829	T1K	DQB1	2	complete	1	1	1	2	development
HG03831	SAS	HG03829	T1K	DQB1	4	complete	1	1	1	2	development
HG03831	SAS	HG03829	T1K	DRB1	2	complete	1	1	1	2	development
HG03831	SAS	HG03829	T1K	DRB1	4	complete	0	0	0	0	development
HG03831	SAS	HG03829	ipd_genome	A	2	complete	1	1	1	2	development
HG03831	SAS	HG03829	ipd_genome	A	4	complete	1	1	1	2	development
HG03831	SAS	HG03829	ipd_genome	B	2	complete	1	1	1	2	development
HG03831	SAS	HG03829	ipd_genome	B	4	complete	1	1	1	2	development
HG03831	SAS	HG03829	ipd_genome	C	2	complete	1	1	1	2	development
HG03831	SAS	HG03829	ipd_genome	C	4	complete	1	1	1	2	development
HG03831	SAS	HG03829	ipd_genome	DPA1	2	complete	1	1	1	2	development
HG03831	SAS	HG03829	ipd_genome	DPA1	4	complete	0	0	0	0	development
HG03831	SAS	HG03829	ipd_genome	DPB1	2	complete	1	1	1	2	development
HG03831	SAS	HG03829	ipd_genome	DPB1	4	complete	1	1	1	2	development
HG03831	SAS	HG03829	ipd_genome	DQA1	2	complete	1	1	1	2	development
HG03831	SAS	HG03829	ipd_genome	DQA1	4	complete	1	1	1	2	development
HG03831	SAS	HG03829	ipd_genome	DQB1	2	complete	1	1	1	2	development
HG03831	SAS	HG03829	ipd_genome	DQB1	4	complete	1	1	1	2	development
HG03831	SAS	HG03829	ipd_genome	DRB1	2	complete	1	1	0	1	development
HG03831	SAS	HG03829	ipd_genome	DRB1	4	complete	0	0	0	0	development
HG03874	SAS	HG03874	T1K	A	2	complete	1	1	1	2	development
HG03874	SAS	HG03874	T1K	A	4	complete	1	1	1	2	development
HG03874	SAS	HG03874	T1K	B	2	complete	1	1	1	2	development
HG03874	SAS	HG03874	T1K	B	4	complete	1	1	1	2	development
HG03874	SAS	HG03874	T1K	C	2	complete	1	1	1	2	development
HG03874	SAS	HG03874	T1K	C	4	complete	1	1	0	1	development
HG03874	SAS	HG03874	T1K	DPA1	2	complete	1	1	1	2	development
HG03874	SAS	HG03874	T1K	DPA1	4	complete	0	0	0	0	development
HG03874	SAS	HG03874	T1K	DPB1	2	complete	1	1	1	2	development
HG03874	SAS	HG03874	T1K	DPB1	4	complete	1	1	1	2	development
HG03874	SAS	HG03874	T1K	DQA1	2	complete	1	1	1	2	development
HG03874	SAS	HG03874	T1K	DQA1	4	complete	0	0	0	0	development
HG03874	SAS	HG03874	T1K	DQB1	2	complete	1	1	1	2	development
HG03874	SAS	HG03874	T1K	DQB1	4	complete	1	1	0	1	development
HG03874	SAS	HG03874	T1K	DRB1	2	complete	1	1	1	2	development
HG03874	SAS	HG03874	T1K	DRB1	4	complete	0	0	0	0	development
HG03874	SAS	HG03874	ipd_genome	A	2	complete	1	1	1	2	development
HG03874	SAS	HG03874	ipd_genome	A	4	complete	1	1	1	2	development
HG03874	SAS	HG03874	ipd_genome	B	2	complete	1	1	1	2	development
HG03874	SAS	HG03874	ipd_genome	B	4	complete	1	1	1	2	development
HG03874	SAS	HG03874	ipd_genome	C	2	complete	1	1	1	2	development
HG03874	SAS	HG03874	ipd_genome	C	4	complete	1	1	1	2	development
HG03874	SAS	HG03874	ipd_genome	DPA1	2	complete	1	1	1	2	development
HG03874	SAS	HG03874	ipd_genome	DPA1	4	complete	0	0	0	0	development
HG03874	SAS	HG03874	ipd_genome	DPB1	2	complete	1	1	1	2	development
HG03874	SAS	HG03874	ipd_genome	DPB1	4	complete	1	1	1	2	development
HG03874	SAS	HG03874	ipd_genome	DQA1	2	complete	1	1	1	2	development
HG03874	SAS	HG03874	ipd_genome	DQA1	4	complete	0	0	0	0	development
HG03874	SAS	HG03874	ipd_genome	DQB1	2	complete	1	1	1	2	development
HG03874	SAS	HG03874	ipd_genome	DQB1	4	complete	1	1	1	2	development
HG03874	SAS	HG03874	ipd_genome	DRB1	2	complete	1	1	1	2	development
HG03874	SAS	HG03874	ipd_genome	DRB1	4	complete	0	0	0	0	development
HG01530	EUR	IBS011	T1K	A	2	complete	1	1	1	2	development
HG01530	EUR	IBS011	T1K	A	4	complete	1	1	1	2	development
HG01530	EUR	IBS011	T1K	B	2	complete	1	1	1	2	development
HG01530	EUR	IBS011	T1K	B	4	complete	0	0	0	0	development
HG01530	EUR	IBS011	T1K	C	2	complete	1	1	1	2	development
HG01530	EUR	IBS011	T1K	C	4	complete	1	1	1	2	development
HG01530	EUR	IBS011	T1K	DPA1	2	complete	1	1	1	2	development
HG01530	EUR	IBS011	T1K	DPA1	4	complete	1	1	1	2	development
HG01530	EUR	IBS011	T1K	DPB1	2	complete	1	1	1	2	development
HG01530	EUR	IBS011	T1K	DPB1	4	complete	1	1	0	0	development
HG01530	EUR	IBS011	T1K	DQA1	2	complete	1	1	1	2	development
HG01530	EUR	IBS011	T1K	DQA1	4	complete	1	1	1	2	development
HG01530	EUR	IBS011	T1K	DQB1	2	complete	1	1	1	2	development
HG01530	EUR	IBS011	T1K	DQB1	4	complete	1	1	0	1	development
HG01530	EUR	IBS011	T1K	DRB1	2	complete	1	1	1	2	development
HG01530	EUR	IBS011	T1K	DRB1	4	complete	1	1	1	2	development
HG01530	EUR	IBS011	ipd_genome	A	2	complete	1	1	1	2	development
HG01530	EUR	IBS011	ipd_genome	A	4	complete	1	1	1	2	development
HG01530	EUR	IBS011	ipd_genome	B	2	complete	1	1	1	2	development
HG01530	EUR	IBS011	ipd_genome	B	4	complete	0	0	0	0	development
HG01530	EUR	IBS011	ipd_genome	C	2	complete	1	1	1	2	development
HG01530	EUR	IBS011	ipd_genome	C	4	complete	1	1	1	2	development
HG01530	EUR	IBS011	ipd_genome	DPA1	2	complete	1	1	1	2	development
HG01530	EUR	IBS011	ipd_genome	DPA1	4	complete	1	1	1	2	development
HG01530	EUR	IBS011	ipd_genome	DPB1	2	complete	1	1	1	2	development
HG01530	EUR	IBS011	ipd_genome	DPB1	4	complete	1	1	1	2	development
HG01530	EUR	IBS011	ipd_genome	DQA1	2	complete	1	1	1	2	development
HG01530	EUR	IBS011	ipd_genome	DQA1	4	complete	1	1	0	1	development
HG01530	EUR	IBS011	ipd_genome	DQB1	2	complete	1	1	1	2	development
HG01530	EUR	IBS011	ipd_genome	DQB1	4	complete	1	1	1	2	development
HG01530	EUR	IBS011	ipd_genome	DRB1	2	complete	1	1	1	2	development
HG01530	EUR	IBS011	ipd_genome	DRB1	4	complete	1	1	1	2	development
NA20806	EUR	NA20806	T1K	A	2	complete	1	1	1	2	development
NA20806	EUR	NA20806	T1K	A	4	complete	1	1	1	2	development
NA20806	EUR	NA20806	T1K	B	2	complete	1	1	1	2	development
NA20806	EUR	NA20806	T1K	B	4	complete	1	1	1	2	development
NA20806	EUR	NA20806	T1K	C	2	complete	1	1	1	2	development
NA20806	EUR	NA20806	T1K	C	4	complete	1	1	0	1	development
NA20806	EUR	NA20806	T1K	DPA1	2	complete	1	1	1	2	development
NA20806	EUR	NA20806	T1K	DPA1	4	complete	1	1	0	1	development
NA20806	EUR	NA20806	T1K	DPB1	2	complete	1	1	1	2	development
NA20806	EUR	NA20806	T1K	DPB1	4	complete	1	1	0	1	development
NA20806	EUR	NA20806	T1K	DQA1	2	complete	1	1	1	2	development
NA20806	EUR	NA20806	T1K	DQA1	4	complete	1	1	1	2	development
NA20806	EUR	NA20806	T1K	DQB1	2	complete	1	1	1	2	development
NA20806	EUR	NA20806	T1K	DQB1	4	complete	1	1	1	2	development
NA20806	EUR	NA20806	T1K	DRB1	2	complete	1	1	1	2	development
NA20806	EUR	NA20806	T1K	DRB1	4	complete	1	1	0	0	development
NA20806	EUR	NA20806	ipd_genome	A	2	complete	1	1	1	2	development
NA20806	EUR	NA20806	ipd_genome	A	4	complete	1	1	1	2	development
NA20806	EUR	NA20806	ipd_genome	B	2	complete	1	1	1	2	development
NA20806	EUR	NA20806	ipd_genome	B	4	complete	1	1	1	2	development
NA20806	EUR	NA20806	ipd_genome	C	2	complete	1	1	1	2	development
NA20806	EUR	NA20806	ipd_genome	C	4	complete	1	1	1	2	development
NA20806	EUR	NA20806	ipd_genome	DPA1	2	complete	1	1	1	2	development
NA20806	EUR	NA20806	ipd_genome	DPA1	4	complete	1	1	1	2	development
NA20806	EUR	NA20806	ipd_genome	DPB1	2	complete	1	1	1	2	development
NA20806	EUR	NA20806	ipd_genome	DPB1	4	complete	1	1	0	1	development
NA20806	EUR	NA20806	ipd_genome	DQA1	2	complete	1	1	1	2	development
NA20806	EUR	NA20806	ipd_genome	DQA1	4	complete	1	1	1	2	development
NA20806	EUR	NA20806	ipd_genome	DQB1	2	complete	1	1	1	2	development
NA20806	EUR	NA20806	ipd_genome	DQB1	4	complete	1	1	1	2	development
NA20806	EUR	NA20806	ipd_genome	DRB1	2	complete	1	1	1	2	development
NA20806	EUR	NA20806	ipd_genome	DRB1	4	complete	1	1	0	0	development
HG03516	AFR	NG107	T1K	A	2	complete	1	1	1	2	development
HG03516	AFR	NG107	T1K	A	4	complete	1	1	1	2	development
HG03516	AFR	NG107	T1K	B	2	complete	1	1	1	2	development
HG03516	AFR	NG107	T1K	B	4	complete	0	0	0	0	development
HG03516	AFR	NG107	T1K	C	2	complete	1	1	1	2	development
HG03516	AFR	NG107	T1K	C	4	complete	1	1	0	1	development
HG03516	AFR	NG107	T1K	DPA1	2	complete	0	0	0	0	development
HG03516	AFR	NG107	T1K	DPA1	4	complete	0	0	0	0	development
HG03516	AFR	NG107	T1K	DPB1	2	complete	1	1	1	2	development
HG03516	AFR	NG107	T1K	DPB1	4	complete	1	1	1	2	development
HG03516	AFR	NG107	T1K	DQA1	2	complete	1	1	1	2	development
HG03516	AFR	NG107	T1K	DQA1	4	complete	1	1	0	0	development
HG03516	AFR	NG107	T1K	DQB1	2	complete	1	1	1	2	development
HG03516	AFR	NG107	T1K	DQB1	4	complete	1	1	0	0	development
HG03516	AFR	NG107	T1K	DRB1	2	complete	1	1	1	2	development
HG03516	AFR	NG107	T1K	DRB1	4	complete	0	0	0	0	development
HG03516	AFR	NG107	ipd_genome	A	2	complete	1	1	1	2	development
HG03516	AFR	NG107	ipd_genome	A	4	complete	1	1	1	2	development
HG03516	AFR	NG107	ipd_genome	B	2	complete	1	1	1	2	development
HG03516	AFR	NG107	ipd_genome	B	4	complete	0	0	0	0	development
HG03516	AFR	NG107	ipd_genome	C	2	complete	1	1	1	2	development
HG03516	AFR	NG107	ipd_genome	C	4	complete	1	1	1	2	development
HG03516	AFR	NG107	ipd_genome	DPA1	2	complete	0	0	0	0	development
HG03516	AFR	NG107	ipd_genome	DPA1	4	complete	0	0	0	0	development
HG03516	AFR	NG107	ipd_genome	DPB1	2	complete	1	1	1	2	development
HG03516	AFR	NG107	ipd_genome	DPB1	4	complete	1	1	1	2	development
HG03516	AFR	NG107	ipd_genome	DQA1	2	complete	1	1	1	2	development
HG03516	AFR	NG107	ipd_genome	DQA1	4	complete	1	1	0	1	development
HG03516	AFR	NG107	ipd_genome	DQB1	2	complete	1	1	1	2	development
HG03516	AFR	NG107	ipd_genome	DQB1	4	complete	1	1	1	2	development
HG03516	AFR	NG107	ipd_genome	DRB1	2	complete	1	1	1	2	development
HG03516	AFR	NG107	ipd_genome	DRB1	4	complete	0	0	0	0	development
NA19185	AFR	Y039	T1K	A	2	complete	1	1	1	2	development
NA19185	AFR	Y039	T1K	A	4	complete	1	1	1	2	development
NA19185	AFR	Y039	T1K	B	2	complete	1	1	1	2	development
NA19185	AFR	Y039	T1K	B	4	complete	0	0	0	0	development
NA19185	AFR	Y039	T1K	C	2	complete	1	1	1	2	development
NA19185	AFR	Y039	T1K	C	4	complete	1	1	1	2	development
NA19185	AFR	Y039	T1K	DPA1	2	complete	1	1	1	2	development
NA19185	AFR	Y039	T1K	DPA1	4	complete	0	0	0	0	development
NA19185	AFR	Y039	T1K	DPB1	2	complete	1	1	1	2	development
NA19185	AFR	Y039	T1K	DPB1	4	complete	1	1	0	1	development
NA19185	AFR	Y039	T1K	DQA1	2	complete	1	1	1	2	development
NA19185	AFR	Y039	T1K	DQA1	4	complete	1	1	0	0	development
NA19185	AFR	Y039	T1K	DQB1	2	complete	1	1	1	2	development
NA19185	AFR	Y039	T1K	DQB1	4	complete	1	1	0	0	development
NA19185	AFR	Y039	T1K	DRB1	2	complete	1	1	1	2	development
NA19185	AFR	Y039	T1K	DRB1	4	complete	0	0	0	0	development
NA19185	AFR	Y039	ipd_genome	A	2	complete	1	1	1	2	development
NA19185	AFR	Y039	ipd_genome	A	4	complete	1	1	1	2	development
NA19185	AFR	Y039	ipd_genome	B	2	complete	1	1	1	2	development
NA19185	AFR	Y039	ipd_genome	B	4	complete	0	0	0	0	development
NA19185	AFR	Y039	ipd_genome	C	2	complete	1	1	1	2	development
NA19185	AFR	Y039	ipd_genome	C	4	complete	1	1	1	2	development
NA19185	AFR	Y039	ipd_genome	DPA1	2	complete	1	1	1	2	development
NA19185	AFR	Y039	ipd_genome	DPA1	4	complete	0	0	0	0	development
NA19185	AFR	Y039	ipd_genome	DPB1	2	complete	1	1	1	2	development
NA19185	AFR	Y039	ipd_genome	DPB1	4	complete	1	1	1	2	development
NA19185	AFR	Y039	ipd_genome	DQA1	2	complete	1	1	1	2	development
NA19185	AFR	Y039	ipd_genome	DQA1	4	complete	1	1	0	0	development
NA19185	AFR	Y039	ipd_genome	DQB1	2	complete	1	1	1	2	development
NA19185	AFR	Y039	ipd_genome	DQB1	4	complete	1	1	1	2	development
NA19185	AFR	Y039	ipd_genome	DRB1	2	complete	1	1	1	2	development
NA19185	AFR	Y039	ipd_genome	DRB1	4	complete	0	0	0	0	development
HG00658	EAS	HG00656	alignment_only_hprc	A	2	complete	1	1	1	2	development
HG00658	EAS	HG00656	alignment_only_hprc	A	4	complete	1	1	1	2	development
HG00658	EAS	HG00656	alignment_only_hprc	B	2	complete	1	1	1	2	development
HG00658	EAS	HG00656	alignment_only_hprc	B	4	complete	1	1	1	2	development
HG00658	EAS	HG00656	alignment_only_hprc	C	2	complete	1	1	1	2	development
HG00658	EAS	HG00656	alignment_only_hprc	C	4	complete	1	1	1	2	development
HG00658	EAS	HG00656	alignment_only_hprc	DPA1	2	complete	1	1	1	2	development
HG00658	EAS	HG00656	alignment_only_hprc	DPA1	4	complete	0	0	0	0	development
HG00658	EAS	HG00656	alignment_only_hprc	DPB1	2	complete	1	1	1	2	development
HG00658	EAS	HG00656	alignment_only_hprc	DPB1	4	complete	0	0	0	0	development
HG00658	EAS	HG00656	alignment_only_hprc	DQA1	2	complete	1	1	1	2	development
HG00658	EAS	HG00656	alignment_only_hprc	DQA1	4	complete	1	1	1	2	development
HG00658	EAS	HG00656	alignment_only_hprc	DQB1	2	complete	1	1	1	2	development
HG00658	EAS	HG00656	alignment_only_hprc	DQB1	4	complete	1	1	1	2	development
HG00658	EAS	HG00656	alignment_only_hprc	DRB1	2	complete	1	1	1	2	development
HG00658	EAS	HG00656	alignment_only_hprc	DRB1	4	complete	0	0	0	0	development
HG00658	EAS	HG00656	alignment_only_hprc_asian	A	2	complete	1	1	1	2	development
HG00658	EAS	HG00656	alignment_only_hprc_asian	A	4	complete	1	1	1	2	development
HG00658	EAS	HG00656	alignment_only_hprc_asian	B	2	complete	1	1	1	2	development
HG00658	EAS	HG00656	alignment_only_hprc_asian	B	4	complete	1	1	1	2	development
HG00658	EAS	HG00656	alignment_only_hprc_asian	C	2	complete	1	1	1	2	development
HG00658	EAS	HG00656	alignment_only_hprc_asian	C	4	complete	1	1	1	2	development
HG00658	EAS	HG00656	alignment_only_hprc_asian	DPA1	2	complete	1	1	1	2	development
HG00658	EAS	HG00656	alignment_only_hprc_asian	DPA1	4	complete	0	0	0	0	development
HG00658	EAS	HG00656	alignment_only_hprc_asian	DPB1	2	complete	1	1	1	2	development
HG00658	EAS	HG00656	alignment_only_hprc_asian	DPB1	4	complete	0	0	0	0	development
HG00658	EAS	HG00656	alignment_only_hprc_asian	DQA1	2	complete	1	1	1	2	development
HG00658	EAS	HG00656	alignment_only_hprc_asian	DQA1	4	complete	1	1	1	2	development
HG00658	EAS	HG00656	alignment_only_hprc_asian	DQB1	2	complete	1	1	1	2	development
HG00658	EAS	HG00656	alignment_only_hprc_asian	DQB1	4	complete	1	1	1	2	development
HG00658	EAS	HG00656	alignment_only_hprc_asian	DRB1	2	complete	1	1	1	2	development
HG00658	EAS	HG00656	alignment_only_hprc_asian	DRB1	4	complete	0	0	0	0	development
HG02132	EAS	HG02132	alignment_only_hprc	A	2	complete	1	1	1	2	development
HG02132	EAS	HG02132	alignment_only_hprc	A	4	complete	1	1	1	2	development
HG02132	EAS	HG02132	alignment_only_hprc	B	2	complete	1	1	1	2	development
HG02132	EAS	HG02132	alignment_only_hprc	B	4	complete	1	1	0	1	development
HG02132	EAS	HG02132	alignment_only_hprc	C	2	complete	1	1	1	2	development
HG02132	EAS	HG02132	alignment_only_hprc	C	4	complete	1	1	1	2	development
HG02132	EAS	HG02132	alignment_only_hprc	DPA1	2	complete	1	1	1	2	development
HG02132	EAS	HG02132	alignment_only_hprc	DPA1	4	complete	0	0	0	0	development
HG02132	EAS	HG02132	alignment_only_hprc	DPB1	2	complete	1	1	1	2	development
HG02132	EAS	HG02132	alignment_only_hprc	DPB1	4	complete	1	1	1	2	development
HG02132	EAS	HG02132	alignment_only_hprc	DQA1	2	complete	1	1	1	2	development
HG02132	EAS	HG02132	alignment_only_hprc	DQA1	4	complete	1	1	1	2	development
HG02132	EAS	HG02132	alignment_only_hprc	DQB1	2	complete	1	1	1	2	development
HG02132	EAS	HG02132	alignment_only_hprc	DQB1	4	complete	1	1	1	2	development
HG02132	EAS	HG02132	alignment_only_hprc	DRB1	2	complete	1	1	1	2	development
HG02132	EAS	HG02132	alignment_only_hprc	DRB1	4	complete	0	0	0	0	development
HG02132	EAS	HG02132	alignment_only_hprc_asian	A	2	complete	1	1	1	2	development
HG02132	EAS	HG02132	alignment_only_hprc_asian	A	4	complete	1	1	1	2	development
HG02132	EAS	HG02132	alignment_only_hprc_asian	B	2	complete	1	1	1	2	development
HG02132	EAS	HG02132	alignment_only_hprc_asian	B	4	complete	1	1	0	1	development
HG02132	EAS	HG02132	alignment_only_hprc_asian	C	2	complete	1	1	1	2	development
HG02132	EAS	HG02132	alignment_only_hprc_asian	C	4	complete	1	1	1	2	development
HG02132	EAS	HG02132	alignment_only_hprc_asian	DPA1	2	complete	1	1	1	2	development
HG02132	EAS	HG02132	alignment_only_hprc_asian	DPA1	4	complete	0	0	0	0	development
HG02132	EAS	HG02132	alignment_only_hprc_asian	DPB1	2	complete	1	1	1	2	development
HG02132	EAS	HG02132	alignment_only_hprc_asian	DPB1	4	complete	1	1	1	2	development
HG02132	EAS	HG02132	alignment_only_hprc_asian	DQA1	2	complete	1	1	1	2	development
HG02132	EAS	HG02132	alignment_only_hprc_asian	DQA1	4	complete	1	1	1	2	development
HG02132	EAS	HG02132	alignment_only_hprc_asian	DQB1	2	complete	1	1	1	2	development
HG02132	EAS	HG02132	alignment_only_hprc_asian	DQB1	4	complete	1	1	1	2	development
HG02132	EAS	HG02132	alignment_only_hprc_asian	DRB1	2	complete	1	1	1	2	development
HG02132	EAS	HG02132	alignment_only_hprc_asian	DRB1	4	complete	0	0	0	0	development
HG03831	SAS	HG03829	alignment_only_hprc	A	2	complete	1	1	1	2	development
HG03831	SAS	HG03829	alignment_only_hprc	A	4	complete	1	1	1	2	development
HG03831	SAS	HG03829	alignment_only_hprc	B	2	complete	1	1	1	2	development
HG03831	SAS	HG03829	alignment_only_hprc	B	4	complete	1	1	1	2	development
HG03831	SAS	HG03829	alignment_only_hprc	C	2	complete	1	1	1	2	development
HG03831	SAS	HG03829	alignment_only_hprc	C	4	complete	1	1	1	2	development
HG03831	SAS	HG03829	alignment_only_hprc	DPA1	2	complete	1	1	1	2	development
HG03831	SAS	HG03829	alignment_only_hprc	DPA1	4	complete	0	0	0	0	development
HG03831	SAS	HG03829	alignment_only_hprc	DPB1	2	complete	1	1	1	2	development
HG03831	SAS	HG03829	alignment_only_hprc	DPB1	4	complete	1	1	1	2	development
HG03831	SAS	HG03829	alignment_only_hprc	DQA1	2	complete	1	1	1	2	development
HG03831	SAS	HG03829	alignment_only_hprc	DQA1	4	complete	1	1	1	2	development
HG03831	SAS	HG03829	alignment_only_hprc	DQB1	2	complete	1	1	1	2	development
HG03831	SAS	HG03829	alignment_only_hprc	DQB1	4	complete	1	1	1	2	development
HG03831	SAS	HG03829	alignment_only_hprc	DRB1	2	complete	1	1	0	1	development
HG03831	SAS	HG03829	alignment_only_hprc	DRB1	4	complete	0	0	0	0	development
HG03831	SAS	HG03829	alignment_only_hprc_asian	A	2	complete	1	1	1	2	development
HG03831	SAS	HG03829	alignment_only_hprc_asian	A	4	complete	1	1	1	2	development
HG03831	SAS	HG03829	alignment_only_hprc_asian	B	2	complete	1	1	1	2	development
HG03831	SAS	HG03829	alignment_only_hprc_asian	B	4	complete	1	1	1	2	development
HG03831	SAS	HG03829	alignment_only_hprc_asian	C	2	complete	1	1	1	2	development
HG03831	SAS	HG03829	alignment_only_hprc_asian	C	4	complete	1	1	1	2	development
HG03831	SAS	HG03829	alignment_only_hprc_asian	DPA1	2	complete	1	1	1	2	development
HG03831	SAS	HG03829	alignment_only_hprc_asian	DPA1	4	complete	0	0	0	0	development
HG03831	SAS	HG03829	alignment_only_hprc_asian	DPB1	2	complete	1	1	1	2	development
HG03831	SAS	HG03829	alignment_only_hprc_asian	DPB1	4	complete	1	1	1	2	development
HG03831	SAS	HG03829	alignment_only_hprc_asian	DQA1	2	complete	1	1	1	2	development
HG03831	SAS	HG03829	alignment_only_hprc_asian	DQA1	4	complete	1	1	1	2	development
HG03831	SAS	HG03829	alignment_only_hprc_asian	DQB1	2	complete	1	1	1	2	development
HG03831	SAS	HG03829	alignment_only_hprc_asian	DQB1	4	complete	1	1	1	2	development
HG03831	SAS	HG03829	alignment_only_hprc_asian	DRB1	2	complete	1	1	0	1	development
HG03831	SAS	HG03829	alignment_only_hprc_asian	DRB1	4	complete	0	0	0	0	development
HG03874	SAS	HG03874	alignment_only_hprc	A	2	complete	1	1	1	2	development
HG03874	SAS	HG03874	alignment_only_hprc	A	4	complete	1	1	1	2	development
HG03874	SAS	HG03874	alignment_only_hprc	B	2	complete	1	1	1	2	development
HG03874	SAS	HG03874	alignment_only_hprc	B	4	complete	1	1	1	2	development
HG03874	SAS	HG03874	alignment_only_hprc	C	2	complete	1	1	1	2	development
HG03874	SAS	HG03874	alignment_only_hprc	C	4	complete	1	1	1	2	development
HG03874	SAS	HG03874	alignment_only_hprc	DPA1	2	complete	1	1	1	2	development
HG03874	SAS	HG03874	alignment_only_hprc	DPA1	4	complete	0	0	0	0	development
HG03874	SAS	HG03874	alignment_only_hprc	DPB1	2	complete	1	1	1	2	development
HG03874	SAS	HG03874	alignment_only_hprc	DPB1	4	complete	1	1	1	2	development
HG03874	SAS	HG03874	alignment_only_hprc	DQA1	2	complete	1	1	1	2	development
HG03874	SAS	HG03874	alignment_only_hprc	DQA1	4	complete	0	0	0	0	development
HG03874	SAS	HG03874	alignment_only_hprc	DQB1	2	complete	1	1	1	2	development
HG03874	SAS	HG03874	alignment_only_hprc	DQB1	4	complete	1	1	1	2	development
HG03874	SAS	HG03874	alignment_only_hprc	DRB1	2	complete	1	1	1	2	development
HG03874	SAS	HG03874	alignment_only_hprc	DRB1	4	complete	0	0	0	0	development
HG03874	SAS	HG03874	alignment_only_hprc_asian	A	2	complete	1	1	1	2	development
HG03874	SAS	HG03874	alignment_only_hprc_asian	A	4	complete	1	1	1	2	development
HG03874	SAS	HG03874	alignment_only_hprc_asian	B	2	complete	1	1	1	2	development
HG03874	SAS	HG03874	alignment_only_hprc_asian	B	4	complete	1	1	1	2	development
HG03874	SAS	HG03874	alignment_only_hprc_asian	C	2	complete	1	1	1	2	development
HG03874	SAS	HG03874	alignment_only_hprc_asian	C	4	complete	1	1	1	2	development
HG03874	SAS	HG03874	alignment_only_hprc_asian	DPA1	2	complete	1	1	1	2	development
HG03874	SAS	HG03874	alignment_only_hprc_asian	DPA1	4	complete	0	0	0	0	development
HG03874	SAS	HG03874	alignment_only_hprc_asian	DPB1	2	complete	1	1	1	2	development
HG03874	SAS	HG03874	alignment_only_hprc_asian	DPB1	4	complete	1	1	1	2	development
HG03874	SAS	HG03874	alignment_only_hprc_asian	DQA1	2	complete	1	1	1	2	development
HG03874	SAS	HG03874	alignment_only_hprc_asian	DQA1	4	complete	0	0	0	0	development
HG03874	SAS	HG03874	alignment_only_hprc_asian	DQB1	2	complete	1	1	1	2	development
HG03874	SAS	HG03874	alignment_only_hprc_asian	DQB1	4	complete	1	1	1	2	development
HG03874	SAS	HG03874	alignment_only_hprc_asian	DRB1	2	complete	1	1	1	2	development
HG03874	SAS	HG03874	alignment_only_hprc_asian	DRB1	4	complete	0	0	0	0	development
HG01530	EUR	IBS011	alignment_only_hprc	A	2	complete	1	1	1	2	development
HG01530	EUR	IBS011	alignment_only_hprc	A	4	complete	1	1	1	2	development
HG01530	EUR	IBS011	alignment_only_hprc	B	2	complete	1	1	1	2	development
HG01530	EUR	IBS011	alignment_only_hprc	B	4	complete	0	0	0	0	development
HG01530	EUR	IBS011	alignment_only_hprc	C	2	complete	1	1	1	2	development
HG01530	EUR	IBS011	alignment_only_hprc	C	4	complete	1	1	1	2	development
HG01530	EUR	IBS011	alignment_only_hprc	DPA1	2	complete	1	1	1	2	development
HG01530	EUR	IBS011	alignment_only_hprc	DPA1	4	complete	1	1	1	2	development
HG01530	EUR	IBS011	alignment_only_hprc	DPB1	2	complete	1	1	1	2	development
HG01530	EUR	IBS011	alignment_only_hprc	DPB1	4	complete	1	1	1	2	development
HG01530	EUR	IBS011	alignment_only_hprc	DQA1	2	complete	1	1	1	2	development
HG01530	EUR	IBS011	alignment_only_hprc	DQA1	4	complete	1	1	0	1	development
HG01530	EUR	IBS011	alignment_only_hprc	DQB1	2	complete	1	1	1	2	development
HG01530	EUR	IBS011	alignment_only_hprc	DQB1	4	complete	1	1	1	2	development
HG01530	EUR	IBS011	alignment_only_hprc	DRB1	2	complete	1	1	1	2	development
HG01530	EUR	IBS011	alignment_only_hprc	DRB1	4	complete	1	1	1	2	development
HG01530	EUR	IBS011	alignment_only_hprc_asian	A	2	complete	1	1	1	2	development
HG01530	EUR	IBS011	alignment_only_hprc_asian	A	4	complete	1	1	1	2	development
HG01530	EUR	IBS011	alignment_only_hprc_asian	B	2	complete	1	1	1	2	development
HG01530	EUR	IBS011	alignment_only_hprc_asian	B	4	complete	0	0	0	0	development
HG01530	EUR	IBS011	alignment_only_hprc_asian	C	2	complete	1	1	1	2	development
HG01530	EUR	IBS011	alignment_only_hprc_asian	C	4	complete	1	1	1	2	development
HG01530	EUR	IBS011	alignment_only_hprc_asian	DPA1	2	complete	1	1	1	2	development
HG01530	EUR	IBS011	alignment_only_hprc_asian	DPA1	4	complete	1	1	1	2	development
HG01530	EUR	IBS011	alignment_only_hprc_asian	DPB1	2	complete	1	1	1	2	development
HG01530	EUR	IBS011	alignment_only_hprc_asian	DPB1	4	complete	1	1	1	2	development
HG01530	EUR	IBS011	alignment_only_hprc_asian	DQA1	2	complete	1	1	1	2	development
HG01530	EUR	IBS011	alignment_only_hprc_asian	DQA1	4	complete	1	1	0	1	development
HG01530	EUR	IBS011	alignment_only_hprc_asian	DQB1	2	complete	1	1	1	2	development
HG01530	EUR	IBS011	alignment_only_hprc_asian	DQB1	4	complete	1	1	1	2	development
HG01530	EUR	IBS011	alignment_only_hprc_asian	DRB1	2	complete	1	1	1	2	development
HG01530	EUR	IBS011	alignment_only_hprc_asian	DRB1	4	complete	1	1	1	2	development
NA20806	EUR	NA20806	alignment_only_hprc	A	2	complete	1	1	1	2	development
NA20806	EUR	NA20806	alignment_only_hprc	A	4	complete	1	1	1	2	development
NA20806	EUR	NA20806	alignment_only_hprc	B	2	complete	1	1	1	2	development
NA20806	EUR	NA20806	alignment_only_hprc	B	4	complete	1	1	1	2	development
NA20806	EUR	NA20806	alignment_only_hprc	C	2	complete	1	1	1	2	development
NA20806	EUR	NA20806	alignment_only_hprc	C	4	complete	1	1	1	2	development
NA20806	EUR	NA20806	alignment_only_hprc	DPA1	2	complete	1	1	1	2	development
NA20806	EUR	NA20806	alignment_only_hprc	DPA1	4	complete	1	1	1	2	development
NA20806	EUR	NA20806	alignment_only_hprc	DPB1	2	complete	1	1	1	2	development
NA20806	EUR	NA20806	alignment_only_hprc	DPB1	4	complete	1	1	0	1	development
NA20806	EUR	NA20806	alignment_only_hprc	DQA1	2	complete	1	1	1	2	development
NA20806	EUR	NA20806	alignment_only_hprc	DQA1	4	complete	1	1	1	2	development
NA20806	EUR	NA20806	alignment_only_hprc	DQB1	2	complete	1	1	1	2	development
NA20806	EUR	NA20806	alignment_only_hprc	DQB1	4	complete	1	1	1	2	development
NA20806	EUR	NA20806	alignment_only_hprc	DRB1	2	complete	1	1	1	2	development
NA20806	EUR	NA20806	alignment_only_hprc	DRB1	4	complete	1	1	0	0	development
NA20806	EUR	NA20806	alignment_only_hprc_asian	A	2	complete	1	1	1	2	development
NA20806	EUR	NA20806	alignment_only_hprc_asian	A	4	complete	1	1	1	2	development
NA20806	EUR	NA20806	alignment_only_hprc_asian	B	2	complete	1	1	1	2	development
NA20806	EUR	NA20806	alignment_only_hprc_asian	B	4	complete	1	1	1	2	development
NA20806	EUR	NA20806	alignment_only_hprc_asian	C	2	complete	1	1	1	2	development
NA20806	EUR	NA20806	alignment_only_hprc_asian	C	4	complete	1	1	1	2	development
NA20806	EUR	NA20806	alignment_only_hprc_asian	DPA1	2	complete	1	1	1	2	development
NA20806	EUR	NA20806	alignment_only_hprc_asian	DPA1	4	complete	1	1	1	2	development
NA20806	EUR	NA20806	alignment_only_hprc_asian	DPB1	2	complete	1	1	1	2	development
NA20806	EUR	NA20806	alignment_only_hprc_asian	DPB1	4	complete	1	1	0	1	development
NA20806	EUR	NA20806	alignment_only_hprc_asian	DQA1	2	complete	1	1	1	2	development
NA20806	EUR	NA20806	alignment_only_hprc_asian	DQA1	4	complete	1	1	1	2	development
NA20806	EUR	NA20806	alignment_only_hprc_asian	DQB1	2	complete	1	1	1	2	development
NA20806	EUR	NA20806	alignment_only_hprc_asian	DQB1	4	complete	1	1	1	2	development
NA20806	EUR	NA20806	alignment_only_hprc_asian	DRB1	2	complete	1	1	1	2	development
NA20806	EUR	NA20806	alignment_only_hprc_asian	DRB1	4	complete	1	1	0	0	development
HG03516	AFR	NG107	alignment_only_hprc	A	2	complete	1	1	1	2	development
HG03516	AFR	NG107	alignment_only_hprc	A	4	complete	1	1	1	2	development
HG03516	AFR	NG107	alignment_only_hprc	B	2	complete	1	1	1	2	development
HG03516	AFR	NG107	alignment_only_hprc	B	4	complete	0	0	0	0	development
HG03516	AFR	NG107	alignment_only_hprc	C	2	complete	1	1	1	2	development
HG03516	AFR	NG107	alignment_only_hprc	C	4	complete	1	1	1	2	development
HG03516	AFR	NG107	alignment_only_hprc	DPA1	2	complete	0	0	0	0	development
HG03516	AFR	NG107	alignment_only_hprc	DPA1	4	complete	0	0	0	0	development
HG03516	AFR	NG107	alignment_only_hprc	DPB1	2	complete	1	1	1	2	development
HG03516	AFR	NG107	alignment_only_hprc	DPB1	4	complete	1	1	1	2	development
HG03516	AFR	NG107	alignment_only_hprc	DQA1	2	complete	1	1	1	2	development
HG03516	AFR	NG107	alignment_only_hprc	DQA1	4	complete	1	1	0	1	development
HG03516	AFR	NG107	alignment_only_hprc	DQB1	2	complete	1	1	1	2	development
HG03516	AFR	NG107	alignment_only_hprc	DQB1	4	complete	1	1	1	2	development
HG03516	AFR	NG107	alignment_only_hprc	DRB1	2	complete	1	1	1	2	development
HG03516	AFR	NG107	alignment_only_hprc	DRB1	4	complete	0	0	0	0	development
HG03516	AFR	NG107	alignment_only_hprc_asian	A	2	complete	1	1	1	2	development
HG03516	AFR	NG107	alignment_only_hprc_asian	A	4	complete	1	1	1	2	development
HG03516	AFR	NG107	alignment_only_hprc_asian	B	2	complete	1	1	1	2	development
HG03516	AFR	NG107	alignment_only_hprc_asian	B	4	complete	0	0	0	0	development
HG03516	AFR	NG107	alignment_only_hprc_asian	C	2	complete	1	1	1	2	development
HG03516	AFR	NG107	alignment_only_hprc_asian	C	4	complete	1	1	1	2	development
HG03516	AFR	NG107	alignment_only_hprc_asian	DPA1	2	complete	0	0	0	0	development
HG03516	AFR	NG107	alignment_only_hprc_asian	DPA1	4	complete	0	0	0	0	development
HG03516	AFR	NG107	alignment_only_hprc_asian	DPB1	2	complete	1	1	1	2	development
HG03516	AFR	NG107	alignment_only_hprc_asian	DPB1	4	complete	1	1	1	2	development
HG03516	AFR	NG107	alignment_only_hprc_asian	DQA1	2	complete	1	1	1	2	development
HG03516	AFR	NG107	alignment_only_hprc_asian	DQA1	4	complete	1	1	0	1	development
HG03516	AFR	NG107	alignment_only_hprc_asian	DQB1	2	complete	1	1	1	2	development
HG03516	AFR	NG107	alignment_only_hprc_asian	DQB1	4	complete	1	1	1	2	development
HG03516	AFR	NG107	alignment_only_hprc_asian	DRB1	2	complete	1	1	1	2	development
HG03516	AFR	NG107	alignment_only_hprc_asian	DRB1	4	complete	0	0	0	0	development
NA19185	AFR	Y039	alignment_only_hprc	A	2	complete	1	1	1	2	development
NA19185	AFR	Y039	alignment_only_hprc	A	4	complete	1	1	1	2	development
NA19185	AFR	Y039	alignment_only_hprc	B	2	complete	1	1	1	2	development
NA19185	AFR	Y039	alignment_only_hprc	B	4	complete	0	0	0	0	development
NA19185	AFR	Y039	alignment_only_hprc	C	2	complete	1	1	1	2	development
NA19185	AFR	Y039	alignment_only_hprc	C	4	complete	1	1	1	2	development
NA19185	AFR	Y039	alignment_only_hprc	DPA1	2	complete	1	1	1	2	development
NA19185	AFR	Y039	alignment_only_hprc	DPA1	4	complete	0	0	0	0	development
NA19185	AFR	Y039	alignment_only_hprc	DPB1	2	complete	1	1	1	2	development
NA19185	AFR	Y039	alignment_only_hprc	DPB1	4	complete	1	1	1	2	development
NA19185	AFR	Y039	alignment_only_hprc	DQA1	2	complete	1	1	1	2	development
NA19185	AFR	Y039	alignment_only_hprc	DQA1	4	complete	1	1	0	0	development
NA19185	AFR	Y039	alignment_only_hprc	DQB1	2	complete	1	1	1	2	development
NA19185	AFR	Y039	alignment_only_hprc	DQB1	4	complete	1	1	1	2	development
NA19185	AFR	Y039	alignment_only_hprc	DRB1	2	complete	1	1	1	2	development
NA19185	AFR	Y039	alignment_only_hprc	DRB1	4	complete	0	0	0	0	development
NA19185	AFR	Y039	alignment_only_hprc_asian	A	2	complete	1	1	1	2	development
NA19185	AFR	Y039	alignment_only_hprc_asian	A	4	complete	1	1	1	2	development
NA19185	AFR	Y039	alignment_only_hprc_asian	B	2	complete	1	1	1	2	development
NA19185	AFR	Y039	alignment_only_hprc_asian	B	4	complete	0	0	0	0	development
NA19185	AFR	Y039	alignment_only_hprc_asian	C	2	complete	1	1	1	2	development
NA19185	AFR	Y039	alignment_only_hprc_asian	C	4	complete	1	1	1	2	development
NA19185	AFR	Y039	alignment_only_hprc_asian	DPA1	2	complete	1	1	1	2	development
NA19185	AFR	Y039	alignment_only_hprc_asian	DPA1	4	complete	0	0	0	0	development
NA19185	AFR	Y039	alignment_only_hprc_asian	DPB1	2	complete	1	1	1	2	development
NA19185	AFR	Y039	alignment_only_hprc_asian	DPB1	4	complete	1	1	1	2	development
NA19185	AFR	Y039	alignment_only_hprc_asian	DQA1	2	complete	1	1	1	2	development
NA19185	AFR	Y039	alignment_only_hprc_asian	DQA1	4	complete	1	1	1	2	development
NA19185	AFR	Y039	alignment_only_hprc_asian	DQB1	2	complete	1	1	1	2	development
NA19185	AFR	Y039	alignment_only_hprc_asian	DQB1	4	complete	1	1	1	2	development
NA19185	AFR	Y039	alignment_only_hprc_asian	DRB1	2	complete	1	1	1	2	development
NA19185	AFR	Y039	alignment_only_hprc_asian	DRB1	4	complete	0	0	0	0	development
HG00290	EUR	HG00290	T1K	A	2	complete	1	1	1	2	exposed_validation
HG00290	EUR	HG00290	ipd_genome	A	2	complete	1	1	1	2	exposed_validation
HG00290	EUR	HG00290	T1K	A	4	complete	1	1	1	2	exposed_validation
HG00290	EUR	HG00290	ipd_genome	A	4	complete	1	1	1	2	exposed_validation
HG00290	EUR	HG00290	T1K	B	2	complete	1	1	1	2	exposed_validation
HG00290	EUR	HG00290	ipd_genome	B	2	complete	1	1	1	2	exposed_validation
HG00290	EUR	HG00290	T1K	B	4	complete	1	1	0	1	exposed_validation
HG00290	EUR	HG00290	ipd_genome	B	4	complete	1	1	1	2	exposed_validation
HG00290	EUR	HG00290	T1K	C	2	complete	1	1	1	2	exposed_validation
HG00290	EUR	HG00290	ipd_genome	C	2	complete	1	1	1	2	exposed_validation
HG00290	EUR	HG00290	T1K	C	4	complete	1	1	0	1	exposed_validation
HG00290	EUR	HG00290	ipd_genome	C	4	complete	1	1	1	2	exposed_validation
HG00290	EUR	HG00290	T1K	DPA1	2	complete	1	1	1	2	exposed_validation
HG00290	EUR	HG00290	ipd_genome	DPA1	2	complete	1	1	1	2	exposed_validation
HG00290	EUR	HG00290	T1K	DPA1	4	complete	1	1	1	2	exposed_validation
HG00290	EUR	HG00290	ipd_genome	DPA1	4	complete	1	1	1	2	exposed_validation
HG00290	EUR	HG00290	T1K	DPB1	2	complete	1	1	1	2	exposed_validation
HG00290	EUR	HG00290	ipd_genome	DPB1	2	complete	1	1	1	2	exposed_validation
HG00290	EUR	HG00290	T1K	DPB1	4	complete	1	1	0	1	exposed_validation
HG00290	EUR	HG00290	ipd_genome	DPB1	4	complete	1	1	1	2	exposed_validation
HG00290	EUR	HG00290	T1K	DQA1	2	complete	1	1	1	2	exposed_validation
HG00290	EUR	HG00290	ipd_genome	DQA1	2	complete	1	1	1	2	exposed_validation
HG00290	EUR	HG00290	T1K	DQA1	4	complete	1	1	1	2	exposed_validation
HG00290	EUR	HG00290	ipd_genome	DQA1	4	complete	1	1	0	1	exposed_validation
HG00290	EUR	HG00290	T1K	DQB1	2	complete	1	1	1	2	exposed_validation
HG00290	EUR	HG00290	ipd_genome	DQB1	2	complete	1	1	1	2	exposed_validation
HG00290	EUR	HG00290	T1K	DQB1	4	complete	1	1	0	0	exposed_validation
HG00290	EUR	HG00290	ipd_genome	DQB1	4	complete	1	1	1	2	exposed_validation
HG00290	EUR	HG00290	T1K	DRB1	2	complete	1	1	1	2	exposed_validation
HG00290	EUR	HG00290	ipd_genome	DRB1	2	complete	1	1	1	2	exposed_validation
HG00290	EUR	HG00290	T1K	DRB1	4	complete	0	0	0	0	exposed_validation
HG00290	EUR	HG00290	ipd_genome	DRB1	4	complete	0	0	0	0	exposed_validation
HG01433	AMR	CLM43	T1K	A	2	complete	1	1	1	2	exposed_validation
HG01433	AMR	CLM43	ipd_genome	A	2	complete	1	1	1	2	exposed_validation
HG01433	AMR	CLM43	T1K	A	4	complete	1	1	1	2	exposed_validation
HG01433	AMR	CLM43	ipd_genome	A	4	complete	1	1	1	2	exposed_validation
HG01433	AMR	CLM43	T1K	B	2	complete	1	1	1	2	exposed_validation
HG01433	AMR	CLM43	ipd_genome	B	2	complete	1	1	1	2	exposed_validation
HG01433	AMR	CLM43	T1K	B	4	complete	0	0	0	0	exposed_validation
HG01433	AMR	CLM43	ipd_genome	B	4	complete	0	0	0	0	exposed_validation
HG01433	AMR	CLM43	T1K	C	2	complete	1	1	1	2	exposed_validation
HG01433	AMR	CLM43	ipd_genome	C	2	complete	1	1	1	2	exposed_validation
HG01433	AMR	CLM43	T1K	C	4	complete	1	1	1	2	exposed_validation
HG01433	AMR	CLM43	ipd_genome	C	4	complete	1	1	1	2	exposed_validation
HG01433	AMR	CLM43	T1K	DPA1	2	complete	1	1	1	2	exposed_validation
HG01433	AMR	CLM43	ipd_genome	DPA1	2	complete	1	1	1	2	exposed_validation
HG01433	AMR	CLM43	T1K	DPA1	4	complete	1	1	0	0	exposed_validation
HG01433	AMR	CLM43	ipd_genome	DPA1	4	complete	1	1	1	2	exposed_validation
HG01433	AMR	CLM43	T1K	DPB1	2	complete	1	1	1	2	exposed_validation
HG01433	AMR	CLM43	ipd_genome	DPB1	2	complete	1	1	0	1	exposed_validation
HG01433	AMR	CLM43	T1K	DPB1	4	complete	1	1	0	1	exposed_validation
HG01433	AMR	CLM43	ipd_genome	DPB1	4	complete	1	0	0	1	exposed_validation
HG01433	AMR	CLM43	T1K	DQA1	2	complete	1	1	1	2	exposed_validation
HG01433	AMR	CLM43	ipd_genome	DQA1	2	complete	1	1	1	2	exposed_validation
HG01433	AMR	CLM43	T1K	DQA1	4	complete	1	1	1	2	exposed_validation
HG01433	AMR	CLM43	ipd_genome	DQA1	4	complete	1	1	1	2	exposed_validation
HG01433	AMR	CLM43	T1K	DQB1	2	complete	1	1	1	2	exposed_validation
HG01433	AMR	CLM43	ipd_genome	DQB1	2	complete	1	1	1	2	exposed_validation
HG01433	AMR	CLM43	T1K	DQB1	4	complete	1	1	1	2	exposed_validation
HG01433	AMR	CLM43	ipd_genome	DQB1	4	complete	1	1	1	2	exposed_validation
HG01433	AMR	CLM43	T1K	DRB1	2	complete	1	1	1	2	exposed_validation
HG01433	AMR	CLM43	ipd_genome	DRB1	2	complete	1	1	1	2	exposed_validation
HG01433	AMR	CLM43	T1K	DRB1	4	complete	0	0	0	0	exposed_validation
HG01433	AMR	CLM43	ipd_genome	DRB1	4	complete	0	0	0	0	exposed_validation
HG01884	AFR	BB03	T1K	A	2	complete	1	1	1	2	exposed_validation
HG01884	AFR	BB03	ipd_genome	A	2	complete	1	1	1	2	exposed_validation
HG01884	AFR	BB03	T1K	A	4	complete	1	1	1	2	exposed_validation
HG01884	AFR	BB03	ipd_genome	A	4	complete	1	1	1	2	exposed_validation
HG01884	AFR	BB03	T1K	B	2	complete	1	1	1	2	exposed_validation
HG01884	AFR	BB03	ipd_genome	B	2	complete	1	1	1	2	exposed_validation
HG01884	AFR	BB03	T1K	B	4	complete	0	0	0	0	exposed_validation
HG01884	AFR	BB03	ipd_genome	B	4	complete	0	0	0	0	exposed_validation
HG01884	AFR	BB03	T1K	C	2	complete	1	1	1	2	exposed_validation
HG01884	AFR	BB03	ipd_genome	C	2	complete	1	1	1	2	exposed_validation
HG01884	AFR	BB03	T1K	C	4	complete	0	0	0	0	exposed_validation
HG01884	AFR	BB03	ipd_genome	C	4	complete	0	0	0	0	exposed_validation
HG01884	AFR	BB03	T1K	DPA1	2	complete	1	1	1	2	exposed_validation
HG01884	AFR	BB03	ipd_genome	DPA1	2	complete	1	1	1	2	exposed_validation
HG01884	AFR	BB03	T1K	DPA1	4	complete	1	1	0	0	exposed_validation
HG01884	AFR	BB03	ipd_genome	DPA1	4	complete	1	1	1	2	exposed_validation
HG01884	AFR	BB03	T1K	DPB1	2	complete	1	1	1	2	exposed_validation
HG01884	AFR	BB03	ipd_genome	DPB1	2	complete	1	1	1	2	exposed_validation
HG01884	AFR	BB03	T1K	DPB1	4	complete	0	0	0	0	exposed_validation
HG01884	AFR	BB03	ipd_genome	DPB1	4	complete	0	0	0	0	exposed_validation
HG01884	AFR	BB03	T1K	DQA1	2	complete	1	1	1	2	exposed_validation
HG01884	AFR	BB03	ipd_genome	DQA1	2	complete	1	1	1	2	exposed_validation
HG01884	AFR	BB03	T1K	DQA1	4	complete	0	0	0	0	exposed_validation
HG01884	AFR	BB03	ipd_genome	DQA1	4	complete	0	0	0	0	exposed_validation
HG01884	AFR	BB03	T1K	DQB1	2	complete	1	1	1	2	exposed_validation
HG01884	AFR	BB03	ipd_genome	DQB1	2	complete	1	1	1	2	exposed_validation
HG01884	AFR	BB03	T1K	DQB1	4	complete	1	1	0	1	exposed_validation
HG01884	AFR	BB03	ipd_genome	DQB1	4	complete	1	1	1	2	exposed_validation
HG01884	AFR	BB03	T1K	DRB1	2	complete	1	1	1	2	exposed_validation
HG01884	AFR	BB03	ipd_genome	DRB1	2	complete	1	1	0	1	exposed_validation
HG01884	AFR	BB03	T1K	DRB1	4	complete	0	0	0	0	exposed_validation
HG01884	AFR	BB03	ipd_genome	DRB1	4	complete	0	0	0	0	exposed_validation
HG01891	AFR	BB05	T1K	A	2	complete	1	1	1	2	exposed_validation
HG01891	AFR	BB05	ipd_genome	A	2	complete	1	1	1	2	exposed_validation
HG01891	AFR	BB05	T1K	A	4	complete	1	1	1	2	exposed_validation
HG01891	AFR	BB05	ipd_genome	A	4	complete	1	1	1	2	exposed_validation
HG01891	AFR	BB05	T1K	B	2	complete	1	1	1	2	exposed_validation
HG01891	AFR	BB05	ipd_genome	B	2	complete	1	1	1	2	exposed_validation
HG01891	AFR	BB05	T1K	B	4	complete	1	1	0	1	exposed_validation
HG01891	AFR	BB05	ipd_genome	B	4	complete	1	1	0	1	exposed_validation
HG01891	AFR	BB05	T1K	C	2	complete	1	1	1	2	exposed_validation
HG01891	AFR	BB05	ipd_genome	C	2	complete	1	1	1	2	exposed_validation
HG01891	AFR	BB05	T1K	C	4	complete	0	0	0	0	exposed_validation
HG01891	AFR	BB05	ipd_genome	C	4	complete	0	0	0	0	exposed_validation
HG01891	AFR	BB05	T1K	DPA1	2	complete	1	1	1	2	exposed_validation
HG01891	AFR	BB05	ipd_genome	DPA1	2	complete	1	1	1	2	exposed_validation
HG01891	AFR	BB05	T1K	DPA1	4	complete	0	0	0	0	exposed_validation
HG01891	AFR	BB05	ipd_genome	DPA1	4	complete	0	0	0	0	exposed_validation
HG01891	AFR	BB05	T1K	DPB1	2	complete	1	1	1	2	exposed_validation
HG01891	AFR	BB05	ipd_genome	DPB1	2	complete	1	1	1	2	exposed_validation
HG01891	AFR	BB05	T1K	DPB1	4	complete	1	1	0	1	exposed_validation
HG01891	AFR	BB05	ipd_genome	DPB1	4	complete	1	1	1	2	exposed_validation
HG01891	AFR	BB05	T1K	DQA1	2	complete	1	1	1	2	exposed_validation
HG01891	AFR	BB05	ipd_genome	DQA1	2	complete	1	1	1	2	exposed_validation
HG01891	AFR	BB05	T1K	DQA1	4	complete	1	1	0	1	exposed_validation
HG01891	AFR	BB05	ipd_genome	DQA1	4	complete	1	1	0	1	exposed_validation
HG01891	AFR	BB05	T1K	DQB1	2	complete	1	1	1	2	exposed_validation
HG01891	AFR	BB05	ipd_genome	DQB1	2	complete	1	1	1	2	exposed_validation
HG01891	AFR	BB05	T1K	DQB1	4	complete	1	1	1	2	exposed_validation
HG01891	AFR	BB05	ipd_genome	DQB1	4	complete	1	1	1	2	exposed_validation
HG01891	AFR	BB05	T1K	DRB1	2	complete	1	1	1	2	exposed_validation
HG01891	AFR	BB05	ipd_genome	DRB1	2	complete	1	1	1	2	exposed_validation
HG01891	AFR	BB05	T1K	DRB1	4	complete	0	0	0	0	exposed_validation
HG01891	AFR	BB05	ipd_genome	DRB1	4	complete	0	0	0	0	exposed_validation
HG01928	AMR	PEL011	T1K	A	2	complete	1	1	1	2	exposed_validation
HG01928	AMR	PEL011	ipd_genome	A	2	complete	1	1	1	2	exposed_validation
HG01928	AMR	PEL011	T1K	A	4	complete	1	1	1	2	exposed_validation
HG01928	AMR	PEL011	ipd_genome	A	4	complete	1	1	1	2	exposed_validation
HG01928	AMR	PEL011	T1K	B	2	complete	1	1	1	2	exposed_validation
HG01928	AMR	PEL011	ipd_genome	B	2	complete	1	1	1	2	exposed_validation
HG01928	AMR	PEL011	T1K	B	4	complete	0	0	0	0	exposed_validation
HG01928	AMR	PEL011	ipd_genome	B	4	complete	0	0	0	0	exposed_validation
HG01928	AMR	PEL011	T1K	C	2	complete	1	1	1	2	exposed_validation
HG01928	AMR	PEL011	ipd_genome	C	2	complete	1	1	1	2	exposed_validation
HG01928	AMR	PEL011	T1K	C	4	complete	1	1	0	0	exposed_validation
HG01928	AMR	PEL011	ipd_genome	C	4	complete	1	1	1	2	exposed_validation
HG01928	AMR	PEL011	T1K	DPA1	2	complete	1	1	1	2	exposed_validation
HG01928	AMR	PEL011	ipd_genome	DPA1	2	complete	1	1	1	2	exposed_validation
HG01928	AMR	PEL011	T1K	DPA1	4	complete	1	1	0	1	exposed_validation
HG01928	AMR	PEL011	ipd_genome	DPA1	4	complete	1	1	1	2	exposed_validation
HG01928	AMR	PEL011	T1K	DPB1	2	complete	1	1	1	2	exposed_validation
HG01928	AMR	PEL011	ipd_genome	DPB1	2	complete	1	1	1	2	exposed_validation
HG01928	AMR	PEL011	T1K	DPB1	4	complete	1	1	0	1	exposed_validation
HG01928	AMR	PEL011	ipd_genome	DPB1	4	complete	1	1	1	2	exposed_validation
HG01928	AMR	PEL011	T1K	DQA1	2	complete	1	1	1	2	exposed_validation
HG01928	AMR	PEL011	ipd_genome	DQA1	2	complete	1	1	1	2	exposed_validation
HG01928	AMR	PEL011	T1K	DQA1	4	complete	1	1	1	2	exposed_validation
HG01928	AMR	PEL011	ipd_genome	DQA1	4	complete	1	1	1	2	exposed_validation
HG01928	AMR	PEL011	T1K	DQB1	2	complete	1	1	1	2	exposed_validation
HG01928	AMR	PEL011	ipd_genome	DQB1	2	complete	1	1	1	2	exposed_validation
HG01928	AMR	PEL011	T1K	DQB1	4	complete	1	1	0	1	exposed_validation
HG01928	AMR	PEL011	ipd_genome	DQB1	4	complete	1	1	1	2	exposed_validation
HG01928	AMR	PEL011	T1K	DRB1	2	complete	1	1	1	2	exposed_validation
HG01928	AMR	PEL011	ipd_genome	DRB1	2	complete	1	1	0	1	exposed_validation
HG01928	AMR	PEL011	T1K	DRB1	4	complete	0	0	0	0	exposed_validation
HG01928	AMR	PEL011	ipd_genome	DRB1	4	complete	0	0	0	0	exposed_validation
HG01934	AMR	PEL013	T1K	A	2	complete	1	1	1	2	exposed_validation
HG01934	AMR	PEL013	ipd_genome	A	2	complete	1	1	1	2	exposed_validation
HG01934	AMR	PEL013	T1K	A	4	complete	0	0	0	0	exposed_validation
HG01934	AMR	PEL013	ipd_genome	A	4	complete	0	0	0	0	exposed_validation
HG01934	AMR	PEL013	T1K	B	2	complete	1	1	1	2	exposed_validation
HG01934	AMR	PEL013	ipd_genome	B	2	complete	1	1	0	1	exposed_validation
HG01934	AMR	PEL013	T1K	B	4	complete	0	0	0	0	exposed_validation
HG01934	AMR	PEL013	ipd_genome	B	4	complete	0	0	0	0	exposed_validation
HG01934	AMR	PEL013	T1K	C	2	complete	1	1	1	2	exposed_validation
HG01934	AMR	PEL013	ipd_genome	C	2	complete	1	1	0	1	exposed_validation
HG01934	AMR	PEL013	T1K	C	4	complete	0	0	0	0	exposed_validation
HG01934	AMR	PEL013	ipd_genome	C	4	complete	0	0	0	0	exposed_validation
HG01934	AMR	PEL013	T1K	DPA1	2	complete	1	1	1	2	exposed_validation
HG01934	AMR	PEL013	ipd_genome	DPA1	2	complete	1	1	1	2	exposed_validation
HG01934	AMR	PEL013	T1K	DPA1	4	complete	0	0	0	0	exposed_validation
HG01934	AMR	PEL013	ipd_genome	DPA1	4	complete	0	0	0	0	exposed_validation
HG01934	AMR	PEL013	T1K	DPB1	2	complete	1	1	1	2	exposed_validation
HG01934	AMR	PEL013	ipd_genome	DPB1	2	complete	1	1	1	2	exposed_validation
HG01934	AMR	PEL013	T1K	DPB1	4	complete	1	1	1	2	exposed_validation
HG01934	AMR	PEL013	ipd_genome	DPB1	4	complete	1	1	1	2	exposed_validation
HG01934	AMR	PEL013	T1K	DQA1	2	complete	1	1	1	2	exposed_validation
HG01934	AMR	PEL013	ipd_genome	DQA1	2	complete	1	1	1	2	exposed_validation
HG01934	AMR	PEL013	T1K	DQA1	4	complete	0	0	0	0	exposed_validation
HG01934	AMR	PEL013	ipd_genome	DQA1	4	complete	0	0	0	0	exposed_validation
HG01934	AMR	PEL013	T1K	DQB1	2	complete	1	1	1	2	exposed_validation
HG01934	AMR	PEL013	ipd_genome	DQB1	2	complete	1	1	1	2	exposed_validation
HG01934	AMR	PEL013	T1K	DQB1	4	complete	1	1	1	2	exposed_validation
HG01934	AMR	PEL013	ipd_genome	DQB1	4	complete	1	1	1	2	exposed_validation
HG01934	AMR	PEL013	T1K	DRB1	2	complete	1	1	1	2	exposed_validation
HG01934	AMR	PEL013	ipd_genome	DRB1	2	complete	1	1	0	1	exposed_validation
HG01934	AMR	PEL013	T1K	DRB1	4	complete	0	0	0	0	exposed_validation
HG01934	AMR	PEL013	ipd_genome	DRB1	4	complete	0	0	0	0	exposed_validation
HG01940	AMR	PEL015	T1K	A	2	complete	1	1	1	2	exposed_validation
HG01940	AMR	PEL015	ipd_genome	A	2	complete	1	1	1	2	exposed_validation
HG01940	AMR	PEL015	T1K	A	4	complete	1	1	1	2	exposed_validation
HG01940	AMR	PEL015	ipd_genome	A	4	complete	1	1	1	2	exposed_validation
HG01940	AMR	PEL015	T1K	B	2	complete	1	1	1	2	exposed_validation
HG01940	AMR	PEL015	ipd_genome	B	2	complete	1	1	1	2	exposed_validation
HG01940	AMR	PEL015	T1K	B	4	complete	0	0	0	0	exposed_validation
HG01940	AMR	PEL015	ipd_genome	B	4	complete	0	0	0	0	exposed_validation
HG01940	AMR	PEL015	T1K	C	2	complete	1	1	1	2	exposed_validation
HG01940	AMR	PEL015	ipd_genome	C	2	complete	1	1	1	2	exposed_validation
HG01940	AMR	PEL015	T1K	C	4	complete	1	1	0	1	exposed_validation
HG01940	AMR	PEL015	ipd_genome	C	4	complete	1	1	1	2	exposed_validation
HG01940	AMR	PEL015	T1K	DPA1	2	complete	1	1	1	2	exposed_validation
HG01940	AMR	PEL015	ipd_genome	DPA1	2	complete	1	1	1	2	exposed_validation
HG01940	AMR	PEL015	T1K	DPA1	4	complete	0	0	0	0	exposed_validation
HG01940	AMR	PEL015	ipd_genome	DPA1	4	complete	0	0	0	0	exposed_validation
HG01940	AMR	PEL015	T1K	DPB1	2	complete	1	1	1	2	exposed_validation
HG01940	AMR	PEL015	ipd_genome	DPB1	2	complete	1	1	1	2	exposed_validation
HG01940	AMR	PEL015	T1K	DPB1	4	complete	1	1	0	1	exposed_validation
HG01940	AMR	PEL015	ipd_genome	DPB1	4	complete	1	1	1	2	exposed_validation
HG01940	AMR	PEL015	T1K	DQA1	2	complete	1	1	1	2	exposed_validation
HG01940	AMR	PEL015	ipd_genome	DQA1	2	complete	1	1	1	2	exposed_validation
HG01940	AMR	PEL015	T1K	DQA1	4	complete	0	0	0	0	exposed_validation
HG01940	AMR	PEL015	ipd_genome	DQA1	4	complete	0	0	0	0	exposed_validation
HG01940	AMR	PEL015	T1K	DQB1	2	complete	1	1	0	1	exposed_validation
HG01940	AMR	PEL015	ipd_genome	DQB1	2	complete	1	1	1	2	exposed_validation
HG01940	AMR	PEL015	T1K	DQB1	4	complete	1	0	0	0	exposed_validation
HG01940	AMR	PEL015	ipd_genome	DQB1	4	complete	1	1	1	2	exposed_validation
HG01940	AMR	PEL015	T1K	DRB1	2	complete	1	1	1	2	exposed_validation
HG01940	AMR	PEL015	ipd_genome	DRB1	2	complete	1	1	0	1	exposed_validation
HG01940	AMR	PEL015	T1K	DRB1	4	complete	0	0	0	0	exposed_validation
HG01940	AMR	PEL015	ipd_genome	DRB1	4	complete	0	0	0	0	exposed_validation
HG01943	AMR	PEL016	T1K	A	2	complete	1	1	1	2	exposed_validation
HG01943	AMR	PEL016	ipd_genome	A	2	complete	1	1	1	2	exposed_validation
HG01943	AMR	PEL016	T1K	A	4	complete	1	1	1	2	exposed_validation
HG01943	AMR	PEL016	ipd_genome	A	4	complete	1	1	1	2	exposed_validation
HG01943	AMR	PEL016	T1K	B	2	complete	1	1	1	2	exposed_validation
HG01943	AMR	PEL016	ipd_genome	B	2	complete	1	1	1	2	exposed_validation
HG01943	AMR	PEL016	T1K	B	4	complete	0	0	0	0	exposed_validation
HG01943	AMR	PEL016	ipd_genome	B	4	complete	0	0	0	0	exposed_validation
HG01943	AMR	PEL016	T1K	C	2	complete	1	1	1	2	exposed_validation
HG01943	AMR	PEL016	ipd_genome	C	2	complete	1	1	1	2	exposed_validation
HG01943	AMR	PEL016	T1K	C	4	complete	1	1	0	0	exposed_validation
HG01943	AMR	PEL016	ipd_genome	C	4	complete	1	1	1	2	exposed_validation
HG01943	AMR	PEL016	T1K	DPA1	2	complete	1	1	1	2	exposed_validation
HG01943	AMR	PEL016	ipd_genome	DPA1	2	complete	1	1	1	2	exposed_validation
HG01943	AMR	PEL016	T1K	DPA1	4	complete	1	1	0	1	exposed_validation
HG01943	AMR	PEL016	ipd_genome	DPA1	4	complete	1	1	1	2	exposed_validation
HG01943	AMR	PEL016	T1K	DPB1	2	complete	1	1	1	2	exposed_validation
HG01943	AMR	PEL016	ipd_genome	DPB1	2	complete	1	1	1	2	exposed_validation
HG01943	AMR	PEL016	T1K	DPB1	4	complete	0	0	0	0	exposed_validation
HG01943	AMR	PEL016	ipd_genome	DPB1	4	complete	0	0	0	0	exposed_validation
HG01943	AMR	PEL016	T1K	DQA1	2	complete	1	1	1	2	exposed_validation
HG01943	AMR	PEL016	ipd_genome	DQA1	2	complete	1	1	1	2	exposed_validation
HG01943	AMR	PEL016	T1K	DQA1	4	complete	1	1	1	2	exposed_validation
HG01943	AMR	PEL016	ipd_genome	DQA1	4	complete	1	1	1	2	exposed_validation
HG01943	AMR	PEL016	T1K	DQB1	2	complete	1	1	1	2	exposed_validation
HG01943	AMR	PEL016	ipd_genome	DQB1	2	complete	1	1	1	2	exposed_validation
HG01943	AMR	PEL016	T1K	DQB1	4	complete	1	1	0	1	exposed_validation
HG01943	AMR	PEL016	ipd_genome	DQB1	4	complete	1	1	1	2	exposed_validation
HG01943	AMR	PEL016	T1K	DRB1	2	complete	0	0	0	0	exposed_validation
HG01943	AMR	PEL016	ipd_genome	DRB1	2	complete	0	0	0	0	exposed_validation
HG01943	AMR	PEL016	T1K	DRB1	4	complete	0	0	0	0	exposed_validation
HG01943	AMR	PEL016	ipd_genome	DRB1	4	complete	0	0	0	0	exposed_validation
HG01952	AMR	PEL019	T1K	A	2	complete	1	1	1	2	exposed_validation
HG01952	AMR	PEL019	ipd_genome	A	2	complete	1	1	1	2	exposed_validation
HG01952	AMR	PEL019	T1K	A	4	complete	0	0	0	0	exposed_validation
HG01952	AMR	PEL019	ipd_genome	A	4	complete	0	0	0	0	exposed_validation
HG01952	AMR	PEL019	T1K	B	2	complete	1	1	1	2	exposed_validation
HG01952	AMR	PEL019	ipd_genome	B	2	complete	1	1	1	2	exposed_validation
HG01952	AMR	PEL019	T1K	B	4	complete	1	1	1	2	exposed_validation
HG01952	AMR	PEL019	ipd_genome	B	4	complete	1	1	1	2	exposed_validation
HG01952	AMR	PEL019	T1K	C	2	complete	1	1	1	2	exposed_validation
HG01952	AMR	PEL019	ipd_genome	C	2	complete	1	1	1	2	exposed_validation
HG01952	AMR	PEL019	T1K	C	4	complete	0	0	0	0	exposed_validation
HG01952	AMR	PEL019	ipd_genome	C	4	complete	0	0	0	0	exposed_validation
HG01952	AMR	PEL019	T1K	DPA1	2	complete	1	1	1	2	exposed_validation
HG01952	AMR	PEL019	ipd_genome	DPA1	2	complete	1	1	1	2	exposed_validation
HG01952	AMR	PEL019	T1K	DPA1	4	complete	0	0	0	0	exposed_validation
HG01952	AMR	PEL019	ipd_genome	DPA1	4	complete	0	0	0	0	exposed_validation
HG01952	AMR	PEL019	T1K	DPB1	2	complete	1	1	1	2	exposed_validation
HG01952	AMR	PEL019	ipd_genome	DPB1	2	complete	1	1	1	2	exposed_validation
HG01952	AMR	PEL019	T1K	DPB1	4	complete	1	1	0	0	exposed_validation
HG01952	AMR	PEL019	ipd_genome	DPB1	4	complete	1	1	1	2	exposed_validation
HG01952	AMR	PEL019	T1K	DQA1	2	complete	1	1	1	2	exposed_validation
HG01952	AMR	PEL019	ipd_genome	DQA1	2	complete	1	1	1	2	exposed_validation
HG01952	AMR	PEL019	T1K	DQA1	4	complete	0	0	0	0	exposed_validation
HG01952	AMR	PEL019	ipd_genome	DQA1	4	complete	0	0	0	0	exposed_validation
HG01952	AMR	PEL019	T1K	DQB1	2	complete	1	1	1	2	exposed_validation
HG01952	AMR	PEL019	ipd_genome	DQB1	2	complete	1	1	1	2	exposed_validation
HG01952	AMR	PEL019	T1K	DQB1	4	complete	1	1	0	1	exposed_validation
HG01952	AMR	PEL019	ipd_genome	DQB1	4	complete	1	1	1	2	exposed_validation
HG01952	AMR	PEL019	T1K	DRB1	2	complete	1	1	1	2	exposed_validation
HG01952	AMR	PEL019	ipd_genome	DRB1	2	complete	1	1	0	1	exposed_validation
HG01952	AMR	PEL019	T1K	DRB1	4	complete	0	0	0	0	exposed_validation
HG01952	AMR	PEL019	ipd_genome	DRB1	4	complete	0	0	0	0	exposed_validation
HG01969	AMR	PEL023	T1K	A	2	complete	1	1	1	2	exposed_validation
HG01969	AMR	PEL023	ipd_genome	A	2	complete	1	1	1	2	exposed_validation
HG01969	AMR	PEL023	T1K	A	4	complete	1	1	1	2	exposed_validation
HG01969	AMR	PEL023	ipd_genome	A	4	complete	1	1	1	2	exposed_validation
HG01969	AMR	PEL023	T1K	B	2	complete	1	1	1	2	exposed_validation
HG01969	AMR	PEL023	ipd_genome	B	2	complete	1	1	1	2	exposed_validation
HG01969	AMR	PEL023	T1K	B	4	complete	1	1	0	1	exposed_validation
HG01969	AMR	PEL023	ipd_genome	B	4	complete	1	1	1	2	exposed_validation
HG01969	AMR	PEL023	T1K	C	2	complete	1	1	1	2	exposed_validation
HG01969	AMR	PEL023	ipd_genome	C	2	complete	1	1	1	2	exposed_validation
HG01969	AMR	PEL023	T1K	C	4	complete	1	1	0	0	exposed_validation
HG01969	AMR	PEL023	ipd_genome	C	4	complete	1	1	0	0	exposed_validation
HG01969	AMR	PEL023	T1K	DPA1	2	complete	1	1	1	2	exposed_validation
HG01969	AMR	PEL023	ipd_genome	DPA1	2	complete	1	1	1	2	exposed_validation
HG01969	AMR	PEL023	T1K	DPA1	4	complete	0	0	0	0	exposed_validation
HG01969	AMR	PEL023	ipd_genome	DPA1	4	complete	0	0	0	0	exposed_validation
HG01969	AMR	PEL023	T1K	DPB1	2	complete	1	1	1	2	exposed_validation
HG01969	AMR	PEL023	ipd_genome	DPB1	2	complete	1	1	1	2	exposed_validation
HG01969	AMR	PEL023	T1K	DPB1	4	complete	1	1	1	2	exposed_validation
HG01969	AMR	PEL023	ipd_genome	DPB1	4	complete	1	1	1	2	exposed_validation
HG01969	AMR	PEL023	T1K	DQA1	2	complete	1	1	1	2	exposed_validation
HG01969	AMR	PEL023	ipd_genome	DQA1	2	complete	1	1	1	2	exposed_validation
HG01969	AMR	PEL023	T1K	DQA1	4	complete	1	1	1	2	exposed_validation
HG01969	AMR	PEL023	ipd_genome	DQA1	4	complete	1	1	1	2	exposed_validation
HG01969	AMR	PEL023	T1K	DQB1	2	complete	1	1	1	2	exposed_validation
HG01969	AMR	PEL023	ipd_genome	DQB1	2	complete	1	1	1	2	exposed_validation
HG01969	AMR	PEL023	T1K	DQB1	4	complete	1	1	0	1	exposed_validation
HG01969	AMR	PEL023	ipd_genome	DQB1	4	complete	1	1	1	2	exposed_validation
HG01969	AMR	PEL023	T1K	DRB1	2	complete	1	1	1	2	exposed_validation
HG01969	AMR	PEL023	ipd_genome	DRB1	2	complete	1	1	1	2	exposed_validation
HG01969	AMR	PEL023	T1K	DRB1	4	complete	0	0	0	0	exposed_validation
HG01969	AMR	PEL023	ipd_genome	DRB1	4	complete	0	0	0	0	exposed_validation
HG01975	AMR	PEL25	T1K	A	2	complete	1	1	1	2	exposed_validation
HG01975	AMR	PEL25	ipd_genome	A	2	complete	1	1	1	2	exposed_validation
HG01975	AMR	PEL25	T1K	A	4	complete	1	1	1	2	exposed_validation
HG01975	AMR	PEL25	ipd_genome	A	4	complete	1	1	1	2	exposed_validation
HG01975	AMR	PEL25	T1K	B	2	complete	1	1	1	2	exposed_validation
HG01975	AMR	PEL25	ipd_genome	B	2	complete	1	1	0	1	exposed_validation
HG01975	AMR	PEL25	T1K	B	4	complete	1	1	1	2	exposed_validation
HG01975	AMR	PEL25	ipd_genome	B	4	complete	1	0	0	1	exposed_validation
HG01975	AMR	PEL25	T1K	C	2	complete	1	1	1	2	exposed_validation
HG01975	AMR	PEL25	ipd_genome	C	2	complete	1	1	1	2	exposed_validation
HG01975	AMR	PEL25	T1K	C	4	complete	1	1	0	0	exposed_validation
HG01975	AMR	PEL25	ipd_genome	C	4	complete	1	1	1	2	exposed_validation
HG01975	AMR	PEL25	T1K	DPA1	2	complete	1	1	1	2	exposed_validation
HG01975	AMR	PEL25	ipd_genome	DPA1	2	complete	1	1	1	2	exposed_validation
HG01975	AMR	PEL25	T1K	DPA1	4	complete	0	0	0	0	exposed_validation
HG01975	AMR	PEL25	ipd_genome	DPA1	4	complete	0	0	0	0	exposed_validation
HG01975	AMR	PEL25	T1K	DPB1	2	complete	1	1	1	2	exposed_validation
HG01975	AMR	PEL25	ipd_genome	DPB1	2	complete	1	1	1	2	exposed_validation
HG01975	AMR	PEL25	T1K	DPB1	4	complete	1	1	0	1	exposed_validation
HG01975	AMR	PEL25	ipd_genome	DPB1	4	complete	1	1	1	2	exposed_validation
HG01975	AMR	PEL25	T1K	DQA1	2	complete	1	1	1	2	exposed_validation
HG01975	AMR	PEL25	ipd_genome	DQA1	2	complete	1	1	1	2	exposed_validation
HG01975	AMR	PEL25	T1K	DQA1	4	complete	1	1	1	2	exposed_validation
HG01975	AMR	PEL25	ipd_genome	DQA1	4	complete	1	1	1	2	exposed_validation
HG01975	AMR	PEL25	T1K	DQB1	2	complete	1	1	1	2	exposed_validation
HG01975	AMR	PEL25	ipd_genome	DQB1	2	complete	1	1	1	2	exposed_validation
HG01975	AMR	PEL25	T1K	DQB1	4	complete	1	1	0	1	exposed_validation
HG01975	AMR	PEL25	ipd_genome	DQB1	4	complete	1	1	1	2	exposed_validation
HG01975	AMR	PEL25	T1K	DRB1	2	complete	1	1	1	2	exposed_validation
HG01975	AMR	PEL25	ipd_genome	DRB1	2	complete	1	1	1	2	exposed_validation
HG01975	AMR	PEL25	T1K	DRB1	4	complete	0	0	0	0	exposed_validation
HG01975	AMR	PEL25	ipd_genome	DRB1	4	complete	0	0	0	0	exposed_validation
HG01978	AMR	PEL26	T1K	A	2	complete	1	1	1	2	exposed_validation
HG01978	AMR	PEL26	ipd_genome	A	2	complete	1	1	1	2	exposed_validation
HG01978	AMR	PEL26	T1K	A	4	complete	0	0	0	0	exposed_validation
HG01978	AMR	PEL26	ipd_genome	A	4	complete	0	0	0	0	exposed_validation
HG01978	AMR	PEL26	T1K	B	2	complete	1	1	1	2	exposed_validation
HG01978	AMR	PEL26	ipd_genome	B	2	complete	1	1	1	2	exposed_validation
HG01978	AMR	PEL26	T1K	B	4	complete	1	1	0	1	exposed_validation
HG01978	AMR	PEL26	ipd_genome	B	4	complete	1	1	1	2	exposed_validation
HG01978	AMR	PEL26	T1K	C	2	complete	1	1	1	2	exposed_validation
HG01978	AMR	PEL26	ipd_genome	C	2	complete	1	1	1	2	exposed_validation
HG01978	AMR	PEL26	T1K	C	4	complete	1	1	0	0	exposed_validation
HG01978	AMR	PEL26	ipd_genome	C	4	complete	1	1	1	2	exposed_validation
HG01978	AMR	PEL26	T1K	DPA1	2	complete	1	1	1	2	exposed_validation
HG01978	AMR	PEL26	ipd_genome	DPA1	2	complete	1	1	1	2	exposed_validation
HG01978	AMR	PEL26	T1K	DPA1	4	complete	1	1	0	0	exposed_validation
HG01978	AMR	PEL26	ipd_genome	DPA1	4	complete	1	1	1	2	exposed_validation
HG01978	AMR	PEL26	T1K	DPB1	2	complete	1	1	1	2	exposed_validation
HG01978	AMR	PEL26	ipd_genome	DPB1	2	complete	1	1	1	2	exposed_validation
HG01978	AMR	PEL26	T1K	DPB1	4	complete	1	1	0	0	exposed_validation
HG01978	AMR	PEL26	ipd_genome	DPB1	4	complete	1	1	1	2	exposed_validation
HG01978	AMR	PEL26	T1K	DQA1	2	complete	1	1	1	2	exposed_validation
HG01978	AMR	PEL26	ipd_genome	DQA1	2	complete	1	1	1	2	exposed_validation
HG01978	AMR	PEL26	T1K	DQA1	4	complete	1	1	0	1	exposed_validation
HG01978	AMR	PEL26	ipd_genome	DQA1	4	complete	1	1	0	1	exposed_validation
HG01978	AMR	PEL26	T1K	DQB1	2	complete	1	1	1	2	exposed_validation
HG01978	AMR	PEL26	ipd_genome	DQB1	2	complete	1	1	1	2	exposed_validation
HG01978	AMR	PEL26	T1K	DQB1	4	complete	0	0	0	0	exposed_validation
HG01978	AMR	PEL26	ipd_genome	DQB1	4	complete	0	0	0	0	exposed_validation
HG01978	AMR	PEL26	T1K	DRB1	2	complete	1	1	1	2	exposed_validation
HG01978	AMR	PEL26	ipd_genome	DRB1	2	complete	1	1	1	2	exposed_validation
HG01978	AMR	PEL26	T1K	DRB1	4	complete	0	0	0	0	exposed_validation
HG01978	AMR	PEL26	ipd_genome	DRB1	4	complete	0	0	0	0	exposed_validation
HG01981	AMR	PEL27	T1K	A	2	complete	1	1	1	2	exposed_validation
HG01981	AMR	PEL27	ipd_genome	A	2	complete	1	1	1	2	exposed_validation
HG01981	AMR	PEL27	T1K	A	4	complete	1	1	1	2	exposed_validation
HG01981	AMR	PEL27	ipd_genome	A	4	complete	1	1	1	2	exposed_validation
HG01981	AMR	PEL27	T1K	B	2	complete	1	1	1	2	exposed_validation
HG01981	AMR	PEL27	ipd_genome	B	2	complete	1	1	1	2	exposed_validation
HG01981	AMR	PEL27	T1K	B	4	complete	0	0	0	0	exposed_validation
HG01981	AMR	PEL27	ipd_genome	B	4	complete	0	0	0	0	exposed_validation
HG01981	AMR	PEL27	T1K	C	2	complete	1	1	1	2	exposed_validation
HG01981	AMR	PEL27	ipd_genome	C	2	complete	1	1	1	2	exposed_validation
HG01981	AMR	PEL27	T1K	C	4	complete	1	1	1	2	exposed_validation
HG01981	AMR	PEL27	ipd_genome	C	4	complete	1	1	1	2	exposed_validation
HG01981	AMR	PEL27	T1K	DPA1	2	complete	1	1	1	2	exposed_validation
HG01981	AMR	PEL27	ipd_genome	DPA1	2	complete	1	1	1	2	exposed_validation
HG01981	AMR	PEL27	T1K	DPA1	4	complete	1	1	0	1	exposed_validation
HG01981	AMR	PEL27	ipd_genome	DPA1	4	complete	1	1	1	2	exposed_validation
HG01981	AMR	PEL27	T1K	DPB1	2	complete	1	1	1	2	exposed_validation
HG01981	AMR	PEL27	ipd_genome	DPB1	2	complete	1	1	1	2	exposed_validation
HG01981	AMR	PEL27	T1K	DPB1	4	complete	1	1	0	1	exposed_validation
HG01981	AMR	PEL27	ipd_genome	DPB1	4	complete	1	1	1	2	exposed_validation
HG01981	AMR	PEL27	T1K	DQA1	2	complete	1	1	1	2	exposed_validation
HG01981	AMR	PEL27	ipd_genome	DQA1	2	complete	1	1	1	2	exposed_validation
HG01981	AMR	PEL27	T1K	DQA1	4	complete	1	1	1	2	exposed_validation
HG01981	AMR	PEL27	ipd_genome	DQA1	4	complete	1	1	1	2	exposed_validation
HG01981	AMR	PEL27	T1K	DQB1	2	complete	1	1	1	2	exposed_validation
HG01981	AMR	PEL27	ipd_genome	DQB1	2	complete	1	1	1	2	exposed_validation
HG01981	AMR	PEL27	T1K	DQB1	4	complete	1	1	1	2	exposed_validation
HG01981	AMR	PEL27	ipd_genome	DQB1	4	complete	1	1	1	2	exposed_validation
HG01981	AMR	PEL27	T1K	DRB1	2	complete	1	1	1	2	exposed_validation
HG01981	AMR	PEL27	ipd_genome	DRB1	2	complete	1	1	0	1	exposed_validation
HG01981	AMR	PEL27	T1K	DRB1	4	complete	0	0	0	0	exposed_validation
HG01981	AMR	PEL27	ipd_genome	DRB1	4	complete	0	0	0	0	exposed_validation
HG01993	AMR	PEL29	T1K	A	2	complete	1	1	1	2	exposed_validation
HG01993	AMR	PEL29	ipd_genome	A	2	complete	1	1	1	2	exposed_validation
HG01993	AMR	PEL29	T1K	A	4	complete	1	1	1	2	exposed_validation
HG01993	AMR	PEL29	ipd_genome	A	4	complete	1	1	1	2	exposed_validation
HG01993	AMR	PEL29	T1K	B	2	complete	1	1	1	2	exposed_validation
HG01993	AMR	PEL29	ipd_genome	B	2	complete	1	1	1	2	exposed_validation
HG01993	AMR	PEL29	T1K	B	4	complete	1	1	0	1	exposed_validation
HG01993	AMR	PEL29	ipd_genome	B	4	complete	1	1	1	2	exposed_validation
HG01993	AMR	PEL29	T1K	C	2	complete	1	1	1	2	exposed_validation
HG01993	AMR	PEL29	ipd_genome	C	2	complete	1	1	1	2	exposed_validation
HG01993	AMR	PEL29	T1K	C	4	complete	0	0	0	0	exposed_validation
HG01993	AMR	PEL29	ipd_genome	C	4	complete	0	0	0	0	exposed_validation
HG01993	AMR	PEL29	T1K	DPA1	2	complete	1	1	1	2	exposed_validation
HG01993	AMR	PEL29	ipd_genome	DPA1	2	complete	1	1	1	2	exposed_validation
HG01993	AMR	PEL29	T1K	DPA1	4	complete	0	0	0	0	exposed_validation
HG01993	AMR	PEL29	ipd_genome	DPA1	4	complete	0	0	0	0	exposed_validation
HG01993	AMR	PEL29	T1K	DPB1	2	complete	1	1	1	2	exposed_validation
HG01993	AMR	PEL29	ipd_genome	DPB1	2	complete	1	1	1	2	exposed_validation
HG01993	AMR	PEL29	T1K	DPB1	4	complete	1	1	0	0	exposed_validation
HG01993	AMR	PEL29	ipd_genome	DPB1	4	complete	1	1	1	2	exposed_validation
HG01993	AMR	PEL29	T1K	DQA1	2	complete	1	1	1	2	exposed_validation
HG01993	AMR	PEL29	ipd_genome	DQA1	2	complete	1	1	1	2	exposed_validation
HG01993	AMR	PEL29	T1K	DQA1	4	complete	0	0	0	0	exposed_validation
HG01993	AMR	PEL29	ipd_genome	DQA1	4	complete	0	0	0	0	exposed_validation
HG01993	AMR	PEL29	T1K	DQB1	2	complete	1	1	1	2	exposed_validation
HG01993	AMR	PEL29	ipd_genome	DQB1	2	complete	1	1	1	2	exposed_validation
HG01993	AMR	PEL29	T1K	DQB1	4	complete	0	0	0	0	exposed_validation
HG01993	AMR	PEL29	ipd_genome	DQB1	4	complete	0	0	0	0	exposed_validation
HG01993	AMR	PEL29	T1K	DRB1	2	complete	1	1	0	1	exposed_validation
HG01993	AMR	PEL29	ipd_genome	DRB1	2	complete	1	1	1	2	exposed_validation
HG01993	AMR	PEL29	T1K	DRB1	4	complete	0	0	0	0	exposed_validation
HG01993	AMR	PEL29	ipd_genome	DRB1	4	complete	0	0	0	0	exposed_validation
HG02004	AMR	PEL33	T1K	A	2	complete	1	1	1	2	exposed_validation
HG02004	AMR	PEL33	ipd_genome	A	2	complete	1	1	1	2	exposed_validation
HG02004	AMR	PEL33	T1K	A	4	complete	1	1	1	2	exposed_validation
HG02004	AMR	PEL33	ipd_genome	A	4	complete	1	1	0	1	exposed_validation
HG02004	AMR	PEL33	T1K	B	2	complete	1	1	1	2	exposed_validation
HG02004	AMR	PEL33	ipd_genome	B	2	complete	1	1	1	2	exposed_validation
HG02004	AMR	PEL33	T1K	B	4	complete	1	1	1	2	exposed_validation
HG02004	AMR	PEL33	ipd_genome	B	4	complete	1	1	1	2	exposed_validation
HG02004	AMR	PEL33	T1K	C	2	complete	1	1	1	2	exposed_validation
HG02004	AMR	PEL33	ipd_genome	C	2	complete	1	1	1	2	exposed_validation
HG02004	AMR	PEL33	T1K	C	4	complete	1	1	0	0	exposed_validation
HG02004	AMR	PEL33	ipd_genome	C	4	complete	1	1	1	2	exposed_validation
HG02004	AMR	PEL33	T1K	DPA1	2	complete	1	1	1	2	exposed_validation
HG02004	AMR	PEL33	ipd_genome	DPA1	2	complete	1	1	1	2	exposed_validation
HG02004	AMR	PEL33	T1K	DPA1	4	complete	0	0	0	0	exposed_validation
HG02004	AMR	PEL33	ipd_genome	DPA1	4	complete	0	0	0	0	exposed_validation
HG02004	AMR	PEL33	T1K	DPB1	2	complete	1	1	1	2	exposed_validation
HG02004	AMR	PEL33	ipd_genome	DPB1	2	complete	1	1	1	2	exposed_validation
HG02004	AMR	PEL33	T1K	DPB1	4	complete	1	1	1	2	exposed_validation
HG02004	AMR	PEL33	ipd_genome	DPB1	4	complete	1	1	1	2	exposed_validation
HG02004	AMR	PEL33	T1K	DQA1	2	complete	1	1	1	2	exposed_validation
HG02004	AMR	PEL33	ipd_genome	DQA1	2	complete	1	1	1	2	exposed_validation
HG02004	AMR	PEL33	T1K	DQA1	4	complete	1	1	1	2	exposed_validation
HG02004	AMR	PEL33	ipd_genome	DQA1	4	complete	1	1	1	2	exposed_validation
HG02004	AMR	PEL33	T1K	DQB1	2	complete	1	1	1	2	exposed_validation
HG02004	AMR	PEL33	ipd_genome	DQB1	2	complete	1	1	1	2	exposed_validation
HG02004	AMR	PEL33	T1K	DQB1	4	complete	1	1	0	1	exposed_validation
HG02004	AMR	PEL33	ipd_genome	DQB1	4	complete	1	1	1	2	exposed_validation
HG02004	AMR	PEL33	T1K	DRB1	2	complete	1	1	1	2	exposed_validation
HG02004	AMR	PEL33	ipd_genome	DRB1	2	complete	1	1	1	2	exposed_validation
HG02004	AMR	PEL33	T1K	DRB1	4	complete	0	0	0	0	exposed_validation
HG02004	AMR	PEL33	ipd_genome	DRB1	4	complete	0	0	0	0	exposed_validation
HG02015	EAS	VN046	T1K	A	2	complete	1	1	1	2	exposed_validation
HG02015	EAS	VN046	ipd_genome	A	2	complete	1	1	1	2	exposed_validation
HG02015	EAS	VN046	T1K	A	4	complete	1	1	1	2	exposed_validation
HG02015	EAS	VN046	ipd_genome	A	4	complete	1	1	1	2	exposed_validation
HG02015	EAS	VN046	T1K	B	2	complete	1	1	0	1	exposed_validation
HG02015	EAS	VN046	ipd_genome	B	2	complete	1	1	1	2	exposed_validation
HG02015	EAS	VN046	T1K	B	4	complete	0	0	0	0	exposed_validation
HG02015	EAS	VN046	ipd_genome	B	4	complete	0	0	0	0	exposed_validation
HG02015	EAS	VN046	T1K	C	2	complete	1	1	1	2	exposed_validation
HG02015	EAS	VN046	ipd_genome	C	2	complete	1	1	1	2	exposed_validation
HG02015	EAS	VN046	T1K	C	4	complete	1	1	0	1	exposed_validation
HG02015	EAS	VN046	ipd_genome	C	4	complete	1	1	1	2	exposed_validation
HG02015	EAS	VN046	T1K	DPA1	2	complete	1	1	1	2	exposed_validation
HG02015	EAS	VN046	ipd_genome	DPA1	2	complete	1	1	1	2	exposed_validation
HG02015	EAS	VN046	T1K	DPA1	4	complete	0	0	0	0	exposed_validation
HG02015	EAS	VN046	ipd_genome	DPA1	4	complete	0	0	0	0	exposed_validation
HG02015	EAS	VN046	T1K	DPB1	2	complete	1	1	1	2	exposed_validation
HG02015	EAS	VN046	ipd_genome	DPB1	2	complete	1	1	1	2	exposed_validation
HG02015	EAS	VN046	T1K	DPB1	4	complete	1	1	1	2	exposed_validation
HG02015	EAS	VN046	ipd_genome	DPB1	4	complete	1	1	1	2	exposed_validation
HG02015	EAS	VN046	T1K	DQA1	2	complete	1	1	1	2	exposed_validation
HG02015	EAS	VN046	ipd_genome	DQA1	2	complete	1	1	1	2	exposed_validation
HG02015	EAS	VN046	T1K	DQA1	4	complete	0	0	0	0	exposed_validation
HG02015	EAS	VN046	ipd_genome	DQA1	4	complete	0	0	0	0	exposed_validation
HG02015	EAS	VN046	T1K	DQB1	2	complete	1	1	1	2	exposed_validation
HG02015	EAS	VN046	ipd_genome	DQB1	2	complete	1	1	1	2	exposed_validation
HG02015	EAS	VN046	T1K	DQB1	4	complete	1	1	0	1	exposed_validation
HG02015	EAS	VN046	ipd_genome	DQB1	4	complete	1	1	1	2	exposed_validation
HG02015	EAS	VN046	T1K	DRB1	2	complete	1	1	1	2	exposed_validation
HG02015	EAS	VN046	ipd_genome	DRB1	2	complete	1	1	1	2	exposed_validation
HG02015	EAS	VN046	T1K	DRB1	4	complete	0	0	0	0	exposed_validation
HG02015	EAS	VN046	ipd_genome	DRB1	4	complete	0	0	0	0	exposed_validation
HG02040	EAS	VN054	T1K	A	2	complete	1	1	1	2	exposed_validation
HG02040	EAS	VN054	ipd_genome	A	2	complete	1	1	1	2	exposed_validation
HG02040	EAS	VN054	T1K	A	4	complete	1	1	1	2	exposed_validation
HG02040	EAS	VN054	ipd_genome	A	4	complete	1	1	1	2	exposed_validation
HG02040	EAS	VN054	T1K	B	2	complete	1	1	1	2	exposed_validation
HG02040	EAS	VN054	ipd_genome	B	2	complete	1	1	1	2	exposed_validation
HG02040	EAS	VN054	T1K	B	4	complete	1	1	1	2	exposed_validation
HG02040	EAS	VN054	ipd_genome	B	4	complete	1	1	1	2	exposed_validation
HG02040	EAS	VN054	T1K	C	2	complete	1	1	0	1	exposed_validation
HG02040	EAS	VN054	ipd_genome	C	2	complete	1	1	1	2	exposed_validation
HG02040	EAS	VN054	T1K	C	4	complete	0	0	0	0	exposed_validation
HG02040	EAS	VN054	ipd_genome	C	4	complete	0	0	0	0	exposed_validation
HG02040	EAS	VN054	T1K	DPA1	2	complete	1	1	1	2	exposed_validation
HG02040	EAS	VN054	ipd_genome	DPA1	2	complete	1	1	1	2	exposed_validation
HG02040	EAS	VN054	T1K	DPA1	4	complete	0	0	0	0	exposed_validation
HG02040	EAS	VN054	ipd_genome	DPA1	4	complete	0	0	0	0	exposed_validation
HG02040	EAS	VN054	T1K	DPB1	2	complete	1	1	1	2	exposed_validation
HG02040	EAS	VN054	ipd_genome	DPB1	2	complete	1	1	1	2	exposed_validation
HG02040	EAS	VN054	T1K	DPB1	4	complete	1	1	0	1	exposed_validation
HG02040	EAS	VN054	ipd_genome	DPB1	4	complete	1	1	1	2	exposed_validation
HG02040	EAS	VN054	T1K	DQA1	2	complete	1	1	1	2	exposed_validation
HG02040	EAS	VN054	ipd_genome	DQA1	2	complete	1	1	1	2	exposed_validation
HG02040	EAS	VN054	T1K	DQA1	4	complete	1	1	0	1	exposed_validation
HG02040	EAS	VN054	ipd_genome	DQA1	4	complete	1	1	1	2	exposed_validation
HG02040	EAS	VN054	T1K	DQB1	2	complete	1	1	1	2	exposed_validation
HG02040	EAS	VN054	ipd_genome	DQB1	2	complete	1	1	1	2	exposed_validation
HG02040	EAS	VN054	T1K	DQB1	4	complete	1	1	0	1	exposed_validation
HG02040	EAS	VN054	ipd_genome	DQB1	4	complete	1	1	1	2	exposed_validation
HG02040	EAS	VN054	T1K	DRB1	2	complete	1	1	1	2	exposed_validation
HG02040	EAS	VN054	ipd_genome	DRB1	2	complete	1	1	1	2	exposed_validation
HG02040	EAS	VN054	T1K	DRB1	4	complete	0	0	0	0	exposed_validation
HG02040	EAS	VN054	ipd_genome	DRB1	4	complete	0	0	0	0	exposed_validation
HG02055	AFR	BB15	T1K	A	2	complete	1	1	1	2	exposed_validation
HG02055	AFR	BB15	ipd_genome	A	2	complete	1	1	1	2	exposed_validation
HG02055	AFR	BB15	T1K	A	4	complete	1	1	1	2	exposed_validation
HG02055	AFR	BB15	ipd_genome	A	4	complete	1	1	1	2	exposed_validation
HG02055	AFR	BB15	T1K	B	2	complete	1	1	1	2	exposed_validation
HG02055	AFR	BB15	ipd_genome	B	2	complete	1	1	1	2	exposed_validation
HG02055	AFR	BB15	T1K	B	4	complete	1	1	0	1	exposed_validation
HG02055	AFR	BB15	ipd_genome	B	4	complete	1	1	1	2	exposed_validation
HG02055	AFR	BB15	T1K	C	2	complete	1	1	1	2	exposed_validation
HG02055	AFR	BB15	ipd_genome	C	2	complete	1	1	1	2	exposed_validation
HG02055	AFR	BB15	T1K	C	4	complete	1	1	1	2	exposed_validation
HG02055	AFR	BB15	ipd_genome	C	4	complete	1	1	1	2	exposed_validation
HG02055	AFR	BB15	T1K	DPA1	2	complete	1	1	1	2	exposed_validation
HG02055	AFR	BB15	ipd_genome	DPA1	2	complete	1	1	1	2	exposed_validation
HG02055	AFR	BB15	T1K	DPA1	4	complete	0	0	0	0	exposed_validation
HG02055	AFR	BB15	ipd_genome	DPA1	4	complete	0	0	0	0	exposed_validation
HG02055	AFR	BB15	T1K	DPB1	2	complete	1	1	1	2	exposed_validation
HG02055	AFR	BB15	ipd_genome	DPB1	2	complete	1	1	1	2	exposed_validation
HG02055	AFR	BB15	T1K	DPB1	4	complete	1	1	0	0	exposed_validation
HG02055	AFR	BB15	ipd_genome	DPB1	4	complete	1	1	1	2	exposed_validation
HG02055	AFR	BB15	T1K	DQA1	2	complete	1	1	1	2	exposed_validation
HG02055	AFR	BB15	ipd_genome	DQA1	2	complete	1	1	1	2	exposed_validation
HG02055	AFR	BB15	T1K	DQA1	4	complete	1	1	0	0	exposed_validation
HG02055	AFR	BB15	ipd_genome	DQA1	4	complete	1	1	0	0	exposed_validation
HG02055	AFR	BB15	T1K	DQB1	2	complete	1	1	1	2	exposed_validation
HG02055	AFR	BB15	ipd_genome	DQB1	2	complete	1	1	1	2	exposed_validation
HG02055	AFR	BB15	T1K	DQB1	4	complete	1	1	0	1	exposed_validation
HG02055	AFR	BB15	ipd_genome	DQB1	4	complete	1	1	1	2	exposed_validation
HG02055	AFR	BB15	T1K	DRB1	2	complete	1	1	1	2	exposed_validation
HG02055	AFR	BB15	ipd_genome	DRB1	2	complete	1	1	1	2	exposed_validation
HG02055	AFR	BB15	T1K	DRB1	4	complete	0	0	0	0	exposed_validation
HG02055	AFR	BB15	ipd_genome	DRB1	4	complete	0	0	0	0	exposed_validation
HG02056	EAS	VN060	T1K	A	2	complete	1	1	1	2	exposed_validation
HG02056	EAS	VN060	ipd_genome	A	2	complete	1	1	1	2	exposed_validation
HG02056	EAS	VN060	T1K	A	4	complete	1	1	1	2	exposed_validation
HG02056	EAS	VN060	ipd_genome	A	4	complete	1	1	1	2	exposed_validation
HG02056	EAS	VN060	T1K	B	2	complete	1	1	1	2	exposed_validation
HG02056	EAS	VN060	ipd_genome	B	2	complete	1	1	1	2	exposed_validation
HG02056	EAS	VN060	T1K	B	4	complete	0	0	0	0	exposed_validation
HG02056	EAS	VN060	ipd_genome	B	4	complete	0	0	0	0	exposed_validation
HG02056	EAS	VN060	T1K	C	2	complete	1	1	1	2	exposed_validation
HG02056	EAS	VN060	ipd_genome	C	2	complete	1	1	1	2	exposed_validation
HG02056	EAS	VN060	T1K	C	4	complete	1	1	0	1	exposed_validation
HG02056	EAS	VN060	ipd_genome	C	4	complete	1	1	1	2	exposed_validation
HG02056	EAS	VN060	T1K	DPA1	2	complete	1	1	1	2	exposed_validation
HG02056	EAS	VN060	ipd_genome	DPA1	2	complete	1	1	1	2	exposed_validation
HG02056	EAS	VN060	T1K	DPA1	4	complete	0	0	0	0	exposed_validation
HG02056	EAS	VN060	ipd_genome	DPA1	4	complete	0	0	0	0	exposed_validation
HG02056	EAS	VN060	T1K	DPB1	2	complete	1	1	1	2	exposed_validation
HG02056	EAS	VN060	ipd_genome	DPB1	2	complete	1	1	1	2	exposed_validation
HG02056	EAS	VN060	T1K	DPB1	4	complete	1	1	0	1	exposed_validation
HG02056	EAS	VN060	ipd_genome	DPB1	4	complete	1	1	1	2	exposed_validation
HG02056	EAS	VN060	T1K	DQA1	2	complete	1	1	1	2	exposed_validation
HG02056	EAS	VN060	ipd_genome	DQA1	2	complete	1	1	1	2	exposed_validation
HG02056	EAS	VN060	T1K	DQA1	4	complete	1	1	1	2	exposed_validation
HG02056	EAS	VN060	ipd_genome	DQA1	4	complete	1	1	1	2	exposed_validation
HG02056	EAS	VN060	T1K	DQB1	2	complete	1	1	1	2	exposed_validation
HG02056	EAS	VN060	ipd_genome	DQB1	2	complete	1	1	1	2	exposed_validation
HG02056	EAS	VN060	T1K	DQB1	4	complete	1	1	0	1	exposed_validation
HG02056	EAS	VN060	ipd_genome	DQB1	4	complete	1	1	1	2	exposed_validation
HG02056	EAS	VN060	T1K	DRB1	2	complete	1	1	0	1	exposed_validation
HG02056	EAS	VN060	ipd_genome	DRB1	2	complete	1	1	0	1	exposed_validation
HG02056	EAS	VN060	T1K	DRB1	4	complete	0	0	0	0	exposed_validation
HG02056	EAS	VN060	ipd_genome	DRB1	4	complete	0	0	0	0	exposed_validation
HG02071	EAS	VN065	T1K	A	2	complete	1	1	1	2	exposed_validation
HG02071	EAS	VN065	ipd_genome	A	2	complete	1	1	1	2	exposed_validation
HG02071	EAS	VN065	T1K	A	4	complete	1	1	1	2	exposed_validation
HG02071	EAS	VN065	ipd_genome	A	4	complete	1	1	1	2	exposed_validation
HG02071	EAS	VN065	T1K	B	2	complete	1	1	0	1	exposed_validation
HG02071	EAS	VN065	ipd_genome	B	2	complete	1	1	0	1	exposed_validation
HG02071	EAS	VN065	T1K	B	4	complete	0	0	0	0	exposed_validation
HG02071	EAS	VN065	ipd_genome	B	4	complete	0	0	0	0	exposed_validation
HG02071	EAS	VN065	T1K	C	2	complete	1	1	1	2	exposed_validation
HG02071	EAS	VN065	ipd_genome	C	2	complete	1	1	1	2	exposed_validation
HG02071	EAS	VN065	T1K	C	4	complete	1	1	0	1	exposed_validation
HG02071	EAS	VN065	ipd_genome	C	4	complete	1	1	1	2	exposed_validation
HG02071	EAS	VN065	T1K	DPA1	2	complete	1	1	1	2	exposed_validation
HG02071	EAS	VN065	ipd_genome	DPA1	2	complete	1	1	1	2	exposed_validation
HG02071	EAS	VN065	T1K	DPA1	4	complete	0	0	0	0	exposed_validation
HG02071	EAS	VN065	ipd_genome	DPA1	4	complete	0	0	0	0	exposed_validation
HG02071	EAS	VN065	T1K	DPB1	2	complete	1	1	1	2	exposed_validation
HG02071	EAS	VN065	ipd_genome	DPB1	2	complete	1	1	1	2	exposed_validation
HG02071	EAS	VN065	T1K	DPB1	4	complete	1	1	1	2	exposed_validation
HG02071	EAS	VN065	ipd_genome	DPB1	4	complete	1	1	1	2	exposed_validation
HG02071	EAS	VN065	T1K	DQA1	2	complete	1	1	1	2	exposed_validation
HG02071	EAS	VN065	ipd_genome	DQA1	2	complete	1	1	1	2	exposed_validation
HG02071	EAS	VN065	T1K	DQA1	4	complete	1	1	0	0	exposed_validation
HG02071	EAS	VN065	ipd_genome	DQA1	4	complete	1	1	0	1	exposed_validation
HG02071	EAS	VN065	T1K	DQB1	2	complete	1	1	1	2	exposed_validation
HG02071	EAS	VN065	ipd_genome	DQB1	2	complete	1	1	1	2	exposed_validation
HG02071	EAS	VN065	T1K	DQB1	4	complete	1	1	0	0	exposed_validation
HG02071	EAS	VN065	ipd_genome	DQB1	4	complete	1	1	1	2	exposed_validation
HG02071	EAS	VN065	T1K	DRB1	2	complete	1	1	1	2	exposed_validation
HG02071	EAS	VN065	ipd_genome	DRB1	2	complete	1	1	1	2	exposed_validation
HG02071	EAS	VN065	T1K	DRB1	4	complete	0	0	0	0	exposed_validation
HG02071	EAS	VN065	ipd_genome	DRB1	4	complete	0	0	0	0	exposed_validation
HG02080	EAS	VN068	T1K	A	2	complete	1	1	1	2	exposed_validation
HG02080	EAS	VN068	ipd_genome	A	2	complete	1	1	1	2	exposed_validation
HG02080	EAS	VN068	T1K	A	4	complete	1	1	1	2	exposed_validation
HG02080	EAS	VN068	ipd_genome	A	4	complete	1	1	1	2	exposed_validation
HG02080	EAS	VN068	T1K	B	2	complete	1	1	0	1	exposed_validation
HG02080	EAS	VN068	ipd_genome	B	2	complete	1	1	1	2	exposed_validation
HG02080	EAS	VN068	T1K	B	4	complete	0	0	0	0	exposed_validation
HG02080	EAS	VN068	ipd_genome	B	4	complete	0	0	0	0	exposed_validation
HG02080	EAS	VN068	T1K	C	2	complete	1	1	1	2	exposed_validation
HG02080	EAS	VN068	ipd_genome	C	2	complete	1	1	1	2	exposed_validation
HG02080	EAS	VN068	T1K	C	4	complete	1	1	0	0	exposed_validation
HG02080	EAS	VN068	ipd_genome	C	4	complete	1	1	1	2	exposed_validation
HG02080	EAS	VN068	T1K	DPA1	2	complete	1	1	0	1	exposed_validation
HG02080	EAS	VN068	ipd_genome	DPA1	2	complete	1	1	1	2	exposed_validation
HG02080	EAS	VN068	T1K	DPA1	4	complete	0	0	0	0	exposed_validation
HG02080	EAS	VN068	ipd_genome	DPA1	4	complete	0	0	0	0	exposed_validation
HG02080	EAS	VN068	T1K	DPB1	2	complete	1	1	1	2	exposed_validation
HG02080	EAS	VN068	ipd_genome	DPB1	2	complete	1	1	1	2	exposed_validation
HG02080	EAS	VN068	T1K	DPB1	4	complete	1	1	1	2	exposed_validation
HG02080	EAS	VN068	ipd_genome	DPB1	4	complete	1	1	1	2	exposed_validation
HG02080	EAS	VN068	T1K	DQA1	2	complete	1	1	1	2	exposed_validation
HG02080	EAS	VN068	ipd_genome	DQA1	2	complete	1	1	1	2	exposed_validation
HG02080	EAS	VN068	T1K	DQA1	4	complete	0	0	0	0	exposed_validation
HG02080	EAS	VN068	ipd_genome	DQA1	4	complete	0	0	0	0	exposed_validation
HG02080	EAS	VN068	T1K	DQB1	2	complete	1	1	1	2	exposed_validation
HG02080	EAS	VN068	ipd_genome	DQB1	2	complete	1	1	1	2	exposed_validation
HG02080	EAS	VN068	T1K	DQB1	4	complete	1	1	1	2	exposed_validation
HG02080	EAS	VN068	ipd_genome	DQB1	4	complete	1	1	1	2	exposed_validation
HG02080	EAS	VN068	T1K	DRB1	2	complete	1	1	1	2	exposed_validation
HG02080	EAS	VN068	ipd_genome	DRB1	2	complete	1	1	1	2	exposed_validation
HG02080	EAS	VN068	T1K	DRB1	4	complete	0	0	0	0	exposed_validation
HG02080	EAS	VN068	ipd_genome	DRB1	4	complete	0	0	0	0	exposed_validation
HG02083	EAS	VN069	T1K	A	2	complete	1	1	1	2	exposed_validation
HG02083	EAS	VN069	ipd_genome	A	2	complete	1	1	1	2	exposed_validation
HG02083	EAS	VN069	T1K	A	4	complete	1	1	1	2	exposed_validation
HG02083	EAS	VN069	ipd_genome	A	4	complete	1	1	1	2	exposed_validation
HG02083	EAS	VN069	T1K	B	2	complete	1	1	1	2	exposed_validation
HG02083	EAS	VN069	ipd_genome	B	2	complete	1	1	1	2	exposed_validation
HG02083	EAS	VN069	T1K	B	4	complete	1	1	0	1	exposed_validation
HG02083	EAS	VN069	ipd_genome	B	4	complete	1	1	1	2	exposed_validation
HG02083	EAS	VN069	T1K	C	2	complete	1	1	1	2	exposed_validation
HG02083	EAS	VN069	ipd_genome	C	2	complete	1	1	1	2	exposed_validation
HG02083	EAS	VN069	T1K	C	4	complete	1	1	0	1	exposed_validation
HG02083	EAS	VN069	ipd_genome	C	4	complete	1	1	1	2	exposed_validation
HG02083	EAS	VN069	T1K	DPA1	2	complete	1	1	1	2	exposed_validation
HG02083	EAS	VN069	ipd_genome	DPA1	2	complete	1	1	1	2	exposed_validation
HG02083	EAS	VN069	T1K	DPA1	4	complete	0	0	0	0	exposed_validation
HG02083	EAS	VN069	ipd_genome	DPA1	4	complete	0	0	0	0	exposed_validation
HG02083	EAS	VN069	T1K	DPB1	2	complete	1	1	1	2	exposed_validation
HG02083	EAS	VN069	ipd_genome	DPB1	2	complete	1	1	1	2	exposed_validation
HG02083	EAS	VN069	T1K	DPB1	4	complete	0	0	0	0	exposed_validation
HG02083	EAS	VN069	ipd_genome	DPB1	4	complete	0	0	0	0	exposed_validation
HG02083	EAS	VN069	T1K	DQA1	2	complete	1	1	1	2	exposed_validation
HG02083	EAS	VN069	ipd_genome	DQA1	2	complete	1	1	1	2	exposed_validation
HG02083	EAS	VN069	T1K	DQA1	4	complete	1	1	0	0	exposed_validation
HG02083	EAS	VN069	ipd_genome	DQA1	4	complete	1	1	1	2	exposed_validation
HG02083	EAS	VN069	T1K	DQB1	2	complete	1	1	1	2	exposed_validation
HG02083	EAS	VN069	ipd_genome	DQB1	2	complete	1	1	1	2	exposed_validation
HG02083	EAS	VN069	T1K	DQB1	4	complete	1	1	0	1	exposed_validation
HG02083	EAS	VN069	ipd_genome	DQB1	4	complete	1	1	1	2	exposed_validation
HG02083	EAS	VN069	T1K	DRB1	2	complete	1	1	1	2	exposed_validation
HG02083	EAS	VN069	ipd_genome	DRB1	2	complete	1	1	1	2	exposed_validation
HG02083	EAS	VN069	T1K	DRB1	4	complete	0	0	0	0	exposed_validation
HG02083	EAS	VN069	ipd_genome	DRB1	4	complete	0	0	0	0	exposed_validation
HG02129	EAS	VN079	T1K	A	2	complete	1	1	1	2	exposed_validation
HG02129	EAS	VN079	ipd_genome	A	2	complete	1	1	1	2	exposed_validation
HG02129	EAS	VN079	T1K	A	4	complete	1	1	1	2	exposed_validation
HG02129	EAS	VN079	ipd_genome	A	4	complete	1	1	1	2	exposed_validation
HG02129	EAS	VN079	T1K	B	2	complete	1	1	0	1	exposed_validation
HG02129	EAS	VN079	ipd_genome	B	2	complete	1	1	1	2	exposed_validation
HG02129	EAS	VN079	T1K	B	4	complete	0	0	0	0	exposed_validation
HG02129	EAS	VN079	ipd_genome	B	4	complete	0	0	0	0	exposed_validation
HG02129	EAS	VN079	T1K	C	2	complete	1	1	1	2	exposed_validation
HG02129	EAS	VN079	ipd_genome	C	2	complete	1	1	1	2	exposed_validation
HG02129	EAS	VN079	T1K	C	4	complete	1	1	0	1	exposed_validation
HG02129	EAS	VN079	ipd_genome	C	4	complete	1	1	1	2	exposed_validation
HG02129	EAS	VN079	T1K	DPA1	2	complete	1	1	1	2	exposed_validation
HG02129	EAS	VN079	ipd_genome	DPA1	2	complete	1	1	1	2	exposed_validation
HG02129	EAS	VN079	T1K	DPA1	4	complete	0	0	0	0	exposed_validation
HG02129	EAS	VN079	ipd_genome	DPA1	4	complete	0	0	0	0	exposed_validation
HG02129	EAS	VN079	T1K	DPB1	2	complete	1	1	1	2	exposed_validation
HG02129	EAS	VN079	ipd_genome	DPB1	2	complete	1	1	1	2	exposed_validation
HG02129	EAS	VN079	T1K	DPB1	4	complete	0	0	0	0	exposed_validation
HG02129	EAS	VN079	ipd_genome	DPB1	4	complete	0	0	0	0	exposed_validation
HG02129	EAS	VN079	T1K	DQA1	2	complete	1	1	1	2	exposed_validation
HG02129	EAS	VN079	ipd_genome	DQA1	2	complete	1	1	1	2	exposed_validation
HG02129	EAS	VN079	T1K	DQA1	4	complete	0	0	0	0	exposed_validation
HG02129	EAS	VN079	ipd_genome	DQA1	4	complete	0	0	0	0	exposed_validation
HG02129	EAS	VN079	T1K	DQB1	2	complete	1	1	1	2	exposed_validation
HG02129	EAS	VN079	ipd_genome	DQB1	2	complete	1	1	1	2	exposed_validation
HG02129	EAS	VN079	T1K	DQB1	4	complete	1	1	1	2	exposed_validation
HG02129	EAS	VN079	ipd_genome	DQB1	4	complete	1	1	1	2	exposed_validation
HG02129	EAS	VN079	T1K	DRB1	2	complete	1	1	1	2	exposed_validation
HG02129	EAS	VN079	ipd_genome	DRB1	2	complete	1	1	1	2	exposed_validation
HG02129	EAS	VN079	T1K	DRB1	4	complete	0	0	0	0	exposed_validation
HG02129	EAS	VN079	ipd_genome	DRB1	4	complete	0	0	0	0	exposed_validation
HG02135	EAS	VN081	T1K	A	2	complete	1	1	1	2	exposed_validation
HG02135	EAS	VN081	ipd_genome	A	2	complete	1	1	1	2	exposed_validation
HG02135	EAS	VN081	T1K	A	4	complete	1	1	1	2	exposed_validation
HG02135	EAS	VN081	ipd_genome	A	4	complete	1	1	1	2	exposed_validation
HG02135	EAS	VN081	T1K	B	2	complete	1	1	1	2	exposed_validation
HG02135	EAS	VN081	ipd_genome	B	2	complete	1	1	1	2	exposed_validation
HG02135	EAS	VN081	T1K	B	4	complete	0	0	0	0	exposed_validation
HG02135	EAS	VN081	ipd_genome	B	4	complete	0	0	0	0	exposed_validation
HG02135	EAS	VN081	T1K	C	2	complete	1	1	1	2	exposed_validation
HG02135	EAS	VN081	ipd_genome	C	2	complete	1	1	1	2	exposed_validation
HG02135	EAS	VN081	T1K	C	4	complete	1	1	0	1	exposed_validation
HG02135	EAS	VN081	ipd_genome	C	4	complete	1	1	0	1	exposed_validation
HG02135	EAS	VN081	T1K	DPA1	2	complete	1	1	1	2	exposed_validation
HG02135	EAS	VN081	ipd_genome	DPA1	2	complete	1	1	1	2	exposed_validation
HG02135	EAS	VN081	T1K	DPA1	4	complete	0	0	0	0	exposed_validation
HG02135	EAS	VN081	ipd_genome	DPA1	4	complete	0	0	0	0	exposed_validation
HG02135	EAS	VN081	T1K	DPB1	2	complete	1	1	1	2	exposed_validation
HG02135	EAS	VN081	ipd_genome	DPB1	2	complete	1	1	1	2	exposed_validation
HG02135	EAS	VN081	T1K	DPB1	4	complete	1	1	0	0	exposed_validation
HG02135	EAS	VN081	ipd_genome	DPB1	4	complete	1	1	1	2	exposed_validation
HG02135	EAS	VN081	T1K	DQA1	2	complete	1	1	1	2	exposed_validation
HG02135	EAS	VN081	ipd_genome	DQA1	2	complete	1	1	1	2	exposed_validation
HG02135	EAS	VN081	T1K	DQA1	4	complete	1	1	0	1	exposed_validation
HG02135	EAS	VN081	ipd_genome	DQA1	4	complete	1	1	1	2	exposed_validation
HG02135	EAS	VN081	T1K	DQB1	2	complete	1	1	1	2	exposed_validation
HG02135	EAS	VN081	ipd_genome	DQB1	2	complete	1	1	1	2	exposed_validation
HG02135	EAS	VN081	T1K	DQB1	4	complete	1	1	1	2	exposed_validation
HG02135	EAS	VN081	ipd_genome	DQB1	4	complete	1	1	1	2	exposed_validation
HG02135	EAS	VN081	T1K	DRB1	2	complete	1	1	1	2	exposed_validation
HG02135	EAS	VN081	ipd_genome	DRB1	2	complete	1	1	1	2	exposed_validation
HG02135	EAS	VN081	T1K	DRB1	4	complete	0	0	0	0	exposed_validation
HG02135	EAS	VN081	ipd_genome	DRB1	4	complete	0	0	0	0	exposed_validation
HG02148	AMR	PEL39	T1K	A	2	complete	1	1	1	2	exposed_validation
HG02148	AMR	PEL39	ipd_genome	A	2	complete	1	1	1	2	exposed_validation
HG02148	AMR	PEL39	T1K	A	4	complete	1	1	1	2	exposed_validation
HG02148	AMR	PEL39	ipd_genome	A	4	complete	1	1	1	2	exposed_validation
HG02148	AMR	PEL39	T1K	B	2	complete	1	1	1	2	exposed_validation
HG02148	AMR	PEL39	ipd_genome	B	2	complete	1	1	1	2	exposed_validation
HG02148	AMR	PEL39	T1K	B	4	complete	0	0	0	0	exposed_validation
HG02148	AMR	PEL39	ipd_genome	B	4	complete	0	0	0	0	exposed_validation
HG02148	AMR	PEL39	T1K	C	2	complete	1	1	1	2	exposed_validation
HG02148	AMR	PEL39	ipd_genome	C	2	complete	1	1	1	2	exposed_validation
HG02148	AMR	PEL39	T1K	C	4	complete	1	1	0	1	exposed_validation
HG02148	AMR	PEL39	ipd_genome	C	4	complete	1	1	1	2	exposed_validation
HG02148	AMR	PEL39	T1K	DPA1	2	complete	1	1	1	2	exposed_validation
HG02148	AMR	PEL39	ipd_genome	DPA1	2	complete	1	1	1	2	exposed_validation
HG02148	AMR	PEL39	T1K	DPA1	4	complete	1	1	0	1	exposed_validation
HG02148	AMR	PEL39	ipd_genome	DPA1	4	complete	1	1	1	2	exposed_validation
HG02148	AMR	PEL39	T1K	DPB1	2	complete	1	1	0	1	exposed_validation
HG02148	AMR	PEL39	ipd_genome	DPB1	2	complete	1	1	1	2	exposed_validation
HG02148	AMR	PEL39	T1K	DPB1	4	complete	1	1	0	1	exposed_validation
HG02148	AMR	PEL39	ipd_genome	DPB1	4	complete	1	1	1	2	exposed_validation
HG02148	AMR	PEL39	T1K	DQA1	2	complete	1	1	1	2	exposed_validation
HG02148	AMR	PEL39	ipd_genome	DQA1	2	complete	1	1	1	2	exposed_validation
HG02148	AMR	PEL39	T1K	DQA1	4	complete	0	0	0	0	exposed_validation
HG02148	AMR	PEL39	ipd_genome	DQA1	4	complete	0	0	0	0	exposed_validation
HG02148	AMR	PEL39	T1K	DQB1	2	complete	1	1	1	2	exposed_validation
HG02148	AMR	PEL39	ipd_genome	DQB1	2	complete	1	1	1	2	exposed_validation
HG02148	AMR	PEL39	T1K	DQB1	4	complete	1	1	1	2	exposed_validation
HG02148	AMR	PEL39	ipd_genome	DQB1	4	complete	1	1	1	2	exposed_validation
HG02148	AMR	PEL39	T1K	DRB1	2	complete	1	1	1	2	exposed_validation
HG02148	AMR	PEL39	ipd_genome	DRB1	2	complete	1	1	1	2	exposed_validation
HG02148	AMR	PEL39	T1K	DRB1	4	complete	0	0	0	0	exposed_validation
HG02148	AMR	PEL39	ipd_genome	DRB1	4	complete	0	0	0	0	exposed_validation
HG02257	AFR	BB21	T1K	A	2	complete	1	1	1	2	exposed_validation
HG02257	AFR	BB21	ipd_genome	A	2	complete	1	1	1	2	exposed_validation
HG02257	AFR	BB21	T1K	A	4	complete	1	1	1	2	exposed_validation
HG02257	AFR	BB21	ipd_genome	A	4	complete	1	1	1	2	exposed_validation
HG02257	AFR	BB21	T1K	B	2	complete	1	1	1	2	exposed_validation
HG02257	AFR	BB21	ipd_genome	B	2	complete	1	1	1	2	exposed_validation
HG02257	AFR	BB21	T1K	B	4	complete	0	0	0	0	exposed_validation
HG02257	AFR	BB21	ipd_genome	B	4	complete	0	0	0	0	exposed_validation
HG02257	AFR	BB21	T1K	C	2	complete	1	1	1	2	exposed_validation
HG02257	AFR	BB21	ipd_genome	C	2	complete	1	1	1	2	exposed_validation
HG02257	AFR	BB21	T1K	C	4	complete	1	1	1	2	exposed_validation
HG02257	AFR	BB21	ipd_genome	C	4	complete	1	1	1	2	exposed_validation
HG02257	AFR	BB21	T1K	DPA1	2	complete	1	1	1	2	exposed_validation
HG02257	AFR	BB21	ipd_genome	DPA1	2	complete	1	1	1	2	exposed_validation
HG02257	AFR	BB21	T1K	DPA1	4	complete	0	0	0	0	exposed_validation
HG02257	AFR	BB21	ipd_genome	DPA1	4	complete	0	0	0	0	exposed_validation
HG02257	AFR	BB21	T1K	DPB1	2	complete	1	1	1	2	exposed_validation
HG02257	AFR	BB21	ipd_genome	DPB1	2	complete	1	1	1	2	exposed_validation
HG02257	AFR	BB21	T1K	DPB1	4	complete	1	1	0	0	exposed_validation
HG02257	AFR	BB21	ipd_genome	DPB1	4	complete	1	1	1	2	exposed_validation
HG02257	AFR	BB21	T1K	DQA1	2	complete	1	1	1	2	exposed_validation
HG02257	AFR	BB21	ipd_genome	DQA1	2	complete	1	1	1	2	exposed_validation
HG02257	AFR	BB21	T1K	DQA1	4	complete	1	1	0	1	exposed_validation
HG02257	AFR	BB21	ipd_genome	DQA1	4	complete	1	1	0	1	exposed_validation
HG02257	AFR	BB21	T1K	DQB1	2	complete	1	1	1	2	exposed_validation
HG02257	AFR	BB21	ipd_genome	DQB1	2	complete	1	1	1	2	exposed_validation
HG02257	AFR	BB21	T1K	DQB1	4	complete	1	1	0	0	exposed_validation
HG02257	AFR	BB21	ipd_genome	DQB1	4	complete	1	1	1	2	exposed_validation
HG02257	AFR	BB21	T1K	DRB1	2	complete	1	1	1	2	exposed_validation
HG02257	AFR	BB21	ipd_genome	DRB1	2	complete	1	1	1	2	exposed_validation
HG02257	AFR	BB21	T1K	DRB1	4	complete	0	0	0	0	exposed_validation
HG02257	AFR	BB21	ipd_genome	DRB1	4	complete	0	0	0	0	exposed_validation
HG02258	AFR	BB22	T1K	A	2	complete	1	1	1	2	exposed_validation
HG02258	AFR	BB22	ipd_genome	A	2	complete	1	1	1	2	exposed_validation
HG02258	AFR	BB22	T1K	A	4	complete	1	1	1	2	exposed_validation
HG02258	AFR	BB22	ipd_genome	A	4	complete	1	1	1	2	exposed_validation
HG02258	AFR	BB22	T1K	B	2	complete	1	1	1	2	exposed_validation
HG02258	AFR	BB22	ipd_genome	B	2	complete	1	1	1	2	exposed_validation
HG02258	AFR	BB22	T1K	B	4	complete	0	0	0	0	exposed_validation
HG02258	AFR	BB22	ipd_genome	B	4	complete	0	0	0	0	exposed_validation
HG02258	AFR	BB22	T1K	C	2	complete	1	1	1	2	exposed_validation
HG02258	AFR	BB22	ipd_genome	C	2	complete	1	1	1	2	exposed_validation
HG02258	AFR	BB22	T1K	C	4	complete	0	0	0	0	exposed_validation
HG02258	AFR	BB22	ipd_genome	C	4	complete	0	0	0	0	exposed_validation
HG02258	AFR	BB22	T1K	DPA1	2	complete	1	1	1	2	exposed_validation
HG02258	AFR	BB22	ipd_genome	DPA1	2	complete	1	1	0	1	exposed_validation
HG02258	AFR	BB22	T1K	DPA1	4	complete	1	1	0	0	exposed_validation
HG02258	AFR	BB22	ipd_genome	DPA1	4	complete	1	0	0	0	exposed_validation
HG02258	AFR	BB22	T1K	DPB1	2	complete	1	1	1	2	exposed_validation
HG02258	AFR	BB22	ipd_genome	DPB1	2	complete	1	1	1	2	exposed_validation
HG02258	AFR	BB22	T1K	DPB1	4	complete	1	1	0	1	exposed_validation
HG02258	AFR	BB22	ipd_genome	DPB1	4	complete	1	1	1	2	exposed_validation
HG02258	AFR	BB22	T1K	DQA1	2	complete	1	1	1	2	exposed_validation
HG02258	AFR	BB22	ipd_genome	DQA1	2	complete	1	1	1	2	exposed_validation
HG02258	AFR	BB22	T1K	DQA1	4	complete	1	1	0	0	exposed_validation
HG02258	AFR	BB22	ipd_genome	DQA1	4	complete	1	1	0	1	exposed_validation
HG02258	AFR	BB22	T1K	DQB1	2	complete	1	1	1	2	exposed_validation
HG02258	AFR	BB22	ipd_genome	DQB1	2	complete	1	1	1	2	exposed_validation
HG02258	AFR	BB22	T1K	DQB1	4	complete	1	1	1	2	exposed_validation
HG02258	AFR	BB22	ipd_genome	DQB1	4	complete	1	1	0	1	exposed_validation
HG02258	AFR	BB22	T1K	DRB1	2	complete	1	1	0	1	exposed_validation
HG02258	AFR	BB22	ipd_genome	DRB1	2	complete	1	1	1	2	exposed_validation
HG02258	AFR	BB22	T1K	DRB1	4	complete	0	0	0	0	exposed_validation
HG02258	AFR	BB22	ipd_genome	DRB1	4	complete	0	0	0	0	exposed_validation
HG02273	AMR	PEL46	T1K	A	2	complete	1	1	1	2	exposed_validation
HG02273	AMR	PEL46	ipd_genome	A	2	complete	1	1	1	2	exposed_validation
HG02273	AMR	PEL46	T1K	A	4	complete	1	1	1	2	exposed_validation
HG02273	AMR	PEL46	ipd_genome	A	4	complete	1	1	1	2	exposed_validation
HG02273	AMR	PEL46	T1K	B	2	complete	1	1	1	2	exposed_validation
HG02273	AMR	PEL46	ipd_genome	B	2	complete	1	1	1	2	exposed_validation
HG02273	AMR	PEL46	T1K	B	4	complete	1	1	1	2	exposed_validation
HG02273	AMR	PEL46	ipd_genome	B	4	complete	1	1	1	2	exposed_validation
HG02273	AMR	PEL46	T1K	C	2	complete	1	1	1	2	exposed_validation
HG02273	AMR	PEL46	ipd_genome	C	2	complete	1	1	1	2	exposed_validation
HG02273	AMR	PEL46	T1K	C	4	complete	1	1	1	2	exposed_validation
HG02273	AMR	PEL46	ipd_genome	C	4	complete	1	1	1	2	exposed_validation
HG02273	AMR	PEL46	T1K	DPA1	2	complete	1	1	1	2	exposed_validation
HG02273	AMR	PEL46	ipd_genome	DPA1	2	complete	1	1	1	2	exposed_validation
HG02273	AMR	PEL46	T1K	DPA1	4	complete	0	0	0	0	exposed_validation
HG02273	AMR	PEL46	ipd_genome	DPA1	4	complete	0	0	0	0	exposed_validation
HG02273	AMR	PEL46	T1K	DPB1	2	complete	1	1	1	2	exposed_validation
HG02273	AMR	PEL46	ipd_genome	DPB1	2	complete	1	1	1	2	exposed_validation
HG02273	AMR	PEL46	T1K	DPB1	4	complete	1	1	0	1	exposed_validation
HG02273	AMR	PEL46	ipd_genome	DPB1	4	complete	1	1	1	2	exposed_validation
HG02273	AMR	PEL46	T1K	DQA1	2	complete	1	1	1	2	exposed_validation
HG02273	AMR	PEL46	ipd_genome	DQA1	2	complete	1	1	1	2	exposed_validation
HG02273	AMR	PEL46	T1K	DQA1	4	complete	0	0	0	0	exposed_validation
HG02273	AMR	PEL46	ipd_genome	DQA1	4	complete	0	0	0	0	exposed_validation
HG02273	AMR	PEL46	T1K	DQB1	2	complete	1	1	1	2	exposed_validation
HG02273	AMR	PEL46	ipd_genome	DQB1	2	complete	1	1	1	2	exposed_validation
HG02273	AMR	PEL46	T1K	DQB1	4	complete	1	1	0	1	exposed_validation
HG02273	AMR	PEL46	ipd_genome	DQB1	4	complete	1	1	1	2	exposed_validation
HG02273	AMR	PEL46	T1K	DRB1	2	complete	1	1	1	2	exposed_validation
HG02273	AMR	PEL46	ipd_genome	DRB1	2	complete	1	1	1	2	exposed_validation
HG02273	AMR	PEL46	T1K	DRB1	4	complete	0	0	0	0	exposed_validation
HG02273	AMR	PEL46	ipd_genome	DRB1	4	complete	0	0	0	0	exposed_validation
HG02280	AFR	BB23	T1K	A	2	complete	1	1	1	2	exposed_validation
HG02280	AFR	BB23	ipd_genome	A	2	complete	1	1	1	2	exposed_validation
HG02280	AFR	BB23	T1K	A	4	complete	1	1	1	2	exposed_validation
HG02280	AFR	BB23	ipd_genome	A	4	complete	1	1	1	2	exposed_validation
HG02280	AFR	BB23	T1K	B	2	complete	1	1	1	2	exposed_validation
HG02280	AFR	BB23	ipd_genome	B	2	complete	1	1	1	2	exposed_validation
HG02280	AFR	BB23	T1K	B	4	complete	0	0	0	0	exposed_validation
HG02280	AFR	BB23	ipd_genome	B	4	complete	0	0	0	0	exposed_validation
HG02280	AFR	BB23	T1K	C	2	complete	1	1	1	2	exposed_validation
HG02280	AFR	BB23	ipd_genome	C	2	complete	1	1	1	2	exposed_validation
HG02280	AFR	BB23	T1K	C	4	complete	1	1	0	1	exposed_validation
HG02280	AFR	BB23	ipd_genome	C	4	complete	1	1	1	2	exposed_validation
HG02280	AFR	BB23	T1K	DPA1	2	complete	1	1	1	2	exposed_validation
HG02280	AFR	BB23	ipd_genome	DPA1	2	complete	1	1	0	1	exposed_validation
HG02280	AFR	BB23	T1K	DPA1	4	complete	1	1	0	0	exposed_validation
HG02280	AFR	BB23	ipd_genome	DPA1	4	complete	1	0	0	1	exposed_validation
HG02280	AFR	BB23	T1K	DPB1	2	complete	1	1	1	2	exposed_validation
HG02280	AFR	BB23	ipd_genome	DPB1	2	complete	1	1	1	2	exposed_validation
HG02280	AFR	BB23	T1K	DPB1	4	complete	1	1	1	2	exposed_validation
HG02280	AFR	BB23	ipd_genome	DPB1	4	complete	1	1	1	2	exposed_validation
HG02280	AFR	BB23	T1K	DQA1	2	complete	1	1	0	1	exposed_validation
HG02280	AFR	BB23	ipd_genome	DQA1	2	complete	1	1	1	2	exposed_validation
HG02280	AFR	BB23	T1K	DQA1	4	complete	1	1	0	1	exposed_validation
HG02280	AFR	BB23	ipd_genome	DQA1	4	complete	1	1	0	1	exposed_validation
HG02280	AFR	BB23	T1K	DQB1	2	complete	1	1	1	2	exposed_validation
HG02280	AFR	BB23	ipd_genome	DQB1	2	complete	1	1	1	2	exposed_validation
HG02280	AFR	BB23	T1K	DQB1	4	complete	1	1	0	1	exposed_validation
HG02280	AFR	BB23	ipd_genome	DQB1	4	complete	1	1	1	2	exposed_validation
HG02280	AFR	BB23	T1K	DRB1	2	complete	1	1	1	2	exposed_validation
HG02280	AFR	BB23	ipd_genome	DRB1	2	complete	1	1	1	2	exposed_validation
HG02280	AFR	BB23	T1K	DRB1	4	complete	0	0	0	0	exposed_validation
HG02280	AFR	BB23	ipd_genome	DRB1	4	complete	0	0	0	0	exposed_validation
HG02293	AMR	PEL51	T1K	A	2	complete	1	1	1	2	exposed_validation
HG02293	AMR	PEL51	ipd_genome	A	2	complete	1	1	1	2	exposed_validation
HG02293	AMR	PEL51	T1K	A	4	complete	0	0	0	0	exposed_validation
HG02293	AMR	PEL51	ipd_genome	A	4	complete	0	0	0	0	exposed_validation
HG02293	AMR	PEL51	T1K	B	2	complete	1	1	1	2	exposed_validation
HG02293	AMR	PEL51	ipd_genome	B	2	complete	1	1	1	2	exposed_validation
HG02293	AMR	PEL51	T1K	B	4	complete	1	1	1	2	exposed_validation
HG02293	AMR	PEL51	ipd_genome	B	4	complete	1	1	1	2	exposed_validation
HG02293	AMR	PEL51	T1K	C	2	complete	1	1	1	2	exposed_validation
HG02293	AMR	PEL51	ipd_genome	C	2	complete	1	1	1	2	exposed_validation
HG02293	AMR	PEL51	T1K	C	4	complete	1	1	1	2	exposed_validation
HG02293	AMR	PEL51	ipd_genome	C	4	complete	1	1	1	2	exposed_validation
HG02293	AMR	PEL51	T1K	DPA1	2	complete	1	1	1	2	exposed_validation
HG02293	AMR	PEL51	ipd_genome	DPA1	2	complete	1	1	1	2	exposed_validation
HG02293	AMR	PEL51	T1K	DPA1	4	complete	0	0	0	0	exposed_validation
HG02293	AMR	PEL51	ipd_genome	DPA1	4	complete	0	0	0	0	exposed_validation
HG02293	AMR	PEL51	T1K	DPB1	2	complete	1	1	1	2	exposed_validation
HG02293	AMR	PEL51	ipd_genome	DPB1	2	complete	1	1	1	2	exposed_validation
HG02293	AMR	PEL51	T1K	DPB1	4	complete	1	1	1	2	exposed_validation
HG02293	AMR	PEL51	ipd_genome	DPB1	4	complete	1	1	1	2	exposed_validation
HG02293	AMR	PEL51	T1K	DQA1	2	complete	1	1	1	2	exposed_validation
HG02293	AMR	PEL51	ipd_genome	DQA1	2	complete	1	1	1	2	exposed_validation
HG02293	AMR	PEL51	T1K	DQA1	4	complete	1	1	1	2	exposed_validation
HG02293	AMR	PEL51	ipd_genome	DQA1	4	complete	1	1	1	2	exposed_validation
HG02293	AMR	PEL51	T1K	DQB1	2	complete	1	1	1	2	exposed_validation
HG02293	AMR	PEL51	ipd_genome	DQB1	2	complete	1	1	1	2	exposed_validation
HG02293	AMR	PEL51	T1K	DQB1	4	complete	1	1	0	1	exposed_validation
HG02293	AMR	PEL51	ipd_genome	DQB1	4	complete	1	1	1	2	exposed_validation
HG02293	AMR	PEL51	T1K	DRB1	2	complete	1	1	1	2	exposed_validation
HG02293	AMR	PEL51	ipd_genome	DRB1	2	complete	1	1	1	2	exposed_validation
HG02293	AMR	PEL51	T1K	DRB1	4	complete	0	0	0	0	exposed_validation
HG02293	AMR	PEL51	ipd_genome	DRB1	4	complete	0	0	0	0	exposed_validation
HG02300	AMR	PEL52	T1K	A	2	complete	1	1	1	2	exposed_validation
HG02300	AMR	PEL52	ipd_genome	A	2	complete	1	1	1	2	exposed_validation
HG02300	AMR	PEL52	T1K	A	4	complete	0	0	0	0	exposed_validation
HG02300	AMR	PEL52	ipd_genome	A	4	complete	0	0	0	0	exposed_validation
HG02300	AMR	PEL52	T1K	B	2	complete	1	1	0	1	exposed_validation
HG02300	AMR	PEL52	ipd_genome	B	2	complete	1	1	1	2	exposed_validation
HG02300	AMR	PEL52	T1K	B	4	complete	0	0	0	0	exposed_validation
HG02300	AMR	PEL52	ipd_genome	B	4	complete	0	0	0	0	exposed_validation
HG02300	AMR	PEL52	T1K	C	2	complete	1	1	1	2	exposed_validation
HG02300	AMR	PEL52	ipd_genome	C	2	complete	1	1	1	2	exposed_validation
HG02300	AMR	PEL52	T1K	C	4	complete	1	1	1	2	exposed_validation
HG02300	AMR	PEL52	ipd_genome	C	4	complete	1	1	1	2	exposed_validation
HG02300	AMR	PEL52	T1K	DPA1	2	complete	1	1	1	2	exposed_validation
HG02300	AMR	PEL52	ipd_genome	DPA1	2	complete	1	1	1	2	exposed_validation
HG02300	AMR	PEL52	T1K	DPA1	4	complete	0	0	0	0	exposed_validation
HG02300	AMR	PEL52	ipd_genome	DPA1	4	complete	0	0	0	0	exposed_validation
HG02300	AMR	PEL52	T1K	DPB1	2	complete	1	1	1	2	exposed_validation
HG02300	AMR	PEL52	ipd_genome	DPB1	2	complete	1	1	1	2	exposed_validation
HG02300	AMR	PEL52	T1K	DPB1	4	complete	1	1	1	2	exposed_validation
HG02300	AMR	PEL52	ipd_genome	DPB1	4	complete	1	1	1	2	exposed_validation
HG02300	AMR	PEL52	T1K	DQA1	2	complete	1	1	0	0	exposed_validation
HG02300	AMR	PEL52	ipd_genome	DQA1	2	complete	1	1	1	2	exposed_validation
HG02300	AMR	PEL52	T1K	DQA1	4	complete	1	0	0	0	exposed_validation
HG02300	AMR	PEL52	ipd_genome	DQA1	4	complete	1	1	1	2	exposed_validation
HG02300	AMR	PEL52	T1K	DQB1	2	complete	1	1	1	2	exposed_validation
HG02300	AMR	PEL52	ipd_genome	DQB1	2	complete	1	1	1	2	exposed_validation
HG02300	AMR	PEL52	T1K	DQB1	4	complete	1	1	1	2	exposed_validation
HG02300	AMR	PEL52	ipd_genome	DQB1	4	complete	1	1	1	2	exposed_validation
HG02300	AMR	PEL52	T1K	DRB1	2	complete	1	1	1	2	exposed_validation
HG02300	AMR	PEL52	ipd_genome	DRB1	2	complete	1	1	1	2	exposed_validation
HG02300	AMR	PEL52	T1K	DRB1	4	complete	0	0	0	0	exposed_validation
HG02300	AMR	PEL52	ipd_genome	DRB1	4	complete	0	0	0	0	exposed_validation
HG02392	EAS	HG02392	T1K	A	2	complete	1	1	1	2	exposed_validation
HG02392	EAS	HG02392	ipd_genome	A	2	complete	1	1	1	2	exposed_validation
HG02392	EAS	HG02392	T1K	A	4	complete	1	1	1	2	exposed_validation
HG02392	EAS	HG02392	ipd_genome	A	4	complete	1	1	1	2	exposed_validation
HG02392	EAS	HG02392	T1K	B	2	complete	1	1	1	2	exposed_validation
HG02392	EAS	HG02392	ipd_genome	B	2	complete	1	1	1	2	exposed_validation
HG02392	EAS	HG02392	T1K	B	4	complete	0	0	0	0	exposed_validation
HG02392	EAS	HG02392	ipd_genome	B	4	complete	0	0	0	0	exposed_validation
HG02392	EAS	HG02392	T1K	C	2	complete	1	1	1	2	exposed_validation
HG02392	EAS	HG02392	ipd_genome	C	2	complete	1	1	1	2	exposed_validation
HG02392	EAS	HG02392	T1K	C	4	complete	1	1	0	0	exposed_validation
HG02392	EAS	HG02392	ipd_genome	C	4	complete	1	1	1	2	exposed_validation
HG02392	EAS	HG02392	T1K	DPA1	2	complete	1	1	1	2	exposed_validation
HG02392	EAS	HG02392	ipd_genome	DPA1	2	complete	1	1	1	2	exposed_validation
HG02392	EAS	HG02392	T1K	DPA1	4	complete	0	0	0	0	exposed_validation
HG02392	EAS	HG02392	ipd_genome	DPA1	4	complete	0	0	0	0	exposed_validation
HG02392	EAS	HG02392	T1K	DPB1	2	complete	1	1	1	2	exposed_validation
HG02392	EAS	HG02392	ipd_genome	DPB1	2	complete	1	1	1	2	exposed_validation
HG02392	EAS	HG02392	T1K	DPB1	4	complete	1	1	0	1	exposed_validation
HG02392	EAS	HG02392	ipd_genome	DPB1	4	complete	1	1	1	2	exposed_validation
HG02392	EAS	HG02392	T1K	DQA1	2	complete	1	1	1	2	exposed_validation
HG02392	EAS	HG02392	ipd_genome	DQA1	2	complete	1	1	1	2	exposed_validation
HG02392	EAS	HG02392	T1K	DQA1	4	complete	0	0	0	0	exposed_validation
HG02392	EAS	HG02392	ipd_genome	DQA1	4	complete	0	0	0	0	exposed_validation
HG02392	EAS	HG02392	T1K	DQB1	2	complete	1	1	1	2	exposed_validation
HG02392	EAS	HG02392	ipd_genome	DQB1	2	complete	1	1	1	2	exposed_validation
HG02392	EAS	HG02392	T1K	DQB1	4	complete	0	0	0	0	exposed_validation
HG02392	EAS	HG02392	ipd_genome	DQB1	4	complete	0	0	0	0	exposed_validation
HG02392	EAS	HG02392	T1K	DRB1	2	complete	1	1	1	2	exposed_validation
HG02392	EAS	HG02392	ipd_genome	DRB1	2	complete	1	1	1	2	exposed_validation
HG02392	EAS	HG02392	T1K	DRB1	4	complete	0	0	0	0	exposed_validation
HG02392	EAS	HG02392	ipd_genome	DRB1	4	complete	0	0	0	0	exposed_validation
HG02451	AFR	BB46	T1K	A	2	complete	1	1	1	2	exposed_validation
HG02451	AFR	BB46	ipd_genome	A	2	complete	1	1	1	2	exposed_validation
HG02451	AFR	BB46	T1K	A	4	complete	1	1	1	2	exposed_validation
HG02451	AFR	BB46	ipd_genome	A	4	complete	1	1	1	2	exposed_validation
HG02451	AFR	BB46	T1K	B	2	complete	1	1	1	2	exposed_validation
HG02451	AFR	BB46	ipd_genome	B	2	complete	1	1	1	2	exposed_validation
HG02451	AFR	BB46	T1K	B	4	complete	0	0	0	0	exposed_validation
HG02451	AFR	BB46	ipd_genome	B	4	complete	0	0	0	0	exposed_validation
HG02451	AFR	BB46	T1K	C	2	complete	1	1	0	1	exposed_validation
HG02451	AFR	BB46	ipd_genome	C	2	complete	1	1	1	2	exposed_validation
HG02451	AFR	BB46	T1K	C	4	complete	0	0	0	0	exposed_validation
HG02451	AFR	BB46	ipd_genome	C	4	complete	0	0	0	0	exposed_validation
HG02451	AFR	BB46	T1K	DPA1	2	complete	1	1	1	2	exposed_validation
HG02451	AFR	BB46	ipd_genome	DPA1	2	complete	1	1	1	2	exposed_validation
HG02451	AFR	BB46	T1K	DPA1	4	complete	1	1	0	1	exposed_validation
HG02451	AFR	BB46	ipd_genome	DPA1	4	complete	1	1	1	2	exposed_validation
HG02451	AFR	BB46	T1K	DPB1	2	complete	1	1	1	2	exposed_validation
HG02451	AFR	BB46	ipd_genome	DPB1	2	complete	1	1	1	2	exposed_validation
HG02451	AFR	BB46	T1K	DPB1	4	complete	1	1	1	2	exposed_validation
HG02451	AFR	BB46	ipd_genome	DPB1	4	complete	1	1	1	2	exposed_validation
HG02451	AFR	BB46	T1K	DQA1	2	complete	1	1	1	2	exposed_validation
HG02451	AFR	BB46	ipd_genome	DQA1	2	complete	1	1	1	2	exposed_validation
HG02451	AFR	BB46	T1K	DQA1	4	complete	1	1	0	0	exposed_validation
HG02451	AFR	BB46	ipd_genome	DQA1	4	complete	1	1	0	1	exposed_validation
HG02451	AFR	BB46	T1K	DQB1	2	complete	1	1	1	2	exposed_validation
HG02451	AFR	BB46	ipd_genome	DQB1	2	complete	1	1	1	2	exposed_validation
HG02451	AFR	BB46	T1K	DQB1	4	complete	1	1	0	1	exposed_validation
HG02451	AFR	BB46	ipd_genome	DQB1	4	complete	1	1	0	1	exposed_validation
HG02451	AFR	BB46	T1K	DRB1	2	complete	1	1	1	2	exposed_validation
HG02451	AFR	BB46	ipd_genome	DRB1	2	complete	1	1	1	2	exposed_validation
HG02451	AFR	BB46	T1K	DRB1	4	complete	0	0	0	0	exposed_validation
HG02451	AFR	BB46	ipd_genome	DRB1	4	complete	0	0	0	0	exposed_validation
HG02514	EAS	VN087	T1K	A	2	complete	1	1	1	2	exposed_validation
HG02514	EAS	VN087	ipd_genome	A	2	complete	1	1	1	2	exposed_validation
HG02514	EAS	VN087	T1K	A	4	complete	0	0	0	0	exposed_validation
HG02514	EAS	VN087	ipd_genome	A	4	complete	0	0	0	0	exposed_validation
HG02514	EAS	VN087	T1K	B	2	complete	1	1	1	2	exposed_validation
HG02514	EAS	VN087	ipd_genome	B	2	complete	1	1	1	2	exposed_validation
HG02514	EAS	VN087	T1K	B	4	complete	0	0	0	0	exposed_validation
HG02514	EAS	VN087	ipd_genome	B	4	complete	0	0	0	0	exposed_validation
HG02514	EAS	VN087	T1K	C	2	complete	1	1	1	2	exposed_validation
HG02514	EAS	VN087	ipd_genome	C	2	complete	1	1	1	2	exposed_validation
HG02514	EAS	VN087	T1K	C	4	complete	1	1	1	2	exposed_validation
HG02514	EAS	VN087	ipd_genome	C	4	complete	1	1	1	2	exposed_validation
HG02514	EAS	VN087	T1K	DPA1	2	complete	1	1	1	2	exposed_validation
HG02514	EAS	VN087	ipd_genome	DPA1	2	complete	1	1	1	2	exposed_validation
HG02514	EAS	VN087	T1K	DPA1	4	complete	1	1	0	0	exposed_validation
HG02514	EAS	VN087	ipd_genome	DPA1	4	complete	1	1	1	2	exposed_validation
HG02514	EAS	VN087	T1K	DPB1	2	complete	1	1	1	2	exposed_validation
HG02514	EAS	VN087	ipd_genome	DPB1	2	complete	1	1	1	2	exposed_validation
HG02514	EAS	VN087	T1K	DPB1	4	complete	1	1	1	2	exposed_validation
HG02514	EAS	VN087	ipd_genome	DPB1	4	complete	1	1	1	2	exposed_validation
HG02514	EAS	VN087	T1K	DQA1	2	complete	1	1	1	2	exposed_validation
HG02514	EAS	VN087	ipd_genome	DQA1	2	complete	1	1	1	2	exposed_validation
HG02514	EAS	VN087	T1K	DQA1	4	complete	1	1	0	1	exposed_validation
HG02514	EAS	VN087	ipd_genome	DQA1	4	complete	1	1	1	2	exposed_validation
HG02514	EAS	VN087	T1K	DQB1	2	complete	1	1	1	2	exposed_validation
HG02514	EAS	VN087	ipd_genome	DQB1	2	complete	1	1	1	2	exposed_validation
HG02514	EAS	VN087	T1K	DQB1	4	complete	1	1	0	0	exposed_validation
HG02514	EAS	VN087	ipd_genome	DQB1	4	complete	1	1	1	2	exposed_validation
HG02514	EAS	VN087	T1K	DRB1	2	complete	1	1	1	2	exposed_validation
HG02514	EAS	VN087	ipd_genome	DRB1	2	complete	1	1	1	2	exposed_validation
HG02514	EAS	VN087	T1K	DRB1	4	complete	0	0	0	0	exposed_validation
HG02514	EAS	VN087	ipd_genome	DRB1	4	complete	0	0	0	0	exposed_validation
HG02572	AFR	GB21	T1K	A	2	complete	1	1	1	2	exposed_validation
HG02572	AFR	GB21	ipd_genome	A	2	complete	1	1	1	2	exposed_validation
HG02572	AFR	GB21	T1K	A	4	complete	1	1	1	2	exposed_validation
HG02572	AFR	GB21	ipd_genome	A	4	complete	1	1	1	2	exposed_validation
HG02572	AFR	GB21	T1K	B	2	complete	1	1	1	2	exposed_validation
HG02572	AFR	GB21	ipd_genome	B	2	complete	1	1	1	2	exposed_validation
HG02572	AFR	GB21	T1K	B	4	complete	0	0	0	0	exposed_validation
HG02572	AFR	GB21	ipd_genome	B	4	complete	0	0	0	0	exposed_validation
HG02572	AFR	GB21	T1K	C	2	complete	1	1	1	2	exposed_validation
HG02572	AFR	GB21	ipd_genome	C	2	complete	1	1	1	2	exposed_validation
HG02572	AFR	GB21	T1K	C	4	complete	0	0	0	0	exposed_validation
HG02572	AFR	GB21	ipd_genome	C	4	complete	0	0	0	0	exposed_validation
HG02572	AFR	GB21	T1K	DPA1	2	complete	1	1	1	2	exposed_validation
HG02572	AFR	GB21	ipd_genome	DPA1	2	complete	1	1	1	2	exposed_validation
HG02572	AFR	GB21	T1K	DPA1	4	complete	0	0	0	0	exposed_validation
HG02572	AFR	GB21	ipd_genome	DPA1	4	complete	0	0	0	0	exposed_validation
HG02572	AFR	GB21	T1K	DPB1	2	complete	1	1	1	2	exposed_validation
HG02572	AFR	GB21	ipd_genome	DPB1	2	complete	1	1	1	2	exposed_validation
HG02572	AFR	GB21	T1K	DPB1	4	complete	0	0	0	0	exposed_validation
HG02572	AFR	GB21	ipd_genome	DPB1	4	complete	0	0	0	0	exposed_validation
HG02572	AFR	GB21	T1K	DQA1	2	complete	1	1	1	2	exposed_validation
HG02572	AFR	GB21	ipd_genome	DQA1	2	complete	1	1	1	2	exposed_validation
HG02572	AFR	GB21	T1K	DQA1	4	complete	0	0	0	0	exposed_validation
HG02572	AFR	GB21	ipd_genome	DQA1	4	complete	0	0	0	0	exposed_validation
HG02572	AFR	GB21	T1K	DQB1	2	complete	1	1	1	2	exposed_validation
HG02572	AFR	GB21	ipd_genome	DQB1	2	complete	1	1	1	2	exposed_validation
HG02572	AFR	GB21	T1K	DQB1	4	complete	1	1	1	2	exposed_validation
HG02572	AFR	GB21	ipd_genome	DQB1	4	complete	1	1	1	2	exposed_validation
HG02572	AFR	GB21	T1K	DRB1	2	complete	1	1	1	2	exposed_validation
HG02572	AFR	GB21	ipd_genome	DRB1	2	complete	1	1	1	2	exposed_validation
HG02572	AFR	GB21	T1K	DRB1	4	complete	0	0	0	0	exposed_validation
HG02572	AFR	GB21	ipd_genome	DRB1	4	complete	0	0	0	0	exposed_validation
HG02583	AFR	GB23	T1K	A	2	complete	1	1	1	2	exposed_validation
HG02583	AFR	GB23	ipd_genome	A	2	complete	1	1	1	2	exposed_validation
HG02583	AFR	GB23	T1K	A	4	complete	1	1	1	2	exposed_validation
HG02583	AFR	GB23	ipd_genome	A	4	complete	1	1	1	2	exposed_validation
HG02583	AFR	GB23	T1K	B	2	complete	1	1	0	1	exposed_validation
HG02583	AFR	GB23	ipd_genome	B	2	complete	1	1	0	1	exposed_validation
HG02583	AFR	GB23	T1K	B	4	complete	0	0	0	0	exposed_validation
HG02583	AFR	GB23	ipd_genome	B	4	complete	0	0	0	0	exposed_validation
HG02583	AFR	GB23	T1K	C	2	complete	1	1	1	2	exposed_validation
HG02583	AFR	GB23	ipd_genome	C	2	complete	1	1	1	2	exposed_validation
HG02583	AFR	GB23	T1K	C	4	complete	1	1	0	1	exposed_validation
HG02583	AFR	GB23	ipd_genome	C	4	complete	1	1	1	2	exposed_validation
HG02583	AFR	GB23	T1K	DPA1	2	complete	1	1	1	2	exposed_validation
HG02583	AFR	GB23	ipd_genome	DPA1	2	complete	1	1	1	2	exposed_validation
HG02583	AFR	GB23	T1K	DPA1	4	complete	0	0	0	0	exposed_validation
HG02583	AFR	GB23	ipd_genome	DPA1	4	complete	0	0	0	0	exposed_validation
HG02583	AFR	GB23	T1K	DPB1	2	complete	1	1	1	2	exposed_validation
HG02583	AFR	GB23	ipd_genome	DPB1	2	complete	1	1	1	2	exposed_validation
HG02583	AFR	GB23	T1K	DPB1	4	complete	0	0	0	0	exposed_validation
HG02583	AFR	GB23	ipd_genome	DPB1	4	complete	0	0	0	0	exposed_validation
HG02583	AFR	GB23	T1K	DQA1	2	complete	1	1	1	2	exposed_validation
HG02583	AFR	GB23	ipd_genome	DQA1	2	complete	1	1	1	2	exposed_validation
HG02583	AFR	GB23	T1K	DQA1	4	complete	0	0	0	0	exposed_validation
HG02583	AFR	GB23	ipd_genome	DQA1	4	complete	0	0	0	0	exposed_validation
HG02583	AFR	GB23	T1K	DQB1	2	complete	1	1	1	2	exposed_validation
HG02583	AFR	GB23	ipd_genome	DQB1	2	complete	1	1	1	2	exposed_validation
HG02583	AFR	GB23	T1K	DQB1	4	complete	0	0	0	0	exposed_validation
HG02583	AFR	GB23	ipd_genome	DQB1	4	complete	0	0	0	0	exposed_validation
HG02583	AFR	GB23	T1K	DRB1	2	complete	1	1	1	2	exposed_validation
HG02583	AFR	GB23	ipd_genome	DRB1	2	complete	1	1	1	2	exposed_validation
HG02583	AFR	GB23	T1K	DRB1	4	complete	1	1	1	2	exposed_validation
HG02583	AFR	GB23	ipd_genome	DRB1	4	complete	1	1	1	2	exposed_validation
HG02615	AFR	GB29	T1K	A	2	complete	1	1	1	2	exposed_validation
HG02615	AFR	GB29	ipd_genome	A	2	complete	1	1	1	2	exposed_validation
HG02615	AFR	GB29	T1K	A	4	complete	1	1	0	1	exposed_validation
HG02615	AFR	GB29	ipd_genome	A	4	complete	1	1	0	1	exposed_validation
HG02615	AFR	GB29	T1K	B	2	complete	1	1	1	2	exposed_validation
HG02615	AFR	GB29	ipd_genome	B	2	complete	1	1	1	2	exposed_validation
HG02615	AFR	GB29	T1K	B	4	complete	0	0	0	0	exposed_validation
HG02615	AFR	GB29	ipd_genome	B	4	complete	0	0	0	0	exposed_validation
HG02615	AFR	GB29	T1K	C	2	complete	1	1	1	2	exposed_validation
HG02615	AFR	GB29	ipd_genome	C	2	complete	1	1	1	2	exposed_validation
HG02615	AFR	GB29	T1K	C	4	complete	0	0	0	0	exposed_validation
HG02615	AFR	GB29	ipd_genome	C	4	complete	0	0	0	0	exposed_validation
HG02615	AFR	GB29	T1K	DPA1	2	complete	1	1	1	2	exposed_validation
HG02615	AFR	GB29	ipd_genome	DPA1	2	complete	1	1	0	1	exposed_validation
HG02615	AFR	GB29	T1K	DPA1	4	complete	0	0	0	0	exposed_validation
HG02615	AFR	GB29	ipd_genome	DPA1	4	complete	0	0	0	0	exposed_validation
HG02615	AFR	GB29	T1K	DPB1	2	complete	1	1	1	2	exposed_validation
HG02615	AFR	GB29	ipd_genome	DPB1	2	complete	1	1	1	2	exposed_validation
HG02615	AFR	GB29	T1K	DPB1	4	complete	1	1	1	2	exposed_validation
HG02615	AFR	GB29	ipd_genome	DPB1	4	complete	1	1	1	2	exposed_validation
HG02615	AFR	GB29	T1K	DQA1	2	complete	1	1	1	2	exposed_validation
HG02615	AFR	GB29	ipd_genome	DQA1	2	complete	1	1	1	2	exposed_validation
HG02615	AFR	GB29	T1K	DQA1	4	complete	0	0	0	0	exposed_validation
HG02615	AFR	GB29	ipd_genome	DQA1	4	complete	0	0	0	0	exposed_validation
HG02615	AFR	GB29	T1K	DQB1	2	complete	1	1	1	2	exposed_validation
HG02615	AFR	GB29	ipd_genome	DQB1	2	complete	1	1	1	2	exposed_validation
HG02615	AFR	GB29	T1K	DQB1	4	complete	1	1	0	1	exposed_validation
HG02615	AFR	GB29	ipd_genome	DQB1	4	complete	1	1	1	2	exposed_validation
HG02615	AFR	GB29	T1K	DRB1	2	complete	1	1	1	2	exposed_validation
HG02615	AFR	GB29	ipd_genome	DRB1	2	complete	1	1	1	2	exposed_validation
HG02615	AFR	GB29	T1K	DRB1	4	complete	0	0	0	0	exposed_validation
HG02615	AFR	GB29	ipd_genome	DRB1	4	complete	0	0	0	0	exposed_validation
HG02622	AFR	GB31	T1K	A	2	complete	1	1	1	2	exposed_validation
HG02622	AFR	GB31	ipd_genome	A	2	complete	1	1	1	2	exposed_validation
HG02622	AFR	GB31	T1K	A	4	complete	1	1	1	2	exposed_validation
HG02622	AFR	GB31	ipd_genome	A	4	complete	1	1	1	2	exposed_validation
HG02622	AFR	GB31	T1K	B	2	complete	1	1	1	2	exposed_validation
HG02622	AFR	GB31	ipd_genome	B	2	complete	1	1	1	2	exposed_validation
HG02622	AFR	GB31	T1K	B	4	complete	0	0	0	0	exposed_validation
HG02622	AFR	GB31	ipd_genome	B	4	complete	0	0	0	0	exposed_validation
HG02622	AFR	GB31	T1K	C	2	complete	1	1	1	2	exposed_validation
HG02622	AFR	GB31	ipd_genome	C	2	complete	1	1	1	2	exposed_validation
HG02622	AFR	GB31	T1K	C	4	complete	0	0	0	0	exposed_validation
HG02622	AFR	GB31	ipd_genome	C	4	complete	0	0	0	0	exposed_validation
HG02622	AFR	GB31	T1K	DPA1	2	complete	1	1	1	2	exposed_validation
HG02622	AFR	GB31	ipd_genome	DPA1	2	complete	1	1	1	2	exposed_validation
HG02622	AFR	GB31	T1K	DPA1	4	complete	1	1	0	0	exposed_validation
HG02622	AFR	GB31	ipd_genome	DPA1	4	complete	1	1	1	2	exposed_validation
HG02622	AFR	GB31	T1K	DPB1	2	complete	1	1	1	2	exposed_validation
HG02622	AFR	GB31	ipd_genome	DPB1	2	complete	1	1	1	2	exposed_validation
HG02622	AFR	GB31	T1K	DPB1	4	complete	1	1	0	1	exposed_validation
HG02622	AFR	GB31	ipd_genome	DPB1	4	complete	1	1	1	2	exposed_validation
HG02622	AFR	GB31	T1K	DQA1	2	complete	1	1	1	2	exposed_validation
HG02622	AFR	GB31	ipd_genome	DQA1	2	complete	1	1	1	2	exposed_validation
HG02622	AFR	GB31	T1K	DQA1	4	complete	0	0	0	0	exposed_validation
HG02622	AFR	GB31	ipd_genome	DQA1	4	complete	0	0	0	0	exposed_validation
HG02622	AFR	GB31	T1K	DQB1	2	complete	1	1	1	2	exposed_validation
HG02622	AFR	GB31	ipd_genome	DQB1	2	complete	1	1	1	2	exposed_validation
HG02622	AFR	GB31	T1K	DQB1	4	complete	0	0	0	0	exposed_validation
HG02622	AFR	GB31	ipd_genome	DQB1	4	complete	0	0	0	0	exposed_validation
HG02622	AFR	GB31	T1K	DRB1	2	complete	1	1	1	2	exposed_validation
HG02622	AFR	GB31	ipd_genome	DRB1	2	complete	1	1	1	2	exposed_validation
HG02622	AFR	GB31	T1K	DRB1	4	complete	0	0	0	0	exposed_validation
HG02622	AFR	GB31	ipd_genome	DRB1	4	complete	0	0	0	0	exposed_validation
HG02630	AFR	GB33	T1K	A	2	complete	1	1	1	2	exposed_validation
HG02630	AFR	GB33	ipd_genome	A	2	complete	1	1	1	2	exposed_validation
HG02630	AFR	GB33	T1K	A	4	complete	1	1	1	2	exposed_validation
HG02630	AFR	GB33	ipd_genome	A	4	complete	1	1	1	2	exposed_validation
HG02630	AFR	GB33	T1K	B	2	complete	1	1	1	2	exposed_validation
HG02630	AFR	GB33	ipd_genome	B	2	complete	1	1	1	2	exposed_validation
HG02630	AFR	GB33	T1K	B	4	complete	0	0	0	0	exposed_validation
HG02630	AFR	GB33	ipd_genome	B	4	complete	0	0	0	0	exposed_validation
HG02630	AFR	GB33	T1K	C	2	complete	1	1	1	2	exposed_validation
HG02630	AFR	GB33	ipd_genome	C	2	complete	1	1	1	2	exposed_validation
HG02630	AFR	GB33	T1K	C	4	complete	1	1	0	0	exposed_validation
HG02630	AFR	GB33	ipd_genome	C	4	complete	1	1	1	2	exposed_validation
HG02630	AFR	GB33	T1K	DPA1	2	complete	1	1	1	2	exposed_validation
HG02630	AFR	GB33	ipd_genome	DPA1	2	complete	1	1	1	2	exposed_validation
HG02630	AFR	GB33	T1K	DPA1	4	complete	1	1	0	0	exposed_validation
HG02630	AFR	GB33	ipd_genome	DPA1	4	complete	1	1	1	2	exposed_validation
HG02630	AFR	GB33	T1K	DPB1	2	complete	1	1	1	2	exposed_validation
HG02630	AFR	GB33	ipd_genome	DPB1	2	complete	1	1	1	2	exposed_validation
HG02630	AFR	GB33	T1K	DPB1	4	complete	0	0	0	0	exposed_validation
HG02630	AFR	GB33	ipd_genome	DPB1	4	complete	0	0	0	0	exposed_validation
HG02630	AFR	GB33	T1K	DQA1	2	complete	1	1	1	2	exposed_validation
HG02630	AFR	GB33	ipd_genome	DQA1	2	complete	1	1	1	2	exposed_validation
HG02630	AFR	GB33	T1K	DQA1	4	complete	1	1	1	2	exposed_validation
HG02630	AFR	GB33	ipd_genome	DQA1	4	complete	1	1	1	2	exposed_validation
HG02630	AFR	GB33	T1K	DQB1	2	complete	1	1	1	2	exposed_validation
HG02630	AFR	GB33	ipd_genome	DQB1	2	complete	1	1	1	2	exposed_validation
HG02630	AFR	GB33	T1K	DQB1	4	complete	1	1	1	2	exposed_validation
HG02630	AFR	GB33	ipd_genome	DQB1	4	complete	1	1	1	2	exposed_validation
HG02630	AFR	GB33	T1K	DRB1	2	complete	1	1	1	2	exposed_validation
HG02630	AFR	GB33	ipd_genome	DRB1	2	complete	1	1	1	2	exposed_validation
HG02630	AFR	GB33	T1K	DRB1	4	complete	0	0	0	0	exposed_validation
HG02630	AFR	GB33	ipd_genome	DRB1	4	complete	0	0	0	0	exposed_validation
HG02647	AFR	GB38	T1K	A	2	complete	1	1	1	2	exposed_validation
HG02647	AFR	GB38	ipd_genome	A	2	complete	1	1	1	2	exposed_validation
HG02647	AFR	GB38	T1K	A	4	complete	1	1	1	2	exposed_validation
HG02647	AFR	GB38	ipd_genome	A	4	complete	1	1	1	2	exposed_validation
HG02647	AFR	GB38	T1K	B	2	complete	1	1	1	2	exposed_validation
HG02647	AFR	GB38	ipd_genome	B	2	complete	1	1	1	2	exposed_validation
HG02647	AFR	GB38	T1K	B	4	complete	0	0	0	0	exposed_validation
HG02647	AFR	GB38	ipd_genome	B	4	complete	0	0	0	0	exposed_validation
HG02647	AFR	GB38	T1K	C	2	complete	1	1	1	2	exposed_validation
HG02647	AFR	GB38	ipd_genome	C	2	complete	1	1	1	2	exposed_validation
HG02647	AFR	GB38	T1K	C	4	complete	0	0	0	0	exposed_validation
HG02647	AFR	GB38	ipd_genome	C	4	complete	0	0	0	0	exposed_validation
HG02647	AFR	GB38	T1K	DPA1	2	complete	1	1	1	2	exposed_validation
HG02647	AFR	GB38	ipd_genome	DPA1	2	complete	1	1	0	1	exposed_validation
HG02647	AFR	GB38	T1K	DPA1	4	complete	0	0	0	0	exposed_validation
HG02647	AFR	GB38	ipd_genome	DPA1	4	complete	0	0	0	0	exposed_validation
HG02647	AFR	GB38	T1K	DPB1	2	complete	1	1	1	2	exposed_validation
HG02647	AFR	GB38	ipd_genome	DPB1	2	complete	1	1	1	2	exposed_validation
HG02647	AFR	GB38	T1K	DPB1	4	complete	1	1	1	2	exposed_validation
HG02647	AFR	GB38	ipd_genome	DPB1	4	complete	1	1	1	2	exposed_validation
HG02647	AFR	GB38	T1K	DQA1	2	complete	1	1	1	2	exposed_validation
HG02647	AFR	GB38	ipd_genome	DQA1	2	complete	1	1	1	2	exposed_validation
HG02647	AFR	GB38	T1K	DQA1	4	complete	1	1	1	2	exposed_validation
HG02647	AFR	GB38	ipd_genome	DQA1	4	complete	1	1	0	1	exposed_validation
HG02647	AFR	GB38	T1K	DQB1	2	complete	1	1	1	2	exposed_validation
HG02647	AFR	GB38	ipd_genome	DQB1	2	complete	1	1	1	2	exposed_validation
HG02647	AFR	GB38	T1K	DQB1	4	complete	1	1	1	2	exposed_validation
HG02647	AFR	GB38	ipd_genome	DQB1	4	complete	1	1	1	2	exposed_validation
HG02647	AFR	GB38	T1K	DRB1	2	complete	1	1	1	2	exposed_validation
HG02647	AFR	GB38	ipd_genome	DRB1	2	complete	1	1	1	2	exposed_validation
HG02647	AFR	GB38	T1K	DRB1	4	complete	0	0	0	0	exposed_validation
HG02647	AFR	GB38	ipd_genome	DRB1	4	complete	0	0	0	0	exposed_validation
HG02668	AFR	GB40	T1K	A	2	complete	1	1	1	2	exposed_validation
HG02668	AFR	GB40	ipd_genome	A	2	complete	1	1	1	2	exposed_validation
HG02668	AFR	GB40	T1K	A	4	complete	1	1	1	2	exposed_validation
HG02668	AFR	GB40	ipd_genome	A	4	complete	1	1	1	2	exposed_validation
HG02668	AFR	GB40	T1K	B	2	complete	1	1	1	2	exposed_validation
HG02668	AFR	GB40	ipd_genome	B	2	complete	1	1	1	2	exposed_validation
HG02668	AFR	GB40	T1K	B	4	complete	0	0	0	0	exposed_validation
HG02668	AFR	GB40	ipd_genome	B	4	complete	0	0	0	0	exposed_validation
HG02668	AFR	GB40	T1K	C	2	complete	1	1	1	2	exposed_validation
HG02668	AFR	GB40	ipd_genome	C	2	complete	1	1	1	2	exposed_validation
HG02668	AFR	GB40	T1K	C	4	complete	0	0	0	0	exposed_validation
HG02668	AFR	GB40	ipd_genome	C	4	complete	0	0	0	0	exposed_validation
HG02668	AFR	GB40	T1K	DPA1	2	complete	1	1	1	2	exposed_validation
HG02668	AFR	GB40	ipd_genome	DPA1	2	complete	1	1	1	2	exposed_validation
HG02668	AFR	GB40	T1K	DPA1	4	complete	0	0	0	0	exposed_validation
HG02668	AFR	GB40	ipd_genome	DPA1	4	complete	0	0	0	0	exposed_validation
HG02668	AFR	GB40	T1K	DPB1	2	complete	1	1	0	1	exposed_validation
HG02668	AFR	GB40	ipd_genome	DPB1	2	complete	1	1	0	1	exposed_validation
HG02668	AFR	GB40	T1K	DPB1	4	complete	0	0	0	0	exposed_validation
HG02668	AFR	GB40	ipd_genome	DPB1	4	complete	0	0	0	0	exposed_validation
HG02668	AFR	GB40	T1K	DQA1	2	complete	1	1	1	2	exposed_validation
HG02668	AFR	GB40	ipd_genome	DQA1	2	complete	1	1	1	2	exposed_validation
HG02668	AFR	GB40	T1K	DQA1	4	complete	1	1	0	0	exposed_validation
HG02668	AFR	GB40	ipd_genome	DQA1	4	complete	1	1	1	2	exposed_validation
HG02668	AFR	GB40	T1K	DQB1	2	complete	1	1	1	2	exposed_validation
HG02668	AFR	GB40	ipd_genome	DQB1	2	complete	1	1	1	2	exposed_validation
HG02668	AFR	GB40	T1K	DQB1	4	complete	0	0	0	0	exposed_validation
HG02668	AFR	GB40	ipd_genome	DQB1	4	complete	0	0	0	0	exposed_validation
HG02668	AFR	GB40	T1K	DRB1	2	complete	1	1	1	2	exposed_validation
HG02668	AFR	GB40	ipd_genome	DRB1	2	complete	1	1	1	2	exposed_validation
HG02668	AFR	GB40	T1K	DRB1	4	complete	0	0	0	0	exposed_validation
HG02668	AFR	GB40	ipd_genome	DRB1	4	complete	0	0	0	0	exposed_validation
HG02698	SAS	PK21	T1K	A	2	complete	1	1	1	2	exposed_validation
HG02698	SAS	PK21	ipd_genome	A	2	complete	1	1	1	2	exposed_validation
HG02698	SAS	PK21	T1K	A	4	complete	1	1	1	2	exposed_validation
HG02698	SAS	PK21	ipd_genome	A	4	complete	1	1	1	2	exposed_validation
HG02698	SAS	PK21	T1K	B	2	complete	1	1	1	2	exposed_validation
HG02698	SAS	PK21	ipd_genome	B	2	complete	1	1	1	2	exposed_validation
HG02698	SAS	PK21	T1K	B	4	complete	0	0	0	0	exposed_validation
HG02698	SAS	PK21	ipd_genome	B	4	complete	0	0	0	0	exposed_validation
HG02698	SAS	PK21	T1K	C	2	complete	1	1	1	2	exposed_validation
HG02698	SAS	PK21	ipd_genome	C	2	complete	1	1	1	2	exposed_validation
HG02698	SAS	PK21	T1K	C	4	complete	0	0	0	0	exposed_validation
HG02698	SAS	PK21	ipd_genome	C	4	complete	0	0	0	0	exposed_validation
HG02698	SAS	PK21	T1K	DPA1	2	complete	1	1	1	2	exposed_validation
HG02698	SAS	PK21	ipd_genome	DPA1	2	complete	1	1	1	2	exposed_validation
HG02698	SAS	PK21	T1K	DPA1	4	complete	1	1	0	0	exposed_validation
HG02698	SAS	PK21	ipd_genome	DPA1	4	complete	1	1	1	2	exposed_validation
HG02698	SAS	PK21	T1K	DPB1	2	complete	0	0	0	0	exposed_validation
HG02698	SAS	PK21	ipd_genome	DPB1	2	complete	0	0	0	0	exposed_validation
HG02698	SAS	PK21	T1K	DPB1	4	complete	0	0	0	0	exposed_validation
HG02698	SAS	PK21	ipd_genome	DPB1	4	complete	0	0	0	0	exposed_validation
HG02698	SAS	PK21	T1K	DQA1	2	complete	1	1	1	2	exposed_validation
HG02698	SAS	PK21	ipd_genome	DQA1	2	complete	1	1	1	2	exposed_validation
HG02698	SAS	PK21	T1K	DQA1	4	complete	1	1	0	1	exposed_validation
HG02698	SAS	PK21	ipd_genome	DQA1	4	complete	1	1	1	2	exposed_validation
HG02698	SAS	PK21	T1K	DQB1	2	complete	1	1	1	2	exposed_validation
HG02698	SAS	PK21	ipd_genome	DQB1	2	complete	1	1	1	2	exposed_validation
HG02698	SAS	PK21	T1K	DQB1	4	complete	1	1	1	2	exposed_validation
HG02698	SAS	PK21	ipd_genome	DQB1	4	complete	1	1	1	2	exposed_validation
HG02698	SAS	PK21	T1K	DRB1	2	complete	1	1	1	2	exposed_validation
HG02698	SAS	PK21	ipd_genome	DRB1	2	complete	1	1	1	2	exposed_validation
HG02698	SAS	PK21	T1K	DRB1	4	complete	0	0	0	0	exposed_validation
HG02698	SAS	PK21	ipd_genome	DRB1	4	complete	0	0	0	0	exposed_validation
HG02717	AFR	GB50	T1K	A	2	complete	1	1	1	2	exposed_validation
HG02717	AFR	GB50	ipd_genome	A	2	complete	1	1	1	2	exposed_validation
HG02717	AFR	GB50	T1K	A	4	complete	1	1	1	2	exposed_validation
HG02717	AFR	GB50	ipd_genome	A	4	complete	1	1	1	2	exposed_validation
HG02717	AFR	GB50	T1K	B	2	complete	1	1	1	2	exposed_validation
HG02717	AFR	GB50	ipd_genome	B	2	complete	1	1	1	2	exposed_validation
HG02717	AFR	GB50	T1K	B	4	complete	0	0	0	0	exposed_validation
HG02717	AFR	GB50	ipd_genome	B	4	complete	0	0	0	0	exposed_validation
HG02717	AFR	GB50	T1K	C	2	complete	1	1	1	2	exposed_validation
HG02717	AFR	GB50	ipd_genome	C	2	complete	1	1	1	2	exposed_validation
HG02717	AFR	GB50	T1K	C	4	complete	1	1	0	1	exposed_validation
HG02717	AFR	GB50	ipd_genome	C	4	complete	1	1	1	2	exposed_validation
HG02717	AFR	GB50	T1K	DPA1	2	complete	1	1	1	2	exposed_validation
HG02717	AFR	GB50	ipd_genome	DPA1	2	complete	1	1	1	2	exposed_validation
HG02717	AFR	GB50	T1K	DPA1	4	complete	0	0	0	0	exposed_validation
HG02717	AFR	GB50	ipd_genome	DPA1	4	complete	0	0	0	0	exposed_validation
HG02717	AFR	GB50	T1K	DPB1	2	complete	1	1	1	2	exposed_validation
HG02717	AFR	GB50	ipd_genome	DPB1	2	complete	1	1	1	2	exposed_validation
HG02717	AFR	GB50	T1K	DPB1	4	complete	1	1	0	1	exposed_validation
HG02717	AFR	GB50	ipd_genome	DPB1	4	complete	1	1	1	2	exposed_validation
HG02717	AFR	GB50	T1K	DQA1	2	complete	1	1	1	2	exposed_validation
HG02717	AFR	GB50	ipd_genome	DQA1	2	complete	1	1	1	2	exposed_validation
HG02717	AFR	GB50	T1K	DQA1	4	complete	0	0	0	0	exposed_validation
HG02717	AFR	GB50	ipd_genome	DQA1	4	complete	0	0	0	0	exposed_validation
HG02717	AFR	GB50	T1K	DQB1	2	complete	1	1	1	2	exposed_validation
HG02717	AFR	GB50	ipd_genome	DQB1	2	complete	1	1	1	2	exposed_validation
HG02717	AFR	GB50	T1K	DQB1	4	complete	0	0	0	0	exposed_validation
HG02717	AFR	GB50	ipd_genome	DQB1	4	complete	0	0	0	0	exposed_validation
HG02717	AFR	GB50	T1K	DRB1	2	complete	1	1	1	2	exposed_validation
HG02717	AFR	GB50	ipd_genome	DRB1	2	complete	1	1	1	2	exposed_validation
HG02717	AFR	GB50	T1K	DRB1	4	complete	0	0	0	0	exposed_validation
HG02717	AFR	GB50	ipd_genome	DRB1	4	complete	0	0	0	0	exposed_validation
HG02723	AFR	GB52	T1K	A	2	complete	1	1	1	2	exposed_validation
HG02723	AFR	GB52	ipd_genome	A	2	complete	1	1	1	2	exposed_validation
HG02723	AFR	GB52	T1K	A	4	complete	1	1	1	2	exposed_validation
HG02723	AFR	GB52	ipd_genome	A	4	complete	1	1	1	2	exposed_validation
HG02723	AFR	GB52	T1K	B	2	complete	1	1	1	2	exposed_validation
HG02723	AFR	GB52	ipd_genome	B	2	complete	1	1	1	2	exposed_validation
HG02723	AFR	GB52	T1K	B	4	complete	1	1	1	2	exposed_validation
HG02723	AFR	GB52	ipd_genome	B	4	complete	1	1	1	2	exposed_validation
HG02723	AFR	GB52	T1K	C	2	complete	1	1	1	2	exposed_validation
HG02723	AFR	GB52	ipd_genome	C	2	complete	1	1	1	2	exposed_validation
HG02723	AFR	GB52	T1K	C	4	complete	1	1	0	0	exposed_validation
HG02723	AFR	GB52	ipd_genome	C	4	complete	1	1	1	2	exposed_validation
HG02723	AFR	GB52	T1K	DPA1	2	complete	1	1	1	2	exposed_validation
HG02723	AFR	GB52	ipd_genome	DPA1	2	complete	1	1	1	2	exposed_validation
HG02723	AFR	GB52	T1K	DPA1	4	complete	0	0	0	0	exposed_validation
HG02723	AFR	GB52	ipd_genome	DPA1	4	complete	0	0	0	0	exposed_validation
HG02723	AFR	GB52	T1K	DPB1	2	complete	1	1	1	2	exposed_validation
HG02723	AFR	GB52	ipd_genome	DPB1	2	complete	1	1	1	2	exposed_validation
HG02723	AFR	GB52	T1K	DPB1	4	complete	1	1	1	2	exposed_validation
HG02723	AFR	GB52	ipd_genome	DPB1	4	complete	1	1	1	2	exposed_validation
HG02723	AFR	GB52	T1K	DQA1	2	complete	1	1	1	2	exposed_validation
HG02723	AFR	GB52	ipd_genome	DQA1	2	complete	1	1	1	2	exposed_validation
HG02723	AFR	GB52	T1K	DQA1	4	complete	0	0	0	0	exposed_validation
HG02723	AFR	GB52	ipd_genome	DQA1	4	complete	0	0	0	0	exposed_validation
HG02723	AFR	GB52	T1K	DQB1	2	complete	1	1	1	2	exposed_validation
HG02723	AFR	GB52	ipd_genome	DQB1	2	complete	1	1	1	2	exposed_validation
HG02723	AFR	GB52	T1K	DQB1	4	complete	1	1	1	2	exposed_validation
HG02723	AFR	GB52	ipd_genome	DQB1	4	complete	1	1	1	2	exposed_validation
HG02723	AFR	GB52	T1K	DRB1	2	complete	1	1	1	2	exposed_validation
HG02723	AFR	GB52	ipd_genome	DRB1	2	complete	1	1	1	2	exposed_validation
HG02723	AFR	GB52	T1K	DRB1	4	complete	0	0	0	0	exposed_validation
HG02723	AFR	GB52	ipd_genome	DRB1	4	complete	0	0	0	0	exposed_validation
HG02735	SAS	PK26	T1K	A	2	complete	1	1	1	2	exposed_validation
HG02735	SAS	PK26	ipd_genome	A	2	complete	1	1	1	2	exposed_validation
HG02735	SAS	PK26	T1K	A	4	complete	1	1	1	2	exposed_validation
HG02735	SAS	PK26	ipd_genome	A	4	complete	1	1	1	2	exposed_validation
HG02735	SAS	PK26	T1K	B	2	complete	1	1	1	2	exposed_validation
HG02735	SAS	PK26	ipd_genome	B	2	complete	1	1	1	2	exposed_validation
HG02735	SAS	PK26	T1K	B	4	complete	0	0	0	0	exposed_validation
HG02735	SAS	PK26	ipd_genome	B	4	complete	0	0	0	0	exposed_validation
HG02735	SAS	PK26	T1K	C	2	complete	1	1	1	2	exposed_validation
HG02735	SAS	PK26	ipd_genome	C	2	complete	1	1	1	2	exposed_validation
HG02735	SAS	PK26	T1K	C	4	complete	1	1	0	1	exposed_validation
HG02735	SAS	PK26	ipd_genome	C	4	complete	1	1	1	2	exposed_validation
HG02735	SAS	PK26	T1K	DPA1	2	complete	1	1	1	2	exposed_validation
HG02735	SAS	PK26	ipd_genome	DPA1	2	complete	1	1	1	2	exposed_validation
HG02735	SAS	PK26	T1K	DPA1	4	complete	1	1	0	0	exposed_validation
HG02735	SAS	PK26	ipd_genome	DPA1	4	complete	1	1	1	2	exposed_validation
HG02735	SAS	PK26	T1K	DPB1	2	complete	1	1	1	2	exposed_validation
HG02735	SAS	PK26	ipd_genome	DPB1	2	complete	1	1	1	2	exposed_validation
HG02735	SAS	PK26	T1K	DPB1	4	complete	1	1	0	1	exposed_validation
HG02735	SAS	PK26	ipd_genome	DPB1	4	complete	1	1	1	2	exposed_validation
HG02735	SAS	PK26	T1K	DQA1	2	complete	1	1	1	2	exposed_validation
HG02735	SAS	PK26	ipd_genome	DQA1	2	complete	1	1	1	2	exposed_validation
HG02735	SAS	PK26	T1K	DQA1	4	complete	0	0	0	0	exposed_validation
HG02735	SAS	PK26	ipd_genome	DQA1	4	complete	0	0	0	0	exposed_validation
HG02735	SAS	PK26	T1K	DQB1	2	complete	1	1	1	2	exposed_validation
HG02735	SAS	PK26	ipd_genome	DQB1	2	complete	1	1	1	2	exposed_validation
HG02735	SAS	PK26	T1K	DQB1	4	complete	1	1	1	2	exposed_validation
HG02735	SAS	PK26	ipd_genome	DQB1	4	complete	1	1	0	1	exposed_validation
HG02735	SAS	PK26	T1K	DRB1	2	complete	1	1	1	2	exposed_validation
HG02735	SAS	PK26	ipd_genome	DRB1	2	complete	1	1	1	2	exposed_validation
HG02735	SAS	PK26	T1K	DRB1	4	complete	0	0	0	0	exposed_validation
HG02735	SAS	PK26	ipd_genome	DRB1	4	complete	0	0	0	0	exposed_validation
HG02818	AFR	GB66	T1K	A	2	complete	1	1	1	2	exposed_validation
HG02818	AFR	GB66	ipd_genome	A	2	complete	1	1	1	2	exposed_validation
HG02818	AFR	GB66	T1K	A	4	complete	0	0	0	0	exposed_validation
HG02818	AFR	GB66	ipd_genome	A	4	complete	0	0	0	0	exposed_validation
HG02818	AFR	GB66	T1K	B	2	complete	1	1	1	2	exposed_validation
HG02818	AFR	GB66	ipd_genome	B	2	complete	1	1	1	2	exposed_validation
HG02818	AFR	GB66	T1K	B	4	complete	0	0	0	0	exposed_validation
HG02818	AFR	GB66	ipd_genome	B	4	complete	0	0	0	0	exposed_validation
HG02818	AFR	GB66	T1K	C	2	complete	1	1	1	2	exposed_validation
HG02818	AFR	GB66	ipd_genome	C	2	complete	1	1	1	2	exposed_validation
HG02818	AFR	GB66	T1K	C	4	complete	1	1	0	0	exposed_validation
HG02818	AFR	GB66	ipd_genome	C	4	complete	1	1	1	2	exposed_validation
HG02818	AFR	GB66	T1K	DPA1	2	complete	1	1	1	2	exposed_validation
HG02818	AFR	GB66	ipd_genome	DPA1	2	complete	1	1	1	2	exposed_validation
HG02818	AFR	GB66	T1K	DPA1	4	complete	1	1	0	1	exposed_validation
HG02818	AFR	GB66	ipd_genome	DPA1	4	complete	1	1	1	2	exposed_validation
HG02818	AFR	GB66	T1K	DPB1	2	complete	1	1	1	2	exposed_validation
HG02818	AFR	GB66	ipd_genome	DPB1	2	complete	1	1	1	2	exposed_validation
HG02818	AFR	GB66	T1K	DPB1	4	complete	0	0	0	0	exposed_validation
HG02818	AFR	GB66	ipd_genome	DPB1	4	complete	0	0	0	0	exposed_validation
HG02818	AFR	GB66	T1K	DQA1	2	complete	1	1	1	2	exposed_validation
HG02818	AFR	GB66	ipd_genome	DQA1	2	complete	1	1	1	2	exposed_validation
HG02818	AFR	GB66	T1K	DQA1	4	complete	1	1	0	0	exposed_validation
HG02818	AFR	GB66	ipd_genome	DQA1	4	complete	1	1	0	0	exposed_validation
HG02818	AFR	GB66	T1K	DQB1	2	complete	1	1	1	2	exposed_validation
HG02818	AFR	GB66	ipd_genome	DQB1	2	complete	1	1	1	2	exposed_validation
HG02818	AFR	GB66	T1K	DQB1	4	complete	0	0	0	0	exposed_validation
HG02818	AFR	GB66	ipd_genome	DQB1	4	complete	0	0	0	0	exposed_validation
HG02818	AFR	GB66	T1K	DRB1	2	complete	1	1	1	2	exposed_validation
HG02818	AFR	GB66	ipd_genome	DRB1	2	complete	1	1	1	2	exposed_validation
HG02818	AFR	GB66	T1K	DRB1	4	complete	0	0	0	0	exposed_validation
HG02818	AFR	GB66	ipd_genome	DRB1	4	complete	0	0	0	0	exposed_validation
HG02841	AFR	GB74	T1K	A	2	complete	1	1	1	2	exposed_validation
HG02841	AFR	GB74	ipd_genome	A	2	complete	1	1	1	2	exposed_validation
HG02841	AFR	GB74	T1K	A	4	complete	1	1	1	2	exposed_validation
HG02841	AFR	GB74	ipd_genome	A	4	complete	1	1	1	2	exposed_validation
HG02841	AFR	GB74	T1K	B	2	complete	1	1	1	2	exposed_validation
HG02841	AFR	GB74	ipd_genome	B	2	complete	1	1	1	2	exposed_validation
HG02841	AFR	GB74	T1K	B	4	complete	1	1	1	2	exposed_validation
HG02841	AFR	GB74	ipd_genome	B	4	complete	1	1	1	2	exposed_validation
HG02841	AFR	GB74	T1K	C	2	complete	1	1	1	2	exposed_validation
HG02841	AFR	GB74	ipd_genome	C	2	complete	1	1	1	2	exposed_validation
HG02841	AFR	GB74	T1K	C	4	complete	0	0	0	0	exposed_validation
HG02841	AFR	GB74	ipd_genome	C	4	complete	0	0	0	0	exposed_validation
HG02841	AFR	GB74	T1K	DPA1	2	complete	1	1	1	2	exposed_validation
HG02841	AFR	GB74	ipd_genome	DPA1	2	complete	1	1	1	2	exposed_validation
HG02841	AFR	GB74	T1K	DPA1	4	complete	0	0	0	0	exposed_validation
HG02841	AFR	GB74	ipd_genome	DPA1	4	complete	0	0	0	0	exposed_validation
HG02841	AFR	GB74	T1K	DPB1	2	complete	1	1	1	2	exposed_validation
HG02841	AFR	GB74	ipd_genome	DPB1	2	complete	1	1	1	2	exposed_validation
HG02841	AFR	GB74	T1K	DPB1	4	complete	1	1	1	2	exposed_validation
HG02841	AFR	GB74	ipd_genome	DPB1	4	complete	1	1	1	2	exposed_validation
HG02841	AFR	GB74	T1K	DQA1	2	complete	1	1	1	2	exposed_validation
HG02841	AFR	GB74	ipd_genome	DQA1	2	complete	1	1	1	2	exposed_validation
HG02841	AFR	GB74	T1K	DQA1	4	complete	1	1	1	2	exposed_validation
HG02841	AFR	GB74	ipd_genome	DQA1	4	complete	1	1	1	2	exposed_validation
HG02841	AFR	GB74	T1K	DQB1	2	complete	1	1	1	2	exposed_validation
HG02841	AFR	GB74	ipd_genome	DQB1	2	complete	1	1	1	2	exposed_validation
HG02841	AFR	GB74	T1K	DQB1	4	complete	1	1	1	2	exposed_validation
HG02841	AFR	GB74	ipd_genome	DQB1	4	complete	1	1	1	2	exposed_validation
HG02841	AFR	GB74	T1K	DRB1	2	complete	1	1	1	2	exposed_validation
HG02841	AFR	GB74	ipd_genome	DRB1	2	complete	1	1	1	2	exposed_validation
HG02841	AFR	GB74	T1K	DRB1	4	complete	0	0	0	0	exposed_validation
HG02841	AFR	GB74	ipd_genome	DRB1	4	complete	0	0	0	0	exposed_validation
HG02886	AFR	GB89	T1K	A	2	complete	1	1	1	2	exposed_validation
HG02886	AFR	GB89	ipd_genome	A	2	complete	1	1	1	2	exposed_validation
HG02886	AFR	GB89	T1K	A	4	complete	0	0	0	0	exposed_validation
HG02886	AFR	GB89	ipd_genome	A	4	complete	0	0	0	0	exposed_validation
HG02886	AFR	GB89	T1K	B	2	complete	1	1	1	2	exposed_validation
HG02886	AFR	GB89	ipd_genome	B	2	complete	1	1	1	2	exposed_validation
HG02886	AFR	GB89	T1K	B	4	complete	0	0	0	0	exposed_validation
HG02886	AFR	GB89	ipd_genome	B	4	complete	0	0	0	0	exposed_validation
HG02886	AFR	GB89	T1K	C	2	complete	1	1	1	2	exposed_validation
HG02886	AFR	GB89	ipd_genome	C	2	complete	1	1	1	2	exposed_validation
HG02886	AFR	GB89	T1K	C	4	complete	1	1	0	1	exposed_validation
HG02886	AFR	GB89	ipd_genome	C	4	complete	1	1	1	2	exposed_validation
HG02886	AFR	GB89	T1K	DPA1	2	complete	1	1	1	2	exposed_validation
HG02886	AFR	GB89	ipd_genome	DPA1	2	complete	1	1	1	2	exposed_validation
HG02886	AFR	GB89	T1K	DPA1	4	complete	1	1	0	1	exposed_validation
HG02886	AFR	GB89	ipd_genome	DPA1	4	complete	1	1	1	2	exposed_validation
HG02886	AFR	GB89	T1K	DPB1	2	complete	1	1	1	2	exposed_validation
HG02886	AFR	GB89	ipd_genome	DPB1	2	complete	1	1	1	2	exposed_validation
HG02886	AFR	GB89	T1K	DPB1	4	complete	1	1	1	2	exposed_validation
HG02886	AFR	GB89	ipd_genome	DPB1	4	complete	1	1	1	2	exposed_validation
HG02886	AFR	GB89	T1K	DQA1	2	complete	1	1	1	2	exposed_validation
HG02886	AFR	GB89	ipd_genome	DQA1	2	complete	1	1	1	2	exposed_validation
HG02886	AFR	GB89	T1K	DQA1	4	complete	1	1	0	1	exposed_validation
HG02886	AFR	GB89	ipd_genome	DQA1	4	complete	1	1	0	1	exposed_validation
HG02886	AFR	GB89	T1K	DQB1	2	complete	1	1	1	2	exposed_validation
HG02886	AFR	GB89	ipd_genome	DQB1	2	complete	1	1	1	2	exposed_validation
HG02886	AFR	GB89	T1K	DQB1	4	complete	1	1	0	1	exposed_validation
HG02886	AFR	GB89	ipd_genome	DQB1	4	complete	1	1	1	2	exposed_validation
HG02886	AFR	GB89	T1K	DRB1	2	complete	1	1	1	2	exposed_validation
HG02886	AFR	GB89	ipd_genome	DRB1	2	complete	1	1	1	2	exposed_validation
HG02886	AFR	GB89	T1K	DRB1	4	complete	0	0	0	0	exposed_validation
HG02886	AFR	GB89	ipd_genome	DRB1	4	complete	0	0	0	0	exposed_validation
HG02922	AFR	NG06	T1K	A	2	complete	1	1	1	2	exposed_validation
HG02922	AFR	NG06	ipd_genome	A	2	complete	1	1	1	2	exposed_validation
HG02922	AFR	NG06	T1K	A	4	complete	1	1	1	2	exposed_validation
HG02922	AFR	NG06	ipd_genome	A	4	complete	1	1	1	2	exposed_validation
HG02922	AFR	NG06	T1K	B	2	complete	1	1	1	2	exposed_validation
HG02922	AFR	NG06	ipd_genome	B	2	complete	1	1	1	2	exposed_validation
HG02922	AFR	NG06	T1K	B	4	complete	0	0	0	0	exposed_validation
HG02922	AFR	NG06	ipd_genome	B	4	complete	0	0	0	0	exposed_validation
HG02922	AFR	NG06	T1K	C	2	complete	1	1	1	2	exposed_validation
HG02922	AFR	NG06	ipd_genome	C	2	complete	1	1	1	2	exposed_validation
HG02922	AFR	NG06	T1K	C	4	complete	1	1	1	2	exposed_validation
HG02922	AFR	NG06	ipd_genome	C	4	complete	1	1	1	2	exposed_validation
HG02922	AFR	NG06	T1K	DPA1	2	complete	1	1	1	2	exposed_validation
HG02922	AFR	NG06	ipd_genome	DPA1	2	complete	1	1	0	1	exposed_validation
HG02922	AFR	NG06	T1K	DPA1	4	complete	0	0	0	0	exposed_validation
HG02922	AFR	NG06	ipd_genome	DPA1	4	complete	0	0	0	0	exposed_validation
HG02922	AFR	NG06	T1K	DPB1	2	complete	1	1	1	2	exposed_validation
HG02922	AFR	NG06	ipd_genome	DPB1	2	complete	1	1	1	2	exposed_validation
HG02922	AFR	NG06	T1K	DPB1	4	complete	1	1	0	1	exposed_validation
HG02922	AFR	NG06	ipd_genome	DPB1	4	complete	1	1	1	2	exposed_validation
HG02922	AFR	NG06	T1K	DQA1	2	complete	1	1	1	2	exposed_validation
HG02922	AFR	NG06	ipd_genome	DQA1	2	complete	1	1	1	2	exposed_validation
HG02922	AFR	NG06	T1K	DQA1	4	complete	1	1	0	0	exposed_validation
HG02922	AFR	NG06	ipd_genome	DQA1	4	complete	1	1	0	1	exposed_validation
HG02922	AFR	NG06	T1K	DQB1	2	complete	1	1	1	2	exposed_validation
HG02922	AFR	NG06	ipd_genome	DQB1	2	complete	1	1	1	2	exposed_validation
HG02922	AFR	NG06	T1K	DQB1	4	complete	1	1	0	1	exposed_validation
HG02922	AFR	NG06	ipd_genome	DQB1	4	complete	1	1	0	1	exposed_validation
HG02922	AFR	NG06	T1K	DRB1	2	complete	1	1	1	2	exposed_validation
HG02922	AFR	NG06	ipd_genome	DRB1	2	complete	1	1	1	2	exposed_validation
HG02922	AFR	NG06	T1K	DRB1	4	complete	1	1	1	2	exposed_validation
HG02922	AFR	NG06	ipd_genome	DRB1	4	complete	1	1	0	1	exposed_validation
HG02965	AFR	NG20	T1K	A	2	complete	1	1	1	2	exposed_validation
HG02965	AFR	NG20	ipd_genome	A	2	complete	1	1	1	2	exposed_validation
HG02965	AFR	NG20	T1K	A	4	complete	1	1	1	2	exposed_validation
HG02965	AFR	NG20	ipd_genome	A	4	complete	1	1	1	2	exposed_validation
HG02965	AFR	NG20	T1K	B	2	complete	1	1	1	2	exposed_validation
HG02965	AFR	NG20	ipd_genome	B	2	complete	1	1	1	2	exposed_validation
HG02965	AFR	NG20	T1K	B	4	complete	1	1	0	0	exposed_validation
HG02965	AFR	NG20	ipd_genome	B	4	complete	1	1	1	2	exposed_validation
HG02965	AFR	NG20	T1K	C	2	complete	1	1	1	2	exposed_validation
HG02965	AFR	NG20	ipd_genome	C	2	complete	1	1	1	2	exposed_validation
HG02965	AFR	NG20	T1K	C	4	complete	1	1	1	2	exposed_validation
HG02965	AFR	NG20	ipd_genome	C	4	complete	1	1	1	2	exposed_validation
HG02965	AFR	NG20	T1K	DPA1	2	complete	1	1	1	2	exposed_validation
HG02965	AFR	NG20	ipd_genome	DPA1	2	complete	1	1	1	2	exposed_validation
HG02965	AFR	NG20	T1K	DPA1	4	complete	0	0	0	0	exposed_validation
HG02965	AFR	NG20	ipd_genome	DPA1	4	complete	0	0	0	0	exposed_validation
HG02965	AFR	NG20	T1K	DPB1	2	complete	1	1	1	2	exposed_validation
HG02965	AFR	NG20	ipd_genome	DPB1	2	complete	1	1	1	2	exposed_validation
HG02965	AFR	NG20	T1K	DPB1	4	complete	1	1	0	1	exposed_validation
HG02965	AFR	NG20	ipd_genome	DPB1	4	complete	1	1	1	2	exposed_validation
HG02965	AFR	NG20	T1K	DQA1	2	complete	1	1	1	2	exposed_validation
HG02965	AFR	NG20	ipd_genome	DQA1	2	complete	1	1	1	2	exposed_validation
HG02965	AFR	NG20	T1K	DQA1	4	complete	1	1	0	0	exposed_validation
HG02965	AFR	NG20	ipd_genome	DQA1	4	complete	1	1	0	0	exposed_validation
HG02965	AFR	NG20	T1K	DQB1	2	complete	1	1	1	2	exposed_validation
HG02965	AFR	NG20	ipd_genome	DQB1	2	complete	1	1	1	2	exposed_validation
HG02965	AFR	NG20	T1K	DQB1	4	complete	1	1	0	1	exposed_validation
HG02965	AFR	NG20	ipd_genome	DQB1	4	complete	1	1	1	2	exposed_validation
HG02965	AFR	NG20	T1K	DRB1	2	complete	1	1	1	2	exposed_validation
HG02965	AFR	NG20	ipd_genome	DRB1	2	complete	1	1	1	2	exposed_validation
HG02965	AFR	NG20	T1K	DRB1	4	complete	0	0	0	0	exposed_validation
HG02965	AFR	NG20	ipd_genome	DRB1	4	complete	0	0	0	0	exposed_validation
HG03041	AFR	GB110	T1K	A	2	complete	1	1	1	2	exposed_validation
HG03041	AFR	GB110	ipd_genome	A	2	complete	1	1	1	2	exposed_validation
HG03041	AFR	GB110	T1K	A	4	complete	1	1	0	1	exposed_validation
HG03041	AFR	GB110	ipd_genome	A	4	complete	1	1	0	1	exposed_validation
HG03041	AFR	GB110	T1K	B	2	complete	1	1	1	2	exposed_validation
HG03041	AFR	GB110	ipd_genome	B	2	complete	1	1	1	2	exposed_validation
HG03041	AFR	GB110	T1K	B	4	complete	0	0	0	0	exposed_validation
HG03041	AFR	GB110	ipd_genome	B	4	complete	0	0	0	0	exposed_validation
HG03041	AFR	GB110	T1K	C	2	complete	1	1	1	2	exposed_validation
HG03041	AFR	GB110	ipd_genome	C	2	complete	1	1	1	2	exposed_validation
HG03041	AFR	GB110	T1K	C	4	complete	1	1	0	0	exposed_validation
HG03041	AFR	GB110	ipd_genome	C	4	complete	1	1	0	1	exposed_validation
HG03041	AFR	GB110	T1K	DPA1	2	complete	1	1	1	2	exposed_validation
HG03041	AFR	GB110	ipd_genome	DPA1	2	complete	1	1	0	1	exposed_validation
HG03041	AFR	GB110	T1K	DPA1	4	complete	0	0	0	0	exposed_validation
HG03041	AFR	GB110	ipd_genome	DPA1	4	complete	0	0	0	0	exposed_validation
HG03041	AFR	GB110	T1K	DPB1	2	complete	1	1	1	2	exposed_validation
HG03041	AFR	GB110	ipd_genome	DPB1	2	complete	1	1	1	2	exposed_validation
HG03041	AFR	GB110	T1K	DPB1	4	complete	1	1	1	2	exposed_validation
HG03041	AFR	GB110	ipd_genome	DPB1	4	complete	1	1	1	2	exposed_validation
HG03041	AFR	GB110	T1K	DQA1	2	complete	1	1	1	2	exposed_validation
HG03041	AFR	GB110	ipd_genome	DQA1	2	complete	1	1	1	2	exposed_validation
HG03041	AFR	GB110	T1K	DQA1	4	complete	1	1	0	0	exposed_validation
HG03041	AFR	GB110	ipd_genome	DQA1	4	complete	1	1	0	1	exposed_validation
HG03041	AFR	GB110	T1K	DQB1	2	complete	1	1	1	2	exposed_validation
HG03041	AFR	GB110	ipd_genome	DQB1	2	complete	1	1	1	2	exposed_validation
HG03041	AFR	GB110	T1K	DQB1	4	complete	1	1	1	2	exposed_validation
HG03041	AFR	GB110	ipd_genome	DQB1	4	complete	1	1	1	2	exposed_validation
HG03041	AFR	GB110	T1K	DRB1	2	complete	1	1	1	2	exposed_validation
HG03041	AFR	GB110	ipd_genome	DRB1	2	complete	1	1	1	2	exposed_validation
HG03041	AFR	GB110	T1K	DRB1	4	complete	0	0	0	0	exposed_validation
HG03041	AFR	GB110	ipd_genome	DRB1	4	complete	0	0	0	0	exposed_validation
HG03050	AFR	GB113	T1K	A	2	complete	1	1	1	2	exposed_validation
HG03050	AFR	GB113	ipd_genome	A	2	complete	1	1	1	2	exposed_validation
HG03050	AFR	GB113	T1K	A	4	complete	1	1	1	2	exposed_validation
HG03050	AFR	GB113	ipd_genome	A	4	complete	1	1	1	2	exposed_validation
HG03050	AFR	GB113	T1K	B	2	complete	1	1	1	2	exposed_validation
HG03050	AFR	GB113	ipd_genome	B	2	complete	1	1	1	2	exposed_validation
HG03050	AFR	GB113	T1K	B	4	complete	0	0	0	0	exposed_validation
HG03050	AFR	GB113	ipd_genome	B	4	complete	0	0	0	0	exposed_validation
HG03050	AFR	GB113	T1K	C	2	complete	1	1	1	2	exposed_validation
HG03050	AFR	GB113	ipd_genome	C	2	complete	1	1	1	2	exposed_validation
HG03050	AFR	GB113	T1K	C	4	complete	0	0	0	0	exposed_validation
HG03050	AFR	GB113	ipd_genome	C	4	complete	0	0	0	0	exposed_validation
HG03050	AFR	GB113	T1K	DPA1	2	complete	1	1	1	2	exposed_validation
HG03050	AFR	GB113	ipd_genome	DPA1	2	complete	1	1	1	2	exposed_validation
HG03050	AFR	GB113	T1K	DPA1	4	complete	1	1	0	1	exposed_validation
HG03050	AFR	GB113	ipd_genome	DPA1	4	complete	1	1	1	2	exposed_validation
HG03050	AFR	GB113	T1K	DPB1	2	complete	1	1	0	1	exposed_validation
HG03050	AFR	GB113	ipd_genome	DPB1	2	complete	1	1	1	2	exposed_validation
HG03050	AFR	GB113	T1K	DPB1	4	complete	0	0	0	0	exposed_validation
HG03050	AFR	GB113	ipd_genome	DPB1	4	complete	0	0	0	0	exposed_validation
HG03050	AFR	GB113	T1K	DQA1	2	complete	1	1	1	2	exposed_validation
HG03050	AFR	GB113	ipd_genome	DQA1	2	complete	1	1	1	2	exposed_validation
HG03050	AFR	GB113	T1K	DQA1	4	complete	1	1	0	1	exposed_validation
HG03050	AFR	GB113	ipd_genome	DQA1	4	complete	1	1	0	1	exposed_validation
HG03050	AFR	GB113	T1K	DQB1	2	complete	1	1	1	2	exposed_validation
HG03050	AFR	GB113	ipd_genome	DQB1	2	complete	1	1	1	2	exposed_validation
HG03050	AFR	GB113	T1K	DQB1	4	complete	1	1	0	1	exposed_validation
HG03050	AFR	GB113	ipd_genome	DQB1	4	complete	1	1	1	2	exposed_validation
HG03050	AFR	GB113	T1K	DRB1	2	complete	1	1	1	2	exposed_validation
HG03050	AFR	GB113	ipd_genome	DRB1	2	complete	1	1	1	2	exposed_validation
HG03050	AFR	GB113	T1K	DRB1	4	complete	0	0	0	0	exposed_validation
HG03050	AFR	GB113	ipd_genome	DRB1	4	complete	0	0	0	0	exposed_validation
HG03098	AFR	SL16	T1K	A	2	complete	1	1	1	2	exposed_validation
HG03098	AFR	SL16	ipd_genome	A	2	complete	1	1	1	2	exposed_validation
HG03098	AFR	SL16	T1K	A	4	complete	1	1	1	2	exposed_validation
HG03098	AFR	SL16	ipd_genome	A	4	complete	1	1	1	2	exposed_validation
HG03098	AFR	SL16	T1K	B	2	complete	1	1	1	2	exposed_validation
HG03098	AFR	SL16	ipd_genome	B	2	complete	1	1	1	2	exposed_validation
HG03098	AFR	SL16	T1K	B	4	complete	0	0	0	0	exposed_validation
HG03098	AFR	SL16	ipd_genome	B	4	complete	0	0	0	0	exposed_validation
HG03098	AFR	SL16	T1K	C	2	complete	1	1	1	2	exposed_validation
HG03098	AFR	SL16	ipd_genome	C	2	complete	1	1	1	2	exposed_validation
HG03098	AFR	SL16	T1K	C	4	complete	0	0	0	0	exposed_validation
HG03098	AFR	SL16	ipd_genome	C	4	complete	0	0	0	0	exposed_validation
HG03098	AFR	SL16	T1K	DPA1	2	complete	1	1	1	2	exposed_validation
HG03098	AFR	SL16	ipd_genome	DPA1	2	complete	1	1	1	2	exposed_validation
HG03098	AFR	SL16	T1K	DPA1	4	complete	0	0	0	0	exposed_validation
HG03098	AFR	SL16	ipd_genome	DPA1	4	complete	0	0	0	0	exposed_validation
HG03098	AFR	SL16	T1K	DPB1	2	complete	1	1	1	2	exposed_validation
HG03098	AFR	SL16	ipd_genome	DPB1	2	complete	1	1	1	2	exposed_validation
HG03098	AFR	SL16	T1K	DPB1	4	complete	0	0	0	0	exposed_validation
HG03098	AFR	SL16	ipd_genome	DPB1	4	complete	0	0	0	0	exposed_validation
HG03098	AFR	SL16	T1K	DQA1	2	complete	1	1	1	2	exposed_validation
HG03098	AFR	SL16	ipd_genome	DQA1	2	complete	1	1	1	2	exposed_validation
HG03098	AFR	SL16	T1K	DQA1	4	complete	1	1	1	2	exposed_validation
HG03098	AFR	SL16	ipd_genome	DQA1	4	complete	1	1	1	2	exposed_validation
HG03098	AFR	SL16	T1K	DQB1	2	complete	1	1	1	2	exposed_validation
HG03098	AFR	SL16	ipd_genome	DQB1	2	complete	1	1	1	2	exposed_validation
HG03098	AFR	SL16	T1K	DQB1	4	complete	0	0	0	0	exposed_validation
HG03098	AFR	SL16	ipd_genome	DQB1	4	complete	0	0	0	0	exposed_validation
HG03098	AFR	SL16	T1K	DRB1	2	complete	1	1	1	2	exposed_validation
HG03098	AFR	SL16	ipd_genome	DRB1	2	complete	1	1	1	2	exposed_validation
HG03098	AFR	SL16	T1K	DRB1	4	complete	0	0	0	0	exposed_validation
HG03098	AFR	SL16	ipd_genome	DRB1	4	complete	0	0	0	0	exposed_validation
HG03130	AFR	NG36	T1K	A	2	complete	1	1	1	2	exposed_validation
HG03130	AFR	NG36	ipd_genome	A	2	complete	1	1	1	2	exposed_validation
HG03130	AFR	NG36	T1K	A	4	complete	1	1	1	2	exposed_validation
HG03130	AFR	NG36	ipd_genome	A	4	complete	1	1	1	2	exposed_validation
HG03130	AFR	NG36	T1K	B	2	complete	1	1	1	2	exposed_validation
HG03130	AFR	NG36	ipd_genome	B	2	complete	1	1	1	2	exposed_validation
HG03130	AFR	NG36	T1K	B	4	complete	0	0	0	0	exposed_validation
HG03130	AFR	NG36	ipd_genome	B	4	complete	0	0	0	0	exposed_validation
HG03130	AFR	NG36	T1K	C	2	complete	1	1	1	2	exposed_validation
HG03130	AFR	NG36	ipd_genome	C	2	complete	1	1	1	2	exposed_validation
HG03130	AFR	NG36	T1K	C	4	complete	0	0	0	0	exposed_validation
HG03130	AFR	NG36	ipd_genome	C	4	complete	0	0	0	0	exposed_validation
HG03130	AFR	NG36	T1K	DPA1	2	complete	1	1	1	2	exposed_validation
HG03130	AFR	NG36	ipd_genome	DPA1	2	complete	1	1	1	2	exposed_validation
HG03130	AFR	NG36	T1K	DPA1	4	complete	0	0	0	0	exposed_validation
HG03130	AFR	NG36	ipd_genome	DPA1	4	complete	0	0	0	0	exposed_validation
HG03130	AFR	NG36	T1K	DPB1	2	complete	1	1	1	2	exposed_validation
HG03130	AFR	NG36	ipd_genome	DPB1	2	complete	1	1	1	2	exposed_validation
HG03130	AFR	NG36	T1K	DPB1	4	complete	1	1	0	1	exposed_validation
HG03130	AFR	NG36	ipd_genome	DPB1	4	complete	1	1	1	2	exposed_validation
HG03130	AFR	NG36	T1K	DQA1	2	complete	1	1	1	2	exposed_validation
HG03130	AFR	NG36	ipd_genome	DQA1	2	complete	1	1	1	2	exposed_validation
HG03130	AFR	NG36	T1K	DQA1	4	complete	1	1	0	1	exposed_validation
HG03130	AFR	NG36	ipd_genome	DQA1	4	complete	1	1	0	1	exposed_validation
HG03130	AFR	NG36	T1K	DQB1	2	complete	1	1	1	2	exposed_validation
HG03130	AFR	NG36	ipd_genome	DQB1	2	complete	1	1	1	2	exposed_validation
HG03130	AFR	NG36	T1K	DQB1	4	complete	1	1	1	2	exposed_validation
HG03130	AFR	NG36	ipd_genome	DQB1	4	complete	1	1	1	2	exposed_validation
HG03130	AFR	NG36	T1K	DRB1	2	complete	1	1	1	2	exposed_validation
HG03130	AFR	NG36	ipd_genome	DRB1	2	complete	1	1	1	2	exposed_validation
HG03130	AFR	NG36	T1K	DRB1	4	complete	0	0	0	0	exposed_validation
HG03130	AFR	NG36	ipd_genome	DRB1	4	complete	0	0	0	0	exposed_validation
HG03139	AFR	NG39	T1K	A	2	complete	1	1	1	2	exposed_validation
HG03139	AFR	NG39	ipd_genome	A	2	complete	1	1	1	2	exposed_validation
HG03139	AFR	NG39	T1K	A	4	complete	1	1	1	2	exposed_validation
HG03139	AFR	NG39	ipd_genome	A	4	complete	1	1	1	2	exposed_validation
HG03139	AFR	NG39	T1K	B	2	complete	1	1	1	2	exposed_validation
HG03139	AFR	NG39	ipd_genome	B	2	complete	1	1	1	2	exposed_validation
HG03139	AFR	NG39	T1K	B	4	complete	0	0	0	0	exposed_validation
HG03139	AFR	NG39	ipd_genome	B	4	complete	0	0	0	0	exposed_validation
HG03139	AFR	NG39	T1K	C	2	complete	1	1	1	2	exposed_validation
HG03139	AFR	NG39	ipd_genome	C	2	complete	1	1	1	2	exposed_validation
HG03139	AFR	NG39	T1K	C	4	complete	1	1	1	2	exposed_validation
HG03139	AFR	NG39	ipd_genome	C	4	complete	1	1	1	2	exposed_validation
HG03139	AFR	NG39	T1K	DPA1	2	complete	1	1	1	2	exposed_validation
HG03139	AFR	NG39	ipd_genome	DPA1	2	complete	1	1	1	2	exposed_validation
HG03139	AFR	NG39	T1K	DPA1	4	complete	0	0	0	0	exposed_validation
HG03139	AFR	NG39	ipd_genome	DPA1	4	complete	0	0	0	0	exposed_validation
HG03139	AFR	NG39	T1K	DPB1	2	complete	1	1	1	2	exposed_validation
HG03139	AFR	NG39	ipd_genome	DPB1	2	complete	1	1	1	2	exposed_validation
HG03139	AFR	NG39	T1K	DPB1	4	complete	1	1	0	0	exposed_validation
HG03139	AFR	NG39	ipd_genome	DPB1	4	complete	1	1	1	2	exposed_validation
HG03139	AFR	NG39	T1K	DQA1	2	complete	1	1	1	2	exposed_validation
HG03139	AFR	NG39	ipd_genome	DQA1	2	complete	1	1	1	2	exposed_validation
HG03139	AFR	NG39	T1K	DQA1	4	complete	1	1	0	0	exposed_validation
HG03139	AFR	NG39	ipd_genome	DQA1	4	complete	1	1	0	1	exposed_validation
HG03139	AFR	NG39	T1K	DQB1	2	complete	1	1	1	2	exposed_validation
HG03139	AFR	NG39	ipd_genome	DQB1	2	complete	1	1	1	2	exposed_validation
HG03139	AFR	NG39	T1K	DQB1	4	complete	1	1	1	2	exposed_validation
HG03139	AFR	NG39	ipd_genome	DQB1	4	complete	1	1	1	2	exposed_validation
HG03139	AFR	NG39	T1K	DRB1	2	complete	1	1	1	2	exposed_validation
HG03139	AFR	NG39	ipd_genome	DRB1	2	complete	1	1	1	2	exposed_validation
HG03139	AFR	NG39	T1K	DRB1	4	complete	0	0	0	0	exposed_validation
HG03139	AFR	NG39	ipd_genome	DRB1	4	complete	0	0	0	0	exposed_validation
HG03195	AFR	NG58	T1K	A	2	complete	1	1	1	2	exposed_validation
HG03195	AFR	NG58	ipd_genome	A	2	complete	1	1	1	2	exposed_validation
HG03195	AFR	NG58	T1K	A	4	complete	1	1	1	2	exposed_validation
HG03195	AFR	NG58	ipd_genome	A	4	complete	1	1	1	2	exposed_validation
HG03195	AFR	NG58	T1K	B	2	complete	1	1	0	1	exposed_validation
HG03195	AFR	NG58	ipd_genome	B	2	complete	1	1	1	2	exposed_validation
HG03195	AFR	NG58	T1K	B	4	complete	0	0	0	0	exposed_validation
HG03195	AFR	NG58	ipd_genome	B	4	complete	0	0	0	0	exposed_validation
HG03195	AFR	NG58	T1K	C	2	complete	1	1	1	2	exposed_validation
HG03195	AFR	NG58	ipd_genome	C	2	complete	1	1	1	2	exposed_validation
HG03195	AFR	NG58	T1K	C	4	complete	0	0	0	0	exposed_validation
HG03195	AFR	NG58	ipd_genome	C	4	complete	0	0	0	0	exposed_validation
HG03195	AFR	NG58	T1K	DPA1	2	complete	1	1	1	2	exposed_validation
HG03195	AFR	NG58	ipd_genome	DPA1	2	complete	1	1	0	1	exposed_validation
HG03195	AFR	NG58	T1K	DPA1	4	complete	0	0	0	0	exposed_validation
HG03195	AFR	NG58	ipd_genome	DPA1	4	complete	0	0	0	0	exposed_validation
HG03195	AFR	NG58	T1K	DPB1	2	complete	1	1	1	2	exposed_validation
HG03195	AFR	NG58	ipd_genome	DPB1	2	complete	1	1	1	2	exposed_validation
HG03195	AFR	NG58	T1K	DPB1	4	complete	1	1	0	1	exposed_validation
HG03195	AFR	NG58	ipd_genome	DPB1	4	complete	1	1	1	2	exposed_validation
HG03195	AFR	NG58	T1K	DQA1	2	complete	1	1	1	2	exposed_validation
HG03195	AFR	NG58	ipd_genome	DQA1	2	complete	1	1	1	2	exposed_validation
HG03195	AFR	NG58	T1K	DQA1	4	complete	1	1	0	1	exposed_validation
HG03195	AFR	NG58	ipd_genome	DQA1	4	complete	1	1	1	2	exposed_validation
HG03195	AFR	NG58	T1K	DQB1	2	complete	1	1	1	2	exposed_validation
HG03195	AFR	NG58	ipd_genome	DQB1	2	complete	1	1	1	2	exposed_validation
HG03195	AFR	NG58	T1K	DQB1	4	complete	1	1	1	2	exposed_validation
HG03195	AFR	NG58	ipd_genome	DQB1	4	complete	1	1	1	2	exposed_validation
HG03195	AFR	NG58	T1K	DRB1	2	complete	1	1	1	2	exposed_validation
HG03195	AFR	NG58	ipd_genome	DRB1	2	complete	1	1	1	2	exposed_validation
HG03195	AFR	NG58	T1K	DRB1	4	complete	1	1	1	2	exposed_validation
HG03195	AFR	NG58	ipd_genome	DRB1	4	complete	1	1	1	2	exposed_validation
HG03225	AFR	SL23	T1K	A	2	complete	1	1	1	2	exposed_validation
HG03225	AFR	SL23	ipd_genome	A	2	complete	1	1	1	2	exposed_validation
HG03225	AFR	SL23	T1K	A	4	complete	1	1	1	2	exposed_validation
HG03225	AFR	SL23	ipd_genome	A	4	complete	1	1	1	2	exposed_validation
HG03225	AFR	SL23	T1K	B	2	complete	1	1	1	2	exposed_validation
HG03225	AFR	SL23	ipd_genome	B	2	complete	1	1	1	2	exposed_validation
HG03225	AFR	SL23	T1K	B	4	complete	0	0	0	0	exposed_validation
HG03225	AFR	SL23	ipd_genome	B	4	complete	0	0	0	0	exposed_validation
HG03225	AFR	SL23	T1K	C	2	complete	1	1	1	2	exposed_validation
HG03225	AFR	SL23	ipd_genome	C	2	complete	1	1	1	2	exposed_validation
HG03225	AFR	SL23	T1K	C	4	complete	0	0	0	0	exposed_validation
HG03225	AFR	SL23	ipd_genome	C	4	complete	0	0	0	0	exposed_validation
HG03225	AFR	SL23	T1K	DPA1	2	complete	1	1	1	2	exposed_validation
HG03225	AFR	SL23	ipd_genome	DPA1	2	complete	1	1	1	2	exposed_validation
HG03225	AFR	SL23	T1K	DPA1	4	complete	0	0	0	0	exposed_validation
HG03225	AFR	SL23	ipd_genome	DPA1	4	complete	0	0	0	0	exposed_validation
HG03225	AFR	SL23	T1K	DPB1	2	complete	1	1	1	2	exposed_validation
HG03225	AFR	SL23	ipd_genome	DPB1	2	complete	1	1	1	2	exposed_validation
HG03225	AFR	SL23	T1K	DPB1	4	complete	0	0	0	0	exposed_validation
HG03225	AFR	SL23	ipd_genome	DPB1	4	complete	0	0	0	0	exposed_validation
HG03225	AFR	SL23	T1K	DQA1	2	complete	1	1	1	2	exposed_validation
HG03225	AFR	SL23	ipd_genome	DQA1	2	complete	1	1	1	2	exposed_validation
HG03225	AFR	SL23	T1K	DQA1	4	complete	1	1	1	2	exposed_validation
HG03225	AFR	SL23	ipd_genome	DQA1	4	complete	1	1	1	2	exposed_validation
HG03225	AFR	SL23	T1K	DQB1	2	complete	1	1	1	2	exposed_validation
HG03225	AFR	SL23	ipd_genome	DQB1	2	complete	1	1	1	2	exposed_validation
HG03225	AFR	SL23	T1K	DQB1	4	complete	1	1	1	2	exposed_validation
HG03225	AFR	SL23	ipd_genome	DQB1	4	complete	1	1	1	2	exposed_validation
HG03225	AFR	SL23	T1K	DRB1	2	complete	1	1	1	2	exposed_validation
HG03225	AFR	SL23	ipd_genome	DRB1	2	complete	1	1	1	2	exposed_validation
HG03225	AFR	SL23	T1K	DRB1	4	complete	0	0	0	0	exposed_validation
HG03225	AFR	SL23	ipd_genome	DRB1	4	complete	0	0	0	0	exposed_validation
HG03270	AFR	NG65	T1K	A	2	complete	1	1	1	2	exposed_validation
HG03270	AFR	NG65	ipd_genome	A	2	complete	1	1	1	2	exposed_validation
HG03270	AFR	NG65	T1K	A	4	complete	1	1	1	2	exposed_validation
HG03270	AFR	NG65	ipd_genome	A	4	complete	1	1	1	2	exposed_validation
HG03270	AFR	NG65	T1K	B	2	complete	1	1	1	2	exposed_validation
HG03270	AFR	NG65	ipd_genome	B	2	complete	1	1	1	2	exposed_validation
HG03270	AFR	NG65	T1K	B	4	complete	0	0	0	0	exposed_validation
HG03270	AFR	NG65	ipd_genome	B	4	complete	0	0	0	0	exposed_validation
HG03270	AFR	NG65	T1K	C	2	complete	1	1	1	2	exposed_validation
HG03270	AFR	NG65	ipd_genome	C	2	complete	1	1	1	2	exposed_validation
HG03270	AFR	NG65	T1K	C	4	complete	1	1	0	0	exposed_validation
HG03270	AFR	NG65	ipd_genome	C	4	complete	1	1	1	2	exposed_validation
HG03270	AFR	NG65	T1K	DPA1	2	complete	1	1	1	2	exposed_validation
HG03270	AFR	NG65	ipd_genome	DPA1	2	complete	1	1	0	1	exposed_validation
HG03270	AFR	NG65	T1K	DPA1	4	complete	1	1	0	0	exposed_validation
HG03270	AFR	NG65	ipd_genome	DPA1	4	complete	1	1	0	1	exposed_validation
HG03270	AFR	NG65	T1K	DPB1	2	complete	1	1	1	2	exposed_validation
HG03270	AFR	NG65	ipd_genome	DPB1	2	complete	1	1	1	2	exposed_validation
HG03270	AFR	NG65	T1K	DPB1	4	complete	1	1	0	1	exposed_validation
HG03270	AFR	NG65	ipd_genome	DPB1	4	complete	1	1	1	2	exposed_validation
HG03270	AFR	NG65	T1K	DQA1	2	complete	1	1	1	2	exposed_validation
HG03270	AFR	NG65	ipd_genome	DQA1	2	complete	1	1	1	2	exposed_validation
HG03270	AFR	NG65	T1K	DQA1	4	complete	0	0	0	0	exposed_validation
HG03270	AFR	NG65	ipd_genome	DQA1	4	complete	0	0	0	0	exposed_validation
HG03270	AFR	NG65	T1K	DQB1	2	complete	1	1	1	2	exposed_validation
HG03270	AFR	NG65	ipd_genome	DQB1	2	complete	1	1	1	2	exposed_validation
HG03270	AFR	NG65	T1K	DQB1	4	complete	1	1	0	1	exposed_validation
HG03270	AFR	NG65	ipd_genome	DQB1	4	complete	1	1	1	2	exposed_validation
HG03270	AFR	NG65	T1K	DRB1	2	complete	1	1	1	2	exposed_validation
HG03270	AFR	NG65	ipd_genome	DRB1	2	complete	1	1	1	2	exposed_validation
HG03270	AFR	NG65	T1K	DRB1	4	complete	0	0	0	0	exposed_validation
HG03270	AFR	NG65	ipd_genome	DRB1	4	complete	0	0	0	0	exposed_validation
HG03470	AFR	SL56	T1K	A	2	complete	1	1	1	2	exposed_validation
HG03470	AFR	SL56	ipd_genome	A	2	complete	1	1	1	2	exposed_validation
HG03470	AFR	SL56	T1K	A	4	complete	1	1	1	2	exposed_validation
HG03470	AFR	SL56	ipd_genome	A	4	complete	1	1	1	2	exposed_validation
HG03470	AFR	SL56	T1K	B	2	complete	1	1	1	2	exposed_validation
HG03470	AFR	SL56	ipd_genome	B	2	complete	1	1	1	2	exposed_validation
HG03470	AFR	SL56	T1K	B	4	complete	0	0	0	0	exposed_validation
HG03470	AFR	SL56	ipd_genome	B	4	complete	0	0	0	0	exposed_validation
HG03470	AFR	SL56	T1K	C	2	complete	1	1	1	2	exposed_validation
HG03470	AFR	SL56	ipd_genome	C	2	complete	1	1	1	2	exposed_validation
HG03470	AFR	SL56	T1K	C	4	complete	0	0	0	0	exposed_validation
HG03470	AFR	SL56	ipd_genome	C	4	complete	0	0	0	0	exposed_validation
HG03470	AFR	SL56	T1K	DPA1	2	complete	1	1	1	2	exposed_validation
HG03470	AFR	SL56	ipd_genome	DPA1	2	complete	1	1	1	2	exposed_validation
HG03470	AFR	SL56	T1K	DPA1	4	complete	0	0	0	0	exposed_validation
HG03470	AFR	SL56	ipd_genome	DPA1	4	complete	0	0	0	0	exposed_validation
HG03470	AFR	SL56	T1K	DPB1	2	complete	1	1	1	2	exposed_validation
HG03470	AFR	SL56	ipd_genome	DPB1	2	complete	1	1	1	2	exposed_validation
HG03470	AFR	SL56	T1K	DPB1	4	complete	1	1	0	1	exposed_validation
HG03470	AFR	SL56	ipd_genome	DPB1	4	complete	1	1	1	2	exposed_validation
HG03470	AFR	SL56	T1K	DQA1	2	complete	1	1	1	2	exposed_validation
HG03470	AFR	SL56	ipd_genome	DQA1	2	complete	1	1	1	2	exposed_validation
HG03470	AFR	SL56	T1K	DQA1	4	complete	1	1	1	2	exposed_validation
HG03470	AFR	SL56	ipd_genome	DQA1	4	complete	1	1	1	2	exposed_validation
HG03470	AFR	SL56	T1K	DQB1	2	complete	1	1	1	2	exposed_validation
HG03470	AFR	SL56	ipd_genome	DQB1	2	complete	1	1	1	2	exposed_validation
HG03470	AFR	SL56	T1K	DQB1	4	complete	1	1	0	1	exposed_validation
HG03470	AFR	SL56	ipd_genome	DQB1	4	complete	1	1	1	2	exposed_validation
HG03470	AFR	SL56	T1K	DRB1	2	complete	1	1	1	2	exposed_validation
HG03470	AFR	SL56	ipd_genome	DRB1	2	complete	1	1	1	2	exposed_validation
HG03470	AFR	SL56	T1K	DRB1	4	complete	0	0	0	0	exposed_validation
HG03470	AFR	SL56	ipd_genome	DRB1	4	complete	0	0	0	0	exposed_validation
HG03486	AFR	SL61	T1K	A	2	complete	1	1	1	2	exposed_validation
HG03486	AFR	SL61	ipd_genome	A	2	complete	1	1	1	2	exposed_validation
HG03486	AFR	SL61	T1K	A	4	complete	1	1	1	2	exposed_validation
HG03486	AFR	SL61	ipd_genome	A	4	complete	1	1	1	2	exposed_validation
HG03486	AFR	SL61	T1K	B	2	complete	1	1	1	2	exposed_validation
HG03486	AFR	SL61	ipd_genome	B	2	complete	1	1	1	2	exposed_validation
HG03486	AFR	SL61	T1K	B	4	complete	0	0	0	0	exposed_validation
HG03486	AFR	SL61	ipd_genome	B	4	complete	0	0	0	0	exposed_validation
HG03486	AFR	SL61	T1K	C	2	complete	1	1	1	2	exposed_validation
HG03486	AFR	SL61	ipd_genome	C	2	complete	1	1	1	2	exposed_validation
HG03486	AFR	SL61	T1K	C	4	complete	0	0	0	0	exposed_validation
HG03486	AFR	SL61	ipd_genome	C	4	complete	0	0	0	0	exposed_validation
HG03486	AFR	SL61	T1K	DPA1	2	complete	1	1	1	2	exposed_validation
HG03486	AFR	SL61	ipd_genome	DPA1	2	complete	1	1	1	2	exposed_validation
HG03486	AFR	SL61	T1K	DPA1	4	complete	0	0	0	0	exposed_validation
HG03486	AFR	SL61	ipd_genome	DPA1	4	complete	0	0	0	0	exposed_validation
HG03486	AFR	SL61	T1K	DPB1	2	complete	1	1	1	2	exposed_validation
HG03486	AFR	SL61	ipd_genome	DPB1	2	complete	1	1	1	2	exposed_validation
HG03486	AFR	SL61	T1K	DPB1	4	complete	1	1	0	1	exposed_validation
HG03486	AFR	SL61	ipd_genome	DPB1	4	complete	1	1	1	2	exposed_validation
HG03486	AFR	SL61	T1K	DQA1	2	complete	1	1	1	2	exposed_validation
HG03486	AFR	SL61	ipd_genome	DQA1	2	complete	1	1	1	2	exposed_validation
HG03486	AFR	SL61	T1K	DQA1	4	complete	0	0	0	0	exposed_validation
HG03486	AFR	SL61	ipd_genome	DQA1	4	complete	0	0	0	0	exposed_validation
HG03486	AFR	SL61	T1K	DQB1	2	complete	1	1	1	2	exposed_validation
HG03486	AFR	SL61	ipd_genome	DQB1	2	complete	1	1	1	2	exposed_validation
HG03486	AFR	SL61	T1K	DQB1	4	complete	1	1	0	1	exposed_validation
HG03486	AFR	SL61	ipd_genome	DQB1	4	complete	1	1	1	2	exposed_validation
HG03486	AFR	SL61	T1K	DRB1	2	complete	1	1	1	2	exposed_validation
HG03486	AFR	SL61	ipd_genome	DRB1	2	complete	1	1	1	2	exposed_validation
HG03486	AFR	SL61	T1K	DRB1	4	complete	0	0	0	0	exposed_validation
HG03486	AFR	SL61	ipd_genome	DRB1	4	complete	0	0	0	0	exposed_validation
HG03521	AFR	NG109	T1K	A	2	complete	1	1	1	2	exposed_validation
HG03521	AFR	NG109	ipd_genome	A	2	complete	1	1	1	2	exposed_validation
HG03521	AFR	NG109	T1K	A	4	complete	1	1	1	2	exposed_validation
HG03521	AFR	NG109	ipd_genome	A	4	complete	1	1	1	2	exposed_validation
HG03521	AFR	NG109	T1K	B	2	complete	1	1	1	2	exposed_validation
HG03521	AFR	NG109	ipd_genome	B	2	complete	1	1	1	2	exposed_validation
HG03521	AFR	NG109	T1K	B	4	complete	0	0	0	0	exposed_validation
HG03521	AFR	NG109	ipd_genome	B	4	complete	0	0	0	0	exposed_validation
HG03521	AFR	NG109	T1K	C	2	complete	1	1	0	1	exposed_validation
HG03521	AFR	NG109	ipd_genome	C	2	complete	1	1	1	2	exposed_validation
HG03521	AFR	NG109	T1K	C	4	complete	0	0	0	0	exposed_validation
HG03521	AFR	NG109	ipd_genome	C	4	complete	0	0	0	0	exposed_validation
HG03521	AFR	NG109	T1K	DPA1	2	complete	1	1	1	2	exposed_validation
HG03521	AFR	NG109	ipd_genome	DPA1	2	complete	1	1	1	2	exposed_validation
HG03521	AFR	NG109	T1K	DPA1	4	complete	1	1	0	1	exposed_validation
HG03521	AFR	NG109	ipd_genome	DPA1	4	complete	1	1	1	2	exposed_validation
HG03521	AFR	NG109	T1K	DPB1	2	complete	1	1	1	2	exposed_validation
HG03521	AFR	NG109	ipd_genome	DPB1	2	complete	1	1	1	2	exposed_validation
HG03521	AFR	NG109	T1K	DPB1	4	complete	1	1	0	1	exposed_validation
HG03521	AFR	NG109	ipd_genome	DPB1	4	complete	1	1	1	2	exposed_validation
HG03521	AFR	NG109	T1K	DQA1	2	complete	1	1	1	2	exposed_validation
HG03521	AFR	NG109	ipd_genome	DQA1	2	complete	1	1	1	2	exposed_validation
HG03521	AFR	NG109	T1K	DQA1	4	complete	0	0	0	0	exposed_validation
HG03521	AFR	NG109	ipd_genome	DQA1	4	complete	0	0	0	0	exposed_validation
HG03521	AFR	NG109	T1K	DQB1	2	complete	1	1	1	2	exposed_validation
HG03521	AFR	NG109	ipd_genome	DQB1	2	complete	1	1	1	2	exposed_validation
HG03521	AFR	NG109	T1K	DQB1	4	complete	1	1	1	2	exposed_validation
HG03521	AFR	NG109	ipd_genome	DQB1	4	complete	1	1	1	2	exposed_validation
HG03521	AFR	NG109	T1K	DRB1	2	complete	1	1	1	2	exposed_validation
HG03521	AFR	NG109	ipd_genome	DRB1	2	complete	1	1	1	2	exposed_validation
HG03521	AFR	NG109	T1K	DRB1	4	complete	0	0	0	0	exposed_validation
HG03521	AFR	NG109	ipd_genome	DRB1	4	complete	0	0	0	0	exposed_validation
HG03540	AFR	GB125	T1K	A	2	complete	1	1	1	2	exposed_validation
HG03540	AFR	GB125	ipd_genome	A	2	complete	1	1	1	2	exposed_validation
HG03540	AFR	GB125	T1K	A	4	complete	1	1	1	2	exposed_validation
HG03540	AFR	GB125	ipd_genome	A	4	complete	1	1	0	1	exposed_validation
HG03540	AFR	GB125	T1K	B	2	complete	1	1	1	2	exposed_validation
HG03540	AFR	GB125	ipd_genome	B	2	complete	1	1	1	2	exposed_validation
HG03540	AFR	GB125	T1K	B	4	complete	0	0	0	0	exposed_validation
HG03540	AFR	GB125	ipd_genome	B	4	complete	0	0	0	0	exposed_validation
HG03540	AFR	GB125	T1K	C	2	complete	1	1	1	2	exposed_validation
HG03540	AFR	GB125	ipd_genome	C	2	complete	1	1	1	2	exposed_validation
HG03540	AFR	GB125	T1K	C	4	complete	0	0	0	0	exposed_validation
HG03540	AFR	GB125	ipd_genome	C	4	complete	0	0	0	0	exposed_validation
HG03540	AFR	GB125	T1K	DPA1	2	complete	1	1	1	2	exposed_validation
HG03540	AFR	GB125	ipd_genome	DPA1	2	complete	1	1	1	2	exposed_validation
HG03540	AFR	GB125	T1K	DPA1	4	complete	0	0	0	0	exposed_validation
HG03540	AFR	GB125	ipd_genome	DPA1	4	complete	0	0	0	0	exposed_validation
HG03540	AFR	GB125	T1K	DPB1	2	complete	1	1	1	2	exposed_validation
HG03540	AFR	GB125	ipd_genome	DPB1	2	complete	1	1	1	2	exposed_validation
HG03540	AFR	GB125	T1K	DPB1	4	complete	0	0	0	0	exposed_validation
HG03540	AFR	GB125	ipd_genome	DPB1	4	complete	0	0	0	0	exposed_validation
HG03540	AFR	GB125	T1K	DQA1	2	complete	1	1	1	2	exposed_validation
HG03540	AFR	GB125	ipd_genome	DQA1	2	complete	1	1	1	2	exposed_validation
HG03540	AFR	GB125	T1K	DQA1	4	complete	0	0	0	0	exposed_validation
HG03540	AFR	GB125	ipd_genome	DQA1	4	complete	0	0	0	0	exposed_validation
HG03540	AFR	GB125	T1K	DQB1	2	complete	1	1	1	2	exposed_validation
HG03540	AFR	GB125	ipd_genome	DQB1	2	complete	1	1	1	2	exposed_validation
HG03540	AFR	GB125	T1K	DQB1	4	complete	1	1	0	1	exposed_validation
HG03540	AFR	GB125	ipd_genome	DQB1	4	complete	1	1	1	2	exposed_validation
HG03540	AFR	GB125	T1K	DRB1	2	complete	1	1	1	2	exposed_validation
HG03540	AFR	GB125	ipd_genome	DRB1	2	complete	1	1	1	2	exposed_validation
HG03540	AFR	GB125	T1K	DRB1	4	complete	1	1	1	2	exposed_validation
HG03540	AFR	GB125	ipd_genome	DRB1	4	complete	1	1	0	1	exposed_validation
HG03579	AFR	SL72	T1K	A	2	complete	1	1	1	2	exposed_validation
HG03579	AFR	SL72	ipd_genome	A	2	complete	1	1	1	2	exposed_validation
HG03579	AFR	SL72	T1K	A	4	complete	1	1	1	2	exposed_validation
HG03579	AFR	SL72	ipd_genome	A	4	complete	1	1	1	2	exposed_validation
HG03579	AFR	SL72	T1K	B	2	complete	1	1	1	2	exposed_validation
HG03579	AFR	SL72	ipd_genome	B	2	complete	1	1	0	1	exposed_validation
HG03579	AFR	SL72	T1K	B	4	complete	1	1	1	2	exposed_validation
HG03579	AFR	SL72	ipd_genome	B	4	complete	1	1	0	1	exposed_validation
HG03579	AFR	SL72	T1K	C	2	complete	1	1	1	2	exposed_validation
HG03579	AFR	SL72	ipd_genome	C	2	complete	1	1	1	2	exposed_validation
HG03579	AFR	SL72	T1K	C	4	complete	1	1	0	1	exposed_validation
HG03579	AFR	SL72	ipd_genome	C	4	complete	1	1	0	1	exposed_validation
HG03579	AFR	SL72	T1K	DPA1	2	complete	1	1	1	2	exposed_validation
HG03579	AFR	SL72	ipd_genome	DPA1	2	complete	1	1	1	2	exposed_validation
HG03579	AFR	SL72	T1K	DPA1	4	complete	0	0	0	0	exposed_validation
HG03579	AFR	SL72	ipd_genome	DPA1	4	complete	0	0	0	0	exposed_validation
HG03579	AFR	SL72	T1K	DPB1	2	complete	1	1	1	2	exposed_validation
HG03579	AFR	SL72	ipd_genome	DPB1	2	complete	1	1	1	2	exposed_validation
HG03579	AFR	SL72	T1K	DPB1	4	complete	1	1	0	1	exposed_validation
HG03579	AFR	SL72	ipd_genome	DPB1	4	complete	1	1	1	2	exposed_validation
HG03579	AFR	SL72	T1K	DQA1	2	complete	1	1	1	2	exposed_validation
HG03579	AFR	SL72	ipd_genome	DQA1	2	complete	1	1	1	2	exposed_validation
HG03579	AFR	SL72	T1K	DQA1	4	complete	1	1	0	0	exposed_validation
HG03579	AFR	SL72	ipd_genome	DQA1	4	complete	1	1	0	1	exposed_validation
HG03579	AFR	SL72	T1K	DQB1	2	complete	1	1	1	2	exposed_validation
HG03579	AFR	SL72	ipd_genome	DQB1	2	complete	1	1	1	2	exposed_validation
HG03579	AFR	SL72	T1K	DQB1	4	complete	1	1	0	0	exposed_validation
HG03579	AFR	SL72	ipd_genome	DQB1	4	complete	1	1	1	2	exposed_validation
HG03579	AFR	SL72	T1K	DRB1	2	complete	1	1	1	2	exposed_validation
HG03579	AFR	SL72	ipd_genome	DRB1	2	complete	1	1	1	2	exposed_validation
HG03579	AFR	SL72	T1K	DRB1	4	complete	0	0	0	0	exposed_validation
HG03579	AFR	SL72	ipd_genome	DRB1	4	complete	0	0	0	0	exposed_validation
HG03583	AFR	SL73	T1K	A	2	complete	1	1	1	2	exposed_validation
HG03583	AFR	SL73	ipd_genome	A	2	complete	1	1	1	2	exposed_validation
HG03583	AFR	SL73	T1K	A	4	complete	1	1	1	2	exposed_validation
HG03583	AFR	SL73	ipd_genome	A	4	complete	1	1	1	2	exposed_validation
HG03583	AFR	SL73	T1K	B	2	complete	1	1	1	2	exposed_validation
HG03583	AFR	SL73	ipd_genome	B	2	complete	1	1	1	2	exposed_validation
HG03583	AFR	SL73	T1K	B	4	complete	0	0	0	0	exposed_validation
HG03583	AFR	SL73	ipd_genome	B	4	complete	0	0	0	0	exposed_validation
HG03583	AFR	SL73	T1K	C	2	complete	1	1	1	2	exposed_validation
HG03583	AFR	SL73	ipd_genome	C	2	complete	1	1	1	2	exposed_validation
HG03583	AFR	SL73	T1K	C	4	complete	0	0	0	0	exposed_validation
HG03583	AFR	SL73	ipd_genome	C	4	complete	0	0	0	0	exposed_validation
HG03583	AFR	SL73	T1K	DPA1	2	complete	1	1	0	1	exposed_validation
HG03583	AFR	SL73	ipd_genome	DPA1	2	complete	1	1	1	2	exposed_validation
HG03583	AFR	SL73	T1K	DPA1	4	complete	0	0	0	0	exposed_validation
HG03583	AFR	SL73	ipd_genome	DPA1	4	complete	0	0	0	0	exposed_validation
HG03583	AFR	SL73	T1K	DPB1	2	complete	1	1	1	2	exposed_validation
HG03583	AFR	SL73	ipd_genome	DPB1	2	complete	1	1	1	2	exposed_validation
HG03583	AFR	SL73	T1K	DPB1	4	complete	1	1	0	0	exposed_validation
HG03583	AFR	SL73	ipd_genome	DPB1	4	complete	1	1	1	2	exposed_validation
HG03583	AFR	SL73	T1K	DQA1	2	complete	1	1	1	2	exposed_validation
HG03583	AFR	SL73	ipd_genome	DQA1	2	complete	1	1	1	2	exposed_validation
HG03583	AFR	SL73	T1K	DQA1	4	complete	0	0	0	0	exposed_validation
HG03583	AFR	SL73	ipd_genome	DQA1	4	complete	0	0	0	0	exposed_validation
HG03583	AFR	SL73	T1K	DQB1	2	complete	1	1	1	2	exposed_validation
HG03583	AFR	SL73	ipd_genome	DQB1	2	complete	1	1	1	2	exposed_validation
HG03583	AFR	SL73	T1K	DQB1	4	complete	0	0	0	0	exposed_validation
HG03583	AFR	SL73	ipd_genome	DQB1	4	complete	0	0	0	0	exposed_validation
HG03583	AFR	SL73	T1K	DRB1	2	complete	1	1	1	2	exposed_validation
HG03583	AFR	SL73	ipd_genome	DRB1	2	complete	1	1	1	2	exposed_validation
HG03583	AFR	SL73	T1K	DRB1	4	complete	0	0	0	0	exposed_validation
HG03583	AFR	SL73	ipd_genome	DRB1	4	complete	0	0	0	0	exposed_validation
HG03654	SAS	PK53	T1K	A	2	complete	1	1	1	2	exposed_validation
HG03654	SAS	PK53	ipd_genome	A	2	complete	1	1	1	2	exposed_validation
HG03654	SAS	PK53	T1K	A	4	complete	1	1	1	2	exposed_validation
HG03654	SAS	PK53	ipd_genome	A	4	complete	1	1	1	2	exposed_validation
HG03654	SAS	PK53	T1K	B	2	complete	1	1	0	1	exposed_validation
HG03654	SAS	PK53	ipd_genome	B	2	complete	1	1	1	2	exposed_validation
HG03654	SAS	PK53	T1K	B	4	complete	1	0	0	1	exposed_validation
HG03654	SAS	PK53	ipd_genome	B	4	complete	1	1	1	2	exposed_validation
HG03654	SAS	PK53	T1K	C	2	complete	1	1	1	2	exposed_validation
HG03654	SAS	PK53	ipd_genome	C	2	complete	1	1	1	2	exposed_validation
HG03654	SAS	PK53	T1K	C	4	complete	1	1	1	2	exposed_validation
HG03654	SAS	PK53	ipd_genome	C	4	complete	1	1	1	2	exposed_validation
HG03654	SAS	PK53	T1K	DPA1	2	complete	1	1	1	2	exposed_validation
HG03654	SAS	PK53	ipd_genome	DPA1	2	complete	1	1	1	2	exposed_validation
HG03654	SAS	PK53	T1K	DPA1	4	complete	0	0	0	0	exposed_validation
HG03654	SAS	PK53	ipd_genome	DPA1	4	complete	0	0	0	0	exposed_validation
HG03654	SAS	PK53	T1K	DPB1	2	complete	1	1	1	2	exposed_validation
HG03654	SAS	PK53	ipd_genome	DPB1	2	complete	1	1	1	2	exposed_validation
HG03654	SAS	PK53	T1K	DPB1	4	complete	1	1	0	1	exposed_validation
HG03654	SAS	PK53	ipd_genome	DPB1	4	complete	1	1	1	2	exposed_validation
HG03654	SAS	PK53	T1K	DQA1	2	complete	1	1	1	2	exposed_validation
HG03654	SAS	PK53	ipd_genome	DQA1	2	complete	1	1	1	2	exposed_validation
HG03654	SAS	PK53	T1K	DQA1	4	complete	0	0	0	0	exposed_validation
HG03654	SAS	PK53	ipd_genome	DQA1	4	complete	0	0	0	0	exposed_validation
HG03654	SAS	PK53	T1K	DQB1	2	complete	1	1	1	2	exposed_validation
HG03654	SAS	PK53	ipd_genome	DQB1	2	complete	1	1	1	2	exposed_validation
HG03654	SAS	PK53	T1K	DQB1	4	complete	1	1	1	2	exposed_validation
HG03654	SAS	PK53	ipd_genome	DQB1	4	complete	1	1	1	2	exposed_validation
HG03654	SAS	PK53	T1K	DRB1	2	complete	1	1	1	2	exposed_validation
HG03654	SAS	PK53	ipd_genome	DRB1	2	complete	1	1	1	2	exposed_validation
HG03654	SAS	PK53	T1K	DRB1	4	complete	0	0	0	0	exposed_validation
HG03654	SAS	PK53	ipd_genome	DRB1	4	complete	0	0	0	0	exposed_validation
HG03669	SAS	PK58	T1K	A	2	complete	1	1	1	2	exposed_validation
HG03669	SAS	PK58	ipd_genome	A	2	complete	1	1	1	2	exposed_validation
HG03669	SAS	PK58	T1K	A	4	complete	1	1	1	2	exposed_validation
HG03669	SAS	PK58	ipd_genome	A	4	complete	1	1	1	2	exposed_validation
HG03669	SAS	PK58	T1K	B	2	complete	1	1	1	2	exposed_validation
HG03669	SAS	PK58	ipd_genome	B	2	complete	1	1	0	1	exposed_validation
HG03669	SAS	PK58	T1K	B	4	complete	1	1	1	2	exposed_validation
HG03669	SAS	PK58	ipd_genome	B	4	complete	1	0	0	1	exposed_validation
HG03669	SAS	PK58	T1K	C	2	complete	1	1	1	2	exposed_validation
HG03669	SAS	PK58	ipd_genome	C	2	complete	1	1	1	2	exposed_validation
HG03669	SAS	PK58	T1K	C	4	complete	1	1	1	2	exposed_validation
HG03669	SAS	PK58	ipd_genome	C	4	complete	1	1	1	2	exposed_validation
HG03669	SAS	PK58	T1K	DPA1	2	complete	1	1	1	2	exposed_validation
HG03669	SAS	PK58	ipd_genome	DPA1	2	complete	1	1	1	2	exposed_validation
HG03669	SAS	PK58	T1K	DPA1	4	complete	0	0	0	0	exposed_validation
HG03669	SAS	PK58	ipd_genome	DPA1	4	complete	0	0	0	0	exposed_validation
HG03669	SAS	PK58	T1K	DPB1	2	complete	1	1	1	2	exposed_validation
HG03669	SAS	PK58	ipd_genome	DPB1	2	complete	1	1	1	2	exposed_validation
HG03669	SAS	PK58	T1K	DPB1	4	complete	1	1	1	2	exposed_validation
HG03669	SAS	PK58	ipd_genome	DPB1	4	complete	1	1	1	2	exposed_validation
HG03669	SAS	PK58	T1K	DQA1	2	complete	1	1	1	2	exposed_validation
HG03669	SAS	PK58	ipd_genome	DQA1	2	complete	1	1	1	2	exposed_validation
HG03669	SAS	PK58	T1K	DQA1	4	complete	1	1	1	2	exposed_validation
HG03669	SAS	PK58	ipd_genome	DQA1	4	complete	1	1	1	2	exposed_validation
HG03669	SAS	PK58	T1K	DQB1	2	complete	1	1	1	2	exposed_validation
HG03669	SAS	PK58	ipd_genome	DQB1	2	complete	1	1	1	2	exposed_validation
HG03669	SAS	PK58	T1K	DQB1	4	complete	1	1	1	2	exposed_validation
HG03669	SAS	PK58	ipd_genome	DQB1	4	complete	1	1	1	2	exposed_validation
HG03669	SAS	PK58	T1K	DRB1	2	complete	1	1	1	2	exposed_validation
HG03669	SAS	PK58	ipd_genome	DRB1	2	complete	1	1	1	2	exposed_validation
HG03669	SAS	PK58	T1K	DRB1	4	complete	0	0	0	0	exposed_validation
HG03669	SAS	PK58	ipd_genome	DRB1	4	complete	0	0	0	0	exposed_validation
HG03704	SAS	PK60	T1K	A	2	complete	1	1	1	2	exposed_validation
HG03704	SAS	PK60	ipd_genome	A	2	complete	1	1	1	2	exposed_validation
HG03704	SAS	PK60	T1K	A	4	complete	1	1	1	2	exposed_validation
HG03704	SAS	PK60	ipd_genome	A	4	complete	1	1	1	2	exposed_validation
HG03704	SAS	PK60	T1K	B	2	complete	1	1	1	2	exposed_validation
HG03704	SAS	PK60	ipd_genome	B	2	complete	1	1	1	2	exposed_validation
HG03704	SAS	PK60	T1K	B	4	complete	1	1	1	2	exposed_validation
HG03704	SAS	PK60	ipd_genome	B	4	complete	1	1	1	2	exposed_validation
HG03704	SAS	PK60	T1K	C	2	complete	1	1	1	2	exposed_validation
HG03704	SAS	PK60	ipd_genome	C	2	complete	1	1	1	2	exposed_validation
HG03704	SAS	PK60	T1K	C	4	complete	1	1	0	1	exposed_validation
HG03704	SAS	PK60	ipd_genome	C	4	complete	1	1	1	2	exposed_validation
HG03704	SAS	PK60	T1K	DPA1	2	complete	1	1	1	2	exposed_validation
HG03704	SAS	PK60	ipd_genome	DPA1	2	complete	1	1	1	2	exposed_validation
HG03704	SAS	PK60	T1K	DPA1	4	complete	0	0	0	0	exposed_validation
HG03704	SAS	PK60	ipd_genome	DPA1	4	complete	0	0	0	0	exposed_validation
HG03704	SAS	PK60	T1K	DPB1	2	complete	1	1	1	2	exposed_validation
HG03704	SAS	PK60	ipd_genome	DPB1	2	complete	1	1	1	2	exposed_validation
HG03704	SAS	PK60	T1K	DPB1	4	complete	1	1	1	2	exposed_validation
HG03704	SAS	PK60	ipd_genome	DPB1	4	complete	1	1	1	2	exposed_validation
HG03704	SAS	PK60	T1K	DQA1	2	complete	1	1	1	2	exposed_validation
HG03704	SAS	PK60	ipd_genome	DQA1	2	complete	1	1	1	2	exposed_validation
HG03704	SAS	PK60	T1K	DQA1	4	complete	1	1	0	1	exposed_validation
HG03704	SAS	PK60	ipd_genome	DQA1	4	complete	1	1	1	2	exposed_validation
HG03704	SAS	PK60	T1K	DQB1	2	complete	1	1	1	2	exposed_validation
HG03704	SAS	PK60	ipd_genome	DQB1	2	complete	1	1	1	2	exposed_validation
HG03704	SAS	PK60	T1K	DQB1	4	complete	1	1	1	2	exposed_validation
HG03704	SAS	PK60	ipd_genome	DQB1	4	complete	1	1	1	2	exposed_validation
HG03704	SAS	PK60	T1K	DRB1	2	complete	1	1	1	2	exposed_validation
HG03704	SAS	PK60	ipd_genome	DRB1	2	complete	1	1	1	2	exposed_validation
HG03704	SAS	PK60	T1K	DRB1	4	complete	0	0	0	0	exposed_validation
HG03704	SAS	PK60	ipd_genome	DRB1	4	complete	0	0	0	0	exposed_validation
HG03710	SAS	PK62	T1K	A	2	complete	1	1	1	2	exposed_validation
HG03710	SAS	PK62	ipd_genome	A	2	complete	1	1	1	2	exposed_validation
HG03710	SAS	PK62	T1K	A	4	complete	1	1	1	2	exposed_validation
HG03710	SAS	PK62	ipd_genome	A	4	complete	1	1	1	2	exposed_validation
HG03710	SAS	PK62	T1K	B	2	complete	1	1	1	2	exposed_validation
HG03710	SAS	PK62	ipd_genome	B	2	complete	1	1	1	2	exposed_validation
HG03710	SAS	PK62	T1K	B	4	complete	0	0	0	0	exposed_validation
HG03710	SAS	PK62	ipd_genome	B	4	complete	0	0	0	0	exposed_validation
HG03710	SAS	PK62	T1K	C	2	complete	1	1	1	2	exposed_validation
HG03710	SAS	PK62	ipd_genome	C	2	complete	1	1	1	2	exposed_validation
HG03710	SAS	PK62	T1K	C	4	complete	1	1	1	2	exposed_validation
HG03710	SAS	PK62	ipd_genome	C	4	complete	1	1	1	2	exposed_validation
HG03710	SAS	PK62	T1K	DPA1	2	complete	1	1	1	2	exposed_validation
HG03710	SAS	PK62	ipd_genome	DPA1	2	complete	1	1	1	2	exposed_validation
HG03710	SAS	PK62	T1K	DPA1	4	complete	0	0	0	0	exposed_validation
HG03710	SAS	PK62	ipd_genome	DPA1	4	complete	0	0	0	0	exposed_validation
HG03710	SAS	PK62	T1K	DPB1	2	complete	1	1	1	2	exposed_validation
HG03710	SAS	PK62	ipd_genome	DPB1	2	complete	1	1	1	2	exposed_validation
HG03710	SAS	PK62	T1K	DPB1	4	complete	1	1	0	0	exposed_validation
HG03710	SAS	PK62	ipd_genome	DPB1	4	complete	1	1	1	2	exposed_validation
HG03710	SAS	PK62	T1K	DQA1	2	complete	1	1	1	2	exposed_validation
HG03710	SAS	PK62	ipd_genome	DQA1	2	complete	1	1	1	2	exposed_validation
HG03710	SAS	PK62	T1K	DQA1	4	complete	0	0	0	0	exposed_validation
HG03710	SAS	PK62	ipd_genome	DQA1	4	complete	0	0	0	0	exposed_validation
HG03710	SAS	PK62	T1K	DQB1	2	complete	1	1	1	2	exposed_validation
HG03710	SAS	PK62	ipd_genome	DQB1	2	complete	1	1	1	2	exposed_validation
HG03710	SAS	PK62	T1K	DQB1	4	complete	1	1	1	2	exposed_validation
HG03710	SAS	PK62	ipd_genome	DQB1	4	complete	1	1	1	2	exposed_validation
HG03710	SAS	PK62	T1K	DRB1	2	complete	1	1	1	2	exposed_validation
HG03710	SAS	PK62	ipd_genome	DRB1	2	complete	1	1	1	2	exposed_validation
HG03710	SAS	PK62	T1K	DRB1	4	complete	0	0	0	0	exposed_validation
HG03710	SAS	PK62	ipd_genome	DRB1	4	complete	0	0	0	0	exposed_validation
HG03816	SAS	BD22	T1K	A	2	complete	1	1	1	2	exposed_validation
HG03816	SAS	BD22	ipd_genome	A	2	complete	1	1	1	2	exposed_validation
HG03816	SAS	BD22	T1K	A	4	complete	1	1	1	2	exposed_validation
HG03816	SAS	BD22	ipd_genome	A	4	complete	1	1	1	2	exposed_validation
HG03816	SAS	BD22	T1K	B	2	complete	1	1	1	2	exposed_validation
HG03816	SAS	BD22	ipd_genome	B	2	complete	1	1	1	2	exposed_validation
HG03816	SAS	BD22	T1K	B	4	complete	0	0	0	0	exposed_validation
HG03816	SAS	BD22	ipd_genome	B	4	complete	0	0	0	0	exposed_validation
HG03816	SAS	BD22	T1K	C	2	complete	1	1	1	2	exposed_validation
HG03816	SAS	BD22	ipd_genome	C	2	complete	1	1	1	2	exposed_validation
HG03816	SAS	BD22	T1K	C	4	complete	1	1	1	2	exposed_validation
HG03816	SAS	BD22	ipd_genome	C	4	complete	1	1	1	2	exposed_validation
HG03816	SAS	BD22	T1K	DPA1	2	complete	1	1	1	2	exposed_validation
HG03816	SAS	BD22	ipd_genome	DPA1	2	complete	1	1	1	2	exposed_validation
HG03816	SAS	BD22	T1K	DPA1	4	complete	0	0	0	0	exposed_validation
HG03816	SAS	BD22	ipd_genome	DPA1	4	complete	0	0	0	0	exposed_validation
HG03816	SAS	BD22	T1K	DPB1	2	complete	1	1	1	2	exposed_validation
HG03816	SAS	BD22	ipd_genome	DPB1	2	complete	1	1	1	2	exposed_validation
HG03816	SAS	BD22	T1K	DPB1	4	complete	1	1	0	1	exposed_validation
HG03816	SAS	BD22	ipd_genome	DPB1	4	complete	1	1	1	2	exposed_validation
HG03816	SAS	BD22	T1K	DQA1	2	complete	1	1	1	2	exposed_validation
HG03816	SAS	BD22	ipd_genome	DQA1	2	complete	1	1	1	2	exposed_validation
HG03816	SAS	BD22	T1K	DQA1	4	complete	0	0	0	0	exposed_validation
HG03816	SAS	BD22	ipd_genome	DQA1	4	complete	0	0	0	0	exposed_validation
HG03816	SAS	BD22	T1K	DQB1	2	complete	1	1	1	2	exposed_validation
HG03816	SAS	BD22	ipd_genome	DQB1	2	complete	1	1	1	2	exposed_validation
HG03816	SAS	BD22	T1K	DQB1	4	complete	1	1	0	1	exposed_validation
HG03816	SAS	BD22	ipd_genome	DQB1	4	complete	1	1	1	2	exposed_validation
HG03816	SAS	BD22	T1K	DRB1	2	complete	1	1	1	2	exposed_validation
HG03816	SAS	BD22	ipd_genome	DRB1	2	complete	1	1	1	2	exposed_validation
HG03816	SAS	BD22	T1K	DRB1	4	complete	0	0	0	0	exposed_validation
HG03816	SAS	BD22	ipd_genome	DRB1	4	complete	0	0	0	0	exposed_validation
HG03834	SAS	BD28	T1K	A	2	complete	1	1	1	2	exposed_validation
HG03834	SAS	BD28	ipd_genome	A	2	complete	1	1	1	2	exposed_validation
HG03834	SAS	BD28	T1K	A	4	complete	1	1	1	2	exposed_validation
HG03834	SAS	BD28	ipd_genome	A	4	complete	1	1	1	2	exposed_validation
HG03834	SAS	BD28	T1K	B	2	complete	1	1	1	2	exposed_validation
HG03834	SAS	BD28	ipd_genome	B	2	complete	1	1	1	2	exposed_validation
HG03834	SAS	BD28	T1K	B	4	complete	0	0	0	0	exposed_validation
HG03834	SAS	BD28	ipd_genome	B	4	complete	0	0	0	0	exposed_validation
HG03834	SAS	BD28	T1K	C	2	complete	1	1	1	2	exposed_validation
HG03834	SAS	BD28	ipd_genome	C	2	complete	1	1	1	2	exposed_validation
HG03834	SAS	BD28	T1K	C	4	complete	1	1	1	2	exposed_validation
HG03834	SAS	BD28	ipd_genome	C	4	complete	1	1	1	2	exposed_validation
HG03834	SAS	BD28	T1K	DPA1	2	complete	1	1	1	2	exposed_validation
HG03834	SAS	BD28	ipd_genome	DPA1	2	complete	1	1	1	2	exposed_validation
HG03834	SAS	BD28	T1K	DPA1	4	complete	0	0	0	0	exposed_validation
HG03834	SAS	BD28	ipd_genome	DPA1	4	complete	0	0	0	0	exposed_validation
HG03834	SAS	BD28	T1K	DPB1	2	complete	1	1	1	2	exposed_validation
HG03834	SAS	BD28	ipd_genome	DPB1	2	complete	1	1	1	2	exposed_validation
HG03834	SAS	BD28	T1K	DPB1	4	complete	1	1	0	1	exposed_validation
HG03834	SAS	BD28	ipd_genome	DPB1	4	complete	1	1	1	2	exposed_validation
HG03834	SAS	BD28	T1K	DQA1	2	complete	1	1	1	2	exposed_validation
HG03834	SAS	BD28	ipd_genome	DQA1	2	complete	1	1	1	2	exposed_validation
HG03834	SAS	BD28	T1K	DQA1	4	complete	1	1	1	2	exposed_validation
HG03834	SAS	BD28	ipd_genome	DQA1	4	complete	1	1	1	2	exposed_validation
HG03834	SAS	BD28	T1K	DQB1	2	complete	1	1	1	2	exposed_validation
HG03834	SAS	BD28	ipd_genome	DQB1	2	complete	1	1	1	2	exposed_validation
HG03834	SAS	BD28	T1K	DQB1	4	complete	1	1	0	1	exposed_validation
HG03834	SAS	BD28	ipd_genome	DQB1	4	complete	1	1	1	2	exposed_validation
HG03834	SAS	BD28	T1K	DRB1	2	complete	1	1	1	2	exposed_validation
HG03834	SAS	BD28	ipd_genome	DRB1	2	complete	1	1	1	2	exposed_validation
HG03834	SAS	BD28	T1K	DRB1	4	complete	0	0	0	0	exposed_validation
HG03834	SAS	BD28	ipd_genome	DRB1	4	complete	0	0	0	0	exposed_validation
HG03942	SAS	BD42	T1K	A	2	complete	1	1	1	2	exposed_validation
HG03942	SAS	BD42	ipd_genome	A	2	complete	1	1	1	2	exposed_validation
HG03942	SAS	BD42	T1K	A	4	complete	1	1	1	2	exposed_validation
HG03942	SAS	BD42	ipd_genome	A	4	complete	1	1	1	2	exposed_validation
HG03942	SAS	BD42	T1K	B	2	complete	1	1	1	2	exposed_validation
HG03942	SAS	BD42	ipd_genome	B	2	complete	1	1	1	2	exposed_validation
HG03942	SAS	BD42	T1K	B	4	complete	0	0	0	0	exposed_validation
HG03942	SAS	BD42	ipd_genome	B	4	complete	0	0	0	0	exposed_validation
HG03942	SAS	BD42	T1K	C	2	complete	1	1	1	2	exposed_validation
HG03942	SAS	BD42	ipd_genome	C	2	complete	1	1	1	2	exposed_validation
HG03942	SAS	BD42	T1K	C	4	complete	1	1	1	2	exposed_validation
HG03942	SAS	BD42	ipd_genome	C	4	complete	1	1	1	2	exposed_validation
HG03942	SAS	BD42	T1K	DPA1	2	complete	1	1	1	2	exposed_validation
HG03942	SAS	BD42	ipd_genome	DPA1	2	complete	1	1	1	2	exposed_validation
HG03942	SAS	BD42	T1K	DPA1	4	complete	1	1	0	1	exposed_validation
HG03942	SAS	BD42	ipd_genome	DPA1	4	complete	1	1	1	2	exposed_validation
HG03942	SAS	BD42	T1K	DPB1	2	complete	1	1	1	2	exposed_validation
HG03942	SAS	BD42	ipd_genome	DPB1	2	complete	1	1	1	2	exposed_validation
HG03942	SAS	BD42	T1K	DPB1	4	complete	1	1	0	0	exposed_validation
HG03942	SAS	BD42	ipd_genome	DPB1	4	complete	1	1	1	2	exposed_validation
HG03942	SAS	BD42	T1K	DQA1	2	complete	1	1	1	2	exposed_validation
HG03942	SAS	BD42	ipd_genome	DQA1	2	complete	1	1	1	2	exposed_validation
HG03942	SAS	BD42	T1K	DQA1	4	complete	1	1	1	2	exposed_validation
HG03942	SAS	BD42	ipd_genome	DQA1	4	complete	1	1	1	2	exposed_validation
HG03942	SAS	BD42	T1K	DQB1	2	complete	1	1	1	2	exposed_validation
HG03942	SAS	BD42	ipd_genome	DQB1	2	complete	1	1	1	2	exposed_validation
HG03942	SAS	BD42	T1K	DQB1	4	complete	1	1	1	2	exposed_validation
HG03942	SAS	BD42	ipd_genome	DQB1	4	complete	1	1	1	2	exposed_validation
HG03942	SAS	BD42	T1K	DRB1	2	complete	1	1	1	2	exposed_validation
HG03942	SAS	BD42	ipd_genome	DRB1	2	complete	1	1	1	2	exposed_validation
HG03942	SAS	BD42	T1K	DRB1	4	complete	1	1	1	2	exposed_validation
HG03942	SAS	BD42	ipd_genome	DRB1	4	complete	1	1	0	1	exposed_validation
HG04160	SAS	BD53	T1K	A	2	complete	1	1	1	2	exposed_validation
HG04160	SAS	BD53	ipd_genome	A	2	complete	1	1	1	2	exposed_validation
HG04160	SAS	BD53	T1K	A	4	complete	1	1	1	2	exposed_validation
HG04160	SAS	BD53	ipd_genome	A	4	complete	1	1	1	2	exposed_validation
HG04160	SAS	BD53	T1K	B	2	complete	1	1	1	2	exposed_validation
HG04160	SAS	BD53	ipd_genome	B	2	complete	1	1	1	2	exposed_validation
HG04160	SAS	BD53	T1K	B	4	complete	1	1	1	2	exposed_validation
HG04160	SAS	BD53	ipd_genome	B	4	complete	1	1	1	2	exposed_validation
HG04160	SAS	BD53	T1K	C	2	complete	1	1	1	2	exposed_validation
HG04160	SAS	BD53	ipd_genome	C	2	complete	1	1	1	2	exposed_validation
HG04160	SAS	BD53	T1K	C	4	complete	0	0	0	0	exposed_validation
HG04160	SAS	BD53	ipd_genome	C	4	complete	0	0	0	0	exposed_validation
HG04160	SAS	BD53	T1K	DPA1	2	complete	1	1	1	2	exposed_validation
HG04160	SAS	BD53	ipd_genome	DPA1	2	complete	1	1	1	2	exposed_validation
HG04160	SAS	BD53	T1K	DPA1	4	complete	0	0	0	0	exposed_validation
HG04160	SAS	BD53	ipd_genome	DPA1	4	complete	0	0	0	0	exposed_validation
HG04160	SAS	BD53	T1K	DPB1	2	complete	1	1	1	2	exposed_validation
HG04160	SAS	BD53	ipd_genome	DPB1	2	complete	1	1	1	2	exposed_validation
HG04160	SAS	BD53	T1K	DPB1	4	complete	1	1	1	2	exposed_validation
HG04160	SAS	BD53	ipd_genome	DPB1	4	complete	1	1	1	2	exposed_validation
HG04160	SAS	BD53	T1K	DQA1	2	complete	1	1	1	2	exposed_validation
HG04160	SAS	BD53	ipd_genome	DQA1	2	complete	1	1	1	2	exposed_validation
HG04160	SAS	BD53	T1K	DQA1	4	complete	0	0	0	0	exposed_validation
HG04160	SAS	BD53	ipd_genome	DQA1	4	complete	0	0	0	0	exposed_validation
HG04160	SAS	BD53	T1K	DQB1	2	complete	1	1	1	2	exposed_validation
HG04160	SAS	BD53	ipd_genome	DQB1	2	complete	1	1	1	2	exposed_validation
HG04160	SAS	BD53	T1K	DQB1	4	complete	1	1	0	1	exposed_validation
HG04160	SAS	BD53	ipd_genome	DQB1	4	complete	1	1	1	2	exposed_validation
HG04160	SAS	BD53	T1K	DRB1	2	complete	1	1	1	2	exposed_validation
HG04160	SAS	BD53	ipd_genome	DRB1	2	complete	1	1	1	2	exposed_validation
HG04160	SAS	BD53	T1K	DRB1	4	complete	0	0	0	0	exposed_validation
HG04160	SAS	BD53	ipd_genome	DRB1	4	complete	0	0	0	0	exposed_validation
HG04184	SAS	BD61	T1K	A	2	complete	1	1	1	2	exposed_validation
HG04184	SAS	BD61	ipd_genome	A	2	complete	1	1	1	2	exposed_validation
HG04184	SAS	BD61	T1K	A	4	complete	1	1	1	2	exposed_validation
HG04184	SAS	BD61	ipd_genome	A	4	complete	1	1	1	2	exposed_validation
HG04184	SAS	BD61	T1K	B	2	complete	1	1	1	2	exposed_validation
HG04184	SAS	BD61	ipd_genome	B	2	complete	1	1	1	2	exposed_validation
HG04184	SAS	BD61	T1K	B	4	complete	1	1	0	1	exposed_validation
HG04184	SAS	BD61	ipd_genome	B	4	complete	1	1	1	2	exposed_validation
HG04184	SAS	BD61	T1K	C	2	complete	1	1	1	2	exposed_validation
HG04184	SAS	BD61	ipd_genome	C	2	complete	1	1	1	2	exposed_validation
HG04184	SAS	BD61	T1K	C	4	complete	1	1	1	2	exposed_validation
HG04184	SAS	BD61	ipd_genome	C	4	complete	1	1	1	2	exposed_validation
HG04184	SAS	BD61	T1K	DPA1	2	complete	1	1	1	2	exposed_validation
HG04184	SAS	BD61	ipd_genome	DPA1	2	complete	1	1	1	2	exposed_validation
HG04184	SAS	BD61	T1K	DPA1	4	complete	0	0	0	0	exposed_validation
HG04184	SAS	BD61	ipd_genome	DPA1	4	complete	0	0	0	0	exposed_validation
HG04184	SAS	BD61	T1K	DPB1	2	complete	1	1	1	2	exposed_validation
HG04184	SAS	BD61	ipd_genome	DPB1	2	complete	1	1	1	2	exposed_validation
HG04184	SAS	BD61	T1K	DPB1	4	complete	1	1	1	2	exposed_validation
HG04184	SAS	BD61	ipd_genome	DPB1	4	complete	1	1	1	2	exposed_validation
HG04184	SAS	BD61	T1K	DQA1	2	complete	1	1	1	2	exposed_validation
HG04184	SAS	BD61	ipd_genome	DQA1	2	complete	1	1	1	2	exposed_validation
HG04184	SAS	BD61	T1K	DQA1	4	complete	1	1	1	2	exposed_validation
HG04184	SAS	BD61	ipd_genome	DQA1	4	complete	1	1	0	1	exposed_validation
HG04184	SAS	BD61	T1K	DQB1	2	complete	1	1	1	2	exposed_validation
HG04184	SAS	BD61	ipd_genome	DQB1	2	complete	1	1	1	2	exposed_validation
HG04184	SAS	BD61	T1K	DQB1	4	complete	1	1	0	0	exposed_validation
HG04184	SAS	BD61	ipd_genome	DQB1	4	complete	1	1	1	2	exposed_validation
HG04184	SAS	BD61	T1K	DRB1	2	complete	1	1	1	2	exposed_validation
HG04184	SAS	BD61	ipd_genome	DRB1	2	complete	1	1	1	2	exposed_validation
HG04184	SAS	BD61	T1K	DRB1	4	complete	0	0	0	0	exposed_validation
HG04184	SAS	BD61	ipd_genome	DRB1	4	complete	0	0	0	0	exposed_validation
HG04228	SAS	ST232	T1K	A	2	complete	1	1	1	2	exposed_validation
HG04228	SAS	ST232	ipd_genome	A	2	complete	1	1	1	2	exposed_validation
HG04228	SAS	ST232	T1K	A	4	complete	1	1	1	2	exposed_validation
HG04228	SAS	ST232	ipd_genome	A	4	complete	1	1	1	2	exposed_validation
HG04228	SAS	ST232	T1K	B	2	complete	1	1	1	2	exposed_validation
HG04228	SAS	ST232	ipd_genome	B	2	complete	1	1	1	2	exposed_validation
HG04228	SAS	ST232	T1K	B	4	complete	1	0	0	0	exposed_validation
HG04228	SAS	ST232	ipd_genome	B	4	complete	1	1	1	2	exposed_validation
HG04228	SAS	ST232	T1K	C	2	complete	1	1	1	2	exposed_validation
HG04228	SAS	ST232	ipd_genome	C	2	complete	1	1	1	2	exposed_validation
HG04228	SAS	ST232	T1K	C	4	complete	1	1	1	2	exposed_validation
HG04228	SAS	ST232	ipd_genome	C	4	complete	1	1	1	2	exposed_validation
HG04228	SAS	ST232	T1K	DPA1	2	complete	1	1	1	2	exposed_validation
HG04228	SAS	ST232	ipd_genome	DPA1	2	complete	1	1	1	2	exposed_validation
HG04228	SAS	ST232	T1K	DPA1	4	complete	0	0	0	0	exposed_validation
HG04228	SAS	ST232	ipd_genome	DPA1	4	complete	0	0	0	0	exposed_validation
HG04228	SAS	ST232	T1K	DPB1	2	complete	1	1	1	2	exposed_validation
HG04228	SAS	ST232	ipd_genome	DPB1	2	complete	1	1	1	2	exposed_validation
HG04228	SAS	ST232	T1K	DPB1	4	complete	1	1	1	2	exposed_validation
HG04228	SAS	ST232	ipd_genome	DPB1	4	complete	1	1	1	2	exposed_validation
HG04228	SAS	ST232	T1K	DQA1	2	complete	1	1	1	2	exposed_validation
HG04228	SAS	ST232	ipd_genome	DQA1	2	complete	1	1	1	2	exposed_validation
HG04228	SAS	ST232	T1K	DQA1	4	complete	1	1	1	2	exposed_validation
HG04228	SAS	ST232	ipd_genome	DQA1	4	complete	1	1	0	1	exposed_validation
HG04228	SAS	ST232	T1K	DQB1	2	complete	1	1	1	2	exposed_validation
HG04228	SAS	ST232	ipd_genome	DQB1	2	complete	1	1	1	2	exposed_validation
HG04228	SAS	ST232	T1K	DQB1	4	complete	1	1	1	2	exposed_validation
HG04228	SAS	ST232	ipd_genome	DQB1	4	complete	1	1	1	2	exposed_validation
HG04228	SAS	ST232	T1K	DRB1	2	complete	1	1	1	2	exposed_validation
HG04228	SAS	ST232	ipd_genome	DRB1	2	complete	1	1	1	2	exposed_validation
HG04228	SAS	ST232	T1K	DRB1	4	complete	0	0	0	0	exposed_validation
HG04228	SAS	ST232	ipd_genome	DRB1	4	complete	0	0	0	0	exposed_validation
NA18565	EAS	NA18565	T1K	A	2	complete	1	1	1	2	exposed_validation
NA18565	EAS	NA18565	ipd_genome	A	2	complete	1	1	1	2	exposed_validation
NA18565	EAS	NA18565	T1K	A	4	complete	1	1	1	2	exposed_validation
NA18565	EAS	NA18565	ipd_genome	A	4	complete	1	1	1	2	exposed_validation
NA18565	EAS	NA18565	T1K	B	2	complete	1	1	1	2	exposed_validation
NA18565	EAS	NA18565	ipd_genome	B	2	complete	1	1	1	2	exposed_validation
NA18565	EAS	NA18565	T1K	B	4	complete	1	1	0	1	exposed_validation
NA18565	EAS	NA18565	ipd_genome	B	4	complete	1	1	1	2	exposed_validation
NA18565	EAS	NA18565	T1K	C	2	complete	1	1	1	2	exposed_validation
NA18565	EAS	NA18565	ipd_genome	C	2	complete	1	1	1	2	exposed_validation
NA18565	EAS	NA18565	T1K	C	4	complete	1	1	0	1	exposed_validation
NA18565	EAS	NA18565	ipd_genome	C	4	complete	1	1	1	2	exposed_validation
NA18565	EAS	NA18565	T1K	DPA1	2	complete	1	1	1	2	exposed_validation
NA18565	EAS	NA18565	ipd_genome	DPA1	2	complete	1	1	1	2	exposed_validation
NA18565	EAS	NA18565	T1K	DPA1	4	complete	0	0	0	0	exposed_validation
NA18565	EAS	NA18565	ipd_genome	DPA1	4	complete	0	0	0	0	exposed_validation
NA18565	EAS	NA18565	T1K	DPB1	2	complete	1	1	1	2	exposed_validation
NA18565	EAS	NA18565	ipd_genome	DPB1	2	complete	1	1	1	2	exposed_validation
NA18565	EAS	NA18565	T1K	DPB1	4	complete	1	1	0	0	exposed_validation
NA18565	EAS	NA18565	ipd_genome	DPB1	4	complete	1	1	1	2	exposed_validation
NA18565	EAS	NA18565	T1K	DQA1	2	complete	1	1	1	2	exposed_validation
NA18565	EAS	NA18565	ipd_genome	DQA1	2	complete	1	1	1	2	exposed_validation
NA18565	EAS	NA18565	T1K	DQA1	4	complete	1	1	0	1	exposed_validation
NA18565	EAS	NA18565	ipd_genome	DQA1	4	complete	1	1	1	2	exposed_validation
NA18565	EAS	NA18565	T1K	DQB1	2	complete	1	1	1	2	exposed_validation
NA18565	EAS	NA18565	ipd_genome	DQB1	2	complete	1	1	1	2	exposed_validation
NA18565	EAS	NA18565	T1K	DQB1	4	complete	1	1	0	1	exposed_validation
NA18565	EAS	NA18565	ipd_genome	DQB1	4	complete	1	1	1	2	exposed_validation
NA18565	EAS	NA18565	T1K	DRB1	2	complete	1	1	1	2	exposed_validation
NA18565	EAS	NA18565	ipd_genome	DRB1	2	complete	1	1	1	2	exposed_validation
NA18565	EAS	NA18565	T1K	DRB1	4	complete	0	0	0	0	exposed_validation
NA18565	EAS	NA18565	ipd_genome	DRB1	4	complete	0	0	0	0	exposed_validation
NA18906	AFR	Y020	T1K	A	2	complete	1	1	1	2	exposed_validation
NA18906	AFR	Y020	ipd_genome	A	2	complete	1	1	1	2	exposed_validation
NA18906	AFR	Y020	T1K	A	4	complete	1	1	1	2	exposed_validation
NA18906	AFR	Y020	ipd_genome	A	4	complete	1	1	1	2	exposed_validation
NA18906	AFR	Y020	T1K	B	2	complete	1	1	1	2	exposed_validation
NA18906	AFR	Y020	ipd_genome	B	2	complete	1	1	1	2	exposed_validation
NA18906	AFR	Y020	T1K	B	4	complete	0	0	0	0	exposed_validation
NA18906	AFR	Y020	ipd_genome	B	4	complete	0	0	0	0	exposed_validation
NA18906	AFR	Y020	T1K	C	2	complete	1	1	1	2	exposed_validation
NA18906	AFR	Y020	ipd_genome	C	2	complete	1	1	0	1	exposed_validation
NA18906	AFR	Y020	T1K	C	4	complete	0	0	0	0	exposed_validation
NA18906	AFR	Y020	ipd_genome	C	4	complete	0	0	0	0	exposed_validation
NA18906	AFR	Y020	T1K	DPA1	2	complete	1	1	1	2	exposed_validation
NA18906	AFR	Y020	ipd_genome	DPA1	2	complete	1	1	1	2	exposed_validation
NA18906	AFR	Y020	T1K	DPA1	4	complete	0	0	0	0	exposed_validation
NA18906	AFR	Y020	ipd_genome	DPA1	4	complete	0	0	0	0	exposed_validation
NA18906	AFR	Y020	T1K	DPB1	2	complete	1	1	1	2	exposed_validation
NA18906	AFR	Y020	ipd_genome	DPB1	2	complete	1	1	1	2	exposed_validation
NA18906	AFR	Y020	T1K	DPB1	4	complete	1	1	1	2	exposed_validation
NA18906	AFR	Y020	ipd_genome	DPB1	4	complete	1	1	1	2	exposed_validation
NA18906	AFR	Y020	T1K	DQA1	2	complete	1	1	1	2	exposed_validation
NA18906	AFR	Y020	ipd_genome	DQA1	2	complete	1	1	1	2	exposed_validation
NA18906	AFR	Y020	T1K	DQA1	4	complete	1	1	0	0	exposed_validation
NA18906	AFR	Y020	ipd_genome	DQA1	4	complete	1	1	0	0	exposed_validation
NA18906	AFR	Y020	T1K	DQB1	2	complete	1	1	1	2	exposed_validation
NA18906	AFR	Y020	ipd_genome	DQB1	2	complete	1	1	1	2	exposed_validation
NA18906	AFR	Y020	T1K	DQB1	4	complete	1	1	0	1	exposed_validation
NA18906	AFR	Y020	ipd_genome	DQB1	4	complete	1	1	1	2	exposed_validation
NA18906	AFR	Y020	T1K	DRB1	2	complete	1	1	1	2	exposed_validation
NA18906	AFR	Y020	ipd_genome	DRB1	2	complete	1	1	1	2	exposed_validation
NA18906	AFR	Y020	T1K	DRB1	4	complete	0	0	0	0	exposed_validation
NA18906	AFR	Y020	ipd_genome	DRB1	4	complete	0	0	0	0	exposed_validation
NA18982	EAS	NA18982	T1K	A	2	complete	1	1	1	2	exposed_validation
NA18982	EAS	NA18982	ipd_genome	A	2	complete	1	1	1	2	exposed_validation
NA18982	EAS	NA18982	T1K	A	4	complete	1	1	1	2	exposed_validation
NA18982	EAS	NA18982	ipd_genome	A	4	complete	1	1	1	2	exposed_validation
NA18982	EAS	NA18982	T1K	B	2	complete	1	1	1	2	exposed_validation
NA18982	EAS	NA18982	ipd_genome	B	2	complete	1	1	1	2	exposed_validation
NA18982	EAS	NA18982	T1K	B	4	complete	1	1	0	1	exposed_validation
NA18982	EAS	NA18982	ipd_genome	B	4	complete	1	1	1	2	exposed_validation
NA18982	EAS	NA18982	T1K	C	2	complete	1	1	1	2	exposed_validation
NA18982	EAS	NA18982	ipd_genome	C	2	complete	1	1	1	2	exposed_validation
NA18982	EAS	NA18982	T1K	C	4	complete	1	1	1	2	exposed_validation
NA18982	EAS	NA18982	ipd_genome	C	4	complete	1	1	1	2	exposed_validation
NA18982	EAS	NA18982	T1K	DPA1	2	complete	1	1	1	2	exposed_validation
NA18982	EAS	NA18982	ipd_genome	DPA1	2	complete	1	1	1	2	exposed_validation
NA18982	EAS	NA18982	T1K	DPA1	4	complete	0	0	0	0	exposed_validation
NA18982	EAS	NA18982	ipd_genome	DPA1	4	complete	0	0	0	0	exposed_validation
NA18982	EAS	NA18982	T1K	DPB1	2	complete	1	1	1	2	exposed_validation
NA18982	EAS	NA18982	ipd_genome	DPB1	2	complete	1	1	1	2	exposed_validation
NA18982	EAS	NA18982	T1K	DPB1	4	complete	1	1	0	1	exposed_validation
NA18982	EAS	NA18982	ipd_genome	DPB1	4	complete	1	1	1	2	exposed_validation
NA18982	EAS	NA18982	T1K	DQA1	2	complete	1	1	0	1	exposed_validation
NA18982	EAS	NA18982	ipd_genome	DQA1	2	complete	1	1	1	2	exposed_validation
NA18982	EAS	NA18982	T1K	DQA1	4	complete	1	1	0	1	exposed_validation
NA18982	EAS	NA18982	ipd_genome	DQA1	4	complete	1	1	0	1	exposed_validation
NA18982	EAS	NA18982	T1K	DQB1	2	complete	1	1	1	2	exposed_validation
NA18982	EAS	NA18982	ipd_genome	DQB1	2	complete	1	1	1	2	exposed_validation
NA18982	EAS	NA18982	T1K	DQB1	4	complete	1	1	1	2	exposed_validation
NA18982	EAS	NA18982	ipd_genome	DQB1	4	complete	1	1	1	2	exposed_validation
NA18982	EAS	NA18982	T1K	DRB1	2	complete	1	1	1	2	exposed_validation
NA18982	EAS	NA18982	ipd_genome	DRB1	2	complete	1	1	1	2	exposed_validation
NA18982	EAS	NA18982	T1K	DRB1	4	complete	0	0	0	0	exposed_validation
NA18982	EAS	NA18982	ipd_genome	DRB1	4	complete	0	0	0	0	exposed_validation
NA18983	EAS	NA18983	T1K	A	2	complete	1	1	1	2	exposed_validation
NA18983	EAS	NA18983	ipd_genome	A	2	complete	1	1	1	2	exposed_validation
NA18983	EAS	NA18983	T1K	A	4	complete	1	1	1	2	exposed_validation
NA18983	EAS	NA18983	ipd_genome	A	4	complete	1	1	1	2	exposed_validation
NA18983	EAS	NA18983	T1K	B	2	complete	1	1	1	2	exposed_validation
NA18983	EAS	NA18983	ipd_genome	B	2	complete	1	1	1	2	exposed_validation
NA18983	EAS	NA18983	T1K	B	4	complete	1	1	0	1	exposed_validation
NA18983	EAS	NA18983	ipd_genome	B	4	complete	1	1	1	2	exposed_validation
NA18983	EAS	NA18983	T1K	C	2	complete	1	1	1	2	exposed_validation
NA18983	EAS	NA18983	ipd_genome	C	2	complete	1	1	1	2	exposed_validation
NA18983	EAS	NA18983	T1K	C	4	complete	1	1	0	1	exposed_validation
NA18983	EAS	NA18983	ipd_genome	C	4	complete	1	1	1	2	exposed_validation
NA18983	EAS	NA18983	T1K	DPA1	2	complete	1	1	1	2	exposed_validation
NA18983	EAS	NA18983	ipd_genome	DPA1	2	complete	1	1	1	2	exposed_validation
NA18983	EAS	NA18983	T1K	DPA1	4	complete	0	0	0	0	exposed_validation
NA18983	EAS	NA18983	ipd_genome	DPA1	4	complete	0	0	0	0	exposed_validation
NA18983	EAS	NA18983	T1K	DPB1	2	complete	1	1	1	2	exposed_validation
NA18983	EAS	NA18983	ipd_genome	DPB1	2	complete	1	1	1	2	exposed_validation
NA18983	EAS	NA18983	T1K	DPB1	4	complete	1	1	0	1	exposed_validation
NA18983	EAS	NA18983	ipd_genome	DPB1	4	complete	1	1	1	2	exposed_validation
NA18983	EAS	NA18983	T1K	DQA1	2	complete	1	1	0	1	exposed_validation
NA18983	EAS	NA18983	ipd_genome	DQA1	2	complete	1	1	1	2	exposed_validation
NA18983	EAS	NA18983	T1K	DQA1	4	complete	1	1	0	1	exposed_validation
NA18983	EAS	NA18983	ipd_genome	DQA1	4	complete	1	1	0	1	exposed_validation
NA18983	EAS	NA18983	T1K	DQB1	2	complete	1	1	1	2	exposed_validation
NA18983	EAS	NA18983	ipd_genome	DQB1	2	complete	1	1	1	2	exposed_validation
NA18983	EAS	NA18983	T1K	DQB1	4	complete	1	1	0	1	exposed_validation
NA18983	EAS	NA18983	ipd_genome	DQB1	4	complete	1	1	1	2	exposed_validation
NA18983	EAS	NA18983	T1K	DRB1	2	complete	1	1	1	2	exposed_validation
NA18983	EAS	NA18983	ipd_genome	DRB1	2	complete	1	1	1	2	exposed_validation
NA18983	EAS	NA18983	T1K	DRB1	4	complete	0	0	0	0	exposed_validation
NA18983	EAS	NA18983	ipd_genome	DRB1	4	complete	0	0	0	0	exposed_validation
NA19043	AFR	NA19043	T1K	A	2	complete	1	1	1	2	exposed_validation
NA19043	AFR	NA19043	ipd_genome	A	2	complete	1	1	1	2	exposed_validation
NA19043	AFR	NA19043	T1K	A	4	complete	1	1	1	2	exposed_validation
NA19043	AFR	NA19043	ipd_genome	A	4	complete	1	1	1	2	exposed_validation
NA19043	AFR	NA19043	T1K	B	2	complete	1	1	1	2	exposed_validation
NA19043	AFR	NA19043	ipd_genome	B	2	complete	1	1	1	2	exposed_validation
NA19043	AFR	NA19043	T1K	B	4	complete	0	0	0	0	exposed_validation
NA19043	AFR	NA19043	ipd_genome	B	4	complete	0	0	0	0	exposed_validation
NA19043	AFR	NA19043	T1K	C	2	complete	1	1	1	2	exposed_validation
NA19043	AFR	NA19043	ipd_genome	C	2	complete	1	1	1	2	exposed_validation
NA19043	AFR	NA19043	T1K	C	4	complete	1	1	1	2	exposed_validation
NA19043	AFR	NA19043	ipd_genome	C	4	complete	1	1	1	2	exposed_validation
NA19043	AFR	NA19043	T1K	DPA1	2	complete	1	1	1	2	exposed_validation
NA19043	AFR	NA19043	ipd_genome	DPA1	2	complete	1	1	1	2	exposed_validation
NA19043	AFR	NA19043	T1K	DPA1	4	complete	0	0	0	0	exposed_validation
NA19043	AFR	NA19043	ipd_genome	DPA1	4	complete	0	0	0	0	exposed_validation
NA19043	AFR	NA19043	T1K	DPB1	2	complete	1	1	1	2	exposed_validation
NA19043	AFR	NA19043	ipd_genome	DPB1	2	complete	1	1	1	2	exposed_validation
NA19043	AFR	NA19043	T1K	DPB1	4	complete	1	1	0	0	exposed_validation
NA19043	AFR	NA19043	ipd_genome	DPB1	4	complete	1	1	1	2	exposed_validation
NA19043	AFR	NA19043	T1K	DQA1	2	complete	1	1	1	2	exposed_validation
NA19043	AFR	NA19043	ipd_genome	DQA1	2	complete	1	1	1	2	exposed_validation
NA19043	AFR	NA19043	T1K	DQA1	4	complete	1	1	0	0	exposed_validation
NA19043	AFR	NA19043	ipd_genome	DQA1	4	complete	1	1	0	1	exposed_validation
NA19043	AFR	NA19043	T1K	DQB1	2	complete	1	1	1	2	exposed_validation
NA19043	AFR	NA19043	ipd_genome	DQB1	2	complete	1	1	1	2	exposed_validation
NA19043	AFR	NA19043	T1K	DQB1	4	complete	1	1	0	0	exposed_validation
NA19043	AFR	NA19043	ipd_genome	DQB1	4	complete	1	1	0	1	exposed_validation
NA19043	AFR	NA19043	T1K	DRB1	2	complete	1	1	1	2	exposed_validation
NA19043	AFR	NA19043	ipd_genome	DRB1	2	complete	1	1	1	2	exposed_validation
NA19043	AFR	NA19043	T1K	DRB1	4	complete	1	1	1	2	exposed_validation
NA19043	AFR	NA19043	ipd_genome	DRB1	4	complete	1	1	1	2	exposed_validation
NA20827	EUR	NA20827	T1K	A	2	complete	1	1	1	2	exposed_validation
NA20827	EUR	NA20827	ipd_genome	A	2	complete	1	1	1	2	exposed_validation
NA20827	EUR	NA20827	T1K	A	4	complete	1	1	1	2	exposed_validation
NA20827	EUR	NA20827	ipd_genome	A	4	complete	1	1	1	2	exposed_validation
NA20827	EUR	NA20827	T1K	B	2	complete	1	1	1	2	exposed_validation
NA20827	EUR	NA20827	ipd_genome	B	2	complete	1	1	1	2	exposed_validation
NA20827	EUR	NA20827	T1K	B	4	complete	0	0	0	0	exposed_validation
NA20827	EUR	NA20827	ipd_genome	B	4	complete	0	0	0	0	exposed_validation
NA20827	EUR	NA20827	T1K	C	2	complete	1	1	1	2	exposed_validation
NA20827	EUR	NA20827	ipd_genome	C	2	complete	1	1	1	2	exposed_validation
NA20827	EUR	NA20827	T1K	C	4	complete	0	0	0	0	exposed_validation
NA20827	EUR	NA20827	ipd_genome	C	4	complete	0	0	0	0	exposed_validation
NA20827	EUR	NA20827	T1K	DPA1	2	complete	1	1	1	2	exposed_validation
NA20827	EUR	NA20827	ipd_genome	DPA1	2	complete	1	1	1	2	exposed_validation
NA20827	EUR	NA20827	T1K	DPA1	4	complete	0	0	0	0	exposed_validation
NA20827	EUR	NA20827	ipd_genome	DPA1	4	complete	0	0	0	0	exposed_validation
NA20827	EUR	NA20827	T1K	DPB1	2	complete	1	1	1	2	exposed_validation
NA20827	EUR	NA20827	ipd_genome	DPB1	2	complete	1	1	1	2	exposed_validation
NA20827	EUR	NA20827	T1K	DPB1	4	complete	1	1	1	2	exposed_validation
NA20827	EUR	NA20827	ipd_genome	DPB1	4	complete	1	1	1	2	exposed_validation
NA20827	EUR	NA20827	T1K	DQA1	2	complete	1	1	1	2	exposed_validation
NA20827	EUR	NA20827	ipd_genome	DQA1	2	complete	1	1	1	2	exposed_validation
NA20827	EUR	NA20827	T1K	DQA1	4	complete	1	1	1	2	exposed_validation
NA20827	EUR	NA20827	ipd_genome	DQA1	4	complete	1	0	0	1	exposed_validation
NA20827	EUR	NA20827	T1K	DQB1	2	complete	1	1	1	2	exposed_validation
NA20827	EUR	NA20827	ipd_genome	DQB1	2	complete	1	1	1	2	exposed_validation
NA20827	EUR	NA20827	T1K	DQB1	4	complete	1	1	1	2	exposed_validation
NA20827	EUR	NA20827	ipd_genome	DQB1	4	complete	1	1	1	2	exposed_validation
NA20827	EUR	NA20827	T1K	DRB1	2	complete	1	1	1	2	exposed_validation
NA20827	EUR	NA20827	ipd_genome	DRB1	2	complete	1	1	1	2	exposed_validation
NA20827	EUR	NA20827	T1K	DRB1	4	complete	1	1	1	2	exposed_validation
NA20827	EUR	NA20827	ipd_genome	DRB1	4	complete	1	1	0	1	exposed_validation
NA20850	SAS	NA20850	T1K	A	2	complete	1	1	1	2	exposed_validation
NA20850	SAS	NA20850	ipd_genome	A	2	complete	1	1	1	2	exposed_validation
NA20850	SAS	NA20850	T1K	A	4	complete	1	1	1	2	exposed_validation
NA20850	SAS	NA20850	ipd_genome	A	4	complete	1	1	1	2	exposed_validation
NA20850	SAS	NA20850	T1K	B	2	complete	1	1	1	2	exposed_validation
NA20850	SAS	NA20850	ipd_genome	B	2	complete	1	1	1	2	exposed_validation
NA20850	SAS	NA20850	T1K	B	4	complete	0	0	0	0	exposed_validation
NA20850	SAS	NA20850	ipd_genome	B	4	complete	0	0	0	0	exposed_validation
NA20850	SAS	NA20850	T1K	C	2	complete	1	1	1	2	exposed_validation
NA20850	SAS	NA20850	ipd_genome	C	2	complete	1	1	1	2	exposed_validation
NA20850	SAS	NA20850	T1K	C	4	complete	1	1	0	1	exposed_validation
NA20850	SAS	NA20850	ipd_genome	C	4	complete	1	1	1	2	exposed_validation
NA20850	SAS	NA20850	T1K	DPA1	2	complete	1	1	1	2	exposed_validation
NA20850	SAS	NA20850	ipd_genome	DPA1	2	complete	1	1	1	2	exposed_validation
NA20850	SAS	NA20850	T1K	DPA1	4	complete	0	0	0	0	exposed_validation
NA20850	SAS	NA20850	ipd_genome	DPA1	4	complete	0	0	0	0	exposed_validation
NA20850	SAS	NA20850	T1K	DPB1	2	complete	1	1	1	2	exposed_validation
NA20850	SAS	NA20850	ipd_genome	DPB1	2	complete	1	1	1	2	exposed_validation
NA20850	SAS	NA20850	T1K	DPB1	4	complete	1	1	0	1	exposed_validation
NA20850	SAS	NA20850	ipd_genome	DPB1	4	complete	1	1	1	2	exposed_validation
NA20850	SAS	NA20850	T1K	DQA1	2	complete	1	1	1	2	exposed_validation
NA20850	SAS	NA20850	ipd_genome	DQA1	2	complete	1	1	1	2	exposed_validation
NA20850	SAS	NA20850	T1K	DQA1	4	complete	0	0	0	0	exposed_validation
NA20850	SAS	NA20850	ipd_genome	DQA1	4	complete	0	0	0	0	exposed_validation
NA20850	SAS	NA20850	T1K	DQB1	2	complete	1	1	1	2	exposed_validation
NA20850	SAS	NA20850	ipd_genome	DQB1	2	complete	1	1	1	2	exposed_validation
NA20850	SAS	NA20850	T1K	DQB1	4	complete	1	1	1	2	exposed_validation
NA20850	SAS	NA20850	ipd_genome	DQB1	4	complete	1	1	1	2	exposed_validation
NA20850	SAS	NA20850	T1K	DRB1	2	complete	1	1	1	2	exposed_validation
NA20850	SAS	NA20850	ipd_genome	DRB1	2	complete	1	1	1	2	exposed_validation
NA20850	SAS	NA20850	T1K	DRB1	4	complete	0	0	0	0	exposed_validation
NA20850	SAS	NA20850	ipd_genome	DRB1	4	complete	0	0	0	0	exposed_validation
NA20870	SAS	NA20870	T1K	A	2	complete	1	1	1	2	exposed_validation
NA20870	SAS	NA20870	ipd_genome	A	2	complete	1	1	1	2	exposed_validation
NA20870	SAS	NA20870	T1K	A	4	complete	1	1	1	2	exposed_validation
NA20870	SAS	NA20870	ipd_genome	A	4	complete	1	1	1	2	exposed_validation
NA20870	SAS	NA20870	T1K	B	2	complete	1	1	1	2	exposed_validation
NA20870	SAS	NA20870	ipd_genome	B	2	complete	1	1	1	2	exposed_validation
NA20870	SAS	NA20870	T1K	B	4	complete	0	0	0	0	exposed_validation
NA20870	SAS	NA20870	ipd_genome	B	4	complete	0	0	0	0	exposed_validation
NA20870	SAS	NA20870	T1K	C	2	complete	1	1	1	2	exposed_validation
NA20870	SAS	NA20870	ipd_genome	C	2	complete	1	1	1	2	exposed_validation
NA20870	SAS	NA20870	T1K	C	4	complete	0	0	0	0	exposed_validation
NA20870	SAS	NA20870	ipd_genome	C	4	complete	0	0	0	0	exposed_validation
NA20870	SAS	NA20870	T1K	DPA1	2	complete	1	1	1	2	exposed_validation
NA20870	SAS	NA20870	ipd_genome	DPA1	2	complete	1	1	1	2	exposed_validation
NA20870	SAS	NA20870	T1K	DPA1	4	complete	1	1	0	0	exposed_validation
NA20870	SAS	NA20870	ipd_genome	DPA1	4	complete	1	1	1	2	exposed_validation
NA20870	SAS	NA20870	T1K	DPB1	2	complete	1	1	1	2	exposed_validation
NA20870	SAS	NA20870	ipd_genome	DPB1	2	complete	1	1	1	2	exposed_validation
NA20870	SAS	NA20870	T1K	DPB1	4	complete	1	1	0	0	exposed_validation
NA20870	SAS	NA20870	ipd_genome	DPB1	4	complete	1	1	1	2	exposed_validation
NA20870	SAS	NA20870	T1K	DQA1	2	complete	1	1	1	2	exposed_validation
NA20870	SAS	NA20870	ipd_genome	DQA1	2	complete	1	1	1	2	exposed_validation
NA20870	SAS	NA20870	T1K	DQA1	4	complete	0	0	0	0	exposed_validation
NA20870	SAS	NA20870	ipd_genome	DQA1	4	complete	0	0	0	0	exposed_validation
NA20870	SAS	NA20870	T1K	DQB1	2	complete	1	1	1	2	exposed_validation
NA20870	SAS	NA20870	ipd_genome	DQB1	2	complete	1	1	1	2	exposed_validation
NA20870	SAS	NA20870	T1K	DQB1	4	complete	1	1	1	2	exposed_validation
NA20870	SAS	NA20870	ipd_genome	DQB1	4	complete	1	1	1	2	exposed_validation
NA20870	SAS	NA20870	T1K	DRB1	2	complete	1	1	1	2	exposed_validation
NA20870	SAS	NA20870	ipd_genome	DRB1	2	complete	1	1	1	2	exposed_validation
NA20870	SAS	NA20870	T1K	DRB1	4	complete	1	1	1	2	exposed_validation
NA20870	SAS	NA20870	ipd_genome	DRB1	4	complete	1	1	0	1	exposed_validation
NA21102	SAS	NA21102	T1K	A	2	complete	1	1	1	2	exposed_validation
NA21102	SAS	NA21102	ipd_genome	A	2	complete	1	1	1	2	exposed_validation
NA21102	SAS	NA21102	T1K	A	4	complete	1	1	1	2	exposed_validation
NA21102	SAS	NA21102	ipd_genome	A	4	complete	1	1	1	2	exposed_validation
NA21102	SAS	NA21102	T1K	B	2	complete	1	1	1	2	exposed_validation
NA21102	SAS	NA21102	ipd_genome	B	2	complete	1	1	1	2	exposed_validation
NA21102	SAS	NA21102	T1K	B	4	complete	0	0	0	0	exposed_validation
NA21102	SAS	NA21102	ipd_genome	B	4	complete	0	0	0	0	exposed_validation
NA21102	SAS	NA21102	T1K	C	2	complete	1	1	1	2	exposed_validation
NA21102	SAS	NA21102	ipd_genome	C	2	complete	1	1	1	2	exposed_validation
NA21102	SAS	NA21102	T1K	C	4	complete	1	1	1	2	exposed_validation
NA21102	SAS	NA21102	ipd_genome	C	4	complete	1	1	1	2	exposed_validation
NA21102	SAS	NA21102	T1K	DPA1	2	complete	1	1	1	2	exposed_validation
NA21102	SAS	NA21102	ipd_genome	DPA1	2	complete	1	1	1	2	exposed_validation
NA21102	SAS	NA21102	T1K	DPA1	4	complete	0	0	0	0	exposed_validation
NA21102	SAS	NA21102	ipd_genome	DPA1	4	complete	0	0	0	0	exposed_validation
NA21102	SAS	NA21102	T1K	DPB1	2	complete	1	1	1	2	exposed_validation
NA21102	SAS	NA21102	ipd_genome	DPB1	2	complete	1	1	1	2	exposed_validation
NA21102	SAS	NA21102	T1K	DPB1	4	complete	1	1	1	2	exposed_validation
NA21102	SAS	NA21102	ipd_genome	DPB1	4	complete	1	1	1	2	exposed_validation
NA21102	SAS	NA21102	T1K	DQA1	2	complete	1	1	1	2	exposed_validation
NA21102	SAS	NA21102	ipd_genome	DQA1	2	complete	1	1	1	2	exposed_validation
NA21102	SAS	NA21102	T1K	DQA1	4	complete	0	0	0	0	exposed_validation
NA21102	SAS	NA21102	ipd_genome	DQA1	4	complete	0	0	0	0	exposed_validation
NA21102	SAS	NA21102	T1K	DQB1	2	complete	1	1	1	2	exposed_validation
NA21102	SAS	NA21102	ipd_genome	DQB1	2	complete	1	1	1	2	exposed_validation
NA21102	SAS	NA21102	T1K	DQB1	4	complete	1	1	0	1	exposed_validation
NA21102	SAS	NA21102	ipd_genome	DQB1	4	complete	1	1	1	2	exposed_validation
NA21102	SAS	NA21102	T1K	DRB1	2	complete	1	1	1	2	exposed_validation
NA21102	SAS	NA21102	ipd_genome	DRB1	2	complete	1	1	1	2	exposed_validation
NA21102	SAS	NA21102	T1K	DRB1	4	complete	1	1	1	2	exposed_validation
NA21102	SAS	NA21102	ipd_genome	DRB1	4	complete	1	1	1	2	exposed_validation
NA21110	SAS	NA21110	T1K	A	2	complete	1	1	1	2	exposed_validation
NA21110	SAS	NA21110	ipd_genome	A	2	complete	1	1	1	2	exposed_validation
NA21110	SAS	NA21110	T1K	A	4	complete	1	1	1	2	exposed_validation
NA21110	SAS	NA21110	ipd_genome	A	4	complete	1	1	1	2	exposed_validation
NA21110	SAS	NA21110	T1K	B	2	complete	1	1	1	2	exposed_validation
NA21110	SAS	NA21110	ipd_genome	B	2	complete	1	1	1	2	exposed_validation
NA21110	SAS	NA21110	T1K	B	4	complete	1	1	0	0	exposed_validation
NA21110	SAS	NA21110	ipd_genome	B	4	complete	1	1	1	2	exposed_validation
NA21110	SAS	NA21110	T1K	C	2	complete	1	1	1	2	exposed_validation
NA21110	SAS	NA21110	ipd_genome	C	2	complete	1	1	1	2	exposed_validation
NA21110	SAS	NA21110	T1K	C	4	complete	0	0	0	0	exposed_validation
NA21110	SAS	NA21110	ipd_genome	C	4	complete	0	0	0	0	exposed_validation
NA21110	SAS	NA21110	T1K	DPA1	2	complete	1	1	1	2	exposed_validation
NA21110	SAS	NA21110	ipd_genome	DPA1	2	complete	1	1	1	2	exposed_validation
NA21110	SAS	NA21110	T1K	DPA1	4	complete	1	1	0	1	exposed_validation
NA21110	SAS	NA21110	ipd_genome	DPA1	4	complete	1	1	1	2	exposed_validation
NA21110	SAS	NA21110	T1K	DPB1	2	complete	1	1	1	2	exposed_validation
NA21110	SAS	NA21110	ipd_genome	DPB1	2	complete	1	1	1	2	exposed_validation
NA21110	SAS	NA21110	T1K	DPB1	4	complete	1	1	0	0	exposed_validation
NA21110	SAS	NA21110	ipd_genome	DPB1	4	complete	1	1	1	2	exposed_validation
NA21110	SAS	NA21110	T1K	DQA1	2	complete	1	1	1	2	exposed_validation
NA21110	SAS	NA21110	ipd_genome	DQA1	2	complete	1	1	1	2	exposed_validation
NA21110	SAS	NA21110	T1K	DQA1	4	complete	0	0	0	0	exposed_validation
NA21110	SAS	NA21110	ipd_genome	DQA1	4	complete	0	0	0	0	exposed_validation
NA21110	SAS	NA21110	T1K	DQB1	2	complete	1	1	1	2	exposed_validation
NA21110	SAS	NA21110	ipd_genome	DQB1	2	complete	1	1	1	2	exposed_validation
NA21110	SAS	NA21110	T1K	DQB1	4	complete	1	1	1	2	exposed_validation
NA21110	SAS	NA21110	ipd_genome	DQB1	4	complete	1	1	1	2	exposed_validation
NA21110	SAS	NA21110	T1K	DRB1	2	complete	1	1	1	2	exposed_validation
NA21110	SAS	NA21110	ipd_genome	DRB1	2	complete	1	1	1	2	exposed_validation
NA21110	SAS	NA21110	T1K	DRB1	4	complete	0	0	0	0	exposed_validation
NA21110	SAS	NA21110	ipd_genome	DRB1	4	complete	0	0	0	0	exposed_validation
HG00290	EUR	HG00290	alignment_only_hprc	A	2	complete	1	1	1	2	exposed_validation
HG00290	EUR	HG00290	alignment_only_hprc	A	4	complete	1	1	1	2	exposed_validation
HG00290	EUR	HG00290	alignment_only_hprc	B	2	complete	1	1	1	2	exposed_validation
HG00290	EUR	HG00290	alignment_only_hprc	B	4	complete	1	1	1	2	exposed_validation
HG00290	EUR	HG00290	alignment_only_hprc	C	2	complete	1	1	1	2	exposed_validation
HG00290	EUR	HG00290	alignment_only_hprc	C	4	complete	1	1	1	2	exposed_validation
HG00290	EUR	HG00290	alignment_only_hprc	DPA1	2	complete	1	1	1	2	exposed_validation
HG00290	EUR	HG00290	alignment_only_hprc	DPA1	4	complete	1	1	1	2	exposed_validation
HG00290	EUR	HG00290	alignment_only_hprc	DPB1	2	complete	1	1	1	2	exposed_validation
HG00290	EUR	HG00290	alignment_only_hprc	DPB1	4	complete	1	1	1	2	exposed_validation
HG00290	EUR	HG00290	alignment_only_hprc	DQA1	2	complete	1	1	1	2	exposed_validation
HG00290	EUR	HG00290	alignment_only_hprc	DQA1	4	complete	1	1	0	1	exposed_validation
HG00290	EUR	HG00290	alignment_only_hprc	DQB1	2	complete	1	1	1	2	exposed_validation
HG00290	EUR	HG00290	alignment_only_hprc	DQB1	4	complete	1	1	1	2	exposed_validation
HG00290	EUR	HG00290	alignment_only_hprc	DRB1	2	complete	1	1	1	2	exposed_validation
HG00290	EUR	HG00290	alignment_only_hprc	DRB1	4	complete	0	0	0	0	exposed_validation
HG00290	EUR	HG00290	alignment_only_hprc_asian	A	2	complete	1	1	1	2	exposed_validation
HG00290	EUR	HG00290	alignment_only_hprc_asian	A	4	complete	1	1	1	2	exposed_validation
HG00290	EUR	HG00290	alignment_only_hprc_asian	B	2	complete	1	1	1	2	exposed_validation
HG00290	EUR	HG00290	alignment_only_hprc_asian	B	4	complete	1	1	1	2	exposed_validation
HG00290	EUR	HG00290	alignment_only_hprc_asian	C	2	complete	1	1	1	2	exposed_validation
HG00290	EUR	HG00290	alignment_only_hprc_asian	C	4	complete	1	1	1	2	exposed_validation
HG00290	EUR	HG00290	alignment_only_hprc_asian	DPA1	2	complete	1	1	1	2	exposed_validation
HG00290	EUR	HG00290	alignment_only_hprc_asian	DPA1	4	complete	1	1	1	2	exposed_validation
HG00290	EUR	HG00290	alignment_only_hprc_asian	DPB1	2	complete	1	1	1	2	exposed_validation
HG00290	EUR	HG00290	alignment_only_hprc_asian	DPB1	4	complete	1	1	1	2	exposed_validation
HG00290	EUR	HG00290	alignment_only_hprc_asian	DQA1	2	complete	1	1	1	2	exposed_validation
HG00290	EUR	HG00290	alignment_only_hprc_asian	DQA1	4	complete	1	1	0	1	exposed_validation
HG00290	EUR	HG00290	alignment_only_hprc_asian	DQB1	2	complete	1	1	1	2	exposed_validation
HG00290	EUR	HG00290	alignment_only_hprc_asian	DQB1	4	complete	1	1	1	2	exposed_validation
HG00290	EUR	HG00290	alignment_only_hprc_asian	DRB1	2	complete	1	1	1	2	exposed_validation
HG00290	EUR	HG00290	alignment_only_hprc_asian	DRB1	4	complete	0	0	0	0	exposed_validation
HG01433	AMR	CLM43	alignment_only_hprc	A	2	complete	1	1	1	2	exposed_validation
HG01433	AMR	CLM43	alignment_only_hprc	A	4	complete	1	1	1	2	exposed_validation
HG01433	AMR	CLM43	alignment_only_hprc	B	2	complete	1	1	1	2	exposed_validation
HG01433	AMR	CLM43	alignment_only_hprc	B	4	complete	0	0	0	0	exposed_validation
HG01433	AMR	CLM43	alignment_only_hprc	C	2	complete	1	1	1	2	exposed_validation
HG01433	AMR	CLM43	alignment_only_hprc	C	4	complete	1	1	1	2	exposed_validation
HG01433	AMR	CLM43	alignment_only_hprc	DPA1	2	complete	1	1	1	2	exposed_validation
HG01433	AMR	CLM43	alignment_only_hprc	DPA1	4	complete	1	1	1	2	exposed_validation
HG01433	AMR	CLM43	alignment_only_hprc	DPB1	2	complete	1	1	0	1	exposed_validation
HG01433	AMR	CLM43	alignment_only_hprc	DPB1	4	complete	1	0	0	1	exposed_validation
HG01433	AMR	CLM43	alignment_only_hprc	DQA1	2	complete	1	1	1	2	exposed_validation
HG01433	AMR	CLM43	alignment_only_hprc	DQA1	4	complete	1	1	1	2	exposed_validation
HG01433	AMR	CLM43	alignment_only_hprc	DQB1	2	complete	1	1	1	2	exposed_validation
HG01433	AMR	CLM43	alignment_only_hprc	DQB1	4	complete	1	1	1	2	exposed_validation
HG01433	AMR	CLM43	alignment_only_hprc	DRB1	2	complete	1	1	1	2	exposed_validation
HG01433	AMR	CLM43	alignment_only_hprc	DRB1	4	complete	0	0	0	0	exposed_validation
HG01433	AMR	CLM43	alignment_only_hprc_asian	A	2	complete	1	1	1	2	exposed_validation
HG01433	AMR	CLM43	alignment_only_hprc_asian	A	4	complete	1	1	1	2	exposed_validation
HG01433	AMR	CLM43	alignment_only_hprc_asian	B	2	complete	1	1	1	2	exposed_validation
HG01433	AMR	CLM43	alignment_only_hprc_asian	B	4	complete	0	0	0	0	exposed_validation
HG01433	AMR	CLM43	alignment_only_hprc_asian	C	2	complete	1	1	1	2	exposed_validation
HG01433	AMR	CLM43	alignment_only_hprc_asian	C	4	complete	1	1	1	2	exposed_validation
HG01433	AMR	CLM43	alignment_only_hprc_asian	DPA1	2	complete	1	1	1	2	exposed_validation
HG01433	AMR	CLM43	alignment_only_hprc_asian	DPA1	4	complete	1	1	1	2	exposed_validation
HG01433	AMR	CLM43	alignment_only_hprc_asian	DPB1	2	complete	1	1	0	1	exposed_validation
HG01433	AMR	CLM43	alignment_only_hprc_asian	DPB1	4	complete	1	0	0	1	exposed_validation
HG01433	AMR	CLM43	alignment_only_hprc_asian	DQA1	2	complete	1	1	1	2	exposed_validation
HG01433	AMR	CLM43	alignment_only_hprc_asian	DQA1	4	complete	1	1	1	2	exposed_validation
HG01433	AMR	CLM43	alignment_only_hprc_asian	DQB1	2	complete	1	1	1	2	exposed_validation
HG01433	AMR	CLM43	alignment_only_hprc_asian	DQB1	4	complete	1	1	1	2	exposed_validation
HG01433	AMR	CLM43	alignment_only_hprc_asian	DRB1	2	complete	1	1	1	2	exposed_validation
HG01433	AMR	CLM43	alignment_only_hprc_asian	DRB1	4	complete	0	0	0	0	exposed_validation
HG01884	AFR	BB03	alignment_only_hprc	A	2	complete	1	1	1	2	exposed_validation
HG01884	AFR	BB03	alignment_only_hprc	A	4	complete	1	1	1	2	exposed_validation
HG01884	AFR	BB03	alignment_only_hprc	B	2	complete	1	1	1	2	exposed_validation
HG01884	AFR	BB03	alignment_only_hprc	B	4	complete	0	0	0	0	exposed_validation
HG01884	AFR	BB03	alignment_only_hprc	C	2	complete	1	1	1	2	exposed_validation
HG01884	AFR	BB03	alignment_only_hprc	C	4	complete	0	0	0	0	exposed_validation
HG01884	AFR	BB03	alignment_only_hprc	DPA1	2	complete	1	1	1	2	exposed_validation
HG01884	AFR	BB03	alignment_only_hprc	DPA1	4	complete	1	1	1	2	exposed_validation
HG01884	AFR	BB03	alignment_only_hprc	DPB1	2	complete	1	1	1	2	exposed_validation
HG01884	AFR	BB03	alignment_only_hprc	DPB1	4	complete	0	0	0	0	exposed_validation
HG01884	AFR	BB03	alignment_only_hprc	DQA1	2	complete	1	1	1	2	exposed_validation
HG01884	AFR	BB03	alignment_only_hprc	DQA1	4	complete	0	0	0	0	exposed_validation
HG01884	AFR	BB03	alignment_only_hprc	DQB1	2	complete	1	1	1	2	exposed_validation
HG01884	AFR	BB03	alignment_only_hprc	DQB1	4	complete	1	1	1	2	exposed_validation
HG01884	AFR	BB03	alignment_only_hprc	DRB1	2	complete	1	1	0	1	exposed_validation
HG01884	AFR	BB03	alignment_only_hprc	DRB1	4	complete	0	0	0	0	exposed_validation
HG01884	AFR	BB03	alignment_only_hprc_asian	A	2	complete	1	1	1	2	exposed_validation
HG01884	AFR	BB03	alignment_only_hprc_asian	A	4	complete	1	1	1	2	exposed_validation
HG01884	AFR	BB03	alignment_only_hprc_asian	B	2	complete	1	1	1	2	exposed_validation
HG01884	AFR	BB03	alignment_only_hprc_asian	B	4	complete	0	0	0	0	exposed_validation
HG01884	AFR	BB03	alignment_only_hprc_asian	C	2	complete	1	1	1	2	exposed_validation
HG01884	AFR	BB03	alignment_only_hprc_asian	C	4	complete	0	0	0	0	exposed_validation
HG01884	AFR	BB03	alignment_only_hprc_asian	DPA1	2	complete	1	1	1	2	exposed_validation
HG01884	AFR	BB03	alignment_only_hprc_asian	DPA1	4	complete	1	1	1	2	exposed_validation
HG01884	AFR	BB03	alignment_only_hprc_asian	DPB1	2	complete	1	1	1	2	exposed_validation
HG01884	AFR	BB03	alignment_only_hprc_asian	DPB1	4	complete	0	0	0	0	exposed_validation
HG01884	AFR	BB03	alignment_only_hprc_asian	DQA1	2	complete	1	1	1	2	exposed_validation
HG01884	AFR	BB03	alignment_only_hprc_asian	DQA1	4	complete	0	0	0	0	exposed_validation
HG01884	AFR	BB03	alignment_only_hprc_asian	DQB1	2	complete	1	1	1	2	exposed_validation
HG01884	AFR	BB03	alignment_only_hprc_asian	DQB1	4	complete	1	1	1	2	exposed_validation
HG01884	AFR	BB03	alignment_only_hprc_asian	DRB1	2	complete	1	1	0	1	exposed_validation
HG01884	AFR	BB03	alignment_only_hprc_asian	DRB1	4	complete	0	0	0	0	exposed_validation
HG01891	AFR	BB05	alignment_only_hprc	A	2	complete	1	1	1	2	exposed_validation
HG01891	AFR	BB05	alignment_only_hprc	A	4	complete	1	1	1	2	exposed_validation
HG01891	AFR	BB05	alignment_only_hprc	B	2	complete	1	1	1	2	exposed_validation
HG01891	AFR	BB05	alignment_only_hprc	B	4	complete	1	1	0	1	exposed_validation
HG01891	AFR	BB05	alignment_only_hprc	C	2	complete	1	1	1	2	exposed_validation
HG01891	AFR	BB05	alignment_only_hprc	C	4	complete	0	0	0	0	exposed_validation
HG01891	AFR	BB05	alignment_only_hprc	DPA1	2	complete	1	1	1	2	exposed_validation
HG01891	AFR	BB05	alignment_only_hprc	DPA1	4	complete	0	0	0	0	exposed_validation
HG01891	AFR	BB05	alignment_only_hprc	DPB1	2	complete	1	1	1	2	exposed_validation
HG01891	AFR	BB05	alignment_only_hprc	DPB1	4	complete	1	1	1	2	exposed_validation
HG01891	AFR	BB05	alignment_only_hprc	DQA1	2	complete	1	1	1	2	exposed_validation
HG01891	AFR	BB05	alignment_only_hprc	DQA1	4	complete	1	1	0	1	exposed_validation
HG01891	AFR	BB05	alignment_only_hprc	DQB1	2	complete	1	1	1	2	exposed_validation
HG01891	AFR	BB05	alignment_only_hprc	DQB1	4	complete	1	1	1	2	exposed_validation
HG01891	AFR	BB05	alignment_only_hprc	DRB1	2	complete	1	1	1	2	exposed_validation
HG01891	AFR	BB05	alignment_only_hprc	DRB1	4	complete	0	0	0	0	exposed_validation
HG01891	AFR	BB05	alignment_only_hprc_asian	A	2	complete	1	1	1	2	exposed_validation
HG01891	AFR	BB05	alignment_only_hprc_asian	A	4	complete	1	1	1	2	exposed_validation
HG01891	AFR	BB05	alignment_only_hprc_asian	B	2	complete	1	1	1	2	exposed_validation
HG01891	AFR	BB05	alignment_only_hprc_asian	B	4	complete	1	1	0	1	exposed_validation
HG01891	AFR	BB05	alignment_only_hprc_asian	C	2	complete	1	1	1	2	exposed_validation
HG01891	AFR	BB05	alignment_only_hprc_asian	C	4	complete	0	0	0	0	exposed_validation
HG01891	AFR	BB05	alignment_only_hprc_asian	DPA1	2	complete	1	1	1	2	exposed_validation
HG01891	AFR	BB05	alignment_only_hprc_asian	DPA1	4	complete	0	0	0	0	exposed_validation
HG01891	AFR	BB05	alignment_only_hprc_asian	DPB1	2	complete	1	1	1	2	exposed_validation
HG01891	AFR	BB05	alignment_only_hprc_asian	DPB1	4	complete	1	1	1	2	exposed_validation
HG01891	AFR	BB05	alignment_only_hprc_asian	DQA1	2	complete	1	1	1	2	exposed_validation
HG01891	AFR	BB05	alignment_only_hprc_asian	DQA1	4	complete	1	1	0	1	exposed_validation
HG01891	AFR	BB05	alignment_only_hprc_asian	DQB1	2	complete	1	1	1	2	exposed_validation
HG01891	AFR	BB05	alignment_only_hprc_asian	DQB1	4	complete	1	1	1	2	exposed_validation
HG01891	AFR	BB05	alignment_only_hprc_asian	DRB1	2	complete	1	1	1	2	exposed_validation
HG01891	AFR	BB05	alignment_only_hprc_asian	DRB1	4	complete	0	0	0	0	exposed_validation
HG01928	AMR	PEL011	alignment_only_hprc	A	2	complete	1	1	1	2	exposed_validation
HG01928	AMR	PEL011	alignment_only_hprc	A	4	complete	1	1	1	2	exposed_validation
HG01928	AMR	PEL011	alignment_only_hprc	B	2	complete	1	1	1	2	exposed_validation
HG01928	AMR	PEL011	alignment_only_hprc	B	4	complete	0	0	0	0	exposed_validation
HG01928	AMR	PEL011	alignment_only_hprc	C	2	complete	1	1	1	2	exposed_validation
HG01928	AMR	PEL011	alignment_only_hprc	C	4	complete	1	1	1	2	exposed_validation
HG01928	AMR	PEL011	alignment_only_hprc	DPA1	2	complete	1	1	1	2	exposed_validation
HG01928	AMR	PEL011	alignment_only_hprc	DPA1	4	complete	1	1	1	2	exposed_validation
HG01928	AMR	PEL011	alignment_only_hprc	DPB1	2	complete	1	1	1	2	exposed_validation
HG01928	AMR	PEL011	alignment_only_hprc	DPB1	4	complete	1	1	1	2	exposed_validation
HG01928	AMR	PEL011	alignment_only_hprc	DQA1	2	complete	1	1	1	2	exposed_validation
HG01928	AMR	PEL011	alignment_only_hprc	DQA1	4	complete	1	1	1	2	exposed_validation
HG01928	AMR	PEL011	alignment_only_hprc	DQB1	2	complete	1	1	1	2	exposed_validation
HG01928	AMR	PEL011	alignment_only_hprc	DQB1	4	complete	1	1	1	2	exposed_validation
HG01928	AMR	PEL011	alignment_only_hprc	DRB1	2	complete	1	1	0	1	exposed_validation
HG01928	AMR	PEL011	alignment_only_hprc	DRB1	4	complete	0	0	0	0	exposed_validation
HG01928	AMR	PEL011	alignment_only_hprc_asian	A	2	complete	1	1	1	2	exposed_validation
HG01928	AMR	PEL011	alignment_only_hprc_asian	A	4	complete	1	1	1	2	exposed_validation
HG01928	AMR	PEL011	alignment_only_hprc_asian	B	2	complete	1	1	1	2	exposed_validation
HG01928	AMR	PEL011	alignment_only_hprc_asian	B	4	complete	0	0	0	0	exposed_validation
HG01928	AMR	PEL011	alignment_only_hprc_asian	C	2	complete	1	1	1	2	exposed_validation
HG01928	AMR	PEL011	alignment_only_hprc_asian	C	4	complete	1	1	1	2	exposed_validation
HG01928	AMR	PEL011	alignment_only_hprc_asian	DPA1	2	complete	1	1	1	2	exposed_validation
HG01928	AMR	PEL011	alignment_only_hprc_asian	DPA1	4	complete	1	1	1	2	exposed_validation
HG01928	AMR	PEL011	alignment_only_hprc_asian	DPB1	2	complete	1	1	1	2	exposed_validation
HG01928	AMR	PEL011	alignment_only_hprc_asian	DPB1	4	complete	1	1	1	2	exposed_validation
HG01928	AMR	PEL011	alignment_only_hprc_asian	DQA1	2	complete	1	1	1	2	exposed_validation
HG01928	AMR	PEL011	alignment_only_hprc_asian	DQA1	4	complete	1	1	1	2	exposed_validation
HG01928	AMR	PEL011	alignment_only_hprc_asian	DQB1	2	complete	1	1	1	2	exposed_validation
HG01928	AMR	PEL011	alignment_only_hprc_asian	DQB1	4	complete	1	1	1	2	exposed_validation
HG01928	AMR	PEL011	alignment_only_hprc_asian	DRB1	2	complete	1	1	0	1	exposed_validation
HG01928	AMR	PEL011	alignment_only_hprc_asian	DRB1	4	complete	0	0	0	0	exposed_validation
HG01934	AMR	PEL013	alignment_only_hprc	A	2	complete	1	1	1	2	exposed_validation
HG01934	AMR	PEL013	alignment_only_hprc	A	4	complete	0	0	0	0	exposed_validation
HG01934	AMR	PEL013	alignment_only_hprc	B	2	complete	1	1	0	1	exposed_validation
HG01934	AMR	PEL013	alignment_only_hprc	B	4	complete	0	0	0	0	exposed_validation
HG01934	AMR	PEL013	alignment_only_hprc	C	2	complete	1	1	0	1	exposed_validation
HG01934	AMR	PEL013	alignment_only_hprc	C	4	complete	0	0	0	0	exposed_validation
HG01934	AMR	PEL013	alignment_only_hprc	DPA1	2	complete	1	1	1	2	exposed_validation
HG01934	AMR	PEL013	alignment_only_hprc	DPA1	4	complete	0	0	0	0	exposed_validation
HG01934	AMR	PEL013	alignment_only_hprc	DPB1	2	complete	1	1	1	2	exposed_validation
HG01934	AMR	PEL013	alignment_only_hprc	DPB1	4	complete	1	1	1	2	exposed_validation
HG01934	AMR	PEL013	alignment_only_hprc	DQA1	2	complete	1	1	1	2	exposed_validation
HG01934	AMR	PEL013	alignment_only_hprc	DQA1	4	complete	0	0	0	0	exposed_validation
HG01934	AMR	PEL013	alignment_only_hprc	DQB1	2	complete	1	1	1	2	exposed_validation
HG01934	AMR	PEL013	alignment_only_hprc	DQB1	4	complete	1	1	1	2	exposed_validation
HG01934	AMR	PEL013	alignment_only_hprc	DRB1	2	complete	1	1	0	1	exposed_validation
HG01934	AMR	PEL013	alignment_only_hprc	DRB1	4	complete	0	0	0	0	exposed_validation
HG01934	AMR	PEL013	alignment_only_hprc_asian	A	2	complete	1	1	1	2	exposed_validation
HG01934	AMR	PEL013	alignment_only_hprc_asian	A	4	complete	0	0	0	0	exposed_validation
HG01934	AMR	PEL013	alignment_only_hprc_asian	B	2	complete	1	1	0	1	exposed_validation
HG01934	AMR	PEL013	alignment_only_hprc_asian	B	4	complete	0	0	0	0	exposed_validation
HG01934	AMR	PEL013	alignment_only_hprc_asian	C	2	complete	1	1	0	1	exposed_validation
HG01934	AMR	PEL013	alignment_only_hprc_asian	C	4	complete	0	0	0	0	exposed_validation
HG01934	AMR	PEL013	alignment_only_hprc_asian	DPA1	2	complete	1	1	1	2	exposed_validation
HG01934	AMR	PEL013	alignment_only_hprc_asian	DPA1	4	complete	0	0	0	0	exposed_validation
HG01934	AMR	PEL013	alignment_only_hprc_asian	DPB1	2	complete	1	1	1	2	exposed_validation
HG01934	AMR	PEL013	alignment_only_hprc_asian	DPB1	4	complete	1	1	1	2	exposed_validation
HG01934	AMR	PEL013	alignment_only_hprc_asian	DQA1	2	complete	1	1	1	2	exposed_validation
HG01934	AMR	PEL013	alignment_only_hprc_asian	DQA1	4	complete	0	0	0	0	exposed_validation
HG01934	AMR	PEL013	alignment_only_hprc_asian	DQB1	2	complete	1	1	1	2	exposed_validation
HG01934	AMR	PEL013	alignment_only_hprc_asian	DQB1	4	complete	1	1	1	2	exposed_validation
HG01934	AMR	PEL013	alignment_only_hprc_asian	DRB1	2	complete	1	1	0	1	exposed_validation
HG01934	AMR	PEL013	alignment_only_hprc_asian	DRB1	4	complete	0	0	0	0	exposed_validation
HG01940	AMR	PEL015	alignment_only_hprc	A	2	complete	1	1	1	2	exposed_validation
HG01940	AMR	PEL015	alignment_only_hprc	A	4	complete	1	1	1	2	exposed_validation
HG01940	AMR	PEL015	alignment_only_hprc	B	2	complete	1	1	1	2	exposed_validation
HG01940	AMR	PEL015	alignment_only_hprc	B	4	complete	0	0	0	0	exposed_validation
HG01940	AMR	PEL015	alignment_only_hprc	C	2	complete	1	1	1	2	exposed_validation
HG01940	AMR	PEL015	alignment_only_hprc	C	4	complete	1	1	1	2	exposed_validation
HG01940	AMR	PEL015	alignment_only_hprc	DPA1	2	complete	1	1	1	2	exposed_validation
HG01940	AMR	PEL015	alignment_only_hprc	DPA1	4	complete	0	0	0	0	exposed_validation
HG01940	AMR	PEL015	alignment_only_hprc	DPB1	2	complete	1	1	1	2	exposed_validation
HG01940	AMR	PEL015	alignment_only_hprc	DPB1	4	complete	1	1	1	2	exposed_validation
HG01940	AMR	PEL015	alignment_only_hprc	DQA1	2	complete	1	1	1	2	exposed_validation
HG01940	AMR	PEL015	alignment_only_hprc	DQA1	4	complete	0	0	0	0	exposed_validation
HG01940	AMR	PEL015	alignment_only_hprc	DQB1	2	complete	1	1	1	2	exposed_validation
HG01940	AMR	PEL015	alignment_only_hprc	DQB1	4	complete	1	1	1	2	exposed_validation
HG01940	AMR	PEL015	alignment_only_hprc	DRB1	2	complete	1	1	0	1	exposed_validation
HG01940	AMR	PEL015	alignment_only_hprc	DRB1	4	complete	0	0	0	0	exposed_validation
HG01940	AMR	PEL015	alignment_only_hprc_asian	A	2	complete	1	1	1	2	exposed_validation
HG01940	AMR	PEL015	alignment_only_hprc_asian	A	4	complete	1	1	1	2	exposed_validation
HG01940	AMR	PEL015	alignment_only_hprc_asian	B	2	complete	1	1	1	2	exposed_validation
HG01940	AMR	PEL015	alignment_only_hprc_asian	B	4	complete	0	0	0	0	exposed_validation
HG01940	AMR	PEL015	alignment_only_hprc_asian	C	2	complete	1	1	1	2	exposed_validation
HG01940	AMR	PEL015	alignment_only_hprc_asian	C	4	complete	1	1	1	2	exposed_validation
HG01940	AMR	PEL015	alignment_only_hprc_asian	DPA1	2	complete	1	1	1	2	exposed_validation
HG01940	AMR	PEL015	alignment_only_hprc_asian	DPA1	4	complete	0	0	0	0	exposed_validation
HG01940	AMR	PEL015	alignment_only_hprc_asian	DPB1	2	complete	1	1	1	2	exposed_validation
HG01940	AMR	PEL015	alignment_only_hprc_asian	DPB1	4	complete	1	1	1	2	exposed_validation
HG01940	AMR	PEL015	alignment_only_hprc_asian	DQA1	2	complete	1	1	1	2	exposed_validation
HG01940	AMR	PEL015	alignment_only_hprc_asian	DQA1	4	complete	0	0	0	0	exposed_validation
HG01940	AMR	PEL015	alignment_only_hprc_asian	DQB1	2	complete	1	1	1	2	exposed_validation
HG01940	AMR	PEL015	alignment_only_hprc_asian	DQB1	4	complete	1	1	1	2	exposed_validation
HG01940	AMR	PEL015	alignment_only_hprc_asian	DRB1	2	complete	1	1	0	1	exposed_validation
HG01940	AMR	PEL015	alignment_only_hprc_asian	DRB1	4	complete	0	0	0	0	exposed_validation
HG01943	AMR	PEL016	alignment_only_hprc	A	2	complete	1	1	1	2	exposed_validation
HG01943	AMR	PEL016	alignment_only_hprc	A	4	complete	1	1	1	2	exposed_validation
HG01943	AMR	PEL016	alignment_only_hprc	B	2	complete	1	1	1	2	exposed_validation
HG01943	AMR	PEL016	alignment_only_hprc	B	4	complete	0	0	0	0	exposed_validation
HG01943	AMR	PEL016	alignment_only_hprc	C	2	complete	1	1	1	2	exposed_validation
HG01943	AMR	PEL016	alignment_only_hprc	C	4	complete	1	1	1	2	exposed_validation
HG01943	AMR	PEL016	alignment_only_hprc	DPA1	2	complete	1	1	1	2	exposed_validation
HG01943	AMR	PEL016	alignment_only_hprc	DPA1	4	complete	1	1	1	2	exposed_validation
HG01943	AMR	PEL016	alignment_only_hprc	DPB1	2	complete	1	1	1	2	exposed_validation
HG01943	AMR	PEL016	alignment_only_hprc	DPB1	4	complete	0	0	0	0	exposed_validation
HG01943	AMR	PEL016	alignment_only_hprc	DQA1	2	complete	1	1	1	2	exposed_validation
HG01943	AMR	PEL016	alignment_only_hprc	DQA1	4	complete	1	1	1	2	exposed_validation
HG01943	AMR	PEL016	alignment_only_hprc	DQB1	2	complete	1	1	1	2	exposed_validation
HG01943	AMR	PEL016	alignment_only_hprc	DQB1	4	complete	1	1	1	2	exposed_validation
HG01943	AMR	PEL016	alignment_only_hprc	DRB1	2	complete	0	0	0	0	exposed_validation
HG01943	AMR	PEL016	alignment_only_hprc	DRB1	4	complete	0	0	0	0	exposed_validation
HG01943	AMR	PEL016	alignment_only_hprc_asian	A	2	complete	1	1	1	2	exposed_validation
HG01943	AMR	PEL016	alignment_only_hprc_asian	A	4	complete	1	1	1	2	exposed_validation
HG01943	AMR	PEL016	alignment_only_hprc_asian	B	2	complete	1	1	1	2	exposed_validation
HG01943	AMR	PEL016	alignment_only_hprc_asian	B	4	complete	0	0	0	0	exposed_validation
HG01943	AMR	PEL016	alignment_only_hprc_asian	C	2	complete	1	1	1	2	exposed_validation
HG01943	AMR	PEL016	alignment_only_hprc_asian	C	4	complete	1	1	1	2	exposed_validation
HG01943	AMR	PEL016	alignment_only_hprc_asian	DPA1	2	complete	1	1	1	2	exposed_validation
HG01943	AMR	PEL016	alignment_only_hprc_asian	DPA1	4	complete	1	1	1	2	exposed_validation
HG01943	AMR	PEL016	alignment_only_hprc_asian	DPB1	2	complete	1	1	1	2	exposed_validation
HG01943	AMR	PEL016	alignment_only_hprc_asian	DPB1	4	complete	0	0	0	0	exposed_validation
HG01943	AMR	PEL016	alignment_only_hprc_asian	DQA1	2	complete	1	1	1	2	exposed_validation
HG01943	AMR	PEL016	alignment_only_hprc_asian	DQA1	4	complete	1	1	1	2	exposed_validation
HG01943	AMR	PEL016	alignment_only_hprc_asian	DQB1	2	complete	1	1	1	2	exposed_validation
HG01943	AMR	PEL016	alignment_only_hprc_asian	DQB1	4	complete	1	1	1	2	exposed_validation
HG01943	AMR	PEL016	alignment_only_hprc_asian	DRB1	2	complete	0	0	0	0	exposed_validation
HG01943	AMR	PEL016	alignment_only_hprc_asian	DRB1	4	complete	0	0	0	0	exposed_validation
HG01952	AMR	PEL019	alignment_only_hprc	A	2	complete	1	1	1	2	exposed_validation
HG01952	AMR	PEL019	alignment_only_hprc	A	4	complete	0	0	0	0	exposed_validation
HG01952	AMR	PEL019	alignment_only_hprc	B	2	complete	1	1	1	2	exposed_validation
HG01952	AMR	PEL019	alignment_only_hprc	B	4	complete	1	1	1	2	exposed_validation
HG01952	AMR	PEL019	alignment_only_hprc	C	2	complete	1	1	1	2	exposed_validation
HG01952	AMR	PEL019	alignment_only_hprc	C	4	complete	0	0	0	0	exposed_validation
HG01952	AMR	PEL019	alignment_only_hprc	DPA1	2	complete	1	1	1	2	exposed_validation
HG01952	AMR	PEL019	alignment_only_hprc	DPA1	4	complete	0	0	0	0	exposed_validation
HG01952	AMR	PEL019	alignment_only_hprc	DPB1	2	complete	1	1	1	2	exposed_validation
HG01952	AMR	PEL019	alignment_only_hprc	DPB1	4	complete	1	1	1	2	exposed_validation
HG01952	AMR	PEL019	alignment_only_hprc	DQA1	2	complete	1	1	1	2	exposed_validation
HG01952	AMR	PEL019	alignment_only_hprc	DQA1	4	complete	0	0	0	0	exposed_validation
HG01952	AMR	PEL019	alignment_only_hprc	DQB1	2	complete	1	1	1	2	exposed_validation
HG01952	AMR	PEL019	alignment_only_hprc	DQB1	4	complete	1	1	1	2	exposed_validation
HG01952	AMR	PEL019	alignment_only_hprc	DRB1	2	complete	1	1	0	1	exposed_validation
HG01952	AMR	PEL019	alignment_only_hprc	DRB1	4	complete	0	0	0	0	exposed_validation
HG01952	AMR	PEL019	alignment_only_hprc_asian	A	2	complete	1	1	1	2	exposed_validation
HG01952	AMR	PEL019	alignment_only_hprc_asian	A	4	complete	0	0	0	0	exposed_validation
HG01952	AMR	PEL019	alignment_only_hprc_asian	B	2	complete	1	1	1	2	exposed_validation
HG01952	AMR	PEL019	alignment_only_hprc_asian	B	4	complete	1	1	1	2	exposed_validation
HG01952	AMR	PEL019	alignment_only_hprc_asian	C	2	complete	1	1	1	2	exposed_validation
HG01952	AMR	PEL019	alignment_only_hprc_asian	C	4	complete	0	0	0	0	exposed_validation
HG01952	AMR	PEL019	alignment_only_hprc_asian	DPA1	2	complete	1	1	1	2	exposed_validation
HG01952	AMR	PEL019	alignment_only_hprc_asian	DPA1	4	complete	0	0	0	0	exposed_validation
HG01952	AMR	PEL019	alignment_only_hprc_asian	DPB1	2	complete	1	1	1	2	exposed_validation
HG01952	AMR	PEL019	alignment_only_hprc_asian	DPB1	4	complete	1	1	1	2	exposed_validation
HG01952	AMR	PEL019	alignment_only_hprc_asian	DQA1	2	complete	1	1	1	2	exposed_validation
HG01952	AMR	PEL019	alignment_only_hprc_asian	DQA1	4	complete	0	0	0	0	exposed_validation
HG01952	AMR	PEL019	alignment_only_hprc_asian	DQB1	2	complete	1	1	1	2	exposed_validation
HG01952	AMR	PEL019	alignment_only_hprc_asian	DQB1	4	complete	1	1	1	2	exposed_validation
HG01952	AMR	PEL019	alignment_only_hprc_asian	DRB1	2	complete	1	1	0	1	exposed_validation
HG01952	AMR	PEL019	alignment_only_hprc_asian	DRB1	4	complete	0	0	0	0	exposed_validation
HG01969	AMR	PEL023	alignment_only_hprc	A	2	complete	1	1	1	2	exposed_validation
HG01969	AMR	PEL023	alignment_only_hprc	A	4	complete	1	1	1	2	exposed_validation
HG01969	AMR	PEL023	alignment_only_hprc	B	2	complete	1	1	1	2	exposed_validation
HG01969	AMR	PEL023	alignment_only_hprc	B	4	complete	1	1	1	2	exposed_validation
HG01969	AMR	PEL023	alignment_only_hprc	C	2	complete	1	1	1	2	exposed_validation
HG01969	AMR	PEL023	alignment_only_hprc	C	4	complete	1	1	0	0	exposed_validation
HG01969	AMR	PEL023	alignment_only_hprc	DPA1	2	complete	1	1	1	2	exposed_validation
HG01969	AMR	PEL023	alignment_only_hprc	DPA1	4	complete	0	0	0	0	exposed_validation
HG01969	AMR	PEL023	alignment_only_hprc	DPB1	2	complete	1	1	1	2	exposed_validation
HG01969	AMR	PEL023	alignment_only_hprc	DPB1	4	complete	1	1	1	2	exposed_validation
HG01969	AMR	PEL023	alignment_only_hprc	DQA1	2	complete	1	1	1	2	exposed_validation
HG01969	AMR	PEL023	alignment_only_hprc	DQA1	4	complete	1	1	1	2	exposed_validation
HG01969	AMR	PEL023	alignment_only_hprc	DQB1	2	complete	1	1	1	2	exposed_validation
HG01969	AMR	PEL023	alignment_only_hprc	DQB1	4	complete	1	1	1	2	exposed_validation
HG01969	AMR	PEL023	alignment_only_hprc	DRB1	2	complete	1	1	1	2	exposed_validation
HG01969	AMR	PEL023	alignment_only_hprc	DRB1	4	complete	0	0	0	0	exposed_validation
HG01969	AMR	PEL023	alignment_only_hprc_asian	A	2	complete	1	1	1	2	exposed_validation
HG01969	AMR	PEL023	alignment_only_hprc_asian	A	4	complete	1	1	1	2	exposed_validation
HG01969	AMR	PEL023	alignment_only_hprc_asian	B	2	complete	1	1	1	2	exposed_validation
HG01969	AMR	PEL023	alignment_only_hprc_asian	B	4	complete	1	1	1	2	exposed_validation
HG01969	AMR	PEL023	alignment_only_hprc_asian	C	2	complete	1	1	1	2	exposed_validation
HG01969	AMR	PEL023	alignment_only_hprc_asian	C	4	complete	1	1	0	0	exposed_validation
HG01969	AMR	PEL023	alignment_only_hprc_asian	DPA1	2	complete	1	1	1	2	exposed_validation
HG01969	AMR	PEL023	alignment_only_hprc_asian	DPA1	4	complete	0	0	0	0	exposed_validation
HG01969	AMR	PEL023	alignment_only_hprc_asian	DPB1	2	complete	1	1	1	2	exposed_validation
HG01969	AMR	PEL023	alignment_only_hprc_asian	DPB1	4	complete	1	1	1	2	exposed_validation
HG01969	AMR	PEL023	alignment_only_hprc_asian	DQA1	2	complete	1	1	1	2	exposed_validation
HG01969	AMR	PEL023	alignment_only_hprc_asian	DQA1	4	complete	1	1	1	2	exposed_validation
HG01969	AMR	PEL023	alignment_only_hprc_asian	DQB1	2	complete	1	1	1	2	exposed_validation
HG01969	AMR	PEL023	alignment_only_hprc_asian	DQB1	4	complete	1	1	1	2	exposed_validation
HG01969	AMR	PEL023	alignment_only_hprc_asian	DRB1	2	complete	1	1	1	2	exposed_validation
HG01969	AMR	PEL023	alignment_only_hprc_asian	DRB1	4	complete	0	0	0	0	exposed_validation
HG01975	AMR	PEL25	alignment_only_hprc	A	2	complete	1	1	1	2	exposed_validation
HG01975	AMR	PEL25	alignment_only_hprc	A	4	complete	1	1	1	2	exposed_validation
HG01975	AMR	PEL25	alignment_only_hprc	B	2	complete	1	1	0	1	exposed_validation
HG01975	AMR	PEL25	alignment_only_hprc	B	4	complete	1	0	0	1	exposed_validation
HG01975	AMR	PEL25	alignment_only_hprc	C	2	complete	1	1	1	2	exposed_validation
HG01975	AMR	PEL25	alignment_only_hprc	C	4	complete	1	1	1	2	exposed_validation
HG01975	AMR	PEL25	alignment_only_hprc	DPA1	2	complete	1	1	1	2	exposed_validation
HG01975	AMR	PEL25	alignment_only_hprc	DPA1	4	complete	0	0	0	0	exposed_validation
HG01975	AMR	PEL25	alignment_only_hprc	DPB1	2	complete	1	1	1	2	exposed_validation
HG01975	AMR	PEL25	alignment_only_hprc	DPB1	4	complete	1	1	1	2	exposed_validation
HG01975	AMR	PEL25	alignment_only_hprc	DQA1	2	complete	1	1	1	2	exposed_validation
HG01975	AMR	PEL25	alignment_only_hprc	DQA1	4	complete	1	1	1	2	exposed_validation
HG01975	AMR	PEL25	alignment_only_hprc	DQB1	2	complete	1	1	1	2	exposed_validation
HG01975	AMR	PEL25	alignment_only_hprc	DQB1	4	complete	1	1	1	2	exposed_validation
HG01975	AMR	PEL25	alignment_only_hprc	DRB1	2	complete	1	1	1	2	exposed_validation
HG01975	AMR	PEL25	alignment_only_hprc	DRB1	4	complete	0	0	0	0	exposed_validation
HG01975	AMR	PEL25	alignment_only_hprc_asian	A	2	complete	1	1	1	2	exposed_validation
HG01975	AMR	PEL25	alignment_only_hprc_asian	A	4	complete	1	1	1	2	exposed_validation
HG01975	AMR	PEL25	alignment_only_hprc_asian	B	2	complete	1	1	0	1	exposed_validation
HG01975	AMR	PEL25	alignment_only_hprc_asian	B	4	complete	1	0	0	1	exposed_validation
HG01975	AMR	PEL25	alignment_only_hprc_asian	C	2	complete	1	1	1	2	exposed_validation
HG01975	AMR	PEL25	alignment_only_hprc_asian	C	4	complete	1	1	1	2	exposed_validation
HG01975	AMR	PEL25	alignment_only_hprc_asian	DPA1	2	complete	1	1	1	2	exposed_validation
HG01975	AMR	PEL25	alignment_only_hprc_asian	DPA1	4	complete	0	0	0	0	exposed_validation
HG01975	AMR	PEL25	alignment_only_hprc_asian	DPB1	2	complete	1	1	1	2	exposed_validation
HG01975	AMR	PEL25	alignment_only_hprc_asian	DPB1	4	complete	1	1	1	2	exposed_validation
HG01975	AMR	PEL25	alignment_only_hprc_asian	DQA1	2	complete	1	1	1	2	exposed_validation
HG01975	AMR	PEL25	alignment_only_hprc_asian	DQA1	4	complete	1	1	1	2	exposed_validation
HG01975	AMR	PEL25	alignment_only_hprc_asian	DQB1	2	complete	1	1	1	2	exposed_validation
HG01975	AMR	PEL25	alignment_only_hprc_asian	DQB1	4	complete	1	1	1	2	exposed_validation
HG01975	AMR	PEL25	alignment_only_hprc_asian	DRB1	2	complete	1	1	1	2	exposed_validation
HG01975	AMR	PEL25	alignment_only_hprc_asian	DRB1	4	complete	0	0	0	0	exposed_validation
HG01978	AMR	PEL26	alignment_only_hprc	A	2	complete	1	1	1	2	exposed_validation
HG01978	AMR	PEL26	alignment_only_hprc	A	4	complete	0	0	0	0	exposed_validation
HG01978	AMR	PEL26	alignment_only_hprc	B	2	complete	1	1	1	2	exposed_validation
HG01978	AMR	PEL26	alignment_only_hprc	B	4	complete	1	1	1	2	exposed_validation
HG01978	AMR	PEL26	alignment_only_hprc	C	2	complete	1	1	1	2	exposed_validation
HG01978	AMR	PEL26	alignment_only_hprc	C	4	complete	1	1	1	2	exposed_validation
HG01978	AMR	PEL26	alignment_only_hprc	DPA1	2	complete	1	1	1	2	exposed_validation
HG01978	AMR	PEL26	alignment_only_hprc	DPA1	4	complete	1	1	1	2	exposed_validation
HG01978	AMR	PEL26	alignment_only_hprc	DPB1	2	complete	1	1	1	2	exposed_validation
HG01978	AMR	PEL26	alignment_only_hprc	DPB1	4	complete	1	1	1	2	exposed_validation
HG01978	AMR	PEL26	alignment_only_hprc	DQA1	2	complete	1	1	1	2	exposed_validation
HG01978	AMR	PEL26	alignment_only_hprc	DQA1	4	complete	1	1	0	1	exposed_validation
HG01978	AMR	PEL26	alignment_only_hprc	DQB1	2	complete	1	1	1	2	exposed_validation
HG01978	AMR	PEL26	alignment_only_hprc	DQB1	4	complete	0	0	0	0	exposed_validation
HG01978	AMR	PEL26	alignment_only_hprc	DRB1	2	complete	1	1	1	2	exposed_validation
HG01978	AMR	PEL26	alignment_only_hprc	DRB1	4	complete	0	0	0	0	exposed_validation
HG01978	AMR	PEL26	alignment_only_hprc_asian	A	2	complete	1	1	1	2	exposed_validation
HG01978	AMR	PEL26	alignment_only_hprc_asian	A	4	complete	0	0	0	0	exposed_validation
HG01978	AMR	PEL26	alignment_only_hprc_asian	B	2	complete	1	1	1	2	exposed_validation
HG01978	AMR	PEL26	alignment_only_hprc_asian	B	4	complete	1	1	1	2	exposed_validation
HG01978	AMR	PEL26	alignment_only_hprc_asian	C	2	complete	1	1	1	2	exposed_validation
HG01978	AMR	PEL26	alignment_only_hprc_asian	C	4	complete	1	1	1	2	exposed_validation
HG01978	AMR	PEL26	alignment_only_hprc_asian	DPA1	2	complete	1	1	1	2	exposed_validation
HG01978	AMR	PEL26	alignment_only_hprc_asian	DPA1	4	complete	1	1	1	2	exposed_validation
HG01978	AMR	PEL26	alignment_only_hprc_asian	DPB1	2	complete	1	1	1	2	exposed_validation
HG01978	AMR	PEL26	alignment_only_hprc_asian	DPB1	4	complete	1	1	1	2	exposed_validation
HG01978	AMR	PEL26	alignment_only_hprc_asian	DQA1	2	complete	1	1	1	2	exposed_validation
HG01978	AMR	PEL26	alignment_only_hprc_asian	DQA1	4	complete	1	1	0	1	exposed_validation
HG01978	AMR	PEL26	alignment_only_hprc_asian	DQB1	2	complete	1	1	1	2	exposed_validation
HG01978	AMR	PEL26	alignment_only_hprc_asian	DQB1	4	complete	0	0	0	0	exposed_validation
HG01978	AMR	PEL26	alignment_only_hprc_asian	DRB1	2	complete	1	1	1	2	exposed_validation
HG01978	AMR	PEL26	alignment_only_hprc_asian	DRB1	4	complete	0	0	0	0	exposed_validation
HG01981	AMR	PEL27	alignment_only_hprc	A	2	complete	1	1	1	2	exposed_validation
HG01981	AMR	PEL27	alignment_only_hprc	A	4	complete	1	1	1	2	exposed_validation
HG01981	AMR	PEL27	alignment_only_hprc	B	2	complete	1	1	1	2	exposed_validation
HG01981	AMR	PEL27	alignment_only_hprc	B	4	complete	0	0	0	0	exposed_validation
HG01981	AMR	PEL27	alignment_only_hprc	C	2	complete	1	1	1	2	exposed_validation
HG01981	AMR	PEL27	alignment_only_hprc	C	4	complete	1	1	1	2	exposed_validation
HG01981	AMR	PEL27	alignment_only_hprc	DPA1	2	complete	1	1	1	2	exposed_validation
HG01981	AMR	PEL27	alignment_only_hprc	DPA1	4	complete	1	1	1	2	exposed_validation
HG01981	AMR	PEL27	alignment_only_hprc	DPB1	2	complete	1	1	1	2	exposed_validation
HG01981	AMR	PEL27	alignment_only_hprc	DPB1	4	complete	1	1	1	2	exposed_validation
HG01981	AMR	PEL27	alignment_only_hprc	DQA1	2	complete	1	1	1	2	exposed_validation
HG01981	AMR	PEL27	alignment_only_hprc	DQA1	4	complete	1	1	1	2	exposed_validation
HG01981	AMR	PEL27	alignment_only_hprc	DQB1	2	complete	1	1	1	2	exposed_validation
HG01981	AMR	PEL27	alignment_only_hprc	DQB1	4	complete	1	1	1	2	exposed_validation
HG01981	AMR	PEL27	alignment_only_hprc	DRB1	2	complete	1	1	0	1	exposed_validation
HG01981	AMR	PEL27	alignment_only_hprc	DRB1	4	complete	0	0	0	0	exposed_validation
HG01981	AMR	PEL27	alignment_only_hprc_asian	A	2	complete	1	1	1	2	exposed_validation
HG01981	AMR	PEL27	alignment_only_hprc_asian	A	4	complete	1	1	1	2	exposed_validation
HG01981	AMR	PEL27	alignment_only_hprc_asian	B	2	complete	1	1	1	2	exposed_validation
HG01981	AMR	PEL27	alignment_only_hprc_asian	B	4	complete	0	0	0	0	exposed_validation
HG01981	AMR	PEL27	alignment_only_hprc_asian	C	2	complete	1	1	1	2	exposed_validation
HG01981	AMR	PEL27	alignment_only_hprc_asian	C	4	complete	1	1	1	2	exposed_validation
HG01981	AMR	PEL27	alignment_only_hprc_asian	DPA1	2	complete	1	1	1	2	exposed_validation
HG01981	AMR	PEL27	alignment_only_hprc_asian	DPA1	4	complete	1	1	1	2	exposed_validation
HG01981	AMR	PEL27	alignment_only_hprc_asian	DPB1	2	complete	1	1	1	2	exposed_validation
HG01981	AMR	PEL27	alignment_only_hprc_asian	DPB1	4	complete	1	1	1	2	exposed_validation
HG01981	AMR	PEL27	alignment_only_hprc_asian	DQA1	2	complete	1	1	1	2	exposed_validation
HG01981	AMR	PEL27	alignment_only_hprc_asian	DQA1	4	complete	1	1	1	2	exposed_validation
HG01981	AMR	PEL27	alignment_only_hprc_asian	DQB1	2	complete	1	1	1	2	exposed_validation
HG01981	AMR	PEL27	alignment_only_hprc_asian	DQB1	4	complete	1	1	1	2	exposed_validation
HG01981	AMR	PEL27	alignment_only_hprc_asian	DRB1	2	complete	1	1	0	1	exposed_validation
HG01981	AMR	PEL27	alignment_only_hprc_asian	DRB1	4	complete	0	0	0	0	exposed_validation
HG01993	AMR	PEL29	alignment_only_hprc	A	2	complete	1	1	1	2	exposed_validation
HG01993	AMR	PEL29	alignment_only_hprc	A	4	complete	1	1	1	2	exposed_validation
HG01993	AMR	PEL29	alignment_only_hprc	B	2	complete	1	1	1	2	exposed_validation
HG01993	AMR	PEL29	alignment_only_hprc	B	4	complete	1	1	1	2	exposed_validation
HG01993	AMR	PEL29	alignment_only_hprc	C	2	complete	1	1	1	2	exposed_validation
HG01993	AMR	PEL29	alignment_only_hprc	C	4	complete	0	0	0	0	exposed_validation
HG01993	AMR	PEL29	alignment_only_hprc	DPA1	2	complete	1	1	1	2	exposed_validation
HG01993	AMR	PEL29	alignment_only_hprc	DPA1	4	complete	0	0	0	0	exposed_validation
HG01993	AMR	PEL29	alignment_only_hprc	DPB1	2	complete	1	1	1	2	exposed_validation
HG01993	AMR	PEL29	alignment_only_hprc	DPB1	4	complete	1	1	1	2	exposed_validation
HG01993	AMR	PEL29	alignment_only_hprc	DQA1	2	complete	1	1	1	2	exposed_validation
HG01993	AMR	PEL29	alignment_only_hprc	DQA1	4	complete	0	0	0	0	exposed_validation
HG01993	AMR	PEL29	alignment_only_hprc	DQB1	2	complete	1	1	1	2	exposed_validation
HG01993	AMR	PEL29	alignment_only_hprc	DQB1	4	complete	0	0	0	0	exposed_validation
HG01993	AMR	PEL29	alignment_only_hprc	DRB1	2	complete	1	1	1	2	exposed_validation
HG01993	AMR	PEL29	alignment_only_hprc	DRB1	4	complete	0	0	0	0	exposed_validation
HG01993	AMR	PEL29	alignment_only_hprc_asian	A	2	complete	1	1	1	2	exposed_validation
HG01993	AMR	PEL29	alignment_only_hprc_asian	A	4	complete	1	1	1	2	exposed_validation
HG01993	AMR	PEL29	alignment_only_hprc_asian	B	2	complete	1	1	1	2	exposed_validation
HG01993	AMR	PEL29	alignment_only_hprc_asian	B	4	complete	1	1	1	2	exposed_validation
HG01993	AMR	PEL29	alignment_only_hprc_asian	C	2	complete	1	1	1	2	exposed_validation
HG01993	AMR	PEL29	alignment_only_hprc_asian	C	4	complete	0	0	0	0	exposed_validation
HG01993	AMR	PEL29	alignment_only_hprc_asian	DPA1	2	complete	1	1	1	2	exposed_validation
HG01993	AMR	PEL29	alignment_only_hprc_asian	DPA1	4	complete	0	0	0	0	exposed_validation
HG01993	AMR	PEL29	alignment_only_hprc_asian	DPB1	2	complete	1	1	1	2	exposed_validation
HG01993	AMR	PEL29	alignment_only_hprc_asian	DPB1	4	complete	1	1	1	2	exposed_validation
HG01993	AMR	PEL29	alignment_only_hprc_asian	DQA1	2	complete	1	1	1	2	exposed_validation
HG01993	AMR	PEL29	alignment_only_hprc_asian	DQA1	4	complete	0	0	0	0	exposed_validation
HG01993	AMR	PEL29	alignment_only_hprc_asian	DQB1	2	complete	1	1	1	2	exposed_validation
HG01993	AMR	PEL29	alignment_only_hprc_asian	DQB1	4	complete	0	0	0	0	exposed_validation
HG01993	AMR	PEL29	alignment_only_hprc_asian	DRB1	2	complete	1	1	1	2	exposed_validation
HG01993	AMR	PEL29	alignment_only_hprc_asian	DRB1	4	complete	0	0	0	0	exposed_validation
HG02004	AMR	PEL33	alignment_only_hprc	A	2	complete	1	1	1	2	exposed_validation
HG02004	AMR	PEL33	alignment_only_hprc	A	4	complete	1	1	0	1	exposed_validation
HG02004	AMR	PEL33	alignment_only_hprc	B	2	complete	1	1	1	2	exposed_validation
HG02004	AMR	PEL33	alignment_only_hprc	B	4	complete	1	1	1	2	exposed_validation
HG02004	AMR	PEL33	alignment_only_hprc	C	2	complete	1	1	1	2	exposed_validation
HG02004	AMR	PEL33	alignment_only_hprc	C	4	complete	1	1	1	2	exposed_validation
HG02004	AMR	PEL33	alignment_only_hprc	DPA1	2	complete	1	1	1	2	exposed_validation
HG02004	AMR	PEL33	alignment_only_hprc	DPA1	4	complete	0	0	0	0	exposed_validation
HG02004	AMR	PEL33	alignment_only_hprc	DPB1	2	complete	1	1	1	2	exposed_validation
HG02004	AMR	PEL33	alignment_only_hprc	DPB1	4	complete	1	1	1	2	exposed_validation
HG02004	AMR	PEL33	alignment_only_hprc	DQA1	2	complete	1	1	1	2	exposed_validation
HG02004	AMR	PEL33	alignment_only_hprc	DQA1	4	complete	1	1	1	2	exposed_validation
HG02004	AMR	PEL33	alignment_only_hprc	DQB1	2	complete	1	1	1	2	exposed_validation
HG02004	AMR	PEL33	alignment_only_hprc	DQB1	4	complete	1	1	1	2	exposed_validation
HG02004	AMR	PEL33	alignment_only_hprc	DRB1	2	complete	1	1	1	2	exposed_validation
HG02004	AMR	PEL33	alignment_only_hprc	DRB1	4	complete	0	0	0	0	exposed_validation
HG02004	AMR	PEL33	alignment_only_hprc_asian	A	2	complete	1	1	1	2	exposed_validation
HG02004	AMR	PEL33	alignment_only_hprc_asian	A	4	complete	1	1	0	1	exposed_validation
HG02004	AMR	PEL33	alignment_only_hprc_asian	B	2	complete	1	1	1	2	exposed_validation
HG02004	AMR	PEL33	alignment_only_hprc_asian	B	4	complete	1	1	1	2	exposed_validation
HG02004	AMR	PEL33	alignment_only_hprc_asian	C	2	complete	1	1	1	2	exposed_validation
HG02004	AMR	PEL33	alignment_only_hprc_asian	C	4	complete	1	1	1	2	exposed_validation
HG02004	AMR	PEL33	alignment_only_hprc_asian	DPA1	2	complete	1	1	1	2	exposed_validation
HG02004	AMR	PEL33	alignment_only_hprc_asian	DPA1	4	complete	0	0	0	0	exposed_validation
HG02004	AMR	PEL33	alignment_only_hprc_asian	DPB1	2	complete	1	1	1	2	exposed_validation
HG02004	AMR	PEL33	alignment_only_hprc_asian	DPB1	4	complete	1	1	1	2	exposed_validation
HG02004	AMR	PEL33	alignment_only_hprc_asian	DQA1	2	complete	1	1	1	2	exposed_validation
HG02004	AMR	PEL33	alignment_only_hprc_asian	DQA1	4	complete	1	1	1	2	exposed_validation
HG02004	AMR	PEL33	alignment_only_hprc_asian	DQB1	2	complete	1	1	1	2	exposed_validation
HG02004	AMR	PEL33	alignment_only_hprc_asian	DQB1	4	complete	1	1	1	2	exposed_validation
HG02004	AMR	PEL33	alignment_only_hprc_asian	DRB1	2	complete	1	1	1	2	exposed_validation
HG02004	AMR	PEL33	alignment_only_hprc_asian	DRB1	4	complete	0	0	0	0	exposed_validation
HG02015	EAS	VN046	alignment_only_hprc	A	2	complete	1	1	1	2	exposed_validation
HG02015	EAS	VN046	alignment_only_hprc	A	4	complete	1	1	1	2	exposed_validation
HG02015	EAS	VN046	alignment_only_hprc	B	2	complete	1	1	1	2	exposed_validation
HG02015	EAS	VN046	alignment_only_hprc	B	4	complete	0	0	0	0	exposed_validation
HG02015	EAS	VN046	alignment_only_hprc	C	2	complete	1	1	1	2	exposed_validation
HG02015	EAS	VN046	alignment_only_hprc	C	4	complete	1	1	1	2	exposed_validation
HG02015	EAS	VN046	alignment_only_hprc	DPA1	2	complete	1	1	1	2	exposed_validation
HG02015	EAS	VN046	alignment_only_hprc	DPA1	4	complete	0	0	0	0	exposed_validation
HG02015	EAS	VN046	alignment_only_hprc	DPB1	2	complete	1	1	1	2	exposed_validation
HG02015	EAS	VN046	alignment_only_hprc	DPB1	4	complete	1	1	1	2	exposed_validation
HG02015	EAS	VN046	alignment_only_hprc	DQA1	2	complete	1	1	1	2	exposed_validation
HG02015	EAS	VN046	alignment_only_hprc	DQA1	4	complete	0	0	0	0	exposed_validation
HG02015	EAS	VN046	alignment_only_hprc	DQB1	2	complete	1	1	1	2	exposed_validation
HG02015	EAS	VN046	alignment_only_hprc	DQB1	4	complete	1	1	1	2	exposed_validation
HG02015	EAS	VN046	alignment_only_hprc	DRB1	2	complete	1	1	1	2	exposed_validation
HG02015	EAS	VN046	alignment_only_hprc	DRB1	4	complete	0	0	0	0	exposed_validation
HG02015	EAS	VN046	alignment_only_hprc_asian	A	2	complete	1	1	1	2	exposed_validation
HG02015	EAS	VN046	alignment_only_hprc_asian	A	4	complete	1	1	1	2	exposed_validation
HG02015	EAS	VN046	alignment_only_hprc_asian	B	2	complete	1	1	1	2	exposed_validation
HG02015	EAS	VN046	alignment_only_hprc_asian	B	4	complete	0	0	0	0	exposed_validation
HG02015	EAS	VN046	alignment_only_hprc_asian	C	2	complete	1	1	1	2	exposed_validation
HG02015	EAS	VN046	alignment_only_hprc_asian	C	4	complete	1	1	1	2	exposed_validation
HG02015	EAS	VN046	alignment_only_hprc_asian	DPA1	2	complete	1	1	1	2	exposed_validation
HG02015	EAS	VN046	alignment_only_hprc_asian	DPA1	4	complete	0	0	0	0	exposed_validation
HG02015	EAS	VN046	alignment_only_hprc_asian	DPB1	2	complete	1	1	1	2	exposed_validation
HG02015	EAS	VN046	alignment_only_hprc_asian	DPB1	4	complete	1	1	1	2	exposed_validation
HG02015	EAS	VN046	alignment_only_hprc_asian	DQA1	2	complete	1	1	1	2	exposed_validation
HG02015	EAS	VN046	alignment_only_hprc_asian	DQA1	4	complete	0	0	0	0	exposed_validation
HG02015	EAS	VN046	alignment_only_hprc_asian	DQB1	2	complete	1	1	1	2	exposed_validation
HG02015	EAS	VN046	alignment_only_hprc_asian	DQB1	4	complete	1	1	1	2	exposed_validation
HG02015	EAS	VN046	alignment_only_hprc_asian	DRB1	2	complete	1	1	1	2	exposed_validation
HG02015	EAS	VN046	alignment_only_hprc_asian	DRB1	4	complete	0	0	0	0	exposed_validation
HG02040	EAS	VN054	alignment_only_hprc	A	2	complete	1	1	1	2	exposed_validation
HG02040	EAS	VN054	alignment_only_hprc	A	4	complete	1	1	1	2	exposed_validation
HG02040	EAS	VN054	alignment_only_hprc	B	2	complete	1	1	1	2	exposed_validation
HG02040	EAS	VN054	alignment_only_hprc	B	4	complete	1	1	1	2	exposed_validation
HG02040	EAS	VN054	alignment_only_hprc	C	2	complete	1	1	1	2	exposed_validation
HG02040	EAS	VN054	alignment_only_hprc	C	4	complete	0	0	0	0	exposed_validation
HG02040	EAS	VN054	alignment_only_hprc	DPA1	2	complete	1	1	1	2	exposed_validation
HG02040	EAS	VN054	alignment_only_hprc	DPA1	4	complete	0	0	0	0	exposed_validation
HG02040	EAS	VN054	alignment_only_hprc	DPB1	2	complete	1	1	1	2	exposed_validation
HG02040	EAS	VN054	alignment_only_hprc	DPB1	4	complete	1	1	1	2	exposed_validation
HG02040	EAS	VN054	alignment_only_hprc	DQA1	2	complete	1	1	1	2	exposed_validation
HG02040	EAS	VN054	alignment_only_hprc	DQA1	4	complete	1	1	1	2	exposed_validation
HG02040	EAS	VN054	alignment_only_hprc	DQB1	2	complete	1	1	1	2	exposed_validation
HG02040	EAS	VN054	alignment_only_hprc	DQB1	4	complete	1	1	1	2	exposed_validation
HG02040	EAS	VN054	alignment_only_hprc	DRB1	2	complete	1	1	1	2	exposed_validation
HG02040	EAS	VN054	alignment_only_hprc	DRB1	4	complete	0	0	0	0	exposed_validation
HG02040	EAS	VN054	alignment_only_hprc_asian	A	2	complete	1	1	1	2	exposed_validation
HG02040	EAS	VN054	alignment_only_hprc_asian	A	4	complete	1	1	1	2	exposed_validation
HG02040	EAS	VN054	alignment_only_hprc_asian	B	2	complete	1	1	1	2	exposed_validation
HG02040	EAS	VN054	alignment_only_hprc_asian	B	4	complete	1	1	1	2	exposed_validation
HG02040	EAS	VN054	alignment_only_hprc_asian	C	2	complete	1	1	1	2	exposed_validation
HG02040	EAS	VN054	alignment_only_hprc_asian	C	4	complete	0	0	0	0	exposed_validation
HG02040	EAS	VN054	alignment_only_hprc_asian	DPA1	2	complete	1	1	1	2	exposed_validation
HG02040	EAS	VN054	alignment_only_hprc_asian	DPA1	4	complete	0	0	0	0	exposed_validation
HG02040	EAS	VN054	alignment_only_hprc_asian	DPB1	2	complete	1	1	1	2	exposed_validation
HG02040	EAS	VN054	alignment_only_hprc_asian	DPB1	4	complete	1	1	1	2	exposed_validation
HG02040	EAS	VN054	alignment_only_hprc_asian	DQA1	2	complete	1	1	1	2	exposed_validation
HG02040	EAS	VN054	alignment_only_hprc_asian	DQA1	4	complete	1	1	1	2	exposed_validation
HG02040	EAS	VN054	alignment_only_hprc_asian	DQB1	2	complete	1	1	1	2	exposed_validation
HG02040	EAS	VN054	alignment_only_hprc_asian	DQB1	4	complete	1	1	1	2	exposed_validation
HG02040	EAS	VN054	alignment_only_hprc_asian	DRB1	2	complete	1	1	1	2	exposed_validation
HG02040	EAS	VN054	alignment_only_hprc_asian	DRB1	4	complete	0	0	0	0	exposed_validation
HG02055	AFR	BB15	alignment_only_hprc	A	2	complete	1	1	1	2	exposed_validation
HG02055	AFR	BB15	alignment_only_hprc	A	4	complete	1	1	1	2	exposed_validation
HG02055	AFR	BB15	alignment_only_hprc	B	2	complete	1	1	1	2	exposed_validation
HG02055	AFR	BB15	alignment_only_hprc	B	4	complete	1	1	1	2	exposed_validation
HG02055	AFR	BB15	alignment_only_hprc	C	2	complete	1	1	1	2	exposed_validation
HG02055	AFR	BB15	alignment_only_hprc	C	4	complete	1	1	1	2	exposed_validation
HG02055	AFR	BB15	alignment_only_hprc	DPA1	2	complete	1	1	1	2	exposed_validation
HG02055	AFR	BB15	alignment_only_hprc	DPA1	4	complete	0	0	0	0	exposed_validation
HG02055	AFR	BB15	alignment_only_hprc	DPB1	2	complete	1	1	1	2	exposed_validation
HG02055	AFR	BB15	alignment_only_hprc	DPB1	4	complete	1	1	1	2	exposed_validation
HG02055	AFR	BB15	alignment_only_hprc	DQA1	2	complete	1	1	1	2	exposed_validation
HG02055	AFR	BB15	alignment_only_hprc	DQA1	4	complete	1	1	0	0	exposed_validation
HG02055	AFR	BB15	alignment_only_hprc	DQB1	2	complete	1	1	1	2	exposed_validation
HG02055	AFR	BB15	alignment_only_hprc	DQB1	4	complete	1	1	1	2	exposed_validation
HG02055	AFR	BB15	alignment_only_hprc	DRB1	2	complete	1	1	1	2	exposed_validation
HG02055	AFR	BB15	alignment_only_hprc	DRB1	4	complete	0	0	0	0	exposed_validation
HG02055	AFR	BB15	alignment_only_hprc_asian	A	2	complete	1	1	1	2	exposed_validation
HG02055	AFR	BB15	alignment_only_hprc_asian	A	4	complete	1	1	1	2	exposed_validation
HG02055	AFR	BB15	alignment_only_hprc_asian	B	2	complete	1	1	1	2	exposed_validation
HG02055	AFR	BB15	alignment_only_hprc_asian	B	4	complete	1	1	1	2	exposed_validation
HG02055	AFR	BB15	alignment_only_hprc_asian	C	2	complete	1	1	1	2	exposed_validation
HG02055	AFR	BB15	alignment_only_hprc_asian	C	4	complete	1	1	1	2	exposed_validation
HG02055	AFR	BB15	alignment_only_hprc_asian	DPA1	2	complete	1	1	1	2	exposed_validation
HG02055	AFR	BB15	alignment_only_hprc_asian	DPA1	4	complete	0	0	0	0	exposed_validation
HG02055	AFR	BB15	alignment_only_hprc_asian	DPB1	2	complete	1	1	1	2	exposed_validation
HG02055	AFR	BB15	alignment_only_hprc_asian	DPB1	4	complete	1	1	1	2	exposed_validation
HG02055	AFR	BB15	alignment_only_hprc_asian	DQA1	2	complete	1	1	1	2	exposed_validation
HG02055	AFR	BB15	alignment_only_hprc_asian	DQA1	4	complete	1	1	0	0	exposed_validation
HG02055	AFR	BB15	alignment_only_hprc_asian	DQB1	2	complete	1	1	1	2	exposed_validation
HG02055	AFR	BB15	alignment_only_hprc_asian	DQB1	4	complete	1	1	1	2	exposed_validation
HG02055	AFR	BB15	alignment_only_hprc_asian	DRB1	2	complete	1	1	1	2	exposed_validation
HG02055	AFR	BB15	alignment_only_hprc_asian	DRB1	4	complete	0	0	0	0	exposed_validation
HG02056	EAS	VN060	alignment_only_hprc	A	2	complete	1	1	1	2	exposed_validation
HG02056	EAS	VN060	alignment_only_hprc	A	4	complete	1	1	1	2	exposed_validation
HG02056	EAS	VN060	alignment_only_hprc	B	2	complete	1	1	1	2	exposed_validation
HG02056	EAS	VN060	alignment_only_hprc	B	4	complete	0	0	0	0	exposed_validation
HG02056	EAS	VN060	alignment_only_hprc	C	2	complete	1	1	1	2	exposed_validation
HG02056	EAS	VN060	alignment_only_hprc	C	4	complete	1	1	1	2	exposed_validation
HG02056	EAS	VN060	alignment_only_hprc	DPA1	2	complete	1	1	1	2	exposed_validation
HG02056	EAS	VN060	alignment_only_hprc	DPA1	4	complete	0	0	0	0	exposed_validation
HG02056	EAS	VN060	alignment_only_hprc	DPB1	2	complete	1	1	1	2	exposed_validation
HG02056	EAS	VN060	alignment_only_hprc	DPB1	4	complete	1	1	1	2	exposed_validation
HG02056	EAS	VN060	alignment_only_hprc	DQA1	2	complete	1	1	1	2	exposed_validation
HG02056	EAS	VN060	alignment_only_hprc	DQA1	4	complete	1	1	1	2	exposed_validation
HG02056	EAS	VN060	alignment_only_hprc	DQB1	2	complete	1	1	1	2	exposed_validation
HG02056	EAS	VN060	alignment_only_hprc	DQB1	4	complete	1	1	1	2	exposed_validation
HG02056	EAS	VN060	alignment_only_hprc	DRB1	2	complete	1	1	0	1	exposed_validation
HG02056	EAS	VN060	alignment_only_hprc	DRB1	4	complete	0	0	0	0	exposed_validation
HG02056	EAS	VN060	alignment_only_hprc_asian	A	2	complete	1	1	1	2	exposed_validation
HG02056	EAS	VN060	alignment_only_hprc_asian	A	4	complete	1	1	1	2	exposed_validation
HG02056	EAS	VN060	alignment_only_hprc_asian	B	2	complete	1	1	1	2	exposed_validation
HG02056	EAS	VN060	alignment_only_hprc_asian	B	4	complete	0	0	0	0	exposed_validation
HG02056	EAS	VN060	alignment_only_hprc_asian	C	2	complete	1	1	1	2	exposed_validation
HG02056	EAS	VN060	alignment_only_hprc_asian	C	4	complete	1	1	1	2	exposed_validation
HG02056	EAS	VN060	alignment_only_hprc_asian	DPA1	2	complete	1	1	1	2	exposed_validation
HG02056	EAS	VN060	alignment_only_hprc_asian	DPA1	4	complete	0	0	0	0	exposed_validation
HG02056	EAS	VN060	alignment_only_hprc_asian	DPB1	2	complete	1	1	1	2	exposed_validation
HG02056	EAS	VN060	alignment_only_hprc_asian	DPB1	4	complete	1	1	1	2	exposed_validation
HG02056	EAS	VN060	alignment_only_hprc_asian	DQA1	2	complete	1	1	1	2	exposed_validation
HG02056	EAS	VN060	alignment_only_hprc_asian	DQA1	4	complete	1	1	1	2	exposed_validation
HG02056	EAS	VN060	alignment_only_hprc_asian	DQB1	2	complete	1	1	1	2	exposed_validation
HG02056	EAS	VN060	alignment_only_hprc_asian	DQB1	4	complete	1	1	1	2	exposed_validation
HG02056	EAS	VN060	alignment_only_hprc_asian	DRB1	2	complete	1	1	0	1	exposed_validation
HG02056	EAS	VN060	alignment_only_hprc_asian	DRB1	4	complete	0	0	0	0	exposed_validation
HG02071	EAS	VN065	alignment_only_hprc	A	2	complete	1	1	1	2	exposed_validation
HG02071	EAS	VN065	alignment_only_hprc	A	4	complete	1	1	1	2	exposed_validation
HG02071	EAS	VN065	alignment_only_hprc	B	2	complete	1	1	0	1	exposed_validation
HG02071	EAS	VN065	alignment_only_hprc	B	4	complete	0	0	0	0	exposed_validation
HG02071	EAS	VN065	alignment_only_hprc	C	2	complete	1	1	1	2	exposed_validation
HG02071	EAS	VN065	alignment_only_hprc	C	4	complete	1	1	1	2	exposed_validation
HG02071	EAS	VN065	alignment_only_hprc	DPA1	2	complete	1	1	1	2	exposed_validation
HG02071	EAS	VN065	alignment_only_hprc	DPA1	4	complete	0	0	0	0	exposed_validation
HG02071	EAS	VN065	alignment_only_hprc	DPB1	2	complete	1	1	1	2	exposed_validation
HG02071	EAS	VN065	alignment_only_hprc	DPB1	4	complete	1	1	1	2	exposed_validation
HG02071	EAS	VN065	alignment_only_hprc	DQA1	2	complete	1	1	1	2	exposed_validation
HG02071	EAS	VN065	alignment_only_hprc	DQA1	4	complete	1	1	0	1	exposed_validation
HG02071	EAS	VN065	alignment_only_hprc	DQB1	2	complete	1	1	1	2	exposed_validation
HG02071	EAS	VN065	alignment_only_hprc	DQB1	4	complete	1	1	1	2	exposed_validation
HG02071	EAS	VN065	alignment_only_hprc	DRB1	2	complete	1	1	1	2	exposed_validation
HG02071	EAS	VN065	alignment_only_hprc	DRB1	4	complete	0	0	0	0	exposed_validation
HG02071	EAS	VN065	alignment_only_hprc_asian	A	2	complete	1	1	1	2	exposed_validation
HG02071	EAS	VN065	alignment_only_hprc_asian	A	4	complete	1	1	1	2	exposed_validation
HG02071	EAS	VN065	alignment_only_hprc_asian	B	2	complete	1	1	0	1	exposed_validation
HG02071	EAS	VN065	alignment_only_hprc_asian	B	4	complete	0	0	0	0	exposed_validation
HG02071	EAS	VN065	alignment_only_hprc_asian	C	2	complete	1	1	1	2	exposed_validation
HG02071	EAS	VN065	alignment_only_hprc_asian	C	4	complete	1	1	1	2	exposed_validation
HG02071	EAS	VN065	alignment_only_hprc_asian	DPA1	2	complete	1	1	1	2	exposed_validation
HG02071	EAS	VN065	alignment_only_hprc_asian	DPA1	4	complete	0	0	0	0	exposed_validation
HG02071	EAS	VN065	alignment_only_hprc_asian	DPB1	2	complete	1	1	1	2	exposed_validation
HG02071	EAS	VN065	alignment_only_hprc_asian	DPB1	4	complete	1	1	1	2	exposed_validation
HG02071	EAS	VN065	alignment_only_hprc_asian	DQA1	2	complete	1	1	1	2	exposed_validation
HG02071	EAS	VN065	alignment_only_hprc_asian	DQA1	4	complete	1	1	0	1	exposed_validation
HG02071	EAS	VN065	alignment_only_hprc_asian	DQB1	2	complete	1	1	1	2	exposed_validation
HG02071	EAS	VN065	alignment_only_hprc_asian	DQB1	4	complete	1	1	1	2	exposed_validation
HG02071	EAS	VN065	alignment_only_hprc_asian	DRB1	2	complete	1	1	1	2	exposed_validation
HG02071	EAS	VN065	alignment_only_hprc_asian	DRB1	4	complete	0	0	0	0	exposed_validation
HG02080	EAS	VN068	alignment_only_hprc	A	2	complete	1	1	1	2	exposed_validation
HG02080	EAS	VN068	alignment_only_hprc	A	4	complete	1	1	1	2	exposed_validation
HG02080	EAS	VN068	alignment_only_hprc	B	2	complete	1	1	1	2	exposed_validation
HG02080	EAS	VN068	alignment_only_hprc	B	4	complete	0	0	0	0	exposed_validation
HG02080	EAS	VN068	alignment_only_hprc	C	2	complete	1	1	1	2	exposed_validation
HG02080	EAS	VN068	alignment_only_hprc	C	4	complete	1	1	1	2	exposed_validation
HG02080	EAS	VN068	alignment_only_hprc	DPA1	2	complete	1	1	1	2	exposed_validation
HG02080	EAS	VN068	alignment_only_hprc	DPA1	4	complete	0	0	0	0	exposed_validation
HG02080	EAS	VN068	alignment_only_hprc	DPB1	2	complete	1	1	1	2	exposed_validation
HG02080	EAS	VN068	alignment_only_hprc	DPB1	4	complete	1	1	1	2	exposed_validation
HG02080	EAS	VN068	alignment_only_hprc	DQA1	2	complete	1	1	1	2	exposed_validation
HG02080	EAS	VN068	alignment_only_hprc	DQA1	4	complete	0	0	0	0	exposed_validation
HG02080	EAS	VN068	alignment_only_hprc	DQB1	2	complete	1	1	1	2	exposed_validation
HG02080	EAS	VN068	alignment_only_hprc	DQB1	4	complete	1	1	1	2	exposed_validation
HG02080	EAS	VN068	alignment_only_hprc	DRB1	2	complete	1	1	1	2	exposed_validation
HG02080	EAS	VN068	alignment_only_hprc	DRB1	4	complete	0	0	0	0	exposed_validation
HG02080	EAS	VN068	alignment_only_hprc_asian	A	2	complete	1	1	1	2	exposed_validation
HG02080	EAS	VN068	alignment_only_hprc_asian	A	4	complete	1	1	1	2	exposed_validation
HG02080	EAS	VN068	alignment_only_hprc_asian	B	2	complete	1	1	1	2	exposed_validation
HG02080	EAS	VN068	alignment_only_hprc_asian	B	4	complete	0	0	0	0	exposed_validation
HG02080	EAS	VN068	alignment_only_hprc_asian	C	2	complete	1	1	1	2	exposed_validation
HG02080	EAS	VN068	alignment_only_hprc_asian	C	4	complete	1	1	1	2	exposed_validation
HG02080	EAS	VN068	alignment_only_hprc_asian	DPA1	2	complete	1	1	1	2	exposed_validation
HG02080	EAS	VN068	alignment_only_hprc_asian	DPA1	4	complete	0	0	0	0	exposed_validation
HG02080	EAS	VN068	alignment_only_hprc_asian	DPB1	2	complete	1	1	1	2	exposed_validation
HG02080	EAS	VN068	alignment_only_hprc_asian	DPB1	4	complete	1	1	1	2	exposed_validation
HG02080	EAS	VN068	alignment_only_hprc_asian	DQA1	2	complete	1	1	1	2	exposed_validation
HG02080	EAS	VN068	alignment_only_hprc_asian	DQA1	4	complete	0	0	0	0	exposed_validation
HG02080	EAS	VN068	alignment_only_hprc_asian	DQB1	2	complete	1	1	1	2	exposed_validation
HG02080	EAS	VN068	alignment_only_hprc_asian	DQB1	4	complete	1	1	1	2	exposed_validation
HG02080	EAS	VN068	alignment_only_hprc_asian	DRB1	2	complete	1	1	1	2	exposed_validation
HG02080	EAS	VN068	alignment_only_hprc_asian	DRB1	4	complete	0	0	0	0	exposed_validation
HG02083	EAS	VN069	alignment_only_hprc	A	2	complete	1	1	1	2	exposed_validation
HG02083	EAS	VN069	alignment_only_hprc	A	4	complete	1	1	1	2	exposed_validation
HG02083	EAS	VN069	alignment_only_hprc	B	2	complete	1	1	1	2	exposed_validation
HG02083	EAS	VN069	alignment_only_hprc	B	4	complete	1	1	1	2	exposed_validation
HG02083	EAS	VN069	alignment_only_hprc	C	2	complete	1	1	1	2	exposed_validation
HG02083	EAS	VN069	alignment_only_hprc	C	4	complete	1	1	1	2	exposed_validation
HG02083	EAS	VN069	alignment_only_hprc	DPA1	2	complete	1	1	1	2	exposed_validation
HG02083	EAS	VN069	alignment_only_hprc	DPA1	4	complete	0	0	0	0	exposed_validation
HG02083	EAS	VN069	alignment_only_hprc	DPB1	2	complete	1	1	1	2	exposed_validation
HG02083	EAS	VN069	alignment_only_hprc	DPB1	4	complete	0	0	0	0	exposed_validation
HG02083	EAS	VN069	alignment_only_hprc	DQA1	2	complete	1	1	1	2	exposed_validation
HG02083	EAS	VN069	alignment_only_hprc	DQA1	4	complete	1	1	1	2	exposed_validation
HG02083	EAS	VN069	alignment_only_hprc	DQB1	2	complete	1	1	1	2	exposed_validation
HG02083	EAS	VN069	alignment_only_hprc	DQB1	4	complete	1	1	1	2	exposed_validation
HG02083	EAS	VN069	alignment_only_hprc	DRB1	2	complete	1	1	1	2	exposed_validation
HG02083	EAS	VN069	alignment_only_hprc	DRB1	4	complete	0	0	0	0	exposed_validation
HG02083	EAS	VN069	alignment_only_hprc_asian	A	2	complete	1	1	1	2	exposed_validation
HG02083	EAS	VN069	alignment_only_hprc_asian	A	4	complete	1	1	1	2	exposed_validation
HG02083	EAS	VN069	alignment_only_hprc_asian	B	2	complete	1	1	1	2	exposed_validation
HG02083	EAS	VN069	alignment_only_hprc_asian	B	4	complete	1	1	1	2	exposed_validation
HG02083	EAS	VN069	alignment_only_hprc_asian	C	2	complete	1	1	1	2	exposed_validation
HG02083	EAS	VN069	alignment_only_hprc_asian	C	4	complete	1	1	1	2	exposed_validation
HG02083	EAS	VN069	alignment_only_hprc_asian	DPA1	2	complete	1	1	1	2	exposed_validation
HG02083	EAS	VN069	alignment_only_hprc_asian	DPA1	4	complete	0	0	0	0	exposed_validation
HG02083	EAS	VN069	alignment_only_hprc_asian	DPB1	2	complete	1	1	1	2	exposed_validation
HG02083	EAS	VN069	alignment_only_hprc_asian	DPB1	4	complete	0	0	0	0	exposed_validation
HG02083	EAS	VN069	alignment_only_hprc_asian	DQA1	2	complete	1	1	1	2	exposed_validation
HG02083	EAS	VN069	alignment_only_hprc_asian	DQA1	4	complete	1	1	1	2	exposed_validation
HG02083	EAS	VN069	alignment_only_hprc_asian	DQB1	2	complete	1	1	1	2	exposed_validation
HG02083	EAS	VN069	alignment_only_hprc_asian	DQB1	4	complete	1	1	1	2	exposed_validation
HG02083	EAS	VN069	alignment_only_hprc_asian	DRB1	2	complete	1	1	1	2	exposed_validation
HG02083	EAS	VN069	alignment_only_hprc_asian	DRB1	4	complete	0	0	0	0	exposed_validation
HG02129	EAS	VN079	alignment_only_hprc	A	2	complete	1	1	1	2	exposed_validation
HG02129	EAS	VN079	alignment_only_hprc	A	4	complete	1	1	1	2	exposed_validation
HG02129	EAS	VN079	alignment_only_hprc	B	2	complete	1	1	1	2	exposed_validation
HG02129	EAS	VN079	alignment_only_hprc	B	4	complete	0	0	0	0	exposed_validation
HG02129	EAS	VN079	alignment_only_hprc	C	2	complete	1	1	1	2	exposed_validation
HG02129	EAS	VN079	alignment_only_hprc	C	4	complete	1	1	1	2	exposed_validation
HG02129	EAS	VN079	alignment_only_hprc	DPA1	2	complete	1	1	1	2	exposed_validation
HG02129	EAS	VN079	alignment_only_hprc	DPA1	4	complete	0	0	0	0	exposed_validation
HG02129	EAS	VN079	alignment_only_hprc	DPB1	2	complete	1	1	1	2	exposed_validation
HG02129	EAS	VN079	alignment_only_hprc	DPB1	4	complete	0	0	0	0	exposed_validation
HG02129	EAS	VN079	alignment_only_hprc	DQA1	2	complete	1	1	1	2	exposed_validation
HG02129	EAS	VN079	alignment_only_hprc	DQA1	4	complete	0	0	0	0	exposed_validation
HG02129	EAS	VN079	alignment_only_hprc	DQB1	2	complete	1	1	1	2	exposed_validation
HG02129	EAS	VN079	alignment_only_hprc	DQB1	4	complete	1	1	1	2	exposed_validation
HG02129	EAS	VN079	alignment_only_hprc	DRB1	2	complete	1	1	1	2	exposed_validation
HG02129	EAS	VN079	alignment_only_hprc	DRB1	4	complete	0	0	0	0	exposed_validation
HG02129	EAS	VN079	alignment_only_hprc_asian	A	2	complete	1	1	1	2	exposed_validation
HG02129	EAS	VN079	alignment_only_hprc_asian	A	4	complete	1	1	1	2	exposed_validation
HG02129	EAS	VN079	alignment_only_hprc_asian	B	2	complete	1	1	1	2	exposed_validation
HG02129	EAS	VN079	alignment_only_hprc_asian	B	4	complete	0	0	0	0	exposed_validation
HG02129	EAS	VN079	alignment_only_hprc_asian	C	2	complete	1	1	1	2	exposed_validation
HG02129	EAS	VN079	alignment_only_hprc_asian	C	4	complete	1	1	1	2	exposed_validation
HG02129	EAS	VN079	alignment_only_hprc_asian	DPA1	2	complete	1	1	1	2	exposed_validation
HG02129	EAS	VN079	alignment_only_hprc_asian	DPA1	4	complete	0	0	0	0	exposed_validation
HG02129	EAS	VN079	alignment_only_hprc_asian	DPB1	2	complete	1	1	1	2	exposed_validation
HG02129	EAS	VN079	alignment_only_hprc_asian	DPB1	4	complete	0	0	0	0	exposed_validation
HG02129	EAS	VN079	alignment_only_hprc_asian	DQA1	2	complete	1	1	1	2	exposed_validation
HG02129	EAS	VN079	alignment_only_hprc_asian	DQA1	4	complete	0	0	0	0	exposed_validation
HG02129	EAS	VN079	alignment_only_hprc_asian	DQB1	2	complete	1	1	1	2	exposed_validation
HG02129	EAS	VN079	alignment_only_hprc_asian	DQB1	4	complete	1	1	1	2	exposed_validation
HG02129	EAS	VN079	alignment_only_hprc_asian	DRB1	2	complete	1	1	1	2	exposed_validation
HG02129	EAS	VN079	alignment_only_hprc_asian	DRB1	4	complete	0	0	0	0	exposed_validation
HG02135	EAS	VN081	alignment_only_hprc	A	2	complete	1	1	1	2	exposed_validation
HG02135	EAS	VN081	alignment_only_hprc	A	4	complete	1	1	1	2	exposed_validation
HG02135	EAS	VN081	alignment_only_hprc	B	2	complete	1	1	1	2	exposed_validation
HG02135	EAS	VN081	alignment_only_hprc	B	4	complete	0	0	0	0	exposed_validation
HG02135	EAS	VN081	alignment_only_hprc	C	2	complete	1	1	1	2	exposed_validation
HG02135	EAS	VN081	alignment_only_hprc	C	4	complete	1	1	0	1	exposed_validation
HG02135	EAS	VN081	alignment_only_hprc	DPA1	2	complete	1	1	1	2	exposed_validation
HG02135	EAS	VN081	alignment_only_hprc	DPA1	4	complete	0	0	0	0	exposed_validation
HG02135	EAS	VN081	alignment_only_hprc	DPB1	2	complete	1	1	1	2	exposed_validation
HG02135	EAS	VN081	alignment_only_hprc	DPB1	4	complete	1	1	1	2	exposed_validation
HG02135	EAS	VN081	alignment_only_hprc	DQA1	2	complete	1	1	1	2	exposed_validation
HG02135	EAS	VN081	alignment_only_hprc	DQA1	4	complete	1	1	1	2	exposed_validation
HG02135	EAS	VN081	alignment_only_hprc	DQB1	2	complete	1	1	1	2	exposed_validation
HG02135	EAS	VN081	alignment_only_hprc	DQB1	4	complete	1	1	1	2	exposed_validation
HG02135	EAS	VN081	alignment_only_hprc	DRB1	2	complete	1	1	1	2	exposed_validation
HG02135	EAS	VN081	alignment_only_hprc	DRB1	4	complete	0	0	0	0	exposed_validation
HG02135	EAS	VN081	alignment_only_hprc_asian	A	2	complete	1	1	1	2	exposed_validation
HG02135	EAS	VN081	alignment_only_hprc_asian	A	4	complete	1	1	1	2	exposed_validation
HG02135	EAS	VN081	alignment_only_hprc_asian	B	2	complete	1	1	1	2	exposed_validation
HG02135	EAS	VN081	alignment_only_hprc_asian	B	4	complete	0	0	0	0	exposed_validation
HG02135	EAS	VN081	alignment_only_hprc_asian	C	2	complete	1	1	1	2	exposed_validation
HG02135	EAS	VN081	alignment_only_hprc_asian	C	4	complete	1	1	0	1	exposed_validation
HG02135	EAS	VN081	alignment_only_hprc_asian	DPA1	2	complete	1	1	1	2	exposed_validation
HG02135	EAS	VN081	alignment_only_hprc_asian	DPA1	4	complete	0	0	0	0	exposed_validation
HG02135	EAS	VN081	alignment_only_hprc_asian	DPB1	2	complete	1	1	1	2	exposed_validation
HG02135	EAS	VN081	alignment_only_hprc_asian	DPB1	4	complete	1	1	1	2	exposed_validation
HG02135	EAS	VN081	alignment_only_hprc_asian	DQA1	2	complete	1	1	1	2	exposed_validation
HG02135	EAS	VN081	alignment_only_hprc_asian	DQA1	4	complete	1	1	1	2	exposed_validation
HG02135	EAS	VN081	alignment_only_hprc_asian	DQB1	2	complete	1	1	1	2	exposed_validation
HG02135	EAS	VN081	alignment_only_hprc_asian	DQB1	4	complete	1	1	1	2	exposed_validation
HG02135	EAS	VN081	alignment_only_hprc_asian	DRB1	2	complete	1	1	1	2	exposed_validation
HG02135	EAS	VN081	alignment_only_hprc_asian	DRB1	4	complete	0	0	0	0	exposed_validation
HG02148	AMR	PEL39	alignment_only_hprc	A	2	complete	1	1	1	2	exposed_validation
HG02148	AMR	PEL39	alignment_only_hprc	A	4	complete	1	1	1	2	exposed_validation
HG02148	AMR	PEL39	alignment_only_hprc	B	2	complete	1	1	1	2	exposed_validation
HG02148	AMR	PEL39	alignment_only_hprc	B	4	complete	0	0	0	0	exposed_validation
HG02148	AMR	PEL39	alignment_only_hprc	C	2	complete	1	1	1	2	exposed_validation
HG02148	AMR	PEL39	alignment_only_hprc	C	4	complete	1	1	1	2	exposed_validation
HG02148	AMR	PEL39	alignment_only_hprc	DPA1	2	complete	1	1	1	2	exposed_validation
HG02148	AMR	PEL39	alignment_only_hprc	DPA1	4	complete	1	1	1	2	exposed_validation
HG02148	AMR	PEL39	alignment_only_hprc	DPB1	2	complete	1	1	1	2	exposed_validation
HG02148	AMR	PEL39	alignment_only_hprc	DPB1	4	complete	1	1	1	2	exposed_validation
HG02148	AMR	PEL39	alignment_only_hprc	DQA1	2	complete	1	1	1	2	exposed_validation
HG02148	AMR	PEL39	alignment_only_hprc	DQA1	4	complete	0	0	0	0	exposed_validation
HG02148	AMR	PEL39	alignment_only_hprc	DQB1	2	complete	1	1	1	2	exposed_validation
HG02148	AMR	PEL39	alignment_only_hprc	DQB1	4	complete	1	1	1	2	exposed_validation
HG02148	AMR	PEL39	alignment_only_hprc	DRB1	2	complete	1	1	1	2	exposed_validation
HG02148	AMR	PEL39	alignment_only_hprc	DRB1	4	complete	0	0	0	0	exposed_validation
HG02148	AMR	PEL39	alignment_only_hprc_asian	A	2	complete	1	1	1	2	exposed_validation
HG02148	AMR	PEL39	alignment_only_hprc_asian	A	4	complete	1	1	1	2	exposed_validation
HG02148	AMR	PEL39	alignment_only_hprc_asian	B	2	complete	1	1	1	2	exposed_validation
HG02148	AMR	PEL39	alignment_only_hprc_asian	B	4	complete	0	0	0	0	exposed_validation
HG02148	AMR	PEL39	alignment_only_hprc_asian	C	2	complete	1	1	1	2	exposed_validation
HG02148	AMR	PEL39	alignment_only_hprc_asian	C	4	complete	1	1	1	2	exposed_validation
HG02148	AMR	PEL39	alignment_only_hprc_asian	DPA1	2	complete	1	1	1	2	exposed_validation
HG02148	AMR	PEL39	alignment_only_hprc_asian	DPA1	4	complete	1	1	1	2	exposed_validation
HG02148	AMR	PEL39	alignment_only_hprc_asian	DPB1	2	complete	1	1	1	2	exposed_validation
HG02148	AMR	PEL39	alignment_only_hprc_asian	DPB1	4	complete	1	1	1	2	exposed_validation
HG02148	AMR	PEL39	alignment_only_hprc_asian	DQA1	2	complete	1	1	1	2	exposed_validation
HG02148	AMR	PEL39	alignment_only_hprc_asian	DQA1	4	complete	0	0	0	0	exposed_validation
HG02148	AMR	PEL39	alignment_only_hprc_asian	DQB1	2	complete	1	1	1	2	exposed_validation
HG02148	AMR	PEL39	alignment_only_hprc_asian	DQB1	4	complete	1	1	1	2	exposed_validation
HG02148	AMR	PEL39	alignment_only_hprc_asian	DRB1	2	complete	1	1	1	2	exposed_validation
HG02148	AMR	PEL39	alignment_only_hprc_asian	DRB1	4	complete	0	0	0	0	exposed_validation
HG02257	AFR	BB21	alignment_only_hprc	A	2	complete	1	1	1	2	exposed_validation
HG02257	AFR	BB21	alignment_only_hprc	A	4	complete	1	1	1	2	exposed_validation
HG02257	AFR	BB21	alignment_only_hprc	B	2	complete	1	1	1	2	exposed_validation
HG02257	AFR	BB21	alignment_only_hprc	B	4	complete	0	0	0	0	exposed_validation
HG02257	AFR	BB21	alignment_only_hprc	C	2	complete	1	1	1	2	exposed_validation
HG02257	AFR	BB21	alignment_only_hprc	C	4	complete	1	1	1	2	exposed_validation
HG02257	AFR	BB21	alignment_only_hprc	DPA1	2	complete	1	1	1	2	exposed_validation
HG02257	AFR	BB21	alignment_only_hprc	DPA1	4	complete	0	0	0	0	exposed_validation
HG02257	AFR	BB21	alignment_only_hprc	DPB1	2	complete	1	1	1	2	exposed_validation
HG02257	AFR	BB21	alignment_only_hprc	DPB1	4	complete	1	1	1	2	exposed_validation
HG02257	AFR	BB21	alignment_only_hprc	DQA1	2	complete	1	1	1	2	exposed_validation
HG02257	AFR	BB21	alignment_only_hprc	DQA1	4	complete	1	1	0	1	exposed_validation
HG02257	AFR	BB21	alignment_only_hprc	DQB1	2	complete	1	1	1	2	exposed_validation
HG02257	AFR	BB21	alignment_only_hprc	DQB1	4	complete	1	1	1	2	exposed_validation
HG02257	AFR	BB21	alignment_only_hprc	DRB1	2	complete	1	1	1	2	exposed_validation
HG02257	AFR	BB21	alignment_only_hprc	DRB1	4	complete	0	0	0	0	exposed_validation
HG02257	AFR	BB21	alignment_only_hprc_asian	A	2	complete	1	1	1	2	exposed_validation
HG02257	AFR	BB21	alignment_only_hprc_asian	A	4	complete	1	1	0	1	exposed_validation
HG02257	AFR	BB21	alignment_only_hprc_asian	B	2	complete	1	1	1	2	exposed_validation
HG02257	AFR	BB21	alignment_only_hprc_asian	B	4	complete	0	0	0	0	exposed_validation
HG02257	AFR	BB21	alignment_only_hprc_asian	C	2	complete	1	1	1	2	exposed_validation
HG02257	AFR	BB21	alignment_only_hprc_asian	C	4	complete	1	1	1	2	exposed_validation
HG02257	AFR	BB21	alignment_only_hprc_asian	DPA1	2	complete	1	1	1	2	exposed_validation
HG02257	AFR	BB21	alignment_only_hprc_asian	DPA1	4	complete	0	0	0	0	exposed_validation
HG02257	AFR	BB21	alignment_only_hprc_asian	DPB1	2	complete	1	1	1	2	exposed_validation
HG02257	AFR	BB21	alignment_only_hprc_asian	DPB1	4	complete	1	1	1	2	exposed_validation
HG02257	AFR	BB21	alignment_only_hprc_asian	DQA1	2	complete	1	1	1	2	exposed_validation
HG02257	AFR	BB21	alignment_only_hprc_asian	DQA1	4	complete	1	1	0	1	exposed_validation
HG02257	AFR	BB21	alignment_only_hprc_asian	DQB1	2	complete	1	1	1	2	exposed_validation
HG02257	AFR	BB21	alignment_only_hprc_asian	DQB1	4	complete	1	1	1	2	exposed_validation
HG02257	AFR	BB21	alignment_only_hprc_asian	DRB1	2	complete	1	1	1	2	exposed_validation
HG02257	AFR	BB21	alignment_only_hprc_asian	DRB1	4	complete	0	0	0	0	exposed_validation
HG02258	AFR	BB22	alignment_only_hprc	A	2	complete	1	1	1	2	exposed_validation
HG02258	AFR	BB22	alignment_only_hprc	A	4	complete	1	1	1	2	exposed_validation
HG02258	AFR	BB22	alignment_only_hprc	B	2	complete	1	1	1	2	exposed_validation
HG02258	AFR	BB22	alignment_only_hprc	B	4	complete	0	0	0	0	exposed_validation
HG02258	AFR	BB22	alignment_only_hprc	C	2	complete	1	1	1	2	exposed_validation
HG02258	AFR	BB22	alignment_only_hprc	C	4	complete	0	0	0	0	exposed_validation
HG02258	AFR	BB22	alignment_only_hprc	DPA1	2	complete	1	1	0	1	exposed_validation
HG02258	AFR	BB22	alignment_only_hprc	DPA1	4	complete	1	0	0	0	exposed_validation
HG02258	AFR	BB22	alignment_only_hprc	DPB1	2	complete	1	1	1	2	exposed_validation
HG02258	AFR	BB22	alignment_only_hprc	DPB1	4	complete	1	1	1	2	exposed_validation
HG02258	AFR	BB22	alignment_only_hprc	DQA1	2	complete	1	1	1	2	exposed_validation
HG02258	AFR	BB22	alignment_only_hprc	DQA1	4	complete	1	1	0	1	exposed_validation
HG02258	AFR	BB22	alignment_only_hprc	DQB1	2	complete	1	1	1	2	exposed_validation
HG02258	AFR	BB22	alignment_only_hprc	DQB1	4	complete	1	1	0	1	exposed_validation
HG02258	AFR	BB22	alignment_only_hprc	DRB1	2	complete	1	1	1	2	exposed_validation
HG02258	AFR	BB22	alignment_only_hprc	DRB1	4	complete	0	0	0	0	exposed_validation
HG02258	AFR	BB22	alignment_only_hprc_asian	A	2	complete	1	1	1	2	exposed_validation
HG02258	AFR	BB22	alignment_only_hprc_asian	A	4	complete	1	1	1	2	exposed_validation
HG02258	AFR	BB22	alignment_only_hprc_asian	B	2	complete	1	1	1	2	exposed_validation
HG02258	AFR	BB22	alignment_only_hprc_asian	B	4	complete	0	0	0	0	exposed_validation
HG02258	AFR	BB22	alignment_only_hprc_asian	C	2	complete	1	1	1	2	exposed_validation
HG02258	AFR	BB22	alignment_only_hprc_asian	C	4	complete	0	0	0	0	exposed_validation
HG02258	AFR	BB22	alignment_only_hprc_asian	DPA1	2	complete	1	1	0	1	exposed_validation
HG02258	AFR	BB22	alignment_only_hprc_asian	DPA1	4	complete	1	0	0	0	exposed_validation
HG02258	AFR	BB22	alignment_only_hprc_asian	DPB1	2	complete	1	1	1	2	exposed_validation
HG02258	AFR	BB22	alignment_only_hprc_asian	DPB1	4	complete	1	1	1	2	exposed_validation
HG02258	AFR	BB22	alignment_only_hprc_asian	DQA1	2	complete	1	1	1	2	exposed_validation
HG02258	AFR	BB22	alignment_only_hprc_asian	DQA1	4	complete	1	1	1	2	exposed_validation
HG02258	AFR	BB22	alignment_only_hprc_asian	DQB1	2	complete	1	1	1	2	exposed_validation
HG02258	AFR	BB22	alignment_only_hprc_asian	DQB1	4	complete	1	1	0	1	exposed_validation
HG02258	AFR	BB22	alignment_only_hprc_asian	DRB1	2	complete	1	1	1	2	exposed_validation
HG02258	AFR	BB22	alignment_only_hprc_asian	DRB1	4	complete	0	0	0	0	exposed_validation
HG02273	AMR	PEL46	alignment_only_hprc	A	2	complete	1	1	1	2	exposed_validation
HG02273	AMR	PEL46	alignment_only_hprc	A	4	complete	1	1	1	2	exposed_validation
HG02273	AMR	PEL46	alignment_only_hprc	B	2	complete	1	1	1	2	exposed_validation
HG02273	AMR	PEL46	alignment_only_hprc	B	4	complete	1	1	1	2	exposed_validation
HG02273	AMR	PEL46	alignment_only_hprc	C	2	complete	1	1	1	2	exposed_validation
HG02273	AMR	PEL46	alignment_only_hprc	C	4	complete	1	1	1	2	exposed_validation
HG02273	AMR	PEL46	alignment_only_hprc	DPA1	2	complete	1	1	1	2	exposed_validation
HG02273	AMR	PEL46	alignment_only_hprc	DPA1	4	complete	0	0	0	0	exposed_validation
HG02273	AMR	PEL46	alignment_only_hprc	DPB1	2	complete	1	1	1	2	exposed_validation
HG02273	AMR	PEL46	alignment_only_hprc	DPB1	4	complete	1	1	1	2	exposed_validation
HG02273	AMR	PEL46	alignment_only_hprc	DQA1	2	complete	1	1	1	2	exposed_validation
HG02273	AMR	PEL46	alignment_only_hprc	DQA1	4	complete	0	0	0	0	exposed_validation
HG02273	AMR	PEL46	alignment_only_hprc	DQB1	2	complete	1	1	1	2	exposed_validation
HG02273	AMR	PEL46	alignment_only_hprc	DQB1	4	complete	1	1	1	2	exposed_validation
HG02273	AMR	PEL46	alignment_only_hprc	DRB1	2	complete	1	1	1	2	exposed_validation
HG02273	AMR	PEL46	alignment_only_hprc	DRB1	4	complete	0	0	0	0	exposed_validation
HG02273	AMR	PEL46	alignment_only_hprc_asian	A	2	complete	1	1	1	2	exposed_validation
HG02273	AMR	PEL46	alignment_only_hprc_asian	A	4	complete	1	1	1	2	exposed_validation
HG02273	AMR	PEL46	alignment_only_hprc_asian	B	2	complete	1	1	1	2	exposed_validation
HG02273	AMR	PEL46	alignment_only_hprc_asian	B	4	complete	1	1	1	2	exposed_validation
HG02273	AMR	PEL46	alignment_only_hprc_asian	C	2	complete	1	1	1	2	exposed_validation
HG02273	AMR	PEL46	alignment_only_hprc_asian	C	4	complete	1	1	1	2	exposed_validation
HG02273	AMR	PEL46	alignment_only_hprc_asian	DPA1	2	complete	1	1	1	2	exposed_validation
HG02273	AMR	PEL46	alignment_only_hprc_asian	DPA1	4	complete	0	0	0	0	exposed_validation
HG02273	AMR	PEL46	alignment_only_hprc_asian	DPB1	2	complete	1	1	1	2	exposed_validation
HG02273	AMR	PEL46	alignment_only_hprc_asian	DPB1	4	complete	1	1	1	2	exposed_validation
HG02273	AMR	PEL46	alignment_only_hprc_asian	DQA1	2	complete	1	1	1	2	exposed_validation
HG02273	AMR	PEL46	alignment_only_hprc_asian	DQA1	4	complete	0	0	0	0	exposed_validation
HG02273	AMR	PEL46	alignment_only_hprc_asian	DQB1	2	complete	1	1	1	2	exposed_validation
HG02273	AMR	PEL46	alignment_only_hprc_asian	DQB1	4	complete	1	1	1	2	exposed_validation
HG02273	AMR	PEL46	alignment_only_hprc_asian	DRB1	2	complete	1	1	1	2	exposed_validation
HG02273	AMR	PEL46	alignment_only_hprc_asian	DRB1	4	complete	0	0	0	0	exposed_validation
HG02280	AFR	BB23	alignment_only_hprc	A	2	complete	1	1	1	2	exposed_validation
HG02280	AFR	BB23	alignment_only_hprc	A	4	complete	1	1	1	2	exposed_validation
HG02280	AFR	BB23	alignment_only_hprc	B	2	complete	1	1	1	2	exposed_validation
HG02280	AFR	BB23	alignment_only_hprc	B	4	complete	0	0	0	0	exposed_validation
HG02280	AFR	BB23	alignment_only_hprc	C	2	complete	1	1	1	2	exposed_validation
HG02280	AFR	BB23	alignment_only_hprc	C	4	complete	1	1	1	2	exposed_validation
HG02280	AFR	BB23	alignment_only_hprc	DPA1	2	complete	1	1	0	1	exposed_validation
HG02280	AFR	BB23	alignment_only_hprc	DPA1	4	complete	1	0	0	1	exposed_validation
HG02280	AFR	BB23	alignment_only_hprc	DPB1	2	complete	1	1	1	2	exposed_validation
HG02280	AFR	BB23	alignment_only_hprc	DPB1	4	complete	1	1	1	2	exposed_validation
HG02280	AFR	BB23	alignment_only_hprc	DQA1	2	complete	1	1	1	2	exposed_validation
HG02280	AFR	BB23	alignment_only_hprc	DQA1	4	complete	1	1	0	1	exposed_validation
HG02280	AFR	BB23	alignment_only_hprc	DQB1	2	complete	1	1	1	2	exposed_validation
HG02280	AFR	BB23	alignment_only_hprc	DQB1	4	complete	1	1	1	2	exposed_validation
HG02280	AFR	BB23	alignment_only_hprc	DRB1	2	complete	1	1	1	2	exposed_validation
HG02280	AFR	BB23	alignment_only_hprc	DRB1	4	complete	0	0	0	0	exposed_validation
HG02280	AFR	BB23	alignment_only_hprc_asian	A	2	complete	1	1	1	2	exposed_validation
HG02280	AFR	BB23	alignment_only_hprc_asian	A	4	complete	1	1	1	2	exposed_validation
HG02280	AFR	BB23	alignment_only_hprc_asian	B	2	complete	1	1	1	2	exposed_validation
HG02280	AFR	BB23	alignment_only_hprc_asian	B	4	complete	0	0	0	0	exposed_validation
HG02280	AFR	BB23	alignment_only_hprc_asian	C	2	complete	1	1	1	2	exposed_validation
HG02280	AFR	BB23	alignment_only_hprc_asian	C	4	complete	1	1	1	2	exposed_validation
HG02280	AFR	BB23	alignment_only_hprc_asian	DPA1	2	complete	1	1	0	1	exposed_validation
HG02280	AFR	BB23	alignment_only_hprc_asian	DPA1	4	complete	1	0	0	1	exposed_validation
HG02280	AFR	BB23	alignment_only_hprc_asian	DPB1	2	complete	1	1	1	2	exposed_validation
HG02280	AFR	BB23	alignment_only_hprc_asian	DPB1	4	complete	1	1	1	2	exposed_validation
HG02280	AFR	BB23	alignment_only_hprc_asian	DQA1	2	complete	1	1	1	2	exposed_validation
HG02280	AFR	BB23	alignment_only_hprc_asian	DQA1	4	complete	1	1	0	1	exposed_validation
HG02280	AFR	BB23	alignment_only_hprc_asian	DQB1	2	complete	1	1	1	2	exposed_validation
HG02280	AFR	BB23	alignment_only_hprc_asian	DQB1	4	complete	1	1	1	2	exposed_validation
HG02280	AFR	BB23	alignment_only_hprc_asian	DRB1	2	complete	1	1	1	2	exposed_validation
HG02280	AFR	BB23	alignment_only_hprc_asian	DRB1	4	complete	0	0	0	0	exposed_validation
HG02293	AMR	PEL51	alignment_only_hprc	A	2	complete	1	1	1	2	exposed_validation
HG02293	AMR	PEL51	alignment_only_hprc	A	4	complete	0	0	0	0	exposed_validation
HG02293	AMR	PEL51	alignment_only_hprc	B	2	complete	1	1	1	2	exposed_validation
HG02293	AMR	PEL51	alignment_only_hprc	B	4	complete	1	1	1	2	exposed_validation
HG02293	AMR	PEL51	alignment_only_hprc	C	2	complete	1	1	1	2	exposed_validation
HG02293	AMR	PEL51	alignment_only_hprc	C	4	complete	1	1	1	2	exposed_validation
HG02293	AMR	PEL51	alignment_only_hprc	DPA1	2	complete	1	1	1	2	exposed_validation
HG02293	AMR	PEL51	alignment_only_hprc	DPA1	4	complete	0	0	0	0	exposed_validation
HG02293	AMR	PEL51	alignment_only_hprc	DPB1	2	complete	1	1	1	2	exposed_validation
HG02293	AMR	PEL51	alignment_only_hprc	DPB1	4	complete	1	1	1	2	exposed_validation
HG02293	AMR	PEL51	alignment_only_hprc	DQA1	2	complete	1	1	1	2	exposed_validation
HG02293	AMR	PEL51	alignment_only_hprc	DQA1	4	complete	1	1	1	2	exposed_validation
HG02293	AMR	PEL51	alignment_only_hprc	DQB1	2	complete	1	1	1	2	exposed_validation
HG02293	AMR	PEL51	alignment_only_hprc	DQB1	4	complete	1	1	1	2	exposed_validation
HG02293	AMR	PEL51	alignment_only_hprc	DRB1	2	complete	1	1	1	2	exposed_validation
HG02293	AMR	PEL51	alignment_only_hprc	DRB1	4	complete	0	0	0	0	exposed_validation
HG02293	AMR	PEL51	alignment_only_hprc_asian	A	2	complete	1	1	1	2	exposed_validation
HG02293	AMR	PEL51	alignment_only_hprc_asian	A	4	complete	0	0	0	0	exposed_validation
HG02293	AMR	PEL51	alignment_only_hprc_asian	B	2	complete	1	1	1	2	exposed_validation
HG02293	AMR	PEL51	alignment_only_hprc_asian	B	4	complete	1	1	1	2	exposed_validation
HG02293	AMR	PEL51	alignment_only_hprc_asian	C	2	complete	1	1	1	2	exposed_validation
HG02293	AMR	PEL51	alignment_only_hprc_asian	C	4	complete	1	1	1	2	exposed_validation
HG02293	AMR	PEL51	alignment_only_hprc_asian	DPA1	2	complete	1	1	1	2	exposed_validation
HG02293	AMR	PEL51	alignment_only_hprc_asian	DPA1	4	complete	0	0	0	0	exposed_validation
HG02293	AMR	PEL51	alignment_only_hprc_asian	DPB1	2	complete	1	1	1	2	exposed_validation
HG02293	AMR	PEL51	alignment_only_hprc_asian	DPB1	4	complete	1	1	1	2	exposed_validation
HG02293	AMR	PEL51	alignment_only_hprc_asian	DQA1	2	complete	1	1	1	2	exposed_validation
HG02293	AMR	PEL51	alignment_only_hprc_asian	DQA1	4	complete	1	1	1	2	exposed_validation
HG02293	AMR	PEL51	alignment_only_hprc_asian	DQB1	2	complete	1	1	1	2	exposed_validation
HG02293	AMR	PEL51	alignment_only_hprc_asian	DQB1	4	complete	1	1	1	2	exposed_validation
HG02293	AMR	PEL51	alignment_only_hprc_asian	DRB1	2	complete	1	1	1	2	exposed_validation
HG02293	AMR	PEL51	alignment_only_hprc_asian	DRB1	4	complete	0	0	0	0	exposed_validation
HG02300	AMR	PEL52	alignment_only_hprc	A	2	complete	1	1	1	2	exposed_validation
HG02300	AMR	PEL52	alignment_only_hprc	A	4	complete	0	0	0	0	exposed_validation
HG02300	AMR	PEL52	alignment_only_hprc	B	2	complete	1	1	1	2	exposed_validation
HG02300	AMR	PEL52	alignment_only_hprc	B	4	complete	0	0	0	0	exposed_validation
HG02300	AMR	PEL52	alignment_only_hprc	C	2	complete	1	1	1	2	exposed_validation
HG02300	AMR	PEL52	alignment_only_hprc	C	4	complete	1	1	1	2	exposed_validation
HG02300	AMR	PEL52	alignment_only_hprc	DPA1	2	complete	1	1	1	2	exposed_validation
HG02300	AMR	PEL52	alignment_only_hprc	DPA1	4	complete	0	0	0	0	exposed_validation
HG02300	AMR	PEL52	alignment_only_hprc	DPB1	2	complete	1	1	1	2	exposed_validation
HG02300	AMR	PEL52	alignment_only_hprc	DPB1	4	complete	1	1	1	2	exposed_validation
HG02300	AMR	PEL52	alignment_only_hprc	DQA1	2	complete	1	1	1	2	exposed_validation
HG02300	AMR	PEL52	alignment_only_hprc	DQA1	4	complete	1	1	1	2	exposed_validation
HG02300	AMR	PEL52	alignment_only_hprc	DQB1	2	complete	1	1	1	2	exposed_validation
HG02300	AMR	PEL52	alignment_only_hprc	DQB1	4	complete	1	1	1	2	exposed_validation
HG02300	AMR	PEL52	alignment_only_hprc	DRB1	2	complete	1	1	1	2	exposed_validation
HG02300	AMR	PEL52	alignment_only_hprc	DRB1	4	complete	0	0	0	0	exposed_validation
HG02300	AMR	PEL52	alignment_only_hprc_asian	A	2	complete	1	1	1	2	exposed_validation
HG02300	AMR	PEL52	alignment_only_hprc_asian	A	4	complete	0	0	0	0	exposed_validation
HG02300	AMR	PEL52	alignment_only_hprc_asian	B	2	complete	1	1	1	2	exposed_validation
HG02300	AMR	PEL52	alignment_only_hprc_asian	B	4	complete	0	0	0	0	exposed_validation
HG02300	AMR	PEL52	alignment_only_hprc_asian	C	2	complete	1	1	1	2	exposed_validation
HG02300	AMR	PEL52	alignment_only_hprc_asian	C	4	complete	1	1	1	2	exposed_validation
HG02300	AMR	PEL52	alignment_only_hprc_asian	DPA1	2	complete	1	1	1	2	exposed_validation
HG02300	AMR	PEL52	alignment_only_hprc_asian	DPA1	4	complete	0	0	0	0	exposed_validation
HG02300	AMR	PEL52	alignment_only_hprc_asian	DPB1	2	complete	1	1	1	2	exposed_validation
HG02300	AMR	PEL52	alignment_only_hprc_asian	DPB1	4	complete	1	1	1	2	exposed_validation
HG02300	AMR	PEL52	alignment_only_hprc_asian	DQA1	2	complete	1	1	1	2	exposed_validation
HG02300	AMR	PEL52	alignment_only_hprc_asian	DQA1	4	complete	1	1	1	2	exposed_validation
HG02300	AMR	PEL52	alignment_only_hprc_asian	DQB1	2	complete	1	1	1	2	exposed_validation
HG02300	AMR	PEL52	alignment_only_hprc_asian	DQB1	4	complete	1	1	1	2	exposed_validation
HG02300	AMR	PEL52	alignment_only_hprc_asian	DRB1	2	complete	1	1	1	2	exposed_validation
HG02300	AMR	PEL52	alignment_only_hprc_asian	DRB1	4	complete	0	0	0	0	exposed_validation
HG02392	EAS	HG02392	alignment_only_hprc	A	2	complete	1	1	1	2	exposed_validation
HG02392	EAS	HG02392	alignment_only_hprc	A	4	complete	1	1	1	2	exposed_validation
HG02392	EAS	HG02392	alignment_only_hprc	B	2	complete	1	1	1	2	exposed_validation
HG02392	EAS	HG02392	alignment_only_hprc	B	4	complete	0	0	0	0	exposed_validation
HG02392	EAS	HG02392	alignment_only_hprc	C	2	complete	1	1	1	2	exposed_validation
HG02392	EAS	HG02392	alignment_only_hprc	C	4	complete	1	1	1	2	exposed_validation
HG02392	EAS	HG02392	alignment_only_hprc	DPA1	2	complete	1	1	1	2	exposed_validation
HG02392	EAS	HG02392	alignment_only_hprc	DPA1	4	complete	0	0	0	0	exposed_validation
HG02392	EAS	HG02392	alignment_only_hprc	DPB1	2	complete	1	1	1	2	exposed_validation
HG02392	EAS	HG02392	alignment_only_hprc	DPB1	4	complete	1	1	1	2	exposed_validation
HG02392	EAS	HG02392	alignment_only_hprc	DQA1	2	complete	1	1	1	2	exposed_validation
HG02392	EAS	HG02392	alignment_only_hprc	DQA1	4	complete	0	0	0	0	exposed_validation
HG02392	EAS	HG02392	alignment_only_hprc	DQB1	2	complete	1	1	1	2	exposed_validation
HG02392	EAS	HG02392	alignment_only_hprc	DQB1	4	complete	0	0	0	0	exposed_validation
HG02392	EAS	HG02392	alignment_only_hprc	DRB1	2	complete	1	1	1	2	exposed_validation
HG02392	EAS	HG02392	alignment_only_hprc	DRB1	4	complete	0	0	0	0	exposed_validation
HG02392	EAS	HG02392	alignment_only_hprc_asian	A	2	complete	1	1	1	2	exposed_validation
HG02392	EAS	HG02392	alignment_only_hprc_asian	A	4	complete	1	1	1	2	exposed_validation
HG02392	EAS	HG02392	alignment_only_hprc_asian	B	2	complete	1	1	1	2	exposed_validation
HG02392	EAS	HG02392	alignment_only_hprc_asian	B	4	complete	0	0	0	0	exposed_validation
HG02392	EAS	HG02392	alignment_only_hprc_asian	C	2	complete	1	1	1	2	exposed_validation
HG02392	EAS	HG02392	alignment_only_hprc_asian	C	4	complete	1	1	1	2	exposed_validation
HG02392	EAS	HG02392	alignment_only_hprc_asian	DPA1	2	complete	1	1	1	2	exposed_validation
HG02392	EAS	HG02392	alignment_only_hprc_asian	DPA1	4	complete	0	0	0	0	exposed_validation
HG02392	EAS	HG02392	alignment_only_hprc_asian	DPB1	2	complete	1	1	1	2	exposed_validation
HG02392	EAS	HG02392	alignment_only_hprc_asian	DPB1	4	complete	1	1	1	2	exposed_validation
HG02392	EAS	HG02392	alignment_only_hprc_asian	DQA1	2	complete	1	1	1	2	exposed_validation
HG02392	EAS	HG02392	alignment_only_hprc_asian	DQA1	4	complete	0	0	0	0	exposed_validation
HG02392	EAS	HG02392	alignment_only_hprc_asian	DQB1	2	complete	1	1	1	2	exposed_validation
HG02392	EAS	HG02392	alignment_only_hprc_asian	DQB1	4	complete	0	0	0	0	exposed_validation
HG02392	EAS	HG02392	alignment_only_hprc_asian	DRB1	2	complete	1	1	1	2	exposed_validation
HG02392	EAS	HG02392	alignment_only_hprc_asian	DRB1	4	complete	0	0	0	0	exposed_validation
HG02451	AFR	BB46	alignment_only_hprc	A	2	complete	1	1	1	2	exposed_validation
HG02451	AFR	BB46	alignment_only_hprc	A	4	complete	1	1	1	2	exposed_validation
HG02451	AFR	BB46	alignment_only_hprc	B	2	complete	1	1	1	2	exposed_validation
HG02451	AFR	BB46	alignment_only_hprc	B	4	complete	0	0	0	0	exposed_validation
HG02451	AFR	BB46	alignment_only_hprc	C	2	complete	1	1	1	2	exposed_validation
HG02451	AFR	BB46	alignment_only_hprc	C	4	complete	0	0	0	0	exposed_validation
HG02451	AFR	BB46	alignment_only_hprc	DPA1	2	complete	1	1	1	2	exposed_validation
HG02451	AFR	BB46	alignment_only_hprc	DPA1	4	complete	1	1	1	2	exposed_validation
HG02451	AFR	BB46	alignment_only_hprc	DPB1	2	complete	1	1	1	2	exposed_validation
HG02451	AFR	BB46	alignment_only_hprc	DPB1	4	complete	1	1	1	2	exposed_validation
HG02451	AFR	BB46	alignment_only_hprc	DQA1	2	complete	1	1	1	2	exposed_validation
HG02451	AFR	BB46	alignment_only_hprc	DQA1	4	complete	1	1	0	1	exposed_validation
HG02451	AFR	BB46	alignment_only_hprc	DQB1	2	complete	1	1	1	2	exposed_validation
HG02451	AFR	BB46	alignment_only_hprc	DQB1	4	complete	1	1	0	1	exposed_validation
HG02451	AFR	BB46	alignment_only_hprc	DRB1	2	complete	1	1	1	2	exposed_validation
HG02451	AFR	BB46	alignment_only_hprc	DRB1	4	complete	0	0	0	0	exposed_validation
HG02451	AFR	BB46	alignment_only_hprc_asian	A	2	complete	1	1	1	2	exposed_validation
HG02451	AFR	BB46	alignment_only_hprc_asian	A	4	complete	1	1	1	2	exposed_validation
HG02451	AFR	BB46	alignment_only_hprc_asian	B	2	complete	1	1	1	2	exposed_validation
HG02451	AFR	BB46	alignment_only_hprc_asian	B	4	complete	0	0	0	0	exposed_validation
HG02451	AFR	BB46	alignment_only_hprc_asian	C	2	complete	1	1	1	2	exposed_validation
HG02451	AFR	BB46	alignment_only_hprc_asian	C	4	complete	0	0	0	0	exposed_validation
HG02451	AFR	BB46	alignment_only_hprc_asian	DPA1	2	complete	1	1	1	2	exposed_validation
HG02451	AFR	BB46	alignment_only_hprc_asian	DPA1	4	complete	1	1	1	2	exposed_validation
HG02451	AFR	BB46	alignment_only_hprc_asian	DPB1	2	complete	1	1	1	2	exposed_validation
HG02451	AFR	BB46	alignment_only_hprc_asian	DPB1	4	complete	1	1	1	2	exposed_validation
HG02451	AFR	BB46	alignment_only_hprc_asian	DQA1	2	complete	1	1	1	2	exposed_validation
HG02451	AFR	BB46	alignment_only_hprc_asian	DQA1	4	complete	1	1	0	1	exposed_validation
HG02451	AFR	BB46	alignment_only_hprc_asian	DQB1	2	complete	1	1	1	2	exposed_validation
HG02451	AFR	BB46	alignment_only_hprc_asian	DQB1	4	complete	1	1	0	1	exposed_validation
HG02451	AFR	BB46	alignment_only_hprc_asian	DRB1	2	complete	1	1	1	2	exposed_validation
HG02451	AFR	BB46	alignment_only_hprc_asian	DRB1	4	complete	0	0	0	0	exposed_validation
HG02514	EAS	VN087	alignment_only_hprc	A	2	complete	1	1	1	2	exposed_validation
HG02514	EAS	VN087	alignment_only_hprc	A	4	complete	0	0	0	0	exposed_validation
HG02514	EAS	VN087	alignment_only_hprc	B	2	complete	1	1	1	2	exposed_validation
HG02514	EAS	VN087	alignment_only_hprc	B	4	complete	0	0	0	0	exposed_validation
HG02514	EAS	VN087	alignment_only_hprc	C	2	complete	1	1	1	2	exposed_validation
HG02514	EAS	VN087	alignment_only_hprc	C	4	complete	1	1	1	2	exposed_validation
HG02514	EAS	VN087	alignment_only_hprc	DPA1	2	complete	1	1	1	2	exposed_validation
HG02514	EAS	VN087	alignment_only_hprc	DPA1	4	complete	1	1	1	2	exposed_validation
HG02514	EAS	VN087	alignment_only_hprc	DPB1	2	complete	1	1	1	2	exposed_validation
HG02514	EAS	VN087	alignment_only_hprc	DPB1	4	complete	1	1	1	2	exposed_validation
HG02514	EAS	VN087	alignment_only_hprc	DQA1	2	complete	1	1	1	2	exposed_validation
HG02514	EAS	VN087	alignment_only_hprc	DQA1	4	complete	1	1	1	2	exposed_validation
HG02514	EAS	VN087	alignment_only_hprc	DQB1	2	complete	1	1	1	2	exposed_validation
HG02514	EAS	VN087	alignment_only_hprc	DQB1	4	complete	1	1	1	2	exposed_validation
HG02514	EAS	VN087	alignment_only_hprc	DRB1	2	complete	1	1	1	2	exposed_validation
HG02514	EAS	VN087	alignment_only_hprc	DRB1	4	complete	0	0	0	0	exposed_validation
HG02514	EAS	VN087	alignment_only_hprc_asian	A	2	complete	1	1	1	2	exposed_validation
HG02514	EAS	VN087	alignment_only_hprc_asian	A	4	complete	0	0	0	0	exposed_validation
HG02514	EAS	VN087	alignment_only_hprc_asian	B	2	complete	1	1	1	2	exposed_validation
HG02514	EAS	VN087	alignment_only_hprc_asian	B	4	complete	0	0	0	0	exposed_validation
HG02514	EAS	VN087	alignment_only_hprc_asian	C	2	complete	1	1	1	2	exposed_validation
HG02514	EAS	VN087	alignment_only_hprc_asian	C	4	complete	1	1	1	2	exposed_validation
HG02514	EAS	VN087	alignment_only_hprc_asian	DPA1	2	complete	1	1	1	2	exposed_validation
HG02514	EAS	VN087	alignment_only_hprc_asian	DPA1	4	complete	1	1	1	2	exposed_validation
HG02514	EAS	VN087	alignment_only_hprc_asian	DPB1	2	complete	1	1	1	2	exposed_validation
HG02514	EAS	VN087	alignment_only_hprc_asian	DPB1	4	complete	1	1	1	2	exposed_validation
HG02514	EAS	VN087	alignment_only_hprc_asian	DQA1	2	complete	1	1	1	2	exposed_validation
HG02514	EAS	VN087	alignment_only_hprc_asian	DQA1	4	complete	1	1	1	2	exposed_validation
HG02514	EAS	VN087	alignment_only_hprc_asian	DQB1	2	complete	1	1	1	2	exposed_validation
HG02514	EAS	VN087	alignment_only_hprc_asian	DQB1	4	complete	1	1	1	2	exposed_validation
HG02514	EAS	VN087	alignment_only_hprc_asian	DRB1	2	complete	1	1	1	2	exposed_validation
HG02514	EAS	VN087	alignment_only_hprc_asian	DRB1	4	complete	0	0	0	0	exposed_validation
HG02572	AFR	GB21	alignment_only_hprc	A	2	complete	1	1	1	2	exposed_validation
HG02572	AFR	GB21	alignment_only_hprc	A	4	complete	1	1	1	2	exposed_validation
HG02572	AFR	GB21	alignment_only_hprc	B	2	complete	1	1	1	2	exposed_validation
HG02572	AFR	GB21	alignment_only_hprc	B	4	complete	0	0	0	0	exposed_validation
HG02572	AFR	GB21	alignment_only_hprc	C	2	complete	1	1	1	2	exposed_validation
HG02572	AFR	GB21	alignment_only_hprc	C	4	complete	0	0	0	0	exposed_validation
HG02572	AFR	GB21	alignment_only_hprc	DPA1	2	complete	1	1	1	2	exposed_validation
HG02572	AFR	GB21	alignment_only_hprc	DPA1	4	complete	0	0	0	0	exposed_validation
HG02572	AFR	GB21	alignment_only_hprc	DPB1	2	complete	1	1	1	2	exposed_validation
HG02572	AFR	GB21	alignment_only_hprc	DPB1	4	complete	0	0	0	0	exposed_validation
HG02572	AFR	GB21	alignment_only_hprc	DQA1	2	complete	1	1	1	2	exposed_validation
HG02572	AFR	GB21	alignment_only_hprc	DQA1	4	complete	0	0	0	0	exposed_validation
HG02572	AFR	GB21	alignment_only_hprc	DQB1	2	complete	1	1	1	2	exposed_validation
HG02572	AFR	GB21	alignment_only_hprc	DQB1	4	complete	1	1	1	2	exposed_validation
HG02572	AFR	GB21	alignment_only_hprc	DRB1	2	complete	1	1	1	2	exposed_validation
HG02572	AFR	GB21	alignment_only_hprc	DRB1	4	complete	0	0	0	0	exposed_validation
HG02572	AFR	GB21	alignment_only_hprc_asian	A	2	complete	1	1	1	2	exposed_validation
HG02572	AFR	GB21	alignment_only_hprc_asian	A	4	complete	1	1	1	2	exposed_validation
HG02572	AFR	GB21	alignment_only_hprc_asian	B	2	complete	1	1	1	2	exposed_validation
HG02572	AFR	GB21	alignment_only_hprc_asian	B	4	complete	0	0	0	0	exposed_validation
HG02572	AFR	GB21	alignment_only_hprc_asian	C	2	complete	1	1	1	2	exposed_validation
HG02572	AFR	GB21	alignment_only_hprc_asian	C	4	complete	0	0	0	0	exposed_validation
HG02572	AFR	GB21	alignment_only_hprc_asian	DPA1	2	complete	1	1	1	2	exposed_validation
HG02572	AFR	GB21	alignment_only_hprc_asian	DPA1	4	complete	0	0	0	0	exposed_validation
HG02572	AFR	GB21	alignment_only_hprc_asian	DPB1	2	complete	1	1	1	2	exposed_validation
HG02572	AFR	GB21	alignment_only_hprc_asian	DPB1	4	complete	0	0	0	0	exposed_validation
HG02572	AFR	GB21	alignment_only_hprc_asian	DQA1	2	complete	1	1	1	2	exposed_validation
HG02572	AFR	GB21	alignment_only_hprc_asian	DQA1	4	complete	0	0	0	0	exposed_validation
HG02572	AFR	GB21	alignment_only_hprc_asian	DQB1	2	complete	1	1	1	2	exposed_validation
HG02572	AFR	GB21	alignment_only_hprc_asian	DQB1	4	complete	1	1	1	2	exposed_validation
HG02572	AFR	GB21	alignment_only_hprc_asian	DRB1	2	complete	1	1	1	2	exposed_validation
HG02572	AFR	GB21	alignment_only_hprc_asian	DRB1	4	complete	0	0	0	0	exposed_validation
HG02583	AFR	GB23	alignment_only_hprc	A	2	complete	1	1	1	2	exposed_validation
HG02583	AFR	GB23	alignment_only_hprc	A	4	complete	1	1	1	2	exposed_validation
HG02583	AFR	GB23	alignment_only_hprc	B	2	complete	1	1	0	1	exposed_validation
HG02583	AFR	GB23	alignment_only_hprc	B	4	complete	0	0	0	0	exposed_validation
HG02583	AFR	GB23	alignment_only_hprc	C	2	complete	1	1	1	2	exposed_validation
HG02583	AFR	GB23	alignment_only_hprc	C	4	complete	1	1	1	2	exposed_validation
HG02583	AFR	GB23	alignment_only_hprc	DPA1	2	complete	1	1	1	2	exposed_validation
HG02583	AFR	GB23	alignment_only_hprc	DPA1	4	complete	0	0	0	0	exposed_validation
HG02583	AFR	GB23	alignment_only_hprc	DPB1	2	complete	1	1	1	2	exposed_validation
HG02583	AFR	GB23	alignment_only_hprc	DPB1	4	complete	0	0	0	0	exposed_validation
HG02583	AFR	GB23	alignment_only_hprc	DQA1	2	complete	1	1	1	2	exposed_validation
HG02583	AFR	GB23	alignment_only_hprc	DQA1	4	complete	0	0	0	0	exposed_validation
HG02583	AFR	GB23	alignment_only_hprc	DQB1	2	complete	1	1	1	2	exposed_validation
HG02583	AFR	GB23	alignment_only_hprc	DQB1	4	complete	0	0	0	0	exposed_validation
HG02583	AFR	GB23	alignment_only_hprc	DRB1	2	complete	1	1	1	2	exposed_validation
HG02583	AFR	GB23	alignment_only_hprc	DRB1	4	complete	1	1	1	2	exposed_validation
HG02583	AFR	GB23	alignment_only_hprc_asian	A	2	complete	1	1	1	2	exposed_validation
HG02583	AFR	GB23	alignment_only_hprc_asian	A	4	complete	1	1	1	2	exposed_validation
HG02583	AFR	GB23	alignment_only_hprc_asian	B	2	complete	1	1	0	1	exposed_validation
HG02583	AFR	GB23	alignment_only_hprc_asian	B	4	complete	0	0	0	0	exposed_validation
HG02583	AFR	GB23	alignment_only_hprc_asian	C	2	complete	1	1	1	2	exposed_validation
HG02583	AFR	GB23	alignment_only_hprc_asian	C	4	complete	1	1	1	2	exposed_validation
HG02583	AFR	GB23	alignment_only_hprc_asian	DPA1	2	complete	1	1	1	2	exposed_validation
HG02583	AFR	GB23	alignment_only_hprc_asian	DPA1	4	complete	0	0	0	0	exposed_validation
HG02583	AFR	GB23	alignment_only_hprc_asian	DPB1	2	complete	1	1	1	2	exposed_validation
HG02583	AFR	GB23	alignment_only_hprc_asian	DPB1	4	complete	0	0	0	0	exposed_validation
HG02583	AFR	GB23	alignment_only_hprc_asian	DQA1	2	complete	1	1	1	2	exposed_validation
HG02583	AFR	GB23	alignment_only_hprc_asian	DQA1	4	complete	0	0	0	0	exposed_validation
HG02583	AFR	GB23	alignment_only_hprc_asian	DQB1	2	complete	1	1	1	2	exposed_validation
HG02583	AFR	GB23	alignment_only_hprc_asian	DQB1	4	complete	0	0	0	0	exposed_validation
HG02583	AFR	GB23	alignment_only_hprc_asian	DRB1	2	complete	1	1	1	2	exposed_validation
HG02583	AFR	GB23	alignment_only_hprc_asian	DRB1	4	complete	1	1	1	2	exposed_validation
HG02615	AFR	GB29	alignment_only_hprc	A	2	complete	1	1	1	2	exposed_validation
HG02615	AFR	GB29	alignment_only_hprc	A	4	complete	1	1	0	1	exposed_validation
HG02615	AFR	GB29	alignment_only_hprc	B	2	complete	1	1	1	2	exposed_validation
HG02615	AFR	GB29	alignment_only_hprc	B	4	complete	0	0	0	0	exposed_validation
HG02615	AFR	GB29	alignment_only_hprc	C	2	complete	1	1	1	2	exposed_validation
HG02615	AFR	GB29	alignment_only_hprc	C	4	complete	0	0	0	0	exposed_validation
HG02615	AFR	GB29	alignment_only_hprc	DPA1	2	complete	1	1	0	1	exposed_validation
HG02615	AFR	GB29	alignment_only_hprc	DPA1	4	complete	0	0	0	0	exposed_validation
HG02615	AFR	GB29	alignment_only_hprc	DPB1	2	complete	1	1	1	2	exposed_validation
HG02615	AFR	GB29	alignment_only_hprc	DPB1	4	complete	1	1	1	2	exposed_validation
HG02615	AFR	GB29	alignment_only_hprc	DQA1	2	complete	1	1	1	2	exposed_validation
HG02615	AFR	GB29	alignment_only_hprc	DQA1	4	complete	0	0	0	0	exposed_validation
HG02615	AFR	GB29	alignment_only_hprc	DQB1	2	complete	1	1	1	2	exposed_validation
HG02615	AFR	GB29	alignment_only_hprc	DQB1	4	complete	1	1	1	2	exposed_validation
HG02615	AFR	GB29	alignment_only_hprc	DRB1	2	complete	1	1	1	2	exposed_validation
HG02615	AFR	GB29	alignment_only_hprc	DRB1	4	complete	0	0	0	0	exposed_validation
HG02615	AFR	GB29	alignment_only_hprc_asian	A	2	complete	1	1	1	2	exposed_validation
HG02615	AFR	GB29	alignment_only_hprc_asian	A	4	complete	1	1	0	1	exposed_validation
HG02615	AFR	GB29	alignment_only_hprc_asian	B	2	complete	1	1	1	2	exposed_validation
HG02615	AFR	GB29	alignment_only_hprc_asian	B	4	complete	0	0	0	0	exposed_validation
HG02615	AFR	GB29	alignment_only_hprc_asian	C	2	complete	1	1	1	2	exposed_validation
HG02615	AFR	GB29	alignment_only_hprc_asian	C	4	complete	0	0	0	0	exposed_validation
HG02615	AFR	GB29	alignment_only_hprc_asian	DPA1	2	complete	1	1	0	1	exposed_validation
HG02615	AFR	GB29	alignment_only_hprc_asian	DPA1	4	complete	0	0	0	0	exposed_validation
HG02615	AFR	GB29	alignment_only_hprc_asian	DPB1	2	complete	1	1	1	2	exposed_validation
HG02615	AFR	GB29	alignment_only_hprc_asian	DPB1	4	complete	1	1	1	2	exposed_validation
HG02615	AFR	GB29	alignment_only_hprc_asian	DQA1	2	complete	1	1	1	2	exposed_validation
HG02615	AFR	GB29	alignment_only_hprc_asian	DQA1	4	complete	0	0	0	0	exposed_validation
HG02615	AFR	GB29	alignment_only_hprc_asian	DQB1	2	complete	1	1	1	2	exposed_validation
HG02615	AFR	GB29	alignment_only_hprc_asian	DQB1	4	complete	1	1	1	2	exposed_validation
HG02615	AFR	GB29	alignment_only_hprc_asian	DRB1	2	complete	1	1	1	2	exposed_validation
HG02615	AFR	GB29	alignment_only_hprc_asian	DRB1	4	complete	0	0	0	0	exposed_validation
HG02622	AFR	GB31	alignment_only_hprc	A	2	complete	1	1	1	2	exposed_validation
HG02622	AFR	GB31	alignment_only_hprc	A	4	complete	1	1	1	2	exposed_validation
HG02622	AFR	GB31	alignment_only_hprc	B	2	complete	1	1	1	2	exposed_validation
HG02622	AFR	GB31	alignment_only_hprc	B	4	complete	0	0	0	0	exposed_validation
HG02622	AFR	GB31	alignment_only_hprc	C	2	complete	1	1	1	2	exposed_validation
HG02622	AFR	GB31	alignment_only_hprc	C	4	complete	0	0	0	0	exposed_validation
HG02622	AFR	GB31	alignment_only_hprc	DPA1	2	complete	1	1	1	2	exposed_validation
HG02622	AFR	GB31	alignment_only_hprc	DPA1	4	complete	1	1	1	2	exposed_validation
HG02622	AFR	GB31	alignment_only_hprc	DPB1	2	complete	1	1	1	2	exposed_validation
HG02622	AFR	GB31	alignment_only_hprc	DPB1	4	complete	1	1	1	2	exposed_validation
HG02622	AFR	GB31	alignment_only_hprc	DQA1	2	complete	1	1	1	2	exposed_validation
HG02622	AFR	GB31	alignment_only_hprc	DQA1	4	complete	0	0	0	0	exposed_validation
HG02622	AFR	GB31	alignment_only_hprc	DQB1	2	complete	1	1	1	2	exposed_validation
HG02622	AFR	GB31	alignment_only_hprc	DQB1	4	complete	0	0	0	0	exposed_validation
HG02622	AFR	GB31	alignment_only_hprc	DRB1	2	complete	1	1	1	2	exposed_validation
HG02622	AFR	GB31	alignment_only_hprc	DRB1	4	complete	0	0	0	0	exposed_validation
HG02622	AFR	GB31	alignment_only_hprc_asian	A	2	complete	1	1	1	2	exposed_validation
HG02622	AFR	GB31	alignment_only_hprc_asian	A	4	complete	1	1	1	2	exposed_validation
HG02622	AFR	GB31	alignment_only_hprc_asian	B	2	complete	1	1	1	2	exposed_validation
HG02622	AFR	GB31	alignment_only_hprc_asian	B	4	complete	0	0	0	0	exposed_validation
HG02622	AFR	GB31	alignment_only_hprc_asian	C	2	complete	1	1	1	2	exposed_validation
HG02622	AFR	GB31	alignment_only_hprc_asian	C	4	complete	0	0	0	0	exposed_validation
HG02622	AFR	GB31	alignment_only_hprc_asian	DPA1	2	complete	1	1	1	2	exposed_validation
HG02622	AFR	GB31	alignment_only_hprc_asian	DPA1	4	complete	1	1	1	2	exposed_validation
HG02622	AFR	GB31	alignment_only_hprc_asian	DPB1	2	complete	1	1	1	2	exposed_validation
HG02622	AFR	GB31	alignment_only_hprc_asian	DPB1	4	complete	1	1	1	2	exposed_validation
HG02622	AFR	GB31	alignment_only_hprc_asian	DQA1	2	complete	1	1	1	2	exposed_validation
HG02622	AFR	GB31	alignment_only_hprc_asian	DQA1	4	complete	0	0	0	0	exposed_validation
HG02622	AFR	GB31	alignment_only_hprc_asian	DQB1	2	complete	1	1	1	2	exposed_validation
HG02622	AFR	GB31	alignment_only_hprc_asian	DQB1	4	complete	0	0	0	0	exposed_validation
HG02622	AFR	GB31	alignment_only_hprc_asian	DRB1	2	complete	1	1	1	2	exposed_validation
HG02622	AFR	GB31	alignment_only_hprc_asian	DRB1	4	complete	0	0	0	0	exposed_validation
HG02630	AFR	GB33	alignment_only_hprc	A	2	complete	1	1	1	2	exposed_validation
HG02630	AFR	GB33	alignment_only_hprc	A	4	complete	1	1	1	2	exposed_validation
HG02630	AFR	GB33	alignment_only_hprc	B	2	complete	1	1	1	2	exposed_validation
HG02630	AFR	GB33	alignment_only_hprc	B	4	complete	0	0	0	0	exposed_validation
HG02630	AFR	GB33	alignment_only_hprc	C	2	complete	1	1	1	2	exposed_validation
HG02630	AFR	GB33	alignment_only_hprc	C	4	complete	1	1	1	2	exposed_validation
HG02630	AFR	GB33	alignment_only_hprc	DPA1	2	complete	1	1	1	2	exposed_validation
HG02630	AFR	GB33	alignment_only_hprc	DPA1	4	complete	1	1	1	2	exposed_validation
HG02630	AFR	GB33	alignment_only_hprc	DPB1	2	complete	1	1	1	2	exposed_validation
HG02630	AFR	GB33	alignment_only_hprc	DPB1	4	complete	0	0	0	0	exposed_validation
HG02630	AFR	GB33	alignment_only_hprc	DQA1	2	complete	1	1	1	2	exposed_validation
HG02630	AFR	GB33	alignment_only_hprc	DQA1	4	complete	1	1	1	2	exposed_validation
HG02630	AFR	GB33	alignment_only_hprc	DQB1	2	complete	1	1	1	2	exposed_validation
HG02630	AFR	GB33	alignment_only_hprc	DQB1	4	complete	1	1	1	2	exposed_validation
HG02630	AFR	GB33	alignment_only_hprc	DRB1	2	complete	1	1	1	2	exposed_validation
HG02630	AFR	GB33	alignment_only_hprc	DRB1	4	complete	0	0	0	0	exposed_validation
HG02630	AFR	GB33	alignment_only_hprc_asian	A	2	complete	1	1	1	2	exposed_validation
HG02630	AFR	GB33	alignment_only_hprc_asian	A	4	complete	1	1	1	2	exposed_validation
HG02630	AFR	GB33	alignment_only_hprc_asian	B	2	complete	1	1	1	2	exposed_validation
HG02630	AFR	GB33	alignment_only_hprc_asian	B	4	complete	0	0	0	0	exposed_validation
HG02630	AFR	GB33	alignment_only_hprc_asian	C	2	complete	1	1	1	2	exposed_validation
HG02630	AFR	GB33	alignment_only_hprc_asian	C	4	complete	1	1	1	2	exposed_validation
HG02630	AFR	GB33	alignment_only_hprc_asian	DPA1	2	complete	1	1	1	2	exposed_validation
HG02630	AFR	GB33	alignment_only_hprc_asian	DPA1	4	complete	1	1	1	2	exposed_validation
HG02630	AFR	GB33	alignment_only_hprc_asian	DPB1	2	complete	1	1	1	2	exposed_validation
HG02630	AFR	GB33	alignment_only_hprc_asian	DPB1	4	complete	0	0	0	0	exposed_validation
HG02630	AFR	GB33	alignment_only_hprc_asian	DQA1	2	complete	1	1	1	2	exposed_validation
HG02630	AFR	GB33	alignment_only_hprc_asian	DQA1	4	complete	1	1	1	2	exposed_validation
HG02630	AFR	GB33	alignment_only_hprc_asian	DQB1	2	complete	1	1	1	2	exposed_validation
HG02630	AFR	GB33	alignment_only_hprc_asian	DQB1	4	complete	1	1	1	2	exposed_validation
HG02630	AFR	GB33	alignment_only_hprc_asian	DRB1	2	complete	1	1	1	2	exposed_validation
HG02630	AFR	GB33	alignment_only_hprc_asian	DRB1	4	complete	0	0	0	0	exposed_validation
HG02647	AFR	GB38	alignment_only_hprc	A	2	complete	1	1	1	2	exposed_validation
HG02647	AFR	GB38	alignment_only_hprc	A	4	complete	1	1	1	2	exposed_validation
HG02647	AFR	GB38	alignment_only_hprc	B	2	complete	1	1	1	2	exposed_validation
HG02647	AFR	GB38	alignment_only_hprc	B	4	complete	0	0	0	0	exposed_validation
HG02647	AFR	GB38	alignment_only_hprc	C	2	complete	1	1	1	2	exposed_validation
HG02647	AFR	GB38	alignment_only_hprc	C	4	complete	0	0	0	0	exposed_validation
HG02647	AFR	GB38	alignment_only_hprc	DPA1	2	complete	1	1	0	1	exposed_validation
HG02647	AFR	GB38	alignment_only_hprc	DPA1	4	complete	0	0	0	0	exposed_validation
HG02647	AFR	GB38	alignment_only_hprc	DPB1	2	complete	1	1	1	2	exposed_validation
HG02647	AFR	GB38	alignment_only_hprc	DPB1	4	complete	1	1	1	2	exposed_validation
HG02647	AFR	GB38	alignment_only_hprc	DQA1	2	complete	1	1	1	2	exposed_validation
HG02647	AFR	GB38	alignment_only_hprc	DQA1	4	complete	1	1	0	1	exposed_validation
HG02647	AFR	GB38	alignment_only_hprc	DQB1	2	complete	1	1	1	2	exposed_validation
HG02647	AFR	GB38	alignment_only_hprc	DQB1	4	complete	1	1	1	2	exposed_validation
HG02647	AFR	GB38	alignment_only_hprc	DRB1	2	complete	1	1	1	2	exposed_validation
HG02647	AFR	GB38	alignment_only_hprc	DRB1	4	complete	0	0	0	0	exposed_validation
HG02647	AFR	GB38	alignment_only_hprc_asian	A	2	complete	1	1	1	2	exposed_validation
HG02647	AFR	GB38	alignment_only_hprc_asian	A	4	complete	1	1	1	2	exposed_validation
HG02647	AFR	GB38	alignment_only_hprc_asian	B	2	complete	1	1	1	2	exposed_validation
HG02647	AFR	GB38	alignment_only_hprc_asian	B	4	complete	0	0	0	0	exposed_validation
HG02647	AFR	GB38	alignment_only_hprc_asian	C	2	complete	1	1	1	2	exposed_validation
HG02647	AFR	GB38	alignment_only_hprc_asian	C	4	complete	0	0	0	0	exposed_validation
HG02647	AFR	GB38	alignment_only_hprc_asian	DPA1	2	complete	1	1	0	1	exposed_validation
HG02647	AFR	GB38	alignment_only_hprc_asian	DPA1	4	complete	0	0	0	0	exposed_validation
HG02647	AFR	GB38	alignment_only_hprc_asian	DPB1	2	complete	1	1	1	2	exposed_validation
HG02647	AFR	GB38	alignment_only_hprc_asian	DPB1	4	complete	1	1	1	2	exposed_validation
HG02647	AFR	GB38	alignment_only_hprc_asian	DQA1	2	complete	1	1	1	2	exposed_validation
HG02647	AFR	GB38	alignment_only_hprc_asian	DQA1	4	complete	1	1	0	1	exposed_validation
HG02647	AFR	GB38	alignment_only_hprc_asian	DQB1	2	complete	1	1	1	2	exposed_validation
HG02647	AFR	GB38	alignment_only_hprc_asian	DQB1	4	complete	1	1	1	2	exposed_validation
HG02647	AFR	GB38	alignment_only_hprc_asian	DRB1	2	complete	1	1	1	2	exposed_validation
HG02647	AFR	GB38	alignment_only_hprc_asian	DRB1	4	complete	0	0	0	0	exposed_validation
HG02668	AFR	GB40	alignment_only_hprc	A	2	complete	1	1	1	2	exposed_validation
HG02668	AFR	GB40	alignment_only_hprc	A	4	complete	1	1	1	2	exposed_validation
HG02668	AFR	GB40	alignment_only_hprc	B	2	complete	1	1	1	2	exposed_validation
HG02668	AFR	GB40	alignment_only_hprc	B	4	complete	0	0	0	0	exposed_validation
HG02668	AFR	GB40	alignment_only_hprc	C	2	complete	1	1	1	2	exposed_validation
HG02668	AFR	GB40	alignment_only_hprc	C	4	complete	0	0	0	0	exposed_validation
HG02668	AFR	GB40	alignment_only_hprc	DPA1	2	complete	1	1	1	2	exposed_validation
HG02668	AFR	GB40	alignment_only_hprc	DPA1	4	complete	0	0	0	0	exposed_validation
HG02668	AFR	GB40	alignment_only_hprc	DPB1	2	complete	1	1	0	1	exposed_validation
HG02668	AFR	GB40	alignment_only_hprc	DPB1	4	complete	0	0	0	0	exposed_validation
HG02668	AFR	GB40	alignment_only_hprc	DQA1	2	complete	1	1	1	2	exposed_validation
HG02668	AFR	GB40	alignment_only_hprc	DQA1	4	complete	1	1	1	2	exposed_validation
HG02668	AFR	GB40	alignment_only_hprc	DQB1	2	complete	1	1	1	2	exposed_validation
HG02668	AFR	GB40	alignment_only_hprc	DQB1	4	complete	0	0	0	0	exposed_validation
HG02668	AFR	GB40	alignment_only_hprc	DRB1	2	complete	1	1	1	2	exposed_validation
HG02668	AFR	GB40	alignment_only_hprc	DRB1	4	complete	0	0	0	0	exposed_validation
HG02668	AFR	GB40	alignment_only_hprc_asian	A	2	complete	1	1	1	2	exposed_validation
HG02668	AFR	GB40	alignment_only_hprc_asian	A	4	complete	1	1	1	2	exposed_validation
HG02668	AFR	GB40	alignment_only_hprc_asian	B	2	complete	1	1	1	2	exposed_validation
HG02668	AFR	GB40	alignment_only_hprc_asian	B	4	complete	0	0	0	0	exposed_validation
HG02668	AFR	GB40	alignment_only_hprc_asian	C	2	complete	1	1	1	2	exposed_validation
HG02668	AFR	GB40	alignment_only_hprc_asian	C	4	complete	0	0	0	0	exposed_validation
HG02668	AFR	GB40	alignment_only_hprc_asian	DPA1	2	complete	1	1	1	2	exposed_validation
HG02668	AFR	GB40	alignment_only_hprc_asian	DPA1	4	complete	0	0	0	0	exposed_validation
HG02668	AFR	GB40	alignment_only_hprc_asian	DPB1	2	complete	1	1	0	1	exposed_validation
HG02668	AFR	GB40	alignment_only_hprc_asian	DPB1	4	complete	0	0	0	0	exposed_validation
HG02668	AFR	GB40	alignment_only_hprc_asian	DQA1	2	complete	1	1	1	2	exposed_validation
HG02668	AFR	GB40	alignment_only_hprc_asian	DQA1	4	complete	1	1	1	2	exposed_validation
HG02668	AFR	GB40	alignment_only_hprc_asian	DQB1	2	complete	1	1	1	2	exposed_validation
HG02668	AFR	GB40	alignment_only_hprc_asian	DQB1	4	complete	0	0	0	0	exposed_validation
HG02668	AFR	GB40	alignment_only_hprc_asian	DRB1	2	complete	1	1	1	2	exposed_validation
HG02668	AFR	GB40	alignment_only_hprc_asian	DRB1	4	complete	0	0	0	0	exposed_validation
HG02698	SAS	PK21	alignment_only_hprc	A	2	complete	1	1	1	2	exposed_validation
HG02698	SAS	PK21	alignment_only_hprc	A	4	complete	1	1	1	2	exposed_validation
HG02698	SAS	PK21	alignment_only_hprc	B	2	complete	1	1	1	2	exposed_validation
HG02698	SAS	PK21	alignment_only_hprc	B	4	complete	0	0	0	0	exposed_validation
HG02698	SAS	PK21	alignment_only_hprc	C	2	complete	1	1	1	2	exposed_validation
HG02698	SAS	PK21	alignment_only_hprc	C	4	complete	0	0	0	0	exposed_validation
HG02698	SAS	PK21	alignment_only_hprc	DPA1	2	complete	1	1	1	2	exposed_validation
HG02698	SAS	PK21	alignment_only_hprc	DPA1	4	complete	1	1	1	2	exposed_validation
HG02698	SAS	PK21	alignment_only_hprc	DPB1	2	complete	0	0	0	0	exposed_validation
HG02698	SAS	PK21	alignment_only_hprc	DPB1	4	complete	0	0	0	0	exposed_validation
HG02698	SAS	PK21	alignment_only_hprc	DQA1	2	complete	1	1	1	2	exposed_validation
HG02698	SAS	PK21	alignment_only_hprc	DQA1	4	complete	1	1	1	2	exposed_validation
HG02698	SAS	PK21	alignment_only_hprc	DQB1	2	complete	1	1	1	2	exposed_validation
HG02698	SAS	PK21	alignment_only_hprc	DQB1	4	complete	1	1	1	2	exposed_validation
HG02698	SAS	PK21	alignment_only_hprc	DRB1	2	complete	1	1	1	2	exposed_validation
HG02698	SAS	PK21	alignment_only_hprc	DRB1	4	complete	0	0	0	0	exposed_validation
HG02698	SAS	PK21	alignment_only_hprc_asian	A	2	complete	1	1	1	2	exposed_validation
HG02698	SAS	PK21	alignment_only_hprc_asian	A	4	complete	1	1	1	2	exposed_validation
HG02698	SAS	PK21	alignment_only_hprc_asian	B	2	complete	1	1	1	2	exposed_validation
HG02698	SAS	PK21	alignment_only_hprc_asian	B	4	complete	0	0	0	0	exposed_validation
HG02698	SAS	PK21	alignment_only_hprc_asian	C	2	complete	1	1	1	2	exposed_validation
HG02698	SAS	PK21	alignment_only_hprc_asian	C	4	complete	0	0	0	0	exposed_validation
HG02698	SAS	PK21	alignment_only_hprc_asian	DPA1	2	complete	1	1	1	2	exposed_validation
HG02698	SAS	PK21	alignment_only_hprc_asian	DPA1	4	complete	1	1	1	2	exposed_validation
HG02698	SAS	PK21	alignment_only_hprc_asian	DPB1	2	complete	0	0	0	0	exposed_validation
HG02698	SAS	PK21	alignment_only_hprc_asian	DPB1	4	complete	0	0	0	0	exposed_validation
HG02698	SAS	PK21	alignment_only_hprc_asian	DQA1	2	complete	1	1	1	2	exposed_validation
HG02698	SAS	PK21	alignment_only_hprc_asian	DQA1	4	complete	1	1	1	2	exposed_validation
HG02698	SAS	PK21	alignment_only_hprc_asian	DQB1	2	complete	1	1	1	2	exposed_validation
HG02698	SAS	PK21	alignment_only_hprc_asian	DQB1	4	complete	1	1	1	2	exposed_validation
HG02698	SAS	PK21	alignment_only_hprc_asian	DRB1	2	complete	1	1	1	2	exposed_validation
HG02698	SAS	PK21	alignment_only_hprc_asian	DRB1	4	complete	0	0	0	0	exposed_validation
HG02717	AFR	GB50	alignment_only_hprc	A	2	complete	1	1	1	2	exposed_validation
HG02717	AFR	GB50	alignment_only_hprc	A	4	complete	1	1	1	2	exposed_validation
HG02717	AFR	GB50	alignment_only_hprc	B	2	complete	1	1	1	2	exposed_validation
HG02717	AFR	GB50	alignment_only_hprc	B	4	complete	0	0	0	0	exposed_validation
HG02717	AFR	GB50	alignment_only_hprc	C	2	complete	1	1	1	2	exposed_validation
HG02717	AFR	GB50	alignment_only_hprc	C	4	complete	1	1	1	2	exposed_validation
HG02717	AFR	GB50	alignment_only_hprc	DPA1	2	complete	1	1	1	2	exposed_validation
HG02717	AFR	GB50	alignment_only_hprc	DPA1	4	complete	0	0	0	0	exposed_validation
HG02717	AFR	GB50	alignment_only_hprc	DPB1	2	complete	1	1	1	2	exposed_validation
HG02717	AFR	GB50	alignment_only_hprc	DPB1	4	complete	1	1	1	2	exposed_validation
HG02717	AFR	GB50	alignment_only_hprc	DQA1	2	complete	1	1	1	2	exposed_validation
HG02717	AFR	GB50	alignment_only_hprc	DQA1	4	complete	0	0	0	0	exposed_validation
HG02717	AFR	GB50	alignment_only_hprc	DQB1	2	complete	1	1	1	2	exposed_validation
HG02717	AFR	GB50	alignment_only_hprc	DQB1	4	complete	0	0	0	0	exposed_validation
HG02717	AFR	GB50	alignment_only_hprc	DRB1	2	complete	1	1	1	2	exposed_validation
HG02717	AFR	GB50	alignment_only_hprc	DRB1	4	complete	0	0	0	0	exposed_validation
HG02717	AFR	GB50	alignment_only_hprc_asian	A	2	complete	1	1	1	2	exposed_validation
HG02717	AFR	GB50	alignment_only_hprc_asian	A	4	complete	1	1	1	2	exposed_validation
HG02717	AFR	GB50	alignment_only_hprc_asian	B	2	complete	1	1	1	2	exposed_validation
HG02717	AFR	GB50	alignment_only_hprc_asian	B	4	complete	0	0	0	0	exposed_validation
HG02717	AFR	GB50	alignment_only_hprc_asian	C	2	complete	1	1	1	2	exposed_validation
HG02717	AFR	GB50	alignment_only_hprc_asian	C	4	complete	1	1	1	2	exposed_validation
HG02717	AFR	GB50	alignment_only_hprc_asian	DPA1	2	complete	1	1	1	2	exposed_validation
HG02717	AFR	GB50	alignment_only_hprc_asian	DPA1	4	complete	0	0	0	0	exposed_validation
HG02717	AFR	GB50	alignment_only_hprc_asian	DPB1	2	complete	1	1	1	2	exposed_validation
HG02717	AFR	GB50	alignment_only_hprc_asian	DPB1	4	complete	1	1	1	2	exposed_validation
HG02717	AFR	GB50	alignment_only_hprc_asian	DQA1	2	complete	1	1	1	2	exposed_validation
HG02717	AFR	GB50	alignment_only_hprc_asian	DQA1	4	complete	0	0	0	0	exposed_validation
HG02717	AFR	GB50	alignment_only_hprc_asian	DQB1	2	complete	1	1	1	2	exposed_validation
HG02717	AFR	GB50	alignment_only_hprc_asian	DQB1	4	complete	0	0	0	0	exposed_validation
HG02717	AFR	GB50	alignment_only_hprc_asian	DRB1	2	complete	1	1	1	2	exposed_validation
HG02717	AFR	GB50	alignment_only_hprc_asian	DRB1	4	complete	0	0	0	0	exposed_validation
HG02723	AFR	GB52	alignment_only_hprc	A	2	complete	1	1	1	2	exposed_validation
HG02723	AFR	GB52	alignment_only_hprc	A	4	complete	1	1	1	2	exposed_validation
HG02723	AFR	GB52	alignment_only_hprc	B	2	complete	1	1	1	2	exposed_validation
HG02723	AFR	GB52	alignment_only_hprc	B	4	complete	1	1	1	2	exposed_validation
HG02723	AFR	GB52	alignment_only_hprc	C	2	complete	1	1	1	2	exposed_validation
HG02723	AFR	GB52	alignment_only_hprc	C	4	complete	1	1	1	2	exposed_validation
HG02723	AFR	GB52	alignment_only_hprc	DPA1	2	complete	1	1	1	2	exposed_validation
HG02723	AFR	GB52	alignment_only_hprc	DPA1	4	complete	0	0	0	0	exposed_validation
HG02723	AFR	GB52	alignment_only_hprc	DPB1	2	complete	1	1	1	2	exposed_validation
HG02723	AFR	GB52	alignment_only_hprc	DPB1	4	complete	1	1	1	2	exposed_validation
HG02723	AFR	GB52	alignment_only_hprc	DQA1	2	complete	1	1	1	2	exposed_validation
HG02723	AFR	GB52	alignment_only_hprc	DQA1	4	complete	0	0	0	0	exposed_validation
HG02723	AFR	GB52	alignment_only_hprc	DQB1	2	complete	1	1	1	2	exposed_validation
HG02723	AFR	GB52	alignment_only_hprc	DQB1	4	complete	1	1	1	2	exposed_validation
HG02723	AFR	GB52	alignment_only_hprc	DRB1	2	complete	1	1	1	2	exposed_validation
HG02723	AFR	GB52	alignment_only_hprc	DRB1	4	complete	0	0	0	0	exposed_validation
HG02723	AFR	GB52	alignment_only_hprc_asian	A	2	complete	1	1	1	2	exposed_validation
HG02723	AFR	GB52	alignment_only_hprc_asian	A	4	complete	1	1	1	2	exposed_validation
HG02723	AFR	GB52	alignment_only_hprc_asian	B	2	complete	1	1	1	2	exposed_validation
HG02723	AFR	GB52	alignment_only_hprc_asian	B	4	complete	1	1	1	2	exposed_validation
HG02723	AFR	GB52	alignment_only_hprc_asian	C	2	complete	1	1	1	2	exposed_validation
HG02723	AFR	GB52	alignment_only_hprc_asian	C	4	complete	1	1	1	2	exposed_validation
HG02723	AFR	GB52	alignment_only_hprc_asian	DPA1	2	complete	1	1	1	2	exposed_validation
HG02723	AFR	GB52	alignment_only_hprc_asian	DPA1	4	complete	0	0	0	0	exposed_validation
HG02723	AFR	GB52	alignment_only_hprc_asian	DPB1	2	complete	1	1	1	2	exposed_validation
HG02723	AFR	GB52	alignment_only_hprc_asian	DPB1	4	complete	1	1	1	2	exposed_validation
HG02723	AFR	GB52	alignment_only_hprc_asian	DQA1	2	complete	1	1	1	2	exposed_validation
HG02723	AFR	GB52	alignment_only_hprc_asian	DQA1	4	complete	0	0	0	0	exposed_validation
HG02723	AFR	GB52	alignment_only_hprc_asian	DQB1	2	complete	1	1	1	2	exposed_validation
HG02723	AFR	GB52	alignment_only_hprc_asian	DQB1	4	complete	1	1	1	2	exposed_validation
HG02723	AFR	GB52	alignment_only_hprc_asian	DRB1	2	complete	1	1	1	2	exposed_validation
HG02723	AFR	GB52	alignment_only_hprc_asian	DRB1	4	complete	0	0	0	0	exposed_validation
HG02735	SAS	PK26	alignment_only_hprc	A	2	complete	1	1	1	2	exposed_validation
HG02735	SAS	PK26	alignment_only_hprc	A	4	complete	1	1	1	2	exposed_validation
HG02735	SAS	PK26	alignment_only_hprc	B	2	complete	1	1	1	2	exposed_validation
HG02735	SAS	PK26	alignment_only_hprc	B	4	complete	0	0	0	0	exposed_validation
HG02735	SAS	PK26	alignment_only_hprc	C	2	complete	1	1	1	2	exposed_validation
HG02735	SAS	PK26	alignment_only_hprc	C	4	complete	1	1	1	2	exposed_validation
HG02735	SAS	PK26	alignment_only_hprc	DPA1	2	complete	1	1	1	2	exposed_validation
HG02735	SAS	PK26	alignment_only_hprc	DPA1	4	complete	1	1	1	2	exposed_validation
HG02735	SAS	PK26	alignment_only_hprc	DPB1	2	complete	1	1	1	2	exposed_validation
HG02735	SAS	PK26	alignment_only_hprc	DPB1	4	complete	1	1	1	2	exposed_validation
HG02735	SAS	PK26	alignment_only_hprc	DQA1	2	complete	1	1	1	2	exposed_validation
HG02735	SAS	PK26	alignment_only_hprc	DQA1	4	complete	0	0	0	0	exposed_validation
HG02735	SAS	PK26	alignment_only_hprc	DQB1	2	complete	1	1	1	2	exposed_validation
HG02735	SAS	PK26	alignment_only_hprc	DQB1	4	complete	1	1	0	1	exposed_validation
HG02735	SAS	PK26	alignment_only_hprc	DRB1	2	complete	1	1	1	2	exposed_validation
HG02735	SAS	PK26	alignment_only_hprc	DRB1	4	complete	0	0	0	0	exposed_validation
HG02735	SAS	PK26	alignment_only_hprc_asian	A	2	complete	1	1	1	2	exposed_validation
HG02735	SAS	PK26	alignment_only_hprc_asian	A	4	complete	1	1	1	2	exposed_validation
HG02735	SAS	PK26	alignment_only_hprc_asian	B	2	complete	1	1	1	2	exposed_validation
HG02735	SAS	PK26	alignment_only_hprc_asian	B	4	complete	0	0	0	0	exposed_validation
HG02735	SAS	PK26	alignment_only_hprc_asian	C	2	complete	1	1	1	2	exposed_validation
HG02735	SAS	PK26	alignment_only_hprc_asian	C	4	complete	1	1	1	2	exposed_validation
HG02735	SAS	PK26	alignment_only_hprc_asian	DPA1	2	complete	1	1	1	2	exposed_validation
HG02735	SAS	PK26	alignment_only_hprc_asian	DPA1	4	complete	1	1	1	2	exposed_validation
HG02735	SAS	PK26	alignment_only_hprc_asian	DPB1	2	complete	1	1	1	2	exposed_validation
HG02735	SAS	PK26	alignment_only_hprc_asian	DPB1	4	complete	1	1	1	2	exposed_validation
HG02735	SAS	PK26	alignment_only_hprc_asian	DQA1	2	complete	1	1	1	2	exposed_validation
HG02735	SAS	PK26	alignment_only_hprc_asian	DQA1	4	complete	0	0	0	0	exposed_validation
HG02735	SAS	PK26	alignment_only_hprc_asian	DQB1	2	complete	1	1	1	2	exposed_validation
HG02735	SAS	PK26	alignment_only_hprc_asian	DQB1	4	complete	1	1	0	1	exposed_validation
HG02735	SAS	PK26	alignment_only_hprc_asian	DRB1	2	complete	1	1	1	2	exposed_validation
HG02735	SAS	PK26	alignment_only_hprc_asian	DRB1	4	complete	0	0	0	0	exposed_validation
HG02818	AFR	GB66	alignment_only_hprc	A	2	complete	1	1	1	2	exposed_validation
HG02818	AFR	GB66	alignment_only_hprc	A	4	complete	0	0	0	0	exposed_validation
HG02818	AFR	GB66	alignment_only_hprc	B	2	complete	1	1	1	2	exposed_validation
HG02818	AFR	GB66	alignment_only_hprc	B	4	complete	0	0	0	0	exposed_validation
HG02818	AFR	GB66	alignment_only_hprc	C	2	complete	1	1	1	2	exposed_validation
HG02818	AFR	GB66	alignment_only_hprc	C	4	complete	1	1	1	2	exposed_validation
HG02818	AFR	GB66	alignment_only_hprc	DPA1	2	complete	1	1	1	2	exposed_validation
HG02818	AFR	GB66	alignment_only_hprc	DPA1	4	complete	1	1	1	2	exposed_validation
HG02818	AFR	GB66	alignment_only_hprc	DPB1	2	complete	1	1	1	2	exposed_validation
HG02818	AFR	GB66	alignment_only_hprc	DPB1	4	complete	0	0	0	0	exposed_validation
HG02818	AFR	GB66	alignment_only_hprc	DQA1	2	complete	1	1	1	2	exposed_validation
HG02818	AFR	GB66	alignment_only_hprc	DQA1	4	complete	1	1	0	0	exposed_validation
HG02818	AFR	GB66	alignment_only_hprc	DQB1	2	complete	1	1	1	2	exposed_validation
HG02818	AFR	GB66	alignment_only_hprc	DQB1	4	complete	0	0	0	0	exposed_validation
HG02818	AFR	GB66	alignment_only_hprc	DRB1	2	complete	1	1	1	2	exposed_validation
HG02818	AFR	GB66	alignment_only_hprc	DRB1	4	complete	0	0	0	0	exposed_validation
HG02818	AFR	GB66	alignment_only_hprc_asian	A	2	complete	1	1	1	2	exposed_validation
HG02818	AFR	GB66	alignment_only_hprc_asian	A	4	complete	0	0	0	0	exposed_validation
HG02818	AFR	GB66	alignment_only_hprc_asian	B	2	complete	1	1	1	2	exposed_validation
HG02818	AFR	GB66	alignment_only_hprc_asian	B	4	complete	0	0	0	0	exposed_validation
HG02818	AFR	GB66	alignment_only_hprc_asian	C	2	complete	1	1	1	2	exposed_validation
HG02818	AFR	GB66	alignment_only_hprc_asian	C	4	complete	1	1	1	2	exposed_validation
HG02818	AFR	GB66	alignment_only_hprc_asian	DPA1	2	complete	1	1	1	2	exposed_validation
HG02818	AFR	GB66	alignment_only_hprc_asian	DPA1	4	complete	1	1	1	2	exposed_validation
HG02818	AFR	GB66	alignment_only_hprc_asian	DPB1	2	complete	1	1	1	2	exposed_validation
HG02818	AFR	GB66	alignment_only_hprc_asian	DPB1	4	complete	0	0	0	0	exposed_validation
HG02818	AFR	GB66	alignment_only_hprc_asian	DQA1	2	complete	1	1	1	2	exposed_validation
HG02818	AFR	GB66	alignment_only_hprc_asian	DQA1	4	complete	1	1	0	0	exposed_validation
HG02818	AFR	GB66	alignment_only_hprc_asian	DQB1	2	complete	1	1	1	2	exposed_validation
HG02818	AFR	GB66	alignment_only_hprc_asian	DQB1	4	complete	0	0	0	0	exposed_validation
HG02818	AFR	GB66	alignment_only_hprc_asian	DRB1	2	complete	1	1	1	2	exposed_validation
HG02818	AFR	GB66	alignment_only_hprc_asian	DRB1	4	complete	0	0	0	0	exposed_validation
HG02841	AFR	GB74	alignment_only_hprc	A	2	complete	1	1	1	2	exposed_validation
HG02841	AFR	GB74	alignment_only_hprc	A	4	complete	1	1	1	2	exposed_validation
HG02841	AFR	GB74	alignment_only_hprc	B	2	complete	1	1	1	2	exposed_validation
HG02841	AFR	GB74	alignment_only_hprc	B	4	complete	1	1	1	2	exposed_validation
HG02841	AFR	GB74	alignment_only_hprc	C	2	complete	1	1	1	2	exposed_validation
HG02841	AFR	GB74	alignment_only_hprc	C	4	complete	0	0	0	0	exposed_validation
HG02841	AFR	GB74	alignment_only_hprc	DPA1	2	complete	1	1	1	2	exposed_validation
HG02841	AFR	GB74	alignment_only_hprc	DPA1	4	complete	0	0	0	0	exposed_validation
HG02841	AFR	GB74	alignment_only_hprc	DPB1	2	complete	1	1	1	2	exposed_validation
HG02841	AFR	GB74	alignment_only_hprc	DPB1	4	complete	1	1	1	2	exposed_validation
HG02841	AFR	GB74	alignment_only_hprc	DQA1	2	complete	1	1	1	2	exposed_validation
HG02841	AFR	GB74	alignment_only_hprc	DQA1	4	complete	1	1	1	2	exposed_validation
HG02841	AFR	GB74	alignment_only_hprc	DQB1	2	complete	1	1	1	2	exposed_validation
HG02841	AFR	GB74	alignment_only_hprc	DQB1	4	complete	1	1	1	2	exposed_validation
HG02841	AFR	GB74	alignment_only_hprc	DRB1	2	complete	1	1	1	2	exposed_validation
HG02841	AFR	GB74	alignment_only_hprc	DRB1	4	complete	0	0	0	0	exposed_validation
HG02841	AFR	GB74	alignment_only_hprc_asian	A	2	complete	1	1	1	2	exposed_validation
HG02841	AFR	GB74	alignment_only_hprc_asian	A	4	complete	1	1	1	2	exposed_validation
HG02841	AFR	GB74	alignment_only_hprc_asian	B	2	complete	1	1	1	2	exposed_validation
HG02841	AFR	GB74	alignment_only_hprc_asian	B	4	complete	1	1	1	2	exposed_validation
HG02841	AFR	GB74	alignment_only_hprc_asian	C	2	complete	1	1	1	2	exposed_validation
HG02841	AFR	GB74	alignment_only_hprc_asian	C	4	complete	0	0	0	0	exposed_validation
HG02841	AFR	GB74	alignment_only_hprc_asian	DPA1	2	complete	1	1	1	2	exposed_validation
HG02841	AFR	GB74	alignment_only_hprc_asian	DPA1	4	complete	0	0	0	0	exposed_validation
HG02841	AFR	GB74	alignment_only_hprc_asian	DPB1	2	complete	1	1	1	2	exposed_validation
HG02841	AFR	GB74	alignment_only_hprc_asian	DPB1	4	complete	1	1	1	2	exposed_validation
HG02841	AFR	GB74	alignment_only_hprc_asian	DQA1	2	complete	1	1	1	2	exposed_validation
HG02841	AFR	GB74	alignment_only_hprc_asian	DQA1	4	complete	1	1	1	2	exposed_validation
HG02841	AFR	GB74	alignment_only_hprc_asian	DQB1	2	complete	1	1	1	2	exposed_validation
HG02841	AFR	GB74	alignment_only_hprc_asian	DQB1	4	complete	1	1	1	2	exposed_validation
HG02841	AFR	GB74	alignment_only_hprc_asian	DRB1	2	complete	1	1	1	2	exposed_validation
HG02841	AFR	GB74	alignment_only_hprc_asian	DRB1	4	complete	0	0	0	0	exposed_validation
HG02886	AFR	GB89	alignment_only_hprc	A	2	complete	1	1	1	2	exposed_validation
HG02886	AFR	GB89	alignment_only_hprc	A	4	complete	0	0	0	0	exposed_validation
HG02886	AFR	GB89	alignment_only_hprc	B	2	complete	1	1	1	2	exposed_validation
HG02886	AFR	GB89	alignment_only_hprc	B	4	complete	0	0	0	0	exposed_validation
HG02886	AFR	GB89	alignment_only_hprc	C	2	complete	1	1	1	2	exposed_validation
HG02886	AFR	GB89	alignment_only_hprc	C	4	complete	1	1	1	2	exposed_validation
HG02886	AFR	GB89	alignment_only_hprc	DPA1	2	complete	1	1	1	2	exposed_validation
HG02886	AFR	GB89	alignment_only_hprc	DPA1	4	complete	1	1	1	2	exposed_validation
HG02886	AFR	GB89	alignment_only_hprc	DPB1	2	complete	1	1	1	2	exposed_validation
HG02886	AFR	GB89	alignment_only_hprc	DPB1	4	complete	1	1	1	2	exposed_validation
HG02886	AFR	GB89	alignment_only_hprc	DQA1	2	complete	1	1	1	2	exposed_validation
HG02886	AFR	GB89	alignment_only_hprc	DQA1	4	complete	1	1	0	1	exposed_validation
HG02886	AFR	GB89	alignment_only_hprc	DQB1	2	complete	1	1	1	2	exposed_validation
HG02886	AFR	GB89	alignment_only_hprc	DQB1	4	complete	1	1	1	2	exposed_validation
HG02886	AFR	GB89	alignment_only_hprc	DRB1	2	complete	1	1	1	2	exposed_validation
HG02886	AFR	GB89	alignment_only_hprc	DRB1	4	complete	0	0	0	0	exposed_validation
HG02886	AFR	GB89	alignment_only_hprc_asian	A	2	complete	1	1	1	2	exposed_validation
HG02886	AFR	GB89	alignment_only_hprc_asian	A	4	complete	0	0	0	0	exposed_validation
HG02886	AFR	GB89	alignment_only_hprc_asian	B	2	complete	1	1	1	2	exposed_validation
HG02886	AFR	GB89	alignment_only_hprc_asian	B	4	complete	0	0	0	0	exposed_validation
HG02886	AFR	GB89	alignment_only_hprc_asian	C	2	complete	1	1	1	2	exposed_validation
HG02886	AFR	GB89	alignment_only_hprc_asian	C	4	complete	1	1	1	2	exposed_validation
HG02886	AFR	GB89	alignment_only_hprc_asian	DPA1	2	complete	1	1	1	2	exposed_validation
HG02886	AFR	GB89	alignment_only_hprc_asian	DPA1	4	complete	1	1	1	2	exposed_validation
HG02886	AFR	GB89	alignment_only_hprc_asian	DPB1	2	complete	1	1	1	2	exposed_validation
HG02886	AFR	GB89	alignment_only_hprc_asian	DPB1	4	complete	1	1	1	2	exposed_validation
HG02886	AFR	GB89	alignment_only_hprc_asian	DQA1	2	complete	1	1	1	2	exposed_validation
HG02886	AFR	GB89	alignment_only_hprc_asian	DQA1	4	complete	1	1	0	1	exposed_validation
HG02886	AFR	GB89	alignment_only_hprc_asian	DQB1	2	complete	1	1	1	2	exposed_validation
HG02886	AFR	GB89	alignment_only_hprc_asian	DQB1	4	complete	1	1	1	2	exposed_validation
HG02886	AFR	GB89	alignment_only_hprc_asian	DRB1	2	complete	1	1	1	2	exposed_validation
HG02886	AFR	GB89	alignment_only_hprc_asian	DRB1	4	complete	0	0	0	0	exposed_validation
HG02922	AFR	NG06	alignment_only_hprc	A	2	complete	1	1	1	2	exposed_validation
HG02922	AFR	NG06	alignment_only_hprc	A	4	complete	1	1	1	2	exposed_validation
HG02922	AFR	NG06	alignment_only_hprc	B	2	complete	1	1	1	2	exposed_validation
HG02922	AFR	NG06	alignment_only_hprc	B	4	complete	0	0	0	0	exposed_validation
HG02922	AFR	NG06	alignment_only_hprc	C	2	complete	1	1	1	2	exposed_validation
HG02922	AFR	NG06	alignment_only_hprc	C	4	complete	1	1	1	2	exposed_validation
HG02922	AFR	NG06	alignment_only_hprc	DPA1	2	complete	1	1	0	1	exposed_validation
HG02922	AFR	NG06	alignment_only_hprc	DPA1	4	complete	0	0	0	0	exposed_validation
HG02922	AFR	NG06	alignment_only_hprc	DPB1	2	complete	1	1	1	2	exposed_validation
HG02922	AFR	NG06	alignment_only_hprc	DPB1	4	complete	1	1	1	2	exposed_validation
HG02922	AFR	NG06	alignment_only_hprc	DQA1	2	complete	1	1	1	2	exposed_validation
HG02922	AFR	NG06	alignment_only_hprc	DQA1	4	complete	1	1	0	1	exposed_validation
HG02922	AFR	NG06	alignment_only_hprc	DQB1	2	complete	1	1	1	2	exposed_validation
HG02922	AFR	NG06	alignment_only_hprc	DQB1	4	complete	1	1	0	1	exposed_validation
HG02922	AFR	NG06	alignment_only_hprc	DRB1	2	complete	1	1	1	2	exposed_validation
HG02922	AFR	NG06	alignment_only_hprc	DRB1	4	complete	1	1	0	1	exposed_validation
HG02922	AFR	NG06	alignment_only_hprc_asian	A	2	complete	1	1	1	2	exposed_validation
HG02922	AFR	NG06	alignment_only_hprc_asian	A	4	complete	1	1	1	2	exposed_validation
HG02922	AFR	NG06	alignment_only_hprc_asian	B	2	complete	1	1	1	2	exposed_validation
HG02922	AFR	NG06	alignment_only_hprc_asian	B	4	complete	0	0	0	0	exposed_validation
HG02922	AFR	NG06	alignment_only_hprc_asian	C	2	complete	1	1	1	2	exposed_validation
HG02922	AFR	NG06	alignment_only_hprc_asian	C	4	complete	1	1	1	2	exposed_validation
HG02922	AFR	NG06	alignment_only_hprc_asian	DPA1	2	complete	1	1	0	1	exposed_validation
HG02922	AFR	NG06	alignment_only_hprc_asian	DPA1	4	complete	0	0	0	0	exposed_validation
HG02922	AFR	NG06	alignment_only_hprc_asian	DPB1	2	complete	1	1	1	2	exposed_validation
HG02922	AFR	NG06	alignment_only_hprc_asian	DPB1	4	complete	1	1	1	2	exposed_validation
HG02922	AFR	NG06	alignment_only_hprc_asian	DQA1	2	complete	1	1	1	2	exposed_validation
HG02922	AFR	NG06	alignment_only_hprc_asian	DQA1	4	complete	1	1	0	1	exposed_validation
HG02922	AFR	NG06	alignment_only_hprc_asian	DQB1	2	complete	1	1	1	2	exposed_validation
HG02922	AFR	NG06	alignment_only_hprc_asian	DQB1	4	complete	1	1	0	1	exposed_validation
HG02922	AFR	NG06	alignment_only_hprc_asian	DRB1	2	complete	1	1	1	2	exposed_validation
HG02922	AFR	NG06	alignment_only_hprc_asian	DRB1	4	complete	1	1	0	1	exposed_validation
HG02965	AFR	NG20	alignment_only_hprc	A	2	complete	1	1	1	2	exposed_validation
HG02965	AFR	NG20	alignment_only_hprc	A	4	complete	1	1	1	2	exposed_validation
HG02965	AFR	NG20	alignment_only_hprc	B	2	complete	1	1	1	2	exposed_validation
HG02965	AFR	NG20	alignment_only_hprc	B	4	complete	1	1	1	2	exposed_validation
HG02965	AFR	NG20	alignment_only_hprc	C	2	complete	1	1	1	2	exposed_validation
HG02965	AFR	NG20	alignment_only_hprc	C	4	complete	1	1	1	2	exposed_validation
HG02965	AFR	NG20	alignment_only_hprc	DPA1	2	complete	1	1	1	2	exposed_validation
HG02965	AFR	NG20	alignment_only_hprc	DPA1	4	complete	0	0	0	0	exposed_validation
HG02965	AFR	NG20	alignment_only_hprc	DPB1	2	complete	1	1	1	2	exposed_validation
HG02965	AFR	NG20	alignment_only_hprc	DPB1	4	complete	1	1	1	2	exposed_validation
HG02965	AFR	NG20	alignment_only_hprc	DQA1	2	complete	1	1	1	2	exposed_validation
HG02965	AFR	NG20	alignment_only_hprc	DQA1	4	complete	1	1	0	0	exposed_validation
HG02965	AFR	NG20	alignment_only_hprc	DQB1	2	complete	1	1	1	2	exposed_validation
HG02965	AFR	NG20	alignment_only_hprc	DQB1	4	complete	1	1	1	2	exposed_validation
HG02965	AFR	NG20	alignment_only_hprc	DRB1	2	complete	1	1	1	2	exposed_validation
HG02965	AFR	NG20	alignment_only_hprc	DRB1	4	complete	0	0	0	0	exposed_validation
HG02965	AFR	NG20	alignment_only_hprc_asian	A	2	complete	1	1	1	2	exposed_validation
HG02965	AFR	NG20	alignment_only_hprc_asian	A	4	complete	1	1	1	2	exposed_validation
HG02965	AFR	NG20	alignment_only_hprc_asian	B	2	complete	1	1	1	2	exposed_validation
HG02965	AFR	NG20	alignment_only_hprc_asian	B	4	complete	1	1	1	2	exposed_validation
HG02965	AFR	NG20	alignment_only_hprc_asian	C	2	complete	1	1	1	2	exposed_validation
HG02965	AFR	NG20	alignment_only_hprc_asian	C	4	complete	1	1	1	2	exposed_validation
HG02965	AFR	NG20	alignment_only_hprc_asian	DPA1	2	complete	1	1	1	2	exposed_validation
HG02965	AFR	NG20	alignment_only_hprc_asian	DPA1	4	complete	0	0	0	0	exposed_validation
HG02965	AFR	NG20	alignment_only_hprc_asian	DPB1	2	complete	1	1	1	2	exposed_validation
HG02965	AFR	NG20	alignment_only_hprc_asian	DPB1	4	complete	1	1	1	2	exposed_validation
HG02965	AFR	NG20	alignment_only_hprc_asian	DQA1	2	complete	1	1	1	2	exposed_validation
HG02965	AFR	NG20	alignment_only_hprc_asian	DQA1	4	complete	1	1	0	0	exposed_validation
HG02965	AFR	NG20	alignment_only_hprc_asian	DQB1	2	complete	1	1	1	2	exposed_validation
HG02965	AFR	NG20	alignment_only_hprc_asian	DQB1	4	complete	1	1	1	2	exposed_validation
HG02965	AFR	NG20	alignment_only_hprc_asian	DRB1	2	complete	1	1	1	2	exposed_validation
HG02965	AFR	NG20	alignment_only_hprc_asian	DRB1	4	complete	0	0	0	0	exposed_validation
HG03041	AFR	GB110	alignment_only_hprc	A	2	complete	1	1	1	2	exposed_validation
HG03041	AFR	GB110	alignment_only_hprc	A	4	complete	1	1	0	1	exposed_validation
HG03041	AFR	GB110	alignment_only_hprc	B	2	complete	1	1	1	2	exposed_validation
HG03041	AFR	GB110	alignment_only_hprc	B	4	complete	0	0	0	0	exposed_validation
HG03041	AFR	GB110	alignment_only_hprc	C	2	complete	1	1	1	2	exposed_validation
HG03041	AFR	GB110	alignment_only_hprc	C	4	complete	1	1	0	1	exposed_validation
HG03041	AFR	GB110	alignment_only_hprc	DPA1	2	complete	1	1	0	1	exposed_validation
HG03041	AFR	GB110	alignment_only_hprc	DPA1	4	complete	0	0	0	0	exposed_validation
HG03041	AFR	GB110	alignment_only_hprc	DPB1	2	complete	1	1	1	2	exposed_validation
HG03041	AFR	GB110	alignment_only_hprc	DPB1	4	complete	1	1	1	2	exposed_validation
HG03041	AFR	GB110	alignment_only_hprc	DQA1	2	complete	1	1	1	2	exposed_validation
HG03041	AFR	GB110	alignment_only_hprc	DQA1	4	complete	1	1	0	1	exposed_validation
HG03041	AFR	GB110	alignment_only_hprc	DQB1	2	complete	1	1	1	2	exposed_validation
HG03041	AFR	GB110	alignment_only_hprc	DQB1	4	complete	1	1	1	2	exposed_validation
HG03041	AFR	GB110	alignment_only_hprc	DRB1	2	complete	1	1	1	2	exposed_validation
HG03041	AFR	GB110	alignment_only_hprc	DRB1	4	complete	0	0	0	0	exposed_validation
HG03041	AFR	GB110	alignment_only_hprc_asian	A	2	complete	1	1	1	2	exposed_validation
HG03041	AFR	GB110	alignment_only_hprc_asian	A	4	complete	1	1	0	1	exposed_validation
HG03041	AFR	GB110	alignment_only_hprc_asian	B	2	complete	1	1	1	2	exposed_validation
HG03041	AFR	GB110	alignment_only_hprc_asian	B	4	complete	0	0	0	0	exposed_validation
HG03041	AFR	GB110	alignment_only_hprc_asian	C	2	complete	1	1	1	2	exposed_validation
HG03041	AFR	GB110	alignment_only_hprc_asian	C	4	complete	1	1	0	1	exposed_validation
HG03041	AFR	GB110	alignment_only_hprc_asian	DPA1	2	complete	1	1	0	1	exposed_validation
HG03041	AFR	GB110	alignment_only_hprc_asian	DPA1	4	complete	0	0	0	0	exposed_validation
HG03041	AFR	GB110	alignment_only_hprc_asian	DPB1	2	complete	1	1	1	2	exposed_validation
HG03041	AFR	GB110	alignment_only_hprc_asian	DPB1	4	complete	1	1	1	2	exposed_validation
HG03041	AFR	GB110	alignment_only_hprc_asian	DQA1	2	complete	1	1	1	2	exposed_validation
HG03041	AFR	GB110	alignment_only_hprc_asian	DQA1	4	complete	1	1	0	1	exposed_validation
HG03041	AFR	GB110	alignment_only_hprc_asian	DQB1	2	complete	1	1	1	2	exposed_validation
HG03041	AFR	GB110	alignment_only_hprc_asian	DQB1	4	complete	1	1	1	2	exposed_validation
HG03041	AFR	GB110	alignment_only_hprc_asian	DRB1	2	complete	1	1	1	2	exposed_validation
HG03041	AFR	GB110	alignment_only_hprc_asian	DRB1	4	complete	0	0	0	0	exposed_validation
HG03050	AFR	GB113	alignment_only_hprc	A	2	complete	1	1	1	2	exposed_validation
HG03050	AFR	GB113	alignment_only_hprc	A	4	complete	1	1	1	2	exposed_validation
HG03050	AFR	GB113	alignment_only_hprc	B	2	complete	1	1	1	2	exposed_validation
HG03050	AFR	GB113	alignment_only_hprc	B	4	complete	0	0	0	0	exposed_validation
HG03050	AFR	GB113	alignment_only_hprc	C	2	complete	1	1	1	2	exposed_validation
HG03050	AFR	GB113	alignment_only_hprc	C	4	complete	0	0	0	0	exposed_validation
HG03050	AFR	GB113	alignment_only_hprc	DPA1	2	complete	1	1	1	2	exposed_validation
HG03050	AFR	GB113	alignment_only_hprc	DPA1	4	complete	1	1	1	2	exposed_validation
HG03050	AFR	GB113	alignment_only_hprc	DPB1	2	complete	1	1	1	2	exposed_validation
HG03050	AFR	GB113	alignment_only_hprc	DPB1	4	complete	0	0	0	0	exposed_validation
HG03050	AFR	GB113	alignment_only_hprc	DQA1	2	complete	1	1	1	2	exposed_validation
HG03050	AFR	GB113	alignment_only_hprc	DQA1	4	complete	1	1	0	1	exposed_validation
HG03050	AFR	GB113	alignment_only_hprc	DQB1	2	complete	1	1	1	2	exposed_validation
HG03050	AFR	GB113	alignment_only_hprc	DQB1	4	complete	1	1	1	2	exposed_validation
HG03050	AFR	GB113	alignment_only_hprc	DRB1	2	complete	1	1	1	2	exposed_validation
HG03050	AFR	GB113	alignment_only_hprc	DRB1	4	complete	0	0	0	0	exposed_validation
HG03050	AFR	GB113	alignment_only_hprc_asian	A	2	complete	1	1	1	2	exposed_validation
HG03050	AFR	GB113	alignment_only_hprc_asian	A	4	complete	1	1	1	2	exposed_validation
HG03050	AFR	GB113	alignment_only_hprc_asian	B	2	complete	1	1	1	2	exposed_validation
HG03050	AFR	GB113	alignment_only_hprc_asian	B	4	complete	0	0	0	0	exposed_validation
HG03050	AFR	GB113	alignment_only_hprc_asian	C	2	complete	1	1	1	2	exposed_validation
HG03050	AFR	GB113	alignment_only_hprc_asian	C	4	complete	0	0	0	0	exposed_validation
HG03050	AFR	GB113	alignment_only_hprc_asian	DPA1	2	complete	1	1	1	2	exposed_validation
HG03050	AFR	GB113	alignment_only_hprc_asian	DPA1	4	complete	1	1	1	2	exposed_validation
HG03050	AFR	GB113	alignment_only_hprc_asian	DPB1	2	complete	1	1	1	2	exposed_validation
HG03050	AFR	GB113	alignment_only_hprc_asian	DPB1	4	complete	0	0	0	0	exposed_validation
HG03050	AFR	GB113	alignment_only_hprc_asian	DQA1	2	complete	1	1	1	2	exposed_validation
HG03050	AFR	GB113	alignment_only_hprc_asian	DQA1	4	complete	1	1	0	1	exposed_validation
HG03050	AFR	GB113	alignment_only_hprc_asian	DQB1	2	complete	1	1	1	2	exposed_validation
HG03050	AFR	GB113	alignment_only_hprc_asian	DQB1	4	complete	1	1	1	2	exposed_validation
HG03050	AFR	GB113	alignment_only_hprc_asian	DRB1	2	complete	1	1	1	2	exposed_validation
HG03050	AFR	GB113	alignment_only_hprc_asian	DRB1	4	complete	0	0	0	0	exposed_validation
HG03098	AFR	SL16	alignment_only_hprc	A	2	complete	1	1	1	2	exposed_validation
HG03098	AFR	SL16	alignment_only_hprc	A	4	complete	1	1	1	2	exposed_validation
HG03098	AFR	SL16	alignment_only_hprc	B	2	complete	1	1	1	2	exposed_validation
HG03098	AFR	SL16	alignment_only_hprc	B	4	complete	0	0	0	0	exposed_validation
HG03098	AFR	SL16	alignment_only_hprc	C	2	complete	1	1	1	2	exposed_validation
HG03098	AFR	SL16	alignment_only_hprc	C	4	complete	0	0	0	0	exposed_validation
HG03098	AFR	SL16	alignment_only_hprc	DPA1	2	complete	1	1	1	2	exposed_validation
HG03098	AFR	SL16	alignment_only_hprc	DPA1	4	complete	0	0	0	0	exposed_validation
HG03098	AFR	SL16	alignment_only_hprc	DPB1	2	complete	1	1	1	2	exposed_validation
HG03098	AFR	SL16	alignment_only_hprc	DPB1	4	complete	0	0	0	0	exposed_validation
HG03098	AFR	SL16	alignment_only_hprc	DQA1	2	complete	1	1	1	2	exposed_validation
HG03098	AFR	SL16	alignment_only_hprc	DQA1	4	complete	1	1	1	2	exposed_validation
HG03098	AFR	SL16	alignment_only_hprc	DQB1	2	complete	1	1	1	2	exposed_validation
HG03098	AFR	SL16	alignment_only_hprc	DQB1	4	complete	0	0	0	0	exposed_validation
HG03098	AFR	SL16	alignment_only_hprc	DRB1	2	complete	1	1	1	2	exposed_validation
HG03098	AFR	SL16	alignment_only_hprc	DRB1	4	complete	0	0	0	0	exposed_validation
HG03098	AFR	SL16	alignment_only_hprc_asian	A	2	complete	1	1	1	2	exposed_validation
HG03098	AFR	SL16	alignment_only_hprc_asian	A	4	complete	1	1	1	2	exposed_validation
HG03098	AFR	SL16	alignment_only_hprc_asian	B	2	complete	1	1	1	2	exposed_validation
HG03098	AFR	SL16	alignment_only_hprc_asian	B	4	complete	0	0	0	0	exposed_validation
HG03098	AFR	SL16	alignment_only_hprc_asian	C	2	complete	1	1	1	2	exposed_validation
HG03098	AFR	SL16	alignment_only_hprc_asian	C	4	complete	0	0	0	0	exposed_validation
HG03098	AFR	SL16	alignment_only_hprc_asian	DPA1	2	complete	1	1	1	2	exposed_validation
HG03098	AFR	SL16	alignment_only_hprc_asian	DPA1	4	complete	0	0	0	0	exposed_validation
HG03098	AFR	SL16	alignment_only_hprc_asian	DPB1	2	complete	1	1	1	2	exposed_validation
HG03098	AFR	SL16	alignment_only_hprc_asian	DPB1	4	complete	0	0	0	0	exposed_validation
HG03098	AFR	SL16	alignment_only_hprc_asian	DQA1	2	complete	1	1	1	2	exposed_validation
HG03098	AFR	SL16	alignment_only_hprc_asian	DQA1	4	complete	1	1	1	2	exposed_validation
HG03098	AFR	SL16	alignment_only_hprc_asian	DQB1	2	complete	1	1	1	2	exposed_validation
HG03098	AFR	SL16	alignment_only_hprc_asian	DQB1	4	complete	0	0	0	0	exposed_validation
HG03098	AFR	SL16	alignment_only_hprc_asian	DRB1	2	complete	1	1	1	2	exposed_validation
HG03098	AFR	SL16	alignment_only_hprc_asian	DRB1	4	complete	0	0	0	0	exposed_validation
HG03130	AFR	NG36	alignment_only_hprc	A	2	complete	1	1	1	2	exposed_validation
HG03130	AFR	NG36	alignment_only_hprc	A	4	complete	1	1	1	2	exposed_validation
HG03130	AFR	NG36	alignment_only_hprc	B	2	complete	1	1	1	2	exposed_validation
HG03130	AFR	NG36	alignment_only_hprc	B	4	complete	0	0	0	0	exposed_validation
HG03130	AFR	NG36	alignment_only_hprc	C	2	complete	1	1	1	2	exposed_validation
HG03130	AFR	NG36	alignment_only_hprc	C	4	complete	0	0	0	0	exposed_validation
HG03130	AFR	NG36	alignment_only_hprc	DPA1	2	complete	1	1	1	2	exposed_validation
HG03130	AFR	NG36	alignment_only_hprc	DPA1	4	complete	0	0	0	0	exposed_validation
HG03130	AFR	NG36	alignment_only_hprc	DPB1	2	complete	1	1	1	2	exposed_validation
HG03130	AFR	NG36	alignment_only_hprc	DPB1	4	complete	1	1	1	2	exposed_validation
HG03130	AFR	NG36	alignment_only_hprc	DQA1	2	complete	1	1	1	2	exposed_validation
HG03130	AFR	NG36	alignment_only_hprc	DQA1	4	complete	1	1	0	1	exposed_validation
HG03130	AFR	NG36	alignment_only_hprc	DQB1	2	complete	1	1	1	2	exposed_validation
HG03130	AFR	NG36	alignment_only_hprc	DQB1	4	complete	1	1	1	2	exposed_validation
HG03130	AFR	NG36	alignment_only_hprc	DRB1	2	complete	1	1	1	2	exposed_validation
HG03130	AFR	NG36	alignment_only_hprc	DRB1	4	complete	0	0	0	0	exposed_validation
HG03130	AFR	NG36	alignment_only_hprc_asian	A	2	complete	1	1	1	2	exposed_validation
HG03130	AFR	NG36	alignment_only_hprc_asian	A	4	complete	1	1	1	2	exposed_validation
HG03130	AFR	NG36	alignment_only_hprc_asian	B	2	complete	1	1	1	2	exposed_validation
HG03130	AFR	NG36	alignment_only_hprc_asian	B	4	complete	0	0	0	0	exposed_validation
HG03130	AFR	NG36	alignment_only_hprc_asian	C	2	complete	1	1	1	2	exposed_validation
HG03130	AFR	NG36	alignment_only_hprc_asian	C	4	complete	0	0	0	0	exposed_validation
HG03130	AFR	NG36	alignment_only_hprc_asian	DPA1	2	complete	1	1	1	2	exposed_validation
HG03130	AFR	NG36	alignment_only_hprc_asian	DPA1	4	complete	0	0	0	0	exposed_validation
HG03130	AFR	NG36	alignment_only_hprc_asian	DPB1	2	complete	1	1	1	2	exposed_validation
HG03130	AFR	NG36	alignment_only_hprc_asian	DPB1	4	complete	1	1	1	2	exposed_validation
HG03130	AFR	NG36	alignment_only_hprc_asian	DQA1	2	complete	1	1	1	2	exposed_validation
HG03130	AFR	NG36	alignment_only_hprc_asian	DQA1	4	complete	1	1	0	1	exposed_validation
HG03130	AFR	NG36	alignment_only_hprc_asian	DQB1	2	complete	1	1	1	2	exposed_validation
HG03130	AFR	NG36	alignment_only_hprc_asian	DQB1	4	complete	1	1	1	2	exposed_validation
HG03130	AFR	NG36	alignment_only_hprc_asian	DRB1	2	complete	1	1	1	2	exposed_validation
HG03130	AFR	NG36	alignment_only_hprc_asian	DRB1	4	complete	0	0	0	0	exposed_validation
HG03139	AFR	NG39	alignment_only_hprc	A	2	complete	1	1	1	2	exposed_validation
HG03139	AFR	NG39	alignment_only_hprc	A	4	complete	1	1	1	2	exposed_validation
HG03139	AFR	NG39	alignment_only_hprc	B	2	complete	1	1	1	2	exposed_validation
HG03139	AFR	NG39	alignment_only_hprc	B	4	complete	0	0	0	0	exposed_validation
HG03139	AFR	NG39	alignment_only_hprc	C	2	complete	1	1	1	2	exposed_validation
HG03139	AFR	NG39	alignment_only_hprc	C	4	complete	1	1	1	2	exposed_validation
HG03139	AFR	NG39	alignment_only_hprc	DPA1	2	complete	1	1	1	2	exposed_validation
HG03139	AFR	NG39	alignment_only_hprc	DPA1	4	complete	0	0	0	0	exposed_validation
HG03139	AFR	NG39	alignment_only_hprc	DPB1	2	complete	1	1	1	2	exposed_validation
HG03139	AFR	NG39	alignment_only_hprc	DPB1	4	complete	1	1	1	2	exposed_validation
HG03139	AFR	NG39	alignment_only_hprc	DQA1	2	complete	1	1	1	2	exposed_validation
HG03139	AFR	NG39	alignment_only_hprc	DQA1	4	complete	1	1	0	1	exposed_validation
HG03139	AFR	NG39	alignment_only_hprc	DQB1	2	complete	1	1	1	2	exposed_validation
HG03139	AFR	NG39	alignment_only_hprc	DQB1	4	complete	1	1	1	2	exposed_validation
HG03139	AFR	NG39	alignment_only_hprc	DRB1	2	complete	1	1	1	2	exposed_validation
HG03139	AFR	NG39	alignment_only_hprc	DRB1	4	complete	0	0	0	0	exposed_validation
HG03139	AFR	NG39	alignment_only_hprc_asian	A	2	complete	1	1	1	2	exposed_validation
HG03139	AFR	NG39	alignment_only_hprc_asian	A	4	complete	1	1	1	2	exposed_validation
HG03139	AFR	NG39	alignment_only_hprc_asian	B	2	complete	1	1	1	2	exposed_validation
HG03139	AFR	NG39	alignment_only_hprc_asian	B	4	complete	0	0	0	0	exposed_validation
HG03139	AFR	NG39	alignment_only_hprc_asian	C	2	complete	1	1	1	2	exposed_validation
HG03139	AFR	NG39	alignment_only_hprc_asian	C	4	complete	1	1	1	2	exposed_validation
HG03139	AFR	NG39	alignment_only_hprc_asian	DPA1	2	complete	1	1	1	2	exposed_validation
HG03139	AFR	NG39	alignment_only_hprc_asian	DPA1	4	complete	0	0	0	0	exposed_validation
HG03139	AFR	NG39	alignment_only_hprc_asian	DPB1	2	complete	1	1	1	2	exposed_validation
HG03139	AFR	NG39	alignment_only_hprc_asian	DPB1	4	complete	1	1	1	2	exposed_validation
HG03139	AFR	NG39	alignment_only_hprc_asian	DQA1	2	complete	1	1	1	2	exposed_validation
HG03139	AFR	NG39	alignment_only_hprc_asian	DQA1	4	complete	1	1	0	1	exposed_validation
HG03139	AFR	NG39	alignment_only_hprc_asian	DQB1	2	complete	1	1	1	2	exposed_validation
HG03139	AFR	NG39	alignment_only_hprc_asian	DQB1	4	complete	1	1	1	2	exposed_validation
HG03139	AFR	NG39	alignment_only_hprc_asian	DRB1	2	complete	1	1	1	2	exposed_validation
HG03139	AFR	NG39	alignment_only_hprc_asian	DRB1	4	complete	0	0	0	0	exposed_validation
HG03195	AFR	NG58	alignment_only_hprc	A	2	complete	1	1	1	2	exposed_validation
HG03195	AFR	NG58	alignment_only_hprc	A	4	complete	1	1	1	2	exposed_validation
HG03195	AFR	NG58	alignment_only_hprc	B	2	complete	1	1	1	2	exposed_validation
HG03195	AFR	NG58	alignment_only_hprc	B	4	complete	0	0	0	0	exposed_validation
HG03195	AFR	NG58	alignment_only_hprc	C	2	complete	1	1	1	2	exposed_validation
HG03195	AFR	NG58	alignment_only_hprc	C	4	complete	0	0	0	0	exposed_validation
HG03195	AFR	NG58	alignment_only_hprc	DPA1	2	complete	1	1	0	1	exposed_validation
HG03195	AFR	NG58	alignment_only_hprc	DPA1	4	complete	0	0	0	0	exposed_validation
HG03195	AFR	NG58	alignment_only_hprc	DPB1	2	complete	1	1	1	2	exposed_validation
HG03195	AFR	NG58	alignment_only_hprc	DPB1	4	complete	1	1	1	2	exposed_validation
HG03195	AFR	NG58	alignment_only_hprc	DQA1	2	complete	1	1	1	2	exposed_validation
HG03195	AFR	NG58	alignment_only_hprc	DQA1	4	complete	1	1	1	2	exposed_validation
HG03195	AFR	NG58	alignment_only_hprc	DQB1	2	complete	1	1	1	2	exposed_validation
HG03195	AFR	NG58	alignment_only_hprc	DQB1	4	complete	1	1	1	2	exposed_validation
HG03195	AFR	NG58	alignment_only_hprc	DRB1	2	complete	1	1	1	2	exposed_validation
HG03195	AFR	NG58	alignment_only_hprc	DRB1	4	complete	1	1	1	2	exposed_validation
HG03195	AFR	NG58	alignment_only_hprc_asian	A	2	complete	1	1	1	2	exposed_validation
HG03195	AFR	NG58	alignment_only_hprc_asian	A	4	complete	1	1	1	2	exposed_validation
HG03195	AFR	NG58	alignment_only_hprc_asian	B	2	complete	1	1	1	2	exposed_validation
HG03195	AFR	NG58	alignment_only_hprc_asian	B	4	complete	0	0	0	0	exposed_validation
HG03195	AFR	NG58	alignment_only_hprc_asian	C	2	complete	1	1	1	2	exposed_validation
HG03195	AFR	NG58	alignment_only_hprc_asian	C	4	complete	0	0	0	0	exposed_validation
HG03195	AFR	NG58	alignment_only_hprc_asian	DPA1	2	complete	1	1	0	1	exposed_validation
HG03195	AFR	NG58	alignment_only_hprc_asian	DPA1	4	complete	0	0	0	0	exposed_validation
HG03195	AFR	NG58	alignment_only_hprc_asian	DPB1	2	complete	1	1	1	2	exposed_validation
HG03195	AFR	NG58	alignment_only_hprc_asian	DPB1	4	complete	1	1	1	2	exposed_validation
HG03195	AFR	NG58	alignment_only_hprc_asian	DQA1	2	complete	1	1	1	2	exposed_validation
HG03195	AFR	NG58	alignment_only_hprc_asian	DQA1	4	complete	1	1	1	2	exposed_validation
HG03195	AFR	NG58	alignment_only_hprc_asian	DQB1	2	complete	1	1	1	2	exposed_validation
HG03195	AFR	NG58	alignment_only_hprc_asian	DQB1	4	complete	1	1	1	2	exposed_validation
HG03195	AFR	NG58	alignment_only_hprc_asian	DRB1	2	complete	1	1	1	2	exposed_validation
HG03195	AFR	NG58	alignment_only_hprc_asian	DRB1	4	complete	1	1	1	2	exposed_validation
HG03225	AFR	SL23	alignment_only_hprc	A	2	complete	1	1	1	2	exposed_validation
HG03225	AFR	SL23	alignment_only_hprc	A	4	complete	1	1	1	2	exposed_validation
HG03225	AFR	SL23	alignment_only_hprc	B	2	complete	1	1	1	2	exposed_validation
HG03225	AFR	SL23	alignment_only_hprc	B	4	complete	0	0	0	0	exposed_validation
HG03225	AFR	SL23	alignment_only_hprc	C	2	complete	1	1	1	2	exposed_validation
HG03225	AFR	SL23	alignment_only_hprc	C	4	complete	0	0	0	0	exposed_validation
HG03225	AFR	SL23	alignment_only_hprc	DPA1	2	complete	1	1	1	2	exposed_validation
HG03225	AFR	SL23	alignment_only_hprc	DPA1	4	complete	0	0	0	0	exposed_validation
HG03225	AFR	SL23	alignment_only_hprc	DPB1	2	complete	1	1	1	2	exposed_validation
HG03225	AFR	SL23	alignment_only_hprc	DPB1	4	complete	0	0	0	0	exposed_validation
HG03225	AFR	SL23	alignment_only_hprc	DQA1	2	complete	1	1	1	2	exposed_validation
HG03225	AFR	SL23	alignment_only_hprc	DQA1	4	complete	1	1	1	2	exposed_validation
HG03225	AFR	SL23	alignment_only_hprc	DQB1	2	complete	1	1	1	2	exposed_validation
HG03225	AFR	SL23	alignment_only_hprc	DQB1	4	complete	1	1	1	2	exposed_validation
HG03225	AFR	SL23	alignment_only_hprc	DRB1	2	complete	1	1	1	2	exposed_validation
HG03225	AFR	SL23	alignment_only_hprc	DRB1	4	complete	0	0	0	0	exposed_validation
HG03225	AFR	SL23	alignment_only_hprc_asian	A	2	complete	1	1	1	2	exposed_validation
HG03225	AFR	SL23	alignment_only_hprc_asian	A	4	complete	1	1	1	2	exposed_validation
HG03225	AFR	SL23	alignment_only_hprc_asian	B	2	complete	1	1	1	2	exposed_validation
HG03225	AFR	SL23	alignment_only_hprc_asian	B	4	complete	0	0	0	0	exposed_validation
HG03225	AFR	SL23	alignment_only_hprc_asian	C	2	complete	1	1	1	2	exposed_validation
HG03225	AFR	SL23	alignment_only_hprc_asian	C	4	complete	0	0	0	0	exposed_validation
HG03225	AFR	SL23	alignment_only_hprc_asian	DPA1	2	complete	1	1	1	2	exposed_validation
HG03225	AFR	SL23	alignment_only_hprc_asian	DPA1	4	complete	0	0	0	0	exposed_validation
HG03225	AFR	SL23	alignment_only_hprc_asian	DPB1	2	complete	1	1	1	2	exposed_validation
HG03225	AFR	SL23	alignment_only_hprc_asian	DPB1	4	complete	0	0	0	0	exposed_validation
HG03225	AFR	SL23	alignment_only_hprc_asian	DQA1	2	complete	1	1	1	2	exposed_validation
HG03225	AFR	SL23	alignment_only_hprc_asian	DQA1	4	complete	1	1	1	2	exposed_validation
HG03225	AFR	SL23	alignment_only_hprc_asian	DQB1	2	complete	1	1	1	2	exposed_validation
HG03225	AFR	SL23	alignment_only_hprc_asian	DQB1	4	complete	1	1	1	2	exposed_validation
HG03225	AFR	SL23	alignment_only_hprc_asian	DRB1	2	complete	1	1	1	2	exposed_validation
HG03225	AFR	SL23	alignment_only_hprc_asian	DRB1	4	complete	0	0	0	0	exposed_validation
HG03270	AFR	NG65	alignment_only_hprc	A	2	complete	1	1	1	2	exposed_validation
HG03270	AFR	NG65	alignment_only_hprc	A	4	complete	1	1	1	2	exposed_validation
HG03270	AFR	NG65	alignment_only_hprc	B	2	complete	1	1	1	2	exposed_validation
HG03270	AFR	NG65	alignment_only_hprc	B	4	complete	0	0	0	0	exposed_validation
HG03270	AFR	NG65	alignment_only_hprc	C	2	complete	1	1	1	2	exposed_validation
HG03270	AFR	NG65	alignment_only_hprc	C	4	complete	1	1	1	2	exposed_validation
HG03270	AFR	NG65	alignment_only_hprc	DPA1	2	complete	1	1	0	1	exposed_validation
HG03270	AFR	NG65	alignment_only_hprc	DPA1	4	complete	1	1	0	1	exposed_validation
HG03270	AFR	NG65	alignment_only_hprc	DPB1	2	complete	1	1	1	2	exposed_validation
HG03270	AFR	NG65	alignment_only_hprc	DPB1	4	complete	1	1	1	2	exposed_validation
HG03270	AFR	NG65	alignment_only_hprc	DQA1	2	complete	1	1	1	2	exposed_validation
HG03270	AFR	NG65	alignment_only_hprc	DQA1	4	complete	0	0	0	0	exposed_validation
HG03270	AFR	NG65	alignment_only_hprc	DQB1	2	complete	1	1	1	2	exposed_validation
HG03270	AFR	NG65	alignment_only_hprc	DQB1	4	complete	1	1	1	2	exposed_validation
HG03270	AFR	NG65	alignment_only_hprc	DRB1	2	complete	1	1	1	2	exposed_validation
HG03270	AFR	NG65	alignment_only_hprc	DRB1	4	complete	0	0	0	0	exposed_validation
HG03270	AFR	NG65	alignment_only_hprc_asian	A	2	complete	1	1	1	2	exposed_validation
HG03270	AFR	NG65	alignment_only_hprc_asian	A	4	complete	1	1	1	2	exposed_validation
HG03270	AFR	NG65	alignment_only_hprc_asian	B	2	complete	1	1	1	2	exposed_validation
HG03270	AFR	NG65	alignment_only_hprc_asian	B	4	complete	0	0	0	0	exposed_validation
HG03270	AFR	NG65	alignment_only_hprc_asian	C	2	complete	1	1	1	2	exposed_validation
HG03270	AFR	NG65	alignment_only_hprc_asian	C	4	complete	1	1	1	2	exposed_validation
HG03270	AFR	NG65	alignment_only_hprc_asian	DPA1	2	complete	1	1	0	1	exposed_validation
HG03270	AFR	NG65	alignment_only_hprc_asian	DPA1	4	complete	1	1	0	1	exposed_validation
HG03270	AFR	NG65	alignment_only_hprc_asian	DPB1	2	complete	1	1	1	2	exposed_validation
HG03270	AFR	NG65	alignment_only_hprc_asian	DPB1	4	complete	1	1	1	2	exposed_validation
HG03270	AFR	NG65	alignment_only_hprc_asian	DQA1	2	complete	1	1	1	2	exposed_validation
HG03270	AFR	NG65	alignment_only_hprc_asian	DQA1	4	complete	0	0	0	0	exposed_validation
HG03270	AFR	NG65	alignment_only_hprc_asian	DQB1	2	complete	1	1	1	2	exposed_validation
HG03270	AFR	NG65	alignment_only_hprc_asian	DQB1	4	complete	1	1	1	2	exposed_validation
HG03270	AFR	NG65	alignment_only_hprc_asian	DRB1	2	complete	1	1	1	2	exposed_validation
HG03270	AFR	NG65	alignment_only_hprc_asian	DRB1	4	complete	0	0	0	0	exposed_validation
HG03470	AFR	SL56	alignment_only_hprc	A	2	complete	1	1	1	2	exposed_validation
HG03470	AFR	SL56	alignment_only_hprc	A	4	complete	1	1	1	2	exposed_validation
HG03470	AFR	SL56	alignment_only_hprc	B	2	complete	1	1	1	2	exposed_validation
HG03470	AFR	SL56	alignment_only_hprc	B	4	complete	0	0	0	0	exposed_validation
HG03470	AFR	SL56	alignment_only_hprc	C	2	complete	1	1	1	2	exposed_validation
HG03470	AFR	SL56	alignment_only_hprc	C	4	complete	0	0	0	0	exposed_validation
HG03470	AFR	SL56	alignment_only_hprc	DPA1	2	complete	1	1	1	2	exposed_validation
HG03470	AFR	SL56	alignment_only_hprc	DPA1	4	complete	0	0	0	0	exposed_validation
HG03470	AFR	SL56	alignment_only_hprc	DPB1	2	complete	1	1	1	2	exposed_validation
HG03470	AFR	SL56	alignment_only_hprc	DPB1	4	complete	1	1	1	2	exposed_validation
HG03470	AFR	SL56	alignment_only_hprc	DQA1	2	complete	1	1	1	2	exposed_validation
HG03470	AFR	SL56	alignment_only_hprc	DQA1	4	complete	1	1	1	2	exposed_validation
HG03470	AFR	SL56	alignment_only_hprc	DQB1	2	complete	1	1	1	2	exposed_validation
HG03470	AFR	SL56	alignment_only_hprc	DQB1	4	complete	1	1	1	2	exposed_validation
HG03470	AFR	SL56	alignment_only_hprc	DRB1	2	complete	1	1	1	2	exposed_validation
HG03470	AFR	SL56	alignment_only_hprc	DRB1	4	complete	0	0	0	0	exposed_validation
HG03470	AFR	SL56	alignment_only_hprc_asian	A	2	complete	1	1	1	2	exposed_validation
HG03470	AFR	SL56	alignment_only_hprc_asian	A	4	complete	1	1	1	2	exposed_validation
HG03470	AFR	SL56	alignment_only_hprc_asian	B	2	complete	1	1	1	2	exposed_validation
HG03470	AFR	SL56	alignment_only_hprc_asian	B	4	complete	0	0	0	0	exposed_validation
HG03470	AFR	SL56	alignment_only_hprc_asian	C	2	complete	1	1	1	2	exposed_validation
HG03470	AFR	SL56	alignment_only_hprc_asian	C	4	complete	0	0	0	0	exposed_validation
HG03470	AFR	SL56	alignment_only_hprc_asian	DPA1	2	complete	1	1	1	2	exposed_validation
HG03470	AFR	SL56	alignment_only_hprc_asian	DPA1	4	complete	0	0	0	0	exposed_validation
HG03470	AFR	SL56	alignment_only_hprc_asian	DPB1	2	complete	1	1	1	2	exposed_validation
HG03470	AFR	SL56	alignment_only_hprc_asian	DPB1	4	complete	1	1	1	2	exposed_validation
HG03470	AFR	SL56	alignment_only_hprc_asian	DQA1	2	complete	1	1	1	2	exposed_validation
HG03470	AFR	SL56	alignment_only_hprc_asian	DQA1	4	complete	1	1	1	2	exposed_validation
HG03470	AFR	SL56	alignment_only_hprc_asian	DQB1	2	complete	1	1	1	2	exposed_validation
HG03470	AFR	SL56	alignment_only_hprc_asian	DQB1	4	complete	1	1	1	2	exposed_validation
HG03470	AFR	SL56	alignment_only_hprc_asian	DRB1	2	complete	1	1	1	2	exposed_validation
HG03470	AFR	SL56	alignment_only_hprc_asian	DRB1	4	complete	0	0	0	0	exposed_validation
HG03486	AFR	SL61	alignment_only_hprc	A	2	complete	1	1	1	2	exposed_validation
HG03486	AFR	SL61	alignment_only_hprc	A	4	complete	1	1	1	2	exposed_validation
HG03486	AFR	SL61	alignment_only_hprc	B	2	complete	1	1	1	2	exposed_validation
HG03486	AFR	SL61	alignment_only_hprc	B	4	complete	0	0	0	0	exposed_validation
HG03486	AFR	SL61	alignment_only_hprc	C	2	complete	1	1	1	2	exposed_validation
HG03486	AFR	SL61	alignment_only_hprc	C	4	complete	0	0	0	0	exposed_validation
HG03486	AFR	SL61	alignment_only_hprc	DPA1	2	complete	1	1	1	2	exposed_validation
HG03486	AFR	SL61	alignment_only_hprc	DPA1	4	complete	0	0	0	0	exposed_validation
HG03486	AFR	SL61	alignment_only_hprc	DPB1	2	complete	1	1	1	2	exposed_validation
HG03486	AFR	SL61	alignment_only_hprc	DPB1	4	complete	1	1	1	2	exposed_validation
HG03486	AFR	SL61	alignment_only_hprc	DQA1	2	complete	1	1	1	2	exposed_validation
HG03486	AFR	SL61	alignment_only_hprc	DQA1	4	complete	0	0	0	0	exposed_validation
HG03486	AFR	SL61	alignment_only_hprc	DQB1	2	complete	1	1	1	2	exposed_validation
HG03486	AFR	SL61	alignment_only_hprc	DQB1	4	complete	1	1	1	2	exposed_validation
HG03486	AFR	SL61	alignment_only_hprc	DRB1	2	complete	1	1	1	2	exposed_validation
HG03486	AFR	SL61	alignment_only_hprc	DRB1	4	complete	0	0	0	0	exposed_validation
HG03486	AFR	SL61	alignment_only_hprc_asian	A	2	complete	1	1	1	2	exposed_validation
HG03486	AFR	SL61	alignment_only_hprc_asian	A	4	complete	1	1	1	2	exposed_validation
HG03486	AFR	SL61	alignment_only_hprc_asian	B	2	complete	1	1	1	2	exposed_validation
HG03486	AFR	SL61	alignment_only_hprc_asian	B	4	complete	0	0	0	0	exposed_validation
HG03486	AFR	SL61	alignment_only_hprc_asian	C	2	complete	1	1	1	2	exposed_validation
HG03486	AFR	SL61	alignment_only_hprc_asian	C	4	complete	0	0	0	0	exposed_validation
HG03486	AFR	SL61	alignment_only_hprc_asian	DPA1	2	complete	1	1	1	2	exposed_validation
HG03486	AFR	SL61	alignment_only_hprc_asian	DPA1	4	complete	0	0	0	0	exposed_validation
HG03486	AFR	SL61	alignment_only_hprc_asian	DPB1	2	complete	1	1	1	2	exposed_validation
HG03486	AFR	SL61	alignment_only_hprc_asian	DPB1	4	complete	1	1	1	2	exposed_validation
HG03486	AFR	SL61	alignment_only_hprc_asian	DQA1	2	complete	1	1	1	2	exposed_validation
HG03486	AFR	SL61	alignment_only_hprc_asian	DQA1	4	complete	0	0	0	0	exposed_validation
HG03486	AFR	SL61	alignment_only_hprc_asian	DQB1	2	complete	1	1	1	2	exposed_validation
HG03486	AFR	SL61	alignment_only_hprc_asian	DQB1	4	complete	1	1	1	2	exposed_validation
HG03486	AFR	SL61	alignment_only_hprc_asian	DRB1	2	complete	1	1	1	2	exposed_validation
HG03486	AFR	SL61	alignment_only_hprc_asian	DRB1	4	complete	0	0	0	0	exposed_validation
HG03521	AFR	NG109	alignment_only_hprc	A	2	complete	1	1	1	2	exposed_validation
HG03521	AFR	NG109	alignment_only_hprc	A	4	complete	1	1	1	2	exposed_validation
HG03521	AFR	NG109	alignment_only_hprc	B	2	complete	1	1	1	2	exposed_validation
HG03521	AFR	NG109	alignment_only_hprc	B	4	complete	0	0	0	0	exposed_validation
HG03521	AFR	NG109	alignment_only_hprc	C	2	complete	1	1	1	2	exposed_validation
HG03521	AFR	NG109	alignment_only_hprc	C	4	complete	0	0	0	0	exposed_validation
HG03521	AFR	NG109	alignment_only_hprc	DPA1	2	complete	1	1	1	2	exposed_validation
HG03521	AFR	NG109	alignment_only_hprc	DPA1	4	complete	1	1	1	2	exposed_validation
HG03521	AFR	NG109	alignment_only_hprc	DPB1	2	complete	1	1	1	2	exposed_validation
HG03521	AFR	NG109	alignment_only_hprc	DPB1	4	complete	1	1	1	2	exposed_validation
HG03521	AFR	NG109	alignment_only_hprc	DQA1	2	complete	1	1	1	2	exposed_validation
HG03521	AFR	NG109	alignment_only_hprc	DQA1	4	complete	0	0	0	0	exposed_validation
HG03521	AFR	NG109	alignment_only_hprc	DQB1	2	complete	1	1	1	2	exposed_validation
HG03521	AFR	NG109	alignment_only_hprc	DQB1	4	complete	1	1	1	2	exposed_validation
HG03521	AFR	NG109	alignment_only_hprc	DRB1	2	complete	1	1	1	2	exposed_validation
HG03521	AFR	NG109	alignment_only_hprc	DRB1	4	complete	0	0	0	0	exposed_validation
HG03521	AFR	NG109	alignment_only_hprc_asian	A	2	complete	1	1	1	2	exposed_validation
HG03521	AFR	NG109	alignment_only_hprc_asian	A	4	complete	1	1	1	2	exposed_validation
HG03521	AFR	NG109	alignment_only_hprc_asian	B	2	complete	1	1	1	2	exposed_validation
HG03521	AFR	NG109	alignment_only_hprc_asian	B	4	complete	0	0	0	0	exposed_validation
HG03521	AFR	NG109	alignment_only_hprc_asian	C	2	complete	1	1	1	2	exposed_validation
HG03521	AFR	NG109	alignment_only_hprc_asian	C	4	complete	0	0	0	0	exposed_validation
HG03521	AFR	NG109	alignment_only_hprc_asian	DPA1	2	complete	1	1	1	2	exposed_validation
HG03521	AFR	NG109	alignment_only_hprc_asian	DPA1	4	complete	1	1	1	2	exposed_validation
HG03521	AFR	NG109	alignment_only_hprc_asian	DPB1	2	complete	1	1	1	2	exposed_validation
HG03521	AFR	NG109	alignment_only_hprc_asian	DPB1	4	complete	1	1	1	2	exposed_validation
HG03521	AFR	NG109	alignment_only_hprc_asian	DQA1	2	complete	1	1	1	2	exposed_validation
HG03521	AFR	NG109	alignment_only_hprc_asian	DQA1	4	complete	0	0	0	0	exposed_validation
HG03521	AFR	NG109	alignment_only_hprc_asian	DQB1	2	complete	1	1	1	2	exposed_validation
HG03521	AFR	NG109	alignment_only_hprc_asian	DQB1	4	complete	1	1	1	2	exposed_validation
HG03521	AFR	NG109	alignment_only_hprc_asian	DRB1	2	complete	1	1	1	2	exposed_validation
HG03521	AFR	NG109	alignment_only_hprc_asian	DRB1	4	complete	0	0	0	0	exposed_validation
HG03540	AFR	GB125	alignment_only_hprc	A	2	complete	1	1	1	2	exposed_validation
HG03540	AFR	GB125	alignment_only_hprc	A	4	complete	1	1	0	1	exposed_validation
HG03540	AFR	GB125	alignment_only_hprc	B	2	complete	1	1	1	2	exposed_validation
HG03540	AFR	GB125	alignment_only_hprc	B	4	complete	0	0	0	0	exposed_validation
HG03540	AFR	GB125	alignment_only_hprc	C	2	complete	1	1	1	2	exposed_validation
HG03540	AFR	GB125	alignment_only_hprc	C	4	complete	0	0	0	0	exposed_validation
HG03540	AFR	GB125	alignment_only_hprc	DPA1	2	complete	1	1	1	2	exposed_validation
HG03540	AFR	GB125	alignment_only_hprc	DPA1	4	complete	0	0	0	0	exposed_validation
HG03540	AFR	GB125	alignment_only_hprc	DPB1	2	complete	1	1	1	2	exposed_validation
HG03540	AFR	GB125	alignment_only_hprc	DPB1	4	complete	0	0	0	0	exposed_validation
HG03540	AFR	GB125	alignment_only_hprc	DQA1	2	complete	1	1	1	2	exposed_validation
HG03540	AFR	GB125	alignment_only_hprc	DQA1	4	complete	0	0	0	0	exposed_validation
HG03540	AFR	GB125	alignment_only_hprc	DQB1	2	complete	1	1	1	2	exposed_validation
HG03540	AFR	GB125	alignment_only_hprc	DQB1	4	complete	1	1	1	2	exposed_validation
HG03540	AFR	GB125	alignment_only_hprc	DRB1	2	complete	1	1	1	2	exposed_validation
HG03540	AFR	GB125	alignment_only_hprc	DRB1	4	complete	1	1	0	1	exposed_validation
HG03540	AFR	GB125	alignment_only_hprc_asian	A	2	complete	1	1	1	2	exposed_validation
HG03540	AFR	GB125	alignment_only_hprc_asian	A	4	complete	1	1	0	1	exposed_validation
HG03540	AFR	GB125	alignment_only_hprc_asian	B	2	complete	1	1	1	2	exposed_validation
HG03540	AFR	GB125	alignment_only_hprc_asian	B	4	complete	0	0	0	0	exposed_validation
HG03540	AFR	GB125	alignment_only_hprc_asian	C	2	complete	1	1	1	2	exposed_validation
HG03540	AFR	GB125	alignment_only_hprc_asian	C	4	complete	0	0	0	0	exposed_validation
HG03540	AFR	GB125	alignment_only_hprc_asian	DPA1	2	complete	1	1	1	2	exposed_validation
HG03540	AFR	GB125	alignment_only_hprc_asian	DPA1	4	complete	0	0	0	0	exposed_validation
HG03540	AFR	GB125	alignment_only_hprc_asian	DPB1	2	complete	1	1	1	2	exposed_validation
HG03540	AFR	GB125	alignment_only_hprc_asian	DPB1	4	complete	0	0	0	0	exposed_validation
HG03540	AFR	GB125	alignment_only_hprc_asian	DQA1	2	complete	1	1	1	2	exposed_validation
HG03540	AFR	GB125	alignment_only_hprc_asian	DQA1	4	complete	0	0	0	0	exposed_validation
HG03540	AFR	GB125	alignment_only_hprc_asian	DQB1	2	complete	1	1	1	2	exposed_validation
HG03540	AFR	GB125	alignment_only_hprc_asian	DQB1	4	complete	1	1	1	2	exposed_validation
HG03540	AFR	GB125	alignment_only_hprc_asian	DRB1	2	complete	1	1	1	2	exposed_validation
HG03540	AFR	GB125	alignment_only_hprc_asian	DRB1	4	complete	1	1	0	1	exposed_validation
HG03579	AFR	SL72	alignment_only_hprc	A	2	complete	1	1	1	2	exposed_validation
HG03579	AFR	SL72	alignment_only_hprc	A	4	complete	1	1	1	2	exposed_validation
HG03579	AFR	SL72	alignment_only_hprc	B	2	complete	1	1	0	1	exposed_validation
HG03579	AFR	SL72	alignment_only_hprc	B	4	complete	1	1	0	1	exposed_validation
HG03579	AFR	SL72	alignment_only_hprc	C	2	complete	1	1	1	2	exposed_validation
HG03579	AFR	SL72	alignment_only_hprc	C	4	complete	1	1	0	1	exposed_validation
HG03579	AFR	SL72	alignment_only_hprc	DPA1	2	complete	1	1	1	2	exposed_validation
HG03579	AFR	SL72	alignment_only_hprc	DPA1	4	complete	0	0	0	0	exposed_validation
HG03579	AFR	SL72	alignment_only_hprc	DPB1	2	complete	1	1	1	2	exposed_validation
HG03579	AFR	SL72	alignment_only_hprc	DPB1	4	complete	1	1	1	2	exposed_validation
HG03579	AFR	SL72	alignment_only_hprc	DQA1	2	complete	1	1	1	2	exposed_validation
HG03579	AFR	SL72	alignment_only_hprc	DQA1	4	complete	1	1	0	1	exposed_validation
HG03579	AFR	SL72	alignment_only_hprc	DQB1	2	complete	1	1	1	2	exposed_validation
HG03579	AFR	SL72	alignment_only_hprc	DQB1	4	complete	1	1	1	2	exposed_validation
HG03579	AFR	SL72	alignment_only_hprc	DRB1	2	complete	1	1	1	2	exposed_validation
HG03579	AFR	SL72	alignment_only_hprc	DRB1	4	complete	0	0	0	0	exposed_validation
HG03579	AFR	SL72	alignment_only_hprc_asian	A	2	complete	1	1	1	2	exposed_validation
HG03579	AFR	SL72	alignment_only_hprc_asian	A	4	complete	1	1	1	2	exposed_validation
HG03579	AFR	SL72	alignment_only_hprc_asian	B	2	complete	1	1	0	1	exposed_validation
HG03579	AFR	SL72	alignment_only_hprc_asian	B	4	complete	1	1	0	1	exposed_validation
HG03579	AFR	SL72	alignment_only_hprc_asian	C	2	complete	1	1	1	2	exposed_validation
HG03579	AFR	SL72	alignment_only_hprc_asian	C	4	complete	1	1	0	1	exposed_validation
HG03579	AFR	SL72	alignment_only_hprc_asian	DPA1	2	complete	1	1	1	2	exposed_validation
HG03579	AFR	SL72	alignment_only_hprc_asian	DPA1	4	complete	0	0	0	0	exposed_validation
HG03579	AFR	SL72	alignment_only_hprc_asian	DPB1	2	complete	1	1	1	2	exposed_validation
HG03579	AFR	SL72	alignment_only_hprc_asian	DPB1	4	complete	1	1	1	2	exposed_validation
HG03579	AFR	SL72	alignment_only_hprc_asian	DQA1	2	complete	1	1	1	2	exposed_validation
HG03579	AFR	SL72	alignment_only_hprc_asian	DQA1	4	complete	1	1	0	1	exposed_validation
HG03579	AFR	SL72	alignment_only_hprc_asian	DQB1	2	complete	1	1	1	2	exposed_validation
HG03579	AFR	SL72	alignment_only_hprc_asian	DQB1	4	complete	1	1	1	2	exposed_validation
HG03579	AFR	SL72	alignment_only_hprc_asian	DRB1	2	complete	1	1	1	2	exposed_validation
HG03579	AFR	SL72	alignment_only_hprc_asian	DRB1	4	complete	0	0	0	0	exposed_validation
HG03583	AFR	SL73	alignment_only_hprc	A	2	complete	1	1	1	2	exposed_validation
HG03583	AFR	SL73	alignment_only_hprc	A	4	complete	1	1	1	2	exposed_validation
HG03583	AFR	SL73	alignment_only_hprc	B	2	complete	1	1	1	2	exposed_validation
HG03583	AFR	SL73	alignment_only_hprc	B	4	complete	0	0	0	0	exposed_validation
HG03583	AFR	SL73	alignment_only_hprc	C	2	complete	1	1	1	2	exposed_validation
HG03583	AFR	SL73	alignment_only_hprc	C	4	complete	0	0	0	0	exposed_validation
HG03583	AFR	SL73	alignment_only_hprc	DPA1	2	complete	1	1	1	2	exposed_validation
HG03583	AFR	SL73	alignment_only_hprc	DPA1	4	complete	0	0	0	0	exposed_validation
HG03583	AFR	SL73	alignment_only_hprc	DPB1	2	complete	1	1	1	2	exposed_validation
HG03583	AFR	SL73	alignment_only_hprc	DPB1	4	complete	1	1	1	2	exposed_validation
HG03583	AFR	SL73	alignment_only_hprc	DQA1	2	complete	1	1	1	2	exposed_validation
HG03583	AFR	SL73	alignment_only_hprc	DQA1	4	complete	0	0	0	0	exposed_validation
HG03583	AFR	SL73	alignment_only_hprc	DQB1	2	complete	1	1	1	2	exposed_validation
HG03583	AFR	SL73	alignment_only_hprc	DQB1	4	complete	0	0	0	0	exposed_validation
HG03583	AFR	SL73	alignment_only_hprc	DRB1	2	complete	1	1	1	2	exposed_validation
HG03583	AFR	SL73	alignment_only_hprc	DRB1	4	complete	0	0	0	0	exposed_validation
HG03583	AFR	SL73	alignment_only_hprc_asian	A	2	complete	1	1	1	2	exposed_validation
HG03583	AFR	SL73	alignment_only_hprc_asian	A	4	complete	1	1	1	2	exposed_validation
HG03583	AFR	SL73	alignment_only_hprc_asian	B	2	complete	1	1	1	2	exposed_validation
HG03583	AFR	SL73	alignment_only_hprc_asian	B	4	complete	0	0	0	0	exposed_validation
HG03583	AFR	SL73	alignment_only_hprc_asian	C	2	complete	1	1	1	2	exposed_validation
HG03583	AFR	SL73	alignment_only_hprc_asian	C	4	complete	0	0	0	0	exposed_validation
HG03583	AFR	SL73	alignment_only_hprc_asian	DPA1	2	complete	1	1	1	2	exposed_validation
HG03583	AFR	SL73	alignment_only_hprc_asian	DPA1	4	complete	0	0	0	0	exposed_validation
HG03583	AFR	SL73	alignment_only_hprc_asian	DPB1	2	complete	1	1	1	2	exposed_validation
HG03583	AFR	SL73	alignment_only_hprc_asian	DPB1	4	complete	1	1	1	2	exposed_validation
HG03583	AFR	SL73	alignment_only_hprc_asian	DQA1	2	complete	1	1	1	2	exposed_validation
HG03583	AFR	SL73	alignment_only_hprc_asian	DQA1	4	complete	0	0	0	0	exposed_validation
HG03583	AFR	SL73	alignment_only_hprc_asian	DQB1	2	complete	1	1	1	2	exposed_validation
HG03583	AFR	SL73	alignment_only_hprc_asian	DQB1	4	complete	0	0	0	0	exposed_validation
HG03583	AFR	SL73	alignment_only_hprc_asian	DRB1	2	complete	1	1	1	2	exposed_validation
HG03583	AFR	SL73	alignment_only_hprc_asian	DRB1	4	complete	0	0	0	0	exposed_validation
HG03654	SAS	PK53	alignment_only_hprc	A	2	complete	1	1	1	2	exposed_validation
HG03654	SAS	PK53	alignment_only_hprc	A	4	complete	1	1	1	2	exposed_validation
HG03654	SAS	PK53	alignment_only_hprc	B	2	complete	1	1	1	2	exposed_validation
HG03654	SAS	PK53	alignment_only_hprc	B	4	complete	1	1	1	2	exposed_validation
HG03654	SAS	PK53	alignment_only_hprc	C	2	complete	1	1	1	2	exposed_validation
HG03654	SAS	PK53	alignment_only_hprc	C	4	complete	1	1	1	2	exposed_validation
HG03654	SAS	PK53	alignment_only_hprc	DPA1	2	complete	1	1	1	2	exposed_validation
HG03654	SAS	PK53	alignment_only_hprc	DPA1	4	complete	0	0	0	0	exposed_validation
HG03654	SAS	PK53	alignment_only_hprc	DPB1	2	complete	1	1	1	2	exposed_validation
HG03654	SAS	PK53	alignment_only_hprc	DPB1	4	complete	1	1	1	2	exposed_validation
HG03654	SAS	PK53	alignment_only_hprc	DQA1	2	complete	1	1	1	2	exposed_validation
HG03654	SAS	PK53	alignment_only_hprc	DQA1	4	complete	0	0	0	0	exposed_validation
HG03654	SAS	PK53	alignment_only_hprc	DQB1	2	complete	1	1	1	2	exposed_validation
HG03654	SAS	PK53	alignment_only_hprc	DQB1	4	complete	1	1	1	2	exposed_validation
HG03654	SAS	PK53	alignment_only_hprc	DRB1	2	complete	1	1	1	2	exposed_validation
HG03654	SAS	PK53	alignment_only_hprc	DRB1	4	complete	0	0	0	0	exposed_validation
HG03654	SAS	PK53	alignment_only_hprc_asian	A	2	complete	1	1	1	2	exposed_validation
HG03654	SAS	PK53	alignment_only_hprc_asian	A	4	complete	1	1	1	2	exposed_validation
HG03654	SAS	PK53	alignment_only_hprc_asian	B	2	complete	1	1	1	2	exposed_validation
HG03654	SAS	PK53	alignment_only_hprc_asian	B	4	complete	1	1	1	2	exposed_validation
HG03654	SAS	PK53	alignment_only_hprc_asian	C	2	complete	1	1	1	2	exposed_validation
HG03654	SAS	PK53	alignment_only_hprc_asian	C	4	complete	1	1	1	2	exposed_validation
HG03654	SAS	PK53	alignment_only_hprc_asian	DPA1	2	complete	1	1	1	2	exposed_validation
HG03654	SAS	PK53	alignment_only_hprc_asian	DPA1	4	complete	0	0	0	0	exposed_validation
HG03654	SAS	PK53	alignment_only_hprc_asian	DPB1	2	complete	1	1	1	2	exposed_validation
HG03654	SAS	PK53	alignment_only_hprc_asian	DPB1	4	complete	1	1	1	2	exposed_validation
HG03654	SAS	PK53	alignment_only_hprc_asian	DQA1	2	complete	1	1	1	2	exposed_validation
HG03654	SAS	PK53	alignment_only_hprc_asian	DQA1	4	complete	0	0	0	0	exposed_validation
HG03654	SAS	PK53	alignment_only_hprc_asian	DQB1	2	complete	1	1	1	2	exposed_validation
HG03654	SAS	PK53	alignment_only_hprc_asian	DQB1	4	complete	1	1	1	2	exposed_validation
HG03654	SAS	PK53	alignment_only_hprc_asian	DRB1	2	complete	1	1	1	2	exposed_validation
HG03654	SAS	PK53	alignment_only_hprc_asian	DRB1	4	complete	0	0	0	0	exposed_validation
HG03669	SAS	PK58	alignment_only_hprc	A	2	complete	1	1	1	2	exposed_validation
HG03669	SAS	PK58	alignment_only_hprc	A	4	complete	1	1	1	2	exposed_validation
HG03669	SAS	PK58	alignment_only_hprc	B	2	complete	1	1	0	1	exposed_validation
HG03669	SAS	PK58	alignment_only_hprc	B	4	complete	1	0	0	1	exposed_validation
HG03669	SAS	PK58	alignment_only_hprc	C	2	complete	1	1	1	2	exposed_validation
HG03669	SAS	PK58	alignment_only_hprc	C	4	complete	1	1	1	2	exposed_validation
HG03669	SAS	PK58	alignment_only_hprc	DPA1	2	complete	1	1	1	2	exposed_validation
HG03669	SAS	PK58	alignment_only_hprc	DPA1	4	complete	0	0	0	0	exposed_validation
HG03669	SAS	PK58	alignment_only_hprc	DPB1	2	complete	1	1	1	2	exposed_validation
HG03669	SAS	PK58	alignment_only_hprc	DPB1	4	complete	1	1	1	2	exposed_validation
HG03669	SAS	PK58	alignment_only_hprc	DQA1	2	complete	1	1	1	2	exposed_validation
HG03669	SAS	PK58	alignment_only_hprc	DQA1	4	complete	1	1	1	2	exposed_validation
HG03669	SAS	PK58	alignment_only_hprc	DQB1	2	complete	1	1	1	2	exposed_validation
HG03669	SAS	PK58	alignment_only_hprc	DQB1	4	complete	1	1	1	2	exposed_validation
HG03669	SAS	PK58	alignment_only_hprc	DRB1	2	complete	1	1	1	2	exposed_validation
HG03669	SAS	PK58	alignment_only_hprc	DRB1	4	complete	0	0	0	0	exposed_validation
HG03669	SAS	PK58	alignment_only_hprc_asian	A	2	complete	1	1	1	2	exposed_validation
HG03669	SAS	PK58	alignment_only_hprc_asian	A	4	complete	1	1	1	2	exposed_validation
HG03669	SAS	PK58	alignment_only_hprc_asian	B	2	complete	1	1	0	1	exposed_validation
HG03669	SAS	PK58	alignment_only_hprc_asian	B	4	complete	1	0	0	1	exposed_validation
HG03669	SAS	PK58	alignment_only_hprc_asian	C	2	complete	1	1	1	2	exposed_validation
HG03669	SAS	PK58	alignment_only_hprc_asian	C	4	complete	1	1	1	2	exposed_validation
HG03669	SAS	PK58	alignment_only_hprc_asian	DPA1	2	complete	1	1	1	2	exposed_validation
HG03669	SAS	PK58	alignment_only_hprc_asian	DPA1	4	complete	0	0	0	0	exposed_validation
HG03669	SAS	PK58	alignment_only_hprc_asian	DPB1	2	complete	1	1	1	2	exposed_validation
HG03669	SAS	PK58	alignment_only_hprc_asian	DPB1	4	complete	1	1	1	2	exposed_validation
HG03669	SAS	PK58	alignment_only_hprc_asian	DQA1	2	complete	1	1	1	2	exposed_validation
HG03669	SAS	PK58	alignment_only_hprc_asian	DQA1	4	complete	1	1	1	2	exposed_validation
HG03669	SAS	PK58	alignment_only_hprc_asian	DQB1	2	complete	1	1	1	2	exposed_validation
HG03669	SAS	PK58	alignment_only_hprc_asian	DQB1	4	complete	1	1	1	2	exposed_validation
HG03669	SAS	PK58	alignment_only_hprc_asian	DRB1	2	complete	1	1	1	2	exposed_validation
HG03669	SAS	PK58	alignment_only_hprc_asian	DRB1	4	complete	0	0	0	0	exposed_validation
HG03704	SAS	PK60	alignment_only_hprc	A	2	complete	1	1	1	2	exposed_validation
HG03704	SAS	PK60	alignment_only_hprc	A	4	complete	1	1	1	2	exposed_validation
HG03704	SAS	PK60	alignment_only_hprc	B	2	complete	1	1	1	2	exposed_validation
HG03704	SAS	PK60	alignment_only_hprc	B	4	complete	1	1	1	2	exposed_validation
HG03704	SAS	PK60	alignment_only_hprc	C	2	complete	1	1	1	2	exposed_validation
HG03704	SAS	PK60	alignment_only_hprc	C	4	complete	1	1	1	2	exposed_validation
HG03704	SAS	PK60	alignment_only_hprc	DPA1	2	complete	1	1	1	2	exposed_validation
HG03704	SAS	PK60	alignment_only_hprc	DPA1	4	complete	0	0	0	0	exposed_validation
HG03704	SAS	PK60	alignment_only_hprc	DPB1	2	complete	1	1	1	2	exposed_validation
HG03704	SAS	PK60	alignment_only_hprc	DPB1	4	complete	1	1	1	2	exposed_validation
HG03704	SAS	PK60	alignment_only_hprc	DQA1	2	complete	1	1	1	2	exposed_validation
HG03704	SAS	PK60	alignment_only_hprc	DQA1	4	complete	1	1	1	2	exposed_validation
HG03704	SAS	PK60	alignment_only_hprc	DQB1	2	complete	1	1	1	2	exposed_validation
HG03704	SAS	PK60	alignment_only_hprc	DQB1	4	complete	1	1	1	2	exposed_validation
HG03704	SAS	PK60	alignment_only_hprc	DRB1	2	complete	1	1	1	2	exposed_validation
HG03704	SAS	PK60	alignment_only_hprc	DRB1	4	complete	0	0	0	0	exposed_validation
HG03704	SAS	PK60	alignment_only_hprc_asian	A	2	complete	1	1	1	2	exposed_validation
HG03704	SAS	PK60	alignment_only_hprc_asian	A	4	complete	1	1	1	2	exposed_validation
HG03704	SAS	PK60	alignment_only_hprc_asian	B	2	complete	1	1	1	2	exposed_validation
HG03704	SAS	PK60	alignment_only_hprc_asian	B	4	complete	1	1	1	2	exposed_validation
HG03704	SAS	PK60	alignment_only_hprc_asian	C	2	complete	1	1	1	2	exposed_validation
HG03704	SAS	PK60	alignment_only_hprc_asian	C	4	complete	1	1	1	2	exposed_validation
HG03704	SAS	PK60	alignment_only_hprc_asian	DPA1	2	complete	1	1	1	2	exposed_validation
HG03704	SAS	PK60	alignment_only_hprc_asian	DPA1	4	complete	0	0	0	0	exposed_validation
HG03704	SAS	PK60	alignment_only_hprc_asian	DPB1	2	complete	1	1	1	2	exposed_validation
HG03704	SAS	PK60	alignment_only_hprc_asian	DPB1	4	complete	1	1	1	2	exposed_validation
HG03704	SAS	PK60	alignment_only_hprc_asian	DQA1	2	complete	1	1	1	2	exposed_validation
HG03704	SAS	PK60	alignment_only_hprc_asian	DQA1	4	complete	1	1	1	2	exposed_validation
HG03704	SAS	PK60	alignment_only_hprc_asian	DQB1	2	complete	1	1	1	2	exposed_validation
HG03704	SAS	PK60	alignment_only_hprc_asian	DQB1	4	complete	1	1	1	2	exposed_validation
HG03704	SAS	PK60	alignment_only_hprc_asian	DRB1	2	complete	1	1	1	2	exposed_validation
HG03704	SAS	PK60	alignment_only_hprc_asian	DRB1	4	complete	0	0	0	0	exposed_validation
HG03710	SAS	PK62	alignment_only_hprc	A	2	complete	1	1	1	2	exposed_validation
HG03710	SAS	PK62	alignment_only_hprc	A	4	complete	1	1	1	2	exposed_validation
HG03710	SAS	PK62	alignment_only_hprc	B	2	complete	1	1	1	2	exposed_validation
HG03710	SAS	PK62	alignment_only_hprc	B	4	complete	0	0	0	0	exposed_validation
HG03710	SAS	PK62	alignment_only_hprc	C	2	complete	1	1	1	2	exposed_validation
HG03710	SAS	PK62	alignment_only_hprc	C	4	complete	1	1	1	2	exposed_validation
HG03710	SAS	PK62	alignment_only_hprc	DPA1	2	complete	1	1	1	2	exposed_validation
HG03710	SAS	PK62	alignment_only_hprc	DPA1	4	complete	0	0	0	0	exposed_validation
HG03710	SAS	PK62	alignment_only_hprc	DPB1	2	complete	1	1	1	2	exposed_validation
HG03710	SAS	PK62	alignment_only_hprc	DPB1	4	complete	1	1	1	2	exposed_validation
HG03710	SAS	PK62	alignment_only_hprc	DQA1	2	complete	1	1	1	2	exposed_validation
HG03710	SAS	PK62	alignment_only_hprc	DQA1	4	complete	0	0	0	0	exposed_validation
HG03710	SAS	PK62	alignment_only_hprc	DQB1	2	complete	1	1	1	2	exposed_validation
HG03710	SAS	PK62	alignment_only_hprc	DQB1	4	complete	1	1	1	2	exposed_validation
HG03710	SAS	PK62	alignment_only_hprc	DRB1	2	complete	1	1	1	2	exposed_validation
HG03710	SAS	PK62	alignment_only_hprc	DRB1	4	complete	0	0	0	0	exposed_validation
HG03710	SAS	PK62	alignment_only_hprc_asian	A	2	complete	1	1	1	2	exposed_validation
HG03710	SAS	PK62	alignment_only_hprc_asian	A	4	complete	1	1	1	2	exposed_validation
HG03710	SAS	PK62	alignment_only_hprc_asian	B	2	complete	1	1	1	2	exposed_validation
HG03710	SAS	PK62	alignment_only_hprc_asian	B	4	complete	0	0	0	0	exposed_validation
HG03710	SAS	PK62	alignment_only_hprc_asian	C	2	complete	1	1	1	2	exposed_validation
HG03710	SAS	PK62	alignment_only_hprc_asian	C	4	complete	1	1	1	2	exposed_validation
HG03710	SAS	PK62	alignment_only_hprc_asian	DPA1	2	complete	1	1	1	2	exposed_validation
HG03710	SAS	PK62	alignment_only_hprc_asian	DPA1	4	complete	0	0	0	0	exposed_validation
HG03710	SAS	PK62	alignment_only_hprc_asian	DPB1	2	complete	1	1	1	2	exposed_validation
HG03710	SAS	PK62	alignment_only_hprc_asian	DPB1	4	complete	1	1	1	2	exposed_validation
HG03710	SAS	PK62	alignment_only_hprc_asian	DQA1	2	complete	1	1	1	2	exposed_validation
HG03710	SAS	PK62	alignment_only_hprc_asian	DQA1	4	complete	0	0	0	0	exposed_validation
HG03710	SAS	PK62	alignment_only_hprc_asian	DQB1	2	complete	1	1	1	2	exposed_validation
HG03710	SAS	PK62	alignment_only_hprc_asian	DQB1	4	complete	1	1	1	2	exposed_validation
HG03710	SAS	PK62	alignment_only_hprc_asian	DRB1	2	complete	1	1	1	2	exposed_validation
HG03710	SAS	PK62	alignment_only_hprc_asian	DRB1	4	complete	0	0	0	0	exposed_validation
HG03816	SAS	BD22	alignment_only_hprc	A	2	complete	1	1	1	2	exposed_validation
HG03816	SAS	BD22	alignment_only_hprc	A	4	complete	1	1	1	2	exposed_validation
HG03816	SAS	BD22	alignment_only_hprc	B	2	complete	1	1	1	2	exposed_validation
HG03816	SAS	BD22	alignment_only_hprc	B	4	complete	0	0	0	0	exposed_validation
HG03816	SAS	BD22	alignment_only_hprc	C	2	complete	1	1	1	2	exposed_validation
HG03816	SAS	BD22	alignment_only_hprc	C	4	complete	1	1	1	2	exposed_validation
HG03816	SAS	BD22	alignment_only_hprc	DPA1	2	complete	1	1	1	2	exposed_validation
HG03816	SAS	BD22	alignment_only_hprc	DPA1	4	complete	0	0	0	0	exposed_validation
HG03816	SAS	BD22	alignment_only_hprc	DPB1	2	complete	1	1	1	2	exposed_validation
HG03816	SAS	BD22	alignment_only_hprc	DPB1	4	complete	1	1	1	2	exposed_validation
HG03816	SAS	BD22	alignment_only_hprc	DQA1	2	complete	1	1	1	2	exposed_validation
HG03816	SAS	BD22	alignment_only_hprc	DQA1	4	complete	0	0	0	0	exposed_validation
HG03816	SAS	BD22	alignment_only_hprc	DQB1	2	complete	1	1	1	2	exposed_validation
HG03816	SAS	BD22	alignment_only_hprc	DQB1	4	complete	1	1	1	2	exposed_validation
HG03816	SAS	BD22	alignment_only_hprc	DRB1	2	complete	1	1	1	2	exposed_validation
HG03816	SAS	BD22	alignment_only_hprc	DRB1	4	complete	0	0	0	0	exposed_validation
HG03816	SAS	BD22	alignment_only_hprc_asian	A	2	complete	1	1	1	2	exposed_validation
HG03816	SAS	BD22	alignment_only_hprc_asian	A	4	complete	1	1	1	2	exposed_validation
HG03816	SAS	BD22	alignment_only_hprc_asian	B	2	complete	1	1	1	2	exposed_validation
HG03816	SAS	BD22	alignment_only_hprc_asian	B	4	complete	0	0	0	0	exposed_validation
HG03816	SAS	BD22	alignment_only_hprc_asian	C	2	complete	1	1	1	2	exposed_validation
HG03816	SAS	BD22	alignment_only_hprc_asian	C	4	complete	1	1	1	2	exposed_validation
HG03816	SAS	BD22	alignment_only_hprc_asian	DPA1	2	complete	1	1	1	2	exposed_validation
HG03816	SAS	BD22	alignment_only_hprc_asian	DPA1	4	complete	0	0	0	0	exposed_validation
HG03816	SAS	BD22	alignment_only_hprc_asian	DPB1	2	complete	1	1	1	2	exposed_validation
HG03816	SAS	BD22	alignment_only_hprc_asian	DPB1	4	complete	1	1	1	2	exposed_validation
HG03816	SAS	BD22	alignment_only_hprc_asian	DQA1	2	complete	1	1	1	2	exposed_validation
HG03816	SAS	BD22	alignment_only_hprc_asian	DQA1	4	complete	0	0	0	0	exposed_validation
HG03816	SAS	BD22	alignment_only_hprc_asian	DQB1	2	complete	1	1	1	2	exposed_validation
HG03816	SAS	BD22	alignment_only_hprc_asian	DQB1	4	complete	1	1	1	2	exposed_validation
HG03816	SAS	BD22	alignment_only_hprc_asian	DRB1	2	complete	1	1	1	2	exposed_validation
HG03816	SAS	BD22	alignment_only_hprc_asian	DRB1	4	complete	0	0	0	0	exposed_validation
HG03834	SAS	BD28	alignment_only_hprc	A	2	complete	1	1	1	2	exposed_validation
HG03834	SAS	BD28	alignment_only_hprc	A	4	complete	1	1	1	2	exposed_validation
HG03834	SAS	BD28	alignment_only_hprc	B	2	complete	1	1	1	2	exposed_validation
HG03834	SAS	BD28	alignment_only_hprc	B	4	complete	0	0	0	0	exposed_validation
HG03834	SAS	BD28	alignment_only_hprc	C	2	complete	1	1	1	2	exposed_validation
HG03834	SAS	BD28	alignment_only_hprc	C	4	complete	1	1	1	2	exposed_validation
HG03834	SAS	BD28	alignment_only_hprc	DPA1	2	complete	1	1	1	2	exposed_validation
HG03834	SAS	BD28	alignment_only_hprc	DPA1	4	complete	0	0	0	0	exposed_validation
HG03834	SAS	BD28	alignment_only_hprc	DPB1	2	complete	1	1	1	2	exposed_validation
HG03834	SAS	BD28	alignment_only_hprc	DPB1	4	complete	1	1	1	2	exposed_validation
HG03834	SAS	BD28	alignment_only_hprc	DQA1	2	complete	1	1	1	2	exposed_validation
HG03834	SAS	BD28	alignment_only_hprc	DQA1	4	complete	1	1	1	2	exposed_validation
HG03834	SAS	BD28	alignment_only_hprc	DQB1	2	complete	1	1	1	2	exposed_validation
HG03834	SAS	BD28	alignment_only_hprc	DQB1	4	complete	1	1	1	2	exposed_validation
HG03834	SAS	BD28	alignment_only_hprc	DRB1	2	complete	1	1	1	2	exposed_validation
HG03834	SAS	BD28	alignment_only_hprc	DRB1	4	complete	0	0	0	0	exposed_validation
HG03834	SAS	BD28	alignment_only_hprc_asian	A	2	complete	1	1	1	2	exposed_validation
HG03834	SAS	BD28	alignment_only_hprc_asian	A	4	complete	1	1	1	2	exposed_validation
HG03834	SAS	BD28	alignment_only_hprc_asian	B	2	complete	1	1	1	2	exposed_validation
HG03834	SAS	BD28	alignment_only_hprc_asian	B	4	complete	0	0	0	0	exposed_validation
HG03834	SAS	BD28	alignment_only_hprc_asian	C	2	complete	1	1	1	2	exposed_validation
HG03834	SAS	BD28	alignment_only_hprc_asian	C	4	complete	1	1	1	2	exposed_validation
HG03834	SAS	BD28	alignment_only_hprc_asian	DPA1	2	complete	1	1	1	2	exposed_validation
HG03834	SAS	BD28	alignment_only_hprc_asian	DPA1	4	complete	0	0	0	0	exposed_validation
HG03834	SAS	BD28	alignment_only_hprc_asian	DPB1	2	complete	1	1	1	2	exposed_validation
HG03834	SAS	BD28	alignment_only_hprc_asian	DPB1	4	complete	1	1	1	2	exposed_validation
HG03834	SAS	BD28	alignment_only_hprc_asian	DQA1	2	complete	1	1	1	2	exposed_validation
HG03834	SAS	BD28	alignment_only_hprc_asian	DQA1	4	complete	1	1	1	2	exposed_validation
HG03834	SAS	BD28	alignment_only_hprc_asian	DQB1	2	complete	1	1	1	2	exposed_validation
HG03834	SAS	BD28	alignment_only_hprc_asian	DQB1	4	complete	1	1	1	2	exposed_validation
HG03834	SAS	BD28	alignment_only_hprc_asian	DRB1	2	complete	1	1	1	2	exposed_validation
HG03834	SAS	BD28	alignment_only_hprc_asian	DRB1	4	complete	0	0	0	0	exposed_validation
HG03942	SAS	BD42	alignment_only_hprc	A	2	complete	1	1	1	2	exposed_validation
HG03942	SAS	BD42	alignment_only_hprc	A	4	complete	1	1	1	2	exposed_validation
HG03942	SAS	BD42	alignment_only_hprc	B	2	complete	1	1	1	2	exposed_validation
HG03942	SAS	BD42	alignment_only_hprc	B	4	complete	0	0	0	0	exposed_validation
HG03942	SAS	BD42	alignment_only_hprc	C	2	complete	1	1	1	2	exposed_validation
HG03942	SAS	BD42	alignment_only_hprc	C	4	complete	1	1	1	2	exposed_validation
HG03942	SAS	BD42	alignment_only_hprc	DPA1	2	complete	1	1	1	2	exposed_validation
HG03942	SAS	BD42	alignment_only_hprc	DPA1	4	complete	1	1	1	2	exposed_validation
HG03942	SAS	BD42	alignment_only_hprc	DPB1	2	complete	1	1	1	2	exposed_validation
HG03942	SAS	BD42	alignment_only_hprc	DPB1	4	complete	1	1	1	2	exposed_validation
HG03942	SAS	BD42	alignment_only_hprc	DQA1	2	complete	1	1	1	2	exposed_validation
HG03942	SAS	BD42	alignment_only_hprc	DQA1	4	complete	1	1	1	2	exposed_validation
HG03942	SAS	BD42	alignment_only_hprc	DQB1	2	complete	1	1	1	2	exposed_validation
HG03942	SAS	BD42	alignment_only_hprc	DQB1	4	complete	1	1	1	2	exposed_validation
HG03942	SAS	BD42	alignment_only_hprc	DRB1	2	complete	1	1	1	2	exposed_validation
HG03942	SAS	BD42	alignment_only_hprc	DRB1	4	complete	1	1	0	1	exposed_validation
HG03942	SAS	BD42	alignment_only_hprc_asian	A	2	complete	1	1	1	2	exposed_validation
HG03942	SAS	BD42	alignment_only_hprc_asian	A	4	complete	1	1	1	2	exposed_validation
HG03942	SAS	BD42	alignment_only_hprc_asian	B	2	complete	1	1	1	2	exposed_validation
HG03942	SAS	BD42	alignment_only_hprc_asian	B	4	complete	0	0	0	0	exposed_validation
HG03942	SAS	BD42	alignment_only_hprc_asian	C	2	complete	1	1	1	2	exposed_validation
HG03942	SAS	BD42	alignment_only_hprc_asian	C	4	complete	1	1	1	2	exposed_validation
HG03942	SAS	BD42	alignment_only_hprc_asian	DPA1	2	complete	1	1	1	2	exposed_validation
HG03942	SAS	BD42	alignment_only_hprc_asian	DPA1	4	complete	1	1	1	2	exposed_validation
HG03942	SAS	BD42	alignment_only_hprc_asian	DPB1	2	complete	1	1	1	2	exposed_validation
HG03942	SAS	BD42	alignment_only_hprc_asian	DPB1	4	complete	1	1	1	2	exposed_validation
HG03942	SAS	BD42	alignment_only_hprc_asian	DQA1	2	complete	1	1	1	2	exposed_validation
HG03942	SAS	BD42	alignment_only_hprc_asian	DQA1	4	complete	1	1	1	2	exposed_validation
HG03942	SAS	BD42	alignment_only_hprc_asian	DQB1	2	complete	1	1	1	2	exposed_validation
HG03942	SAS	BD42	alignment_only_hprc_asian	DQB1	4	complete	1	1	1	2	exposed_validation
HG03942	SAS	BD42	alignment_only_hprc_asian	DRB1	2	complete	1	1	1	2	exposed_validation
HG03942	SAS	BD42	alignment_only_hprc_asian	DRB1	4	complete	1	1	0	1	exposed_validation
HG04160	SAS	BD53	alignment_only_hprc	A	2	complete	1	1	1	2	exposed_validation
HG04160	SAS	BD53	alignment_only_hprc	A	4	complete	1	1	1	2	exposed_validation
HG04160	SAS	BD53	alignment_only_hprc	B	2	complete	1	1	1	2	exposed_validation
HG04160	SAS	BD53	alignment_only_hprc	B	4	complete	1	1	1	2	exposed_validation
HG04160	SAS	BD53	alignment_only_hprc	C	2	complete	1	1	1	2	exposed_validation
HG04160	SAS	BD53	alignment_only_hprc	C	4	complete	0	0	0	0	exposed_validation
HG04160	SAS	BD53	alignment_only_hprc	DPA1	2	complete	1	1	1	2	exposed_validation
HG04160	SAS	BD53	alignment_only_hprc	DPA1	4	complete	0	0	0	0	exposed_validation
HG04160	SAS	BD53	alignment_only_hprc	DPB1	2	complete	1	1	1	2	exposed_validation
HG04160	SAS	BD53	alignment_only_hprc	DPB1	4	complete	1	1	1	2	exposed_validation
HG04160	SAS	BD53	alignment_only_hprc	DQA1	2	complete	1	1	1	2	exposed_validation
HG04160	SAS	BD53	alignment_only_hprc	DQA1	4	complete	0	0	0	0	exposed_validation
HG04160	SAS	BD53	alignment_only_hprc	DQB1	2	complete	1	1	1	2	exposed_validation
HG04160	SAS	BD53	alignment_only_hprc	DQB1	4	complete	1	1	1	2	exposed_validation
HG04160	SAS	BD53	alignment_only_hprc	DRB1	2	complete	1	1	1	2	exposed_validation
HG04160	SAS	BD53	alignment_only_hprc	DRB1	4	complete	0	0	0	0	exposed_validation
HG04160	SAS	BD53	alignment_only_hprc_asian	A	2	complete	1	1	1	2	exposed_validation
HG04160	SAS	BD53	alignment_only_hprc_asian	A	4	complete	1	1	1	2	exposed_validation
HG04160	SAS	BD53	alignment_only_hprc_asian	B	2	complete	1	1	1	2	exposed_validation
HG04160	SAS	BD53	alignment_only_hprc_asian	B	4	complete	1	1	1	2	exposed_validation
HG04160	SAS	BD53	alignment_only_hprc_asian	C	2	complete	1	1	1	2	exposed_validation
HG04160	SAS	BD53	alignment_only_hprc_asian	C	4	complete	0	0	0	0	exposed_validation
HG04160	SAS	BD53	alignment_only_hprc_asian	DPA1	2	complete	1	1	1	2	exposed_validation
HG04160	SAS	BD53	alignment_only_hprc_asian	DPA1	4	complete	0	0	0	0	exposed_validation
HG04160	SAS	BD53	alignment_only_hprc_asian	DPB1	2	complete	1	1	1	2	exposed_validation
HG04160	SAS	BD53	alignment_only_hprc_asian	DPB1	4	complete	1	1	1	2	exposed_validation
HG04160	SAS	BD53	alignment_only_hprc_asian	DQA1	2	complete	1	1	1	2	exposed_validation
HG04160	SAS	BD53	alignment_only_hprc_asian	DQA1	4	complete	0	0	0	0	exposed_validation
HG04160	SAS	BD53	alignment_only_hprc_asian	DQB1	2	complete	1	1	1	2	exposed_validation
HG04160	SAS	BD53	alignment_only_hprc_asian	DQB1	4	complete	1	1	1	2	exposed_validation
HG04160	SAS	BD53	alignment_only_hprc_asian	DRB1	2	complete	1	1	1	2	exposed_validation
HG04160	SAS	BD53	alignment_only_hprc_asian	DRB1	4	complete	0	0	0	0	exposed_validation
HG04184	SAS	BD61	alignment_only_hprc	A	2	complete	1	1	1	2	exposed_validation
HG04184	SAS	BD61	alignment_only_hprc	A	4	complete	1	1	1	2	exposed_validation
HG04184	SAS	BD61	alignment_only_hprc	B	2	complete	1	1	1	2	exposed_validation
HG04184	SAS	BD61	alignment_only_hprc	B	4	complete	1	1	1	2	exposed_validation
HG04184	SAS	BD61	alignment_only_hprc	C	2	complete	1	1	1	2	exposed_validation
HG04184	SAS	BD61	alignment_only_hprc	C	4	complete	1	1	1	2	exposed_validation
HG04184	SAS	BD61	alignment_only_hprc	DPA1	2	complete	1	1	1	2	exposed_validation
HG04184	SAS	BD61	alignment_only_hprc	DPA1	4	complete	0	0	0	0	exposed_validation
HG04184	SAS	BD61	alignment_only_hprc	DPB1	2	complete	1	1	1	2	exposed_validation
HG04184	SAS	BD61	alignment_only_hprc	DPB1	4	complete	1	1	1	2	exposed_validation
HG04184	SAS	BD61	alignment_only_hprc	DQA1	2	complete	1	1	1	2	exposed_validation
HG04184	SAS	BD61	alignment_only_hprc	DQA1	4	complete	1	1	0	1	exposed_validation
HG04184	SAS	BD61	alignment_only_hprc	DQB1	2	complete	1	1	1	2	exposed_validation
HG04184	SAS	BD61	alignment_only_hprc	DQB1	4	complete	1	1	1	2	exposed_validation
HG04184	SAS	BD61	alignment_only_hprc	DRB1	2	complete	1	1	1	2	exposed_validation
HG04184	SAS	BD61	alignment_only_hprc	DRB1	4	complete	0	0	0	0	exposed_validation
HG04184	SAS	BD61	alignment_only_hprc_asian	A	2	complete	1	1	1	2	exposed_validation
HG04184	SAS	BD61	alignment_only_hprc_asian	A	4	complete	1	1	1	2	exposed_validation
HG04184	SAS	BD61	alignment_only_hprc_asian	B	2	complete	1	1	1	2	exposed_validation
HG04184	SAS	BD61	alignment_only_hprc_asian	B	4	complete	1	1	1	2	exposed_validation
HG04184	SAS	BD61	alignment_only_hprc_asian	C	2	complete	1	1	1	2	exposed_validation
HG04184	SAS	BD61	alignment_only_hprc_asian	C	4	complete	1	1	1	2	exposed_validation
HG04184	SAS	BD61	alignment_only_hprc_asian	DPA1	2	complete	1	1	1	2	exposed_validation
HG04184	SAS	BD61	alignment_only_hprc_asian	DPA1	4	complete	0	0	0	0	exposed_validation
HG04184	SAS	BD61	alignment_only_hprc_asian	DPB1	2	complete	1	1	1	2	exposed_validation
HG04184	SAS	BD61	alignment_only_hprc_asian	DPB1	4	complete	1	1	1	2	exposed_validation
HG04184	SAS	BD61	alignment_only_hprc_asian	DQA1	2	complete	1	1	1	2	exposed_validation
HG04184	SAS	BD61	alignment_only_hprc_asian	DQA1	4	complete	1	1	0	1	exposed_validation
HG04184	SAS	BD61	alignment_only_hprc_asian	DQB1	2	complete	1	1	1	2	exposed_validation
HG04184	SAS	BD61	alignment_only_hprc_asian	DQB1	4	complete	1	1	1	2	exposed_validation
HG04184	SAS	BD61	alignment_only_hprc_asian	DRB1	2	complete	1	1	1	2	exposed_validation
HG04184	SAS	BD61	alignment_only_hprc_asian	DRB1	4	complete	0	0	0	0	exposed_validation
HG04228	SAS	ST232	alignment_only_hprc	A	2	complete	1	1	1	2	exposed_validation
HG04228	SAS	ST232	alignment_only_hprc	A	4	complete	1	1	1	2	exposed_validation
HG04228	SAS	ST232	alignment_only_hprc	B	2	complete	1	1	1	2	exposed_validation
HG04228	SAS	ST232	alignment_only_hprc	B	4	complete	1	1	1	2	exposed_validation
HG04228	SAS	ST232	alignment_only_hprc	C	2	complete	1	1	1	2	exposed_validation
HG04228	SAS	ST232	alignment_only_hprc	C	4	complete	1	1	1	2	exposed_validation
HG04228	SAS	ST232	alignment_only_hprc	DPA1	2	complete	1	1	1	2	exposed_validation
HG04228	SAS	ST232	alignment_only_hprc	DPA1	4	complete	0	0	0	0	exposed_validation
HG04228	SAS	ST232	alignment_only_hprc	DPB1	2	complete	1	1	1	2	exposed_validation
HG04228	SAS	ST232	alignment_only_hprc	DPB1	4	complete	1	1	1	2	exposed_validation
HG04228	SAS	ST232	alignment_only_hprc	DQA1	2	complete	1	1	1	2	exposed_validation
HG04228	SAS	ST232	alignment_only_hprc	DQA1	4	complete	1	1	0	1	exposed_validation
HG04228	SAS	ST232	alignment_only_hprc	DQB1	2	complete	1	1	1	2	exposed_validation
HG04228	SAS	ST232	alignment_only_hprc	DQB1	4	complete	1	1	1	2	exposed_validation
HG04228	SAS	ST232	alignment_only_hprc	DRB1	2	complete	1	1	1	2	exposed_validation
HG04228	SAS	ST232	alignment_only_hprc	DRB1	4	complete	0	0	0	0	exposed_validation
HG04228	SAS	ST232	alignment_only_hprc_asian	A	2	complete	1	1	1	2	exposed_validation
HG04228	SAS	ST232	alignment_only_hprc_asian	A	4	complete	1	1	1	2	exposed_validation
HG04228	SAS	ST232	alignment_only_hprc_asian	B	2	complete	1	1	1	2	exposed_validation
HG04228	SAS	ST232	alignment_only_hprc_asian	B	4	complete	1	1	1	2	exposed_validation
HG04228	SAS	ST232	alignment_only_hprc_asian	C	2	complete	1	1	1	2	exposed_validation
HG04228	SAS	ST232	alignment_only_hprc_asian	C	4	complete	1	1	1	2	exposed_validation
HG04228	SAS	ST232	alignment_only_hprc_asian	DPA1	2	complete	1	1	1	2	exposed_validation
HG04228	SAS	ST232	alignment_only_hprc_asian	DPA1	4	complete	0	0	0	0	exposed_validation
HG04228	SAS	ST232	alignment_only_hprc_asian	DPB1	2	complete	1	1	1	2	exposed_validation
HG04228	SAS	ST232	alignment_only_hprc_asian	DPB1	4	complete	1	1	1	2	exposed_validation
HG04228	SAS	ST232	alignment_only_hprc_asian	DQA1	2	complete	1	1	1	2	exposed_validation
HG04228	SAS	ST232	alignment_only_hprc_asian	DQA1	4	complete	1	1	0	1	exposed_validation
HG04228	SAS	ST232	alignment_only_hprc_asian	DQB1	2	complete	1	1	1	2	exposed_validation
HG04228	SAS	ST232	alignment_only_hprc_asian	DQB1	4	complete	1	1	1	2	exposed_validation
HG04228	SAS	ST232	alignment_only_hprc_asian	DRB1	2	complete	1	1	1	2	exposed_validation
HG04228	SAS	ST232	alignment_only_hprc_asian	DRB1	4	complete	0	0	0	0	exposed_validation
NA18565	EAS	NA18565	alignment_only_hprc	A	2	complete	1	1	1	2	exposed_validation
NA18565	EAS	NA18565	alignment_only_hprc	A	4	complete	1	1	1	2	exposed_validation
NA18565	EAS	NA18565	alignment_only_hprc	B	2	complete	1	1	1	2	exposed_validation
NA18565	EAS	NA18565	alignment_only_hprc	B	4	complete	1	1	1	2	exposed_validation
NA18565	EAS	NA18565	alignment_only_hprc	C	2	complete	1	1	1	2	exposed_validation
NA18565	EAS	NA18565	alignment_only_hprc	C	4	complete	1	1	1	2	exposed_validation
NA18565	EAS	NA18565	alignment_only_hprc	DPA1	2	complete	1	1	1	2	exposed_validation
NA18565	EAS	NA18565	alignment_only_hprc	DPA1	4	complete	0	0	0	0	exposed_validation
NA18565	EAS	NA18565	alignment_only_hprc	DPB1	2	complete	1	1	1	2	exposed_validation
NA18565	EAS	NA18565	alignment_only_hprc	DPB1	4	complete	1	1	1	2	exposed_validation
NA18565	EAS	NA18565	alignment_only_hprc	DQA1	2	complete	1	1	1	2	exposed_validation
NA18565	EAS	NA18565	alignment_only_hprc	DQA1	4	complete	1	1	1	2	exposed_validation
NA18565	EAS	NA18565	alignment_only_hprc	DQB1	2	complete	1	1	1	2	exposed_validation
NA18565	EAS	NA18565	alignment_only_hprc	DQB1	4	complete	1	1	1	2	exposed_validation
NA18565	EAS	NA18565	alignment_only_hprc	DRB1	2	complete	1	1	1	2	exposed_validation
NA18565	EAS	NA18565	alignment_only_hprc	DRB1	4	complete	0	0	0	0	exposed_validation
NA18565	EAS	NA18565	alignment_only_hprc_asian	A	2	complete	1	1	1	2	exposed_validation
NA18565	EAS	NA18565	alignment_only_hprc_asian	A	4	complete	1	1	1	2	exposed_validation
NA18565	EAS	NA18565	alignment_only_hprc_asian	B	2	complete	1	1	1	2	exposed_validation
NA18565	EAS	NA18565	alignment_only_hprc_asian	B	4	complete	1	1	1	2	exposed_validation
NA18565	EAS	NA18565	alignment_only_hprc_asian	C	2	complete	1	1	1	2	exposed_validation
NA18565	EAS	NA18565	alignment_only_hprc_asian	C	4	complete	1	1	1	2	exposed_validation
NA18565	EAS	NA18565	alignment_only_hprc_asian	DPA1	2	complete	1	1	1	2	exposed_validation
NA18565	EAS	NA18565	alignment_only_hprc_asian	DPA1	4	complete	0	0	0	0	exposed_validation
NA18565	EAS	NA18565	alignment_only_hprc_asian	DPB1	2	complete	1	1	1	2	exposed_validation
NA18565	EAS	NA18565	alignment_only_hprc_asian	DPB1	4	complete	1	1	1	2	exposed_validation
NA18565	EAS	NA18565	alignment_only_hprc_asian	DQA1	2	complete	1	1	1	2	exposed_validation
NA18565	EAS	NA18565	alignment_only_hprc_asian	DQA1	4	complete	1	1	1	2	exposed_validation
NA18565	EAS	NA18565	alignment_only_hprc_asian	DQB1	2	complete	1	1	1	2	exposed_validation
NA18565	EAS	NA18565	alignment_only_hprc_asian	DQB1	4	complete	1	1	1	2	exposed_validation
NA18565	EAS	NA18565	alignment_only_hprc_asian	DRB1	2	complete	1	1	1	2	exposed_validation
NA18565	EAS	NA18565	alignment_only_hprc_asian	DRB1	4	complete	0	0	0	0	exposed_validation
NA18906	AFR	Y020	alignment_only_hprc	A	2	complete	1	1	1	2	exposed_validation
NA18906	AFR	Y020	alignment_only_hprc	A	4	complete	1	1	1	2	exposed_validation
NA18906	AFR	Y020	alignment_only_hprc	B	2	complete	1	1	1	2	exposed_validation
NA18906	AFR	Y020	alignment_only_hprc	B	4	complete	0	0	0	0	exposed_validation
NA18906	AFR	Y020	alignment_only_hprc	C	2	complete	1	1	0	1	exposed_validation
NA18906	AFR	Y020	alignment_only_hprc	C	4	complete	0	0	0	0	exposed_validation
NA18906	AFR	Y020	alignment_only_hprc	DPA1	2	complete	1	1	1	2	exposed_validation
NA18906	AFR	Y020	alignment_only_hprc	DPA1	4	complete	0	0	0	0	exposed_validation
NA18906	AFR	Y020	alignment_only_hprc	DPB1	2	complete	1	1	1	2	exposed_validation
NA18906	AFR	Y020	alignment_only_hprc	DPB1	4	complete	1	1	1	2	exposed_validation
NA18906	AFR	Y020	alignment_only_hprc	DQA1	2	complete	1	1	1	2	exposed_validation
NA18906	AFR	Y020	alignment_only_hprc	DQA1	4	complete	1	1	0	0	exposed_validation
NA18906	AFR	Y020	alignment_only_hprc	DQB1	2	complete	1	1	1	2	exposed_validation
NA18906	AFR	Y020	alignment_only_hprc	DQB1	4	complete	1	1	1	2	exposed_validation
NA18906	AFR	Y020	alignment_only_hprc	DRB1	2	complete	1	1	1	2	exposed_validation
NA18906	AFR	Y020	alignment_only_hprc	DRB1	4	complete	0	0	0	0	exposed_validation
NA18906	AFR	Y020	alignment_only_hprc_asian	A	2	complete	1	1	1	2	exposed_validation
NA18906	AFR	Y020	alignment_only_hprc_asian	A	4	complete	1	1	1	2	exposed_validation
NA18906	AFR	Y020	alignment_only_hprc_asian	B	2	complete	1	1	1	2	exposed_validation
NA18906	AFR	Y020	alignment_only_hprc_asian	B	4	complete	0	0	0	0	exposed_validation
NA18906	AFR	Y020	alignment_only_hprc_asian	C	2	complete	1	1	0	1	exposed_validation
NA18906	AFR	Y020	alignment_only_hprc_asian	C	4	complete	0	0	0	0	exposed_validation
NA18906	AFR	Y020	alignment_only_hprc_asian	DPA1	2	complete	1	1	1	2	exposed_validation
NA18906	AFR	Y020	alignment_only_hprc_asian	DPA1	4	complete	0	0	0	0	exposed_validation
NA18906	AFR	Y020	alignment_only_hprc_asian	DPB1	2	complete	1	1	1	2	exposed_validation
NA18906	AFR	Y020	alignment_only_hprc_asian	DPB1	4	complete	1	1	1	2	exposed_validation
NA18906	AFR	Y020	alignment_only_hprc_asian	DQA1	2	complete	1	1	1	2	exposed_validation
NA18906	AFR	Y020	alignment_only_hprc_asian	DQA1	4	complete	1	1	0	0	exposed_validation
NA18906	AFR	Y020	alignment_only_hprc_asian	DQB1	2	complete	1	1	1	2	exposed_validation
NA18906	AFR	Y020	alignment_only_hprc_asian	DQB1	4	complete	1	1	1	2	exposed_validation
NA18906	AFR	Y020	alignment_only_hprc_asian	DRB1	2	complete	1	1	1	2	exposed_validation
NA18906	AFR	Y020	alignment_only_hprc_asian	DRB1	4	complete	0	0	0	0	exposed_validation
NA18982	EAS	NA18982	alignment_only_hprc	A	2	complete	1	1	1	2	exposed_validation
NA18982	EAS	NA18982	alignment_only_hprc	A	4	complete	1	1	1	2	exposed_validation
NA18982	EAS	NA18982	alignment_only_hprc	B	2	complete	1	1	1	2	exposed_validation
NA18982	EAS	NA18982	alignment_only_hprc	B	4	complete	1	1	1	2	exposed_validation
NA18982	EAS	NA18982	alignment_only_hprc	C	2	complete	1	1	1	2	exposed_validation
NA18982	EAS	NA18982	alignment_only_hprc	C	4	complete	1	1	1	2	exposed_validation
NA18982	EAS	NA18982	alignment_only_hprc	DPA1	2	complete	1	1	1	2	exposed_validation
NA18982	EAS	NA18982	alignment_only_hprc	DPA1	4	complete	0	0	0	0	exposed_validation
NA18982	EAS	NA18982	alignment_only_hprc	DPB1	2	complete	1	1	1	2	exposed_validation
NA18982	EAS	NA18982	alignment_only_hprc	DPB1	4	complete	1	1	1	2	exposed_validation
NA18982	EAS	NA18982	alignment_only_hprc	DQA1	2	complete	1	1	1	2	exposed_validation
NA18982	EAS	NA18982	alignment_only_hprc	DQA1	4	complete	1	1	0	1	exposed_validation
NA18982	EAS	NA18982	alignment_only_hprc	DQB1	2	complete	1	1	1	2	exposed_validation
NA18982	EAS	NA18982	alignment_only_hprc	DQB1	4	complete	1	1	1	2	exposed_validation
NA18982	EAS	NA18982	alignment_only_hprc	DRB1	2	complete	1	1	1	2	exposed_validation
NA18982	EAS	NA18982	alignment_only_hprc	DRB1	4	complete	0	0	0	0	exposed_validation
NA18982	EAS	NA18982	alignment_only_hprc_asian	A	2	complete	1	1	1	2	exposed_validation
NA18982	EAS	NA18982	alignment_only_hprc_asian	A	4	complete	1	1	1	2	exposed_validation
NA18982	EAS	NA18982	alignment_only_hprc_asian	B	2	complete	1	1	1	2	exposed_validation
NA18982	EAS	NA18982	alignment_only_hprc_asian	B	4	complete	1	1	1	2	exposed_validation
NA18982	EAS	NA18982	alignment_only_hprc_asian	C	2	complete	1	1	1	2	exposed_validation
NA18982	EAS	NA18982	alignment_only_hprc_asian	C	4	complete	1	1	1	2	exposed_validation
NA18982	EAS	NA18982	alignment_only_hprc_asian	DPA1	2	complete	1	1	1	2	exposed_validation
NA18982	EAS	NA18982	alignment_only_hprc_asian	DPA1	4	complete	0	0	0	0	exposed_validation
NA18982	EAS	NA18982	alignment_only_hprc_asian	DPB1	2	complete	1	1	1	2	exposed_validation
NA18982	EAS	NA18982	alignment_only_hprc_asian	DPB1	4	complete	1	1	1	2	exposed_validation
NA18982	EAS	NA18982	alignment_only_hprc_asian	DQA1	2	complete	1	1	1	2	exposed_validation
NA18982	EAS	NA18982	alignment_only_hprc_asian	DQA1	4	complete	1	1	0	1	exposed_validation
NA18982	EAS	NA18982	alignment_only_hprc_asian	DQB1	2	complete	1	1	1	2	exposed_validation
NA18982	EAS	NA18982	alignment_only_hprc_asian	DQB1	4	complete	1	1	1	2	exposed_validation
NA18982	EAS	NA18982	alignment_only_hprc_asian	DRB1	2	complete	1	1	1	2	exposed_validation
NA18982	EAS	NA18982	alignment_only_hprc_asian	DRB1	4	complete	0	0	0	0	exposed_validation
NA18983	EAS	NA18983	alignment_only_hprc	A	2	complete	1	1	1	2	exposed_validation
NA18983	EAS	NA18983	alignment_only_hprc	A	4	complete	1	1	1	2	exposed_validation
NA18983	EAS	NA18983	alignment_only_hprc	B	2	complete	1	1	1	2	exposed_validation
NA18983	EAS	NA18983	alignment_only_hprc	B	4	complete	1	1	1	2	exposed_validation
NA18983	EAS	NA18983	alignment_only_hprc	C	2	complete	1	1	1	2	exposed_validation
NA18983	EAS	NA18983	alignment_only_hprc	C	4	complete	1	1	1	2	exposed_validation
NA18983	EAS	NA18983	alignment_only_hprc	DPA1	2	complete	1	1	1	2	exposed_validation
NA18983	EAS	NA18983	alignment_only_hprc	DPA1	4	complete	0	0	0	0	exposed_validation
NA18983	EAS	NA18983	alignment_only_hprc	DPB1	2	complete	1	1	1	2	exposed_validation
NA18983	EAS	NA18983	alignment_only_hprc	DPB1	4	complete	1	1	1	2	exposed_validation
NA18983	EAS	NA18983	alignment_only_hprc	DQA1	2	complete	1	1	1	2	exposed_validation
NA18983	EAS	NA18983	alignment_only_hprc	DQA1	4	complete	1	1	0	1	exposed_validation
NA18983	EAS	NA18983	alignment_only_hprc	DQB1	2	complete	1	1	1	2	exposed_validation
NA18983	EAS	NA18983	alignment_only_hprc	DQB1	4	complete	1	1	1	2	exposed_validation
NA18983	EAS	NA18983	alignment_only_hprc	DRB1	2	complete	1	1	1	2	exposed_validation
NA18983	EAS	NA18983	alignment_only_hprc	DRB1	4	complete	0	0	0	0	exposed_validation
NA18983	EAS	NA18983	alignment_only_hprc_asian	A	2	complete	1	1	1	2	exposed_validation
NA18983	EAS	NA18983	alignment_only_hprc_asian	A	4	complete	1	1	1	2	exposed_validation
NA18983	EAS	NA18983	alignment_only_hprc_asian	B	2	complete	1	1	1	2	exposed_validation
NA18983	EAS	NA18983	alignment_only_hprc_asian	B	4	complete	1	1	1	2	exposed_validation
NA18983	EAS	NA18983	alignment_only_hprc_asian	C	2	complete	1	1	1	2	exposed_validation
NA18983	EAS	NA18983	alignment_only_hprc_asian	C	4	complete	1	1	1	2	exposed_validation
NA18983	EAS	NA18983	alignment_only_hprc_asian	DPA1	2	complete	1	1	1	2	exposed_validation
NA18983	EAS	NA18983	alignment_only_hprc_asian	DPA1	4	complete	0	0	0	0	exposed_validation
NA18983	EAS	NA18983	alignment_only_hprc_asian	DPB1	2	complete	1	1	1	2	exposed_validation
NA18983	EAS	NA18983	alignment_only_hprc_asian	DPB1	4	complete	1	1	1	2	exposed_validation
NA18983	EAS	NA18983	alignment_only_hprc_asian	DQA1	2	complete	1	1	1	2	exposed_validation
NA18983	EAS	NA18983	alignment_only_hprc_asian	DQA1	4	complete	1	1	0	1	exposed_validation
NA18983	EAS	NA18983	alignment_only_hprc_asian	DQB1	2	complete	1	1	1	2	exposed_validation
NA18983	EAS	NA18983	alignment_only_hprc_asian	DQB1	4	complete	1	1	1	2	exposed_validation
NA18983	EAS	NA18983	alignment_only_hprc_asian	DRB1	2	complete	1	1	1	2	exposed_validation
NA18983	EAS	NA18983	alignment_only_hprc_asian	DRB1	4	complete	0	0	0	0	exposed_validation
NA19043	AFR	NA19043	alignment_only_hprc	A	2	complete	1	1	1	2	exposed_validation
NA19043	AFR	NA19043	alignment_only_hprc	A	4	complete	1	1	1	2	exposed_validation
NA19043	AFR	NA19043	alignment_only_hprc	B	2	complete	1	1	1	2	exposed_validation
NA19043	AFR	NA19043	alignment_only_hprc	B	4	complete	0	0	0	0	exposed_validation
NA19043	AFR	NA19043	alignment_only_hprc	C	2	complete	1	1	1	2	exposed_validation
NA19043	AFR	NA19043	alignment_only_hprc	C	4	complete	1	1	1	2	exposed_validation
NA19043	AFR	NA19043	alignment_only_hprc	DPA1	2	complete	1	1	1	2	exposed_validation
NA19043	AFR	NA19043	alignment_only_hprc	DPA1	4	complete	0	0	0	0	exposed_validation
NA19043	AFR	NA19043	alignment_only_hprc	DPB1	2	complete	1	1	1	2	exposed_validation
NA19043	AFR	NA19043	alignment_only_hprc	DPB1	4	complete	1	1	1	2	exposed_validation
NA19043	AFR	NA19043	alignment_only_hprc	DQA1	2	complete	1	1	1	2	exposed_validation
NA19043	AFR	NA19043	alignment_only_hprc	DQA1	4	complete	1	1	0	1	exposed_validation
NA19043	AFR	NA19043	alignment_only_hprc	DQB1	2	complete	1	1	1	2	exposed_validation
NA19043	AFR	NA19043	alignment_only_hprc	DQB1	4	complete	1	1	0	1	exposed_validation
NA19043	AFR	NA19043	alignment_only_hprc	DRB1	2	complete	1	1	1	2	exposed_validation
NA19043	AFR	NA19043	alignment_only_hprc	DRB1	4	complete	1	1	1	2	exposed_validation
NA19043	AFR	NA19043	alignment_only_hprc_asian	A	2	complete	1	1	1	2	exposed_validation
NA19043	AFR	NA19043	alignment_only_hprc_asian	A	4	complete	1	1	1	2	exposed_validation
NA19043	AFR	NA19043	alignment_only_hprc_asian	B	2	complete	1	1	1	2	exposed_validation
NA19043	AFR	NA19043	alignment_only_hprc_asian	B	4	complete	0	0	0	0	exposed_validation
NA19043	AFR	NA19043	alignment_only_hprc_asian	C	2	complete	1	1	1	2	exposed_validation
NA19043	AFR	NA19043	alignment_only_hprc_asian	C	4	complete	1	1	1	2	exposed_validation
NA19043	AFR	NA19043	alignment_only_hprc_asian	DPA1	2	complete	1	1	1	2	exposed_validation
NA19043	AFR	NA19043	alignment_only_hprc_asian	DPA1	4	complete	0	0	0	0	exposed_validation
NA19043	AFR	NA19043	alignment_only_hprc_asian	DPB1	2	complete	1	1	1	2	exposed_validation
NA19043	AFR	NA19043	alignment_only_hprc_asian	DPB1	4	complete	1	1	1	2	exposed_validation
NA19043	AFR	NA19043	alignment_only_hprc_asian	DQA1	2	complete	1	1	1	2	exposed_validation
NA19043	AFR	NA19043	alignment_only_hprc_asian	DQA1	4	complete	1	1	0	1	exposed_validation
NA19043	AFR	NA19043	alignment_only_hprc_asian	DQB1	2	complete	1	1	1	2	exposed_validation
NA19043	AFR	NA19043	alignment_only_hprc_asian	DQB1	4	complete	1	1	0	1	exposed_validation
NA19043	AFR	NA19043	alignment_only_hprc_asian	DRB1	2	complete	1	1	1	2	exposed_validation
NA19043	AFR	NA19043	alignment_only_hprc_asian	DRB1	4	complete	1	1	1	2	exposed_validation
NA20827	EUR	NA20827	alignment_only_hprc	A	2	complete	1	1	1	2	exposed_validation
NA20827	EUR	NA20827	alignment_only_hprc	A	4	complete	1	1	1	2	exposed_validation
NA20827	EUR	NA20827	alignment_only_hprc	B	2	complete	1	1	1	2	exposed_validation
NA20827	EUR	NA20827	alignment_only_hprc	B	4	complete	0	0	0	0	exposed_validation
NA20827	EUR	NA20827	alignment_only_hprc	C	2	complete	1	1	1	2	exposed_validation
NA20827	EUR	NA20827	alignment_only_hprc	C	4	complete	0	0	0	0	exposed_validation
NA20827	EUR	NA20827	alignment_only_hprc	DPA1	2	complete	1	1	1	2	exposed_validation
NA20827	EUR	NA20827	alignment_only_hprc	DPA1	4	complete	0	0	0	0	exposed_validation
NA20827	EUR	NA20827	alignment_only_hprc	DPB1	2	complete	1	1	1	2	exposed_validation
NA20827	EUR	NA20827	alignment_only_hprc	DPB1	4	complete	1	1	1	2	exposed_validation
NA20827	EUR	NA20827	alignment_only_hprc	DQA1	2	complete	1	1	1	2	exposed_validation
NA20827	EUR	NA20827	alignment_only_hprc	DQA1	4	complete	1	0	0	1	exposed_validation
NA20827	EUR	NA20827	alignment_only_hprc	DQB1	2	complete	1	1	1	2	exposed_validation
NA20827	EUR	NA20827	alignment_only_hprc	DQB1	4	complete	1	1	1	2	exposed_validation
NA20827	EUR	NA20827	alignment_only_hprc	DRB1	2	complete	1	1	1	2	exposed_validation
NA20827	EUR	NA20827	alignment_only_hprc	DRB1	4	complete	1	1	0	1	exposed_validation
NA20827	EUR	NA20827	alignment_only_hprc_asian	A	2	complete	1	1	1	2	exposed_validation
NA20827	EUR	NA20827	alignment_only_hprc_asian	A	4	complete	1	1	1	2	exposed_validation
NA20827	EUR	NA20827	alignment_only_hprc_asian	B	2	complete	1	1	1	2	exposed_validation
NA20827	EUR	NA20827	alignment_only_hprc_asian	B	4	complete	0	0	0	0	exposed_validation
NA20827	EUR	NA20827	alignment_only_hprc_asian	C	2	complete	1	1	1	2	exposed_validation
NA20827	EUR	NA20827	alignment_only_hprc_asian	C	4	complete	0	0	0	0	exposed_validation
NA20827	EUR	NA20827	alignment_only_hprc_asian	DPA1	2	complete	1	1	1	2	exposed_validation
NA20827	EUR	NA20827	alignment_only_hprc_asian	DPA1	4	complete	0	0	0	0	exposed_validation
NA20827	EUR	NA20827	alignment_only_hprc_asian	DPB1	2	complete	1	1	1	2	exposed_validation
NA20827	EUR	NA20827	alignment_only_hprc_asian	DPB1	4	complete	1	1	1	2	exposed_validation
NA20827	EUR	NA20827	alignment_only_hprc_asian	DQA1	2	complete	1	1	1	2	exposed_validation
NA20827	EUR	NA20827	alignment_only_hprc_asian	DQA1	4	complete	1	0	0	1	exposed_validation
NA20827	EUR	NA20827	alignment_only_hprc_asian	DQB1	2	complete	1	1	1	2	exposed_validation
NA20827	EUR	NA20827	alignment_only_hprc_asian	DQB1	4	complete	1	1	1	2	exposed_validation
NA20827	EUR	NA20827	alignment_only_hprc_asian	DRB1	2	complete	1	1	1	2	exposed_validation
NA20827	EUR	NA20827	alignment_only_hprc_asian	DRB1	4	complete	1	1	0	1	exposed_validation
NA20850	SAS	NA20850	alignment_only_hprc	A	2	complete	1	1	1	2	exposed_validation
NA20850	SAS	NA20850	alignment_only_hprc	A	4	complete	1	1	1	2	exposed_validation
NA20850	SAS	NA20850	alignment_only_hprc	B	2	complete	1	1	1	2	exposed_validation
NA20850	SAS	NA20850	alignment_only_hprc	B	4	complete	0	0	0	0	exposed_validation
NA20850	SAS	NA20850	alignment_only_hprc	C	2	complete	1	1	1	2	exposed_validation
NA20850	SAS	NA20850	alignment_only_hprc	C	4	complete	1	1	1	2	exposed_validation
NA20850	SAS	NA20850	alignment_only_hprc	DPA1	2	complete	1	1	1	2	exposed_validation
NA20850	SAS	NA20850	alignment_only_hprc	DPA1	4	complete	0	0	0	0	exposed_validation
NA20850	SAS	NA20850	alignment_only_hprc	DPB1	2	complete	1	1	1	2	exposed_validation
NA20850	SAS	NA20850	alignment_only_hprc	DPB1	4	complete	1	1	1	2	exposed_validation
NA20850	SAS	NA20850	alignment_only_hprc	DQA1	2	complete	1	1	1	2	exposed_validation
NA20850	SAS	NA20850	alignment_only_hprc	DQA1	4	complete	0	0	0	0	exposed_validation
NA20850	SAS	NA20850	alignment_only_hprc	DQB1	2	complete	1	1	1	2	exposed_validation
NA20850	SAS	NA20850	alignment_only_hprc	DQB1	4	complete	1	1	1	2	exposed_validation
NA20850	SAS	NA20850	alignment_only_hprc	DRB1	2	complete	1	1	1	2	exposed_validation
NA20850	SAS	NA20850	alignment_only_hprc	DRB1	4	complete	0	0	0	0	exposed_validation
NA20850	SAS	NA20850	alignment_only_hprc_asian	A	2	complete	1	1	1	2	exposed_validation
NA20850	SAS	NA20850	alignment_only_hprc_asian	A	4	complete	1	1	1	2	exposed_validation
NA20850	SAS	NA20850	alignment_only_hprc_asian	B	2	complete	1	1	1	2	exposed_validation
NA20850	SAS	NA20850	alignment_only_hprc_asian	B	4	complete	0	0	0	0	exposed_validation
NA20850	SAS	NA20850	alignment_only_hprc_asian	C	2	complete	1	1	1	2	exposed_validation
NA20850	SAS	NA20850	alignment_only_hprc_asian	C	4	complete	1	1	1	2	exposed_validation
NA20850	SAS	NA20850	alignment_only_hprc_asian	DPA1	2	complete	1	1	1	2	exposed_validation
NA20850	SAS	NA20850	alignment_only_hprc_asian	DPA1	4	complete	0	0	0	0	exposed_validation
NA20850	SAS	NA20850	alignment_only_hprc_asian	DPB1	2	complete	1	1	1	2	exposed_validation
NA20850	SAS	NA20850	alignment_only_hprc_asian	DPB1	4	complete	1	1	1	2	exposed_validation
NA20850	SAS	NA20850	alignment_only_hprc_asian	DQA1	2	complete	1	1	1	2	exposed_validation
NA20850	SAS	NA20850	alignment_only_hprc_asian	DQA1	4	complete	0	0	0	0	exposed_validation
NA20850	SAS	NA20850	alignment_only_hprc_asian	DQB1	2	complete	1	1	1	2	exposed_validation
NA20850	SAS	NA20850	alignment_only_hprc_asian	DQB1	4	complete	1	1	1	2	exposed_validation
NA20850	SAS	NA20850	alignment_only_hprc_asian	DRB1	2	complete	1	1	1	2	exposed_validation
NA20850	SAS	NA20850	alignment_only_hprc_asian	DRB1	4	complete	0	0	0	0	exposed_validation
NA20870	SAS	NA20870	alignment_only_hprc	A	2	complete	1	1	1	2	exposed_validation
NA20870	SAS	NA20870	alignment_only_hprc	A	4	complete	1	1	1	2	exposed_validation
NA20870	SAS	NA20870	alignment_only_hprc	B	2	complete	1	1	1	2	exposed_validation
NA20870	SAS	NA20870	alignment_only_hprc	B	4	complete	0	0	0	0	exposed_validation
NA20870	SAS	NA20870	alignment_only_hprc	C	2	complete	1	1	1	2	exposed_validation
NA20870	SAS	NA20870	alignment_only_hprc	C	4	complete	0	0	0	0	exposed_validation
NA20870	SAS	NA20870	alignment_only_hprc	DPA1	2	complete	1	1	1	2	exposed_validation
NA20870	SAS	NA20870	alignment_only_hprc	DPA1	4	complete	1	1	1	2	exposed_validation
NA20870	SAS	NA20870	alignment_only_hprc	DPB1	2	complete	1	1	1	2	exposed_validation
NA20870	SAS	NA20870	alignment_only_hprc	DPB1	4	complete	1	1	1	2	exposed_validation
NA20870	SAS	NA20870	alignment_only_hprc	DQA1	2	complete	1	1	1	2	exposed_validation
NA20870	SAS	NA20870	alignment_only_hprc	DQA1	4	complete	0	0	0	0	exposed_validation
NA20870	SAS	NA20870	alignment_only_hprc	DQB1	2	complete	1	1	1	2	exposed_validation
NA20870	SAS	NA20870	alignment_only_hprc	DQB1	4	complete	1	1	1	2	exposed_validation
NA20870	SAS	NA20870	alignment_only_hprc	DRB1	2	complete	1	1	1	2	exposed_validation
NA20870	SAS	NA20870	alignment_only_hprc	DRB1	4	complete	1	1	0	1	exposed_validation
NA20870	SAS	NA20870	alignment_only_hprc_asian	A	2	complete	1	1	1	2	exposed_validation
NA20870	SAS	NA20870	alignment_only_hprc_asian	A	4	complete	1	1	1	2	exposed_validation
NA20870	SAS	NA20870	alignment_only_hprc_asian	B	2	complete	1	1	1	2	exposed_validation
NA20870	SAS	NA20870	alignment_only_hprc_asian	B	4	complete	0	0	0	0	exposed_validation
NA20870	SAS	NA20870	alignment_only_hprc_asian	C	2	complete	1	1	1	2	exposed_validation
NA20870	SAS	NA20870	alignment_only_hprc_asian	C	4	complete	0	0	0	0	exposed_validation
NA20870	SAS	NA20870	alignment_only_hprc_asian	DPA1	2	complete	1	1	1	2	exposed_validation
NA20870	SAS	NA20870	alignment_only_hprc_asian	DPA1	4	complete	1	1	1	2	exposed_validation
NA20870	SAS	NA20870	alignment_only_hprc_asian	DPB1	2	complete	1	1	1	2	exposed_validation
NA20870	SAS	NA20870	alignment_only_hprc_asian	DPB1	4	complete	1	1	1	2	exposed_validation
NA20870	SAS	NA20870	alignment_only_hprc_asian	DQA1	2	complete	1	1	1	2	exposed_validation
NA20870	SAS	NA20870	alignment_only_hprc_asian	DQA1	4	complete	0	0	0	0	exposed_validation
NA20870	SAS	NA20870	alignment_only_hprc_asian	DQB1	2	complete	1	1	1	2	exposed_validation
NA20870	SAS	NA20870	alignment_only_hprc_asian	DQB1	4	complete	1	1	1	2	exposed_validation
NA20870	SAS	NA20870	alignment_only_hprc_asian	DRB1	2	complete	1	1	1	2	exposed_validation
NA20870	SAS	NA20870	alignment_only_hprc_asian	DRB1	4	complete	1	1	0	1	exposed_validation
NA21102	SAS	NA21102	alignment_only_hprc	A	2	complete	1	1	1	2	exposed_validation
NA21102	SAS	NA21102	alignment_only_hprc	A	4	complete	1	1	1	2	exposed_validation
NA21102	SAS	NA21102	alignment_only_hprc	B	2	complete	1	1	1	2	exposed_validation
NA21102	SAS	NA21102	alignment_only_hprc	B	4	complete	0	0	0	0	exposed_validation
NA21102	SAS	NA21102	alignment_only_hprc	C	2	complete	1	1	1	2	exposed_validation
NA21102	SAS	NA21102	alignment_only_hprc	C	4	complete	1	1	1	2	exposed_validation
NA21102	SAS	NA21102	alignment_only_hprc	DPA1	2	complete	1	1	1	2	exposed_validation
NA21102	SAS	NA21102	alignment_only_hprc	DPA1	4	complete	0	0	0	0	exposed_validation
NA21102	SAS	NA21102	alignment_only_hprc	DPB1	2	complete	1	1	1	2	exposed_validation
NA21102	SAS	NA21102	alignment_only_hprc	DPB1	4	complete	1	1	1	2	exposed_validation
NA21102	SAS	NA21102	alignment_only_hprc	DQA1	2	complete	1	1	1	2	exposed_validation
NA21102	SAS	NA21102	alignment_only_hprc	DQA1	4	complete	0	0	0	0	exposed_validation
NA21102	SAS	NA21102	alignment_only_hprc	DQB1	2	complete	1	1	1	2	exposed_validation
NA21102	SAS	NA21102	alignment_only_hprc	DQB1	4	complete	1	1	1	2	exposed_validation
NA21102	SAS	NA21102	alignment_only_hprc	DRB1	2	complete	1	1	1	2	exposed_validation
NA21102	SAS	NA21102	alignment_only_hprc	DRB1	4	complete	1	1	1	2	exposed_validation
NA21102	SAS	NA21102	alignment_only_hprc_asian	A	2	complete	1	1	1	2	exposed_validation
NA21102	SAS	NA21102	alignment_only_hprc_asian	A	4	complete	1	1	1	2	exposed_validation
NA21102	SAS	NA21102	alignment_only_hprc_asian	B	2	complete	1	1	1	2	exposed_validation
NA21102	SAS	NA21102	alignment_only_hprc_asian	B	4	complete	0	0	0	0	exposed_validation
NA21102	SAS	NA21102	alignment_only_hprc_asian	C	2	complete	1	1	1	2	exposed_validation
NA21102	SAS	NA21102	alignment_only_hprc_asian	C	4	complete	1	1	1	2	exposed_validation
NA21102	SAS	NA21102	alignment_only_hprc_asian	DPA1	2	complete	1	1	1	2	exposed_validation
NA21102	SAS	NA21102	alignment_only_hprc_asian	DPA1	4	complete	0	0	0	0	exposed_validation
NA21102	SAS	NA21102	alignment_only_hprc_asian	DPB1	2	complete	1	1	1	2	exposed_validation
NA21102	SAS	NA21102	alignment_only_hprc_asian	DPB1	4	complete	1	1	1	2	exposed_validation
NA21102	SAS	NA21102	alignment_only_hprc_asian	DQA1	2	complete	1	1	1	2	exposed_validation
NA21102	SAS	NA21102	alignment_only_hprc_asian	DQA1	4	complete	0	0	0	0	exposed_validation
NA21102	SAS	NA21102	alignment_only_hprc_asian	DQB1	2	complete	1	1	1	2	exposed_validation
NA21102	SAS	NA21102	alignment_only_hprc_asian	DQB1	4	complete	1	1	1	2	exposed_validation
NA21102	SAS	NA21102	alignment_only_hprc_asian	DRB1	2	complete	1	1	1	2	exposed_validation
NA21102	SAS	NA21102	alignment_only_hprc_asian	DRB1	4	complete	1	1	1	2	exposed_validation
NA21110	SAS	NA21110	alignment_only_hprc	A	2	complete	1	1	1	2	exposed_validation
NA21110	SAS	NA21110	alignment_only_hprc	A	4	complete	1	1	1	2	exposed_validation
NA21110	SAS	NA21110	alignment_only_hprc	B	2	complete	1	1	1	2	exposed_validation
NA21110	SAS	NA21110	alignment_only_hprc	B	4	complete	1	1	1	2	exposed_validation
NA21110	SAS	NA21110	alignment_only_hprc	C	2	complete	1	1	1	2	exposed_validation
NA21110	SAS	NA21110	alignment_only_hprc	C	4	complete	0	0	0	0	exposed_validation
NA21110	SAS	NA21110	alignment_only_hprc	DPA1	2	complete	1	1	1	2	exposed_validation
NA21110	SAS	NA21110	alignment_only_hprc	DPA1	4	complete	1	1	1	2	exposed_validation
NA21110	SAS	NA21110	alignment_only_hprc	DPB1	2	complete	1	1	1	2	exposed_validation
NA21110	SAS	NA21110	alignment_only_hprc	DPB1	4	complete	1	1	1	2	exposed_validation
NA21110	SAS	NA21110	alignment_only_hprc	DQA1	2	complete	1	1	1	2	exposed_validation
NA21110	SAS	NA21110	alignment_only_hprc	DQA1	4	complete	0	0	0	0	exposed_validation
NA21110	SAS	NA21110	alignment_only_hprc	DQB1	2	complete	1	1	1	2	exposed_validation
NA21110	SAS	NA21110	alignment_only_hprc	DQB1	4	complete	1	1	1	2	exposed_validation
NA21110	SAS	NA21110	alignment_only_hprc	DRB1	2	complete	1	1	1	2	exposed_validation
NA21110	SAS	NA21110	alignment_only_hprc	DRB1	4	complete	0	0	0	0	exposed_validation
NA21110	SAS	NA21110	alignment_only_hprc_asian	A	2	complete	1	1	1	2	exposed_validation
NA21110	SAS	NA21110	alignment_only_hprc_asian	A	4	complete	1	1	1	2	exposed_validation
NA21110	SAS	NA21110	alignment_only_hprc_asian	B	2	complete	1	1	1	2	exposed_validation
NA21110	SAS	NA21110	alignment_only_hprc_asian	B	4	complete	1	1	1	2	exposed_validation
NA21110	SAS	NA21110	alignment_only_hprc_asian	C	2	complete	1	1	1	2	exposed_validation
NA21110	SAS	NA21110	alignment_only_hprc_asian	C	4	complete	0	0	0	0	exposed_validation
NA21110	SAS	NA21110	alignment_only_hprc_asian	DPA1	2	complete	1	1	1	2	exposed_validation
NA21110	SAS	NA21110	alignment_only_hprc_asian	DPA1	4	complete	1	1	1	2	exposed_validation
NA21110	SAS	NA21110	alignment_only_hprc_asian	DPB1	2	complete	1	1	1	2	exposed_validation
NA21110	SAS	NA21110	alignment_only_hprc_asian	DPB1	4	complete	1	1	1	2	exposed_validation
NA21110	SAS	NA21110	alignment_only_hprc_asian	DQA1	2	complete	1	1	1	2	exposed_validation
NA21110	SAS	NA21110	alignment_only_hprc_asian	DQA1	4	complete	0	0	0	0	exposed_validation
NA21110	SAS	NA21110	alignment_only_hprc_asian	DQB1	2	complete	1	1	1	2	exposed_validation
NA21110	SAS	NA21110	alignment_only_hprc_asian	DQB1	4	complete	1	1	1	2	exposed_validation
NA21110	SAS	NA21110	alignment_only_hprc_asian	DRB1	2	complete	1	1	1	2	exposed_validation
NA21110	SAS	NA21110	alignment_only_hprc_asian	DRB1	4	complete	0	0	0	0	exposed_validation
