cohort	donor	family	stratum	method	gene	fields	state	eligible	called	correct	allele_matches
development	HG00658	HG00656	EAS	T1K	A	2	complete	1	1	1	2
development	HG00658	HG00656	EAS	T1K	A	4	complete	1	1	1	2
development	HG00658	HG00656	EAS	T1K	B	2	complete	1	1	1	2
development	HG00658	HG00656	EAS	T1K	B	4	complete	1	1	0	1
development	HG00658	HG00656	EAS	T1K	C	2	complete	1	1	1	2
development	HG00658	HG00656	EAS	T1K	C	4	complete	1	1	0	1
development	HG00658	HG00656	EAS	T1K	DPA1	2	complete	1	1	1	2
development	HG00658	HG00656	EAS	T1K	DPA1	4	complete	0	0	0	0
development	HG00658	HG00656	EAS	T1K	DPB1	2	complete	1	1	1	2
development	HG00658	HG00656	EAS	T1K	DPB1	4	complete	0	0	0	0
development	HG00658	HG00656	EAS	T1K	DQA1	2	complete	1	1	1	2
development	HG00658	HG00656	EAS	T1K	DQA1	4	complete	1	1	0	1
development	HG00658	HG00656	EAS	T1K	DQB1	2	complete	1	1	1	2
development	HG00658	HG00656	EAS	T1K	DQB1	4	complete	1	1	1	2
development	HG00658	HG00656	EAS	T1K	DRB1	2	complete	1	1	1	2
development	HG00658	HG00656	EAS	T1K	DRB1	4	complete	0	0	0	0
development	HG00658	HG00656	EAS	anchored_ipd_genome	A	2	complete	1	1	1	2
development	HG00658	HG00656	EAS	anchored_ipd_genome	A	4	complete	1	1	1	2
development	HG00658	HG00656	EAS	anchored_ipd_genome	B	2	complete	1	1	1	2
development	HG00658	HG00656	EAS	anchored_ipd_genome	B	4	complete	1	1	1	2
development	HG00658	HG00656	EAS	anchored_ipd_genome	C	2	complete	1	1	1	2
development	HG00658	HG00656	EAS	anchored_ipd_genome	C	4	complete	1	1	1	2
development	HG00658	HG00656	EAS	anchored_ipd_genome	DPA1	2	complete	1	1	1	2
development	HG00658	HG00656	EAS	anchored_ipd_genome	DPA1	4	complete	0	0	0	0
development	HG00658	HG00656	EAS	anchored_ipd_genome	DPB1	2	complete	1	1	1	2
development	HG00658	HG00656	EAS	anchored_ipd_genome	DPB1	4	complete	0	0	0	0
development	HG00658	HG00656	EAS	anchored_ipd_genome	DQA1	2	complete	1	1	1	2
development	HG00658	HG00656	EAS	anchored_ipd_genome	DQA1	4	complete	1	1	1	2
development	HG00658	HG00656	EAS	anchored_ipd_genome	DQB1	2	complete	1	1	1	2
development	HG00658	HG00656	EAS	anchored_ipd_genome	DQB1	4	complete	1	1	1	2
development	HG00658	HG00656	EAS	anchored_ipd_genome	DRB1	2	complete	1	1	1	2
development	HG00658	HG00656	EAS	anchored_ipd_genome	DRB1	4	complete	0	0	0	0
development	HG00658	HG00656	EAS	anchored_hprc	A	2	complete	1	1	1	2
development	HG00658	HG00656	EAS	anchored_hprc	A	4	complete	1	1	1	2
development	HG00658	HG00656	EAS	anchored_hprc	B	2	complete	1	1	1	2
development	HG00658	HG00656	EAS	anchored_hprc	B	4	complete	1	1	1	2
development	HG00658	HG00656	EAS	anchored_hprc	C	2	complete	1	1	1	2
development	HG00658	HG00656	EAS	anchored_hprc	C	4	complete	1	1	1	2
development	HG00658	HG00656	EAS	anchored_hprc	DPA1	2	complete	1	1	1	2
development	HG00658	HG00656	EAS	anchored_hprc	DPA1	4	complete	0	0	0	0
development	HG00658	HG00656	EAS	anchored_hprc	DPB1	2	complete	1	1	1	2
development	HG00658	HG00656	EAS	anchored_hprc	DPB1	4	complete	0	0	0	0
development	HG00658	HG00656	EAS	anchored_hprc	DQA1	2	complete	1	1	1	2
development	HG00658	HG00656	EAS	anchored_hprc	DQA1	4	complete	1	1	1	2
development	HG00658	HG00656	EAS	anchored_hprc	DQB1	2	complete	1	1	1	2
development	HG00658	HG00656	EAS	anchored_hprc	DQB1	4	complete	1	1	1	2
development	HG00658	HG00656	EAS	anchored_hprc	DRB1	2	complete	1	1	1	2
development	HG00658	HG00656	EAS	anchored_hprc	DRB1	4	complete	0	0	0	0
development	HG00658	HG00656	EAS	anchored_hprc_asian	A	2	complete	1	1	1	2
development	HG00658	HG00656	EAS	anchored_hprc_asian	A	4	complete	1	1	1	2
development	HG00658	HG00656	EAS	anchored_hprc_asian	B	2	complete	1	1	1	2
development	HG00658	HG00656	EAS	anchored_hprc_asian	B	4	complete	1	1	1	2
development	HG00658	HG00656	EAS	anchored_hprc_asian	C	2	complete	1	1	1	2
development	HG00658	HG00656	EAS	anchored_hprc_asian	C	4	complete	1	1	1	2
development	HG00658	HG00656	EAS	anchored_hprc_asian	DPA1	2	complete	1	1	1	2
development	HG00658	HG00656	EAS	anchored_hprc_asian	DPA1	4	complete	0	0	0	0
development	HG00658	HG00656	EAS	anchored_hprc_asian	DPB1	2	complete	1	1	1	2
development	HG00658	HG00656	EAS	anchored_hprc_asian	DPB1	4	complete	0	0	0	0
development	HG00658	HG00656	EAS	anchored_hprc_asian	DQA1	2	complete	1	1	1	2
development	HG00658	HG00656	EAS	anchored_hprc_asian	DQA1	4	complete	1	1	1	2
development	HG00658	HG00656	EAS	anchored_hprc_asian	DQB1	2	complete	1	1	1	2
development	HG00658	HG00656	EAS	anchored_hprc_asian	DQB1	4	complete	1	1	1	2
development	HG00658	HG00656	EAS	anchored_hprc_asian	DRB1	2	complete	1	1	1	2
development	HG00658	HG00656	EAS	anchored_hprc_asian	DRB1	4	complete	0	0	0	0
development	HG02132	HG02132	EAS	T1K	A	2	complete	1	1	1	2
development	HG02132	HG02132	EAS	T1K	A	4	complete	1	1	1	2
development	HG02132	HG02132	EAS	T1K	B	2	complete	1	1	1	2
development	HG02132	HG02132	EAS	T1K	B	4	complete	1	1	0	1
development	HG02132	HG02132	EAS	T1K	C	2	complete	1	1	1	2
development	HG02132	HG02132	EAS	T1K	C	4	complete	1	1	0	1
development	HG02132	HG02132	EAS	T1K	DPA1	2	complete	1	1	1	2
development	HG02132	HG02132	EAS	T1K	DPA1	4	complete	0	0	0	0
development	HG02132	HG02132	EAS	T1K	DPB1	2	complete	1	1	1	2
development	HG02132	HG02132	EAS	T1K	DPB1	4	complete	1	1	0	0
development	HG02132	HG02132	EAS	T1K	DQA1	2	complete	1	1	1	2
development	HG02132	HG02132	EAS	T1K	DQA1	4	complete	1	1	0	1
development	HG02132	HG02132	EAS	T1K	DQB1	2	complete	1	1	1	2
development	HG02132	HG02132	EAS	T1K	DQB1	4	complete	1	1	0	0
development	HG02132	HG02132	EAS	T1K	DRB1	2	complete	1	1	1	2
development	HG02132	HG02132	EAS	T1K	DRB1	4	complete	0	0	0	0
development	HG02132	HG02132	EAS	anchored_ipd_genome	A	2	complete	1	1	1	2
development	HG02132	HG02132	EAS	anchored_ipd_genome	A	4	complete	1	1	1	2
development	HG02132	HG02132	EAS	anchored_ipd_genome	B	2	complete	1	1	1	2
development	HG02132	HG02132	EAS	anchored_ipd_genome	B	4	complete	1	1	0	1
development	HG02132	HG02132	EAS	anchored_ipd_genome	C	2	complete	1	1	1	2
development	HG02132	HG02132	EAS	anchored_ipd_genome	C	4	complete	1	1	1	2
development	HG02132	HG02132	EAS	anchored_ipd_genome	DPA1	2	complete	1	1	1	2
development	HG02132	HG02132	EAS	anchored_ipd_genome	DPA1	4	complete	0	0	0	0
development	HG02132	HG02132	EAS	anchored_ipd_genome	DPB1	2	complete	1	1	1	2
development	HG02132	HG02132	EAS	anchored_ipd_genome	DPB1	4	complete	1	1	1	2
development	HG02132	HG02132	EAS	anchored_ipd_genome	DQA1	2	complete	1	1	1	2
development	HG02132	HG02132	EAS	anchored_ipd_genome	DQA1	4	complete	1	1	1	2
development	HG02132	HG02132	EAS	anchored_ipd_genome	DQB1	2	complete	1	1	1	2
development	HG02132	HG02132	EAS	anchored_ipd_genome	DQB1	4	complete	1	1	1	2
development	HG02132	HG02132	EAS	anchored_ipd_genome	DRB1	2	complete	1	1	1	2
development	HG02132	HG02132	EAS	anchored_ipd_genome	DRB1	4	complete	0	0	0	0
development	HG02132	HG02132	EAS	anchored_hprc	A	2	complete	1	1	1	2
development	HG02132	HG02132	EAS	anchored_hprc	A	4	complete	1	1	1	2
development	HG02132	HG02132	EAS	anchored_hprc	B	2	complete	1	1	1	2
development	HG02132	HG02132	EAS	anchored_hprc	B	4	complete	1	1	0	1
development	HG02132	HG02132	EAS	anchored_hprc	C	2	complete	1	1	1	2
development	HG02132	HG02132	EAS	anchored_hprc	C	4	complete	1	1	1	2
development	HG02132	HG02132	EAS	anchored_hprc	DPA1	2	complete	1	1	1	2
development	HG02132	HG02132	EAS	anchored_hprc	DPA1	4	complete	0	0	0	0
development	HG02132	HG02132	EAS	anchored_hprc	DPB1	2	complete	1	1	1	2
development	HG02132	HG02132	EAS	anchored_hprc	DPB1	4	complete	1	1	1	2
development	HG02132	HG02132	EAS	anchored_hprc	DQA1	2	complete	1	1	1	2
development	HG02132	HG02132	EAS	anchored_hprc	DQA1	4	complete	1	1	1	2
development	HG02132	HG02132	EAS	anchored_hprc	DQB1	2	complete	1	1	1	2
development	HG02132	HG02132	EAS	anchored_hprc	DQB1	4	complete	1	1	1	2
development	HG02132	HG02132	EAS	anchored_hprc	DRB1	2	complete	1	1	1	2
development	HG02132	HG02132	EAS	anchored_hprc	DRB1	4	complete	0	0	0	0
development	HG02132	HG02132	EAS	anchored_hprc_asian	A	2	complete	1	1	1	2
development	HG02132	HG02132	EAS	anchored_hprc_asian	A	4	complete	1	1	1	2
development	HG02132	HG02132	EAS	anchored_hprc_asian	B	2	complete	1	1	1	2
development	HG02132	HG02132	EAS	anchored_hprc_asian	B	4	complete	1	1	0	1
development	HG02132	HG02132	EAS	anchored_hprc_asian	C	2	complete	1	1	1	2
development	HG02132	HG02132	EAS	anchored_hprc_asian	C	4	complete	1	1	1	2
development	HG02132	HG02132	EAS	anchored_hprc_asian	DPA1	2	complete	1	1	1	2
development	HG02132	HG02132	EAS	anchored_hprc_asian	DPA1	4	complete	0	0	0	0
development	HG02132	HG02132	EAS	anchored_hprc_asian	DPB1	2	complete	1	1	1	2
development	HG02132	HG02132	EAS	anchored_hprc_asian	DPB1	4	complete	1	1	1	2
development	HG02132	HG02132	EAS	anchored_hprc_asian	DQA1	2	complete	1	1	1	2
development	HG02132	HG02132	EAS	anchored_hprc_asian	DQA1	4	complete	1	1	1	2
development	HG02132	HG02132	EAS	anchored_hprc_asian	DQB1	2	complete	1	1	1	2
development	HG02132	HG02132	EAS	anchored_hprc_asian	DQB1	4	complete	1	1	1	2
development	HG02132	HG02132	EAS	anchored_hprc_asian	DRB1	2	complete	1	1	1	2
development	HG02132	HG02132	EAS	anchored_hprc_asian	DRB1	4	complete	0	0	0	0
development	HG03831	HG03829	SAS	T1K	A	2	complete	1	1	1	2
development	HG03831	HG03829	SAS	T1K	A	4	complete	1	1	1	2
development	HG03831	HG03829	SAS	T1K	B	2	complete	1	1	1	2
development	HG03831	HG03829	SAS	T1K	B	4	complete	1	1	0	1
development	HG03831	HG03829	SAS	T1K	C	2	complete	1	1	1	2
development	HG03831	HG03829	SAS	T1K	C	4	complete	1	1	0	1
development	HG03831	HG03829	SAS	T1K	DPA1	2	complete	1	1	1	2
development	HG03831	HG03829	SAS	T1K	DPA1	4	complete	0	0	0	0
development	HG03831	HG03829	SAS	T1K	DPB1	2	complete	1	1	1	2
development	HG03831	HG03829	SAS	T1K	DPB1	4	complete	1	1	0	1
development	HG03831	HG03829	SAS	T1K	DQA1	2	complete	1	1	1	2
development	HG03831	HG03829	SAS	T1K	DQA1	4	complete	1	1	0	1
development	HG03831	HG03829	SAS	T1K	DQB1	2	complete	1	1	1	2
development	HG03831	HG03829	SAS	T1K	DQB1	4	complete	1	1	1	2
development	HG03831	HG03829	SAS	T1K	DRB1	2	complete	1	1	1	2
development	HG03831	HG03829	SAS	T1K	DRB1	4	complete	0	0	0	0
development	HG03831	HG03829	SAS	anchored_ipd_genome	A	2	complete	1	1	1	2
development	HG03831	HG03829	SAS	anchored_ipd_genome	A	4	complete	1	1	1	2
development	HG03831	HG03829	SAS	anchored_ipd_genome	B	2	complete	1	1	1	2
development	HG03831	HG03829	SAS	anchored_ipd_genome	B	4	complete	1	1	1	2
development	HG03831	HG03829	SAS	anchored_ipd_genome	C	2	complete	1	1	1	2
development	HG03831	HG03829	SAS	anchored_ipd_genome	C	4	complete	1	1	1	2
development	HG03831	HG03829	SAS	anchored_ipd_genome	DPA1	2	complete	1	1	1	2
development	HG03831	HG03829	SAS	anchored_ipd_genome	DPA1	4	complete	0	0	0	0
development	HG03831	HG03829	SAS	anchored_ipd_genome	DPB1	2	complete	1	1	1	2
development	HG03831	HG03829	SAS	anchored_ipd_genome	DPB1	4	complete	1	1	1	2
development	HG03831	HG03829	SAS	anchored_ipd_genome	DQA1	2	complete	1	1	1	2
development	HG03831	HG03829	SAS	anchored_ipd_genome	DQA1	4	complete	1	1	1	2
development	HG03831	HG03829	SAS	anchored_ipd_genome	DQB1	2	complete	1	1	1	2
development	HG03831	HG03829	SAS	anchored_ipd_genome	DQB1	4	complete	1	1	1	2
development	HG03831	HG03829	SAS	anchored_ipd_genome	DRB1	2	complete	1	1	1	2
development	HG03831	HG03829	SAS	anchored_ipd_genome	DRB1	4	complete	0	0	0	0
development	HG03831	HG03829	SAS	anchored_hprc	A	2	complete	1	1	1	2
development	HG03831	HG03829	SAS	anchored_hprc	A	4	complete	1	1	1	2
development	HG03831	HG03829	SAS	anchored_hprc	B	2	complete	1	1	1	2
development	HG03831	HG03829	SAS	anchored_hprc	B	4	complete	1	1	1	2
development	HG03831	HG03829	SAS	anchored_hprc	C	2	complete	1	1	1	2
development	HG03831	HG03829	SAS	anchored_hprc	C	4	complete	1	1	1	2
development	HG03831	HG03829	SAS	anchored_hprc	DPA1	2	complete	1	1	1	2
development	HG03831	HG03829	SAS	anchored_hprc	DPA1	4	complete	0	0	0	0
development	HG03831	HG03829	SAS	anchored_hprc	DPB1	2	complete	1	1	1	2
development	HG03831	HG03829	SAS	anchored_hprc	DPB1	4	complete	1	1	1	2
development	HG03831	HG03829	SAS	anchored_hprc	DQA1	2	complete	1	1	1	2
development	HG03831	HG03829	SAS	anchored_hprc	DQA1	4	complete	1	1	1	2
development	HG03831	HG03829	SAS	anchored_hprc	DQB1	2	complete	1	1	1	2
development	HG03831	HG03829	SAS	anchored_hprc	DQB1	4	complete	1	1	1	2
development	HG03831	HG03829	SAS	anchored_hprc	DRB1	2	complete	1	1	1	2
development	HG03831	HG03829	SAS	anchored_hprc	DRB1	4	complete	0	0	0	0
development	HG03831	HG03829	SAS	anchored_hprc_asian	A	2	complete	1	1	1	2
development	HG03831	HG03829	SAS	anchored_hprc_asian	A	4	complete	1	1	1	2
development	HG03831	HG03829	SAS	anchored_hprc_asian	B	2	complete	1	1	1	2
development	HG03831	HG03829	SAS	anchored_hprc_asian	B	4	complete	1	1	1	2
development	HG03831	HG03829	SAS	anchored_hprc_asian	C	2	complete	1	1	1	2
development	HG03831	HG03829	SAS	anchored_hprc_asian	C	4	complete	1	1	1	2
development	HG03831	HG03829	SAS	anchored_hprc_asian	DPA1	2	complete	1	1	1	2
development	HG03831	HG03829	SAS	anchored_hprc_asian	DPA1	4	complete	0	0	0	0
development	HG03831	HG03829	SAS	anchored_hprc_asian	DPB1	2	complete	1	1	1	2
development	HG03831	HG03829	SAS	anchored_hprc_asian	DPB1	4	complete	1	1	1	2
development	HG03831	HG03829	SAS	anchored_hprc_asian	DQA1	2	complete	1	1	1	2
development	HG03831	HG03829	SAS	anchored_hprc_asian	DQA1	4	complete	1	1	1	2
development	HG03831	HG03829	SAS	anchored_hprc_asian	DQB1	2	complete	1	1	1	2
development	HG03831	HG03829	SAS	anchored_hprc_asian	DQB1	4	complete	1	1	1	2
development	HG03831	HG03829	SAS	anchored_hprc_asian	DRB1	2	complete	1	1	1	2
development	HG03831	HG03829	SAS	anchored_hprc_asian	DRB1	4	complete	0	0	0	0
development	HG03874	HG03874	SAS	T1K	A	2	complete	1	1	1	2
development	HG03874	HG03874	SAS	T1K	A	4	complete	1	1	1	2
development	HG03874	HG03874	SAS	T1K	B	2	complete	1	1	1	2
development	HG03874	HG03874	SAS	T1K	B	4	complete	1	1	1	2
development	HG03874	HG03874	SAS	T1K	C	2	complete	1	1	1	2
development	HG03874	HG03874	SAS	T1K	C	4	complete	1	1	0	1
development	HG03874	HG03874	SAS	T1K	DPA1	2	complete	1	1	1	2
development	HG03874	HG03874	SAS	T1K	DPA1	4	complete	0	0	0	0
development	HG03874	HG03874	SAS	T1K	DPB1	2	complete	1	1	1	2
development	HG03874	HG03874	SAS	T1K	DPB1	4	complete	1	1	1	2
development	HG03874	HG03874	SAS	T1K	DQA1	2	complete	1	1	1	2
development	HG03874	HG03874	SAS	T1K	DQA1	4	complete	0	0	0	0
development	HG03874	HG03874	SAS	T1K	DQB1	2	complete	1	1	1	2
development	HG03874	HG03874	SAS	T1K	DQB1	4	complete	1	1	0	1
development	HG03874	HG03874	SAS	T1K	DRB1	2	complete	1	1	1	2
development	HG03874	HG03874	SAS	T1K	DRB1	4	complete	0	0	0	0
development	HG03874	HG03874	SAS	anchored_ipd_genome	A	2	complete	1	1	1	2
development	HG03874	HG03874	SAS	anchored_ipd_genome	A	4	complete	1	1	1	2
development	HG03874	HG03874	SAS	anchored_ipd_genome	B	2	complete	1	1	1	2
development	HG03874	HG03874	SAS	anchored_ipd_genome	B	4	complete	1	1	1	2
development	HG03874	HG03874	SAS	anchored_ipd_genome	C	2	complete	1	1	1	2
development	HG03874	HG03874	SAS	anchored_ipd_genome	C	4	complete	1	1	1	2
development	HG03874	HG03874	SAS	anchored_ipd_genome	DPA1	2	complete	1	1	1	2
development	HG03874	HG03874	SAS	anchored_ipd_genome	DPA1	4	complete	0	0	0	0
development	HG03874	HG03874	SAS	anchored_ipd_genome	DPB1	2	complete	1	1	1	2
development	HG03874	HG03874	SAS	anchored_ipd_genome	DPB1	4	complete	1	1	1	2
development	HG03874	HG03874	SAS	anchored_ipd_genome	DQA1	2	complete	1	1	1	2
development	HG03874	HG03874	SAS	anchored_ipd_genome	DQA1	4	complete	0	0	0	0
development	HG03874	HG03874	SAS	anchored_ipd_genome	DQB1	2	complete	1	1	1	2
development	HG03874	HG03874	SAS	anchored_ipd_genome	DQB1	4	complete	1	1	1	2
development	HG03874	HG03874	SAS	anchored_ipd_genome	DRB1	2	complete	1	1	1	2
development	HG03874	HG03874	SAS	anchored_ipd_genome	DRB1	4	complete	0	0	0	0
development	HG03874	HG03874	SAS	anchored_hprc	A	2	complete	1	1	1	2
development	HG03874	HG03874	SAS	anchored_hprc	A	4	complete	1	1	1	2
development	HG03874	HG03874	SAS	anchored_hprc	B	2	complete	1	1	1	2
development	HG03874	HG03874	SAS	anchored_hprc	B	4	complete	1	1	1	2
development	HG03874	HG03874	SAS	anchored_hprc	C	2	complete	1	1	1	2
development	HG03874	HG03874	SAS	anchored_hprc	C	4	complete	1	1	1	2
development	HG03874	HG03874	SAS	anchored_hprc	DPA1	2	complete	1	1	1	2
development	HG03874	HG03874	SAS	anchored_hprc	DPA1	4	complete	0	0	0	0
development	HG03874	HG03874	SAS	anchored_hprc	DPB1	2	complete	1	1	1	2
development	HG03874	HG03874	SAS	anchored_hprc	DPB1	4	complete	1	1	1	2
development	HG03874	HG03874	SAS	anchored_hprc	DQA1	2	complete	1	1	1	2
development	HG03874	HG03874	SAS	anchored_hprc	DQA1	4	complete	0	0	0	0
development	HG03874	HG03874	SAS	anchored_hprc	DQB1	2	complete	1	1	1	2
development	HG03874	HG03874	SAS	anchored_hprc	DQB1	4	complete	1	1	1	2
development	HG03874	HG03874	SAS	anchored_hprc	DRB1	2	complete	1	1	1	2
development	HG03874	HG03874	SAS	anchored_hprc	DRB1	4	complete	0	0	0	0
development	HG03874	HG03874	SAS	anchored_hprc_asian	A	2	complete	1	1	1	2
development	HG03874	HG03874	SAS	anchored_hprc_asian	A	4	complete	1	1	1	2
development	HG03874	HG03874	SAS	anchored_hprc_asian	B	2	complete	1	1	1	2
development	HG03874	HG03874	SAS	anchored_hprc_asian	B	4	complete	1	1	1	2
development	HG03874	HG03874	SAS	anchored_hprc_asian	C	2	complete	1	1	1	2
development	HG03874	HG03874	SAS	anchored_hprc_asian	C	4	complete	1	1	1	2
development	HG03874	HG03874	SAS	anchored_hprc_asian	DPA1	2	complete	1	1	1	2
development	HG03874	HG03874	SAS	anchored_hprc_asian	DPA1	4	complete	0	0	0	0
development	HG03874	HG03874	SAS	anchored_hprc_asian	DPB1	2	complete	1	1	1	2
development	HG03874	HG03874	SAS	anchored_hprc_asian	DPB1	4	complete	1	1	1	2
development	HG03874	HG03874	SAS	anchored_hprc_asian	DQA1	2	complete	1	1	1	2
development	HG03874	HG03874	SAS	anchored_hprc_asian	DQA1	4	complete	0	0	0	0
development	HG03874	HG03874	SAS	anchored_hprc_asian	DQB1	2	complete	1	1	1	2
development	HG03874	HG03874	SAS	anchored_hprc_asian	DQB1	4	complete	1	1	1	2
development	HG03874	HG03874	SAS	anchored_hprc_asian	DRB1	2	complete	1	1	1	2
development	HG03874	HG03874	SAS	anchored_hprc_asian	DRB1	4	complete	0	0	0	0
development	HG01530	IBS011	EUR	T1K	A	2	complete	1	1	1	2
development	HG01530	IBS011	EUR	T1K	A	4	complete	1	1	1	2
development	HG01530	IBS011	EUR	T1K	B	2	complete	1	1	1	2
development	HG01530	IBS011	EUR	T1K	B	4	complete	0	0	0	0
development	HG01530	IBS011	EUR	T1K	C	2	complete	1	1	1	2
development	HG01530	IBS011	EUR	T1K	C	4	complete	1	1	1	2
development	HG01530	IBS011	EUR	T1K	DPA1	2	complete	1	1	1	2
development	HG01530	IBS011	EUR	T1K	DPA1	4	complete	1	1	1	2
development	HG01530	IBS011	EUR	T1K	DPB1	2	complete	1	1	1	2
development	HG01530	IBS011	EUR	T1K	DPB1	4	complete	1	1	0	0
development	HG01530	IBS011	EUR	T1K	DQA1	2	complete	1	1	1	2
development	HG01530	IBS011	EUR	T1K	DQA1	4	complete	1	1	1	2
development	HG01530	IBS011	EUR	T1K	DQB1	2	complete	1	1	1	2
development	HG01530	IBS011	EUR	T1K	DQB1	4	complete	1	1	0	1
development	HG01530	IBS011	EUR	T1K	DRB1	2	complete	1	1	1	2
development	HG01530	IBS011	EUR	T1K	DRB1	4	complete	1	1	1	2
development	HG01530	IBS011	EUR	anchored_ipd_genome	A	2	complete	1	1	1	2
development	HG01530	IBS011	EUR	anchored_ipd_genome	A	4	complete	1	1	1	2
development	HG01530	IBS011	EUR	anchored_ipd_genome	B	2	complete	1	1	1	2
development	HG01530	IBS011	EUR	anchored_ipd_genome	B	4	complete	0	0	0	0
development	HG01530	IBS011	EUR	anchored_ipd_genome	C	2	complete	1	1	1	2
development	HG01530	IBS011	EUR	anchored_ipd_genome	C	4	complete	1	1	1	2
development	HG01530	IBS011	EUR	anchored_ipd_genome	DPA1	2	complete	1	1	1	2
development	HG01530	IBS011	EUR	anchored_ipd_genome	DPA1	4	complete	1	1	1	2
development	HG01530	IBS011	EUR	anchored_ipd_genome	DPB1	2	complete	1	1	1	2
development	HG01530	IBS011	EUR	anchored_ipd_genome	DPB1	4	complete	1	1	1	2
development	HG01530	IBS011	EUR	anchored_ipd_genome	DQA1	2	complete	1	1	1	2
development	HG01530	IBS011	EUR	anchored_ipd_genome	DQA1	4	complete	1	1	0	1
development	HG01530	IBS011	EUR	anchored_ipd_genome	DQB1	2	complete	1	1	1	2
development	HG01530	IBS011	EUR	anchored_ipd_genome	DQB1	4	complete	1	1	1	2
development	HG01530	IBS011	EUR	anchored_ipd_genome	DRB1	2	complete	1	1	1	2
development	HG01530	IBS011	EUR	anchored_ipd_genome	DRB1	4	complete	1	1	1	2
development	HG01530	IBS011	EUR	anchored_hprc	A	2	complete	1	1	1	2
development	HG01530	IBS011	EUR	anchored_hprc	A	4	complete	1	1	1	2
development	HG01530	IBS011	EUR	anchored_hprc	B	2	complete	1	1	1	2
development	HG01530	IBS011	EUR	anchored_hprc	B	4	complete	0	0	0	0
development	HG01530	IBS011	EUR	anchored_hprc	C	2	complete	1	1	1	2
development	HG01530	IBS011	EUR	anchored_hprc	C	4	complete	1	1	1	2
development	HG01530	IBS011	EUR	anchored_hprc	DPA1	2	complete	1	1	1	2
development	HG01530	IBS011	EUR	anchored_hprc	DPA1	4	complete	1	1	1	2
development	HG01530	IBS011	EUR	anchored_hprc	DPB1	2	complete	1	1	1	2
development	HG01530	IBS011	EUR	anchored_hprc	DPB1	4	complete	1	1	1	2
development	HG01530	IBS011	EUR	anchored_hprc	DQA1	2	complete	1	1	1	2
development	HG01530	IBS011	EUR	anchored_hprc	DQA1	4	complete	1	1	0	1
development	HG01530	IBS011	EUR	anchored_hprc	DQB1	2	complete	1	1	1	2
development	HG01530	IBS011	EUR	anchored_hprc	DQB1	4	complete	1	1	1	2
development	HG01530	IBS011	EUR	anchored_hprc	DRB1	2	complete	1	1	1	2
development	HG01530	IBS011	EUR	anchored_hprc	DRB1	4	complete	1	1	1	2
development	HG01530	IBS011	EUR	anchored_hprc_asian	A	2	complete	1	1	1	2
development	HG01530	IBS011	EUR	anchored_hprc_asian	A	4	complete	1	1	1	2
development	HG01530	IBS011	EUR	anchored_hprc_asian	B	2	complete	1	1	1	2
development	HG01530	IBS011	EUR	anchored_hprc_asian	B	4	complete	0	0	0	0
development	HG01530	IBS011	EUR	anchored_hprc_asian	C	2	complete	1	1	1	2
development	HG01530	IBS011	EUR	anchored_hprc_asian	C	4	complete	1	1	1	2
development	HG01530	IBS011	EUR	anchored_hprc_asian	DPA1	2	complete	1	1	1	2
development	HG01530	IBS011	EUR	anchored_hprc_asian	DPA1	4	complete	1	1	1	2
development	HG01530	IBS011	EUR	anchored_hprc_asian	DPB1	2	complete	1	1	1	2
development	HG01530	IBS011	EUR	anchored_hprc_asian	DPB1	4	complete	1	1	1	2
development	HG01530	IBS011	EUR	anchored_hprc_asian	DQA1	2	complete	1	1	1	2
development	HG01530	IBS011	EUR	anchored_hprc_asian	DQA1	4	complete	1	1	0	1
development	HG01530	IBS011	EUR	anchored_hprc_asian	DQB1	2	complete	1	1	1	2
development	HG01530	IBS011	EUR	anchored_hprc_asian	DQB1	4	complete	1	1	1	2
development	HG01530	IBS011	EUR	anchored_hprc_asian	DRB1	2	complete	1	1	1	2
development	HG01530	IBS011	EUR	anchored_hprc_asian	DRB1	4	complete	1	1	1	2
development	NA20806	NA20806	EUR	T1K	A	2	complete	1	1	1	2
development	NA20806	NA20806	EUR	T1K	A	4	complete	1	1	1	2
development	NA20806	NA20806	EUR	T1K	B	2	complete	1	1	1	2
development	NA20806	NA20806	EUR	T1K	B	4	complete	1	1	1	2
development	NA20806	NA20806	EUR	T1K	C	2	complete	1	1	1	2
development	NA20806	NA20806	EUR	T1K	C	4	complete	1	1	0	1
development	NA20806	NA20806	EUR	T1K	DPA1	2	complete	1	1	1	2
development	NA20806	NA20806	EUR	T1K	DPA1	4	complete	1	1	0	1
development	NA20806	NA20806	EUR	T1K	DPB1	2	complete	1	1	1	2
development	NA20806	NA20806	EUR	T1K	DPB1	4	complete	1	1	0	1
development	NA20806	NA20806	EUR	T1K	DQA1	2	complete	1	1	1	2
development	NA20806	NA20806	EUR	T1K	DQA1	4	complete	1	1	1	2
development	NA20806	NA20806	EUR	T1K	DQB1	2	complete	1	1	1	2
development	NA20806	NA20806	EUR	T1K	DQB1	4	complete	1	1	1	2
development	NA20806	NA20806	EUR	T1K	DRB1	2	complete	1	1	1	2
development	NA20806	NA20806	EUR	T1K	DRB1	4	complete	1	1	0	0
development	NA20806	NA20806	EUR	anchored_ipd_genome	A	2	complete	1	1	1	2
development	NA20806	NA20806	EUR	anchored_ipd_genome	A	4	complete	1	1	1	2
development	NA20806	NA20806	EUR	anchored_ipd_genome	B	2	complete	1	1	1	2
development	NA20806	NA20806	EUR	anchored_ipd_genome	B	4	complete	1	1	1	2
development	NA20806	NA20806	EUR	anchored_ipd_genome	C	2	complete	1	1	1	2
development	NA20806	NA20806	EUR	anchored_ipd_genome	C	4	complete	1	1	1	2
development	NA20806	NA20806	EUR	anchored_ipd_genome	DPA1	2	complete	1	1	1	2
development	NA20806	NA20806	EUR	anchored_ipd_genome	DPA1	4	complete	1	1	1	2
development	NA20806	NA20806	EUR	anchored_ipd_genome	DPB1	2	complete	1	1	1	2
development	NA20806	NA20806	EUR	anchored_ipd_genome	DPB1	4	complete	1	1	0	1
development	NA20806	NA20806	EUR	anchored_ipd_genome	DQA1	2	complete	1	1	1	2
development	NA20806	NA20806	EUR	anchored_ipd_genome	DQA1	4	complete	1	1	1	2
development	NA20806	NA20806	EUR	anchored_ipd_genome	DQB1	2	complete	1	1	1	2
development	NA20806	NA20806	EUR	anchored_ipd_genome	DQB1	4	complete	1	1	1	2
development	NA20806	NA20806	EUR	anchored_ipd_genome	DRB1	2	complete	1	1	1	2
development	NA20806	NA20806	EUR	anchored_ipd_genome	DRB1	4	complete	1	1	0	0
development	NA20806	NA20806	EUR	anchored_hprc	A	2	complete	1	1	1	2
development	NA20806	NA20806	EUR	anchored_hprc	A	4	complete	1	1	1	2
development	NA20806	NA20806	EUR	anchored_hprc	B	2	complete	1	1	1	2
development	NA20806	NA20806	EUR	anchored_hprc	B	4	complete	1	1	1	2
development	NA20806	NA20806	EUR	anchored_hprc	C	2	complete	1	1	1	2
development	NA20806	NA20806	EUR	anchored_hprc	C	4	complete	1	1	1	2
development	NA20806	NA20806	EUR	anchored_hprc	DPA1	2	complete	1	1	1	2
development	NA20806	NA20806	EUR	anchored_hprc	DPA1	4	complete	1	1	1	2
development	NA20806	NA20806	EUR	anchored_hprc	DPB1	2	complete	1	1	1	2
development	NA20806	NA20806	EUR	anchored_hprc	DPB1	4	complete	1	1	0	1
development	NA20806	NA20806	EUR	anchored_hprc	DQA1	2	complete	1	1	1	2
development	NA20806	NA20806	EUR	anchored_hprc	DQA1	4	complete	1	1	1	2
development	NA20806	NA20806	EUR	anchored_hprc	DQB1	2	complete	1	1	1	2
development	NA20806	NA20806	EUR	anchored_hprc	DQB1	4	complete	1	1	1	2
development	NA20806	NA20806	EUR	anchored_hprc	DRB1	2	complete	1	1	1	2
development	NA20806	NA20806	EUR	anchored_hprc	DRB1	4	complete	1	1	0	0
development	NA20806	NA20806	EUR	anchored_hprc_asian	A	2	complete	1	1	1	2
development	NA20806	NA20806	EUR	anchored_hprc_asian	A	4	complete	1	1	1	2
development	NA20806	NA20806	EUR	anchored_hprc_asian	B	2	complete	1	1	1	2
development	NA20806	NA20806	EUR	anchored_hprc_asian	B	4	complete	1	1	1	2
development	NA20806	NA20806	EUR	anchored_hprc_asian	C	2	complete	1	1	1	2
development	NA20806	NA20806	EUR	anchored_hprc_asian	C	4	complete	1	1	1	2
development	NA20806	NA20806	EUR	anchored_hprc_asian	DPA1	2	complete	1	1	1	2
development	NA20806	NA20806	EUR	anchored_hprc_asian	DPA1	4	complete	1	1	1	2
development	NA20806	NA20806	EUR	anchored_hprc_asian	DPB1	2	complete	1	1	1	2
development	NA20806	NA20806	EUR	anchored_hprc_asian	DPB1	4	complete	1	1	0	1
development	NA20806	NA20806	EUR	anchored_hprc_asian	DQA1	2	complete	1	1	1	2
development	NA20806	NA20806	EUR	anchored_hprc_asian	DQA1	4	complete	1	1	1	2
development	NA20806	NA20806	EUR	anchored_hprc_asian	DQB1	2	complete	1	1	1	2
development	NA20806	NA20806	EUR	anchored_hprc_asian	DQB1	4	complete	1	1	1	2
development	NA20806	NA20806	EUR	anchored_hprc_asian	DRB1	2	complete	1	1	1	2
development	NA20806	NA20806	EUR	anchored_hprc_asian	DRB1	4	complete	1	1	0	0
development	HG03516	NG107	AFR	T1K	A	2	complete	1	1	1	2
development	HG03516	NG107	AFR	T1K	A	4	complete	1	1	1	2
development	HG03516	NG107	AFR	T1K	B	2	complete	1	1	1	2
development	HG03516	NG107	AFR	T1K	B	4	complete	0	0	0	0
development	HG03516	NG107	AFR	T1K	C	2	complete	1	1	1	2
development	HG03516	NG107	AFR	T1K	C	4	complete	1	1	0	1
development	HG03516	NG107	AFR	T1K	DPA1	2	complete	0	0	0	0
development	HG03516	NG107	AFR	T1K	DPA1	4	complete	0	0	0	0
development	HG03516	NG107	AFR	T1K	DPB1	2	complete	1	1	1	2
development	HG03516	NG107	AFR	T1K	DPB1	4	complete	1	1	1	2
development	HG03516	NG107	AFR	T1K	DQA1	2	complete	1	1	1	2
development	HG03516	NG107	AFR	T1K	DQA1	4	complete	1	1	0	0
development	HG03516	NG107	AFR	T1K	DQB1	2	complete	1	1	1	2
development	HG03516	NG107	AFR	T1K	DQB1	4	complete	1	1	0	0
development	HG03516	NG107	AFR	T1K	DRB1	2	complete	1	1	1	2
development	HG03516	NG107	AFR	T1K	DRB1	4	complete	0	0	0	0
development	HG03516	NG107	AFR	anchored_ipd_genome	A	2	complete	1	1	1	2
development	HG03516	NG107	AFR	anchored_ipd_genome	A	4	complete	1	1	1	2
development	HG03516	NG107	AFR	anchored_ipd_genome	B	2	complete	1	1	1	2
development	HG03516	NG107	AFR	anchored_ipd_genome	B	4	complete	0	0	0	0
development	HG03516	NG107	AFR	anchored_ipd_genome	C	2	complete	1	1	1	2
development	HG03516	NG107	AFR	anchored_ipd_genome	C	4	complete	1	1	1	2
development	HG03516	NG107	AFR	anchored_ipd_genome	DPA1	2	complete	0	0	0	0
development	HG03516	NG107	AFR	anchored_ipd_genome	DPA1	4	complete	0	0	0	0
development	HG03516	NG107	AFR	anchored_ipd_genome	DPB1	2	complete	1	1	1	2
development	HG03516	NG107	AFR	anchored_ipd_genome	DPB1	4	complete	1	1	1	2
development	HG03516	NG107	AFR	anchored_ipd_genome	DQA1	2	complete	1	1	1	2
development	HG03516	NG107	AFR	anchored_ipd_genome	DQA1	4	complete	1	1	0	1
development	HG03516	NG107	AFR	anchored_ipd_genome	DQB1	2	complete	1	1	1	2
development	HG03516	NG107	AFR	anchored_ipd_genome	DQB1	4	complete	1	1	1	2
development	HG03516	NG107	AFR	anchored_ipd_genome	DRB1	2	complete	1	1	1	2
development	HG03516	NG107	AFR	anchored_ipd_genome	DRB1	4	complete	0	0	0	0
development	HG03516	NG107	AFR	anchored_hprc	A	2	complete	1	1	1	2
development	HG03516	NG107	AFR	anchored_hprc	A	4	complete	1	1	1	2
development	HG03516	NG107	AFR	anchored_hprc	B	2	complete	1	1	1	2
development	HG03516	NG107	AFR	anchored_hprc	B	4	complete	0	0	0	0
development	HG03516	NG107	AFR	anchored_hprc	C	2	complete	1	1	1	2
development	HG03516	NG107	AFR	anchored_hprc	C	4	complete	1	1	1	2
development	HG03516	NG107	AFR	anchored_hprc	DPA1	2	complete	0	0	0	0
development	HG03516	NG107	AFR	anchored_hprc	DPA1	4	complete	0	0	0	0
development	HG03516	NG107	AFR	anchored_hprc	DPB1	2	complete	1	1	1	2
development	HG03516	NG107	AFR	anchored_hprc	DPB1	4	complete	1	1	1	2
development	HG03516	NG107	AFR	anchored_hprc	DQA1	2	complete	1	1	1	2
development	HG03516	NG107	AFR	anchored_hprc	DQA1	4	complete	1	1	0	1
development	HG03516	NG107	AFR	anchored_hprc	DQB1	2	complete	1	1	1	2
development	HG03516	NG107	AFR	anchored_hprc	DQB1	4	complete	1	1	1	2
development	HG03516	NG107	AFR	anchored_hprc	DRB1	2	complete	1	1	1	2
development	HG03516	NG107	AFR	anchored_hprc	DRB1	4	complete	0	0	0	0
development	HG03516	NG107	AFR	anchored_hprc_asian	A	2	complete	1	1	1	2
development	HG03516	NG107	AFR	anchored_hprc_asian	A	4	complete	1	1	1	2
development	HG03516	NG107	AFR	anchored_hprc_asian	B	2	complete	1	1	1	2
development	HG03516	NG107	AFR	anchored_hprc_asian	B	4	complete	0	0	0	0
development	HG03516	NG107	AFR	anchored_hprc_asian	C	2	complete	1	1	1	2
development	HG03516	NG107	AFR	anchored_hprc_asian	C	4	complete	1	1	1	2
development	HG03516	NG107	AFR	anchored_hprc_asian	DPA1	2	complete	0	0	0	0
development	HG03516	NG107	AFR	anchored_hprc_asian	DPA1	4	complete	0	0	0	0
development	HG03516	NG107	AFR	anchored_hprc_asian	DPB1	2	complete	1	1	1	2
development	HG03516	NG107	AFR	anchored_hprc_asian	DPB1	4	complete	1	1	1	2
development	HG03516	NG107	AFR	anchored_hprc_asian	DQA1	2	complete	1	1	1	2
development	HG03516	NG107	AFR	anchored_hprc_asian	DQA1	4	complete	1	1	0	1
development	HG03516	NG107	AFR	anchored_hprc_asian	DQB1	2	complete	1	1	1	2
development	HG03516	NG107	AFR	anchored_hprc_asian	DQB1	4	complete	1	1	1	2
development	HG03516	NG107	AFR	anchored_hprc_asian	DRB1	2	complete	1	1	1	2
development	HG03516	NG107	AFR	anchored_hprc_asian	DRB1	4	complete	0	0	0	0
development	NA19185	Y039	AFR	T1K	A	2	complete	1	1	1	2
development	NA19185	Y039	AFR	T1K	A	4	complete	1	1	1	2
development	NA19185	Y039	AFR	T1K	B	2	complete	1	1	1	2
development	NA19185	Y039	AFR	T1K	B	4	complete	0	0	0	0
development	NA19185	Y039	AFR	T1K	C	2	complete	1	1	1	2
development	NA19185	Y039	AFR	T1K	C	4	complete	1	1	1	2
development	NA19185	Y039	AFR	T1K	DPA1	2	complete	1	1	1	2
development	NA19185	Y039	AFR	T1K	DPA1	4	complete	0	0	0	0
development	NA19185	Y039	AFR	T1K	DPB1	2	complete	1	1	1	2
development	NA19185	Y039	AFR	T1K	DPB1	4	complete	1	1	0	1
development	NA19185	Y039	AFR	T1K	DQA1	2	complete	1	1	1	2
development	NA19185	Y039	AFR	T1K	DQA1	4	complete	1	1	0	0
development	NA19185	Y039	AFR	T1K	DQB1	2	complete	1	1	1	2
development	NA19185	Y039	AFR	T1K	DQB1	4	complete	1	1	0	0
development	NA19185	Y039	AFR	T1K	DRB1	2	complete	1	1	1	2
development	NA19185	Y039	AFR	T1K	DRB1	4	complete	0	0	0	0
development	NA19185	Y039	AFR	anchored_ipd_genome	A	2	complete	1	1	1	2
development	NA19185	Y039	AFR	anchored_ipd_genome	A	4	complete	1	1	1	2
development	NA19185	Y039	AFR	anchored_ipd_genome	B	2	complete	1	1	1	2
development	NA19185	Y039	AFR	anchored_ipd_genome	B	4	complete	0	0	0	0
development	NA19185	Y039	AFR	anchored_ipd_genome	C	2	complete	1	1	1	2
development	NA19185	Y039	AFR	anchored_ipd_genome	C	4	complete	1	1	1	2
development	NA19185	Y039	AFR	anchored_ipd_genome	DPA1	2	complete	1	1	1	2
development	NA19185	Y039	AFR	anchored_ipd_genome	DPA1	4	complete	0	0	0	0
development	NA19185	Y039	AFR	anchored_ipd_genome	DPB1	2	complete	1	1	1	2
development	NA19185	Y039	AFR	anchored_ipd_genome	DPB1	4	complete	1	1	1	2
development	NA19185	Y039	AFR	anchored_ipd_genome	DQA1	2	complete	1	1	1	2
development	NA19185	Y039	AFR	anchored_ipd_genome	DQA1	4	complete	1	1	0	0
development	NA19185	Y039	AFR	anchored_ipd_genome	DQB1	2	complete	1	1	1	2
development	NA19185	Y039	AFR	anchored_ipd_genome	DQB1	4	complete	1	1	1	2
development	NA19185	Y039	AFR	anchored_ipd_genome	DRB1	2	complete	1	1	1	2
development	NA19185	Y039	AFR	anchored_ipd_genome	DRB1	4	complete	0	0	0	0
development	NA19185	Y039	AFR	anchored_hprc	A	2	complete	1	1	1	2
development	NA19185	Y039	AFR	anchored_hprc	A	4	complete	1	1	1	2
development	NA19185	Y039	AFR	anchored_hprc	B	2	complete	1	1	1	2
development	NA19185	Y039	AFR	anchored_hprc	B	4	complete	0	0	0	0
development	NA19185	Y039	AFR	anchored_hprc	C	2	complete	1	1	1	2
development	NA19185	Y039	AFR	anchored_hprc	C	4	complete	1	1	1	2
development	NA19185	Y039	AFR	anchored_hprc	DPA1	2	complete	1	1	1	2
development	NA19185	Y039	AFR	anchored_hprc	DPA1	4	complete	0	0	0	0
development	NA19185	Y039	AFR	anchored_hprc	DPB1	2	complete	1	1	1	2
development	NA19185	Y039	AFR	anchored_hprc	DPB1	4	complete	1	1	1	2
development	NA19185	Y039	AFR	anchored_hprc	DQA1	2	complete	1	1	1	2
development	NA19185	Y039	AFR	anchored_hprc	DQA1	4	complete	1	1	0	0
development	NA19185	Y039	AFR	anchored_hprc	DQB1	2	complete	1	1	1	2
development	NA19185	Y039	AFR	anchored_hprc	DQB1	4	complete	1	1	1	2
development	NA19185	Y039	AFR	anchored_hprc	DRB1	2	complete	1	1	1	2
development	NA19185	Y039	AFR	anchored_hprc	DRB1	4	complete	0	0	0	0
development	NA19185	Y039	AFR	anchored_hprc_asian	A	2	complete	1	1	1	2
development	NA19185	Y039	AFR	anchored_hprc_asian	A	4	complete	1	1	1	2
development	NA19185	Y039	AFR	anchored_hprc_asian	B	2	complete	1	1	1	2
development	NA19185	Y039	AFR	anchored_hprc_asian	B	4	complete	0	0	0	0
development	NA19185	Y039	AFR	anchored_hprc_asian	C	2	complete	1	1	1	2
development	NA19185	Y039	AFR	anchored_hprc_asian	C	4	complete	1	1	1	2
development	NA19185	Y039	AFR	anchored_hprc_asian	DPA1	2	complete	1	1	1	2
development	NA19185	Y039	AFR	anchored_hprc_asian	DPA1	4	complete	0	0	0	0
development	NA19185	Y039	AFR	anchored_hprc_asian	DPB1	2	complete	1	1	1	2
development	NA19185	Y039	AFR	anchored_hprc_asian	DPB1	4	complete	1	1	1	2
development	NA19185	Y039	AFR	anchored_hprc_asian	DQA1	2	complete	1	1	1	2
development	NA19185	Y039	AFR	anchored_hprc_asian	DQA1	4	complete	1	1	0	0
development	NA19185	Y039	AFR	anchored_hprc_asian	DQB1	2	complete	1	1	1	2
development	NA19185	Y039	AFR	anchored_hprc_asian	DQB1	4	complete	1	1	1	2
development	NA19185	Y039	AFR	anchored_hprc_asian	DRB1	2	complete	1	1	1	2
development	NA19185	Y039	AFR	anchored_hprc_asian	DRB1	4	complete	0	0	0	0
exposed_validation	HG00290	HG00290	EUR	T1K	A	2	complete	1	1	1	2
exposed_validation	HG00290	HG00290	EUR	T1K	A	4	complete	1	1	1	2
exposed_validation	HG00290	HG00290	EUR	T1K	B	2	complete	1	1	1	2
exposed_validation	HG00290	HG00290	EUR	T1K	B	4	complete	1	1	0	1
exposed_validation	HG00290	HG00290	EUR	T1K	C	2	complete	1	1	1	2
exposed_validation	HG00290	HG00290	EUR	T1K	C	4	complete	1	1	0	1
exposed_validation	HG00290	HG00290	EUR	T1K	DPA1	2	complete	1	1	1	2
exposed_validation	HG00290	HG00290	EUR	T1K	DPA1	4	complete	1	1	1	2
exposed_validation	HG00290	HG00290	EUR	T1K	DPB1	2	complete	1	1	1	2
exposed_validation	HG00290	HG00290	EUR	T1K	DPB1	4	complete	1	1	0	1
exposed_validation	HG00290	HG00290	EUR	T1K	DQA1	2	complete	1	1	1	2
exposed_validation	HG00290	HG00290	EUR	T1K	DQA1	4	complete	1	1	1	2
exposed_validation	HG00290	HG00290	EUR	T1K	DQB1	2	complete	1	1	1	2
exposed_validation	HG00290	HG00290	EUR	T1K	DQB1	4	complete	1	1	0	0
exposed_validation	HG00290	HG00290	EUR	T1K	DRB1	2	complete	1	1	1	2
exposed_validation	HG00290	HG00290	EUR	T1K	DRB1	4	complete	0	0	0	0
exposed_validation	HG00290	HG00290	EUR	anchored_ipd_genome	A	2	complete	1	1	1	2
exposed_validation	HG00290	HG00290	EUR	anchored_ipd_genome	A	4	complete	1	1	1	2
exposed_validation	HG00290	HG00290	EUR	anchored_ipd_genome	B	2	complete	1	1	1	2
exposed_validation	HG00290	HG00290	EUR	anchored_ipd_genome	B	4	complete	1	1	1	2
exposed_validation	HG00290	HG00290	EUR	anchored_ipd_genome	C	2	complete	1	1	1	2
exposed_validation	HG00290	HG00290	EUR	anchored_ipd_genome	C	4	complete	1	1	1	2
exposed_validation	HG00290	HG00290	EUR	anchored_ipd_genome	DPA1	2	complete	1	1	1	2
exposed_validation	HG00290	HG00290	EUR	anchored_ipd_genome	DPA1	4	complete	1	1	1	2
exposed_validation	HG00290	HG00290	EUR	anchored_ipd_genome	DPB1	2	complete	1	1	1	2
exposed_validation	HG00290	HG00290	EUR	anchored_ipd_genome	DPB1	4	complete	1	1	1	2
exposed_validation	HG00290	HG00290	EUR	anchored_ipd_genome	DQA1	2	complete	1	1	1	2
exposed_validation	HG00290	HG00290	EUR	anchored_ipd_genome	DQA1	4	complete	1	1	0	1
exposed_validation	HG00290	HG00290	EUR	anchored_ipd_genome	DQB1	2	complete	1	1	1	2
exposed_validation	HG00290	HG00290	EUR	anchored_ipd_genome	DQB1	4	complete	1	1	1	2
exposed_validation	HG00290	HG00290	EUR	anchored_ipd_genome	DRB1	2	complete	1	1	1	2
exposed_validation	HG00290	HG00290	EUR	anchored_ipd_genome	DRB1	4	complete	0	0	0	0
exposed_validation	HG00290	HG00290	EUR	anchored_hprc	A	2	complete	1	1	1	2
exposed_validation	HG00290	HG00290	EUR	anchored_hprc	A	4	complete	1	1	1	2
exposed_validation	HG00290	HG00290	EUR	anchored_hprc	B	2	complete	1	1	1	2
exposed_validation	HG00290	HG00290	EUR	anchored_hprc	B	4	complete	1	1	1	2
exposed_validation	HG00290	HG00290	EUR	anchored_hprc	C	2	complete	1	1	1	2
exposed_validation	HG00290	HG00290	EUR	anchored_hprc	C	4	complete	1	1	1	2
exposed_validation	HG00290	HG00290	EUR	anchored_hprc	DPA1	2	complete	1	1	1	2
exposed_validation	HG00290	HG00290	EUR	anchored_hprc	DPA1	4	complete	1	1	1	2
exposed_validation	HG00290	HG00290	EUR	anchored_hprc	DPB1	2	complete	1	1	1	2
exposed_validation	HG00290	HG00290	EUR	anchored_hprc	DPB1	4	complete	1	1	1	2
exposed_validation	HG00290	HG00290	EUR	anchored_hprc	DQA1	2	complete	1	1	1	2
exposed_validation	HG00290	HG00290	EUR	anchored_hprc	DQA1	4	complete	1	1	0	1
exposed_validation	HG00290	HG00290	EUR	anchored_hprc	DQB1	2	complete	1	1	1	2
exposed_validation	HG00290	HG00290	EUR	anchored_hprc	DQB1	4	complete	1	1	1	2
exposed_validation	HG00290	HG00290	EUR	anchored_hprc	DRB1	2	complete	1	1	1	2
exposed_validation	HG00290	HG00290	EUR	anchored_hprc	DRB1	4	complete	0	0	0	0
exposed_validation	HG00290	HG00290	EUR	anchored_hprc_asian	A	2	complete	1	1	1	2
exposed_validation	HG00290	HG00290	EUR	anchored_hprc_asian	A	4	complete	1	1	1	2
exposed_validation	HG00290	HG00290	EUR	anchored_hprc_asian	B	2	complete	1	1	1	2
exposed_validation	HG00290	HG00290	EUR	anchored_hprc_asian	B	4	complete	1	1	1	2
exposed_validation	HG00290	HG00290	EUR	anchored_hprc_asian	C	2	complete	1	1	1	2
exposed_validation	HG00290	HG00290	EUR	anchored_hprc_asian	C	4	complete	1	1	1	2
exposed_validation	HG00290	HG00290	EUR	anchored_hprc_asian	DPA1	2	complete	1	1	1	2
exposed_validation	HG00290	HG00290	EUR	anchored_hprc_asian	DPA1	4	complete	1	1	1	2
exposed_validation	HG00290	HG00290	EUR	anchored_hprc_asian	DPB1	2	complete	1	1	1	2
exposed_validation	HG00290	HG00290	EUR	anchored_hprc_asian	DPB1	4	complete	1	1	1	2
exposed_validation	HG00290	HG00290	EUR	anchored_hprc_asian	DQA1	2	complete	1	1	1	2
exposed_validation	HG00290	HG00290	EUR	anchored_hprc_asian	DQA1	4	complete	1	1	0	1
exposed_validation	HG00290	HG00290	EUR	anchored_hprc_asian	DQB1	2	complete	1	1	1	2
exposed_validation	HG00290	HG00290	EUR	anchored_hprc_asian	DQB1	4	complete	1	1	1	2
exposed_validation	HG00290	HG00290	EUR	anchored_hprc_asian	DRB1	2	complete	1	1	1	2
exposed_validation	HG00290	HG00290	EUR	anchored_hprc_asian	DRB1	4	complete	0	0	0	0
exposed_validation	HG01433	CLM43	AMR	T1K	A	2	complete	1	1	1	2
exposed_validation	HG01433	CLM43	AMR	T1K	A	4	complete	1	1	1	2
exposed_validation	HG01433	CLM43	AMR	T1K	B	2	complete	1	1	1	2
exposed_validation	HG01433	CLM43	AMR	T1K	B	4	complete	0	0	0	0
exposed_validation	HG01433	CLM43	AMR	T1K	C	2	complete	1	1	1	2
exposed_validation	HG01433	CLM43	AMR	T1K	C	4	complete	1	1	1	2
exposed_validation	HG01433	CLM43	AMR	T1K	DPA1	2	complete	1	1	1	2
exposed_validation	HG01433	CLM43	AMR	T1K	DPA1	4	complete	1	1	0	0
exposed_validation	HG01433	CLM43	AMR	T1K	DPB1	2	complete	1	1	1	2
exposed_validation	HG01433	CLM43	AMR	T1K	DPB1	4	complete	1	1	0	1
exposed_validation	HG01433	CLM43	AMR	T1K	DQA1	2	complete	1	1	1	2
exposed_validation	HG01433	CLM43	AMR	T1K	DQA1	4	complete	1	1	1	2
exposed_validation	HG01433	CLM43	AMR	T1K	DQB1	2	complete	1	1	1	2
exposed_validation	HG01433	CLM43	AMR	T1K	DQB1	4	complete	1	1	1	2
exposed_validation	HG01433	CLM43	AMR	T1K	DRB1	2	complete	1	1	1	2
exposed_validation	HG01433	CLM43	AMR	T1K	DRB1	4	complete	0	0	0	0
exposed_validation	HG01433	CLM43	AMR	anchored_ipd_genome	A	2	complete	1	1	1	2
exposed_validation	HG01433	CLM43	AMR	anchored_ipd_genome	A	4	complete	1	1	1	2
exposed_validation	HG01433	CLM43	AMR	anchored_ipd_genome	B	2	complete	1	1	1	2
exposed_validation	HG01433	CLM43	AMR	anchored_ipd_genome	B	4	complete	0	0	0	0
exposed_validation	HG01433	CLM43	AMR	anchored_ipd_genome	C	2	complete	1	1	1	2
exposed_validation	HG01433	CLM43	AMR	anchored_ipd_genome	C	4	complete	1	1	1	2
exposed_validation	HG01433	CLM43	AMR	anchored_ipd_genome	DPA1	2	complete	1	1	1	2
exposed_validation	HG01433	CLM43	AMR	anchored_ipd_genome	DPA1	4	complete	1	1	1	2
exposed_validation	HG01433	CLM43	AMR	anchored_ipd_genome	DPB1	2	complete	1	1	1	2
exposed_validation	HG01433	CLM43	AMR	anchored_ipd_genome	DPB1	4	complete	1	1	0	1
exposed_validation	HG01433	CLM43	AMR	anchored_ipd_genome	DQA1	2	complete	1	1	1	2
exposed_validation	HG01433	CLM43	AMR	anchored_ipd_genome	DQA1	4	complete	1	1	1	2
exposed_validation	HG01433	CLM43	AMR	anchored_ipd_genome	DQB1	2	complete	1	1	1	2
exposed_validation	HG01433	CLM43	AMR	anchored_ipd_genome	DQB1	4	complete	1	1	1	2
exposed_validation	HG01433	CLM43	AMR	anchored_ipd_genome	DRB1	2	complete	1	1	1	2
exposed_validation	HG01433	CLM43	AMR	anchored_ipd_genome	DRB1	4	complete	0	0	0	0
exposed_validation	HG01433	CLM43	AMR	anchored_hprc	A	2	complete	1	1	1	2
exposed_validation	HG01433	CLM43	AMR	anchored_hprc	A	4	complete	1	1	1	2
exposed_validation	HG01433	CLM43	AMR	anchored_hprc	B	2	complete	1	1	1	2
exposed_validation	HG01433	CLM43	AMR	anchored_hprc	B	4	complete	0	0	0	0
exposed_validation	HG01433	CLM43	AMR	anchored_hprc	C	2	complete	1	1	1	2
exposed_validation	HG01433	CLM43	AMR	anchored_hprc	C	4	complete	1	1	1	2
exposed_validation	HG01433	CLM43	AMR	anchored_hprc	DPA1	2	complete	1	1	1	2
exposed_validation	HG01433	CLM43	AMR	anchored_hprc	DPA1	4	complete	1	1	1	2
exposed_validation	HG01433	CLM43	AMR	anchored_hprc	DPB1	2	complete	1	1	1	2
exposed_validation	HG01433	CLM43	AMR	anchored_hprc	DPB1	4	complete	1	1	0	1
exposed_validation	HG01433	CLM43	AMR	anchored_hprc	DQA1	2	complete	1	1	1	2
exposed_validation	HG01433	CLM43	AMR	anchored_hprc	DQA1	4	complete	1	1	1	2
exposed_validation	HG01433	CLM43	AMR	anchored_hprc	DQB1	2	complete	1	1	1	2
exposed_validation	HG01433	CLM43	AMR	anchored_hprc	DQB1	4	complete	1	1	1	2
exposed_validation	HG01433	CLM43	AMR	anchored_hprc	DRB1	2	complete	1	1	1	2
exposed_validation	HG01433	CLM43	AMR	anchored_hprc	DRB1	4	complete	0	0	0	0
exposed_validation	HG01433	CLM43	AMR	anchored_hprc_asian	A	2	complete	1	1	1	2
exposed_validation	HG01433	CLM43	AMR	anchored_hprc_asian	A	4	complete	1	1	1	2
exposed_validation	HG01433	CLM43	AMR	anchored_hprc_asian	B	2	complete	1	1	1	2
exposed_validation	HG01433	CLM43	AMR	anchored_hprc_asian	B	4	complete	0	0	0	0
exposed_validation	HG01433	CLM43	AMR	anchored_hprc_asian	C	2	complete	1	1	1	2
exposed_validation	HG01433	CLM43	AMR	anchored_hprc_asian	C	4	complete	1	1	1	2
exposed_validation	HG01433	CLM43	AMR	anchored_hprc_asian	DPA1	2	complete	1	1	1	2
exposed_validation	HG01433	CLM43	AMR	anchored_hprc_asian	DPA1	4	complete	1	1	1	2
exposed_validation	HG01433	CLM43	AMR	anchored_hprc_asian	DPB1	2	complete	1	1	1	2
exposed_validation	HG01433	CLM43	AMR	anchored_hprc_asian	DPB1	4	complete	1	1	0	1
exposed_validation	HG01433	CLM43	AMR	anchored_hprc_asian	DQA1	2	complete	1	1	1	2
exposed_validation	HG01433	CLM43	AMR	anchored_hprc_asian	DQA1	4	complete	1	1	1	2
exposed_validation	HG01433	CLM43	AMR	anchored_hprc_asian	DQB1	2	complete	1	1	1	2
exposed_validation	HG01433	CLM43	AMR	anchored_hprc_asian	DQB1	4	complete	1	1	1	2
exposed_validation	HG01433	CLM43	AMR	anchored_hprc_asian	DRB1	2	complete	1	1	1	2
exposed_validation	HG01433	CLM43	AMR	anchored_hprc_asian	DRB1	4	complete	0	0	0	0
exposed_validation	HG01884	BB03	AFR	T1K	A	2	complete	1	1	1	2
exposed_validation	HG01884	BB03	AFR	T1K	A	4	complete	1	1	1	2
exposed_validation	HG01884	BB03	AFR	T1K	B	2	complete	1	1	1	2
exposed_validation	HG01884	BB03	AFR	T1K	B	4	complete	0	0	0	0
exposed_validation	HG01884	BB03	AFR	T1K	C	2	complete	1	1	1	2
exposed_validation	HG01884	BB03	AFR	T1K	C	4	complete	0	0	0	0
exposed_validation	HG01884	BB03	AFR	T1K	DPA1	2	complete	1	1	1	2
exposed_validation	HG01884	BB03	AFR	T1K	DPA1	4	complete	1	1	0	0
exposed_validation	HG01884	BB03	AFR	T1K	DPB1	2	complete	1	1	1	2
exposed_validation	HG01884	BB03	AFR	T1K	DPB1	4	complete	0	0	0	0
exposed_validation	HG01884	BB03	AFR	T1K	DQA1	2	complete	1	1	1	2
exposed_validation	HG01884	BB03	AFR	T1K	DQA1	4	complete	0	0	0	0
exposed_validation	HG01884	BB03	AFR	T1K	DQB1	2	complete	1	1	1	2
exposed_validation	HG01884	BB03	AFR	T1K	DQB1	4	complete	1	1	0	1
exposed_validation	HG01884	BB03	AFR	T1K	DRB1	2	complete	1	1	1	2
exposed_validation	HG01884	BB03	AFR	T1K	DRB1	4	complete	0	0	0	0
exposed_validation	HG01884	BB03	AFR	anchored_ipd_genome	A	2	complete	1	1	1	2
exposed_validation	HG01884	BB03	AFR	anchored_ipd_genome	A	4	complete	1	1	1	2
exposed_validation	HG01884	BB03	AFR	anchored_ipd_genome	B	2	complete	1	1	1	2
exposed_validation	HG01884	BB03	AFR	anchored_ipd_genome	B	4	complete	0	0	0	0
exposed_validation	HG01884	BB03	AFR	anchored_ipd_genome	C	2	complete	1	1	1	2
exposed_validation	HG01884	BB03	AFR	anchored_ipd_genome	C	4	complete	0	0	0	0
exposed_validation	HG01884	BB03	AFR	anchored_ipd_genome	DPA1	2	complete	1	1	1	2
exposed_validation	HG01884	BB03	AFR	anchored_ipd_genome	DPA1	4	complete	1	1	1	2
exposed_validation	HG01884	BB03	AFR	anchored_ipd_genome	DPB1	2	complete	1	1	1	2
exposed_validation	HG01884	BB03	AFR	anchored_ipd_genome	DPB1	4	complete	0	0	0	0
exposed_validation	HG01884	BB03	AFR	anchored_ipd_genome	DQA1	2	complete	1	1	1	2
exposed_validation	HG01884	BB03	AFR	anchored_ipd_genome	DQA1	4	complete	0	0	0	0
exposed_validation	HG01884	BB03	AFR	anchored_ipd_genome	DQB1	2	complete	1	1	1	2
exposed_validation	HG01884	BB03	AFR	anchored_ipd_genome	DQB1	4	complete	1	1	1	2
exposed_validation	HG01884	BB03	AFR	anchored_ipd_genome	DRB1	2	complete	1	1	1	2
exposed_validation	HG01884	BB03	AFR	anchored_ipd_genome	DRB1	4	complete	0	0	0	0
exposed_validation	HG01884	BB03	AFR	anchored_hprc	A	2	complete	1	1	1	2
exposed_validation	HG01884	BB03	AFR	anchored_hprc	A	4	complete	1	1	1	2
exposed_validation	HG01884	BB03	AFR	anchored_hprc	B	2	complete	1	1	1	2
exposed_validation	HG01884	BB03	AFR	anchored_hprc	B	4	complete	0	0	0	0
exposed_validation	HG01884	BB03	AFR	anchored_hprc	C	2	complete	1	1	1	2
exposed_validation	HG01884	BB03	AFR	anchored_hprc	C	4	complete	0	0	0	0
exposed_validation	HG01884	BB03	AFR	anchored_hprc	DPA1	2	complete	1	1	1	2
exposed_validation	HG01884	BB03	AFR	anchored_hprc	DPA1	4	complete	1	1	1	2
exposed_validation	HG01884	BB03	AFR	anchored_hprc	DPB1	2	complete	1	1	1	2
exposed_validation	HG01884	BB03	AFR	anchored_hprc	DPB1	4	complete	0	0	0	0
exposed_validation	HG01884	BB03	AFR	anchored_hprc	DQA1	2	complete	1	1	1	2
exposed_validation	HG01884	BB03	AFR	anchored_hprc	DQA1	4	complete	0	0	0	0
exposed_validation	HG01884	BB03	AFR	anchored_hprc	DQB1	2	complete	1	1	1	2
exposed_validation	HG01884	BB03	AFR	anchored_hprc	DQB1	4	complete	1	1	1	2
exposed_validation	HG01884	BB03	AFR	anchored_hprc	DRB1	2	complete	1	1	1	2
exposed_validation	HG01884	BB03	AFR	anchored_hprc	DRB1	4	complete	0	0	0	0
exposed_validation	HG01884	BB03	AFR	anchored_hprc_asian	A	2	complete	1	1	1	2
exposed_validation	HG01884	BB03	AFR	anchored_hprc_asian	A	4	complete	1	1	1	2
exposed_validation	HG01884	BB03	AFR	anchored_hprc_asian	B	2	complete	1	1	1	2
exposed_validation	HG01884	BB03	AFR	anchored_hprc_asian	B	4	complete	0	0	0	0
exposed_validation	HG01884	BB03	AFR	anchored_hprc_asian	C	2	complete	1	1	1	2
exposed_validation	HG01884	BB03	AFR	anchored_hprc_asian	C	4	complete	0	0	0	0
exposed_validation	HG01884	BB03	AFR	anchored_hprc_asian	DPA1	2	complete	1	1	1	2
exposed_validation	HG01884	BB03	AFR	anchored_hprc_asian	DPA1	4	complete	1	1	1	2
exposed_validation	HG01884	BB03	AFR	anchored_hprc_asian	DPB1	2	complete	1	1	1	2
exposed_validation	HG01884	BB03	AFR	anchored_hprc_asian	DPB1	4	complete	0	0	0	0
exposed_validation	HG01884	BB03	AFR	anchored_hprc_asian	DQA1	2	complete	1	1	1	2
exposed_validation	HG01884	BB03	AFR	anchored_hprc_asian	DQA1	4	complete	0	0	0	0
exposed_validation	HG01884	BB03	AFR	anchored_hprc_asian	DQB1	2	complete	1	1	1	2
exposed_validation	HG01884	BB03	AFR	anchored_hprc_asian	DQB1	4	complete	1	1	1	2
exposed_validation	HG01884	BB03	AFR	anchored_hprc_asian	DRB1	2	complete	1	1	1	2
exposed_validation	HG01884	BB03	AFR	anchored_hprc_asian	DRB1	4	complete	0	0	0	0
exposed_validation	HG01891	BB05	AFR	T1K	A	2	complete	1	1	1	2
exposed_validation	HG01891	BB05	AFR	T1K	A	4	complete	1	1	1	2
exposed_validation	HG01891	BB05	AFR	T1K	B	2	complete	1	1	1	2
exposed_validation	HG01891	BB05	AFR	T1K	B	4	complete	1	1	0	1
exposed_validation	HG01891	BB05	AFR	T1K	C	2	complete	1	1	1	2
exposed_validation	HG01891	BB05	AFR	T1K	C	4	complete	0	0	0	0
exposed_validation	HG01891	BB05	AFR	T1K	DPA1	2	complete	1	1	1	2
exposed_validation	HG01891	BB05	AFR	T1K	DPA1	4	complete	0	0	0	0
exposed_validation	HG01891	BB05	AFR	T1K	DPB1	2	complete	1	1	1	2
exposed_validation	HG01891	BB05	AFR	T1K	DPB1	4	complete	1	1	0	1
exposed_validation	HG01891	BB05	AFR	T1K	DQA1	2	complete	1	1	1	2
exposed_validation	HG01891	BB05	AFR	T1K	DQA1	4	complete	1	1	0	1
exposed_validation	HG01891	BB05	AFR	T1K	DQB1	2	complete	1	1	1	2
exposed_validation	HG01891	BB05	AFR	T1K	DQB1	4	complete	1	1	1	2
exposed_validation	HG01891	BB05	AFR	T1K	DRB1	2	complete	1	1	1	2
exposed_validation	HG01891	BB05	AFR	T1K	DRB1	4	complete	0	0	0	0
exposed_validation	HG01891	BB05	AFR	anchored_ipd_genome	A	2	complete	1	1	1	2
exposed_validation	HG01891	BB05	AFR	anchored_ipd_genome	A	4	complete	1	1	1	2
exposed_validation	HG01891	BB05	AFR	anchored_ipd_genome	B	2	complete	1	1	1	2
exposed_validation	HG01891	BB05	AFR	anchored_ipd_genome	B	4	complete	1	1	0	1
exposed_validation	HG01891	BB05	AFR	anchored_ipd_genome	C	2	complete	1	1	1	2
exposed_validation	HG01891	BB05	AFR	anchored_ipd_genome	C	4	complete	0	0	0	0
exposed_validation	HG01891	BB05	AFR	anchored_ipd_genome	DPA1	2	complete	1	1	1	2
exposed_validation	HG01891	BB05	AFR	anchored_ipd_genome	DPA1	4	complete	0	0	0	0
exposed_validation	HG01891	BB05	AFR	anchored_ipd_genome	DPB1	2	complete	1	1	1	2
exposed_validation	HG01891	BB05	AFR	anchored_ipd_genome	DPB1	4	complete	1	1	1	2
exposed_validation	HG01891	BB05	AFR	anchored_ipd_genome	DQA1	2	complete	1	1	1	2
exposed_validation	HG01891	BB05	AFR	anchored_ipd_genome	DQA1	4	complete	1	1	0	1
exposed_validation	HG01891	BB05	AFR	anchored_ipd_genome	DQB1	2	complete	1	1	1	2
exposed_validation	HG01891	BB05	AFR	anchored_ipd_genome	DQB1	4	complete	1	1	1	2
exposed_validation	HG01891	BB05	AFR	anchored_ipd_genome	DRB1	2	complete	1	1	1	2
exposed_validation	HG01891	BB05	AFR	anchored_ipd_genome	DRB1	4	complete	0	0	0	0
exposed_validation	HG01891	BB05	AFR	anchored_hprc	A	2	complete	1	1	1	2
exposed_validation	HG01891	BB05	AFR	anchored_hprc	A	4	complete	1	1	1	2
exposed_validation	HG01891	BB05	AFR	anchored_hprc	B	2	complete	1	1	1	2
exposed_validation	HG01891	BB05	AFR	anchored_hprc	B	4	complete	1	1	0	1
exposed_validation	HG01891	BB05	AFR	anchored_hprc	C	2	complete	1	1	1	2
exposed_validation	HG01891	BB05	AFR	anchored_hprc	C	4	complete	0	0	0	0
exposed_validation	HG01891	BB05	AFR	anchored_hprc	DPA1	2	complete	1	1	1	2
exposed_validation	HG01891	BB05	AFR	anchored_hprc	DPA1	4	complete	0	0	0	0
exposed_validation	HG01891	BB05	AFR	anchored_hprc	DPB1	2	complete	1	1	1	2
exposed_validation	HG01891	BB05	AFR	anchored_hprc	DPB1	4	complete	1	1	1	2
exposed_validation	HG01891	BB05	AFR	anchored_hprc	DQA1	2	complete	1	1	1	2
exposed_validation	HG01891	BB05	AFR	anchored_hprc	DQA1	4	complete	1	1	0	1
exposed_validation	HG01891	BB05	AFR	anchored_hprc	DQB1	2	complete	1	1	1	2
exposed_validation	HG01891	BB05	AFR	anchored_hprc	DQB1	4	complete	1	1	1	2
exposed_validation	HG01891	BB05	AFR	anchored_hprc	DRB1	2	complete	1	1	1	2
exposed_validation	HG01891	BB05	AFR	anchored_hprc	DRB1	4	complete	0	0	0	0
exposed_validation	HG01891	BB05	AFR	anchored_hprc_asian	A	2	complete	1	1	1	2
exposed_validation	HG01891	BB05	AFR	anchored_hprc_asian	A	4	complete	1	1	1	2
exposed_validation	HG01891	BB05	AFR	anchored_hprc_asian	B	2	complete	1	1	1	2
exposed_validation	HG01891	BB05	AFR	anchored_hprc_asian	B	4	complete	1	1	0	1
exposed_validation	HG01891	BB05	AFR	anchored_hprc_asian	C	2	complete	1	1	1	2
exposed_validation	HG01891	BB05	AFR	anchored_hprc_asian	C	4	complete	0	0	0	0
exposed_validation	HG01891	BB05	AFR	anchored_hprc_asian	DPA1	2	complete	1	1	1	2
exposed_validation	HG01891	BB05	AFR	anchored_hprc_asian	DPA1	4	complete	0	0	0	0
exposed_validation	HG01891	BB05	AFR	anchored_hprc_asian	DPB1	2	complete	1	1	1	2
exposed_validation	HG01891	BB05	AFR	anchored_hprc_asian	DPB1	4	complete	1	1	1	2
exposed_validation	HG01891	BB05	AFR	anchored_hprc_asian	DQA1	2	complete	1	1	1	2
exposed_validation	HG01891	BB05	AFR	anchored_hprc_asian	DQA1	4	complete	1	1	0	1
exposed_validation	HG01891	BB05	AFR	anchored_hprc_asian	DQB1	2	complete	1	1	1	2
exposed_validation	HG01891	BB05	AFR	anchored_hprc_asian	DQB1	4	complete	1	1	1	2
exposed_validation	HG01891	BB05	AFR	anchored_hprc_asian	DRB1	2	complete	1	1	1	2
exposed_validation	HG01891	BB05	AFR	anchored_hprc_asian	DRB1	4	complete	0	0	0	0
exposed_validation	HG01928	PEL011	AMR	T1K	A	2	complete	1	1	1	2
exposed_validation	HG01928	PEL011	AMR	T1K	A	4	complete	1	1	1	2
exposed_validation	HG01928	PEL011	AMR	T1K	B	2	complete	1	1	1	2
exposed_validation	HG01928	PEL011	AMR	T1K	B	4	complete	0	0	0	0
exposed_validation	HG01928	PEL011	AMR	T1K	C	2	complete	1	1	1	2
exposed_validation	HG01928	PEL011	AMR	T1K	C	4	complete	1	1	0	0
exposed_validation	HG01928	PEL011	AMR	T1K	DPA1	2	complete	1	1	1	2
exposed_validation	HG01928	PEL011	AMR	T1K	DPA1	4	complete	1	1	0	1
exposed_validation	HG01928	PEL011	AMR	T1K	DPB1	2	complete	1	1	1	2
exposed_validation	HG01928	PEL011	AMR	T1K	DPB1	4	complete	1	1	0	1
exposed_validation	HG01928	PEL011	AMR	T1K	DQA1	2	complete	1	1	1	2
exposed_validation	HG01928	PEL011	AMR	T1K	DQA1	4	complete	1	1	1	2
exposed_validation	HG01928	PEL011	AMR	T1K	DQB1	2	complete	1	1	1	2
exposed_validation	HG01928	PEL011	AMR	T1K	DQB1	4	complete	1	1	0	1
exposed_validation	HG01928	PEL011	AMR	T1K	DRB1	2	complete	1	1	1	2
exposed_validation	HG01928	PEL011	AMR	T1K	DRB1	4	complete	0	0	0	0
exposed_validation	HG01928	PEL011	AMR	anchored_ipd_genome	A	2	complete	1	1	1	2
exposed_validation	HG01928	PEL011	AMR	anchored_ipd_genome	A	4	complete	1	1	1	2
exposed_validation	HG01928	PEL011	AMR	anchored_ipd_genome	B	2	complete	1	1	1	2
exposed_validation	HG01928	PEL011	AMR	anchored_ipd_genome	B	4	complete	0	0	0	0
exposed_validation	HG01928	PEL011	AMR	anchored_ipd_genome	C	2	complete	1	1	1	2
exposed_validation	HG01928	PEL011	AMR	anchored_ipd_genome	C	4	complete	1	1	1	2
exposed_validation	HG01928	PEL011	AMR	anchored_ipd_genome	DPA1	2	complete	1	1	1	2
exposed_validation	HG01928	PEL011	AMR	anchored_ipd_genome	DPA1	4	complete	1	1	1	2
exposed_validation	HG01928	PEL011	AMR	anchored_ipd_genome	DPB1	2	complete	1	1	1	2
exposed_validation	HG01928	PEL011	AMR	anchored_ipd_genome	DPB1	4	complete	1	1	1	2
exposed_validation	HG01928	PEL011	AMR	anchored_ipd_genome	DQA1	2	complete	1	1	1	2
exposed_validation	HG01928	PEL011	AMR	anchored_ipd_genome	DQA1	4	complete	1	1	1	2
exposed_validation	HG01928	PEL011	AMR	anchored_ipd_genome	DQB1	2	complete	1	1	1	2
exposed_validation	HG01928	PEL011	AMR	anchored_ipd_genome	DQB1	4	complete	1	1	1	2
exposed_validation	HG01928	PEL011	AMR	anchored_ipd_genome	DRB1	2	complete	1	1	1	2
exposed_validation	HG01928	PEL011	AMR	anchored_ipd_genome	DRB1	4	complete	0	0	0	0
exposed_validation	HG01928	PEL011	AMR	anchored_hprc	A	2	complete	1	1	1	2
exposed_validation	HG01928	PEL011	AMR	anchored_hprc	A	4	complete	1	1	1	2
exposed_validation	HG01928	PEL011	AMR	anchored_hprc	B	2	complete	1	1	1	2
exposed_validation	HG01928	PEL011	AMR	anchored_hprc	B	4	complete	0	0	0	0
exposed_validation	HG01928	PEL011	AMR	anchored_hprc	C	2	complete	1	1	1	2
exposed_validation	HG01928	PEL011	AMR	anchored_hprc	C	4	complete	1	1	1	2
exposed_validation	HG01928	PEL011	AMR	anchored_hprc	DPA1	2	complete	1	1	1	2
exposed_validation	HG01928	PEL011	AMR	anchored_hprc	DPA1	4	complete	1	1	1	2
exposed_validation	HG01928	PEL011	AMR	anchored_hprc	DPB1	2	complete	1	1	1	2
exposed_validation	HG01928	PEL011	AMR	anchored_hprc	DPB1	4	complete	1	1	1	2
exposed_validation	HG01928	PEL011	AMR	anchored_hprc	DQA1	2	complete	1	1	1	2
exposed_validation	HG01928	PEL011	AMR	anchored_hprc	DQA1	4	complete	1	1	1	2
exposed_validation	HG01928	PEL011	AMR	anchored_hprc	DQB1	2	complete	1	1	1	2
exposed_validation	HG01928	PEL011	AMR	anchored_hprc	DQB1	4	complete	1	1	1	2
exposed_validation	HG01928	PEL011	AMR	anchored_hprc	DRB1	2	complete	1	1	1	2
exposed_validation	HG01928	PEL011	AMR	anchored_hprc	DRB1	4	complete	0	0	0	0
exposed_validation	HG01928	PEL011	AMR	anchored_hprc_asian	A	2	complete	1	1	1	2
exposed_validation	HG01928	PEL011	AMR	anchored_hprc_asian	A	4	complete	1	1	1	2
exposed_validation	HG01928	PEL011	AMR	anchored_hprc_asian	B	2	complete	1	1	1	2
exposed_validation	HG01928	PEL011	AMR	anchored_hprc_asian	B	4	complete	0	0	0	0
exposed_validation	HG01928	PEL011	AMR	anchored_hprc_asian	C	2	complete	1	1	1	2
exposed_validation	HG01928	PEL011	AMR	anchored_hprc_asian	C	4	complete	1	1	1	2
exposed_validation	HG01928	PEL011	AMR	anchored_hprc_asian	DPA1	2	complete	1	1	1	2
exposed_validation	HG01928	PEL011	AMR	anchored_hprc_asian	DPA1	4	complete	1	1	1	2
exposed_validation	HG01928	PEL011	AMR	anchored_hprc_asian	DPB1	2	complete	1	1	1	2
exposed_validation	HG01928	PEL011	AMR	anchored_hprc_asian	DPB1	4	complete	1	1	1	2
exposed_validation	HG01928	PEL011	AMR	anchored_hprc_asian	DQA1	2	complete	1	1	1	2
exposed_validation	HG01928	PEL011	AMR	anchored_hprc_asian	DQA1	4	complete	1	1	1	2
exposed_validation	HG01928	PEL011	AMR	anchored_hprc_asian	DQB1	2	complete	1	1	1	2
exposed_validation	HG01928	PEL011	AMR	anchored_hprc_asian	DQB1	4	complete	1	1	1	2
exposed_validation	HG01928	PEL011	AMR	anchored_hprc_asian	DRB1	2	complete	1	1	1	2
exposed_validation	HG01928	PEL011	AMR	anchored_hprc_asian	DRB1	4	complete	0	0	0	0
exposed_validation	HG01934	PEL013	AMR	T1K	A	2	complete	1	1	1	2
exposed_validation	HG01934	PEL013	AMR	T1K	A	4	complete	0	0	0	0
exposed_validation	HG01934	PEL013	AMR	T1K	B	2	complete	1	1	1	2
exposed_validation	HG01934	PEL013	AMR	T1K	B	4	complete	0	0	0	0
exposed_validation	HG01934	PEL013	AMR	T1K	C	2	complete	1	1	1	2
exposed_validation	HG01934	PEL013	AMR	T1K	C	4	complete	0	0	0	0
exposed_validation	HG01934	PEL013	AMR	T1K	DPA1	2	complete	1	1	1	2
exposed_validation	HG01934	PEL013	AMR	T1K	DPA1	4	complete	0	0	0	0
exposed_validation	HG01934	PEL013	AMR	T1K	DPB1	2	complete	1	1	1	2
exposed_validation	HG01934	PEL013	AMR	T1K	DPB1	4	complete	1	1	1	2
exposed_validation	HG01934	PEL013	AMR	T1K	DQA1	2	complete	1	1	1	2
exposed_validation	HG01934	PEL013	AMR	T1K	DQA1	4	complete	0	0	0	0
exposed_validation	HG01934	PEL013	AMR	T1K	DQB1	2	complete	1	1	1	2
exposed_validation	HG01934	PEL013	AMR	T1K	DQB1	4	complete	1	1	1	2
exposed_validation	HG01934	PEL013	AMR	T1K	DRB1	2	complete	1	1	1	2
exposed_validation	HG01934	PEL013	AMR	T1K	DRB1	4	complete	0	0	0	0
exposed_validation	HG01934	PEL013	AMR	anchored_ipd_genome	A	2	complete	1	1	1	2
exposed_validation	HG01934	PEL013	AMR	anchored_ipd_genome	A	4	complete	0	0	0	0
exposed_validation	HG01934	PEL013	AMR	anchored_ipd_genome	B	2	complete	1	1	1	2
exposed_validation	HG01934	PEL013	AMR	anchored_ipd_genome	B	4	complete	0	0	0	0
exposed_validation	HG01934	PEL013	AMR	anchored_ipd_genome	C	2	complete	1	1	1	2
exposed_validation	HG01934	PEL013	AMR	anchored_ipd_genome	C	4	complete	0	0	0	0
exposed_validation	HG01934	PEL013	AMR	anchored_ipd_genome	DPA1	2	complete	1	1	1	2
exposed_validation	HG01934	PEL013	AMR	anchored_ipd_genome	DPA1	4	complete	0	0	0	0
exposed_validation	HG01934	PEL013	AMR	anchored_ipd_genome	DPB1	2	complete	1	1	1	2
exposed_validation	HG01934	PEL013	AMR	anchored_ipd_genome	DPB1	4	complete	1	1	1	2
exposed_validation	HG01934	PEL013	AMR	anchored_ipd_genome	DQA1	2	complete	1	1	1	2
exposed_validation	HG01934	PEL013	AMR	anchored_ipd_genome	DQA1	4	complete	0	0	0	0
exposed_validation	HG01934	PEL013	AMR	anchored_ipd_genome	DQB1	2	complete	1	1	1	2
exposed_validation	HG01934	PEL013	AMR	anchored_ipd_genome	DQB1	4	complete	1	1	1	2
exposed_validation	HG01934	PEL013	AMR	anchored_ipd_genome	DRB1	2	complete	1	1	1	2
exposed_validation	HG01934	PEL013	AMR	anchored_ipd_genome	DRB1	4	complete	0	0	0	0
exposed_validation	HG01934	PEL013	AMR	anchored_hprc	A	2	complete	1	1	1	2
exposed_validation	HG01934	PEL013	AMR	anchored_hprc	A	4	complete	0	0	0	0
exposed_validation	HG01934	PEL013	AMR	anchored_hprc	B	2	complete	1	1	1	2
exposed_validation	HG01934	PEL013	AMR	anchored_hprc	B	4	complete	0	0	0	0
exposed_validation	HG01934	PEL013	AMR	anchored_hprc	C	2	complete	1	1	1	2
exposed_validation	HG01934	PEL013	AMR	anchored_hprc	C	4	complete	0	0	0	0
exposed_validation	HG01934	PEL013	AMR	anchored_hprc	DPA1	2	complete	1	1	1	2
exposed_validation	HG01934	PEL013	AMR	anchored_hprc	DPA1	4	complete	0	0	0	0
exposed_validation	HG01934	PEL013	AMR	anchored_hprc	DPB1	2	complete	1	1	1	2
exposed_validation	HG01934	PEL013	AMR	anchored_hprc	DPB1	4	complete	1	1	1	2
exposed_validation	HG01934	PEL013	AMR	anchored_hprc	DQA1	2	complete	1	1	1	2
exposed_validation	HG01934	PEL013	AMR	anchored_hprc	DQA1	4	complete	0	0	0	0
exposed_validation	HG01934	PEL013	AMR	anchored_hprc	DQB1	2	complete	1	1	1	2
exposed_validation	HG01934	PEL013	AMR	anchored_hprc	DQB1	4	complete	1	1	1	2
exposed_validation	HG01934	PEL013	AMR	anchored_hprc	DRB1	2	complete	1	1	1	2
exposed_validation	HG01934	PEL013	AMR	anchored_hprc	DRB1	4	complete	0	0	0	0
exposed_validation	HG01934	PEL013	AMR	anchored_hprc_asian	A	2	complete	1	1	1	2
exposed_validation	HG01934	PEL013	AMR	anchored_hprc_asian	A	4	complete	0	0	0	0
exposed_validation	HG01934	PEL013	AMR	anchored_hprc_asian	B	2	complete	1	1	1	2
exposed_validation	HG01934	PEL013	AMR	anchored_hprc_asian	B	4	complete	0	0	0	0
exposed_validation	HG01934	PEL013	AMR	anchored_hprc_asian	C	2	complete	1	1	1	2
exposed_validation	HG01934	PEL013	AMR	anchored_hprc_asian	C	4	complete	0	0	0	0
exposed_validation	HG01934	PEL013	AMR	anchored_hprc_asian	DPA1	2	complete	1	1	1	2
exposed_validation	HG01934	PEL013	AMR	anchored_hprc_asian	DPA1	4	complete	0	0	0	0
exposed_validation	HG01934	PEL013	AMR	anchored_hprc_asian	DPB1	2	complete	1	1	1	2
exposed_validation	HG01934	PEL013	AMR	anchored_hprc_asian	DPB1	4	complete	1	1	1	2
exposed_validation	HG01934	PEL013	AMR	anchored_hprc_asian	DQA1	2	complete	1	1	1	2
exposed_validation	HG01934	PEL013	AMR	anchored_hprc_asian	DQA1	4	complete	0	0	0	0
exposed_validation	HG01934	PEL013	AMR	anchored_hprc_asian	DQB1	2	complete	1	1	1	2
exposed_validation	HG01934	PEL013	AMR	anchored_hprc_asian	DQB1	4	complete	1	1	1	2
exposed_validation	HG01934	PEL013	AMR	anchored_hprc_asian	DRB1	2	complete	1	1	1	2
exposed_validation	HG01934	PEL013	AMR	anchored_hprc_asian	DRB1	4	complete	0	0	0	0
exposed_validation	HG01940	PEL015	AMR	T1K	A	2	complete	1	1	1	2
exposed_validation	HG01940	PEL015	AMR	T1K	A	4	complete	1	1	1	2
exposed_validation	HG01940	PEL015	AMR	T1K	B	2	complete	1	1	1	2
exposed_validation	HG01940	PEL015	AMR	T1K	B	4	complete	0	0	0	0
exposed_validation	HG01940	PEL015	AMR	T1K	C	2	complete	1	1	1	2
exposed_validation	HG01940	PEL015	AMR	T1K	C	4	complete	1	1	0	1
exposed_validation	HG01940	PEL015	AMR	T1K	DPA1	2	complete	1	1	1	2
exposed_validation	HG01940	PEL015	AMR	T1K	DPA1	4	complete	0	0	0	0
exposed_validation	HG01940	PEL015	AMR	T1K	DPB1	2	complete	1	1	1	2
exposed_validation	HG01940	PEL015	AMR	T1K	DPB1	4	complete	1	1	0	1
exposed_validation	HG01940	PEL015	AMR	T1K	DQA1	2	complete	1	1	1	2
exposed_validation	HG01940	PEL015	AMR	T1K	DQA1	4	complete	0	0	0	0
exposed_validation	HG01940	PEL015	AMR	T1K	DQB1	2	complete	1	1	0	1
exposed_validation	HG01940	PEL015	AMR	T1K	DQB1	4	complete	1	0	0	0
exposed_validation	HG01940	PEL015	AMR	T1K	DRB1	2	complete	1	1	1	2
exposed_validation	HG01940	PEL015	AMR	T1K	DRB1	4	complete	0	0	0	0
exposed_validation	HG01940	PEL015	AMR	anchored_ipd_genome	A	2	complete	1	1	1	2
exposed_validation	HG01940	PEL015	AMR	anchored_ipd_genome	A	4	complete	1	1	1	2
exposed_validation	HG01940	PEL015	AMR	anchored_ipd_genome	B	2	complete	1	1	1	2
exposed_validation	HG01940	PEL015	AMR	anchored_ipd_genome	B	4	complete	0	0	0	0
exposed_validation	HG01940	PEL015	AMR	anchored_ipd_genome	C	2	complete	1	1	1	2
exposed_validation	HG01940	PEL015	AMR	anchored_ipd_genome	C	4	complete	1	1	1	2
exposed_validation	HG01940	PEL015	AMR	anchored_ipd_genome	DPA1	2	complete	1	1	1	2
exposed_validation	HG01940	PEL015	AMR	anchored_ipd_genome	DPA1	4	complete	0	0	0	0
exposed_validation	HG01940	PEL015	AMR	anchored_ipd_genome	DPB1	2	complete	1	1	1	2
exposed_validation	HG01940	PEL015	AMR	anchored_ipd_genome	DPB1	4	complete	1	1	1	2
exposed_validation	HG01940	PEL015	AMR	anchored_ipd_genome	DQA1	2	complete	1	1	1	2
exposed_validation	HG01940	PEL015	AMR	anchored_ipd_genome	DQA1	4	complete	0	0	0	0
exposed_validation	HG01940	PEL015	AMR	anchored_ipd_genome	DQB1	2	complete	1	1	0	1
exposed_validation	HG01940	PEL015	AMR	anchored_ipd_genome	DQB1	4	complete	1	0	0	0
exposed_validation	HG01940	PEL015	AMR	anchored_ipd_genome	DRB1	2	complete	1	1	1	2
exposed_validation	HG01940	PEL015	AMR	anchored_ipd_genome	DRB1	4	complete	0	0	0	0
exposed_validation	HG01940	PEL015	AMR	anchored_hprc	A	2	complete	1	1	1	2
exposed_validation	HG01940	PEL015	AMR	anchored_hprc	A	4	complete	1	1	1	2
exposed_validation	HG01940	PEL015	AMR	anchored_hprc	B	2	complete	1	1	1	2
exposed_validation	HG01940	PEL015	AMR	anchored_hprc	B	4	complete	0	0	0	0
exposed_validation	HG01940	PEL015	AMR	anchored_hprc	C	2	complete	1	1	1	2
exposed_validation	HG01940	PEL015	AMR	anchored_hprc	C	4	complete	1	1	1	2
exposed_validation	HG01940	PEL015	AMR	anchored_hprc	DPA1	2	complete	1	1	1	2
exposed_validation	HG01940	PEL015	AMR	anchored_hprc	DPA1	4	complete	0	0	0	0
exposed_validation	HG01940	PEL015	AMR	anchored_hprc	DPB1	2	complete	1	1	1	2
exposed_validation	HG01940	PEL015	AMR	anchored_hprc	DPB1	4	complete	1	1	1	2
exposed_validation	HG01940	PEL015	AMR	anchored_hprc	DQA1	2	complete	1	1	1	2
exposed_validation	HG01940	PEL015	AMR	anchored_hprc	DQA1	4	complete	0	0	0	0
exposed_validation	HG01940	PEL015	AMR	anchored_hprc	DQB1	2	complete	1	1	0	1
exposed_validation	HG01940	PEL015	AMR	anchored_hprc	DQB1	4	complete	1	0	0	0
exposed_validation	HG01940	PEL015	AMR	anchored_hprc	DRB1	2	complete	1	1	1	2
exposed_validation	HG01940	PEL015	AMR	anchored_hprc	DRB1	4	complete	0	0	0	0
exposed_validation	HG01940	PEL015	AMR	anchored_hprc_asian	A	2	complete	1	1	1	2
exposed_validation	HG01940	PEL015	AMR	anchored_hprc_asian	A	4	complete	1	1	1	2
exposed_validation	HG01940	PEL015	AMR	anchored_hprc_asian	B	2	complete	1	1	1	2
exposed_validation	HG01940	PEL015	AMR	anchored_hprc_asian	B	4	complete	0	0	0	0
exposed_validation	HG01940	PEL015	AMR	anchored_hprc_asian	C	2	complete	1	1	1	2
exposed_validation	HG01940	PEL015	AMR	anchored_hprc_asian	C	4	complete	1	1	1	2
exposed_validation	HG01940	PEL015	AMR	anchored_hprc_asian	DPA1	2	complete	1	1	1	2
exposed_validation	HG01940	PEL015	AMR	anchored_hprc_asian	DPA1	4	complete	0	0	0	0
exposed_validation	HG01940	PEL015	AMR	anchored_hprc_asian	DPB1	2	complete	1	1	1	2
exposed_validation	HG01940	PEL015	AMR	anchored_hprc_asian	DPB1	4	complete	1	1	1	2
exposed_validation	HG01940	PEL015	AMR	anchored_hprc_asian	DQA1	2	complete	1	1	1	2
exposed_validation	HG01940	PEL015	AMR	anchored_hprc_asian	DQA1	4	complete	0	0	0	0
exposed_validation	HG01940	PEL015	AMR	anchored_hprc_asian	DQB1	2	complete	1	1	0	1
exposed_validation	HG01940	PEL015	AMR	anchored_hprc_asian	DQB1	4	complete	1	0	0	0
exposed_validation	HG01940	PEL015	AMR	anchored_hprc_asian	DRB1	2	complete	1	1	1	2
exposed_validation	HG01940	PEL015	AMR	anchored_hprc_asian	DRB1	4	complete	0	0	0	0
exposed_validation	HG01943	PEL016	AMR	T1K	A	2	complete	1	1	1	2
exposed_validation	HG01943	PEL016	AMR	T1K	A	4	complete	1	1	1	2
exposed_validation	HG01943	PEL016	AMR	T1K	B	2	complete	1	1	1	2
exposed_validation	HG01943	PEL016	AMR	T1K	B	4	complete	0	0	0	0
exposed_validation	HG01943	PEL016	AMR	T1K	C	2	complete	1	1	1	2
exposed_validation	HG01943	PEL016	AMR	T1K	C	4	complete	1	1	0	0
exposed_validation	HG01943	PEL016	AMR	T1K	DPA1	2	complete	1	1	1	2
exposed_validation	HG01943	PEL016	AMR	T1K	DPA1	4	complete	1	1	0	1
exposed_validation	HG01943	PEL016	AMR	T1K	DPB1	2	complete	1	1	1	2
exposed_validation	HG01943	PEL016	AMR	T1K	DPB1	4	complete	0	0	0	0
exposed_validation	HG01943	PEL016	AMR	T1K	DQA1	2	complete	1	1	1	2
exposed_validation	HG01943	PEL016	AMR	T1K	DQA1	4	complete	1	1	1	2
exposed_validation	HG01943	PEL016	AMR	T1K	DQB1	2	complete	1	1	1	2
exposed_validation	HG01943	PEL016	AMR	T1K	DQB1	4	complete	1	1	0	1
exposed_validation	HG01943	PEL016	AMR	T1K	DRB1	2	complete	0	0	0	0
exposed_validation	HG01943	PEL016	AMR	T1K	DRB1	4	complete	0	0	0	0
exposed_validation	HG01943	PEL016	AMR	anchored_ipd_genome	A	2	complete	1	1	1	2
exposed_validation	HG01943	PEL016	AMR	anchored_ipd_genome	A	4	complete	1	1	1	2
exposed_validation	HG01943	PEL016	AMR	anchored_ipd_genome	B	2	complete	1	1	1	2
exposed_validation	HG01943	PEL016	AMR	anchored_ipd_genome	B	4	complete	0	0	0	0
exposed_validation	HG01943	PEL016	AMR	anchored_ipd_genome	C	2	complete	1	1	1	2
exposed_validation	HG01943	PEL016	AMR	anchored_ipd_genome	C	4	complete	1	1	1	2
exposed_validation	HG01943	PEL016	AMR	anchored_ipd_genome	DPA1	2	complete	1	1	1	2
exposed_validation	HG01943	PEL016	AMR	anchored_ipd_genome	DPA1	4	complete	1	1	1	2
exposed_validation	HG01943	PEL016	AMR	anchored_ipd_genome	DPB1	2	complete	1	1	1	2
exposed_validation	HG01943	PEL016	AMR	anchored_ipd_genome	DPB1	4	complete	0	0	0	0
exposed_validation	HG01943	PEL016	AMR	anchored_ipd_genome	DQA1	2	complete	1	1	1	2
exposed_validation	HG01943	PEL016	AMR	anchored_ipd_genome	DQA1	4	complete	1	1	1	2
exposed_validation	HG01943	PEL016	AMR	anchored_ipd_genome	DQB1	2	complete	1	1	1	2
exposed_validation	HG01943	PEL016	AMR	anchored_ipd_genome	DQB1	4	complete	1	1	1	2
exposed_validation	HG01943	PEL016	AMR	anchored_ipd_genome	DRB1	2	complete	0	0	0	0
exposed_validation	HG01943	PEL016	AMR	anchored_ipd_genome	DRB1	4	complete	0	0	0	0
exposed_validation	HG01943	PEL016	AMR	anchored_hprc	A	2	complete	1	1	1	2
exposed_validation	HG01943	PEL016	AMR	anchored_hprc	A	4	complete	1	1	1	2
exposed_validation	HG01943	PEL016	AMR	anchored_hprc	B	2	complete	1	1	1	2
exposed_validation	HG01943	PEL016	AMR	anchored_hprc	B	4	complete	0	0	0	0
exposed_validation	HG01943	PEL016	AMR	anchored_hprc	C	2	complete	1	1	1	2
exposed_validation	HG01943	PEL016	AMR	anchored_hprc	C	4	complete	1	1	1	2
exposed_validation	HG01943	PEL016	AMR	anchored_hprc	DPA1	2	complete	1	1	1	2
exposed_validation	HG01943	PEL016	AMR	anchored_hprc	DPA1	4	complete	1	1	1	2
exposed_validation	HG01943	PEL016	AMR	anchored_hprc	DPB1	2	complete	1	1	1	2
exposed_validation	HG01943	PEL016	AMR	anchored_hprc	DPB1	4	complete	0	0	0	0
exposed_validation	HG01943	PEL016	AMR	anchored_hprc	DQA1	2	complete	1	1	1	2
exposed_validation	HG01943	PEL016	AMR	anchored_hprc	DQA1	4	complete	1	1	1	2
exposed_validation	HG01943	PEL016	AMR	anchored_hprc	DQB1	2	complete	1	1	1	2
exposed_validation	HG01943	PEL016	AMR	anchored_hprc	DQB1	4	complete	1	1	1	2
exposed_validation	HG01943	PEL016	AMR	anchored_hprc	DRB1	2	complete	0	0	0	0
exposed_validation	HG01943	PEL016	AMR	anchored_hprc	DRB1	4	complete	0	0	0	0
exposed_validation	HG01943	PEL016	AMR	anchored_hprc_asian	A	2	complete	1	1	1	2
exposed_validation	HG01943	PEL016	AMR	anchored_hprc_asian	A	4	complete	1	1	1	2
exposed_validation	HG01943	PEL016	AMR	anchored_hprc_asian	B	2	complete	1	1	1	2
exposed_validation	HG01943	PEL016	AMR	anchored_hprc_asian	B	4	complete	0	0	0	0
exposed_validation	HG01943	PEL016	AMR	anchored_hprc_asian	C	2	complete	1	1	1	2
exposed_validation	HG01943	PEL016	AMR	anchored_hprc_asian	C	4	complete	1	1	1	2
exposed_validation	HG01943	PEL016	AMR	anchored_hprc_asian	DPA1	2	complete	1	1	1	2
exposed_validation	HG01943	PEL016	AMR	anchored_hprc_asian	DPA1	4	complete	1	1	1	2
exposed_validation	HG01943	PEL016	AMR	anchored_hprc_asian	DPB1	2	complete	1	1	1	2
exposed_validation	HG01943	PEL016	AMR	anchored_hprc_asian	DPB1	4	complete	0	0	0	0
exposed_validation	HG01943	PEL016	AMR	anchored_hprc_asian	DQA1	2	complete	1	1	1	2
exposed_validation	HG01943	PEL016	AMR	anchored_hprc_asian	DQA1	4	complete	1	1	1	2
exposed_validation	HG01943	PEL016	AMR	anchored_hprc_asian	DQB1	2	complete	1	1	1	2
exposed_validation	HG01943	PEL016	AMR	anchored_hprc_asian	DQB1	4	complete	1	1	1	2
exposed_validation	HG01943	PEL016	AMR	anchored_hprc_asian	DRB1	2	complete	0	0	0	0
exposed_validation	HG01943	PEL016	AMR	anchored_hprc_asian	DRB1	4	complete	0	0	0	0
exposed_validation	HG01952	PEL019	AMR	T1K	A	2	complete	1	1	1	2
exposed_validation	HG01952	PEL019	AMR	T1K	A	4	complete	0	0	0	0
exposed_validation	HG01952	PEL019	AMR	T1K	B	2	complete	1	1	1	2
exposed_validation	HG01952	PEL019	AMR	T1K	B	4	complete	1	1	1	2
exposed_validation	HG01952	PEL019	AMR	T1K	C	2	complete	1	1	1	2
exposed_validation	HG01952	PEL019	AMR	T1K	C	4	complete	0	0	0	0
exposed_validation	HG01952	PEL019	AMR	T1K	DPA1	2	complete	1	1	1	2
exposed_validation	HG01952	PEL019	AMR	T1K	DPA1	4	complete	0	0	0	0
exposed_validation	HG01952	PEL019	AMR	T1K	DPB1	2	complete	1	1	1	2
exposed_validation	HG01952	PEL019	AMR	T1K	DPB1	4	complete	1	1	0	0
exposed_validation	HG01952	PEL019	AMR	T1K	DQA1	2	complete	1	1	1	2
exposed_validation	HG01952	PEL019	AMR	T1K	DQA1	4	complete	0	0	0	0
exposed_validation	HG01952	PEL019	AMR	T1K	DQB1	2	complete	1	1	1	2
exposed_validation	HG01952	PEL019	AMR	T1K	DQB1	4	complete	1	1	0	1
exposed_validation	HG01952	PEL019	AMR	T1K	DRB1	2	complete	1	1	1	2
exposed_validation	HG01952	PEL019	AMR	T1K	DRB1	4	complete	0	0	0	0
exposed_validation	HG01952	PEL019	AMR	anchored_ipd_genome	A	2	complete	1	1	1	2
exposed_validation	HG01952	PEL019	AMR	anchored_ipd_genome	A	4	complete	0	0	0	0
exposed_validation	HG01952	PEL019	AMR	anchored_ipd_genome	B	2	complete	1	1	1	2
exposed_validation	HG01952	PEL019	AMR	anchored_ipd_genome	B	4	complete	1	1	1	2
exposed_validation	HG01952	PEL019	AMR	anchored_ipd_genome	C	2	complete	1	1	1	2
exposed_validation	HG01952	PEL019	AMR	anchored_ipd_genome	C	4	complete	0	0	0	0
exposed_validation	HG01952	PEL019	AMR	anchored_ipd_genome	DPA1	2	complete	1	1	1	2
exposed_validation	HG01952	PEL019	AMR	anchored_ipd_genome	DPA1	4	complete	0	0	0	0
exposed_validation	HG01952	PEL019	AMR	anchored_ipd_genome	DPB1	2	complete	1	1	1	2
exposed_validation	HG01952	PEL019	AMR	anchored_ipd_genome	DPB1	4	complete	1	1	1	2
exposed_validation	HG01952	PEL019	AMR	anchored_ipd_genome	DQA1	2	complete	1	1	1	2
exposed_validation	HG01952	PEL019	AMR	anchored_ipd_genome	DQA1	4	complete	0	0	0	0
exposed_validation	HG01952	PEL019	AMR	anchored_ipd_genome	DQB1	2	complete	1	1	1	2
exposed_validation	HG01952	PEL019	AMR	anchored_ipd_genome	DQB1	4	complete	1	1	1	2
exposed_validation	HG01952	PEL019	AMR	anchored_ipd_genome	DRB1	2	complete	1	1	1	2
exposed_validation	HG01952	PEL019	AMR	anchored_ipd_genome	DRB1	4	complete	0	0	0	0
exposed_validation	HG01952	PEL019	AMR	anchored_hprc	A	2	complete	1	1	1	2
exposed_validation	HG01952	PEL019	AMR	anchored_hprc	A	4	complete	0	0	0	0
exposed_validation	HG01952	PEL019	AMR	anchored_hprc	B	2	complete	1	1	1	2
exposed_validation	HG01952	PEL019	AMR	anchored_hprc	B	4	complete	1	1	1	2
exposed_validation	HG01952	PEL019	AMR	anchored_hprc	C	2	complete	1	1	1	2
exposed_validation	HG01952	PEL019	AMR	anchored_hprc	C	4	complete	0	0	0	0
exposed_validation	HG01952	PEL019	AMR	anchored_hprc	DPA1	2	complete	1	1	1	2
exposed_validation	HG01952	PEL019	AMR	anchored_hprc	DPA1	4	complete	0	0	0	0
exposed_validation	HG01952	PEL019	AMR	anchored_hprc	DPB1	2	complete	1	1	1	2
exposed_validation	HG01952	PEL019	AMR	anchored_hprc	DPB1	4	complete	1	1	1	2
exposed_validation	HG01952	PEL019	AMR	anchored_hprc	DQA1	2	complete	1	1	1	2
exposed_validation	HG01952	PEL019	AMR	anchored_hprc	DQA1	4	complete	0	0	0	0
exposed_validation	HG01952	PEL019	AMR	anchored_hprc	DQB1	2	complete	1	1	1	2
exposed_validation	HG01952	PEL019	AMR	anchored_hprc	DQB1	4	complete	1	1	1	2
exposed_validation	HG01952	PEL019	AMR	anchored_hprc	DRB1	2	complete	1	1	1	2
exposed_validation	HG01952	PEL019	AMR	anchored_hprc	DRB1	4	complete	0	0	0	0
exposed_validation	HG01952	PEL019	AMR	anchored_hprc_asian	A	2	complete	1	1	1	2
exposed_validation	HG01952	PEL019	AMR	anchored_hprc_asian	A	4	complete	0	0	0	0
exposed_validation	HG01952	PEL019	AMR	anchored_hprc_asian	B	2	complete	1	1	1	2
exposed_validation	HG01952	PEL019	AMR	anchored_hprc_asian	B	4	complete	1	1	1	2
exposed_validation	HG01952	PEL019	AMR	anchored_hprc_asian	C	2	complete	1	1	1	2
exposed_validation	HG01952	PEL019	AMR	anchored_hprc_asian	C	4	complete	0	0	0	0
exposed_validation	HG01952	PEL019	AMR	anchored_hprc_asian	DPA1	2	complete	1	1	1	2
exposed_validation	HG01952	PEL019	AMR	anchored_hprc_asian	DPA1	4	complete	0	0	0	0
exposed_validation	HG01952	PEL019	AMR	anchored_hprc_asian	DPB1	2	complete	1	1	1	2
exposed_validation	HG01952	PEL019	AMR	anchored_hprc_asian	DPB1	4	complete	1	1	1	2
exposed_validation	HG01952	PEL019	AMR	anchored_hprc_asian	DQA1	2	complete	1	1	1	2
exposed_validation	HG01952	PEL019	AMR	anchored_hprc_asian	DQA1	4	complete	0	0	0	0
exposed_validation	HG01952	PEL019	AMR	anchored_hprc_asian	DQB1	2	complete	1	1	1	2
exposed_validation	HG01952	PEL019	AMR	anchored_hprc_asian	DQB1	4	complete	1	1	1	2
exposed_validation	HG01952	PEL019	AMR	anchored_hprc_asian	DRB1	2	complete	1	1	1	2
exposed_validation	HG01952	PEL019	AMR	anchored_hprc_asian	DRB1	4	complete	0	0	0	0
exposed_validation	HG01969	PEL023	AMR	T1K	A	2	complete	1	1	1	2
exposed_validation	HG01969	PEL023	AMR	T1K	A	4	complete	1	1	1	2
exposed_validation	HG01969	PEL023	AMR	T1K	B	2	complete	1	1	1	2
exposed_validation	HG01969	PEL023	AMR	T1K	B	4	complete	1	1	0	1
exposed_validation	HG01969	PEL023	AMR	T1K	C	2	complete	1	1	1	2
exposed_validation	HG01969	PEL023	AMR	T1K	C	4	complete	1	1	0	0
exposed_validation	HG01969	PEL023	AMR	T1K	DPA1	2	complete	1	1	1	2
exposed_validation	HG01969	PEL023	AMR	T1K	DPA1	4	complete	0	0	0	0
exposed_validation	HG01969	PEL023	AMR	T1K	DPB1	2	complete	1	1	1	2
exposed_validation	HG01969	PEL023	AMR	T1K	DPB1	4	complete	1	1	1	2
exposed_validation	HG01969	PEL023	AMR	T1K	DQA1	2	complete	1	1	1	2
exposed_validation	HG01969	PEL023	AMR	T1K	DQA1	4	complete	1	1	1	2
exposed_validation	HG01969	PEL023	AMR	T1K	DQB1	2	complete	1	1	1	2
exposed_validation	HG01969	PEL023	AMR	T1K	DQB1	4	complete	1	1	0	1
exposed_validation	HG01969	PEL023	AMR	T1K	DRB1	2	complete	1	1	1	2
exposed_validation	HG01969	PEL023	AMR	T1K	DRB1	4	complete	0	0	0	0
exposed_validation	HG01969	PEL023	AMR	anchored_ipd_genome	A	2	complete	1	1	1	2
exposed_validation	HG01969	PEL023	AMR	anchored_ipd_genome	A	4	complete	1	1	1	2
exposed_validation	HG01969	PEL023	AMR	anchored_ipd_genome	B	2	complete	1	1	1	2
exposed_validation	HG01969	PEL023	AMR	anchored_ipd_genome	B	4	complete	1	1	1	2
exposed_validation	HG01969	PEL023	AMR	anchored_ipd_genome	C	2	complete	1	1	1	2
exposed_validation	HG01969	PEL023	AMR	anchored_ipd_genome	C	4	complete	1	1	0	0
exposed_validation	HG01969	PEL023	AMR	anchored_ipd_genome	DPA1	2	complete	1	1	1	2
exposed_validation	HG01969	PEL023	AMR	anchored_ipd_genome	DPA1	4	complete	0	0	0	0
exposed_validation	HG01969	PEL023	AMR	anchored_ipd_genome	DPB1	2	complete	1	1	1	2
exposed_validation	HG01969	PEL023	AMR	anchored_ipd_genome	DPB1	4	complete	1	1	1	2
exposed_validation	HG01969	PEL023	AMR	anchored_ipd_genome	DQA1	2	complete	1	1	1	2
exposed_validation	HG01969	PEL023	AMR	anchored_ipd_genome	DQA1	4	complete	1	1	1	2
exposed_validation	HG01969	PEL023	AMR	anchored_ipd_genome	DQB1	2	complete	1	1	1	2
exposed_validation	HG01969	PEL023	AMR	anchored_ipd_genome	DQB1	4	complete	1	1	1	2
exposed_validation	HG01969	PEL023	AMR	anchored_ipd_genome	DRB1	2	complete	1	1	1	2
exposed_validation	HG01969	PEL023	AMR	anchored_ipd_genome	DRB1	4	complete	0	0	0	0
exposed_validation	HG01969	PEL023	AMR	anchored_hprc	A	2	complete	1	1	1	2
exposed_validation	HG01969	PEL023	AMR	anchored_hprc	A	4	complete	1	1	1	2
exposed_validation	HG01969	PEL023	AMR	anchored_hprc	B	2	complete	1	1	1	2
exposed_validation	HG01969	PEL023	AMR	anchored_hprc	B	4	complete	1	1	1	2
exposed_validation	HG01969	PEL023	AMR	anchored_hprc	C	2	complete	1	1	1	2
exposed_validation	HG01969	PEL023	AMR	anchored_hprc	C	4	complete	1	1	0	0
exposed_validation	HG01969	PEL023	AMR	anchored_hprc	DPA1	2	complete	1	1	1	2
exposed_validation	HG01969	PEL023	AMR	anchored_hprc	DPA1	4	complete	0	0	0	0
exposed_validation	HG01969	PEL023	AMR	anchored_hprc	DPB1	2	complete	1	1	1	2
exposed_validation	HG01969	PEL023	AMR	anchored_hprc	DPB1	4	complete	1	1	1	2
exposed_validation	HG01969	PEL023	AMR	anchored_hprc	DQA1	2	complete	1	1	1	2
exposed_validation	HG01969	PEL023	AMR	anchored_hprc	DQA1	4	complete	1	1	1	2
exposed_validation	HG01969	PEL023	AMR	anchored_hprc	DQB1	2	complete	1	1	1	2
exposed_validation	HG01969	PEL023	AMR	anchored_hprc	DQB1	4	complete	1	1	1	2
exposed_validation	HG01969	PEL023	AMR	anchored_hprc	DRB1	2	complete	1	1	1	2
exposed_validation	HG01969	PEL023	AMR	anchored_hprc	DRB1	4	complete	0	0	0	0
exposed_validation	HG01969	PEL023	AMR	anchored_hprc_asian	A	2	complete	1	1	1	2
exposed_validation	HG01969	PEL023	AMR	anchored_hprc_asian	A	4	complete	1	1	1	2
exposed_validation	HG01969	PEL023	AMR	anchored_hprc_asian	B	2	complete	1	1	1	2
exposed_validation	HG01969	PEL023	AMR	anchored_hprc_asian	B	4	complete	1	1	1	2
exposed_validation	HG01969	PEL023	AMR	anchored_hprc_asian	C	2	complete	1	1	1	2
exposed_validation	HG01969	PEL023	AMR	anchored_hprc_asian	C	4	complete	1	1	0	0
exposed_validation	HG01969	PEL023	AMR	anchored_hprc_asian	DPA1	2	complete	1	1	1	2
exposed_validation	HG01969	PEL023	AMR	anchored_hprc_asian	DPA1	4	complete	0	0	0	0
exposed_validation	HG01969	PEL023	AMR	anchored_hprc_asian	DPB1	2	complete	1	1	1	2
exposed_validation	HG01969	PEL023	AMR	anchored_hprc_asian	DPB1	4	complete	1	1	1	2
exposed_validation	HG01969	PEL023	AMR	anchored_hprc_asian	DQA1	2	complete	1	1	1	2
exposed_validation	HG01969	PEL023	AMR	anchored_hprc_asian	DQA1	4	complete	1	1	1	2
exposed_validation	HG01969	PEL023	AMR	anchored_hprc_asian	DQB1	2	complete	1	1	1	2
exposed_validation	HG01969	PEL023	AMR	anchored_hprc_asian	DQB1	4	complete	1	1	1	2
exposed_validation	HG01969	PEL023	AMR	anchored_hprc_asian	DRB1	2	complete	1	1	1	2
exposed_validation	HG01969	PEL023	AMR	anchored_hprc_asian	DRB1	4	complete	0	0	0	0
exposed_validation	HG01975	PEL25	AMR	T1K	A	2	complete	1	1	1	2
exposed_validation	HG01975	PEL25	AMR	T1K	A	4	complete	1	1	1	2
exposed_validation	HG01975	PEL25	AMR	T1K	B	2	complete	1	1	1	2
exposed_validation	HG01975	PEL25	AMR	T1K	B	4	complete	1	1	1	2
exposed_validation	HG01975	PEL25	AMR	T1K	C	2	complete	1	1	1	2
exposed_validation	HG01975	PEL25	AMR	T1K	C	4	complete	1	1	0	0
exposed_validation	HG01975	PEL25	AMR	T1K	DPA1	2	complete	1	1	1	2
exposed_validation	HG01975	PEL25	AMR	T1K	DPA1	4	complete	0	0	0	0
exposed_validation	HG01975	PEL25	AMR	T1K	DPB1	2	complete	1	1	1	2
exposed_validation	HG01975	PEL25	AMR	T1K	DPB1	4	complete	1	1	0	1
exposed_validation	HG01975	PEL25	AMR	T1K	DQA1	2	complete	1	1	1	2
exposed_validation	HG01975	PEL25	AMR	T1K	DQA1	4	complete	1	1	1	2
exposed_validation	HG01975	PEL25	AMR	T1K	DQB1	2	complete	1	1	1	2
exposed_validation	HG01975	PEL25	AMR	T1K	DQB1	4	complete	1	1	0	1
exposed_validation	HG01975	PEL25	AMR	T1K	DRB1	2	complete	1	1	1	2
exposed_validation	HG01975	PEL25	AMR	T1K	DRB1	4	complete	0	0	0	0
exposed_validation	HG01975	PEL25	AMR	anchored_ipd_genome	A	2	complete	1	1	1	2
exposed_validation	HG01975	PEL25	AMR	anchored_ipd_genome	A	4	complete	1	1	1	2
exposed_validation	HG01975	PEL25	AMR	anchored_ipd_genome	B	2	complete	1	1	1	2
exposed_validation	HG01975	PEL25	AMR	anchored_ipd_genome	B	4	complete	1	1	1	2
exposed_validation	HG01975	PEL25	AMR	anchored_ipd_genome	C	2	complete	1	1	1	2
exposed_validation	HG01975	PEL25	AMR	anchored_ipd_genome	C	4	complete	1	1	1	2
exposed_validation	HG01975	PEL25	AMR	anchored_ipd_genome	DPA1	2	complete	1	1	1	2
exposed_validation	HG01975	PEL25	AMR	anchored_ipd_genome	DPA1	4	complete	0	0	0	0
exposed_validation	HG01975	PEL25	AMR	anchored_ipd_genome	DPB1	2	complete	1	1	1	2
exposed_validation	HG01975	PEL25	AMR	anchored_ipd_genome	DPB1	4	complete	1	1	1	2
exposed_validation	HG01975	PEL25	AMR	anchored_ipd_genome	DQA1	2	complete	1	1	1	2
exposed_validation	HG01975	PEL25	AMR	anchored_ipd_genome	DQA1	4	complete	1	1	1	2
exposed_validation	HG01975	PEL25	AMR	anchored_ipd_genome	DQB1	2	complete	1	1	1	2
exposed_validation	HG01975	PEL25	AMR	anchored_ipd_genome	DQB1	4	complete	1	1	1	2
exposed_validation	HG01975	PEL25	AMR	anchored_ipd_genome	DRB1	2	complete	1	1	1	2
exposed_validation	HG01975	PEL25	AMR	anchored_ipd_genome	DRB1	4	complete	0	0	0	0
exposed_validation	HG01975	PEL25	AMR	anchored_hprc	A	2	complete	1	1	1	2
exposed_validation	HG01975	PEL25	AMR	anchored_hprc	A	4	complete	1	1	1	2
exposed_validation	HG01975	PEL25	AMR	anchored_hprc	B	2	complete	1	1	1	2
exposed_validation	HG01975	PEL25	AMR	anchored_hprc	B	4	complete	1	1	1	2
exposed_validation	HG01975	PEL25	AMR	anchored_hprc	C	2	complete	1	1	1	2
exposed_validation	HG01975	PEL25	AMR	anchored_hprc	C	4	complete	1	1	1	2
exposed_validation	HG01975	PEL25	AMR	anchored_hprc	DPA1	2	complete	1	1	1	2
exposed_validation	HG01975	PEL25	AMR	anchored_hprc	DPA1	4	complete	0	0	0	0
exposed_validation	HG01975	PEL25	AMR	anchored_hprc	DPB1	2	complete	1	1	1	2
exposed_validation	HG01975	PEL25	AMR	anchored_hprc	DPB1	4	complete	1	1	1	2
exposed_validation	HG01975	PEL25	AMR	anchored_hprc	DQA1	2	complete	1	1	1	2
exposed_validation	HG01975	PEL25	AMR	anchored_hprc	DQA1	4	complete	1	1	1	2
exposed_validation	HG01975	PEL25	AMR	anchored_hprc	DQB1	2	complete	1	1	1	2
exposed_validation	HG01975	PEL25	AMR	anchored_hprc	DQB1	4	complete	1	1	1	2
exposed_validation	HG01975	PEL25	AMR	anchored_hprc	DRB1	2	complete	1	1	1	2
exposed_validation	HG01975	PEL25	AMR	anchored_hprc	DRB1	4	complete	0	0	0	0
exposed_validation	HG01975	PEL25	AMR	anchored_hprc_asian	A	2	complete	1	1	1	2
exposed_validation	HG01975	PEL25	AMR	anchored_hprc_asian	A	4	complete	1	1	1	2
exposed_validation	HG01975	PEL25	AMR	anchored_hprc_asian	B	2	complete	1	1	1	2
exposed_validation	HG01975	PEL25	AMR	anchored_hprc_asian	B	4	complete	1	1	1	2
exposed_validation	HG01975	PEL25	AMR	anchored_hprc_asian	C	2	complete	1	1	1	2
exposed_validation	HG01975	PEL25	AMR	anchored_hprc_asian	C	4	complete	1	1	1	2
exposed_validation	HG01975	PEL25	AMR	anchored_hprc_asian	DPA1	2	complete	1	1	1	2
exposed_validation	HG01975	PEL25	AMR	anchored_hprc_asian	DPA1	4	complete	0	0	0	0
exposed_validation	HG01975	PEL25	AMR	anchored_hprc_asian	DPB1	2	complete	1	1	1	2
exposed_validation	HG01975	PEL25	AMR	anchored_hprc_asian	DPB1	4	complete	1	1	1	2
exposed_validation	HG01975	PEL25	AMR	anchored_hprc_asian	DQA1	2	complete	1	1	1	2
exposed_validation	HG01975	PEL25	AMR	anchored_hprc_asian	DQA1	4	complete	1	1	1	2
exposed_validation	HG01975	PEL25	AMR	anchored_hprc_asian	DQB1	2	complete	1	1	1	2
exposed_validation	HG01975	PEL25	AMR	anchored_hprc_asian	DQB1	4	complete	1	1	1	2
exposed_validation	HG01975	PEL25	AMR	anchored_hprc_asian	DRB1	2	complete	1	1	1	2
exposed_validation	HG01975	PEL25	AMR	anchored_hprc_asian	DRB1	4	complete	0	0	0	0
exposed_validation	HG01978	PEL26	AMR	T1K	A	2	complete	1	1	1	2
exposed_validation	HG01978	PEL26	AMR	T1K	A	4	complete	0	0	0	0
exposed_validation	HG01978	PEL26	AMR	T1K	B	2	complete	1	1	1	2
exposed_validation	HG01978	PEL26	AMR	T1K	B	4	complete	1	1	0	1
exposed_validation	HG01978	PEL26	AMR	T1K	C	2	complete	1	1	1	2
exposed_validation	HG01978	PEL26	AMR	T1K	C	4	complete	1	1	0	0
exposed_validation	HG01978	PEL26	AMR	T1K	DPA1	2	complete	1	1	1	2
exposed_validation	HG01978	PEL26	AMR	T1K	DPA1	4	complete	1	1	0	0
exposed_validation	HG01978	PEL26	AMR	T1K	DPB1	2	complete	1	1	1	2
exposed_validation	HG01978	PEL26	AMR	T1K	DPB1	4	complete	1	1	0	0
exposed_validation	HG01978	PEL26	AMR	T1K	DQA1	2	complete	1	1	1	2
exposed_validation	HG01978	PEL26	AMR	T1K	DQA1	4	complete	1	1	0	1
exposed_validation	HG01978	PEL26	AMR	T1K	DQB1	2	complete	1	1	1	2
exposed_validation	HG01978	PEL26	AMR	T1K	DQB1	4	complete	0	0	0	0
exposed_validation	HG01978	PEL26	AMR	T1K	DRB1	2	complete	1	1	1	2
exposed_validation	HG01978	PEL26	AMR	T1K	DRB1	4	complete	0	0	0	0
exposed_validation	HG01978	PEL26	AMR	anchored_ipd_genome	A	2	complete	1	1	1	2
exposed_validation	HG01978	PEL26	AMR	anchored_ipd_genome	A	4	complete	0	0	0	0
exposed_validation	HG01978	PEL26	AMR	anchored_ipd_genome	B	2	complete	1	1	1	2
exposed_validation	HG01978	PEL26	AMR	anchored_ipd_genome	B	4	complete	1	1	1	2
exposed_validation	HG01978	PEL26	AMR	anchored_ipd_genome	C	2	complete	1	1	1	2
exposed_validation	HG01978	PEL26	AMR	anchored_ipd_genome	C	4	complete	1	1	1	2
exposed_validation	HG01978	PEL26	AMR	anchored_ipd_genome	DPA1	2	complete	1	1	1	2
exposed_validation	HG01978	PEL26	AMR	anchored_ipd_genome	DPA1	4	complete	1	1	1	2
exposed_validation	HG01978	PEL26	AMR	anchored_ipd_genome	DPB1	2	complete	1	1	1	2
exposed_validation	HG01978	PEL26	AMR	anchored_ipd_genome	DPB1	4	complete	1	1	1	2
exposed_validation	HG01978	PEL26	AMR	anchored_ipd_genome	DQA1	2	complete	1	1	1	2
exposed_validation	HG01978	PEL26	AMR	anchored_ipd_genome	DQA1	4	complete	1	1	0	1
exposed_validation	HG01978	PEL26	AMR	anchored_ipd_genome	DQB1	2	complete	1	1	1	2
exposed_validation	HG01978	PEL26	AMR	anchored_ipd_genome	DQB1	4	complete	0	0	0	0
exposed_validation	HG01978	PEL26	AMR	anchored_ipd_genome	DRB1	2	complete	1	1	1	2
exposed_validation	HG01978	PEL26	AMR	anchored_ipd_genome	DRB1	4	complete	0	0	0	0
exposed_validation	HG01978	PEL26	AMR	anchored_hprc	A	2	complete	1	1	1	2
exposed_validation	HG01978	PEL26	AMR	anchored_hprc	A	4	complete	0	0	0	0
exposed_validation	HG01978	PEL26	AMR	anchored_hprc	B	2	complete	1	1	1	2
exposed_validation	HG01978	PEL26	AMR	anchored_hprc	B	4	complete	1	1	1	2
exposed_validation	HG01978	PEL26	AMR	anchored_hprc	C	2	complete	1	1	1	2
exposed_validation	HG01978	PEL26	AMR	anchored_hprc	C	4	complete	1	1	1	2
exposed_validation	HG01978	PEL26	AMR	anchored_hprc	DPA1	2	complete	1	1	1	2
exposed_validation	HG01978	PEL26	AMR	anchored_hprc	DPA1	4	complete	1	1	1	2
exposed_validation	HG01978	PEL26	AMR	anchored_hprc	DPB1	2	complete	1	1	1	2
exposed_validation	HG01978	PEL26	AMR	anchored_hprc	DPB1	4	complete	1	1	1	2
exposed_validation	HG01978	PEL26	AMR	anchored_hprc	DQA1	2	complete	1	1	1	2
exposed_validation	HG01978	PEL26	AMR	anchored_hprc	DQA1	4	complete	1	1	0	1
exposed_validation	HG01978	PEL26	AMR	anchored_hprc	DQB1	2	complete	1	1	1	2
exposed_validation	HG01978	PEL26	AMR	anchored_hprc	DQB1	4	complete	0	0	0	0
exposed_validation	HG01978	PEL26	AMR	anchored_hprc	DRB1	2	complete	1	1	1	2
exposed_validation	HG01978	PEL26	AMR	anchored_hprc	DRB1	4	complete	0	0	0	0
exposed_validation	HG01978	PEL26	AMR	anchored_hprc_asian	A	2	complete	1	1	1	2
exposed_validation	HG01978	PEL26	AMR	anchored_hprc_asian	A	4	complete	0	0	0	0
exposed_validation	HG01978	PEL26	AMR	anchored_hprc_asian	B	2	complete	1	1	1	2
exposed_validation	HG01978	PEL26	AMR	anchored_hprc_asian	B	4	complete	1	1	1	2
exposed_validation	HG01978	PEL26	AMR	anchored_hprc_asian	C	2	complete	1	1	1	2
exposed_validation	HG01978	PEL26	AMR	anchored_hprc_asian	C	4	complete	1	1	1	2
exposed_validation	HG01978	PEL26	AMR	anchored_hprc_asian	DPA1	2	complete	1	1	1	2
exposed_validation	HG01978	PEL26	AMR	anchored_hprc_asian	DPA1	4	complete	1	1	1	2
exposed_validation	HG01978	PEL26	AMR	anchored_hprc_asian	DPB1	2	complete	1	1	1	2
exposed_validation	HG01978	PEL26	AMR	anchored_hprc_asian	DPB1	4	complete	1	1	1	2
exposed_validation	HG01978	PEL26	AMR	anchored_hprc_asian	DQA1	2	complete	1	1	1	2
exposed_validation	HG01978	PEL26	AMR	anchored_hprc_asian	DQA1	4	complete	1	1	0	1
exposed_validation	HG01978	PEL26	AMR	anchored_hprc_asian	DQB1	2	complete	1	1	1	2
exposed_validation	HG01978	PEL26	AMR	anchored_hprc_asian	DQB1	4	complete	0	0	0	0
exposed_validation	HG01978	PEL26	AMR	anchored_hprc_asian	DRB1	2	complete	1	1	1	2
exposed_validation	HG01978	PEL26	AMR	anchored_hprc_asian	DRB1	4	complete	0	0	0	0
exposed_validation	HG01981	PEL27	AMR	T1K	A	2	complete	1	1	1	2
exposed_validation	HG01981	PEL27	AMR	T1K	A	4	complete	1	1	1	2
exposed_validation	HG01981	PEL27	AMR	T1K	B	2	complete	1	1	1	2
exposed_validation	HG01981	PEL27	AMR	T1K	B	4	complete	0	0	0	0
exposed_validation	HG01981	PEL27	AMR	T1K	C	2	complete	1	1	1	2
exposed_validation	HG01981	PEL27	AMR	T1K	C	4	complete	1	1	1	2
exposed_validation	HG01981	PEL27	AMR	T1K	DPA1	2	complete	1	1	1	2
exposed_validation	HG01981	PEL27	AMR	T1K	DPA1	4	complete	1	1	0	1
exposed_validation	HG01981	PEL27	AMR	T1K	DPB1	2	complete	1	1	1	2
exposed_validation	HG01981	PEL27	AMR	T1K	DPB1	4	complete	1	1	0	1
exposed_validation	HG01981	PEL27	AMR	T1K	DQA1	2	complete	1	1	1	2
exposed_validation	HG01981	PEL27	AMR	T1K	DQA1	4	complete	1	1	1	2
exposed_validation	HG01981	PEL27	AMR	T1K	DQB1	2	complete	1	1	1	2
exposed_validation	HG01981	PEL27	AMR	T1K	DQB1	4	complete	1	1	1	2
exposed_validation	HG01981	PEL27	AMR	T1K	DRB1	2	complete	1	1	1	2
exposed_validation	HG01981	PEL27	AMR	T1K	DRB1	4	complete	0	0	0	0
exposed_validation	HG01981	PEL27	AMR	anchored_ipd_genome	A	2	complete	1	1	1	2
exposed_validation	HG01981	PEL27	AMR	anchored_ipd_genome	A	4	complete	1	1	1	2
exposed_validation	HG01981	PEL27	AMR	anchored_ipd_genome	B	2	complete	1	1	1	2
exposed_validation	HG01981	PEL27	AMR	anchored_ipd_genome	B	4	complete	0	0	0	0
exposed_validation	HG01981	PEL27	AMR	anchored_ipd_genome	C	2	complete	1	1	1	2
exposed_validation	HG01981	PEL27	AMR	anchored_ipd_genome	C	4	complete	1	1	1	2
exposed_validation	HG01981	PEL27	AMR	anchored_ipd_genome	DPA1	2	complete	1	1	1	2
exposed_validation	HG01981	PEL27	AMR	anchored_ipd_genome	DPA1	4	complete	1	1	1	2
exposed_validation	HG01981	PEL27	AMR	anchored_ipd_genome	DPB1	2	complete	1	1	1	2
exposed_validation	HG01981	PEL27	AMR	anchored_ipd_genome	DPB1	4	complete	1	1	1	2
exposed_validation	HG01981	PEL27	AMR	anchored_ipd_genome	DQA1	2	complete	1	1	1	2
exposed_validation	HG01981	PEL27	AMR	anchored_ipd_genome	DQA1	4	complete	1	1	1	2
exposed_validation	HG01981	PEL27	AMR	anchored_ipd_genome	DQB1	2	complete	1	1	1	2
exposed_validation	HG01981	PEL27	AMR	anchored_ipd_genome	DQB1	4	complete	1	1	1	2
exposed_validation	HG01981	PEL27	AMR	anchored_ipd_genome	DRB1	2	complete	1	1	1	2
exposed_validation	HG01981	PEL27	AMR	anchored_ipd_genome	DRB1	4	complete	0	0	0	0
exposed_validation	HG01981	PEL27	AMR	anchored_hprc	A	2	complete	1	1	1	2
exposed_validation	HG01981	PEL27	AMR	anchored_hprc	A	4	complete	1	1	1	2
exposed_validation	HG01981	PEL27	AMR	anchored_hprc	B	2	complete	1	1	1	2
exposed_validation	HG01981	PEL27	AMR	anchored_hprc	B	4	complete	0	0	0	0
exposed_validation	HG01981	PEL27	AMR	anchored_hprc	C	2	complete	1	1	1	2
exposed_validation	HG01981	PEL27	AMR	anchored_hprc	C	4	complete	1	1	1	2
exposed_validation	HG01981	PEL27	AMR	anchored_hprc	DPA1	2	complete	1	1	1	2
exposed_validation	HG01981	PEL27	AMR	anchored_hprc	DPA1	4	complete	1	1	1	2
exposed_validation	HG01981	PEL27	AMR	anchored_hprc	DPB1	2	complete	1	1	1	2
exposed_validation	HG01981	PEL27	AMR	anchored_hprc	DPB1	4	complete	1	1	1	2
exposed_validation	HG01981	PEL27	AMR	anchored_hprc	DQA1	2	complete	1	1	1	2
exposed_validation	HG01981	PEL27	AMR	anchored_hprc	DQA1	4	complete	1	1	1	2
exposed_validation	HG01981	PEL27	AMR	anchored_hprc	DQB1	2	complete	1	1	1	2
exposed_validation	HG01981	PEL27	AMR	anchored_hprc	DQB1	4	complete	1	1	1	2
exposed_validation	HG01981	PEL27	AMR	anchored_hprc	DRB1	2	complete	1	1	1	2
exposed_validation	HG01981	PEL27	AMR	anchored_hprc	DRB1	4	complete	0	0	0	0
exposed_validation	HG01981	PEL27	AMR	anchored_hprc_asian	A	2	complete	1	1	1	2
exposed_validation	HG01981	PEL27	AMR	anchored_hprc_asian	A	4	complete	1	1	1	2
exposed_validation	HG01981	PEL27	AMR	anchored_hprc_asian	B	2	complete	1	1	1	2
exposed_validation	HG01981	PEL27	AMR	anchored_hprc_asian	B	4	complete	0	0	0	0
exposed_validation	HG01981	PEL27	AMR	anchored_hprc_asian	C	2	complete	1	1	1	2
exposed_validation	HG01981	PEL27	AMR	anchored_hprc_asian	C	4	complete	1	1	1	2
exposed_validation	HG01981	PEL27	AMR	anchored_hprc_asian	DPA1	2	complete	1	1	1	2
exposed_validation	HG01981	PEL27	AMR	anchored_hprc_asian	DPA1	4	complete	1	1	1	2
exposed_validation	HG01981	PEL27	AMR	anchored_hprc_asian	DPB1	2	complete	1	1	1	2
exposed_validation	HG01981	PEL27	AMR	anchored_hprc_asian	DPB1	4	complete	1	1	1	2
exposed_validation	HG01981	PEL27	AMR	anchored_hprc_asian	DQA1	2	complete	1	1	1	2
exposed_validation	HG01981	PEL27	AMR	anchored_hprc_asian	DQA1	4	complete	1	1	1	2
exposed_validation	HG01981	PEL27	AMR	anchored_hprc_asian	DQB1	2	complete	1	1	1	2
exposed_validation	HG01981	PEL27	AMR	anchored_hprc_asian	DQB1	4	complete	1	1	1	2
exposed_validation	HG01981	PEL27	AMR	anchored_hprc_asian	DRB1	2	complete	1	1	1	2
exposed_validation	HG01981	PEL27	AMR	anchored_hprc_asian	DRB1	4	complete	0	0	0	0
exposed_validation	HG01993	PEL29	AMR	T1K	A	2	complete	1	1	1	2
exposed_validation	HG01993	PEL29	AMR	T1K	A	4	complete	1	1	1	2
exposed_validation	HG01993	PEL29	AMR	T1K	B	2	complete	1	1	1	2
exposed_validation	HG01993	PEL29	AMR	T1K	B	4	complete	1	1	0	1
exposed_validation	HG01993	PEL29	AMR	T1K	C	2	complete	1	1	1	2
exposed_validation	HG01993	PEL29	AMR	T1K	C	4	complete	0	0	0	0
exposed_validation	HG01993	PEL29	AMR	T1K	DPA1	2	complete	1	1	1	2
exposed_validation	HG01993	PEL29	AMR	T1K	DPA1	4	complete	0	0	0	0
exposed_validation	HG01993	PEL29	AMR	T1K	DPB1	2	complete	1	1	1	2
exposed_validation	HG01993	PEL29	AMR	T1K	DPB1	4	complete	1	1	0	0
exposed_validation	HG01993	PEL29	AMR	T1K	DQA1	2	complete	1	1	1	2
exposed_validation	HG01993	PEL29	AMR	T1K	DQA1	4	complete	0	0	0	0
exposed_validation	HG01993	PEL29	AMR	T1K	DQB1	2	complete	1	1	1	2
exposed_validation	HG01993	PEL29	AMR	T1K	DQB1	4	complete	0	0	0	0
exposed_validation	HG01993	PEL29	AMR	T1K	DRB1	2	complete	1	1	0	1
exposed_validation	HG01993	PEL29	AMR	T1K	DRB1	4	complete	0	0	0	0
exposed_validation	HG01993	PEL29	AMR	anchored_ipd_genome	A	2	complete	1	1	1	2
exposed_validation	HG01993	PEL29	AMR	anchored_ipd_genome	A	4	complete	1	1	1	2
exposed_validation	HG01993	PEL29	AMR	anchored_ipd_genome	B	2	complete	1	1	1	2
exposed_validation	HG01993	PEL29	AMR	anchored_ipd_genome	B	4	complete	1	1	1	2
exposed_validation	HG01993	PEL29	AMR	anchored_ipd_genome	C	2	complete	1	1	1	2
exposed_validation	HG01993	PEL29	AMR	anchored_ipd_genome	C	4	complete	0	0	0	0
exposed_validation	HG01993	PEL29	AMR	anchored_ipd_genome	DPA1	2	complete	1	1	1	2
exposed_validation	HG01993	PEL29	AMR	anchored_ipd_genome	DPA1	4	complete	0	0	0	0
exposed_validation	HG01993	PEL29	AMR	anchored_ipd_genome	DPB1	2	complete	1	1	1	2
exposed_validation	HG01993	PEL29	AMR	anchored_ipd_genome	DPB1	4	complete	1	1	1	2
exposed_validation	HG01993	PEL29	AMR	anchored_ipd_genome	DQA1	2	complete	1	1	1	2
exposed_validation	HG01993	PEL29	AMR	anchored_ipd_genome	DQA1	4	complete	0	0	0	0
exposed_validation	HG01993	PEL29	AMR	anchored_ipd_genome	DQB1	2	complete	1	1	1	2
exposed_validation	HG01993	PEL29	AMR	anchored_ipd_genome	DQB1	4	complete	0	0	0	0
exposed_validation	HG01993	PEL29	AMR	anchored_ipd_genome	DRB1	2	complete	1	1	0	1
exposed_validation	HG01993	PEL29	AMR	anchored_ipd_genome	DRB1	4	complete	0	0	0	0
exposed_validation	HG01993	PEL29	AMR	anchored_hprc	A	2	complete	1	1	1	2
exposed_validation	HG01993	PEL29	AMR	anchored_hprc	A	4	complete	1	1	1	2
exposed_validation	HG01993	PEL29	AMR	anchored_hprc	B	2	complete	1	1	1	2
exposed_validation	HG01993	PEL29	AMR	anchored_hprc	B	4	complete	1	1	1	2
exposed_validation	HG01993	PEL29	AMR	anchored_hprc	C	2	complete	1	1	1	2
exposed_validation	HG01993	PEL29	AMR	anchored_hprc	C	4	complete	0	0	0	0
exposed_validation	HG01993	PEL29	AMR	anchored_hprc	DPA1	2	complete	1	1	1	2
exposed_validation	HG01993	PEL29	AMR	anchored_hprc	DPA1	4	complete	0	0	0	0
exposed_validation	HG01993	PEL29	AMR	anchored_hprc	DPB1	2	complete	1	1	1	2
exposed_validation	HG01993	PEL29	AMR	anchored_hprc	DPB1	4	complete	1	1	1	2
exposed_validation	HG01993	PEL29	AMR	anchored_hprc	DQA1	2	complete	1	1	1	2
exposed_validation	HG01993	PEL29	AMR	anchored_hprc	DQA1	4	complete	0	0	0	0
exposed_validation	HG01993	PEL29	AMR	anchored_hprc	DQB1	2	complete	1	1	1	2
exposed_validation	HG01993	PEL29	AMR	anchored_hprc	DQB1	4	complete	0	0	0	0
exposed_validation	HG01993	PEL29	AMR	anchored_hprc	DRB1	2	complete	1	1	0	1
exposed_validation	HG01993	PEL29	AMR	anchored_hprc	DRB1	4	complete	0	0	0	0
exposed_validation	HG01993	PEL29	AMR	anchored_hprc_asian	A	2	complete	1	1	1	2
exposed_validation	HG01993	PEL29	AMR	anchored_hprc_asian	A	4	complete	1	1	1	2
exposed_validation	HG01993	PEL29	AMR	anchored_hprc_asian	B	2	complete	1	1	1	2
exposed_validation	HG01993	PEL29	AMR	anchored_hprc_asian	B	4	complete	1	1	1	2
exposed_validation	HG01993	PEL29	AMR	anchored_hprc_asian	C	2	complete	1	1	1	2
exposed_validation	HG01993	PEL29	AMR	anchored_hprc_asian	C	4	complete	0	0	0	0
exposed_validation	HG01993	PEL29	AMR	anchored_hprc_asian	DPA1	2	complete	1	1	1	2
exposed_validation	HG01993	PEL29	AMR	anchored_hprc_asian	DPA1	4	complete	0	0	0	0
exposed_validation	HG01993	PEL29	AMR	anchored_hprc_asian	DPB1	2	complete	1	1	1	2
exposed_validation	HG01993	PEL29	AMR	anchored_hprc_asian	DPB1	4	complete	1	1	1	2
exposed_validation	HG01993	PEL29	AMR	anchored_hprc_asian	DQA1	2	complete	1	1	1	2
exposed_validation	HG01993	PEL29	AMR	anchored_hprc_asian	DQA1	4	complete	0	0	0	0
exposed_validation	HG01993	PEL29	AMR	anchored_hprc_asian	DQB1	2	complete	1	1	1	2
exposed_validation	HG01993	PEL29	AMR	anchored_hprc_asian	DQB1	4	complete	0	0	0	0
exposed_validation	HG01993	PEL29	AMR	anchored_hprc_asian	DRB1	2	complete	1	1	0	1
exposed_validation	HG01993	PEL29	AMR	anchored_hprc_asian	DRB1	4	complete	0	0	0	0
exposed_validation	HG02004	PEL33	AMR	T1K	A	2	complete	1	1	1	2
exposed_validation	HG02004	PEL33	AMR	T1K	A	4	complete	1	1	1	2
exposed_validation	HG02004	PEL33	AMR	T1K	B	2	complete	1	1	1	2
exposed_validation	HG02004	PEL33	AMR	T1K	B	4	complete	1	1	1	2
exposed_validation	HG02004	PEL33	AMR	T1K	C	2	complete	1	1	1	2
exposed_validation	HG02004	PEL33	AMR	T1K	C	4	complete	1	1	0	0
exposed_validation	HG02004	PEL33	AMR	T1K	DPA1	2	complete	1	1	1	2
exposed_validation	HG02004	PEL33	AMR	T1K	DPA1	4	complete	0	0	0	0
exposed_validation	HG02004	PEL33	AMR	T1K	DPB1	2	complete	1	1	1	2
exposed_validation	HG02004	PEL33	AMR	T1K	DPB1	4	complete	1	1	1	2
exposed_validation	HG02004	PEL33	AMR	T1K	DQA1	2	complete	1	1	1	2
exposed_validation	HG02004	PEL33	AMR	T1K	DQA1	4	complete	1	1	1	2
exposed_validation	HG02004	PEL33	AMR	T1K	DQB1	2	complete	1	1	1	2
exposed_validation	HG02004	PEL33	AMR	T1K	DQB1	4	complete	1	1	0	1
exposed_validation	HG02004	PEL33	AMR	T1K	DRB1	2	complete	1	1	1	2
exposed_validation	HG02004	PEL33	AMR	T1K	DRB1	4	complete	0	0	0	0
exposed_validation	HG02004	PEL33	AMR	anchored_ipd_genome	A	2	complete	1	1	1	2
exposed_validation	HG02004	PEL33	AMR	anchored_ipd_genome	A	4	complete	1	1	0	1
exposed_validation	HG02004	PEL33	AMR	anchored_ipd_genome	B	2	complete	1	1	1	2
exposed_validation	HG02004	PEL33	AMR	anchored_ipd_genome	B	4	complete	1	1	1	2
exposed_validation	HG02004	PEL33	AMR	anchored_ipd_genome	C	2	complete	1	1	1	2
exposed_validation	HG02004	PEL33	AMR	anchored_ipd_genome	C	4	complete	1	1	1	2
exposed_validation	HG02004	PEL33	AMR	anchored_ipd_genome	DPA1	2	complete	1	1	1	2
exposed_validation	HG02004	PEL33	AMR	anchored_ipd_genome	DPA1	4	complete	0	0	0	0
exposed_validation	HG02004	PEL33	AMR	anchored_ipd_genome	DPB1	2	complete	1	1	1	2
exposed_validation	HG02004	PEL33	AMR	anchored_ipd_genome	DPB1	4	complete	1	1	1	2
exposed_validation	HG02004	PEL33	AMR	anchored_ipd_genome	DQA1	2	complete	1	1	1	2
exposed_validation	HG02004	PEL33	AMR	anchored_ipd_genome	DQA1	4	complete	1	1	1	2
exposed_validation	HG02004	PEL33	AMR	anchored_ipd_genome	DQB1	2	complete	1	1	1	2
exposed_validation	HG02004	PEL33	AMR	anchored_ipd_genome	DQB1	4	complete	1	1	1	2
exposed_validation	HG02004	PEL33	AMR	anchored_ipd_genome	DRB1	2	complete	1	1	1	2
exposed_validation	HG02004	PEL33	AMR	anchored_ipd_genome	DRB1	4	complete	0	0	0	0
exposed_validation	HG02004	PEL33	AMR	anchored_hprc	A	2	complete	1	1	1	2
exposed_validation	HG02004	PEL33	AMR	anchored_hprc	A	4	complete	1	1	0	1
exposed_validation	HG02004	PEL33	AMR	anchored_hprc	B	2	complete	1	1	1	2
exposed_validation	HG02004	PEL33	AMR	anchored_hprc	B	4	complete	1	1	1	2
exposed_validation	HG02004	PEL33	AMR	anchored_hprc	C	2	complete	1	1	1	2
exposed_validation	HG02004	PEL33	AMR	anchored_hprc	C	4	complete	1	1	1	2
exposed_validation	HG02004	PEL33	AMR	anchored_hprc	DPA1	2	complete	1	1	1	2
exposed_validation	HG02004	PEL33	AMR	anchored_hprc	DPA1	4	complete	0	0	0	0
exposed_validation	HG02004	PEL33	AMR	anchored_hprc	DPB1	2	complete	1	1	1	2
exposed_validation	HG02004	PEL33	AMR	anchored_hprc	DPB1	4	complete	1	1	1	2
exposed_validation	HG02004	PEL33	AMR	anchored_hprc	DQA1	2	complete	1	1	1	2
exposed_validation	HG02004	PEL33	AMR	anchored_hprc	DQA1	4	complete	1	1	1	2
exposed_validation	HG02004	PEL33	AMR	anchored_hprc	DQB1	2	complete	1	1	1	2
exposed_validation	HG02004	PEL33	AMR	anchored_hprc	DQB1	4	complete	1	1	1	2
exposed_validation	HG02004	PEL33	AMR	anchored_hprc	DRB1	2	complete	1	1	1	2
exposed_validation	HG02004	PEL33	AMR	anchored_hprc	DRB1	4	complete	0	0	0	0
exposed_validation	HG02004	PEL33	AMR	anchored_hprc_asian	A	2	complete	1	1	1	2
exposed_validation	HG02004	PEL33	AMR	anchored_hprc_asian	A	4	complete	1	1	0	1
exposed_validation	HG02004	PEL33	AMR	anchored_hprc_asian	B	2	complete	1	1	1	2
exposed_validation	HG02004	PEL33	AMR	anchored_hprc_asian	B	4	complete	1	1	1	2
exposed_validation	HG02004	PEL33	AMR	anchored_hprc_asian	C	2	complete	1	1	1	2
exposed_validation	HG02004	PEL33	AMR	anchored_hprc_asian	C	4	complete	1	1	1	2
exposed_validation	HG02004	PEL33	AMR	anchored_hprc_asian	DPA1	2	complete	1	1	1	2
exposed_validation	HG02004	PEL33	AMR	anchored_hprc_asian	DPA1	4	complete	0	0	0	0
exposed_validation	HG02004	PEL33	AMR	anchored_hprc_asian	DPB1	2	complete	1	1	1	2
exposed_validation	HG02004	PEL33	AMR	anchored_hprc_asian	DPB1	4	complete	1	1	1	2
exposed_validation	HG02004	PEL33	AMR	anchored_hprc_asian	DQA1	2	complete	1	1	1	2
exposed_validation	HG02004	PEL33	AMR	anchored_hprc_asian	DQA1	4	complete	1	1	1	2
exposed_validation	HG02004	PEL33	AMR	anchored_hprc_asian	DQB1	2	complete	1	1	1	2
exposed_validation	HG02004	PEL33	AMR	anchored_hprc_asian	DQB1	4	complete	1	1	1	2
exposed_validation	HG02004	PEL33	AMR	anchored_hprc_asian	DRB1	2	complete	1	1	1	2
exposed_validation	HG02004	PEL33	AMR	anchored_hprc_asian	DRB1	4	complete	0	0	0	0
exposed_validation	HG02015	VN046	EAS	T1K	A	2	complete	1	1	1	2
exposed_validation	HG02015	VN046	EAS	T1K	A	4	complete	1	1	1	2
exposed_validation	HG02015	VN046	EAS	T1K	B	2	complete	1	1	0	1
exposed_validation	HG02015	VN046	EAS	T1K	B	4	complete	0	0	0	0
exposed_validation	HG02015	VN046	EAS	T1K	C	2	complete	1	1	1	2
exposed_validation	HG02015	VN046	EAS	T1K	C	4	complete	1	1	0	1
exposed_validation	HG02015	VN046	EAS	T1K	DPA1	2	complete	1	1	1	2
exposed_validation	HG02015	VN046	EAS	T1K	DPA1	4	complete	0	0	0	0
exposed_validation	HG02015	VN046	EAS	T1K	DPB1	2	complete	1	1	1	2
exposed_validation	HG02015	VN046	EAS	T1K	DPB1	4	complete	1	1	1	2
exposed_validation	HG02015	VN046	EAS	T1K	DQA1	2	complete	1	1	1	2
exposed_validation	HG02015	VN046	EAS	T1K	DQA1	4	complete	0	0	0	0
exposed_validation	HG02015	VN046	EAS	T1K	DQB1	2	complete	1	1	1	2
exposed_validation	HG02015	VN046	EAS	T1K	DQB1	4	complete	1	1	0	1
exposed_validation	HG02015	VN046	EAS	T1K	DRB1	2	complete	1	1	1	2
exposed_validation	HG02015	VN046	EAS	T1K	DRB1	4	complete	0	0	0	0
exposed_validation	HG02015	VN046	EAS	anchored_ipd_genome	A	2	complete	1	1	1	2
exposed_validation	HG02015	VN046	EAS	anchored_ipd_genome	A	4	complete	1	1	1	2
exposed_validation	HG02015	VN046	EAS	anchored_ipd_genome	B	2	complete	1	1	0	1
exposed_validation	HG02015	VN046	EAS	anchored_ipd_genome	B	4	complete	0	0	0	0
exposed_validation	HG02015	VN046	EAS	anchored_ipd_genome	C	2	complete	1	1	1	2
exposed_validation	HG02015	VN046	EAS	anchored_ipd_genome	C	4	complete	1	1	1	2
exposed_validation	HG02015	VN046	EAS	anchored_ipd_genome	DPA1	2	complete	1	1	1	2
exposed_validation	HG02015	VN046	EAS	anchored_ipd_genome	DPA1	4	complete	0	0	0	0
exposed_validation	HG02015	VN046	EAS	anchored_ipd_genome	DPB1	2	complete	1	1	1	2
exposed_validation	HG02015	VN046	EAS	anchored_ipd_genome	DPB1	4	complete	1	1	1	2
exposed_validation	HG02015	VN046	EAS	anchored_ipd_genome	DQA1	2	complete	1	1	1	2
exposed_validation	HG02015	VN046	EAS	anchored_ipd_genome	DQA1	4	complete	0	0	0	0
exposed_validation	HG02015	VN046	EAS	anchored_ipd_genome	DQB1	2	complete	1	1	1	2
exposed_validation	HG02015	VN046	EAS	anchored_ipd_genome	DQB1	4	complete	1	1	1	2
exposed_validation	HG02015	VN046	EAS	anchored_ipd_genome	DRB1	2	complete	1	1	1	2
exposed_validation	HG02015	VN046	EAS	anchored_ipd_genome	DRB1	4	complete	0	0	0	0
exposed_validation	HG02015	VN046	EAS	anchored_hprc	A	2	complete	1	1	1	2
exposed_validation	HG02015	VN046	EAS	anchored_hprc	A	4	complete	1	1	1	2
exposed_validation	HG02015	VN046	EAS	anchored_hprc	B	2	complete	1	1	0	1
exposed_validation	HG02015	VN046	EAS	anchored_hprc	B	4	complete	0	0	0	0
exposed_validation	HG02015	VN046	EAS	anchored_hprc	C	2	complete	1	1	1	2
exposed_validation	HG02015	VN046	EAS	anchored_hprc	C	4	complete	1	1	1	2
exposed_validation	HG02015	VN046	EAS	anchored_hprc	DPA1	2	complete	1	1	1	2
exposed_validation	HG02015	VN046	EAS	anchored_hprc	DPA1	4	complete	0	0	0	0
exposed_validation	HG02015	VN046	EAS	anchored_hprc	DPB1	2	complete	1	1	1	2
exposed_validation	HG02015	VN046	EAS	anchored_hprc	DPB1	4	complete	1	1	1	2
exposed_validation	HG02015	VN046	EAS	anchored_hprc	DQA1	2	complete	1	1	1	2
exposed_validation	HG02015	VN046	EAS	anchored_hprc	DQA1	4	complete	0	0	0	0
exposed_validation	HG02015	VN046	EAS	anchored_hprc	DQB1	2	complete	1	1	1	2
exposed_validation	HG02015	VN046	EAS	anchored_hprc	DQB1	4	complete	1	1	1	2
exposed_validation	HG02015	VN046	EAS	anchored_hprc	DRB1	2	complete	1	1	1	2
exposed_validation	HG02015	VN046	EAS	anchored_hprc	DRB1	4	complete	0	0	0	0
exposed_validation	HG02015	VN046	EAS	anchored_hprc_asian	A	2	complete	1	1	1	2
exposed_validation	HG02015	VN046	EAS	anchored_hprc_asian	A	4	complete	1	1	1	2
exposed_validation	HG02015	VN046	EAS	anchored_hprc_asian	B	2	complete	1	1	0	1
exposed_validation	HG02015	VN046	EAS	anchored_hprc_asian	B	4	complete	0	0	0	0
exposed_validation	HG02015	VN046	EAS	anchored_hprc_asian	C	2	complete	1	1	1	2
exposed_validation	HG02015	VN046	EAS	anchored_hprc_asian	C	4	complete	1	1	1	2
exposed_validation	HG02015	VN046	EAS	anchored_hprc_asian	DPA1	2	complete	1	1	1	2
exposed_validation	HG02015	VN046	EAS	anchored_hprc_asian	DPA1	4	complete	0	0	0	0
exposed_validation	HG02015	VN046	EAS	anchored_hprc_asian	DPB1	2	complete	1	1	1	2
exposed_validation	HG02015	VN046	EAS	anchored_hprc_asian	DPB1	4	complete	1	1	1	2
exposed_validation	HG02015	VN046	EAS	anchored_hprc_asian	DQA1	2	complete	1	1	1	2
exposed_validation	HG02015	VN046	EAS	anchored_hprc_asian	DQA1	4	complete	0	0	0	0
exposed_validation	HG02015	VN046	EAS	anchored_hprc_asian	DQB1	2	complete	1	1	1	2
exposed_validation	HG02015	VN046	EAS	anchored_hprc_asian	DQB1	4	complete	1	1	1	2
exposed_validation	HG02015	VN046	EAS	anchored_hprc_asian	DRB1	2	complete	1	1	1	2
exposed_validation	HG02015	VN046	EAS	anchored_hprc_asian	DRB1	4	complete	0	0	0	0
exposed_validation	HG02040	VN054	EAS	T1K	A	2	complete	1	1	1	2
exposed_validation	HG02040	VN054	EAS	T1K	A	4	complete	1	1	1	2
exposed_validation	HG02040	VN054	EAS	T1K	B	2	complete	1	1	1	2
exposed_validation	HG02040	VN054	EAS	T1K	B	4	complete	1	1	1	2
exposed_validation	HG02040	VN054	EAS	T1K	C	2	complete	1	1	0	1
exposed_validation	HG02040	VN054	EAS	T1K	C	4	complete	0	0	0	0
exposed_validation	HG02040	VN054	EAS	T1K	DPA1	2	complete	1	1	1	2
exposed_validation	HG02040	VN054	EAS	T1K	DPA1	4	complete	0	0	0	0
exposed_validation	HG02040	VN054	EAS	T1K	DPB1	2	complete	1	1	1	2
exposed_validation	HG02040	VN054	EAS	T1K	DPB1	4	complete	1	1	0	1
exposed_validation	HG02040	VN054	EAS	T1K	DQA1	2	complete	1	1	1	2
exposed_validation	HG02040	VN054	EAS	T1K	DQA1	4	complete	1	1	0	1
exposed_validation	HG02040	VN054	EAS	T1K	DQB1	2	complete	1	1	1	2
exposed_validation	HG02040	VN054	EAS	T1K	DQB1	4	complete	1	1	0	1
exposed_validation	HG02040	VN054	EAS	T1K	DRB1	2	complete	1	1	1	2
exposed_validation	HG02040	VN054	EAS	T1K	DRB1	4	complete	0	0	0	0
exposed_validation	HG02040	VN054	EAS	anchored_ipd_genome	A	2	complete	1	1	1	2
exposed_validation	HG02040	VN054	EAS	anchored_ipd_genome	A	4	complete	1	1	1	2
exposed_validation	HG02040	VN054	EAS	anchored_ipd_genome	B	2	complete	1	1	1	2
exposed_validation	HG02040	VN054	EAS	anchored_ipd_genome	B	4	complete	1	1	1	2
exposed_validation	HG02040	VN054	EAS	anchored_ipd_genome	C	2	complete	1	1	0	1
exposed_validation	HG02040	VN054	EAS	anchored_ipd_genome	C	4	complete	0	0	0	0
exposed_validation	HG02040	VN054	EAS	anchored_ipd_genome	DPA1	2	complete	1	1	1	2
exposed_validation	HG02040	VN054	EAS	anchored_ipd_genome	DPA1	4	complete	0	0	0	0
exposed_validation	HG02040	VN054	EAS	anchored_ipd_genome	DPB1	2	complete	1	1	1	2
exposed_validation	HG02040	VN054	EAS	anchored_ipd_genome	DPB1	4	complete	1	1	1	2
exposed_validation	HG02040	VN054	EAS	anchored_ipd_genome	DQA1	2	complete	1	1	1	2
exposed_validation	HG02040	VN054	EAS	anchored_ipd_genome	DQA1	4	complete	1	1	1	2
exposed_validation	HG02040	VN054	EAS	anchored_ipd_genome	DQB1	2	complete	1	1	1	2
exposed_validation	HG02040	VN054	EAS	anchored_ipd_genome	DQB1	4	complete	1	1	1	2
exposed_validation	HG02040	VN054	EAS	anchored_ipd_genome	DRB1	2	complete	1	1	1	2
exposed_validation	HG02040	VN054	EAS	anchored_ipd_genome	DRB1	4	complete	0	0	0	0
exposed_validation	HG02040	VN054	EAS	anchored_hprc	A	2	complete	1	1	1	2
exposed_validation	HG02040	VN054	EAS	anchored_hprc	A	4	complete	1	1	1	2
exposed_validation	HG02040	VN054	EAS	anchored_hprc	B	2	complete	1	1	1	2
exposed_validation	HG02040	VN054	EAS	anchored_hprc	B	4	complete	1	1	1	2
exposed_validation	HG02040	VN054	EAS	anchored_hprc	C	2	complete	1	1	0	1
exposed_validation	HG02040	VN054	EAS	anchored_hprc	C	4	complete	0	0	0	0
exposed_validation	HG02040	VN054	EAS	anchored_hprc	DPA1	2	complete	1	1	1	2
exposed_validation	HG02040	VN054	EAS	anchored_hprc	DPA1	4	complete	0	0	0	0
exposed_validation	HG02040	VN054	EAS	anchored_hprc	DPB1	2	complete	1	1	1	2
exposed_validation	HG02040	VN054	EAS	anchored_hprc	DPB1	4	complete	1	1	1	2
exposed_validation	HG02040	VN054	EAS	anchored_hprc	DQA1	2	complete	1	1	1	2
exposed_validation	HG02040	VN054	EAS	anchored_hprc	DQA1	4	complete	1	1	1	2
exposed_validation	HG02040	VN054	EAS	anchored_hprc	DQB1	2	complete	1	1	1	2
exposed_validation	HG02040	VN054	EAS	anchored_hprc	DQB1	4	complete	1	1	1	2
exposed_validation	HG02040	VN054	EAS	anchored_hprc	DRB1	2	complete	1	1	1	2
exposed_validation	HG02040	VN054	EAS	anchored_hprc	DRB1	4	complete	0	0	0	0
exposed_validation	HG02040	VN054	EAS	anchored_hprc_asian	A	2	complete	1	1	1	2
exposed_validation	HG02040	VN054	EAS	anchored_hprc_asian	A	4	complete	1	1	1	2
exposed_validation	HG02040	VN054	EAS	anchored_hprc_asian	B	2	complete	1	1	1	2
exposed_validation	HG02040	VN054	EAS	anchored_hprc_asian	B	4	complete	1	1	1	2
exposed_validation	HG02040	VN054	EAS	anchored_hprc_asian	C	2	complete	1	1	0	1
exposed_validation	HG02040	VN054	EAS	anchored_hprc_asian	C	4	complete	0	0	0	0
exposed_validation	HG02040	VN054	EAS	anchored_hprc_asian	DPA1	2	complete	1	1	1	2
exposed_validation	HG02040	VN054	EAS	anchored_hprc_asian	DPA1	4	complete	0	0	0	0
exposed_validation	HG02040	VN054	EAS	anchored_hprc_asian	DPB1	2	complete	1	1	1	2
exposed_validation	HG02040	VN054	EAS	anchored_hprc_asian	DPB1	4	complete	1	1	1	2
exposed_validation	HG02040	VN054	EAS	anchored_hprc_asian	DQA1	2	complete	1	1	1	2
exposed_validation	HG02040	VN054	EAS	anchored_hprc_asian	DQA1	4	complete	1	1	1	2
exposed_validation	HG02040	VN054	EAS	anchored_hprc_asian	DQB1	2	complete	1	1	1	2
exposed_validation	HG02040	VN054	EAS	anchored_hprc_asian	DQB1	4	complete	1	1	1	2
exposed_validation	HG02040	VN054	EAS	anchored_hprc_asian	DRB1	2	complete	1	1	1	2
exposed_validation	HG02040	VN054	EAS	anchored_hprc_asian	DRB1	4	complete	0	0	0	0
exposed_validation	HG02055	BB15	AFR	T1K	A	2	complete	1	1	1	2
exposed_validation	HG02055	BB15	AFR	T1K	A	4	complete	1	1	1	2
exposed_validation	HG02055	BB15	AFR	T1K	B	2	complete	1	1	1	2
exposed_validation	HG02055	BB15	AFR	T1K	B	4	complete	1	1	0	1
exposed_validation	HG02055	BB15	AFR	T1K	C	2	complete	1	1	1	2
exposed_validation	HG02055	BB15	AFR	T1K	C	4	complete	1	1	1	2
exposed_validation	HG02055	BB15	AFR	T1K	DPA1	2	complete	1	1	1	2
exposed_validation	HG02055	BB15	AFR	T1K	DPA1	4	complete	0	0	0	0
exposed_validation	HG02055	BB15	AFR	T1K	DPB1	2	complete	1	1	1	2
exposed_validation	HG02055	BB15	AFR	T1K	DPB1	4	complete	1	1	0	0
exposed_validation	HG02055	BB15	AFR	T1K	DQA1	2	complete	1	1	1	2
exposed_validation	HG02055	BB15	AFR	T1K	DQA1	4	complete	1	1	0	0
exposed_validation	HG02055	BB15	AFR	T1K	DQB1	2	complete	1	1	1	2
exposed_validation	HG02055	BB15	AFR	T1K	DQB1	4	complete	1	1	0	1
exposed_validation	HG02055	BB15	AFR	T1K	DRB1	2	complete	1	1	1	2
exposed_validation	HG02055	BB15	AFR	T1K	DRB1	4	complete	0	0	0	0
exposed_validation	HG02055	BB15	AFR	anchored_ipd_genome	A	2	complete	1	1	1	2
exposed_validation	HG02055	BB15	AFR	anchored_ipd_genome	A	4	complete	1	1	1	2
exposed_validation	HG02055	BB15	AFR	anchored_ipd_genome	B	2	complete	1	1	1	2
exposed_validation	HG02055	BB15	AFR	anchored_ipd_genome	B	4	complete	1	1	1	2
exposed_validation	HG02055	BB15	AFR	anchored_ipd_genome	C	2	complete	1	1	1	2
exposed_validation	HG02055	BB15	AFR	anchored_ipd_genome	C	4	complete	1	1	1	2
exposed_validation	HG02055	BB15	AFR	anchored_ipd_genome	DPA1	2	complete	1	1	1	2
exposed_validation	HG02055	BB15	AFR	anchored_ipd_genome	DPA1	4	complete	0	0	0	0
exposed_validation	HG02055	BB15	AFR	anchored_ipd_genome	DPB1	2	complete	1	1	1	2
exposed_validation	HG02055	BB15	AFR	anchored_ipd_genome	DPB1	4	complete	1	1	1	2
exposed_validation	HG02055	BB15	AFR	anchored_ipd_genome	DQA1	2	complete	1	1	1	2
exposed_validation	HG02055	BB15	AFR	anchored_ipd_genome	DQA1	4	complete	1	1	0	0
exposed_validation	HG02055	BB15	AFR	anchored_ipd_genome	DQB1	2	complete	1	1	1	2
exposed_validation	HG02055	BB15	AFR	anchored_ipd_genome	DQB1	4	complete	1	1	1	2
exposed_validation	HG02055	BB15	AFR	anchored_ipd_genome	DRB1	2	complete	1	1	1	2
exposed_validation	HG02055	BB15	AFR	anchored_ipd_genome	DRB1	4	complete	0	0	0	0
exposed_validation	HG02055	BB15	AFR	anchored_hprc	A	2	complete	1	1	1	2
exposed_validation	HG02055	BB15	AFR	anchored_hprc	A	4	complete	1	1	1	2
exposed_validation	HG02055	BB15	AFR	anchored_hprc	B	2	complete	1	1	1	2
exposed_validation	HG02055	BB15	AFR	anchored_hprc	B	4	complete	1	1	1	2
exposed_validation	HG02055	BB15	AFR	anchored_hprc	C	2	complete	1	1	1	2
exposed_validation	HG02055	BB15	AFR	anchored_hprc	C	4	complete	1	1	1	2
exposed_validation	HG02055	BB15	AFR	anchored_hprc	DPA1	2	complete	1	1	1	2
exposed_validation	HG02055	BB15	AFR	anchored_hprc	DPA1	4	complete	0	0	0	0
exposed_validation	HG02055	BB15	AFR	anchored_hprc	DPB1	2	complete	1	1	1	2
exposed_validation	HG02055	BB15	AFR	anchored_hprc	DPB1	4	complete	1	1	1	2
exposed_validation	HG02055	BB15	AFR	anchored_hprc	DQA1	2	complete	1	1	1	2
exposed_validation	HG02055	BB15	AFR	anchored_hprc	DQA1	4	complete	1	1	0	0
exposed_validation	HG02055	BB15	AFR	anchored_hprc	DQB1	2	complete	1	1	1	2
exposed_validation	HG02055	BB15	AFR	anchored_hprc	DQB1	4	complete	1	1	1	2
exposed_validation	HG02055	BB15	AFR	anchored_hprc	DRB1	2	complete	1	1	1	2
exposed_validation	HG02055	BB15	AFR	anchored_hprc	DRB1	4	complete	0	0	0	0
exposed_validation	HG02055	BB15	AFR	anchored_hprc_asian	A	2	complete	1	1	1	2
exposed_validation	HG02055	BB15	AFR	anchored_hprc_asian	A	4	complete	1	1	1	2
exposed_validation	HG02055	BB15	AFR	anchored_hprc_asian	B	2	complete	1	1	1	2
exposed_validation	HG02055	BB15	AFR	anchored_hprc_asian	B	4	complete	1	1	1	2
exposed_validation	HG02055	BB15	AFR	anchored_hprc_asian	C	2	complete	1	1	1	2
exposed_validation	HG02055	BB15	AFR	anchored_hprc_asian	C	4	complete	1	1	1	2
exposed_validation	HG02055	BB15	AFR	anchored_hprc_asian	DPA1	2	complete	1	1	1	2
exposed_validation	HG02055	BB15	AFR	anchored_hprc_asian	DPA1	4	complete	0	0	0	0
exposed_validation	HG02055	BB15	AFR	anchored_hprc_asian	DPB1	2	complete	1	1	1	2
exposed_validation	HG02055	BB15	AFR	anchored_hprc_asian	DPB1	4	complete	1	1	1	2
exposed_validation	HG02055	BB15	AFR	anchored_hprc_asian	DQA1	2	complete	1	1	1	2
exposed_validation	HG02055	BB15	AFR	anchored_hprc_asian	DQA1	4	complete	1	1	0	0
exposed_validation	HG02055	BB15	AFR	anchored_hprc_asian	DQB1	2	complete	1	1	1	2
exposed_validation	HG02055	BB15	AFR	anchored_hprc_asian	DQB1	4	complete	1	1	1	2
exposed_validation	HG02055	BB15	AFR	anchored_hprc_asian	DRB1	2	complete	1	1	1	2
exposed_validation	HG02055	BB15	AFR	anchored_hprc_asian	DRB1	4	complete	0	0	0	0
exposed_validation	HG02056	VN060	EAS	T1K	A	2	complete	1	1	1	2
exposed_validation	HG02056	VN060	EAS	T1K	A	4	complete	1	1	1	2
exposed_validation	HG02056	VN060	EAS	T1K	B	2	complete	1	1	1	2
exposed_validation	HG02056	VN060	EAS	T1K	B	4	complete	0	0	0	0
exposed_validation	HG02056	VN060	EAS	T1K	C	2	complete	1	1	1	2
exposed_validation	HG02056	VN060	EAS	T1K	C	4	complete	1	1	0	1
exposed_validation	HG02056	VN060	EAS	T1K	DPA1	2	complete	1	1	1	2
exposed_validation	HG02056	VN060	EAS	T1K	DPA1	4	complete	0	0	0	0
exposed_validation	HG02056	VN060	EAS	T1K	DPB1	2	complete	1	1	1	2
exposed_validation	HG02056	VN060	EAS	T1K	DPB1	4	complete	1	1	0	1
exposed_validation	HG02056	VN060	EAS	T1K	DQA1	2	complete	1	1	1	2
exposed_validation	HG02056	VN060	EAS	T1K	DQA1	4	complete	1	1	1	2
exposed_validation	HG02056	VN060	EAS	T1K	DQB1	2	complete	1	1	1	2
exposed_validation	HG02056	VN060	EAS	T1K	DQB1	4	complete	1	1	0	1
exposed_validation	HG02056	VN060	EAS	T1K	DRB1	2	complete	1	1	0	1
exposed_validation	HG02056	VN060	EAS	T1K	DRB1	4	complete	0	0	0	0
exposed_validation	HG02056	VN060	EAS	anchored_ipd_genome	A	2	complete	1	1	1	2
exposed_validation	HG02056	VN060	EAS	anchored_ipd_genome	A	4	complete	1	1	1	2
exposed_validation	HG02056	VN060	EAS	anchored_ipd_genome	B	2	complete	1	1	1	2
exposed_validation	HG02056	VN060	EAS	anchored_ipd_genome	B	4	complete	0	0	0	0
exposed_validation	HG02056	VN060	EAS	anchored_ipd_genome	C	2	complete	1	1	1	2
exposed_validation	HG02056	VN060	EAS	anchored_ipd_genome	C	4	complete	1	1	1	2
exposed_validation	HG02056	VN060	EAS	anchored_ipd_genome	DPA1	2	complete	1	1	1	2
exposed_validation	HG02056	VN060	EAS	anchored_ipd_genome	DPA1	4	complete	0	0	0	0
exposed_validation	HG02056	VN060	EAS	anchored_ipd_genome	DPB1	2	complete	1	1	1	2
exposed_validation	HG02056	VN060	EAS	anchored_ipd_genome	DPB1	4	complete	1	1	1	2
exposed_validation	HG02056	VN060	EAS	anchored_ipd_genome	DQA1	2	complete	1	1	1	2
exposed_validation	HG02056	VN060	EAS	anchored_ipd_genome	DQA1	4	complete	1	1	1	2
exposed_validation	HG02056	VN060	EAS	anchored_ipd_genome	DQB1	2	complete	1	1	1	2
exposed_validation	HG02056	VN060	EAS	anchored_ipd_genome	DQB1	4	complete	1	1	1	2
exposed_validation	HG02056	VN060	EAS	anchored_ipd_genome	DRB1	2	complete	1	1	0	1
exposed_validation	HG02056	VN060	EAS	anchored_ipd_genome	DRB1	4	complete	0	0	0	0
exposed_validation	HG02056	VN060	EAS	anchored_hprc	A	2	complete	1	1	1	2
exposed_validation	HG02056	VN060	EAS	anchored_hprc	A	4	complete	1	1	1	2
exposed_validation	HG02056	VN060	EAS	anchored_hprc	B	2	complete	1	1	1	2
exposed_validation	HG02056	VN060	EAS	anchored_hprc	B	4	complete	0	0	0	0
exposed_validation	HG02056	VN060	EAS	anchored_hprc	C	2	complete	1	1	1	2
exposed_validation	HG02056	VN060	EAS	anchored_hprc	C	4	complete	1	1	1	2
exposed_validation	HG02056	VN060	EAS	anchored_hprc	DPA1	2	complete	1	1	1	2
exposed_validation	HG02056	VN060	EAS	anchored_hprc	DPA1	4	complete	0	0	0	0
exposed_validation	HG02056	VN060	EAS	anchored_hprc	DPB1	2	complete	1	1	1	2
exposed_validation	HG02056	VN060	EAS	anchored_hprc	DPB1	4	complete	1	1	1	2
exposed_validation	HG02056	VN060	EAS	anchored_hprc	DQA1	2	complete	1	1	1	2
exposed_validation	HG02056	VN060	EAS	anchored_hprc	DQA1	4	complete	1	1	1	2
exposed_validation	HG02056	VN060	EAS	anchored_hprc	DQB1	2	complete	1	1	1	2
exposed_validation	HG02056	VN060	EAS	anchored_hprc	DQB1	4	complete	1	1	1	2
exposed_validation	HG02056	VN060	EAS	anchored_hprc	DRB1	2	complete	1	1	0	1
exposed_validation	HG02056	VN060	EAS	anchored_hprc	DRB1	4	complete	0	0	0	0
exposed_validation	HG02056	VN060	EAS	anchored_hprc_asian	A	2	complete	1	1	1	2
exposed_validation	HG02056	VN060	EAS	anchored_hprc_asian	A	4	complete	1	1	1	2
exposed_validation	HG02056	VN060	EAS	anchored_hprc_asian	B	2	complete	1	1	1	2
exposed_validation	HG02056	VN060	EAS	anchored_hprc_asian	B	4	complete	0	0	0	0
exposed_validation	HG02056	VN060	EAS	anchored_hprc_asian	C	2	complete	1	1	1	2
exposed_validation	HG02056	VN060	EAS	anchored_hprc_asian	C	4	complete	1	1	1	2
exposed_validation	HG02056	VN060	EAS	anchored_hprc_asian	DPA1	2	complete	1	1	1	2
exposed_validation	HG02056	VN060	EAS	anchored_hprc_asian	DPA1	4	complete	0	0	0	0
exposed_validation	HG02056	VN060	EAS	anchored_hprc_asian	DPB1	2	complete	1	1	1	2
exposed_validation	HG02056	VN060	EAS	anchored_hprc_asian	DPB1	4	complete	1	1	1	2
exposed_validation	HG02056	VN060	EAS	anchored_hprc_asian	DQA1	2	complete	1	1	1	2
exposed_validation	HG02056	VN060	EAS	anchored_hprc_asian	DQA1	4	complete	1	1	1	2
exposed_validation	HG02056	VN060	EAS	anchored_hprc_asian	DQB1	2	complete	1	1	1	2
exposed_validation	HG02056	VN060	EAS	anchored_hprc_asian	DQB1	4	complete	1	1	1	2
exposed_validation	HG02056	VN060	EAS	anchored_hprc_asian	DRB1	2	complete	1	1	0	1
exposed_validation	HG02056	VN060	EAS	anchored_hprc_asian	DRB1	4	complete	0	0	0	0
exposed_validation	HG02071	VN065	EAS	T1K	A	2	complete	1	1	1	2
exposed_validation	HG02071	VN065	EAS	T1K	A	4	complete	1	1	1	2
exposed_validation	HG02071	VN065	EAS	T1K	B	2	complete	1	1	0	1
exposed_validation	HG02071	VN065	EAS	T1K	B	4	complete	0	0	0	0
exposed_validation	HG02071	VN065	EAS	T1K	C	2	complete	1	1	1	2
exposed_validation	HG02071	VN065	EAS	T1K	C	4	complete	1	1	0	1
exposed_validation	HG02071	VN065	EAS	T1K	DPA1	2	complete	1	1	1	2
exposed_validation	HG02071	VN065	EAS	T1K	DPA1	4	complete	0	0	0	0
exposed_validation	HG02071	VN065	EAS	T1K	DPB1	2	complete	1	1	1	2
exposed_validation	HG02071	VN065	EAS	T1K	DPB1	4	complete	1	1	1	2
exposed_validation	HG02071	VN065	EAS	T1K	DQA1	2	complete	1	1	1	2
exposed_validation	HG02071	VN065	EAS	T1K	DQA1	4	complete	1	1	0	0
exposed_validation	HG02071	VN065	EAS	T1K	DQB1	2	complete	1	1	1	2
exposed_validation	HG02071	VN065	EAS	T1K	DQB1	4	complete	1	1	0	0
exposed_validation	HG02071	VN065	EAS	T1K	DRB1	2	complete	1	1	1	2
exposed_validation	HG02071	VN065	EAS	T1K	DRB1	4	complete	0	0	0	0
exposed_validation	HG02071	VN065	EAS	anchored_ipd_genome	A	2	complete	1	1	1	2
exposed_validation	HG02071	VN065	EAS	anchored_ipd_genome	A	4	complete	1	1	1	2
exposed_validation	HG02071	VN065	EAS	anchored_ipd_genome	B	2	complete	1	1	0	1
exposed_validation	HG02071	VN065	EAS	anchored_ipd_genome	B	4	complete	0	0	0	0
exposed_validation	HG02071	VN065	EAS	anchored_ipd_genome	C	2	complete	1	1	1	2
exposed_validation	HG02071	VN065	EAS	anchored_ipd_genome	C	4	complete	1	1	1	2
exposed_validation	HG02071	VN065	EAS	anchored_ipd_genome	DPA1	2	complete	1	1	1	2
exposed_validation	HG02071	VN065	EAS	anchored_ipd_genome	DPA1	4	complete	0	0	0	0
exposed_validation	HG02071	VN065	EAS	anchored_ipd_genome	DPB1	2	complete	1	1	1	2
exposed_validation	HG02071	VN065	EAS	anchored_ipd_genome	DPB1	4	complete	1	1	1	2
exposed_validation	HG02071	VN065	EAS	anchored_ipd_genome	DQA1	2	complete	1	1	1	2
exposed_validation	HG02071	VN065	EAS	anchored_ipd_genome	DQA1	4	complete	1	1	0	1
exposed_validation	HG02071	VN065	EAS	anchored_ipd_genome	DQB1	2	complete	1	1	1	2
exposed_validation	HG02071	VN065	EAS	anchored_ipd_genome	DQB1	4	complete	1	1	1	2
exposed_validation	HG02071	VN065	EAS	anchored_ipd_genome	DRB1	2	complete	1	1	1	2
exposed_validation	HG02071	VN065	EAS	anchored_ipd_genome	DRB1	4	complete	0	0	0	0
exposed_validation	HG02071	VN065	EAS	anchored_hprc	A	2	complete	1	1	1	2
exposed_validation	HG02071	VN065	EAS	anchored_hprc	A	4	complete	1	1	1	2
exposed_validation	HG02071	VN065	EAS	anchored_hprc	B	2	complete	1	1	0	1
exposed_validation	HG02071	VN065	EAS	anchored_hprc	B	4	complete	0	0	0	0
exposed_validation	HG02071	VN065	EAS	anchored_hprc	C	2	complete	1	1	1	2
exposed_validation	HG02071	VN065	EAS	anchored_hprc	C	4	complete	1	1	1	2
exposed_validation	HG02071	VN065	EAS	anchored_hprc	DPA1	2	complete	1	1	1	2
exposed_validation	HG02071	VN065	EAS	anchored_hprc	DPA1	4	complete	0	0	0	0
exposed_validation	HG02071	VN065	EAS	anchored_hprc	DPB1	2	complete	1	1	1	2
exposed_validation	HG02071	VN065	EAS	anchored_hprc	DPB1	4	complete	1	1	1	2
exposed_validation	HG02071	VN065	EAS	anchored_hprc	DQA1	2	complete	1	1	1	2
exposed_validation	HG02071	VN065	EAS	anchored_hprc	DQA1	4	complete	1	1	0	1
exposed_validation	HG02071	VN065	EAS	anchored_hprc	DQB1	2	complete	1	1	1	2
exposed_validation	HG02071	VN065	EAS	anchored_hprc	DQB1	4	complete	1	1	1	2
exposed_validation	HG02071	VN065	EAS	anchored_hprc	DRB1	2	complete	1	1	1	2
exposed_validation	HG02071	VN065	EAS	anchored_hprc	DRB1	4	complete	0	0	0	0
exposed_validation	HG02071	VN065	EAS	anchored_hprc_asian	A	2	complete	1	1	1	2
exposed_validation	HG02071	VN065	EAS	anchored_hprc_asian	A	4	complete	1	1	1	2
exposed_validation	HG02071	VN065	EAS	anchored_hprc_asian	B	2	complete	1	1	0	1
exposed_validation	HG02071	VN065	EAS	anchored_hprc_asian	B	4	complete	0	0	0	0
exposed_validation	HG02071	VN065	EAS	anchored_hprc_asian	C	2	complete	1	1	1	2
exposed_validation	HG02071	VN065	EAS	anchored_hprc_asian	C	4	complete	1	1	1	2
exposed_validation	HG02071	VN065	EAS	anchored_hprc_asian	DPA1	2	complete	1	1	1	2
exposed_validation	HG02071	VN065	EAS	anchored_hprc_asian	DPA1	4	complete	0	0	0	0
exposed_validation	HG02071	VN065	EAS	anchored_hprc_asian	DPB1	2	complete	1	1	1	2
exposed_validation	HG02071	VN065	EAS	anchored_hprc_asian	DPB1	4	complete	1	1	1	2
exposed_validation	HG02071	VN065	EAS	anchored_hprc_asian	DQA1	2	complete	1	1	1	2
exposed_validation	HG02071	VN065	EAS	anchored_hprc_asian	DQA1	4	complete	1	1	0	1
exposed_validation	HG02071	VN065	EAS	anchored_hprc_asian	DQB1	2	complete	1	1	1	2
exposed_validation	HG02071	VN065	EAS	anchored_hprc_asian	DQB1	4	complete	1	1	1	2
exposed_validation	HG02071	VN065	EAS	anchored_hprc_asian	DRB1	2	complete	1	1	1	2
exposed_validation	HG02071	VN065	EAS	anchored_hprc_asian	DRB1	4	complete	0	0	0	0
exposed_validation	HG02080	VN068	EAS	T1K	A	2	complete	1	1	1	2
exposed_validation	HG02080	VN068	EAS	T1K	A	4	complete	1	1	1	2
exposed_validation	HG02080	VN068	EAS	T1K	B	2	complete	1	1	0	1
exposed_validation	HG02080	VN068	EAS	T1K	B	4	complete	0	0	0	0
exposed_validation	HG02080	VN068	EAS	T1K	C	2	complete	1	1	1	2
exposed_validation	HG02080	VN068	EAS	T1K	C	4	complete	1	1	0	0
exposed_validation	HG02080	VN068	EAS	T1K	DPA1	2	complete	1	1	0	1
exposed_validation	HG02080	VN068	EAS	T1K	DPA1	4	complete	0	0	0	0
exposed_validation	HG02080	VN068	EAS	T1K	DPB1	2	complete	1	1	1	2
exposed_validation	HG02080	VN068	EAS	T1K	DPB1	4	complete	1	1	1	2
exposed_validation	HG02080	VN068	EAS	T1K	DQA1	2	complete	1	1	1	2
exposed_validation	HG02080	VN068	EAS	T1K	DQA1	4	complete	0	0	0	0
exposed_validation	HG02080	VN068	EAS	T1K	DQB1	2	complete	1	1	1	2
exposed_validation	HG02080	VN068	EAS	T1K	DQB1	4	complete	1	1	1	2
exposed_validation	HG02080	VN068	EAS	T1K	DRB1	2	complete	1	1	1	2
exposed_validation	HG02080	VN068	EAS	T1K	DRB1	4	complete	0	0	0	0
exposed_validation	HG02080	VN068	EAS	anchored_ipd_genome	A	2	complete	1	1	1	2
exposed_validation	HG02080	VN068	EAS	anchored_ipd_genome	A	4	complete	1	1	1	2
exposed_validation	HG02080	VN068	EAS	anchored_ipd_genome	B	2	complete	1	1	0	1
exposed_validation	HG02080	VN068	EAS	anchored_ipd_genome	B	4	complete	0	0	0	0
exposed_validation	HG02080	VN068	EAS	anchored_ipd_genome	C	2	complete	1	1	1	2
exposed_validation	HG02080	VN068	EAS	anchored_ipd_genome	C	4	complete	1	1	1	2
exposed_validation	HG02080	VN068	EAS	anchored_ipd_genome	DPA1	2	complete	1	1	0	1
exposed_validation	HG02080	VN068	EAS	anchored_ipd_genome	DPA1	4	complete	0	0	0	0
exposed_validation	HG02080	VN068	EAS	anchored_ipd_genome	DPB1	2	complete	1	1	1	2
exposed_validation	HG02080	VN068	EAS	anchored_ipd_genome	DPB1	4	complete	1	1	1	2
exposed_validation	HG02080	VN068	EAS	anchored_ipd_genome	DQA1	2	complete	1	1	1	2
exposed_validation	HG02080	VN068	EAS	anchored_ipd_genome	DQA1	4	complete	0	0	0	0
exposed_validation	HG02080	VN068	EAS	anchored_ipd_genome	DQB1	2	complete	1	1	1	2
exposed_validation	HG02080	VN068	EAS	anchored_ipd_genome	DQB1	4	complete	1	1	1	2
exposed_validation	HG02080	VN068	EAS	anchored_ipd_genome	DRB1	2	complete	1	1	1	2
exposed_validation	HG02080	VN068	EAS	anchored_ipd_genome	DRB1	4	complete	0	0	0	0
exposed_validation	HG02080	VN068	EAS	anchored_hprc	A	2	complete	1	1	1	2
exposed_validation	HG02080	VN068	EAS	anchored_hprc	A	4	complete	1	1	1	2
exposed_validation	HG02080	VN068	EAS	anchored_hprc	B	2	complete	1	1	0	1
exposed_validation	HG02080	VN068	EAS	anchored_hprc	B	4	complete	0	0	0	0
exposed_validation	HG02080	VN068	EAS	anchored_hprc	C	2	complete	1	1	1	2
exposed_validation	HG02080	VN068	EAS	anchored_hprc	C	4	complete	1	1	1	2
exposed_validation	HG02080	VN068	EAS	anchored_hprc	DPA1	2	complete	1	1	0	1
exposed_validation	HG02080	VN068	EAS	anchored_hprc	DPA1	4	complete	0	0	0	0
exposed_validation	HG02080	VN068	EAS	anchored_hprc	DPB1	2	complete	1	1	1	2
exposed_validation	HG02080	VN068	EAS	anchored_hprc	DPB1	4	complete	1	1	1	2
exposed_validation	HG02080	VN068	EAS	anchored_hprc	DQA1	2	complete	1	1	1	2
exposed_validation	HG02080	VN068	EAS	anchored_hprc	DQA1	4	complete	0	0	0	0
exposed_validation	HG02080	VN068	EAS	anchored_hprc	DQB1	2	complete	1	1	1	2
exposed_validation	HG02080	VN068	EAS	anchored_hprc	DQB1	4	complete	1	1	1	2
exposed_validation	HG02080	VN068	EAS	anchored_hprc	DRB1	2	complete	1	1	1	2
exposed_validation	HG02080	VN068	EAS	anchored_hprc	DRB1	4	complete	0	0	0	0
exposed_validation	HG02080	VN068	EAS	anchored_hprc_asian	A	2	complete	1	1	1	2
exposed_validation	HG02080	VN068	EAS	anchored_hprc_asian	A	4	complete	1	1	1	2
exposed_validation	HG02080	VN068	EAS	anchored_hprc_asian	B	2	complete	1	1	0	1
exposed_validation	HG02080	VN068	EAS	anchored_hprc_asian	B	4	complete	0	0	0	0
exposed_validation	HG02080	VN068	EAS	anchored_hprc_asian	C	2	complete	1	1	1	2
exposed_validation	HG02080	VN068	EAS	anchored_hprc_asian	C	4	complete	1	1	1	2
exposed_validation	HG02080	VN068	EAS	anchored_hprc_asian	DPA1	2	complete	1	1	0	1
exposed_validation	HG02080	VN068	EAS	anchored_hprc_asian	DPA1	4	complete	0	0	0	0
exposed_validation	HG02080	VN068	EAS	anchored_hprc_asian	DPB1	2	complete	1	1	1	2
exposed_validation	HG02080	VN068	EAS	anchored_hprc_asian	DPB1	4	complete	1	1	1	2
exposed_validation	HG02080	VN068	EAS	anchored_hprc_asian	DQA1	2	complete	1	1	1	2
exposed_validation	HG02080	VN068	EAS	anchored_hprc_asian	DQA1	4	complete	0	0	0	0
exposed_validation	HG02080	VN068	EAS	anchored_hprc_asian	DQB1	2	complete	1	1	1	2
exposed_validation	HG02080	VN068	EAS	anchored_hprc_asian	DQB1	4	complete	1	1	1	2
exposed_validation	HG02080	VN068	EAS	anchored_hprc_asian	DRB1	2	complete	1	1	1	2
exposed_validation	HG02080	VN068	EAS	anchored_hprc_asian	DRB1	4	complete	0	0	0	0
exposed_validation	HG02083	VN069	EAS	T1K	A	2	complete	1	1	1	2
exposed_validation	HG02083	VN069	EAS	T1K	A	4	complete	1	1	1	2
exposed_validation	HG02083	VN069	EAS	T1K	B	2	complete	1	1	1	2
exposed_validation	HG02083	VN069	EAS	T1K	B	4	complete	1	1	0	1
exposed_validation	HG02083	VN069	EAS	T1K	C	2	complete	1	1	1	2
exposed_validation	HG02083	VN069	EAS	T1K	C	4	complete	1	1	0	1
exposed_validation	HG02083	VN069	EAS	T1K	DPA1	2	complete	1	1	1	2
exposed_validation	HG02083	VN069	EAS	T1K	DPA1	4	complete	0	0	0	0
exposed_validation	HG02083	VN069	EAS	T1K	DPB1	2	complete	1	1	1	2
exposed_validation	HG02083	VN069	EAS	T1K	DPB1	4	complete	0	0	0	0
exposed_validation	HG02083	VN069	EAS	T1K	DQA1	2	complete	1	1	1	2
exposed_validation	HG02083	VN069	EAS	T1K	DQA1	4	complete	1	1	0	0
exposed_validation	HG02083	VN069	EAS	T1K	DQB1	2	complete	1	1	1	2
exposed_validation	HG02083	VN069	EAS	T1K	DQB1	4	complete	1	1	0	1
exposed_validation	HG02083	VN069	EAS	T1K	DRB1	2	complete	1	1	1	2
exposed_validation	HG02083	VN069	EAS	T1K	DRB1	4	complete	0	0	0	0
exposed_validation	HG02083	VN069	EAS	anchored_ipd_genome	A	2	complete	1	1	1	2
exposed_validation	HG02083	VN069	EAS	anchored_ipd_genome	A	4	complete	1	1	1	2
exposed_validation	HG02083	VN069	EAS	anchored_ipd_genome	B	2	complete	1	1	1	2
exposed_validation	HG02083	VN069	EAS	anchored_ipd_genome	B	4	complete	1	1	1	2
exposed_validation	HG02083	VN069	EAS	anchored_ipd_genome	C	2	complete	1	1	1	2
exposed_validation	HG02083	VN069	EAS	anchored_ipd_genome	C	4	complete	1	1	1	2
exposed_validation	HG02083	VN069	EAS	anchored_ipd_genome	DPA1	2	complete	1	1	1	2
exposed_validation	HG02083	VN069	EAS	anchored_ipd_genome	DPA1	4	complete	0	0	0	0
exposed_validation	HG02083	VN069	EAS	anchored_ipd_genome	DPB1	2	complete	1	1	1	2
exposed_validation	HG02083	VN069	EAS	anchored_ipd_genome	DPB1	4	complete	0	0	0	0
exposed_validation	HG02083	VN069	EAS	anchored_ipd_genome	DQA1	2	complete	1	1	1	2
exposed_validation	HG02083	VN069	EAS	anchored_ipd_genome	DQA1	4	complete	1	1	1	2
exposed_validation	HG02083	VN069	EAS	anchored_ipd_genome	DQB1	2	complete	1	1	1	2
exposed_validation	HG02083	VN069	EAS	anchored_ipd_genome	DQB1	4	complete	1	1	1	2
exposed_validation	HG02083	VN069	EAS	anchored_ipd_genome	DRB1	2	complete	1	1	1	2
exposed_validation	HG02083	VN069	EAS	anchored_ipd_genome	DRB1	4	complete	0	0	0	0
exposed_validation	HG02083	VN069	EAS	anchored_hprc	A	2	complete	1	1	1	2
exposed_validation	HG02083	VN069	EAS	anchored_hprc	A	4	complete	1	1	1	2
exposed_validation	HG02083	VN069	EAS	anchored_hprc	B	2	complete	1	1	1	2
exposed_validation	HG02083	VN069	EAS	anchored_hprc	B	4	complete	1	1	1	2
exposed_validation	HG02083	VN069	EAS	anchored_hprc	C	2	complete	1	1	1	2
exposed_validation	HG02083	VN069	EAS	anchored_hprc	C	4	complete	1	1	1	2
exposed_validation	HG02083	VN069	EAS	anchored_hprc	DPA1	2	complete	1	1	1	2
exposed_validation	HG02083	VN069	EAS	anchored_hprc	DPA1	4	complete	0	0	0	0
exposed_validation	HG02083	VN069	EAS	anchored_hprc	DPB1	2	complete	1	1	1	2
exposed_validation	HG02083	VN069	EAS	anchored_hprc	DPB1	4	complete	0	0	0	0
exposed_validation	HG02083	VN069	EAS	anchored_hprc	DQA1	2	complete	1	1	1	2
exposed_validation	HG02083	VN069	EAS	anchored_hprc	DQA1	4	complete	1	1	1	2
exposed_validation	HG02083	VN069	EAS	anchored_hprc	DQB1	2	complete	1	1	1	2
exposed_validation	HG02083	VN069	EAS	anchored_hprc	DQB1	4	complete	1	1	1	2
exposed_validation	HG02083	VN069	EAS	anchored_hprc	DRB1	2	complete	1	1	1	2
exposed_validation	HG02083	VN069	EAS	anchored_hprc	DRB1	4	complete	0	0	0	0
exposed_validation	HG02083	VN069	EAS	anchored_hprc_asian	A	2	complete	1	1	1	2
exposed_validation	HG02083	VN069	EAS	anchored_hprc_asian	A	4	complete	1	1	1	2
exposed_validation	HG02083	VN069	EAS	anchored_hprc_asian	B	2	complete	1	1	1	2
exposed_validation	HG02083	VN069	EAS	anchored_hprc_asian	B	4	complete	1	1	1	2
exposed_validation	HG02083	VN069	EAS	anchored_hprc_asian	C	2	complete	1	1	1	2
exposed_validation	HG02083	VN069	EAS	anchored_hprc_asian	C	4	complete	1	1	1	2
exposed_validation	HG02083	VN069	EAS	anchored_hprc_asian	DPA1	2	complete	1	1	1	2
exposed_validation	HG02083	VN069	EAS	anchored_hprc_asian	DPA1	4	complete	0	0	0	0
exposed_validation	HG02083	VN069	EAS	anchored_hprc_asian	DPB1	2	complete	1	1	1	2
exposed_validation	HG02083	VN069	EAS	anchored_hprc_asian	DPB1	4	complete	0	0	0	0
exposed_validation	HG02083	VN069	EAS	anchored_hprc_asian	DQA1	2	complete	1	1	1	2
exposed_validation	HG02083	VN069	EAS	anchored_hprc_asian	DQA1	4	complete	1	1	1	2
exposed_validation	HG02083	VN069	EAS	anchored_hprc_asian	DQB1	2	complete	1	1	1	2
exposed_validation	HG02083	VN069	EAS	anchored_hprc_asian	DQB1	4	complete	1	1	1	2
exposed_validation	HG02083	VN069	EAS	anchored_hprc_asian	DRB1	2	complete	1	1	1	2
exposed_validation	HG02083	VN069	EAS	anchored_hprc_asian	DRB1	4	complete	0	0	0	0
exposed_validation	HG02129	VN079	EAS	T1K	A	2	complete	1	1	1	2
exposed_validation	HG02129	VN079	EAS	T1K	A	4	complete	1	1	1	2
exposed_validation	HG02129	VN079	EAS	T1K	B	2	complete	1	1	0	1
exposed_validation	HG02129	VN079	EAS	T1K	B	4	complete	0	0	0	0
exposed_validation	HG02129	VN079	EAS	T1K	C	2	complete	1	1	1	2
exposed_validation	HG02129	VN079	EAS	T1K	C	4	complete	1	1	0	1
exposed_validation	HG02129	VN079	EAS	T1K	DPA1	2	complete	1	1	1	2
exposed_validation	HG02129	VN079	EAS	T1K	DPA1	4	complete	0	0	0	0
exposed_validation	HG02129	VN079	EAS	T1K	DPB1	2	complete	1	1	1	2
exposed_validation	HG02129	VN079	EAS	T1K	DPB1	4	complete	0	0	0	0
exposed_validation	HG02129	VN079	EAS	T1K	DQA1	2	complete	1	1	1	2
exposed_validation	HG02129	VN079	EAS	T1K	DQA1	4	complete	0	0	0	0
exposed_validation	HG02129	VN079	EAS	T1K	DQB1	2	complete	1	1	1	2
exposed_validation	HG02129	VN079	EAS	T1K	DQB1	4	complete	1	1	1	2
exposed_validation	HG02129	VN079	EAS	T1K	DRB1	2	complete	1	1	1	2
exposed_validation	HG02129	VN079	EAS	T1K	DRB1	4	complete	0	0	0	0
exposed_validation	HG02129	VN079	EAS	anchored_ipd_genome	A	2	complete	1	1	1	2
exposed_validation	HG02129	VN079	EAS	anchored_ipd_genome	A	4	complete	1	1	1	2
exposed_validation	HG02129	VN079	EAS	anchored_ipd_genome	B	2	complete	1	1	0	1
exposed_validation	HG02129	VN079	EAS	anchored_ipd_genome	B	4	complete	0	0	0	0
exposed_validation	HG02129	VN079	EAS	anchored_ipd_genome	C	2	complete	1	1	1	2
exposed_validation	HG02129	VN079	EAS	anchored_ipd_genome	C	4	complete	1	1	1	2
exposed_validation	HG02129	VN079	EAS	anchored_ipd_genome	DPA1	2	complete	1	1	1	2
exposed_validation	HG02129	VN079	EAS	anchored_ipd_genome	DPA1	4	complete	0	0	0	0
exposed_validation	HG02129	VN079	EAS	anchored_ipd_genome	DPB1	2	complete	1	1	1	2
exposed_validation	HG02129	VN079	EAS	anchored_ipd_genome	DPB1	4	complete	0	0	0	0
exposed_validation	HG02129	VN079	EAS	anchored_ipd_genome	DQA1	2	complete	1	1	1	2
exposed_validation	HG02129	VN079	EAS	anchored_ipd_genome	DQA1	4	complete	0	0	0	0
exposed_validation	HG02129	VN079	EAS	anchored_ipd_genome	DQB1	2	complete	1	1	1	2
exposed_validation	HG02129	VN079	EAS	anchored_ipd_genome	DQB1	4	complete	1	1	1	2
exposed_validation	HG02129	VN079	EAS	anchored_ipd_genome	DRB1	2	complete	1	1	1	2
exposed_validation	HG02129	VN079	EAS	anchored_ipd_genome	DRB1	4	complete	0	0	0	0
exposed_validation	HG02129	VN079	EAS	anchored_hprc	A	2	complete	1	1	1	2
exposed_validation	HG02129	VN079	EAS	anchored_hprc	A	4	complete	1	1	1	2
exposed_validation	HG02129	VN079	EAS	anchored_hprc	B	2	complete	1	1	0	1
exposed_validation	HG02129	VN079	EAS	anchored_hprc	B	4	complete	0	0	0	0
exposed_validation	HG02129	VN079	EAS	anchored_hprc	C	2	complete	1	1	1	2
exposed_validation	HG02129	VN079	EAS	anchored_hprc	C	4	complete	1	1	1	2
exposed_validation	HG02129	VN079	EAS	anchored_hprc	DPA1	2	complete	1	1	1	2
exposed_validation	HG02129	VN079	EAS	anchored_hprc	DPA1	4	complete	0	0	0	0
exposed_validation	HG02129	VN079	EAS	anchored_hprc	DPB1	2	complete	1	1	1	2
exposed_validation	HG02129	VN079	EAS	anchored_hprc	DPB1	4	complete	0	0	0	0
exposed_validation	HG02129	VN079	EAS	anchored_hprc	DQA1	2	complete	1	1	1	2
exposed_validation	HG02129	VN079	EAS	anchored_hprc	DQA1	4	complete	0	0	0	0
exposed_validation	HG02129	VN079	EAS	anchored_hprc	DQB1	2	complete	1	1	1	2
exposed_validation	HG02129	VN079	EAS	anchored_hprc	DQB1	4	complete	1	1	1	2
exposed_validation	HG02129	VN079	EAS	anchored_hprc	DRB1	2	complete	1	1	1	2
exposed_validation	HG02129	VN079	EAS	anchored_hprc	DRB1	4	complete	0	0	0	0
exposed_validation	HG02129	VN079	EAS	anchored_hprc_asian	A	2	complete	1	1	1	2
exposed_validation	HG02129	VN079	EAS	anchored_hprc_asian	A	4	complete	1	1	1	2
exposed_validation	HG02129	VN079	EAS	anchored_hprc_asian	B	2	complete	1	1	0	1
exposed_validation	HG02129	VN079	EAS	anchored_hprc_asian	B	4	complete	0	0	0	0
exposed_validation	HG02129	VN079	EAS	anchored_hprc_asian	C	2	complete	1	1	1	2
exposed_validation	HG02129	VN079	EAS	anchored_hprc_asian	C	4	complete	1	1	1	2
exposed_validation	HG02129	VN079	EAS	anchored_hprc_asian	DPA1	2	complete	1	1	1	2
exposed_validation	HG02129	VN079	EAS	anchored_hprc_asian	DPA1	4	complete	0	0	0	0
exposed_validation	HG02129	VN079	EAS	anchored_hprc_asian	DPB1	2	complete	1	1	1	2
exposed_validation	HG02129	VN079	EAS	anchored_hprc_asian	DPB1	4	complete	0	0	0	0
exposed_validation	HG02129	VN079	EAS	anchored_hprc_asian	DQA1	2	complete	1	1	1	2
exposed_validation	HG02129	VN079	EAS	anchored_hprc_asian	DQA1	4	complete	0	0	0	0
exposed_validation	HG02129	VN079	EAS	anchored_hprc_asian	DQB1	2	complete	1	1	1	2
exposed_validation	HG02129	VN079	EAS	anchored_hprc_asian	DQB1	4	complete	1	1	1	2
exposed_validation	HG02129	VN079	EAS	anchored_hprc_asian	DRB1	2	complete	1	1	1	2
exposed_validation	HG02129	VN079	EAS	anchored_hprc_asian	DRB1	4	complete	0	0	0	0
exposed_validation	HG02135	VN081	EAS	T1K	A	2	complete	1	1	1	2
exposed_validation	HG02135	VN081	EAS	T1K	A	4	complete	1	1	1	2
exposed_validation	HG02135	VN081	EAS	T1K	B	2	complete	1	1	1	2
exposed_validation	HG02135	VN081	EAS	T1K	B	4	complete	0	0	0	0
exposed_validation	HG02135	VN081	EAS	T1K	C	2	complete	1	1	1	2
exposed_validation	HG02135	VN081	EAS	T1K	C	4	complete	1	1	0	1
exposed_validation	HG02135	VN081	EAS	T1K	DPA1	2	complete	1	1	1	2
exposed_validation	HG02135	VN081	EAS	T1K	DPA1	4	complete	0	0	0	0
exposed_validation	HG02135	VN081	EAS	T1K	DPB1	2	complete	1	1	1	2
exposed_validation	HG02135	VN081	EAS	T1K	DPB1	4	complete	1	1	0	0
exposed_validation	HG02135	VN081	EAS	T1K	DQA1	2	complete	1	1	1	2
exposed_validation	HG02135	VN081	EAS	T1K	DQA1	4	complete	1	1	0	1
exposed_validation	HG02135	VN081	EAS	T1K	DQB1	2	complete	1	1	1	2
exposed_validation	HG02135	VN081	EAS	T1K	DQB1	4	complete	1	1	1	2
exposed_validation	HG02135	VN081	EAS	T1K	DRB1	2	complete	1	1	1	2
exposed_validation	HG02135	VN081	EAS	T1K	DRB1	4	complete	0	0	0	0
exposed_validation	HG02135	VN081	EAS	anchored_ipd_genome	A	2	complete	1	1	1	2
exposed_validation	HG02135	VN081	EAS	anchored_ipd_genome	A	4	complete	1	1	1	2
exposed_validation	HG02135	VN081	EAS	anchored_ipd_genome	B	2	complete	1	1	1	2
exposed_validation	HG02135	VN081	EAS	anchored_ipd_genome	B	4	complete	0	0	0	0
exposed_validation	HG02135	VN081	EAS	anchored_ipd_genome	C	2	complete	1	1	1	2
exposed_validation	HG02135	VN081	EAS	anchored_ipd_genome	C	4	complete	1	1	0	1
exposed_validation	HG02135	VN081	EAS	anchored_ipd_genome	DPA1	2	complete	1	1	1	2
exposed_validation	HG02135	VN081	EAS	anchored_ipd_genome	DPA1	4	complete	0	0	0	0
exposed_validation	HG02135	VN081	EAS	anchored_ipd_genome	DPB1	2	complete	1	1	1	2
exposed_validation	HG02135	VN081	EAS	anchored_ipd_genome	DPB1	4	complete	1	1	1	2
exposed_validation	HG02135	VN081	EAS	anchored_ipd_genome	DQA1	2	complete	1	1	1	2
exposed_validation	HG02135	VN081	EAS	anchored_ipd_genome	DQA1	4	complete	1	1	1	2
exposed_validation	HG02135	VN081	EAS	anchored_ipd_genome	DQB1	2	complete	1	1	1	2
exposed_validation	HG02135	VN081	EAS	anchored_ipd_genome	DQB1	4	complete	1	1	1	2
exposed_validation	HG02135	VN081	EAS	anchored_ipd_genome	DRB1	2	complete	1	1	1	2
exposed_validation	HG02135	VN081	EAS	anchored_ipd_genome	DRB1	4	complete	0	0	0	0
exposed_validation	HG02135	VN081	EAS	anchored_hprc	A	2	complete	1	1	1	2
exposed_validation	HG02135	VN081	EAS	anchored_hprc	A	4	complete	1	1	1	2
exposed_validation	HG02135	VN081	EAS	anchored_hprc	B	2	complete	1	1	1	2
exposed_validation	HG02135	VN081	EAS	anchored_hprc	B	4	complete	0	0	0	0
exposed_validation	HG02135	VN081	EAS	anchored_hprc	C	2	complete	1	1	1	2
exposed_validation	HG02135	VN081	EAS	anchored_hprc	C	4	complete	1	1	0	1
exposed_validation	HG02135	VN081	EAS	anchored_hprc	DPA1	2	complete	1	1	1	2
exposed_validation	HG02135	VN081	EAS	anchored_hprc	DPA1	4	complete	0	0	0	0
exposed_validation	HG02135	VN081	EAS	anchored_hprc	DPB1	2	complete	1	1	1	2
exposed_validation	HG02135	VN081	EAS	anchored_hprc	DPB1	4	complete	1	1	1	2
exposed_validation	HG02135	VN081	EAS	anchored_hprc	DQA1	2	complete	1	1	1	2
exposed_validation	HG02135	VN081	EAS	anchored_hprc	DQA1	4	complete	1	1	1	2
exposed_validation	HG02135	VN081	EAS	anchored_hprc	DQB1	2	complete	1	1	1	2
exposed_validation	HG02135	VN081	EAS	anchored_hprc	DQB1	4	complete	1	1	1	2
exposed_validation	HG02135	VN081	EAS	anchored_hprc	DRB1	2	complete	1	1	1	2
exposed_validation	HG02135	VN081	EAS	anchored_hprc	DRB1	4	complete	0	0	0	0
exposed_validation	HG02135	VN081	EAS	anchored_hprc_asian	A	2	complete	1	1	1	2
exposed_validation	HG02135	VN081	EAS	anchored_hprc_asian	A	4	complete	1	1	1	2
exposed_validation	HG02135	VN081	EAS	anchored_hprc_asian	B	2	complete	1	1	1	2
exposed_validation	HG02135	VN081	EAS	anchored_hprc_asian	B	4	complete	0	0	0	0
exposed_validation	HG02135	VN081	EAS	anchored_hprc_asian	C	2	complete	1	1	1	2
exposed_validation	HG02135	VN081	EAS	anchored_hprc_asian	C	4	complete	1	1	0	1
exposed_validation	HG02135	VN081	EAS	anchored_hprc_asian	DPA1	2	complete	1	1	1	2
exposed_validation	HG02135	VN081	EAS	anchored_hprc_asian	DPA1	4	complete	0	0	0	0
exposed_validation	HG02135	VN081	EAS	anchored_hprc_asian	DPB1	2	complete	1	1	1	2
exposed_validation	HG02135	VN081	EAS	anchored_hprc_asian	DPB1	4	complete	1	1	1	2
exposed_validation	HG02135	VN081	EAS	anchored_hprc_asian	DQA1	2	complete	1	1	1	2
exposed_validation	HG02135	VN081	EAS	anchored_hprc_asian	DQA1	4	complete	1	1	1	2
exposed_validation	HG02135	VN081	EAS	anchored_hprc_asian	DQB1	2	complete	1	1	1	2
exposed_validation	HG02135	VN081	EAS	anchored_hprc_asian	DQB1	4	complete	1	1	1	2
exposed_validation	HG02135	VN081	EAS	anchored_hprc_asian	DRB1	2	complete	1	1	1	2
exposed_validation	HG02135	VN081	EAS	anchored_hprc_asian	DRB1	4	complete	0	0	0	0
exposed_validation	HG02148	PEL39	AMR	T1K	A	2	complete	1	1	1	2
exposed_validation	HG02148	PEL39	AMR	T1K	A	4	complete	1	1	1	2
exposed_validation	HG02148	PEL39	AMR	T1K	B	2	complete	1	1	1	2
exposed_validation	HG02148	PEL39	AMR	T1K	B	4	complete	0	0	0	0
exposed_validation	HG02148	PEL39	AMR	T1K	C	2	complete	1	1	1	2
exposed_validation	HG02148	PEL39	AMR	T1K	C	4	complete	1	1	0	1
exposed_validation	HG02148	PEL39	AMR	T1K	DPA1	2	complete	1	1	1	2
exposed_validation	HG02148	PEL39	AMR	T1K	DPA1	4	complete	1	1	0	1
exposed_validation	HG02148	PEL39	AMR	T1K	DPB1	2	complete	1	1	0	1
exposed_validation	HG02148	PEL39	AMR	T1K	DPB1	4	complete	1	1	0	1
exposed_validation	HG02148	PEL39	AMR	T1K	DQA1	2	complete	1	1	1	2
exposed_validation	HG02148	PEL39	AMR	T1K	DQA1	4	complete	0	0	0	0
exposed_validation	HG02148	PEL39	AMR	T1K	DQB1	2	complete	1	1	1	2
exposed_validation	HG02148	PEL39	AMR	T1K	DQB1	4	complete	1	1	1	2
exposed_validation	HG02148	PEL39	AMR	T1K	DRB1	2	complete	1	1	1	2
exposed_validation	HG02148	PEL39	AMR	T1K	DRB1	4	complete	0	0	0	0
exposed_validation	HG02148	PEL39	AMR	anchored_ipd_genome	A	2	complete	1	1	1	2
exposed_validation	HG02148	PEL39	AMR	anchored_ipd_genome	A	4	complete	1	1	1	2
exposed_validation	HG02148	PEL39	AMR	anchored_ipd_genome	B	2	complete	1	1	1	2
exposed_validation	HG02148	PEL39	AMR	anchored_ipd_genome	B	4	complete	0	0	0	0
exposed_validation	HG02148	PEL39	AMR	anchored_ipd_genome	C	2	complete	1	1	1	2
exposed_validation	HG02148	PEL39	AMR	anchored_ipd_genome	C	4	complete	1	1	1	2
exposed_validation	HG02148	PEL39	AMR	anchored_ipd_genome	DPA1	2	complete	1	1	1	2
exposed_validation	HG02148	PEL39	AMR	anchored_ipd_genome	DPA1	4	complete	1	1	1	2
exposed_validation	HG02148	PEL39	AMR	anchored_ipd_genome	DPB1	2	complete	1	1	0	1
exposed_validation	HG02148	PEL39	AMR	anchored_ipd_genome	DPB1	4	complete	1	1	0	1
exposed_validation	HG02148	PEL39	AMR	anchored_ipd_genome	DQA1	2	complete	1	1	1	2
exposed_validation	HG02148	PEL39	AMR	anchored_ipd_genome	DQA1	4	complete	0	0	0	0
exposed_validation	HG02148	PEL39	AMR	anchored_ipd_genome	DQB1	2	complete	1	1	1	2
exposed_validation	HG02148	PEL39	AMR	anchored_ipd_genome	DQB1	4	complete	1	1	1	2
exposed_validation	HG02148	PEL39	AMR	anchored_ipd_genome	DRB1	2	complete	1	1	1	2
exposed_validation	HG02148	PEL39	AMR	anchored_ipd_genome	DRB1	4	complete	0	0	0	0
exposed_validation	HG02148	PEL39	AMR	anchored_hprc	A	2	complete	1	1	1	2
exposed_validation	HG02148	PEL39	AMR	anchored_hprc	A	4	complete	1	1	1	2
exposed_validation	HG02148	PEL39	AMR	anchored_hprc	B	2	complete	1	1	1	2
exposed_validation	HG02148	PEL39	AMR	anchored_hprc	B	4	complete	0	0	0	0
exposed_validation	HG02148	PEL39	AMR	anchored_hprc	C	2	complete	1	1	1	2
exposed_validation	HG02148	PEL39	AMR	anchored_hprc	C	4	complete	1	1	1	2
exposed_validation	HG02148	PEL39	AMR	anchored_hprc	DPA1	2	complete	1	1	1	2
exposed_validation	HG02148	PEL39	AMR	anchored_hprc	DPA1	4	complete	1	1	1	2
exposed_validation	HG02148	PEL39	AMR	anchored_hprc	DPB1	2	complete	1	1	0	1
exposed_validation	HG02148	PEL39	AMR	anchored_hprc	DPB1	4	complete	1	1	0	1
exposed_validation	HG02148	PEL39	AMR	anchored_hprc	DQA1	2	complete	1	1	1	2
exposed_validation	HG02148	PEL39	AMR	anchored_hprc	DQA1	4	complete	0	0	0	0
exposed_validation	HG02148	PEL39	AMR	anchored_hprc	DQB1	2	complete	1	1	1	2
exposed_validation	HG02148	PEL39	AMR	anchored_hprc	DQB1	4	complete	1	1	1	2
exposed_validation	HG02148	PEL39	AMR	anchored_hprc	DRB1	2	complete	1	1	1	2
exposed_validation	HG02148	PEL39	AMR	anchored_hprc	DRB1	4	complete	0	0	0	0
exposed_validation	HG02148	PEL39	AMR	anchored_hprc_asian	A	2	complete	1	1	1	2
exposed_validation	HG02148	PEL39	AMR	anchored_hprc_asian	A	4	complete	1	1	1	2
exposed_validation	HG02148	PEL39	AMR	anchored_hprc_asian	B	2	complete	1	1	1	2
exposed_validation	HG02148	PEL39	AMR	anchored_hprc_asian	B	4	complete	0	0	0	0
exposed_validation	HG02148	PEL39	AMR	anchored_hprc_asian	C	2	complete	1	1	1	2
exposed_validation	HG02148	PEL39	AMR	anchored_hprc_asian	C	4	complete	1	1	1	2
exposed_validation	HG02148	PEL39	AMR	anchored_hprc_asian	DPA1	2	complete	1	1	1	2
exposed_validation	HG02148	PEL39	AMR	anchored_hprc_asian	DPA1	4	complete	1	1	1	2
exposed_validation	HG02148	PEL39	AMR	anchored_hprc_asian	DPB1	2	complete	1	1	0	1
exposed_validation	HG02148	PEL39	AMR	anchored_hprc_asian	DPB1	4	complete	1	1	0	1
exposed_validation	HG02148	PEL39	AMR	anchored_hprc_asian	DQA1	2	complete	1	1	1	2
exposed_validation	HG02148	PEL39	AMR	anchored_hprc_asian	DQA1	4	complete	0	0	0	0
exposed_validation	HG02148	PEL39	AMR	anchored_hprc_asian	DQB1	2	complete	1	1	1	2
exposed_validation	HG02148	PEL39	AMR	anchored_hprc_asian	DQB1	4	complete	1	1	1	2
exposed_validation	HG02148	PEL39	AMR	anchored_hprc_asian	DRB1	2	complete	1	1	1	2
exposed_validation	HG02148	PEL39	AMR	anchored_hprc_asian	DRB1	4	complete	0	0	0	0
exposed_validation	HG02257	BB21	AFR	T1K	A	2	complete	1	1	1	2
exposed_validation	HG02257	BB21	AFR	T1K	A	4	complete	1	1	1	2
exposed_validation	HG02257	BB21	AFR	T1K	B	2	complete	1	1	1	2
exposed_validation	HG02257	BB21	AFR	T1K	B	4	complete	0	0	0	0
exposed_validation	HG02257	BB21	AFR	T1K	C	2	complete	1	1	1	2
exposed_validation	HG02257	BB21	AFR	T1K	C	4	complete	1	1	1	2
exposed_validation	HG02257	BB21	AFR	T1K	DPA1	2	complete	1	1	1	2
exposed_validation	HG02257	BB21	AFR	T1K	DPA1	4	complete	0	0	0	0
exposed_validation	HG02257	BB21	AFR	T1K	DPB1	2	complete	1	1	1	2
exposed_validation	HG02257	BB21	AFR	T1K	DPB1	4	complete	1	1	0	0
exposed_validation	HG02257	BB21	AFR	T1K	DQA1	2	complete	1	1	1	2
exposed_validation	HG02257	BB21	AFR	T1K	DQA1	4	complete	1	1	0	1
exposed_validation	HG02257	BB21	AFR	T1K	DQB1	2	complete	1	1	1	2
exposed_validation	HG02257	BB21	AFR	T1K	DQB1	4	complete	1	1	0	0
exposed_validation	HG02257	BB21	AFR	T1K	DRB1	2	complete	1	1	1	2
exposed_validation	HG02257	BB21	AFR	T1K	DRB1	4	complete	0	0	0	0
exposed_validation	HG02257	BB21	AFR	anchored_ipd_genome	A	2	complete	1	1	1	2
exposed_validation	HG02257	BB21	AFR	anchored_ipd_genome	A	4	complete	1	1	1	2
exposed_validation	HG02257	BB21	AFR	anchored_ipd_genome	B	2	complete	1	1	1	2
exposed_validation	HG02257	BB21	AFR	anchored_ipd_genome	B	4	complete	0	0	0	0
exposed_validation	HG02257	BB21	AFR	anchored_ipd_genome	C	2	complete	1	1	1	2
exposed_validation	HG02257	BB21	AFR	anchored_ipd_genome	C	4	complete	1	1	1	2
exposed_validation	HG02257	BB21	AFR	anchored_ipd_genome	DPA1	2	complete	1	1	1	2
exposed_validation	HG02257	BB21	AFR	anchored_ipd_genome	DPA1	4	complete	0	0	0	0
exposed_validation	HG02257	BB21	AFR	anchored_ipd_genome	DPB1	2	complete	1	1	1	2
exposed_validation	HG02257	BB21	AFR	anchored_ipd_genome	DPB1	4	complete	1	1	1	2
exposed_validation	HG02257	BB21	AFR	anchored_ipd_genome	DQA1	2	complete	1	1	1	2
exposed_validation	HG02257	BB21	AFR	anchored_ipd_genome	DQA1	4	complete	1	1	0	1
exposed_validation	HG02257	BB21	AFR	anchored_ipd_genome	DQB1	2	complete	1	1	1	2
exposed_validation	HG02257	BB21	AFR	anchored_ipd_genome	DQB1	4	complete	1	1	1	2
exposed_validation	HG02257	BB21	AFR	anchored_ipd_genome	DRB1	2	complete	1	1	1	2
exposed_validation	HG02257	BB21	AFR	anchored_ipd_genome	DRB1	4	complete	0	0	0	0
exposed_validation	HG02257	BB21	AFR	anchored_hprc	A	2	complete	1	1	1	2
exposed_validation	HG02257	BB21	AFR	anchored_hprc	A	4	complete	1	1	1	2
exposed_validation	HG02257	BB21	AFR	anchored_hprc	B	2	complete	1	1	1	2
exposed_validation	HG02257	BB21	AFR	anchored_hprc	B	4	complete	0	0	0	0
exposed_validation	HG02257	BB21	AFR	anchored_hprc	C	2	complete	1	1	1	2
exposed_validation	HG02257	BB21	AFR	anchored_hprc	C	4	complete	1	1	1	2
exposed_validation	HG02257	BB21	AFR	anchored_hprc	DPA1	2	complete	1	1	1	2
exposed_validation	HG02257	BB21	AFR	anchored_hprc	DPA1	4	complete	0	0	0	0
exposed_validation	HG02257	BB21	AFR	anchored_hprc	DPB1	2	complete	1	1	1	2
exposed_validation	HG02257	BB21	AFR	anchored_hprc	DPB1	4	complete	1	1	1	2
exposed_validation	HG02257	BB21	AFR	anchored_hprc	DQA1	2	complete	1	1	1	2
exposed_validation	HG02257	BB21	AFR	anchored_hprc	DQA1	4	complete	1	1	0	1
exposed_validation	HG02257	BB21	AFR	anchored_hprc	DQB1	2	complete	1	1	1	2
exposed_validation	HG02257	BB21	AFR	anchored_hprc	DQB1	4	complete	1	1	1	2
exposed_validation	HG02257	BB21	AFR	anchored_hprc	DRB1	2	complete	1	1	1	2
exposed_validation	HG02257	BB21	AFR	anchored_hprc	DRB1	4	complete	0	0	0	0
exposed_validation	HG02257	BB21	AFR	anchored_hprc_asian	A	2	complete	1	1	1	2
exposed_validation	HG02257	BB21	AFR	anchored_hprc_asian	A	4	complete	1	1	1	2
exposed_validation	HG02257	BB21	AFR	anchored_hprc_asian	B	2	complete	1	1	1	2
exposed_validation	HG02257	BB21	AFR	anchored_hprc_asian	B	4	complete	0	0	0	0
exposed_validation	HG02257	BB21	AFR	anchored_hprc_asian	C	2	complete	1	1	1	2
exposed_validation	HG02257	BB21	AFR	anchored_hprc_asian	C	4	complete	1	1	1	2
exposed_validation	HG02257	BB21	AFR	anchored_hprc_asian	DPA1	2	complete	1	1	1	2
exposed_validation	HG02257	BB21	AFR	anchored_hprc_asian	DPA1	4	complete	0	0	0	0
exposed_validation	HG02257	BB21	AFR	anchored_hprc_asian	DPB1	2	complete	1	1	1	2
exposed_validation	HG02257	BB21	AFR	anchored_hprc_asian	DPB1	4	complete	1	1	1	2
exposed_validation	HG02257	BB21	AFR	anchored_hprc_asian	DQA1	2	complete	1	1	1	2
exposed_validation	HG02257	BB21	AFR	anchored_hprc_asian	DQA1	4	complete	1	1	0	1
exposed_validation	HG02257	BB21	AFR	anchored_hprc_asian	DQB1	2	complete	1	1	1	2
exposed_validation	HG02257	BB21	AFR	anchored_hprc_asian	DQB1	4	complete	1	1	1	2
exposed_validation	HG02257	BB21	AFR	anchored_hprc_asian	DRB1	2	complete	1	1	1	2
exposed_validation	HG02257	BB21	AFR	anchored_hprc_asian	DRB1	4	complete	0	0	0	0
exposed_validation	HG02258	BB22	AFR	T1K	A	2	complete	1	1	1	2
exposed_validation	HG02258	BB22	AFR	T1K	A	4	complete	1	1	1	2
exposed_validation	HG02258	BB22	AFR	T1K	B	2	complete	1	1	1	2
exposed_validation	HG02258	BB22	AFR	T1K	B	4	complete	0	0	0	0
exposed_validation	HG02258	BB22	AFR	T1K	C	2	complete	1	1	1	2
exposed_validation	HG02258	BB22	AFR	T1K	C	4	complete	0	0	0	0
exposed_validation	HG02258	BB22	AFR	T1K	DPA1	2	complete	1	1	1	2
exposed_validation	HG02258	BB22	AFR	T1K	DPA1	4	complete	1	1	0	0
exposed_validation	HG02258	BB22	AFR	T1K	DPB1	2	complete	1	1	1	2
exposed_validation	HG02258	BB22	AFR	T1K	DPB1	4	complete	1	1	0	1
exposed_validation	HG02258	BB22	AFR	T1K	DQA1	2	complete	1	1	1	2
exposed_validation	HG02258	BB22	AFR	T1K	DQA1	4	complete	1	1	0	0
exposed_validation	HG02258	BB22	AFR	T1K	DQB1	2	complete	1	1	1	2
exposed_validation	HG02258	BB22	AFR	T1K	DQB1	4	complete	1	1	1	2
exposed_validation	HG02258	BB22	AFR	T1K	DRB1	2	complete	1	1	0	1
exposed_validation	HG02258	BB22	AFR	T1K	DRB1	4	complete	0	0	0	0
exposed_validation	HG02258	BB22	AFR	anchored_ipd_genome	A	2	complete	1	1	1	2
exposed_validation	HG02258	BB22	AFR	anchored_ipd_genome	A	4	complete	1	1	1	2
exposed_validation	HG02258	BB22	AFR	anchored_ipd_genome	B	2	complete	1	1	1	2
exposed_validation	HG02258	BB22	AFR	anchored_ipd_genome	B	4	complete	0	0	0	0
exposed_validation	HG02258	BB22	AFR	anchored_ipd_genome	C	2	complete	1	1	1	2
exposed_validation	HG02258	BB22	AFR	anchored_ipd_genome	C	4	complete	0	0	0	0
exposed_validation	HG02258	BB22	AFR	anchored_ipd_genome	DPA1	2	complete	1	1	1	2
exposed_validation	HG02258	BB22	AFR	anchored_ipd_genome	DPA1	4	complete	1	1	0	0
exposed_validation	HG02258	BB22	AFR	anchored_ipd_genome	DPB1	2	complete	1	1	1	2
exposed_validation	HG02258	BB22	AFR	anchored_ipd_genome	DPB1	4	complete	1	1	1	2
exposed_validation	HG02258	BB22	AFR	anchored_ipd_genome	DQA1	2	complete	1	1	1	2
exposed_validation	HG02258	BB22	AFR	anchored_ipd_genome	DQA1	4	complete	1	1	0	1
exposed_validation	HG02258	BB22	AFR	anchored_ipd_genome	DQB1	2	complete	1	1	1	2
exposed_validation	HG02258	BB22	AFR	anchored_ipd_genome	DQB1	4	complete	1	1	0	1
exposed_validation	HG02258	BB22	AFR	anchored_ipd_genome	DRB1	2	complete	1	1	0	1
exposed_validation	HG02258	BB22	AFR	anchored_ipd_genome	DRB1	4	complete	0	0	0	0
exposed_validation	HG02258	BB22	AFR	anchored_hprc	A	2	complete	1	1	1	2
exposed_validation	HG02258	BB22	AFR	anchored_hprc	A	4	complete	1	1	1	2
exposed_validation	HG02258	BB22	AFR	anchored_hprc	B	2	complete	1	1	1	2
exposed_validation	HG02258	BB22	AFR	anchored_hprc	B	4	complete	0	0	0	0
exposed_validation	HG02258	BB22	AFR	anchored_hprc	C	2	complete	1	1	1	2
exposed_validation	HG02258	BB22	AFR	anchored_hprc	C	4	complete	0	0	0	0
exposed_validation	HG02258	BB22	AFR	anchored_hprc	DPA1	2	complete	1	1	1	2
exposed_validation	HG02258	BB22	AFR	anchored_hprc	DPA1	4	complete	1	1	0	0
exposed_validation	HG02258	BB22	AFR	anchored_hprc	DPB1	2	complete	1	1	1	2
exposed_validation	HG02258	BB22	AFR	anchored_hprc	DPB1	4	complete	1	1	1	2
exposed_validation	HG02258	BB22	AFR	anchored_hprc	DQA1	2	complete	1	1	1	2
exposed_validation	HG02258	BB22	AFR	anchored_hprc	DQA1	4	complete	1	1	0	1
exposed_validation	HG02258	BB22	AFR	anchored_hprc	DQB1	2	complete	1	1	1	2
exposed_validation	HG02258	BB22	AFR	anchored_hprc	DQB1	4	complete	1	1	0	1
exposed_validation	HG02258	BB22	AFR	anchored_hprc	DRB1	2	complete	1	1	0	1
exposed_validation	HG02258	BB22	AFR	anchored_hprc	DRB1	4	complete	0	0	0	0
exposed_validation	HG02258	BB22	AFR	anchored_hprc_asian	A	2	complete	1	1	1	2
exposed_validation	HG02258	BB22	AFR	anchored_hprc_asian	A	4	complete	1	1	1	2
exposed_validation	HG02258	BB22	AFR	anchored_hprc_asian	B	2	complete	1	1	1	2
exposed_validation	HG02258	BB22	AFR	anchored_hprc_asian	B	4	complete	0	0	0	0
exposed_validation	HG02258	BB22	AFR	anchored_hprc_asian	C	2	complete	1	1	1	2
exposed_validation	HG02258	BB22	AFR	anchored_hprc_asian	C	4	complete	0	0	0	0
exposed_validation	HG02258	BB22	AFR	anchored_hprc_asian	DPA1	2	complete	1	1	1	2
exposed_validation	HG02258	BB22	AFR	anchored_hprc_asian	DPA1	4	complete	1	1	0	0
exposed_validation	HG02258	BB22	AFR	anchored_hprc_asian	DPB1	2	complete	1	1	1	2
exposed_validation	HG02258	BB22	AFR	anchored_hprc_asian	DPB1	4	complete	1	1	1	2
exposed_validation	HG02258	BB22	AFR	anchored_hprc_asian	DQA1	2	complete	1	1	1	2
exposed_validation	HG02258	BB22	AFR	anchored_hprc_asian	DQA1	4	complete	1	1	1	2
exposed_validation	HG02258	BB22	AFR	anchored_hprc_asian	DQB1	2	complete	1	1	1	2
exposed_validation	HG02258	BB22	AFR	anchored_hprc_asian	DQB1	4	complete	1	1	0	1
exposed_validation	HG02258	BB22	AFR	anchored_hprc_asian	DRB1	2	complete	1	1	0	1
exposed_validation	HG02258	BB22	AFR	anchored_hprc_asian	DRB1	4	complete	0	0	0	0
exposed_validation	HG02273	PEL46	AMR	T1K	A	2	complete	1	1	1	2
exposed_validation	HG02273	PEL46	AMR	T1K	A	4	complete	1	1	1	2
exposed_validation	HG02273	PEL46	AMR	T1K	B	2	complete	1	1	1	2
exposed_validation	HG02273	PEL46	AMR	T1K	B	4	complete	1	1	1	2
exposed_validation	HG02273	PEL46	AMR	T1K	C	2	complete	1	1	1	2
exposed_validation	HG02273	PEL46	AMR	T1K	C	4	complete	1	1	1	2
exposed_validation	HG02273	PEL46	AMR	T1K	DPA1	2	complete	1	1	1	2
exposed_validation	HG02273	PEL46	AMR	T1K	DPA1	4	complete	0	0	0	0
exposed_validation	HG02273	PEL46	AMR	T1K	DPB1	2	complete	1	1	1	2
exposed_validation	HG02273	PEL46	AMR	T1K	DPB1	4	complete	1	1	0	1
exposed_validation	HG02273	PEL46	AMR	T1K	DQA1	2	complete	1	1	1	2
exposed_validation	HG02273	PEL46	AMR	T1K	DQA1	4	complete	0	0	0	0
exposed_validation	HG02273	PEL46	AMR	T1K	DQB1	2	complete	1	1	1	2
exposed_validation	HG02273	PEL46	AMR	T1K	DQB1	4	complete	1	1	0	1
exposed_validation	HG02273	PEL46	AMR	T1K	DRB1	2	complete	1	1	1	2
exposed_validation	HG02273	PEL46	AMR	T1K	DRB1	4	complete	0	0	0	0
exposed_validation	HG02273	PEL46	AMR	anchored_ipd_genome	A	2	complete	1	1	1	2
exposed_validation	HG02273	PEL46	AMR	anchored_ipd_genome	A	4	complete	1	1	1	2
exposed_validation	HG02273	PEL46	AMR	anchored_ipd_genome	B	2	complete	1	1	1	2
exposed_validation	HG02273	PEL46	AMR	anchored_ipd_genome	B	4	complete	1	1	1	2
exposed_validation	HG02273	PEL46	AMR	anchored_ipd_genome	C	2	complete	1	1	1	2
exposed_validation	HG02273	PEL46	AMR	anchored_ipd_genome	C	4	complete	1	1	1	2
exposed_validation	HG02273	PEL46	AMR	anchored_ipd_genome	DPA1	2	complete	1	1	1	2
exposed_validation	HG02273	PEL46	AMR	anchored_ipd_genome	DPA1	4	complete	0	0	0	0
exposed_validation	HG02273	PEL46	AMR	anchored_ipd_genome	DPB1	2	complete	1	1	1	2
exposed_validation	HG02273	PEL46	AMR	anchored_ipd_genome	DPB1	4	complete	1	1	1	2
exposed_validation	HG02273	PEL46	AMR	anchored_ipd_genome	DQA1	2	complete	1	1	1	2
exposed_validation	HG02273	PEL46	AMR	anchored_ipd_genome	DQA1	4	complete	0	0	0	0
exposed_validation	HG02273	PEL46	AMR	anchored_ipd_genome	DQB1	2	complete	1	1	1	2
exposed_validation	HG02273	PEL46	AMR	anchored_ipd_genome	DQB1	4	complete	1	1	1	2
exposed_validation	HG02273	PEL46	AMR	anchored_ipd_genome	DRB1	2	complete	1	1	1	2
exposed_validation	HG02273	PEL46	AMR	anchored_ipd_genome	DRB1	4	complete	0	0	0	0
exposed_validation	HG02273	PEL46	AMR	anchored_hprc	A	2	complete	1	1	1	2
exposed_validation	HG02273	PEL46	AMR	anchored_hprc	A	4	complete	1	1	1	2
exposed_validation	HG02273	PEL46	AMR	anchored_hprc	B	2	complete	1	1	1	2
exposed_validation	HG02273	PEL46	AMR	anchored_hprc	B	4	complete	1	1	1	2
exposed_validation	HG02273	PEL46	AMR	anchored_hprc	C	2	complete	1	1	1	2
exposed_validation	HG02273	PEL46	AMR	anchored_hprc	C	4	complete	1	1	1	2
exposed_validation	HG02273	PEL46	AMR	anchored_hprc	DPA1	2	complete	1	1	1	2
exposed_validation	HG02273	PEL46	AMR	anchored_hprc	DPA1	4	complete	0	0	0	0
exposed_validation	HG02273	PEL46	AMR	anchored_hprc	DPB1	2	complete	1	1	1	2
exposed_validation	HG02273	PEL46	AMR	anchored_hprc	DPB1	4	complete	1	1	1	2
exposed_validation	HG02273	PEL46	AMR	anchored_hprc	DQA1	2	complete	1	1	1	2
exposed_validation	HG02273	PEL46	AMR	anchored_hprc	DQA1	4	complete	0	0	0	0
exposed_validation	HG02273	PEL46	AMR	anchored_hprc	DQB1	2	complete	1	1	1	2
exposed_validation	HG02273	PEL46	AMR	anchored_hprc	DQB1	4	complete	1	1	1	2
exposed_validation	HG02273	PEL46	AMR	anchored_hprc	DRB1	2	complete	1	1	1	2
exposed_validation	HG02273	PEL46	AMR	anchored_hprc	DRB1	4	complete	0	0	0	0
exposed_validation	HG02273	PEL46	AMR	anchored_hprc_asian	A	2	complete	1	1	1	2
exposed_validation	HG02273	PEL46	AMR	anchored_hprc_asian	A	4	complete	1	1	1	2
exposed_validation	HG02273	PEL46	AMR	anchored_hprc_asian	B	2	complete	1	1	1	2
exposed_validation	HG02273	PEL46	AMR	anchored_hprc_asian	B	4	complete	1	1	1	2
exposed_validation	HG02273	PEL46	AMR	anchored_hprc_asian	C	2	complete	1	1	1	2
exposed_validation	HG02273	PEL46	AMR	anchored_hprc_asian	C	4	complete	1	1	1	2
exposed_validation	HG02273	PEL46	AMR	anchored_hprc_asian	DPA1	2	complete	1	1	1	2
exposed_validation	HG02273	PEL46	AMR	anchored_hprc_asian	DPA1	4	complete	0	0	0	0
exposed_validation	HG02273	PEL46	AMR	anchored_hprc_asian	DPB1	2	complete	1	1	1	2
exposed_validation	HG02273	PEL46	AMR	anchored_hprc_asian	DPB1	4	complete	1	1	1	2
exposed_validation	HG02273	PEL46	AMR	anchored_hprc_asian	DQA1	2	complete	1	1	1	2
exposed_validation	HG02273	PEL46	AMR	anchored_hprc_asian	DQA1	4	complete	0	0	0	0
exposed_validation	HG02273	PEL46	AMR	anchored_hprc_asian	DQB1	2	complete	1	1	1	2
exposed_validation	HG02273	PEL46	AMR	anchored_hprc_asian	DQB1	4	complete	1	1	1	2
exposed_validation	HG02273	PEL46	AMR	anchored_hprc_asian	DRB1	2	complete	1	1	1	2
exposed_validation	HG02273	PEL46	AMR	anchored_hprc_asian	DRB1	4	complete	0	0	0	0
exposed_validation	HG02280	BB23	AFR	T1K	A	2	complete	1	1	1	2
exposed_validation	HG02280	BB23	AFR	T1K	A	4	complete	1	1	1	2
exposed_validation	HG02280	BB23	AFR	T1K	B	2	complete	1	1	1	2
exposed_validation	HG02280	BB23	AFR	T1K	B	4	complete	0	0	0	0
exposed_validation	HG02280	BB23	AFR	T1K	C	2	complete	1	1	1	2
exposed_validation	HG02280	BB23	AFR	T1K	C	4	complete	1	1	0	1
exposed_validation	HG02280	BB23	AFR	T1K	DPA1	2	complete	1	1	1	2
exposed_validation	HG02280	BB23	AFR	T1K	DPA1	4	complete	1	1	0	0
exposed_validation	HG02280	BB23	AFR	T1K	DPB1	2	complete	1	1	1	2
exposed_validation	HG02280	BB23	AFR	T1K	DPB1	4	complete	1	1	1	2
exposed_validation	HG02280	BB23	AFR	T1K	DQA1	2	complete	1	1	0	1
exposed_validation	HG02280	BB23	AFR	T1K	DQA1	4	complete	1	1	0	1
exposed_validation	HG02280	BB23	AFR	T1K	DQB1	2	complete	1	1	1	2
exposed_validation	HG02280	BB23	AFR	T1K	DQB1	4	complete	1	1	0	1
exposed_validation	HG02280	BB23	AFR	T1K	DRB1	2	complete	1	1	1	2
exposed_validation	HG02280	BB23	AFR	T1K	DRB1	4	complete	0	0	0	0
exposed_validation	HG02280	BB23	AFR	anchored_ipd_genome	A	2	complete	1	1	1	2
exposed_validation	HG02280	BB23	AFR	anchored_ipd_genome	A	4	complete	1	1	1	2
exposed_validation	HG02280	BB23	AFR	anchored_ipd_genome	B	2	complete	1	1	1	2
exposed_validation	HG02280	BB23	AFR	anchored_ipd_genome	B	4	complete	0	0	0	0
exposed_validation	HG02280	BB23	AFR	anchored_ipd_genome	C	2	complete	1	1	1	2
exposed_validation	HG02280	BB23	AFR	anchored_ipd_genome	C	4	complete	1	1	1	2
exposed_validation	HG02280	BB23	AFR	anchored_ipd_genome	DPA1	2	complete	1	1	1	2
exposed_validation	HG02280	BB23	AFR	anchored_ipd_genome	DPA1	4	complete	1	1	0	0
exposed_validation	HG02280	BB23	AFR	anchored_ipd_genome	DPB1	2	complete	1	1	1	2
exposed_validation	HG02280	BB23	AFR	anchored_ipd_genome	DPB1	4	complete	1	1	1	2
exposed_validation	HG02280	BB23	AFR	anchored_ipd_genome	DQA1	2	complete	1	1	0	1
exposed_validation	HG02280	BB23	AFR	anchored_ipd_genome	DQA1	4	complete	1	1	0	1
exposed_validation	HG02280	BB23	AFR	anchored_ipd_genome	DQB1	2	complete	1	1	1	2
exposed_validation	HG02280	BB23	AFR	anchored_ipd_genome	DQB1	4	complete	1	1	1	2
exposed_validation	HG02280	BB23	AFR	anchored_ipd_genome	DRB1	2	complete	1	1	1	2
exposed_validation	HG02280	BB23	AFR	anchored_ipd_genome	DRB1	4	complete	0	0	0	0
exposed_validation	HG02280	BB23	AFR	anchored_hprc	A	2	complete	1	1	1	2
exposed_validation	HG02280	BB23	AFR	anchored_hprc	A	4	complete	1	1	1	2
exposed_validation	HG02280	BB23	AFR	anchored_hprc	B	2	complete	1	1	1	2
exposed_validation	HG02280	BB23	AFR	anchored_hprc	B	4	complete	0	0	0	0
exposed_validation	HG02280	BB23	AFR	anchored_hprc	C	2	complete	1	1	1	2
exposed_validation	HG02280	BB23	AFR	anchored_hprc	C	4	complete	1	1	1	2
exposed_validation	HG02280	BB23	AFR	anchored_hprc	DPA1	2	complete	1	1	1	2
exposed_validation	HG02280	BB23	AFR	anchored_hprc	DPA1	4	complete	1	1	0	0
exposed_validation	HG02280	BB23	AFR	anchored_hprc	DPB1	2	complete	1	1	1	2
exposed_validation	HG02280	BB23	AFR	anchored_hprc	DPB1	4	complete	1	1	1	2
exposed_validation	HG02280	BB23	AFR	anchored_hprc	DQA1	2	complete	1	1	0	1
exposed_validation	HG02280	BB23	AFR	anchored_hprc	DQA1	4	complete	1	1	0	1
exposed_validation	HG02280	BB23	AFR	anchored_hprc	DQB1	2	complete	1	1	1	2
exposed_validation	HG02280	BB23	AFR	anchored_hprc	DQB1	4	complete	1	1	1	2
exposed_validation	HG02280	BB23	AFR	anchored_hprc	DRB1	2	complete	1	1	1	2
exposed_validation	HG02280	BB23	AFR	anchored_hprc	DRB1	4	complete	0	0	0	0
exposed_validation	HG02280	BB23	AFR	anchored_hprc_asian	A	2	complete	1	1	1	2
exposed_validation	HG02280	BB23	AFR	anchored_hprc_asian	A	4	complete	1	1	1	2
exposed_validation	HG02280	BB23	AFR	anchored_hprc_asian	B	2	complete	1	1	1	2
exposed_validation	HG02280	BB23	AFR	anchored_hprc_asian	B	4	complete	0	0	0	0
exposed_validation	HG02280	BB23	AFR	anchored_hprc_asian	C	2	complete	1	1	1	2
exposed_validation	HG02280	BB23	AFR	anchored_hprc_asian	C	4	complete	1	1	1	2
exposed_validation	HG02280	BB23	AFR	anchored_hprc_asian	DPA1	2	complete	1	1	1	2
exposed_validation	HG02280	BB23	AFR	anchored_hprc_asian	DPA1	4	complete	1	1	0	0
exposed_validation	HG02280	BB23	AFR	anchored_hprc_asian	DPB1	2	complete	1	1	1	2
exposed_validation	HG02280	BB23	AFR	anchored_hprc_asian	DPB1	4	complete	1	1	1	2
exposed_validation	HG02280	BB23	AFR	anchored_hprc_asian	DQA1	2	complete	1	1	0	1
exposed_validation	HG02280	BB23	AFR	anchored_hprc_asian	DQA1	4	complete	1	1	0	1
exposed_validation	HG02280	BB23	AFR	anchored_hprc_asian	DQB1	2	complete	1	1	1	2
exposed_validation	HG02280	BB23	AFR	anchored_hprc_asian	DQB1	4	complete	1	1	1	2
exposed_validation	HG02280	BB23	AFR	anchored_hprc_asian	DRB1	2	complete	1	1	1	2
exposed_validation	HG02280	BB23	AFR	anchored_hprc_asian	DRB1	4	complete	0	0	0	0
exposed_validation	HG02293	PEL51	AMR	T1K	A	2	complete	1	1	1	2
exposed_validation	HG02293	PEL51	AMR	T1K	A	4	complete	0	0	0	0
exposed_validation	HG02293	PEL51	AMR	T1K	B	2	complete	1	1	1	2
exposed_validation	HG02293	PEL51	AMR	T1K	B	4	complete	1	1	1	2
exposed_validation	HG02293	PEL51	AMR	T1K	C	2	complete	1	1	1	2
exposed_validation	HG02293	PEL51	AMR	T1K	C	4	complete	1	1	1	2
exposed_validation	HG02293	PEL51	AMR	T1K	DPA1	2	complete	1	1	1	2
exposed_validation	HG02293	PEL51	AMR	T1K	DPA1	4	complete	0	0	0	0
exposed_validation	HG02293	PEL51	AMR	T1K	DPB1	2	complete	1	1	1	2
exposed_validation	HG02293	PEL51	AMR	T1K	DPB1	4	complete	1	1	1	2
exposed_validation	HG02293	PEL51	AMR	T1K	DQA1	2	complete	1	1	1	2
exposed_validation	HG02293	PEL51	AMR	T1K	DQA1	4	complete	1	1	1	2
exposed_validation	HG02293	PEL51	AMR	T1K	DQB1	2	complete	1	1	1	2
exposed_validation	HG02293	PEL51	AMR	T1K	DQB1	4	complete	1	1	0	1
exposed_validation	HG02293	PEL51	AMR	T1K	DRB1	2	complete	1	1	1	2
exposed_validation	HG02293	PEL51	AMR	T1K	DRB1	4	complete	0	0	0	0
exposed_validation	HG02293	PEL51	AMR	anchored_ipd_genome	A	2	complete	1	1	1	2
exposed_validation	HG02293	PEL51	AMR	anchored_ipd_genome	A	4	complete	0	0	0	0
exposed_validation	HG02293	PEL51	AMR	anchored_ipd_genome	B	2	complete	1	1	1	2
exposed_validation	HG02293	PEL51	AMR	anchored_ipd_genome	B	4	complete	1	1	1	2
exposed_validation	HG02293	PEL51	AMR	anchored_ipd_genome	C	2	complete	1	1	1	2
exposed_validation	HG02293	PEL51	AMR	anchored_ipd_genome	C	4	complete	1	1	1	2
exposed_validation	HG02293	PEL51	AMR	anchored_ipd_genome	DPA1	2	complete	1	1	1	2
exposed_validation	HG02293	PEL51	AMR	anchored_ipd_genome	DPA1	4	complete	0	0	0	0
exposed_validation	HG02293	PEL51	AMR	anchored_ipd_genome	DPB1	2	complete	1	1	1	2
exposed_validation	HG02293	PEL51	AMR	anchored_ipd_genome	DPB1	4	complete	1	1	1	2
exposed_validation	HG02293	PEL51	AMR	anchored_ipd_genome	DQA1	2	complete	1	1	1	2
exposed_validation	HG02293	PEL51	AMR	anchored_ipd_genome	DQA1	4	complete	1	1	1	2
exposed_validation	HG02293	PEL51	AMR	anchored_ipd_genome	DQB1	2	complete	1	1	1	2
exposed_validation	HG02293	PEL51	AMR	anchored_ipd_genome	DQB1	4	complete	1	1	1	2
exposed_validation	HG02293	PEL51	AMR	anchored_ipd_genome	DRB1	2	complete	1	1	1	2
exposed_validation	HG02293	PEL51	AMR	anchored_ipd_genome	DRB1	4	complete	0	0	0	0
exposed_validation	HG02293	PEL51	AMR	anchored_hprc	A	2	complete	1	1	1	2
exposed_validation	HG02293	PEL51	AMR	anchored_hprc	A	4	complete	0	0	0	0
exposed_validation	HG02293	PEL51	AMR	anchored_hprc	B	2	complete	1	1	1	2
exposed_validation	HG02293	PEL51	AMR	anchored_hprc	B	4	complete	1	1	1	2
exposed_validation	HG02293	PEL51	AMR	anchored_hprc	C	2	complete	1	1	1	2
exposed_validation	HG02293	PEL51	AMR	anchored_hprc	C	4	complete	1	1	1	2
exposed_validation	HG02293	PEL51	AMR	anchored_hprc	DPA1	2	complete	1	1	1	2
exposed_validation	HG02293	PEL51	AMR	anchored_hprc	DPA1	4	complete	0	0	0	0
exposed_validation	HG02293	PEL51	AMR	anchored_hprc	DPB1	2	complete	1	1	1	2
exposed_validation	HG02293	PEL51	AMR	anchored_hprc	DPB1	4	complete	1	1	1	2
exposed_validation	HG02293	PEL51	AMR	anchored_hprc	DQA1	2	complete	1	1	1	2
exposed_validation	HG02293	PEL51	AMR	anchored_hprc	DQA1	4	complete	1	1	1	2
exposed_validation	HG02293	PEL51	AMR	anchored_hprc	DQB1	2	complete	1	1	1	2
exposed_validation	HG02293	PEL51	AMR	anchored_hprc	DQB1	4	complete	1	1	1	2
exposed_validation	HG02293	PEL51	AMR	anchored_hprc	DRB1	2	complete	1	1	1	2
exposed_validation	HG02293	PEL51	AMR	anchored_hprc	DRB1	4	complete	0	0	0	0
exposed_validation	HG02293	PEL51	AMR	anchored_hprc_asian	A	2	complete	1	1	1	2
exposed_validation	HG02293	PEL51	AMR	anchored_hprc_asian	A	4	complete	0	0	0	0
exposed_validation	HG02293	PEL51	AMR	anchored_hprc_asian	B	2	complete	1	1	1	2
exposed_validation	HG02293	PEL51	AMR	anchored_hprc_asian	B	4	complete	1	1	1	2
exposed_validation	HG02293	PEL51	AMR	anchored_hprc_asian	C	2	complete	1	1	1	2
exposed_validation	HG02293	PEL51	AMR	anchored_hprc_asian	C	4	complete	1	1	1	2
exposed_validation	HG02293	PEL51	AMR	anchored_hprc_asian	DPA1	2	complete	1	1	1	2
exposed_validation	HG02293	PEL51	AMR	anchored_hprc_asian	DPA1	4	complete	0	0	0	0
exposed_validation	HG02293	PEL51	AMR	anchored_hprc_asian	DPB1	2	complete	1	1	1	2
exposed_validation	HG02293	PEL51	AMR	anchored_hprc_asian	DPB1	4	complete	1	1	1	2
exposed_validation	HG02293	PEL51	AMR	anchored_hprc_asian	DQA1	2	complete	1	1	1	2
exposed_validation	HG02293	PEL51	AMR	anchored_hprc_asian	DQA1	4	complete	1	1	1	2
exposed_validation	HG02293	PEL51	AMR	anchored_hprc_asian	DQB1	2	complete	1	1	1	2
exposed_validation	HG02293	PEL51	AMR	anchored_hprc_asian	DQB1	4	complete	1	1	1	2
exposed_validation	HG02293	PEL51	AMR	anchored_hprc_asian	DRB1	2	complete	1	1	1	2
exposed_validation	HG02293	PEL51	AMR	anchored_hprc_asian	DRB1	4	complete	0	0	0	0
exposed_validation	HG02300	PEL52	AMR	T1K	A	2	complete	1	1	1	2
exposed_validation	HG02300	PEL52	AMR	T1K	A	4	complete	0	0	0	0
exposed_validation	HG02300	PEL52	AMR	T1K	B	2	complete	1	1	0	1
exposed_validation	HG02300	PEL52	AMR	T1K	B	4	complete	0	0	0	0
exposed_validation	HG02300	PEL52	AMR	T1K	C	2	complete	1	1	1	2
exposed_validation	HG02300	PEL52	AMR	T1K	C	4	complete	1	1	1	2
exposed_validation	HG02300	PEL52	AMR	T1K	DPA1	2	complete	1	1	1	2
exposed_validation	HG02300	PEL52	AMR	T1K	DPA1	4	complete	0	0	0	0
exposed_validation	HG02300	PEL52	AMR	T1K	DPB1	2	complete	1	1	1	2
exposed_validation	HG02300	PEL52	AMR	T1K	DPB1	4	complete	1	1	1	2
exposed_validation	HG02300	PEL52	AMR	T1K	DQA1	2	complete	1	1	0	0
exposed_validation	HG02300	PEL52	AMR	T1K	DQA1	4	complete	1	0	0	0
exposed_validation	HG02300	PEL52	AMR	T1K	DQB1	2	complete	1	1	1	2
exposed_validation	HG02300	PEL52	AMR	T1K	DQB1	4	complete	1	1	1	2
exposed_validation	HG02300	PEL52	AMR	T1K	DRB1	2	complete	1	1	1	2
exposed_validation	HG02300	PEL52	AMR	T1K	DRB1	4	complete	0	0	0	0
exposed_validation	HG02300	PEL52	AMR	anchored_ipd_genome	A	2	complete	1	1	1	2
exposed_validation	HG02300	PEL52	AMR	anchored_ipd_genome	A	4	complete	0	0	0	0
exposed_validation	HG02300	PEL52	AMR	anchored_ipd_genome	B	2	complete	1	1	0	1
exposed_validation	HG02300	PEL52	AMR	anchored_ipd_genome	B	4	complete	0	0	0	0
exposed_validation	HG02300	PEL52	AMR	anchored_ipd_genome	C	2	complete	1	1	1	2
exposed_validation	HG02300	PEL52	AMR	anchored_ipd_genome	C	4	complete	1	1	1	2
exposed_validation	HG02300	PEL52	AMR	anchored_ipd_genome	DPA1	2	complete	1	1	1	2
exposed_validation	HG02300	PEL52	AMR	anchored_ipd_genome	DPA1	4	complete	0	0	0	0
exposed_validation	HG02300	PEL52	AMR	anchored_ipd_genome	DPB1	2	complete	1	1	1	2
exposed_validation	HG02300	PEL52	AMR	anchored_ipd_genome	DPB1	4	complete	1	1	1	2
exposed_validation	HG02300	PEL52	AMR	anchored_ipd_genome	DQA1	2	complete	1	1	0	0
exposed_validation	HG02300	PEL52	AMR	anchored_ipd_genome	DQA1	4	complete	1	0	0	0
exposed_validation	HG02300	PEL52	AMR	anchored_ipd_genome	DQB1	2	complete	1	1	1	2
exposed_validation	HG02300	PEL52	AMR	anchored_ipd_genome	DQB1	4	complete	1	1	1	2
exposed_validation	HG02300	PEL52	AMR	anchored_ipd_genome	DRB1	2	complete	1	1	1	2
exposed_validation	HG02300	PEL52	AMR	anchored_ipd_genome	DRB1	4	complete	0	0	0	0
exposed_validation	HG02300	PEL52	AMR	anchored_hprc	A	2	complete	1	1	1	2
exposed_validation	HG02300	PEL52	AMR	anchored_hprc	A	4	complete	0	0	0	0
exposed_validation	HG02300	PEL52	AMR	anchored_hprc	B	2	complete	1	1	0	1
exposed_validation	HG02300	PEL52	AMR	anchored_hprc	B	4	complete	0	0	0	0
exposed_validation	HG02300	PEL52	AMR	anchored_hprc	C	2	complete	1	1	1	2
exposed_validation	HG02300	PEL52	AMR	anchored_hprc	C	4	complete	1	1	1	2
exposed_validation	HG02300	PEL52	AMR	anchored_hprc	DPA1	2	complete	1	1	1	2
exposed_validation	HG02300	PEL52	AMR	anchored_hprc	DPA1	4	complete	0	0	0	0
exposed_validation	HG02300	PEL52	AMR	anchored_hprc	DPB1	2	complete	1	1	1	2
exposed_validation	HG02300	PEL52	AMR	anchored_hprc	DPB1	4	complete	1	1	1	2
exposed_validation	HG02300	PEL52	AMR	anchored_hprc	DQA1	2	complete	1	1	0	0
exposed_validation	HG02300	PEL52	AMR	anchored_hprc	DQA1	4	complete	1	0	0	0
exposed_validation	HG02300	PEL52	AMR	anchored_hprc	DQB1	2	complete	1	1	1	2
exposed_validation	HG02300	PEL52	AMR	anchored_hprc	DQB1	4	complete	1	1	1	2
exposed_validation	HG02300	PEL52	AMR	anchored_hprc	DRB1	2	complete	1	1	1	2
exposed_validation	HG02300	PEL52	AMR	anchored_hprc	DRB1	4	complete	0	0	0	0
exposed_validation	HG02300	PEL52	AMR	anchored_hprc_asian	A	2	complete	1	1	1	2
exposed_validation	HG02300	PEL52	AMR	anchored_hprc_asian	A	4	complete	0	0	0	0
exposed_validation	HG02300	PEL52	AMR	anchored_hprc_asian	B	2	complete	1	1	0	1
exposed_validation	HG02300	PEL52	AMR	anchored_hprc_asian	B	4	complete	0	0	0	0
exposed_validation	HG02300	PEL52	AMR	anchored_hprc_asian	C	2	complete	1	1	1	2
exposed_validation	HG02300	PEL52	AMR	anchored_hprc_asian	C	4	complete	1	1	1	2
exposed_validation	HG02300	PEL52	AMR	anchored_hprc_asian	DPA1	2	complete	1	1	1	2
exposed_validation	HG02300	PEL52	AMR	anchored_hprc_asian	DPA1	4	complete	0	0	0	0
exposed_validation	HG02300	PEL52	AMR	anchored_hprc_asian	DPB1	2	complete	1	1	1	2
exposed_validation	HG02300	PEL52	AMR	anchored_hprc_asian	DPB1	4	complete	1	1	1	2
exposed_validation	HG02300	PEL52	AMR	anchored_hprc_asian	DQA1	2	complete	1	1	0	0
exposed_validation	HG02300	PEL52	AMR	anchored_hprc_asian	DQA1	4	complete	1	0	0	0
exposed_validation	HG02300	PEL52	AMR	anchored_hprc_asian	DQB1	2	complete	1	1	1	2
exposed_validation	HG02300	PEL52	AMR	anchored_hprc_asian	DQB1	4	complete	1	1	1	2
exposed_validation	HG02300	PEL52	AMR	anchored_hprc_asian	DRB1	2	complete	1	1	1	2
exposed_validation	HG02300	PEL52	AMR	anchored_hprc_asian	DRB1	4	complete	0	0	0	0
exposed_validation	HG02392	HG02392	EAS	T1K	A	2	complete	1	1	1	2
exposed_validation	HG02392	HG02392	EAS	T1K	A	4	complete	1	1	1	2
exposed_validation	HG02392	HG02392	EAS	T1K	B	2	complete	1	1	1	2
exposed_validation	HG02392	HG02392	EAS	T1K	B	4	complete	0	0	0	0
exposed_validation	HG02392	HG02392	EAS	T1K	C	2	complete	1	1	1	2
exposed_validation	HG02392	HG02392	EAS	T1K	C	4	complete	1	1	0	0
exposed_validation	HG02392	HG02392	EAS	T1K	DPA1	2	complete	1	1	1	2
exposed_validation	HG02392	HG02392	EAS	T1K	DPA1	4	complete	0	0	0	0
exposed_validation	HG02392	HG02392	EAS	T1K	DPB1	2	complete	1	1	1	2
exposed_validation	HG02392	HG02392	EAS	T1K	DPB1	4	complete	1	1	0	1
exposed_validation	HG02392	HG02392	EAS	T1K	DQA1	2	complete	1	1	1	2
exposed_validation	HG02392	HG02392	EAS	T1K	DQA1	4	complete	0	0	0	0
exposed_validation	HG02392	HG02392	EAS	T1K	DQB1	2	complete	1	1	1	2
exposed_validation	HG02392	HG02392	EAS	T1K	DQB1	4	complete	0	0	0	0
exposed_validation	HG02392	HG02392	EAS	T1K	DRB1	2	complete	1	1	1	2
exposed_validation	HG02392	HG02392	EAS	T1K	DRB1	4	complete	0	0	0	0
exposed_validation	HG02392	HG02392	EAS	anchored_ipd_genome	A	2	complete	1	1	1	2
exposed_validation	HG02392	HG02392	EAS	anchored_ipd_genome	A	4	complete	1	1	1	2
exposed_validation	HG02392	HG02392	EAS	anchored_ipd_genome	B	2	complete	1	1	1	2
exposed_validation	HG02392	HG02392	EAS	anchored_ipd_genome	B	4	complete	0	0	0	0
exposed_validation	HG02392	HG02392	EAS	anchored_ipd_genome	C	2	complete	1	1	1	2
exposed_validation	HG02392	HG02392	EAS	anchored_ipd_genome	C	4	complete	1	1	1	2
exposed_validation	HG02392	HG02392	EAS	anchored_ipd_genome	DPA1	2	complete	1	1	1	2
exposed_validation	HG02392	HG02392	EAS	anchored_ipd_genome	DPA1	4	complete	0	0	0	0
exposed_validation	HG02392	HG02392	EAS	anchored_ipd_genome	DPB1	2	complete	1	1	1	2
exposed_validation	HG02392	HG02392	EAS	anchored_ipd_genome	DPB1	4	complete	1	1	1	2
exposed_validation	HG02392	HG02392	EAS	anchored_ipd_genome	DQA1	2	complete	1	1	1	2
exposed_validation	HG02392	HG02392	EAS	anchored_ipd_genome	DQA1	4	complete	0	0	0	0
exposed_validation	HG02392	HG02392	EAS	anchored_ipd_genome	DQB1	2	complete	1	1	1	2
exposed_validation	HG02392	HG02392	EAS	anchored_ipd_genome	DQB1	4	complete	0	0	0	0
exposed_validation	HG02392	HG02392	EAS	anchored_ipd_genome	DRB1	2	complete	1	1	1	2
exposed_validation	HG02392	HG02392	EAS	anchored_ipd_genome	DRB1	4	complete	0	0	0	0
exposed_validation	HG02392	HG02392	EAS	anchored_hprc	A	2	complete	1	1	1	2
exposed_validation	HG02392	HG02392	EAS	anchored_hprc	A	4	complete	1	1	1	2
exposed_validation	HG02392	HG02392	EAS	anchored_hprc	B	2	complete	1	1	1	2
exposed_validation	HG02392	HG02392	EAS	anchored_hprc	B	4	complete	0	0	0	0
exposed_validation	HG02392	HG02392	EAS	anchored_hprc	C	2	complete	1	1	1	2
exposed_validation	HG02392	HG02392	EAS	anchored_hprc	C	4	complete	1	1	1	2
exposed_validation	HG02392	HG02392	EAS	anchored_hprc	DPA1	2	complete	1	1	1	2
exposed_validation	HG02392	HG02392	EAS	anchored_hprc	DPA1	4	complete	0	0	0	0
exposed_validation	HG02392	HG02392	EAS	anchored_hprc	DPB1	2	complete	1	1	1	2
exposed_validation	HG02392	HG02392	EAS	anchored_hprc	DPB1	4	complete	1	1	1	2
exposed_validation	HG02392	HG02392	EAS	anchored_hprc	DQA1	2	complete	1	1	1	2
exposed_validation	HG02392	HG02392	EAS	anchored_hprc	DQA1	4	complete	0	0	0	0
exposed_validation	HG02392	HG02392	EAS	anchored_hprc	DQB1	2	complete	1	1	1	2
exposed_validation	HG02392	HG02392	EAS	anchored_hprc	DQB1	4	complete	0	0	0	0
exposed_validation	HG02392	HG02392	EAS	anchored_hprc	DRB1	2	complete	1	1	1	2
exposed_validation	HG02392	HG02392	EAS	anchored_hprc	DRB1	4	complete	0	0	0	0
exposed_validation	HG02392	HG02392	EAS	anchored_hprc_asian	A	2	complete	1	1	1	2
exposed_validation	HG02392	HG02392	EAS	anchored_hprc_asian	A	4	complete	1	1	1	2
exposed_validation	HG02392	HG02392	EAS	anchored_hprc_asian	B	2	complete	1	1	1	2
exposed_validation	HG02392	HG02392	EAS	anchored_hprc_asian	B	4	complete	0	0	0	0
exposed_validation	HG02392	HG02392	EAS	anchored_hprc_asian	C	2	complete	1	1	1	2
exposed_validation	HG02392	HG02392	EAS	anchored_hprc_asian	C	4	complete	1	1	1	2
exposed_validation	HG02392	HG02392	EAS	anchored_hprc_asian	DPA1	2	complete	1	1	1	2
exposed_validation	HG02392	HG02392	EAS	anchored_hprc_asian	DPA1	4	complete	0	0	0	0
exposed_validation	HG02392	HG02392	EAS	anchored_hprc_asian	DPB1	2	complete	1	1	1	2
exposed_validation	HG02392	HG02392	EAS	anchored_hprc_asian	DPB1	4	complete	1	1	1	2
exposed_validation	HG02392	HG02392	EAS	anchored_hprc_asian	DQA1	2	complete	1	1	1	2
exposed_validation	HG02392	HG02392	EAS	anchored_hprc_asian	DQA1	4	complete	0	0	0	0
exposed_validation	HG02392	HG02392	EAS	anchored_hprc_asian	DQB1	2	complete	1	1	1	2
exposed_validation	HG02392	HG02392	EAS	anchored_hprc_asian	DQB1	4	complete	0	0	0	0
exposed_validation	HG02392	HG02392	EAS	anchored_hprc_asian	DRB1	2	complete	1	1	1	2
exposed_validation	HG02392	HG02392	EAS	anchored_hprc_asian	DRB1	4	complete	0	0	0	0
exposed_validation	HG02451	BB46	AFR	T1K	A	2	complete	1	1	1	2
exposed_validation	HG02451	BB46	AFR	T1K	A	4	complete	1	1	1	2
exposed_validation	HG02451	BB46	AFR	T1K	B	2	complete	1	1	1	2
exposed_validation	HG02451	BB46	AFR	T1K	B	4	complete	0	0	0	0
exposed_validation	HG02451	BB46	AFR	T1K	C	2	complete	1	1	0	1
exposed_validation	HG02451	BB46	AFR	T1K	C	4	complete	0	0	0	0
exposed_validation	HG02451	BB46	AFR	T1K	DPA1	2	complete	1	1	1	2
exposed_validation	HG02451	BB46	AFR	T1K	DPA1	4	complete	1	1	0	1
exposed_validation	HG02451	BB46	AFR	T1K	DPB1	2	complete	1	1	1	2
exposed_validation	HG02451	BB46	AFR	T1K	DPB1	4	complete	1	1	1	2
exposed_validation	HG02451	BB46	AFR	T1K	DQA1	2	complete	1	1	1	2
exposed_validation	HG02451	BB46	AFR	T1K	DQA1	4	complete	1	1	0	0
exposed_validation	HG02451	BB46	AFR	T1K	DQB1	2	complete	1	1	1	2
exposed_validation	HG02451	BB46	AFR	T1K	DQB1	4	complete	1	1	0	1
exposed_validation	HG02451	BB46	AFR	T1K	DRB1	2	complete	1	1	1	2
exposed_validation	HG02451	BB46	AFR	T1K	DRB1	4	complete	0	0	0	0
exposed_validation	HG02451	BB46	AFR	anchored_ipd_genome	A	2	complete	1	1	1	2
exposed_validation	HG02451	BB46	AFR	anchored_ipd_genome	A	4	complete	1	1	1	2
exposed_validation	HG02451	BB46	AFR	anchored_ipd_genome	B	2	complete	1	1	1	2
exposed_validation	HG02451	BB46	AFR	anchored_ipd_genome	B	4	complete	0	0	0	0
exposed_validation	HG02451	BB46	AFR	anchored_ipd_genome	C	2	complete	1	1	0	1
exposed_validation	HG02451	BB46	AFR	anchored_ipd_genome	C	4	complete	0	0	0	0
exposed_validation	HG02451	BB46	AFR	anchored_ipd_genome	DPA1	2	complete	1	1	1	2
exposed_validation	HG02451	BB46	AFR	anchored_ipd_genome	DPA1	4	complete	1	1	1	2
exposed_validation	HG02451	BB46	AFR	anchored_ipd_genome	DPB1	2	complete	1	1	1	2
exposed_validation	HG02451	BB46	AFR	anchored_ipd_genome	DPB1	4	complete	1	1	1	2
exposed_validation	HG02451	BB46	AFR	anchored_ipd_genome	DQA1	2	complete	1	1	1	2
exposed_validation	HG02451	BB46	AFR	anchored_ipd_genome	DQA1	4	complete	1	1	0	1
exposed_validation	HG02451	BB46	AFR	anchored_ipd_genome	DQB1	2	complete	1	1	1	2
exposed_validation	HG02451	BB46	AFR	anchored_ipd_genome	DQB1	4	complete	1	1	0	1
exposed_validation	HG02451	BB46	AFR	anchored_ipd_genome	DRB1	2	complete	1	1	1	2
exposed_validation	HG02451	BB46	AFR	anchored_ipd_genome	DRB1	4	complete	0	0	0	0
exposed_validation	HG02451	BB46	AFR	anchored_hprc	A	2	complete	1	1	1	2
exposed_validation	HG02451	BB46	AFR	anchored_hprc	A	4	complete	1	1	1	2
exposed_validation	HG02451	BB46	AFR	anchored_hprc	B	2	complete	1	1	1	2
exposed_validation	HG02451	BB46	AFR	anchored_hprc	B	4	complete	0	0	0	0
exposed_validation	HG02451	BB46	AFR	anchored_hprc	C	2	complete	1	1	0	1
exposed_validation	HG02451	BB46	AFR	anchored_hprc	C	4	complete	0	0	0	0
exposed_validation	HG02451	BB46	AFR	anchored_hprc	DPA1	2	complete	1	1	1	2
exposed_validation	HG02451	BB46	AFR	anchored_hprc	DPA1	4	complete	1	1	1	2
exposed_validation	HG02451	BB46	AFR	anchored_hprc	DPB1	2	complete	1	1	1	2
exposed_validation	HG02451	BB46	AFR	anchored_hprc	DPB1	4	complete	1	1	1	2
exposed_validation	HG02451	BB46	AFR	anchored_hprc	DQA1	2	complete	1	1	1	2
exposed_validation	HG02451	BB46	AFR	anchored_hprc	DQA1	4	complete	1	1	0	1
exposed_validation	HG02451	BB46	AFR	anchored_hprc	DQB1	2	complete	1	1	1	2
exposed_validation	HG02451	BB46	AFR	anchored_hprc	DQB1	4	complete	1	1	0	1
exposed_validation	HG02451	BB46	AFR	anchored_hprc	DRB1	2	complete	1	1	1	2
exposed_validation	HG02451	BB46	AFR	anchored_hprc	DRB1	4	complete	0	0	0	0
exposed_validation	HG02451	BB46	AFR	anchored_hprc_asian	A	2	complete	1	1	1	2
exposed_validation	HG02451	BB46	AFR	anchored_hprc_asian	A	4	complete	1	1	1	2
exposed_validation	HG02451	BB46	AFR	anchored_hprc_asian	B	2	complete	1	1	1	2
exposed_validation	HG02451	BB46	AFR	anchored_hprc_asian	B	4	complete	0	0	0	0
exposed_validation	HG02451	BB46	AFR	anchored_hprc_asian	C	2	complete	1	1	0	1
exposed_validation	HG02451	BB46	AFR	anchored_hprc_asian	C	4	complete	0	0	0	0
exposed_validation	HG02451	BB46	AFR	anchored_hprc_asian	DPA1	2	complete	1	1	1	2
exposed_validation	HG02451	BB46	AFR	anchored_hprc_asian	DPA1	4	complete	1	1	1	2
exposed_validation	HG02451	BB46	AFR	anchored_hprc_asian	DPB1	2	complete	1	1	1	2
exposed_validation	HG02451	BB46	AFR	anchored_hprc_asian	DPB1	4	complete	1	1	1	2
exposed_validation	HG02451	BB46	AFR	anchored_hprc_asian	DQA1	2	complete	1	1	1	2
exposed_validation	HG02451	BB46	AFR	anchored_hprc_asian	DQA1	4	complete	1	1	1	2
exposed_validation	HG02451	BB46	AFR	anchored_hprc_asian	DQB1	2	complete	1	1	1	2
exposed_validation	HG02451	BB46	AFR	anchored_hprc_asian	DQB1	4	complete	1	1	0	1
exposed_validation	HG02451	BB46	AFR	anchored_hprc_asian	DRB1	2	complete	1	1	1	2
exposed_validation	HG02451	BB46	AFR	anchored_hprc_asian	DRB1	4	complete	0	0	0	0
exposed_validation	HG02514	VN087	EAS	T1K	A	2	complete	1	1	1	2
exposed_validation	HG02514	VN087	EAS	T1K	A	4	complete	0	0	0	0
exposed_validation	HG02514	VN087	EAS	T1K	B	2	complete	1	1	1	2
exposed_validation	HG02514	VN087	EAS	T1K	B	4	complete	0	0	0	0
exposed_validation	HG02514	VN087	EAS	T1K	C	2	complete	1	1	1	2
exposed_validation	HG02514	VN087	EAS	T1K	C	4	complete	1	1	1	2
exposed_validation	HG02514	VN087	EAS	T1K	DPA1	2	complete	1	1	1	2
exposed_validation	HG02514	VN087	EAS	T1K	DPA1	4	complete	1	1	0	0
exposed_validation	HG02514	VN087	EAS	T1K	DPB1	2	complete	1	1	1	2
exposed_validation	HG02514	VN087	EAS	T1K	DPB1	4	complete	1	1	1	2
exposed_validation	HG02514	VN087	EAS	T1K	DQA1	2	complete	1	1	1	2
exposed_validation	HG02514	VN087	EAS	T1K	DQA1	4	complete	1	1	0	1
exposed_validation	HG02514	VN087	EAS	T1K	DQB1	2	complete	1	1	1	2
exposed_validation	HG02514	VN087	EAS	T1K	DQB1	4	complete	1	1	0	0
exposed_validation	HG02514	VN087	EAS	T1K	DRB1	2	complete	1	1	1	2
exposed_validation	HG02514	VN087	EAS	T1K	DRB1	4	complete	0	0	0	0
exposed_validation	HG02514	VN087	EAS	anchored_ipd_genome	A	2	complete	1	1	1	2
exposed_validation	HG02514	VN087	EAS	anchored_ipd_genome	A	4	complete	0	0	0	0
exposed_validation	HG02514	VN087	EAS	anchored_ipd_genome	B	2	complete	1	1	1	2
exposed_validation	HG02514	VN087	EAS	anchored_ipd_genome	B	4	complete	0	0	0	0
exposed_validation	HG02514	VN087	EAS	anchored_ipd_genome	C	2	complete	1	1	1	2
exposed_validation	HG02514	VN087	EAS	anchored_ipd_genome	C	4	complete	1	1	1	2
exposed_validation	HG02514	VN087	EAS	anchored_ipd_genome	DPA1	2	complete	1	1	1	2
exposed_validation	HG02514	VN087	EAS	anchored_ipd_genome	DPA1	4	complete	1	1	1	2
exposed_validation	HG02514	VN087	EAS	anchored_ipd_genome	DPB1	2	complete	1	1	1	2
exposed_validation	HG02514	VN087	EAS	anchored_ipd_genome	DPB1	4	complete	1	1	1	2
exposed_validation	HG02514	VN087	EAS	anchored_ipd_genome	DQA1	2	complete	1	1	1	2
exposed_validation	HG02514	VN087	EAS	anchored_ipd_genome	DQA1	4	complete	1	1	1	2
exposed_validation	HG02514	VN087	EAS	anchored_ipd_genome	DQB1	2	complete	1	1	1	2
exposed_validation	HG02514	VN087	EAS	anchored_ipd_genome	DQB1	4	complete	1	1	1	2
exposed_validation	HG02514	VN087	EAS	anchored_ipd_genome	DRB1	2	complete	1	1	1	2
exposed_validation	HG02514	VN087	EAS	anchored_ipd_genome	DRB1	4	complete	0	0	0	0
exposed_validation	HG02514	VN087	EAS	anchored_hprc	A	2	complete	1	1	1	2
exposed_validation	HG02514	VN087	EAS	anchored_hprc	A	4	complete	0	0	0	0
exposed_validation	HG02514	VN087	EAS	anchored_hprc	B	2	complete	1	1	1	2
exposed_validation	HG02514	VN087	EAS	anchored_hprc	B	4	complete	0	0	0	0
exposed_validation	HG02514	VN087	EAS	anchored_hprc	C	2	complete	1	1	1	2
exposed_validation	HG02514	VN087	EAS	anchored_hprc	C	4	complete	1	1	1	2
exposed_validation	HG02514	VN087	EAS	anchored_hprc	DPA1	2	complete	1	1	1	2
exposed_validation	HG02514	VN087	EAS	anchored_hprc	DPA1	4	complete	1	1	1	2
exposed_validation	HG02514	VN087	EAS	anchored_hprc	DPB1	2	complete	1	1	1	2
exposed_validation	HG02514	VN087	EAS	anchored_hprc	DPB1	4	complete	1	1	1	2
exposed_validation	HG02514	VN087	EAS	anchored_hprc	DQA1	2	complete	1	1	1	2
exposed_validation	HG02514	VN087	EAS	anchored_hprc	DQA1	4	complete	1	1	1	2
exposed_validation	HG02514	VN087	EAS	anchored_hprc	DQB1	2	complete	1	1	1	2
exposed_validation	HG02514	VN087	EAS	anchored_hprc	DQB1	4	complete	1	1	1	2
exposed_validation	HG02514	VN087	EAS	anchored_hprc	DRB1	2	complete	1	1	1	2
exposed_validation	HG02514	VN087	EAS	anchored_hprc	DRB1	4	complete	0	0	0	0
exposed_validation	HG02514	VN087	EAS	anchored_hprc_asian	A	2	complete	1	1	1	2
exposed_validation	HG02514	VN087	EAS	anchored_hprc_asian	A	4	complete	0	0	0	0
exposed_validation	HG02514	VN087	EAS	anchored_hprc_asian	B	2	complete	1	1	1	2
exposed_validation	HG02514	VN087	EAS	anchored_hprc_asian	B	4	complete	0	0	0	0
exposed_validation	HG02514	VN087	EAS	anchored_hprc_asian	C	2	complete	1	1	1	2
exposed_validation	HG02514	VN087	EAS	anchored_hprc_asian	C	4	complete	1	1	1	2
exposed_validation	HG02514	VN087	EAS	anchored_hprc_asian	DPA1	2	complete	1	1	1	2
exposed_validation	HG02514	VN087	EAS	anchored_hprc_asian	DPA1	4	complete	1	1	1	2
exposed_validation	HG02514	VN087	EAS	anchored_hprc_asian	DPB1	2	complete	1	1	1	2
exposed_validation	HG02514	VN087	EAS	anchored_hprc_asian	DPB1	4	complete	1	1	1	2
exposed_validation	HG02514	VN087	EAS	anchored_hprc_asian	DQA1	2	complete	1	1	1	2
exposed_validation	HG02514	VN087	EAS	anchored_hprc_asian	DQA1	4	complete	1	1	1	2
exposed_validation	HG02514	VN087	EAS	anchored_hprc_asian	DQB1	2	complete	1	1	1	2
exposed_validation	HG02514	VN087	EAS	anchored_hprc_asian	DQB1	4	complete	1	1	1	2
exposed_validation	HG02514	VN087	EAS	anchored_hprc_asian	DRB1	2	complete	1	1	1	2
exposed_validation	HG02514	VN087	EAS	anchored_hprc_asian	DRB1	4	complete	0	0	0	0
exposed_validation	HG02572	GB21	AFR	T1K	A	2	complete	1	1	1	2
exposed_validation	HG02572	GB21	AFR	T1K	A	4	complete	1	1	1	2
exposed_validation	HG02572	GB21	AFR	T1K	B	2	complete	1	1	1	2
exposed_validation	HG02572	GB21	AFR	T1K	B	4	complete	0	0	0	0
exposed_validation	HG02572	GB21	AFR	T1K	C	2	complete	1	1	1	2
exposed_validation	HG02572	GB21	AFR	T1K	C	4	complete	0	0	0	0
exposed_validation	HG02572	GB21	AFR	T1K	DPA1	2	complete	1	1	1	2
exposed_validation	HG02572	GB21	AFR	T1K	DPA1	4	complete	0	0	0	0
exposed_validation	HG02572	GB21	AFR	T1K	DPB1	2	complete	1	1	1	2
exposed_validation	HG02572	GB21	AFR	T1K	DPB1	4	complete	0	0	0	0
exposed_validation	HG02572	GB21	AFR	T1K	DQA1	2	complete	1	1	1	2
exposed_validation	HG02572	GB21	AFR	T1K	DQA1	4	complete	0	0	0	0
exposed_validation	HG02572	GB21	AFR	T1K	DQB1	2	complete	1	1	1	2
exposed_validation	HG02572	GB21	AFR	T1K	DQB1	4	complete	1	1	1	2
exposed_validation	HG02572	GB21	AFR	T1K	DRB1	2	complete	1	1	1	2
exposed_validation	HG02572	GB21	AFR	T1K	DRB1	4	complete	0	0	0	0
exposed_validation	HG02572	GB21	AFR	anchored_ipd_genome	A	2	complete	1	1	1	2
exposed_validation	HG02572	GB21	AFR	anchored_ipd_genome	A	4	complete	1	1	1	2
exposed_validation	HG02572	GB21	AFR	anchored_ipd_genome	B	2	complete	1	1	1	2
exposed_validation	HG02572	GB21	AFR	anchored_ipd_genome	B	4	complete	0	0	0	0
exposed_validation	HG02572	GB21	AFR	anchored_ipd_genome	C	2	complete	1	1	1	2
exposed_validation	HG02572	GB21	AFR	anchored_ipd_genome	C	4	complete	0	0	0	0
exposed_validation	HG02572	GB21	AFR	anchored_ipd_genome	DPA1	2	complete	1	1	1	2
exposed_validation	HG02572	GB21	AFR	anchored_ipd_genome	DPA1	4	complete	0	0	0	0
exposed_validation	HG02572	GB21	AFR	anchored_ipd_genome	DPB1	2	complete	1	1	1	2
exposed_validation	HG02572	GB21	AFR	anchored_ipd_genome	DPB1	4	complete	0	0	0	0
exposed_validation	HG02572	GB21	AFR	anchored_ipd_genome	DQA1	2	complete	1	1	1	2
exposed_validation	HG02572	GB21	AFR	anchored_ipd_genome	DQA1	4	complete	0	0	0	0
exposed_validation	HG02572	GB21	AFR	anchored_ipd_genome	DQB1	2	complete	1	1	1	2
exposed_validation	HG02572	GB21	AFR	anchored_ipd_genome	DQB1	4	complete	1	1	1	2
exposed_validation	HG02572	GB21	AFR	anchored_ipd_genome	DRB1	2	complete	1	1	1	2
exposed_validation	HG02572	GB21	AFR	anchored_ipd_genome	DRB1	4	complete	0	0	0	0
exposed_validation	HG02572	GB21	AFR	anchored_hprc	A	2	complete	1	1	1	2
exposed_validation	HG02572	GB21	AFR	anchored_hprc	A	4	complete	1	1	1	2
exposed_validation	HG02572	GB21	AFR	anchored_hprc	B	2	complete	1	1	1	2
exposed_validation	HG02572	GB21	AFR	anchored_hprc	B	4	complete	0	0	0	0
exposed_validation	HG02572	GB21	AFR	anchored_hprc	C	2	complete	1	1	1	2
exposed_validation	HG02572	GB21	AFR	anchored_hprc	C	4	complete	0	0	0	0
exposed_validation	HG02572	GB21	AFR	anchored_hprc	DPA1	2	complete	1	1	1	2
exposed_validation	HG02572	GB21	AFR	anchored_hprc	DPA1	4	complete	0	0	0	0
exposed_validation	HG02572	GB21	AFR	anchored_hprc	DPB1	2	complete	1	1	1	2
exposed_validation	HG02572	GB21	AFR	anchored_hprc	DPB1	4	complete	0	0	0	0
exposed_validation	HG02572	GB21	AFR	anchored_hprc	DQA1	2	complete	1	1	1	2
exposed_validation	HG02572	GB21	AFR	anchored_hprc	DQA1	4	complete	0	0	0	0
exposed_validation	HG02572	GB21	AFR	anchored_hprc	DQB1	2	complete	1	1	1	2
exposed_validation	HG02572	GB21	AFR	anchored_hprc	DQB1	4	complete	1	1	1	2
exposed_validation	HG02572	GB21	AFR	anchored_hprc	DRB1	2	complete	1	1	1	2
exposed_validation	HG02572	GB21	AFR	anchored_hprc	DRB1	4	complete	0	0	0	0
exposed_validation	HG02572	GB21	AFR	anchored_hprc_asian	A	2	complete	1	1	1	2
exposed_validation	HG02572	GB21	AFR	anchored_hprc_asian	A	4	complete	1	1	1	2
exposed_validation	HG02572	GB21	AFR	anchored_hprc_asian	B	2	complete	1	1	1	2
exposed_validation	HG02572	GB21	AFR	anchored_hprc_asian	B	4	complete	0	0	0	0
exposed_validation	HG02572	GB21	AFR	anchored_hprc_asian	C	2	complete	1	1	1	2
exposed_validation	HG02572	GB21	AFR	anchored_hprc_asian	C	4	complete	0	0	0	0
exposed_validation	HG02572	GB21	AFR	anchored_hprc_asian	DPA1	2	complete	1	1	1	2
exposed_validation	HG02572	GB21	AFR	anchored_hprc_asian	DPA1	4	complete	0	0	0	0
exposed_validation	HG02572	GB21	AFR	anchored_hprc_asian	DPB1	2	complete	1	1	1	2
exposed_validation	HG02572	GB21	AFR	anchored_hprc_asian	DPB1	4	complete	0	0	0	0
exposed_validation	HG02572	GB21	AFR	anchored_hprc_asian	DQA1	2	complete	1	1	1	2
exposed_validation	HG02572	GB21	AFR	anchored_hprc_asian	DQA1	4	complete	0	0	0	0
exposed_validation	HG02572	GB21	AFR	anchored_hprc_asian	DQB1	2	complete	1	1	1	2
exposed_validation	HG02572	GB21	AFR	anchored_hprc_asian	DQB1	4	complete	1	1	1	2
exposed_validation	HG02572	GB21	AFR	anchored_hprc_asian	DRB1	2	complete	1	1	1	2
exposed_validation	HG02572	GB21	AFR	anchored_hprc_asian	DRB1	4	complete	0	0	0	0
exposed_validation	HG02583	GB23	AFR	T1K	A	2	complete	1	1	1	2
exposed_validation	HG02583	GB23	AFR	T1K	A	4	complete	1	1	1	2
exposed_validation	HG02583	GB23	AFR	T1K	B	2	complete	1	1	0	1
exposed_validation	HG02583	GB23	AFR	T1K	B	4	complete	0	0	0	0
exposed_validation	HG02583	GB23	AFR	T1K	C	2	complete	1	1	1	2
exposed_validation	HG02583	GB23	AFR	T1K	C	4	complete	1	1	0	1
exposed_validation	HG02583	GB23	AFR	T1K	DPA1	2	complete	1	1	1	2
exposed_validation	HG02583	GB23	AFR	T1K	DPA1	4	complete	0	0	0	0
exposed_validation	HG02583	GB23	AFR	T1K	DPB1	2	complete	1	1	1	2
exposed_validation	HG02583	GB23	AFR	T1K	DPB1	4	complete	0	0	0	0
exposed_validation	HG02583	GB23	AFR	T1K	DQA1	2	complete	1	1	1	2
exposed_validation	HG02583	GB23	AFR	T1K	DQA1	4	complete	0	0	0	0
exposed_validation	HG02583	GB23	AFR	T1K	DQB1	2	complete	1	1	1	2
exposed_validation	HG02583	GB23	AFR	T1K	DQB1	4	complete	0	0	0	0
exposed_validation	HG02583	GB23	AFR	T1K	DRB1	2	complete	1	1	1	2
exposed_validation	HG02583	GB23	AFR	T1K	DRB1	4	complete	1	1	1	2
exposed_validation	HG02583	GB23	AFR	anchored_ipd_genome	A	2	complete	1	1	1	2
exposed_validation	HG02583	GB23	AFR	anchored_ipd_genome	A	4	complete	1	1	1	2
exposed_validation	HG02583	GB23	AFR	anchored_ipd_genome	B	2	complete	1	1	0	1
exposed_validation	HG02583	GB23	AFR	anchored_ipd_genome	B	4	complete	0	0	0	0
exposed_validation	HG02583	GB23	AFR	anchored_ipd_genome	C	2	complete	1	1	1	2
exposed_validation	HG02583	GB23	AFR	anchored_ipd_genome	C	4	complete	1	1	1	2
exposed_validation	HG02583	GB23	AFR	anchored_ipd_genome	DPA1	2	complete	1	1	1	2
exposed_validation	HG02583	GB23	AFR	anchored_ipd_genome	DPA1	4	complete	0	0	0	0
exposed_validation	HG02583	GB23	AFR	anchored_ipd_genome	DPB1	2	complete	1	1	1	2
exposed_validation	HG02583	GB23	AFR	anchored_ipd_genome	DPB1	4	complete	0	0	0	0
exposed_validation	HG02583	GB23	AFR	anchored_ipd_genome	DQA1	2	complete	1	1	1	2
exposed_validation	HG02583	GB23	AFR	anchored_ipd_genome	DQA1	4	complete	0	0	0	0
exposed_validation	HG02583	GB23	AFR	anchored_ipd_genome	DQB1	2	complete	1	1	1	2
exposed_validation	HG02583	GB23	AFR	anchored_ipd_genome	DQB1	4	complete	0	0	0	0
exposed_validation	HG02583	GB23	AFR	anchored_ipd_genome	DRB1	2	complete	1	1	1	2
exposed_validation	HG02583	GB23	AFR	anchored_ipd_genome	DRB1	4	complete	1	1	1	2
exposed_validation	HG02583	GB23	AFR	anchored_hprc	A	2	complete	1	1	1	2
exposed_validation	HG02583	GB23	AFR	anchored_hprc	A	4	complete	1	1	1	2
exposed_validation	HG02583	GB23	AFR	anchored_hprc	B	2	complete	1	1	0	1
exposed_validation	HG02583	GB23	AFR	anchored_hprc	B	4	complete	0	0	0	0
exposed_validation	HG02583	GB23	AFR	anchored_hprc	C	2	complete	1	1	1	2
exposed_validation	HG02583	GB23	AFR	anchored_hprc	C	4	complete	1	1	1	2
exposed_validation	HG02583	GB23	AFR	anchored_hprc	DPA1	2	complete	1	1	1	2
exposed_validation	HG02583	GB23	AFR	anchored_hprc	DPA1	4	complete	0	0	0	0
exposed_validation	HG02583	GB23	AFR	anchored_hprc	DPB1	2	complete	1	1	1	2
exposed_validation	HG02583	GB23	AFR	anchored_hprc	DPB1	4	complete	0	0	0	0
exposed_validation	HG02583	GB23	AFR	anchored_hprc	DQA1	2	complete	1	1	1	2
exposed_validation	HG02583	GB23	AFR	anchored_hprc	DQA1	4	complete	0	0	0	0
exposed_validation	HG02583	GB23	AFR	anchored_hprc	DQB1	2	complete	1	1	1	2
exposed_validation	HG02583	GB23	AFR	anchored_hprc	DQB1	4	complete	0	0	0	0
exposed_validation	HG02583	GB23	AFR	anchored_hprc	DRB1	2	complete	1	1	1	2
exposed_validation	HG02583	GB23	AFR	anchored_hprc	DRB1	4	complete	1	1	1	2
exposed_validation	HG02583	GB23	AFR	anchored_hprc_asian	A	2	complete	1	1	1	2
exposed_validation	HG02583	GB23	AFR	anchored_hprc_asian	A	4	complete	1	1	1	2
exposed_validation	HG02583	GB23	AFR	anchored_hprc_asian	B	2	complete	1	1	0	1
exposed_validation	HG02583	GB23	AFR	anchored_hprc_asian	B	4	complete	0	0	0	0
exposed_validation	HG02583	GB23	AFR	anchored_hprc_asian	C	2	complete	1	1	1	2
exposed_validation	HG02583	GB23	AFR	anchored_hprc_asian	C	4	complete	1	1	1	2
exposed_validation	HG02583	GB23	AFR	anchored_hprc_asian	DPA1	2	complete	1	1	1	2
exposed_validation	HG02583	GB23	AFR	anchored_hprc_asian	DPA1	4	complete	0	0	0	0
exposed_validation	HG02583	GB23	AFR	anchored_hprc_asian	DPB1	2	complete	1	1	1	2
exposed_validation	HG02583	GB23	AFR	anchored_hprc_asian	DPB1	4	complete	0	0	0	0
exposed_validation	HG02583	GB23	AFR	anchored_hprc_asian	DQA1	2	complete	1	1	1	2
exposed_validation	HG02583	GB23	AFR	anchored_hprc_asian	DQA1	4	complete	0	0	0	0
exposed_validation	HG02583	GB23	AFR	anchored_hprc_asian	DQB1	2	complete	1	1	1	2
exposed_validation	HG02583	GB23	AFR	anchored_hprc_asian	DQB1	4	complete	0	0	0	0
exposed_validation	HG02583	GB23	AFR	anchored_hprc_asian	DRB1	2	complete	1	1	1	2
exposed_validation	HG02583	GB23	AFR	anchored_hprc_asian	DRB1	4	complete	1	1	1	2
exposed_validation	HG02615	GB29	AFR	T1K	A	2	complete	1	1	1	2
exposed_validation	HG02615	GB29	AFR	T1K	A	4	complete	1	1	0	1
exposed_validation	HG02615	GB29	AFR	T1K	B	2	complete	1	1	1	2
exposed_validation	HG02615	GB29	AFR	T1K	B	4	complete	0	0	0	0
exposed_validation	HG02615	GB29	AFR	T1K	C	2	complete	1	1	1	2
exposed_validation	HG02615	GB29	AFR	T1K	C	4	complete	0	0	0	0
exposed_validation	HG02615	GB29	AFR	T1K	DPA1	2	complete	1	1	1	2
exposed_validation	HG02615	GB29	AFR	T1K	DPA1	4	complete	0	0	0	0
exposed_validation	HG02615	GB29	AFR	T1K	DPB1	2	complete	1	1	1	2
exposed_validation	HG02615	GB29	AFR	T1K	DPB1	4	complete	1	1	1	2
exposed_validation	HG02615	GB29	AFR	T1K	DQA1	2	complete	1	1	1	2
exposed_validation	HG02615	GB29	AFR	T1K	DQA1	4	complete	0	0	0	0
exposed_validation	HG02615	GB29	AFR	T1K	DQB1	2	complete	1	1	1	2
exposed_validation	HG02615	GB29	AFR	T1K	DQB1	4	complete	1	1	0	1
exposed_validation	HG02615	GB29	AFR	T1K	DRB1	2	complete	1	1	1	2
exposed_validation	HG02615	GB29	AFR	T1K	DRB1	4	complete	0	0	0	0
exposed_validation	HG02615	GB29	AFR	anchored_ipd_genome	A	2	complete	1	1	1	2
exposed_validation	HG02615	GB29	AFR	anchored_ipd_genome	A	4	complete	1	1	0	1
exposed_validation	HG02615	GB29	AFR	anchored_ipd_genome	B	2	complete	1	1	1	2
exposed_validation	HG02615	GB29	AFR	anchored_ipd_genome	B	4	complete	0	0	0	0
exposed_validation	HG02615	GB29	AFR	anchored_ipd_genome	C	2	complete	1	1	1	2
exposed_validation	HG02615	GB29	AFR	anchored_ipd_genome	C	4	complete	0	0	0	0
exposed_validation	HG02615	GB29	AFR	anchored_ipd_genome	DPA1	2	complete	1	1	1	2
exposed_validation	HG02615	GB29	AFR	anchored_ipd_genome	DPA1	4	complete	0	0	0	0
exposed_validation	HG02615	GB29	AFR	anchored_ipd_genome	DPB1	2	complete	1	1	1	2
exposed_validation	HG02615	GB29	AFR	anchored_ipd_genome	DPB1	4	complete	1	1	1	2
exposed_validation	HG02615	GB29	AFR	anchored_ipd_genome	DQA1	2	complete	1	1	1	2
exposed_validation	HG02615	GB29	AFR	anchored_ipd_genome	DQA1	4	complete	0	0	0	0
exposed_validation	HG02615	GB29	AFR	anchored_ipd_genome	DQB1	2	complete	1	1	1	2
exposed_validation	HG02615	GB29	AFR	anchored_ipd_genome	DQB1	4	complete	1	1	1	2
exposed_validation	HG02615	GB29	AFR	anchored_ipd_genome	DRB1	2	complete	1	1	1	2
exposed_validation	HG02615	GB29	AFR	anchored_ipd_genome	DRB1	4	complete	0	0	0	0
exposed_validation	HG02615	GB29	AFR	anchored_hprc	A	2	complete	1	1	1	2
exposed_validation	HG02615	GB29	AFR	anchored_hprc	A	4	complete	1	1	0	1
exposed_validation	HG02615	GB29	AFR	anchored_hprc	B	2	complete	1	1	1	2
exposed_validation	HG02615	GB29	AFR	anchored_hprc	B	4	complete	0	0	0	0
exposed_validation	HG02615	GB29	AFR	anchored_hprc	C	2	complete	1	1	1	2
exposed_validation	HG02615	GB29	AFR	anchored_hprc	C	4	complete	0	0	0	0
exposed_validation	HG02615	GB29	AFR	anchored_hprc	DPA1	2	complete	1	1	1	2
exposed_validation	HG02615	GB29	AFR	anchored_hprc	DPA1	4	complete	0	0	0	0
exposed_validation	HG02615	GB29	AFR	anchored_hprc	DPB1	2	complete	1	1	1	2
exposed_validation	HG02615	GB29	AFR	anchored_hprc	DPB1	4	complete	1	1	1	2
exposed_validation	HG02615	GB29	AFR	anchored_hprc	DQA1	2	complete	1	1	1	2
exposed_validation	HG02615	GB29	AFR	anchored_hprc	DQA1	4	complete	0	0	0	0
exposed_validation	HG02615	GB29	AFR	anchored_hprc	DQB1	2	complete	1	1	1	2
exposed_validation	HG02615	GB29	AFR	anchored_hprc	DQB1	4	complete	1	1	1	2
exposed_validation	HG02615	GB29	AFR	anchored_hprc	DRB1	2	complete	1	1	1	2
exposed_validation	HG02615	GB29	AFR	anchored_hprc	DRB1	4	complete	0	0	0	0
exposed_validation	HG02615	GB29	AFR	anchored_hprc_asian	A	2	complete	1	1	1	2
exposed_validation	HG02615	GB29	AFR	anchored_hprc_asian	A	4	complete	1	1	0	1
exposed_validation	HG02615	GB29	AFR	anchored_hprc_asian	B	2	complete	1	1	1	2
exposed_validation	HG02615	GB29	AFR	anchored_hprc_asian	B	4	complete	0	0	0	0
exposed_validation	HG02615	GB29	AFR	anchored_hprc_asian	C	2	complete	1	1	1	2
exposed_validation	HG02615	GB29	AFR	anchored_hprc_asian	C	4	complete	0	0	0	0
exposed_validation	HG02615	GB29	AFR	anchored_hprc_asian	DPA1	2	complete	1	1	1	2
exposed_validation	HG02615	GB29	AFR	anchored_hprc_asian	DPA1	4	complete	0	0	0	0
exposed_validation	HG02615	GB29	AFR	anchored_hprc_asian	DPB1	2	complete	1	1	1	2
exposed_validation	HG02615	GB29	AFR	anchored_hprc_asian	DPB1	4	complete	1	1	1	2
exposed_validation	HG02615	GB29	AFR	anchored_hprc_asian	DQA1	2	complete	1	1	1	2
exposed_validation	HG02615	GB29	AFR	anchored_hprc_asian	DQA1	4	complete	0	0	0	0
exposed_validation	HG02615	GB29	AFR	anchored_hprc_asian	DQB1	2	complete	1	1	1	2
exposed_validation	HG02615	GB29	AFR	anchored_hprc_asian	DQB1	4	complete	1	1	1	2
exposed_validation	HG02615	GB29	AFR	anchored_hprc_asian	DRB1	2	complete	1	1	1	2
exposed_validation	HG02615	GB29	AFR	anchored_hprc_asian	DRB1	4	complete	0	0	0	0
exposed_validation	HG02622	GB31	AFR	T1K	A	2	complete	1	1	1	2
exposed_validation	HG02622	GB31	AFR	T1K	A	4	complete	1	1	1	2
exposed_validation	HG02622	GB31	AFR	T1K	B	2	complete	1	1	1	2
exposed_validation	HG02622	GB31	AFR	T1K	B	4	complete	0	0	0	0
exposed_validation	HG02622	GB31	AFR	T1K	C	2	complete	1	1	1	2
exposed_validation	HG02622	GB31	AFR	T1K	C	4	complete	0	0	0	0
exposed_validation	HG02622	GB31	AFR	T1K	DPA1	2	complete	1	1	1	2
exposed_validation	HG02622	GB31	AFR	T1K	DPA1	4	complete	1	1	0	0
exposed_validation	HG02622	GB31	AFR	T1K	DPB1	2	complete	1	1	1	2
exposed_validation	HG02622	GB31	AFR	T1K	DPB1	4	complete	1	1	0	1
exposed_validation	HG02622	GB31	AFR	T1K	DQA1	2	complete	1	1	1	2
exposed_validation	HG02622	GB31	AFR	T1K	DQA1	4	complete	0	0	0	0
exposed_validation	HG02622	GB31	AFR	T1K	DQB1	2	complete	1	1	1	2
exposed_validation	HG02622	GB31	AFR	T1K	DQB1	4	complete	0	0	0	0
exposed_validation	HG02622	GB31	AFR	T1K	DRB1	2	complete	1	1	1	2
exposed_validation	HG02622	GB31	AFR	T1K	DRB1	4	complete	0	0	0	0
exposed_validation	HG02622	GB31	AFR	anchored_ipd_genome	A	2	complete	1	1	1	2
exposed_validation	HG02622	GB31	AFR	anchored_ipd_genome	A	4	complete	1	1	1	2
exposed_validation	HG02622	GB31	AFR	anchored_ipd_genome	B	2	complete	1	1	1	2
exposed_validation	HG02622	GB31	AFR	anchored_ipd_genome	B	4	complete	0	0	0	0
exposed_validation	HG02622	GB31	AFR	anchored_ipd_genome	C	2	complete	1	1	1	2
exposed_validation	HG02622	GB31	AFR	anchored_ipd_genome	C	4	complete	0	0	0	0
exposed_validation	HG02622	GB31	AFR	anchored_ipd_genome	DPA1	2	complete	1	1	1	2
exposed_validation	HG02622	GB31	AFR	anchored_ipd_genome	DPA1	4	complete	1	1	1	2
exposed_validation	HG02622	GB31	AFR	anchored_ipd_genome	DPB1	2	complete	1	1	1	2
exposed_validation	HG02622	GB31	AFR	anchored_ipd_genome	DPB1	4	complete	1	1	1	2
exposed_validation	HG02622	GB31	AFR	anchored_ipd_genome	DQA1	2	complete	1	1	1	2
exposed_validation	HG02622	GB31	AFR	anchored_ipd_genome	DQA1	4	complete	0	0	0	0
exposed_validation	HG02622	GB31	AFR	anchored_ipd_genome	DQB1	2	complete	1	1	1	2
exposed_validation	HG02622	GB31	AFR	anchored_ipd_genome	DQB1	4	complete	0	0	0	0
exposed_validation	HG02622	GB31	AFR	anchored_ipd_genome	DRB1	2	complete	1	1	1	2
exposed_validation	HG02622	GB31	AFR	anchored_ipd_genome	DRB1	4	complete	0	0	0	0
exposed_validation	HG02622	GB31	AFR	anchored_hprc	A	2	complete	1	1	1	2
exposed_validation	HG02622	GB31	AFR	anchored_hprc	A	4	complete	1	1	1	2
exposed_validation	HG02622	GB31	AFR	anchored_hprc	B	2	complete	1	1	1	2
exposed_validation	HG02622	GB31	AFR	anchored_hprc	B	4	complete	0	0	0	0
exposed_validation	HG02622	GB31	AFR	anchored_hprc	C	2	complete	1	1	1	2
exposed_validation	HG02622	GB31	AFR	anchored_hprc	C	4	complete	0	0	0	0
exposed_validation	HG02622	GB31	AFR	anchored_hprc	DPA1	2	complete	1	1	1	2
exposed_validation	HG02622	GB31	AFR	anchored_hprc	DPA1	4	complete	1	1	1	2
exposed_validation	HG02622	GB31	AFR	anchored_hprc	DPB1	2	complete	1	1	1	2
exposed_validation	HG02622	GB31	AFR	anchored_hprc	DPB1	4	complete	1	1	1	2
exposed_validation	HG02622	GB31	AFR	anchored_hprc	DQA1	2	complete	1	1	1	2
exposed_validation	HG02622	GB31	AFR	anchored_hprc	DQA1	4	complete	0	0	0	0
exposed_validation	HG02622	GB31	AFR	anchored_hprc	DQB1	2	complete	1	1	1	2
exposed_validation	HG02622	GB31	AFR	anchored_hprc	DQB1	4	complete	0	0	0	0
exposed_validation	HG02622	GB31	AFR	anchored_hprc	DRB1	2	complete	1	1	1	2
exposed_validation	HG02622	GB31	AFR	anchored_hprc	DRB1	4	complete	0	0	0	0
exposed_validation	HG02622	GB31	AFR	anchored_hprc_asian	A	2	complete	1	1	1	2
exposed_validation	HG02622	GB31	AFR	anchored_hprc_asian	A	4	complete	1	1	1	2
exposed_validation	HG02622	GB31	AFR	anchored_hprc_asian	B	2	complete	1	1	1	2
exposed_validation	HG02622	GB31	AFR	anchored_hprc_asian	B	4	complete	0	0	0	0
exposed_validation	HG02622	GB31	AFR	anchored_hprc_asian	C	2	complete	1	1	1	2
exposed_validation	HG02622	GB31	AFR	anchored_hprc_asian	C	4	complete	0	0	0	0
exposed_validation	HG02622	GB31	AFR	anchored_hprc_asian	DPA1	2	complete	1	1	1	2
exposed_validation	HG02622	GB31	AFR	anchored_hprc_asian	DPA1	4	complete	1	1	1	2
exposed_validation	HG02622	GB31	AFR	anchored_hprc_asian	DPB1	2	complete	1	1	1	2
exposed_validation	HG02622	GB31	AFR	anchored_hprc_asian	DPB1	4	complete	1	1	1	2
exposed_validation	HG02622	GB31	AFR	anchored_hprc_asian	DQA1	2	complete	1	1	1	2
exposed_validation	HG02622	GB31	AFR	anchored_hprc_asian	DQA1	4	complete	0	0	0	0
exposed_validation	HG02622	GB31	AFR	anchored_hprc_asian	DQB1	2	complete	1	1	1	2
exposed_validation	HG02622	GB31	AFR	anchored_hprc_asian	DQB1	4	complete	0	0	0	0
exposed_validation	HG02622	GB31	AFR	anchored_hprc_asian	DRB1	2	complete	1	1	1	2
exposed_validation	HG02622	GB31	AFR	anchored_hprc_asian	DRB1	4	complete	0	0	0	0
exposed_validation	HG02630	GB33	AFR	T1K	A	2	complete	1	1	1	2
exposed_validation	HG02630	GB33	AFR	T1K	A	4	complete	1	1	1	2
exposed_validation	HG02630	GB33	AFR	T1K	B	2	complete	1	1	1	2
exposed_validation	HG02630	GB33	AFR	T1K	B	4	complete	0	0	0	0
exposed_validation	HG02630	GB33	AFR	T1K	C	2	complete	1	1	1	2
exposed_validation	HG02630	GB33	AFR	T1K	C	4	complete	1	1	0	0
exposed_validation	HG02630	GB33	AFR	T1K	DPA1	2	complete	1	1	1	2
exposed_validation	HG02630	GB33	AFR	T1K	DPA1	4	complete	1	1	0	0
exposed_validation	HG02630	GB33	AFR	T1K	DPB1	2	complete	1	1	1	2
exposed_validation	HG02630	GB33	AFR	T1K	DPB1	4	complete	0	0	0	0
exposed_validation	HG02630	GB33	AFR	T1K	DQA1	2	complete	1	1	1	2
exposed_validation	HG02630	GB33	AFR	T1K	DQA1	4	complete	1	1	1	2
exposed_validation	HG02630	GB33	AFR	T1K	DQB1	2	complete	1	1	1	2
exposed_validation	HG02630	GB33	AFR	T1K	DQB1	4	complete	1	1	1	2
exposed_validation	HG02630	GB33	AFR	T1K	DRB1	2	complete	1	1	1	2
exposed_validation	HG02630	GB33	AFR	T1K	DRB1	4	complete	0	0	0	0
exposed_validation	HG02630	GB33	AFR	anchored_ipd_genome	A	2	complete	1	1	1	2
exposed_validation	HG02630	GB33	AFR	anchored_ipd_genome	A	4	complete	1	1	1	2
exposed_validation	HG02630	GB33	AFR	anchored_ipd_genome	B	2	complete	1	1	1	2
exposed_validation	HG02630	GB33	AFR	anchored_ipd_genome	B	4	complete	0	0	0	0
exposed_validation	HG02630	GB33	AFR	anchored_ipd_genome	C	2	complete	1	1	1	2
exposed_validation	HG02630	GB33	AFR	anchored_ipd_genome	C	4	complete	1	1	1	2
exposed_validation	HG02630	GB33	AFR	anchored_ipd_genome	DPA1	2	complete	1	1	1	2
exposed_validation	HG02630	GB33	AFR	anchored_ipd_genome	DPA1	4	complete	1	1	1	2
exposed_validation	HG02630	GB33	AFR	anchored_ipd_genome	DPB1	2	complete	1	1	1	2
exposed_validation	HG02630	GB33	AFR	anchored_ipd_genome	DPB1	4	complete	0	0	0	0
exposed_validation	HG02630	GB33	AFR	anchored_ipd_genome	DQA1	2	complete	1	1	1	2
exposed_validation	HG02630	GB33	AFR	anchored_ipd_genome	DQA1	4	complete	1	1	1	2
exposed_validation	HG02630	GB33	AFR	anchored_ipd_genome	DQB1	2	complete	1	1	1	2
exposed_validation	HG02630	GB33	AFR	anchored_ipd_genome	DQB1	4	complete	1	1	1	2
exposed_validation	HG02630	GB33	AFR	anchored_ipd_genome	DRB1	2	complete	1	1	1	2
exposed_validation	HG02630	GB33	AFR	anchored_ipd_genome	DRB1	4	complete	0	0	0	0
exposed_validation	HG02630	GB33	AFR	anchored_hprc	A	2	complete	1	1	1	2
exposed_validation	HG02630	GB33	AFR	anchored_hprc	A	4	complete	1	1	1	2
exposed_validation	HG02630	GB33	AFR	anchored_hprc	B	2	complete	1	1	1	2
exposed_validation	HG02630	GB33	AFR	anchored_hprc	B	4	complete	0	0	0	0
exposed_validation	HG02630	GB33	AFR	anchored_hprc	C	2	complete	1	1	1	2
exposed_validation	HG02630	GB33	AFR	anchored_hprc	C	4	complete	1	1	1	2
exposed_validation	HG02630	GB33	AFR	anchored_hprc	DPA1	2	complete	1	1	1	2
exposed_validation	HG02630	GB33	AFR	anchored_hprc	DPA1	4	complete	1	1	1	2
exposed_validation	HG02630	GB33	AFR	anchored_hprc	DPB1	2	complete	1	1	1	2
exposed_validation	HG02630	GB33	AFR	anchored_hprc	DPB1	4	complete	0	0	0	0
exposed_validation	HG02630	GB33	AFR	anchored_hprc	DQA1	2	complete	1	1	1	2
exposed_validation	HG02630	GB33	AFR	anchored_hprc	DQA1	4	complete	1	1	1	2
exposed_validation	HG02630	GB33	AFR	anchored_hprc	DQB1	2	complete	1	1	1	2
exposed_validation	HG02630	GB33	AFR	anchored_hprc	DQB1	4	complete	1	1	1	2
exposed_validation	HG02630	GB33	AFR	anchored_hprc	DRB1	2	complete	1	1	1	2
exposed_validation	HG02630	GB33	AFR	anchored_hprc	DRB1	4	complete	0	0	0	0
exposed_validation	HG02630	GB33	AFR	anchored_hprc_asian	A	2	complete	1	1	1	2
exposed_validation	HG02630	GB33	AFR	anchored_hprc_asian	A	4	complete	1	1	1	2
exposed_validation	HG02630	GB33	AFR	anchored_hprc_asian	B	2	complete	1	1	1	2
exposed_validation	HG02630	GB33	AFR	anchored_hprc_asian	B	4	complete	0	0	0	0
exposed_validation	HG02630	GB33	AFR	anchored_hprc_asian	C	2	complete	1	1	1	2
exposed_validation	HG02630	GB33	AFR	anchored_hprc_asian	C	4	complete	1	1	1	2
exposed_validation	HG02630	GB33	AFR	anchored_hprc_asian	DPA1	2	complete	1	1	1	2
exposed_validation	HG02630	GB33	AFR	anchored_hprc_asian	DPA1	4	complete	1	1	1	2
exposed_validation	HG02630	GB33	AFR	anchored_hprc_asian	DPB1	2	complete	1	1	1	2
exposed_validation	HG02630	GB33	AFR	anchored_hprc_asian	DPB1	4	complete	0	0	0	0
exposed_validation	HG02630	GB33	AFR	anchored_hprc_asian	DQA1	2	complete	1	1	1	2
exposed_validation	HG02630	GB33	AFR	anchored_hprc_asian	DQA1	4	complete	1	1	1	2
exposed_validation	HG02630	GB33	AFR	anchored_hprc_asian	DQB1	2	complete	1	1	1	2
exposed_validation	HG02630	GB33	AFR	anchored_hprc_asian	DQB1	4	complete	1	1	1	2
exposed_validation	HG02630	GB33	AFR	anchored_hprc_asian	DRB1	2	complete	1	1	1	2
exposed_validation	HG02630	GB33	AFR	anchored_hprc_asian	DRB1	4	complete	0	0	0	0
exposed_validation	HG02647	GB38	AFR	T1K	A	2	complete	1	1	1	2
exposed_validation	HG02647	GB38	AFR	T1K	A	4	complete	1	1	1	2
exposed_validation	HG02647	GB38	AFR	T1K	B	2	complete	1	1	1	2
exposed_validation	HG02647	GB38	AFR	T1K	B	4	complete	0	0	0	0
exposed_validation	HG02647	GB38	AFR	T1K	C	2	complete	1	1	1	2
exposed_validation	HG02647	GB38	AFR	T1K	C	4	complete	0	0	0	0
exposed_validation	HG02647	GB38	AFR	T1K	DPA1	2	complete	1	1	1	2
exposed_validation	HG02647	GB38	AFR	T1K	DPA1	4	complete	0	0	0	0
exposed_validation	HG02647	GB38	AFR	T1K	DPB1	2	complete	1	1	1	2
exposed_validation	HG02647	GB38	AFR	T1K	DPB1	4	complete	1	1	1	2
exposed_validation	HG02647	GB38	AFR	T1K	DQA1	2	complete	1	1	1	2
exposed_validation	HG02647	GB38	AFR	T1K	DQA1	4	complete	1	1	1	2
exposed_validation	HG02647	GB38	AFR	T1K	DQB1	2	complete	1	1	1	2
exposed_validation	HG02647	GB38	AFR	T1K	DQB1	4	complete	1	1	1	2
exposed_validation	HG02647	GB38	AFR	T1K	DRB1	2	complete	1	1	1	2
exposed_validation	HG02647	GB38	AFR	T1K	DRB1	4	complete	0	0	0	0
exposed_validation	HG02647	GB38	AFR	anchored_ipd_genome	A	2	complete	1	1	1	2
exposed_validation	HG02647	GB38	AFR	anchored_ipd_genome	A	4	complete	1	1	1	2
exposed_validation	HG02647	GB38	AFR	anchored_ipd_genome	B	2	complete	1	1	1	2
exposed_validation	HG02647	GB38	AFR	anchored_ipd_genome	B	4	complete	0	0	0	0
exposed_validation	HG02647	GB38	AFR	anchored_ipd_genome	C	2	complete	1	1	1	2
exposed_validation	HG02647	GB38	AFR	anchored_ipd_genome	C	4	complete	0	0	0	0
exposed_validation	HG02647	GB38	AFR	anchored_ipd_genome	DPA1	2	complete	1	1	1	2
exposed_validation	HG02647	GB38	AFR	anchored_ipd_genome	DPA1	4	complete	0	0	0	0
exposed_validation	HG02647	GB38	AFR	anchored_ipd_genome	DPB1	2	complete	1	1	1	2
exposed_validation	HG02647	GB38	AFR	anchored_ipd_genome	DPB1	4	complete	1	1	1	2
exposed_validation	HG02647	GB38	AFR	anchored_ipd_genome	DQA1	2	complete	1	1	1	2
exposed_validation	HG02647	GB38	AFR	anchored_ipd_genome	DQA1	4	complete	1	1	0	1
exposed_validation	HG02647	GB38	AFR	anchored_ipd_genome	DQB1	2	complete	1	1	1	2
exposed_validation	HG02647	GB38	AFR	anchored_ipd_genome	DQB1	4	complete	1	1	1	2
exposed_validation	HG02647	GB38	AFR	anchored_ipd_genome	DRB1	2	complete	1	1	1	2
exposed_validation	HG02647	GB38	AFR	anchored_ipd_genome	DRB1	4	complete	0	0	0	0
exposed_validation	HG02647	GB38	AFR	anchored_hprc	A	2	complete	1	1	1	2
exposed_validation	HG02647	GB38	AFR	anchored_hprc	A	4	complete	1	1	1	2
exposed_validation	HG02647	GB38	AFR	anchored_hprc	B	2	complete	1	1	1	2
exposed_validation	HG02647	GB38	AFR	anchored_hprc	B	4	complete	0	0	0	0
exposed_validation	HG02647	GB38	AFR	anchored_hprc	C	2	complete	1	1	1	2
exposed_validation	HG02647	GB38	AFR	anchored_hprc	C	4	complete	0	0	0	0
exposed_validation	HG02647	GB38	AFR	anchored_hprc	DPA1	2	complete	1	1	1	2
exposed_validation	HG02647	GB38	AFR	anchored_hprc	DPA1	4	complete	0	0	0	0
exposed_validation	HG02647	GB38	AFR	anchored_hprc	DPB1	2	complete	1	1	1	2
exposed_validation	HG02647	GB38	AFR	anchored_hprc	DPB1	4	complete	1	1	1	2
exposed_validation	HG02647	GB38	AFR	anchored_hprc	DQA1	2	complete	1	1	1	2
exposed_validation	HG02647	GB38	AFR	anchored_hprc	DQA1	4	complete	1	1	0	1
exposed_validation	HG02647	GB38	AFR	anchored_hprc	DQB1	2	complete	1	1	1	2
exposed_validation	HG02647	GB38	AFR	anchored_hprc	DQB1	4	complete	1	1	1	2
exposed_validation	HG02647	GB38	AFR	anchored_hprc	DRB1	2	complete	1	1	1	2
exposed_validation	HG02647	GB38	AFR	anchored_hprc	DRB1	4	complete	0	0	0	0
exposed_validation	HG02647	GB38	AFR	anchored_hprc_asian	A	2	complete	1	1	1	2
exposed_validation	HG02647	GB38	AFR	anchored_hprc_asian	A	4	complete	1	1	1	2
exposed_validation	HG02647	GB38	AFR	anchored_hprc_asian	B	2	complete	1	1	1	2
exposed_validation	HG02647	GB38	AFR	anchored_hprc_asian	B	4	complete	0	0	0	0
exposed_validation	HG02647	GB38	AFR	anchored_hprc_asian	C	2	complete	1	1	1	2
exposed_validation	HG02647	GB38	AFR	anchored_hprc_asian	C	4	complete	0	0	0	0
exposed_validation	HG02647	GB38	AFR	anchored_hprc_asian	DPA1	2	complete	1	1	1	2
exposed_validation	HG02647	GB38	AFR	anchored_hprc_asian	DPA1	4	complete	0	0	0	0
exposed_validation	HG02647	GB38	AFR	anchored_hprc_asian	DPB1	2	complete	1	1	1	2
exposed_validation	HG02647	GB38	AFR	anchored_hprc_asian	DPB1	4	complete	1	1	1	2
exposed_validation	HG02647	GB38	AFR	anchored_hprc_asian	DQA1	2	complete	1	1	1	2
exposed_validation	HG02647	GB38	AFR	anchored_hprc_asian	DQA1	4	complete	1	1	0	1
exposed_validation	HG02647	GB38	AFR	anchored_hprc_asian	DQB1	2	complete	1	1	1	2
exposed_validation	HG02647	GB38	AFR	anchored_hprc_asian	DQB1	4	complete	1	1	1	2
exposed_validation	HG02647	GB38	AFR	anchored_hprc_asian	DRB1	2	complete	1	1	1	2
exposed_validation	HG02647	GB38	AFR	anchored_hprc_asian	DRB1	4	complete	0	0	0	0
exposed_validation	HG02668	GB40	AFR	T1K	A	2	complete	1	1	1	2
exposed_validation	HG02668	GB40	AFR	T1K	A	4	complete	1	1	1	2
exposed_validation	HG02668	GB40	AFR	T1K	B	2	complete	1	1	1	2
exposed_validation	HG02668	GB40	AFR	T1K	B	4	complete	0	0	0	0
exposed_validation	HG02668	GB40	AFR	T1K	C	2	complete	1	1	1	2
exposed_validation	HG02668	GB40	AFR	T1K	C	4	complete	0	0	0	0
exposed_validation	HG02668	GB40	AFR	T1K	DPA1	2	complete	1	1	1	2
exposed_validation	HG02668	GB40	AFR	T1K	DPA1	4	complete	0	0	0	0
exposed_validation	HG02668	GB40	AFR	T1K	DPB1	2	complete	1	1	0	1
exposed_validation	HG02668	GB40	AFR	T1K	DPB1	4	complete	0	0	0	0
exposed_validation	HG02668	GB40	AFR	T1K	DQA1	2	complete	1	1	1	2
exposed_validation	HG02668	GB40	AFR	T1K	DQA1	4	complete	1	1	0	0
exposed_validation	HG02668	GB40	AFR	T1K	DQB1	2	complete	1	1	1	2
exposed_validation	HG02668	GB40	AFR	T1K	DQB1	4	complete	0	0	0	0
exposed_validation	HG02668	GB40	AFR	T1K	DRB1	2	complete	1	1	1	2
exposed_validation	HG02668	GB40	AFR	T1K	DRB1	4	complete	0	0	0	0
exposed_validation	HG02668	GB40	AFR	anchored_ipd_genome	A	2	complete	1	1	1	2
exposed_validation	HG02668	GB40	AFR	anchored_ipd_genome	A	4	complete	1	1	1	2
exposed_validation	HG02668	GB40	AFR	anchored_ipd_genome	B	2	complete	1	1	1	2
exposed_validation	HG02668	GB40	AFR	anchored_ipd_genome	B	4	complete	0	0	0	0
exposed_validation	HG02668	GB40	AFR	anchored_ipd_genome	C	2	complete	1	1	1	2
exposed_validation	HG02668	GB40	AFR	anchored_ipd_genome	C	4	complete	0	0	0	0
exposed_validation	HG02668	GB40	AFR	anchored_ipd_genome	DPA1	2	complete	1	1	1	2
exposed_validation	HG02668	GB40	AFR	anchored_ipd_genome	DPA1	4	complete	0	0	0	0
exposed_validation	HG02668	GB40	AFR	anchored_ipd_genome	DPB1	2	complete	1	1	0	1
exposed_validation	HG02668	GB40	AFR	anchored_ipd_genome	DPB1	4	complete	0	0	0	0
exposed_validation	HG02668	GB40	AFR	anchored_ipd_genome	DQA1	2	complete	1	1	1	2
exposed_validation	HG02668	GB40	AFR	anchored_ipd_genome	DQA1	4	complete	1	1	1	2
exposed_validation	HG02668	GB40	AFR	anchored_ipd_genome	DQB1	2	complete	1	1	1	2
exposed_validation	HG02668	GB40	AFR	anchored_ipd_genome	DQB1	4	complete	0	0	0	0
exposed_validation	HG02668	GB40	AFR	anchored_ipd_genome	DRB1	2	complete	1	1	1	2
exposed_validation	HG02668	GB40	AFR	anchored_ipd_genome	DRB1	4	complete	0	0	0	0
exposed_validation	HG02668	GB40	AFR	anchored_hprc	A	2	complete	1	1	1	2
exposed_validation	HG02668	GB40	AFR	anchored_hprc	A	4	complete	1	1	1	2
exposed_validation	HG02668	GB40	AFR	anchored_hprc	B	2	complete	1	1	1	2
exposed_validation	HG02668	GB40	AFR	anchored_hprc	B	4	complete	0	0	0	0
exposed_validation	HG02668	GB40	AFR	anchored_hprc	C	2	complete	1	1	1	2
exposed_validation	HG02668	GB40	AFR	anchored_hprc	C	4	complete	0	0	0	0
exposed_validation	HG02668	GB40	AFR	anchored_hprc	DPA1	2	complete	1	1	1	2
exposed_validation	HG02668	GB40	AFR	anchored_hprc	DPA1	4	complete	0	0	0	0
exposed_validation	HG02668	GB40	AFR	anchored_hprc	DPB1	2	complete	1	1	0	1
exposed_validation	HG02668	GB40	AFR	anchored_hprc	DPB1	4	complete	0	0	0	0
exposed_validation	HG02668	GB40	AFR	anchored_hprc	DQA1	2	complete	1	1	1	2
exposed_validation	HG02668	GB40	AFR	anchored_hprc	DQA1	4	complete	1	1	1	2
exposed_validation	HG02668	GB40	AFR	anchored_hprc	DQB1	2	complete	1	1	1	2
exposed_validation	HG02668	GB40	AFR	anchored_hprc	DQB1	4	complete	0	0	0	0
exposed_validation	HG02668	GB40	AFR	anchored_hprc	DRB1	2	complete	1	1	1	2
exposed_validation	HG02668	GB40	AFR	anchored_hprc	DRB1	4	complete	0	0	0	0
exposed_validation	HG02668	GB40	AFR	anchored_hprc_asian	A	2	complete	1	1	1	2
exposed_validation	HG02668	GB40	AFR	anchored_hprc_asian	A	4	complete	1	1	1	2
exposed_validation	HG02668	GB40	AFR	anchored_hprc_asian	B	2	complete	1	1	1	2
exposed_validation	HG02668	GB40	AFR	anchored_hprc_asian	B	4	complete	0	0	0	0
exposed_validation	HG02668	GB40	AFR	anchored_hprc_asian	C	2	complete	1	1	1	2
exposed_validation	HG02668	GB40	AFR	anchored_hprc_asian	C	4	complete	0	0	0	0
exposed_validation	HG02668	GB40	AFR	anchored_hprc_asian	DPA1	2	complete	1	1	1	2
exposed_validation	HG02668	GB40	AFR	anchored_hprc_asian	DPA1	4	complete	0	0	0	0
exposed_validation	HG02668	GB40	AFR	anchored_hprc_asian	DPB1	2	complete	1	1	0	1
exposed_validation	HG02668	GB40	AFR	anchored_hprc_asian	DPB1	4	complete	0	0	0	0
exposed_validation	HG02668	GB40	AFR	anchored_hprc_asian	DQA1	2	complete	1	1	1	2
exposed_validation	HG02668	GB40	AFR	anchored_hprc_asian	DQA1	4	complete	1	1	1	2
exposed_validation	HG02668	GB40	AFR	anchored_hprc_asian	DQB1	2	complete	1	1	1	2
exposed_validation	HG02668	GB40	AFR	anchored_hprc_asian	DQB1	4	complete	0	0	0	0
exposed_validation	HG02668	GB40	AFR	anchored_hprc_asian	DRB1	2	complete	1	1	1	2
exposed_validation	HG02668	GB40	AFR	anchored_hprc_asian	DRB1	4	complete	0	0	0	0
exposed_validation	HG02698	PK21	SAS	T1K	A	2	complete	1	1	1	2
exposed_validation	HG02698	PK21	SAS	T1K	A	4	complete	1	1	1	2
exposed_validation	HG02698	PK21	SAS	T1K	B	2	complete	1	1	1	2
exposed_validation	HG02698	PK21	SAS	T1K	B	4	complete	0	0	0	0
exposed_validation	HG02698	PK21	SAS	T1K	C	2	complete	1	1	1	2
exposed_validation	HG02698	PK21	SAS	T1K	C	4	complete	0	0	0	0
exposed_validation	HG02698	PK21	SAS	T1K	DPA1	2	complete	1	1	1	2
exposed_validation	HG02698	PK21	SAS	T1K	DPA1	4	complete	1	1	0	0
exposed_validation	HG02698	PK21	SAS	T1K	DPB1	2	complete	0	0	0	0
exposed_validation	HG02698	PK21	SAS	T1K	DPB1	4	complete	0	0	0	0
exposed_validation	HG02698	PK21	SAS	T1K	DQA1	2	complete	1	1	1	2
exposed_validation	HG02698	PK21	SAS	T1K	DQA1	4	complete	1	1	0	1
exposed_validation	HG02698	PK21	SAS	T1K	DQB1	2	complete	1	1	1	2
exposed_validation	HG02698	PK21	SAS	T1K	DQB1	4	complete	1	1	1	2
exposed_validation	HG02698	PK21	SAS	T1K	DRB1	2	complete	1	1	1	2
exposed_validation	HG02698	PK21	SAS	T1K	DRB1	4	complete	0	0	0	0
exposed_validation	HG02698	PK21	SAS	anchored_ipd_genome	A	2	complete	1	1	1	2
exposed_validation	HG02698	PK21	SAS	anchored_ipd_genome	A	4	complete	1	1	1	2
exposed_validation	HG02698	PK21	SAS	anchored_ipd_genome	B	2	complete	1	1	1	2
exposed_validation	HG02698	PK21	SAS	anchored_ipd_genome	B	4	complete	0	0	0	0
exposed_validation	HG02698	PK21	SAS	anchored_ipd_genome	C	2	complete	1	1	1	2
exposed_validation	HG02698	PK21	SAS	anchored_ipd_genome	C	4	complete	0	0	0	0
exposed_validation	HG02698	PK21	SAS	anchored_ipd_genome	DPA1	2	complete	1	1	1	2
exposed_validation	HG02698	PK21	SAS	anchored_ipd_genome	DPA1	4	complete	1	1	1	2
exposed_validation	HG02698	PK21	SAS	anchored_ipd_genome	DPB1	2	complete	0	0	0	0
exposed_validation	HG02698	PK21	SAS	anchored_ipd_genome	DPB1	4	complete	0	0	0	0
exposed_validation	HG02698	PK21	SAS	anchored_ipd_genome	DQA1	2	complete	1	1	1	2
exposed_validation	HG02698	PK21	SAS	anchored_ipd_genome	DQA1	4	complete	1	1	1	2
exposed_validation	HG02698	PK21	SAS	anchored_ipd_genome	DQB1	2	complete	1	1	1	2
exposed_validation	HG02698	PK21	SAS	anchored_ipd_genome	DQB1	4	complete	1	1	1	2
exposed_validation	HG02698	PK21	SAS	anchored_ipd_genome	DRB1	2	complete	1	1	1	2
exposed_validation	HG02698	PK21	SAS	anchored_ipd_genome	DRB1	4	complete	0	0	0	0
exposed_validation	HG02698	PK21	SAS	anchored_hprc	A	2	complete	1	1	1	2
exposed_validation	HG02698	PK21	SAS	anchored_hprc	A	4	complete	1	1	1	2
exposed_validation	HG02698	PK21	SAS	anchored_hprc	B	2	complete	1	1	1	2
exposed_validation	HG02698	PK21	SAS	anchored_hprc	B	4	complete	0	0	0	0
exposed_validation	HG02698	PK21	SAS	anchored_hprc	C	2	complete	1	1	1	2
exposed_validation	HG02698	PK21	SAS	anchored_hprc	C	4	complete	0	0	0	0
exposed_validation	HG02698	PK21	SAS	anchored_hprc	DPA1	2	complete	1	1	1	2
exposed_validation	HG02698	PK21	SAS	anchored_hprc	DPA1	4	complete	1	1	1	2
exposed_validation	HG02698	PK21	SAS	anchored_hprc	DPB1	2	complete	0	0	0	0
exposed_validation	HG02698	PK21	SAS	anchored_hprc	DPB1	4	complete	0	0	0	0
exposed_validation	HG02698	PK21	SAS	anchored_hprc	DQA1	2	complete	1	1	1	2
exposed_validation	HG02698	PK21	SAS	anchored_hprc	DQA1	4	complete	1	1	1	2
exposed_validation	HG02698	PK21	SAS	anchored_hprc	DQB1	2	complete	1	1	1	2
exposed_validation	HG02698	PK21	SAS	anchored_hprc	DQB1	4	complete	1	1	1	2
exposed_validation	HG02698	PK21	SAS	anchored_hprc	DRB1	2	complete	1	1	1	2
exposed_validation	HG02698	PK21	SAS	anchored_hprc	DRB1	4	complete	0	0	0	0
exposed_validation	HG02698	PK21	SAS	anchored_hprc_asian	A	2	complete	1	1	1	2
exposed_validation	HG02698	PK21	SAS	anchored_hprc_asian	A	4	complete	1	1	1	2
exposed_validation	HG02698	PK21	SAS	anchored_hprc_asian	B	2	complete	1	1	1	2
exposed_validation	HG02698	PK21	SAS	anchored_hprc_asian	B	4	complete	0	0	0	0
exposed_validation	HG02698	PK21	SAS	anchored_hprc_asian	C	2	complete	1	1	1	2
exposed_validation	HG02698	PK21	SAS	anchored_hprc_asian	C	4	complete	0	0	0	0
exposed_validation	HG02698	PK21	SAS	anchored_hprc_asian	DPA1	2	complete	1	1	1	2
exposed_validation	HG02698	PK21	SAS	anchored_hprc_asian	DPA1	4	complete	1	1	1	2
exposed_validation	HG02698	PK21	SAS	anchored_hprc_asian	DPB1	2	complete	0	0	0	0
exposed_validation	HG02698	PK21	SAS	anchored_hprc_asian	DPB1	4	complete	0	0	0	0
exposed_validation	HG02698	PK21	SAS	anchored_hprc_asian	DQA1	2	complete	1	1	1	2
exposed_validation	HG02698	PK21	SAS	anchored_hprc_asian	DQA1	4	complete	1	1	1	2
exposed_validation	HG02698	PK21	SAS	anchored_hprc_asian	DQB1	2	complete	1	1	1	2
exposed_validation	HG02698	PK21	SAS	anchored_hprc_asian	DQB1	4	complete	1	1	1	2
exposed_validation	HG02698	PK21	SAS	anchored_hprc_asian	DRB1	2	complete	1	1	1	2
exposed_validation	HG02698	PK21	SAS	anchored_hprc_asian	DRB1	4	complete	0	0	0	0
exposed_validation	HG02717	GB50	AFR	T1K	A	2	complete	1	1	1	2
exposed_validation	HG02717	GB50	AFR	T1K	A	4	complete	1	1	1	2
exposed_validation	HG02717	GB50	AFR	T1K	B	2	complete	1	1	1	2
exposed_validation	HG02717	GB50	AFR	T1K	B	4	complete	0	0	0	0
exposed_validation	HG02717	GB50	AFR	T1K	C	2	complete	1	1	1	2
exposed_validation	HG02717	GB50	AFR	T1K	C	4	complete	1	1	0	1
exposed_validation	HG02717	GB50	AFR	T1K	DPA1	2	complete	1	1	1	2
exposed_validation	HG02717	GB50	AFR	T1K	DPA1	4	complete	0	0	0	0
exposed_validation	HG02717	GB50	AFR	T1K	DPB1	2	complete	1	1	1	2
exposed_validation	HG02717	GB50	AFR	T1K	DPB1	4	complete	1	1	0	1
exposed_validation	HG02717	GB50	AFR	T1K	DQA1	2	complete	1	1	1	2
exposed_validation	HG02717	GB50	AFR	T1K	DQA1	4	complete	0	0	0	0
exposed_validation	HG02717	GB50	AFR	T1K	DQB1	2	complete	1	1	1	2
exposed_validation	HG02717	GB50	AFR	T1K	DQB1	4	complete	0	0	0	0
exposed_validation	HG02717	GB50	AFR	T1K	DRB1	2	complete	1	1	1	2
exposed_validation	HG02717	GB50	AFR	T1K	DRB1	4	complete	0	0	0	0
exposed_validation	HG02717	GB50	AFR	anchored_ipd_genome	A	2	complete	1	1	1	2
exposed_validation	HG02717	GB50	AFR	anchored_ipd_genome	A	4	complete	1	1	1	2
exposed_validation	HG02717	GB50	AFR	anchored_ipd_genome	B	2	complete	1	1	1	2
exposed_validation	HG02717	GB50	AFR	anchored_ipd_genome	B	4	complete	0	0	0	0
exposed_validation	HG02717	GB50	AFR	anchored_ipd_genome	C	2	complete	1	1	1	2
exposed_validation	HG02717	GB50	AFR	anchored_ipd_genome	C	4	complete	1	1	1	2
exposed_validation	HG02717	GB50	AFR	anchored_ipd_genome	DPA1	2	complete	1	1	1	2
exposed_validation	HG02717	GB50	AFR	anchored_ipd_genome	DPA1	4	complete	0	0	0	0
exposed_validation	HG02717	GB50	AFR	anchored_ipd_genome	DPB1	2	complete	1	1	1	2
exposed_validation	HG02717	GB50	AFR	anchored_ipd_genome	DPB1	4	complete	1	1	1	2
exposed_validation	HG02717	GB50	AFR	anchored_ipd_genome	DQA1	2	complete	1	1	1	2
exposed_validation	HG02717	GB50	AFR	anchored_ipd_genome	DQA1	4	complete	0	0	0	0
exposed_validation	HG02717	GB50	AFR	anchored_ipd_genome	DQB1	2	complete	1	1	1	2
exposed_validation	HG02717	GB50	AFR	anchored_ipd_genome	DQB1	4	complete	0	0	0	0
exposed_validation	HG02717	GB50	AFR	anchored_ipd_genome	DRB1	2	complete	1	1	1	2
exposed_validation	HG02717	GB50	AFR	anchored_ipd_genome	DRB1	4	complete	0	0	0	0
exposed_validation	HG02717	GB50	AFR	anchored_hprc	A	2	complete	1	1	1	2
exposed_validation	HG02717	GB50	AFR	anchored_hprc	A	4	complete	1	1	1	2
exposed_validation	HG02717	GB50	AFR	anchored_hprc	B	2	complete	1	1	1	2
exposed_validation	HG02717	GB50	AFR	anchored_hprc	B	4	complete	0	0	0	0
exposed_validation	HG02717	GB50	AFR	anchored_hprc	C	2	complete	1	1	1	2
exposed_validation	HG02717	GB50	AFR	anchored_hprc	C	4	complete	1	1	1	2
exposed_validation	HG02717	GB50	AFR	anchored_hprc	DPA1	2	complete	1	1	1	2
exposed_validation	HG02717	GB50	AFR	anchored_hprc	DPA1	4	complete	0	0	0	0
exposed_validation	HG02717	GB50	AFR	anchored_hprc	DPB1	2	complete	1	1	1	2
exposed_validation	HG02717	GB50	AFR	anchored_hprc	DPB1	4	complete	1	1	1	2
exposed_validation	HG02717	GB50	AFR	anchored_hprc	DQA1	2	complete	1	1	1	2
exposed_validation	HG02717	GB50	AFR	anchored_hprc	DQA1	4	complete	0	0	0	0
exposed_validation	HG02717	GB50	AFR	anchored_hprc	DQB1	2	complete	1	1	1	2
exposed_validation	HG02717	GB50	AFR	anchored_hprc	DQB1	4	complete	0	0	0	0
exposed_validation	HG02717	GB50	AFR	anchored_hprc	DRB1	2	complete	1	1	1	2
exposed_validation	HG02717	GB50	AFR	anchored_hprc	DRB1	4	complete	0	0	0	0
exposed_validation	HG02717	GB50	AFR	anchored_hprc_asian	A	2	complete	1	1	1	2
exposed_validation	HG02717	GB50	AFR	anchored_hprc_asian	A	4	complete	1	1	1	2
exposed_validation	HG02717	GB50	AFR	anchored_hprc_asian	B	2	complete	1	1	1	2
exposed_validation	HG02717	GB50	AFR	anchored_hprc_asian	B	4	complete	0	0	0	0
exposed_validation	HG02717	GB50	AFR	anchored_hprc_asian	C	2	complete	1	1	1	2
exposed_validation	HG02717	GB50	AFR	anchored_hprc_asian	C	4	complete	1	1	1	2
exposed_validation	HG02717	GB50	AFR	anchored_hprc_asian	DPA1	2	complete	1	1	1	2
exposed_validation	HG02717	GB50	AFR	anchored_hprc_asian	DPA1	4	complete	0	0	0	0
exposed_validation	HG02717	GB50	AFR	anchored_hprc_asian	DPB1	2	complete	1	1	1	2
exposed_validation	HG02717	GB50	AFR	anchored_hprc_asian	DPB1	4	complete	1	1	1	2
exposed_validation	HG02717	GB50	AFR	anchored_hprc_asian	DQA1	2	complete	1	1	1	2
exposed_validation	HG02717	GB50	AFR	anchored_hprc_asian	DQA1	4	complete	0	0	0	0
exposed_validation	HG02717	GB50	AFR	anchored_hprc_asian	DQB1	2	complete	1	1	1	2
exposed_validation	HG02717	GB50	AFR	anchored_hprc_asian	DQB1	4	complete	0	0	0	0
exposed_validation	HG02717	GB50	AFR	anchored_hprc_asian	DRB1	2	complete	1	1	1	2
exposed_validation	HG02717	GB50	AFR	anchored_hprc_asian	DRB1	4	complete	0	0	0	0
exposed_validation	HG02723	GB52	AFR	T1K	A	2	complete	1	1	1	2
exposed_validation	HG02723	GB52	AFR	T1K	A	4	complete	1	1	1	2
exposed_validation	HG02723	GB52	AFR	T1K	B	2	complete	1	1	1	2
exposed_validation	HG02723	GB52	AFR	T1K	B	4	complete	1	1	1	2
exposed_validation	HG02723	GB52	AFR	T1K	C	2	complete	1	1	1	2
exposed_validation	HG02723	GB52	AFR	T1K	C	4	complete	1	1	0	0
exposed_validation	HG02723	GB52	AFR	T1K	DPA1	2	complete	1	1	1	2
exposed_validation	HG02723	GB52	AFR	T1K	DPA1	4	complete	0	0	0	0
exposed_validation	HG02723	GB52	AFR	T1K	DPB1	2	complete	1	1	1	2
exposed_validation	HG02723	GB52	AFR	T1K	DPB1	4	complete	1	1	1	2
exposed_validation	HG02723	GB52	AFR	T1K	DQA1	2	complete	1	1	1	2
exposed_validation	HG02723	GB52	AFR	T1K	DQA1	4	complete	0	0	0	0
exposed_validation	HG02723	GB52	AFR	T1K	DQB1	2	complete	1	1	1	2
exposed_validation	HG02723	GB52	AFR	T1K	DQB1	4	complete	1	1	1	2
exposed_validation	HG02723	GB52	AFR	T1K	DRB1	2	complete	1	1	1	2
exposed_validation	HG02723	GB52	AFR	T1K	DRB1	4	complete	0	0	0	0
exposed_validation	HG02723	GB52	AFR	anchored_ipd_genome	A	2	complete	1	1	1	2
exposed_validation	HG02723	GB52	AFR	anchored_ipd_genome	A	4	complete	1	1	1	2
exposed_validation	HG02723	GB52	AFR	anchored_ipd_genome	B	2	complete	1	1	1	2
exposed_validation	HG02723	GB52	AFR	anchored_ipd_genome	B	4	complete	1	1	1	2
exposed_validation	HG02723	GB52	AFR	anchored_ipd_genome	C	2	complete	1	1	1	2
exposed_validation	HG02723	GB52	AFR	anchored_ipd_genome	C	4	complete	1	1	1	2
exposed_validation	HG02723	GB52	AFR	anchored_ipd_genome	DPA1	2	complete	1	1	1	2
exposed_validation	HG02723	GB52	AFR	anchored_ipd_genome	DPA1	4	complete	0	0	0	0
exposed_validation	HG02723	GB52	AFR	anchored_ipd_genome	DPB1	2	complete	1	1	1	2
exposed_validation	HG02723	GB52	AFR	anchored_ipd_genome	DPB1	4	complete	1	1	1	2
exposed_validation	HG02723	GB52	AFR	anchored_ipd_genome	DQA1	2	complete	1	1	1	2
exposed_validation	HG02723	GB52	AFR	anchored_ipd_genome	DQA1	4	complete	0	0	0	0
exposed_validation	HG02723	GB52	AFR	anchored_ipd_genome	DQB1	2	complete	1	1	1	2
exposed_validation	HG02723	GB52	AFR	anchored_ipd_genome	DQB1	4	complete	1	1	1	2
exposed_validation	HG02723	GB52	AFR	anchored_ipd_genome	DRB1	2	complete	1	1	1	2
exposed_validation	HG02723	GB52	AFR	anchored_ipd_genome	DRB1	4	complete	0	0	0	0
exposed_validation	HG02723	GB52	AFR	anchored_hprc	A	2	complete	1	1	1	2
exposed_validation	HG02723	GB52	AFR	anchored_hprc	A	4	complete	1	1	1	2
exposed_validation	HG02723	GB52	AFR	anchored_hprc	B	2	complete	1	1	1	2
exposed_validation	HG02723	GB52	AFR	anchored_hprc	B	4	complete	1	1	1	2
exposed_validation	HG02723	GB52	AFR	anchored_hprc	C	2	complete	1	1	1	2
exposed_validation	HG02723	GB52	AFR	anchored_hprc	C	4	complete	1	1	1	2
exposed_validation	HG02723	GB52	AFR	anchored_hprc	DPA1	2	complete	1	1	1	2
exposed_validation	HG02723	GB52	AFR	anchored_hprc	DPA1	4	complete	0	0	0	0
exposed_validation	HG02723	GB52	AFR	anchored_hprc	DPB1	2	complete	1	1	1	2
exposed_validation	HG02723	GB52	AFR	anchored_hprc	DPB1	4	complete	1	1	1	2
exposed_validation	HG02723	GB52	AFR	anchored_hprc	DQA1	2	complete	1	1	1	2
exposed_validation	HG02723	GB52	AFR	anchored_hprc	DQA1	4	complete	0	0	0	0
exposed_validation	HG02723	GB52	AFR	anchored_hprc	DQB1	2	complete	1	1	1	2
exposed_validation	HG02723	GB52	AFR	anchored_hprc	DQB1	4	complete	1	1	1	2
exposed_validation	HG02723	GB52	AFR	anchored_hprc	DRB1	2	complete	1	1	1	2
exposed_validation	HG02723	GB52	AFR	anchored_hprc	DRB1	4	complete	0	0	0	0
exposed_validation	HG02723	GB52	AFR	anchored_hprc_asian	A	2	complete	1	1	1	2
exposed_validation	HG02723	GB52	AFR	anchored_hprc_asian	A	4	complete	1	1	1	2
exposed_validation	HG02723	GB52	AFR	anchored_hprc_asian	B	2	complete	1	1	1	2
exposed_validation	HG02723	GB52	AFR	anchored_hprc_asian	B	4	complete	1	1	1	2
exposed_validation	HG02723	GB52	AFR	anchored_hprc_asian	C	2	complete	1	1	1	2
exposed_validation	HG02723	GB52	AFR	anchored_hprc_asian	C	4	complete	1	1	1	2
exposed_validation	HG02723	GB52	AFR	anchored_hprc_asian	DPA1	2	complete	1	1	1	2
exposed_validation	HG02723	GB52	AFR	anchored_hprc_asian	DPA1	4	complete	0	0	0	0
exposed_validation	HG02723	GB52	AFR	anchored_hprc_asian	DPB1	2	complete	1	1	1	2
exposed_validation	HG02723	GB52	AFR	anchored_hprc_asian	DPB1	4	complete	1	1	1	2
exposed_validation	HG02723	GB52	AFR	anchored_hprc_asian	DQA1	2	complete	1	1	1	2
exposed_validation	HG02723	GB52	AFR	anchored_hprc_asian	DQA1	4	complete	0	0	0	0
exposed_validation	HG02723	GB52	AFR	anchored_hprc_asian	DQB1	2	complete	1	1	1	2
exposed_validation	HG02723	GB52	AFR	anchored_hprc_asian	DQB1	4	complete	1	1	1	2
exposed_validation	HG02723	GB52	AFR	anchored_hprc_asian	DRB1	2	complete	1	1	1	2
exposed_validation	HG02723	GB52	AFR	anchored_hprc_asian	DRB1	4	complete	0	0	0	0
exposed_validation	HG02735	PK26	SAS	T1K	A	2	complete	1	1	1	2
exposed_validation	HG02735	PK26	SAS	T1K	A	4	complete	1	1	1	2
exposed_validation	HG02735	PK26	SAS	T1K	B	2	complete	1	1	1	2
exposed_validation	HG02735	PK26	SAS	T1K	B	4	complete	0	0	0	0
exposed_validation	HG02735	PK26	SAS	T1K	C	2	complete	1	1	1	2
exposed_validation	HG02735	PK26	SAS	T1K	C	4	complete	1	1	0	1
exposed_validation	HG02735	PK26	SAS	T1K	DPA1	2	complete	1	1	1	2
exposed_validation	HG02735	PK26	SAS	T1K	DPA1	4	complete	1	1	0	0
exposed_validation	HG02735	PK26	SAS	T1K	DPB1	2	complete	1	1	1	2
exposed_validation	HG02735	PK26	SAS	T1K	DPB1	4	complete	1	1	0	1
exposed_validation	HG02735	PK26	SAS	T1K	DQA1	2	complete	1	1	1	2
exposed_validation	HG02735	PK26	SAS	T1K	DQA1	4	complete	0	0	0	0
exposed_validation	HG02735	PK26	SAS	T1K	DQB1	2	complete	1	1	1	2
exposed_validation	HG02735	PK26	SAS	T1K	DQB1	4	complete	1	1	1	2
exposed_validation	HG02735	PK26	SAS	T1K	DRB1	2	complete	1	1	1	2
exposed_validation	HG02735	PK26	SAS	T1K	DRB1	4	complete	0	0	0	0
exposed_validation	HG02735	PK26	SAS	anchored_ipd_genome	A	2	complete	1	1	1	2
exposed_validation	HG02735	PK26	SAS	anchored_ipd_genome	A	4	complete	1	1	1	2
exposed_validation	HG02735	PK26	SAS	anchored_ipd_genome	B	2	complete	1	1	1	2
exposed_validation	HG02735	PK26	SAS	anchored_ipd_genome	B	4	complete	0	0	0	0
exposed_validation	HG02735	PK26	SAS	anchored_ipd_genome	C	2	complete	1	1	1	2
exposed_validation	HG02735	PK26	SAS	anchored_ipd_genome	C	4	complete	1	1	1	2
exposed_validation	HG02735	PK26	SAS	anchored_ipd_genome	DPA1	2	complete	1	1	1	2
exposed_validation	HG02735	PK26	SAS	anchored_ipd_genome	DPA1	4	complete	1	1	1	2
exposed_validation	HG02735	PK26	SAS	anchored_ipd_genome	DPB1	2	complete	1	1	1	2
exposed_validation	HG02735	PK26	SAS	anchored_ipd_genome	DPB1	4	complete	1	1	1	2
exposed_validation	HG02735	PK26	SAS	anchored_ipd_genome	DQA1	2	complete	1	1	1	2
exposed_validation	HG02735	PK26	SAS	anchored_ipd_genome	DQA1	4	complete	0	0	0	0
exposed_validation	HG02735	PK26	SAS	anchored_ipd_genome	DQB1	2	complete	1	1	1	2
exposed_validation	HG02735	PK26	SAS	anchored_ipd_genome	DQB1	4	complete	1	1	0	1
exposed_validation	HG02735	PK26	SAS	anchored_ipd_genome	DRB1	2	complete	1	1	1	2
exposed_validation	HG02735	PK26	SAS	anchored_ipd_genome	DRB1	4	complete	0	0	0	0
exposed_validation	HG02735	PK26	SAS	anchored_hprc	A	2	complete	1	1	1	2
exposed_validation	HG02735	PK26	SAS	anchored_hprc	A	4	complete	1	1	1	2
exposed_validation	HG02735	PK26	SAS	anchored_hprc	B	2	complete	1	1	1	2
exposed_validation	HG02735	PK26	SAS	anchored_hprc	B	4	complete	0	0	0	0
exposed_validation	HG02735	PK26	SAS	anchored_hprc	C	2	complete	1	1	1	2
exposed_validation	HG02735	PK26	SAS	anchored_hprc	C	4	complete	1	1	1	2
exposed_validation	HG02735	PK26	SAS	anchored_hprc	DPA1	2	complete	1	1	1	2
exposed_validation	HG02735	PK26	SAS	anchored_hprc	DPA1	4	complete	1	1	1	2
exposed_validation	HG02735	PK26	SAS	anchored_hprc	DPB1	2	complete	1	1	1	2
exposed_validation	HG02735	PK26	SAS	anchored_hprc	DPB1	4	complete	1	1	1	2
exposed_validation	HG02735	PK26	SAS	anchored_hprc	DQA1	2	complete	1	1	1	2
exposed_validation	HG02735	PK26	SAS	anchored_hprc	DQA1	4	complete	0	0	0	0
exposed_validation	HG02735	PK26	SAS	anchored_hprc	DQB1	2	complete	1	1	1	2
exposed_validation	HG02735	PK26	SAS	anchored_hprc	DQB1	4	complete	1	1	0	1
exposed_validation	HG02735	PK26	SAS	anchored_hprc	DRB1	2	complete	1	1	1	2
exposed_validation	HG02735	PK26	SAS	anchored_hprc	DRB1	4	complete	0	0	0	0
exposed_validation	HG02735	PK26	SAS	anchored_hprc_asian	A	2	complete	1	1	1	2
exposed_validation	HG02735	PK26	SAS	anchored_hprc_asian	A	4	complete	1	1	1	2
exposed_validation	HG02735	PK26	SAS	anchored_hprc_asian	B	2	complete	1	1	1	2
exposed_validation	HG02735	PK26	SAS	anchored_hprc_asian	B	4	complete	0	0	0	0
exposed_validation	HG02735	PK26	SAS	anchored_hprc_asian	C	2	complete	1	1	1	2
exposed_validation	HG02735	PK26	SAS	anchored_hprc_asian	C	4	complete	1	1	1	2
exposed_validation	HG02735	PK26	SAS	anchored_hprc_asian	DPA1	2	complete	1	1	1	2
exposed_validation	HG02735	PK26	SAS	anchored_hprc_asian	DPA1	4	complete	1	1	1	2
exposed_validation	HG02735	PK26	SAS	anchored_hprc_asian	DPB1	2	complete	1	1	1	2
exposed_validation	HG02735	PK26	SAS	anchored_hprc_asian	DPB1	4	complete	1	1	1	2
exposed_validation	HG02735	PK26	SAS	anchored_hprc_asian	DQA1	2	complete	1	1	1	2
exposed_validation	HG02735	PK26	SAS	anchored_hprc_asian	DQA1	4	complete	0	0	0	0
exposed_validation	HG02735	PK26	SAS	anchored_hprc_asian	DQB1	2	complete	1	1	1	2
exposed_validation	HG02735	PK26	SAS	anchored_hprc_asian	DQB1	4	complete	1	1	0	1
exposed_validation	HG02735	PK26	SAS	anchored_hprc_asian	DRB1	2	complete	1	1	1	2
exposed_validation	HG02735	PK26	SAS	anchored_hprc_asian	DRB1	4	complete	0	0	0	0
exposed_validation	HG02818	GB66	AFR	T1K	A	2	complete	1	1	1	2
exposed_validation	HG02818	GB66	AFR	T1K	A	4	complete	0	0	0	0
exposed_validation	HG02818	GB66	AFR	T1K	B	2	complete	1	1	1	2
exposed_validation	HG02818	GB66	AFR	T1K	B	4	complete	0	0	0	0
exposed_validation	HG02818	GB66	AFR	T1K	C	2	complete	1	1	1	2
exposed_validation	HG02818	GB66	AFR	T1K	C	4	complete	1	1	0	0
exposed_validation	HG02818	GB66	AFR	T1K	DPA1	2	complete	1	1	1	2
exposed_validation	HG02818	GB66	AFR	T1K	DPA1	4	complete	1	1	0	1
exposed_validation	HG02818	GB66	AFR	T1K	DPB1	2	complete	1	1	1	2
exposed_validation	HG02818	GB66	AFR	T1K	DPB1	4	complete	0	0	0	0
exposed_validation	HG02818	GB66	AFR	T1K	DQA1	2	complete	1	1	1	2
exposed_validation	HG02818	GB66	AFR	T1K	DQA1	4	complete	1	1	0	0
exposed_validation	HG02818	GB66	AFR	T1K	DQB1	2	complete	1	1	1	2
exposed_validation	HG02818	GB66	AFR	T1K	DQB1	4	complete	0	0	0	0
exposed_validation	HG02818	GB66	AFR	T1K	DRB1	2	complete	1	1	1	2
exposed_validation	HG02818	GB66	AFR	T1K	DRB1	4	complete	0	0	0	0
exposed_validation	HG02818	GB66	AFR	anchored_ipd_genome	A	2	complete	1	1	1	2
exposed_validation	HG02818	GB66	AFR	anchored_ipd_genome	A	4	complete	0	0	0	0
exposed_validation	HG02818	GB66	AFR	anchored_ipd_genome	B	2	complete	1	1	1	2
exposed_validation	HG02818	GB66	AFR	anchored_ipd_genome	B	4	complete	0	0	0	0
exposed_validation	HG02818	GB66	AFR	anchored_ipd_genome	C	2	complete	1	1	1	2
exposed_validation	HG02818	GB66	AFR	anchored_ipd_genome	C	4	complete	1	1	1	2
exposed_validation	HG02818	GB66	AFR	anchored_ipd_genome	DPA1	2	complete	1	1	1	2
exposed_validation	HG02818	GB66	AFR	anchored_ipd_genome	DPA1	4	complete	1	1	1	2
exposed_validation	HG02818	GB66	AFR	anchored_ipd_genome	DPB1	2	complete	1	1	1	2
exposed_validation	HG02818	GB66	AFR	anchored_ipd_genome	DPB1	4	complete	0	0	0	0
exposed_validation	HG02818	GB66	AFR	anchored_ipd_genome	DQA1	2	complete	1	1	1	2
exposed_validation	HG02818	GB66	AFR	anchored_ipd_genome	DQA1	4	complete	1	1	0	0
exposed_validation	HG02818	GB66	AFR	anchored_ipd_genome	DQB1	2	complete	1	1	1	2
exposed_validation	HG02818	GB66	AFR	anchored_ipd_genome	DQB1	4	complete	0	0	0	0
exposed_validation	HG02818	GB66	AFR	anchored_ipd_genome	DRB1	2	complete	1	1	1	2
exposed_validation	HG02818	GB66	AFR	anchored_ipd_genome	DRB1	4	complete	0	0	0	0
exposed_validation	HG02818	GB66	AFR	anchored_hprc	A	2	complete	1	1	1	2
exposed_validation	HG02818	GB66	AFR	anchored_hprc	A	4	complete	0	0	0	0
exposed_validation	HG02818	GB66	AFR	anchored_hprc	B	2	complete	1	1	1	2
exposed_validation	HG02818	GB66	AFR	anchored_hprc	B	4	complete	0	0	0	0
exposed_validation	HG02818	GB66	AFR	anchored_hprc	C	2	complete	1	1	1	2
exposed_validation	HG02818	GB66	AFR	anchored_hprc	C	4	complete	1	1	1	2
exposed_validation	HG02818	GB66	AFR	anchored_hprc	DPA1	2	complete	1	1	1	2
exposed_validation	HG02818	GB66	AFR	anchored_hprc	DPA1	4	complete	1	1	1	2
exposed_validation	HG02818	GB66	AFR	anchored_hprc	DPB1	2	complete	1	1	1	2
exposed_validation	HG02818	GB66	AFR	anchored_hprc	DPB1	4	complete	0	0	0	0
exposed_validation	HG02818	GB66	AFR	anchored_hprc	DQA1	2	complete	1	1	1	2
exposed_validation	HG02818	GB66	AFR	anchored_hprc	DQA1	4	complete	1	1	0	0
exposed_validation	HG02818	GB66	AFR	anchored_hprc	DQB1	2	complete	1	1	1	2
exposed_validation	HG02818	GB66	AFR	anchored_hprc	DQB1	4	complete	0	0	0	0
exposed_validation	HG02818	GB66	AFR	anchored_hprc	DRB1	2	complete	1	1	1	2
exposed_validation	HG02818	GB66	AFR	anchored_hprc	DRB1	4	complete	0	0	0	0
exposed_validation	HG02818	GB66	AFR	anchored_hprc_asian	A	2	complete	1	1	1	2
exposed_validation	HG02818	GB66	AFR	anchored_hprc_asian	A	4	complete	0	0	0	0
exposed_validation	HG02818	GB66	AFR	anchored_hprc_asian	B	2	complete	1	1	1	2
exposed_validation	HG02818	GB66	AFR	anchored_hprc_asian	B	4	complete	0	0	0	0
exposed_validation	HG02818	GB66	AFR	anchored_hprc_asian	C	2	complete	1	1	1	2
exposed_validation	HG02818	GB66	AFR	anchored_hprc_asian	C	4	complete	1	1	1	2
exposed_validation	HG02818	GB66	AFR	anchored_hprc_asian	DPA1	2	complete	1	1	1	2
exposed_validation	HG02818	GB66	AFR	anchored_hprc_asian	DPA1	4	complete	1	1	1	2
exposed_validation	HG02818	GB66	AFR	anchored_hprc_asian	DPB1	2	complete	1	1	1	2
exposed_validation	HG02818	GB66	AFR	anchored_hprc_asian	DPB1	4	complete	0	0	0	0
exposed_validation	HG02818	GB66	AFR	anchored_hprc_asian	DQA1	2	complete	1	1	1	2
exposed_validation	HG02818	GB66	AFR	anchored_hprc_asian	DQA1	4	complete	1	1	0	0
exposed_validation	HG02818	GB66	AFR	anchored_hprc_asian	DQB1	2	complete	1	1	1	2
exposed_validation	HG02818	GB66	AFR	anchored_hprc_asian	DQB1	4	complete	0	0	0	0
exposed_validation	HG02818	GB66	AFR	anchored_hprc_asian	DRB1	2	complete	1	1	1	2
exposed_validation	HG02818	GB66	AFR	anchored_hprc_asian	DRB1	4	complete	0	0	0	0
exposed_validation	HG02841	GB74	AFR	T1K	A	2	complete	1	1	1	2
exposed_validation	HG02841	GB74	AFR	T1K	A	4	complete	1	1	1	2
exposed_validation	HG02841	GB74	AFR	T1K	B	2	complete	1	1	1	2
exposed_validation	HG02841	GB74	AFR	T1K	B	4	complete	1	1	1	2
exposed_validation	HG02841	GB74	AFR	T1K	C	2	complete	1	1	1	2
exposed_validation	HG02841	GB74	AFR	T1K	C	4	complete	0	0	0	0
exposed_validation	HG02841	GB74	AFR	T1K	DPA1	2	complete	1	1	1	2
exposed_validation	HG02841	GB74	AFR	T1K	DPA1	4	complete	0	0	0	0
exposed_validation	HG02841	GB74	AFR	T1K	DPB1	2	complete	1	1	1	2
exposed_validation	HG02841	GB74	AFR	T1K	DPB1	4	complete	1	1	1	2
exposed_validation	HG02841	GB74	AFR	T1K	DQA1	2	complete	1	1	1	2
exposed_validation	HG02841	GB74	AFR	T1K	DQA1	4	complete	1	1	1	2
exposed_validation	HG02841	GB74	AFR	T1K	DQB1	2	complete	1	1	1	2
exposed_validation	HG02841	GB74	AFR	T1K	DQB1	4	complete	1	1	1	2
exposed_validation	HG02841	GB74	AFR	T1K	DRB1	2	complete	1	1	1	2
exposed_validation	HG02841	GB74	AFR	T1K	DRB1	4	complete	0	0	0	0
exposed_validation	HG02841	GB74	AFR	anchored_ipd_genome	A	2	complete	1	1	1	2
exposed_validation	HG02841	GB74	AFR	anchored_ipd_genome	A	4	complete	1	1	1	2
exposed_validation	HG02841	GB74	AFR	anchored_ipd_genome	B	2	complete	1	1	1	2
exposed_validation	HG02841	GB74	AFR	anchored_ipd_genome	B	4	complete	1	1	1	2
exposed_validation	HG02841	GB74	AFR	anchored_ipd_genome	C	2	complete	1	1	1	2
exposed_validation	HG02841	GB74	AFR	anchored_ipd_genome	C	4	complete	0	0	0	0
exposed_validation	HG02841	GB74	AFR	anchored_ipd_genome	DPA1	2	complete	1	1	1	2
exposed_validation	HG02841	GB74	AFR	anchored_ipd_genome	DPA1	4	complete	0	0	0	0
exposed_validation	HG02841	GB74	AFR	anchored_ipd_genome	DPB1	2	complete	1	1	1	2
exposed_validation	HG02841	GB74	AFR	anchored_ipd_genome	DPB1	4	complete	1	1	1	2
exposed_validation	HG02841	GB74	AFR	anchored_ipd_genome	DQA1	2	complete	1	1	1	2
exposed_validation	HG02841	GB74	AFR	anchored_ipd_genome	DQA1	4	complete	1	1	1	2
exposed_validation	HG02841	GB74	AFR	anchored_ipd_genome	DQB1	2	complete	1	1	1	2
exposed_validation	HG02841	GB74	AFR	anchored_ipd_genome	DQB1	4	complete	1	1	1	2
exposed_validation	HG02841	GB74	AFR	anchored_ipd_genome	DRB1	2	complete	1	1	1	2
exposed_validation	HG02841	GB74	AFR	anchored_ipd_genome	DRB1	4	complete	0	0	0	0
exposed_validation	HG02841	GB74	AFR	anchored_hprc	A	2	complete	1	1	1	2
exposed_validation	HG02841	GB74	AFR	anchored_hprc	A	4	complete	1	1	1	2
exposed_validation	HG02841	GB74	AFR	anchored_hprc	B	2	complete	1	1	1	2
exposed_validation	HG02841	GB74	AFR	anchored_hprc	B	4	complete	1	1	1	2
exposed_validation	HG02841	GB74	AFR	anchored_hprc	C	2	complete	1	1	1	2
exposed_validation	HG02841	GB74	AFR	anchored_hprc	C	4	complete	0	0	0	0
exposed_validation	HG02841	GB74	AFR	anchored_hprc	DPA1	2	complete	1	1	1	2
exposed_validation	HG02841	GB74	AFR	anchored_hprc	DPA1	4	complete	0	0	0	0
exposed_validation	HG02841	GB74	AFR	anchored_hprc	DPB1	2	complete	1	1	1	2
exposed_validation	HG02841	GB74	AFR	anchored_hprc	DPB1	4	complete	1	1	1	2
exposed_validation	HG02841	GB74	AFR	anchored_hprc	DQA1	2	complete	1	1	1	2
exposed_validation	HG02841	GB74	AFR	anchored_hprc	DQA1	4	complete	1	1	1	2
exposed_validation	HG02841	GB74	AFR	anchored_hprc	DQB1	2	complete	1	1	1	2
exposed_validation	HG02841	GB74	AFR	anchored_hprc	DQB1	4	complete	1	1	1	2
exposed_validation	HG02841	GB74	AFR	anchored_hprc	DRB1	2	complete	1	1	1	2
exposed_validation	HG02841	GB74	AFR	anchored_hprc	DRB1	4	complete	0	0	0	0
exposed_validation	HG02841	GB74	AFR	anchored_hprc_asian	A	2	complete	1	1	1	2
exposed_validation	HG02841	GB74	AFR	anchored_hprc_asian	A	4	complete	1	1	1	2
exposed_validation	HG02841	GB74	AFR	anchored_hprc_asian	B	2	complete	1	1	1	2
exposed_validation	HG02841	GB74	AFR	anchored_hprc_asian	B	4	complete	1	1	1	2
exposed_validation	HG02841	GB74	AFR	anchored_hprc_asian	C	2	complete	1	1	1	2
exposed_validation	HG02841	GB74	AFR	anchored_hprc_asian	C	4	complete	0	0	0	0
exposed_validation	HG02841	GB74	AFR	anchored_hprc_asian	DPA1	2	complete	1	1	1	2
exposed_validation	HG02841	GB74	AFR	anchored_hprc_asian	DPA1	4	complete	0	0	0	0
exposed_validation	HG02841	GB74	AFR	anchored_hprc_asian	DPB1	2	complete	1	1	1	2
exposed_validation	HG02841	GB74	AFR	anchored_hprc_asian	DPB1	4	complete	1	1	1	2
exposed_validation	HG02841	GB74	AFR	anchored_hprc_asian	DQA1	2	complete	1	1	1	2
exposed_validation	HG02841	GB74	AFR	anchored_hprc_asian	DQA1	4	complete	1	1	1	2
exposed_validation	HG02841	GB74	AFR	anchored_hprc_asian	DQB1	2	complete	1	1	1	2
exposed_validation	HG02841	GB74	AFR	anchored_hprc_asian	DQB1	4	complete	1	1	1	2
exposed_validation	HG02841	GB74	AFR	anchored_hprc_asian	DRB1	2	complete	1	1	1	2
exposed_validation	HG02841	GB74	AFR	anchored_hprc_asian	DRB1	4	complete	0	0	0	0
exposed_validation	HG02886	GB89	AFR	T1K	A	2	complete	1	1	1	2
exposed_validation	HG02886	GB89	AFR	T1K	A	4	complete	0	0	0	0
exposed_validation	HG02886	GB89	AFR	T1K	B	2	complete	1	1	1	2
exposed_validation	HG02886	GB89	AFR	T1K	B	4	complete	0	0	0	0
exposed_validation	HG02886	GB89	AFR	T1K	C	2	complete	1	1	1	2
exposed_validation	HG02886	GB89	AFR	T1K	C	4	complete	1	1	0	1
exposed_validation	HG02886	GB89	AFR	T1K	DPA1	2	complete	1	1	1	2
exposed_validation	HG02886	GB89	AFR	T1K	DPA1	4	complete	1	1	0	1
exposed_validation	HG02886	GB89	AFR	T1K	DPB1	2	complete	1	1	1	2
exposed_validation	HG02886	GB89	AFR	T1K	DPB1	4	complete	1	1	1	2
exposed_validation	HG02886	GB89	AFR	T1K	DQA1	2	complete	1	1	1	2
exposed_validation	HG02886	GB89	AFR	T1K	DQA1	4	complete	1	1	0	1
exposed_validation	HG02886	GB89	AFR	T1K	DQB1	2	complete	1	1	1	2
exposed_validation	HG02886	GB89	AFR	T1K	DQB1	4	complete	1	1	0	1
exposed_validation	HG02886	GB89	AFR	T1K	DRB1	2	complete	1	1	1	2
exposed_validation	HG02886	GB89	AFR	T1K	DRB1	4	complete	0	0	0	0
exposed_validation	HG02886	GB89	AFR	anchored_ipd_genome	A	2	complete	1	1	1	2
exposed_validation	HG02886	GB89	AFR	anchored_ipd_genome	A	4	complete	0	0	0	0
exposed_validation	HG02886	GB89	AFR	anchored_ipd_genome	B	2	complete	1	1	1	2
exposed_validation	HG02886	GB89	AFR	anchored_ipd_genome	B	4	complete	0	0	0	0
exposed_validation	HG02886	GB89	AFR	anchored_ipd_genome	C	2	complete	1	1	1	2
exposed_validation	HG02886	GB89	AFR	anchored_ipd_genome	C	4	complete	1	1	1	2
exposed_validation	HG02886	GB89	AFR	anchored_ipd_genome	DPA1	2	complete	1	1	1	2
exposed_validation	HG02886	GB89	AFR	anchored_ipd_genome	DPA1	4	complete	1	1	1	2
exposed_validation	HG02886	GB89	AFR	anchored_ipd_genome	DPB1	2	complete	1	1	1	2
exposed_validation	HG02886	GB89	AFR	anchored_ipd_genome	DPB1	4	complete	1	1	1	2
exposed_validation	HG02886	GB89	AFR	anchored_ipd_genome	DQA1	2	complete	1	1	1	2
exposed_validation	HG02886	GB89	AFR	anchored_ipd_genome	DQA1	4	complete	1	1	0	1
exposed_validation	HG02886	GB89	AFR	anchored_ipd_genome	DQB1	2	complete	1	1	1	2
exposed_validation	HG02886	GB89	AFR	anchored_ipd_genome	DQB1	4	complete	1	1	1	2
exposed_validation	HG02886	GB89	AFR	anchored_ipd_genome	DRB1	2	complete	1	1	1	2
exposed_validation	HG02886	GB89	AFR	anchored_ipd_genome	DRB1	4	complete	0	0	0	0
exposed_validation	HG02886	GB89	AFR	anchored_hprc	A	2	complete	1	1	1	2
exposed_validation	HG02886	GB89	AFR	anchored_hprc	A	4	complete	0	0	0	0
exposed_validation	HG02886	GB89	AFR	anchored_hprc	B	2	complete	1	1	1	2
exposed_validation	HG02886	GB89	AFR	anchored_hprc	B	4	complete	0	0	0	0
exposed_validation	HG02886	GB89	AFR	anchored_hprc	C	2	complete	1	1	1	2
exposed_validation	HG02886	GB89	AFR	anchored_hprc	C	4	complete	1	1	1	2
exposed_validation	HG02886	GB89	AFR	anchored_hprc	DPA1	2	complete	1	1	1	2
exposed_validation	HG02886	GB89	AFR	anchored_hprc	DPA1	4	complete	1	1	1	2
exposed_validation	HG02886	GB89	AFR	anchored_hprc	DPB1	2	complete	1	1	1	2
exposed_validation	HG02886	GB89	AFR	anchored_hprc	DPB1	4	complete	1	1	1	2
exposed_validation	HG02886	GB89	AFR	anchored_hprc	DQA1	2	complete	1	1	1	2
exposed_validation	HG02886	GB89	AFR	anchored_hprc	DQA1	4	complete	1	1	0	1
exposed_validation	HG02886	GB89	AFR	anchored_hprc	DQB1	2	complete	1	1	1	2
exposed_validation	HG02886	GB89	AFR	anchored_hprc	DQB1	4	complete	1	1	1	2
exposed_validation	HG02886	GB89	AFR	anchored_hprc	DRB1	2	complete	1	1	1	2
exposed_validation	HG02886	GB89	AFR	anchored_hprc	DRB1	4	complete	0	0	0	0
exposed_validation	HG02886	GB89	AFR	anchored_hprc_asian	A	2	complete	1	1	1	2
exposed_validation	HG02886	GB89	AFR	anchored_hprc_asian	A	4	complete	0	0	0	0
exposed_validation	HG02886	GB89	AFR	anchored_hprc_asian	B	2	complete	1	1	1	2
exposed_validation	HG02886	GB89	AFR	anchored_hprc_asian	B	4	complete	0	0	0	0
exposed_validation	HG02886	GB89	AFR	anchored_hprc_asian	C	2	complete	1	1	1	2
exposed_validation	HG02886	GB89	AFR	anchored_hprc_asian	C	4	complete	1	1	1	2
exposed_validation	HG02886	GB89	AFR	anchored_hprc_asian	DPA1	2	complete	1	1	1	2
exposed_validation	HG02886	GB89	AFR	anchored_hprc_asian	DPA1	4	complete	1	1	1	2
exposed_validation	HG02886	GB89	AFR	anchored_hprc_asian	DPB1	2	complete	1	1	1	2
exposed_validation	HG02886	GB89	AFR	anchored_hprc_asian	DPB1	4	complete	1	1	1	2
exposed_validation	HG02886	GB89	AFR	anchored_hprc_asian	DQA1	2	complete	1	1	1	2
exposed_validation	HG02886	GB89	AFR	anchored_hprc_asian	DQA1	4	complete	1	1	0	1
exposed_validation	HG02886	GB89	AFR	anchored_hprc_asian	DQB1	2	complete	1	1	1	2
exposed_validation	HG02886	GB89	AFR	anchored_hprc_asian	DQB1	4	complete	1	1	1	2
exposed_validation	HG02886	GB89	AFR	anchored_hprc_asian	DRB1	2	complete	1	1	1	2
exposed_validation	HG02886	GB89	AFR	anchored_hprc_asian	DRB1	4	complete	0	0	0	0
exposed_validation	HG02922	NG06	AFR	T1K	A	2	complete	1	1	1	2
exposed_validation	HG02922	NG06	AFR	T1K	A	4	complete	1	1	1	2
exposed_validation	HG02922	NG06	AFR	T1K	B	2	complete	1	1	1	2
exposed_validation	HG02922	NG06	AFR	T1K	B	4	complete	0	0	0	0
exposed_validation	HG02922	NG06	AFR	T1K	C	2	complete	1	1	1	2
exposed_validation	HG02922	NG06	AFR	T1K	C	4	complete	1	1	1	2
exposed_validation	HG02922	NG06	AFR	T1K	DPA1	2	complete	1	1	1	2
exposed_validation	HG02922	NG06	AFR	T1K	DPA1	4	complete	0	0	0	0
exposed_validation	HG02922	NG06	AFR	T1K	DPB1	2	complete	1	1	1	2
exposed_validation	HG02922	NG06	AFR	T1K	DPB1	4	complete	1	1	0	1
exposed_validation	HG02922	NG06	AFR	T1K	DQA1	2	complete	1	1	1	2
exposed_validation	HG02922	NG06	AFR	T1K	DQA1	4	complete	1	1	0	0
exposed_validation	HG02922	NG06	AFR	T1K	DQB1	2	complete	1	1	1	2
exposed_validation	HG02922	NG06	AFR	T1K	DQB1	4	complete	1	1	0	1
exposed_validation	HG02922	NG06	AFR	T1K	DRB1	2	complete	1	1	1	2
exposed_validation	HG02922	NG06	AFR	T1K	DRB1	4	complete	1	1	1	2
exposed_validation	HG02922	NG06	AFR	anchored_ipd_genome	A	2	complete	1	1	1	2
exposed_validation	HG02922	NG06	AFR	anchored_ipd_genome	A	4	complete	1	1	1	2
exposed_validation	HG02922	NG06	AFR	anchored_ipd_genome	B	2	complete	1	1	1	2
exposed_validation	HG02922	NG06	AFR	anchored_ipd_genome	B	4	complete	0	0	0	0
exposed_validation	HG02922	NG06	AFR	anchored_ipd_genome	C	2	complete	1	1	1	2
exposed_validation	HG02922	NG06	AFR	anchored_ipd_genome	C	4	complete	1	1	1	2
exposed_validation	HG02922	NG06	AFR	anchored_ipd_genome	DPA1	2	complete	1	1	1	2
exposed_validation	HG02922	NG06	AFR	anchored_ipd_genome	DPA1	4	complete	0	0	0	0
exposed_validation	HG02922	NG06	AFR	anchored_ipd_genome	DPB1	2	complete	1	1	1	2
exposed_validation	HG02922	NG06	AFR	anchored_ipd_genome	DPB1	4	complete	1	1	1	2
exposed_validation	HG02922	NG06	AFR	anchored_ipd_genome	DQA1	2	complete	1	1	1	2
exposed_validation	HG02922	NG06	AFR	anchored_ipd_genome	DQA1	4	complete	1	1	0	1
exposed_validation	HG02922	NG06	AFR	anchored_ipd_genome	DQB1	2	complete	1	1	1	2
exposed_validation	HG02922	NG06	AFR	anchored_ipd_genome	DQB1	4	complete	1	1	0	1
exposed_validation	HG02922	NG06	AFR	anchored_ipd_genome	DRB1	2	complete	1	1	1	2
exposed_validation	HG02922	NG06	AFR	anchored_ipd_genome	DRB1	4	complete	1	1	0	1
exposed_validation	HG02922	NG06	AFR	anchored_hprc	A	2	complete	1	1	1	2
exposed_validation	HG02922	NG06	AFR	anchored_hprc	A	4	complete	1	1	1	2
exposed_validation	HG02922	NG06	AFR	anchored_hprc	B	2	complete	1	1	1	2
exposed_validation	HG02922	NG06	AFR	anchored_hprc	B	4	complete	0	0	0	0
exposed_validation	HG02922	NG06	AFR	anchored_hprc	C	2	complete	1	1	1	2
exposed_validation	HG02922	NG06	AFR	anchored_hprc	C	4	complete	1	1	1	2
exposed_validation	HG02922	NG06	AFR	anchored_hprc	DPA1	2	complete	1	1	1	2
exposed_validation	HG02922	NG06	AFR	anchored_hprc	DPA1	4	complete	0	0	0	0
exposed_validation	HG02922	NG06	AFR	anchored_hprc	DPB1	2	complete	1	1	1	2
exposed_validation	HG02922	NG06	AFR	anchored_hprc	DPB1	4	complete	1	1	1	2
exposed_validation	HG02922	NG06	AFR	anchored_hprc	DQA1	2	complete	1	1	1	2
exposed_validation	HG02922	NG06	AFR	anchored_hprc	DQA1	4	complete	1	1	0	1
exposed_validation	HG02922	NG06	AFR	anchored_hprc	DQB1	2	complete	1	1	1	2
exposed_validation	HG02922	NG06	AFR	anchored_hprc	DQB1	4	complete	1	1	0	1
exposed_validation	HG02922	NG06	AFR	anchored_hprc	DRB1	2	complete	1	1	1	2
exposed_validation	HG02922	NG06	AFR	anchored_hprc	DRB1	4	complete	1	1	0	1
exposed_validation	HG02922	NG06	AFR	anchored_hprc_asian	A	2	complete	1	1	1	2
exposed_validation	HG02922	NG06	AFR	anchored_hprc_asian	A	4	complete	1	1	1	2
exposed_validation	HG02922	NG06	AFR	anchored_hprc_asian	B	2	complete	1	1	1	2
exposed_validation	HG02922	NG06	AFR	anchored_hprc_asian	B	4	complete	0	0	0	0
exposed_validation	HG02922	NG06	AFR	anchored_hprc_asian	C	2	complete	1	1	1	2
exposed_validation	HG02922	NG06	AFR	anchored_hprc_asian	C	4	complete	1	1	1	2
exposed_validation	HG02922	NG06	AFR	anchored_hprc_asian	DPA1	2	complete	1	1	1	2
exposed_validation	HG02922	NG06	AFR	anchored_hprc_asian	DPA1	4	complete	0	0	0	0
exposed_validation	HG02922	NG06	AFR	anchored_hprc_asian	DPB1	2	complete	1	1	1	2
exposed_validation	HG02922	NG06	AFR	anchored_hprc_asian	DPB1	4	complete	1	1	1	2
exposed_validation	HG02922	NG06	AFR	anchored_hprc_asian	DQA1	2	complete	1	1	1	2
exposed_validation	HG02922	NG06	AFR	anchored_hprc_asian	DQA1	4	complete	1	1	0	1
exposed_validation	HG02922	NG06	AFR	anchored_hprc_asian	DQB1	2	complete	1	1	1	2
exposed_validation	HG02922	NG06	AFR	anchored_hprc_asian	DQB1	4	complete	1	1	0	1
exposed_validation	HG02922	NG06	AFR	anchored_hprc_asian	DRB1	2	complete	1	1	1	2
exposed_validation	HG02922	NG06	AFR	anchored_hprc_asian	DRB1	4	complete	1	1	0	1
exposed_validation	HG02965	NG20	AFR	T1K	A	2	complete	1	1	1	2
exposed_validation	HG02965	NG20	AFR	T1K	A	4	complete	1	1	1	2
exposed_validation	HG02965	NG20	AFR	T1K	B	2	complete	1	1	1	2
exposed_validation	HG02965	NG20	AFR	T1K	B	4	complete	1	1	0	0
exposed_validation	HG02965	NG20	AFR	T1K	C	2	complete	1	1	1	2
exposed_validation	HG02965	NG20	AFR	T1K	C	4	complete	1	1	1	2
exposed_validation	HG02965	NG20	AFR	T1K	DPA1	2	complete	1	1	1	2
exposed_validation	HG02965	NG20	AFR	T1K	DPA1	4	complete	0	0	0	0
exposed_validation	HG02965	NG20	AFR	T1K	DPB1	2	complete	1	1	1	2
exposed_validation	HG02965	NG20	AFR	T1K	DPB1	4	complete	1	1	0	1
exposed_validation	HG02965	NG20	AFR	T1K	DQA1	2	complete	1	1	1	2
exposed_validation	HG02965	NG20	AFR	T1K	DQA1	4	complete	1	1	0	0
exposed_validation	HG02965	NG20	AFR	T1K	DQB1	2	complete	1	1	1	2
exposed_validation	HG02965	NG20	AFR	T1K	DQB1	4	complete	1	1	0	1
exposed_validation	HG02965	NG20	AFR	T1K	DRB1	2	complete	1	1	1	2
exposed_validation	HG02965	NG20	AFR	T1K	DRB1	4	complete	0	0	0	0
exposed_validation	HG02965	NG20	AFR	anchored_ipd_genome	A	2	complete	1	1	1	2
exposed_validation	HG02965	NG20	AFR	anchored_ipd_genome	A	4	complete	1	1	1	2
exposed_validation	HG02965	NG20	AFR	anchored_ipd_genome	B	2	complete	1	1	1	2
exposed_validation	HG02965	NG20	AFR	anchored_ipd_genome	B	4	complete	1	1	1	2
exposed_validation	HG02965	NG20	AFR	anchored_ipd_genome	C	2	complete	1	1	1	2
exposed_validation	HG02965	NG20	AFR	anchored_ipd_genome	C	4	complete	1	1	1	2
exposed_validation	HG02965	NG20	AFR	anchored_ipd_genome	DPA1	2	complete	1	1	1	2
exposed_validation	HG02965	NG20	AFR	anchored_ipd_genome	DPA1	4	complete	0	0	0	0
exposed_validation	HG02965	NG20	AFR	anchored_ipd_genome	DPB1	2	complete	1	1	1	2
exposed_validation	HG02965	NG20	AFR	anchored_ipd_genome	DPB1	4	complete	1	1	1	2
exposed_validation	HG02965	NG20	AFR	anchored_ipd_genome	DQA1	2	complete	1	1	1	2
exposed_validation	HG02965	NG20	AFR	anchored_ipd_genome	DQA1	4	complete	1	1	0	0
exposed_validation	HG02965	NG20	AFR	anchored_ipd_genome	DQB1	2	complete	1	1	1	2
exposed_validation	HG02965	NG20	AFR	anchored_ipd_genome	DQB1	4	complete	1	1	1	2
exposed_validation	HG02965	NG20	AFR	anchored_ipd_genome	DRB1	2	complete	1	1	1	2
exposed_validation	HG02965	NG20	AFR	anchored_ipd_genome	DRB1	4	complete	0	0	0	0
exposed_validation	HG02965	NG20	AFR	anchored_hprc	A	2	complete	1	1	1	2
exposed_validation	HG02965	NG20	AFR	anchored_hprc	A	4	complete	1	1	1	2
exposed_validation	HG02965	NG20	AFR	anchored_hprc	B	2	complete	1	1	1	2
exposed_validation	HG02965	NG20	AFR	anchored_hprc	B	4	complete	1	1	1	2
exposed_validation	HG02965	NG20	AFR	anchored_hprc	C	2	complete	1	1	1	2
exposed_validation	HG02965	NG20	AFR	anchored_hprc	C	4	complete	1	1	1	2
exposed_validation	HG02965	NG20	AFR	anchored_hprc	DPA1	2	complete	1	1	1	2
exposed_validation	HG02965	NG20	AFR	anchored_hprc	DPA1	4	complete	0	0	0	0
exposed_validation	HG02965	NG20	AFR	anchored_hprc	DPB1	2	complete	1	1	1	2
exposed_validation	HG02965	NG20	AFR	anchored_hprc	DPB1	4	complete	1	1	1	2
exposed_validation	HG02965	NG20	AFR	anchored_hprc	DQA1	2	complete	1	1	1	2
exposed_validation	HG02965	NG20	AFR	anchored_hprc	DQA1	4	complete	1	1	0	0
exposed_validation	HG02965	NG20	AFR	anchored_hprc	DQB1	2	complete	1	1	1	2
exposed_validation	HG02965	NG20	AFR	anchored_hprc	DQB1	4	complete	1	1	1	2
exposed_validation	HG02965	NG20	AFR	anchored_hprc	DRB1	2	complete	1	1	1	2
exposed_validation	HG02965	NG20	AFR	anchored_hprc	DRB1	4	complete	0	0	0	0
exposed_validation	HG02965	NG20	AFR	anchored_hprc_asian	A	2	complete	1	1	1	2
exposed_validation	HG02965	NG20	AFR	anchored_hprc_asian	A	4	complete	1	1	1	2
exposed_validation	HG02965	NG20	AFR	anchored_hprc_asian	B	2	complete	1	1	1	2
exposed_validation	HG02965	NG20	AFR	anchored_hprc_asian	B	4	complete	1	1	1	2
exposed_validation	HG02965	NG20	AFR	anchored_hprc_asian	C	2	complete	1	1	1	2
exposed_validation	HG02965	NG20	AFR	anchored_hprc_asian	C	4	complete	1	1	1	2
exposed_validation	HG02965	NG20	AFR	anchored_hprc_asian	DPA1	2	complete	1	1	1	2
exposed_validation	HG02965	NG20	AFR	anchored_hprc_asian	DPA1	4	complete	0	0	0	0
exposed_validation	HG02965	NG20	AFR	anchored_hprc_asian	DPB1	2	complete	1	1	1	2
exposed_validation	HG02965	NG20	AFR	anchored_hprc_asian	DPB1	4	complete	1	1	1	2
exposed_validation	HG02965	NG20	AFR	anchored_hprc_asian	DQA1	2	complete	1	1	1	2
exposed_validation	HG02965	NG20	AFR	anchored_hprc_asian	DQA1	4	complete	1	1	0	0
exposed_validation	HG02965	NG20	AFR	anchored_hprc_asian	DQB1	2	complete	1	1	1	2
exposed_validation	HG02965	NG20	AFR	anchored_hprc_asian	DQB1	4	complete	1	1	1	2
exposed_validation	HG02965	NG20	AFR	anchored_hprc_asian	DRB1	2	complete	1	1	1	2
exposed_validation	HG02965	NG20	AFR	anchored_hprc_asian	DRB1	4	complete	0	0	0	0
exposed_validation	HG03041	GB110	AFR	T1K	A	2	complete	1	1	1	2
exposed_validation	HG03041	GB110	AFR	T1K	A	4	complete	1	1	0	1
exposed_validation	HG03041	GB110	AFR	T1K	B	2	complete	1	1	1	2
exposed_validation	HG03041	GB110	AFR	T1K	B	4	complete	0	0	0	0
exposed_validation	HG03041	GB110	AFR	T1K	C	2	complete	1	1	1	2
exposed_validation	HG03041	GB110	AFR	T1K	C	4	complete	1	1	0	0
exposed_validation	HG03041	GB110	AFR	T1K	DPA1	2	complete	1	1	1	2
exposed_validation	HG03041	GB110	AFR	T1K	DPA1	4	complete	0	0	0	0
exposed_validation	HG03041	GB110	AFR	T1K	DPB1	2	complete	1	1	1	2
exposed_validation	HG03041	GB110	AFR	T1K	DPB1	4	complete	1	1	1	2
exposed_validation	HG03041	GB110	AFR	T1K	DQA1	2	complete	1	1	1	2
exposed_validation	HG03041	GB110	AFR	T1K	DQA1	4	complete	1	1	0	0
exposed_validation	HG03041	GB110	AFR	T1K	DQB1	2	complete	1	1	1	2
exposed_validation	HG03041	GB110	AFR	T1K	DQB1	4	complete	1	1	1	2
exposed_validation	HG03041	GB110	AFR	T1K	DRB1	2	complete	1	1	1	2
exposed_validation	HG03041	GB110	AFR	T1K	DRB1	4	complete	0	0	0	0
exposed_validation	HG03041	GB110	AFR	anchored_ipd_genome	A	2	complete	1	1	1	2
exposed_validation	HG03041	GB110	AFR	anchored_ipd_genome	A	4	complete	1	1	0	1
exposed_validation	HG03041	GB110	AFR	anchored_ipd_genome	B	2	complete	1	1	1	2
exposed_validation	HG03041	GB110	AFR	anchored_ipd_genome	B	4	complete	0	0	0	0
exposed_validation	HG03041	GB110	AFR	anchored_ipd_genome	C	2	complete	1	1	1	2
exposed_validation	HG03041	GB110	AFR	anchored_ipd_genome	C	4	complete	1	1	0	1
exposed_validation	HG03041	GB110	AFR	anchored_ipd_genome	DPA1	2	complete	1	1	1	2
exposed_validation	HG03041	GB110	AFR	anchored_ipd_genome	DPA1	4	complete	0	0	0	0
exposed_validation	HG03041	GB110	AFR	anchored_ipd_genome	DPB1	2	complete	1	1	1	2
exposed_validation	HG03041	GB110	AFR	anchored_ipd_genome	DPB1	4	complete	1	1	1	2
exposed_validation	HG03041	GB110	AFR	anchored_ipd_genome	DQA1	2	complete	1	1	1	2
exposed_validation	HG03041	GB110	AFR	anchored_ipd_genome	DQA1	4	complete	1	1	0	1
exposed_validation	HG03041	GB110	AFR	anchored_ipd_genome	DQB1	2	complete	1	1	1	2
exposed_validation	HG03041	GB110	AFR	anchored_ipd_genome	DQB1	4	complete	1	1	1	2
exposed_validation	HG03041	GB110	AFR	anchored_ipd_genome	DRB1	2	complete	1	1	1	2
exposed_validation	HG03041	GB110	AFR	anchored_ipd_genome	DRB1	4	complete	0	0	0	0
exposed_validation	HG03041	GB110	AFR	anchored_hprc	A	2	complete	1	1	1	2
exposed_validation	HG03041	GB110	AFR	anchored_hprc	A	4	complete	1	1	0	1
exposed_validation	HG03041	GB110	AFR	anchored_hprc	B	2	complete	1	1	1	2
exposed_validation	HG03041	GB110	AFR	anchored_hprc	B	4	complete	0	0	0	0
exposed_validation	HG03041	GB110	AFR	anchored_hprc	C	2	complete	1	1	1	2
exposed_validation	HG03041	GB110	AFR	anchored_hprc	C	4	complete	1	1	0	1
exposed_validation	HG03041	GB110	AFR	anchored_hprc	DPA1	2	complete	1	1	1	2
exposed_validation	HG03041	GB110	AFR	anchored_hprc	DPA1	4	complete	0	0	0	0
exposed_validation	HG03041	GB110	AFR	anchored_hprc	DPB1	2	complete	1	1	1	2
exposed_validation	HG03041	GB110	AFR	anchored_hprc	DPB1	4	complete	1	1	1	2
exposed_validation	HG03041	GB110	AFR	anchored_hprc	DQA1	2	complete	1	1	1	2
exposed_validation	HG03041	GB110	AFR	anchored_hprc	DQA1	4	complete	1	1	0	1
exposed_validation	HG03041	GB110	AFR	anchored_hprc	DQB1	2	complete	1	1	1	2
exposed_validation	HG03041	GB110	AFR	anchored_hprc	DQB1	4	complete	1	1	1	2
exposed_validation	HG03041	GB110	AFR	anchored_hprc	DRB1	2	complete	1	1	1	2
exposed_validation	HG03041	GB110	AFR	anchored_hprc	DRB1	4	complete	0	0	0	0
exposed_validation	HG03041	GB110	AFR	anchored_hprc_asian	A	2	complete	1	1	1	2
exposed_validation	HG03041	GB110	AFR	anchored_hprc_asian	A	4	complete	1	1	0	1
exposed_validation	HG03041	GB110	AFR	anchored_hprc_asian	B	2	complete	1	1	1	2
exposed_validation	HG03041	GB110	AFR	anchored_hprc_asian	B	4	complete	0	0	0	0
exposed_validation	HG03041	GB110	AFR	anchored_hprc_asian	C	2	complete	1	1	1	2
exposed_validation	HG03041	GB110	AFR	anchored_hprc_asian	C	4	complete	1	1	0	1
exposed_validation	HG03041	GB110	AFR	anchored_hprc_asian	DPA1	2	complete	1	1	1	2
exposed_validation	HG03041	GB110	AFR	anchored_hprc_asian	DPA1	4	complete	0	0	0	0
exposed_validation	HG03041	GB110	AFR	anchored_hprc_asian	DPB1	2	complete	1	1	1	2
exposed_validation	HG03041	GB110	AFR	anchored_hprc_asian	DPB1	4	complete	1	1	1	2
exposed_validation	HG03041	GB110	AFR	anchored_hprc_asian	DQA1	2	complete	1	1	1	2
exposed_validation	HG03041	GB110	AFR	anchored_hprc_asian	DQA1	4	complete	1	1	0	1
exposed_validation	HG03041	GB110	AFR	anchored_hprc_asian	DQB1	2	complete	1	1	1	2
exposed_validation	HG03041	GB110	AFR	anchored_hprc_asian	DQB1	4	complete	1	1	1	2
exposed_validation	HG03041	GB110	AFR	anchored_hprc_asian	DRB1	2	complete	1	1	1	2
exposed_validation	HG03041	GB110	AFR	anchored_hprc_asian	DRB1	4	complete	0	0	0	0
exposed_validation	HG03050	GB113	AFR	T1K	A	2	complete	1	1	1	2
exposed_validation	HG03050	GB113	AFR	T1K	A	4	complete	1	1	1	2
exposed_validation	HG03050	GB113	AFR	T1K	B	2	complete	1	1	1	2
exposed_validation	HG03050	GB113	AFR	T1K	B	4	complete	0	0	0	0
exposed_validation	HG03050	GB113	AFR	T1K	C	2	complete	1	1	1	2
exposed_validation	HG03050	GB113	AFR	T1K	C	4	complete	0	0	0	0
exposed_validation	HG03050	GB113	AFR	T1K	DPA1	2	complete	1	1	1	2
exposed_validation	HG03050	GB113	AFR	T1K	DPA1	4	complete	1	1	0	1
exposed_validation	HG03050	GB113	AFR	T1K	DPB1	2	complete	1	1	0	1
exposed_validation	HG03050	GB113	AFR	T1K	DPB1	4	complete	0	0	0	0
exposed_validation	HG03050	GB113	AFR	T1K	DQA1	2	complete	1	1	1	2
exposed_validation	HG03050	GB113	AFR	T1K	DQA1	4	complete	1	1	0	1
exposed_validation	HG03050	GB113	AFR	T1K	DQB1	2	complete	1	1	1	2
exposed_validation	HG03050	GB113	AFR	T1K	DQB1	4	complete	1	1	0	1
exposed_validation	HG03050	GB113	AFR	T1K	DRB1	2	complete	1	1	1	2
exposed_validation	HG03050	GB113	AFR	T1K	DRB1	4	complete	0	0	0	0
exposed_validation	HG03050	GB113	AFR	anchored_ipd_genome	A	2	complete	1	1	1	2
exposed_validation	HG03050	GB113	AFR	anchored_ipd_genome	A	4	complete	1	1	1	2
exposed_validation	HG03050	GB113	AFR	anchored_ipd_genome	B	2	complete	1	1	1	2
exposed_validation	HG03050	GB113	AFR	anchored_ipd_genome	B	4	complete	0	0	0	0
exposed_validation	HG03050	GB113	AFR	anchored_ipd_genome	C	2	complete	1	1	1	2
exposed_validation	HG03050	GB113	AFR	anchored_ipd_genome	C	4	complete	0	0	0	0
exposed_validation	HG03050	GB113	AFR	anchored_ipd_genome	DPA1	2	complete	1	1	1	2
exposed_validation	HG03050	GB113	AFR	anchored_ipd_genome	DPA1	4	complete	1	1	1	2
exposed_validation	HG03050	GB113	AFR	anchored_ipd_genome	DPB1	2	complete	1	1	0	1
exposed_validation	HG03050	GB113	AFR	anchored_ipd_genome	DPB1	4	complete	0	0	0	0
exposed_validation	HG03050	GB113	AFR	anchored_ipd_genome	DQA1	2	complete	1	1	1	2
exposed_validation	HG03050	GB113	AFR	anchored_ipd_genome	DQA1	4	complete	1	1	0	1
exposed_validation	HG03050	GB113	AFR	anchored_ipd_genome	DQB1	2	complete	1	1	1	2
exposed_validation	HG03050	GB113	AFR	anchored_ipd_genome	DQB1	4	complete	1	1	1	2
exposed_validation	HG03050	GB113	AFR	anchored_ipd_genome	DRB1	2	complete	1	1	1	2
exposed_validation	HG03050	GB113	AFR	anchored_ipd_genome	DRB1	4	complete	0	0	0	0
exposed_validation	HG03050	GB113	AFR	anchored_hprc	A	2	complete	1	1	1	2
exposed_validation	HG03050	GB113	AFR	anchored_hprc	A	4	complete	1	1	1	2
exposed_validation	HG03050	GB113	AFR	anchored_hprc	B	2	complete	1	1	1	2
exposed_validation	HG03050	GB113	AFR	anchored_hprc	B	4	complete	0	0	0	0
exposed_validation	HG03050	GB113	AFR	anchored_hprc	C	2	complete	1	1	1	2
exposed_validation	HG03050	GB113	AFR	anchored_hprc	C	4	complete	0	0	0	0
exposed_validation	HG03050	GB113	AFR	anchored_hprc	DPA1	2	complete	1	1	1	2
exposed_validation	HG03050	GB113	AFR	anchored_hprc	DPA1	4	complete	1	1	1	2
exposed_validation	HG03050	GB113	AFR	anchored_hprc	DPB1	2	complete	1	1	0	1
exposed_validation	HG03050	GB113	AFR	anchored_hprc	DPB1	4	complete	0	0	0	0
exposed_validation	HG03050	GB113	AFR	anchored_hprc	DQA1	2	complete	1	1	1	2
exposed_validation	HG03050	GB113	AFR	anchored_hprc	DQA1	4	complete	1	1	0	1
exposed_validation	HG03050	GB113	AFR	anchored_hprc	DQB1	2	complete	1	1	1	2
exposed_validation	HG03050	GB113	AFR	anchored_hprc	DQB1	4	complete	1	1	1	2
exposed_validation	HG03050	GB113	AFR	anchored_hprc	DRB1	2	complete	1	1	1	2
exposed_validation	HG03050	GB113	AFR	anchored_hprc	DRB1	4	complete	0	0	0	0
exposed_validation	HG03050	GB113	AFR	anchored_hprc_asian	A	2	complete	1	1	1	2
exposed_validation	HG03050	GB113	AFR	anchored_hprc_asian	A	4	complete	1	1	1	2
exposed_validation	HG03050	GB113	AFR	anchored_hprc_asian	B	2	complete	1	1	1	2
exposed_validation	HG03050	GB113	AFR	anchored_hprc_asian	B	4	complete	0	0	0	0
exposed_validation	HG03050	GB113	AFR	anchored_hprc_asian	C	2	complete	1	1	1	2
exposed_validation	HG03050	GB113	AFR	anchored_hprc_asian	C	4	complete	0	0	0	0
exposed_validation	HG03050	GB113	AFR	anchored_hprc_asian	DPA1	2	complete	1	1	1	2
exposed_validation	HG03050	GB113	AFR	anchored_hprc_asian	DPA1	4	complete	1	1	1	2
exposed_validation	HG03050	GB113	AFR	anchored_hprc_asian	DPB1	2	complete	1	1	0	1
exposed_validation	HG03050	GB113	AFR	anchored_hprc_asian	DPB1	4	complete	0	0	0	0
exposed_validation	HG03050	GB113	AFR	anchored_hprc_asian	DQA1	2	complete	1	1	1	2
exposed_validation	HG03050	GB113	AFR	anchored_hprc_asian	DQA1	4	complete	1	1	0	1
exposed_validation	HG03050	GB113	AFR	anchored_hprc_asian	DQB1	2	complete	1	1	1	2
exposed_validation	HG03050	GB113	AFR	anchored_hprc_asian	DQB1	4	complete	1	1	1	2
exposed_validation	HG03050	GB113	AFR	anchored_hprc_asian	DRB1	2	complete	1	1	1	2
exposed_validation	HG03050	GB113	AFR	anchored_hprc_asian	DRB1	4	complete	0	0	0	0
exposed_validation	HG03098	SL16	AFR	T1K	A	2	complete	1	1	1	2
exposed_validation	HG03098	SL16	AFR	T1K	A	4	complete	1	1	1	2
exposed_validation	HG03098	SL16	AFR	T1K	B	2	complete	1	1	1	2
exposed_validation	HG03098	SL16	AFR	T1K	B	4	complete	0	0	0	0
exposed_validation	HG03098	SL16	AFR	T1K	C	2	complete	1	1	1	2
exposed_validation	HG03098	SL16	AFR	T1K	C	4	complete	0	0	0	0
exposed_validation	HG03098	SL16	AFR	T1K	DPA1	2	complete	1	1	1	2
exposed_validation	HG03098	SL16	AFR	T1K	DPA1	4	complete	0	0	0	0
exposed_validation	HG03098	SL16	AFR	T1K	DPB1	2	complete	1	1	1	2
exposed_validation	HG03098	SL16	AFR	T1K	DPB1	4	complete	0	0	0	0
exposed_validation	HG03098	SL16	AFR	T1K	DQA1	2	complete	1	1	1	2
exposed_validation	HG03098	SL16	AFR	T1K	DQA1	4	complete	1	1	1	2
exposed_validation	HG03098	SL16	AFR	T1K	DQB1	2	complete	1	1	1	2
exposed_validation	HG03098	SL16	AFR	T1K	DQB1	4	complete	0	0	0	0
exposed_validation	HG03098	SL16	AFR	T1K	DRB1	2	complete	1	1	1	2
exposed_validation	HG03098	SL16	AFR	T1K	DRB1	4	complete	0	0	0	0
exposed_validation	HG03098	SL16	AFR	anchored_ipd_genome	A	2	complete	1	1	1	2
exposed_validation	HG03098	SL16	AFR	anchored_ipd_genome	A	4	complete	1	1	1	2
exposed_validation	HG03098	SL16	AFR	anchored_ipd_genome	B	2	complete	1	1	1	2
exposed_validation	HG03098	SL16	AFR	anchored_ipd_genome	B	4	complete	0	0	0	0
exposed_validation	HG03098	SL16	AFR	anchored_ipd_genome	C	2	complete	1	1	1	2
exposed_validation	HG03098	SL16	AFR	anchored_ipd_genome	C	4	complete	0	0	0	0
exposed_validation	HG03098	SL16	AFR	anchored_ipd_genome	DPA1	2	complete	1	1	1	2
exposed_validation	HG03098	SL16	AFR	anchored_ipd_genome	DPA1	4	complete	0	0	0	0
exposed_validation	HG03098	SL16	AFR	anchored_ipd_genome	DPB1	2	complete	1	1	1	2
exposed_validation	HG03098	SL16	AFR	anchored_ipd_genome	DPB1	4	complete	0	0	0	0
exposed_validation	HG03098	SL16	AFR	anchored_ipd_genome	DQA1	2	complete	1	1	1	2
exposed_validation	HG03098	SL16	AFR	anchored_ipd_genome	DQA1	4	complete	1	1	1	2
exposed_validation	HG03098	SL16	AFR	anchored_ipd_genome	DQB1	2	complete	1	1	1	2
exposed_validation	HG03098	SL16	AFR	anchored_ipd_genome	DQB1	4	complete	0	0	0	0
exposed_validation	HG03098	SL16	AFR	anchored_ipd_genome	DRB1	2	complete	1	1	1	2
exposed_validation	HG03098	SL16	AFR	anchored_ipd_genome	DRB1	4	complete	0	0	0	0
exposed_validation	HG03098	SL16	AFR	anchored_hprc	A	2	complete	1	1	1	2
exposed_validation	HG03098	SL16	AFR	anchored_hprc	A	4	complete	1	1	1	2
exposed_validation	HG03098	SL16	AFR	anchored_hprc	B	2	complete	1	1	1	2
exposed_validation	HG03098	SL16	AFR	anchored_hprc	B	4	complete	0	0	0	0
exposed_validation	HG03098	SL16	AFR	anchored_hprc	C	2	complete	1	1	1	2
exposed_validation	HG03098	SL16	AFR	anchored_hprc	C	4	complete	0	0	0	0
exposed_validation	HG03098	SL16	AFR	anchored_hprc	DPA1	2	complete	1	1	1	2
exposed_validation	HG03098	SL16	AFR	anchored_hprc	DPA1	4	complete	0	0	0	0
exposed_validation	HG03098	SL16	AFR	anchored_hprc	DPB1	2	complete	1	1	1	2
exposed_validation	HG03098	SL16	AFR	anchored_hprc	DPB1	4	complete	0	0	0	0
exposed_validation	HG03098	SL16	AFR	anchored_hprc	DQA1	2	complete	1	1	1	2
exposed_validation	HG03098	SL16	AFR	anchored_hprc	DQA1	4	complete	1	1	1	2
exposed_validation	HG03098	SL16	AFR	anchored_hprc	DQB1	2	complete	1	1	1	2
exposed_validation	HG03098	SL16	AFR	anchored_hprc	DQB1	4	complete	0	0	0	0
exposed_validation	HG03098	SL16	AFR	anchored_hprc	DRB1	2	complete	1	1	1	2
exposed_validation	HG03098	SL16	AFR	anchored_hprc	DRB1	4	complete	0	0	0	0
exposed_validation	HG03098	SL16	AFR	anchored_hprc_asian	A	2	complete	1	1	1	2
exposed_validation	HG03098	SL16	AFR	anchored_hprc_asian	A	4	complete	1	1	1	2
exposed_validation	HG03098	SL16	AFR	anchored_hprc_asian	B	2	complete	1	1	1	2
exposed_validation	HG03098	SL16	AFR	anchored_hprc_asian	B	4	complete	0	0	0	0
exposed_validation	HG03098	SL16	AFR	anchored_hprc_asian	C	2	complete	1	1	1	2
exposed_validation	HG03098	SL16	AFR	anchored_hprc_asian	C	4	complete	0	0	0	0
exposed_validation	HG03098	SL16	AFR	anchored_hprc_asian	DPA1	2	complete	1	1	1	2
exposed_validation	HG03098	SL16	AFR	anchored_hprc_asian	DPA1	4	complete	0	0	0	0
exposed_validation	HG03098	SL16	AFR	anchored_hprc_asian	DPB1	2	complete	1	1	1	2
exposed_validation	HG03098	SL16	AFR	anchored_hprc_asian	DPB1	4	complete	0	0	0	0
exposed_validation	HG03098	SL16	AFR	anchored_hprc_asian	DQA1	2	complete	1	1	1	2
exposed_validation	HG03098	SL16	AFR	anchored_hprc_asian	DQA1	4	complete	1	1	1	2
exposed_validation	HG03098	SL16	AFR	anchored_hprc_asian	DQB1	2	complete	1	1	1	2
exposed_validation	HG03098	SL16	AFR	anchored_hprc_asian	DQB1	4	complete	0	0	0	0
exposed_validation	HG03098	SL16	AFR	anchored_hprc_asian	DRB1	2	complete	1	1	1	2
exposed_validation	HG03098	SL16	AFR	anchored_hprc_asian	DRB1	4	complete	0	0	0	0
exposed_validation	HG03130	NG36	AFR	T1K	A	2	complete	1	1	1	2
exposed_validation	HG03130	NG36	AFR	T1K	A	4	complete	1	1	1	2
exposed_validation	HG03130	NG36	AFR	T1K	B	2	complete	1	1	1	2
exposed_validation	HG03130	NG36	AFR	T1K	B	4	complete	0	0	0	0
exposed_validation	HG03130	NG36	AFR	T1K	C	2	complete	1	1	1	2
exposed_validation	HG03130	NG36	AFR	T1K	C	4	complete	0	0	0	0
exposed_validation	HG03130	NG36	AFR	T1K	DPA1	2	complete	1	1	1	2
exposed_validation	HG03130	NG36	AFR	T1K	DPA1	4	complete	0	0	0	0
exposed_validation	HG03130	NG36	AFR	T1K	DPB1	2	complete	1	1	1	2
exposed_validation	HG03130	NG36	AFR	T1K	DPB1	4	complete	1	1	0	1
exposed_validation	HG03130	NG36	AFR	T1K	DQA1	2	complete	1	1	1	2
exposed_validation	HG03130	NG36	AFR	T1K	DQA1	4	complete	1	1	0	1
exposed_validation	HG03130	NG36	AFR	T1K	DQB1	2	complete	1	1	1	2
exposed_validation	HG03130	NG36	AFR	T1K	DQB1	4	complete	1	1	1	2
exposed_validation	HG03130	NG36	AFR	T1K	DRB1	2	complete	1	1	1	2
exposed_validation	HG03130	NG36	AFR	T1K	DRB1	4	complete	0	0	0	0
exposed_validation	HG03130	NG36	AFR	anchored_ipd_genome	A	2	complete	1	1	1	2
exposed_validation	HG03130	NG36	AFR	anchored_ipd_genome	A	4	complete	1	1	1	2
exposed_validation	HG03130	NG36	AFR	anchored_ipd_genome	B	2	complete	1	1	1	2
exposed_validation	HG03130	NG36	AFR	anchored_ipd_genome	B	4	complete	0	0	0	0
exposed_validation	HG03130	NG36	AFR	anchored_ipd_genome	C	2	complete	1	1	1	2
exposed_validation	HG03130	NG36	AFR	anchored_ipd_genome	C	4	complete	0	0	0	0
exposed_validation	HG03130	NG36	AFR	anchored_ipd_genome	DPA1	2	complete	1	1	1	2
exposed_validation	HG03130	NG36	AFR	anchored_ipd_genome	DPA1	4	complete	0	0	0	0
exposed_validation	HG03130	NG36	AFR	anchored_ipd_genome	DPB1	2	complete	1	1	1	2
exposed_validation	HG03130	NG36	AFR	anchored_ipd_genome	DPB1	4	complete	1	1	1	2
exposed_validation	HG03130	NG36	AFR	anchored_ipd_genome	DQA1	2	complete	1	1	1	2
exposed_validation	HG03130	NG36	AFR	anchored_ipd_genome	DQA1	4	complete	1	1	0	1
exposed_validation	HG03130	NG36	AFR	anchored_ipd_genome	DQB1	2	complete	1	1	1	2
exposed_validation	HG03130	NG36	AFR	anchored_ipd_genome	DQB1	4	complete	1	1	1	2
exposed_validation	HG03130	NG36	AFR	anchored_ipd_genome	DRB1	2	complete	1	1	1	2
exposed_validation	HG03130	NG36	AFR	anchored_ipd_genome	DRB1	4	complete	0	0	0	0
exposed_validation	HG03130	NG36	AFR	anchored_hprc	A	2	complete	1	1	1	2
exposed_validation	HG03130	NG36	AFR	anchored_hprc	A	4	complete	1	1	1	2
exposed_validation	HG03130	NG36	AFR	anchored_hprc	B	2	complete	1	1	1	2
exposed_validation	HG03130	NG36	AFR	anchored_hprc	B	4	complete	0	0	0	0
exposed_validation	HG03130	NG36	AFR	anchored_hprc	C	2	complete	1	1	1	2
exposed_validation	HG03130	NG36	AFR	anchored_hprc	C	4	complete	0	0	0	0
exposed_validation	HG03130	NG36	AFR	anchored_hprc	DPA1	2	complete	1	1	1	2
exposed_validation	HG03130	NG36	AFR	anchored_hprc	DPA1	4	complete	0	0	0	0
exposed_validation	HG03130	NG36	AFR	anchored_hprc	DPB1	2	complete	1	1	1	2
exposed_validation	HG03130	NG36	AFR	anchored_hprc	DPB1	4	complete	1	1	1	2
exposed_validation	HG03130	NG36	AFR	anchored_hprc	DQA1	2	complete	1	1	1	2
exposed_validation	HG03130	NG36	AFR	anchored_hprc	DQA1	4	complete	1	1	0	1
exposed_validation	HG03130	NG36	AFR	anchored_hprc	DQB1	2	complete	1	1	1	2
exposed_validation	HG03130	NG36	AFR	anchored_hprc	DQB1	4	complete	1	1	1	2
exposed_validation	HG03130	NG36	AFR	anchored_hprc	DRB1	2	complete	1	1	1	2
exposed_validation	HG03130	NG36	AFR	anchored_hprc	DRB1	4	complete	0	0	0	0
exposed_validation	HG03130	NG36	AFR	anchored_hprc_asian	A	2	complete	1	1	1	2
exposed_validation	HG03130	NG36	AFR	anchored_hprc_asian	A	4	complete	1	1	1	2
exposed_validation	HG03130	NG36	AFR	anchored_hprc_asian	B	2	complete	1	1	1	2
exposed_validation	HG03130	NG36	AFR	anchored_hprc_asian	B	4	complete	0	0	0	0
exposed_validation	HG03130	NG36	AFR	anchored_hprc_asian	C	2	complete	1	1	1	2
exposed_validation	HG03130	NG36	AFR	anchored_hprc_asian	C	4	complete	0	0	0	0
exposed_validation	HG03130	NG36	AFR	anchored_hprc_asian	DPA1	2	complete	1	1	1	2
exposed_validation	HG03130	NG36	AFR	anchored_hprc_asian	DPA1	4	complete	0	0	0	0
exposed_validation	HG03130	NG36	AFR	anchored_hprc_asian	DPB1	2	complete	1	1	1	2
exposed_validation	HG03130	NG36	AFR	anchored_hprc_asian	DPB1	4	complete	1	1	1	2
exposed_validation	HG03130	NG36	AFR	anchored_hprc_asian	DQA1	2	complete	1	1	1	2
exposed_validation	HG03130	NG36	AFR	anchored_hprc_asian	DQA1	4	complete	1	1	0	1
exposed_validation	HG03130	NG36	AFR	anchored_hprc_asian	DQB1	2	complete	1	1	1	2
exposed_validation	HG03130	NG36	AFR	anchored_hprc_asian	DQB1	4	complete	1	1	1	2
exposed_validation	HG03130	NG36	AFR	anchored_hprc_asian	DRB1	2	complete	1	1	1	2
exposed_validation	HG03130	NG36	AFR	anchored_hprc_asian	DRB1	4	complete	0	0	0	0
exposed_validation	HG03139	NG39	AFR	T1K	A	2	complete	1	1	1	2
exposed_validation	HG03139	NG39	AFR	T1K	A	4	complete	1	1	1	2
exposed_validation	HG03139	NG39	AFR	T1K	B	2	complete	1	1	1	2
exposed_validation	HG03139	NG39	AFR	T1K	B	4	complete	0	0	0	0
exposed_validation	HG03139	NG39	AFR	T1K	C	2	complete	1	1	1	2
exposed_validation	HG03139	NG39	AFR	T1K	C	4	complete	1	1	1	2
exposed_validation	HG03139	NG39	AFR	T1K	DPA1	2	complete	1	1	1	2
exposed_validation	HG03139	NG39	AFR	T1K	DPA1	4	complete	0	0	0	0
exposed_validation	HG03139	NG39	AFR	T1K	DPB1	2	complete	1	1	1	2
exposed_validation	HG03139	NG39	AFR	T1K	DPB1	4	complete	1	1	0	0
exposed_validation	HG03139	NG39	AFR	T1K	DQA1	2	complete	1	1	1	2
exposed_validation	HG03139	NG39	AFR	T1K	DQA1	4	complete	1	1	0	0
exposed_validation	HG03139	NG39	AFR	T1K	DQB1	2	complete	1	1	1	2
exposed_validation	HG03139	NG39	AFR	T1K	DQB1	4	complete	1	1	1	2
exposed_validation	HG03139	NG39	AFR	T1K	DRB1	2	complete	1	1	1	2
exposed_validation	HG03139	NG39	AFR	T1K	DRB1	4	complete	0	0	0	0
exposed_validation	HG03139	NG39	AFR	anchored_ipd_genome	A	2	complete	1	1	1	2
exposed_validation	HG03139	NG39	AFR	anchored_ipd_genome	A	4	complete	1	1	1	2
exposed_validation	HG03139	NG39	AFR	anchored_ipd_genome	B	2	complete	1	1	1	2
exposed_validation	HG03139	NG39	AFR	anchored_ipd_genome	B	4	complete	0	0	0	0
exposed_validation	HG03139	NG39	AFR	anchored_ipd_genome	C	2	complete	1	1	1	2
exposed_validation	HG03139	NG39	AFR	anchored_ipd_genome	C	4	complete	1	1	1	2
exposed_validation	HG03139	NG39	AFR	anchored_ipd_genome	DPA1	2	complete	1	1	1	2
exposed_validation	HG03139	NG39	AFR	anchored_ipd_genome	DPA1	4	complete	0	0	0	0
exposed_validation	HG03139	NG39	AFR	anchored_ipd_genome	DPB1	2	complete	1	1	1	2
exposed_validation	HG03139	NG39	AFR	anchored_ipd_genome	DPB1	4	complete	1	1	1	2
exposed_validation	HG03139	NG39	AFR	anchored_ipd_genome	DQA1	2	complete	1	1	1	2
exposed_validation	HG03139	NG39	AFR	anchored_ipd_genome	DQA1	4	complete	1	1	0	1
exposed_validation	HG03139	NG39	AFR	anchored_ipd_genome	DQB1	2	complete	1	1	1	2
exposed_validation	HG03139	NG39	AFR	anchored_ipd_genome	DQB1	4	complete	1	1	1	2
exposed_validation	HG03139	NG39	AFR	anchored_ipd_genome	DRB1	2	complete	1	1	1	2
exposed_validation	HG03139	NG39	AFR	anchored_ipd_genome	DRB1	4	complete	0	0	0	0
exposed_validation	HG03139	NG39	AFR	anchored_hprc	A	2	complete	1	1	1	2
exposed_validation	HG03139	NG39	AFR	anchored_hprc	A	4	complete	1	1	1	2
exposed_validation	HG03139	NG39	AFR	anchored_hprc	B	2	complete	1	1	1	2
exposed_validation	HG03139	NG39	AFR	anchored_hprc	B	4	complete	0	0	0	0
exposed_validation	HG03139	NG39	AFR	anchored_hprc	C	2	complete	1	1	1	2
exposed_validation	HG03139	NG39	AFR	anchored_hprc	C	4	complete	1	1	1	2
exposed_validation	HG03139	NG39	AFR	anchored_hprc	DPA1	2	complete	1	1	1	2
exposed_validation	HG03139	NG39	AFR	anchored_hprc	DPA1	4	complete	0	0	0	0
exposed_validation	HG03139	NG39	AFR	anchored_hprc	DPB1	2	complete	1	1	1	2
exposed_validation	HG03139	NG39	AFR	anchored_hprc	DPB1	4	complete	1	1	1	2
exposed_validation	HG03139	NG39	AFR	anchored_hprc	DQA1	2	complete	1	1	1	2
exposed_validation	HG03139	NG39	AFR	anchored_hprc	DQA1	4	complete	1	1	0	1
exposed_validation	HG03139	NG39	AFR	anchored_hprc	DQB1	2	complete	1	1	1	2
exposed_validation	HG03139	NG39	AFR	anchored_hprc	DQB1	4	complete	1	1	1	2
exposed_validation	HG03139	NG39	AFR	anchored_hprc	DRB1	2	complete	1	1	1	2
exposed_validation	HG03139	NG39	AFR	anchored_hprc	DRB1	4	complete	0	0	0	0
exposed_validation	HG03139	NG39	AFR	anchored_hprc_asian	A	2	complete	1	1	1	2
exposed_validation	HG03139	NG39	AFR	anchored_hprc_asian	A	4	complete	1	1	1	2
exposed_validation	HG03139	NG39	AFR	anchored_hprc_asian	B	2	complete	1	1	1	2
exposed_validation	HG03139	NG39	AFR	anchored_hprc_asian	B	4	complete	0	0	0	0
exposed_validation	HG03139	NG39	AFR	anchored_hprc_asian	C	2	complete	1	1	1	2
exposed_validation	HG03139	NG39	AFR	anchored_hprc_asian	C	4	complete	1	1	1	2
exposed_validation	HG03139	NG39	AFR	anchored_hprc_asian	DPA1	2	complete	1	1	1	2
exposed_validation	HG03139	NG39	AFR	anchored_hprc_asian	DPA1	4	complete	0	0	0	0
exposed_validation	HG03139	NG39	AFR	anchored_hprc_asian	DPB1	2	complete	1	1	1	2
exposed_validation	HG03139	NG39	AFR	anchored_hprc_asian	DPB1	4	complete	1	1	1	2
exposed_validation	HG03139	NG39	AFR	anchored_hprc_asian	DQA1	2	complete	1	1	1	2
exposed_validation	HG03139	NG39	AFR	anchored_hprc_asian	DQA1	4	complete	1	1	0	1
exposed_validation	HG03139	NG39	AFR	anchored_hprc_asian	DQB1	2	complete	1	1	1	2
exposed_validation	HG03139	NG39	AFR	anchored_hprc_asian	DQB1	4	complete	1	1	1	2
exposed_validation	HG03139	NG39	AFR	anchored_hprc_asian	DRB1	2	complete	1	1	1	2
exposed_validation	HG03139	NG39	AFR	anchored_hprc_asian	DRB1	4	complete	0	0	0	0
exposed_validation	HG03195	NG58	AFR	T1K	A	2	complete	1	1	1	2
exposed_validation	HG03195	NG58	AFR	T1K	A	4	complete	1	1	1	2
exposed_validation	HG03195	NG58	AFR	T1K	B	2	complete	1	1	0	1
exposed_validation	HG03195	NG58	AFR	T1K	B	4	complete	0	0	0	0
exposed_validation	HG03195	NG58	AFR	T1K	C	2	complete	1	1	1	2
exposed_validation	HG03195	NG58	AFR	T1K	C	4	complete	0	0	0	0
exposed_validation	HG03195	NG58	AFR	T1K	DPA1	2	complete	1	1	1	2
exposed_validation	HG03195	NG58	AFR	T1K	DPA1	4	complete	0	0	0	0
exposed_validation	HG03195	NG58	AFR	T1K	DPB1	2	complete	1	1	1	2
exposed_validation	HG03195	NG58	AFR	T1K	DPB1	4	complete	1	1	0	1
exposed_validation	HG03195	NG58	AFR	T1K	DQA1	2	complete	1	1	1	2
exposed_validation	HG03195	NG58	AFR	T1K	DQA1	4	complete	1	1	0	1
exposed_validation	HG03195	NG58	AFR	T1K	DQB1	2	complete	1	1	1	2
exposed_validation	HG03195	NG58	AFR	T1K	DQB1	4	complete	1	1	1	2
exposed_validation	HG03195	NG58	AFR	T1K	DRB1	2	complete	1	1	1	2
exposed_validation	HG03195	NG58	AFR	T1K	DRB1	4	complete	1	1	1	2
exposed_validation	HG03195	NG58	AFR	anchored_ipd_genome	A	2	complete	1	1	1	2
exposed_validation	HG03195	NG58	AFR	anchored_ipd_genome	A	4	complete	1	1	1	2
exposed_validation	HG03195	NG58	AFR	anchored_ipd_genome	B	2	complete	1	1	0	1
exposed_validation	HG03195	NG58	AFR	anchored_ipd_genome	B	4	complete	0	0	0	0
exposed_validation	HG03195	NG58	AFR	anchored_ipd_genome	C	2	complete	1	1	1	2
exposed_validation	HG03195	NG58	AFR	anchored_ipd_genome	C	4	complete	0	0	0	0
exposed_validation	HG03195	NG58	AFR	anchored_ipd_genome	DPA1	2	complete	1	1	1	2
exposed_validation	HG03195	NG58	AFR	anchored_ipd_genome	DPA1	4	complete	0	0	0	0
exposed_validation	HG03195	NG58	AFR	anchored_ipd_genome	DPB1	2	complete	1	1	1	2
exposed_validation	HG03195	NG58	AFR	anchored_ipd_genome	DPB1	4	complete	1	1	1	2
exposed_validation	HG03195	NG58	AFR	anchored_ipd_genome	DQA1	2	complete	1	1	1	2
exposed_validation	HG03195	NG58	AFR	anchored_ipd_genome	DQA1	4	complete	1	1	1	2
exposed_validation	HG03195	NG58	AFR	anchored_ipd_genome	DQB1	2	complete	1	1	1	2
exposed_validation	HG03195	NG58	AFR	anchored_ipd_genome	DQB1	4	complete	1	1	1	2
exposed_validation	HG03195	NG58	AFR	anchored_ipd_genome	DRB1	2	complete	1	1	1	2
exposed_validation	HG03195	NG58	AFR	anchored_ipd_genome	DRB1	4	complete	1	1	1	2
exposed_validation	HG03195	NG58	AFR	anchored_hprc	A	2	complete	1	1	1	2
exposed_validation	HG03195	NG58	AFR	anchored_hprc	A	4	complete	1	1	1	2
exposed_validation	HG03195	NG58	AFR	anchored_hprc	B	2	complete	1	1	0	1
exposed_validation	HG03195	NG58	AFR	anchored_hprc	B	4	complete	0	0	0	0
exposed_validation	HG03195	NG58	AFR	anchored_hprc	C	2	complete	1	1	1	2
exposed_validation	HG03195	NG58	AFR	anchored_hprc	C	4	complete	0	0	0	0
exposed_validation	HG03195	NG58	AFR	anchored_hprc	DPA1	2	complete	1	1	1	2
exposed_validation	HG03195	NG58	AFR	anchored_hprc	DPA1	4	complete	0	0	0	0
exposed_validation	HG03195	NG58	AFR	anchored_hprc	DPB1	2	complete	1	1	1	2
exposed_validation	HG03195	NG58	AFR	anchored_hprc	DPB1	4	complete	1	1	1	2
exposed_validation	HG03195	NG58	AFR	anchored_hprc	DQA1	2	complete	1	1	1	2
exposed_validation	HG03195	NG58	AFR	anchored_hprc	DQA1	4	complete	1	1	1	2
exposed_validation	HG03195	NG58	AFR	anchored_hprc	DQB1	2	complete	1	1	1	2
exposed_validation	HG03195	NG58	AFR	anchored_hprc	DQB1	4	complete	1	1	1	2
exposed_validation	HG03195	NG58	AFR	anchored_hprc	DRB1	2	complete	1	1	1	2
exposed_validation	HG03195	NG58	AFR	anchored_hprc	DRB1	4	complete	1	1	1	2
exposed_validation	HG03195	NG58	AFR	anchored_hprc_asian	A	2	complete	1	1	1	2
exposed_validation	HG03195	NG58	AFR	anchored_hprc_asian	A	4	complete	1	1	1	2
exposed_validation	HG03195	NG58	AFR	anchored_hprc_asian	B	2	complete	1	1	0	1
exposed_validation	HG03195	NG58	AFR	anchored_hprc_asian	B	4	complete	0	0	0	0
exposed_validation	HG03195	NG58	AFR	anchored_hprc_asian	C	2	complete	1	1	1	2
exposed_validation	HG03195	NG58	AFR	anchored_hprc_asian	C	4	complete	0	0	0	0
exposed_validation	HG03195	NG58	AFR	anchored_hprc_asian	DPA1	2	complete	1	1	1	2
exposed_validation	HG03195	NG58	AFR	anchored_hprc_asian	DPA1	4	complete	0	0	0	0
exposed_validation	HG03195	NG58	AFR	anchored_hprc_asian	DPB1	2	complete	1	1	1	2
exposed_validation	HG03195	NG58	AFR	anchored_hprc_asian	DPB1	4	complete	1	1	1	2
exposed_validation	HG03195	NG58	AFR	anchored_hprc_asian	DQA1	2	complete	1	1	1	2
exposed_validation	HG03195	NG58	AFR	anchored_hprc_asian	DQA1	4	complete	1	1	1	2
exposed_validation	HG03195	NG58	AFR	anchored_hprc_asian	DQB1	2	complete	1	1	1	2
exposed_validation	HG03195	NG58	AFR	anchored_hprc_asian	DQB1	4	complete	1	1	1	2
exposed_validation	HG03195	NG58	AFR	anchored_hprc_asian	DRB1	2	complete	1	1	1	2
exposed_validation	HG03195	NG58	AFR	anchored_hprc_asian	DRB1	4	complete	1	1	1	2
exposed_validation	HG03225	SL23	AFR	T1K	A	2	complete	1	1	1	2
exposed_validation	HG03225	SL23	AFR	T1K	A	4	complete	1	1	1	2
exposed_validation	HG03225	SL23	AFR	T1K	B	2	complete	1	1	1	2
exposed_validation	HG03225	SL23	AFR	T1K	B	4	complete	0	0	0	0
exposed_validation	HG03225	SL23	AFR	T1K	C	2	complete	1	1	1	2
exposed_validation	HG03225	SL23	AFR	T1K	C	4	complete	0	0	0	0
exposed_validation	HG03225	SL23	AFR	T1K	DPA1	2	complete	1	1	1	2
exposed_validation	HG03225	SL23	AFR	T1K	DPA1	4	complete	0	0	0	0
exposed_validation	HG03225	SL23	AFR	T1K	DPB1	2	complete	1	1	1	2
exposed_validation	HG03225	SL23	AFR	T1K	DPB1	4	complete	0	0	0	0
exposed_validation	HG03225	SL23	AFR	T1K	DQA1	2	complete	1	1	1	2
exposed_validation	HG03225	SL23	AFR	T1K	DQA1	4	complete	1	1	1	2
exposed_validation	HG03225	SL23	AFR	T1K	DQB1	2	complete	1	1	1	2
exposed_validation	HG03225	SL23	AFR	T1K	DQB1	4	complete	1	1	1	2
exposed_validation	HG03225	SL23	AFR	T1K	DRB1	2	complete	1	1	1	2
exposed_validation	HG03225	SL23	AFR	T1K	DRB1	4	complete	0	0	0	0
exposed_validation	HG03225	SL23	AFR	anchored_ipd_genome	A	2	complete	1	1	1	2
exposed_validation	HG03225	SL23	AFR	anchored_ipd_genome	A	4	complete	1	1	1	2
exposed_validation	HG03225	SL23	AFR	anchored_ipd_genome	B	2	complete	1	1	1	2
exposed_validation	HG03225	SL23	AFR	anchored_ipd_genome	B	4	complete	0	0	0	0
exposed_validation	HG03225	SL23	AFR	anchored_ipd_genome	C	2	complete	1	1	1	2
exposed_validation	HG03225	SL23	AFR	anchored_ipd_genome	C	4	complete	0	0	0	0
exposed_validation	HG03225	SL23	AFR	anchored_ipd_genome	DPA1	2	complete	1	1	1	2
exposed_validation	HG03225	SL23	AFR	anchored_ipd_genome	DPA1	4	complete	0	0	0	0
exposed_validation	HG03225	SL23	AFR	anchored_ipd_genome	DPB1	2	complete	1	1	1	2
exposed_validation	HG03225	SL23	AFR	anchored_ipd_genome	DPB1	4	complete	0	0	0	0
exposed_validation	HG03225	SL23	AFR	anchored_ipd_genome	DQA1	2	complete	1	1	1	2
exposed_validation	HG03225	SL23	AFR	anchored_ipd_genome	DQA1	4	complete	1	1	1	2
exposed_validation	HG03225	SL23	AFR	anchored_ipd_genome	DQB1	2	complete	1	1	1	2
exposed_validation	HG03225	SL23	AFR	anchored_ipd_genome	DQB1	4	complete	1	1	1	2
exposed_validation	HG03225	SL23	AFR	anchored_ipd_genome	DRB1	2	complete	1	1	1	2
exposed_validation	HG03225	SL23	AFR	anchored_ipd_genome	DRB1	4	complete	0	0	0	0
exposed_validation	HG03225	SL23	AFR	anchored_hprc	A	2	complete	1	1	1	2
exposed_validation	HG03225	SL23	AFR	anchored_hprc	A	4	complete	1	1	1	2
exposed_validation	HG03225	SL23	AFR	anchored_hprc	B	2	complete	1	1	1	2
exposed_validation	HG03225	SL23	AFR	anchored_hprc	B	4	complete	0	0	0	0
exposed_validation	HG03225	SL23	AFR	anchored_hprc	C	2	complete	1	1	1	2
exposed_validation	HG03225	SL23	AFR	anchored_hprc	C	4	complete	0	0	0	0
exposed_validation	HG03225	SL23	AFR	anchored_hprc	DPA1	2	complete	1	1	1	2
exposed_validation	HG03225	SL23	AFR	anchored_hprc	DPA1	4	complete	0	0	0	0
exposed_validation	HG03225	SL23	AFR	anchored_hprc	DPB1	2	complete	1	1	1	2
exposed_validation	HG03225	SL23	AFR	anchored_hprc	DPB1	4	complete	0	0	0	0
exposed_validation	HG03225	SL23	AFR	anchored_hprc	DQA1	2	complete	1	1	1	2
exposed_validation	HG03225	SL23	AFR	anchored_hprc	DQA1	4	complete	1	1	1	2
exposed_validation	HG03225	SL23	AFR	anchored_hprc	DQB1	2	complete	1	1	1	2
exposed_validation	HG03225	SL23	AFR	anchored_hprc	DQB1	4	complete	1	1	1	2
exposed_validation	HG03225	SL23	AFR	anchored_hprc	DRB1	2	complete	1	1	1	2
exposed_validation	HG03225	SL23	AFR	anchored_hprc	DRB1	4	complete	0	0	0	0
exposed_validation	HG03225	SL23	AFR	anchored_hprc_asian	A	2	complete	1	1	1	2
exposed_validation	HG03225	SL23	AFR	anchored_hprc_asian	A	4	complete	1	1	1	2
exposed_validation	HG03225	SL23	AFR	anchored_hprc_asian	B	2	complete	1	1	1	2
exposed_validation	HG03225	SL23	AFR	anchored_hprc_asian	B	4	complete	0	0	0	0
exposed_validation	HG03225	SL23	AFR	anchored_hprc_asian	C	2	complete	1	1	1	2
exposed_validation	HG03225	SL23	AFR	anchored_hprc_asian	C	4	complete	0	0	0	0
exposed_validation	HG03225	SL23	AFR	anchored_hprc_asian	DPA1	2	complete	1	1	1	2
exposed_validation	HG03225	SL23	AFR	anchored_hprc_asian	DPA1	4	complete	0	0	0	0
exposed_validation	HG03225	SL23	AFR	anchored_hprc_asian	DPB1	2	complete	1	1	1	2
exposed_validation	HG03225	SL23	AFR	anchored_hprc_asian	DPB1	4	complete	0	0	0	0
exposed_validation	HG03225	SL23	AFR	anchored_hprc_asian	DQA1	2	complete	1	1	1	2
exposed_validation	HG03225	SL23	AFR	anchored_hprc_asian	DQA1	4	complete	1	1	1	2
exposed_validation	HG03225	SL23	AFR	anchored_hprc_asian	DQB1	2	complete	1	1	1	2
exposed_validation	HG03225	SL23	AFR	anchored_hprc_asian	DQB1	4	complete	1	1	1	2
exposed_validation	HG03225	SL23	AFR	anchored_hprc_asian	DRB1	2	complete	1	1	1	2
exposed_validation	HG03225	SL23	AFR	anchored_hprc_asian	DRB1	4	complete	0	0	0	0
exposed_validation	HG03270	NG65	AFR	T1K	A	2	complete	1	1	1	2
exposed_validation	HG03270	NG65	AFR	T1K	A	4	complete	1	1	1	2
exposed_validation	HG03270	NG65	AFR	T1K	B	2	complete	1	1	1	2
exposed_validation	HG03270	NG65	AFR	T1K	B	4	complete	0	0	0	0
exposed_validation	HG03270	NG65	AFR	T1K	C	2	complete	1	1	1	2
exposed_validation	HG03270	NG65	AFR	T1K	C	4	complete	1	1	0	0
exposed_validation	HG03270	NG65	AFR	T1K	DPA1	2	complete	1	1	1	2
exposed_validation	HG03270	NG65	AFR	T1K	DPA1	4	complete	1	1	0	0
exposed_validation	HG03270	NG65	AFR	T1K	DPB1	2	complete	1	1	1	2
exposed_validation	HG03270	NG65	AFR	T1K	DPB1	4	complete	1	1	0	1
exposed_validation	HG03270	NG65	AFR	T1K	DQA1	2	complete	1	1	1	2
exposed_validation	HG03270	NG65	AFR	T1K	DQA1	4	complete	0	0	0	0
exposed_validation	HG03270	NG65	AFR	T1K	DQB1	2	complete	1	1	1	2
exposed_validation	HG03270	NG65	AFR	T1K	DQB1	4	complete	1	1	0	1
exposed_validation	HG03270	NG65	AFR	T1K	DRB1	2	complete	1	1	1	2
exposed_validation	HG03270	NG65	AFR	T1K	DRB1	4	complete	0	0	0	0
exposed_validation	HG03270	NG65	AFR	anchored_ipd_genome	A	2	complete	1	1	1	2
exposed_validation	HG03270	NG65	AFR	anchored_ipd_genome	A	4	complete	1	1	1	2
exposed_validation	HG03270	NG65	AFR	anchored_ipd_genome	B	2	complete	1	1	1	2
exposed_validation	HG03270	NG65	AFR	anchored_ipd_genome	B	4	complete	0	0	0	0
exposed_validation	HG03270	NG65	AFR	anchored_ipd_genome	C	2	complete	1	1	1	2
exposed_validation	HG03270	NG65	AFR	anchored_ipd_genome	C	4	complete	1	1	1	2
exposed_validation	HG03270	NG65	AFR	anchored_ipd_genome	DPA1	2	complete	1	1	1	2
exposed_validation	HG03270	NG65	AFR	anchored_ipd_genome	DPA1	4	complete	1	1	0	0
exposed_validation	HG03270	NG65	AFR	anchored_ipd_genome	DPB1	2	complete	1	1	1	2
exposed_validation	HG03270	NG65	AFR	anchored_ipd_genome	DPB1	4	complete	1	1	1	2
exposed_validation	HG03270	NG65	AFR	anchored_ipd_genome	DQA1	2	complete	1	1	1	2
exposed_validation	HG03270	NG65	AFR	anchored_ipd_genome	DQA1	4	complete	0	0	0	0
exposed_validation	HG03270	NG65	AFR	anchored_ipd_genome	DQB1	2	complete	1	1	1	2
exposed_validation	HG03270	NG65	AFR	anchored_ipd_genome	DQB1	4	complete	1	1	1	2
exposed_validation	HG03270	NG65	AFR	anchored_ipd_genome	DRB1	2	complete	1	1	1	2
exposed_validation	HG03270	NG65	AFR	anchored_ipd_genome	DRB1	4	complete	0	0	0	0
exposed_validation	HG03270	NG65	AFR	anchored_hprc	A	2	complete	1	1	1	2
exposed_validation	HG03270	NG65	AFR	anchored_hprc	A	4	complete	1	1	1	2
exposed_validation	HG03270	NG65	AFR	anchored_hprc	B	2	complete	1	1	1	2
exposed_validation	HG03270	NG65	AFR	anchored_hprc	B	4	complete	0	0	0	0
exposed_validation	HG03270	NG65	AFR	anchored_hprc	C	2	complete	1	1	1	2
exposed_validation	HG03270	NG65	AFR	anchored_hprc	C	4	complete	1	1	1	2
exposed_validation	HG03270	NG65	AFR	anchored_hprc	DPA1	2	complete	1	1	1	2
exposed_validation	HG03270	NG65	AFR	anchored_hprc	DPA1	4	complete	1	1	0	0
exposed_validation	HG03270	NG65	AFR	anchored_hprc	DPB1	2	complete	1	1	1	2
exposed_validation	HG03270	NG65	AFR	anchored_hprc	DPB1	4	complete	1	1	1	2
exposed_validation	HG03270	NG65	AFR	anchored_hprc	DQA1	2	complete	1	1	1	2
exposed_validation	HG03270	NG65	AFR	anchored_hprc	DQA1	4	complete	0	0	0	0
exposed_validation	HG03270	NG65	AFR	anchored_hprc	DQB1	2	complete	1	1	1	2
exposed_validation	HG03270	NG65	AFR	anchored_hprc	DQB1	4	complete	1	1	1	2
exposed_validation	HG03270	NG65	AFR	anchored_hprc	DRB1	2	complete	1	1	1	2
exposed_validation	HG03270	NG65	AFR	anchored_hprc	DRB1	4	complete	0	0	0	0
exposed_validation	HG03270	NG65	AFR	anchored_hprc_asian	A	2	complete	1	1	1	2
exposed_validation	HG03270	NG65	AFR	anchored_hprc_asian	A	4	complete	1	1	1	2
exposed_validation	HG03270	NG65	AFR	anchored_hprc_asian	B	2	complete	1	1	1	2
exposed_validation	HG03270	NG65	AFR	anchored_hprc_asian	B	4	complete	0	0	0	0
exposed_validation	HG03270	NG65	AFR	anchored_hprc_asian	C	2	complete	1	1	1	2
exposed_validation	HG03270	NG65	AFR	anchored_hprc_asian	C	4	complete	1	1	1	2
exposed_validation	HG03270	NG65	AFR	anchored_hprc_asian	DPA1	2	complete	1	1	1	2
exposed_validation	HG03270	NG65	AFR	anchored_hprc_asian	DPA1	4	complete	1	1	0	0
exposed_validation	HG03270	NG65	AFR	anchored_hprc_asian	DPB1	2	complete	1	1	1	2
exposed_validation	HG03270	NG65	AFR	anchored_hprc_asian	DPB1	4	complete	1	1	1	2
exposed_validation	HG03270	NG65	AFR	anchored_hprc_asian	DQA1	2	complete	1	1	1	2
exposed_validation	HG03270	NG65	AFR	anchored_hprc_asian	DQA1	4	complete	0	0	0	0
exposed_validation	HG03270	NG65	AFR	anchored_hprc_asian	DQB1	2	complete	1	1	1	2
exposed_validation	HG03270	NG65	AFR	anchored_hprc_asian	DQB1	4	complete	1	1	1	2
exposed_validation	HG03270	NG65	AFR	anchored_hprc_asian	DRB1	2	complete	1	1	1	2
exposed_validation	HG03270	NG65	AFR	anchored_hprc_asian	DRB1	4	complete	0	0	0	0
exposed_validation	HG03470	SL56	AFR	T1K	A	2	complete	1	1	1	2
exposed_validation	HG03470	SL56	AFR	T1K	A	4	complete	1	1	1	2
exposed_validation	HG03470	SL56	AFR	T1K	B	2	complete	1	1	1	2
exposed_validation	HG03470	SL56	AFR	T1K	B	4	complete	0	0	0	0
exposed_validation	HG03470	SL56	AFR	T1K	C	2	complete	1	1	1	2
exposed_validation	HG03470	SL56	AFR	T1K	C	4	complete	0	0	0	0
exposed_validation	HG03470	SL56	AFR	T1K	DPA1	2	complete	1	1	1	2
exposed_validation	HG03470	SL56	AFR	T1K	DPA1	4	complete	0	0	0	0
exposed_validation	HG03470	SL56	AFR	T1K	DPB1	2	complete	1	1	1	2
exposed_validation	HG03470	SL56	AFR	T1K	DPB1	4	complete	1	1	0	1
exposed_validation	HG03470	SL56	AFR	T1K	DQA1	2	complete	1	1	1	2
exposed_validation	HG03470	SL56	AFR	T1K	DQA1	4	complete	1	1	1	2
exposed_validation	HG03470	SL56	AFR	T1K	DQB1	2	complete	1	1	1	2
exposed_validation	HG03470	SL56	AFR	T1K	DQB1	4	complete	1	1	0	1
exposed_validation	HG03470	SL56	AFR	T1K	DRB1	2	complete	1	1	1	2
exposed_validation	HG03470	SL56	AFR	T1K	DRB1	4	complete	0	0	0	0
exposed_validation	HG03470	SL56	AFR	anchored_ipd_genome	A	2	complete	1	1	1	2
exposed_validation	HG03470	SL56	AFR	anchored_ipd_genome	A	4	complete	1	1	1	2
exposed_validation	HG03470	SL56	AFR	anchored_ipd_genome	B	2	complete	1	1	1	2
exposed_validation	HG03470	SL56	AFR	anchored_ipd_genome	B	4	complete	0	0	0	0
exposed_validation	HG03470	SL56	AFR	anchored_ipd_genome	C	2	complete	1	1	1	2
exposed_validation	HG03470	SL56	AFR	anchored_ipd_genome	C	4	complete	0	0	0	0
exposed_validation	HG03470	SL56	AFR	anchored_ipd_genome	DPA1	2	complete	1	1	1	2
exposed_validation	HG03470	SL56	AFR	anchored_ipd_genome	DPA1	4	complete	0	0	0	0
exposed_validation	HG03470	SL56	AFR	anchored_ipd_genome	DPB1	2	complete	1	1	1	2
exposed_validation	HG03470	SL56	AFR	anchored_ipd_genome	DPB1	4	complete	1	1	1	2
exposed_validation	HG03470	SL56	AFR	anchored_ipd_genome	DQA1	2	complete	1	1	1	2
exposed_validation	HG03470	SL56	AFR	anchored_ipd_genome	DQA1	4	complete	1	1	1	2
exposed_validation	HG03470	SL56	AFR	anchored_ipd_genome	DQB1	2	complete	1	1	1	2
exposed_validation	HG03470	SL56	AFR	anchored_ipd_genome	DQB1	4	complete	1	1	1	2
exposed_validation	HG03470	SL56	AFR	anchored_ipd_genome	DRB1	2	complete	1	1	1	2
exposed_validation	HG03470	SL56	AFR	anchored_ipd_genome	DRB1	4	complete	0	0	0	0
exposed_validation	HG03470	SL56	AFR	anchored_hprc	A	2	complete	1	1	1	2
exposed_validation	HG03470	SL56	AFR	anchored_hprc	A	4	complete	1	1	1	2
exposed_validation	HG03470	SL56	AFR	anchored_hprc	B	2	complete	1	1	1	2
exposed_validation	HG03470	SL56	AFR	anchored_hprc	B	4	complete	0	0	0	0
exposed_validation	HG03470	SL56	AFR	anchored_hprc	C	2	complete	1	1	1	2
exposed_validation	HG03470	SL56	AFR	anchored_hprc	C	4	complete	0	0	0	0
exposed_validation	HG03470	SL56	AFR	anchored_hprc	DPA1	2	complete	1	1	1	2
exposed_validation	HG03470	SL56	AFR	anchored_hprc	DPA1	4	complete	0	0	0	0
exposed_validation	HG03470	SL56	AFR	anchored_hprc	DPB1	2	complete	1	1	1	2
exposed_validation	HG03470	SL56	AFR	anchored_hprc	DPB1	4	complete	1	1	1	2
exposed_validation	HG03470	SL56	AFR	anchored_hprc	DQA1	2	complete	1	1	1	2
exposed_validation	HG03470	SL56	AFR	anchored_hprc	DQA1	4	complete	1	1	1	2
exposed_validation	HG03470	SL56	AFR	anchored_hprc	DQB1	2	complete	1	1	1	2
exposed_validation	HG03470	SL56	AFR	anchored_hprc	DQB1	4	complete	1	1	1	2
exposed_validation	HG03470	SL56	AFR	anchored_hprc	DRB1	2	complete	1	1	1	2
exposed_validation	HG03470	SL56	AFR	anchored_hprc	DRB1	4	complete	0	0	0	0
exposed_validation	HG03470	SL56	AFR	anchored_hprc_asian	A	2	complete	1	1	1	2
exposed_validation	HG03470	SL56	AFR	anchored_hprc_asian	A	4	complete	1	1	1	2
exposed_validation	HG03470	SL56	AFR	anchored_hprc_asian	B	2	complete	1	1	1	2
exposed_validation	HG03470	SL56	AFR	anchored_hprc_asian	B	4	complete	0	0	0	0
exposed_validation	HG03470	SL56	AFR	anchored_hprc_asian	C	2	complete	1	1	1	2
exposed_validation	HG03470	SL56	AFR	anchored_hprc_asian	C	4	complete	0	0	0	0
exposed_validation	HG03470	SL56	AFR	anchored_hprc_asian	DPA1	2	complete	1	1	1	2
exposed_validation	HG03470	SL56	AFR	anchored_hprc_asian	DPA1	4	complete	0	0	0	0
exposed_validation	HG03470	SL56	AFR	anchored_hprc_asian	DPB1	2	complete	1	1	1	2
exposed_validation	HG03470	SL56	AFR	anchored_hprc_asian	DPB1	4	complete	1	1	1	2
exposed_validation	HG03470	SL56	AFR	anchored_hprc_asian	DQA1	2	complete	1	1	1	2
exposed_validation	HG03470	SL56	AFR	anchored_hprc_asian	DQA1	4	complete	1	1	1	2
exposed_validation	HG03470	SL56	AFR	anchored_hprc_asian	DQB1	2	complete	1	1	1	2
exposed_validation	HG03470	SL56	AFR	anchored_hprc_asian	DQB1	4	complete	1	1	1	2
exposed_validation	HG03470	SL56	AFR	anchored_hprc_asian	DRB1	2	complete	1	1	1	2
exposed_validation	HG03470	SL56	AFR	anchored_hprc_asian	DRB1	4	complete	0	0	0	0
exposed_validation	HG03486	SL61	AFR	T1K	A	2	complete	1	1	1	2
exposed_validation	HG03486	SL61	AFR	T1K	A	4	complete	1	1	1	2
exposed_validation	HG03486	SL61	AFR	T1K	B	2	complete	1	1	1	2
exposed_validation	HG03486	SL61	AFR	T1K	B	4	complete	0	0	0	0
exposed_validation	HG03486	SL61	AFR	T1K	C	2	complete	1	1	1	2
exposed_validation	HG03486	SL61	AFR	T1K	C	4	complete	0	0	0	0
exposed_validation	HG03486	SL61	AFR	T1K	DPA1	2	complete	1	1	1	2
exposed_validation	HG03486	SL61	AFR	T1K	DPA1	4	complete	0	0	0	0
exposed_validation	HG03486	SL61	AFR	T1K	DPB1	2	complete	1	1	1	2
exposed_validation	HG03486	SL61	AFR	T1K	DPB1	4	complete	1	1	0	1
exposed_validation	HG03486	SL61	AFR	T1K	DQA1	2	complete	1	1	1	2
exposed_validation	HG03486	SL61	AFR	T1K	DQA1	4	complete	0	0	0	0
exposed_validation	HG03486	SL61	AFR	T1K	DQB1	2	complete	1	1	1	2
exposed_validation	HG03486	SL61	AFR	T1K	DQB1	4	complete	1	1	0	1
exposed_validation	HG03486	SL61	AFR	T1K	DRB1	2	complete	1	1	1	2
exposed_validation	HG03486	SL61	AFR	T1K	DRB1	4	complete	0	0	0	0
exposed_validation	HG03486	SL61	AFR	anchored_ipd_genome	A	2	complete	1	1	1	2
exposed_validation	HG03486	SL61	AFR	anchored_ipd_genome	A	4	complete	1	1	1	2
exposed_validation	HG03486	SL61	AFR	anchored_ipd_genome	B	2	complete	1	1	1	2
exposed_validation	HG03486	SL61	AFR	anchored_ipd_genome	B	4	complete	0	0	0	0
exposed_validation	HG03486	SL61	AFR	anchored_ipd_genome	C	2	complete	1	1	1	2
exposed_validation	HG03486	SL61	AFR	anchored_ipd_genome	C	4	complete	0	0	0	0
exposed_validation	HG03486	SL61	AFR	anchored_ipd_genome	DPA1	2	complete	1	1	1	2
exposed_validation	HG03486	SL61	AFR	anchored_ipd_genome	DPA1	4	complete	0	0	0	0
exposed_validation	HG03486	SL61	AFR	anchored_ipd_genome	DPB1	2	complete	1	1	1	2
exposed_validation	HG03486	SL61	AFR	anchored_ipd_genome	DPB1	4	complete	1	1	1	2
exposed_validation	HG03486	SL61	AFR	anchored_ipd_genome	DQA1	2	complete	1	1	1	2
exposed_validation	HG03486	SL61	AFR	anchored_ipd_genome	DQA1	4	complete	0	0	0	0
exposed_validation	HG03486	SL61	AFR	anchored_ipd_genome	DQB1	2	complete	1	1	1	2
exposed_validation	HG03486	SL61	AFR	anchored_ipd_genome	DQB1	4	complete	1	1	1	2
exposed_validation	HG03486	SL61	AFR	anchored_ipd_genome	DRB1	2	complete	1	1	1	2
exposed_validation	HG03486	SL61	AFR	anchored_ipd_genome	DRB1	4	complete	0	0	0	0
exposed_validation	HG03486	SL61	AFR	anchored_hprc	A	2	complete	1	1	1	2
exposed_validation	HG03486	SL61	AFR	anchored_hprc	A	4	complete	1	1	1	2
exposed_validation	HG03486	SL61	AFR	anchored_hprc	B	2	complete	1	1	1	2
exposed_validation	HG03486	SL61	AFR	anchored_hprc	B	4	complete	0	0	0	0
exposed_validation	HG03486	SL61	AFR	anchored_hprc	C	2	complete	1	1	1	2
exposed_validation	HG03486	SL61	AFR	anchored_hprc	C	4	complete	0	0	0	0
exposed_validation	HG03486	SL61	AFR	anchored_hprc	DPA1	2	complete	1	1	1	2
exposed_validation	HG03486	SL61	AFR	anchored_hprc	DPA1	4	complete	0	0	0	0
exposed_validation	HG03486	SL61	AFR	anchored_hprc	DPB1	2	complete	1	1	1	2
exposed_validation	HG03486	SL61	AFR	anchored_hprc	DPB1	4	complete	1	1	1	2
exposed_validation	HG03486	SL61	AFR	anchored_hprc	DQA1	2	complete	1	1	1	2
exposed_validation	HG03486	SL61	AFR	anchored_hprc	DQA1	4	complete	0	0	0	0
exposed_validation	HG03486	SL61	AFR	anchored_hprc	DQB1	2	complete	1	1	1	2
exposed_validation	HG03486	SL61	AFR	anchored_hprc	DQB1	4	complete	1	1	1	2
exposed_validation	HG03486	SL61	AFR	anchored_hprc	DRB1	2	complete	1	1	1	2
exposed_validation	HG03486	SL61	AFR	anchored_hprc	DRB1	4	complete	0	0	0	0
exposed_validation	HG03486	SL61	AFR	anchored_hprc_asian	A	2	complete	1	1	1	2
exposed_validation	HG03486	SL61	AFR	anchored_hprc_asian	A	4	complete	1	1	1	2
exposed_validation	HG03486	SL61	AFR	anchored_hprc_asian	B	2	complete	1	1	1	2
exposed_validation	HG03486	SL61	AFR	anchored_hprc_asian	B	4	complete	0	0	0	0
exposed_validation	HG03486	SL61	AFR	anchored_hprc_asian	C	2	complete	1	1	1	2
exposed_validation	HG03486	SL61	AFR	anchored_hprc_asian	C	4	complete	0	0	0	0
exposed_validation	HG03486	SL61	AFR	anchored_hprc_asian	DPA1	2	complete	1	1	1	2
exposed_validation	HG03486	SL61	AFR	anchored_hprc_asian	DPA1	4	complete	0	0	0	0
exposed_validation	HG03486	SL61	AFR	anchored_hprc_asian	DPB1	2	complete	1	1	1	2
exposed_validation	HG03486	SL61	AFR	anchored_hprc_asian	DPB1	4	complete	1	1	1	2
exposed_validation	HG03486	SL61	AFR	anchored_hprc_asian	DQA1	2	complete	1	1	1	2
exposed_validation	HG03486	SL61	AFR	anchored_hprc_asian	DQA1	4	complete	0	0	0	0
exposed_validation	HG03486	SL61	AFR	anchored_hprc_asian	DQB1	2	complete	1	1	1	2
exposed_validation	HG03486	SL61	AFR	anchored_hprc_asian	DQB1	4	complete	1	1	1	2
exposed_validation	HG03486	SL61	AFR	anchored_hprc_asian	DRB1	2	complete	1	1	1	2
exposed_validation	HG03486	SL61	AFR	anchored_hprc_asian	DRB1	4	complete	0	0	0	0
exposed_validation	HG03521	NG109	AFR	T1K	A	2	complete	1	1	1	2
exposed_validation	HG03521	NG109	AFR	T1K	A	4	complete	1	1	1	2
exposed_validation	HG03521	NG109	AFR	T1K	B	2	complete	1	1	1	2
exposed_validation	HG03521	NG109	AFR	T1K	B	4	complete	0	0	0	0
exposed_validation	HG03521	NG109	AFR	T1K	C	2	complete	1	1	0	1
exposed_validation	HG03521	NG109	AFR	T1K	C	4	complete	0	0	0	0
exposed_validation	HG03521	NG109	AFR	T1K	DPA1	2	complete	1	1	1	2
exposed_validation	HG03521	NG109	AFR	T1K	DPA1	4	complete	1	1	0	1
exposed_validation	HG03521	NG109	AFR	T1K	DPB1	2	complete	1	1	1	2
exposed_validation	HG03521	NG109	AFR	T1K	DPB1	4	complete	1	1	0	1
exposed_validation	HG03521	NG109	AFR	T1K	DQA1	2	complete	1	1	1	2
exposed_validation	HG03521	NG109	AFR	T1K	DQA1	4	complete	0	0	0	0
exposed_validation	HG03521	NG109	AFR	T1K	DQB1	2	complete	1	1	1	2
exposed_validation	HG03521	NG109	AFR	T1K	DQB1	4	complete	1	1	1	2
exposed_validation	HG03521	NG109	AFR	T1K	DRB1	2	complete	1	1	1	2
exposed_validation	HG03521	NG109	AFR	T1K	DRB1	4	complete	0	0	0	0
exposed_validation	HG03521	NG109	AFR	anchored_ipd_genome	A	2	complete	1	1	1	2
exposed_validation	HG03521	NG109	AFR	anchored_ipd_genome	A	4	complete	1	1	1	2
exposed_validation	HG03521	NG109	AFR	anchored_ipd_genome	B	2	complete	1	1	1	2
exposed_validation	HG03521	NG109	AFR	anchored_ipd_genome	B	4	complete	0	0	0	0
exposed_validation	HG03521	NG109	AFR	anchored_ipd_genome	C	2	complete	1	1	0	1
exposed_validation	HG03521	NG109	AFR	anchored_ipd_genome	C	4	complete	0	0	0	0
exposed_validation	HG03521	NG109	AFR	anchored_ipd_genome	DPA1	2	complete	1	1	1	2
exposed_validation	HG03521	NG109	AFR	anchored_ipd_genome	DPA1	4	complete	1	1	1	2
exposed_validation	HG03521	NG109	AFR	anchored_ipd_genome	DPB1	2	complete	1	1	1	2
exposed_validation	HG03521	NG109	AFR	anchored_ipd_genome	DPB1	4	complete	1	1	1	2
exposed_validation	HG03521	NG109	AFR	anchored_ipd_genome	DQA1	2	complete	1	1	1	2
exposed_validation	HG03521	NG109	AFR	anchored_ipd_genome	DQA1	4	complete	0	0	0	0
exposed_validation	HG03521	NG109	AFR	anchored_ipd_genome	DQB1	2	complete	1	1	1	2
exposed_validation	HG03521	NG109	AFR	anchored_ipd_genome	DQB1	4	complete	1	1	1	2
exposed_validation	HG03521	NG109	AFR	anchored_ipd_genome	DRB1	2	complete	1	1	1	2
exposed_validation	HG03521	NG109	AFR	anchored_ipd_genome	DRB1	4	complete	0	0	0	0
exposed_validation	HG03521	NG109	AFR	anchored_hprc	A	2	complete	1	1	1	2
exposed_validation	HG03521	NG109	AFR	anchored_hprc	A	4	complete	1	1	1	2
exposed_validation	HG03521	NG109	AFR	anchored_hprc	B	2	complete	1	1	1	2
exposed_validation	HG03521	NG109	AFR	anchored_hprc	B	4	complete	0	0	0	0
exposed_validation	HG03521	NG109	AFR	anchored_hprc	C	2	complete	1	1	0	1
exposed_validation	HG03521	NG109	AFR	anchored_hprc	C	4	complete	0	0	0	0
exposed_validation	HG03521	NG109	AFR	anchored_hprc	DPA1	2	complete	1	1	1	2
exposed_validation	HG03521	NG109	AFR	anchored_hprc	DPA1	4	complete	1	1	1	2
exposed_validation	HG03521	NG109	AFR	anchored_hprc	DPB1	2	complete	1	1	1	2
exposed_validation	HG03521	NG109	AFR	anchored_hprc	DPB1	4	complete	1	1	1	2
exposed_validation	HG03521	NG109	AFR	anchored_hprc	DQA1	2	complete	1	1	1	2
exposed_validation	HG03521	NG109	AFR	anchored_hprc	DQA1	4	complete	0	0	0	0
exposed_validation	HG03521	NG109	AFR	anchored_hprc	DQB1	2	complete	1	1	1	2
exposed_validation	HG03521	NG109	AFR	anchored_hprc	DQB1	4	complete	1	1	1	2
exposed_validation	HG03521	NG109	AFR	anchored_hprc	DRB1	2	complete	1	1	1	2
exposed_validation	HG03521	NG109	AFR	anchored_hprc	DRB1	4	complete	0	0	0	0
exposed_validation	HG03521	NG109	AFR	anchored_hprc_asian	A	2	complete	1	1	1	2
exposed_validation	HG03521	NG109	AFR	anchored_hprc_asian	A	4	complete	1	1	1	2
exposed_validation	HG03521	NG109	AFR	anchored_hprc_asian	B	2	complete	1	1	1	2
exposed_validation	HG03521	NG109	AFR	anchored_hprc_asian	B	4	complete	0	0	0	0
exposed_validation	HG03521	NG109	AFR	anchored_hprc_asian	C	2	complete	1	1	0	1
exposed_validation	HG03521	NG109	AFR	anchored_hprc_asian	C	4	complete	0	0	0	0
exposed_validation	HG03521	NG109	AFR	anchored_hprc_asian	DPA1	2	complete	1	1	1	2
exposed_validation	HG03521	NG109	AFR	anchored_hprc_asian	DPA1	4	complete	1	1	1	2
exposed_validation	HG03521	NG109	AFR	anchored_hprc_asian	DPB1	2	complete	1	1	1	2
exposed_validation	HG03521	NG109	AFR	anchored_hprc_asian	DPB1	4	complete	1	1	1	2
exposed_validation	HG03521	NG109	AFR	anchored_hprc_asian	DQA1	2	complete	1	1	1	2
exposed_validation	HG03521	NG109	AFR	anchored_hprc_asian	DQA1	4	complete	0	0	0	0
exposed_validation	HG03521	NG109	AFR	anchored_hprc_asian	DQB1	2	complete	1	1	1	2
exposed_validation	HG03521	NG109	AFR	anchored_hprc_asian	DQB1	4	complete	1	1	1	2
exposed_validation	HG03521	NG109	AFR	anchored_hprc_asian	DRB1	2	complete	1	1	1	2
exposed_validation	HG03521	NG109	AFR	anchored_hprc_asian	DRB1	4	complete	0	0	0	0
exposed_validation	HG03540	GB125	AFR	T1K	A	2	complete	1	1	1	2
exposed_validation	HG03540	GB125	AFR	T1K	A	4	complete	1	1	1	2
exposed_validation	HG03540	GB125	AFR	T1K	B	2	complete	1	1	1	2
exposed_validation	HG03540	GB125	AFR	T1K	B	4	complete	0	0	0	0
exposed_validation	HG03540	GB125	AFR	T1K	C	2	complete	1	1	1	2
exposed_validation	HG03540	GB125	AFR	T1K	C	4	complete	0	0	0	0
exposed_validation	HG03540	GB125	AFR	T1K	DPA1	2	complete	1	1	1	2
exposed_validation	HG03540	GB125	AFR	T1K	DPA1	4	complete	0	0	0	0
exposed_validation	HG03540	GB125	AFR	T1K	DPB1	2	complete	1	1	1	2
exposed_validation	HG03540	GB125	AFR	T1K	DPB1	4	complete	0	0	0	0
exposed_validation	HG03540	GB125	AFR	T1K	DQA1	2	complete	1	1	1	2
exposed_validation	HG03540	GB125	AFR	T1K	DQA1	4	complete	0	0	0	0
exposed_validation	HG03540	GB125	AFR	T1K	DQB1	2	complete	1	1	1	2
exposed_validation	HG03540	GB125	AFR	T1K	DQB1	4	complete	1	1	0	1
exposed_validation	HG03540	GB125	AFR	T1K	DRB1	2	complete	1	1	1	2
exposed_validation	HG03540	GB125	AFR	T1K	DRB1	4	complete	1	1	1	2
exposed_validation	HG03540	GB125	AFR	anchored_ipd_genome	A	2	complete	1	1	1	2
exposed_validation	HG03540	GB125	AFR	anchored_ipd_genome	A	4	complete	1	1	0	1
exposed_validation	HG03540	GB125	AFR	anchored_ipd_genome	B	2	complete	1	1	1	2
exposed_validation	HG03540	GB125	AFR	anchored_ipd_genome	B	4	complete	0	0	0	0
exposed_validation	HG03540	GB125	AFR	anchored_ipd_genome	C	2	complete	1	1	1	2
exposed_validation	HG03540	GB125	AFR	anchored_ipd_genome	C	4	complete	0	0	0	0
exposed_validation	HG03540	GB125	AFR	anchored_ipd_genome	DPA1	2	complete	1	1	1	2
exposed_validation	HG03540	GB125	AFR	anchored_ipd_genome	DPA1	4	complete	0	0	0	0
exposed_validation	HG03540	GB125	AFR	anchored_ipd_genome	DPB1	2	complete	1	1	1	2
exposed_validation	HG03540	GB125	AFR	anchored_ipd_genome	DPB1	4	complete	0	0	0	0
exposed_validation	HG03540	GB125	AFR	anchored_ipd_genome	DQA1	2	complete	1	1	1	2
exposed_validation	HG03540	GB125	AFR	anchored_ipd_genome	DQA1	4	complete	0	0	0	0
exposed_validation	HG03540	GB125	AFR	anchored_ipd_genome	DQB1	2	complete	1	1	1	2
exposed_validation	HG03540	GB125	AFR	anchored_ipd_genome	DQB1	4	complete	1	1	1	2
exposed_validation	HG03540	GB125	AFR	anchored_ipd_genome	DRB1	2	complete	1	1	1	2
exposed_validation	HG03540	GB125	AFR	anchored_ipd_genome	DRB1	4	complete	1	1	0	1
exposed_validation	HG03540	GB125	AFR	anchored_hprc	A	2	complete	1	1	1	2
exposed_validation	HG03540	GB125	AFR	anchored_hprc	A	4	complete	1	1	0	1
exposed_validation	HG03540	GB125	AFR	anchored_hprc	B	2	complete	1	1	1	2
exposed_validation	HG03540	GB125	AFR	anchored_hprc	B	4	complete	0	0	0	0
exposed_validation	HG03540	GB125	AFR	anchored_hprc	C	2	complete	1	1	1	2
exposed_validation	HG03540	GB125	AFR	anchored_hprc	C	4	complete	0	0	0	0
exposed_validation	HG03540	GB125	AFR	anchored_hprc	DPA1	2	complete	1	1	1	2
exposed_validation	HG03540	GB125	AFR	anchored_hprc	DPA1	4	complete	0	0	0	0
exposed_validation	HG03540	GB125	AFR	anchored_hprc	DPB1	2	complete	1	1	1	2
exposed_validation	HG03540	GB125	AFR	anchored_hprc	DPB1	4	complete	0	0	0	0
exposed_validation	HG03540	GB125	AFR	anchored_hprc	DQA1	2	complete	1	1	1	2
exposed_validation	HG03540	GB125	AFR	anchored_hprc	DQA1	4	complete	0	0	0	0
exposed_validation	HG03540	GB125	AFR	anchored_hprc	DQB1	2	complete	1	1	1	2
exposed_validation	HG03540	GB125	AFR	anchored_hprc	DQB1	4	complete	1	1	1	2
exposed_validation	HG03540	GB125	AFR	anchored_hprc	DRB1	2	complete	1	1	1	2
exposed_validation	HG03540	GB125	AFR	anchored_hprc	DRB1	4	complete	1	1	0	1
exposed_validation	HG03540	GB125	AFR	anchored_hprc_asian	A	2	complete	1	1	1	2
exposed_validation	HG03540	GB125	AFR	anchored_hprc_asian	A	4	complete	1	1	0	1
exposed_validation	HG03540	GB125	AFR	anchored_hprc_asian	B	2	complete	1	1	1	2
exposed_validation	HG03540	GB125	AFR	anchored_hprc_asian	B	4	complete	0	0	0	0
exposed_validation	HG03540	GB125	AFR	anchored_hprc_asian	C	2	complete	1	1	1	2
exposed_validation	HG03540	GB125	AFR	anchored_hprc_asian	C	4	complete	0	0	0	0
exposed_validation	HG03540	GB125	AFR	anchored_hprc_asian	DPA1	2	complete	1	1	1	2
exposed_validation	HG03540	GB125	AFR	anchored_hprc_asian	DPA1	4	complete	0	0	0	0
exposed_validation	HG03540	GB125	AFR	anchored_hprc_asian	DPB1	2	complete	1	1	1	2
exposed_validation	HG03540	GB125	AFR	anchored_hprc_asian	DPB1	4	complete	0	0	0	0
exposed_validation	HG03540	GB125	AFR	anchored_hprc_asian	DQA1	2	complete	1	1	1	2
exposed_validation	HG03540	GB125	AFR	anchored_hprc_asian	DQA1	4	complete	0	0	0	0
exposed_validation	HG03540	GB125	AFR	anchored_hprc_asian	DQB1	2	complete	1	1	1	2
exposed_validation	HG03540	GB125	AFR	anchored_hprc_asian	DQB1	4	complete	1	1	1	2
exposed_validation	HG03540	GB125	AFR	anchored_hprc_asian	DRB1	2	complete	1	1	1	2
exposed_validation	HG03540	GB125	AFR	anchored_hprc_asian	DRB1	4	complete	1	1	0	1
exposed_validation	HG03579	SL72	AFR	T1K	A	2	complete	1	1	1	2
exposed_validation	HG03579	SL72	AFR	T1K	A	4	complete	1	1	1	2
exposed_validation	HG03579	SL72	AFR	T1K	B	2	complete	1	1	1	2
exposed_validation	HG03579	SL72	AFR	T1K	B	4	complete	1	1	1	2
exposed_validation	HG03579	SL72	AFR	T1K	C	2	complete	1	1	1	2
exposed_validation	HG03579	SL72	AFR	T1K	C	4	complete	1	1	0	1
exposed_validation	HG03579	SL72	AFR	T1K	DPA1	2	complete	1	1	1	2
exposed_validation	HG03579	SL72	AFR	T1K	DPA1	4	complete	0	0	0	0
exposed_validation	HG03579	SL72	AFR	T1K	DPB1	2	complete	1	1	1	2
exposed_validation	HG03579	SL72	AFR	T1K	DPB1	4	complete	1	1	0	1
exposed_validation	HG03579	SL72	AFR	T1K	DQA1	2	complete	1	1	1	2
exposed_validation	HG03579	SL72	AFR	T1K	DQA1	4	complete	1	1	0	0
exposed_validation	HG03579	SL72	AFR	T1K	DQB1	2	complete	1	1	1	2
exposed_validation	HG03579	SL72	AFR	T1K	DQB1	4	complete	1	1	0	0
exposed_validation	HG03579	SL72	AFR	T1K	DRB1	2	complete	1	1	1	2
exposed_validation	HG03579	SL72	AFR	T1K	DRB1	4	complete	0	0	0	0
exposed_validation	HG03579	SL72	AFR	anchored_ipd_genome	A	2	complete	1	1	1	2
exposed_validation	HG03579	SL72	AFR	anchored_ipd_genome	A	4	complete	1	1	1	2
exposed_validation	HG03579	SL72	AFR	anchored_ipd_genome	B	2	complete	1	1	1	2
exposed_validation	HG03579	SL72	AFR	anchored_ipd_genome	B	4	complete	1	1	1	2
exposed_validation	HG03579	SL72	AFR	anchored_ipd_genome	C	2	complete	1	1	1	2
exposed_validation	HG03579	SL72	AFR	anchored_ipd_genome	C	4	complete	1	1	0	1
exposed_validation	HG03579	SL72	AFR	anchored_ipd_genome	DPA1	2	complete	1	1	1	2
exposed_validation	HG03579	SL72	AFR	anchored_ipd_genome	DPA1	4	complete	0	0	0	0
exposed_validation	HG03579	SL72	AFR	anchored_ipd_genome	DPB1	2	complete	1	1	1	2
exposed_validation	HG03579	SL72	AFR	anchored_ipd_genome	DPB1	4	complete	1	1	1	2
exposed_validation	HG03579	SL72	AFR	anchored_ipd_genome	DQA1	2	complete	1	1	1	2
exposed_validation	HG03579	SL72	AFR	anchored_ipd_genome	DQA1	4	complete	1	1	0	1
exposed_validation	HG03579	SL72	AFR	anchored_ipd_genome	DQB1	2	complete	1	1	1	2
exposed_validation	HG03579	SL72	AFR	anchored_ipd_genome	DQB1	4	complete	1	1	1	2
exposed_validation	HG03579	SL72	AFR	anchored_ipd_genome	DRB1	2	complete	1	1	1	2
exposed_validation	HG03579	SL72	AFR	anchored_ipd_genome	DRB1	4	complete	0	0	0	0
exposed_validation	HG03579	SL72	AFR	anchored_hprc	A	2	complete	1	1	1	2
exposed_validation	HG03579	SL72	AFR	anchored_hprc	A	4	complete	1	1	1	2
exposed_validation	HG03579	SL72	AFR	anchored_hprc	B	2	complete	1	1	1	2
exposed_validation	HG03579	SL72	AFR	anchored_hprc	B	4	complete	1	1	1	2
exposed_validation	HG03579	SL72	AFR	anchored_hprc	C	2	complete	1	1	1	2
exposed_validation	HG03579	SL72	AFR	anchored_hprc	C	4	complete	1	1	0	1
exposed_validation	HG03579	SL72	AFR	anchored_hprc	DPA1	2	complete	1	1	1	2
exposed_validation	HG03579	SL72	AFR	anchored_hprc	DPA1	4	complete	0	0	0	0
exposed_validation	HG03579	SL72	AFR	anchored_hprc	DPB1	2	complete	1	1	1	2
exposed_validation	HG03579	SL72	AFR	anchored_hprc	DPB1	4	complete	1	1	1	2
exposed_validation	HG03579	SL72	AFR	anchored_hprc	DQA1	2	complete	1	1	1	2
exposed_validation	HG03579	SL72	AFR	anchored_hprc	DQA1	4	complete	1	1	1	2
exposed_validation	HG03579	SL72	AFR	anchored_hprc	DQB1	2	complete	1	1	1	2
exposed_validation	HG03579	SL72	AFR	anchored_hprc	DQB1	4	complete	1	1	1	2
exposed_validation	HG03579	SL72	AFR	anchored_hprc	DRB1	2	complete	1	1	1	2
exposed_validation	HG03579	SL72	AFR	anchored_hprc	DRB1	4	complete	0	0	0	0
exposed_validation	HG03579	SL72	AFR	anchored_hprc_asian	A	2	complete	1	1	1	2
exposed_validation	HG03579	SL72	AFR	anchored_hprc_asian	A	4	complete	1	1	1	2
exposed_validation	HG03579	SL72	AFR	anchored_hprc_asian	B	2	complete	1	1	1	2
exposed_validation	HG03579	SL72	AFR	anchored_hprc_asian	B	4	complete	1	1	1	2
exposed_validation	HG03579	SL72	AFR	anchored_hprc_asian	C	2	complete	1	1	1	2
exposed_validation	HG03579	SL72	AFR	anchored_hprc_asian	C	4	complete	1	1	0	1
exposed_validation	HG03579	SL72	AFR	anchored_hprc_asian	DPA1	2	complete	1	1	1	2
exposed_validation	HG03579	SL72	AFR	anchored_hprc_asian	DPA1	4	complete	0	0	0	0
exposed_validation	HG03579	SL72	AFR	anchored_hprc_asian	DPB1	2	complete	1	1	1	2
exposed_validation	HG03579	SL72	AFR	anchored_hprc_asian	DPB1	4	complete	1	1	1	2
exposed_validation	HG03579	SL72	AFR	anchored_hprc_asian	DQA1	2	complete	1	1	1	2
exposed_validation	HG03579	SL72	AFR	anchored_hprc_asian	DQA1	4	complete	1	1	1	2
exposed_validation	HG03579	SL72	AFR	anchored_hprc_asian	DQB1	2	complete	1	1	1	2
exposed_validation	HG03579	SL72	AFR	anchored_hprc_asian	DQB1	4	complete	1	1	1	2
exposed_validation	HG03579	SL72	AFR	anchored_hprc_asian	DRB1	2	complete	1	1	1	2
exposed_validation	HG03579	SL72	AFR	anchored_hprc_asian	DRB1	4	complete	0	0	0	0
exposed_validation	HG03583	SL73	AFR	T1K	A	2	complete	1	1	1	2
exposed_validation	HG03583	SL73	AFR	T1K	A	4	complete	1	1	1	2
exposed_validation	HG03583	SL73	AFR	T1K	B	2	complete	1	1	1	2
exposed_validation	HG03583	SL73	AFR	T1K	B	4	complete	0	0	0	0
exposed_validation	HG03583	SL73	AFR	T1K	C	2	complete	1	1	1	2
exposed_validation	HG03583	SL73	AFR	T1K	C	4	complete	0	0	0	0
exposed_validation	HG03583	SL73	AFR	T1K	DPA1	2	complete	1	1	0	1
exposed_validation	HG03583	SL73	AFR	T1K	DPA1	4	complete	0	0	0	0
exposed_validation	HG03583	SL73	AFR	T1K	DPB1	2	complete	1	1	1	2
exposed_validation	HG03583	SL73	AFR	T1K	DPB1	4	complete	1	1	0	0
exposed_validation	HG03583	SL73	AFR	T1K	DQA1	2	complete	1	1	1	2
exposed_validation	HG03583	SL73	AFR	T1K	DQA1	4	complete	0	0	0	0
exposed_validation	HG03583	SL73	AFR	T1K	DQB1	2	complete	1	1	1	2
exposed_validation	HG03583	SL73	AFR	T1K	DQB1	4	complete	0	0	0	0
exposed_validation	HG03583	SL73	AFR	T1K	DRB1	2	complete	1	1	1	2
exposed_validation	HG03583	SL73	AFR	T1K	DRB1	4	complete	0	0	0	0
exposed_validation	HG03583	SL73	AFR	anchored_ipd_genome	A	2	complete	1	1	1	2
exposed_validation	HG03583	SL73	AFR	anchored_ipd_genome	A	4	complete	1	1	1	2
exposed_validation	HG03583	SL73	AFR	anchored_ipd_genome	B	2	complete	1	1	1	2
exposed_validation	HG03583	SL73	AFR	anchored_ipd_genome	B	4	complete	0	0	0	0
exposed_validation	HG03583	SL73	AFR	anchored_ipd_genome	C	2	complete	1	1	1	2
exposed_validation	HG03583	SL73	AFR	anchored_ipd_genome	C	4	complete	0	0	0	0
exposed_validation	HG03583	SL73	AFR	anchored_ipd_genome	DPA1	2	complete	1	1	0	1
exposed_validation	HG03583	SL73	AFR	anchored_ipd_genome	DPA1	4	complete	0	0	0	0
exposed_validation	HG03583	SL73	AFR	anchored_ipd_genome	DPB1	2	complete	1	1	1	2
exposed_validation	HG03583	SL73	AFR	anchored_ipd_genome	DPB1	4	complete	1	1	1	2
exposed_validation	HG03583	SL73	AFR	anchored_ipd_genome	DQA1	2	complete	1	1	1	2
exposed_validation	HG03583	SL73	AFR	anchored_ipd_genome	DQA1	4	complete	0	0	0	0
exposed_validation	HG03583	SL73	AFR	anchored_ipd_genome	DQB1	2	complete	1	1	1	2
exposed_validation	HG03583	SL73	AFR	anchored_ipd_genome	DQB1	4	complete	0	0	0	0
exposed_validation	HG03583	SL73	AFR	anchored_ipd_genome	DRB1	2	complete	1	1	1	2
exposed_validation	HG03583	SL73	AFR	anchored_ipd_genome	DRB1	4	complete	0	0	0	0
exposed_validation	HG03583	SL73	AFR	anchored_hprc	A	2	complete	1	1	1	2
exposed_validation	HG03583	SL73	AFR	anchored_hprc	A	4	complete	1	1	1	2
exposed_validation	HG03583	SL73	AFR	anchored_hprc	B	2	complete	1	1	1	2
exposed_validation	HG03583	SL73	AFR	anchored_hprc	B	4	complete	0	0	0	0
exposed_validation	HG03583	SL73	AFR	anchored_hprc	C	2	complete	1	1	1	2
exposed_validation	HG03583	SL73	AFR	anchored_hprc	C	4	complete	0	0	0	0
exposed_validation	HG03583	SL73	AFR	anchored_hprc	DPA1	2	complete	1	1	0	1
exposed_validation	HG03583	SL73	AFR	anchored_hprc	DPA1	4	complete	0	0	0	0
exposed_validation	HG03583	SL73	AFR	anchored_hprc	DPB1	2	complete	1	1	1	2
exposed_validation	HG03583	SL73	AFR	anchored_hprc	DPB1	4	complete	1	1	1	2
exposed_validation	HG03583	SL73	AFR	anchored_hprc	DQA1	2	complete	1	1	1	2
exposed_validation	HG03583	SL73	AFR	anchored_hprc	DQA1	4	complete	0	0	0	0
exposed_validation	HG03583	SL73	AFR	anchored_hprc	DQB1	2	complete	1	1	1	2
exposed_validation	HG03583	SL73	AFR	anchored_hprc	DQB1	4	complete	0	0	0	0
exposed_validation	HG03583	SL73	AFR	anchored_hprc	DRB1	2	complete	1	1	1	2
exposed_validation	HG03583	SL73	AFR	anchored_hprc	DRB1	4	complete	0	0	0	0
exposed_validation	HG03583	SL73	AFR	anchored_hprc_asian	A	2	complete	1	1	1	2
exposed_validation	HG03583	SL73	AFR	anchored_hprc_asian	A	4	complete	1	1	1	2
exposed_validation	HG03583	SL73	AFR	anchored_hprc_asian	B	2	complete	1	1	1	2
exposed_validation	HG03583	SL73	AFR	anchored_hprc_asian	B	4	complete	0	0	0	0
exposed_validation	HG03583	SL73	AFR	anchored_hprc_asian	C	2	complete	1	1	1	2
exposed_validation	HG03583	SL73	AFR	anchored_hprc_asian	C	4	complete	0	0	0	0
exposed_validation	HG03583	SL73	AFR	anchored_hprc_asian	DPA1	2	complete	1	1	0	1
exposed_validation	HG03583	SL73	AFR	anchored_hprc_asian	DPA1	4	complete	0	0	0	0
exposed_validation	HG03583	SL73	AFR	anchored_hprc_asian	DPB1	2	complete	1	1	1	2
exposed_validation	HG03583	SL73	AFR	anchored_hprc_asian	DPB1	4	complete	1	1	1	2
exposed_validation	HG03583	SL73	AFR	anchored_hprc_asian	DQA1	2	complete	1	1	1	2
exposed_validation	HG03583	SL73	AFR	anchored_hprc_asian	DQA1	4	complete	0	0	0	0
exposed_validation	HG03583	SL73	AFR	anchored_hprc_asian	DQB1	2	complete	1	1	1	2
exposed_validation	HG03583	SL73	AFR	anchored_hprc_asian	DQB1	4	complete	0	0	0	0
exposed_validation	HG03583	SL73	AFR	anchored_hprc_asian	DRB1	2	complete	1	1	1	2
exposed_validation	HG03583	SL73	AFR	anchored_hprc_asian	DRB1	4	complete	0	0	0	0
exposed_validation	HG03654	PK53	SAS	T1K	A	2	complete	1	1	1	2
exposed_validation	HG03654	PK53	SAS	T1K	A	4	complete	1	1	1	2
exposed_validation	HG03654	PK53	SAS	T1K	B	2	complete	1	1	0	1
exposed_validation	HG03654	PK53	SAS	T1K	B	4	complete	1	0	0	1
exposed_validation	HG03654	PK53	SAS	T1K	C	2	complete	1	1	1	2
exposed_validation	HG03654	PK53	SAS	T1K	C	4	complete	1	1	1	2
exposed_validation	HG03654	PK53	SAS	T1K	DPA1	2	complete	1	1	1	2
exposed_validation	HG03654	PK53	SAS	T1K	DPA1	4	complete	0	0	0	0
exposed_validation	HG03654	PK53	SAS	T1K	DPB1	2	complete	1	1	1	2
exposed_validation	HG03654	PK53	SAS	T1K	DPB1	4	complete	1	1	0	1
exposed_validation	HG03654	PK53	SAS	T1K	DQA1	2	complete	1	1	1	2
exposed_validation	HG03654	PK53	SAS	T1K	DQA1	4	complete	0	0	0	0
exposed_validation	HG03654	PK53	SAS	T1K	DQB1	2	complete	1	1	1	2
exposed_validation	HG03654	PK53	SAS	T1K	DQB1	4	complete	1	1	1	2
exposed_validation	HG03654	PK53	SAS	T1K	DRB1	2	complete	1	1	1	2
exposed_validation	HG03654	PK53	SAS	T1K	DRB1	4	complete	0	0	0	0
exposed_validation	HG03654	PK53	SAS	anchored_ipd_genome	A	2	complete	1	1	1	2
exposed_validation	HG03654	PK53	SAS	anchored_ipd_genome	A	4	complete	1	1	1	2
exposed_validation	HG03654	PK53	SAS	anchored_ipd_genome	B	2	complete	1	1	0	1
exposed_validation	HG03654	PK53	SAS	anchored_ipd_genome	B	4	complete	1	0	0	1
exposed_validation	HG03654	PK53	SAS	anchored_ipd_genome	C	2	complete	1	1	1	2
exposed_validation	HG03654	PK53	SAS	anchored_ipd_genome	C	4	complete	1	1	1	2
exposed_validation	HG03654	PK53	SAS	anchored_ipd_genome	DPA1	2	complete	1	1	1	2
exposed_validation	HG03654	PK53	SAS	anchored_ipd_genome	DPA1	4	complete	0	0	0	0
exposed_validation	HG03654	PK53	SAS	anchored_ipd_genome	DPB1	2	complete	1	1	1	2
exposed_validation	HG03654	PK53	SAS	anchored_ipd_genome	DPB1	4	complete	1	1	1	2
exposed_validation	HG03654	PK53	SAS	anchored_ipd_genome	DQA1	2	complete	1	1	1	2
exposed_validation	HG03654	PK53	SAS	anchored_ipd_genome	DQA1	4	complete	0	0	0	0
exposed_validation	HG03654	PK53	SAS	anchored_ipd_genome	DQB1	2	complete	1	1	1	2
exposed_validation	HG03654	PK53	SAS	anchored_ipd_genome	DQB1	4	complete	1	1	1	2
exposed_validation	HG03654	PK53	SAS	anchored_ipd_genome	DRB1	2	complete	1	1	1	2
exposed_validation	HG03654	PK53	SAS	anchored_ipd_genome	DRB1	4	complete	0	0	0	0
exposed_validation	HG03654	PK53	SAS	anchored_hprc	A	2	complete	1	1	1	2
exposed_validation	HG03654	PK53	SAS	anchored_hprc	A	4	complete	1	1	1	2
exposed_validation	HG03654	PK53	SAS	anchored_hprc	B	2	complete	1	1	0	1
exposed_validation	HG03654	PK53	SAS	anchored_hprc	B	4	complete	1	0	0	1
exposed_validation	HG03654	PK53	SAS	anchored_hprc	C	2	complete	1	1	1	2
exposed_validation	HG03654	PK53	SAS	anchored_hprc	C	4	complete	1	1	1	2
exposed_validation	HG03654	PK53	SAS	anchored_hprc	DPA1	2	complete	1	1	1	2
exposed_validation	HG03654	PK53	SAS	anchored_hprc	DPA1	4	complete	0	0	0	0
exposed_validation	HG03654	PK53	SAS	anchored_hprc	DPB1	2	complete	1	1	1	2
exposed_validation	HG03654	PK53	SAS	anchored_hprc	DPB1	4	complete	1	1	1	2
exposed_validation	HG03654	PK53	SAS	anchored_hprc	DQA1	2	complete	1	1	1	2
exposed_validation	HG03654	PK53	SAS	anchored_hprc	DQA1	4	complete	0	0	0	0
exposed_validation	HG03654	PK53	SAS	anchored_hprc	DQB1	2	complete	1	1	1	2
exposed_validation	HG03654	PK53	SAS	anchored_hprc	DQB1	4	complete	1	1	1	2
exposed_validation	HG03654	PK53	SAS	anchored_hprc	DRB1	2	complete	1	1	1	2
exposed_validation	HG03654	PK53	SAS	anchored_hprc	DRB1	4	complete	0	0	0	0
exposed_validation	HG03654	PK53	SAS	anchored_hprc_asian	A	2	complete	1	1	1	2
exposed_validation	HG03654	PK53	SAS	anchored_hprc_asian	A	4	complete	1	1	1	2
exposed_validation	HG03654	PK53	SAS	anchored_hprc_asian	B	2	complete	1	1	0	1
exposed_validation	HG03654	PK53	SAS	anchored_hprc_asian	B	4	complete	1	0	0	1
exposed_validation	HG03654	PK53	SAS	anchored_hprc_asian	C	2	complete	1	1	1	2
exposed_validation	HG03654	PK53	SAS	anchored_hprc_asian	C	4	complete	1	1	1	2
exposed_validation	HG03654	PK53	SAS	anchored_hprc_asian	DPA1	2	complete	1	1	1	2
exposed_validation	HG03654	PK53	SAS	anchored_hprc_asian	DPA1	4	complete	0	0	0	0
exposed_validation	HG03654	PK53	SAS	anchored_hprc_asian	DPB1	2	complete	1	1	1	2
exposed_validation	HG03654	PK53	SAS	anchored_hprc_asian	DPB1	4	complete	1	1	1	2
exposed_validation	HG03654	PK53	SAS	anchored_hprc_asian	DQA1	2	complete	1	1	1	2
exposed_validation	HG03654	PK53	SAS	anchored_hprc_asian	DQA1	4	complete	0	0	0	0
exposed_validation	HG03654	PK53	SAS	anchored_hprc_asian	DQB1	2	complete	1	1	1	2
exposed_validation	HG03654	PK53	SAS	anchored_hprc_asian	DQB1	4	complete	1	1	1	2
exposed_validation	HG03654	PK53	SAS	anchored_hprc_asian	DRB1	2	complete	1	1	1	2
exposed_validation	HG03654	PK53	SAS	anchored_hprc_asian	DRB1	4	complete	0	0	0	0
exposed_validation	HG03669	PK58	SAS	T1K	A	2	complete	1	1	1	2
exposed_validation	HG03669	PK58	SAS	T1K	A	4	complete	1	1	1	2
exposed_validation	HG03669	PK58	SAS	T1K	B	2	complete	1	1	1	2
exposed_validation	HG03669	PK58	SAS	T1K	B	4	complete	1	1	1	2
exposed_validation	HG03669	PK58	SAS	T1K	C	2	complete	1	1	1	2
exposed_validation	HG03669	PK58	SAS	T1K	C	4	complete	1	1	1	2
exposed_validation	HG03669	PK58	SAS	T1K	DPA1	2	complete	1	1	1	2
exposed_validation	HG03669	PK58	SAS	T1K	DPA1	4	complete	0	0	0	0
exposed_validation	HG03669	PK58	SAS	T1K	DPB1	2	complete	1	1	1	2
exposed_validation	HG03669	PK58	SAS	T1K	DPB1	4	complete	1	1	1	2
exposed_validation	HG03669	PK58	SAS	T1K	DQA1	2	complete	1	1	1	2
exposed_validation	HG03669	PK58	SAS	T1K	DQA1	4	complete	1	1	1	2
exposed_validation	HG03669	PK58	SAS	T1K	DQB1	2	complete	1	1	1	2
exposed_validation	HG03669	PK58	SAS	T1K	DQB1	4	complete	1	1	1	2
exposed_validation	HG03669	PK58	SAS	T1K	DRB1	2	complete	1	1	1	2
exposed_validation	HG03669	PK58	SAS	T1K	DRB1	4	complete	0	0	0	0
exposed_validation	HG03669	PK58	SAS	anchored_ipd_genome	A	2	complete	1	1	1	2
exposed_validation	HG03669	PK58	SAS	anchored_ipd_genome	A	4	complete	1	1	1	2
exposed_validation	HG03669	PK58	SAS	anchored_ipd_genome	B	2	complete	1	1	1	2
exposed_validation	HG03669	PK58	SAS	anchored_ipd_genome	B	4	complete	1	1	1	2
exposed_validation	HG03669	PK58	SAS	anchored_ipd_genome	C	2	complete	1	1	1	2
exposed_validation	HG03669	PK58	SAS	anchored_ipd_genome	C	4	complete	1	1	1	2
exposed_validation	HG03669	PK58	SAS	anchored_ipd_genome	DPA1	2	complete	1	1	1	2
exposed_validation	HG03669	PK58	SAS	anchored_ipd_genome	DPA1	4	complete	0	0	0	0
exposed_validation	HG03669	PK58	SAS	anchored_ipd_genome	DPB1	2	complete	1	1	1	2
exposed_validation	HG03669	PK58	SAS	anchored_ipd_genome	DPB1	4	complete	1	1	1	2
exposed_validation	HG03669	PK58	SAS	anchored_ipd_genome	DQA1	2	complete	1	1	1	2
exposed_validation	HG03669	PK58	SAS	anchored_ipd_genome	DQA1	4	complete	1	1	1	2
exposed_validation	HG03669	PK58	SAS	anchored_ipd_genome	DQB1	2	complete	1	1	1	2
exposed_validation	HG03669	PK58	SAS	anchored_ipd_genome	DQB1	4	complete	1	1	1	2
exposed_validation	HG03669	PK58	SAS	anchored_ipd_genome	DRB1	2	complete	1	1	1	2
exposed_validation	HG03669	PK58	SAS	anchored_ipd_genome	DRB1	4	complete	0	0	0	0
exposed_validation	HG03669	PK58	SAS	anchored_hprc	A	2	complete	1	1	1	2
exposed_validation	HG03669	PK58	SAS	anchored_hprc	A	4	complete	1	1	1	2
exposed_validation	HG03669	PK58	SAS	anchored_hprc	B	2	complete	1	1	1	2
exposed_validation	HG03669	PK58	SAS	anchored_hprc	B	4	complete	1	1	1	2
exposed_validation	HG03669	PK58	SAS	anchored_hprc	C	2	complete	1	1	1	2
exposed_validation	HG03669	PK58	SAS	anchored_hprc	C	4	complete	1	1	1	2
exposed_validation	HG03669	PK58	SAS	anchored_hprc	DPA1	2	complete	1	1	1	2
exposed_validation	HG03669	PK58	SAS	anchored_hprc	DPA1	4	complete	0	0	0	0
exposed_validation	HG03669	PK58	SAS	anchored_hprc	DPB1	2	complete	1	1	1	2
exposed_validation	HG03669	PK58	SAS	anchored_hprc	DPB1	4	complete	1	1	1	2
exposed_validation	HG03669	PK58	SAS	anchored_hprc	DQA1	2	complete	1	1	1	2
exposed_validation	HG03669	PK58	SAS	anchored_hprc	DQA1	4	complete	1	1	1	2
exposed_validation	HG03669	PK58	SAS	anchored_hprc	DQB1	2	complete	1	1	1	2
exposed_validation	HG03669	PK58	SAS	anchored_hprc	DQB1	4	complete	1	1	1	2
exposed_validation	HG03669	PK58	SAS	anchored_hprc	DRB1	2	complete	1	1	1	2
exposed_validation	HG03669	PK58	SAS	anchored_hprc	DRB1	4	complete	0	0	0	0
exposed_validation	HG03669	PK58	SAS	anchored_hprc_asian	A	2	complete	1	1	1	2
exposed_validation	HG03669	PK58	SAS	anchored_hprc_asian	A	4	complete	1	1	1	2
exposed_validation	HG03669	PK58	SAS	anchored_hprc_asian	B	2	complete	1	1	1	2
exposed_validation	HG03669	PK58	SAS	anchored_hprc_asian	B	4	complete	1	1	1	2
exposed_validation	HG03669	PK58	SAS	anchored_hprc_asian	C	2	complete	1	1	1	2
exposed_validation	HG03669	PK58	SAS	anchored_hprc_asian	C	4	complete	1	1	1	2
exposed_validation	HG03669	PK58	SAS	anchored_hprc_asian	DPA1	2	complete	1	1	1	2
exposed_validation	HG03669	PK58	SAS	anchored_hprc_asian	DPA1	4	complete	0	0	0	0
exposed_validation	HG03669	PK58	SAS	anchored_hprc_asian	DPB1	2	complete	1	1	1	2
exposed_validation	HG03669	PK58	SAS	anchored_hprc_asian	DPB1	4	complete	1	1	1	2
exposed_validation	HG03669	PK58	SAS	anchored_hprc_asian	DQA1	2	complete	1	1	1	2
exposed_validation	HG03669	PK58	SAS	anchored_hprc_asian	DQA1	4	complete	1	1	1	2
exposed_validation	HG03669	PK58	SAS	anchored_hprc_asian	DQB1	2	complete	1	1	1	2
exposed_validation	HG03669	PK58	SAS	anchored_hprc_asian	DQB1	4	complete	1	1	1	2
exposed_validation	HG03669	PK58	SAS	anchored_hprc_asian	DRB1	2	complete	1	1	1	2
exposed_validation	HG03669	PK58	SAS	anchored_hprc_asian	DRB1	4	complete	0	0	0	0
exposed_validation	HG03704	PK60	SAS	T1K	A	2	complete	1	1	1	2
exposed_validation	HG03704	PK60	SAS	T1K	A	4	complete	1	1	1	2
exposed_validation	HG03704	PK60	SAS	T1K	B	2	complete	1	1	1	2
exposed_validation	HG03704	PK60	SAS	T1K	B	4	complete	1	1	1	2
exposed_validation	HG03704	PK60	SAS	T1K	C	2	complete	1	1	1	2
exposed_validation	HG03704	PK60	SAS	T1K	C	4	complete	1	1	0	1
exposed_validation	HG03704	PK60	SAS	T1K	DPA1	2	complete	1	1	1	2
exposed_validation	HG03704	PK60	SAS	T1K	DPA1	4	complete	0	0	0	0
exposed_validation	HG03704	PK60	SAS	T1K	DPB1	2	complete	1	1	1	2
exposed_validation	HG03704	PK60	SAS	T1K	DPB1	4	complete	1	1	1	2
exposed_validation	HG03704	PK60	SAS	T1K	DQA1	2	complete	1	1	1	2
exposed_validation	HG03704	PK60	SAS	T1K	DQA1	4	complete	1	1	0	1
exposed_validation	HG03704	PK60	SAS	T1K	DQB1	2	complete	1	1	1	2
exposed_validation	HG03704	PK60	SAS	T1K	DQB1	4	complete	1	1	1	2
exposed_validation	HG03704	PK60	SAS	T1K	DRB1	2	complete	1	1	1	2
exposed_validation	HG03704	PK60	SAS	T1K	DRB1	4	complete	0	0	0	0
exposed_validation	HG03704	PK60	SAS	anchored_ipd_genome	A	2	complete	1	1	1	2
exposed_validation	HG03704	PK60	SAS	anchored_ipd_genome	A	4	complete	1	1	1	2
exposed_validation	HG03704	PK60	SAS	anchored_ipd_genome	B	2	complete	1	1	1	2
exposed_validation	HG03704	PK60	SAS	anchored_ipd_genome	B	4	complete	1	1	1	2
exposed_validation	HG03704	PK60	SAS	anchored_ipd_genome	C	2	complete	1	1	1	2
exposed_validation	HG03704	PK60	SAS	anchored_ipd_genome	C	4	complete	1	1	1	2
exposed_validation	HG03704	PK60	SAS	anchored_ipd_genome	DPA1	2	complete	1	1	1	2
exposed_validation	HG03704	PK60	SAS	anchored_ipd_genome	DPA1	4	complete	0	0	0	0
exposed_validation	HG03704	PK60	SAS	anchored_ipd_genome	DPB1	2	complete	1	1	1	2
exposed_validation	HG03704	PK60	SAS	anchored_ipd_genome	DPB1	4	complete	1	1	1	2
exposed_validation	HG03704	PK60	SAS	anchored_ipd_genome	DQA1	2	complete	1	1	1	2
exposed_validation	HG03704	PK60	SAS	anchored_ipd_genome	DQA1	4	complete	1	1	1	2
exposed_validation	HG03704	PK60	SAS	anchored_ipd_genome	DQB1	2	complete	1	1	1	2
exposed_validation	HG03704	PK60	SAS	anchored_ipd_genome	DQB1	4	complete	1	1	1	2
exposed_validation	HG03704	PK60	SAS	anchored_ipd_genome	DRB1	2	complete	1	1	1	2
exposed_validation	HG03704	PK60	SAS	anchored_ipd_genome	DRB1	4	complete	0	0	0	0
exposed_validation	HG03704	PK60	SAS	anchored_hprc	A	2	complete	1	1	1	2
exposed_validation	HG03704	PK60	SAS	anchored_hprc	A	4	complete	1	1	1	2
exposed_validation	HG03704	PK60	SAS	anchored_hprc	B	2	complete	1	1	1	2
exposed_validation	HG03704	PK60	SAS	anchored_hprc	B	4	complete	1	1	1	2
exposed_validation	HG03704	PK60	SAS	anchored_hprc	C	2	complete	1	1	1	2
exposed_validation	HG03704	PK60	SAS	anchored_hprc	C	4	complete	1	1	1	2
exposed_validation	HG03704	PK60	SAS	anchored_hprc	DPA1	2	complete	1	1	1	2
exposed_validation	HG03704	PK60	SAS	anchored_hprc	DPA1	4	complete	0	0	0	0
exposed_validation	HG03704	PK60	SAS	anchored_hprc	DPB1	2	complete	1	1	1	2
exposed_validation	HG03704	PK60	SAS	anchored_hprc	DPB1	4	complete	1	1	1	2
exposed_validation	HG03704	PK60	SAS	anchored_hprc	DQA1	2	complete	1	1	1	2
exposed_validation	HG03704	PK60	SAS	anchored_hprc	DQA1	4	complete	1	1	1	2
exposed_validation	HG03704	PK60	SAS	anchored_hprc	DQB1	2	complete	1	1	1	2
exposed_validation	HG03704	PK60	SAS	anchored_hprc	DQB1	4	complete	1	1	1	2
exposed_validation	HG03704	PK60	SAS	anchored_hprc	DRB1	2	complete	1	1	1	2
exposed_validation	HG03704	PK60	SAS	anchored_hprc	DRB1	4	complete	0	0	0	0
exposed_validation	HG03704	PK60	SAS	anchored_hprc_asian	A	2	complete	1	1	1	2
exposed_validation	HG03704	PK60	SAS	anchored_hprc_asian	A	4	complete	1	1	1	2
exposed_validation	HG03704	PK60	SAS	anchored_hprc_asian	B	2	complete	1	1	1	2
exposed_validation	HG03704	PK60	SAS	anchored_hprc_asian	B	4	complete	1	1	1	2
exposed_validation	HG03704	PK60	SAS	anchored_hprc_asian	C	2	complete	1	1	1	2
exposed_validation	HG03704	PK60	SAS	anchored_hprc_asian	C	4	complete	1	1	1	2
exposed_validation	HG03704	PK60	SAS	anchored_hprc_asian	DPA1	2	complete	1	1	1	2
exposed_validation	HG03704	PK60	SAS	anchored_hprc_asian	DPA1	4	complete	0	0	0	0
exposed_validation	HG03704	PK60	SAS	anchored_hprc_asian	DPB1	2	complete	1	1	1	2
exposed_validation	HG03704	PK60	SAS	anchored_hprc_asian	DPB1	4	complete	1	1	1	2
exposed_validation	HG03704	PK60	SAS	anchored_hprc_asian	DQA1	2	complete	1	1	1	2
exposed_validation	HG03704	PK60	SAS	anchored_hprc_asian	DQA1	4	complete	1	1	1	2
exposed_validation	HG03704	PK60	SAS	anchored_hprc_asian	DQB1	2	complete	1	1	1	2
exposed_validation	HG03704	PK60	SAS	anchored_hprc_asian	DQB1	4	complete	1	1	1	2
exposed_validation	HG03704	PK60	SAS	anchored_hprc_asian	DRB1	2	complete	1	1	1	2
exposed_validation	HG03704	PK60	SAS	anchored_hprc_asian	DRB1	4	complete	0	0	0	0
exposed_validation	HG03710	PK62	SAS	T1K	A	2	complete	1	1	1	2
exposed_validation	HG03710	PK62	SAS	T1K	A	4	complete	1	1	1	2
exposed_validation	HG03710	PK62	SAS	T1K	B	2	complete	1	1	1	2
exposed_validation	HG03710	PK62	SAS	T1K	B	4	complete	0	0	0	0
exposed_validation	HG03710	PK62	SAS	T1K	C	2	complete	1	1	1	2
exposed_validation	HG03710	PK62	SAS	T1K	C	4	complete	1	1	1	2
exposed_validation	HG03710	PK62	SAS	T1K	DPA1	2	complete	1	1	1	2
exposed_validation	HG03710	PK62	SAS	T1K	DPA1	4	complete	0	0	0	0
exposed_validation	HG03710	PK62	SAS	T1K	DPB1	2	complete	1	1	1	2
exposed_validation	HG03710	PK62	SAS	T1K	DPB1	4	complete	1	1	0	0
exposed_validation	HG03710	PK62	SAS	T1K	DQA1	2	complete	1	1	1	2
exposed_validation	HG03710	PK62	SAS	T1K	DQA1	4	complete	0	0	0	0
exposed_validation	HG03710	PK62	SAS	T1K	DQB1	2	complete	1	1	1	2
exposed_validation	HG03710	PK62	SAS	T1K	DQB1	4	complete	1	1	1	2
exposed_validation	HG03710	PK62	SAS	T1K	DRB1	2	complete	1	1	1	2
exposed_validation	HG03710	PK62	SAS	T1K	DRB1	4	complete	0	0	0	0
exposed_validation	HG03710	PK62	SAS	anchored_ipd_genome	A	2	complete	1	1	1	2
exposed_validation	HG03710	PK62	SAS	anchored_ipd_genome	A	4	complete	1	1	1	2
exposed_validation	HG03710	PK62	SAS	anchored_ipd_genome	B	2	complete	1	1	1	2
exposed_validation	HG03710	PK62	SAS	anchored_ipd_genome	B	4	complete	0	0	0	0
exposed_validation	HG03710	PK62	SAS	anchored_ipd_genome	C	2	complete	1	1	1	2
exposed_validation	HG03710	PK62	SAS	anchored_ipd_genome	C	4	complete	1	1	1	2
exposed_validation	HG03710	PK62	SAS	anchored_ipd_genome	DPA1	2	complete	1	1	1	2
exposed_validation	HG03710	PK62	SAS	anchored_ipd_genome	DPA1	4	complete	0	0	0	0
exposed_validation	HG03710	PK62	SAS	anchored_ipd_genome	DPB1	2	complete	1	1	1	2
exposed_validation	HG03710	PK62	SAS	anchored_ipd_genome	DPB1	4	complete	1	1	1	2
exposed_validation	HG03710	PK62	SAS	anchored_ipd_genome	DQA1	2	complete	1	1	1	2
exposed_validation	HG03710	PK62	SAS	anchored_ipd_genome	DQA1	4	complete	0	0	0	0
exposed_validation	HG03710	PK62	SAS	anchored_ipd_genome	DQB1	2	complete	1	1	1	2
exposed_validation	HG03710	PK62	SAS	anchored_ipd_genome	DQB1	4	complete	1	1	1	2
exposed_validation	HG03710	PK62	SAS	anchored_ipd_genome	DRB1	2	complete	1	1	1	2
exposed_validation	HG03710	PK62	SAS	anchored_ipd_genome	DRB1	4	complete	0	0	0	0
exposed_validation	HG03710	PK62	SAS	anchored_hprc	A	2	complete	1	1	1	2
exposed_validation	HG03710	PK62	SAS	anchored_hprc	A	4	complete	1	1	1	2
exposed_validation	HG03710	PK62	SAS	anchored_hprc	B	2	complete	1	1	1	2
exposed_validation	HG03710	PK62	SAS	anchored_hprc	B	4	complete	0	0	0	0
exposed_validation	HG03710	PK62	SAS	anchored_hprc	C	2	complete	1	1	1	2
exposed_validation	HG03710	PK62	SAS	anchored_hprc	C	4	complete	1	1	1	2
exposed_validation	HG03710	PK62	SAS	anchored_hprc	DPA1	2	complete	1	1	1	2
exposed_validation	HG03710	PK62	SAS	anchored_hprc	DPA1	4	complete	0	0	0	0
exposed_validation	HG03710	PK62	SAS	anchored_hprc	DPB1	2	complete	1	1	1	2
exposed_validation	HG03710	PK62	SAS	anchored_hprc	DPB1	4	complete	1	1	1	2
exposed_validation	HG03710	PK62	SAS	anchored_hprc	DQA1	2	complete	1	1	1	2
exposed_validation	HG03710	PK62	SAS	anchored_hprc	DQA1	4	complete	0	0	0	0
exposed_validation	HG03710	PK62	SAS	anchored_hprc	DQB1	2	complete	1	1	1	2
exposed_validation	HG03710	PK62	SAS	anchored_hprc	DQB1	4	complete	1	1	1	2
exposed_validation	HG03710	PK62	SAS	anchored_hprc	DRB1	2	complete	1	1	1	2
exposed_validation	HG03710	PK62	SAS	anchored_hprc	DRB1	4	complete	0	0	0	0
exposed_validation	HG03710	PK62	SAS	anchored_hprc_asian	A	2	complete	1	1	1	2
exposed_validation	HG03710	PK62	SAS	anchored_hprc_asian	A	4	complete	1	1	1	2
exposed_validation	HG03710	PK62	SAS	anchored_hprc_asian	B	2	complete	1	1	1	2
exposed_validation	HG03710	PK62	SAS	anchored_hprc_asian	B	4	complete	0	0	0	0
exposed_validation	HG03710	PK62	SAS	anchored_hprc_asian	C	2	complete	1	1	1	2
exposed_validation	HG03710	PK62	SAS	anchored_hprc_asian	C	4	complete	1	1	1	2
exposed_validation	HG03710	PK62	SAS	anchored_hprc_asian	DPA1	2	complete	1	1	1	2
exposed_validation	HG03710	PK62	SAS	anchored_hprc_asian	DPA1	4	complete	0	0	0	0
exposed_validation	HG03710	PK62	SAS	anchored_hprc_asian	DPB1	2	complete	1	1	1	2
exposed_validation	HG03710	PK62	SAS	anchored_hprc_asian	DPB1	4	complete	1	1	1	2
exposed_validation	HG03710	PK62	SAS	anchored_hprc_asian	DQA1	2	complete	1	1	1	2
exposed_validation	HG03710	PK62	SAS	anchored_hprc_asian	DQA1	4	complete	0	0	0	0
exposed_validation	HG03710	PK62	SAS	anchored_hprc_asian	DQB1	2	complete	1	1	1	2
exposed_validation	HG03710	PK62	SAS	anchored_hprc_asian	DQB1	4	complete	1	1	1	2
exposed_validation	HG03710	PK62	SAS	anchored_hprc_asian	DRB1	2	complete	1	1	1	2
exposed_validation	HG03710	PK62	SAS	anchored_hprc_asian	DRB1	4	complete	0	0	0	0
exposed_validation	HG03816	BD22	SAS	T1K	A	2	complete	1	1	1	2
exposed_validation	HG03816	BD22	SAS	T1K	A	4	complete	1	1	1	2
exposed_validation	HG03816	BD22	SAS	T1K	B	2	complete	1	1	1	2
exposed_validation	HG03816	BD22	SAS	T1K	B	4	complete	0	0	0	0
exposed_validation	HG03816	BD22	SAS	T1K	C	2	complete	1	1	1	2
exposed_validation	HG03816	BD22	SAS	T1K	C	4	complete	1	1	1	2
exposed_validation	HG03816	BD22	SAS	T1K	DPA1	2	complete	1	1	1	2
exposed_validation	HG03816	BD22	SAS	T1K	DPA1	4	complete	0	0	0	0
exposed_validation	HG03816	BD22	SAS	T1K	DPB1	2	complete	1	1	1	2
exposed_validation	HG03816	BD22	SAS	T1K	DPB1	4	complete	1	1	0	1
exposed_validation	HG03816	BD22	SAS	T1K	DQA1	2	complete	1	1	1	2
exposed_validation	HG03816	BD22	SAS	T1K	DQA1	4	complete	0	0	0	0
exposed_validation	HG03816	BD22	SAS	T1K	DQB1	2	complete	1	1	1	2
exposed_validation	HG03816	BD22	SAS	T1K	DQB1	4	complete	1	1	0	1
exposed_validation	HG03816	BD22	SAS	T1K	DRB1	2	complete	1	1	1	2
exposed_validation	HG03816	BD22	SAS	T1K	DRB1	4	complete	0	0	0	0
exposed_validation	HG03816	BD22	SAS	anchored_ipd_genome	A	2	complete	1	1	1	2
exposed_validation	HG03816	BD22	SAS	anchored_ipd_genome	A	4	complete	1	1	1	2
exposed_validation	HG03816	BD22	SAS	anchored_ipd_genome	B	2	complete	1	1	1	2
exposed_validation	HG03816	BD22	SAS	anchored_ipd_genome	B	4	complete	0	0	0	0
exposed_validation	HG03816	BD22	SAS	anchored_ipd_genome	C	2	complete	1	1	1	2
exposed_validation	HG03816	BD22	SAS	anchored_ipd_genome	C	4	complete	1	1	1	2
exposed_validation	HG03816	BD22	SAS	anchored_ipd_genome	DPA1	2	complete	1	1	1	2
exposed_validation	HG03816	BD22	SAS	anchored_ipd_genome	DPA1	4	complete	0	0	0	0
exposed_validation	HG03816	BD22	SAS	anchored_ipd_genome	DPB1	2	complete	1	1	1	2
exposed_validation	HG03816	BD22	SAS	anchored_ipd_genome	DPB1	4	complete	1	1	1	2
exposed_validation	HG03816	BD22	SAS	anchored_ipd_genome	DQA1	2	complete	1	1	1	2
exposed_validation	HG03816	BD22	SAS	anchored_ipd_genome	DQA1	4	complete	0	0	0	0
exposed_validation	HG03816	BD22	SAS	anchored_ipd_genome	DQB1	2	complete	1	1	1	2
exposed_validation	HG03816	BD22	SAS	anchored_ipd_genome	DQB1	4	complete	1	1	1	2
exposed_validation	HG03816	BD22	SAS	anchored_ipd_genome	DRB1	2	complete	1	1	1	2
exposed_validation	HG03816	BD22	SAS	anchored_ipd_genome	DRB1	4	complete	0	0	0	0
exposed_validation	HG03816	BD22	SAS	anchored_hprc	A	2	complete	1	1	1	2
exposed_validation	HG03816	BD22	SAS	anchored_hprc	A	4	complete	1	1	1	2
exposed_validation	HG03816	BD22	SAS	anchored_hprc	B	2	complete	1	1	1	2
exposed_validation	HG03816	BD22	SAS	anchored_hprc	B	4	complete	0	0	0	0
exposed_validation	HG03816	BD22	SAS	anchored_hprc	C	2	complete	1	1	1	2
exposed_validation	HG03816	BD22	SAS	anchored_hprc	C	4	complete	1	1	1	2
exposed_validation	HG03816	BD22	SAS	anchored_hprc	DPA1	2	complete	1	1	1	2
exposed_validation	HG03816	BD22	SAS	anchored_hprc	DPA1	4	complete	0	0	0	0
exposed_validation	HG03816	BD22	SAS	anchored_hprc	DPB1	2	complete	1	1	1	2
exposed_validation	HG03816	BD22	SAS	anchored_hprc	DPB1	4	complete	1	1	1	2
exposed_validation	HG03816	BD22	SAS	anchored_hprc	DQA1	2	complete	1	1	1	2
exposed_validation	HG03816	BD22	SAS	anchored_hprc	DQA1	4	complete	0	0	0	0
exposed_validation	HG03816	BD22	SAS	anchored_hprc	DQB1	2	complete	1	1	1	2
exposed_validation	HG03816	BD22	SAS	anchored_hprc	DQB1	4	complete	1	1	1	2
exposed_validation	HG03816	BD22	SAS	anchored_hprc	DRB1	2	complete	1	1	1	2
exposed_validation	HG03816	BD22	SAS	anchored_hprc	DRB1	4	complete	0	0	0	0
exposed_validation	HG03816	BD22	SAS	anchored_hprc_asian	A	2	complete	1	1	1	2
exposed_validation	HG03816	BD22	SAS	anchored_hprc_asian	A	4	complete	1	1	1	2
exposed_validation	HG03816	BD22	SAS	anchored_hprc_asian	B	2	complete	1	1	1	2
exposed_validation	HG03816	BD22	SAS	anchored_hprc_asian	B	4	complete	0	0	0	0
exposed_validation	HG03816	BD22	SAS	anchored_hprc_asian	C	2	complete	1	1	1	2
exposed_validation	HG03816	BD22	SAS	anchored_hprc_asian	C	4	complete	1	1	1	2
exposed_validation	HG03816	BD22	SAS	anchored_hprc_asian	DPA1	2	complete	1	1	1	2
exposed_validation	HG03816	BD22	SAS	anchored_hprc_asian	DPA1	4	complete	0	0	0	0
exposed_validation	HG03816	BD22	SAS	anchored_hprc_asian	DPB1	2	complete	1	1	1	2
exposed_validation	HG03816	BD22	SAS	anchored_hprc_asian	DPB1	4	complete	1	1	1	2
exposed_validation	HG03816	BD22	SAS	anchored_hprc_asian	DQA1	2	complete	1	1	1	2
exposed_validation	HG03816	BD22	SAS	anchored_hprc_asian	DQA1	4	complete	0	0	0	0
exposed_validation	HG03816	BD22	SAS	anchored_hprc_asian	DQB1	2	complete	1	1	1	2
exposed_validation	HG03816	BD22	SAS	anchored_hprc_asian	DQB1	4	complete	1	1	1	2
exposed_validation	HG03816	BD22	SAS	anchored_hprc_asian	DRB1	2	complete	1	1	1	2
exposed_validation	HG03816	BD22	SAS	anchored_hprc_asian	DRB1	4	complete	0	0	0	0
exposed_validation	HG03834	BD28	SAS	T1K	A	2	complete	1	1	1	2
exposed_validation	HG03834	BD28	SAS	T1K	A	4	complete	1	1	1	2
exposed_validation	HG03834	BD28	SAS	T1K	B	2	complete	1	1	1	2
exposed_validation	HG03834	BD28	SAS	T1K	B	4	complete	0	0	0	0
exposed_validation	HG03834	BD28	SAS	T1K	C	2	complete	1	1	1	2
exposed_validation	HG03834	BD28	SAS	T1K	C	4	complete	1	1	1	2
exposed_validation	HG03834	BD28	SAS	T1K	DPA1	2	complete	1	1	1	2
exposed_validation	HG03834	BD28	SAS	T1K	DPA1	4	complete	0	0	0	0
exposed_validation	HG03834	BD28	SAS	T1K	DPB1	2	complete	1	1	1	2
exposed_validation	HG03834	BD28	SAS	T1K	DPB1	4	complete	1	1	0	1
exposed_validation	HG03834	BD28	SAS	T1K	DQA1	2	complete	1	1	1	2
exposed_validation	HG03834	BD28	SAS	T1K	DQA1	4	complete	1	1	1	2
exposed_validation	HG03834	BD28	SAS	T1K	DQB1	2	complete	1	1	1	2
exposed_validation	HG03834	BD28	SAS	T1K	DQB1	4	complete	1	1	0	1
exposed_validation	HG03834	BD28	SAS	T1K	DRB1	2	complete	1	1	1	2
exposed_validation	HG03834	BD28	SAS	T1K	DRB1	4	complete	0	0	0	0
exposed_validation	HG03834	BD28	SAS	anchored_ipd_genome	A	2	complete	1	1	1	2
exposed_validation	HG03834	BD28	SAS	anchored_ipd_genome	A	4	complete	1	1	1	2
exposed_validation	HG03834	BD28	SAS	anchored_ipd_genome	B	2	complete	1	1	1	2
exposed_validation	HG03834	BD28	SAS	anchored_ipd_genome	B	4	complete	0	0	0	0
exposed_validation	HG03834	BD28	SAS	anchored_ipd_genome	C	2	complete	1	1	1	2
exposed_validation	HG03834	BD28	SAS	anchored_ipd_genome	C	4	complete	1	1	1	2
exposed_validation	HG03834	BD28	SAS	anchored_ipd_genome	DPA1	2	complete	1	1	1	2
exposed_validation	HG03834	BD28	SAS	anchored_ipd_genome	DPA1	4	complete	0	0	0	0
exposed_validation	HG03834	BD28	SAS	anchored_ipd_genome	DPB1	2	complete	1	1	1	2
exposed_validation	HG03834	BD28	SAS	anchored_ipd_genome	DPB1	4	complete	1	1	1	2
exposed_validation	HG03834	BD28	SAS	anchored_ipd_genome	DQA1	2	complete	1	1	1	2
exposed_validation	HG03834	BD28	SAS	anchored_ipd_genome	DQA1	4	complete	1	1	1	2
exposed_validation	HG03834	BD28	SAS	anchored_ipd_genome	DQB1	2	complete	1	1	1	2
exposed_validation	HG03834	BD28	SAS	anchored_ipd_genome	DQB1	4	complete	1	1	1	2
exposed_validation	HG03834	BD28	SAS	anchored_ipd_genome	DRB1	2	complete	1	1	1	2
exposed_validation	HG03834	BD28	SAS	anchored_ipd_genome	DRB1	4	complete	0	0	0	0
exposed_validation	HG03834	BD28	SAS	anchored_hprc	A	2	complete	1	1	1	2
exposed_validation	HG03834	BD28	SAS	anchored_hprc	A	4	complete	1	1	1	2
exposed_validation	HG03834	BD28	SAS	anchored_hprc	B	2	complete	1	1	1	2
exposed_validation	HG03834	BD28	SAS	anchored_hprc	B	4	complete	0	0	0	0
exposed_validation	HG03834	BD28	SAS	anchored_hprc	C	2	complete	1	1	1	2
exposed_validation	HG03834	BD28	SAS	anchored_hprc	C	4	complete	1	1	1	2
exposed_validation	HG03834	BD28	SAS	anchored_hprc	DPA1	2	complete	1	1	1	2
exposed_validation	HG03834	BD28	SAS	anchored_hprc	DPA1	4	complete	0	0	0	0
exposed_validation	HG03834	BD28	SAS	anchored_hprc	DPB1	2	complete	1	1	1	2
exposed_validation	HG03834	BD28	SAS	anchored_hprc	DPB1	4	complete	1	1	1	2
exposed_validation	HG03834	BD28	SAS	anchored_hprc	DQA1	2	complete	1	1	1	2
exposed_validation	HG03834	BD28	SAS	anchored_hprc	DQA1	4	complete	1	1	1	2
exposed_validation	HG03834	BD28	SAS	anchored_hprc	DQB1	2	complete	1	1	1	2
exposed_validation	HG03834	BD28	SAS	anchored_hprc	DQB1	4	complete	1	1	1	2
exposed_validation	HG03834	BD28	SAS	anchored_hprc	DRB1	2	complete	1	1	1	2
exposed_validation	HG03834	BD28	SAS	anchored_hprc	DRB1	4	complete	0	0	0	0
exposed_validation	HG03834	BD28	SAS	anchored_hprc_asian	A	2	complete	1	1	1	2
exposed_validation	HG03834	BD28	SAS	anchored_hprc_asian	A	4	complete	1	1	1	2
exposed_validation	HG03834	BD28	SAS	anchored_hprc_asian	B	2	complete	1	1	1	2
exposed_validation	HG03834	BD28	SAS	anchored_hprc_asian	B	4	complete	0	0	0	0
exposed_validation	HG03834	BD28	SAS	anchored_hprc_asian	C	2	complete	1	1	1	2
exposed_validation	HG03834	BD28	SAS	anchored_hprc_asian	C	4	complete	1	1	1	2
exposed_validation	HG03834	BD28	SAS	anchored_hprc_asian	DPA1	2	complete	1	1	1	2
exposed_validation	HG03834	BD28	SAS	anchored_hprc_asian	DPA1	4	complete	0	0	0	0
exposed_validation	HG03834	BD28	SAS	anchored_hprc_asian	DPB1	2	complete	1	1	1	2
exposed_validation	HG03834	BD28	SAS	anchored_hprc_asian	DPB1	4	complete	1	1	1	2
exposed_validation	HG03834	BD28	SAS	anchored_hprc_asian	DQA1	2	complete	1	1	1	2
exposed_validation	HG03834	BD28	SAS	anchored_hprc_asian	DQA1	4	complete	1	1	1	2
exposed_validation	HG03834	BD28	SAS	anchored_hprc_asian	DQB1	2	complete	1	1	1	2
exposed_validation	HG03834	BD28	SAS	anchored_hprc_asian	DQB1	4	complete	1	1	1	2
exposed_validation	HG03834	BD28	SAS	anchored_hprc_asian	DRB1	2	complete	1	1	1	2
exposed_validation	HG03834	BD28	SAS	anchored_hprc_asian	DRB1	4	complete	0	0	0	0
exposed_validation	HG03942	BD42	SAS	T1K	A	2	complete	1	1	1	2
exposed_validation	HG03942	BD42	SAS	T1K	A	4	complete	1	1	1	2
exposed_validation	HG03942	BD42	SAS	T1K	B	2	complete	1	1	1	2
exposed_validation	HG03942	BD42	SAS	T1K	B	4	complete	0	0	0	0
exposed_validation	HG03942	BD42	SAS	T1K	C	2	complete	1	1	1	2
exposed_validation	HG03942	BD42	SAS	T1K	C	4	complete	1	1	1	2
exposed_validation	HG03942	BD42	SAS	T1K	DPA1	2	complete	1	1	1	2
exposed_validation	HG03942	BD42	SAS	T1K	DPA1	4	complete	1	1	0	1
exposed_validation	HG03942	BD42	SAS	T1K	DPB1	2	complete	1	1	1	2
exposed_validation	HG03942	BD42	SAS	T1K	DPB1	4	complete	1	1	0	0
exposed_validation	HG03942	BD42	SAS	T1K	DQA1	2	complete	1	1	1	2
exposed_validation	HG03942	BD42	SAS	T1K	DQA1	4	complete	1	1	1	2
exposed_validation	HG03942	BD42	SAS	T1K	DQB1	2	complete	1	1	1	2
exposed_validation	HG03942	BD42	SAS	T1K	DQB1	4	complete	1	1	1	2
exposed_validation	HG03942	BD42	SAS	T1K	DRB1	2	complete	1	1	1	2
exposed_validation	HG03942	BD42	SAS	T1K	DRB1	4	complete	1	1	1	2
exposed_validation	HG03942	BD42	SAS	anchored_ipd_genome	A	2	complete	1	1	1	2
exposed_validation	HG03942	BD42	SAS	anchored_ipd_genome	A	4	complete	1	1	1	2
exposed_validation	HG03942	BD42	SAS	anchored_ipd_genome	B	2	complete	1	1	1	2
exposed_validation	HG03942	BD42	SAS	anchored_ipd_genome	B	4	complete	0	0	0	0
exposed_validation	HG03942	BD42	SAS	anchored_ipd_genome	C	2	complete	1	1	1	2
exposed_validation	HG03942	BD42	SAS	anchored_ipd_genome	C	4	complete	1	1	1	2
exposed_validation	HG03942	BD42	SAS	anchored_ipd_genome	DPA1	2	complete	1	1	1	2
exposed_validation	HG03942	BD42	SAS	anchored_ipd_genome	DPA1	4	complete	1	1	1	2
exposed_validation	HG03942	BD42	SAS	anchored_ipd_genome	DPB1	2	complete	1	1	1	2
exposed_validation	HG03942	BD42	SAS	anchored_ipd_genome	DPB1	4	complete	1	1	1	2
exposed_validation	HG03942	BD42	SAS	anchored_ipd_genome	DQA1	2	complete	1	1	1	2
exposed_validation	HG03942	BD42	SAS	anchored_ipd_genome	DQA1	4	complete	1	1	1	2
exposed_validation	HG03942	BD42	SAS	anchored_ipd_genome	DQB1	2	complete	1	1	1	2
exposed_validation	HG03942	BD42	SAS	anchored_ipd_genome	DQB1	4	complete	1	1	1	2
exposed_validation	HG03942	BD42	SAS	anchored_ipd_genome	DRB1	2	complete	1	1	1	2
exposed_validation	HG03942	BD42	SAS	anchored_ipd_genome	DRB1	4	complete	1	1	0	1
exposed_validation	HG03942	BD42	SAS	anchored_hprc	A	2	complete	1	1	1	2
exposed_validation	HG03942	BD42	SAS	anchored_hprc	A	4	complete	1	1	1	2
exposed_validation	HG03942	BD42	SAS	anchored_hprc	B	2	complete	1	1	1	2
exposed_validation	HG03942	BD42	SAS	anchored_hprc	B	4	complete	0	0	0	0
exposed_validation	HG03942	BD42	SAS	anchored_hprc	C	2	complete	1	1	1	2
exposed_validation	HG03942	BD42	SAS	anchored_hprc	C	4	complete	1	1	1	2
exposed_validation	HG03942	BD42	SAS	anchored_hprc	DPA1	2	complete	1	1	1	2
exposed_validation	HG03942	BD42	SAS	anchored_hprc	DPA1	4	complete	1	1	1	2
exposed_validation	HG03942	BD42	SAS	anchored_hprc	DPB1	2	complete	1	1	1	2
exposed_validation	HG03942	BD42	SAS	anchored_hprc	DPB1	4	complete	1	1	1	2
exposed_validation	HG03942	BD42	SAS	anchored_hprc	DQA1	2	complete	1	1	1	2
exposed_validation	HG03942	BD42	SAS	anchored_hprc	DQA1	4	complete	1	1	1	2
exposed_validation	HG03942	BD42	SAS	anchored_hprc	DQB1	2	complete	1	1	1	2
exposed_validation	HG03942	BD42	SAS	anchored_hprc	DQB1	4	complete	1	1	1	2
exposed_validation	HG03942	BD42	SAS	anchored_hprc	DRB1	2	complete	1	1	1	2
exposed_validation	HG03942	BD42	SAS	anchored_hprc	DRB1	4	complete	1	1	0	1
exposed_validation	HG03942	BD42	SAS	anchored_hprc_asian	A	2	complete	1	1	1	2
exposed_validation	HG03942	BD42	SAS	anchored_hprc_asian	A	4	complete	1	1	1	2
exposed_validation	HG03942	BD42	SAS	anchored_hprc_asian	B	2	complete	1	1	1	2
exposed_validation	HG03942	BD42	SAS	anchored_hprc_asian	B	4	complete	0	0	0	0
exposed_validation	HG03942	BD42	SAS	anchored_hprc_asian	C	2	complete	1	1	1	2
exposed_validation	HG03942	BD42	SAS	anchored_hprc_asian	C	4	complete	1	1	1	2
exposed_validation	HG03942	BD42	SAS	anchored_hprc_asian	DPA1	2	complete	1	1	1	2
exposed_validation	HG03942	BD42	SAS	anchored_hprc_asian	DPA1	4	complete	1	1	1	2
exposed_validation	HG03942	BD42	SAS	anchored_hprc_asian	DPB1	2	complete	1	1	1	2
exposed_validation	HG03942	BD42	SAS	anchored_hprc_asian	DPB1	4	complete	1	1	1	2
exposed_validation	HG03942	BD42	SAS	anchored_hprc_asian	DQA1	2	complete	1	1	1	2
exposed_validation	HG03942	BD42	SAS	anchored_hprc_asian	DQA1	4	complete	1	1	1	2
exposed_validation	HG03942	BD42	SAS	anchored_hprc_asian	DQB1	2	complete	1	1	1	2
exposed_validation	HG03942	BD42	SAS	anchored_hprc_asian	DQB1	4	complete	1	1	1	2
exposed_validation	HG03942	BD42	SAS	anchored_hprc_asian	DRB1	2	complete	1	1	1	2
exposed_validation	HG03942	BD42	SAS	anchored_hprc_asian	DRB1	4	complete	1	1	0	1
exposed_validation	HG04160	BD53	SAS	T1K	A	2	complete	1	1	1	2
exposed_validation	HG04160	BD53	SAS	T1K	A	4	complete	1	1	1	2
exposed_validation	HG04160	BD53	SAS	T1K	B	2	complete	1	1	1	2
exposed_validation	HG04160	BD53	SAS	T1K	B	4	complete	1	1	1	2
exposed_validation	HG04160	BD53	SAS	T1K	C	2	complete	1	1	1	2
exposed_validation	HG04160	BD53	SAS	T1K	C	4	complete	0	0	0	0
exposed_validation	HG04160	BD53	SAS	T1K	DPA1	2	complete	1	1	1	2
exposed_validation	HG04160	BD53	SAS	T1K	DPA1	4	complete	0	0	0	0
exposed_validation	HG04160	BD53	SAS	T1K	DPB1	2	complete	1	1	1	2
exposed_validation	HG04160	BD53	SAS	T1K	DPB1	4	complete	1	1	1	2
exposed_validation	HG04160	BD53	SAS	T1K	DQA1	2	complete	1	1	1	2
exposed_validation	HG04160	BD53	SAS	T1K	DQA1	4	complete	0	0	0	0
exposed_validation	HG04160	BD53	SAS	T1K	DQB1	2	complete	1	1	1	2
exposed_validation	HG04160	BD53	SAS	T1K	DQB1	4	complete	1	1	0	1
exposed_validation	HG04160	BD53	SAS	T1K	DRB1	2	complete	1	1	1	2
exposed_validation	HG04160	BD53	SAS	T1K	DRB1	4	complete	0	0	0	0
exposed_validation	HG04160	BD53	SAS	anchored_ipd_genome	A	2	complete	1	1	1	2
exposed_validation	HG04160	BD53	SAS	anchored_ipd_genome	A	4	complete	1	1	1	2
exposed_validation	HG04160	BD53	SAS	anchored_ipd_genome	B	2	complete	1	1	1	2
exposed_validation	HG04160	BD53	SAS	anchored_ipd_genome	B	4	complete	1	1	1	2
exposed_validation	HG04160	BD53	SAS	anchored_ipd_genome	C	2	complete	1	1	1	2
exposed_validation	HG04160	BD53	SAS	anchored_ipd_genome	C	4	complete	0	0	0	0
exposed_validation	HG04160	BD53	SAS	anchored_ipd_genome	DPA1	2	complete	1	1	1	2
exposed_validation	HG04160	BD53	SAS	anchored_ipd_genome	DPA1	4	complete	0	0	0	0
exposed_validation	HG04160	BD53	SAS	anchored_ipd_genome	DPB1	2	complete	1	1	1	2
exposed_validation	HG04160	BD53	SAS	anchored_ipd_genome	DPB1	4	complete	1	1	1	2
exposed_validation	HG04160	BD53	SAS	anchored_ipd_genome	DQA1	2	complete	1	1	1	2
exposed_validation	HG04160	BD53	SAS	anchored_ipd_genome	DQA1	4	complete	0	0	0	0
exposed_validation	HG04160	BD53	SAS	anchored_ipd_genome	DQB1	2	complete	1	1	1	2
exposed_validation	HG04160	BD53	SAS	anchored_ipd_genome	DQB1	4	complete	1	1	1	2
exposed_validation	HG04160	BD53	SAS	anchored_ipd_genome	DRB1	2	complete	1	1	1	2
exposed_validation	HG04160	BD53	SAS	anchored_ipd_genome	DRB1	4	complete	0	0	0	0
exposed_validation	HG04160	BD53	SAS	anchored_hprc	A	2	complete	1	1	1	2
exposed_validation	HG04160	BD53	SAS	anchored_hprc	A	4	complete	1	1	1	2
exposed_validation	HG04160	BD53	SAS	anchored_hprc	B	2	complete	1	1	1	2
exposed_validation	HG04160	BD53	SAS	anchored_hprc	B	4	complete	1	1	1	2
exposed_validation	HG04160	BD53	SAS	anchored_hprc	C	2	complete	1	1	1	2
exposed_validation	HG04160	BD53	SAS	anchored_hprc	C	4	complete	0	0	0	0
exposed_validation	HG04160	BD53	SAS	anchored_hprc	DPA1	2	complete	1	1	1	2
exposed_validation	HG04160	BD53	SAS	anchored_hprc	DPA1	4	complete	0	0	0	0
exposed_validation	HG04160	BD53	SAS	anchored_hprc	DPB1	2	complete	1	1	1	2
exposed_validation	HG04160	BD53	SAS	anchored_hprc	DPB1	4	complete	1	1	1	2
exposed_validation	HG04160	BD53	SAS	anchored_hprc	DQA1	2	complete	1	1	1	2
exposed_validation	HG04160	BD53	SAS	anchored_hprc	DQA1	4	complete	0	0	0	0
exposed_validation	HG04160	BD53	SAS	anchored_hprc	DQB1	2	complete	1	1	1	2
exposed_validation	HG04160	BD53	SAS	anchored_hprc	DQB1	4	complete	1	1	1	2
exposed_validation	HG04160	BD53	SAS	anchored_hprc	DRB1	2	complete	1	1	1	2
exposed_validation	HG04160	BD53	SAS	anchored_hprc	DRB1	4	complete	0	0	0	0
exposed_validation	HG04160	BD53	SAS	anchored_hprc_asian	A	2	complete	1	1	1	2
exposed_validation	HG04160	BD53	SAS	anchored_hprc_asian	A	4	complete	1	1	1	2
exposed_validation	HG04160	BD53	SAS	anchored_hprc_asian	B	2	complete	1	1	1	2
exposed_validation	HG04160	BD53	SAS	anchored_hprc_asian	B	4	complete	1	1	1	2
exposed_validation	HG04160	BD53	SAS	anchored_hprc_asian	C	2	complete	1	1	1	2
exposed_validation	HG04160	BD53	SAS	anchored_hprc_asian	C	4	complete	0	0	0	0
exposed_validation	HG04160	BD53	SAS	anchored_hprc_asian	DPA1	2	complete	1	1	1	2
exposed_validation	HG04160	BD53	SAS	anchored_hprc_asian	DPA1	4	complete	0	0	0	0
exposed_validation	HG04160	BD53	SAS	anchored_hprc_asian	DPB1	2	complete	1	1	1	2
exposed_validation	HG04160	BD53	SAS	anchored_hprc_asian	DPB1	4	complete	1	1	1	2
exposed_validation	HG04160	BD53	SAS	anchored_hprc_asian	DQA1	2	complete	1	1	1	2
exposed_validation	HG04160	BD53	SAS	anchored_hprc_asian	DQA1	4	complete	0	0	0	0
exposed_validation	HG04160	BD53	SAS	anchored_hprc_asian	DQB1	2	complete	1	1	1	2
exposed_validation	HG04160	BD53	SAS	anchored_hprc_asian	DQB1	4	complete	1	1	1	2
exposed_validation	HG04160	BD53	SAS	anchored_hprc_asian	DRB1	2	complete	1	1	1	2
exposed_validation	HG04160	BD53	SAS	anchored_hprc_asian	DRB1	4	complete	0	0	0	0
exposed_validation	HG04184	BD61	SAS	T1K	A	2	complete	1	1	1	2
exposed_validation	HG04184	BD61	SAS	T1K	A	4	complete	1	1	1	2
exposed_validation	HG04184	BD61	SAS	T1K	B	2	complete	1	1	1	2
exposed_validation	HG04184	BD61	SAS	T1K	B	4	complete	1	1	0	1
exposed_validation	HG04184	BD61	SAS	T1K	C	2	complete	1	1	1	2
exposed_validation	HG04184	BD61	SAS	T1K	C	4	complete	1	1	1	2
exposed_validation	HG04184	BD61	SAS	T1K	DPA1	2	complete	1	1	1	2
exposed_validation	HG04184	BD61	SAS	T1K	DPA1	4	complete	0	0	0	0
exposed_validation	HG04184	BD61	SAS	T1K	DPB1	2	complete	1	1	1	2
exposed_validation	HG04184	BD61	SAS	T1K	DPB1	4	complete	1	1	1	2
exposed_validation	HG04184	BD61	SAS	T1K	DQA1	2	complete	1	1	1	2
exposed_validation	HG04184	BD61	SAS	T1K	DQA1	4	complete	1	1	1	2
exposed_validation	HG04184	BD61	SAS	T1K	DQB1	2	complete	1	1	1	2
exposed_validation	HG04184	BD61	SAS	T1K	DQB1	4	complete	1	1	0	0
exposed_validation	HG04184	BD61	SAS	T1K	DRB1	2	complete	1	1	1	2
exposed_validation	HG04184	BD61	SAS	T1K	DRB1	4	complete	0	0	0	0
exposed_validation	HG04184	BD61	SAS	anchored_ipd_genome	A	2	complete	1	1	1	2
exposed_validation	HG04184	BD61	SAS	anchored_ipd_genome	A	4	complete	1	1	1	2
exposed_validation	HG04184	BD61	SAS	anchored_ipd_genome	B	2	complete	1	1	1	2
exposed_validation	HG04184	BD61	SAS	anchored_ipd_genome	B	4	complete	1	1	1	2
exposed_validation	HG04184	BD61	SAS	anchored_ipd_genome	C	2	complete	1	1	1	2
exposed_validation	HG04184	BD61	SAS	anchored_ipd_genome	C	4	complete	1	1	1	2
exposed_validation	HG04184	BD61	SAS	anchored_ipd_genome	DPA1	2	complete	1	1	1	2
exposed_validation	HG04184	BD61	SAS	anchored_ipd_genome	DPA1	4	complete	0	0	0	0
exposed_validation	HG04184	BD61	SAS	anchored_ipd_genome	DPB1	2	complete	1	1	1	2
exposed_validation	HG04184	BD61	SAS	anchored_ipd_genome	DPB1	4	complete	1	1	1	2
exposed_validation	HG04184	BD61	SAS	anchored_ipd_genome	DQA1	2	complete	1	1	1	2
exposed_validation	HG04184	BD61	SAS	anchored_ipd_genome	DQA1	4	complete	1	1	0	1
exposed_validation	HG04184	BD61	SAS	anchored_ipd_genome	DQB1	2	complete	1	1	1	2
exposed_validation	HG04184	BD61	SAS	anchored_ipd_genome	DQB1	4	complete	1	1	1	2
exposed_validation	HG04184	BD61	SAS	anchored_ipd_genome	DRB1	2	complete	1	1	1	2
exposed_validation	HG04184	BD61	SAS	anchored_ipd_genome	DRB1	4	complete	0	0	0	0
exposed_validation	HG04184	BD61	SAS	anchored_hprc	A	2	complete	1	1	1	2
exposed_validation	HG04184	BD61	SAS	anchored_hprc	A	4	complete	1	1	1	2
exposed_validation	HG04184	BD61	SAS	anchored_hprc	B	2	complete	1	1	1	2
exposed_validation	HG04184	BD61	SAS	anchored_hprc	B	4	complete	1	1	1	2
exposed_validation	HG04184	BD61	SAS	anchored_hprc	C	2	complete	1	1	1	2
exposed_validation	HG04184	BD61	SAS	anchored_hprc	C	4	complete	1	1	1	2
exposed_validation	HG04184	BD61	SAS	anchored_hprc	DPA1	2	complete	1	1	1	2
exposed_validation	HG04184	BD61	SAS	anchored_hprc	DPA1	4	complete	0	0	0	0
exposed_validation	HG04184	BD61	SAS	anchored_hprc	DPB1	2	complete	1	1	1	2
exposed_validation	HG04184	BD61	SAS	anchored_hprc	DPB1	4	complete	1	1	1	2
exposed_validation	HG04184	BD61	SAS	anchored_hprc	DQA1	2	complete	1	1	1	2
exposed_validation	HG04184	BD61	SAS	anchored_hprc	DQA1	4	complete	1	1	0	1
exposed_validation	HG04184	BD61	SAS	anchored_hprc	DQB1	2	complete	1	1	1	2
exposed_validation	HG04184	BD61	SAS	anchored_hprc	DQB1	4	complete	1	1	1	2
exposed_validation	HG04184	BD61	SAS	anchored_hprc	DRB1	2	complete	1	1	1	2
exposed_validation	HG04184	BD61	SAS	anchored_hprc	DRB1	4	complete	0	0	0	0
exposed_validation	HG04184	BD61	SAS	anchored_hprc_asian	A	2	complete	1	1	1	2
exposed_validation	HG04184	BD61	SAS	anchored_hprc_asian	A	4	complete	1	1	1	2
exposed_validation	HG04184	BD61	SAS	anchored_hprc_asian	B	2	complete	1	1	1	2
exposed_validation	HG04184	BD61	SAS	anchored_hprc_asian	B	4	complete	1	1	1	2
exposed_validation	HG04184	BD61	SAS	anchored_hprc_asian	C	2	complete	1	1	1	2
exposed_validation	HG04184	BD61	SAS	anchored_hprc_asian	C	4	complete	1	1	1	2
exposed_validation	HG04184	BD61	SAS	anchored_hprc_asian	DPA1	2	complete	1	1	1	2
exposed_validation	HG04184	BD61	SAS	anchored_hprc_asian	DPA1	4	complete	0	0	0	0
exposed_validation	HG04184	BD61	SAS	anchored_hprc_asian	DPB1	2	complete	1	1	1	2
exposed_validation	HG04184	BD61	SAS	anchored_hprc_asian	DPB1	4	complete	1	1	1	2
exposed_validation	HG04184	BD61	SAS	anchored_hprc_asian	DQA1	2	complete	1	1	1	2
exposed_validation	HG04184	BD61	SAS	anchored_hprc_asian	DQA1	4	complete	1	1	0	1
exposed_validation	HG04184	BD61	SAS	anchored_hprc_asian	DQB1	2	complete	1	1	1	2
exposed_validation	HG04184	BD61	SAS	anchored_hprc_asian	DQB1	4	complete	1	1	1	2
exposed_validation	HG04184	BD61	SAS	anchored_hprc_asian	DRB1	2	complete	1	1	1	2
exposed_validation	HG04184	BD61	SAS	anchored_hprc_asian	DRB1	4	complete	0	0	0	0
exposed_validation	HG04228	ST232	SAS	T1K	A	2	complete	1	1	1	2
exposed_validation	HG04228	ST232	SAS	T1K	A	4	complete	1	1	1	2
exposed_validation	HG04228	ST232	SAS	T1K	B	2	complete	1	1	1	2
exposed_validation	HG04228	ST232	SAS	T1K	B	4	complete	1	0	0	0
exposed_validation	HG04228	ST232	SAS	T1K	C	2	complete	1	1	1	2
exposed_validation	HG04228	ST232	SAS	T1K	C	4	complete	1	1	1	2
exposed_validation	HG04228	ST232	SAS	T1K	DPA1	2	complete	1	1	1	2
exposed_validation	HG04228	ST232	SAS	T1K	DPA1	4	complete	0	0	0	0
exposed_validation	HG04228	ST232	SAS	T1K	DPB1	2	complete	1	1	1	2
exposed_validation	HG04228	ST232	SAS	T1K	DPB1	4	complete	1	1	1	2
exposed_validation	HG04228	ST232	SAS	T1K	DQA1	2	complete	1	1	1	2
exposed_validation	HG04228	ST232	SAS	T1K	DQA1	4	complete	1	1	1	2
exposed_validation	HG04228	ST232	SAS	T1K	DQB1	2	complete	1	1	1	2
exposed_validation	HG04228	ST232	SAS	T1K	DQB1	4	complete	1	1	1	2
exposed_validation	HG04228	ST232	SAS	T1K	DRB1	2	complete	1	1	1	2
exposed_validation	HG04228	ST232	SAS	T1K	DRB1	4	complete	0	0	0	0
exposed_validation	HG04228	ST232	SAS	anchored_ipd_genome	A	2	complete	1	1	1	2
exposed_validation	HG04228	ST232	SAS	anchored_ipd_genome	A	4	complete	1	1	1	2
exposed_validation	HG04228	ST232	SAS	anchored_ipd_genome	B	2	complete	1	1	1	2
exposed_validation	HG04228	ST232	SAS	anchored_ipd_genome	B	4	complete	1	1	1	2
exposed_validation	HG04228	ST232	SAS	anchored_ipd_genome	C	2	complete	1	1	1	2
exposed_validation	HG04228	ST232	SAS	anchored_ipd_genome	C	4	complete	1	1	1	2
exposed_validation	HG04228	ST232	SAS	anchored_ipd_genome	DPA1	2	complete	1	1	1	2
exposed_validation	HG04228	ST232	SAS	anchored_ipd_genome	DPA1	4	complete	0	0	0	0
exposed_validation	HG04228	ST232	SAS	anchored_ipd_genome	DPB1	2	complete	1	1	1	2
exposed_validation	HG04228	ST232	SAS	anchored_ipd_genome	DPB1	4	complete	1	1	1	2
exposed_validation	HG04228	ST232	SAS	anchored_ipd_genome	DQA1	2	complete	1	1	1	2
exposed_validation	HG04228	ST232	SAS	anchored_ipd_genome	DQA1	4	complete	1	1	0	1
exposed_validation	HG04228	ST232	SAS	anchored_ipd_genome	DQB1	2	complete	1	1	1	2
exposed_validation	HG04228	ST232	SAS	anchored_ipd_genome	DQB1	4	complete	1	1	1	2
exposed_validation	HG04228	ST232	SAS	anchored_ipd_genome	DRB1	2	complete	1	1	1	2
exposed_validation	HG04228	ST232	SAS	anchored_ipd_genome	DRB1	4	complete	0	0	0	0
exposed_validation	HG04228	ST232	SAS	anchored_hprc	A	2	complete	1	1	1	2
exposed_validation	HG04228	ST232	SAS	anchored_hprc	A	4	complete	1	1	1	2
exposed_validation	HG04228	ST232	SAS	anchored_hprc	B	2	complete	1	1	1	2
exposed_validation	HG04228	ST232	SAS	anchored_hprc	B	4	complete	1	1	1	2
exposed_validation	HG04228	ST232	SAS	anchored_hprc	C	2	complete	1	1	1	2
exposed_validation	HG04228	ST232	SAS	anchored_hprc	C	4	complete	1	1	1	2
exposed_validation	HG04228	ST232	SAS	anchored_hprc	DPA1	2	complete	1	1	1	2
exposed_validation	HG04228	ST232	SAS	anchored_hprc	DPA1	4	complete	0	0	0	0
exposed_validation	HG04228	ST232	SAS	anchored_hprc	DPB1	2	complete	1	1	1	2
exposed_validation	HG04228	ST232	SAS	anchored_hprc	DPB1	4	complete	1	1	1	2
exposed_validation	HG04228	ST232	SAS	anchored_hprc	DQA1	2	complete	1	1	1	2
exposed_validation	HG04228	ST232	SAS	anchored_hprc	DQA1	4	complete	1	1	0	1
exposed_validation	HG04228	ST232	SAS	anchored_hprc	DQB1	2	complete	1	1	1	2
exposed_validation	HG04228	ST232	SAS	anchored_hprc	DQB1	4	complete	1	1	1	2
exposed_validation	HG04228	ST232	SAS	anchored_hprc	DRB1	2	complete	1	1	1	2
exposed_validation	HG04228	ST232	SAS	anchored_hprc	DRB1	4	complete	0	0	0	0
exposed_validation	HG04228	ST232	SAS	anchored_hprc_asian	A	2	complete	1	1	1	2
exposed_validation	HG04228	ST232	SAS	anchored_hprc_asian	A	4	complete	1	1	1	2
exposed_validation	HG04228	ST232	SAS	anchored_hprc_asian	B	2	complete	1	1	1	2
exposed_validation	HG04228	ST232	SAS	anchored_hprc_asian	B	4	complete	1	1	1	2
exposed_validation	HG04228	ST232	SAS	anchored_hprc_asian	C	2	complete	1	1	1	2
exposed_validation	HG04228	ST232	SAS	anchored_hprc_asian	C	4	complete	1	1	1	2
exposed_validation	HG04228	ST232	SAS	anchored_hprc_asian	DPA1	2	complete	1	1	1	2
exposed_validation	HG04228	ST232	SAS	anchored_hprc_asian	DPA1	4	complete	0	0	0	0
exposed_validation	HG04228	ST232	SAS	anchored_hprc_asian	DPB1	2	complete	1	1	1	2
exposed_validation	HG04228	ST232	SAS	anchored_hprc_asian	DPB1	4	complete	1	1	1	2
exposed_validation	HG04228	ST232	SAS	anchored_hprc_asian	DQA1	2	complete	1	1	1	2
exposed_validation	HG04228	ST232	SAS	anchored_hprc_asian	DQA1	4	complete	1	1	0	1
exposed_validation	HG04228	ST232	SAS	anchored_hprc_asian	DQB1	2	complete	1	1	1	2
exposed_validation	HG04228	ST232	SAS	anchored_hprc_asian	DQB1	4	complete	1	1	1	2
exposed_validation	HG04228	ST232	SAS	anchored_hprc_asian	DRB1	2	complete	1	1	1	2
exposed_validation	HG04228	ST232	SAS	anchored_hprc_asian	DRB1	4	complete	0	0	0	0
exposed_validation	NA18565	NA18565	EAS	T1K	A	2	complete	1	1	1	2
exposed_validation	NA18565	NA18565	EAS	T1K	A	4	complete	1	1	1	2
exposed_validation	NA18565	NA18565	EAS	T1K	B	2	complete	1	1	1	2
exposed_validation	NA18565	NA18565	EAS	T1K	B	4	complete	1	1	0	1
exposed_validation	NA18565	NA18565	EAS	T1K	C	2	complete	1	1	1	2
exposed_validation	NA18565	NA18565	EAS	T1K	C	4	complete	1	1	0	1
exposed_validation	NA18565	NA18565	EAS	T1K	DPA1	2	complete	1	1	1	2
exposed_validation	NA18565	NA18565	EAS	T1K	DPA1	4	complete	0	0	0	0
exposed_validation	NA18565	NA18565	EAS	T1K	DPB1	2	complete	1	1	1	2
exposed_validation	NA18565	NA18565	EAS	T1K	DPB1	4	complete	1	1	0	0
exposed_validation	NA18565	NA18565	EAS	T1K	DQA1	2	complete	1	1	1	2
exposed_validation	NA18565	NA18565	EAS	T1K	DQA1	4	complete	1	1	0	1
exposed_validation	NA18565	NA18565	EAS	T1K	DQB1	2	complete	1	1	1	2
exposed_validation	NA18565	NA18565	EAS	T1K	DQB1	4	complete	1	1	0	1
exposed_validation	NA18565	NA18565	EAS	T1K	DRB1	2	complete	1	1	1	2
exposed_validation	NA18565	NA18565	EAS	T1K	DRB1	4	complete	0	0	0	0
exposed_validation	NA18565	NA18565	EAS	anchored_ipd_genome	A	2	complete	1	1	1	2
exposed_validation	NA18565	NA18565	EAS	anchored_ipd_genome	A	4	complete	1	1	1	2
exposed_validation	NA18565	NA18565	EAS	anchored_ipd_genome	B	2	complete	1	1	1	2
exposed_validation	NA18565	NA18565	EAS	anchored_ipd_genome	B	4	complete	1	1	1	2
exposed_validation	NA18565	NA18565	EAS	anchored_ipd_genome	C	2	complete	1	1	1	2
exposed_validation	NA18565	NA18565	EAS	anchored_ipd_genome	C	4	complete	1	1	1	2
exposed_validation	NA18565	NA18565	EAS	anchored_ipd_genome	DPA1	2	complete	1	1	1	2
exposed_validation	NA18565	NA18565	EAS	anchored_ipd_genome	DPA1	4	complete	0	0	0	0
exposed_validation	NA18565	NA18565	EAS	anchored_ipd_genome	DPB1	2	complete	1	1	1	2
exposed_validation	NA18565	NA18565	EAS	anchored_ipd_genome	DPB1	4	complete	1	1	1	2
exposed_validation	NA18565	NA18565	EAS	anchored_ipd_genome	DQA1	2	complete	1	1	1	2
exposed_validation	NA18565	NA18565	EAS	anchored_ipd_genome	DQA1	4	complete	1	1	1	2
exposed_validation	NA18565	NA18565	EAS	anchored_ipd_genome	DQB1	2	complete	1	1	1	2
exposed_validation	NA18565	NA18565	EAS	anchored_ipd_genome	DQB1	4	complete	1	1	1	2
exposed_validation	NA18565	NA18565	EAS	anchored_ipd_genome	DRB1	2	complete	1	1	1	2
exposed_validation	NA18565	NA18565	EAS	anchored_ipd_genome	DRB1	4	complete	0	0	0	0
exposed_validation	NA18565	NA18565	EAS	anchored_hprc	A	2	complete	1	1	1	2
exposed_validation	NA18565	NA18565	EAS	anchored_hprc	A	4	complete	1	1	1	2
exposed_validation	NA18565	NA18565	EAS	anchored_hprc	B	2	complete	1	1	1	2
exposed_validation	NA18565	NA18565	EAS	anchored_hprc	B	4	complete	1	1	1	2
exposed_validation	NA18565	NA18565	EAS	anchored_hprc	C	2	complete	1	1	1	2
exposed_validation	NA18565	NA18565	EAS	anchored_hprc	C	4	complete	1	1	1	2
exposed_validation	NA18565	NA18565	EAS	anchored_hprc	DPA1	2	complete	1	1	1	2
exposed_validation	NA18565	NA18565	EAS	anchored_hprc	DPA1	4	complete	0	0	0	0
exposed_validation	NA18565	NA18565	EAS	anchored_hprc	DPB1	2	complete	1	1	1	2
exposed_validation	NA18565	NA18565	EAS	anchored_hprc	DPB1	4	complete	1	1	1	2
exposed_validation	NA18565	NA18565	EAS	anchored_hprc	DQA1	2	complete	1	1	1	2
exposed_validation	NA18565	NA18565	EAS	anchored_hprc	DQA1	4	complete	1	1	1	2
exposed_validation	NA18565	NA18565	EAS	anchored_hprc	DQB1	2	complete	1	1	1	2
exposed_validation	NA18565	NA18565	EAS	anchored_hprc	DQB1	4	complete	1	1	1	2
exposed_validation	NA18565	NA18565	EAS	anchored_hprc	DRB1	2	complete	1	1	1	2
exposed_validation	NA18565	NA18565	EAS	anchored_hprc	DRB1	4	complete	0	0	0	0
exposed_validation	NA18565	NA18565	EAS	anchored_hprc_asian	A	2	complete	1	1	1	2
exposed_validation	NA18565	NA18565	EAS	anchored_hprc_asian	A	4	complete	1	1	1	2
exposed_validation	NA18565	NA18565	EAS	anchored_hprc_asian	B	2	complete	1	1	1	2
exposed_validation	NA18565	NA18565	EAS	anchored_hprc_asian	B	4	complete	1	1	1	2
exposed_validation	NA18565	NA18565	EAS	anchored_hprc_asian	C	2	complete	1	1	1	2
exposed_validation	NA18565	NA18565	EAS	anchored_hprc_asian	C	4	complete	1	1	1	2
exposed_validation	NA18565	NA18565	EAS	anchored_hprc_asian	DPA1	2	complete	1	1	1	2
exposed_validation	NA18565	NA18565	EAS	anchored_hprc_asian	DPA1	4	complete	0	0	0	0
exposed_validation	NA18565	NA18565	EAS	anchored_hprc_asian	DPB1	2	complete	1	1	1	2
exposed_validation	NA18565	NA18565	EAS	anchored_hprc_asian	DPB1	4	complete	1	1	1	2
exposed_validation	NA18565	NA18565	EAS	anchored_hprc_asian	DQA1	2	complete	1	1	1	2
exposed_validation	NA18565	NA18565	EAS	anchored_hprc_asian	DQA1	4	complete	1	1	1	2
exposed_validation	NA18565	NA18565	EAS	anchored_hprc_asian	DQB1	2	complete	1	1	1	2
exposed_validation	NA18565	NA18565	EAS	anchored_hprc_asian	DQB1	4	complete	1	1	1	2
exposed_validation	NA18565	NA18565	EAS	anchored_hprc_asian	DRB1	2	complete	1	1	1	2
exposed_validation	NA18565	NA18565	EAS	anchored_hprc_asian	DRB1	4	complete	0	0	0	0
exposed_validation	NA18906	Y020	AFR	T1K	A	2	complete	1	1	1	2
exposed_validation	NA18906	Y020	AFR	T1K	A	4	complete	1	1	1	2
exposed_validation	NA18906	Y020	AFR	T1K	B	2	complete	1	1	1	2
exposed_validation	NA18906	Y020	AFR	T1K	B	4	complete	0	0	0	0
exposed_validation	NA18906	Y020	AFR	T1K	C	2	complete	1	1	1	2
exposed_validation	NA18906	Y020	AFR	T1K	C	4	complete	0	0	0	0
exposed_validation	NA18906	Y020	AFR	T1K	DPA1	2	complete	1	1	1	2
exposed_validation	NA18906	Y020	AFR	T1K	DPA1	4	complete	0	0	0	0
exposed_validation	NA18906	Y020	AFR	T1K	DPB1	2	complete	1	1	1	2
exposed_validation	NA18906	Y020	AFR	T1K	DPB1	4	complete	1	1	1	2
exposed_validation	NA18906	Y020	AFR	T1K	DQA1	2	complete	1	1	1	2
exposed_validation	NA18906	Y020	AFR	T1K	DQA1	4	complete	1	1	0	0
exposed_validation	NA18906	Y020	AFR	T1K	DQB1	2	complete	1	1	1	2
exposed_validation	NA18906	Y020	AFR	T1K	DQB1	4	complete	1	1	0	1
exposed_validation	NA18906	Y020	AFR	T1K	DRB1	2	complete	1	1	1	2
exposed_validation	NA18906	Y020	AFR	T1K	DRB1	4	complete	0	0	0	0
exposed_validation	NA18906	Y020	AFR	anchored_ipd_genome	A	2	complete	1	1	1	2
exposed_validation	NA18906	Y020	AFR	anchored_ipd_genome	A	4	complete	1	1	1	2
exposed_validation	NA18906	Y020	AFR	anchored_ipd_genome	B	2	complete	1	1	1	2
exposed_validation	NA18906	Y020	AFR	anchored_ipd_genome	B	4	complete	0	0	0	0
exposed_validation	NA18906	Y020	AFR	anchored_ipd_genome	C	2	complete	1	1	1	2
exposed_validation	NA18906	Y020	AFR	anchored_ipd_genome	C	4	complete	0	0	0	0
exposed_validation	NA18906	Y020	AFR	anchored_ipd_genome	DPA1	2	complete	1	1	1	2
exposed_validation	NA18906	Y020	AFR	anchored_ipd_genome	DPA1	4	complete	0	0	0	0
exposed_validation	NA18906	Y020	AFR	anchored_ipd_genome	DPB1	2	complete	1	1	1	2
exposed_validation	NA18906	Y020	AFR	anchored_ipd_genome	DPB1	4	complete	1	1	1	2
exposed_validation	NA18906	Y020	AFR	anchored_ipd_genome	DQA1	2	complete	1	1	1	2
exposed_validation	NA18906	Y020	AFR	anchored_ipd_genome	DQA1	4	complete	1	1	0	0
exposed_validation	NA18906	Y020	AFR	anchored_ipd_genome	DQB1	2	complete	1	1	1	2
exposed_validation	NA18906	Y020	AFR	anchored_ipd_genome	DQB1	4	complete	1	1	1	2
exposed_validation	NA18906	Y020	AFR	anchored_ipd_genome	DRB1	2	complete	1	1	1	2
exposed_validation	NA18906	Y020	AFR	anchored_ipd_genome	DRB1	4	complete	0	0	0	0
exposed_validation	NA18906	Y020	AFR	anchored_hprc	A	2	complete	1	1	1	2
exposed_validation	NA18906	Y020	AFR	anchored_hprc	A	4	complete	1	1	1	2
exposed_validation	NA18906	Y020	AFR	anchored_hprc	B	2	complete	1	1	1	2
exposed_validation	NA18906	Y020	AFR	anchored_hprc	B	4	complete	0	0	0	0
exposed_validation	NA18906	Y020	AFR	anchored_hprc	C	2	complete	1	1	1	2
exposed_validation	NA18906	Y020	AFR	anchored_hprc	C	4	complete	0	0	0	0
exposed_validation	NA18906	Y020	AFR	anchored_hprc	DPA1	2	complete	1	1	1	2
exposed_validation	NA18906	Y020	AFR	anchored_hprc	DPA1	4	complete	0	0	0	0
exposed_validation	NA18906	Y020	AFR	anchored_hprc	DPB1	2	complete	1	1	1	2
exposed_validation	NA18906	Y020	AFR	anchored_hprc	DPB1	4	complete	1	1	1	2
exposed_validation	NA18906	Y020	AFR	anchored_hprc	DQA1	2	complete	1	1	1	2
exposed_validation	NA18906	Y020	AFR	anchored_hprc	DQA1	4	complete	1	1	0	0
exposed_validation	NA18906	Y020	AFR	anchored_hprc	DQB1	2	complete	1	1	1	2
exposed_validation	NA18906	Y020	AFR	anchored_hprc	DQB1	4	complete	1	1	1	2
exposed_validation	NA18906	Y020	AFR	anchored_hprc	DRB1	2	complete	1	1	1	2
exposed_validation	NA18906	Y020	AFR	anchored_hprc	DRB1	4	complete	0	0	0	0
exposed_validation	NA18906	Y020	AFR	anchored_hprc_asian	A	2	complete	1	1	1	2
exposed_validation	NA18906	Y020	AFR	anchored_hprc_asian	A	4	complete	1	1	1	2
exposed_validation	NA18906	Y020	AFR	anchored_hprc_asian	B	2	complete	1	1	1	2
exposed_validation	NA18906	Y020	AFR	anchored_hprc_asian	B	4	complete	0	0	0	0
exposed_validation	NA18906	Y020	AFR	anchored_hprc_asian	C	2	complete	1	1	1	2
exposed_validation	NA18906	Y020	AFR	anchored_hprc_asian	C	4	complete	0	0	0	0
exposed_validation	NA18906	Y020	AFR	anchored_hprc_asian	DPA1	2	complete	1	1	1	2
exposed_validation	NA18906	Y020	AFR	anchored_hprc_asian	DPA1	4	complete	0	0	0	0
exposed_validation	NA18906	Y020	AFR	anchored_hprc_asian	DPB1	2	complete	1	1	1	2
exposed_validation	NA18906	Y020	AFR	anchored_hprc_asian	DPB1	4	complete	1	1	1	2
exposed_validation	NA18906	Y020	AFR	anchored_hprc_asian	DQA1	2	complete	1	1	1	2
exposed_validation	NA18906	Y020	AFR	anchored_hprc_asian	DQA1	4	complete	1	1	0	0
exposed_validation	NA18906	Y020	AFR	anchored_hprc_asian	DQB1	2	complete	1	1	1	2
exposed_validation	NA18906	Y020	AFR	anchored_hprc_asian	DQB1	4	complete	1	1	1	2
exposed_validation	NA18906	Y020	AFR	anchored_hprc_asian	DRB1	2	complete	1	1	1	2
exposed_validation	NA18906	Y020	AFR	anchored_hprc_asian	DRB1	4	complete	0	0	0	0
exposed_validation	NA18982	NA18982	EAS	T1K	A	2	complete	1	1	1	2
exposed_validation	NA18982	NA18982	EAS	T1K	A	4	complete	1	1	1	2
exposed_validation	NA18982	NA18982	EAS	T1K	B	2	complete	1	1	1	2
exposed_validation	NA18982	NA18982	EAS	T1K	B	4	complete	1	1	0	1
exposed_validation	NA18982	NA18982	EAS	T1K	C	2	complete	1	1	1	2
exposed_validation	NA18982	NA18982	EAS	T1K	C	4	complete	1	1	1	2
exposed_validation	NA18982	NA18982	EAS	T1K	DPA1	2	complete	1	1	1	2
exposed_validation	NA18982	NA18982	EAS	T1K	DPA1	4	complete	0	0	0	0
exposed_validation	NA18982	NA18982	EAS	T1K	DPB1	2	complete	1	1	1	2
exposed_validation	NA18982	NA18982	EAS	T1K	DPB1	4	complete	1	1	0	1
exposed_validation	NA18982	NA18982	EAS	T1K	DQA1	2	complete	1	1	0	1
exposed_validation	NA18982	NA18982	EAS	T1K	DQA1	4	complete	1	1	0	1
exposed_validation	NA18982	NA18982	EAS	T1K	DQB1	2	complete	1	1	1	2
exposed_validation	NA18982	NA18982	EAS	T1K	DQB1	4	complete	1	1	1	2
exposed_validation	NA18982	NA18982	EAS	T1K	DRB1	2	complete	1	1	1	2
exposed_validation	NA18982	NA18982	EAS	T1K	DRB1	4	complete	0	0	0	0
exposed_validation	NA18982	NA18982	EAS	anchored_ipd_genome	A	2	complete	1	1	1	2
exposed_validation	NA18982	NA18982	EAS	anchored_ipd_genome	A	4	complete	1	1	1	2
exposed_validation	NA18982	NA18982	EAS	anchored_ipd_genome	B	2	complete	1	1	1	2
exposed_validation	NA18982	NA18982	EAS	anchored_ipd_genome	B	4	complete	1	1	1	2
exposed_validation	NA18982	NA18982	EAS	anchored_ipd_genome	C	2	complete	1	1	1	2
exposed_validation	NA18982	NA18982	EAS	anchored_ipd_genome	C	4	complete	1	1	1	2
exposed_validation	NA18982	NA18982	EAS	anchored_ipd_genome	DPA1	2	complete	1	1	1	2
exposed_validation	NA18982	NA18982	EAS	anchored_ipd_genome	DPA1	4	complete	0	0	0	0
exposed_validation	NA18982	NA18982	EAS	anchored_ipd_genome	DPB1	2	complete	1	1	1	2
exposed_validation	NA18982	NA18982	EAS	anchored_ipd_genome	DPB1	4	complete	1	1	1	2
exposed_validation	NA18982	NA18982	EAS	anchored_ipd_genome	DQA1	2	complete	1	1	0	1
exposed_validation	NA18982	NA18982	EAS	anchored_ipd_genome	DQA1	4	complete	1	1	0	1
exposed_validation	NA18982	NA18982	EAS	anchored_ipd_genome	DQB1	2	complete	1	1	1	2
exposed_validation	NA18982	NA18982	EAS	anchored_ipd_genome	DQB1	4	complete	1	1	1	2
exposed_validation	NA18982	NA18982	EAS	anchored_ipd_genome	DRB1	2	complete	1	1	1	2
exposed_validation	NA18982	NA18982	EAS	anchored_ipd_genome	DRB1	4	complete	0	0	0	0
exposed_validation	NA18982	NA18982	EAS	anchored_hprc	A	2	complete	1	1	1	2
exposed_validation	NA18982	NA18982	EAS	anchored_hprc	A	4	complete	1	1	1	2
exposed_validation	NA18982	NA18982	EAS	anchored_hprc	B	2	complete	1	1	1	2
exposed_validation	NA18982	NA18982	EAS	anchored_hprc	B	4	complete	1	1	1	2
exposed_validation	NA18982	NA18982	EAS	anchored_hprc	C	2	complete	1	1	1	2
exposed_validation	NA18982	NA18982	EAS	anchored_hprc	C	4	complete	1	1	1	2
exposed_validation	NA18982	NA18982	EAS	anchored_hprc	DPA1	2	complete	1	1	1	2
exposed_validation	NA18982	NA18982	EAS	anchored_hprc	DPA1	4	complete	0	0	0	0
exposed_validation	NA18982	NA18982	EAS	anchored_hprc	DPB1	2	complete	1	1	1	2
exposed_validation	NA18982	NA18982	EAS	anchored_hprc	DPB1	4	complete	1	1	1	2
exposed_validation	NA18982	NA18982	EAS	anchored_hprc	DQA1	2	complete	1	1	0	1
exposed_validation	NA18982	NA18982	EAS	anchored_hprc	DQA1	4	complete	1	1	0	1
exposed_validation	NA18982	NA18982	EAS	anchored_hprc	DQB1	2	complete	1	1	1	2
exposed_validation	NA18982	NA18982	EAS	anchored_hprc	DQB1	4	complete	1	1	1	2
exposed_validation	NA18982	NA18982	EAS	anchored_hprc	DRB1	2	complete	1	1	1	2
exposed_validation	NA18982	NA18982	EAS	anchored_hprc	DRB1	4	complete	0	0	0	0
exposed_validation	NA18982	NA18982	EAS	anchored_hprc_asian	A	2	complete	1	1	1	2
exposed_validation	NA18982	NA18982	EAS	anchored_hprc_asian	A	4	complete	1	1	1	2
exposed_validation	NA18982	NA18982	EAS	anchored_hprc_asian	B	2	complete	1	1	1	2
exposed_validation	NA18982	NA18982	EAS	anchored_hprc_asian	B	4	complete	1	1	1	2
exposed_validation	NA18982	NA18982	EAS	anchored_hprc_asian	C	2	complete	1	1	1	2
exposed_validation	NA18982	NA18982	EAS	anchored_hprc_asian	C	4	complete	1	1	1	2
exposed_validation	NA18982	NA18982	EAS	anchored_hprc_asian	DPA1	2	complete	1	1	1	2
exposed_validation	NA18982	NA18982	EAS	anchored_hprc_asian	DPA1	4	complete	0	0	0	0
exposed_validation	NA18982	NA18982	EAS	anchored_hprc_asian	DPB1	2	complete	1	1	1	2
exposed_validation	NA18982	NA18982	EAS	anchored_hprc_asian	DPB1	4	complete	1	1	1	2
exposed_validation	NA18982	NA18982	EAS	anchored_hprc_asian	DQA1	2	complete	1	1	0	1
exposed_validation	NA18982	NA18982	EAS	anchored_hprc_asian	DQA1	4	complete	1	1	0	1
exposed_validation	NA18982	NA18982	EAS	anchored_hprc_asian	DQB1	2	complete	1	1	1	2
exposed_validation	NA18982	NA18982	EAS	anchored_hprc_asian	DQB1	4	complete	1	1	1	2
exposed_validation	NA18982	NA18982	EAS	anchored_hprc_asian	DRB1	2	complete	1	1	1	2
exposed_validation	NA18982	NA18982	EAS	anchored_hprc_asian	DRB1	4	complete	0	0	0	0
exposed_validation	NA18983	NA18983	EAS	T1K	A	2	complete	1	1	1	2
exposed_validation	NA18983	NA18983	EAS	T1K	A	4	complete	1	1	1	2
exposed_validation	NA18983	NA18983	EAS	T1K	B	2	complete	1	1	1	2
exposed_validation	NA18983	NA18983	EAS	T1K	B	4	complete	1	1	0	1
exposed_validation	NA18983	NA18983	EAS	T1K	C	2	complete	1	1	1	2
exposed_validation	NA18983	NA18983	EAS	T1K	C	4	complete	1	1	0	1
exposed_validation	NA18983	NA18983	EAS	T1K	DPA1	2	complete	1	1	1	2
exposed_validation	NA18983	NA18983	EAS	T1K	DPA1	4	complete	0	0	0	0
exposed_validation	NA18983	NA18983	EAS	T1K	DPB1	2	complete	1	1	1	2
exposed_validation	NA18983	NA18983	EAS	T1K	DPB1	4	complete	1	1	0	1
exposed_validation	NA18983	NA18983	EAS	T1K	DQA1	2	complete	1	1	0	1
exposed_validation	NA18983	NA18983	EAS	T1K	DQA1	4	complete	1	1	0	1
exposed_validation	NA18983	NA18983	EAS	T1K	DQB1	2	complete	1	1	1	2
exposed_validation	NA18983	NA18983	EAS	T1K	DQB1	4	complete	1	1	0	1
exposed_validation	NA18983	NA18983	EAS	T1K	DRB1	2	complete	1	1	1	2
exposed_validation	NA18983	NA18983	EAS	T1K	DRB1	4	complete	0	0	0	0
exposed_validation	NA18983	NA18983	EAS	anchored_ipd_genome	A	2	complete	1	1	1	2
exposed_validation	NA18983	NA18983	EAS	anchored_ipd_genome	A	4	complete	1	1	1	2
exposed_validation	NA18983	NA18983	EAS	anchored_ipd_genome	B	2	complete	1	1	1	2
exposed_validation	NA18983	NA18983	EAS	anchored_ipd_genome	B	4	complete	1	1	1	2
exposed_validation	NA18983	NA18983	EAS	anchored_ipd_genome	C	2	complete	1	1	1	2
exposed_validation	NA18983	NA18983	EAS	anchored_ipd_genome	C	4	complete	1	1	1	2
exposed_validation	NA18983	NA18983	EAS	anchored_ipd_genome	DPA1	2	complete	1	1	1	2
exposed_validation	NA18983	NA18983	EAS	anchored_ipd_genome	DPA1	4	complete	0	0	0	0
exposed_validation	NA18983	NA18983	EAS	anchored_ipd_genome	DPB1	2	complete	1	1	1	2
exposed_validation	NA18983	NA18983	EAS	anchored_ipd_genome	DPB1	4	complete	1	1	1	2
exposed_validation	NA18983	NA18983	EAS	anchored_ipd_genome	DQA1	2	complete	1	1	0	1
exposed_validation	NA18983	NA18983	EAS	anchored_ipd_genome	DQA1	4	complete	1	1	0	1
exposed_validation	NA18983	NA18983	EAS	anchored_ipd_genome	DQB1	2	complete	1	1	1	2
exposed_validation	NA18983	NA18983	EAS	anchored_ipd_genome	DQB1	4	complete	1	1	1	2
exposed_validation	NA18983	NA18983	EAS	anchored_ipd_genome	DRB1	2	complete	1	1	1	2
exposed_validation	NA18983	NA18983	EAS	anchored_ipd_genome	DRB1	4	complete	0	0	0	0
exposed_validation	NA18983	NA18983	EAS	anchored_hprc	A	2	complete	1	1	1	2
exposed_validation	NA18983	NA18983	EAS	anchored_hprc	A	4	complete	1	1	1	2
exposed_validation	NA18983	NA18983	EAS	anchored_hprc	B	2	complete	1	1	1	2
exposed_validation	NA18983	NA18983	EAS	anchored_hprc	B	4	complete	1	1	1	2
exposed_validation	NA18983	NA18983	EAS	anchored_hprc	C	2	complete	1	1	1	2
exposed_validation	NA18983	NA18983	EAS	anchored_hprc	C	4	complete	1	1	1	2
exposed_validation	NA18983	NA18983	EAS	anchored_hprc	DPA1	2	complete	1	1	1	2
exposed_validation	NA18983	NA18983	EAS	anchored_hprc	DPA1	4	complete	0	0	0	0
exposed_validation	NA18983	NA18983	EAS	anchored_hprc	DPB1	2	complete	1	1	1	2
exposed_validation	NA18983	NA18983	EAS	anchored_hprc	DPB1	4	complete	1	1	1	2
exposed_validation	NA18983	NA18983	EAS	anchored_hprc	DQA1	2	complete	1	1	0	1
exposed_validation	NA18983	NA18983	EAS	anchored_hprc	DQA1	4	complete	1	1	0	1
exposed_validation	NA18983	NA18983	EAS	anchored_hprc	DQB1	2	complete	1	1	1	2
exposed_validation	NA18983	NA18983	EAS	anchored_hprc	DQB1	4	complete	1	1	1	2
exposed_validation	NA18983	NA18983	EAS	anchored_hprc	DRB1	2	complete	1	1	1	2
exposed_validation	NA18983	NA18983	EAS	anchored_hprc	DRB1	4	complete	0	0	0	0
exposed_validation	NA18983	NA18983	EAS	anchored_hprc_asian	A	2	complete	1	1	1	2
exposed_validation	NA18983	NA18983	EAS	anchored_hprc_asian	A	4	complete	1	1	1	2
exposed_validation	NA18983	NA18983	EAS	anchored_hprc_asian	B	2	complete	1	1	1	2
exposed_validation	NA18983	NA18983	EAS	anchored_hprc_asian	B	4	complete	1	1	1	2
exposed_validation	NA18983	NA18983	EAS	anchored_hprc_asian	C	2	complete	1	1	1	2
exposed_validation	NA18983	NA18983	EAS	anchored_hprc_asian	C	4	complete	1	1	1	2
exposed_validation	NA18983	NA18983	EAS	anchored_hprc_asian	DPA1	2	complete	1	1	1	2
exposed_validation	NA18983	NA18983	EAS	anchored_hprc_asian	DPA1	4	complete	0	0	0	0
exposed_validation	NA18983	NA18983	EAS	anchored_hprc_asian	DPB1	2	complete	1	1	1	2
exposed_validation	NA18983	NA18983	EAS	anchored_hprc_asian	DPB1	4	complete	1	1	1	2
exposed_validation	NA18983	NA18983	EAS	anchored_hprc_asian	DQA1	2	complete	1	1	0	1
exposed_validation	NA18983	NA18983	EAS	anchored_hprc_asian	DQA1	4	complete	1	1	0	1
exposed_validation	NA18983	NA18983	EAS	anchored_hprc_asian	DQB1	2	complete	1	1	1	2
exposed_validation	NA18983	NA18983	EAS	anchored_hprc_asian	DQB1	4	complete	1	1	1	2
exposed_validation	NA18983	NA18983	EAS	anchored_hprc_asian	DRB1	2	complete	1	1	1	2
exposed_validation	NA18983	NA18983	EAS	anchored_hprc_asian	DRB1	4	complete	0	0	0	0
exposed_validation	NA19043	NA19043	AFR	T1K	A	2	complete	1	1	1	2
exposed_validation	NA19043	NA19043	AFR	T1K	A	4	complete	1	1	1	2
exposed_validation	NA19043	NA19043	AFR	T1K	B	2	complete	1	1	1	2
exposed_validation	NA19043	NA19043	AFR	T1K	B	4	complete	0	0	0	0
exposed_validation	NA19043	NA19043	AFR	T1K	C	2	complete	1	1	1	2
exposed_validation	NA19043	NA19043	AFR	T1K	C	4	complete	1	1	1	2
exposed_validation	NA19043	NA19043	AFR	T1K	DPA1	2	complete	1	1	1	2
exposed_validation	NA19043	NA19043	AFR	T1K	DPA1	4	complete	0	0	0	0
exposed_validation	NA19043	NA19043	AFR	T1K	DPB1	2	complete	1	1	1	2
exposed_validation	NA19043	NA19043	AFR	T1K	DPB1	4	complete	1	1	0	0
exposed_validation	NA19043	NA19043	AFR	T1K	DQA1	2	complete	1	1	1	2
exposed_validation	NA19043	NA19043	AFR	T1K	DQA1	4	complete	1	1	0	0
exposed_validation	NA19043	NA19043	AFR	T1K	DQB1	2	complete	1	1	1	2
exposed_validation	NA19043	NA19043	AFR	T1K	DQB1	4	complete	1	1	0	0
exposed_validation	NA19043	NA19043	AFR	T1K	DRB1	2	complete	1	1	1	2
exposed_validation	NA19043	NA19043	AFR	T1K	DRB1	4	complete	1	1	1	2
exposed_validation	NA19043	NA19043	AFR	anchored_ipd_genome	A	2	complete	1	1	1	2
exposed_validation	NA19043	NA19043	AFR	anchored_ipd_genome	A	4	complete	1	1	1	2
exposed_validation	NA19043	NA19043	AFR	anchored_ipd_genome	B	2	complete	1	1	1	2
exposed_validation	NA19043	NA19043	AFR	anchored_ipd_genome	B	4	complete	0	0	0	0
exposed_validation	NA19043	NA19043	AFR	anchored_ipd_genome	C	2	complete	1	1	1	2
exposed_validation	NA19043	NA19043	AFR	anchored_ipd_genome	C	4	complete	1	1	1	2
exposed_validation	NA19043	NA19043	AFR	anchored_ipd_genome	DPA1	2	complete	1	1	1	2
exposed_validation	NA19043	NA19043	AFR	anchored_ipd_genome	DPA1	4	complete	0	0	0	0
exposed_validation	NA19043	NA19043	AFR	anchored_ipd_genome	DPB1	2	complete	1	1	1	2
exposed_validation	NA19043	NA19043	AFR	anchored_ipd_genome	DPB1	4	complete	1	1	1	2
exposed_validation	NA19043	NA19043	AFR	anchored_ipd_genome	DQA1	2	complete	1	1	1	2
exposed_validation	NA19043	NA19043	AFR	anchored_ipd_genome	DQA1	4	complete	1	1	0	1
exposed_validation	NA19043	NA19043	AFR	anchored_ipd_genome	DQB1	2	complete	1	1	1	2
exposed_validation	NA19043	NA19043	AFR	anchored_ipd_genome	DQB1	4	complete	1	1	0	1
exposed_validation	NA19043	NA19043	AFR	anchored_ipd_genome	DRB1	2	complete	1	1	1	2
exposed_validation	NA19043	NA19043	AFR	anchored_ipd_genome	DRB1	4	complete	1	1	1	2
exposed_validation	NA19043	NA19043	AFR	anchored_hprc	A	2	complete	1	1	1	2
exposed_validation	NA19043	NA19043	AFR	anchored_hprc	A	4	complete	1	1	1	2
exposed_validation	NA19043	NA19043	AFR	anchored_hprc	B	2	complete	1	1	1	2
exposed_validation	NA19043	NA19043	AFR	anchored_hprc	B	4	complete	0	0	0	0
exposed_validation	NA19043	NA19043	AFR	anchored_hprc	C	2	complete	1	1	1	2
exposed_validation	NA19043	NA19043	AFR	anchored_hprc	C	4	complete	1	1	1	2
exposed_validation	NA19043	NA19043	AFR	anchored_hprc	DPA1	2	complete	1	1	1	2
exposed_validation	NA19043	NA19043	AFR	anchored_hprc	DPA1	4	complete	0	0	0	0
exposed_validation	NA19043	NA19043	AFR	anchored_hprc	DPB1	2	complete	1	1	1	2
exposed_validation	NA19043	NA19043	AFR	anchored_hprc	DPB1	4	complete	1	1	1	2
exposed_validation	NA19043	NA19043	AFR	anchored_hprc	DQA1	2	complete	1	1	1	2
exposed_validation	NA19043	NA19043	AFR	anchored_hprc	DQA1	4	complete	1	1	0	1
exposed_validation	NA19043	NA19043	AFR	anchored_hprc	DQB1	2	complete	1	1	1	2
exposed_validation	NA19043	NA19043	AFR	anchored_hprc	DQB1	4	complete	1	1	0	1
exposed_validation	NA19043	NA19043	AFR	anchored_hprc	DRB1	2	complete	1	1	1	2
exposed_validation	NA19043	NA19043	AFR	anchored_hprc	DRB1	4	complete	1	1	1	2
exposed_validation	NA19043	NA19043	AFR	anchored_hprc_asian	A	2	complete	1	1	1	2
exposed_validation	NA19043	NA19043	AFR	anchored_hprc_asian	A	4	complete	1	1	1	2
exposed_validation	NA19043	NA19043	AFR	anchored_hprc_asian	B	2	complete	1	1	1	2
exposed_validation	NA19043	NA19043	AFR	anchored_hprc_asian	B	4	complete	0	0	0	0
exposed_validation	NA19043	NA19043	AFR	anchored_hprc_asian	C	2	complete	1	1	1	2
exposed_validation	NA19043	NA19043	AFR	anchored_hprc_asian	C	4	complete	1	1	1	2
exposed_validation	NA19043	NA19043	AFR	anchored_hprc_asian	DPA1	2	complete	1	1	1	2
exposed_validation	NA19043	NA19043	AFR	anchored_hprc_asian	DPA1	4	complete	0	0	0	0
exposed_validation	NA19043	NA19043	AFR	anchored_hprc_asian	DPB1	2	complete	1	1	1	2
exposed_validation	NA19043	NA19043	AFR	anchored_hprc_asian	DPB1	4	complete	1	1	1	2
exposed_validation	NA19043	NA19043	AFR	anchored_hprc_asian	DQA1	2	complete	1	1	1	2
exposed_validation	NA19043	NA19043	AFR	anchored_hprc_asian	DQA1	4	complete	1	1	1	2
exposed_validation	NA19043	NA19043	AFR	anchored_hprc_asian	DQB1	2	complete	1	1	1	2
exposed_validation	NA19043	NA19043	AFR	anchored_hprc_asian	DQB1	4	complete	1	1	0	1
exposed_validation	NA19043	NA19043	AFR	anchored_hprc_asian	DRB1	2	complete	1	1	1	2
exposed_validation	NA19043	NA19043	AFR	anchored_hprc_asian	DRB1	4	complete	1	1	1	2
exposed_validation	NA20827	NA20827	EUR	T1K	A	2	complete	1	1	1	2
exposed_validation	NA20827	NA20827	EUR	T1K	A	4	complete	1	1	1	2
exposed_validation	NA20827	NA20827	EUR	T1K	B	2	complete	1	1	1	2
exposed_validation	NA20827	NA20827	EUR	T1K	B	4	complete	0	0	0	0
exposed_validation	NA20827	NA20827	EUR	T1K	C	2	complete	1	1	1	2
exposed_validation	NA20827	NA20827	EUR	T1K	C	4	complete	0	0	0	0
exposed_validation	NA20827	NA20827	EUR	T1K	DPA1	2	complete	1	1	1	2
exposed_validation	NA20827	NA20827	EUR	T1K	DPA1	4	complete	0	0	0	0
exposed_validation	NA20827	NA20827	EUR	T1K	DPB1	2	complete	1	1	1	2
exposed_validation	NA20827	NA20827	EUR	T1K	DPB1	4	complete	1	1	1	2
exposed_validation	NA20827	NA20827	EUR	T1K	DQA1	2	complete	1	1	1	2
exposed_validation	NA20827	NA20827	EUR	T1K	DQA1	4	complete	1	1	1	2
exposed_validation	NA20827	NA20827	EUR	T1K	DQB1	2	complete	1	1	1	2
exposed_validation	NA20827	NA20827	EUR	T1K	DQB1	4	complete	1	1	1	2
exposed_validation	NA20827	NA20827	EUR	T1K	DRB1	2	complete	1	1	1	2
exposed_validation	NA20827	NA20827	EUR	T1K	DRB1	4	complete	1	1	1	2
exposed_validation	NA20827	NA20827	EUR	anchored_ipd_genome	A	2	complete	1	1	1	2
exposed_validation	NA20827	NA20827	EUR	anchored_ipd_genome	A	4	complete	1	1	1	2
exposed_validation	NA20827	NA20827	EUR	anchored_ipd_genome	B	2	complete	1	1	1	2
exposed_validation	NA20827	NA20827	EUR	anchored_ipd_genome	B	4	complete	0	0	0	0
exposed_validation	NA20827	NA20827	EUR	anchored_ipd_genome	C	2	complete	1	1	1	2
exposed_validation	NA20827	NA20827	EUR	anchored_ipd_genome	C	4	complete	0	0	0	0
exposed_validation	NA20827	NA20827	EUR	anchored_ipd_genome	DPA1	2	complete	1	1	1	2
exposed_validation	NA20827	NA20827	EUR	anchored_ipd_genome	DPA1	4	complete	0	0	0	0
exposed_validation	NA20827	NA20827	EUR	anchored_ipd_genome	DPB1	2	complete	1	1	1	2
exposed_validation	NA20827	NA20827	EUR	anchored_ipd_genome	DPB1	4	complete	1	1	1	2
exposed_validation	NA20827	NA20827	EUR	anchored_ipd_genome	DQA1	2	complete	1	1	1	2
exposed_validation	NA20827	NA20827	EUR	anchored_ipd_genome	DQA1	4	complete	1	1	1	2
exposed_validation	NA20827	NA20827	EUR	anchored_ipd_genome	DQB1	2	complete	1	1	1	2
exposed_validation	NA20827	NA20827	EUR	anchored_ipd_genome	DQB1	4	complete	1	1	1	2
exposed_validation	NA20827	NA20827	EUR	anchored_ipd_genome	DRB1	2	complete	1	1	1	2
exposed_validation	NA20827	NA20827	EUR	anchored_ipd_genome	DRB1	4	complete	1	1	0	1
exposed_validation	NA20827	NA20827	EUR	anchored_hprc	A	2	complete	1	1	1	2
exposed_validation	NA20827	NA20827	EUR	anchored_hprc	A	4	complete	1	1	1	2
exposed_validation	NA20827	NA20827	EUR	anchored_hprc	B	2	complete	1	1	1	2
exposed_validation	NA20827	NA20827	EUR	anchored_hprc	B	4	complete	0	0	0	0
exposed_validation	NA20827	NA20827	EUR	anchored_hprc	C	2	complete	1	1	1	2
exposed_validation	NA20827	NA20827	EUR	anchored_hprc	C	4	complete	0	0	0	0
exposed_validation	NA20827	NA20827	EUR	anchored_hprc	DPA1	2	complete	1	1	1	2
exposed_validation	NA20827	NA20827	EUR	anchored_hprc	DPA1	4	complete	0	0	0	0
exposed_validation	NA20827	NA20827	EUR	anchored_hprc	DPB1	2	complete	1	1	1	2
exposed_validation	NA20827	NA20827	EUR	anchored_hprc	DPB1	4	complete	1	1	1	2
exposed_validation	NA20827	NA20827	EUR	anchored_hprc	DQA1	2	complete	1	1	1	2
exposed_validation	NA20827	NA20827	EUR	anchored_hprc	DQA1	4	complete	1	1	1	2
exposed_validation	NA20827	NA20827	EUR	anchored_hprc	DQB1	2	complete	1	1	1	2
exposed_validation	NA20827	NA20827	EUR	anchored_hprc	DQB1	4	complete	1	1	1	2
exposed_validation	NA20827	NA20827	EUR	anchored_hprc	DRB1	2	complete	1	1	1	2
exposed_validation	NA20827	NA20827	EUR	anchored_hprc	DRB1	4	complete	1	1	0	1
exposed_validation	NA20827	NA20827	EUR	anchored_hprc_asian	A	2	complete	1	1	1	2
exposed_validation	NA20827	NA20827	EUR	anchored_hprc_asian	A	4	complete	1	1	1	2
exposed_validation	NA20827	NA20827	EUR	anchored_hprc_asian	B	2	complete	1	1	1	2
exposed_validation	NA20827	NA20827	EUR	anchored_hprc_asian	B	4	complete	0	0	0	0
exposed_validation	NA20827	NA20827	EUR	anchored_hprc_asian	C	2	complete	1	1	1	2
exposed_validation	NA20827	NA20827	EUR	anchored_hprc_asian	C	4	complete	0	0	0	0
exposed_validation	NA20827	NA20827	EUR	anchored_hprc_asian	DPA1	2	complete	1	1	1	2
exposed_validation	NA20827	NA20827	EUR	anchored_hprc_asian	DPA1	4	complete	0	0	0	0
exposed_validation	NA20827	NA20827	EUR	anchored_hprc_asian	DPB1	2	complete	1	1	1	2
exposed_validation	NA20827	NA20827	EUR	anchored_hprc_asian	DPB1	4	complete	1	1	1	2
exposed_validation	NA20827	NA20827	EUR	anchored_hprc_asian	DQA1	2	complete	1	1	1	2
exposed_validation	NA20827	NA20827	EUR	anchored_hprc_asian	DQA1	4	complete	1	1	1	2
exposed_validation	NA20827	NA20827	EUR	anchored_hprc_asian	DQB1	2	complete	1	1	1	2
exposed_validation	NA20827	NA20827	EUR	anchored_hprc_asian	DQB1	4	complete	1	1	1	2
exposed_validation	NA20827	NA20827	EUR	anchored_hprc_asian	DRB1	2	complete	1	1	1	2
exposed_validation	NA20827	NA20827	EUR	anchored_hprc_asian	DRB1	4	complete	1	1	0	1
exposed_validation	NA20850	NA20850	SAS	T1K	A	2	complete	1	1	1	2
exposed_validation	NA20850	NA20850	SAS	T1K	A	4	complete	1	1	1	2
exposed_validation	NA20850	NA20850	SAS	T1K	B	2	complete	1	1	1	2
exposed_validation	NA20850	NA20850	SAS	T1K	B	4	complete	0	0	0	0
exposed_validation	NA20850	NA20850	SAS	T1K	C	2	complete	1	1	1	2
exposed_validation	NA20850	NA20850	SAS	T1K	C	4	complete	1	1	0	1
exposed_validation	NA20850	NA20850	SAS	T1K	DPA1	2	complete	1	1	1	2
exposed_validation	NA20850	NA20850	SAS	T1K	DPA1	4	complete	0	0	0	0
exposed_validation	NA20850	NA20850	SAS	T1K	DPB1	2	complete	1	1	1	2
exposed_validation	NA20850	NA20850	SAS	T1K	DPB1	4	complete	1	1	0	1
exposed_validation	NA20850	NA20850	SAS	T1K	DQA1	2	complete	1	1	1	2
exposed_validation	NA20850	NA20850	SAS	T1K	DQA1	4	complete	0	0	0	0
exposed_validation	NA20850	NA20850	SAS	T1K	DQB1	2	complete	1	1	1	2
exposed_validation	NA20850	NA20850	SAS	T1K	DQB1	4	complete	1	1	1	2
exposed_validation	NA20850	NA20850	SAS	T1K	DRB1	2	complete	1	1	1	2
exposed_validation	NA20850	NA20850	SAS	T1K	DRB1	4	complete	0	0	0	0
exposed_validation	NA20850	NA20850	SAS	anchored_ipd_genome	A	2	complete	1	1	1	2
exposed_validation	NA20850	NA20850	SAS	anchored_ipd_genome	A	4	complete	1	1	1	2
exposed_validation	NA20850	NA20850	SAS	anchored_ipd_genome	B	2	complete	1	1	1	2
exposed_validation	NA20850	NA20850	SAS	anchored_ipd_genome	B	4	complete	0	0	0	0
exposed_validation	NA20850	NA20850	SAS	anchored_ipd_genome	C	2	complete	1	1	1	2
exposed_validation	NA20850	NA20850	SAS	anchored_ipd_genome	C	4	complete	1	1	1	2
exposed_validation	NA20850	NA20850	SAS	anchored_ipd_genome	DPA1	2	complete	1	1	1	2
exposed_validation	NA20850	NA20850	SAS	anchored_ipd_genome	DPA1	4	complete	0	0	0	0
exposed_validation	NA20850	NA20850	SAS	anchored_ipd_genome	DPB1	2	complete	1	1	1	2
exposed_validation	NA20850	NA20850	SAS	anchored_ipd_genome	DPB1	4	complete	1	1	1	2
exposed_validation	NA20850	NA20850	SAS	anchored_ipd_genome	DQA1	2	complete	1	1	1	2
exposed_validation	NA20850	NA20850	SAS	anchored_ipd_genome	DQA1	4	complete	0	0	0	0
exposed_validation	NA20850	NA20850	SAS	anchored_ipd_genome	DQB1	2	complete	1	1	1	2
exposed_validation	NA20850	NA20850	SAS	anchored_ipd_genome	DQB1	4	complete	1	1	1	2
exposed_validation	NA20850	NA20850	SAS	anchored_ipd_genome	DRB1	2	complete	1	1	1	2
exposed_validation	NA20850	NA20850	SAS	anchored_ipd_genome	DRB1	4	complete	0	0	0	0
exposed_validation	NA20850	NA20850	SAS	anchored_hprc	A	2	complete	1	1	1	2
exposed_validation	NA20850	NA20850	SAS	anchored_hprc	A	4	complete	1	1	1	2
exposed_validation	NA20850	NA20850	SAS	anchored_hprc	B	2	complete	1	1	1	2
exposed_validation	NA20850	NA20850	SAS	anchored_hprc	B	4	complete	0	0	0	0
exposed_validation	NA20850	NA20850	SAS	anchored_hprc	C	2	complete	1	1	1	2
exposed_validation	NA20850	NA20850	SAS	anchored_hprc	C	4	complete	1	1	1	2
exposed_validation	NA20850	NA20850	SAS	anchored_hprc	DPA1	2	complete	1	1	1	2
exposed_validation	NA20850	NA20850	SAS	anchored_hprc	DPA1	4	complete	0	0	0	0
exposed_validation	NA20850	NA20850	SAS	anchored_hprc	DPB1	2	complete	1	1	1	2
exposed_validation	NA20850	NA20850	SAS	anchored_hprc	DPB1	4	complete	1	1	1	2
exposed_validation	NA20850	NA20850	SAS	anchored_hprc	DQA1	2	complete	1	1	1	2
exposed_validation	NA20850	NA20850	SAS	anchored_hprc	DQA1	4	complete	0	0	0	0
exposed_validation	NA20850	NA20850	SAS	anchored_hprc	DQB1	2	complete	1	1	1	2
exposed_validation	NA20850	NA20850	SAS	anchored_hprc	DQB1	4	complete	1	1	1	2
exposed_validation	NA20850	NA20850	SAS	anchored_hprc	DRB1	2	complete	1	1	1	2
exposed_validation	NA20850	NA20850	SAS	anchored_hprc	DRB1	4	complete	0	0	0	0
exposed_validation	NA20850	NA20850	SAS	anchored_hprc_asian	A	2	complete	1	1	1	2
exposed_validation	NA20850	NA20850	SAS	anchored_hprc_asian	A	4	complete	1	1	1	2
exposed_validation	NA20850	NA20850	SAS	anchored_hprc_asian	B	2	complete	1	1	1	2
exposed_validation	NA20850	NA20850	SAS	anchored_hprc_asian	B	4	complete	0	0	0	0
exposed_validation	NA20850	NA20850	SAS	anchored_hprc_asian	C	2	complete	1	1	1	2
exposed_validation	NA20850	NA20850	SAS	anchored_hprc_asian	C	4	complete	1	1	1	2
exposed_validation	NA20850	NA20850	SAS	anchored_hprc_asian	DPA1	2	complete	1	1	1	2
exposed_validation	NA20850	NA20850	SAS	anchored_hprc_asian	DPA1	4	complete	0	0	0	0
exposed_validation	NA20850	NA20850	SAS	anchored_hprc_asian	DPB1	2	complete	1	1	1	2
exposed_validation	NA20850	NA20850	SAS	anchored_hprc_asian	DPB1	4	complete	1	1	1	2
exposed_validation	NA20850	NA20850	SAS	anchored_hprc_asian	DQA1	2	complete	1	1	1	2
exposed_validation	NA20850	NA20850	SAS	anchored_hprc_asian	DQA1	4	complete	0	0	0	0
exposed_validation	NA20850	NA20850	SAS	anchored_hprc_asian	DQB1	2	complete	1	1	1	2
exposed_validation	NA20850	NA20850	SAS	anchored_hprc_asian	DQB1	4	complete	1	1	1	2
exposed_validation	NA20850	NA20850	SAS	anchored_hprc_asian	DRB1	2	complete	1	1	1	2
exposed_validation	NA20850	NA20850	SAS	anchored_hprc_asian	DRB1	4	complete	0	0	0	0
exposed_validation	NA20870	NA20870	SAS	T1K	A	2	complete	1	1	1	2
exposed_validation	NA20870	NA20870	SAS	T1K	A	4	complete	1	1	1	2
exposed_validation	NA20870	NA20870	SAS	T1K	B	2	complete	1	1	1	2
exposed_validation	NA20870	NA20870	SAS	T1K	B	4	complete	0	0	0	0
exposed_validation	NA20870	NA20870	SAS	T1K	C	2	complete	1	1	1	2
exposed_validation	NA20870	NA20870	SAS	T1K	C	4	complete	0	0	0	0
exposed_validation	NA20870	NA20870	SAS	T1K	DPA1	2	complete	1	1	1	2
exposed_validation	NA20870	NA20870	SAS	T1K	DPA1	4	complete	1	1	0	0
exposed_validation	NA20870	NA20870	SAS	T1K	DPB1	2	complete	1	1	1	2
exposed_validation	NA20870	NA20870	SAS	T1K	DPB1	4	complete	1	1	0	0
exposed_validation	NA20870	NA20870	SAS	T1K	DQA1	2	complete	1	1	1	2
exposed_validation	NA20870	NA20870	SAS	T1K	DQA1	4	complete	0	0	0	0
exposed_validation	NA20870	NA20870	SAS	T1K	DQB1	2	complete	1	1	1	2
exposed_validation	NA20870	NA20870	SAS	T1K	DQB1	4	complete	1	1	1	2
exposed_validation	NA20870	NA20870	SAS	T1K	DRB1	2	complete	1	1	1	2
exposed_validation	NA20870	NA20870	SAS	T1K	DRB1	4	complete	1	1	1	2
exposed_validation	NA20870	NA20870	SAS	anchored_ipd_genome	A	2	complete	1	1	1	2
exposed_validation	NA20870	NA20870	SAS	anchored_ipd_genome	A	4	complete	1	1	1	2
exposed_validation	NA20870	NA20870	SAS	anchored_ipd_genome	B	2	complete	1	1	1	2
exposed_validation	NA20870	NA20870	SAS	anchored_ipd_genome	B	4	complete	0	0	0	0
exposed_validation	NA20870	NA20870	SAS	anchored_ipd_genome	C	2	complete	1	1	1	2
exposed_validation	NA20870	NA20870	SAS	anchored_ipd_genome	C	4	complete	0	0	0	0
exposed_validation	NA20870	NA20870	SAS	anchored_ipd_genome	DPA1	2	complete	1	1	1	2
exposed_validation	NA20870	NA20870	SAS	anchored_ipd_genome	DPA1	4	complete	1	1	1	2
exposed_validation	NA20870	NA20870	SAS	anchored_ipd_genome	DPB1	2	complete	1	1	1	2
exposed_validation	NA20870	NA20870	SAS	anchored_ipd_genome	DPB1	4	complete	1	1	1	2
exposed_validation	NA20870	NA20870	SAS	anchored_ipd_genome	DQA1	2	complete	1	1	1	2
exposed_validation	NA20870	NA20870	SAS	anchored_ipd_genome	DQA1	4	complete	0	0	0	0
exposed_validation	NA20870	NA20870	SAS	anchored_ipd_genome	DQB1	2	complete	1	1	1	2
exposed_validation	NA20870	NA20870	SAS	anchored_ipd_genome	DQB1	4	complete	1	1	1	2
exposed_validation	NA20870	NA20870	SAS	anchored_ipd_genome	DRB1	2	complete	1	1	1	2
exposed_validation	NA20870	NA20870	SAS	anchored_ipd_genome	DRB1	4	complete	1	1	0	1
exposed_validation	NA20870	NA20870	SAS	anchored_hprc	A	2	complete	1	1	1	2
exposed_validation	NA20870	NA20870	SAS	anchored_hprc	A	4	complete	1	1	1	2
exposed_validation	NA20870	NA20870	SAS	anchored_hprc	B	2	complete	1	1	1	2
exposed_validation	NA20870	NA20870	SAS	anchored_hprc	B	4	complete	0	0	0	0
exposed_validation	NA20870	NA20870	SAS	anchored_hprc	C	2	complete	1	1	1	2
exposed_validation	NA20870	NA20870	SAS	anchored_hprc	C	4	complete	0	0	0	0
exposed_validation	NA20870	NA20870	SAS	anchored_hprc	DPA1	2	complete	1	1	1	2
exposed_validation	NA20870	NA20870	SAS	anchored_hprc	DPA1	4	complete	1	1	1	2
exposed_validation	NA20870	NA20870	SAS	anchored_hprc	DPB1	2	complete	1	1	1	2
exposed_validation	NA20870	NA20870	SAS	anchored_hprc	DPB1	4	complete	1	1	1	2
exposed_validation	NA20870	NA20870	SAS	anchored_hprc	DQA1	2	complete	1	1	1	2
exposed_validation	NA20870	NA20870	SAS	anchored_hprc	DQA1	4	complete	0	0	0	0
exposed_validation	NA20870	NA20870	SAS	anchored_hprc	DQB1	2	complete	1	1	1	2
exposed_validation	NA20870	NA20870	SAS	anchored_hprc	DQB1	4	complete	1	1	1	2
exposed_validation	NA20870	NA20870	SAS	anchored_hprc	DRB1	2	complete	1	1	1	2
exposed_validation	NA20870	NA20870	SAS	anchored_hprc	DRB1	4	complete	1	1	0	1
exposed_validation	NA20870	NA20870	SAS	anchored_hprc_asian	A	2	complete	1	1	1	2
exposed_validation	NA20870	NA20870	SAS	anchored_hprc_asian	A	4	complete	1	1	1	2
exposed_validation	NA20870	NA20870	SAS	anchored_hprc_asian	B	2	complete	1	1	1	2
exposed_validation	NA20870	NA20870	SAS	anchored_hprc_asian	B	4	complete	0	0	0	0
exposed_validation	NA20870	NA20870	SAS	anchored_hprc_asian	C	2	complete	1	1	1	2
exposed_validation	NA20870	NA20870	SAS	anchored_hprc_asian	C	4	complete	0	0	0	0
exposed_validation	NA20870	NA20870	SAS	anchored_hprc_asian	DPA1	2	complete	1	1	1	2
exposed_validation	NA20870	NA20870	SAS	anchored_hprc_asian	DPA1	4	complete	1	1	1	2
exposed_validation	NA20870	NA20870	SAS	anchored_hprc_asian	DPB1	2	complete	1	1	1	2
exposed_validation	NA20870	NA20870	SAS	anchored_hprc_asian	DPB1	4	complete	1	1	1	2
exposed_validation	NA20870	NA20870	SAS	anchored_hprc_asian	DQA1	2	complete	1	1	1	2
exposed_validation	NA20870	NA20870	SAS	anchored_hprc_asian	DQA1	4	complete	0	0	0	0
exposed_validation	NA20870	NA20870	SAS	anchored_hprc_asian	DQB1	2	complete	1	1	1	2
exposed_validation	NA20870	NA20870	SAS	anchored_hprc_asian	DQB1	4	complete	1	1	1	2
exposed_validation	NA20870	NA20870	SAS	anchored_hprc_asian	DRB1	2	complete	1	1	1	2
exposed_validation	NA20870	NA20870	SAS	anchored_hprc_asian	DRB1	4	complete	1	1	0	1
exposed_validation	NA21102	NA21102	SAS	T1K	A	2	complete	1	1	1	2
exposed_validation	NA21102	NA21102	SAS	T1K	A	4	complete	1	1	1	2
exposed_validation	NA21102	NA21102	SAS	T1K	B	2	complete	1	1	1	2
exposed_validation	NA21102	NA21102	SAS	T1K	B	4	complete	0	0	0	0
exposed_validation	NA21102	NA21102	SAS	T1K	C	2	complete	1	1	1	2
exposed_validation	NA21102	NA21102	SAS	T1K	C	4	complete	1	1	1	2
exposed_validation	NA21102	NA21102	SAS	T1K	DPA1	2	complete	1	1	1	2
exposed_validation	NA21102	NA21102	SAS	T1K	DPA1	4	complete	0	0	0	0
exposed_validation	NA21102	NA21102	SAS	T1K	DPB1	2	complete	1	1	1	2
exposed_validation	NA21102	NA21102	SAS	T1K	DPB1	4	complete	1	1	1	2
exposed_validation	NA21102	NA21102	SAS	T1K	DQA1	2	complete	1	1	1	2
exposed_validation	NA21102	NA21102	SAS	T1K	DQA1	4	complete	0	0	0	0
exposed_validation	NA21102	NA21102	SAS	T1K	DQB1	2	complete	1	1	1	2
exposed_validation	NA21102	NA21102	SAS	T1K	DQB1	4	complete	1	1	0	1
exposed_validation	NA21102	NA21102	SAS	T1K	DRB1	2	complete	1	1	1	2
exposed_validation	NA21102	NA21102	SAS	T1K	DRB1	4	complete	1	1	1	2
exposed_validation	NA21102	NA21102	SAS	anchored_ipd_genome	A	2	complete	1	1	1	2
exposed_validation	NA21102	NA21102	SAS	anchored_ipd_genome	A	4	complete	1	1	1	2
exposed_validation	NA21102	NA21102	SAS	anchored_ipd_genome	B	2	complete	1	1	1	2
exposed_validation	NA21102	NA21102	SAS	anchored_ipd_genome	B	4	complete	0	0	0	0
exposed_validation	NA21102	NA21102	SAS	anchored_ipd_genome	C	2	complete	1	1	1	2
exposed_validation	NA21102	NA21102	SAS	anchored_ipd_genome	C	4	complete	1	1	1	2
exposed_validation	NA21102	NA21102	SAS	anchored_ipd_genome	DPA1	2	complete	1	1	1	2
exposed_validation	NA21102	NA21102	SAS	anchored_ipd_genome	DPA1	4	complete	0	0	0	0
exposed_validation	NA21102	NA21102	SAS	anchored_ipd_genome	DPB1	2	complete	1	1	1	2
exposed_validation	NA21102	NA21102	SAS	anchored_ipd_genome	DPB1	4	complete	1	1	1	2
exposed_validation	NA21102	NA21102	SAS	anchored_ipd_genome	DQA1	2	complete	1	1	1	2
exposed_validation	NA21102	NA21102	SAS	anchored_ipd_genome	DQA1	4	complete	0	0	0	0
exposed_validation	NA21102	NA21102	SAS	anchored_ipd_genome	DQB1	2	complete	1	1	1	2
exposed_validation	NA21102	NA21102	SAS	anchored_ipd_genome	DQB1	4	complete	1	1	1	2
exposed_validation	NA21102	NA21102	SAS	anchored_ipd_genome	DRB1	2	complete	1	1	1	2
exposed_validation	NA21102	NA21102	SAS	anchored_ipd_genome	DRB1	4	complete	1	1	1	2
exposed_validation	NA21102	NA21102	SAS	anchored_hprc	A	2	complete	1	1	1	2
exposed_validation	NA21102	NA21102	SAS	anchored_hprc	A	4	complete	1	1	1	2
exposed_validation	NA21102	NA21102	SAS	anchored_hprc	B	2	complete	1	1	1	2
exposed_validation	NA21102	NA21102	SAS	anchored_hprc	B	4	complete	0	0	0	0
exposed_validation	NA21102	NA21102	SAS	anchored_hprc	C	2	complete	1	1	1	2
exposed_validation	NA21102	NA21102	SAS	anchored_hprc	C	4	complete	1	1	1	2
exposed_validation	NA21102	NA21102	SAS	anchored_hprc	DPA1	2	complete	1	1	1	2
exposed_validation	NA21102	NA21102	SAS	anchored_hprc	DPA1	4	complete	0	0	0	0
exposed_validation	NA21102	NA21102	SAS	anchored_hprc	DPB1	2	complete	1	1	1	2
exposed_validation	NA21102	NA21102	SAS	anchored_hprc	DPB1	4	complete	1	1	1	2
exposed_validation	NA21102	NA21102	SAS	anchored_hprc	DQA1	2	complete	1	1	1	2
exposed_validation	NA21102	NA21102	SAS	anchored_hprc	DQA1	4	complete	0	0	0	0
exposed_validation	NA21102	NA21102	SAS	anchored_hprc	DQB1	2	complete	1	1	1	2
exposed_validation	NA21102	NA21102	SAS	anchored_hprc	DQB1	4	complete	1	1	1	2
exposed_validation	NA21102	NA21102	SAS	anchored_hprc	DRB1	2	complete	1	1	1	2
exposed_validation	NA21102	NA21102	SAS	anchored_hprc	DRB1	4	complete	1	1	1	2
exposed_validation	NA21102	NA21102	SAS	anchored_hprc_asian	A	2	complete	1	1	1	2
exposed_validation	NA21102	NA21102	SAS	anchored_hprc_asian	A	4	complete	1	1	1	2
exposed_validation	NA21102	NA21102	SAS	anchored_hprc_asian	B	2	complete	1	1	1	2
exposed_validation	NA21102	NA21102	SAS	anchored_hprc_asian	B	4	complete	0	0	0	0
exposed_validation	NA21102	NA21102	SAS	anchored_hprc_asian	C	2	complete	1	1	1	2
exposed_validation	NA21102	NA21102	SAS	anchored_hprc_asian	C	4	complete	1	1	1	2
exposed_validation	NA21102	NA21102	SAS	anchored_hprc_asian	DPA1	2	complete	1	1	1	2
exposed_validation	NA21102	NA21102	SAS	anchored_hprc_asian	DPA1	4	complete	0	0	0	0
exposed_validation	NA21102	NA21102	SAS	anchored_hprc_asian	DPB1	2	complete	1	1	1	2
exposed_validation	NA21102	NA21102	SAS	anchored_hprc_asian	DPB1	4	complete	1	1	1	2
exposed_validation	NA21102	NA21102	SAS	anchored_hprc_asian	DQA1	2	complete	1	1	1	2
exposed_validation	NA21102	NA21102	SAS	anchored_hprc_asian	DQA1	4	complete	0	0	0	0
exposed_validation	NA21102	NA21102	SAS	anchored_hprc_asian	DQB1	2	complete	1	1	1	2
exposed_validation	NA21102	NA21102	SAS	anchored_hprc_asian	DQB1	4	complete	1	1	1	2
exposed_validation	NA21102	NA21102	SAS	anchored_hprc_asian	DRB1	2	complete	1	1	1	2
exposed_validation	NA21102	NA21102	SAS	anchored_hprc_asian	DRB1	4	complete	1	1	1	2
exposed_validation	NA21110	NA21110	SAS	T1K	A	2	complete	1	1	1	2
exposed_validation	NA21110	NA21110	SAS	T1K	A	4	complete	1	1	1	2
exposed_validation	NA21110	NA21110	SAS	T1K	B	2	complete	1	1	1	2
exposed_validation	NA21110	NA21110	SAS	T1K	B	4	complete	1	1	0	0
exposed_validation	NA21110	NA21110	SAS	T1K	C	2	complete	1	1	1	2
exposed_validation	NA21110	NA21110	SAS	T1K	C	4	complete	0	0	0	0
exposed_validation	NA21110	NA21110	SAS	T1K	DPA1	2	complete	1	1	1	2
exposed_validation	NA21110	NA21110	SAS	T1K	DPA1	4	complete	1	1	0	1
exposed_validation	NA21110	NA21110	SAS	T1K	DPB1	2	complete	1	1	1	2
exposed_validation	NA21110	NA21110	SAS	T1K	DPB1	4	complete	1	1	0	0
exposed_validation	NA21110	NA21110	SAS	T1K	DQA1	2	complete	1	1	1	2
exposed_validation	NA21110	NA21110	SAS	T1K	DQA1	4	complete	0	0	0	0
exposed_validation	NA21110	NA21110	SAS	T1K	DQB1	2	complete	1	1	1	2
exposed_validation	NA21110	NA21110	SAS	T1K	DQB1	4	complete	1	1	1	2
exposed_validation	NA21110	NA21110	SAS	T1K	DRB1	2	complete	1	1	1	2
exposed_validation	NA21110	NA21110	SAS	T1K	DRB1	4	complete	0	0	0	0
exposed_validation	NA21110	NA21110	SAS	anchored_ipd_genome	A	2	complete	1	1	1	2
exposed_validation	NA21110	NA21110	SAS	anchored_ipd_genome	A	4	complete	1	1	1	2
exposed_validation	NA21110	NA21110	SAS	anchored_ipd_genome	B	2	complete	1	1	1	2
exposed_validation	NA21110	NA21110	SAS	anchored_ipd_genome	B	4	complete	1	1	1	2
exposed_validation	NA21110	NA21110	SAS	anchored_ipd_genome	C	2	complete	1	1	1	2
exposed_validation	NA21110	NA21110	SAS	anchored_ipd_genome	C	4	complete	0	0	0	0
exposed_validation	NA21110	NA21110	SAS	anchored_ipd_genome	DPA1	2	complete	1	1	1	2
exposed_validation	NA21110	NA21110	SAS	anchored_ipd_genome	DPA1	4	complete	1	1	1	2
exposed_validation	NA21110	NA21110	SAS	anchored_ipd_genome	DPB1	2	complete	1	1	1	2
exposed_validation	NA21110	NA21110	SAS	anchored_ipd_genome	DPB1	4	complete	1	1	1	2
exposed_validation	NA21110	NA21110	SAS	anchored_ipd_genome	DQA1	2	complete	1	1	1	2
exposed_validation	NA21110	NA21110	SAS	anchored_ipd_genome	DQA1	4	complete	0	0	0	0
exposed_validation	NA21110	NA21110	SAS	anchored_ipd_genome	DQB1	2	complete	1	1	1	2
exposed_validation	NA21110	NA21110	SAS	anchored_ipd_genome	DQB1	4	complete	1	1	1	2
exposed_validation	NA21110	NA21110	SAS	anchored_ipd_genome	DRB1	2	complete	1	1	1	2
exposed_validation	NA21110	NA21110	SAS	anchored_ipd_genome	DRB1	4	complete	0	0	0	0
exposed_validation	NA21110	NA21110	SAS	anchored_hprc	A	2	complete	1	1	1	2
exposed_validation	NA21110	NA21110	SAS	anchored_hprc	A	4	complete	1	1	1	2
exposed_validation	NA21110	NA21110	SAS	anchored_hprc	B	2	complete	1	1	1	2
exposed_validation	NA21110	NA21110	SAS	anchored_hprc	B	4	complete	1	1	1	2
exposed_validation	NA21110	NA21110	SAS	anchored_hprc	C	2	complete	1	1	1	2
exposed_validation	NA21110	NA21110	SAS	anchored_hprc	C	4	complete	0	0	0	0
exposed_validation	NA21110	NA21110	SAS	anchored_hprc	DPA1	2	complete	1	1	1	2
exposed_validation	NA21110	NA21110	SAS	anchored_hprc	DPA1	4	complete	1	1	1	2
exposed_validation	NA21110	NA21110	SAS	anchored_hprc	DPB1	2	complete	1	1	1	2
exposed_validation	NA21110	NA21110	SAS	anchored_hprc	DPB1	4	complete	1	1	1	2
exposed_validation	NA21110	NA21110	SAS	anchored_hprc	DQA1	2	complete	1	1	1	2
exposed_validation	NA21110	NA21110	SAS	anchored_hprc	DQA1	4	complete	0	0	0	0
exposed_validation	NA21110	NA21110	SAS	anchored_hprc	DQB1	2	complete	1	1	1	2
exposed_validation	NA21110	NA21110	SAS	anchored_hprc	DQB1	4	complete	1	1	1	2
exposed_validation	NA21110	NA21110	SAS	anchored_hprc	DRB1	2	complete	1	1	1	2
exposed_validation	NA21110	NA21110	SAS	anchored_hprc	DRB1	4	complete	0	0	0	0
exposed_validation	NA21110	NA21110	SAS	anchored_hprc_asian	A	2	complete	1	1	1	2
exposed_validation	NA21110	NA21110	SAS	anchored_hprc_asian	A	4	complete	1	1	1	2
exposed_validation	NA21110	NA21110	SAS	anchored_hprc_asian	B	2	complete	1	1	1	2
exposed_validation	NA21110	NA21110	SAS	anchored_hprc_asian	B	4	complete	1	1	1	2
exposed_validation	NA21110	NA21110	SAS	anchored_hprc_asian	C	2	complete	1	1	1	2
exposed_validation	NA21110	NA21110	SAS	anchored_hprc_asian	C	4	complete	0	0	0	0
exposed_validation	NA21110	NA21110	SAS	anchored_hprc_asian	DPA1	2	complete	1	1	1	2
exposed_validation	NA21110	NA21110	SAS	anchored_hprc_asian	DPA1	4	complete	1	1	1	2
exposed_validation	NA21110	NA21110	SAS	anchored_hprc_asian	DPB1	2	complete	1	1	1	2
exposed_validation	NA21110	NA21110	SAS	anchored_hprc_asian	DPB1	4	complete	1	1	1	2
exposed_validation	NA21110	NA21110	SAS	anchored_hprc_asian	DQA1	2	complete	1	1	1	2
exposed_validation	NA21110	NA21110	SAS	anchored_hprc_asian	DQA1	4	complete	0	0	0	0
exposed_validation	NA21110	NA21110	SAS	anchored_hprc_asian	DQB1	2	complete	1	1	1	2
exposed_validation	NA21110	NA21110	SAS	anchored_hprc_asian	DQB1	4	complete	1	1	1	2
exposed_validation	NA21110	NA21110	SAS	anchored_hprc_asian	DRB1	2	complete	1	1	1	2
exposed_validation	NA21110	NA21110	SAS	anchored_hprc_asian	DRB1	4	complete	0	0	0	0
